2026-07-20 21:23:33,244 - [INFO] - [ETHUSD] Trade outside Golden Hour (15 UTC). Targeting reduced 2.0 R:R.
2026-07-20 21:23:33,261 - [ERROR] - [ETHUSD] ML Inference Error: cannot access local variable 'pd' where it is not associated with a value. Proceeding without ML.
2026-07-20 21:23:33,267 - [INFO] - [ETHUSD] Anti-Martingale: 2 Losses in a row! Halving risk to 0.50%
2026-07-20 21:23:33,270 - [WARNING] - [ETHUSD] [RISK_CAP] Lot size 1.66 capped to 0.5 for safety.
2026-07-20 21:23:33,490 - [INFO] - [ETHUSD] SUCCESS - Opened SELL | Strat: MEAN_REVERSION | Lot: 0.5 | SL: 1911.0735714285715
2026-07-20 21:23:58,528 - [INFO] - [USDJPY] Trade in Golden Hour (15 UTC). Targeting 3.0 R:R.
2026-07-20 21:23:58,536 - [ERROR] - [USDJPY] ML Inference Error: cannot access local variable 'pd' where it is not associated with a value. Proceeding without ML.
2026-07-20 21:23:58,538 - [INFO] - [USDJPY] Anti-Martingale: 2 Losses in a row! Halving risk to 0.50%
2026-07-20 21:23:58,758 - [INFO] - [USDJPY] SUCCESS - Opened BUY | Strat: ZERO_HERO | Lot: 0.27 | SL: 162.477
2026-07-20 21:24:47,929 - [WARNING] - [SILVER] \U0001f6a8 Spread Protection: Live Spread (69) > Max Allowable (40). Trade Aborted.
2026-07-20 21:24:48,013 - [WARNING] - [GOLD] \U0001f6a8 Spread Protection: Live Spread (58) > Max Allowable (40). Trade Aborted.
2026-07-20 21:26:48,171 - [ERROR] - [SILVER] Strategy VOLUME_CLIMAX error: 'volume'
2026-07-20 21:26:48,237 - [ERROR] - [GOLD] Strategy VOLUME_CLIMAX error: 'volume'
2026-07-20 21:26:48,814 - [WARNING] - [SILVER] \U0001f6a8 Spread Protection: Live Spread (70) > Max Allowable (40). Trade Aborted.
2026-07-20 21:26:49,978 - [ERROR] - [GOLD] Strategy VOLUME_CLIMAX error: 'volume'
2026-07-20 21:26:51,511 - [ERROR] - [GOLD] Strategy VOLUME_CLIMAX error: 'volume'
2026-07-20 21:26:53,063 - [ERROR] - [GOLD] Strategy VOLUME_CLIMAX error: 'volume'
2026-07-20 21:26:54,535 - [ERROR] - [GOLD] Strategy VOLUME_CLIMAX error: 'volume'
2026-07-20 21:26:55,921 - [ERROR] - [GOLD] Strategy VOLUME_CLIMAX error: 'volume'
2026-07-20 21:26:57,323 - [ERROR] - [GOLD] Strategy VOLUME_CLIMAX error: 'volume'
2026-07-20 21:26:58,695 - [ERROR] - [GOLD] Strategy VOLUME_CLIMAX error: 'volume'
2026-07-20 21:27:00,096 - [ERROR] - [GOLD] Strategy VOLUME_CLIMAX error: 'volume'
2026-07-20 21:27:04,394 - [INFO] - Successfully loaded ML Model: c:\anlyzeforex\forextele\final_model_sucess.joblib
2026-07-20 21:27:04,411 - [INFO] - Starting Multi-Threaded AI Strategy Executor (CRASH RESISTANT)...
2026-07-20 21:27:04,415 - [INFO] - [SYSTEM] Trailing Stop Engine Online.
2026-07-20 21:27:04,417 - [INFO] - [SYSTEM] Strategy PnL Tracker Engine Online.
2026-07-20 21:27:04,419 - [INFO] - [GOLD] Thread Started. Polling for AI Entry conditions.
2026-07-20 21:27:04,420 - [INFO] - [BTCUSD] Thread Started. Polling for AI Entry conditions.
2026-07-20 21:27:04,423 - [INFO] - [ETHUSD] Thread Started. Polling for AI Entry conditions.
2026-07-20 21:27:04,425 - [INFO] - [EURUSD] Thread Started. Polling for AI Entry conditions.
2026-07-20 21:27:04,426 - [INFO] - [GBPUSD] Thread Started. Polling for AI Entry conditions.
2026-07-20 21:27:04,429 - [INFO] - [USDJPY] Thread Started. Polling for AI Entry conditions.
2026-07-20 21:27:04,430 - [INFO] - [SILVER] Thread Started. Polling for AI Entry conditions.
2026-07-20 21:27:04,751 - [ERROR] - [SILVER] Strategy VOLUME_CLIMAX error: 'volume'
2026-07-20 21:27:04,764 - [ERROR] - [GOLD] Strategy VOLUME_CLIMAX error: 'volume'
2026-07-20 21:27:05,593 - [WARNING] - [SILVER] \U0001f6a8 Spread Protection: Live Spread (71) > Max Allowable (40). Trade Aborted.
2026-07-20 21:27:06,835 - [ERROR] - [GOLD] Strategy VOLUME_CLIMAX error: 'volume'
2026-07-20 21:27:08,595 - [ERROR] - [GOLD] Strategy VOLUME_CLIMAX error: 'volume'
2026-07-20 21:27:10,242 - [ERROR] - [GOLD] Strategy VOLUME_CLIMAX error: 'volume'
2026-07-20 21:27:11,879 - [ERROR] - [GOLD] Strategy VOLUME_CLIMAX error: 'volume'
2026-07-20 21:27:13,504 - [ERROR] - [GOLD] Strategy VOLUME_CLIMAX error: 'volume'
2026-07-20 21:27:15,111 - [ERROR] - [GOLD] Strategy VOLUME_CLIMAX error: 'volume'
2026-07-20 21:27:16,660 - [ERROR] - [GOLD] Strategy VOLUME_CLIMAX error: 'volume'
2026-07-20 21:27:18,089 - [ERROR] - [GOLD] Strategy VOLUME_CLIMAX error: 'volume'
2026-07-20 21:27:19,474 - [ERROR] - [GOLD] Strategy VOLUME_CLIMAX error: 'volume'
2026-07-20 21:27:20,856 - [ERROR] - [GOLD] Strategy VOLUME_CLIMAX error: 'volume'
2026-07-20 21:27:22,222 - [ERROR] - [GOLD] Strategy VOLUME_CLIMAX error: 'volume'
2026-07-20 21:27:23,587 - [ERROR] - [GOLD] Strategy VOLUME_CLIMAX error: 'volume'
2026-07-20 21:27:24,946 - [ERROR] - [GOLD] Strategy VOLUME_CLIMAX error: 'volume'
2026-07-20 21:27:26,310 - [ERROR] - [GOLD] Strategy VOLUME_CLIMAX error: 'volume'
2026-07-20 21:27:27,662 - [ERROR] - [GOLD] Strategy VOLUME_CLIMAX error: 'volume'
2026-07-20 21:27:29,026 - [ERROR] - [GOLD] Strategy VOLUME_CLIMAX error: 'volume'
2026-07-20 21:27:30,405 - [ERROR] - [GOLD] Strategy VOLUME_CLIMAX error: 'volume'
2026-07-20 21:27:31,775 - [ERROR] - [GOLD] Strategy VOLUME_CLIMAX error: 'volume'
2026-07-20 21:27:33,141 - [ERROR] - [GOLD] Strategy VOLUME_CLIMAX error: 'volume'
2026-07-20 21:27:34,518 - [ERROR] - [GOLD] Strategy VOLUME_CLIMAX error: 'volume'
2026-07-20 21:27:35,873 - [ERROR] - [GOLD] Strategy VOLUME_CLIMAX error: 'volume'
2026-07-20 21:27:37,228 - [ERROR] - [GOLD] Strategy VOLUME_CLIMAX error: 'volume'
2026-07-20 21:27:38,595 - [ERROR] - [GOLD] Strategy VOLUME_CLIMAX error: 'volume'
2026-07-20 21:27:39,953 - [ERROR] - [GOLD] Strategy VOLUME_CLIMAX error: 'volume'
2026-07-20 21:27:41,329 - [ERROR] - [GOLD] Strategy VOLUME_CLIMAX error: 'volume'
2026-07-20 21:27:42,782 - [ERROR] - [GOLD] Strategy VOLUME_CLIMAX error: 'volume'
2026-07-20 21:27:44,154 - [ERROR] - [GOLD] Strategy VOLUME_CLIMAX error: 'volume'
2026-07-20 21:27:45,528 - [ERROR] - [GOLD] Strategy VOLUME_CLIMAX error: 'volume'
2026-07-20 21:27:46,894 - [ERROR] - [GOLD] Strategy VOLUME_CLIMAX error: 'volume'
2026-07-20 21:27:48,246 - [ERROR] - [GOLD] Strategy VOLUME_CLIMAX error: 'volume'
2026-07-20 21:27:49,620 - [ERROR] - [GOLD] Strategy VOLUME_CLIMAX error: 'volume'
2026-07-20 21:27:50,989 - [ERROR] - [GOLD] Strategy VOLUME_CLIMAX error: 'volume'
2026-07-20 21:27:52,346 - [ERROR] - [GOLD] Strategy VOLUME_CLIMAX error: 'volume'
2026-07-20 21:27:53,702 - [ERROR] - [GOLD] Strategy VOLUME_CLIMAX error: 'volume'
2026-07-20 21:27:55,071 - [ERROR] - [GOLD] Strategy VOLUME_CLIMAX error: 'volume'
2026-07-20 21:27:56,434 - [ERROR] - [GOLD] Strategy VOLUME_CLIMAX error: 'volume'
2026-07-20 21:27:57,792 - [ERROR] - [GOLD] Strategy VOLUME_CLIMAX error: 'volume'
2026-07-20 21:27:59,167 - [ERROR] - [GOLD] Strategy VOLUME_CLIMAX error: 'volume'
2026-07-20 21:28:00,528 - [ERROR] - [GOLD] Strategy VOLUME_CLIMAX error: 'volume'
2026-07-20 21:28:01,893 - [ERROR] - [GOLD] Strategy VOLUME_CLIMAX error: 'volume'
2026-07-20 21:28:03,253 - [ERROR] - [GOLD] Strategy VOLUME_CLIMAX error: 'volume'
2026-07-20 21:28:04,615 - [ERROR] - [GOLD] Strategy VOLUME_CLIMAX error: 'volume'
2026-07-20 21:28:05,975 - [ERROR] - [GOLD] Strategy VOLUME_CLIMAX error: 'volume'
2026-07-20 21:28:07,339 - [ERROR] - [GOLD] Strategy VOLUME_CLIMAX error: 'volume'
2026-07-20 21:28:08,704 - [ERROR] - [GOLD] Strategy VOLUME_CLIMAX error: 'volume'
2026-07-20 21:28:10,096 - [ERROR] - [GOLD] Strategy VOLUME_CLIMAX error: 'volume'
2026-07-20 21:28:11,458 - [ERROR] - [GOLD] Strategy VOLUME_CLIMAX error: 'volume'
2026-07-20 21:28:12,841 - [ERROR] - [GOLD] Strategy VOLUME_CLIMAX error: 'volume'
2026-07-20 21:28:14,219 - [ERROR] - [GOLD] Strategy VOLUME_CLIMAX error: 'volume'
2026-07-20 21:28:15,579 - [ERROR] - [GOLD] Strategy VOLUME_CLIMAX error: 'volume'
2026-07-20 21:28:16,947 - [ERROR] - [GOLD] Strategy VOLUME_CLIMAX error: 'volume'
2026-07-20 21:28:18,309 - [ERROR] - [GOLD] Strategy VOLUME_CLIMAX error: 'volume'
2026-07-20 21:28:19,681 - [ERROR] - [GOLD] Strategy VOLUME_CLIMAX error: 'volume'
2026-07-20 21:28:21,053 - [ERROR] - [GOLD] Strategy VOLUME_CLIMAX error: 'volume'
2026-07-20 21:28:22,437 - [ERROR] - [GOLD] Strategy VOLUME_CLIMAX error: 'volume'
2026-07-20 21:28:23,837 - [ERROR] - [GOLD] Strategy VOLUME_CLIMAX error: 'volume'
2026-07-20 21:28:25,212 - [ERROR] - [GOLD] Strategy VOLUME_CLIMAX error: 'volume'
2026-07-20 21:28:26,591 - [ERROR] - [GOLD] Strategy VOLUME_CLIMAX error: 'volume'
2026-07-20 21:28:27,960 - [ERROR] - [GOLD] Strategy VOLUME_CLIMAX error: 'volume'
2026-07-20 21:28:29,325 - [ERROR] - [GOLD] Strategy VOLUME_CLIMAX error: 'volume'
2026-07-20 21:28:30,701 - [ERROR] - [GOLD] Strategy VOLUME_CLIMAX error: 'volume'
2026-07-20 21:28:32,071 - [ERROR] - [GOLD] Strategy VOLUME_CLIMAX error: 'volume'
2026-07-20 21:28:33,466 - [ERROR] - [GOLD] Strategy VOLUME_CLIMAX error: 'volume'
2026-07-20 21:28:34,839 - [ERROR] - [GOLD] Strategy VOLUME_CLIMAX error: 'volume'
2026-07-20 21:28:36,214 - [ERROR] - [GOLD] Strategy VOLUME_CLIMAX error: 'volume'
2026-07-20 21:28:37,572 - [ERROR] - [GOLD] Strategy VOLUME_CLIMAX error: 'volume'
2026-07-20 21:28:38,964 - [ERROR] - [GOLD] Strategy VOLUME_CLIMAX error: 'volume'
2026-07-20 21:28:40,339 - [ERROR] - [GOLD] Strategy VOLUME_CLIMAX error: 'volume'
2026-07-20 21:28:41,725 - [ERROR] - [GOLD] Strategy VOLUME_CLIMAX error: 'volume'
2026-07-20 21:28:43,122 - [ERROR] - [GOLD] Strategy VOLUME_CLIMAX error: 'volume'
2026-07-20 21:28:44,496 - [ERROR] - [GOLD] Strategy VOLUME_CLIMAX error: 'volume'
2026-07-20 21:28:45,882 - [ERROR] - [GOLD] Strategy VOLUME_CLIMAX error: 'volume'
2026-07-20 21:28:47,264 - [ERROR] - [GOLD] Strategy VOLUME_CLIMAX error: 'volume'
2026-07-20 21:28:48,632 - [ERROR] - [GOLD] Strategy VOLUME_CLIMAX error: 'volume'
2026-07-20 21:28:50,008 - [ERROR] - [GOLD] Strategy VOLUME_CLIMAX error: 'volume'
2026-07-20 21:28:51,397 - [ERROR] - [GOLD] Strategy VOLUME_CLIMAX error: 'volume'
2026-07-20 21:28:52,770 - [ERROR] - [GOLD] Strategy VOLUME_CLIMAX error: 'volume'
2026-07-20 21:28:54,193 - [ERROR] - [GOLD] Strategy VOLUME_CLIMAX error: 'volume'
2026-07-20 21:28:55,560 - [ERROR] - [GOLD] Strategy VOLUME_CLIMAX error: 'volume'
2026-07-20 21:28:56,923 - [ERROR] - [GOLD] Strategy VOLUME_CLIMAX error: 'volume'
2026-07-20 21:28:58,298 - [ERROR] - [GOLD] Strategy VOLUME_CLIMAX error: 'volume'
2026-07-20 21:28:59,667 - [ERROR] - [GOLD] Strategy VOLUME_CLIMAX error: 'volume'
2026-07-20 21:29:01,030 - [ERROR] - [GOLD] Strategy VOLUME_CLIMAX error: 'volume'
2026-07-20 21:29:02,448 - [ERROR] - [GOLD] Strategy VOLUME_CLIMAX error: 'volume'
2026-07-20 21:29:03,819 - [ERROR] - [GOLD] Strategy VOLUME_CLIMAX error: 'volume'
2026-07-20 21:29:05,190 - [ERROR] - [GOLD] Strategy VOLUME_CLIMAX error: 'volume'
2026-07-20 21:29:06,358 - [ERROR] - [SILVER] Strategy VOLUME_CLIMAX error: 'volume'
2026-07-20 21:29:06,720 - [ERROR] - [GOLD] Strategy VOLUME_CLIMAX error: 'volume'
2026-07-20 21:29:06,810 - [WARNING] - [SILVER] \U0001f6a8 Spread Protection: Live Spread (69) > Max Allowable (40). Trade Aborted.
2026-07-20 21:29:08,350 - [ERROR] - [GOLD] Strategy VOLUME_CLIMAX error: 'volume'
2026-07-20 21:29:09,896 - [ERROR] - [GOLD] Strategy VOLUME_CLIMAX error: 'volume'
2026-07-20 21:29:11,405 - [ERROR] - [GOLD] Strategy VOLUME_CLIMAX error: 'volume'
2026-07-20 21:29:12,851 - [ERROR] - [GOLD] Strategy VOLUME_CLIMAX error: 'volume'
2026-07-20 21:29:14,315 - [ERROR] - [GOLD] Strategy VOLUME_CLIMAX error: 'volume'
2026-07-20 21:29:15,781 - [ERROR] - [GOLD] Strategy VOLUME_CLIMAX error: 'volume'
2026-07-20 21:29:17,261 - [ERROR] - [GOLD] Strategy VOLUME_CLIMAX error: 'volume'
2026-07-20 21:29:18,664 - [ERROR] - [GOLD] Strategy VOLUME_CLIMAX error: 'volume'
2026-07-20 21:29:20,071 - [ERROR] - [GOLD] Strategy VOLUME_CLIMAX error: 'volume'
2026-07-20 21:29:21,451 - [ERROR] - [GOLD] Strategy VOLUME_CLIMAX error: 'volume'
2026-07-20 21:29:22,817 - [ERROR] - [GOLD] Strategy VOLUME_CLIMAX error: 'volume'
2026-07-20 21:29:24,186 - [ERROR] - [GOLD] Strategy VOLUME_CLIMAX error: 'volume'
2026-07-20 21:29:25,558 - [ERROR] - [GOLD] Strategy VOLUME_CLIMAX error: 'volume'
2026-07-20 21:29:26,938 - [ERROR] - [GOLD] Strategy VOLUME_CLIMAX error: 'volume'
2026-07-20 21:29:28,329 - [ERROR] - [GOLD] Strategy VOLUME_CLIMAX error: 'volume'
2026-07-20 21:29:29,712 - [ERROR] - [GOLD] Strategy VOLUME_CLIMAX error: 'volume'
2026-07-20 21:29:31,088 - [ERROR] - [GOLD] Strategy VOLUME_CLIMAX error: 'volume'
2026-07-20 21:29:32,487 - [ERROR] - [GOLD] Strategy VOLUME_CLIMAX error: 'volume'
2026-07-20 21:29:33,874 - [ERROR] - [GOLD] Strategy VOLUME_CLIMAX error: 'volume'
2026-07-20 21:29:35,253 - [ERROR] - [GOLD] Strategy VOLUME_CLIMAX error: 'volume'
2026-07-20 21:29:36,639 - [ERROR] - [GOLD] Strategy VOLUME_CLIMAX error: 'volume'
2026-07-20 21:29:38,011 - [ERROR] - [GOLD] Strategy VOLUME_CLIMAX error: 'volume'
2026-07-20 21:29:39,402 - [ERROR] - [GOLD] Strategy VOLUME_CLIMAX error: 'volume'
2026-07-20 21:29:40,793 - [ERROR] - [GOLD] Strategy VOLUME_CLIMAX error: 'volume'
2026-07-20 21:29:42,181 - [ERROR] - [GOLD] Strategy VOLUME_CLIMAX error: 'volume'
2026-07-20 21:29:43,575 - [ERROR] - [GOLD] Strategy VOLUME_CLIMAX error: 'volume'
2026-07-20 21:29:44,988 - [ERROR] - [GOLD] Strategy VOLUME_CLIMAX error: 'volume'
2026-07-20 21:29:46,419 - [ERROR] - [GOLD] Strategy VOLUME_CLIMAX error: 'volume'
2026-07-20 21:29:47,846 - [ERROR] - [GOLD] Strategy VOLUME_CLIMAX error: 'volume'
2026-07-20 21:29:49,304 - [ERROR] - [GOLD] Strategy VOLUME_CLIMAX error: 'volume'
2026-07-20 21:29:50,741 - [ERROR] - [GOLD] Strategy VOLUME_CLIMAX error: 'volume'
2026-07-20 21:29:52,113 - [ERROR] - [GOLD] Strategy VOLUME_CLIMAX error: 'volume'
2026-07-20 21:29:53,506 - [ERROR] - [GOLD] Strategy VOLUME_CLIMAX error: 'volume'
2026-07-20 21:29:54,930 - [ERROR] - [GOLD] Strategy VOLUME_CLIMAX error: 'volume'
2026-07-20 21:29:56,355 - [ERROR] - [GOLD] Strategy VOLUME_CLIMAX error: 'volume'
2026-07-20 21:29:57,761 - [ERROR] - [GOLD] Strategy VOLUME_CLIMAX error: 'volume'
2026-07-20 21:29:59,125 - [ERROR] - [GOLD] Strategy VOLUME_CLIMAX error: 'volume'
2026-07-20 21:30:00,483 - [ERROR] - [GOLD] Strategy VOLUME_CLIMAX error: 'volume'
2026-07-20 21:30:01,848 - [ERROR] - [GOLD] Strategy VOLUME_CLIMAX error: 'volume'
2026-07-20 21:30:03,210 - [ERROR] - [GOLD] Strategy VOLUME_CLIMAX error: 'volume'
2026-07-20 21:30:04,569 - [ERROR] - [GOLD] Strategy VOLUME_CLIMAX error: 'volume'
2026-07-20 21:30:05,976 - [ERROR] - [GOLD] Strategy VOLUME_CLIMAX error: 'volume'
2026-07-20 21:30:07,349 - [ERROR] - [GOLD] Strategy VOLUME_CLIMAX error: 'volume'
2026-07-20 21:30:08,755 - [ERROR] - [GOLD] Strategy VOLUME_CLIMAX error: 'volume'
2026-07-20 21:30:10,144 - [ERROR] - [GOLD] Strategy VOLUME_CLIMAX error: 'volume'
2026-07-20 21:30:11,534 - [ERROR] - [GOLD] Strategy VOLUME_CLIMAX error: 'volume'
2026-07-20 21:30:12,888 - [ERROR] - [GOLD] Strategy VOLUME_CLIMAX error: 'volume'
2026-07-20 21:30:14,236 - [ERROR] - [GOLD] Strategy VOLUME_CLIMAX error: 'volume'
2026-07-20 21:30:15,603 - [ERROR] - [GOLD] Strategy VOLUME_CLIMAX error: 'volume'
2026-07-20 21:30:16,954 - [WARNING] - [GOLD] \U0001f6a8 Spread Protection: Live Spread (56) > Max Allowable (40). Trade Aborted.
2026-07-20 21:30:33,675 - [INFO] - [EURUSD] Trade outside Golden Hour (16 UTC). Targeting reduced 2.0 R:R.
2026-07-20 21:30:33,683 - [ERROR] - [EURUSD] ML Inference Error: cannot access local variable 'pd' where it is not associated with a value. Proceeding without ML.
2026-07-20 21:30:33,685 - [INFO] - [EURUSD] Anti-Martingale: 2 Losses in a row! Halving risk to 0.50%
2026-07-20 21:30:33,910 - [INFO] - [EURUSD] SUCCESS - Opened BUY | Strat: MACD_DIVERGENCE | Lot: 0.16 | SL: 1.1402400000000001
2026-07-20 21:31:07,885 - [WARNING] - [SILVER] \U0001f6a8 Spread Protection: Live Spread (70) > Max Allowable (40). Trade Aborted.
2026-07-20 21:32:17,104 - [WARNING] - [GOLD] \U0001f6a8 Spread Protection: Live Spread (55) > Max Allowable (40). Trade Aborted.
2026-07-20 21:33:08,927 - [WARNING] - [SILVER] \U0001f6a8 Spread Protection: Live Spread (72) > Max Allowable (40). Trade Aborted.
2026-07-20 21:34:18,160 - [WARNING] - [GOLD] \U0001f6a8 Spread Protection: Live Spread (56) > Max Allowable (40). Trade Aborted.
2026-07-20 21:35:09,063 - [WARNING] - [SILVER] \U0001f6a8 Spread Protection: Live Spread (71) > Max Allowable (40). Trade Aborted.
2026-07-20 21:36:19,205 - [WARNING] - [GOLD] \U0001f6a8 Spread Protection: Live Spread (55) > Max Allowable (40). Trade Aborted.
2026-07-20 21:37:10,129 - [ERROR] - [SILVER] Strategy VOLUME_CLIMAX error: 'volume'
2026-07-20 21:37:10,381 - [WARNING] - [SILVER] \U0001f6a8 Spread Protection: Live Spread (70) > Max Allowable (40). Trade Aborted.
2026-07-20 21:38:20,225 - [WARNING] - [GOLD] \U0001f6a8 Spread Protection: Live Spread (56) > Max Allowable (40). Trade Aborted.
2026-07-20 21:39:11,410 - [ERROR] - [SILVER] Strategy VOLUME_CLIMAX error: 'volume'
2026-07-20 21:39:11,675 - [WARNING] - [SILVER] \U0001f6a8 Spread Protection: Live Spread (69) > Max Allowable (40). Trade Aborted.
2026-07-20 21:40:21,315 - [WARNING] - [GOLD] \U0001f6a8 Spread Protection: Live Spread (56) > Max Allowable (40). Trade Aborted.
2026-07-20 21:41:12,744 - [WARNING] - [SILVER] \U0001f6a8 Spread Protection: Live Spread (70) > Max Allowable (40). Trade Aborted.
2026-07-20 21:42:22,380 - [WARNING] - [GOLD] \U0001f6a8 Spread Protection: Live Spread (51) > Max Allowable (40). Trade Aborted.
2026-07-20 21:43:12,850 - [ERROR] - [SILVER] Strategy VOLUME_CLIMAX error: 'volume'
2026-07-20 21:43:13,105 - [WARNING] - [SILVER] \U0001f6a8 Spread Protection: Live Spread (70) > Max Allowable (40). Trade Aborted.
2026-07-20 21:44:22,499 - [ERROR] - [GOLD] Strategy VOLUME_CLIMAX error: 'volume'
2026-07-20 21:44:23,874 - [ERROR] - [GOLD] Strategy VOLUME_CLIMAX error: 'volume'
2026-07-20 21:44:25,219 - [ERROR] - [GOLD] Strategy VOLUME_CLIMAX error: 'volume'
2026-07-20 21:44:26,559 - [ERROR] - [GOLD] Strategy VOLUME_CLIMAX error: 'volume'
2026-07-20 21:44:27,910 - [ERROR] - [GOLD] Strategy VOLUME_CLIMAX error: 'volume'
2026-07-20 21:44:29,250 - [ERROR] - [GOLD] Strategy VOLUME_CLIMAX error: 'volume'
2026-07-20 21:44:30,590 - [ERROR] - [GOLD] Strategy VOLUME_CLIMAX error: 'volume'
2026-07-20 21:44:31,944 - [ERROR] - [GOLD] Strategy VOLUME_CLIMAX error: 'volume'
2026-07-20 21:44:33,287 - [ERROR] - [GOLD] Strategy VOLUME_CLIMAX error: 'volume'
2026-07-20 21:44:34,633 - [ERROR] - [GOLD] Strategy VOLUME_CLIMAX error: 'volume'
2026-07-20 21:44:35,984 - [ERROR] - [GOLD] Strategy VOLUME_CLIMAX error: 'volume'
2026-07-20 21:44:37,374 - [ERROR] - [GOLD] Strategy VOLUME_CLIMAX error: 'volume'
2026-07-20 21:44:38,720 - [ERROR] - [GOLD] Strategy VOLUME_CLIMAX error: 'volume'
2026-07-20 21:44:40,083 - [ERROR] - [GOLD] Strategy VOLUME_CLIMAX error: 'volume'
2026-07-20 21:44:41,486 - [ERROR] - [GOLD] Strategy VOLUME_CLIMAX error: 'volume'
2026-07-20 21:44:42,927 - [ERROR] - [GOLD] Strategy VOLUME_CLIMAX error: 'volume'
2026-07-20 21:44:44,298 - [ERROR] - [GOLD] Strategy VOLUME_CLIMAX error: 'volume'
2026-07-20 21:44:45,660 - [ERROR] - [GOLD] Strategy VOLUME_CLIMAX error: 'volume'
2026-07-20 21:44:47,015 - [ERROR] - [GOLD] Strategy VOLUME_CLIMAX error: 'volume'
2026-07-20 21:44:48,374 - [ERROR] - [GOLD] Strategy VOLUME_CLIMAX error: 'volume'
2026-07-20 21:44:49,737 - [ERROR] - [GOLD] Strategy VOLUME_CLIMAX error: 'volume'
2026-07-20 21:44:51,104 - [ERROR] - [GOLD] Strategy VOLUME_CLIMAX error: 'volume'
2026-07-20 21:44:52,457 - [WARNING] - [GOLD] \U0001f6a8 Spread Protection: Live Spread (52) > Max Allowable (40). Trade Aborted.
2026-07-20 21:45:13,375 - [WARNING] - [SILVER] \U0001f6a8 Spread Protection: Live Spread (74) > Max Allowable (40). Trade Aborted.
2026-07-20 21:46:52,545 - [WARNING] - [GOLD] \U0001f6a8 Spread Protection: Live Spread (55) > Max Allowable (40). Trade Aborted.
2026-07-20 21:47:14,433 - [WARNING] - [SILVER] \U0001f6a8 Spread Protection: Live Spread (69) > Max Allowable (40). Trade Aborted.
2026-07-20 21:48:53,582 - [WARNING] - [GOLD] \U0001f6a8 Spread Protection: Live Spread (56) > Max Allowable (40). Trade Aborted.
2026-07-20 21:49:15,493 - [ERROR] - [SILVER] Strategy VOLUME_CLIMAX error: 'volume'
2026-07-20 21:49:15,775 - [WARNING] - [SILVER] \U0001f6a8 Spread Protection: Live Spread (71) > Max Allowable (40). Trade Aborted.
2026-07-20 21:50:54,655 - [ERROR] - [GOLD] Strategy VOLUME_CLIMAX error: 'volume'
2026-07-20 21:50:55,998 - [ERROR] - [GOLD] Strategy VOLUME_CLIMAX error: 'volume'
2026-07-20 21:50:57,346 - [ERROR] - [GOLD] Strategy VOLUME_CLIMAX error: 'volume'
2026-07-20 21:50:58,713 - [ERROR] - [GOLD] Strategy VOLUME_CLIMAX error: 'volume'
2026-07-20 21:51:00,053 - [ERROR] - [GOLD] Strategy VOLUME_CLIMAX error: 'volume'
2026-07-20 21:51:01,413 - [ERROR] - [GOLD] Strategy VOLUME_CLIMAX error: 'volume'
2026-07-20 21:51:02,789 - [ERROR] - [GOLD] Strategy VOLUME_CLIMAX error: 'volume'
2026-07-20 21:51:04,135 - [ERROR] - [GOLD] Strategy VOLUME_CLIMAX error: 'volume'
2026-07-20 21:51:05,483 - [ERROR] - [GOLD] Strategy VOLUME_CLIMAX error: 'volume'
2026-07-20 21:51:06,859 - [ERROR] - [GOLD] Strategy VOLUME_CLIMAX error: 'volume'
2026-07-20 21:51:08,223 - [ERROR] - [GOLD] Strategy VOLUME_CLIMAX error: 'volume'
2026-07-20 21:51:09,572 - [ERROR] - [GOLD] Strategy VOLUME_CLIMAX error: 'volume'
2026-07-20 21:51:10,933 - [ERROR] - [GOLD] Strategy VOLUME_CLIMAX error: 'volume'
2026-07-20 21:51:12,286 - [ERROR] - [GOLD] Strategy VOLUME_CLIMAX error: 'volume'
2026-07-20 21:51:13,648 - [ERROR] - [GOLD] Strategy VOLUME_CLIMAX error: 'volume'
2026-07-20 21:51:15,000 - [ERROR] - [GOLD] Strategy VOLUME_CLIMAX error: 'volume'
2026-07-20 21:51:16,005 - [ERROR] - [SILVER] Strategy VOLUME_CLIMAX error: 'volume'
2026-07-20 21:51:16,251 - [WARNING] - [SILVER] \U0001f6a8 Spread Protection: Live Spread (69) > Max Allowable (40). Trade Aborted.
2026-07-20 21:51:16,362 - [ERROR] - [GOLD] Strategy VOLUME_CLIMAX error: 'volume'
2026-07-20 21:51:17,712 - [ERROR] - [GOLD] Strategy VOLUME_CLIMAX error: 'volume'
2026-07-20 21:51:19,056 - [ERROR] - [GOLD] Strategy VOLUME_CLIMAX error: 'volume'
2026-07-20 21:51:20,418 - [ERROR] - [GOLD] Strategy VOLUME_CLIMAX error: 'volume'
2026-07-20 21:51:21,785 - [ERROR] - [GOLD] Strategy VOLUME_CLIMAX error: 'volume'
2026-07-20 21:51:23,142 - [ERROR] - [GOLD] Strategy VOLUME_CLIMAX error: 'volume'
2026-07-20 21:51:24,502 - [ERROR] - [GOLD] Strategy VOLUME_CLIMAX error: 'volume'
2026-07-20 21:51:25,885 - [ERROR] - [GOLD] Strategy VOLUME_CLIMAX error: 'volume'
2026-07-20 21:51:27,236 - [ERROR] - [GOLD] Strategy VOLUME_CLIMAX error: 'volume'
2026-07-20 21:51:28,599 - [ERROR] - [GOLD] Strategy VOLUME_CLIMAX error: 'volume'
2026-07-20 21:51:29,963 - [ERROR] - [GOLD] Strategy VOLUME_CLIMAX error: 'volume'
2026-07-20 21:51:31,347 - [ERROR] - [GOLD] Strategy VOLUME_CLIMAX error: 'volume'
2026-07-20 21:51:32,710 - [ERROR] - [GOLD] Strategy VOLUME_CLIMAX error: 'volume'
2026-07-20 21:51:34,072 - [ERROR] - [GOLD] Strategy VOLUME_CLIMAX error: 'volume'
2026-07-20 21:51:35,428 - [ERROR] - [GOLD] Strategy VOLUME_CLIMAX error: 'volume'
2026-07-20 21:51:36,790 - [ERROR] - [GOLD] Strategy VOLUME_CLIMAX error: 'volume'
2026-07-20 21:51:38,132 - [ERROR] - [GOLD] Strategy VOLUME_CLIMAX error: 'volume'
2026-07-20 21:51:39,473 - [ERROR] - [GOLD] Strategy VOLUME_CLIMAX error: 'volume'
2026-07-20 21:51:40,825 - [ERROR] - [GOLD] Strategy VOLUME_CLIMAX error: 'volume'
2026-07-20 21:51:42,167 - [ERROR] - [GOLD] Strategy VOLUME_CLIMAX error: 'volume'
2026-07-20 21:51:43,505 - [ERROR] - [GOLD] Strategy VOLUME_CLIMAX error: 'volume'
2026-07-20 21:51:44,854 - [ERROR] - [GOLD] Strategy VOLUME_CLIMAX error: 'volume'
2026-07-20 21:51:46,193 - [ERROR] - [GOLD] Strategy VOLUME_CLIMAX error: 'volume'
2026-07-20 21:51:47,534 - [ERROR] - [GOLD] Strategy VOLUME_CLIMAX error: 'volume'
2026-07-20 21:51:48,887 - [ERROR] - [GOLD] Strategy VOLUME_CLIMAX error: 'volume'
2026-07-20 21:51:50,229 - [ERROR] - [GOLD] Strategy VOLUME_CLIMAX error: 'volume'
2026-07-20 21:51:51,576 - [ERROR] - [GOLD] Strategy VOLUME_CLIMAX error: 'volume'
2026-07-20 21:51:52,928 - [ERROR] - [GOLD] Strategy VOLUME_CLIMAX error: 'volume'
2026-07-20 21:51:54,268 - [ERROR] - [GOLD] Strategy VOLUME_CLIMAX error: 'volume'
2026-07-20 21:51:55,609 - [ERROR] - [GOLD] Strategy VOLUME_CLIMAX error: 'volume'
2026-07-20 21:51:56,959 - [ERROR] - [GOLD] Strategy VOLUME_CLIMAX error: 'volume'
2026-07-20 21:51:58,310 - [ERROR] - [GOLD] Strategy VOLUME_CLIMAX error: 'volume'
2026-07-20 21:51:59,665 - [ERROR] - [GOLD] Strategy VOLUME_CLIMAX error: 'volume'
2026-07-20 21:52:01,021 - [ERROR] - [GOLD] Strategy VOLUME_CLIMAX error: 'volume'
2026-07-20 21:52:02,369 - [ERROR] - [GOLD] Strategy VOLUME_CLIMAX error: 'volume'
2026-07-20 21:52:03,710 - [ERROR] - [GOLD] Strategy VOLUME_CLIMAX error: 'volume'
2026-07-20 21:52:05,066 - [ERROR] - [GOLD] Strategy VOLUME_CLIMAX error: 'volume'
2026-07-20 21:52:06,414 - [ERROR] - [GOLD] Strategy VOLUME_CLIMAX error: 'volume'
2026-07-20 21:52:07,754 - [ERROR] - [GOLD] Strategy VOLUME_CLIMAX error: 'volume'
2026-07-20 21:52:09,101 - [ERROR] - [GOLD] Strategy VOLUME_CLIMAX error: 'volume'
2026-07-20 21:52:10,439 - [ERROR] - [GOLD] Strategy VOLUME_CLIMAX error: 'volume'
2026-07-20 21:52:11,786 - [ERROR] - [GOLD] Strategy VOLUME_CLIMAX error: 'volume'
2026-07-20 21:52:13,154 - [ERROR] - [GOLD] Strategy VOLUME_CLIMAX error: 'volume'
2026-07-20 21:52:14,493 - [ERROR] - [GOLD] Strategy VOLUME_CLIMAX error: 'volume'
2026-07-20 21:52:15,839 - [ERROR] - [GOLD] Strategy VOLUME_CLIMAX error: 'volume'
2026-07-20 21:52:17,211 - [ERROR] - [GOLD] Strategy VOLUME_CLIMAX error: 'volume'
2026-07-20 21:52:18,558 - [ERROR] - [GOLD] Strategy VOLUME_CLIMAX error: 'volume'
2026-07-20 21:52:19,900 - [ERROR] - [GOLD] Strategy VOLUME_CLIMAX error: 'volume'
2026-07-20 21:52:21,258 - [ERROR] - [GOLD] Strategy VOLUME_CLIMAX error: 'volume'
2026-07-20 21:52:22,601 - [ERROR] - [GOLD] Strategy VOLUME_CLIMAX error: 'volume'
2026-07-20 21:52:23,938 - [ERROR] - [GOLD] Strategy VOLUME_CLIMAX error: 'volume'
2026-07-20 21:52:25,291 - [ERROR] - [GOLD] Strategy VOLUME_CLIMAX error: 'volume'
2026-07-20 21:52:26,637 - [ERROR] - [GOLD] Strategy VOLUME_CLIMAX error: 'volume'
2026-07-20 21:52:27,975 - [ERROR] - [GOLD] Strategy VOLUME_CLIMAX error: 'volume'
2026-07-20 21:52:29,324 - [ERROR] - [GOLD] Strategy VOLUME_CLIMAX error: 'volume'
2026-07-20 21:52:30,670 - [ERROR] - [GOLD] Strategy VOLUME_CLIMAX error: 'volume'
2026-07-20 21:52:32,012 - [ERROR] - [GOLD] Strategy VOLUME_CLIMAX error: 'volume'
2026-07-20 21:52:33,354 - [ERROR] - [GOLD] Strategy VOLUME_CLIMAX error: 'volume'
2026-07-20 21:52:34,699 - [ERROR] - [GOLD] Strategy VOLUME_CLIMAX error: 'volume'
2026-07-20 21:52:36,047 - [ERROR] - [GOLD] Strategy VOLUME_CLIMAX error: 'volume'
2026-07-20 21:52:37,394 - [ERROR] - [GOLD] Strategy VOLUME_CLIMAX error: 'volume'
2026-07-20 21:52:38,751 - [ERROR] - [GOLD] Strategy VOLUME_CLIMAX error: 'volume'
2026-07-20 21:52:40,098 - [ERROR] - [GOLD] Strategy VOLUME_CLIMAX error: 'volume'
2026-07-20 21:52:41,448 - [ERROR] - [GOLD] Strategy VOLUME_CLIMAX error: 'volume'
2026-07-20 21:52:42,796 - [ERROR] - [GOLD] Strategy VOLUME_CLIMAX error: 'volume'
2026-07-20 21:52:44,142 - [ERROR] - [GOLD] Strategy VOLUME_CLIMAX error: 'volume'
2026-07-20 21:52:45,489 - [ERROR] - [GOLD] Strategy VOLUME_CLIMAX error: 'volume'
2026-07-20 21:52:46,858 - [ERROR] - [GOLD] Strategy VOLUME_CLIMAX error: 'volume'
2026-07-20 21:52:48,205 - [ERROR] - [GOLD] Strategy VOLUME_CLIMAX error: 'volume'
2026-07-20 21:52:49,545 - [ERROR] - [GOLD] Strategy VOLUME_CLIMAX error: 'volume'
2026-07-20 21:52:50,891 - [ERROR] - [GOLD] Strategy VOLUME_CLIMAX error: 'volume'
2026-07-20 21:52:52,242 - [ERROR] - [GOLD] Strategy VOLUME_CLIMAX error: 'volume'
2026-07-20 21:52:53,633 - [ERROR] - [GOLD] Strategy VOLUME_CLIMAX error: 'volume'
2026-07-20 21:52:54,980 - [ERROR] - [GOLD] Strategy VOLUME_CLIMAX error: 'volume'
2026-07-20 21:52:56,333 - [ERROR] - [GOLD] Strategy VOLUME_CLIMAX error: 'volume'
2026-07-20 21:52:57,683 - [ERROR] - [GOLD] Strategy VOLUME_CLIMAX error: 'volume'
2026-07-20 21:52:59,030 - [ERROR] - [GOLD] Strategy VOLUME_CLIMAX error: 'volume'
2026-07-20 21:53:00,409 - [ERROR] - [GOLD] Strategy VOLUME_CLIMAX error: 'volume'
2026-07-20 21:53:01,809 - [ERROR] - [GOLD] Strategy VOLUME_CLIMAX error: 'volume'
2026-07-20 21:53:03,191 - [ERROR] - [GOLD] Strategy VOLUME_CLIMAX error: 'volume'
2026-07-20 21:53:04,581 - [ERROR] - [GOLD] Strategy VOLUME_CLIMAX error: 'volume'
2026-07-20 21:53:05,967 - [ERROR] - [GOLD] Strategy VOLUME_CLIMAX error: 'volume'
2026-07-20 21:53:07,330 - [ERROR] - [GOLD] Strategy VOLUME_CLIMAX error: 'volume'
2026-07-20 21:53:08,680 - [ERROR] - [GOLD] Strategy VOLUME_CLIMAX error: 'volume'
2026-07-20 21:53:10,042 - [ERROR] - [GOLD] Strategy VOLUME_CLIMAX error: 'volume'
2026-07-20 21:53:11,389 - [ERROR] - [GOLD] Strategy VOLUME_CLIMAX error: 'volume'
2026-07-20 21:53:12,740 - [ERROR] - [GOLD] Strategy VOLUME_CLIMAX error: 'volume'
2026-07-20 21:53:14,097 - [ERROR] - [GOLD] Strategy VOLUME_CLIMAX error: 'volume'
2026-07-20 21:53:15,445 - [ERROR] - [GOLD] Strategy VOLUME_CLIMAX error: 'volume'
2026-07-20 21:53:16,804 - [ERROR] - [GOLD] Strategy VOLUME_CLIMAX error: 'volume'
2026-07-20 21:53:17,166 - [ERROR] - [SILVER] Strategy VOLUME_CLIMAX error: 'volume'
2026-07-20 21:53:17,408 - [WARNING] - [SILVER] \U0001f6a8 Spread Protection: Live Spread (74) > Max Allowable (40). Trade Aborted.
2026-07-20 21:53:18,257 - [ERROR] - [GOLD] Strategy VOLUME_CLIMAX error: 'volume'
2026-07-20 21:53:19,618 - [ERROR] - [GOLD] Strategy VOLUME_CLIMAX error: 'volume'
2026-07-20 21:53:20,960 - [ERROR] - [GOLD] Strategy VOLUME_CLIMAX error: 'volume'
2026-07-20 21:53:22,304 - [ERROR] - [GOLD] Strategy VOLUME_CLIMAX error: 'volume'
2026-07-20 21:53:23,658 - [ERROR] - [GOLD] Strategy VOLUME_CLIMAX error: 'volume'
2026-07-20 21:53:25,000 - [ERROR] - [GOLD] Strategy VOLUME_CLIMAX error: 'volume'
2026-07-20 21:53:26,349 - [ERROR] - [GOLD] Strategy VOLUME_CLIMAX error: 'volume'
2026-07-20 21:53:27,700 - [ERROR] - [GOLD] Strategy VOLUME_CLIMAX error: 'volume'
2026-07-20 21:53:29,043 - [ERROR] - [GOLD] Strategy VOLUME_CLIMAX error: 'volume'
2026-07-20 21:53:30,388 - [ERROR] - [GOLD] Strategy VOLUME_CLIMAX error: 'volume'
2026-07-20 21:53:31,739 - [ERROR] - [GOLD] Strategy VOLUME_CLIMAX error: 'volume'
2026-07-20 21:53:33,091 - [ERROR] - [GOLD] Strategy VOLUME_CLIMAX error: 'volume'
2026-07-20 21:53:34,431 - [ERROR] - [GOLD] Strategy VOLUME_CLIMAX error: 'volume'
2026-07-20 21:53:35,780 - [ERROR] - [GOLD] Strategy VOLUME_CLIMAX error: 'volume'
2026-07-20 21:53:37,122 - [ERROR] - [GOLD] Strategy VOLUME_CLIMAX error: 'volume'
2026-07-20 21:53:38,467 - [ERROR] - [GOLD] Strategy VOLUME_CLIMAX error: 'volume'
2026-07-20 21:53:39,818 - [ERROR] - [GOLD] Strategy VOLUME_CLIMAX error: 'volume'
2026-07-20 21:53:41,160 - [ERROR] - [GOLD] Strategy VOLUME_CLIMAX error: 'volume'
2026-07-20 21:53:42,502 - [ERROR] - [GOLD] Strategy VOLUME_CLIMAX error: 'volume'
2026-07-20 21:53:43,850 - [ERROR] - [GOLD] Strategy VOLUME_CLIMAX error: 'volume'
2026-07-20 21:53:45,194 - [ERROR] - [GOLD] Strategy VOLUME_CLIMAX error: 'volume'
2026-07-20 21:53:46,549 - [ERROR] - [GOLD] Strategy VOLUME_CLIMAX error: 'volume'
2026-07-20 21:53:47,921 - [ERROR] - [GOLD] Strategy VOLUME_CLIMAX error: 'volume'
2026-07-20 21:53:49,267 - [ERROR] - [GOLD] Strategy VOLUME_CLIMAX error: 'volume'
2026-07-20 21:53:50,626 - [ERROR] - [GOLD] Strategy VOLUME_CLIMAX error: 'volume'
2026-07-20 21:53:51,979 - [ERROR] - [GOLD] Strategy VOLUME_CLIMAX error: 'volume'
2026-07-20 21:53:53,326 - [ERROR] - [GOLD] Strategy VOLUME_CLIMAX error: 'volume'
2026-07-20 21:53:54,670 - [ERROR] - [GOLD] Strategy VOLUME_CLIMAX error: 'volume'
2026-07-20 21:53:56,048 - [ERROR] - [GOLD] Strategy VOLUME_CLIMAX error: 'volume'
2026-07-20 21:53:57,387 - [ERROR] - [GOLD] Strategy VOLUME_CLIMAX error: 'volume'
2026-07-20 21:53:58,727 - [ERROR] - [GOLD] Strategy VOLUME_CLIMAX error: 'volume'
2026-07-20 21:54:00,076 - [ERROR] - [GOLD] Strategy VOLUME_CLIMAX error: 'volume'
2026-07-20 21:54:01,445 - [ERROR] - [GOLD] Strategy VOLUME_CLIMAX error: 'volume'
2026-07-20 21:54:02,796 - [ERROR] - [GOLD] Strategy VOLUME_CLIMAX error: 'volume'
2026-07-20 21:54:04,174 - [ERROR] - [GOLD] Strategy VOLUME_CLIMAX error: 'volume'
2026-07-20 21:54:05,528 - [ERROR] - [GOLD] Strategy VOLUME_CLIMAX error: 'volume'
2026-07-20 21:54:06,887 - [ERROR] - [GOLD] Strategy VOLUME_CLIMAX error: 'volume'
2026-07-20 21:54:08,248 - [ERROR] - [GOLD] Strategy VOLUME_CLIMAX error: 'volume'
2026-07-20 21:54:09,595 - [ERROR] - [GOLD] Strategy VOLUME_CLIMAX error: 'volume'
2026-07-20 21:54:10,946 - [ERROR] - [GOLD] Strategy VOLUME_CLIMAX error: 'volume'
2026-07-20 21:54:12,300 - [ERROR] - [GOLD] Strategy VOLUME_CLIMAX error: 'volume'
2026-07-20 21:54:13,649 - [ERROR] - [GOLD] Strategy VOLUME_CLIMAX error: 'volume'
2026-07-20 21:54:15,007 - [ERROR] - [GOLD] Strategy VOLUME_CLIMAX error: 'volume'
2026-07-20 21:54:16,386 - [ERROR] - [GOLD] Strategy VOLUME_CLIMAX error: 'volume'
2026-07-20 21:54:17,749 - [ERROR] - [GOLD] Strategy VOLUME_CLIMAX error: 'volume'
2026-07-20 21:54:19,109 - [ERROR] - [GOLD] Strategy VOLUME_CLIMAX error: 'volume'
2026-07-20 21:54:20,486 - [ERROR] - [GOLD] Strategy VOLUME_CLIMAX error: 'volume'
2026-07-20 21:54:21,851 - [ERROR] - [GOLD] Strategy VOLUME_CLIMAX error: 'volume'
2026-07-20 21:54:23,225 - [ERROR] - [GOLD] Strategy VOLUME_CLIMAX error: 'volume'
2026-07-20 21:54:24,599 - [ERROR] - [GOLD] Strategy VOLUME_CLIMAX error: 'volume'
2026-07-20 21:54:25,966 - [ERROR] - [GOLD] Strategy VOLUME_CLIMAX error: 'volume'
2026-07-20 21:54:27,331 - [ERROR] - [GOLD] Strategy VOLUME_CLIMAX error: 'volume'
2026-07-20 21:54:28,708 - [ERROR] - [GOLD] Strategy VOLUME_CLIMAX error: 'volume'
2026-07-20 21:54:30,076 - [ERROR] - [GOLD] Strategy VOLUME_CLIMAX error: 'volume'
2026-07-20 21:54:31,450 - [ERROR] - [GOLD] Strategy VOLUME_CLIMAX error: 'volume'
2026-07-20 21:54:32,825 - [ERROR] - [GOLD] Strategy VOLUME_CLIMAX error: 'volume'
2026-07-20 21:54:34,181 - [ERROR] - [GOLD] Strategy VOLUME_CLIMAX error: 'volume'
2026-07-20 21:54:35,548 - [ERROR] - [GOLD] Strategy VOLUME_CLIMAX error: 'volume'
2026-07-20 21:54:36,920 - [ERROR] - [GOLD] Strategy VOLUME_CLIMAX error: 'volume'
2026-07-20 21:54:38,278 - [ERROR] - [GOLD] Strategy VOLUME_CLIMAX error: 'volume'
2026-07-20 21:54:39,635 - [ERROR] - [GOLD] Strategy VOLUME_CLIMAX error: 'volume'
2026-07-20 21:54:41,017 - [ERROR] - [GOLD] Strategy VOLUME_CLIMAX error: 'volume'
2026-07-20 21:54:42,374 - [ERROR] - [GOLD] Strategy VOLUME_CLIMAX error: 'volume'
2026-07-20 21:54:43,741 - [ERROR] - [GOLD] Strategy VOLUME_CLIMAX error: 'volume'
2026-07-20 21:54:45,109 - [ERROR] - [GOLD] Strategy VOLUME_CLIMAX error: 'volume'
2026-07-20 21:54:46,477 - [ERROR] - [GOLD] Strategy VOLUME_CLIMAX error: 'volume'
2026-07-20 21:54:47,854 - [ERROR] - [GOLD] Strategy VOLUME_CLIMAX error: 'volume'
2026-07-20 21:54:49,219 - [ERROR] - [GOLD] Strategy VOLUME_CLIMAX error: 'volume'
2026-07-20 21:54:50,582 - [ERROR] - [GOLD] Strategy VOLUME_CLIMAX error: 'volume'
2026-07-20 21:54:51,951 - [ERROR] - [GOLD] Strategy VOLUME_CLIMAX error: 'volume'
2026-07-20 21:54:53,292 - [ERROR] - [GOLD] Strategy VOLUME_CLIMAX error: 'volume'
2026-07-20 21:54:54,630 - [ERROR] - [GOLD] Strategy VOLUME_CLIMAX error: 'volume'
2026-07-20 21:54:55,986 - [ERROR] - [GOLD] Strategy VOLUME_CLIMAX error: 'volume'
2026-07-20 21:54:57,325 - [ERROR] - [GOLD] Strategy VOLUME_CLIMAX error: 'volume'
2026-07-20 21:54:58,668 - [ERROR] - [GOLD] Strategy VOLUME_CLIMAX error: 'volume'
2026-07-20 21:55:00,022 - [ERROR] - [GOLD] Strategy VOLUME_CLIMAX error: 'volume'
2026-07-20 21:55:01,372 - [ERROR] - [GOLD] Strategy VOLUME_CLIMAX error: 'volume'
2026-07-20 21:55:02,714 - [ERROR] - [GOLD] Strategy VOLUME_CLIMAX error: 'volume'
2026-07-20 21:55:04,067 - [ERROR] - [GOLD] Strategy VOLUME_CLIMAX error: 'volume'
2026-07-20 21:55:05,413 - [ERROR] - [GOLD] Strategy VOLUME_CLIMAX error: 'volume'
2026-07-20 21:55:06,756 - [ERROR] - [GOLD] Strategy VOLUME_CLIMAX error: 'volume'
2026-07-20 21:55:08,095 - [ERROR] - [GOLD] Strategy VOLUME_CLIMAX error: 'volume'
2026-07-20 21:55:09,442 - [ERROR] - [GOLD] Strategy VOLUME_CLIMAX error: 'volume'
2026-07-20 21:55:10,786 - [ERROR] - [GOLD] Strategy VOLUME_CLIMAX error: 'volume'
2026-07-20 21:55:12,141 - [ERROR] - [GOLD] Strategy VOLUME_CLIMAX error: 'volume'
2026-07-20 21:55:13,506 - [ERROR] - [GOLD] Strategy VOLUME_CLIMAX error: 'volume'
2026-07-20 21:55:14,849 - [ERROR] - [GOLD] Strategy VOLUME_CLIMAX error: 'volume'
2026-07-20 21:55:16,189 - [ERROR] - [GOLD] Strategy VOLUME_CLIMAX error: 'volume'
2026-07-20 21:55:17,535 - [ERROR] - [GOLD] Strategy VOLUME_CLIMAX error: 'volume'
2026-07-20 21:55:18,339 - [ERROR] - [SILVER] Strategy VOLUME_CLIMAX error: 'volume'
2026-07-20 21:55:18,579 - [WARNING] - [SILVER] \U0001f6a8 Spread Protection: Live Spread (69) > Max Allowable (40). Trade Aborted.
2026-07-20 21:55:18,890 - [ERROR] - [GOLD] Strategy VOLUME_CLIMAX error: 'volume'
2026-07-20 21:55:20,230 - [ERROR] - [GOLD] Strategy VOLUME_CLIMAX error: 'volume'
2026-07-20 21:55:21,577 - [ERROR] - [GOLD] Strategy VOLUME_CLIMAX error: 'volume'
2026-07-20 21:55:22,928 - [ERROR] - [GOLD] Strategy VOLUME_CLIMAX error: 'volume'
2026-07-20 21:55:24,267 - [ERROR] - [GOLD] Strategy VOLUME_CLIMAX error: 'volume'
2026-07-20 21:55:25,604 - [ERROR] - [GOLD] Strategy VOLUME_CLIMAX error: 'volume'
2026-07-20 21:55:26,964 - [ERROR] - [GOLD] Strategy VOLUME_CLIMAX error: 'volume'
2026-07-20 21:55:28,308 - [ERROR] - [GOLD] Strategy VOLUME_CLIMAX error: 'volume'
2026-07-20 21:55:29,663 - [ERROR] - [GOLD] Strategy VOLUME_CLIMAX error: 'volume'
2026-07-20 21:55:31,010 - [ERROR] - [GOLD] Strategy VOLUME_CLIMAX error: 'volume'
2026-07-20 21:55:32,347 - [ERROR] - [GOLD] Strategy VOLUME_CLIMAX error: 'volume'
2026-07-20 21:55:33,685 - [ERROR] - [GOLD] Strategy VOLUME_CLIMAX error: 'volume'
2026-07-20 21:55:35,032 - [ERROR] - [GOLD] Strategy VOLUME_CLIMAX error: 'volume'
2026-07-20 21:55:36,378 - [ERROR] - [GOLD] Strategy VOLUME_CLIMAX error: 'volume'
2026-07-20 21:55:37,713 - [ERROR] - [GOLD] Strategy VOLUME_CLIMAX error: 'volume'
2026-07-20 21:55:39,060 - [ERROR] - [GOLD] Strategy VOLUME_CLIMAX error: 'volume'
2026-07-20 21:55:40,402 - [ERROR] - [GOLD] Strategy VOLUME_CLIMAX error: 'volume'
2026-07-20 21:55:41,744 - [ERROR] - [GOLD] Strategy VOLUME_CLIMAX error: 'volume'
2026-07-20 21:55:43,101 - [ERROR] - [GOLD] Strategy VOLUME_CLIMAX error: 'volume'
2026-07-20 21:55:44,440 - [ERROR] - [GOLD] Strategy VOLUME_CLIMAX error: 'volume'
2026-07-20 21:55:45,778 - [ERROR] - [GOLD] Strategy VOLUME_CLIMAX error: 'volume'
2026-07-20 21:55:47,133 - [ERROR] - [GOLD] Strategy VOLUME_CLIMAX error: 'volume'
2026-07-20 21:55:48,488 - [ERROR] - [GOLD] Strategy VOLUME_CLIMAX error: 'volume'
2026-07-20 21:55:49,834 - [ERROR] - [GOLD] Strategy VOLUME_CLIMAX error: 'volume'
2026-07-20 21:55:51,184 - [ERROR] - [GOLD] Strategy VOLUME_CLIMAX error: 'volume'
2026-07-20 21:55:52,521 - [ERROR] - [GOLD] Strategy VOLUME_CLIMAX error: 'volume'
2026-07-20 21:55:53,861 - [ERROR] - [GOLD] Strategy VOLUME_CLIMAX error: 'volume'
2026-07-20 21:55:55,218 - [ERROR] - [GOLD] Strategy VOLUME_CLIMAX error: 'volume'
2026-07-20 21:55:56,571 - [ERROR] - [GOLD] Strategy VOLUME_CLIMAX error: 'volume'
2026-07-20 21:55:57,910 - [ERROR] - [GOLD] Strategy VOLUME_CLIMAX error: 'volume'
2026-07-20 21:55:59,267 - [ERROR] - [GOLD] Strategy VOLUME_CLIMAX error: 'volume'
2026-07-20 21:56:00,609 - [ERROR] - [GOLD] Strategy VOLUME_CLIMAX error: 'volume'
2026-07-20 21:56:01,956 - [ERROR] - [GOLD] Strategy VOLUME_CLIMAX error: 'volume'
2026-07-20 21:56:03,309 - [ERROR] - [GOLD] Strategy VOLUME_CLIMAX error: 'volume'
2026-07-20 21:56:04,647 - [ERROR] - [GOLD] Strategy VOLUME_CLIMAX error: 'volume'
2026-07-20 21:56:05,990 - [ERROR] - [GOLD] Strategy VOLUME_CLIMAX error: 'volume'
2026-07-20 21:56:07,362 - [ERROR] - [GOLD] Strategy VOLUME_CLIMAX error: 'volume'
2026-07-20 21:56:08,702 - [ERROR] - [GOLD] Strategy VOLUME_CLIMAX error: 'volume'
2026-07-20 21:56:10,044 - [ERROR] - [GOLD] Strategy VOLUME_CLIMAX error: 'volume'
2026-07-20 21:56:11,412 - [ERROR] - [GOLD] Strategy VOLUME_CLIMAX error: 'volume'
2026-07-20 21:56:12,773 - [ERROR] - [GOLD] Strategy VOLUME_CLIMAX error: 'volume'
2026-07-20 21:56:14,134 - [ERROR] - [GOLD] Strategy VOLUME_CLIMAX error: 'volume'
2026-07-20 21:56:15,509 - [ERROR] - [GOLD] Strategy VOLUME_CLIMAX error: 'volume'
2026-07-20 21:56:16,865 - [ERROR] - [GOLD] Strategy VOLUME_CLIMAX error: 'volume'
2026-07-20 21:56:18,224 - [ERROR] - [GOLD] Strategy VOLUME_CLIMAX error: 'volume'
2026-07-20 21:56:19,587 - [ERROR] - [GOLD] Strategy VOLUME_CLIMAX error: 'volume'
2026-07-20 21:56:20,945 - [ERROR] - [GOLD] Strategy VOLUME_CLIMAX error: 'volume'
2026-07-20 21:56:22,300 - [ERROR] - [GOLD] Strategy VOLUME_CLIMAX error: 'volume'
2026-07-20 21:56:23,647 - [ERROR] - [GOLD] Strategy VOLUME_CLIMAX error: 'volume'
2026-07-20 21:56:24,988 - [ERROR] - [GOLD] Strategy VOLUME_CLIMAX error: 'volume'
2026-07-20 21:56:26,343 - [ERROR] - [GOLD] Strategy VOLUME_CLIMAX error: 'volume'
2026-07-20 21:56:27,698 - [ERROR] - [GOLD] Strategy VOLUME_CLIMAX error: 'volume'
2026-07-20 21:56:29,040 - [ERROR] - [GOLD] Strategy VOLUME_CLIMAX error: 'volume'
2026-07-20 21:56:30,390 - [ERROR] - [GOLD] Strategy VOLUME_CLIMAX error: 'volume'
2026-07-20 21:56:31,752 - [ERROR] - [GOLD] Strategy VOLUME_CLIMAX error: 'volume'
2026-07-20 21:56:33,100 - [ERROR] - [GOLD] Strategy VOLUME_CLIMAX error: 'volume'
2026-07-20 21:56:34,445 - [ERROR] - [GOLD] Strategy VOLUME_CLIMAX error: 'volume'
2026-07-20 21:56:35,795 - [ERROR] - [GOLD] Strategy VOLUME_CLIMAX error: 'volume'
2026-07-20 21:56:37,141 - [ERROR] - [GOLD] Strategy VOLUME_CLIMAX error: 'volume'
2026-07-20 21:56:38,489 - [ERROR] - [GOLD] Strategy VOLUME_CLIMAX error: 'volume'
2026-07-20 21:56:39,838 - [ERROR] - [GOLD] Strategy VOLUME_CLIMAX error: 'volume'
2026-07-20 21:56:41,178 - [ERROR] - [GOLD] Strategy VOLUME_CLIMAX error: 'volume'
2026-07-20 21:56:42,517 - [ERROR] - [GOLD] Strategy VOLUME_CLIMAX error: 'volume'
2026-07-20 21:56:43,881 - [ERROR] - [GOLD] Strategy VOLUME_CLIMAX error: 'volume'
2026-07-20 21:56:45,241 - [ERROR] - [GOLD] Strategy VOLUME_CLIMAX error: 'volume'
2026-07-20 21:56:46,590 - [ERROR] - [GOLD] Strategy VOLUME_CLIMAX error: 'volume'
2026-07-20 21:56:47,940 - [ERROR] - [GOLD] Strategy VOLUME_CLIMAX error: 'volume'
2026-07-20 21:56:49,283 - [ERROR] - [GOLD] Strategy VOLUME_CLIMAX error: 'volume'
2026-07-20 21:56:50,628 - [ERROR] - [GOLD] Strategy VOLUME_CLIMAX error: 'volume'
2026-07-20 21:56:51,988 - [ERROR] - [GOLD] Strategy VOLUME_CLIMAX error: 'volume'
2026-07-20 21:56:53,333 - [ERROR] - [GOLD] Strategy VOLUME_CLIMAX error: 'volume'
2026-07-20 21:56:54,676 - [ERROR] - [GOLD] Strategy VOLUME_CLIMAX error: 'volume'
2026-07-20 21:56:56,032 - [ERROR] - [GOLD] Strategy VOLUME_CLIMAX error: 'volume'
2026-07-20 21:56:57,400 - [ERROR] - [GOLD] Strategy VOLUME_CLIMAX error: 'volume'
2026-07-20 21:56:58,741 - [ERROR] - [GOLD] Strategy VOLUME_CLIMAX error: 'volume'
2026-07-20 21:57:00,091 - [ERROR] - [GOLD] Strategy VOLUME_CLIMAX error: 'volume'
2026-07-20 21:57:01,437 - [ERROR] - [GOLD] Strategy VOLUME_CLIMAX error: 'volume'
2026-07-20 21:57:02,784 - [ERROR] - [GOLD] Strategy VOLUME_CLIMAX error: 'volume'
2026-07-20 21:57:04,137 - [ERROR] - [GOLD] Strategy VOLUME_CLIMAX error: 'volume'
2026-07-20 21:57:05,506 - [ERROR] - [GOLD] Strategy VOLUME_CLIMAX error: 'volume'
2026-07-20 21:57:06,858 - [ERROR] - [GOLD] Strategy VOLUME_CLIMAX error: 'volume'
2026-07-20 21:57:08,213 - [ERROR] - [GOLD] Strategy VOLUME_CLIMAX error: 'volume'
2026-07-20 21:57:09,562 - [ERROR] - [GOLD] Strategy VOLUME_CLIMAX error: 'volume'
2026-07-20 21:57:10,901 - [ERROR] - [GOLD] Strategy VOLUME_CLIMAX error: 'volume'
2026-07-20 21:57:12,269 - [ERROR] - [GOLD] Strategy VOLUME_CLIMAX error: 'volume'
2026-07-20 21:57:13,608 - [ERROR] - [GOLD] Strategy VOLUME_CLIMAX error: 'volume'
2026-07-20 21:57:14,950 - [ERROR] - [GOLD] Strategy VOLUME_CLIMAX error: 'volume'
2026-07-20 21:57:16,290 - [ERROR] - [GOLD] Strategy VOLUME_CLIMAX error: 'volume'
2026-07-20 21:57:17,642 - [ERROR] - [GOLD] Strategy VOLUME_CLIMAX error: 'volume'
2026-07-20 21:57:18,982 - [ERROR] - [GOLD] Strategy VOLUME_CLIMAX error: 'volume'
2026-07-20 21:57:19,422 - [ERROR] - [SILVER] Strategy VOLUME_CLIMAX error: 'volume'
2026-07-20 21:57:19,664 - [WARNING] - [SILVER] \U0001f6a8 Spread Protection: Live Spread (68) > Max Allowable (40). Trade Aborted.
2026-07-20 21:57:20,327 - [ERROR] - [GOLD] Strategy VOLUME_CLIMAX error: 'volume'
2026-07-20 21:57:21,687 - [ERROR] - [GOLD] Strategy VOLUME_CLIMAX error: 'volume'
2026-07-20 21:57:23,037 - [ERROR] - [GOLD] Strategy VOLUME_CLIMAX error: 'volume'
2026-07-20 21:57:24,376 - [ERROR] - [GOLD] Strategy VOLUME_CLIMAX error: 'volume'
2026-07-20 21:57:25,724 - [ERROR] - [GOLD] Strategy VOLUME_CLIMAX error: 'volume'
2026-07-20 21:57:27,077 - [ERROR] - [GOLD] Strategy VOLUME_CLIMAX error: 'volume'
2026-07-20 21:57:28,416 - [ERROR] - [GOLD] Strategy VOLUME_CLIMAX error: 'volume'
2026-07-20 21:57:29,755 - [ERROR] - [GOLD] Strategy VOLUME_CLIMAX error: 'volume'
2026-07-20 21:57:31,108 - [ERROR] - [GOLD] Strategy VOLUME_CLIMAX error: 'volume'
2026-07-20 21:57:32,453 - [ERROR] - [GOLD] Strategy VOLUME_CLIMAX error: 'volume'
2026-07-20 21:57:33,797 - [ERROR] - [GOLD] Strategy VOLUME_CLIMAX error: 'volume'
2026-07-20 21:57:35,144 - [ERROR] - [GOLD] Strategy VOLUME_CLIMAX error: 'volume'
2026-07-20 21:57:36,491 - [ERROR] - [GOLD] Strategy VOLUME_CLIMAX error: 'volume'
2026-07-20 21:57:37,830 - [ERROR] - [GOLD] Strategy VOLUME_CLIMAX error: 'volume'
2026-07-20 21:57:39,176 - [ERROR] - [GOLD] Strategy VOLUME_CLIMAX error: 'volume'
2026-07-20 21:57:40,523 - [ERROR] - [GOLD] Strategy VOLUME_CLIMAX error: 'volume'
2026-07-20 21:57:41,866 - [ERROR] - [GOLD] Strategy VOLUME_CLIMAX error: 'volume'
2026-07-20 21:57:43,221 - [ERROR] - [GOLD] Strategy VOLUME_CLIMAX error: 'volume'
2026-07-20 21:57:44,566 - [ERROR] - [GOLD] Strategy VOLUME_CLIMAX error: 'volume'
2026-07-20 21:57:45,919 - [ERROR] - [GOLD] Strategy VOLUME_CLIMAX error: 'volume'
2026-07-20 21:57:47,266 - [ERROR] - [GOLD] Strategy VOLUME_CLIMAX error: 'volume'
2026-07-20 21:57:48,613 - [ERROR] - [GOLD] Strategy VOLUME_CLIMAX error: 'volume'
2026-07-20 21:57:49,966 - [ERROR] - [GOLD] Strategy VOLUME_CLIMAX error: 'volume'
2026-07-20 21:57:51,314 - [ERROR] - [GOLD] Strategy VOLUME_CLIMAX error: 'volume'
2026-07-20 21:57:52,662 - [ERROR] - [GOLD] Strategy VOLUME_CLIMAX error: 'volume'
2026-07-20 21:57:54,005 - [ERROR] - [GOLD] Strategy VOLUME_CLIMAX error: 'volume'
2026-07-20 21:57:55,357 - [ERROR] - [GOLD] Strategy VOLUME_CLIMAX error: 'volume'
2026-07-20 21:57:56,714 - [ERROR] - [GOLD] Strategy VOLUME_CLIMAX error: 'volume'
2026-07-20 21:57:58,057 - [ERROR] - [GOLD] Strategy VOLUME_CLIMAX error: 'volume'
2026-07-20 21:57:59,409 - [ERROR] - [GOLD] Strategy VOLUME_CLIMAX error: 'volume'
2026-07-20 21:58:00,753 - [ERROR] - [GOLD] Strategy VOLUME_CLIMAX error: 'volume'
2026-07-20 21:58:02,096 - [ERROR] - [GOLD] Strategy VOLUME_CLIMAX error: 'volume'
2026-07-20 21:58:03,454 - [ERROR] - [GOLD] Strategy VOLUME_CLIMAX error: 'volume'
2026-07-20 21:58:04,825 - [ERROR] - [GOLD] Strategy VOLUME_CLIMAX error: 'volume'
2026-07-20 21:58:06,163 - [ERROR] - [GOLD] Strategy VOLUME_CLIMAX error: 'volume'
2026-07-20 21:58:07,510 - [ERROR] - [GOLD] Strategy VOLUME_CLIMAX error: 'volume'
2026-07-20 21:58:08,859 - [ERROR] - [GOLD] Strategy VOLUME_CLIMAX error: 'volume'
2026-07-20 21:58:10,200 - [ERROR] - [GOLD] Strategy VOLUME_CLIMAX error: 'volume'
2026-07-20 21:58:11,553 - [ERROR] - [GOLD] Strategy VOLUME_CLIMAX error: 'volume'
2026-07-20 21:58:12,949 - [ERROR] - [GOLD] Strategy VOLUME_CLIMAX error: 'volume'
2026-07-20 21:58:14,304 - [ERROR] - [GOLD] Strategy VOLUME_CLIMAX error: 'volume'
2026-07-20 21:58:15,666 - [ERROR] - [GOLD] Strategy VOLUME_CLIMAX error: 'volume'
2026-07-20 21:58:17,021 - [ERROR] - [GOLD] Strategy VOLUME_CLIMAX error: 'volume'
2026-07-20 21:58:18,369 - [ERROR] - [GOLD] Strategy VOLUME_CLIMAX error: 'volume'
2026-07-20 21:58:19,724 - [ERROR] - [GOLD] Strategy VOLUME_CLIMAX error: 'volume'
2026-07-20 21:58:21,065 - [ERROR] - [GOLD] Strategy VOLUME_CLIMAX error: 'volume'
2026-07-20 21:58:22,405 - [ERROR] - [GOLD] Strategy VOLUME_CLIMAX error: 'volume'
2026-07-20 21:58:23,765 - [ERROR] - [GOLD] Strategy VOLUME_CLIMAX error: 'volume'
2026-07-20 21:58:25,108 - [ERROR] - [GOLD] Strategy VOLUME_CLIMAX error: 'volume'
2026-07-20 21:58:26,447 - [ERROR] - [GOLD] Strategy VOLUME_CLIMAX error: 'volume'
2026-07-20 21:58:27,798 - [ERROR] - [GOLD] Strategy VOLUME_CLIMAX error: 'volume'
2026-07-20 21:58:29,147 - [ERROR] - [GOLD] Strategy VOLUME_CLIMAX error: 'volume'
2026-07-20 21:58:30,485 - [ERROR] - [GOLD] Strategy VOLUME_CLIMAX error: 'volume'
2026-07-20 21:58:31,838 - [ERROR] - [GOLD] Strategy VOLUME_CLIMAX error: 'volume'
2026-07-20 21:58:33,178 - [ERROR] - [GOLD] Strategy VOLUME_CLIMAX error: 'volume'
2026-07-20 21:58:34,521 - [ERROR] - [GOLD] Strategy VOLUME_CLIMAX error: 'volume'
2026-07-20 21:58:35,870 - [ERROR] - [GOLD] Strategy VOLUME_CLIMAX error: 'volume'
2026-07-20 21:58:37,215 - [ERROR] - [GOLD] Strategy VOLUME_CLIMAX error: 'volume'
2026-07-20 21:58:38,550 - [ERROR] - [GOLD] Strategy VOLUME_CLIMAX error: 'volume'
2026-07-20 21:58:39,896 - [ERROR] - [GOLD] Strategy VOLUME_CLIMAX error: 'volume'
2026-07-20 21:58:41,237 - [ERROR] - [GOLD] Strategy VOLUME_CLIMAX error: 'volume'
2026-07-20 21:58:42,576 - [ERROR] - [GOLD] Strategy VOLUME_CLIMAX error: 'volume'
2026-07-20 21:58:43,925 - [ERROR] - [GOLD] Strategy VOLUME_CLIMAX error: 'volume'
2026-07-20 21:58:45,271 - [ERROR] - [GOLD] Strategy VOLUME_CLIMAX error: 'volume'
2026-07-20 21:58:46,620 - [ERROR] - [GOLD] Strategy VOLUME_CLIMAX error: 'volume'
2026-07-20 21:58:47,972 - [ERROR] - [GOLD] Strategy VOLUME_CLIMAX error: 'volume'
2026-07-20 21:58:49,312 - [ERROR] - [GOLD] Strategy VOLUME_CLIMAX error: 'volume'
2026-07-20 21:58:50,653 - [ERROR] - [GOLD] Strategy VOLUME_CLIMAX error: 'volume'
2026-07-20 21:58:52,006 - [ERROR] - [GOLD] Strategy VOLUME_CLIMAX error: 'volume'
2026-07-20 21:58:53,345 - [ERROR] - [GOLD] Strategy VOLUME_CLIMAX error: 'volume'
2026-07-20 21:58:54,684 - [ERROR] - [GOLD] Strategy VOLUME_CLIMAX error: 'volume'
2026-07-20 21:58:56,052 - [ERROR] - [GOLD] Strategy VOLUME_CLIMAX error: 'volume'
2026-07-20 21:58:57,413 - [ERROR] - [GOLD] Strategy VOLUME_CLIMAX error: 'volume'
2026-07-20 21:58:58,752 - [ERROR] - [GOLD] Strategy VOLUME_CLIMAX error: 'volume'
2026-07-20 21:59:00,104 - [ERROR] - [GOLD] Strategy VOLUME_CLIMAX error: 'volume'
2026-07-20 21:59:01,459 - [ERROR] - [GOLD] Strategy VOLUME_CLIMAX error: 'volume'
2026-07-20 21:59:02,805 - [ERROR] - [GOLD] Strategy VOLUME_CLIMAX error: 'volume'
2026-07-20 21:59:04,146 - [ERROR] - [GOLD] Strategy VOLUME_CLIMAX error: 'volume'
2026-07-20 21:59:05,492 - [ERROR] - [GOLD] Strategy VOLUME_CLIMAX error: 'volume'
2026-07-20 21:59:06,838 - [ERROR] - [GOLD] Strategy VOLUME_CLIMAX error: 'volume'
2026-07-20 21:59:08,182 - [ERROR] - [GOLD] Strategy VOLUME_CLIMAX error: 'volume'
2026-07-20 21:59:09,536 - [ERROR] - [GOLD] Strategy VOLUME_CLIMAX error: 'volume'
2026-07-20 21:59:10,878 - [ERROR] - [GOLD] Strategy VOLUME_CLIMAX error: 'volume'
2026-07-20 21:59:12,222 - [ERROR] - [GOLD] Strategy VOLUME_CLIMAX error: 'volume'
2026-07-20 21:59:13,571 - [ERROR] - [GOLD] Strategy VOLUME_CLIMAX error: 'volume'
2026-07-20 21:59:14,909 - [ERROR] - [GOLD] Strategy VOLUME_CLIMAX error: 'volume'
2026-07-20 21:59:16,250 - [ERROR] - [GOLD] Strategy VOLUME_CLIMAX error: 'volume'
2026-07-20 21:59:17,597 - [ERROR] - [GOLD] Strategy VOLUME_CLIMAX error: 'volume'
2026-07-20 21:59:18,936 - [ERROR] - [GOLD] Strategy VOLUME_CLIMAX error: 'volume'
2026-07-20 21:59:20,278 - [ERROR] - [GOLD] Strategy VOLUME_CLIMAX error: 'volume'
2026-07-20 21:59:20,607 - [ERROR] - [SILVER] Strategy VOLUME_CLIMAX error: 'volume'
2026-07-20 21:59:20,900 - [WARNING] - [SILVER] \U0001f6a8 Spread Protection: Live Spread (69) > Max Allowable (40). Trade Aborted.
2026-07-20 21:59:21,810 - [ERROR] - [GOLD] Strategy VOLUME_CLIMAX error: 'volume'
2026-07-20 21:59:23,158 - [ERROR] - [GOLD] Strategy VOLUME_CLIMAX error: 'volume'
2026-07-20 21:59:24,499 - [ERROR] - [GOLD] Strategy VOLUME_CLIMAX error: 'volume'
2026-07-20 21:59:25,843 - [ERROR] - [GOLD] Strategy VOLUME_CLIMAX error: 'volume'
2026-07-20 21:59:27,197 - [ERROR] - [GOLD] Strategy VOLUME_CLIMAX error: 'volume'
2026-07-20 21:59:28,535 - [ERROR] - [GOLD] Strategy VOLUME_CLIMAX error: 'volume'
2026-07-20 21:59:29,874 - [ERROR] - [GOLD] Strategy VOLUME_CLIMAX error: 'volume'
2026-07-20 21:59:31,222 - [ERROR] - [GOLD] Strategy VOLUME_CLIMAX error: 'volume'
2026-07-20 21:59:32,566 - [ERROR] - [GOLD] Strategy VOLUME_CLIMAX error: 'volume'
2026-07-20 21:59:33,902 - [ERROR] - [GOLD] Strategy VOLUME_CLIMAX error: 'volume'
2026-07-20 21:59:35,250 - [ERROR] - [GOLD] Strategy VOLUME_CLIMAX error: 'volume'
2026-07-20 21:59:36,592 - [ERROR] - [GOLD] Strategy VOLUME_CLIMAX error: 'volume'
2026-07-20 21:59:37,930 - [ERROR] - [GOLD] Strategy VOLUME_CLIMAX error: 'volume'
2026-07-20 21:59:39,295 - [ERROR] - [GOLD] Strategy VOLUME_CLIMAX error: 'volume'
2026-07-20 21:59:40,641 - [ERROR] - [GOLD] Strategy VOLUME_CLIMAX error: 'volume'
2026-07-20 21:59:41,996 - [ERROR] - [GOLD] Strategy VOLUME_CLIMAX error: 'volume'
2026-07-20 21:59:43,350 - [ERROR] - [GOLD] Strategy VOLUME_CLIMAX error: 'volume'
2026-07-20 21:59:44,686 - [ERROR] - [GOLD] Strategy VOLUME_CLIMAX error: 'volume'
2026-07-20 21:59:46,021 - [ERROR] - [GOLD] Strategy VOLUME_CLIMAX error: 'volume'
2026-07-20 21:59:47,371 - [ERROR] - [GOLD] Strategy VOLUME_CLIMAX error: 'volume'
2026-07-20 21:59:48,713 - [ERROR] - [GOLD] Strategy VOLUME_CLIMAX error: 'volume'
2026-07-20 21:59:50,060 - [ERROR] - [GOLD] Strategy VOLUME_CLIMAX error: 'volume'
2026-07-20 21:59:51,415 - [ERROR] - [GOLD] Strategy VOLUME_CLIMAX error: 'volume'
2026-07-20 21:59:52,782 - [ERROR] - [GOLD] Strategy VOLUME_CLIMAX error: 'volume'
2026-07-20 21:59:54,166 - [ERROR] - [GOLD] Strategy VOLUME_CLIMAX error: 'volume'
2026-07-20 21:59:55,526 - [ERROR] - [GOLD] Strategy VOLUME_CLIMAX error: 'volume'
2026-07-20 21:59:56,883 - [ERROR] - [GOLD] Strategy VOLUME_CLIMAX error: 'volume'
2026-07-20 21:59:58,244 - [ERROR] - [GOLD] Strategy VOLUME_CLIMAX error: 'volume'
2026-07-20 21:59:59,617 - [ERROR] - [GOLD] Strategy VOLUME_CLIMAX error: 'volume'
2026-07-20 22:00:00,967 - [WARNING] - [GOLD] \U0001f6a8 Spread Protection: Live Spread (55) > Max Allowable (40). Trade Aborted.
2026-07-20 22:01:21,233 - [ERROR] - [SILVER] Strategy VOLUME_CLIMAX error: 'volume'
2026-07-20 22:01:22,572 - [ERROR] - [SILVER] Strategy VOLUME_CLIMAX error: 'volume'
2026-07-20 22:01:23,929 - [ERROR] - [SILVER] Strategy VOLUME_CLIMAX error: 'volume'
2026-07-20 22:01:25,267 - [ERROR] - [SILVER] Strategy VOLUME_CLIMAX error: 'volume'
2026-07-20 22:01:26,610 - [ERROR] - [SILVER] Strategy VOLUME_CLIMAX error: 'volume'
2026-07-20 22:01:27,954 - [ERROR] - [SILVER] Strategy VOLUME_CLIMAX error: 'volume'
2026-07-20 22:01:29,302 - [ERROR] - [SILVER] Strategy VOLUME_CLIMAX error: 'volume'
2026-07-20 22:01:30,650 - [ERROR] - [SILVER] Strategy VOLUME_CLIMAX error: 'volume'
2026-07-20 22:01:32,006 - [ERROR] - [SILVER] Strategy VOLUME_CLIMAX error: 'volume'
2026-07-20 22:01:33,347 - [WARNING] - [SILVER] \U0001f6a8 Spread Protection: Live Spread (69) > Max Allowable (40). Trade Aborted.
2026-07-20 22:02:01,073 - [WARNING] - [GOLD] \U0001f6a8 Spread Protection: Live Spread (57) > Max Allowable (40). Trade Aborted.
2026-07-20 22:03:34,396 - [WARNING] - [SILVER] \U0001f6a8 Spread Protection: Live Spread (68) > Max Allowable (40). Trade Aborted.
2026-07-20 22:04:02,176 - [WARNING] - [GOLD] \U0001f6a8 Spread Protection: Live Spread (56) > Max Allowable (40). Trade Aborted.
2026-07-20 22:05:34,487 - [WARNING] - [SILVER] \U0001f6a8 Spread Protection: Live Spread (68) > Max Allowable (40). Trade Aborted.
2026-07-20 22:06:02,281 - [WARNING] - [GOLD] \U0001f6a8 Spread Protection: Live Spread (57) > Max Allowable (40). Trade Aborted.
2026-07-20 22:07:34,601 - [ERROR] - [SILVER] Strategy VOLUME_CLIMAX error: 'volume'
2026-07-20 22:07:35,953 - [ERROR] - [SILVER] Strategy VOLUME_CLIMAX error: 'volume'
2026-07-20 22:07:37,340 - [ERROR] - [SILVER] Strategy VOLUME_CLIMAX error: 'volume'
2026-07-20 22:07:38,698 - [ERROR] - [SILVER] Strategy VOLUME_CLIMAX error: 'volume'
2026-07-20 22:07:40,048 - [ERROR] - [SILVER] Strategy VOLUME_CLIMAX error: 'volume'
2026-07-20 22:07:41,409 - [ERROR] - [SILVER] Strategy VOLUME_CLIMAX error: 'volume'
2026-07-20 22:07:42,782 - [ERROR] - [SILVER] Strategy VOLUME_CLIMAX error: 'volume'
2026-07-20 22:07:44,132 - [ERROR] - [SILVER] Strategy VOLUME_CLIMAX error: 'volume'
2026-07-20 22:07:45,492 - [ERROR] - [SILVER] Strategy VOLUME_CLIMAX error: 'volume'
2026-07-20 22:07:46,870 - [ERROR] - [SILVER] Strategy VOLUME_CLIMAX error: 'volume'
2026-07-20 22:07:48,222 - [ERROR] - [SILVER] Strategy VOLUME_CLIMAX error: 'volume'
2026-07-20 22:07:49,588 - [ERROR] - [SILVER] Strategy VOLUME_CLIMAX error: 'volume'
2026-07-20 22:07:50,932 - [ERROR] - [SILVER] Strategy VOLUME_CLIMAX error: 'volume'
2026-07-20 22:07:52,283 - [ERROR] - [SILVER] Strategy VOLUME_CLIMAX error: 'volume'
2026-07-20 22:07:53,644 - [ERROR] - [SILVER] Strategy VOLUME_CLIMAX error: 'volume'
2026-07-20 22:07:54,995 - [ERROR] - [SILVER] Strategy VOLUME_CLIMAX error: 'volume'
2026-07-20 22:07:56,352 - [ERROR] - [SILVER] Strategy VOLUME_CLIMAX error: 'volume'
2026-07-20 22:07:57,729 - [ERROR] - [SILVER] Strategy VOLUME_CLIMAX error: 'volume'
2026-07-20 22:07:59,106 - [ERROR] - [SILVER] Strategy VOLUME_CLIMAX error: 'volume'
2026-07-20 22:08:00,482 - [ERROR] - [SILVER] Strategy VOLUME_CLIMAX error: 'volume'
2026-07-20 22:08:01,861 - [ERROR] - [SILVER] Strategy VOLUME_CLIMAX error: 'volume'
2026-07-20 22:08:02,562 - [WARNING] - [GOLD] \U0001f6a8 Spread Protection: Live Spread (56) > Max Allowable (40). Trade Aborted.
2026-07-20 22:08:03,245 - [ERROR] - [SILVER] Strategy VOLUME_CLIMAX error: 'volume'
2026-07-20 22:08:04,634 - [ERROR] - [SILVER] Strategy VOLUME_CLIMAX error: 'volume'
2026-07-20 22:08:06,000 - [ERROR] - [SILVER] Strategy VOLUME_CLIMAX error: 'volume'
2026-07-20 22:08:07,387 - [ERROR] - [SILVER] Strategy VOLUME_CLIMAX error: 'volume'
2026-07-20 22:08:08,775 - [ERROR] - [SILVER] Strategy VOLUME_CLIMAX error: 'volume'
2026-07-20 22:08:10,149 - [ERROR] - [SILVER] Strategy VOLUME_CLIMAX error: 'volume'
2026-07-20 22:08:11,532 - [ERROR] - [SILVER] Strategy VOLUME_CLIMAX error: 'volume'
2026-07-20 22:08:12,913 - [ERROR] - [SILVER] Strategy VOLUME_CLIMAX error: 'volume'
2026-07-20 22:08:14,285 - [ERROR] - [SILVER] Strategy VOLUME_CLIMAX error: 'volume'
2026-07-20 22:08:15,651 - [ERROR] - [SILVER] Strategy VOLUME_CLIMAX error: 'volume'
2026-07-20 22:08:17,024 - [ERROR] - [SILVER] Strategy VOLUME_CLIMAX error: 'volume'
2026-07-20 22:08:18,376 - [ERROR] - [SILVER] Strategy VOLUME_CLIMAX error: 'volume'
2026-07-20 22:08:19,727 - [ERROR] - [SILVER] Strategy VOLUME_CLIMAX error: 'volume'
2026-07-20 22:08:21,083 - [ERROR] - [SILVER] Strategy VOLUME_CLIMAX error: 'volume'
2026-07-20 22:08:22,444 - [ERROR] - [SILVER] Strategy VOLUME_CLIMAX error: 'volume'
2026-07-20 22:08:23,816 - [ERROR] - [SILVER] Strategy VOLUME_CLIMAX error: 'volume'
2026-07-20 22:08:25,190 - [ERROR] - [SILVER] Strategy VOLUME_CLIMAX error: 'volume'
2026-07-20 22:08:26,572 - [ERROR] - [SILVER] Strategy VOLUME_CLIMAX error: 'volume'
2026-07-20 22:08:27,935 - [ERROR] - [SILVER] Strategy VOLUME_CLIMAX error: 'volume'
2026-07-20 22:08:29,329 - [ERROR] - [SILVER] Strategy VOLUME_CLIMAX error: 'volume'
2026-07-20 22:08:30,699 - [ERROR] - [SILVER] Strategy VOLUME_CLIMAX error: 'volume'
2026-07-20 22:08:32,092 - [ERROR] - [SILVER] Strategy VOLUME_CLIMAX error: 'volume'
2026-07-20 22:08:33,454 - [ERROR] - [SILVER] Strategy VOLUME_CLIMAX error: 'volume'
2026-07-20 22:08:34,847 - [ERROR] - [SILVER] Strategy VOLUME_CLIMAX error: 'volume'
2026-07-20 22:08:36,220 - [ERROR] - [SILVER] Strategy VOLUME_CLIMAX error: 'volume'
2026-07-20 22:08:37,581 - [ERROR] - [SILVER] Strategy VOLUME_CLIMAX error: 'volume'
2026-07-20 22:08:38,936 - [ERROR] - [SILVER] Strategy VOLUME_CLIMAX error: 'volume'
2026-07-20 22:08:40,311 - [ERROR] - [SILVER] Strategy VOLUME_CLIMAX error: 'volume'
2026-07-20 22:08:41,701 - [ERROR] - [SILVER] Strategy VOLUME_CLIMAX error: 'volume'
2026-07-20 22:08:43,068 - [ERROR] - [SILVER] Strategy VOLUME_CLIMAX error: 'volume'
2026-07-20 22:08:44,426 - [ERROR] - [SILVER] Strategy VOLUME_CLIMAX error: 'volume'
2026-07-20 22:08:45,775 - [ERROR] - [SILVER] Strategy VOLUME_CLIMAX error: 'volume'
2026-07-20 22:08:47,158 - [ERROR] - [SILVER] Strategy VOLUME_CLIMAX error: 'volume'
2026-07-20 22:08:48,561 - [ERROR] - [SILVER] Strategy VOLUME_CLIMAX error: 'volume'
2026-07-20 22:08:49,939 - [ERROR] - [SILVER] Strategy VOLUME_CLIMAX error: 'volume'
2026-07-20 22:08:51,329 - [ERROR] - [SILVER] Strategy VOLUME_CLIMAX error: 'volume'
2026-07-20 22:08:52,737 - [ERROR] - [SILVER] Strategy VOLUME_CLIMAX error: 'volume'
2026-07-20 22:08:54,097 - [ERROR] - [SILVER] Strategy VOLUME_CLIMAX error: 'volume'
2026-07-20 22:08:55,472 - [ERROR] - [SILVER] Strategy VOLUME_CLIMAX error: 'volume'
2026-07-20 22:08:56,826 - [ERROR] - [SILVER] Strategy VOLUME_CLIMAX error: 'volume'
2026-07-20 22:08:58,185 - [ERROR] - [SILVER] Strategy VOLUME_CLIMAX error: 'volume'
2026-07-20 22:08:59,544 - [ERROR] - [SILVER] Strategy VOLUME_CLIMAX error: 'volume'
2026-07-20 22:09:00,896 - [ERROR] - [SILVER] Strategy VOLUME_CLIMAX error: 'volume'
2026-07-20 22:09:02,258 - [ERROR] - [SILVER] Strategy VOLUME_CLIMAX error: 'volume'
2026-07-20 22:09:03,677 - [ERROR] - [SILVER] Strategy VOLUME_CLIMAX error: 'volume'
2026-07-20 22:09:05,033 - [ERROR] - [SILVER] Strategy VOLUME_CLIMAX error: 'volume'
2026-07-20 22:09:06,385 - [ERROR] - [SILVER] Strategy VOLUME_CLIMAX error: 'volume'
2026-07-20 22:09:07,736 - [ERROR] - [SILVER] Strategy VOLUME_CLIMAX error: 'volume'
2026-07-20 22:09:09,079 - [ERROR] - [SILVER] Strategy VOLUME_CLIMAX error: 'volume'
2026-07-20 22:09:10,421 - [ERROR] - [SILVER] Strategy VOLUME_CLIMAX error: 'volume'
2026-07-20 22:09:11,779 - [ERROR] - [SILVER] Strategy VOLUME_CLIMAX error: 'volume'
2026-07-20 22:09:13,145 - [ERROR] - [SILVER] Strategy VOLUME_CLIMAX error: 'volume'
2026-07-20 22:09:14,496 - [ERROR] - [SILVER] Strategy VOLUME_CLIMAX error: 'volume'
2026-07-20 22:09:15,869 - [ERROR] - [SILVER] Strategy VOLUME_CLIMAX error: 'volume'
2026-07-20 22:09:17,267 - [ERROR] - [SILVER] Strategy VOLUME_CLIMAX error: 'volume'
2026-07-20 22:09:18,674 - [ERROR] - [SILVER] Strategy VOLUME_CLIMAX error: 'volume'
2026-07-20 22:09:20,055 - [ERROR] - [SILVER] Strategy VOLUME_CLIMAX error: 'volume'
2026-07-20 22:09:21,436 - [ERROR] - [SILVER] Strategy VOLUME_CLIMAX error: 'volume'
2026-07-20 22:09:22,805 - [ERROR] - [SILVER] Strategy VOLUME_CLIMAX error: 'volume'
2026-07-20 22:09:24,206 - [ERROR] - [SILVER] Strategy VOLUME_CLIMAX error: 'volume'
2026-07-20 22:09:25,614 - [ERROR] - [SILVER] Strategy VOLUME_CLIMAX error: 'volume'
2026-07-20 22:09:27,000 - [ERROR] - [SILVER] Strategy VOLUME_CLIMAX error: 'volume'
2026-07-20 22:09:28,379 - [ERROR] - [SILVER] Strategy VOLUME_CLIMAX error: 'volume'
2026-07-20 22:09:29,797 - [ERROR] - [SILVER] Strategy VOLUME_CLIMAX error: 'volume'
2026-07-20 22:09:31,172 - [ERROR] - [SILVER] Strategy VOLUME_CLIMAX error: 'volume'
2026-07-20 22:09:32,535 - [ERROR] - [SILVER] Strategy VOLUME_CLIMAX error: 'volume'
2026-07-20 22:09:33,883 - [ERROR] - [SILVER] Strategy VOLUME_CLIMAX error: 'volume'
2026-07-20 22:09:35,250 - [ERROR] - [SILVER] Strategy VOLUME_CLIMAX error: 'volume'
2026-07-20 22:09:36,630 - [ERROR] - [SILVER] Strategy VOLUME_CLIMAX error: 'volume'
2026-07-20 22:09:37,988 - [ERROR] - [SILVER] Strategy VOLUME_CLIMAX error: 'volume'
2026-07-20 22:09:39,362 - [ERROR] - [SILVER] Strategy VOLUME_CLIMAX error: 'volume'
2026-07-20 22:09:40,728 - [ERROR] - [SILVER] Strategy VOLUME_CLIMAX error: 'volume'
2026-07-20 22:09:42,102 - [ERROR] - [SILVER] Strategy VOLUME_CLIMAX error: 'volume'
2026-07-20 22:09:43,477 - [ERROR] - [SILVER] Strategy VOLUME_CLIMAX error: 'volume'
2026-07-20 22:09:44,834 - [ERROR] - [SILVER] Strategy VOLUME_CLIMAX error: 'volume'
2026-07-20 22:09:46,221 - [ERROR] - [SILVER] Strategy VOLUME_CLIMAX error: 'volume'
2026-07-20 22:09:47,613 - [ERROR] - [SILVER] Strategy VOLUME_CLIMAX error: 'volume'
2026-07-20 22:09:49,006 - [ERROR] - [SILVER] Strategy VOLUME_CLIMAX error: 'volume'
2026-07-20 22:09:50,390 - [ERROR] - [SILVER] Strategy VOLUME_CLIMAX error: 'volume'
2026-07-20 22:09:51,765 - [ERROR] - [SILVER] Strategy VOLUME_CLIMAX error: 'volume'
2026-07-20 22:09:53,141 - [ERROR] - [SILVER] Strategy VOLUME_CLIMAX error: 'volume'
2026-07-20 22:09:54,522 - [ERROR] - [SILVER] Strategy VOLUME_CLIMAX error: 'volume'
2026-07-20 22:09:55,895 - [ERROR] - [SILVER] Strategy VOLUME_CLIMAX error: 'volume'
2026-07-20 22:09:57,271 - [ERROR] - [SILVER] Strategy VOLUME_CLIMAX error: 'volume'
2026-07-20 22:09:58,674 - [ERROR] - [SILVER] Strategy VOLUME_CLIMAX error: 'volume'
2026-07-20 22:10:00,056 - [ERROR] - [SILVER] Strategy VOLUME_CLIMAX error: 'volume'
2026-07-20 22:10:01,443 - [ERROR] - [SILVER] Strategy VOLUME_CLIMAX error: 'volume'
2026-07-20 22:10:02,832 - [ERROR] - [SILVER] Strategy VOLUME_CLIMAX error: 'volume'
2026-07-20 22:10:03,651 - [ERROR] - [GOLD] Strategy VOLUME_CLIMAX error: 'volume'
2026-07-20 22:10:04,202 - [ERROR] - [SILVER] Strategy VOLUME_CLIMAX error: 'volume'
2026-07-20 22:10:05,046 - [ERROR] - [GOLD] Strategy VOLUME_CLIMAX error: 'volume'
2026-07-20 22:10:05,591 - [ERROR] - [SILVER] Strategy VOLUME_CLIMAX error: 'volume'
2026-07-20 22:10:06,442 - [ERROR] - [GOLD] Strategy VOLUME_CLIMAX error: 'volume'
2026-07-20 22:10:06,982 - [ERROR] - [SILVER] Strategy VOLUME_CLIMAX error: 'volume'
2026-07-20 22:10:07,827 - [ERROR] - [GOLD] Strategy VOLUME_CLIMAX error: 'volume'
2026-07-20 22:10:08,354 - [ERROR] - [SILVER] Strategy VOLUME_CLIMAX error: 'volume'
2026-07-20 22:10:09,221 - [ERROR] - [GOLD] Strategy VOLUME_CLIMAX error: 'volume'
2026-07-20 22:10:09,727 - [ERROR] - [SILVER] Strategy VOLUME_CLIMAX error: 'volume'
2026-07-20 22:10:10,600 - [ERROR] - [GOLD] Strategy VOLUME_CLIMAX error: 'volume'
2026-07-20 22:10:11,100 - [ERROR] - [SILVER] Strategy VOLUME_CLIMAX error: 'volume'
2026-07-20 22:10:11,988 - [ERROR] - [GOLD] Strategy VOLUME_CLIMAX error: 'volume'
2026-07-20 22:10:12,483 - [ERROR] - [SILVER] Strategy VOLUME_CLIMAX error: 'volume'
2026-07-20 22:10:13,388 - [ERROR] - [GOLD] Strategy VOLUME_CLIMAX error: 'volume'
2026-07-20 22:10:13,858 - [ERROR] - [SILVER] Strategy VOLUME_CLIMAX error: 'volume'
2026-07-20 22:10:14,813 - [ERROR] - [GOLD] Strategy VOLUME_CLIMAX error: 'volume'
2026-07-20 22:10:15,249 - [ERROR] - [SILVER] Strategy VOLUME_CLIMAX error: 'volume'
2026-07-20 22:10:16,190 - [ERROR] - [GOLD] Strategy VOLUME_CLIMAX error: 'volume'
2026-07-20 22:10:16,624 - [ERROR] - [SILVER] Strategy VOLUME_CLIMAX error: 'volume'
2026-07-20 22:10:17,578 - [ERROR] - [GOLD] Strategy VOLUME_CLIMAX error: 'volume'
2026-07-20 22:10:17,987 - [ERROR] - [SILVER] Strategy VOLUME_CLIMAX error: 'volume'
2026-07-20 22:10:18,948 - [ERROR] - [GOLD] Strategy VOLUME_CLIMAX error: 'volume'
2026-07-20 22:10:19,351 - [ERROR] - [SILVER] Strategy VOLUME_CLIMAX error: 'volume'
2026-07-20 22:10:20,326 - [ERROR] - [GOLD] Strategy VOLUME_CLIMAX error: 'volume'
2026-07-20 22:10:20,732 - [ERROR] - [SILVER] Strategy VOLUME_CLIMAX error: 'volume'
2026-07-20 22:10:21,713 - [ERROR] - [GOLD] Strategy VOLUME_CLIMAX error: 'volume'
2026-07-20 22:10:22,114 - [ERROR] - [SILVER] Strategy VOLUME_CLIMAX error: 'volume'
2026-07-20 22:10:23,085 - [ERROR] - [GOLD] Strategy VOLUME_CLIMAX error: 'volume'
2026-07-20 22:10:23,494 - [ERROR] - [SILVER] Strategy VOLUME_CLIMAX error: 'volume'
2026-07-20 22:10:24,459 - [ERROR] - [GOLD] Strategy VOLUME_CLIMAX error: 'volume'
2026-07-20 22:10:24,867 - [ERROR] - [SILVER] Strategy VOLUME_CLIMAX error: 'volume'
2026-07-20 22:10:25,819 - [ERROR] - [GOLD] Strategy VOLUME_CLIMAX error: 'volume'
2026-07-20 22:10:26,257 - [ERROR] - [SILVER] Strategy VOLUME_CLIMAX error: 'volume'
2026-07-20 22:10:27,211 - [ERROR] - [GOLD] Strategy VOLUME_CLIMAX error: 'volume'
2026-07-20 22:10:27,636 - [ERROR] - [SILVER] Strategy VOLUME_CLIMAX error: 'volume'
2026-07-20 22:10:28,580 - [ERROR] - [GOLD] Strategy VOLUME_CLIMAX error: 'volume'
2026-07-20 22:10:29,000 - [ERROR] - [SILVER] Strategy VOLUME_CLIMAX error: 'volume'
2026-07-20 22:10:29,950 - [ERROR] - [GOLD] Strategy VOLUME_CLIMAX error: 'volume'
2026-07-20 22:10:30,363 - [ERROR] - [SILVER] Strategy VOLUME_CLIMAX error: 'volume'
2026-07-20 22:10:31,327 - [ERROR] - [GOLD] Strategy VOLUME_CLIMAX error: 'volume'
2026-07-20 22:10:31,737 - [ERROR] - [SILVER] Strategy VOLUME_CLIMAX error: 'volume'
2026-07-20 22:10:32,704 - [ERROR] - [GOLD] Strategy VOLUME_CLIMAX error: 'volume'
2026-07-20 22:10:33,105 - [ERROR] - [SILVER] Strategy VOLUME_CLIMAX error: 'volume'
2026-07-20 22:10:34,089 - [ERROR] - [GOLD] Strategy VOLUME_CLIMAX error: 'volume'
2026-07-20 22:10:34,482 - [ERROR] - [SILVER] Strategy VOLUME_CLIMAX error: 'volume'
2026-07-20 22:10:35,477 - [ERROR] - [GOLD] Strategy VOLUME_CLIMAX error: 'volume'
2026-07-20 22:10:35,849 - [ERROR] - [SILVER] Strategy VOLUME_CLIMAX error: 'volume'
2026-07-20 22:10:36,858 - [ERROR] - [GOLD] Strategy VOLUME_CLIMAX error: 'volume'
2026-07-20 22:10:37,225 - [ERROR] - [SILVER] Strategy VOLUME_CLIMAX error: 'volume'
2026-07-20 22:10:38,228 - [ERROR] - [GOLD] Strategy VOLUME_CLIMAX error: 'volume'
2026-07-20 22:10:38,613 - [ERROR] - [SILVER] Strategy VOLUME_CLIMAX error: 'volume'
2026-07-20 22:10:39,594 - [ERROR] - [GOLD] Strategy VOLUME_CLIMAX error: 'volume'
2026-07-20 22:10:39,972 - [ERROR] - [SILVER] Strategy VOLUME_CLIMAX error: 'volume'
2026-07-20 22:10:40,977 - [ERROR] - [GOLD] Strategy VOLUME_CLIMAX error: 'volume'
2026-07-20 22:10:41,330 - [ERROR] - [SILVER] Strategy VOLUME_CLIMAX error: 'volume'
2026-07-20 22:10:42,329 - [ERROR] - [GOLD] Strategy VOLUME_CLIMAX error: 'volume'
2026-07-20 22:10:42,699 - [ERROR] - [SILVER] Strategy VOLUME_CLIMAX error: 'volume'
2026-07-20 22:10:43,681 - [ERROR] - [GOLD] Strategy VOLUME_CLIMAX error: 'volume'
2026-07-20 22:10:44,054 - [ERROR] - [SILVER] Strategy VOLUME_CLIMAX error: 'volume'
2026-07-20 22:10:45,052 - [ERROR] - [GOLD] Strategy VOLUME_CLIMAX error: 'volume'
2026-07-20 22:10:45,436 - [ERROR] - [SILVER] Strategy VOLUME_CLIMAX error: 'volume'
2026-07-20 22:10:46,441 - [ERROR] - [GOLD] Strategy VOLUME_CLIMAX error: 'volume'
2026-07-20 22:10:46,841 - [ERROR] - [SILVER] Strategy VOLUME_CLIMAX error: 'volume'
2026-07-20 22:10:47,904 - [ERROR] - [GOLD] Strategy VOLUME_CLIMAX error: 'volume'
2026-07-20 22:10:48,272 - [ERROR] - [SILVER] Strategy VOLUME_CLIMAX error: 'volume'
2026-07-20 22:10:49,319 - [ERROR] - [GOLD] Strategy VOLUME_CLIMAX error: 'volume'
2026-07-20 22:10:49,709 - [ERROR] - [SILVER] Strategy VOLUME_CLIMAX error: 'volume'
2026-07-20 22:10:50,753 - [ERROR] - [GOLD] Strategy VOLUME_CLIMAX error: 'volume'
2026-07-20 22:10:51,147 - [ERROR] - [SILVER] Strategy VOLUME_CLIMAX error: 'volume'
2026-07-20 22:10:52,186 - [ERROR] - [GOLD] Strategy VOLUME_CLIMAX error: 'volume'
2026-07-20 22:10:52,567 - [ERROR] - [SILVER] Strategy VOLUME_CLIMAX error: 'volume'
2026-07-20 22:10:53,607 - [ERROR] - [GOLD] Strategy VOLUME_CLIMAX error: 'volume'
2026-07-20 22:10:53,972 - [ERROR] - [SILVER] Strategy VOLUME_CLIMAX error: 'volume'
2026-07-20 22:10:54,985 - [ERROR] - [GOLD] Strategy VOLUME_CLIMAX error: 'volume'
2026-07-20 22:10:55,347 - [ERROR] - [SILVER] Strategy VOLUME_CLIMAX error: 'volume'
2026-07-20 22:10:56,367 - [ERROR] - [GOLD] Strategy VOLUME_CLIMAX error: 'volume'
2026-07-20 22:10:56,739 - [ERROR] - [SILVER] Strategy VOLUME_CLIMAX error: 'volume'
2026-07-20 22:10:57,754 - [ERROR] - [GOLD] Strategy VOLUME_CLIMAX error: 'volume'
2026-07-20 22:10:58,118 - [ERROR] - [SILVER] Strategy VOLUME_CLIMAX error: 'volume'
2026-07-20 22:10:59,134 - [ERROR] - [GOLD] Strategy VOLUME_CLIMAX error: 'volume'
2026-07-20 22:10:59,510 - [ERROR] - [SILVER] Strategy VOLUME_CLIMAX error: 'volume'
2026-07-20 22:11:00,537 - [ERROR] - [GOLD] Strategy VOLUME_CLIMAX error: 'volume'
2026-07-20 22:11:00,923 - [ERROR] - [SILVER] Strategy VOLUME_CLIMAX error: 'volume'
2026-07-20 22:11:01,928 - [ERROR] - [GOLD] Strategy VOLUME_CLIMAX error: 'volume'
2026-07-20 22:11:02,308 - [ERROR] - [SILVER] Strategy VOLUME_CLIMAX error: 'volume'
2026-07-20 22:11:03,283 - [ERROR] - [GOLD] Strategy VOLUME_CLIMAX error: 'volume'
2026-07-20 22:11:03,693 - [ERROR] - [SILVER] Strategy VOLUME_CLIMAX error: 'volume'
2026-07-20 22:11:04,652 - [ERROR] - [GOLD] Strategy VOLUME_CLIMAX error: 'volume'
2026-07-20 22:11:05,071 - [ERROR] - [SILVER] Strategy VOLUME_CLIMAX error: 'volume'
2026-07-20 22:11:06,022 - [ERROR] - [GOLD] Strategy VOLUME_CLIMAX error: 'volume'
2026-07-20 22:11:06,465 - [ERROR] - [SILVER] Strategy VOLUME_CLIMAX error: 'volume'
2026-07-20 22:11:07,389 - [ERROR] - [GOLD] Strategy VOLUME_CLIMAX error: 'volume'
2026-07-20 22:11:07,839 - [ERROR] - [SILVER] Strategy VOLUME_CLIMAX error: 'volume'
2026-07-20 22:11:08,740 - [ERROR] - [GOLD] Strategy VOLUME_CLIMAX error: 'volume'
2026-07-20 22:11:09,217 - [ERROR] - [SILVER] Strategy VOLUME_CLIMAX error: 'volume'
2026-07-20 22:11:10,092 - [ERROR] - [GOLD] Strategy VOLUME_CLIMAX error: 'volume'
2026-07-20 22:11:10,611 - [ERROR] - [SILVER] Strategy VOLUME_CLIMAX error: 'volume'
2026-07-20 22:11:11,462 - [ERROR] - [GOLD] Strategy VOLUME_CLIMAX error: 'volume'
2026-07-20 22:11:11,999 - [ERROR] - [SILVER] Strategy VOLUME_CLIMAX error: 'volume'
2026-07-20 22:11:12,845 - [ERROR] - [GOLD] Strategy VOLUME_CLIMAX error: 'volume'
2026-07-20 22:11:13,378 - [ERROR] - [SILVER] Strategy VOLUME_CLIMAX error: 'volume'
2026-07-20 22:11:14,209 - [ERROR] - [GOLD] Strategy VOLUME_CLIMAX error: 'volume'
2026-07-20 22:11:14,749 - [ERROR] - [SILVER] Strategy VOLUME_CLIMAX error: 'volume'
2026-07-20 22:11:15,584 - [ERROR] - [GOLD] Strategy VOLUME_CLIMAX error: 'volume'
2026-07-20 22:11:16,144 - [ERROR] - [SILVER] Strategy VOLUME_CLIMAX error: 'volume'
2026-07-20 22:11:16,947 - [ERROR] - [GOLD] Strategy VOLUME_CLIMAX error: 'volume'
2026-07-20 22:11:17,527 - [ERROR] - [SILVER] Strategy VOLUME_CLIMAX error: 'volume'
2026-07-20 22:11:18,328 - [ERROR] - [GOLD] Strategy VOLUME_CLIMAX error: 'volume'
2026-07-20 22:11:18,927 - [ERROR] - [SILVER] Strategy VOLUME_CLIMAX error: 'volume'
2026-07-20 22:11:19,682 - [ERROR] - [GOLD] Strategy VOLUME_CLIMAX error: 'volume'
2026-07-20 22:11:20,319 - [ERROR] - [SILVER] Strategy VOLUME_CLIMAX error: 'volume'
2026-07-20 22:11:21,062 - [ERROR] - [GOLD] Strategy VOLUME_CLIMAX error: 'volume'
2026-07-20 22:11:21,687 - [ERROR] - [SILVER] Strategy VOLUME_CLIMAX error: 'volume'
2026-07-20 22:11:22,426 - [ERROR] - [GOLD] Strategy VOLUME_CLIMAX error: 'volume'
2026-07-20 22:11:23,043 - [WARNING] - [SILVER] \U0001f6a8 Spread Protection: Live Spread (71) > Max Allowable (40). Trade Aborted.
2026-07-20 22:11:23,769 - [WARNING] - [GOLD] \U0001f6a8 Spread Protection: Live Spread (70) > Max Allowable (40). Trade Aborted.
2026-07-20 22:13:23,280 - [ERROR] - [SILVER] Strategy VOLUME_CLIMAX error: 'volume'
2026-07-20 22:13:23,865 - [WARNING] - [GOLD] \U0001f6a8 Spread Protection: Live Spread (58) > Max Allowable (40). Trade Aborted.
2026-07-20 22:13:24,660 - [ERROR] - [SILVER] Strategy VOLUME_CLIMAX error: 'volume'
2026-07-20 22:13:26,045 - [ERROR] - [SILVER] Strategy VOLUME_CLIMAX error: 'volume'
2026-07-20 22:13:27,430 - [ERROR] - [SILVER] Strategy VOLUME_CLIMAX error: 'volume'
2026-07-20 22:13:28,795 - [ERROR] - [SILVER] Strategy VOLUME_CLIMAX error: 'volume'
2026-07-20 22:13:30,189 - [ERROR] - [SILVER] Strategy VOLUME_CLIMAX error: 'volume'
2026-07-20 22:13:31,558 - [ERROR] - [SILVER] Strategy VOLUME_CLIMAX error: 'volume'
2026-07-20 22:13:32,923 - [ERROR] - [SILVER] Strategy VOLUME_CLIMAX error: 'volume'
2026-07-20 22:13:34,303 - [ERROR] - [SILVER] Strategy VOLUME_CLIMAX error: 'volume'
2026-07-20 22:13:35,684 - [ERROR] - [SILVER] Strategy VOLUME_CLIMAX error: 'volume'
2026-07-20 22:13:37,078 - [ERROR] - [SILVER] Strategy VOLUME_CLIMAX error: 'volume'
2026-07-20 22:13:38,453 - [ERROR] - [SILVER] Strategy VOLUME_CLIMAX error: 'volume'
2026-07-20 22:13:39,833 - [ERROR] - [SILVER] Strategy VOLUME_CLIMAX error: 'volume'
2026-07-20 22:13:41,203 - [ERROR] - [SILVER] Strategy VOLUME_CLIMAX error: 'volume'
2026-07-20 22:13:42,588 - [ERROR] - [SILVER] Strategy VOLUME_CLIMAX error: 'volume'
2026-07-20 22:13:43,948 - [ERROR] - [SILVER] Strategy VOLUME_CLIMAX error: 'volume'
2026-07-20 22:13:45,306 - [ERROR] - [SILVER] Strategy VOLUME_CLIMAX error: 'volume'
2026-07-20 22:13:46,663 - [ERROR] - [SILVER] Strategy VOLUME_CLIMAX error: 'volume'
2026-07-20 22:13:48,012 - [ERROR] - [SILVER] Strategy VOLUME_CLIMAX error: 'volume'
2026-07-20 22:13:49,372 - [ERROR] - [SILVER] Strategy VOLUME_CLIMAX error: 'volume'
2026-07-20 22:13:50,741 - [ERROR] - [SILVER] Strategy VOLUME_CLIMAX error: 'volume'
2026-07-20 22:13:52,115 - [ERROR] - [SILVER] Strategy VOLUME_CLIMAX error: 'volume'
2026-07-20 22:13:53,519 - [ERROR] - [SILVER] Strategy VOLUME_CLIMAX error: 'volume'
2026-07-20 22:13:54,900 - [ERROR] - [SILVER] Strategy VOLUME_CLIMAX error: 'volume'
2026-07-20 22:13:56,307 - [ERROR] - [SILVER] Strategy VOLUME_CLIMAX error: 'volume'
2026-07-20 22:13:57,714 - [ERROR] - [SILVER] Strategy VOLUME_CLIMAX error: 'volume'
2026-07-20 22:13:59,117 - [ERROR] - [SILVER] Strategy VOLUME_CLIMAX error: 'volume'
2026-07-20 22:14:00,495 - [ERROR] - [SILVER] Strategy VOLUME_CLIMAX error: 'volume'
2026-07-20 22:14:01,879 - [ERROR] - [SILVER] Strategy VOLUME_CLIMAX error: 'volume'
2026-07-20 22:14:03,277 - [ERROR] - [SILVER] Strategy VOLUME_CLIMAX error: 'volume'
2026-07-20 22:14:04,691 - [ERROR] - [SILVER] Strategy VOLUME_CLIMAX error: 'volume'
2026-07-20 22:14:06,078 - [ERROR] - [SILVER] Strategy VOLUME_CLIMAX error: 'volume'
2026-07-20 22:14:07,456 - [ERROR] - [SILVER] Strategy VOLUME_CLIMAX error: 'volume'
2026-07-20 22:14:08,846 - [ERROR] - [SILVER] Strategy VOLUME_CLIMAX error: 'volume'
2026-07-20 22:14:10,232 - [ERROR] - [SILVER] Strategy VOLUME_CLIMAX error: 'volume'
2026-07-20 22:14:11,620 - [ERROR] - [SILVER] Strategy VOLUME_CLIMAX error: 'volume'
2026-07-20 22:14:12,992 - [ERROR] - [SILVER] Strategy VOLUME_CLIMAX error: 'volume'
2026-07-20 22:14:14,388 - [ERROR] - [SILVER] Strategy VOLUME_CLIMAX error: 'volume'
2026-07-20 22:14:15,790 - [ERROR] - [SILVER] Strategy VOLUME_CLIMAX error: 'volume'
2026-07-20 22:14:17,181 - [ERROR] - [SILVER] Strategy VOLUME_CLIMAX error: 'volume'
2026-07-20 22:14:18,560 - [ERROR] - [SILVER] Strategy VOLUME_CLIMAX error: 'volume'
2026-07-20 22:14:19,950 - [ERROR] - [SILVER] Strategy VOLUME_CLIMAX error: 'volume'
2026-07-20 22:14:21,309 - [ERROR] - [SILVER] Strategy VOLUME_CLIMAX error: 'volume'
2026-07-20 22:14:22,672 - [ERROR] - [SILVER] Strategy VOLUME_CLIMAX error: 'volume'
2026-07-20 22:14:24,045 - [ERROR] - [SILVER] Strategy VOLUME_CLIMAX error: 'volume'
2026-07-20 22:14:25,412 - [ERROR] - [SILVER] Strategy VOLUME_CLIMAX error: 'volume'
2026-07-20 22:14:26,778 - [ERROR] - [SILVER] Strategy VOLUME_CLIMAX error: 'volume'
2026-07-20 22:14:28,161 - [ERROR] - [SILVER] Strategy VOLUME_CLIMAX error: 'volume'
2026-07-20 22:14:29,540 - [ERROR] - [SILVER] Strategy VOLUME_CLIMAX error: 'volume'
2026-07-20 22:14:30,898 - [ERROR] - [SILVER] Strategy VOLUME_CLIMAX error: 'volume'
2026-07-20 22:14:32,255 - [ERROR] - [SILVER] Strategy VOLUME_CLIMAX error: 'volume'
2026-07-20 22:14:33,607 - [ERROR] - [SILVER] Strategy VOLUME_CLIMAX error: 'volume'
2026-07-20 22:14:34,979 - [ERROR] - [SILVER] Strategy VOLUME_CLIMAX error: 'volume'
2026-07-20 22:14:36,357 - [ERROR] - [SILVER] Strategy VOLUME_CLIMAX error: 'volume'
2026-07-20 22:14:37,776 - [ERROR] - [SILVER] Strategy VOLUME_CLIMAX error: 'volume'
2026-07-20 22:14:39,153 - [ERROR] - [SILVER] Strategy VOLUME_CLIMAX error: 'volume'
2026-07-20 22:14:40,525 - [ERROR] - [SILVER] Strategy VOLUME_CLIMAX error: 'volume'
2026-07-20 22:14:41,892 - [ERROR] - [SILVER] Strategy VOLUME_CLIMAX error: 'volume'
2026-07-20 22:14:43,272 - [ERROR] - [SILVER] Strategy VOLUME_CLIMAX error: 'volume'
2026-07-20 22:14:44,671 - [ERROR] - [SILVER] Strategy VOLUME_CLIMAX error: 'volume'
2026-07-20 22:14:46,050 - [ERROR] - [SILVER] Strategy VOLUME_CLIMAX error: 'volume'
2026-07-20 22:14:47,451 - [ERROR] - [SILVER] Strategy VOLUME_CLIMAX error: 'volume'
2026-07-20 22:14:48,844 - [ERROR] - [SILVER] Strategy VOLUME_CLIMAX error: 'volume'
2026-07-20 22:14:50,230 - [ERROR] - [SILVER] Strategy VOLUME_CLIMAX error: 'volume'
2026-07-20 22:14:51,606 - [ERROR] - [SILVER] Strategy VOLUME_CLIMAX error: 'volume'
2026-07-20 22:14:52,992 - [ERROR] - [SILVER] Strategy VOLUME_CLIMAX error: 'volume'
2026-07-20 22:14:54,378 - [ERROR] - [SILVER] Strategy VOLUME_CLIMAX error: 'volume'
2026-07-20 22:14:55,763 - [ERROR] - [SILVER] Strategy VOLUME_CLIMAX error: 'volume'
2026-07-20 22:14:57,168 - [ERROR] - [SILVER] Strategy VOLUME_CLIMAX error: 'volume'
2026-07-20 22:14:58,566 - [ERROR] - [SILVER] Strategy VOLUME_CLIMAX error: 'volume'
2026-07-20 22:14:59,960 - [ERROR] - [SILVER] Strategy VOLUME_CLIMAX error: 'volume'
2026-07-20 22:15:00,031 - [WARNING] - [SILVER] \U0001f6a8 Spread Protection: Live Spread (72) > Max Allowable (40). Trade Aborted.
2026-07-20 22:15:24,601 - [WARNING] - [GOLD] \U0001f6a8 Spread Protection: Live Spread (56) > Max Allowable (40). Trade Aborted.
2026-07-20 22:17:01,111 - [WARNING] - [SILVER] \U0001f6a8 Spread Protection: Live Spread (72) > Max Allowable (40). Trade Aborted.
2026-07-20 22:17:25,696 - [ERROR] - [GOLD] Strategy VOLUME_CLIMAX error: 'volume'
2026-07-20 22:17:27,077 - [ERROR] - [GOLD] Strategy VOLUME_CLIMAX error: 'volume'
2026-07-20 22:17:28,440 - [ERROR] - [GOLD] Strategy VOLUME_CLIMAX error: 'volume'
2026-07-20 22:17:29,790 - [ERROR] - [GOLD] Strategy VOLUME_CLIMAX error: 'volume'
2026-07-20 22:17:31,184 - [ERROR] - [GOLD] Strategy VOLUME_CLIMAX error: 'volume'
2026-07-20 22:17:32,565 - [ERROR] - [GOLD] Strategy VOLUME_CLIMAX error: 'volume'
2026-07-20 22:17:33,932 - [ERROR] - [GOLD] Strategy VOLUME_CLIMAX error: 'volume'
2026-07-20 22:17:35,290 - [ERROR] - [GOLD] Strategy VOLUME_CLIMAX error: 'volume'
2026-07-20 22:17:36,670 - [ERROR] - [GOLD] Strategy VOLUME_CLIMAX error: 'volume'
2026-07-20 22:17:38,036 - [ERROR] - [GOLD] Strategy VOLUME_CLIMAX error: 'volume'
2026-07-20 22:17:39,410 - [ERROR] - [GOLD] Strategy VOLUME_CLIMAX error: 'volume'
2026-07-20 22:17:40,795 - [ERROR] - [GOLD] Strategy VOLUME_CLIMAX error: 'volume'
2026-07-20 22:17:42,153 - [ERROR] - [GOLD] Strategy VOLUME_CLIMAX error: 'volume'
2026-07-20 22:17:43,517 - [ERROR] - [GOLD] Strategy VOLUME_CLIMAX error: 'volume'
2026-07-20 22:17:44,898 - [ERROR] - [GOLD] Strategy VOLUME_CLIMAX error: 'volume'
2026-07-20 22:17:46,273 - [ERROR] - [GOLD] Strategy VOLUME_CLIMAX error: 'volume'
2026-07-20 22:17:47,659 - [ERROR] - [GOLD] Strategy VOLUME_CLIMAX error: 'volume'
2026-07-20 22:17:49,057 - [ERROR] - [GOLD] Strategy VOLUME_CLIMAX error: 'volume'
2026-07-20 22:17:50,443 - [ERROR] - [GOLD] Strategy VOLUME_CLIMAX error: 'volume'
2026-07-20 22:17:51,835 - [ERROR] - [GOLD] Strategy VOLUME_CLIMAX error: 'volume'
2026-07-20 22:17:53,195 - [ERROR] - [GOLD] Strategy VOLUME_CLIMAX error: 'volume'
2026-07-20 22:17:54,565 - [ERROR] - [GOLD] Strategy VOLUME_CLIMAX error: 'volume'
2026-07-20 22:17:55,940 - [ERROR] - [GOLD] Strategy VOLUME_CLIMAX error: 'volume'
2026-07-20 22:17:57,320 - [ERROR] - [GOLD] Strategy VOLUME_CLIMAX error: 'volume'
2026-07-20 22:17:58,724 - [ERROR] - [GOLD] Strategy VOLUME_CLIMAX error: 'volume'
2026-07-20 22:18:00,107 - [ERROR] - [GOLD] Strategy VOLUME_CLIMAX error: 'volume'
2026-07-20 22:18:01,470 - [WARNING] - [GOLD] \U0001f6a8 Spread Protection: Live Spread (58) > Max Allowable (40). Trade Aborted.
2026-07-20 22:19:01,396 - [WARNING] - [SILVER] \U0001f6a8 Spread Protection: Live Spread (72) > Max Allowable (40). Trade Aborted.
2026-07-20 22:20:01,566 - [WARNING] - [GOLD] \U0001f6a8 Spread Protection: Live Spread (57) > Max Allowable (40). Trade Aborted.
2026-07-20 22:21:01,525 - [WARNING] - [SILVER] \U0001f6a8 Spread Protection: Live Spread (70) > Max Allowable (40). Trade Aborted.
2026-07-20 22:22:01,688 - [WARNING] - [GOLD] \U0001f6a8 Spread Protection: Live Spread (57) > Max Allowable (40). Trade Aborted.
2026-07-20 22:23:01,664 - [WARNING] - [SILVER] \U0001f6a8 Spread Protection: Live Spread (70) > Max Allowable (40). Trade Aborted.
2026-07-20 22:24:01,808 - [WARNING] - [GOLD] \U0001f6a8 Spread Protection: Live Spread (55) > Max Allowable (40). Trade Aborted.
2026-07-20 22:25:01,780 - [ERROR] - [SILVER] Strategy VOLUME_CLIMAX error: 'volume'
2026-07-20 22:25:01,851 - [WARNING] - [SILVER] \U0001f6a8 Spread Protection: Live Spread (70) > Max Allowable (40). Trade Aborted.
2026-07-20 22:26:01,919 - [WARNING] - [GOLD] \U0001f6a8 Spread Protection: Live Spread (58) > Max Allowable (40). Trade Aborted.
2026-07-20 22:27:01,960 - [ERROR] - [SILVER] Strategy VOLUME_CLIMAX error: 'volume'
2026-07-20 22:27:02,030 - [WARNING] - [SILVER] \U0001f6a8 Spread Protection: Live Spread (70) > Max Allowable (40). Trade Aborted.
2026-07-20 22:28:02,024 - [WARNING] - [GOLD] \U0001f6a8 Spread Protection: Live Spread (58) > Max Allowable (40). Trade Aborted.
2026-07-20 22:29:02,130 - [WARNING] - [SILVER] \U0001f6a8 Spread Protection: Live Spread (70) > Max Allowable (40). Trade Aborted.
2026-07-20 22:30:02,122 - [WARNING] - [GOLD] \U0001f6a8 Spread Protection: Live Spread (56) > Max Allowable (40). Trade Aborted.
2026-07-20 22:31:02,338 - [ERROR] - [SILVER] Strategy VOLUME_CLIMAX error: 'volume'
2026-07-20 22:31:03,704 - [ERROR] - [SILVER] Strategy VOLUME_CLIMAX error: 'volume'
2026-07-20 22:31:05,078 - [ERROR] - [SILVER] Strategy VOLUME_CLIMAX error: 'volume'
2026-07-20 22:31:06,480 - [ERROR] - [SILVER] Strategy VOLUME_CLIMAX error: 'volume'
2026-07-20 22:31:07,841 - [ERROR] - [SILVER] Strategy VOLUME_CLIMAX error: 'volume'
2026-07-20 22:31:09,191 - [ERROR] - [SILVER] Strategy VOLUME_CLIMAX error: 'volume'
2026-07-20 22:31:10,691 - [ERROR] - [SILVER] Strategy VOLUME_CLIMAX error: 'volume'
2026-07-20 22:31:12,053 - [ERROR] - [SILVER] Strategy VOLUME_CLIMAX error: 'volume'
2026-07-20 22:31:13,411 - [ERROR] - [SILVER] Strategy VOLUME_CLIMAX error: 'volume'
2026-07-20 22:31:14,767 - [ERROR] - [SILVER] Strategy VOLUME_CLIMAX error: 'volume'
2026-07-20 22:31:16,138 - [ERROR] - [SILVER] Strategy VOLUME_CLIMAX error: 'volume'
2026-07-20 22:31:17,509 - [ERROR] - [SILVER] Strategy VOLUME_CLIMAX error: 'volume'
2026-07-20 22:31:18,882 - [ERROR] - [SILVER] Strategy VOLUME_CLIMAX error: 'volume'
2026-07-20 22:31:20,250 - [ERROR] - [SILVER] Strategy VOLUME_CLIMAX error: 'volume'
2026-07-20 22:31:21,598 - [ERROR] - [SILVER] Strategy VOLUME_CLIMAX error: 'volume'
2026-07-20 22:31:22,956 - [ERROR] - [SILVER] Strategy VOLUME_CLIMAX error: 'volume'
2026-07-20 22:31:24,319 - [ERROR] - [SILVER] Strategy VOLUME_CLIMAX error: 'volume'
2026-07-20 22:31:25,677 - [ERROR] - [SILVER] Strategy VOLUME_CLIMAX error: 'volume'
2026-07-20 22:31:27,039 - [ERROR] - [SILVER] Strategy VOLUME_CLIMAX error: 'volume'
2026-07-20 22:31:28,396 - [ERROR] - [SILVER] Strategy VOLUME_CLIMAX error: 'volume'
2026-07-20 22:31:29,747 - [ERROR] - [SILVER] Strategy VOLUME_CLIMAX error: 'volume'
2026-07-20 22:31:31,113 - [ERROR] - [SILVER] Strategy VOLUME_CLIMAX error: 'volume'
2026-07-20 22:31:32,468 - [ERROR] - [SILVER] Strategy VOLUME_CLIMAX error: 'volume'
2026-07-20 22:31:33,819 - [ERROR] - [SILVER] Strategy VOLUME_CLIMAX error: 'volume'
2026-07-20 22:31:35,184 - [ERROR] - [SILVER] Strategy VOLUME_CLIMAX error: 'volume'
2026-07-20 22:31:36,535 - [ERROR] - [SILVER] Strategy VOLUME_CLIMAX error: 'volume'
2026-07-20 22:31:37,888 - [ERROR] - [SILVER] Strategy VOLUME_CLIMAX error: 'volume'
2026-07-20 22:31:39,246 - [ERROR] - [SILVER] Strategy VOLUME_CLIMAX error: 'volume'
2026-07-20 22:31:40,601 - [ERROR] - [SILVER] Strategy VOLUME_CLIMAX error: 'volume'
2026-07-20 22:31:41,953 - [ERROR] - [SILVER] Strategy VOLUME_CLIMAX error: 'volume'
2026-07-20 22:31:43,315 - [ERROR] - [SILVER] Strategy VOLUME_CLIMAX error: 'volume'
2026-07-20 22:31:44,664 - [ERROR] - [SILVER] Strategy VOLUME_CLIMAX error: 'volume'
2026-07-20 22:31:46,013 - [ERROR] - [SILVER] Strategy VOLUME_CLIMAX error: 'volume'
2026-07-20 22:31:47,380 - [ERROR] - [SILVER] Strategy VOLUME_CLIMAX error: 'volume'
2026-07-20 22:31:48,719 - [ERROR] - [SILVER] Strategy VOLUME_CLIMAX error: 'volume'
2026-07-20 22:31:50,060 - [ERROR] - [SILVER] Strategy VOLUME_CLIMAX error: 'volume'
2026-07-20 22:31:51,412 - [ERROR] - [SILVER] Strategy VOLUME_CLIMAX error: 'volume'
2026-07-20 22:31:52,761 - [ERROR] - [SILVER] Strategy VOLUME_CLIMAX error: 'volume'
2026-07-20 22:31:54,100 - [ERROR] - [SILVER] Strategy VOLUME_CLIMAX error: 'volume'
2026-07-20 22:31:55,452 - [ERROR] - [SILVER] Strategy VOLUME_CLIMAX error: 'volume'
2026-07-20 22:31:56,795 - [ERROR] - [SILVER] Strategy VOLUME_CLIMAX error: 'volume'
2026-07-20 22:31:58,144 - [ERROR] - [SILVER] Strategy VOLUME_CLIMAX error: 'volume'
2026-07-20 22:31:59,502 - [ERROR] - [SILVER] Strategy VOLUME_CLIMAX error: 'volume'
2026-07-20 22:32:00,855 - [ERROR] - [SILVER] Strategy VOLUME_CLIMAX error: 'volume'
2026-07-20 22:32:02,222 - [ERROR] - [SILVER] Strategy VOLUME_CLIMAX error: 'volume'
2026-07-20 22:32:02,578 - [WARNING] - [GOLD] \U0001f6a8 Spread Protection: Live Spread (57) > Max Allowable (40). Trade Aborted.
2026-07-20 22:32:03,572 - [ERROR] - [SILVER] Strategy VOLUME_CLIMAX error: 'volume'
2026-07-20 22:32:04,945 - [ERROR] - [SILVER] Strategy VOLUME_CLIMAX error: 'volume'
2026-07-20 22:32:06,302 - [ERROR] - [SILVER] Strategy VOLUME_CLIMAX error: 'volume'
2026-07-20 22:32:07,664 - [ERROR] - [SILVER] Strategy VOLUME_CLIMAX error: 'volume'
2026-07-20 22:32:09,004 - [WARNING] - [SILVER] \U0001f6a8 Spread Protection: Live Spread (69) > Max Allowable (40). Trade Aborted.
2026-07-20 22:33:21,555 - [INFO] - [USDJPY] Trade in Golden Hour (17 UTC). Targeting 3.0 R:R.
2026-07-20 22:33:21,564 - [ERROR] - [USDJPY] ML Inference Error: cannot access local variable 'pd' where it is not associated with a value. Proceeding without ML.
2026-07-20 22:33:21,566 - [INFO] - [USDJPY] Anti-Martingale: 2 Losses in a row! Halving risk to 0.50%
2026-07-20 22:33:21,799 - [INFO] - [USDJPY] SUCCESS - Opened SELL | Strat: ZERO_HERO | Lot: 0.27 | SL: 162.57
2026-07-20 22:34:02,712 - [ERROR] - [GOLD] Strategy VOLUME_CLIMAX error: 'volume'
2026-07-20 22:34:04,055 - [WARNING] - [GOLD] \U0001f6a8 Spread Protection: Live Spread (56) > Max Allowable (40). Trade Aborted.
2026-07-20 22:34:09,269 - [WARNING] - [SILVER] \U0001f6a8 Spread Protection: Live Spread (69) > Max Allowable (40). Trade Aborted.
2026-07-20 22:36:05,124 - [ERROR] - [GOLD] Strategy VOLUME_CLIMAX error: 'volume'
2026-07-20 22:36:06,496 - [ERROR] - [GOLD] Strategy VOLUME_CLIMAX error: 'volume'
2026-07-20 22:36:07,859 - [ERROR] - [GOLD] Strategy VOLUME_CLIMAX error: 'volume'
2026-07-20 22:36:09,228 - [ERROR] - [GOLD] Strategy VOLUME_CLIMAX error: 'volume'
2026-07-20 22:36:09,501 - [ERROR] - [SILVER] Strategy VOLUME_CLIMAX error: 'volume'
2026-07-20 22:36:10,844 - [ERROR] - [GOLD] Strategy VOLUME_CLIMAX error: 'volume'
2026-07-20 22:36:11,147 - [ERROR] - [SILVER] Strategy VOLUME_CLIMAX error: 'volume'
2026-07-20 22:36:12,427 - [ERROR] - [GOLD] Strategy VOLUME_CLIMAX error: 'volume'
2026-07-20 22:36:12,741 - [ERROR] - [SILVER] Strategy VOLUME_CLIMAX error: 'volume'
2026-07-20 22:36:13,981 - [ERROR] - [GOLD] Strategy VOLUME_CLIMAX error: 'volume'
2026-07-20 22:36:14,332 - [ERROR] - [SILVER] Strategy VOLUME_CLIMAX error: 'volume'
2026-07-20 22:36:15,482 - [ERROR] - [GOLD] Strategy VOLUME_CLIMAX error: 'volume'
2026-07-20 22:36:15,844 - [ERROR] - [SILVER] Strategy VOLUME_CLIMAX error: 'volume'
2026-07-20 22:36:16,887 - [ERROR] - [GOLD] Strategy VOLUME_CLIMAX error: 'volume'
2026-07-20 22:36:17,320 - [ERROR] - [SILVER] Strategy VOLUME_CLIMAX error: 'volume'
2026-07-20 22:36:18,255 - [ERROR] - [GOLD] Strategy VOLUME_CLIMAX error: 'volume'
2026-07-20 22:36:18,797 - [ERROR] - [SILVER] Strategy VOLUME_CLIMAX error: 'volume'
2026-07-20 22:36:19,621 - [ERROR] - [GOLD] Strategy VOLUME_CLIMAX error: 'volume'
2026-07-20 22:36:20,252 - [ERROR] - [SILVER] Strategy VOLUME_CLIMAX error: 'volume'
2026-07-20 22:36:21,006 - [ERROR] - [GOLD] Strategy VOLUME_CLIMAX error: 'volume'
2026-07-20 22:36:21,756 - [ERROR] - [SILVER] Strategy VOLUME_CLIMAX error: 'volume'
2026-07-20 22:36:22,515 - [ERROR] - [GOLD] Strategy VOLUME_CLIMAX error: 'volume'
2026-07-20 22:36:23,248 - [ERROR] - [SILVER] Strategy VOLUME_CLIMAX error: 'volume'
2026-07-20 22:36:24,062 - [ERROR] - [GOLD] Strategy VOLUME_CLIMAX error: 'volume'
2026-07-20 22:36:24,638 - [ERROR] - [SILVER] Strategy VOLUME_CLIMAX error: 'volume'
2026-07-20 22:36:25,528 - [ERROR] - [GOLD] Strategy VOLUME_CLIMAX error: 'volume'
2026-07-20 22:36:26,008 - [ERROR] - [SILVER] Strategy VOLUME_CLIMAX error: 'volume'
2026-07-20 22:36:26,959 - [ERROR] - [GOLD] Strategy VOLUME_CLIMAX error: 'volume'
2026-07-20 22:36:27,389 - [ERROR] - [SILVER] Strategy VOLUME_CLIMAX error: 'volume'
2026-07-20 22:36:28,331 - [ERROR] - [GOLD] Strategy VOLUME_CLIMAX error: 'volume'
2026-07-20 22:36:28,764 - [ERROR] - [SILVER] Strategy VOLUME_CLIMAX error: 'volume'
2026-07-20 22:36:29,697 - [ERROR] - [GOLD] Strategy VOLUME_CLIMAX error: 'volume'
2026-07-20 22:36:30,142 - [ERROR] - [SILVER] Strategy VOLUME_CLIMAX error: 'volume'
2026-07-20 22:36:31,071 - [ERROR] - [GOLD] Strategy VOLUME_CLIMAX error: 'volume'
2026-07-20 22:36:31,514 - [ERROR] - [SILVER] Strategy VOLUME_CLIMAX error: 'volume'
2026-07-20 22:36:32,444 - [ERROR] - [GOLD] Strategy VOLUME_CLIMAX error: 'volume'
2026-07-20 22:36:32,896 - [ERROR] - [SILVER] Strategy VOLUME_CLIMAX error: 'volume'
2026-07-20 22:36:33,825 - [ERROR] - [GOLD] Strategy VOLUME_CLIMAX error: 'volume'
2026-07-20 22:36:34,286 - [ERROR] - [SILVER] Strategy VOLUME_CLIMAX error: 'volume'
2026-07-20 22:36:35,213 - [ERROR] - [GOLD] Strategy VOLUME_CLIMAX error: 'volume'
2026-07-20 22:36:35,683 - [ERROR] - [SILVER] Strategy VOLUME_CLIMAX error: 'volume'
2026-07-20 22:36:36,596 - [ERROR] - [GOLD] Strategy VOLUME_CLIMAX error: 'volume'
2026-07-20 22:36:37,074 - [ERROR] - [SILVER] Strategy VOLUME_CLIMAX error: 'volume'
2026-07-20 22:36:37,981 - [ERROR] - [GOLD] Strategy VOLUME_CLIMAX error: 'volume'
2026-07-20 22:36:38,449 - [ERROR] - [SILVER] Strategy VOLUME_CLIMAX error: 'volume'
2026-07-20 22:36:39,355 - [ERROR] - [GOLD] Strategy VOLUME_CLIMAX error: 'volume'
2026-07-20 22:36:39,837 - [ERROR] - [SILVER] Strategy VOLUME_CLIMAX error: 'volume'
2026-07-20 22:36:40,709 - [ERROR] - [GOLD] Strategy VOLUME_CLIMAX error: 'volume'
2026-07-20 22:36:41,208 - [ERROR] - [SILVER] Strategy VOLUME_CLIMAX error: 'volume'
2026-07-20 22:36:42,068 - [ERROR] - [GOLD] Strategy VOLUME_CLIMAX error: 'volume'
2026-07-20 22:36:42,578 - [ERROR] - [SILVER] Strategy VOLUME_CLIMAX error: 'volume'
2026-07-20 22:36:43,427 - [ERROR] - [GOLD] Strategy VOLUME_CLIMAX error: 'volume'
2026-07-20 22:36:43,949 - [ERROR] - [SILVER] Strategy VOLUME_CLIMAX error: 'volume'
2026-07-20 22:36:44,788 - [ERROR] - [GOLD] Strategy VOLUME_CLIMAX error: 'volume'
2026-07-20 22:36:45,314 - [ERROR] - [SILVER] Strategy VOLUME_CLIMAX error: 'volume'
2026-07-20 22:36:46,148 - [ERROR] - [GOLD] Strategy VOLUME_CLIMAX error: 'volume'
2026-07-20 22:36:46,685 - [ERROR] - [SILVER] Strategy VOLUME_CLIMAX error: 'volume'
2026-07-20 22:36:47,510 - [ERROR] - [GOLD] Strategy VOLUME_CLIMAX error: 'volume'
2026-07-20 22:36:48,057 - [ERROR] - [SILVER] Strategy VOLUME_CLIMAX error: 'volume'
2026-07-20 22:36:48,881 - [ERROR] - [GOLD] Strategy VOLUME_CLIMAX error: 'volume'
2026-07-20 22:36:49,429 - [ERROR] - [SILVER] Strategy VOLUME_CLIMAX error: 'volume'
2026-07-20 22:36:50,250 - [ERROR] - [GOLD] Strategy VOLUME_CLIMAX error: 'volume'
2026-07-20 22:36:50,789 - [ERROR] - [SILVER] Strategy VOLUME_CLIMAX error: 'volume'
2026-07-20 22:36:51,608 - [ERROR] - [GOLD] Strategy VOLUME_CLIMAX error: 'volume'
2026-07-20 22:36:52,163 - [ERROR] - [SILVER] Strategy VOLUME_CLIMAX error: 'volume'
2026-07-20 22:36:52,966 - [ERROR] - [GOLD] Strategy VOLUME_CLIMAX error: 'volume'
2026-07-20 22:36:53,524 - [ERROR] - [SILVER] Strategy VOLUME_CLIMAX error: 'volume'
2026-07-20 22:36:54,324 - [ERROR] - [GOLD] Strategy VOLUME_CLIMAX error: 'volume'
2026-07-20 22:36:54,895 - [ERROR] - [SILVER] Strategy VOLUME_CLIMAX error: 'volume'
2026-07-20 22:36:55,692 - [ERROR] - [GOLD] Strategy VOLUME_CLIMAX error: 'volume'
2026-07-20 22:36:56,259 - [ERROR] - [SILVER] Strategy VOLUME_CLIMAX error: 'volume'
2026-07-20 22:36:57,055 - [ERROR] - [GOLD] Strategy VOLUME_CLIMAX error: 'volume'
2026-07-20 22:36:57,640 - [ERROR] - [SILVER] Strategy VOLUME_CLIMAX error: 'volume'
2026-07-20 22:36:58,415 - [ERROR] - [GOLD] Strategy VOLUME_CLIMAX error: 'volume'
2026-07-20 22:36:59,008 - [ERROR] - [SILVER] Strategy VOLUME_CLIMAX error: 'volume'
2026-07-20 22:36:59,774 - [ERROR] - [GOLD] Strategy VOLUME_CLIMAX error: 'volume'
2026-07-20 22:37:00,377 - [ERROR] - [SILVER] Strategy VOLUME_CLIMAX error: 'volume'
2026-07-20 22:37:01,137 - [ERROR] - [GOLD] Strategy VOLUME_CLIMAX error: 'volume'
2026-07-20 22:37:01,754 - [ERROR] - [SILVER] Strategy VOLUME_CLIMAX error: 'volume'
2026-07-20 22:37:02,500 - [ERROR] - [GOLD] Strategy VOLUME_CLIMAX error: 'volume'
2026-07-20 22:37:03,125 - [ERROR] - [SILVER] Strategy VOLUME_CLIMAX error: 'volume'
2026-07-20 22:37:03,860 - [ERROR] - [GOLD] Strategy VOLUME_CLIMAX error: 'volume'
2026-07-20 22:37:04,496 - [ERROR] - [SILVER] Strategy VOLUME_CLIMAX error: 'volume'
2026-07-20 22:37:05,235 - [ERROR] - [GOLD] Strategy VOLUME_CLIMAX error: 'volume'
2026-07-20 22:37:05,894 - [ERROR] - [SILVER] Strategy VOLUME_CLIMAX error: 'volume'
2026-07-20 22:37:06,600 - [ERROR] - [GOLD] Strategy VOLUME_CLIMAX error: 'volume'
2026-07-20 22:37:07,264 - [ERROR] - [SILVER] Strategy VOLUME_CLIMAX error: 'volume'
2026-07-20 22:37:07,963 - [ERROR] - [GOLD] Strategy VOLUME_CLIMAX error: 'volume'
2026-07-20 22:37:08,639 - [ERROR] - [SILVER] Strategy VOLUME_CLIMAX error: 'volume'
2026-07-20 22:37:09,340 - [ERROR] - [GOLD] Strategy VOLUME_CLIMAX error: 'volume'
2026-07-20 22:37:10,018 - [ERROR] - [SILVER] Strategy VOLUME_CLIMAX error: 'volume'
2026-07-20 22:37:10,726 - [ERROR] - [GOLD] Strategy VOLUME_CLIMAX error: 'volume'
2026-07-20 22:37:11,394 - [ERROR] - [SILVER] Strategy VOLUME_CLIMAX error: 'volume'
2026-07-20 22:37:12,160 - [ERROR] - [GOLD] Strategy VOLUME_CLIMAX error: 'volume'
2026-07-20 22:37:12,782 - [ERROR] - [SILVER] Strategy VOLUME_CLIMAX error: 'volume'
2026-07-20 22:37:13,548 - [ERROR] - [GOLD] Strategy VOLUME_CLIMAX error: 'volume'
2026-07-20 22:37:14,147 - [ERROR] - [SILVER] Strategy VOLUME_CLIMAX error: 'volume'
2026-07-20 22:37:14,903 - [ERROR] - [GOLD] Strategy VOLUME_CLIMAX error: 'volume'
2026-07-20 22:37:15,521 - [ERROR] - [SILVER] Strategy VOLUME_CLIMAX error: 'volume'
2026-07-20 22:37:16,247 - [ERROR] - [GOLD] Strategy VOLUME_CLIMAX error: 'volume'
2026-07-20 22:37:16,889 - [ERROR] - [SILVER] Strategy VOLUME_CLIMAX error: 'volume'
2026-07-20 22:37:17,601 - [ERROR] - [GOLD] Strategy VOLUME_CLIMAX error: 'volume'
2026-07-20 22:37:18,261 - [ERROR] - [SILVER] Strategy VOLUME_CLIMAX error: 'volume'
2026-07-20 22:37:18,950 - [ERROR] - [GOLD] Strategy VOLUME_CLIMAX error: 'volume'
2026-07-20 22:37:19,626 - [ERROR] - [SILVER] Strategy VOLUME_CLIMAX error: 'volume'
2026-07-20 22:37:20,341 - [ERROR] - [GOLD] Strategy VOLUME_CLIMAX error: 'volume'
2026-07-20 22:37:20,998 - [ERROR] - [SILVER] Strategy VOLUME_CLIMAX error: 'volume'
2026-07-20 22:37:21,720 - [ERROR] - [GOLD] Strategy VOLUME_CLIMAX error: 'volume'
2026-07-20 22:37:22,367 - [ERROR] - [SILVER] Strategy VOLUME_CLIMAX error: 'volume'
2026-07-20 22:37:23,101 - [ERROR] - [GOLD] Strategy VOLUME_CLIMAX error: 'volume'
2026-07-20 22:37:23,739 - [ERROR] - [SILVER] Strategy VOLUME_CLIMAX error: 'volume'
2026-07-20 22:37:24,475 - [ERROR] - [GOLD] Strategy VOLUME_CLIMAX error: 'volume'
2026-07-20 22:37:25,107 - [ERROR] - [SILVER] Strategy VOLUME_CLIMAX error: 'volume'
2026-07-20 22:37:25,842 - [ERROR] - [GOLD] Strategy VOLUME_CLIMAX error: 'volume'
2026-07-20 22:37:26,470 - [ERROR] - [SILVER] Strategy VOLUME_CLIMAX error: 'volume'
2026-07-20 22:37:27,198 - [ERROR] - [GOLD] Strategy VOLUME_CLIMAX error: 'volume'
2026-07-20 22:37:27,835 - [ERROR] - [SILVER] Strategy VOLUME_CLIMAX error: 'volume'
2026-07-20 22:37:28,564 - [ERROR] - [GOLD] Strategy VOLUME_CLIMAX error: 'volume'
2026-07-20 22:37:29,202 - [ERROR] - [SILVER] Strategy VOLUME_CLIMAX error: 'volume'
2026-07-20 22:37:29,920 - [ERROR] - [GOLD] Strategy VOLUME_CLIMAX error: 'volume'
2026-07-20 22:37:30,574 - [ERROR] - [SILVER] Strategy VOLUME_CLIMAX error: 'volume'
2026-07-20 22:37:31,306 - [ERROR] - [GOLD] Strategy VOLUME_CLIMAX error: 'volume'
2026-07-20 22:37:31,945 - [ERROR] - [SILVER] Strategy VOLUME_CLIMAX error: 'volume'
2026-07-20 22:37:32,669 - [ERROR] - [GOLD] Strategy VOLUME_CLIMAX error: 'volume'
2026-07-20 22:37:33,316 - [ERROR] - [SILVER] Strategy VOLUME_CLIMAX error: 'volume'
2026-07-20 22:37:34,040 - [ERROR] - [GOLD] Strategy VOLUME_CLIMAX error: 'volume'
2026-07-20 22:37:34,691 - [ERROR] - [SILVER] Strategy VOLUME_CLIMAX error: 'volume'
2026-07-20 22:37:35,423 - [ERROR] - [GOLD] Strategy VOLUME_CLIMAX error: 'volume'
2026-07-20 22:37:36,058 - [ERROR] - [SILVER] Strategy VOLUME_CLIMAX error: 'volume'
2026-07-20 22:37:36,783 - [ERROR] - [GOLD] Strategy VOLUME_CLIMAX error: 'volume'
2026-07-20 22:37:37,427 - [ERROR] - [SILVER] Strategy VOLUME_CLIMAX error: 'volume'
2026-07-20 22:37:38,162 - [ERROR] - [GOLD] Strategy VOLUME_CLIMAX error: 'volume'
2026-07-20 22:37:38,794 - [ERROR] - [SILVER] Strategy VOLUME_CLIMAX error: 'volume'
2026-07-20 22:37:39,530 - [ERROR] - [GOLD] Strategy VOLUME_CLIMAX error: 'volume'
2026-07-20 22:37:40,158 - [ERROR] - [SILVER] Strategy VOLUME_CLIMAX error: 'volume'
2026-07-20 22:37:40,893 - [ERROR] - [GOLD] Strategy VOLUME_CLIMAX error: 'volume'
2026-07-20 22:37:41,531 - [ERROR] - [SILVER] Strategy VOLUME_CLIMAX error: 'volume'
2026-07-20 22:37:42,274 - [ERROR] - [GOLD] Strategy VOLUME_CLIMAX error: 'volume'
2026-07-20 22:37:42,901 - [ERROR] - [SILVER] Strategy VOLUME_CLIMAX error: 'volume'
2026-07-20 22:37:43,657 - [ERROR] - [GOLD] Strategy VOLUME_CLIMAX error: 'volume'
2026-07-20 22:37:44,273 - [ERROR] - [SILVER] Strategy VOLUME_CLIMAX error: 'volume'
2026-07-20 22:37:45,034 - [ERROR] - [GOLD] Strategy VOLUME_CLIMAX error: 'volume'
2026-07-20 22:37:45,644 - [ERROR] - [SILVER] Strategy VOLUME_CLIMAX error: 'volume'
2026-07-20 22:37:46,416 - [ERROR] - [GOLD] Strategy VOLUME_CLIMAX error: 'volume'
2026-07-20 22:37:47,015 - [ERROR] - [SILVER] Strategy VOLUME_CLIMAX error: 'volume'
2026-07-20 22:37:47,793 - [ERROR] - [GOLD] Strategy VOLUME_CLIMAX error: 'volume'
2026-07-20 22:37:48,387 - [ERROR] - [SILVER] Strategy VOLUME_CLIMAX error: 'volume'
2026-07-20 22:37:49,158 - [ERROR] - [GOLD] Strategy VOLUME_CLIMAX error: 'volume'
2026-07-20 22:37:49,756 - [ERROR] - [SILVER] Strategy VOLUME_CLIMAX error: 'volume'
2026-07-20 22:37:50,532 - [ERROR] - [GOLD] Strategy VOLUME_CLIMAX error: 'volume'
2026-07-20 22:37:51,122 - [ERROR] - [SILVER] Strategy VOLUME_CLIMAX error: 'volume'
2026-07-20 22:37:51,907 - [ERROR] - [GOLD] Strategy VOLUME_CLIMAX error: 'volume'
2026-07-20 22:37:52,484 - [ERROR] - [SILVER] Strategy VOLUME_CLIMAX error: 'volume'
2026-07-20 22:37:53,253 - [ERROR] - [GOLD] Strategy VOLUME_CLIMAX error: 'volume'
2026-07-20 22:37:53,863 - [ERROR] - [SILVER] Strategy VOLUME_CLIMAX error: 'volume'
2026-07-20 22:37:54,612 - [ERROR] - [GOLD] Strategy VOLUME_CLIMAX error: 'volume'
2026-07-20 22:37:55,228 - [ERROR] - [SILVER] Strategy VOLUME_CLIMAX error: 'volume'
2026-07-20 22:37:55,975 - [ERROR] - [GOLD] Strategy VOLUME_CLIMAX error: 'volume'
2026-07-20 22:37:56,618 - [ERROR] - [SILVER] Strategy VOLUME_CLIMAX error: 'volume'
2026-07-20 22:37:57,340 - [ERROR] - [GOLD] Strategy VOLUME_CLIMAX error: 'volume'
2026-07-20 22:37:57,989 - [ERROR] - [SILVER] Strategy VOLUME_CLIMAX error: 'volume'
2026-07-20 22:37:58,699 - [ERROR] - [GOLD] Strategy VOLUME_CLIMAX error: 'volume'
2026-07-20 22:37:59,357 - [ERROR] - [SILVER] Strategy VOLUME_CLIMAX error: 'volume'
2026-07-20 22:38:00,064 - [ERROR] - [GOLD] Strategy VOLUME_CLIMAX error: 'volume'
2026-07-20 22:38:00,737 - [ERROR] - [SILVER] Strategy VOLUME_CLIMAX error: 'volume'
2026-07-20 22:38:01,466 - [ERROR] - [GOLD] Strategy VOLUME_CLIMAX error: 'volume'
2026-07-20 22:38:02,147 - [ERROR] - [SILVER] Strategy VOLUME_CLIMAX error: 'volume'
2026-07-20 22:38:02,858 - [ERROR] - [GOLD] Strategy VOLUME_CLIMAX error: 'volume'
2026-07-20 22:38:03,531 - [ERROR] - [SILVER] Strategy VOLUME_CLIMAX error: 'volume'
2026-07-20 22:38:04,261 - [ERROR] - [GOLD] Strategy VOLUME_CLIMAX error: 'volume'
2026-07-20 22:38:04,915 - [ERROR] - [SILVER] Strategy VOLUME_CLIMAX error: 'volume'
2026-07-20 22:38:05,634 - [ERROR] - [GOLD] Strategy VOLUME_CLIMAX error: 'volume'
2026-07-20 22:38:06,286 - [ERROR] - [SILVER] Strategy VOLUME_CLIMAX error: 'volume'
2026-07-20 22:38:07,005 - [ERROR] - [GOLD] Strategy VOLUME_CLIMAX error: 'volume'
2026-07-20 22:38:07,659 - [ERROR] - [SILVER] Strategy VOLUME_CLIMAX error: 'volume'
2026-07-20 22:38:08,388 - [ERROR] - [GOLD] Strategy VOLUME_CLIMAX error: 'volume'
2026-07-20 22:38:09,033 - [ERROR] - [SILVER] Strategy VOLUME_CLIMAX error: 'volume'
2026-07-20 22:38:09,771 - [ERROR] - [GOLD] Strategy VOLUME_CLIMAX error: 'volume'
2026-07-20 22:38:10,407 - [ERROR] - [SILVER] Strategy VOLUME_CLIMAX error: 'volume'
2026-07-20 22:38:11,152 - [ERROR] - [GOLD] Strategy VOLUME_CLIMAX error: 'volume'
2026-07-20 22:38:11,778 - [ERROR] - [SILVER] Strategy VOLUME_CLIMAX error: 'volume'
2026-07-20 22:38:12,524 - [ERROR] - [GOLD] Strategy VOLUME_CLIMAX error: 'volume'
2026-07-20 22:38:13,153 - [ERROR] - [SILVER] Strategy VOLUME_CLIMAX error: 'volume'
2026-07-20 22:38:13,892 - [ERROR] - [GOLD] Strategy VOLUME_CLIMAX error: 'volume'
2026-07-20 22:38:14,522 - [ERROR] - [SILVER] Strategy VOLUME_CLIMAX error: 'volume'
2026-07-20 22:38:15,295 - [ERROR] - [GOLD] Strategy VOLUME_CLIMAX error: 'volume'
2026-07-20 22:38:15,901 - [ERROR] - [SILVER] Strategy VOLUME_CLIMAX error: 'volume'
2026-07-20 22:38:16,747 - [ERROR] - [GOLD] Strategy VOLUME_CLIMAX error: 'volume'
2026-07-20 22:38:17,293 - [ERROR] - [SILVER] Strategy VOLUME_CLIMAX error: 'volume'
2026-07-20 22:38:18,177 - [ERROR] - [GOLD] Strategy VOLUME_CLIMAX error: 'volume'
2026-07-20 22:38:18,745 - [ERROR] - [SILVER] Strategy VOLUME_CLIMAX error: 'volume'
2026-07-20 22:38:19,724 - [ERROR] - [GOLD] Strategy VOLUME_CLIMAX error: 'volume'
2026-07-20 22:38:20,193 - [ERROR] - [SILVER] Strategy VOLUME_CLIMAX error: 'volume'
2026-07-20 22:38:21,120 - [ERROR] - [GOLD] Strategy VOLUME_CLIMAX error: 'volume'
2026-07-20 22:38:21,581 - [ERROR] - [SILVER] Strategy VOLUME_CLIMAX error: 'volume'
2026-07-20 22:38:22,552 - [ERROR] - [GOLD] Strategy VOLUME_CLIMAX error: 'volume'
2026-07-20 22:38:23,019 - [ERROR] - [SILVER] Strategy VOLUME_CLIMAX error: 'volume'
2026-07-20 22:38:23,936 - [ERROR] - [GOLD] Strategy VOLUME_CLIMAX error: 'volume'
2026-07-20 22:38:24,395 - [ERROR] - [SILVER] Strategy VOLUME_CLIMAX error: 'volume'
2026-07-20 22:38:25,307 - [ERROR] - [GOLD] Strategy VOLUME_CLIMAX error: 'volume'
2026-07-20 22:38:25,766 - [ERROR] - [SILVER] Strategy VOLUME_CLIMAX error: 'volume'
2026-07-20 22:38:26,667 - [ERROR] - [GOLD] Strategy VOLUME_CLIMAX error: 'volume'
2026-07-20 22:38:27,154 - [ERROR] - [SILVER] Strategy VOLUME_CLIMAX error: 'volume'
2026-07-20 22:38:28,043 - [ERROR] - [GOLD] Strategy VOLUME_CLIMAX error: 'volume'
2026-07-20 22:38:28,542 - [ERROR] - [SILVER] Strategy VOLUME_CLIMAX error: 'volume'
2026-07-20 22:38:29,410 - [ERROR] - [GOLD] Strategy VOLUME_CLIMAX error: 'volume'
2026-07-20 22:38:29,926 - [ERROR] - [SILVER] Strategy VOLUME_CLIMAX error: 'volume'
2026-07-20 22:38:30,755 - [ERROR] - [GOLD] Strategy VOLUME_CLIMAX error: 'volume'
2026-07-20 22:38:31,295 - [ERROR] - [SILVER] Strategy VOLUME_CLIMAX error: 'volume'
2026-07-20 22:38:32,114 - [ERROR] - [GOLD] Strategy VOLUME_CLIMAX error: 'volume'
2026-07-20 22:38:32,663 - [ERROR] - [SILVER] Strategy VOLUME_CLIMAX error: 'volume'
2026-07-20 22:38:33,485 - [ERROR] - [GOLD] Strategy VOLUME_CLIMAX error: 'volume'
2026-07-20 22:38:34,032 - [ERROR] - [SILVER] Strategy VOLUME_CLIMAX error: 'volume'
2026-07-20 22:38:34,836 - [ERROR] - [GOLD] Strategy VOLUME_CLIMAX error: 'volume'
2026-07-20 22:38:35,426 - [ERROR] - [SILVER] Strategy VOLUME_CLIMAX error: 'volume'
2026-07-20 22:38:36,199 - [ERROR] - [GOLD] Strategy VOLUME_CLIMAX error: 'volume'
2026-07-20 22:38:36,807 - [ERROR] - [SILVER] Strategy VOLUME_CLIMAX error: 'volume'
2026-07-20 22:38:37,562 - [ERROR] - [GOLD] Strategy VOLUME_CLIMAX error: 'volume'
2026-07-20 22:38:38,203 - [ERROR] - [SILVER] Strategy VOLUME_CLIMAX error: 'volume'
2026-07-20 22:38:38,981 - [ERROR] - [GOLD] Strategy VOLUME_CLIMAX error: 'volume'
2026-07-20 22:38:39,601 - [ERROR] - [SILVER] Strategy VOLUME_CLIMAX error: 'volume'
2026-07-20 22:38:40,363 - [ERROR] - [GOLD] Strategy VOLUME_CLIMAX error: 'volume'
2026-07-20 22:38:40,970 - [ERROR] - [SILVER] Strategy VOLUME_CLIMAX error: 'volume'
2026-07-20 22:38:41,745 - [ERROR] - [GOLD] Strategy VOLUME_CLIMAX error: 'volume'
2026-07-20 22:38:42,337 - [ERROR] - [SILVER] Strategy VOLUME_CLIMAX error: 'volume'
2026-07-20 22:38:43,103 - [ERROR] - [GOLD] Strategy VOLUME_CLIMAX error: 'volume'
2026-07-20 22:38:43,716 - [ERROR] - [SILVER] Strategy VOLUME_CLIMAX error: 'volume'
2026-07-20 22:38:44,533 - [ERROR] - [GOLD] Strategy VOLUME_CLIMAX error: 'volume'
2026-07-20 22:38:45,091 - [ERROR] - [SILVER] Strategy VOLUME_CLIMAX error: 'volume'
2026-07-20 22:38:45,938 - [ERROR] - [GOLD] Strategy VOLUME_CLIMAX error: 'volume'
2026-07-20 22:38:46,480 - [ERROR] - [SILVER] Strategy VOLUME_CLIMAX error: 'volume'
2026-07-20 22:38:47,348 - [ERROR] - [GOLD] Strategy VOLUME_CLIMAX error: 'volume'
2026-07-20 22:38:47,863 - [ERROR] - [SILVER] Strategy VOLUME_CLIMAX error: 'volume'
2026-07-20 22:38:48,725 - [ERROR] - [GOLD] Strategy VOLUME_CLIMAX error: 'volume'
2026-07-20 22:38:49,258 - [ERROR] - [SILVER] Strategy VOLUME_CLIMAX error: 'volume'
2026-07-20 22:38:50,096 - [ERROR] - [GOLD] Strategy VOLUME_CLIMAX error: 'volume'
2026-07-20 22:38:50,645 - [ERROR] - [SILVER] Strategy VOLUME_CLIMAX error: 'volume'
2026-07-20 22:38:51,491 - [ERROR] - [GOLD] Strategy VOLUME_CLIMAX error: 'volume'
2026-07-20 22:38:52,043 - [ERROR] - [SILVER] Strategy VOLUME_CLIMAX error: 'volume'
2026-07-20 22:38:52,905 - [ERROR] - [GOLD] Strategy VOLUME_CLIMAX error: 'volume'
2026-07-20 22:38:53,431 - [ERROR] - [SILVER] Strategy VOLUME_CLIMAX error: 'volume'
2026-07-20 22:38:54,268 - [ERROR] - [GOLD] Strategy VOLUME_CLIMAX error: 'volume'
2026-07-20 22:38:54,809 - [ERROR] - [SILVER] Strategy VOLUME_CLIMAX error: 'volume'
2026-07-20 22:38:55,651 - [ERROR] - [GOLD] Strategy VOLUME_CLIMAX error: 'volume'
2026-07-20 22:38:56,186 - [ERROR] - [SILVER] Strategy VOLUME_CLIMAX error: 'volume'
2026-07-20 22:38:57,026 - [ERROR] - [GOLD] Strategy VOLUME_CLIMAX error: 'volume'
2026-07-20 22:38:57,564 - [ERROR] - [SILVER] Strategy VOLUME_CLIMAX error: 'volume'
2026-07-20 22:38:58,409 - [ERROR] - [GOLD] Strategy VOLUME_CLIMAX error: 'volume'
2026-07-20 22:38:58,935 - [ERROR] - [SILVER] Strategy VOLUME_CLIMAX error: 'volume'
2026-07-20 22:38:59,772 - [ERROR] - [GOLD] Strategy VOLUME_CLIMAX error: 'volume'
2026-07-20 22:39:00,321 - [ERROR] - [SILVER] Strategy VOLUME_CLIMAX error: 'volume'
2026-07-20 22:39:01,148 - [ERROR] - [GOLD] Strategy VOLUME_CLIMAX error: 'volume'
2026-07-20 22:39:01,714 - [ERROR] - [SILVER] Strategy VOLUME_CLIMAX error: 'volume'
2026-07-20 22:39:02,539 - [ERROR] - [GOLD] Strategy VOLUME_CLIMAX error: 'volume'
2026-07-20 22:39:03,084 - [ERROR] - [SILVER] Strategy VOLUME_CLIMAX error: 'volume'
2026-07-20 22:39:03,932 - [ERROR] - [GOLD] Strategy VOLUME_CLIMAX error: 'volume'
2026-07-20 22:39:04,462 - [ERROR] - [SILVER] Strategy VOLUME_CLIMAX error: 'volume'
2026-07-20 22:39:05,351 - [ERROR] - [GOLD] Strategy VOLUME_CLIMAX error: 'volume'
2026-07-20 22:39:05,839 - [ERROR] - [SILVER] Strategy VOLUME_CLIMAX error: 'volume'
2026-07-20 22:39:06,728 - [ERROR] - [GOLD] Strategy VOLUME_CLIMAX error: 'volume'
2026-07-20 22:39:07,221 - [ERROR] - [SILVER] Strategy VOLUME_CLIMAX error: 'volume'
2026-07-20 22:39:08,087 - [ERROR] - [GOLD] Strategy VOLUME_CLIMAX error: 'volume'
2026-07-20 22:39:08,601 - [ERROR] - [SILVER] Strategy VOLUME_CLIMAX error: 'volume'
2026-07-20 22:39:09,463 - [ERROR] - [GOLD] Strategy VOLUME_CLIMAX error: 'volume'
2026-07-20 22:39:09,971 - [ERROR] - [SILVER] Strategy VOLUME_CLIMAX error: 'volume'
2026-07-20 22:39:10,823 - [ERROR] - [GOLD] Strategy VOLUME_CLIMAX error: 'volume'
2026-07-20 22:39:11,336 - [ERROR] - [SILVER] Strategy VOLUME_CLIMAX error: 'volume'
2026-07-20 22:39:12,209 - [ERROR] - [GOLD] Strategy VOLUME_CLIMAX error: 'volume'
2026-07-20 22:39:12,699 - [ERROR] - [SILVER] Strategy VOLUME_CLIMAX error: 'volume'
2026-07-20 22:39:13,563 - [ERROR] - [GOLD] Strategy VOLUME_CLIMAX error: 'volume'
2026-07-20 22:39:14,071 - [ERROR] - [SILVER] Strategy VOLUME_CLIMAX error: 'volume'
2026-07-20 22:39:14,909 - [ERROR] - [GOLD] Strategy VOLUME_CLIMAX error: 'volume'
2026-07-20 22:39:15,431 - [ERROR] - [SILVER] Strategy VOLUME_CLIMAX error: 'volume'
2026-07-20 22:39:16,257 - [ERROR] - [GOLD] Strategy VOLUME_CLIMAX error: 'volume'
2026-07-20 22:39:16,788 - [ERROR] - [SILVER] Strategy VOLUME_CLIMAX error: 'volume'
2026-07-20 22:39:17,615 - [ERROR] - [GOLD] Strategy VOLUME_CLIMAX error: 'volume'
2026-07-20 22:39:18,174 - [ERROR] - [SILVER] Strategy VOLUME_CLIMAX error: 'volume'
2026-07-20 22:39:18,966 - [ERROR] - [GOLD] Strategy VOLUME_CLIMAX error: 'volume'
2026-07-20 22:39:19,538 - [ERROR] - [SILVER] Strategy VOLUME_CLIMAX error: 'volume'
2026-07-20 22:39:20,317 - [ERROR] - [GOLD] Strategy VOLUME_CLIMAX error: 'volume'
2026-07-20 22:39:20,897 - [ERROR] - [SILVER] Strategy VOLUME_CLIMAX error: 'volume'
2026-07-20 22:39:21,659 - [ERROR] - [GOLD] Strategy VOLUME_CLIMAX error: 'volume'
2026-07-20 22:39:22,274 - [ERROR] - [SILVER] Strategy VOLUME_CLIMAX error: 'volume'
2026-07-20 22:39:23,019 - [ERROR] - [GOLD] Strategy VOLUME_CLIMAX error: 'volume'
2026-07-20 22:39:23,677 - [ERROR] - [SILVER] Strategy VOLUME_CLIMAX error: 'volume'
2026-07-20 22:39:24,381 - [ERROR] - [GOLD] Strategy VOLUME_CLIMAX error: 'volume'
2026-07-20 22:39:25,051 - [ERROR] - [SILVER] Strategy VOLUME_CLIMAX error: 'volume'
2026-07-20 22:39:25,784 - [ERROR] - [GOLD] Strategy VOLUME_CLIMAX error: 'volume'
2026-07-20 22:39:26,427 - [ERROR] - [SILVER] Strategy VOLUME_CLIMAX error: 'volume'
2026-07-20 22:39:27,169 - [ERROR] - [GOLD] Strategy VOLUME_CLIMAX error: 'volume'
2026-07-20 22:39:27,798 - [ERROR] - [SILVER] Strategy VOLUME_CLIMAX error: 'volume'
2026-07-20 22:39:28,544 - [ERROR] - [GOLD] Strategy VOLUME_CLIMAX error: 'volume'
2026-07-20 22:39:29,175 - [ERROR] - [SILVER] Strategy VOLUME_CLIMAX error: 'volume'
2026-07-20 22:39:29,904 - [ERROR] - [GOLD] Strategy VOLUME_CLIMAX error: 'volume'
2026-07-20 22:39:30,538 - [ERROR] - [SILVER] Strategy VOLUME_CLIMAX error: 'volume'
2026-07-20 22:39:31,287 - [ERROR] - [GOLD] Strategy VOLUME_CLIMAX error: 'volume'
2026-07-20 22:39:31,908 - [ERROR] - [SILVER] Strategy VOLUME_CLIMAX error: 'volume'
2026-07-20 22:39:32,730 - [ERROR] - [GOLD] Strategy VOLUME_CLIMAX error: 'volume'
2026-07-20 22:39:33,308 - [ERROR] - [SILVER] Strategy VOLUME_CLIMAX error: 'volume'
2026-07-20 22:39:34,102 - [ERROR] - [GOLD] Strategy VOLUME_CLIMAX error: 'volume'
2026-07-20 22:39:34,685 - [ERROR] - [SILVER] Strategy VOLUME_CLIMAX error: 'volume'
2026-07-20 22:39:35,471 - [ERROR] - [GOLD] Strategy VOLUME_CLIMAX error: 'volume'
2026-07-20 22:39:36,062 - [ERROR] - [SILVER] Strategy VOLUME_CLIMAX error: 'volume'
2026-07-20 22:39:36,904 - [ERROR] - [GOLD] Strategy VOLUME_CLIMAX error: 'volume'
2026-07-20 22:39:37,463 - [ERROR] - [SILVER] Strategy VOLUME_CLIMAX error: 'volume'
2026-07-20 22:39:38,282 - [ERROR] - [GOLD] Strategy VOLUME_CLIMAX error: 'volume'
2026-07-20 22:39:38,840 - [ERROR] - [SILVER] Strategy VOLUME_CLIMAX error: 'volume'
2026-07-20 22:39:38,908 - [WARNING] - [SILVER] \U0001f6a8 Spread Protection: Live Spread (73) > Max Allowable (40). Trade Aborted.
2026-07-20 22:39:39,658 - [ERROR] - [GOLD] Strategy VOLUME_CLIMAX error: 'volume'
2026-07-20 22:39:41,056 - [ERROR] - [GOLD] Strategy VOLUME_CLIMAX error: 'volume'
2026-07-20 22:39:42,470 - [ERROR] - [GOLD] Strategy VOLUME_CLIMAX error: 'volume'
2026-07-20 22:39:43,847 - [ERROR] - [GOLD] Strategy VOLUME_CLIMAX error: 'volume'
2026-07-20 22:39:45,228 - [ERROR] - [GOLD] Strategy VOLUME_CLIMAX error: 'volume'
2026-07-20 22:39:46,591 - [ERROR] - [GOLD] Strategy VOLUME_CLIMAX error: 'volume'
2026-07-20 22:39:47,955 - [ERROR] - [GOLD] Strategy VOLUME_CLIMAX error: 'volume'
2026-07-20 22:39:49,315 - [ERROR] - [GOLD] Strategy VOLUME_CLIMAX error: 'volume'
2026-07-20 22:39:50,658 - [ERROR] - [GOLD] Strategy VOLUME_CLIMAX error: 'volume'
2026-07-20 22:39:52,012 - [ERROR] - [GOLD] Strategy VOLUME_CLIMAX error: 'volume'
2026-07-20 22:39:53,380 - [ERROR] - [GOLD] Strategy VOLUME_CLIMAX error: 'volume'
2026-07-20 22:39:54,747 - [ERROR] - [GOLD] Strategy VOLUME_CLIMAX error: 'volume'
2026-07-20 22:39:56,121 - [ERROR] - [GOLD] Strategy VOLUME_CLIMAX error: 'volume'
2026-07-20 22:39:57,497 - [ERROR] - [GOLD] Strategy VOLUME_CLIMAX error: 'volume'
2026-07-20 22:39:58,870 - [ERROR] - [GOLD] Strategy VOLUME_CLIMAX error: 'volume'
2026-07-20 22:40:00,233 - [WARNING] - [GOLD] \U0001f6a8 Spread Protection: Live Spread (55) > Max Allowable (40). Trade Aborted.
2026-07-20 22:41:39,969 - [WARNING] - [SILVER] \U0001f6a8 Spread Protection: Live Spread (73) > Max Allowable (40). Trade Aborted.
2026-07-20 22:42:01,268 - [WARNING] - [GOLD] \U0001f6a8 Spread Protection: Live Spread (56) > Max Allowable (40). Trade Aborted.
2026-07-20 22:43:40,809 - [ERROR] - [SILVER] Strategy VOLUME_CLIMAX error: 'volume'
2026-07-20 22:43:42,212 - [ERROR] - [SILVER] Strategy VOLUME_CLIMAX error: 'volume'
2026-07-20 22:43:43,589 - [ERROR] - [SILVER] Strategy VOLUME_CLIMAX error: 'volume'
2026-07-20 22:43:45,011 - [ERROR] - [SILVER] Strategy VOLUME_CLIMAX error: 'volume'
2026-07-20 22:43:46,416 - [ERROR] - [SILVER] Strategy VOLUME_CLIMAX error: 'volume'
2026-07-20 22:43:47,821 - [ERROR] - [SILVER] Strategy VOLUME_CLIMAX error: 'volume'
2026-07-20 22:43:49,218 - [ERROR] - [SILVER] Strategy VOLUME_CLIMAX error: 'volume'
2026-07-20 22:43:50,601 - [ERROR] - [SILVER] Strategy VOLUME_CLIMAX error: 'volume'
2026-07-20 22:43:52,033 - [ERROR] - [SILVER] Strategy VOLUME_CLIMAX error: 'volume'
2026-07-20 22:43:53,437 - [ERROR] - [SILVER] Strategy VOLUME_CLIMAX error: 'volume'
2026-07-20 22:43:54,842 - [ERROR] - [SILVER] Strategy VOLUME_CLIMAX error: 'volume'
2026-07-20 22:43:56,301 - [ERROR] - [SILVER] Strategy VOLUME_CLIMAX error: 'volume'
2026-07-20 22:43:57,697 - [WARNING] - [SILVER] \U0001f6a8 Spread Protection: Live Spread (68) > Max Allowable (40). Trade Aborted.
2026-07-20 22:44:02,303 - [WARNING] - [GOLD] \U0001f6a8 Spread Protection: Live Spread (55) > Max Allowable (40). Trade Aborted.
2026-07-20 22:45:58,797 - [WARNING] - [SILVER] \U0001f6a8 Spread Protection: Live Spread (70) > Max Allowable (40). Trade Aborted.
2026-07-20 22:46:03,351 - [WARNING] - [GOLD] \U0001f6a8 Spread Protection: Live Spread (55) > Max Allowable (40). Trade Aborted.
2026-07-20 22:47:59,982 - [ERROR] - [SILVER] Strategy VOLUME_CLIMAX error: 'volume'
2026-07-20 22:48:01,672 - [ERROR] - [SILVER] Strategy VOLUME_CLIMAX error: 'volume'
2026-07-20 22:48:03,385 - [ERROR] - [SILVER] Strategy VOLUME_CLIMAX error: 'volume'
2026-07-20 22:48:04,400 - [WARNING] - [GOLD] \U0001f6a8 Spread Protection: Live Spread (56) > Max Allowable (40). Trade Aborted.
2026-07-20 22:48:05,048 - [ERROR] - [SILVER] Strategy VOLUME_CLIMAX error: 'volume'
2026-07-20 22:48:06,701 - [ERROR] - [SILVER] Strategy VOLUME_CLIMAX error: 'volume'
2026-07-20 22:48:08,312 - [ERROR] - [SILVER] Strategy VOLUME_CLIMAX error: 'volume'
2026-07-20 22:48:09,895 - [ERROR] - [SILVER] Strategy VOLUME_CLIMAX error: 'volume'
2026-07-20 22:48:11,469 - [ERROR] - [SILVER] Strategy VOLUME_CLIMAX error: 'volume'
2026-07-20 22:48:13,008 - [ERROR] - [SILVER] Strategy VOLUME_CLIMAX error: 'volume'
2026-07-20 22:48:14,492 - [ERROR] - [SILVER] Strategy VOLUME_CLIMAX error: 'volume'
2026-07-20 22:48:15,955 - [ERROR] - [SILVER] Strategy VOLUME_CLIMAX error: 'volume'
2026-07-20 22:48:17,429 - [ERROR] - [SILVER] Strategy VOLUME_CLIMAX error: 'volume'
2026-07-20 22:48:18,911 - [ERROR] - [SILVER] Strategy VOLUME_CLIMAX error: 'volume'
2026-07-20 22:48:20,381 - [ERROR] - [SILVER] Strategy VOLUME_CLIMAX error: 'volume'
2026-07-20 22:48:21,860 - [ERROR] - [SILVER] Strategy VOLUME_CLIMAX error: 'volume'
2026-07-20 22:48:23,305 - [ERROR] - [SILVER] Strategy VOLUME_CLIMAX error: 'volume'
2026-07-20 22:48:24,711 - [ERROR] - [SILVER] Strategy VOLUME_CLIMAX error: 'volume'
2026-07-20 22:48:26,112 - [ERROR] - [SILVER] Strategy VOLUME_CLIMAX error: 'volume'
2026-07-20 22:48:27,484 - [ERROR] - [SILVER] Strategy VOLUME_CLIMAX error: 'volume'
2026-07-20 22:48:28,877 - [ERROR] - [SILVER] Strategy VOLUME_CLIMAX error: 'volume'
2026-07-20 22:48:30,309 - [ERROR] - [SILVER] Strategy VOLUME_CLIMAX error: 'volume'
2026-07-20 22:48:31,698 - [ERROR] - [SILVER] Strategy VOLUME_CLIMAX error: 'volume'
2026-07-20 22:48:33,064 - [ERROR] - [SILVER] Strategy VOLUME_CLIMAX error: 'volume'
2026-07-20 22:48:34,436 - [ERROR] - [SILVER] Strategy VOLUME_CLIMAX error: 'volume'
2026-07-20 22:48:35,798 - [ERROR] - [SILVER] Strategy VOLUME_CLIMAX error: 'volume'
2026-07-20 22:48:37,177 - [ERROR] - [SILVER] Strategy VOLUME_CLIMAX error: 'volume'
2026-07-20 22:48:38,557 - [ERROR] - [SILVER] Strategy VOLUME_CLIMAX error: 'volume'
2026-07-20 22:48:39,954 - [ERROR] - [SILVER] Strategy VOLUME_CLIMAX error: 'volume'
2026-07-20 22:48:41,403 - [ERROR] - [SILVER] Strategy VOLUME_CLIMAX error: 'volume'
2026-07-20 22:48:42,786 - [ERROR] - [SILVER] Strategy VOLUME_CLIMAX error: 'volume'
2026-07-20 22:48:44,177 - [ERROR] - [SILVER] Strategy VOLUME_CLIMAX error: 'volume'
2026-07-20 22:48:45,583 - [ERROR] - [SILVER] Strategy VOLUME_CLIMAX error: 'volume'
2026-07-20 22:48:46,974 - [ERROR] - [SILVER] Strategy VOLUME_CLIMAX error: 'volume'
2026-07-20 22:48:48,357 - [ERROR] - [SILVER] Strategy VOLUME_CLIMAX error: 'volume'
2026-07-20 22:48:49,760 - [ERROR] - [SILVER] Strategy VOLUME_CLIMAX error: 'volume'
2026-07-20 22:48:51,155 - [ERROR] - [SILVER] Strategy VOLUME_CLIMAX error: 'volume'
2026-07-20 22:48:52,551 - [ERROR] - [SILVER] Strategy VOLUME_CLIMAX error: 'volume'
2026-07-20 22:48:53,946 - [ERROR] - [SILVER] Strategy VOLUME_CLIMAX error: 'volume'
2026-07-20 22:48:55,351 - [ERROR] - [SILVER] Strategy VOLUME_CLIMAX error: 'volume'
2026-07-20 22:48:56,753 - [ERROR] - [SILVER] Strategy VOLUME_CLIMAX error: 'volume'
2026-07-20 22:48:58,120 - [ERROR] - [SILVER] Strategy VOLUME_CLIMAX error: 'volume'
2026-07-20 22:48:59,490 - [ERROR] - [SILVER] Strategy VOLUME_CLIMAX error: 'volume'
2026-07-20 22:49:00,849 - [WARNING] - [SILVER] \U0001f6a8 Spread Protection: Live Spread (68) > Max Allowable (40). Trade Aborted.
2026-07-20 22:50:04,746 - [WARNING] - [GOLD] \U0001f6a8 Spread Protection: Live Spread (55) > Max Allowable (40). Trade Aborted.
2026-07-20 22:51:01,925 - [WARNING] - [SILVER] \U0001f6a8 Spread Protection: Live Spread (71) > Max Allowable (40). Trade Aborted.
2026-07-20 22:52:05,796 - [ERROR] - [GOLD] Strategy VOLUME_CLIMAX error: 'volume'
2026-07-20 22:52:07,593 - [ERROR] - [GOLD] Strategy VOLUME_CLIMAX error: 'volume'
2026-07-20 22:52:09,435 - [ERROR] - [GOLD] Strategy VOLUME_CLIMAX error: 'volume'
2026-07-20 22:52:11,245 - [ERROR] - [GOLD] Strategy VOLUME_CLIMAX error: 'volume'
2026-07-20 22:52:13,084 - [ERROR] - [GOLD] Strategy VOLUME_CLIMAX error: 'volume'
2026-07-20 22:52:14,924 - [ERROR] - [GOLD] Strategy VOLUME_CLIMAX error: 'volume'
2026-07-20 22:52:16,853 - [ERROR] - [GOLD] Strategy VOLUME_CLIMAX error: 'volume'
2026-07-20 22:52:18,761 - [ERROR] - [GOLD] Strategy VOLUME_CLIMAX error: 'volume'
2026-07-20 22:52:20,478 - [ERROR] - [GOLD] Strategy VOLUME_CLIMAX error: 'volume'
2026-07-20 22:52:22,202 - [ERROR] - [GOLD] Strategy VOLUME_CLIMAX error: 'volume'
2026-07-20 22:52:23,935 - [ERROR] - [GOLD] Strategy VOLUME_CLIMAX error: 'volume'
2026-07-20 22:52:25,667 - [ERROR] - [GOLD] Strategy VOLUME_CLIMAX error: 'volume'
2026-07-20 22:52:27,432 - [ERROR] - [GOLD] Strategy VOLUME_CLIMAX error: 'volume'
2026-07-20 22:52:29,223 - [ERROR] - [GOLD] Strategy VOLUME_CLIMAX error: 'volume'
2026-07-20 22:52:30,952 - [ERROR] - [GOLD] Strategy VOLUME_CLIMAX error: 'volume'
2026-07-20 22:52:32,676 - [ERROR] - [GOLD] Strategy VOLUME_CLIMAX error: 'volume'
2026-07-20 22:52:34,447 - [ERROR] - [GOLD] Strategy VOLUME_CLIMAX error: 'volume'
2026-07-20 22:52:36,163 - [ERROR] - [GOLD] Strategy VOLUME_CLIMAX error: 'volume'
2026-07-20 22:52:37,793 - [ERROR] - [GOLD] Strategy VOLUME_CLIMAX error: 'volume'
2026-07-20 22:52:39,411 - [ERROR] - [GOLD] Strategy VOLUME_CLIMAX error: 'volume'
2026-07-20 22:52:41,061 - [ERROR] - [GOLD] Strategy VOLUME_CLIMAX error: 'volume'
2026-07-20 22:52:42,685 - [ERROR] - [GOLD] Strategy VOLUME_CLIMAX error: 'volume'
2026-07-20 22:52:44,352 - [ERROR] - [GOLD] Strategy VOLUME_CLIMAX error: 'volume'
2026-07-20 22:52:45,979 - [ERROR] - [GOLD] Strategy VOLUME_CLIMAX error: 'volume'
2026-07-20 22:52:47,589 - [ERROR] - [GOLD] Strategy VOLUME_CLIMAX error: 'volume'
2026-07-20 22:52:49,185 - [ERROR] - [GOLD] Strategy VOLUME_CLIMAX error: 'volume'
2026-07-20 22:52:50,736 - [ERROR] - [GOLD] Strategy VOLUME_CLIMAX error: 'volume'
2026-07-20 22:52:52,287 - [ERROR] - [GOLD] Strategy VOLUME_CLIMAX error: 'volume'
2026-07-20 22:52:53,825 - [ERROR] - [GOLD] Strategy VOLUME_CLIMAX error: 'volume'
2026-07-20 22:52:55,329 - [WARNING] - [GOLD] \U0001f6a8 Spread Protection: Live Spread (55) > Max Allowable (40). Trade Aborted.
2026-07-20 22:53:02,198 - [ERROR] - [SILVER] Strategy VOLUME_CLIMAX error: 'volume'
2026-07-20 22:53:03,739 - [ERROR] - [SILVER] Strategy VOLUME_CLIMAX error: 'volume'
2026-07-20 22:53:05,229 - [ERROR] - [SILVER] Strategy VOLUME_CLIMAX error: 'volume'
2026-07-20 22:53:06,726 - [ERROR] - [SILVER] Strategy VOLUME_CLIMAX error: 'volume'
2026-07-20 22:53:08,166 - [ERROR] - [SILVER] Strategy VOLUME_CLIMAX error: 'volume'
2026-07-20 22:53:09,611 - [ERROR] - [SILVER] Strategy VOLUME_CLIMAX error: 'volume'
2026-07-20 22:53:11,010 - [WARNING] - [SILVER] \U0001f6a8 Spread Protection: Live Spread (69) > Max Allowable (40). Trade Aborted.
2026-07-20 22:54:56,312 - [WARNING] - [GOLD] \U0001f6a8 Spread Protection: Live Spread (54) > Max Allowable (40). Trade Aborted.
2026-07-20 22:55:00,515 - [INFO] - [GBPUSD] Trade outside Golden Hour (17 UTC). Targeting reduced 2.0 R:R.
2026-07-20 22:55:00,527 - [ERROR] - [GBPUSD] ML Inference Error: cannot access local variable 'pd' where it is not associated with a value. Proceeding without ML.
2026-07-20 22:55:00,752 - [INFO] - [GBPUSD] SUCCESS - Opened BUY | Strat: ZERO_HERO | Lot: 0.33 | SL: 1.3418
2026-07-20 22:55:11,944 - [WARNING] - [SILVER] \U0001f6a8 Spread Protection: Live Spread (68) > Max Allowable (40). Trade Aborted.
2026-07-20 22:56:56,464 - [ERROR] - [GOLD] Strategy VOLUME_CLIMAX error: 'volume'
2026-07-20 22:56:57,901 - [ERROR] - [GOLD] Strategy VOLUME_CLIMAX error: 'volume'
2026-07-20 22:56:59,299 - [ERROR] - [GOLD] Strategy VOLUME_CLIMAX error: 'volume'
2026-07-20 22:57:00,699 - [ERROR] - [GOLD] Strategy VOLUME_CLIMAX error: 'volume'
2026-07-20 22:57:02,118 - [ERROR] - [GOLD] Strategy VOLUME_CLIMAX error: 'volume'
2026-07-20 22:57:03,511 - [ERROR] - [GOLD] Strategy VOLUME_CLIMAX error: 'volume'
2026-07-20 22:57:04,892 - [ERROR] - [GOLD] Strategy VOLUME_CLIMAX error: 'volume'
2026-07-20 22:57:06,298 - [ERROR] - [GOLD] Strategy VOLUME_CLIMAX error: 'volume'
2026-07-20 22:57:07,685 - [ERROR] - [GOLD] Strategy VOLUME_CLIMAX error: 'volume'
2026-07-20 22:57:09,068 - [ERROR] - [GOLD] Strategy VOLUME_CLIMAX error: 'volume'
2026-07-20 22:57:10,453 - [ERROR] - [GOLD] Strategy VOLUME_CLIMAX error: 'volume'
2026-07-20 22:57:11,826 - [ERROR] - [GOLD] Strategy VOLUME_CLIMAX error: 'volume'
2026-07-20 22:57:12,191 - [WARNING] - [SILVER] \U0001f6a8 Spread Protection: Live Spread (70) > Max Allowable (40). Trade Aborted.
2026-07-20 22:57:13,235 - [ERROR] - [GOLD] Strategy VOLUME_CLIMAX error: 'volume'
2026-07-20 22:57:14,630 - [ERROR] - [GOLD] Strategy VOLUME_CLIMAX error: 'volume'
2026-07-20 22:57:16,043 - [ERROR] - [GOLD] Strategy VOLUME_CLIMAX error: 'volume'
2026-07-20 22:57:17,452 - [ERROR] - [GOLD] Strategy VOLUME_CLIMAX error: 'volume'
2026-07-20 22:57:18,858 - [ERROR] - [GOLD] Strategy VOLUME_CLIMAX error: 'volume'
2026-07-20 22:57:20,252 - [ERROR] - [GOLD] Strategy VOLUME_CLIMAX error: 'volume'
2026-07-20 22:57:21,663 - [ERROR] - [GOLD] Strategy VOLUME_CLIMAX error: 'volume'
2026-07-20 22:57:23,054 - [ERROR] - [GOLD] Strategy VOLUME_CLIMAX error: 'volume'
2026-07-20 22:57:24,462 - [ERROR] - [GOLD] Strategy VOLUME_CLIMAX error: 'volume'
2026-07-20 22:57:25,879 - [ERROR] - [GOLD] Strategy VOLUME_CLIMAX error: 'volume'
2026-07-20 22:57:27,298 - [ERROR] - [GOLD] Strategy VOLUME_CLIMAX error: 'volume'
2026-07-20 22:57:28,699 - [ERROR] - [GOLD] Strategy VOLUME_CLIMAX error: 'volume'
2026-07-20 22:57:30,093 - [ERROR] - [GOLD] Strategy VOLUME_CLIMAX error: 'volume'
2026-07-20 22:57:31,483 - [ERROR] - [GOLD] Strategy VOLUME_CLIMAX error: 'volume'
2026-07-20 22:57:32,869 - [ERROR] - [GOLD] Strategy VOLUME_CLIMAX error: 'volume'
2026-07-20 22:57:34,247 - [ERROR] - [GOLD] Strategy VOLUME_CLIMAX error: 'volume'
2026-07-20 22:57:35,628 - [ERROR] - [GOLD] Strategy VOLUME_CLIMAX error: 'volume'
2026-07-20 22:57:37,021 - [ERROR] - [GOLD] Strategy VOLUME_CLIMAX error: 'volume'
2026-07-20 22:57:38,390 - [ERROR] - [GOLD] Strategy VOLUME_CLIMAX error: 'volume'
2026-07-20 22:57:39,777 - [ERROR] - [GOLD] Strategy VOLUME_CLIMAX error: 'volume'
2026-07-20 22:57:41,144 - [ERROR] - [GOLD] Strategy VOLUME_CLIMAX error: 'volume'
2026-07-20 22:57:42,554 - [ERROR] - [GOLD] Strategy VOLUME_CLIMAX error: 'volume'
2026-07-20 22:57:43,949 - [ERROR] - [GOLD] Strategy VOLUME_CLIMAX error: 'volume'
2026-07-20 22:57:45,353 - [ERROR] - [GOLD] Strategy VOLUME_CLIMAX error: 'volume'
2026-07-20 22:57:46,765 - [ERROR] - [GOLD] Strategy VOLUME_CLIMAX error: 'volume'
2026-07-20 22:57:48,159 - [ERROR] - [GOLD] Strategy VOLUME_CLIMAX error: 'volume'
2026-07-20 22:57:49,549 - [ERROR] - [GOLD] Strategy VOLUME_CLIMAX error: 'volume'
2026-07-20 22:57:50,994 - [ERROR] - [GOLD] Strategy VOLUME_CLIMAX error: 'volume'
2026-07-20 22:57:52,439 - [ERROR] - [GOLD] Strategy VOLUME_CLIMAX error: 'volume'
2026-07-20 22:57:53,852 - [ERROR] - [GOLD] Strategy VOLUME_CLIMAX error: 'volume'
2026-07-20 22:57:55,229 - [ERROR] - [GOLD] Strategy VOLUME_CLIMAX error: 'volume'
2026-07-20 22:57:56,593 - [ERROR] - [GOLD] Strategy VOLUME_CLIMAX error: 'volume'
2026-07-20 22:57:58,015 - [ERROR] - [GOLD] Strategy VOLUME_CLIMAX error: 'volume'
2026-07-20 22:57:59,394 - [ERROR] - [GOLD] Strategy VOLUME_CLIMAX error: 'volume'
2026-07-20 22:58:00,831 - [ERROR] - [GOLD] Strategy VOLUME_CLIMAX error: 'volume'
2026-07-20 22:58:02,229 - [ERROR] - [GOLD] Strategy VOLUME_CLIMAX error: 'volume'
2026-07-20 22:58:03,630 - [ERROR] - [GOLD] Strategy VOLUME_CLIMAX error: 'volume'
2026-07-20 22:58:05,051 - [ERROR] - [GOLD] Strategy VOLUME_CLIMAX error: 'volume'
2026-07-20 22:58:06,475 - [ERROR] - [GOLD] Strategy VOLUME_CLIMAX error: 'volume'
2026-07-20 22:58:07,898 - [ERROR] - [GOLD] Strategy VOLUME_CLIMAX error: 'volume'
2026-07-20 22:58:09,322 - [ERROR] - [GOLD] Strategy VOLUME_CLIMAX error: 'volume'
2026-07-20 22:58:10,718 - [ERROR] - [GOLD] Strategy VOLUME_CLIMAX error: 'volume'
2026-07-20 22:58:12,104 - [ERROR] - [GOLD] Strategy VOLUME_CLIMAX error: 'volume'
2026-07-20 22:58:13,497 - [ERROR] - [GOLD] Strategy VOLUME_CLIMAX error: 'volume'
2026-07-20 22:58:14,901 - [ERROR] - [GOLD] Strategy VOLUME_CLIMAX error: 'volume'
2026-07-20 22:58:16,304 - [ERROR] - [GOLD] Strategy VOLUME_CLIMAX error: 'volume'
2026-07-20 22:58:17,692 - [ERROR] - [GOLD] Strategy VOLUME_CLIMAX error: 'volume'
2026-07-20 22:58:19,090 - [ERROR] - [GOLD] Strategy VOLUME_CLIMAX error: 'volume'
2026-07-20 22:58:20,472 - [ERROR] - [GOLD] Strategy VOLUME_CLIMAX error: 'volume'
2026-07-20 22:58:21,854 - [ERROR] - [GOLD] Strategy VOLUME_CLIMAX error: 'volume'
2026-07-20 22:58:23,242 - [ERROR] - [GOLD] Strategy VOLUME_CLIMAX error: 'volume'
2026-07-20 22:58:24,611 - [ERROR] - [GOLD] Strategy VOLUME_CLIMAX error: 'volume'
2026-07-20 22:58:25,979 - [ERROR] - [GOLD] Strategy VOLUME_CLIMAX error: 'volume'
2026-07-20 22:58:27,364 - [ERROR] - [GOLD] Strategy VOLUME_CLIMAX error: 'volume'
2026-07-20 22:58:28,762 - [ERROR] - [GOLD] Strategy VOLUME_CLIMAX error: 'volume'
2026-07-20 22:58:30,145 - [ERROR] - [GOLD] Strategy VOLUME_CLIMAX error: 'volume'
2026-07-20 22:58:31,544 - [ERROR] - [GOLD] Strategy VOLUME_CLIMAX error: 'volume'
2026-07-20 22:58:32,935 - [ERROR] - [GOLD] Strategy VOLUME_CLIMAX error: 'volume'
2026-07-20 22:58:34,321 - [ERROR] - [GOLD] Strategy VOLUME_CLIMAX error: 'volume'
2026-07-20 22:58:35,741 - [ERROR] - [GOLD] Strategy VOLUME_CLIMAX error: 'volume'
2026-07-20 22:58:37,157 - [ERROR] - [GOLD] Strategy VOLUME_CLIMAX error: 'volume'
2026-07-20 22:58:38,601 - [ERROR] - [GOLD] Strategy VOLUME_CLIMAX error: 'volume'
2026-07-20 22:58:39,992 - [ERROR] - [GOLD] Strategy VOLUME_CLIMAX error: 'volume'
2026-07-20 22:58:41,375 - [ERROR] - [GOLD] Strategy VOLUME_CLIMAX error: 'volume'
2026-07-20 22:58:42,765 - [ERROR] - [GOLD] Strategy VOLUME_CLIMAX error: 'volume'
2026-07-20 22:58:44,143 - [ERROR] - [GOLD] Strategy VOLUME_CLIMAX error: 'volume'
2026-07-20 22:58:45,528 - [ERROR] - [GOLD] Strategy VOLUME_CLIMAX error: 'volume'
2026-07-20 22:58:46,920 - [ERROR] - [GOLD] Strategy VOLUME_CLIMAX error: 'volume'
2026-07-20 22:58:48,301 - [ERROR] - [GOLD] Strategy VOLUME_CLIMAX error: 'volume'
2026-07-20 22:58:49,692 - [ERROR] - [GOLD] Strategy VOLUME_CLIMAX error: 'volume'
2026-07-20 22:58:51,140 - [ERROR] - [GOLD] Strategy VOLUME_CLIMAX error: 'volume'
2026-07-20 22:58:52,548 - [ERROR] - [GOLD] Strategy VOLUME_CLIMAX error: 'volume'
2026-07-20 22:58:53,971 - [ERROR] - [GOLD] Strategy VOLUME_CLIMAX error: 'volume'
2026-07-20 22:58:55,368 - [ERROR] - [GOLD] Strategy VOLUME_CLIMAX error: 'volume'
2026-07-20 22:58:56,744 - [ERROR] - [GOLD] Strategy VOLUME_CLIMAX error: 'volume'
2026-07-20 22:58:58,133 - [ERROR] - [GOLD] Strategy VOLUME_CLIMAX error: 'volume'
2026-07-20 22:58:59,523 - [ERROR] - [GOLD] Strategy VOLUME_CLIMAX error: 'volume'
2026-07-20 22:59:00,940 - [ERROR] - [GOLD] Strategy VOLUME_CLIMAX error: 'volume'
2026-07-20 22:59:02,338 - [ERROR] - [GOLD] Strategy VOLUME_CLIMAX error: 'volume'
2026-07-20 22:59:03,734 - [ERROR] - [GOLD] Strategy VOLUME_CLIMAX error: 'volume'
2026-07-20 22:59:05,132 - [ERROR] - [GOLD] Strategy VOLUME_CLIMAX error: 'volume'
2026-07-20 22:59:06,507 - [ERROR] - [GOLD] Strategy VOLUME_CLIMAX error: 'volume'
2026-07-20 22:59:07,899 - [ERROR] - [GOLD] Strategy VOLUME_CLIMAX error: 'volume'
2026-07-20 22:59:09,304 - [ERROR] - [GOLD] Strategy VOLUME_CLIMAX error: 'volume'
2026-07-20 22:59:10,677 - [ERROR] - [GOLD] Strategy VOLUME_CLIMAX error: 'volume'
2026-07-20 22:59:12,105 - [ERROR] - [GOLD] Strategy VOLUME_CLIMAX error: 'volume'
2026-07-20 22:59:13,192 - [ERROR] - [SILVER] Strategy VOLUME_CLIMAX error: 'volume'
2026-07-20 22:59:13,613 - [ERROR] - [GOLD] Strategy VOLUME_CLIMAX error: 'volume'
2026-07-20 22:59:14,690 - [ERROR] - [SILVER] Strategy VOLUME_CLIMAX error: 'volume'
2026-07-20 22:59:15,111 - [ERROR] - [GOLD] Strategy VOLUME_CLIMAX error: 'volume'
2026-07-20 22:59:16,187 - [ERROR] - [SILVER] Strategy VOLUME_CLIMAX error: 'volume'
2026-07-20 22:59:16,601 - [ERROR] - [GOLD] Strategy VOLUME_CLIMAX error: 'volume'
2026-07-20 22:59:17,624 - [WARNING] - [SILVER] \U0001f6a8 Spread Protection: Live Spread (68) > Max Allowable (40). Trade Aborted.
2026-07-20 22:59:17,993 - [ERROR] - [GOLD] Strategy VOLUME_CLIMAX error: 'volume'
2026-07-20 22:59:19,402 - [ERROR] - [GOLD] Strategy VOLUME_CLIMAX error: 'volume'
2026-07-20 22:59:20,834 - [ERROR] - [GOLD] Strategy VOLUME_CLIMAX error: 'volume'
2026-07-20 22:59:22,257 - [ERROR] - [GOLD] Strategy VOLUME_CLIMAX error: 'volume'
2026-07-20 22:59:23,667 - [ERROR] - [GOLD] Strategy VOLUME_CLIMAX error: 'volume'
2026-07-20 22:59:25,080 - [ERROR] - [GOLD] Strategy VOLUME_CLIMAX error: 'volume'
2026-07-20 22:59:26,475 - [ERROR] - [GOLD] Strategy VOLUME_CLIMAX error: 'volume'
2026-07-20 22:59:27,879 - [ERROR] - [GOLD] Strategy VOLUME_CLIMAX error: 'volume'
2026-07-20 22:59:29,274 - [ERROR] - [GOLD] Strategy VOLUME_CLIMAX error: 'volume'
2026-07-20 22:59:30,665 - [ERROR] - [GOLD] Strategy VOLUME_CLIMAX error: 'volume'
2026-07-20 22:59:32,059 - [ERROR] - [GOLD] Strategy VOLUME_CLIMAX error: 'volume'
2026-07-20 22:59:33,449 - [ERROR] - [GOLD] Strategy VOLUME_CLIMAX error: 'volume'
2026-07-20 22:59:34,834 - [ERROR] - [GOLD] Strategy VOLUME_CLIMAX error: 'volume'
2026-07-20 22:59:36,235 - [ERROR] - [GOLD] Strategy VOLUME_CLIMAX error: 'volume'
2026-07-20 22:59:37,622 - [ERROR] - [GOLD] Strategy VOLUME_CLIMAX error: 'volume'
2026-07-20 22:59:39,023 - [ERROR] - [GOLD] Strategy VOLUME_CLIMAX error: 'volume'
2026-07-20 22:59:40,401 - [ERROR] - [GOLD] Strategy VOLUME_CLIMAX error: 'volume'
2026-07-20 22:59:41,789 - [ERROR] - [GOLD] Strategy VOLUME_CLIMAX error: 'volume'
2026-07-20 22:59:43,204 - [ERROR] - [GOLD] Strategy VOLUME_CLIMAX error: 'volume'
2026-07-20 22:59:44,727 - [ERROR] - [GOLD] Strategy VOLUME_CLIMAX error: 'volume'
2026-07-20 22:59:46,145 - [ERROR] - [GOLD] Strategy VOLUME_CLIMAX error: 'volume'
2026-07-20 22:59:47,514 - [ERROR] - [GOLD] Strategy VOLUME_CLIMAX error: 'volume'
2026-07-20 22:59:48,894 - [ERROR] - [GOLD] Strategy VOLUME_CLIMAX error: 'volume'
2026-07-20 22:59:50,285 - [ERROR] - [GOLD] Strategy VOLUME_CLIMAX error: 'volume'
2026-07-20 22:59:51,675 - [ERROR] - [GOLD] Strategy VOLUME_CLIMAX error: 'volume'
2026-07-20 22:59:53,068 - [ERROR] - [GOLD] Strategy VOLUME_CLIMAX error: 'volume'
2026-07-20 22:59:54,489 - [ERROR] - [GOLD] Strategy VOLUME_CLIMAX error: 'volume'
2026-07-20 22:59:55,879 - [ERROR] - [GOLD] Strategy VOLUME_CLIMAX error: 'volume'
2026-07-20 22:59:57,315 - [ERROR] - [GOLD] Strategy VOLUME_CLIMAX error: 'volume'
2026-07-20 22:59:58,750 - [ERROR] - [GOLD] Strategy VOLUME_CLIMAX error: 'volume'
2026-07-20 23:00:00,139 - [ERROR] - [GOLD] Strategy VOLUME_CLIMAX error: 'volume'
2026-07-20 23:00:01,544 - [ERROR] - [GOLD] Strategy VOLUME_CLIMAX error: 'volume'
2026-07-20 23:00:02,930 - [ERROR] - [GOLD] Strategy VOLUME_CLIMAX error: 'volume'
2026-07-20 23:00:04,308 - [ERROR] - [GOLD] Strategy VOLUME_CLIMAX error: 'volume'
2026-07-20 23:00:05,690 - [ERROR] - [GOLD] Strategy VOLUME_CLIMAX error: 'volume'
2026-07-20 23:00:07,061 - [ERROR] - [GOLD] Strategy VOLUME_CLIMAX error: 'volume'
2026-07-20 23:00:08,445 - [ERROR] - [GOLD] Strategy VOLUME_CLIMAX error: 'volume'
2026-07-20 23:00:09,876 - [ERROR] - [GOLD] Strategy VOLUME_CLIMAX error: 'volume'
2026-07-20 23:00:11,261 - [ERROR] - [GOLD] Strategy VOLUME_CLIMAX error: 'volume'
2026-07-20 23:00:12,647 - [ERROR] - [GOLD] Strategy VOLUME_CLIMAX error: 'volume'
2026-07-20 23:00:14,047 - [ERROR] - [GOLD] Strategy VOLUME_CLIMAX error: 'volume'
2026-07-20 23:00:15,466 - [ERROR] - [GOLD] Strategy VOLUME_CLIMAX error: 'volume'
2026-07-20 23:00:16,888 - [ERROR] - [GOLD] Strategy VOLUME_CLIMAX error: 'volume'
2026-07-20 23:00:18,327 - [ERROR] - [GOLD] Strategy VOLUME_CLIMAX error: 'volume'
2026-07-20 23:00:19,751 - [ERROR] - [GOLD] Strategy VOLUME_CLIMAX error: 'volume'
2026-07-20 23:00:21,143 - [ERROR] - [GOLD] Strategy VOLUME_CLIMAX error: 'volume'
2026-07-20 23:00:22,536 - [ERROR] - [GOLD] Strategy VOLUME_CLIMAX error: 'volume'
2026-07-20 23:00:23,918 - [ERROR] - [GOLD] Strategy VOLUME_CLIMAX error: 'volume'
2026-07-20 23:00:25,313 - [ERROR] - [GOLD] Strategy VOLUME_CLIMAX error: 'volume'
2026-07-20 23:00:26,736 - [ERROR] - [GOLD] Strategy VOLUME_CLIMAX error: 'volume'
2026-07-20 23:00:28,132 - [ERROR] - [GOLD] Strategy VOLUME_CLIMAX error: 'volume'
2026-07-20 23:00:29,543 - [ERROR] - [GOLD] Strategy VOLUME_CLIMAX error: 'volume'
2026-07-20 23:00:30,949 - [ERROR] - [GOLD] Strategy VOLUME_CLIMAX error: 'volume'
2026-07-20 23:00:32,346 - [ERROR] - [GOLD] Strategy VOLUME_CLIMAX error: 'volume'
2026-07-20 23:00:33,759 - [ERROR] - [GOLD] Strategy VOLUME_CLIMAX error: 'volume'
2026-07-20 23:00:35,178 - [ERROR] - [GOLD] Strategy VOLUME_CLIMAX error: 'volume'
2026-07-20 23:00:36,586 - [ERROR] - [GOLD] Strategy VOLUME_CLIMAX error: 'volume'
2026-07-20 23:00:38,045 - [ERROR] - [GOLD] Strategy VOLUME_CLIMAX error: 'volume'
2026-07-20 23:00:39,494 - [ERROR] - [GOLD] Strategy VOLUME_CLIMAX error: 'volume'
2026-07-20 23:00:40,908 - [ERROR] - [GOLD] Strategy VOLUME_CLIMAX error: 'volume'
2026-07-20 23:00:42,305 - [ERROR] - [GOLD] Strategy VOLUME_CLIMAX error: 'volume'
2026-07-20 23:00:43,695 - [ERROR] - [GOLD] Strategy VOLUME_CLIMAX error: 'volume'
2026-07-20 23:00:45,107 - [ERROR] - [GOLD] Strategy VOLUME_CLIMAX error: 'volume'
2026-07-20 23:00:46,522 - [ERROR] - [GOLD] Strategy VOLUME_CLIMAX error: 'volume'
2026-07-20 23:00:47,929 - [ERROR] - [GOLD] Strategy VOLUME_CLIMAX error: 'volume'
2026-07-20 23:00:49,343 - [ERROR] - [GOLD] Strategy VOLUME_CLIMAX error: 'volume'
2026-07-20 23:00:50,768 - [ERROR] - [GOLD] Strategy VOLUME_CLIMAX error: 'volume'
2026-07-20 23:00:52,159 - [ERROR] - [GOLD] Strategy VOLUME_CLIMAX error: 'volume'
2026-07-20 23:00:53,577 - [ERROR] - [GOLD] Strategy VOLUME_CLIMAX error: 'volume'
2026-07-20 23:00:54,986 - [ERROR] - [GOLD] Strategy VOLUME_CLIMAX error: 'volume'
2026-07-20 23:00:56,389 - [ERROR] - [GOLD] Strategy VOLUME_CLIMAX error: 'volume'
2026-07-20 23:00:57,780 - [ERROR] - [GOLD] Strategy VOLUME_CLIMAX error: 'volume'
2026-07-20 23:00:59,178 - [ERROR] - [GOLD] Strategy VOLUME_CLIMAX error: 'volume'
2026-07-20 23:01:00,600 - [ERROR] - [GOLD] Strategy VOLUME_CLIMAX error: 'volume'
2026-07-20 23:01:02,033 - [ERROR] - [GOLD] Strategy VOLUME_CLIMAX error: 'volume'
2026-07-20 23:01:03,439 - [ERROR] - [GOLD] Strategy VOLUME_CLIMAX error: 'volume'
2026-07-20 23:01:04,825 - [ERROR] - [GOLD] Strategy VOLUME_CLIMAX error: 'volume'
2026-07-20 23:01:06,229 - [ERROR] - [GOLD] Strategy VOLUME_CLIMAX error: 'volume'
2026-07-20 23:01:07,615 - [ERROR] - [GOLD] Strategy VOLUME_CLIMAX error: 'volume'
2026-07-20 23:01:09,014 - [ERROR] - [GOLD] Strategy VOLUME_CLIMAX error: 'volume'
2026-07-20 23:01:10,382 - [ERROR] - [GOLD] Strategy VOLUME_CLIMAX error: 'volume'
2026-07-20 23:01:11,767 - [ERROR] - [GOLD] Strategy VOLUME_CLIMAX error: 'volume'
2026-07-20 23:01:13,142 - [ERROR] - [GOLD] Strategy VOLUME_CLIMAX error: 'volume'
2026-07-20 23:01:14,535 - [ERROR] - [GOLD] Strategy VOLUME_CLIMAX error: 'volume'
2026-07-20 23:01:15,962 - [ERROR] - [GOLD] Strategy VOLUME_CLIMAX error: 'volume'
2026-07-20 23:01:17,366 - [ERROR] - [GOLD] Strategy VOLUME_CLIMAX error: 'volume'
2026-07-20 23:01:18,712 - [WARNING] - [SILVER] \U0001f6a8 Spread Protection: Live Spread (69) > Max Allowable (40). Trade Aborted.
2026-07-20 23:01:18,823 - [ERROR] - [GOLD] Strategy VOLUME_CLIMAX error: 'volume'
2026-07-20 23:01:20,219 - [ERROR] - [GOLD] Strategy VOLUME_CLIMAX error: 'volume'
2026-07-20 23:01:21,642 - [ERROR] - [GOLD] Strategy VOLUME_CLIMAX error: 'volume'
2026-07-20 23:01:23,065 - [ERROR] - [GOLD] Strategy VOLUME_CLIMAX error: 'volume'
2026-07-20 23:01:24,478 - [ERROR] - [GOLD] Strategy VOLUME_CLIMAX error: 'volume'
2026-07-20 23:01:25,891 - [ERROR] - [GOLD] Strategy VOLUME_CLIMAX error: 'volume'
2026-07-20 23:01:27,291 - [ERROR] - [GOLD] Strategy VOLUME_CLIMAX error: 'volume'
2026-07-20 23:01:28,683 - [ERROR] - [GOLD] Strategy VOLUME_CLIMAX error: 'volume'
2026-07-20 23:01:30,104 - [ERROR] - [GOLD] Strategy VOLUME_CLIMAX error: 'volume'
2026-07-20 23:01:31,489 - [ERROR] - [GOLD] Strategy VOLUME_CLIMAX error: 'volume'
2026-07-20 23:01:32,854 - [ERROR] - [GOLD] Strategy VOLUME_CLIMAX error: 'volume'
2026-07-20 23:01:34,227 - [ERROR] - [GOLD] Strategy VOLUME_CLIMAX error: 'volume'
2026-07-20 23:01:35,604 - [ERROR] - [GOLD] Strategy VOLUME_CLIMAX error: 'volume'
2026-07-20 23:01:37,015 - [ERROR] - [GOLD] Strategy VOLUME_CLIMAX error: 'volume'
2026-07-20 23:01:38,386 - [ERROR] - [GOLD] Strategy VOLUME_CLIMAX error: 'volume'
2026-07-20 23:01:39,752 - [ERROR] - [GOLD] Strategy VOLUME_CLIMAX error: 'volume'
2026-07-20 23:01:41,148 - [ERROR] - [GOLD] Strategy VOLUME_CLIMAX error: 'volume'
2026-07-20 23:01:42,528 - [ERROR] - [GOLD] Strategy VOLUME_CLIMAX error: 'volume'
2026-07-20 23:01:43,909 - [ERROR] - [GOLD] Strategy VOLUME_CLIMAX error: 'volume'
2026-07-20 23:01:45,291 - [ERROR] - [GOLD] Strategy VOLUME_CLIMAX error: 'volume'
2026-07-20 23:01:46,652 - [ERROR] - [GOLD] Strategy VOLUME_CLIMAX error: 'volume'
2026-07-20 23:01:48,046 - [ERROR] - [GOLD] Strategy VOLUME_CLIMAX error: 'volume'
2026-07-20 23:01:49,474 - [ERROR] - [GOLD] Strategy VOLUME_CLIMAX error: 'volume'
2026-07-20 23:01:50,890 - [ERROR] - [GOLD] Strategy VOLUME_CLIMAX error: 'volume'
2026-07-20 23:01:52,299 - [ERROR] - [GOLD] Strategy VOLUME_CLIMAX error: 'volume'
2026-07-20 23:01:53,691 - [ERROR] - [GOLD] Strategy VOLUME_CLIMAX error: 'volume'
2026-07-20 23:01:55,091 - [ERROR] - [GOLD] Strategy VOLUME_CLIMAX error: 'volume'
2026-07-20 23:01:56,478 - [ERROR] - [GOLD] Strategy VOLUME_CLIMAX error: 'volume'
2026-07-20 23:01:57,847 - [ERROR] - [GOLD] Strategy VOLUME_CLIMAX error: 'volume'
2026-07-20 23:01:59,221 - [ERROR] - [GOLD] Strategy VOLUME_CLIMAX error: 'volume'
2026-07-20 23:02:00,623 - [ERROR] - [GOLD] Strategy VOLUME_CLIMAX error: 'volume'
2026-07-20 23:02:01,994 - [ERROR] - [GOLD] Strategy VOLUME_CLIMAX error: 'volume'
2026-07-20 23:02:03,367 - [ERROR] - [GOLD] Strategy VOLUME_CLIMAX error: 'volume'
2026-07-20 23:02:04,760 - [ERROR] - [GOLD] Strategy VOLUME_CLIMAX error: 'volume'
2026-07-20 23:02:06,156 - [ERROR] - [GOLD] Strategy VOLUME_CLIMAX error: 'volume'
2026-07-20 23:02:07,562 - [ERROR] - [GOLD] Strategy VOLUME_CLIMAX error: 'volume'
2026-07-20 23:02:08,950 - [ERROR] - [GOLD] Strategy VOLUME_CLIMAX error: 'volume'
2026-07-20 23:02:10,358 - [ERROR] - [GOLD] Strategy VOLUME_CLIMAX error: 'volume'
2026-07-20 23:02:11,784 - [ERROR] - [GOLD] Strategy VOLUME_CLIMAX error: 'volume'
2026-07-20 23:02:13,180 - [ERROR] - [GOLD] Strategy VOLUME_CLIMAX error: 'volume'
2026-07-20 23:02:14,597 - [ERROR] - [GOLD] Strategy VOLUME_CLIMAX error: 'volume'
2026-07-20 23:02:16,007 - [ERROR] - [GOLD] Strategy VOLUME_CLIMAX error: 'volume'
2026-07-20 23:02:17,432 - [ERROR] - [GOLD] Strategy VOLUME_CLIMAX error: 'volume'
2026-07-20 23:02:18,795 - [ERROR] - [GOLD] Strategy VOLUME_CLIMAX error: 'volume'
2026-07-20 23:02:20,156 - [ERROR] - [GOLD] Strategy VOLUME_CLIMAX error: 'volume'
2026-07-20 23:02:21,518 - [ERROR] - [GOLD] Strategy VOLUME_CLIMAX error: 'volume'
2026-07-20 23:02:22,914 - [ERROR] - [GOLD] Strategy VOLUME_CLIMAX error: 'volume'
2026-07-20 23:02:24,275 - [ERROR] - [GOLD] Strategy VOLUME_CLIMAX error: 'volume'
2026-07-20 23:02:25,700 - [ERROR] - [GOLD] Strategy VOLUME_CLIMAX error: 'volume'
2026-07-20 23:02:27,076 - [ERROR] - [GOLD] Strategy VOLUME_CLIMAX error: 'volume'
2026-07-20 23:02:28,449 - [ERROR] - [GOLD] Strategy VOLUME_CLIMAX error: 'volume'
2026-07-20 23:02:29,803 - [ERROR] - [GOLD] Strategy VOLUME_CLIMAX error: 'volume'
2026-07-20 23:02:31,183 - [ERROR] - [GOLD] Strategy VOLUME_CLIMAX error: 'volume'
2026-07-20 23:02:32,559 - [ERROR] - [GOLD] Strategy VOLUME_CLIMAX error: 'volume'
2026-07-20 23:02:33,954 - [ERROR] - [GOLD] Strategy VOLUME_CLIMAX error: 'volume'
2026-07-20 23:02:35,350 - [ERROR] - [GOLD] Strategy VOLUME_CLIMAX error: 'volume'
2026-07-20 23:02:36,733 - [ERROR] - [GOLD] Strategy VOLUME_CLIMAX error: 'volume'
2026-07-20 23:02:38,130 - [ERROR] - [GOLD] Strategy VOLUME_CLIMAX error: 'volume'
2026-07-20 23:02:39,538 - [ERROR] - [GOLD] Strategy VOLUME_CLIMAX error: 'volume'
2026-07-20 23:02:40,936 - [ERROR] - [GOLD] Strategy VOLUME_CLIMAX error: 'volume'
2026-07-20 23:02:42,364 - [ERROR] - [GOLD] Strategy VOLUME_CLIMAX error: 'volume'
2026-07-20 23:02:43,788 - [ERROR] - [GOLD] Strategy VOLUME_CLIMAX error: 'volume'
2026-07-20 23:02:45,221 - [ERROR] - [GOLD] Strategy VOLUME_CLIMAX error: 'volume'
2026-07-20 23:02:46,679 - [ERROR] - [GOLD] Strategy VOLUME_CLIMAX error: 'volume'
2026-07-20 23:02:48,083 - [ERROR] - [GOLD] Strategy VOLUME_CLIMAX error: 'volume'
2026-07-20 23:02:49,503 - [ERROR] - [GOLD] Strategy VOLUME_CLIMAX error: 'volume'
2026-07-20 23:02:50,899 - [ERROR] - [GOLD] Strategy VOLUME_CLIMAX error: 'volume'
2026-07-20 23:02:52,320 - [ERROR] - [GOLD] Strategy VOLUME_CLIMAX error: 'volume'
2026-07-20 23:02:53,726 - [ERROR] - [GOLD] Strategy VOLUME_CLIMAX error: 'volume'
2026-07-20 23:02:55,135 - [ERROR] - [GOLD] Strategy VOLUME_CLIMAX error: 'volume'
2026-07-20 23:02:56,544 - [ERROR] - [GOLD] Strategy VOLUME_CLIMAX error: 'volume'
2026-07-20 23:02:57,955 - [ERROR] - [GOLD] Strategy VOLUME_CLIMAX error: 'volume'
2026-07-20 23:02:59,372 - [ERROR] - [GOLD] Strategy VOLUME_CLIMAX error: 'volume'
2026-07-20 23:03:00,766 - [ERROR] - [GOLD] Strategy VOLUME_CLIMAX error: 'volume'
2026-07-20 23:03:02,200 - [ERROR] - [GOLD] Strategy VOLUME_CLIMAX error: 'volume'
2026-07-20 23:03:03,627 - [ERROR] - [GOLD] Strategy VOLUME_CLIMAX error: 'volume'
2026-07-20 23:03:05,042 - [ERROR] - [GOLD] Strategy VOLUME_CLIMAX error: 'volume'
2026-07-20 23:03:06,420 - [ERROR] - [GOLD] Strategy VOLUME_CLIMAX error: 'volume'
2026-07-20 23:03:07,844 - [ERROR] - [GOLD] Strategy VOLUME_CLIMAX error: 'volume'
2026-07-20 23:03:09,202 - [ERROR] - [GOLD] Strategy VOLUME_CLIMAX error: 'volume'
2026-07-20 23:03:10,574 - [ERROR] - [GOLD] Strategy VOLUME_CLIMAX error: 'volume'
2026-07-20 23:03:11,943 - [ERROR] - [GOLD] Strategy VOLUME_CLIMAX error: 'volume'
2026-07-20 23:03:13,320 - [ERROR] - [GOLD] Strategy VOLUME_CLIMAX error: 'volume'
2026-07-20 23:03:14,729 - [ERROR] - [GOLD] Strategy VOLUME_CLIMAX error: 'volume'
2026-07-20 23:03:16,108 - [ERROR] - [GOLD] Strategy VOLUME_CLIMAX error: 'volume'
2026-07-20 23:03:17,486 - [ERROR] - [GOLD] Strategy VOLUME_CLIMAX error: 'volume'
2026-07-20 23:03:18,907 - [ERROR] - [GOLD] Strategy VOLUME_CLIMAX error: 'volume'
2026-07-20 23:03:19,718 - [WARNING] - [SILVER] \U0001f6a8 Spread Protection: Live Spread (73) > Max Allowable (40). Trade Aborted.
2026-07-20 23:03:20,307 - [ERROR] - [GOLD] Strategy VOLUME_CLIMAX error: 'volume'
2026-07-20 23:03:21,694 - [ERROR] - [GOLD] Strategy VOLUME_CLIMAX error: 'volume'
2026-07-20 23:03:23,103 - [ERROR] - [GOLD] Strategy VOLUME_CLIMAX error: 'volume'
2026-07-20 23:03:24,508 - [ERROR] - [GOLD] Strategy VOLUME_CLIMAX error: 'volume'
2026-07-20 23:03:25,945 - [ERROR] - [GOLD] Strategy VOLUME_CLIMAX error: 'volume'
2026-07-20 23:03:27,345 - [ERROR] - [GOLD] Strategy VOLUME_CLIMAX error: 'volume'
2026-07-20 23:03:28,740 - [ERROR] - [GOLD] Strategy VOLUME_CLIMAX error: 'volume'
2026-07-20 23:03:30,161 - [ERROR] - [GOLD] Strategy VOLUME_CLIMAX error: 'volume'
2026-07-20 23:03:31,554 - [ERROR] - [GOLD] Strategy VOLUME_CLIMAX error: 'volume'
2026-07-20 23:03:32,962 - [ERROR] - [GOLD] Strategy VOLUME_CLIMAX error: 'volume'
2026-07-20 23:03:34,366 - [ERROR] - [GOLD] Strategy VOLUME_CLIMAX error: 'volume'
2026-07-20 23:03:35,773 - [ERROR] - [GOLD] Strategy VOLUME_CLIMAX error: 'volume'
2026-07-20 23:03:37,192 - [ERROR] - [GOLD] Strategy VOLUME_CLIMAX error: 'volume'
2026-07-20 23:03:38,600 - [ERROR] - [GOLD] Strategy VOLUME_CLIMAX error: 'volume'
2026-07-20 23:03:39,985 - [ERROR] - [GOLD] Strategy VOLUME_CLIMAX error: 'volume'
2026-07-20 23:03:41,338 - [ERROR] - [GOLD] Strategy VOLUME_CLIMAX error: 'volume'
2026-07-20 23:03:42,707 - [ERROR] - [GOLD] Strategy VOLUME_CLIMAX error: 'volume'
2026-07-20 23:03:44,093 - [ERROR] - [GOLD] Strategy VOLUME_CLIMAX error: 'volume'
2026-07-20 23:03:45,480 - [ERROR] - [GOLD] Strategy VOLUME_CLIMAX error: 'volume'
2026-07-20 23:03:46,860 - [ERROR] - [GOLD] Strategy VOLUME_CLIMAX error: 'volume'
2026-07-20 23:03:48,238 - [ERROR] - [GOLD] Strategy VOLUME_CLIMAX error: 'volume'
2026-07-20 23:03:49,631 - [ERROR] - [GOLD] Strategy VOLUME_CLIMAX error: 'volume'
2026-07-20 23:03:50,994 - [ERROR] - [GOLD] Strategy VOLUME_CLIMAX error: 'volume'
2026-07-20 23:03:52,397 - [ERROR] - [GOLD] Strategy VOLUME_CLIMAX error: 'volume'
2026-07-20 23:03:53,806 - [ERROR] - [GOLD] Strategy VOLUME_CLIMAX error: 'volume'
2026-07-20 23:03:55,203 - [ERROR] - [GOLD] Strategy VOLUME_CLIMAX error: 'volume'
2026-07-20 23:03:56,571 - [ERROR] - [GOLD] Strategy VOLUME_CLIMAX error: 'volume'
2026-07-20 23:03:57,925 - [ERROR] - [GOLD] Strategy VOLUME_CLIMAX error: 'volume'
2026-07-20 23:03:59,276 - [ERROR] - [GOLD] Strategy VOLUME_CLIMAX error: 'volume'
2026-07-20 23:04:00,640 - [ERROR] - [GOLD] Strategy VOLUME_CLIMAX error: 'volume'
2026-07-20 23:04:02,006 - [ERROR] - [GOLD] Strategy VOLUME_CLIMAX error: 'volume'
2026-07-20 23:04:03,373 - [ERROR] - [GOLD] Strategy VOLUME_CLIMAX error: 'volume'
2026-07-20 23:04:04,744 - [ERROR] - [GOLD] Strategy VOLUME_CLIMAX error: 'volume'
2026-07-20 23:04:06,109 - [ERROR] - [GOLD] Strategy VOLUME_CLIMAX error: 'volume'
2026-07-20 23:04:07,463 - [ERROR] - [GOLD] Strategy VOLUME_CLIMAX error: 'volume'
2026-07-20 23:04:08,833 - [ERROR] - [GOLD] Strategy VOLUME_CLIMAX error: 'volume'
2026-07-20 23:04:10,204 - [ERROR] - [GOLD] Strategy VOLUME_CLIMAX error: 'volume'
2026-07-20 23:04:11,567 - [ERROR] - [GOLD] Strategy VOLUME_CLIMAX error: 'volume'
2026-07-20 23:04:12,934 - [ERROR] - [GOLD] Strategy VOLUME_CLIMAX error: 'volume'
2026-07-20 23:04:14,298 - [ERROR] - [GOLD] Strategy VOLUME_CLIMAX error: 'volume'
2026-07-20 23:04:15,697 - [ERROR] - [GOLD] Strategy VOLUME_CLIMAX error: 'volume'
2026-07-20 23:04:17,066 - [ERROR] - [GOLD] Strategy VOLUME_CLIMAX error: 'volume'
2026-07-20 23:04:18,442 - [ERROR] - [GOLD] Strategy VOLUME_CLIMAX error: 'volume'
2026-07-20 23:04:19,820 - [ERROR] - [GOLD] Strategy VOLUME_CLIMAX error: 'volume'
2026-07-20 23:04:21,253 - [ERROR] - [GOLD] Strategy VOLUME_CLIMAX error: 'volume'
2026-07-20 23:04:22,643 - [ERROR] - [GOLD] Strategy VOLUME_CLIMAX error: 'volume'
2026-07-20 23:04:24,042 - [ERROR] - [GOLD] Strategy VOLUME_CLIMAX error: 'volume'
2026-07-20 23:04:25,406 - [ERROR] - [GOLD] Strategy VOLUME_CLIMAX error: 'volume'
2026-07-20 23:04:26,767 - [ERROR] - [GOLD] Strategy VOLUME_CLIMAX error: 'volume'
2026-07-20 23:04:28,115 - [ERROR] - [GOLD] Strategy VOLUME_CLIMAX error: 'volume'
2026-07-20 23:04:29,496 - [ERROR] - [GOLD] Strategy VOLUME_CLIMAX error: 'volume'
2026-07-20 23:04:30,854 - [ERROR] - [GOLD] Strategy VOLUME_CLIMAX error: 'volume'
2026-07-20 23:04:32,194 - [ERROR] - [GOLD] Strategy VOLUME_CLIMAX error: 'volume'
2026-07-20 23:04:33,548 - [ERROR] - [GOLD] Strategy VOLUME_CLIMAX error: 'volume'
2026-07-20 23:04:34,889 - [ERROR] - [GOLD] Strategy VOLUME_CLIMAX error: 'volume'
2026-07-20 23:04:36,231 - [ERROR] - [GOLD] Strategy VOLUME_CLIMAX error: 'volume'
2026-07-20 23:04:37,602 - [ERROR] - [GOLD] Strategy VOLUME_CLIMAX error: 'volume'
2026-07-20 23:04:38,955 - [ERROR] - [GOLD] Strategy VOLUME_CLIMAX error: 'volume'
2026-07-20 23:04:40,306 - [ERROR] - [GOLD] Strategy VOLUME_CLIMAX error: 'volume'
2026-07-20 23:04:41,662 - [ERROR] - [GOLD] Strategy VOLUME_CLIMAX error: 'volume'
2026-07-20 23:04:43,026 - [ERROR] - [GOLD] Strategy VOLUME_CLIMAX error: 'volume'
2026-07-20 23:04:44,391 - [ERROR] - [GOLD] Strategy VOLUME_CLIMAX error: 'volume'
2026-07-20 23:04:45,746 - [ERROR] - [GOLD] Strategy VOLUME_CLIMAX error: 'volume'
2026-07-20 23:04:47,107 - [ERROR] - [GOLD] Strategy VOLUME_CLIMAX error: 'volume'
2026-07-20 23:04:48,477 - [ERROR] - [GOLD] Strategy VOLUME_CLIMAX error: 'volume'
2026-07-20 23:04:49,837 - [ERROR] - [GOLD] Strategy VOLUME_CLIMAX error: 'volume'
2026-07-20 23:04:51,197 - [ERROR] - [GOLD] Strategy VOLUME_CLIMAX error: 'volume'
2026-07-20 23:04:52,562 - [ERROR] - [GOLD] Strategy VOLUME_CLIMAX error: 'volume'
2026-07-20 23:04:53,925 - [ERROR] - [GOLD] Strategy VOLUME_CLIMAX error: 'volume'
2026-07-20 23:04:55,291 - [ERROR] - [GOLD] Strategy VOLUME_CLIMAX error: 'volume'
2026-07-20 23:04:56,668 - [ERROR] - [GOLD] Strategy VOLUME_CLIMAX error: 'volume'
2026-07-20 23:04:58,042 - [ERROR] - [GOLD] Strategy VOLUME_CLIMAX error: 'volume'
2026-07-20 23:04:59,393 - [ERROR] - [GOLD] Strategy VOLUME_CLIMAX error: 'volume'
2026-07-20 23:05:00,770 - [ERROR] - [GOLD] Strategy VOLUME_CLIMAX error: 'volume'
2026-07-20 23:05:02,127 - [ERROR] - [GOLD] Strategy VOLUME_CLIMAX error: 'volume'
2026-07-20 23:05:03,482 - [ERROR] - [GOLD] Strategy VOLUME_CLIMAX error: 'volume'
2026-07-20 23:05:04,838 - [ERROR] - [GOLD] Strategy VOLUME_CLIMAX error: 'volume'
2026-07-20 23:05:06,190 - [ERROR] - [GOLD] Strategy VOLUME_CLIMAX error: 'volume'
2026-07-20 23:05:07,541 - [ERROR] - [GOLD] Strategy VOLUME_CLIMAX error: 'volume'
2026-07-20 23:05:08,898 - [ERROR] - [GOLD] Strategy VOLUME_CLIMAX error: 'volume'
2026-07-20 23:05:10,255 - [ERROR] - [GOLD] Strategy VOLUME_CLIMAX error: 'volume'
2026-07-20 23:05:11,616 - [ERROR] - [GOLD] Strategy VOLUME_CLIMAX error: 'volume'
2026-07-20 23:05:12,973 - [ERROR] - [GOLD] Strategy VOLUME_CLIMAX error: 'volume'
2026-07-20 23:05:14,330 - [ERROR] - [GOLD] Strategy VOLUME_CLIMAX error: 'volume'
2026-07-20 23:05:15,683 - [ERROR] - [GOLD] Strategy VOLUME_CLIMAX error: 'volume'
2026-07-20 23:05:17,045 - [ERROR] - [GOLD] Strategy VOLUME_CLIMAX error: 'volume'
2026-07-20 23:05:18,405 - [ERROR] - [GOLD] Strategy VOLUME_CLIMAX error: 'volume'
2026-07-20 23:05:19,758 - [ERROR] - [GOLD] Strategy VOLUME_CLIMAX error: 'volume'
2026-07-20 23:05:20,113 - [WARNING] - [SILVER] \U0001f6a8 Spread Protection: Live Spread (74) > Max Allowable (40). Trade Aborted.
2026-07-20 23:05:21,218 - [ERROR] - [GOLD] Strategy VOLUME_CLIMAX error: 'volume'
2026-07-20 23:05:22,577 - [ERROR] - [GOLD] Strategy VOLUME_CLIMAX error: 'volume'
2026-07-20 23:05:23,938 - [ERROR] - [GOLD] Strategy VOLUME_CLIMAX error: 'volume'
2026-07-20 23:05:25,314 - [ERROR] - [GOLD] Strategy VOLUME_CLIMAX error: 'volume'
2026-07-20 23:05:26,673 - [ERROR] - [GOLD] Strategy VOLUME_CLIMAX error: 'volume'
2026-07-20 23:05:28,025 - [ERROR] - [GOLD] Strategy VOLUME_CLIMAX error: 'volume'
2026-07-20 23:05:29,392 - [ERROR] - [GOLD] Strategy VOLUME_CLIMAX error: 'volume'
2026-07-20 23:05:30,744 - [ERROR] - [GOLD] Strategy VOLUME_CLIMAX error: 'volume'
2026-07-20 23:05:32,111 - [ERROR] - [GOLD] Strategy VOLUME_CLIMAX error: 'volume'
2026-07-20 23:05:33,474 - [ERROR] - [GOLD] Strategy VOLUME_CLIMAX error: 'volume'
2026-07-20 23:05:34,828 - [ERROR] - [GOLD] Strategy VOLUME_CLIMAX error: 'volume'
2026-07-20 23:05:36,184 - [ERROR] - [GOLD] Strategy VOLUME_CLIMAX error: 'volume'
2026-07-20 23:05:37,544 - [ERROR] - [GOLD] Strategy VOLUME_CLIMAX error: 'volume'
2026-07-20 23:05:38,897 - [ERROR] - [GOLD] Strategy VOLUME_CLIMAX error: 'volume'
2026-07-20 23:05:40,261 - [ERROR] - [GOLD] Strategy VOLUME_CLIMAX error: 'volume'
2026-07-20 23:05:41,621 - [ERROR] - [GOLD] Strategy VOLUME_CLIMAX error: 'volume'
2026-07-20 23:05:43,002 - [ERROR] - [GOLD] Strategy VOLUME_CLIMAX error: 'volume'
2026-07-20 23:05:44,352 - [ERROR] - [GOLD] Strategy VOLUME_CLIMAX error: 'volume'
2026-07-20 23:05:45,699 - [ERROR] - [GOLD] Strategy VOLUME_CLIMAX error: 'volume'
2026-07-20 23:05:47,048 - [ERROR] - [GOLD] Strategy VOLUME_CLIMAX error: 'volume'
2026-07-20 23:05:48,389 - [ERROR] - [GOLD] Strategy VOLUME_CLIMAX error: 'volume'
2026-07-20 23:05:49,737 - [ERROR] - [GOLD] Strategy VOLUME_CLIMAX error: 'volume'
2026-07-20 23:05:51,081 - [ERROR] - [GOLD] Strategy VOLUME_CLIMAX error: 'volume'
2026-07-20 23:05:52,428 - [ERROR] - [GOLD] Strategy VOLUME_CLIMAX error: 'volume'
2026-07-20 23:05:53,773 - [ERROR] - [GOLD] Strategy VOLUME_CLIMAX error: 'volume'
2026-07-20 23:05:55,113 - [ERROR] - [GOLD] Strategy VOLUME_CLIMAX error: 'volume'
2026-07-20 23:05:56,460 - [ERROR] - [GOLD] Strategy VOLUME_CLIMAX error: 'volume'
2026-07-20 23:05:57,818 - [ERROR] - [GOLD] Strategy VOLUME_CLIMAX error: 'volume'
2026-07-20 23:05:59,180 - [ERROR] - [GOLD] Strategy VOLUME_CLIMAX error: 'volume'
2026-07-20 23:06:00,539 - [ERROR] - [GOLD] Strategy VOLUME_CLIMAX error: 'volume'
2026-07-20 23:06:01,902 - [ERROR] - [GOLD] Strategy VOLUME_CLIMAX error: 'volume'
2026-07-20 23:06:03,269 - [ERROR] - [GOLD] Strategy VOLUME_CLIMAX error: 'volume'
2026-07-20 23:06:04,629 - [ERROR] - [GOLD] Strategy VOLUME_CLIMAX error: 'volume'
2026-07-20 23:06:05,994 - [ERROR] - [GOLD] Strategy VOLUME_CLIMAX error: 'volume'
2026-07-20 23:06:07,365 - [ERROR] - [GOLD] Strategy VOLUME_CLIMAX error: 'volume'
2026-07-20 23:06:08,733 - [ERROR] - [GOLD] Strategy VOLUME_CLIMAX error: 'volume'
2026-07-20 23:06:10,103 - [ERROR] - [GOLD] Strategy VOLUME_CLIMAX error: 'volume'
2026-07-20 23:06:11,466 - [ERROR] - [GOLD] Strategy VOLUME_CLIMAX error: 'volume'
2026-07-20 23:06:12,833 - [ERROR] - [GOLD] Strategy VOLUME_CLIMAX error: 'volume'
2026-07-20 23:06:14,194 - [ERROR] - [GOLD] Strategy VOLUME_CLIMAX error: 'volume'
2026-07-20 23:06:15,554 - [ERROR] - [GOLD] Strategy VOLUME_CLIMAX error: 'volume'
2026-07-20 23:06:16,904 - [ERROR] - [GOLD] Strategy VOLUME_CLIMAX error: 'volume'
2026-07-20 23:06:18,257 - [ERROR] - [GOLD] Strategy VOLUME_CLIMAX error: 'volume'
2026-07-20 23:06:19,598 - [ERROR] - [GOLD] Strategy VOLUME_CLIMAX error: 'volume'
2026-07-20 23:06:20,940 - [ERROR] - [GOLD] Strategy VOLUME_CLIMAX error: 'volume'
2026-07-20 23:06:22,288 - [ERROR] - [GOLD] Strategy VOLUME_CLIMAX error: 'volume'
2026-07-20 23:06:23,645 - [ERROR] - [GOLD] Strategy VOLUME_CLIMAX error: 'volume'
2026-07-20 23:06:24,990 - [ERROR] - [GOLD] Strategy VOLUME_CLIMAX error: 'volume'
2026-07-20 23:06:26,343 - [ERROR] - [GOLD] Strategy VOLUME_CLIMAX error: 'volume'
2026-07-20 23:06:27,692 - [ERROR] - [GOLD] Strategy VOLUME_CLIMAX error: 'volume'
2026-07-20 23:06:29,036 - [ERROR] - [GOLD] Strategy VOLUME_CLIMAX error: 'volume'
2026-07-20 23:06:30,390 - [ERROR] - [GOLD] Strategy VOLUME_CLIMAX error: 'volume'
2026-07-20 23:06:31,746 - [ERROR] - [GOLD] Strategy VOLUME_CLIMAX error: 'volume'
2026-07-20 23:06:33,092 - [ERROR] - [GOLD] Strategy VOLUME_CLIMAX error: 'volume'
2026-07-20 23:06:34,456 - [ERROR] - [GOLD] Strategy VOLUME_CLIMAX error: 'volume'
2026-07-20 23:06:35,812 - [ERROR] - [GOLD] Strategy VOLUME_CLIMAX error: 'volume'
2026-07-20 23:06:37,159 - [ERROR] - [GOLD] Strategy VOLUME_CLIMAX error: 'volume'
2026-07-20 23:06:38,523 - [ERROR] - [GOLD] Strategy VOLUME_CLIMAX error: 'volume'
2026-07-20 23:06:39,873 - [ERROR] - [GOLD] Strategy VOLUME_CLIMAX error: 'volume'
2026-07-20 23:06:41,230 - [ERROR] - [GOLD] Strategy VOLUME_CLIMAX error: 'volume'
2026-07-20 23:06:42,606 - [ERROR] - [GOLD] Strategy VOLUME_CLIMAX error: 'volume'
2026-07-20 23:06:43,969 - [ERROR] - [GOLD] Strategy VOLUME_CLIMAX error: 'volume'
2026-07-20 23:06:45,342 - [ERROR] - [GOLD] Strategy VOLUME_CLIMAX error: 'volume'
2026-07-20 23:06:46,715 - [ERROR] - [GOLD] Strategy VOLUME_CLIMAX error: 'volume'
2026-07-20 23:06:48,077 - [ERROR] - [GOLD] Strategy VOLUME_CLIMAX error: 'volume'
2026-07-20 23:06:49,443 - [ERROR] - [GOLD] Strategy VOLUME_CLIMAX error: 'volume'
2026-07-20 23:06:50,810 - [ERROR] - [GOLD] Strategy VOLUME_CLIMAX error: 'volume'
2026-07-20 23:06:52,191 - [ERROR] - [GOLD] Strategy VOLUME_CLIMAX error: 'volume'
2026-07-20 23:06:53,554 - [ERROR] - [GOLD] Strategy VOLUME_CLIMAX error: 'volume'
2026-07-20 23:06:54,908 - [ERROR] - [GOLD] Strategy VOLUME_CLIMAX error: 'volume'
2026-07-20 23:06:56,260 - [ERROR] - [GOLD] Strategy VOLUME_CLIMAX error: 'volume'
2026-07-20 23:06:57,624 - [ERROR] - [GOLD] Strategy VOLUME_CLIMAX error: 'volume'
2026-07-20 23:06:58,976 - [ERROR] - [GOLD] Strategy VOLUME_CLIMAX error: 'volume'
2026-07-20 23:07:00,326 - [ERROR] - [GOLD] Strategy VOLUME_CLIMAX error: 'volume'
2026-07-20 23:07:01,689 - [ERROR] - [GOLD] Strategy VOLUME_CLIMAX error: 'volume'
2026-07-20 23:07:03,037 - [ERROR] - [GOLD] Strategy VOLUME_CLIMAX error: 'volume'
2026-07-20 23:07:04,382 - [ERROR] - [GOLD] Strategy VOLUME_CLIMAX error: 'volume'
2026-07-20 23:07:05,760 - [ERROR] - [GOLD] Strategy VOLUME_CLIMAX error: 'volume'
2026-07-20 23:07:07,105 - [ERROR] - [GOLD] Strategy VOLUME_CLIMAX error: 'volume'
2026-07-20 23:07:08,457 - [ERROR] - [GOLD] Strategy VOLUME_CLIMAX error: 'volume'
2026-07-20 23:07:09,822 - [ERROR] - [GOLD] Strategy VOLUME_CLIMAX error: 'volume'
2026-07-20 23:07:11,169 - [ERROR] - [GOLD] Strategy VOLUME_CLIMAX error: 'volume'
2026-07-20 23:07:12,521 - [ERROR] - [GOLD] Strategy VOLUME_CLIMAX error: 'volume'
2026-07-20 23:07:13,890 - [ERROR] - [GOLD] Strategy VOLUME_CLIMAX error: 'volume'
2026-07-20 23:07:15,241 - [ERROR] - [GOLD] Strategy VOLUME_CLIMAX error: 'volume'
2026-07-20 23:07:16,591 - [ERROR] - [GOLD] Strategy VOLUME_CLIMAX error: 'volume'
2026-07-20 23:07:17,955 - [ERROR] - [GOLD] Strategy VOLUME_CLIMAX error: 'volume'
2026-07-20 23:07:19,313 - [ERROR] - [GOLD] Strategy VOLUME_CLIMAX error: 'volume'
2026-07-20 23:07:20,668 - [ERROR] - [GOLD] Strategy VOLUME_CLIMAX error: 'volume'
2026-07-20 23:07:21,018 - [WARNING] - [SILVER] \U0001f6a8 Spread Protection: Live Spread (73) > Max Allowable (40). Trade Aborted.
2026-07-20 23:07:22,027 - [ERROR] - [GOLD] Strategy VOLUME_CLIMAX error: 'volume'
2026-07-20 23:07:23,399 - [ERROR] - [GOLD] Strategy VOLUME_CLIMAX error: 'volume'
2026-07-20 23:07:24,756 - [ERROR] - [GOLD] Strategy VOLUME_CLIMAX error: 'volume'
2026-07-20 23:07:26,108 - [ERROR] - [GOLD] Strategy VOLUME_CLIMAX error: 'volume'
2026-07-20 23:07:27,470 - [ERROR] - [GOLD] Strategy VOLUME_CLIMAX error: 'volume'
2026-07-20 23:07:28,822 - [ERROR] - [GOLD] Strategy VOLUME_CLIMAX error: 'volume'
2026-07-20 23:07:30,173 - [ERROR] - [GOLD] Strategy VOLUME_CLIMAX error: 'volume'
2026-07-20 23:07:31,531 - [ERROR] - [GOLD] Strategy VOLUME_CLIMAX error: 'volume'
2026-07-20 23:07:32,880 - [ERROR] - [GOLD] Strategy VOLUME_CLIMAX error: 'volume'
2026-07-20 23:07:34,239 - [ERROR] - [GOLD] Strategy VOLUME_CLIMAX error: 'volume'
2026-07-20 23:07:35,601 - [ERROR] - [GOLD] Strategy VOLUME_CLIMAX error: 'volume'
2026-07-20 23:07:36,948 - [ERROR] - [GOLD] Strategy VOLUME_CLIMAX error: 'volume'
2026-07-20 23:07:38,299 - [ERROR] - [GOLD] Strategy VOLUME_CLIMAX error: 'volume'
2026-07-20 23:07:39,655 - [ERROR] - [GOLD] Strategy VOLUME_CLIMAX error: 'volume'
2026-07-20 23:07:41,011 - [ERROR] - [GOLD] Strategy VOLUME_CLIMAX error: 'volume'
2026-07-20 23:07:42,363 - [ERROR] - [GOLD] Strategy VOLUME_CLIMAX error: 'volume'
2026-07-20 23:07:43,733 - [ERROR] - [GOLD] Strategy VOLUME_CLIMAX error: 'volume'
2026-07-20 23:07:45,083 - [ERROR] - [GOLD] Strategy VOLUME_CLIMAX error: 'volume'
2026-07-20 23:07:46,436 - [ERROR] - [GOLD] Strategy VOLUME_CLIMAX error: 'volume'
2026-07-20 23:07:47,811 - [ERROR] - [GOLD] Strategy VOLUME_CLIMAX error: 'volume'
2026-07-20 23:07:49,163 - [ERROR] - [GOLD] Strategy VOLUME_CLIMAX error: 'volume'
2026-07-20 23:07:50,515 - [ERROR] - [GOLD] Strategy VOLUME_CLIMAX error: 'volume'
2026-07-20 23:07:51,873 - [ERROR] - [GOLD] Strategy VOLUME_CLIMAX error: 'volume'
2026-07-20 23:07:53,226 - [ERROR] - [GOLD] Strategy VOLUME_CLIMAX error: 'volume'
2026-07-20 23:07:54,575 - [ERROR] - [GOLD] Strategy VOLUME_CLIMAX error: 'volume'
2026-07-20 23:07:55,936 - [ERROR] - [GOLD] Strategy VOLUME_CLIMAX error: 'volume'
2026-07-20 23:07:57,284 - [ERROR] - [GOLD] Strategy VOLUME_CLIMAX error: 'volume'
2026-07-20 23:07:58,633 - [ERROR] - [GOLD] Strategy VOLUME_CLIMAX error: 'volume'
2026-07-20 23:07:59,988 - [ERROR] - [GOLD] Strategy VOLUME_CLIMAX error: 'volume'
2026-07-20 23:08:01,339 - [ERROR] - [GOLD] Strategy VOLUME_CLIMAX error: 'volume'
2026-07-20 23:08:02,750 - [ERROR] - [GOLD] Strategy VOLUME_CLIMAX error: 'volume'
2026-07-20 23:08:04,111 - [ERROR] - [GOLD] Strategy VOLUME_CLIMAX error: 'volume'
2026-07-20 23:08:05,469 - [ERROR] - [GOLD] Strategy VOLUME_CLIMAX error: 'volume'
2026-07-20 23:08:06,819 - [ERROR] - [GOLD] Strategy VOLUME_CLIMAX error: 'volume'
2026-07-20 23:08:08,180 - [ERROR] - [GOLD] Strategy VOLUME_CLIMAX error: 'volume'
2026-07-20 23:08:09,532 - [ERROR] - [GOLD] Strategy VOLUME_CLIMAX error: 'volume'
2026-07-20 23:08:10,877 - [ERROR] - [GOLD] Strategy VOLUME_CLIMAX error: 'volume'
2026-07-20 23:08:12,233 - [ERROR] - [GOLD] Strategy VOLUME_CLIMAX error: 'volume'
2026-07-20 23:08:13,583 - [ERROR] - [GOLD] Strategy VOLUME_CLIMAX error: 'volume'
2026-07-20 23:08:14,940 - [ERROR] - [GOLD] Strategy VOLUME_CLIMAX error: 'volume'
2026-07-20 23:08:16,323 - [ERROR] - [GOLD] Strategy VOLUME_CLIMAX error: 'volume'
2026-07-20 23:08:17,678 - [ERROR] - [GOLD] Strategy VOLUME_CLIMAX error: 'volume'
2026-07-20 23:08:19,030 - [ERROR] - [GOLD] Strategy VOLUME_CLIMAX error: 'volume'
2026-07-20 23:08:20,388 - [ERROR] - [GOLD] Strategy VOLUME_CLIMAX error: 'volume'
2026-07-20 23:08:21,736 - [ERROR] - [GOLD] Strategy VOLUME_CLIMAX error: 'volume'
2026-07-20 23:08:23,087 - [ERROR] - [GOLD] Strategy VOLUME_CLIMAX error: 'volume'
2026-07-20 23:08:24,450 - [ERROR] - [GOLD] Strategy VOLUME_CLIMAX error: 'volume'
2026-07-20 23:08:25,804 - [ERROR] - [GOLD] Strategy VOLUME_CLIMAX error: 'volume'
2026-07-20 23:08:27,162 - [ERROR] - [GOLD] Strategy VOLUME_CLIMAX error: 'volume'
2026-07-20 23:08:28,525 - [ERROR] - [GOLD] Strategy VOLUME_CLIMAX error: 'volume'
2026-07-20 23:08:29,879 - [ERROR] - [GOLD] Strategy VOLUME_CLIMAX error: 'volume'
2026-07-20 23:08:31,262 - [ERROR] - [GOLD] Strategy VOLUME_CLIMAX error: 'volume'
2026-07-20 23:08:32,620 - [ERROR] - [GOLD] Strategy VOLUME_CLIMAX error: 'volume'
2026-07-20 23:08:33,972 - [ERROR] - [GOLD] Strategy VOLUME_CLIMAX error: 'volume'
2026-07-20 23:08:35,330 - [ERROR] - [GOLD] Strategy VOLUME_CLIMAX error: 'volume'
2026-07-20 23:08:36,690 - [ERROR] - [GOLD] Strategy VOLUME_CLIMAX error: 'volume'
2026-07-20 23:08:38,040 - [ERROR] - [GOLD] Strategy VOLUME_CLIMAX error: 'volume'
2026-07-20 23:08:39,402 - [ERROR] - [GOLD] Strategy VOLUME_CLIMAX error: 'volume'
2026-07-20 23:08:40,758 - [ERROR] - [GOLD] Strategy VOLUME_CLIMAX error: 'volume'
2026-07-20 23:08:42,105 - [ERROR] - [GOLD] Strategy VOLUME_CLIMAX error: 'volume'
2026-07-20 23:08:43,451 - [ERROR] - [GOLD] Strategy VOLUME_CLIMAX error: 'volume'
2026-07-20 23:08:44,809 - [ERROR] - [GOLD] Strategy VOLUME_CLIMAX error: 'volume'
2026-07-20 23:08:46,159 - [ERROR] - [GOLD] Strategy VOLUME_CLIMAX error: 'volume'
2026-07-20 23:08:47,511 - [ERROR] - [GOLD] Strategy VOLUME_CLIMAX error: 'volume'
2026-07-20 23:08:48,896 - [ERROR] - [GOLD] Strategy VOLUME_CLIMAX error: 'volume'
2026-07-20 23:08:50,261 - [ERROR] - [GOLD] Strategy VOLUME_CLIMAX error: 'volume'
2026-07-20 23:08:51,626 - [ERROR] - [GOLD] Strategy VOLUME_CLIMAX error: 'volume'
2026-07-20 23:08:53,000 - [ERROR] - [GOLD] Strategy VOLUME_CLIMAX error: 'volume'
2026-07-20 23:08:54,364 - [ERROR] - [GOLD] Strategy VOLUME_CLIMAX error: 'volume'
2026-07-20 23:08:55,727 - [ERROR] - [GOLD] Strategy VOLUME_CLIMAX error: 'volume'
2026-07-20 23:08:57,099 - [ERROR] - [GOLD] Strategy VOLUME_CLIMAX error: 'volume'
2026-07-20 23:08:58,468 - [ERROR] - [GOLD] Strategy VOLUME_CLIMAX error: 'volume'
2026-07-20 23:08:59,831 - [ERROR] - [GOLD] Strategy VOLUME_CLIMAX error: 'volume'
2026-07-20 23:09:01,228 - [ERROR] - [GOLD] Strategy VOLUME_CLIMAX error: 'volume'
2026-07-20 23:09:02,613 - [ERROR] - [GOLD] Strategy VOLUME_CLIMAX error: 'volume'
2026-07-20 23:09:03,973 - [ERROR] - [GOLD] Strategy VOLUME_CLIMAX error: 'volume'
2026-07-20 23:09:05,365 - [ERROR] - [GOLD] Strategy VOLUME_CLIMAX error: 'volume'
2026-07-20 23:09:06,756 - [ERROR] - [GOLD] Strategy VOLUME_CLIMAX error: 'volume'
2026-07-20 23:09:08,142 - [ERROR] - [GOLD] Strategy VOLUME_CLIMAX error: 'volume'
2026-07-20 23:09:09,566 - [ERROR] - [GOLD] Strategy VOLUME_CLIMAX error: 'volume'
2026-07-20 23:09:10,953 - [ERROR] - [GOLD] Strategy VOLUME_CLIMAX error: 'volume'
2026-07-20 23:09:12,347 - [ERROR] - [GOLD] Strategy VOLUME_CLIMAX error: 'volume'
2026-07-20 23:09:13,753 - [ERROR] - [GOLD] Strategy VOLUME_CLIMAX error: 'volume'
2026-07-20 23:09:15,114 - [ERROR] - [GOLD] Strategy VOLUME_CLIMAX error: 'volume'
2026-07-20 23:09:16,511 - [ERROR] - [GOLD] Strategy VOLUME_CLIMAX error: 'volume'
2026-07-20 23:09:17,911 - [ERROR] - [GOLD] Strategy VOLUME_CLIMAX error: 'volume'
2026-07-20 23:09:19,293 - [ERROR] - [GOLD] Strategy VOLUME_CLIMAX error: 'volume'
2026-07-20 23:09:20,708 - [ERROR] - [GOLD] Strategy VOLUME_CLIMAX error: 'volume'
2026-07-20 23:09:22,058 - [WARNING] - [SILVER] \U0001f6a8 Spread Protection: Live Spread (70) > Max Allowable (40). Trade Aborted.
2026-07-20 23:09:22,165 - [ERROR] - [GOLD] Strategy VOLUME_CLIMAX error: 'volume'
2026-07-20 23:09:23,596 - [ERROR] - [GOLD] Strategy VOLUME_CLIMAX error: 'volume'
2026-07-20 23:09:24,991 - [ERROR] - [GOLD] Strategy VOLUME_CLIMAX error: 'volume'
2026-07-20 23:09:26,486 - [ERROR] - [GOLD] Strategy VOLUME_CLIMAX error: 'volume'
2026-07-20 23:09:27,901 - [ERROR] - [GOLD] Strategy VOLUME_CLIMAX error: 'volume'
2026-07-20 23:09:29,266 - [ERROR] - [GOLD] Strategy VOLUME_CLIMAX error: 'volume'
2026-07-20 23:09:30,707 - [ERROR] - [GOLD] Strategy VOLUME_CLIMAX error: 'volume'
2026-07-20 23:09:32,306 - [ERROR] - [GOLD] Strategy VOLUME_CLIMAX error: 'volume'
2026-07-20 23:09:34,057 - [ERROR] - [GOLD] Strategy VOLUME_CLIMAX error: 'volume'
2026-07-20 23:09:35,848 - [ERROR] - [GOLD] Strategy VOLUME_CLIMAX error: 'volume'
2026-07-20 23:09:37,359 - [ERROR] - [GOLD] Strategy VOLUME_CLIMAX error: 'volume'
2026-07-20 23:09:38,841 - [ERROR] - [GOLD] Strategy VOLUME_CLIMAX error: 'volume'
2026-07-20 23:09:40,259 - [ERROR] - [GOLD] Strategy VOLUME_CLIMAX error: 'volume'
2026-07-20 23:09:41,653 - [ERROR] - [GOLD] Strategy VOLUME_CLIMAX error: 'volume'
2026-07-20 23:09:43,055 - [ERROR] - [GOLD] Strategy VOLUME_CLIMAX error: 'volume'
2026-07-20 23:09:44,484 - [ERROR] - [GOLD] Strategy VOLUME_CLIMAX error: 'volume'
2026-07-20 23:09:45,903 - [ERROR] - [GOLD] Strategy VOLUME_CLIMAX error: 'volume'
2026-07-20 23:09:47,330 - [ERROR] - [GOLD] Strategy VOLUME_CLIMAX error: 'volume'
2026-07-20 23:09:48,759 - [ERROR] - [GOLD] Strategy VOLUME_CLIMAX error: 'volume'
2026-07-20 23:09:50,175 - [ERROR] - [GOLD] Strategy VOLUME_CLIMAX error: 'volume'
2026-07-20 23:09:51,582 - [WARNING] - [GOLD] \U0001f6a8 Spread Protection: Live Spread (53) > Max Allowable (40). Trade Aborted.
2026-07-20 23:11:22,198 - [ERROR] - [SILVER] Strategy VOLUME_CLIMAX error: 'volume'
2026-07-20 23:11:23,581 - [ERROR] - [SILVER] Strategy VOLUME_CLIMAX error: 'volume'
2026-07-20 23:11:24,973 - [ERROR] - [SILVER] Strategy VOLUME_CLIMAX error: 'volume'
2026-07-20 23:11:26,340 - [ERROR] - [SILVER] Strategy VOLUME_CLIMAX error: 'volume'
2026-07-20 23:11:27,711 - [ERROR] - [SILVER] Strategy VOLUME_CLIMAX error: 'volume'
2026-07-20 23:11:29,083 - [ERROR] - [SILVER] Strategy VOLUME_CLIMAX error: 'volume'
2026-07-20 23:11:30,440 - [ERROR] - [SILVER] Strategy VOLUME_CLIMAX error: 'volume'
2026-07-20 23:11:31,817 - [ERROR] - [SILVER] Strategy VOLUME_CLIMAX error: 'volume'
2026-07-20 23:11:33,184 - [ERROR] - [SILVER] Strategy VOLUME_CLIMAX error: 'volume'
2026-07-20 23:11:34,557 - [ERROR] - [SILVER] Strategy VOLUME_CLIMAX error: 'volume'
2026-07-20 23:11:35,927 - [ERROR] - [SILVER] Strategy VOLUME_CLIMAX error: 'volume'
2026-07-20 23:11:37,302 - [ERROR] - [SILVER] Strategy VOLUME_CLIMAX error: 'volume'
2026-07-20 23:11:38,648 - [ERROR] - [SILVER] Strategy VOLUME_CLIMAX error: 'volume'
2026-07-20 23:11:39,995 - [ERROR] - [SILVER] Strategy VOLUME_CLIMAX error: 'volume'
2026-07-20 23:11:41,352 - [ERROR] - [SILVER] Strategy VOLUME_CLIMAX error: 'volume'
2026-07-20 23:11:42,695 - [ERROR] - [SILVER] Strategy VOLUME_CLIMAX error: 'volume'
2026-07-20 23:11:44,040 - [ERROR] - [SILVER] Strategy VOLUME_CLIMAX error: 'volume'
2026-07-20 23:11:45,398 - [ERROR] - [SILVER] Strategy VOLUME_CLIMAX error: 'volume'
2026-07-20 23:11:46,743 - [ERROR] - [SILVER] Strategy VOLUME_CLIMAX error: 'volume'
2026-07-20 23:11:48,084 - [ERROR] - [SILVER] Strategy VOLUME_CLIMAX error: 'volume'
2026-07-20 23:11:49,440 - [ERROR] - [SILVER] Strategy VOLUME_CLIMAX error: 'volume'
2026-07-20 23:11:50,795 - [ERROR] - [SILVER] Strategy VOLUME_CLIMAX error: 'volume'
2026-07-20 23:11:52,141 - [ERROR] - [SILVER] Strategy VOLUME_CLIMAX error: 'volume'
2026-07-20 23:11:52,412 - [ERROR] - [GOLD] Strategy VOLUME_CLIMAX error: 'volume'
2026-07-20 23:11:53,707 - [ERROR] - [SILVER] Strategy VOLUME_CLIMAX error: 'volume'
2026-07-20 23:11:54,014 - [ERROR] - [GOLD] Strategy VOLUME_CLIMAX error: 'volume'
2026-07-20 23:11:55,252 - [ERROR] - [SILVER] Strategy VOLUME_CLIMAX error: 'volume'
2026-07-20 23:11:55,646 - [ERROR] - [GOLD] Strategy VOLUME_CLIMAX error: 'volume'
2026-07-20 23:11:56,756 - [ERROR] - [SILVER] Strategy VOLUME_CLIMAX error: 'volume'
2026-07-20 23:11:57,129 - [ERROR] - [GOLD] Strategy VOLUME_CLIMAX error: 'volume'
2026-07-20 23:11:58,160 - [ERROR] - [SILVER] Strategy VOLUME_CLIMAX error: 'volume'
2026-07-20 23:11:58,515 - [ERROR] - [GOLD] Strategy VOLUME_CLIMAX error: 'volume'
2026-07-20 23:11:59,519 - [ERROR] - [SILVER] Strategy VOLUME_CLIMAX error: 'volume'
2026-07-20 23:11:59,875 - [ERROR] - [GOLD] Strategy VOLUME_CLIMAX error: 'volume'
2026-07-20 23:12:00,874 - [ERROR] - [SILVER] Strategy VOLUME_CLIMAX error: 'volume'
2026-07-20 23:12:01,235 - [ERROR] - [GOLD] Strategy VOLUME_CLIMAX error: 'volume'
2026-07-20 23:12:02,227 - [ERROR] - [SILVER] Strategy VOLUME_CLIMAX error: 'volume'
2026-07-20 23:12:02,587 - [ERROR] - [GOLD] Strategy VOLUME_CLIMAX error: 'volume'
2026-07-20 23:12:03,582 - [ERROR] - [SILVER] Strategy VOLUME_CLIMAX error: 'volume'
2026-07-20 23:12:03,933 - [ERROR] - [GOLD] Strategy VOLUME_CLIMAX error: 'volume'
2026-07-20 23:12:04,932 - [ERROR] - [SILVER] Strategy VOLUME_CLIMAX error: 'volume'
2026-07-20 23:12:05,292 - [ERROR] - [GOLD] Strategy VOLUME_CLIMAX error: 'volume'
2026-07-20 23:12:06,292 - [ERROR] - [SILVER] Strategy VOLUME_CLIMAX error: 'volume'
2026-07-20 23:12:06,665 - [ERROR] - [GOLD] Strategy VOLUME_CLIMAX error: 'volume'
2026-07-20 23:12:07,661 - [ERROR] - [SILVER] Strategy VOLUME_CLIMAX error: 'volume'
2026-07-20 23:12:08,026 - [ERROR] - [GOLD] Strategy VOLUME_CLIMAX error: 'volume'
2026-07-20 23:12:09,025 - [ERROR] - [SILVER] Strategy VOLUME_CLIMAX error: 'volume'
2026-07-20 23:12:09,386 - [ERROR] - [GOLD] Strategy VOLUME_CLIMAX error: 'volume'
2026-07-20 23:12:10,386 - [ERROR] - [SILVER] Strategy VOLUME_CLIMAX error: 'volume'
2026-07-20 23:12:10,752 - [ERROR] - [GOLD] Strategy VOLUME_CLIMAX error: 'volume'
2026-07-20 23:12:11,747 - [ERROR] - [SILVER] Strategy VOLUME_CLIMAX error: 'volume'
2026-07-20 23:12:12,111 - [ERROR] - [GOLD] Strategy VOLUME_CLIMAX error: 'volume'
2026-07-20 23:12:13,109 - [ERROR] - [SILVER] Strategy VOLUME_CLIMAX error: 'volume'
2026-07-20 23:12:13,483 - [ERROR] - [GOLD] Strategy VOLUME_CLIMAX error: 'volume'
2026-07-20 23:12:14,478 - [ERROR] - [SILVER] Strategy VOLUME_CLIMAX error: 'volume'
2026-07-20 23:12:14,850 - [ERROR] - [GOLD] Strategy VOLUME_CLIMAX error: 'volume'
2026-07-20 23:12:15,842 - [ERROR] - [SILVER] Strategy VOLUME_CLIMAX error: 'volume'
2026-07-20 23:12:16,213 - [ERROR] - [GOLD] Strategy VOLUME_CLIMAX error: 'volume'
2026-07-20 23:12:17,197 - [ERROR] - [SILVER] Strategy VOLUME_CLIMAX error: 'volume'
2026-07-20 23:12:17,572 - [ERROR] - [GOLD] Strategy VOLUME_CLIMAX error: 'volume'
2026-07-20 23:12:18,551 - [ERROR] - [SILVER] Strategy VOLUME_CLIMAX error: 'volume'
2026-07-20 23:12:18,923 - [ERROR] - [GOLD] Strategy VOLUME_CLIMAX error: 'volume'
2026-07-20 23:12:19,899 - [ERROR] - [SILVER] Strategy VOLUME_CLIMAX error: 'volume'
2026-07-20 23:12:20,270 - [ERROR] - [GOLD] Strategy VOLUME_CLIMAX error: 'volume'
2026-07-20 23:12:21,256 - [ERROR] - [SILVER] Strategy VOLUME_CLIMAX error: 'volume'
2026-07-20 23:12:21,625 - [ERROR] - [GOLD] Strategy VOLUME_CLIMAX error: 'volume'
2026-07-20 23:12:22,602 - [ERROR] - [SILVER] Strategy VOLUME_CLIMAX error: 'volume'
2026-07-20 23:12:22,977 - [ERROR] - [GOLD] Strategy VOLUME_CLIMAX error: 'volume'
2026-07-20 23:12:23,948 - [ERROR] - [SILVER] Strategy VOLUME_CLIMAX error: 'volume'
2026-07-20 23:12:24,324 - [ERROR] - [GOLD] Strategy VOLUME_CLIMAX error: 'volume'
2026-07-20 23:12:25,296 - [ERROR] - [SILVER] Strategy VOLUME_CLIMAX error: 'volume'
2026-07-20 23:12:25,672 - [ERROR] - [GOLD] Strategy VOLUME_CLIMAX error: 'volume'
2026-07-20 23:12:26,650 - [ERROR] - [SILVER] Strategy VOLUME_CLIMAX error: 'volume'
2026-07-20 23:12:27,021 - [ERROR] - [GOLD] Strategy VOLUME_CLIMAX error: 'volume'
2026-07-20 23:12:27,999 - [ERROR] - [SILVER] Strategy VOLUME_CLIMAX error: 'volume'
2026-07-20 23:12:28,370 - [ERROR] - [GOLD] Strategy VOLUME_CLIMAX error: 'volume'
2026-07-20 23:12:29,343 - [ERROR] - [SILVER] Strategy VOLUME_CLIMAX error: 'volume'
2026-07-20 23:12:29,717 - [ERROR] - [GOLD] Strategy VOLUME_CLIMAX error: 'volume'
2026-07-20 23:12:30,694 - [ERROR] - [SILVER] Strategy VOLUME_CLIMAX error: 'volume'
2026-07-20 23:12:31,065 - [ERROR] - [GOLD] Strategy VOLUME_CLIMAX error: 'volume'
2026-07-20 23:12:32,044 - [ERROR] - [SILVER] Strategy VOLUME_CLIMAX error: 'volume'
2026-07-20 23:12:32,427 - [ERROR] - [GOLD] Strategy VOLUME_CLIMAX error: 'volume'
2026-07-20 23:12:33,383 - [ERROR] - [SILVER] Strategy VOLUME_CLIMAX error: 'volume'
2026-07-20 23:12:33,777 - [ERROR] - [GOLD] Strategy VOLUME_CLIMAX error: 'volume'
2026-07-20 23:12:34,734 - [ERROR] - [SILVER] Strategy VOLUME_CLIMAX error: 'volume'
2026-07-20 23:12:35,124 - [ERROR] - [GOLD] Strategy VOLUME_CLIMAX error: 'volume'
2026-07-20 23:12:36,086 - [ERROR] - [SILVER] Strategy VOLUME_CLIMAX error: 'volume'
2026-07-20 23:12:36,490 - [ERROR] - [GOLD] Strategy VOLUME_CLIMAX error: 'volume'
2026-07-20 23:12:37,445 - [ERROR] - [SILVER] Strategy VOLUME_CLIMAX error: 'volume'
2026-07-20 23:12:37,855 - [ERROR] - [GOLD] Strategy VOLUME_CLIMAX error: 'volume'
2026-07-20 23:12:38,816 - [ERROR] - [SILVER] Strategy VOLUME_CLIMAX error: 'volume'
2026-07-20 23:12:39,220 - [ERROR] - [GOLD] Strategy VOLUME_CLIMAX error: 'volume'
2026-07-20 23:12:40,175 - [ERROR] - [SILVER] Strategy VOLUME_CLIMAX error: 'volume'
2026-07-20 23:12:40,597 - [ERROR] - [GOLD] Strategy VOLUME_CLIMAX error: 'volume'
2026-07-20 23:12:41,557 - [ERROR] - [SILVER] Strategy VOLUME_CLIMAX error: 'volume'
2026-07-20 23:12:41,976 - [ERROR] - [GOLD] Strategy VOLUME_CLIMAX error: 'volume'
2026-07-20 23:12:42,925 - [ERROR] - [SILVER] Strategy VOLUME_CLIMAX error: 'volume'
2026-07-20 23:12:43,349 - [ERROR] - [GOLD] Strategy VOLUME_CLIMAX error: 'volume'
2026-07-20 23:12:44,303 - [ERROR] - [SILVER] Strategy VOLUME_CLIMAX error: 'volume'
2026-07-20 23:12:44,723 - [ERROR] - [GOLD] Strategy VOLUME_CLIMAX error: 'volume'
2026-07-20 23:12:45,676 - [ERROR] - [SILVER] Strategy VOLUME_CLIMAX error: 'volume'
2026-07-20 23:12:46,128 - [ERROR] - [GOLD] Strategy VOLUME_CLIMAX error: 'volume'
2026-07-20 23:12:47,050 - [ERROR] - [SILVER] Strategy VOLUME_CLIMAX error: 'volume'
2026-07-20 23:12:47,522 - [ERROR] - [GOLD] Strategy VOLUME_CLIMAX error: 'volume'
2026-07-20 23:12:48,437 - [ERROR] - [SILVER] Strategy VOLUME_CLIMAX error: 'volume'
2026-07-20 23:12:48,889 - [ERROR] - [GOLD] Strategy VOLUME_CLIMAX error: 'volume'
2026-07-20 23:12:49,798 - [ERROR] - [SILVER] Strategy VOLUME_CLIMAX error: 'volume'
2026-07-20 23:12:50,268 - [ERROR] - [GOLD] Strategy VOLUME_CLIMAX error: 'volume'
2026-07-20 23:12:51,201 - [ERROR] - [SILVER] Strategy VOLUME_CLIMAX error: 'volume'
2026-07-20 23:12:51,636 - [ERROR] - [GOLD] Strategy VOLUME_CLIMAX error: 'volume'
2026-07-20 23:12:52,588 - [ERROR] - [SILVER] Strategy VOLUME_CLIMAX error: 'volume'
2026-07-20 23:12:53,024 - [ERROR] - [GOLD] Strategy VOLUME_CLIMAX error: 'volume'
2026-07-20 23:12:53,958 - [ERROR] - [SILVER] Strategy VOLUME_CLIMAX error: 'volume'
2026-07-20 23:12:54,406 - [ERROR] - [GOLD] Strategy VOLUME_CLIMAX error: 'volume'
2026-07-20 23:12:55,340 - [ERROR] - [SILVER] Strategy VOLUME_CLIMAX error: 'volume'
2026-07-20 23:12:55,773 - [ERROR] - [GOLD] Strategy VOLUME_CLIMAX error: 'volume'
2026-07-20 23:12:56,715 - [ERROR] - [SILVER] Strategy VOLUME_CLIMAX error: 'volume'
2026-07-20 23:12:57,130 - [ERROR] - [GOLD] Strategy VOLUME_CLIMAX error: 'volume'
2026-07-20 23:12:58,081 - [ERROR] - [SILVER] Strategy VOLUME_CLIMAX error: 'volume'
2026-07-20 23:12:58,488 - [ERROR] - [GOLD] Strategy VOLUME_CLIMAX error: 'volume'
2026-07-20 23:12:59,441 - [ERROR] - [SILVER] Strategy VOLUME_CLIMAX error: 'volume'
2026-07-20 23:12:59,849 - [ERROR] - [GOLD] Strategy VOLUME_CLIMAX error: 'volume'
2026-07-20 23:13:00,829 - [ERROR] - [SILVER] Strategy VOLUME_CLIMAX error: 'volume'
2026-07-20 23:13:01,213 - [ERROR] - [GOLD] Strategy VOLUME_CLIMAX error: 'volume'
2026-07-20 23:13:02,180 - [ERROR] - [SILVER] Strategy VOLUME_CLIMAX error: 'volume'
2026-07-20 23:13:02,573 - [ERROR] - [GOLD] Strategy VOLUME_CLIMAX error: 'volume'
2026-07-20 23:13:03,540 - [ERROR] - [SILVER] Strategy VOLUME_CLIMAX error: 'volume'
2026-07-20 23:13:03,934 - [ERROR] - [GOLD] Strategy VOLUME_CLIMAX error: 'volume'
2026-07-20 23:13:04,893 - [ERROR] - [SILVER] Strategy VOLUME_CLIMAX error: 'volume'
2026-07-20 23:13:05,286 - [ERROR] - [GOLD] Strategy VOLUME_CLIMAX error: 'volume'
2026-07-20 23:13:06,242 - [ERROR] - [SILVER] Strategy VOLUME_CLIMAX error: 'volume'
2026-07-20 23:13:06,633 - [ERROR] - [GOLD] Strategy VOLUME_CLIMAX error: 'volume'
2026-07-20 23:13:07,590 - [ERROR] - [SILVER] Strategy VOLUME_CLIMAX error: 'volume'
2026-07-20 23:13:07,986 - [ERROR] - [GOLD] Strategy VOLUME_CLIMAX error: 'volume'
2026-07-20 23:13:08,935 - [ERROR] - [SILVER] Strategy VOLUME_CLIMAX error: 'volume'
2026-07-20 23:13:09,336 - [ERROR] - [GOLD] Strategy VOLUME_CLIMAX error: 'volume'
2026-07-20 23:13:10,278 - [ERROR] - [SILVER] Strategy VOLUME_CLIMAX error: 'volume'
2026-07-20 23:13:10,683 - [ERROR] - [GOLD] Strategy VOLUME_CLIMAX error: 'volume'
2026-07-20 23:13:11,622 - [ERROR] - [SILVER] Strategy VOLUME_CLIMAX error: 'volume'
2026-07-20 23:13:12,031 - [ERROR] - [GOLD] Strategy VOLUME_CLIMAX error: 'volume'
2026-07-20 23:13:12,981 - [ERROR] - [SILVER] Strategy VOLUME_CLIMAX error: 'volume'
2026-07-20 23:13:13,379 - [ERROR] - [GOLD] Strategy VOLUME_CLIMAX error: 'volume'
2026-07-20 23:13:14,346 - [ERROR] - [SILVER] Strategy VOLUME_CLIMAX error: 'volume'
2026-07-20 23:13:14,734 - [ERROR] - [GOLD] Strategy VOLUME_CLIMAX error: 'volume'
2026-07-20 23:13:15,694 - [ERROR] - [SILVER] Strategy VOLUME_CLIMAX error: 'volume'
2026-07-20 23:13:16,123 - [ERROR] - [GOLD] Strategy VOLUME_CLIMAX error: 'volume'
2026-07-20 23:13:17,059 - [ERROR] - [SILVER] Strategy VOLUME_CLIMAX error: 'volume'
2026-07-20 23:13:17,478 - [ERROR] - [GOLD] Strategy VOLUME_CLIMAX error: 'volume'
2026-07-20 23:13:18,419 - [ERROR] - [SILVER] Strategy VOLUME_CLIMAX error: 'volume'
2026-07-20 23:13:18,851 - [ERROR] - [GOLD] Strategy VOLUME_CLIMAX error: 'volume'
2026-07-20 23:13:19,792 - [ERROR] - [SILVER] Strategy VOLUME_CLIMAX error: 'volume'
2026-07-20 23:13:20,216 - [ERROR] - [GOLD] Strategy VOLUME_CLIMAX error: 'volume'
2026-07-20 23:13:21,160 - [ERROR] - [SILVER] Strategy VOLUME_CLIMAX error: 'volume'
2026-07-20 23:13:21,608 - [ERROR] - [GOLD] Strategy VOLUME_CLIMAX error: 'volume'
2026-07-20 23:13:22,521 - [ERROR] - [SILVER] Strategy VOLUME_CLIMAX error: 'volume'
2026-07-20 23:13:22,973 - [ERROR] - [GOLD] Strategy VOLUME_CLIMAX error: 'volume'
2026-07-20 23:13:23,895 - [ERROR] - [SILVER] Strategy VOLUME_CLIMAX error: 'volume'
2026-07-20 23:13:24,340 - [ERROR] - [GOLD] Strategy VOLUME_CLIMAX error: 'volume'
2026-07-20 23:13:25,267 - [ERROR] - [SILVER] Strategy VOLUME_CLIMAX error: 'volume'
2026-07-20 23:13:25,697 - [ERROR] - [GOLD] Strategy VOLUME_CLIMAX error: 'volume'
2026-07-20 23:13:26,629 - [ERROR] - [SILVER] Strategy VOLUME_CLIMAX error: 'volume'
2026-07-20 23:13:27,054 - [ERROR] - [GOLD] Strategy VOLUME_CLIMAX error: 'volume'
2026-07-20 23:13:27,987 - [ERROR] - [SILVER] Strategy VOLUME_CLIMAX error: 'volume'
2026-07-20 23:13:28,424 - [ERROR] - [GOLD] Strategy VOLUME_CLIMAX error: 'volume'
2026-07-20 23:13:29,356 - [ERROR] - [SILVER] Strategy VOLUME_CLIMAX error: 'volume'
2026-07-20 23:13:29,800 - [ERROR] - [GOLD] Strategy VOLUME_CLIMAX error: 'volume'
2026-07-20 23:13:30,717 - [ERROR] - [SILVER] Strategy VOLUME_CLIMAX error: 'volume'
2026-07-20 23:13:31,171 - [ERROR] - [GOLD] Strategy VOLUME_CLIMAX error: 'volume'
2026-07-20 23:13:32,078 - [ERROR] - [SILVER] Strategy VOLUME_CLIMAX error: 'volume'
2026-07-20 23:13:32,523 - [ERROR] - [GOLD] Strategy VOLUME_CLIMAX error: 'volume'
2026-07-20 23:13:33,445 - [ERROR] - [SILVER] Strategy VOLUME_CLIMAX error: 'volume'
2026-07-20 23:13:33,876 - [ERROR] - [GOLD] Strategy VOLUME_CLIMAX error: 'volume'
2026-07-20 23:13:34,803 - [ERROR] - [SILVER] Strategy VOLUME_CLIMAX error: 'volume'
2026-07-20 23:13:35,228 - [ERROR] - [GOLD] Strategy VOLUME_CLIMAX error: 'volume'
2026-07-20 23:13:36,168 - [ERROR] - [SILVER] Strategy VOLUME_CLIMAX error: 'volume'
2026-07-20 23:13:36,577 - [ERROR] - [GOLD] Strategy VOLUME_CLIMAX error: 'volume'
2026-07-20 23:13:37,517 - [ERROR] - [SILVER] Strategy VOLUME_CLIMAX error: 'volume'
2026-07-20 23:13:37,926 - [ERROR] - [GOLD] Strategy VOLUME_CLIMAX error: 'volume'
2026-07-20 23:13:38,865 - [ERROR] - [SILVER] Strategy VOLUME_CLIMAX error: 'volume'
2026-07-20 23:13:39,286 - [ERROR] - [GOLD] Strategy VOLUME_CLIMAX error: 'volume'
2026-07-20 23:13:40,219 - [ERROR] - [SILVER] Strategy VOLUME_CLIMAX error: 'volume'
2026-07-20 23:13:40,640 - [ERROR] - [GOLD] Strategy VOLUME_CLIMAX error: 'volume'
2026-07-20 23:13:41,579 - [ERROR] - [SILVER] Strategy VOLUME_CLIMAX error: 'volume'
2026-07-20 23:13:41,994 - [ERROR] - [GOLD] Strategy VOLUME_CLIMAX error: 'volume'
2026-07-20 23:13:42,949 - [ERROR] - [SILVER] Strategy VOLUME_CLIMAX error: 'volume'
2026-07-20 23:13:43,353 - [ERROR] - [GOLD] Strategy VOLUME_CLIMAX error: 'volume'
2026-07-20 23:13:44,326 - [ERROR] - [SILVER] Strategy VOLUME_CLIMAX error: 'volume'
2026-07-20 23:13:44,705 - [ERROR] - [GOLD] Strategy VOLUME_CLIMAX error: 'volume'
2026-07-20 23:13:45,673 - [ERROR] - [SILVER] Strategy VOLUME_CLIMAX error: 'volume'
2026-07-20 23:13:46,103 - [ERROR] - [GOLD] Strategy VOLUME_CLIMAX error: 'volume'
2026-07-20 23:13:47,010 - [ERROR] - [SILVER] Strategy VOLUME_CLIMAX error: 'volume'
2026-07-20 23:13:47,454 - [ERROR] - [GOLD] Strategy VOLUME_CLIMAX error: 'volume'
2026-07-20 23:13:48,362 - [ERROR] - [SILVER] Strategy VOLUME_CLIMAX error: 'volume'
2026-07-20 23:13:48,818 - [ERROR] - [GOLD] Strategy VOLUME_CLIMAX error: 'volume'
2026-07-20 23:13:49,720 - [ERROR] - [SILVER] Strategy VOLUME_CLIMAX error: 'volume'
2026-07-20 23:13:50,204 - [ERROR] - [GOLD] Strategy VOLUME_CLIMAX error: 'volume'
2026-07-20 23:13:51,070 - [ERROR] - [SILVER] Strategy VOLUME_CLIMAX error: 'volume'
2026-07-20 23:13:51,563 - [ERROR] - [GOLD] Strategy VOLUME_CLIMAX error: 'volume'
2026-07-20 23:13:52,418 - [ERROR] - [SILVER] Strategy VOLUME_CLIMAX error: 'volume'
2026-07-20 23:13:52,911 - [ERROR] - [GOLD] Strategy VOLUME_CLIMAX error: 'volume'
2026-07-20 23:13:53,773 - [ERROR] - [SILVER] Strategy VOLUME_CLIMAX error: 'volume'
2026-07-20 23:13:54,265 - [ERROR] - [GOLD] Strategy VOLUME_CLIMAX error: 'volume'
2026-07-20 23:13:55,134 - [ERROR] - [SILVER] Strategy VOLUME_CLIMAX error: 'volume'
2026-07-20 23:13:55,649 - [ERROR] - [GOLD] Strategy VOLUME_CLIMAX error: 'volume'
2026-07-20 23:13:56,490 - [ERROR] - [SILVER] Strategy VOLUME_CLIMAX error: 'volume'
2026-07-20 23:13:57,008 - [ERROR] - [GOLD] Strategy VOLUME_CLIMAX error: 'volume'
2026-07-20 23:13:57,859 - [ERROR] - [SILVER] Strategy VOLUME_CLIMAX error: 'volume'
2026-07-20 23:13:58,388 - [ERROR] - [GOLD] Strategy VOLUME_CLIMAX error: 'volume'
2026-07-20 23:13:59,226 - [ERROR] - [SILVER] Strategy VOLUME_CLIMAX error: 'volume'
2026-07-20 23:13:59,745 - [ERROR] - [GOLD] Strategy VOLUME_CLIMAX error: 'volume'
2026-07-20 23:14:00,576 - [ERROR] - [SILVER] Strategy VOLUME_CLIMAX error: 'volume'
2026-07-20 23:14:01,104 - [ERROR] - [GOLD] Strategy VOLUME_CLIMAX error: 'volume'
2026-07-20 23:14:01,932 - [ERROR] - [SILVER] Strategy VOLUME_CLIMAX error: 'volume'
2026-07-20 23:14:02,454 - [ERROR] - [GOLD] Strategy VOLUME_CLIMAX error: 'volume'
2026-07-20 23:14:03,288 - [ERROR] - [SILVER] Strategy VOLUME_CLIMAX error: 'volume'
2026-07-20 23:14:03,805 - [ERROR] - [GOLD] Strategy VOLUME_CLIMAX error: 'volume'
2026-07-20 23:14:04,644 - [ERROR] - [SILVER] Strategy VOLUME_CLIMAX error: 'volume'
2026-07-20 23:14:05,161 - [ERROR] - [GOLD] Strategy VOLUME_CLIMAX error: 'volume'
2026-07-20 23:14:06,000 - [ERROR] - [SILVER] Strategy VOLUME_CLIMAX error: 'volume'
2026-07-20 23:14:06,520 - [ERROR] - [GOLD] Strategy VOLUME_CLIMAX error: 'volume'
2026-07-20 23:14:07,354 - [ERROR] - [SILVER] Strategy VOLUME_CLIMAX error: 'volume'
2026-07-20 23:14:07,867 - [ERROR] - [GOLD] Strategy VOLUME_CLIMAX error: 'volume'
2026-07-20 23:14:08,701 - [ERROR] - [SILVER] Strategy VOLUME_CLIMAX error: 'volume'
2026-07-20 23:14:09,211 - [ERROR] - [GOLD] Strategy VOLUME_CLIMAX error: 'volume'
2026-07-20 23:14:10,054 - [ERROR] - [SILVER] Strategy VOLUME_CLIMAX error: 'volume'
2026-07-20 23:14:10,562 - [ERROR] - [GOLD] Strategy VOLUME_CLIMAX error: 'volume'
2026-07-20 23:14:11,405 - [ERROR] - [SILVER] Strategy VOLUME_CLIMAX error: 'volume'
2026-07-20 23:14:11,909 - [ERROR] - [GOLD] Strategy VOLUME_CLIMAX error: 'volume'
2026-07-20 23:14:12,747 - [ERROR] - [SILVER] Strategy VOLUME_CLIMAX error: 'volume'
2026-07-20 23:14:13,256 - [ERROR] - [GOLD] Strategy VOLUME_CLIMAX error: 'volume'
2026-07-20 23:14:14,089 - [ERROR] - [SILVER] Strategy VOLUME_CLIMAX error: 'volume'
2026-07-20 23:14:14,623 - [ERROR] - [GOLD] Strategy VOLUME_CLIMAX error: 'volume'
2026-07-20 23:14:15,445 - [ERROR] - [SILVER] Strategy VOLUME_CLIMAX error: 'volume'
2026-07-20 23:14:15,982 - [ERROR] - [GOLD] Strategy VOLUME_CLIMAX error: 'volume'
2026-07-20 23:14:16,819 - [ERROR] - [SILVER] Strategy VOLUME_CLIMAX error: 'volume'
2026-07-20 23:14:17,361 - [ERROR] - [GOLD] Strategy VOLUME_CLIMAX error: 'volume'
2026-07-20 23:14:18,173 - [ERROR] - [SILVER] Strategy VOLUME_CLIMAX error: 'volume'
2026-07-20 23:14:18,722 - [ERROR] - [GOLD] Strategy VOLUME_CLIMAX error: 'volume'
2026-07-20 23:14:19,535 - [ERROR] - [SILVER] Strategy VOLUME_CLIMAX error: 'volume'
2026-07-20 23:14:20,082 - [ERROR] - [GOLD] Strategy VOLUME_CLIMAX error: 'volume'
2026-07-20 23:14:20,893 - [ERROR] - [SILVER] Strategy VOLUME_CLIMAX error: 'volume'
2026-07-20 23:14:21,450 - [ERROR] - [GOLD] Strategy VOLUME_CLIMAX error: 'volume'
2026-07-20 23:14:22,252 - [ERROR] - [SILVER] Strategy VOLUME_CLIMAX error: 'volume'
2026-07-20 23:14:22,805 - [ERROR] - [GOLD] Strategy VOLUME_CLIMAX error: 'volume'
2026-07-20 23:14:23,621 - [ERROR] - [SILVER] Strategy VOLUME_CLIMAX error: 'volume'
2026-07-20 23:14:24,189 - [ERROR] - [GOLD] Strategy VOLUME_CLIMAX error: 'volume'
2026-07-20 23:14:25,038 - [ERROR] - [SILVER] Strategy VOLUME_CLIMAX error: 'volume'
2026-07-20 23:14:25,604 - [ERROR] - [GOLD] Strategy VOLUME_CLIMAX error: 'volume'
2026-07-20 23:14:26,413 - [ERROR] - [SILVER] Strategy VOLUME_CLIMAX error: 'volume'
2026-07-20 23:14:26,975 - [ERROR] - [GOLD] Strategy VOLUME_CLIMAX error: 'volume'
2026-07-20 23:14:27,786 - [ERROR] - [SILVER] Strategy VOLUME_CLIMAX error: 'volume'
2026-07-20 23:14:28,342 - [ERROR] - [GOLD] Strategy VOLUME_CLIMAX error: 'volume'
2026-07-20 23:14:29,337 - [ERROR] - [SILVER] Strategy VOLUME_CLIMAX error: 'volume'
2026-07-20 23:14:29,712 - [ERROR] - [GOLD] Strategy VOLUME_CLIMAX error: 'volume'
2026-07-20 23:14:30,712 - [ERROR] - [SILVER] Strategy VOLUME_CLIMAX error: 'volume'
2026-07-20 23:14:31,086 - [ERROR] - [GOLD] Strategy VOLUME_CLIMAX error: 'volume'
2026-07-20 23:14:32,076 - [ERROR] - [SILVER] Strategy VOLUME_CLIMAX error: 'volume'
2026-07-20 23:14:32,452 - [ERROR] - [GOLD] Strategy VOLUME_CLIMAX error: 'volume'
2026-07-20 23:14:33,444 - [ERROR] - [SILVER] Strategy VOLUME_CLIMAX error: 'volume'
2026-07-20 23:14:33,836 - [ERROR] - [GOLD] Strategy VOLUME_CLIMAX error: 'volume'
2026-07-20 23:14:34,808 - [ERROR] - [SILVER] Strategy VOLUME_CLIMAX error: 'volume'
2026-07-20 23:14:35,205 - [ERROR] - [GOLD] Strategy VOLUME_CLIMAX error: 'volume'
2026-07-20 23:14:36,187 - [ERROR] - [SILVER] Strategy VOLUME_CLIMAX error: 'volume'
2026-07-20 23:14:36,606 - [ERROR] - [GOLD] Strategy VOLUME_CLIMAX error: 'volume'
2026-07-20 23:14:37,586 - [ERROR] - [SILVER] Strategy VOLUME_CLIMAX error: 'volume'
2026-07-20 23:14:37,975 - [ERROR] - [GOLD] Strategy VOLUME_CLIMAX error: 'volume'
2026-07-20 23:14:38,954 - [ERROR] - [SILVER] Strategy VOLUME_CLIMAX error: 'volume'
2026-07-20 23:14:39,369 - [ERROR] - [GOLD] Strategy VOLUME_CLIMAX error: 'volume'
2026-07-20 23:14:40,343 - [ERROR] - [SILVER] Strategy VOLUME_CLIMAX error: 'volume'
2026-07-20 23:14:40,764 - [ERROR] - [GOLD] Strategy VOLUME_CLIMAX error: 'volume'
2026-07-20 23:14:41,727 - [ERROR] - [SILVER] Strategy VOLUME_CLIMAX error: 'volume'
2026-07-20 23:14:42,173 - [ERROR] - [GOLD] Strategy VOLUME_CLIMAX error: 'volume'
2026-07-20 23:14:43,099 - [ERROR] - [SILVER] Strategy VOLUME_CLIMAX error: 'volume'
2026-07-20 23:14:43,567 - [ERROR] - [GOLD] Strategy VOLUME_CLIMAX error: 'volume'
2026-07-20 23:14:44,479 - [ERROR] - [SILVER] Strategy VOLUME_CLIMAX error: 'volume'
2026-07-20 23:14:44,950 - [ERROR] - [GOLD] Strategy VOLUME_CLIMAX error: 'volume'
2026-07-20 23:14:45,853 - [ERROR] - [SILVER] Strategy VOLUME_CLIMAX error: 'volume'
2026-07-20 23:14:46,330 - [ERROR] - [GOLD] Strategy VOLUME_CLIMAX error: 'volume'
2026-07-20 23:14:47,244 - [ERROR] - [SILVER] Strategy VOLUME_CLIMAX error: 'volume'
2026-07-20 23:14:47,708 - [ERROR] - [GOLD] Strategy VOLUME_CLIMAX error: 'volume'
2026-07-20 23:14:48,608 - [ERROR] - [SILVER] Strategy VOLUME_CLIMAX error: 'volume'
2026-07-20 23:14:49,077 - [ERROR] - [GOLD] Strategy VOLUME_CLIMAX error: 'volume'
2026-07-20 23:14:49,982 - [ERROR] - [SILVER] Strategy VOLUME_CLIMAX error: 'volume'
2026-07-20 23:14:50,443 - [ERROR] - [GOLD] Strategy VOLUME_CLIMAX error: 'volume'
2026-07-20 23:14:51,390 - [ERROR] - [SILVER] Strategy VOLUME_CLIMAX error: 'volume'
2026-07-20 23:14:51,824 - [ERROR] - [GOLD] Strategy VOLUME_CLIMAX error: 'volume'
2026-07-20 23:14:52,819 - [ERROR] - [SILVER] Strategy VOLUME_CLIMAX error: 'volume'
2026-07-20 23:14:53,204 - [ERROR] - [GOLD] Strategy VOLUME_CLIMAX error: 'volume'
2026-07-20 23:14:54,188 - [ERROR] - [SILVER] Strategy VOLUME_CLIMAX error: 'volume'
2026-07-20 23:14:54,569 - [ERROR] - [GOLD] Strategy VOLUME_CLIMAX error: 'volume'
2026-07-20 23:14:55,554 - [ERROR] - [SILVER] Strategy VOLUME_CLIMAX error: 'volume'
2026-07-20 23:14:55,932 - [ERROR] - [GOLD] Strategy VOLUME_CLIMAX error: 'volume'
2026-07-20 23:14:56,910 - [ERROR] - [SILVER] Strategy VOLUME_CLIMAX error: 'volume'
2026-07-20 23:14:57,302 - [ERROR] - [GOLD] Strategy VOLUME_CLIMAX error: 'volume'
2026-07-20 23:14:58,272 - [ERROR] - [SILVER] Strategy VOLUME_CLIMAX error: 'volume'
2026-07-20 23:14:58,663 - [ERROR] - [GOLD] Strategy VOLUME_CLIMAX error: 'volume'
2026-07-20 23:14:59,632 - [ERROR] - [SILVER] Strategy VOLUME_CLIMAX error: 'volume'
2026-07-20 23:14:59,997 - [WARNING] - [GOLD] \U0001f6a8 Spread Protection: Live Spread (54) > Max Allowable (40). Trade Aborted.
2026-07-20 23:15:01,200 - [WARNING] - [SILVER] \U0001f6a8 Spread Protection: Live Spread (69) > Max Allowable (40). Trade Aborted.
2026-07-20 23:17:00,304 - [WARNING] - [GOLD] \U0001f6a8 Spread Protection: Live Spread (55) > Max Allowable (40). Trade Aborted.
2026-07-20 23:17:01,413 - [ERROR] - [SILVER] Strategy VOLUME_CLIMAX error: 'volume'
2026-07-20 23:17:02,770 - [ERROR] - [SILVER] Strategy VOLUME_CLIMAX error: 'volume'
2026-07-20 23:17:04,126 - [ERROR] - [SILVER] Strategy VOLUME_CLIMAX error: 'volume'
2026-07-20 23:17:05,496 - [ERROR] - [SILVER] Strategy VOLUME_CLIMAX error: 'volume'
2026-07-20 23:17:06,859 - [ERROR] - [SILVER] Strategy VOLUME_CLIMAX error: 'volume'
2026-07-20 23:17:08,220 - [ERROR] - [SILVER] Strategy VOLUME_CLIMAX error: 'volume'
2026-07-20 23:17:09,592 - [ERROR] - [SILVER] Strategy VOLUME_CLIMAX error: 'volume'
2026-07-20 23:17:10,945 - [ERROR] - [SILVER] Strategy VOLUME_CLIMAX error: 'volume'
2026-07-20 23:17:12,295 - [ERROR] - [SILVER] Strategy VOLUME_CLIMAX error: 'volume'
2026-07-20 23:17:13,648 - [ERROR] - [SILVER] Strategy VOLUME_CLIMAX error: 'volume'
2026-07-20 23:17:14,997 - [WARNING] - [SILVER] \U0001f6a8 Spread Protection: Live Spread (63) > Max Allowable (40). Trade Aborted.
2026-07-20 23:19:00,821 - [WARNING] - [GOLD] \U0001f6a8 Spread Protection: Live Spread (57) > Max Allowable (40). Trade Aborted.
2026-07-20 23:19:15,087 - [WARNING] - [SILVER] \U0001f6a8 Spread Protection: Live Spread (69) > Max Allowable (40). Trade Aborted.
2026-07-20 23:21:01,891 - [WARNING] - [GOLD] \U0001f6a8 Spread Protection: Live Spread (57) > Max Allowable (40). Trade Aborted.
2026-07-20 23:21:16,143 - [ERROR] - [SILVER] Strategy VOLUME_CLIMAX error: 'volume'
2026-07-20 23:21:17,493 - [ERROR] - [SILVER] Strategy VOLUME_CLIMAX error: 'volume'
2026-07-20 23:21:18,826 - [WARNING] - [SILVER] \U0001f6a8 Spread Protection: Live Spread (69) > Max Allowable (40). Trade Aborted.
2026-07-20 23:22:20,306 - [INFO] - [ETHUSD] Trade in Golden Hour (17 UTC). Targeting 3.0 R:R.
2026-07-20 23:22:20,320 - [ERROR] - [ETHUSD] ML Inference Error: cannot access local variable 'pd' where it is not associated with a value. Proceeding without ML.
2026-07-20 23:22:20,323 - [INFO] - [ETHUSD] Anti-Martingale: 2 Losses in a row! Halving risk to 0.50%
2026-07-20 23:22:20,323 - [WARNING] - [ETHUSD] [RISK_CAP] Lot size 1.79 capped to 0.5 for safety.
2026-07-20 23:22:20,548 - [INFO] - [ETHUSD] SUCCESS - Opened BUY | Strat: ZERO_HERO | Lot: 0.5 | SL: 1901.435714285714
2026-07-20 23:23:02,974 - [WARNING] - [GOLD] \U0001f6a8 Spread Protection: Live Spread (56) > Max Allowable (40). Trade Aborted.
2026-07-20 23:23:19,897 - [ERROR] - [SILVER] Strategy VOLUME_CLIMAX error: 'volume'
2026-07-20 23:23:21,268 - [ERROR] - [SILVER] Strategy VOLUME_CLIMAX error: 'volume'
2026-07-20 23:23:22,624 - [ERROR] - [SILVER] Strategy VOLUME_CLIMAX error: 'volume'
2026-07-20 23:23:23,986 - [ERROR] - [SILVER] Strategy VOLUME_CLIMAX error: 'volume'
2026-07-20 23:23:25,355 - [ERROR] - [SILVER] Strategy VOLUME_CLIMAX error: 'volume'
2026-07-20 23:23:26,712 - [ERROR] - [SILVER] Strategy VOLUME_CLIMAX error: 'volume'
2026-07-20 23:23:28,079 - [ERROR] - [SILVER] Strategy VOLUME_CLIMAX error: 'volume'
2026-07-20 23:23:29,465 - [ERROR] - [SILVER] Strategy VOLUME_CLIMAX error: 'volume'
2026-07-20 23:23:30,825 - [ERROR] - [SILVER] Strategy VOLUME_CLIMAX error: 'volume'
2026-07-20 23:23:32,199 - [ERROR] - [SILVER] Strategy VOLUME_CLIMAX error: 'volume'
2026-07-20 23:23:33,571 - [ERROR] - [SILVER] Strategy VOLUME_CLIMAX error: 'volume'
2026-07-20 23:23:34,928 - [ERROR] - [SILVER] Strategy VOLUME_CLIMAX error: 'volume'
2026-07-20 23:23:36,293 - [ERROR] - [SILVER] Strategy VOLUME_CLIMAX error: 'volume'
2026-07-20 23:23:37,662 - [ERROR] - [SILVER] Strategy VOLUME_CLIMAX error: 'volume'
2026-07-20 23:23:39,026 - [WARNING] - [SILVER] \U0001f6a8 Spread Protection: Live Spread (69) > Max Allowable (40). Trade Aborted.
2026-07-20 23:25:03,266 - [WARNING] - [GOLD] \U0001f6a8 Spread Protection: Live Spread (56) > Max Allowable (40). Trade Aborted.
2026-07-20 23:25:40,070 - [WARNING] - [SILVER] \U0001f6a8 Spread Protection: Live Spread (74) > Max Allowable (40). Trade Aborted.
2026-07-20 23:27:04,303 - [WARNING] - [GOLD] \U0001f6a8 Spread Protection: Live Spread (57) > Max Allowable (40). Trade Aborted.
2026-07-20 23:27:41,109 - [WARNING] - [SILVER] \U0001f6a8 Spread Protection: Live Spread (70) > Max Allowable (40). Trade Aborted.
2026-07-20 23:29:05,362 - [WARNING] - [GOLD] \U0001f6a8 Spread Protection: Live Spread (55) > Max Allowable (40). Trade Aborted.
2026-07-20 23:29:42,168 - [WARNING] - [SILVER] \U0001f6a8 Spread Protection: Live Spread (69) > Max Allowable (40). Trade Aborted.
2026-07-20 23:30:25,432 - [INFO] - [BTCUSD] Strategy Step-Trail: Locked SL to 65368.7
2026-07-20 23:31:06,441 - [ERROR] - [GOLD] Strategy VOLUME_CLIMAX error: 'volume'
2026-07-20 23:31:07,883 - [ERROR] - [GOLD] Strategy VOLUME_CLIMAX error: 'volume'
2026-07-20 23:31:09,264 - [ERROR] - [GOLD] Strategy VOLUME_CLIMAX error: 'volume'
2026-07-20 23:31:10,618 - [ERROR] - [GOLD] Strategy VOLUME_CLIMAX error: 'volume'
2026-07-20 23:31:11,970 - [ERROR] - [GOLD] Strategy VOLUME_CLIMAX error: 'volume'
2026-07-20 23:31:13,361 - [ERROR] - [GOLD] Strategy VOLUME_CLIMAX error: 'volume'
2026-07-20 23:31:14,707 - [ERROR] - [GOLD] Strategy VOLUME_CLIMAX error: 'volume'
2026-07-20 23:31:16,057 - [ERROR] - [GOLD] Strategy VOLUME_CLIMAX error: 'volume'
2026-07-20 23:31:17,467 - [ERROR] - [GOLD] Strategy VOLUME_CLIMAX error: 'volume'
2026-07-20 23:31:18,822 - [ERROR] - [GOLD] Strategy VOLUME_CLIMAX error: 'volume'
2026-07-20 23:31:20,179 - [ERROR] - [GOLD] Strategy VOLUME_CLIMAX error: 'volume'
2026-07-20 23:31:21,560 - [ERROR] - [GOLD] Strategy VOLUME_CLIMAX error: 'volume'
2026-07-20 23:31:22,924 - [ERROR] - [GOLD] Strategy VOLUME_CLIMAX error: 'volume'
2026-07-20 23:31:24,301 - [ERROR] - [GOLD] Strategy VOLUME_CLIMAX error: 'volume'
2026-07-20 23:31:25,677 - [ERROR] - [GOLD] Strategy VOLUME_CLIMAX error: 'volume'
2026-07-20 23:31:27,040 - [ERROR] - [GOLD] Strategy VOLUME_CLIMAX error: 'volume'
2026-07-20 23:31:28,409 - [ERROR] - [GOLD] Strategy VOLUME_CLIMAX error: 'volume'
2026-07-20 23:31:29,783 - [ERROR] - [GOLD] Strategy VOLUME_CLIMAX error: 'volume'
2026-07-20 23:31:31,143 - [ERROR] - [GOLD] Strategy VOLUME_CLIMAX error: 'volume'
2026-07-20 23:31:32,528 - [ERROR] - [GOLD] Strategy VOLUME_CLIMAX error: 'volume'
2026-07-20 23:31:33,915 - [ERROR] - [GOLD] Strategy VOLUME_CLIMAX error: 'volume'
2026-07-20 23:31:35,278 - [ERROR] - [GOLD] Strategy VOLUME_CLIMAX error: 'volume'
2026-07-20 23:31:36,647 - [ERROR] - [GOLD] Strategy VOLUME_CLIMAX error: 'volume'
2026-07-20 23:31:38,028 - [ERROR] - [GOLD] Strategy VOLUME_CLIMAX error: 'volume'
2026-07-20 23:31:39,395 - [ERROR] - [GOLD] Strategy VOLUME_CLIMAX error: 'volume'
2026-07-20 23:31:40,770 - [ERROR] - [GOLD] Strategy VOLUME_CLIMAX error: 'volume'
2026-07-20 23:31:42,130 - [ERROR] - [GOLD] Strategy VOLUME_CLIMAX error: 'volume'
2026-07-20 23:31:42,712 - [ERROR] - [SILVER] Strategy VOLUME_CLIMAX error: 'volume'
2026-07-20 23:31:43,494 - [ERROR] - [GOLD] Strategy VOLUME_CLIMAX error: 'volume'
2026-07-20 23:31:44,072 - [ERROR] - [SILVER] Strategy VOLUME_CLIMAX error: 'volume'
2026-07-20 23:31:44,853 - [ERROR] - [GOLD] Strategy VOLUME_CLIMAX error: 'volume'
2026-07-20 23:31:45,433 - [ERROR] - [SILVER] Strategy VOLUME_CLIMAX error: 'volume'
2026-07-20 23:31:46,202 - [ERROR] - [GOLD] Strategy VOLUME_CLIMAX error: 'volume'
2026-07-20 23:31:46,778 - [ERROR] - [SILVER] Strategy VOLUME_CLIMAX error: 'volume'
2026-07-20 23:31:47,553 - [ERROR] - [GOLD] Strategy VOLUME_CLIMAX error: 'volume'
2026-07-20 23:31:48,129 - [ERROR] - [SILVER] Strategy VOLUME_CLIMAX error: 'volume'
2026-07-20 23:31:48,920 - [ERROR] - [GOLD] Strategy VOLUME_CLIMAX error: 'volume'
2026-07-20 23:31:49,492 - [ERROR] - [SILVER] Strategy VOLUME_CLIMAX error: 'volume'
2026-07-20 23:31:50,266 - [ERROR] - [GOLD] Strategy VOLUME_CLIMAX error: 'volume'
2026-07-20 23:31:50,837 - [ERROR] - [SILVER] Strategy VOLUME_CLIMAX error: 'volume'
2026-07-20 23:31:51,615 - [ERROR] - [GOLD] Strategy VOLUME_CLIMAX error: 'volume'
2026-07-20 23:31:52,187 - [ERROR] - [SILVER] Strategy VOLUME_CLIMAX error: 'volume'
2026-07-20 23:31:52,964 - [ERROR] - [GOLD] Strategy VOLUME_CLIMAX error: 'volume'
2026-07-20 23:31:53,532 - [ERROR] - [SILVER] Strategy VOLUME_CLIMAX error: 'volume'
2026-07-20 23:31:54,308 - [ERROR] - [GOLD] Strategy VOLUME_CLIMAX error: 'volume'
2026-07-20 23:31:54,878 - [ERROR] - [SILVER] Strategy VOLUME_CLIMAX error: 'volume'
2026-07-20 23:31:55,654 - [ERROR] - [GOLD] Strategy VOLUME_CLIMAX error: 'volume'
2026-07-20 23:31:56,222 - [ERROR] - [SILVER] Strategy VOLUME_CLIMAX error: 'volume'
2026-07-20 23:31:56,998 - [ERROR] - [GOLD] Strategy VOLUME_CLIMAX error: 'volume'
2026-07-20 23:31:57,568 - [ERROR] - [SILVER] Strategy VOLUME_CLIMAX error: 'volume'
2026-07-20 23:31:58,347 - [ERROR] - [GOLD] Strategy VOLUME_CLIMAX error: 'volume'
2026-07-20 23:31:58,917 - [ERROR] - [SILVER] Strategy VOLUME_CLIMAX error: 'volume'
2026-07-20 23:31:59,703 - [ERROR] - [GOLD] Strategy VOLUME_CLIMAX error: 'volume'
2026-07-20 23:32:00,272 - [ERROR] - [SILVER] Strategy VOLUME_CLIMAX error: 'volume'
2026-07-20 23:32:01,098 - [ERROR] - [GOLD] Strategy VOLUME_CLIMAX error: 'volume'
2026-07-20 23:32:01,626 - [ERROR] - [SILVER] Strategy VOLUME_CLIMAX error: 'volume'
2026-07-20 23:32:02,456 - [ERROR] - [GOLD] Strategy VOLUME_CLIMAX error: 'volume'
2026-07-20 23:32:03,025 - [ERROR] - [SILVER] Strategy VOLUME_CLIMAX error: 'volume'
2026-07-20 23:32:03,803 - [ERROR] - [GOLD] Strategy VOLUME_CLIMAX error: 'volume'
2026-07-20 23:32:04,378 - [ERROR] - [SILVER] Strategy VOLUME_CLIMAX error: 'volume'
2026-07-20 23:32:05,178 - [ERROR] - [GOLD] Strategy VOLUME_CLIMAX error: 'volume'
2026-07-20 23:32:05,729 - [ERROR] - [SILVER] Strategy VOLUME_CLIMAX error: 'volume'
2026-07-20 23:32:06,529 - [ERROR] - [GOLD] Strategy VOLUME_CLIMAX error: 'volume'
2026-07-20 23:32:07,105 - [ERROR] - [SILVER] Strategy VOLUME_CLIMAX error: 'volume'
2026-07-20 23:32:07,880 - [ERROR] - [GOLD] Strategy VOLUME_CLIMAX error: 'volume'
2026-07-20 23:32:08,457 - [ERROR] - [SILVER] Strategy VOLUME_CLIMAX error: 'volume'
2026-07-20 23:32:09,238 - [ERROR] - [GOLD] Strategy VOLUME_CLIMAX error: 'volume'
2026-07-20 23:32:09,811 - [ERROR] - [SILVER] Strategy VOLUME_CLIMAX error: 'volume'
2026-07-20 23:32:10,590 - [ERROR] - [GOLD] Strategy VOLUME_CLIMAX error: 'volume'
2026-07-20 23:32:11,165 - [ERROR] - [SILVER] Strategy VOLUME_CLIMAX error: 'volume'
2026-07-20 23:32:11,941 - [ERROR] - [GOLD] Strategy VOLUME_CLIMAX error: 'volume'
2026-07-20 23:32:12,517 - [ERROR] - [SILVER] Strategy VOLUME_CLIMAX error: 'volume'
2026-07-20 23:32:13,306 - [ERROR] - [GOLD] Strategy VOLUME_CLIMAX error: 'volume'
2026-07-20 23:32:13,869 - [ERROR] - [SILVER] Strategy VOLUME_CLIMAX error: 'volume'
2026-07-20 23:32:14,658 - [ERROR] - [GOLD] Strategy VOLUME_CLIMAX error: 'volume'
2026-07-20 23:32:15,223 - [ERROR] - [SILVER] Strategy VOLUME_CLIMAX error: 'volume'
2026-07-20 23:32:16,012 - [ERROR] - [GOLD] Strategy VOLUME_CLIMAX error: 'volume'
2026-07-20 23:32:16,702 - [ERROR] - [SILVER] Strategy VOLUME_CLIMAX error: 'volume'
2026-07-20 23:32:17,377 - [ERROR] - [GOLD] Strategy VOLUME_CLIMAX error: 'volume'
2026-07-20 23:32:18,053 - [ERROR] - [SILVER] Strategy VOLUME_CLIMAX error: 'volume'
2026-07-20 23:32:18,725 - [ERROR] - [GOLD] Strategy VOLUME_CLIMAX error: 'volume'
2026-07-20 23:32:19,415 - [ERROR] - [SILVER] Strategy VOLUME_CLIMAX error: 'volume'
2026-07-20 23:32:20,074 - [ERROR] - [GOLD] Strategy VOLUME_CLIMAX error: 'volume'
2026-07-20 23:32:20,767 - [ERROR] - [SILVER] Strategy VOLUME_CLIMAX error: 'volume'
2026-07-20 23:32:21,420 - [ERROR] - [GOLD] Strategy VOLUME_CLIMAX error: 'volume'
2026-07-20 23:32:22,121 - [ERROR] - [SILVER] Strategy VOLUME_CLIMAX error: 'volume'
2026-07-20 23:32:22,775 - [ERROR] - [GOLD] Strategy VOLUME_CLIMAX error: 'volume'
2026-07-20 23:32:23,476 - [ERROR] - [SILVER] Strategy VOLUME_CLIMAX error: 'volume'
2026-07-20 23:32:24,128 - [ERROR] - [GOLD] Strategy VOLUME_CLIMAX error: 'volume'
2026-07-20 23:32:24,830 - [ERROR] - [SILVER] Strategy VOLUME_CLIMAX error: 'volume'
2026-07-20 23:32:25,479 - [ERROR] - [GOLD] Strategy VOLUME_CLIMAX error: 'volume'
2026-07-20 23:32:26,182 - [ERROR] - [SILVER] Strategy VOLUME_CLIMAX error: 'volume'
2026-07-20 23:32:26,836 - [ERROR] - [GOLD] Strategy VOLUME_CLIMAX error: 'volume'
2026-07-20 23:32:27,533 - [ERROR] - [SILVER] Strategy VOLUME_CLIMAX error: 'volume'
2026-07-20 23:32:28,194 - [ERROR] - [GOLD] Strategy VOLUME_CLIMAX error: 'volume'
2026-07-20 23:32:28,887 - [ERROR] - [SILVER] Strategy VOLUME_CLIMAX error: 'volume'
2026-07-20 23:32:29,583 - [ERROR] - [GOLD] Strategy VOLUME_CLIMAX error: 'volume'
2026-07-20 23:32:30,245 - [ERROR] - [SILVER] Strategy VOLUME_CLIMAX error: 'volume'
2026-07-20 23:32:30,952 - [ERROR] - [GOLD] Strategy VOLUME_CLIMAX error: 'volume'
2026-07-20 23:32:31,598 - [ERROR] - [SILVER] Strategy VOLUME_CLIMAX error: 'volume'
2026-07-20 23:32:32,301 - [ERROR] - [GOLD] Strategy VOLUME_CLIMAX error: 'volume'
2026-07-20 23:32:32,981 - [ERROR] - [SILVER] Strategy VOLUME_CLIMAX error: 'volume'
2026-07-20 23:32:33,648 - [ERROR] - [GOLD] Strategy VOLUME_CLIMAX error: 'volume'
2026-07-20 23:32:34,331 - [ERROR] - [SILVER] Strategy VOLUME_CLIMAX error: 'volume'
2026-07-20 23:32:35,012 - [ERROR] - [GOLD] Strategy VOLUME_CLIMAX error: 'volume'
2026-07-20 23:32:35,690 - [ERROR] - [SILVER] Strategy VOLUME_CLIMAX error: 'volume'
2026-07-20 23:32:36,361 - [ERROR] - [GOLD] Strategy VOLUME_CLIMAX error: 'volume'
2026-07-20 23:32:37,044 - [ERROR] - [SILVER] Strategy VOLUME_CLIMAX error: 'volume'
2026-07-20 23:32:37,721 - [ERROR] - [GOLD] Strategy VOLUME_CLIMAX error: 'volume'
2026-07-20 23:32:38,436 - [ERROR] - [SILVER] Strategy VOLUME_CLIMAX error: 'volume'
2026-07-20 23:32:39,088 - [ERROR] - [GOLD] Strategy VOLUME_CLIMAX error: 'volume'
2026-07-20 23:32:39,808 - [ERROR] - [SILVER] Strategy VOLUME_CLIMAX error: 'volume'
2026-07-20 23:32:40,472 - [ERROR] - [GOLD] Strategy VOLUME_CLIMAX error: 'volume'
2026-07-20 23:32:41,156 - [ERROR] - [SILVER] Strategy VOLUME_CLIMAX error: 'volume'
2026-07-20 23:32:41,818 - [ERROR] - [GOLD] Strategy VOLUME_CLIMAX error: 'volume'
2026-07-20 23:32:42,509 - [ERROR] - [SILVER] Strategy VOLUME_CLIMAX error: 'volume'
2026-07-20 23:32:43,174 - [ERROR] - [GOLD] Strategy VOLUME_CLIMAX error: 'volume'
2026-07-20 23:32:43,880 - [ERROR] - [SILVER] Strategy VOLUME_CLIMAX error: 'volume'
2026-07-20 23:32:44,542 - [ERROR] - [GOLD] Strategy VOLUME_CLIMAX error: 'volume'
2026-07-20 23:32:45,250 - [ERROR] - [SILVER] Strategy VOLUME_CLIMAX error: 'volume'
2026-07-20 23:32:45,895 - [ERROR] - [GOLD] Strategy VOLUME_CLIMAX error: 'volume'
2026-07-20 23:32:46,637 - [ERROR] - [SILVER] Strategy VOLUME_CLIMAX error: 'volume'
2026-07-20 23:32:47,260 - [ERROR] - [GOLD] Strategy VOLUME_CLIMAX error: 'volume'
2026-07-20 23:32:48,001 - [ERROR] - [SILVER] Strategy VOLUME_CLIMAX error: 'volume'
2026-07-20 23:32:48,637 - [ERROR] - [GOLD] Strategy VOLUME_CLIMAX error: 'volume'
2026-07-20 23:32:49,366 - [ERROR] - [SILVER] Strategy VOLUME_CLIMAX error: 'volume'
2026-07-20 23:32:49,994 - [ERROR] - [GOLD] Strategy VOLUME_CLIMAX error: 'volume'
2026-07-20 23:32:50,759 - [ERROR] - [SILVER] Strategy VOLUME_CLIMAX error: 'volume'
2026-07-20 23:32:51,353 - [ERROR] - [GOLD] Strategy VOLUME_CLIMAX error: 'volume'
2026-07-20 23:32:52,119 - [ERROR] - [SILVER] Strategy VOLUME_CLIMAX error: 'volume'
2026-07-20 23:32:52,717 - [ERROR] - [GOLD] Strategy VOLUME_CLIMAX error: 'volume'
2026-07-20 23:32:53,473 - [ERROR] - [SILVER] Strategy VOLUME_CLIMAX error: 'volume'
2026-07-20 23:32:54,068 - [ERROR] - [GOLD] Strategy VOLUME_CLIMAX error: 'volume'
2026-07-20 23:32:54,826 - [ERROR] - [SILVER] Strategy VOLUME_CLIMAX error: 'volume'
2026-07-20 23:32:55,427 - [ERROR] - [GOLD] Strategy VOLUME_CLIMAX error: 'volume'
2026-07-20 23:32:56,177 - [ERROR] - [SILVER] Strategy VOLUME_CLIMAX error: 'volume'
2026-07-20 23:32:56,791 - [ERROR] - [GOLD] Strategy VOLUME_CLIMAX error: 'volume'
2026-07-20 23:32:57,531 - [ERROR] - [SILVER] Strategy VOLUME_CLIMAX error: 'volume'
2026-07-20 23:32:58,138 - [ERROR] - [GOLD] Strategy VOLUME_CLIMAX error: 'volume'
2026-07-20 23:32:58,883 - [ERROR] - [SILVER] Strategy VOLUME_CLIMAX error: 'volume'
2026-07-20 23:32:59,495 - [ERROR] - [GOLD] Strategy VOLUME_CLIMAX error: 'volume'
2026-07-20 23:33:00,233 - [ERROR] - [SILVER] Strategy VOLUME_CLIMAX error: 'volume'
2026-07-20 23:33:00,843 - [ERROR] - [GOLD] Strategy VOLUME_CLIMAX error: 'volume'
2026-07-20 23:33:01,594 - [ERROR] - [SILVER] Strategy VOLUME_CLIMAX error: 'volume'
2026-07-20 23:33:02,203 - [ERROR] - [GOLD] Strategy VOLUME_CLIMAX error: 'volume'
2026-07-20 23:33:02,947 - [ERROR] - [SILVER] Strategy VOLUME_CLIMAX error: 'volume'
2026-07-20 23:33:03,552 - [ERROR] - [GOLD] Strategy VOLUME_CLIMAX error: 'volume'
2026-07-20 23:33:04,301 - [ERROR] - [SILVER] Strategy VOLUME_CLIMAX error: 'volume'
2026-07-20 23:33:04,900 - [ERROR] - [GOLD] Strategy VOLUME_CLIMAX error: 'volume'
2026-07-20 23:33:05,667 - [ERROR] - [SILVER] Strategy VOLUME_CLIMAX error: 'volume'
2026-07-20 23:33:06,254 - [ERROR] - [GOLD] Strategy VOLUME_CLIMAX error: 'volume'
2026-07-20 23:33:07,015 - [ERROR] - [SILVER] Strategy VOLUME_CLIMAX error: 'volume'
2026-07-20 23:33:07,607 - [ERROR] - [GOLD] Strategy VOLUME_CLIMAX error: 'volume'
2026-07-20 23:33:08,389 - [ERROR] - [SILVER] Strategy VOLUME_CLIMAX error: 'volume'
2026-07-20 23:33:08,956 - [ERROR] - [GOLD] Strategy VOLUME_CLIMAX error: 'volume'
2026-07-20 23:33:09,747 - [ERROR] - [SILVER] Strategy VOLUME_CLIMAX error: 'volume'
2026-07-20 23:33:10,312 - [ERROR] - [GOLD] Strategy VOLUME_CLIMAX error: 'volume'
2026-07-20 23:33:11,298 - [ERROR] - [SILVER] Strategy VOLUME_CLIMAX error: 'volume'
2026-07-20 23:33:11,726 - [ERROR] - [GOLD] Strategy VOLUME_CLIMAX error: 'volume'
2026-07-20 23:33:12,718 - [ERROR] - [SILVER] Strategy VOLUME_CLIMAX error: 'volume'
2026-07-20 23:33:13,096 - [ERROR] - [GOLD] Strategy VOLUME_CLIMAX error: 'volume'
2026-07-20 23:33:14,085 - [ERROR] - [SILVER] Strategy VOLUME_CLIMAX error: 'volume'
2026-07-20 23:33:14,468 - [ERROR] - [GOLD] Strategy VOLUME_CLIMAX error: 'volume'
2026-07-20 23:33:15,451 - [ERROR] - [SILVER] Strategy VOLUME_CLIMAX error: 'volume'
2026-07-20 23:33:15,830 - [ERROR] - [GOLD] Strategy VOLUME_CLIMAX error: 'volume'
2026-07-20 23:33:16,808 - [ERROR] - [SILVER] Strategy VOLUME_CLIMAX error: 'volume'
2026-07-20 23:33:17,179 - [ERROR] - [GOLD] Strategy VOLUME_CLIMAX error: 'volume'
2026-07-20 23:33:18,158 - [ERROR] - [SILVER] Strategy VOLUME_CLIMAX error: 'volume'
2026-07-20 23:33:18,529 - [ERROR] - [GOLD] Strategy VOLUME_CLIMAX error: 'volume'
2026-07-20 23:33:19,516 - [ERROR] - [SILVER] Strategy VOLUME_CLIMAX error: 'volume'
2026-07-20 23:33:19,903 - [ERROR] - [GOLD] Strategy VOLUME_CLIMAX error: 'volume'
2026-07-20 23:33:20,867 - [ERROR] - [SILVER] Strategy VOLUME_CLIMAX error: 'volume'
2026-07-20 23:33:21,247 - [ERROR] - [GOLD] Strategy VOLUME_CLIMAX error: 'volume'
2026-07-20 23:33:22,215 - [ERROR] - [SILVER] Strategy VOLUME_CLIMAX error: 'volume'
2026-07-20 23:33:22,588 - [ERROR] - [GOLD] Strategy VOLUME_CLIMAX error: 'volume'
2026-07-20 23:33:23,553 - [ERROR] - [SILVER] Strategy VOLUME_CLIMAX error: 'volume'
2026-07-20 23:33:23,934 - [ERROR] - [GOLD] Strategy VOLUME_CLIMAX error: 'volume'
2026-07-20 23:33:24,901 - [ERROR] - [SILVER] Strategy VOLUME_CLIMAX error: 'volume'
2026-07-20 23:33:25,281 - [ERROR] - [GOLD] Strategy VOLUME_CLIMAX error: 'volume'
2026-07-20 23:33:26,254 - [ERROR] - [SILVER] Strategy VOLUME_CLIMAX error: 'volume'
2026-07-20 23:33:26,628 - [ERROR] - [GOLD] Strategy VOLUME_CLIMAX error: 'volume'
2026-07-20 23:33:27,598 - [ERROR] - [SILVER] Strategy VOLUME_CLIMAX error: 'volume'
2026-07-20 23:33:27,971 - [ERROR] - [GOLD] Strategy VOLUME_CLIMAX error: 'volume'
2026-07-20 23:33:28,947 - [ERROR] - [SILVER] Strategy VOLUME_CLIMAX error: 'volume'
2026-07-20 23:33:29,314 - [ERROR] - [GOLD] Strategy VOLUME_CLIMAX error: 'volume'
2026-07-20 23:33:30,287 - [ERROR] - [SILVER] Strategy VOLUME_CLIMAX error: 'volume'
2026-07-20 23:33:30,655 - [ERROR] - [GOLD] Strategy VOLUME_CLIMAX error: 'volume'
2026-07-20 23:33:31,637 - [ERROR] - [SILVER] Strategy VOLUME_CLIMAX error: 'volume'
2026-07-20 23:33:32,010 - [ERROR] - [GOLD] Strategy VOLUME_CLIMAX error: 'volume'
2026-07-20 23:33:32,998 - [ERROR] - [SILVER] Strategy VOLUME_CLIMAX error: 'volume'
2026-07-20 23:33:33,365 - [ERROR] - [GOLD] Strategy VOLUME_CLIMAX error: 'volume'
2026-07-20 23:33:34,350 - [ERROR] - [SILVER] Strategy VOLUME_CLIMAX error: 'volume'
2026-07-20 23:33:34,712 - [ERROR] - [GOLD] Strategy VOLUME_CLIMAX error: 'volume'
2026-07-20 23:33:35,704 - [ERROR] - [SILVER] Strategy VOLUME_CLIMAX error: 'volume'
2026-07-20 23:33:36,058 - [ERROR] - [GOLD] Strategy VOLUME_CLIMAX error: 'volume'
2026-07-20 23:33:37,052 - [ERROR] - [SILVER] Strategy VOLUME_CLIMAX error: 'volume'
2026-07-20 23:33:37,402 - [ERROR] - [GOLD] Strategy VOLUME_CLIMAX error: 'volume'
2026-07-20 23:33:38,408 - [ERROR] - [SILVER] Strategy VOLUME_CLIMAX error: 'volume'
2026-07-20 23:33:38,761 - [ERROR] - [GOLD] Strategy VOLUME_CLIMAX error: 'volume'
2026-07-20 23:33:39,761 - [ERROR] - [SILVER] Strategy VOLUME_CLIMAX error: 'volume'
2026-07-20 23:33:40,106 - [ERROR] - [GOLD] Strategy VOLUME_CLIMAX error: 'volume'
2026-07-20 23:33:41,108 - [ERROR] - [SILVER] Strategy VOLUME_CLIMAX error: 'volume'
2026-07-20 23:33:41,467 - [ERROR] - [GOLD] Strategy VOLUME_CLIMAX error: 'volume'
2026-07-20 23:33:42,454 - [ERROR] - [SILVER] Strategy VOLUME_CLIMAX error: 'volume'
2026-07-20 23:33:42,819 - [ERROR] - [GOLD] Strategy VOLUME_CLIMAX error: 'volume'
2026-07-20 23:33:43,804 - [ERROR] - [SILVER] Strategy VOLUME_CLIMAX error: 'volume'
2026-07-20 23:33:44,167 - [ERROR] - [GOLD] Strategy VOLUME_CLIMAX error: 'volume'
2026-07-20 23:33:45,154 - [ERROR] - [SILVER] Strategy VOLUME_CLIMAX error: 'volume'
2026-07-20 23:33:45,547 - [ERROR] - [GOLD] Strategy VOLUME_CLIMAX error: 'volume'
2026-07-20 23:33:46,504 - [ERROR] - [SILVER] Strategy VOLUME_CLIMAX error: 'volume'
2026-07-20 23:33:46,906 - [ERROR] - [GOLD] Strategy VOLUME_CLIMAX error: 'volume'
2026-07-20 23:33:47,858 - [ERROR] - [SILVER] Strategy VOLUME_CLIMAX error: 'volume'
2026-07-20 23:33:48,262 - [ERROR] - [GOLD] Strategy VOLUME_CLIMAX error: 'volume'
2026-07-20 23:33:49,206 - [ERROR] - [SILVER] Strategy VOLUME_CLIMAX error: 'volume'
2026-07-20 23:33:49,644 - [ERROR] - [GOLD] Strategy VOLUME_CLIMAX error: 'volume'
2026-07-20 23:33:50,558 - [ERROR] - [SILVER] Strategy VOLUME_CLIMAX error: 'volume'
2026-07-20 23:33:50,996 - [ERROR] - [GOLD] Strategy VOLUME_CLIMAX error: 'volume'
2026-07-20 23:33:51,911 - [ERROR] - [SILVER] Strategy VOLUME_CLIMAX error: 'volume'
2026-07-20 23:33:52,350 - [ERROR] - [GOLD] Strategy VOLUME_CLIMAX error: 'volume'
2026-07-20 23:33:53,263 - [ERROR] - [SILVER] Strategy VOLUME_CLIMAX error: 'volume'
2026-07-20 23:33:53,701 - [ERROR] - [GOLD] Strategy VOLUME_CLIMAX error: 'volume'
2026-07-20 23:33:54,612 - [ERROR] - [SILVER] Strategy VOLUME_CLIMAX error: 'volume'
2026-07-20 23:33:55,055 - [ERROR] - [GOLD] Strategy VOLUME_CLIMAX error: 'volume'
2026-07-20 23:33:55,964 - [ERROR] - [SILVER] Strategy VOLUME_CLIMAX error: 'volume'
2026-07-20 23:33:56,400 - [ERROR] - [GOLD] Strategy VOLUME_CLIMAX error: 'volume'
2026-07-20 23:33:57,319 - [ERROR] - [SILVER] Strategy VOLUME_CLIMAX error: 'volume'
2026-07-20 23:33:57,745 - [ERROR] - [GOLD] Strategy VOLUME_CLIMAX error: 'volume'
2026-07-20 23:33:58,671 - [ERROR] - [SILVER] Strategy VOLUME_CLIMAX error: 'volume'
2026-07-20 23:33:59,097 - [ERROR] - [GOLD] Strategy VOLUME_CLIMAX error: 'volume'
2026-07-20 23:34:00,025 - [ERROR] - [SILVER] Strategy VOLUME_CLIMAX error: 'volume'
2026-07-20 23:34:00,445 - [ERROR] - [GOLD] Strategy VOLUME_CLIMAX error: 'volume'
2026-07-20 23:34:01,377 - [ERROR] - [SILVER] Strategy VOLUME_CLIMAX error: 'volume'
2026-07-20 23:34:01,793 - [ERROR] - [GOLD] Strategy VOLUME_CLIMAX error: 'volume'
2026-07-20 23:34:02,738 - [ERROR] - [SILVER] Strategy VOLUME_CLIMAX error: 'volume'
2026-07-20 23:34:03,156 - [ERROR] - [GOLD] Strategy VOLUME_CLIMAX error: 'volume'
2026-07-20 23:34:04,096 - [ERROR] - [SILVER] Strategy VOLUME_CLIMAX error: 'volume'
2026-07-20 23:34:04,499 - [ERROR] - [GOLD] Strategy VOLUME_CLIMAX error: 'volume'
2026-07-20 23:34:05,455 - [ERROR] - [SILVER] Strategy VOLUME_CLIMAX error: 'volume'
2026-07-20 23:34:05,854 - [ERROR] - [GOLD] Strategy VOLUME_CLIMAX error: 'volume'
2026-07-20 23:34:06,807 - [ERROR] - [SILVER] Strategy VOLUME_CLIMAX error: 'volume'
2026-07-20 23:34:07,214 - [ERROR] - [GOLD] Strategy VOLUME_CLIMAX error: 'volume'
2026-07-20 23:34:08,156 - [ERROR] - [SILVER] Strategy VOLUME_CLIMAX error: 'volume'
2026-07-20 23:34:08,560 - [ERROR] - [GOLD] Strategy VOLUME_CLIMAX error: 'volume'
2026-07-20 23:34:09,506 - [ERROR] - [SILVER] Strategy VOLUME_CLIMAX error: 'volume'
2026-07-20 23:34:09,905 - [ERROR] - [GOLD] Strategy VOLUME_CLIMAX error: 'volume'
2026-07-20 23:34:10,849 - [ERROR] - [SILVER] Strategy VOLUME_CLIMAX error: 'volume'
2026-07-20 23:34:11,250 - [ERROR] - [GOLD] Strategy VOLUME_CLIMAX error: 'volume'
2026-07-20 23:34:12,195 - [ERROR] - [SILVER] Strategy VOLUME_CLIMAX error: 'volume'
2026-07-20 23:34:12,594 - [ERROR] - [GOLD] Strategy VOLUME_CLIMAX error: 'volume'
2026-07-20 23:34:13,543 - [ERROR] - [SILVER] Strategy VOLUME_CLIMAX error: 'volume'
2026-07-20 23:34:13,933 - [ERROR] - [GOLD] Strategy VOLUME_CLIMAX error: 'volume'
2026-07-20 23:34:14,888 - [ERROR] - [SILVER] Strategy VOLUME_CLIMAX error: 'volume'
2026-07-20 23:34:15,278 - [ERROR] - [GOLD] Strategy VOLUME_CLIMAX error: 'volume'
2026-07-20 23:34:16,234 - [ERROR] - [SILVER] Strategy VOLUME_CLIMAX error: 'volume'
2026-07-20 23:34:16,622 - [ERROR] - [GOLD] Strategy VOLUME_CLIMAX error: 'volume'
2026-07-20 23:34:17,580 - [ERROR] - [SILVER] Strategy VOLUME_CLIMAX error: 'volume'
2026-07-20 23:34:17,963 - [ERROR] - [GOLD] Strategy VOLUME_CLIMAX error: 'volume'
2026-07-20 23:34:18,932 - [ERROR] - [SILVER] Strategy VOLUME_CLIMAX error: 'volume'
2026-07-20 23:34:19,323 - [ERROR] - [GOLD] Strategy VOLUME_CLIMAX error: 'volume'
2026-07-20 23:34:20,281 - [ERROR] - [SILVER] Strategy VOLUME_CLIMAX error: 'volume'
2026-07-20 23:34:20,673 - [ERROR] - [GOLD] Strategy VOLUME_CLIMAX error: 'volume'
2026-07-20 23:34:21,629 - [ERROR] - [SILVER] Strategy VOLUME_CLIMAX error: 'volume'
2026-07-20 23:34:22,029 - [ERROR] - [GOLD] Strategy VOLUME_CLIMAX error: 'volume'
2026-07-20 23:34:22,977 - [ERROR] - [SILVER] Strategy VOLUME_CLIMAX error: 'volume'
2026-07-20 23:34:23,385 - [ERROR] - [GOLD] Strategy VOLUME_CLIMAX error: 'volume'
2026-07-20 23:34:24,331 - [ERROR] - [SILVER] Strategy VOLUME_CLIMAX error: 'volume'
2026-07-20 23:34:24,734 - [ERROR] - [GOLD] Strategy VOLUME_CLIMAX error: 'volume'
2026-07-20 23:34:25,684 - [ERROR] - [SILVER] Strategy VOLUME_CLIMAX error: 'volume'
2026-07-20 23:34:26,091 - [ERROR] - [GOLD] Strategy VOLUME_CLIMAX error: 'volume'
2026-07-20 23:34:27,037 - [ERROR] - [SILVER] Strategy VOLUME_CLIMAX error: 'volume'
2026-07-20 23:34:27,440 - [ERROR] - [GOLD] Strategy VOLUME_CLIMAX error: 'volume'
2026-07-20 23:34:28,399 - [ERROR] - [SILVER] Strategy VOLUME_CLIMAX error: 'volume'
2026-07-20 23:34:28,790 - [ERROR] - [GOLD] Strategy VOLUME_CLIMAX error: 'volume'
2026-07-20 23:34:29,755 - [ERROR] - [SILVER] Strategy VOLUME_CLIMAX error: 'volume'
2026-07-20 23:34:30,148 - [ERROR] - [GOLD] Strategy VOLUME_CLIMAX error: 'volume'
2026-07-20 23:34:31,110 - [ERROR] - [SILVER] Strategy VOLUME_CLIMAX error: 'volume'
2026-07-20 23:34:31,507 - [ERROR] - [GOLD] Strategy VOLUME_CLIMAX error: 'volume'
2026-07-20 23:34:32,463 - [ERROR] - [SILVER] Strategy VOLUME_CLIMAX error: 'volume'
2026-07-20 23:34:32,857 - [ERROR] - [GOLD] Strategy VOLUME_CLIMAX error: 'volume'
2026-07-20 23:34:33,813 - [ERROR] - [SILVER] Strategy VOLUME_CLIMAX error: 'volume'
2026-07-20 23:34:34,207 - [ERROR] - [GOLD] Strategy VOLUME_CLIMAX error: 'volume'
2026-07-20 23:34:35,168 - [ERROR] - [SILVER] Strategy VOLUME_CLIMAX error: 'volume'
2026-07-20 23:34:35,556 - [ERROR] - [GOLD] Strategy VOLUME_CLIMAX error: 'volume'
2026-07-20 23:34:36,519 - [ERROR] - [SILVER] Strategy VOLUME_CLIMAX error: 'volume'
2026-07-20 23:34:36,906 - [ERROR] - [GOLD] Strategy VOLUME_CLIMAX error: 'volume'
2026-07-20 23:34:37,870 - [ERROR] - [SILVER] Strategy VOLUME_CLIMAX error: 'volume'
2026-07-20 23:34:38,263 - [ERROR] - [GOLD] Strategy VOLUME_CLIMAX error: 'volume'
2026-07-20 23:34:39,223 - [ERROR] - [SILVER] Strategy VOLUME_CLIMAX error: 'volume'
2026-07-20 23:34:39,621 - [ERROR] - [GOLD] Strategy VOLUME_CLIMAX error: 'volume'
2026-07-20 23:34:40,577 - [ERROR] - [SILVER] Strategy VOLUME_CLIMAX error: 'volume'
2026-07-20 23:34:40,970 - [ERROR] - [GOLD] Strategy VOLUME_CLIMAX error: 'volume'
2026-07-20 23:34:41,928 - [ERROR] - [SILVER] Strategy VOLUME_CLIMAX error: 'volume'
2026-07-20 23:34:42,324 - [ERROR] - [GOLD] Strategy VOLUME_CLIMAX error: 'volume'
2026-07-20 23:34:43,281 - [ERROR] - [SILVER] Strategy VOLUME_CLIMAX error: 'volume'
2026-07-20 23:34:43,674 - [ERROR] - [GOLD] Strategy VOLUME_CLIMAX error: 'volume'
2026-07-20 23:34:44,633 - [ERROR] - [SILVER] Strategy VOLUME_CLIMAX error: 'volume'
2026-07-20 23:34:45,024 - [ERROR] - [GOLD] Strategy VOLUME_CLIMAX error: 'volume'
2026-07-20 23:34:45,980 - [ERROR] - [SILVER] Strategy VOLUME_CLIMAX error: 'volume'
2026-07-20 23:34:46,380 - [ERROR] - [GOLD] Strategy VOLUME_CLIMAX error: 'volume'
2026-07-20 23:34:47,332 - [ERROR] - [SILVER] Strategy VOLUME_CLIMAX error: 'volume'
2026-07-20 23:34:47,729 - [ERROR] - [GOLD] Strategy VOLUME_CLIMAX error: 'volume'
2026-07-20 23:34:48,685 - [ERROR] - [SILVER] Strategy VOLUME_CLIMAX error: 'volume'
2026-07-20 23:34:49,077 - [ERROR] - [GOLD] Strategy VOLUME_CLIMAX error: 'volume'
2026-07-20 23:34:50,030 - [ERROR] - [SILVER] Strategy VOLUME_CLIMAX error: 'volume'
2026-07-20 23:34:50,438 - [ERROR] - [GOLD] Strategy VOLUME_CLIMAX error: 'volume'
2026-07-20 23:34:51,377 - [ERROR] - [SILVER] Strategy VOLUME_CLIMAX error: 'volume'
2026-07-20 23:34:51,846 - [ERROR] - [GOLD] Strategy VOLUME_CLIMAX error: 'volume'
2026-07-20 23:34:52,719 - [ERROR] - [SILVER] Strategy VOLUME_CLIMAX error: 'volume'
2026-07-20 23:34:53,190 - [ERROR] - [GOLD] Strategy VOLUME_CLIMAX error: 'volume'
2026-07-20 23:34:54,077 - [ERROR] - [SILVER] Strategy VOLUME_CLIMAX error: 'volume'
2026-07-20 23:34:54,531 - [ERROR] - [GOLD] Strategy VOLUME_CLIMAX error: 'volume'
2026-07-20 23:34:55,429 - [ERROR] - [SILVER] Strategy VOLUME_CLIMAX error: 'volume'
2026-07-20 23:34:55,876 - [ERROR] - [GOLD] Strategy VOLUME_CLIMAX error: 'volume'
2026-07-20 23:34:56,779 - [ERROR] - [SILVER] Strategy VOLUME_CLIMAX error: 'volume'
2026-07-20 23:34:57,228 - [ERROR] - [GOLD] Strategy VOLUME_CLIMAX error: 'volume'
2026-07-20 23:34:58,126 - [ERROR] - [SILVER] Strategy VOLUME_CLIMAX error: 'volume'
2026-07-20 23:34:58,575 - [ERROR] - [GOLD] Strategy VOLUME_CLIMAX error: 'volume'
2026-07-20 23:34:59,473 - [ERROR] - [SILVER] Strategy VOLUME_CLIMAX error: 'volume'
2026-07-20 23:34:59,911 - [WARNING] - [GOLD] \U0001f6a8 Spread Protection: Live Spread (53) > Max Allowable (40). Trade Aborted.
2026-07-20 23:35:00,821 - [ERROR] - [SILVER] Strategy VOLUME_CLIMAX error: 'volume'
2026-07-20 23:35:02,195 - [ERROR] - [SILVER] Strategy VOLUME_CLIMAX error: 'volume'
2026-07-20 23:35:03,549 - [ERROR] - [SILVER] Strategy VOLUME_CLIMAX error: 'volume'
2026-07-20 23:35:04,953 - [ERROR] - [SILVER] Strategy VOLUME_CLIMAX error: 'volume'
2026-07-20 23:35:06,311 - [ERROR] - [SILVER] Strategy VOLUME_CLIMAX error: 'volume'
2026-07-20 23:35:07,659 - [ERROR] - [SILVER] Strategy VOLUME_CLIMAX error: 'volume'
2026-07-20 23:35:09,008 - [ERROR] - [SILVER] Strategy VOLUME_CLIMAX error: 'volume'
2026-07-20 23:35:10,367 - [ERROR] - [SILVER] Strategy VOLUME_CLIMAX error: 'volume'
2026-07-20 23:35:11,717 - [ERROR] - [SILVER] Strategy VOLUME_CLIMAX error: 'volume'
2026-07-20 23:35:13,068 - [ERROR] - [SILVER] Strategy VOLUME_CLIMAX error: 'volume'
2026-07-20 23:35:14,429 - [ERROR] - [SILVER] Strategy VOLUME_CLIMAX error: 'volume'
2026-07-20 23:35:15,781 - [ERROR] - [SILVER] Strategy VOLUME_CLIMAX error: 'volume'
2026-07-20 23:35:17,132 - [ERROR] - [SILVER] Strategy VOLUME_CLIMAX error: 'volume'
2026-07-20 23:35:18,504 - [ERROR] - [SILVER] Strategy VOLUME_CLIMAX error: 'volume'
2026-07-20 23:35:19,859 - [ERROR] - [SILVER] Strategy VOLUME_CLIMAX error: 'volume'
2026-07-20 23:35:21,209 - [ERROR] - [SILVER] Strategy VOLUME_CLIMAX error: 'volume'
2026-07-20 23:35:22,579 - [ERROR] - [SILVER] Strategy VOLUME_CLIMAX error: 'volume'
2026-07-20 23:35:23,926 - [ERROR] - [SILVER] Strategy VOLUME_CLIMAX error: 'volume'
2026-07-20 23:35:25,265 - [ERROR] - [SILVER] Strategy VOLUME_CLIMAX error: 'volume'
2026-07-20 23:35:26,626 - [ERROR] - [SILVER] Strategy VOLUME_CLIMAX error: 'volume'
2026-07-20 23:35:27,976 - [ERROR] - [SILVER] Strategy VOLUME_CLIMAX error: 'volume'
2026-07-20 23:35:29,320 - [ERROR] - [SILVER] Strategy VOLUME_CLIMAX error: 'volume'
2026-07-20 23:35:30,680 - [ERROR] - [SILVER] Strategy VOLUME_CLIMAX error: 'volume'
2026-07-20 23:35:32,037 - [ERROR] - [SILVER] Strategy VOLUME_CLIMAX error: 'volume'
2026-07-20 23:35:33,388 - [ERROR] - [SILVER] Strategy VOLUME_CLIMAX error: 'volume'
2026-07-20 23:35:34,750 - [ERROR] - [SILVER] Strategy VOLUME_CLIMAX error: 'volume'
2026-07-20 23:35:36,092 - [ERROR] - [SILVER] Strategy VOLUME_CLIMAX error: 'volume'
2026-07-20 23:35:37,439 - [ERROR] - [SILVER] Strategy VOLUME_CLIMAX error: 'volume'
2026-07-20 23:35:38,796 - [ERROR] - [SILVER] Strategy VOLUME_CLIMAX error: 'volume'
2026-07-20 23:35:40,146 - [ERROR] - [SILVER] Strategy VOLUME_CLIMAX error: 'volume'
2026-07-20 23:35:41,494 - [ERROR] - [SILVER] Strategy VOLUME_CLIMAX error: 'volume'
2026-07-20 23:35:42,854 - [ERROR] - [SILVER] Strategy VOLUME_CLIMAX error: 'volume'
2026-07-20 23:35:44,202 - [ERROR] - [SILVER] Strategy VOLUME_CLIMAX error: 'volume'
2026-07-20 23:35:45,552 - [ERROR] - [SILVER] Strategy VOLUME_CLIMAX error: 'volume'
2026-07-20 23:35:46,911 - [ERROR] - [SILVER] Strategy VOLUME_CLIMAX error: 'volume'
2026-07-20 23:35:48,260 - [ERROR] - [SILVER] Strategy VOLUME_CLIMAX error: 'volume'
2026-07-20 23:35:49,651 - [ERROR] - [SILVER] Strategy VOLUME_CLIMAX error: 'volume'
2026-07-20 23:35:51,011 - [ERROR] - [SILVER] Strategy VOLUME_CLIMAX error: 'volume'
2026-07-20 23:35:52,362 - [ERROR] - [SILVER] Strategy VOLUME_CLIMAX error: 'volume'
2026-07-20 23:35:53,713 - [ERROR] - [SILVER] Strategy VOLUME_CLIMAX error: 'volume'
2026-07-20 23:35:55,072 - [ERROR] - [SILVER] Strategy VOLUME_CLIMAX error: 'volume'
2026-07-20 23:35:56,422 - [ERROR] - [SILVER] Strategy VOLUME_CLIMAX error: 'volume'
2026-07-20 23:35:57,777 - [ERROR] - [SILVER] Strategy VOLUME_CLIMAX error: 'volume'
2026-07-20 23:35:59,141 - [ERROR] - [SILVER] Strategy VOLUME_CLIMAX error: 'volume'
2026-07-20 23:36:00,499 - [ERROR] - [SILVER] Strategy VOLUME_CLIMAX error: 'volume'
2026-07-20 23:36:01,858 - [ERROR] - [SILVER] Strategy VOLUME_CLIMAX error: 'volume'
2026-07-20 23:36:03,227 - [ERROR] - [SILVER] Strategy VOLUME_CLIMAX error: 'volume'
2026-07-20 23:36:04,582 - [ERROR] - [SILVER] Strategy VOLUME_CLIMAX error: 'volume'
2026-07-20 23:36:05,938 - [ERROR] - [SILVER] Strategy VOLUME_CLIMAX error: 'volume'
2026-07-20 23:36:07,305 - [ERROR] - [SILVER] Strategy VOLUME_CLIMAX error: 'volume'
2026-07-20 23:36:08,664 - [ERROR] - [SILVER] Strategy VOLUME_CLIMAX error: 'volume'
2026-07-20 23:36:10,010 - [ERROR] - [SILVER] Strategy VOLUME_CLIMAX error: 'volume'
2026-07-20 23:36:11,359 - [ERROR] - [SILVER] Strategy VOLUME_CLIMAX error: 'volume'
2026-07-20 23:36:12,707 - [ERROR] - [SILVER] Strategy VOLUME_CLIMAX error: 'volume'
2026-07-20 23:36:14,057 - [ERROR] - [SILVER] Strategy VOLUME_CLIMAX error: 'volume'
2026-07-20 23:36:15,409 - [ERROR] - [SILVER] Strategy VOLUME_CLIMAX error: 'volume'
2026-07-20 23:36:16,757 - [ERROR] - [SILVER] Strategy VOLUME_CLIMAX error: 'volume'
2026-07-20 23:36:18,097 - [ERROR] - [SILVER] Strategy VOLUME_CLIMAX error: 'volume'
2026-07-20 23:36:19,447 - [ERROR] - [SILVER] Strategy VOLUME_CLIMAX error: 'volume'
2026-07-20 23:36:20,802 - [ERROR] - [SILVER] Strategy VOLUME_CLIMAX error: 'volume'
2026-07-20 23:36:22,145 - [ERROR] - [SILVER] Strategy VOLUME_CLIMAX error: 'volume'
2026-07-20 23:36:23,502 - [ERROR] - [SILVER] Strategy VOLUME_CLIMAX error: 'volume'
2026-07-20 23:36:24,854 - [ERROR] - [SILVER] Strategy VOLUME_CLIMAX error: 'volume'
2026-07-20 23:36:26,203 - [ERROR] - [SILVER] Strategy VOLUME_CLIMAX error: 'volume'
2026-07-20 23:36:27,564 - [ERROR] - [SILVER] Strategy VOLUME_CLIMAX error: 'volume'
2026-07-20 23:36:28,913 - [ERROR] - [SILVER] Strategy VOLUME_CLIMAX error: 'volume'
2026-07-20 23:36:30,268 - [ERROR] - [SILVER] Strategy VOLUME_CLIMAX error: 'volume'
2026-07-20 23:36:31,628 - [ERROR] - [SILVER] Strategy VOLUME_CLIMAX error: 'volume'
2026-07-20 23:36:32,980 - [ERROR] - [SILVER] Strategy VOLUME_CLIMAX error: 'volume'
2026-07-20 23:36:34,329 - [ERROR] - [SILVER] Strategy VOLUME_CLIMAX error: 'volume'
2026-07-20 23:36:35,688 - [ERROR] - [SILVER] Strategy VOLUME_CLIMAX error: 'volume'
2026-07-20 23:36:37,025 - [WARNING] - [SILVER] \U0001f6a8 Spread Protection: Live Spread (73) > Max Allowable (40). Trade Aborted.
2026-07-20 23:37:00,849 - [WARNING] - [GOLD] \U0001f6a8 Spread Protection: Live Spread (52) > Max Allowable (40). Trade Aborted.
2026-07-20 23:38:38,076 - [ERROR] - [SILVER] Strategy VOLUME_CLIMAX error: 'volume'
2026-07-20 23:38:39,428 - [ERROR] - [SILVER] Strategy VOLUME_CLIMAX error: 'volume'
2026-07-20 23:38:40,787 - [ERROR] - [SILVER] Strategy VOLUME_CLIMAX error: 'volume'
2026-07-20 23:38:42,135 - [ERROR] - [SILVER] Strategy VOLUME_CLIMAX error: 'volume'
2026-07-20 23:38:43,490 - [ERROR] - [SILVER] Strategy VOLUME_CLIMAX error: 'volume'
2026-07-20 23:38:44,857 - [ERROR] - [SILVER] Strategy VOLUME_CLIMAX error: 'volume'
2026-07-20 23:38:46,207 - [ERROR] - [SILVER] Strategy VOLUME_CLIMAX error: 'volume'
2026-07-20 23:38:47,561 - [ERROR] - [SILVER] Strategy VOLUME_CLIMAX error: 'volume'
2026-07-20 23:38:48,921 - [ERROR] - [SILVER] Strategy VOLUME_CLIMAX error: 'volume'
2026-07-20 23:38:50,273 - [ERROR] - [SILVER] Strategy VOLUME_CLIMAX error: 'volume'
2026-07-20 23:38:51,621 - [ERROR] - [SILVER] Strategy VOLUME_CLIMAX error: 'volume'
2026-07-20 23:38:52,977 - [ERROR] - [SILVER] Strategy VOLUME_CLIMAX error: 'volume'
2026-07-20 23:38:54,324 - [ERROR] - [SILVER] Strategy VOLUME_CLIMAX error: 'volume'
2026-07-20 23:38:55,669 - [ERROR] - [SILVER] Strategy VOLUME_CLIMAX error: 'volume'
2026-07-20 23:38:57,026 - [ERROR] - [SILVER] Strategy VOLUME_CLIMAX error: 'volume'
2026-07-20 23:38:58,372 - [ERROR] - [SILVER] Strategy VOLUME_CLIMAX error: 'volume'
2026-07-20 23:38:59,716 - [ERROR] - [SILVER] Strategy VOLUME_CLIMAX error: 'volume'
2026-07-20 23:39:01,107 - [ERROR] - [SILVER] Strategy VOLUME_CLIMAX error: 'volume'
2026-07-20 23:39:01,238 - [ERROR] - [GOLD] Strategy VOLUME_CLIMAX error: 'volume'
2026-07-20 23:39:02,751 - [ERROR] - [SILVER] Strategy VOLUME_CLIMAX error: 'volume'
2026-07-20 23:39:02,952 - [ERROR] - [GOLD] Strategy VOLUME_CLIMAX error: 'volume'
2026-07-20 23:39:04,390 - [ERROR] - [SILVER] Strategy VOLUME_CLIMAX error: 'volume'
2026-07-20 23:39:04,629 - [ERROR] - [GOLD] Strategy VOLUME_CLIMAX error: 'volume'
2026-07-20 23:39:05,964 - [WARNING] - [SILVER] \U0001f6a8 Spread Protection: Live Spread (68) > Max Allowable (40). Trade Aborted.
2026-07-20 23:39:06,119 - [ERROR] - [GOLD] Strategy VOLUME_CLIMAX error: 'volume'
2026-07-20 23:39:07,475 - [ERROR] - [GOLD] Strategy VOLUME_CLIMAX error: 'volume'
2026-07-20 23:39:08,835 - [ERROR] - [GOLD] Strategy VOLUME_CLIMAX error: 'volume'
2026-07-20 23:39:10,198 - [ERROR] - [GOLD] Strategy VOLUME_CLIMAX error: 'volume'
2026-07-20 23:39:11,554 - [ERROR] - [GOLD] Strategy VOLUME_CLIMAX error: 'volume'
2026-07-20 23:39:12,905 - [ERROR] - [GOLD] Strategy VOLUME_CLIMAX error: 'volume'
2026-07-20 23:39:14,262 - [ERROR] - [GOLD] Strategy VOLUME_CLIMAX error: 'volume'
2026-07-20 23:39:15,610 - [ERROR] - [GOLD] Strategy VOLUME_CLIMAX error: 'volume'
2026-07-20 23:39:16,960 - [ERROR] - [GOLD] Strategy VOLUME_CLIMAX error: 'volume'
2026-07-20 23:39:18,315 - [ERROR] - [GOLD] Strategy VOLUME_CLIMAX error: 'volume'
2026-07-20 23:39:19,681 - [ERROR] - [GOLD] Strategy VOLUME_CLIMAX error: 'volume'
2026-07-20 23:39:21,031 - [ERROR] - [GOLD] Strategy VOLUME_CLIMAX error: 'volume'
2026-07-20 23:39:22,390 - [ERROR] - [GOLD] Strategy VOLUME_CLIMAX error: 'volume'
2026-07-20 23:39:23,742 - [ERROR] - [GOLD] Strategy VOLUME_CLIMAX error: 'volume'
2026-07-20 23:39:25,091 - [ERROR] - [GOLD] Strategy VOLUME_CLIMAX error: 'volume'
2026-07-20 23:39:26,453 - [ERROR] - [GOLD] Strategy VOLUME_CLIMAX error: 'volume'
2026-07-20 23:39:27,812 - [ERROR] - [GOLD] Strategy VOLUME_CLIMAX error: 'volume'
2026-07-20 23:39:29,158 - [ERROR] - [GOLD] Strategy VOLUME_CLIMAX error: 'volume'
2026-07-20 23:39:30,512 - [ERROR] - [GOLD] Strategy VOLUME_CLIMAX error: 'volume'
2026-07-20 23:39:31,857 - [ERROR] - [GOLD] Strategy VOLUME_CLIMAX error: 'volume'
2026-07-20 23:39:33,198 - [ERROR] - [GOLD] Strategy VOLUME_CLIMAX error: 'volume'
2026-07-20 23:39:34,557 - [ERROR] - [GOLD] Strategy VOLUME_CLIMAX error: 'volume'
2026-07-20 23:39:35,902 - [ERROR] - [GOLD] Strategy VOLUME_CLIMAX error: 'volume'
2026-07-20 23:39:37,245 - [ERROR] - [GOLD] Strategy VOLUME_CLIMAX error: 'volume'
2026-07-20 23:39:38,599 - [ERROR] - [GOLD] Strategy VOLUME_CLIMAX error: 'volume'
2026-07-20 23:39:39,950 - [ERROR] - [GOLD] Strategy VOLUME_CLIMAX error: 'volume'
2026-07-20 23:39:41,294 - [ERROR] - [GOLD] Strategy VOLUME_CLIMAX error: 'volume'
2026-07-20 23:39:42,652 - [ERROR] - [GOLD] Strategy VOLUME_CLIMAX error: 'volume'
2026-07-20 23:39:43,997 - [ERROR] - [GOLD] Strategy VOLUME_CLIMAX error: 'volume'
2026-07-20 23:39:45,343 - [ERROR] - [GOLD] Strategy VOLUME_CLIMAX error: 'volume'
2026-07-20 23:39:46,704 - [ERROR] - [GOLD] Strategy VOLUME_CLIMAX error: 'volume'
2026-07-20 23:39:48,050 - [ERROR] - [GOLD] Strategy VOLUME_CLIMAX error: 'volume'
2026-07-20 23:39:49,403 - [ERROR] - [GOLD] Strategy VOLUME_CLIMAX error: 'volume'
2026-07-20 23:39:50,763 - [ERROR] - [GOLD] Strategy VOLUME_CLIMAX error: 'volume'
2026-07-20 23:39:52,111 - [ERROR] - [GOLD] Strategy VOLUME_CLIMAX error: 'volume'
2026-07-20 23:39:53,460 - [ERROR] - [GOLD] Strategy VOLUME_CLIMAX error: 'volume'
2026-07-20 23:39:54,820 - [ERROR] - [GOLD] Strategy VOLUME_CLIMAX error: 'volume'
2026-07-20 23:39:56,171 - [ERROR] - [GOLD] Strategy VOLUME_CLIMAX error: 'volume'
2026-07-20 23:39:57,520 - [ERROR] - [GOLD] Strategy VOLUME_CLIMAX error: 'volume'
2026-07-20 23:39:58,882 - [ERROR] - [GOLD] Strategy VOLUME_CLIMAX error: 'volume'
2026-07-20 23:40:00,250 - [ERROR] - [GOLD] Strategy VOLUME_CLIMAX error: 'volume'
2026-07-20 23:40:01,609 - [ERROR] - [GOLD] Strategy VOLUME_CLIMAX error: 'volume'
2026-07-20 23:40:02,971 - [ERROR] - [GOLD] Strategy VOLUME_CLIMAX error: 'volume'
2026-07-20 23:40:04,323 - [ERROR] - [GOLD] Strategy VOLUME_CLIMAX error: 'volume'
2026-07-20 23:40:05,692 - [ERROR] - [GOLD] Strategy VOLUME_CLIMAX error: 'volume'
2026-07-20 23:40:07,045 - [ERROR] - [GOLD] Strategy VOLUME_CLIMAX error: 'volume'
2026-07-20 23:40:08,391 - [ERROR] - [GOLD] Strategy VOLUME_CLIMAX error: 'volume'
2026-07-20 23:40:09,749 - [ERROR] - [GOLD] Strategy VOLUME_CLIMAX error: 'volume'
2026-07-20 23:40:11,101 - [ERROR] - [GOLD] Strategy VOLUME_CLIMAX error: 'volume'
2026-07-20 23:40:12,447 - [ERROR] - [GOLD] Strategy VOLUME_CLIMAX error: 'volume'
2026-07-20 23:40:13,792 - [ERROR] - [GOLD] Strategy VOLUME_CLIMAX error: 'volume'
2026-07-20 23:40:15,148 - [ERROR] - [GOLD] Strategy VOLUME_CLIMAX error: 'volume'
2026-07-20 23:40:16,503 - [ERROR] - [GOLD] Strategy VOLUME_CLIMAX error: 'volume'
2026-07-20 23:40:17,856 - [ERROR] - [GOLD] Strategy VOLUME_CLIMAX error: 'volume'
2026-07-20 23:40:19,208 - [ERROR] - [GOLD] Strategy VOLUME_CLIMAX error: 'volume'
2026-07-20 23:40:20,552 - [ERROR] - [GOLD] Strategy VOLUME_CLIMAX error: 'volume'
2026-07-20 23:40:21,909 - [ERROR] - [GOLD] Strategy VOLUME_CLIMAX error: 'volume'
2026-07-20 23:40:23,271 - [ERROR] - [GOLD] Strategy VOLUME_CLIMAX error: 'volume'
2026-07-20 23:40:24,617 - [ERROR] - [GOLD] Strategy VOLUME_CLIMAX error: 'volume'
2026-07-20 23:40:25,975 - [ERROR] - [GOLD] Strategy VOLUME_CLIMAX error: 'volume'
2026-07-20 23:40:27,384 - [ERROR] - [GOLD] Strategy VOLUME_CLIMAX error: 'volume'
2026-07-20 23:40:28,732 - [ERROR] - [GOLD] Strategy VOLUME_CLIMAX error: 'volume'
2026-07-20 23:40:30,084 - [ERROR] - [GOLD] Strategy VOLUME_CLIMAX error: 'volume'
2026-07-20 23:40:31,443 - [ERROR] - [GOLD] Strategy VOLUME_CLIMAX error: 'volume'
2026-07-20 23:40:32,791 - [ERROR] - [GOLD] Strategy VOLUME_CLIMAX error: 'volume'
2026-07-20 23:40:34,139 - [ERROR] - [GOLD] Strategy VOLUME_CLIMAX error: 'volume'
2026-07-20 23:40:35,501 - [ERROR] - [GOLD] Strategy VOLUME_CLIMAX error: 'volume'
2026-07-20 23:40:36,848 - [ERROR] - [GOLD] Strategy VOLUME_CLIMAX error: 'volume'
2026-07-20 23:40:38,187 - [ERROR] - [GOLD] Strategy VOLUME_CLIMAX error: 'volume'
2026-07-20 23:40:39,541 - [ERROR] - [GOLD] Strategy VOLUME_CLIMAX error: 'volume'
2026-07-20 23:40:40,889 - [ERROR] - [GOLD] Strategy VOLUME_CLIMAX error: 'volume'
2026-07-20 23:40:42,236 - [ERROR] - [GOLD] Strategy VOLUME_CLIMAX error: 'volume'
2026-07-20 23:40:43,587 - [ERROR] - [GOLD] Strategy VOLUME_CLIMAX error: 'volume'
2026-07-20 23:40:44,933 - [ERROR] - [GOLD] Strategy VOLUME_CLIMAX error: 'volume'
2026-07-20 23:40:46,273 - [ERROR] - [GOLD] Strategy VOLUME_CLIMAX error: 'volume'
2026-07-20 23:40:47,628 - [ERROR] - [GOLD] Strategy VOLUME_CLIMAX error: 'volume'
2026-07-20 23:40:48,975 - [ERROR] - [GOLD] Strategy VOLUME_CLIMAX error: 'volume'
2026-07-20 23:40:50,316 - [ERROR] - [GOLD] Strategy VOLUME_CLIMAX error: 'volume'
2026-07-20 23:40:51,667 - [ERROR] - [GOLD] Strategy VOLUME_CLIMAX error: 'volume'
2026-07-20 23:40:53,023 - [ERROR] - [GOLD] Strategy VOLUME_CLIMAX error: 'volume'
2026-07-20 23:40:54,377 - [ERROR] - [GOLD] Strategy VOLUME_CLIMAX error: 'volume'
2026-07-20 23:40:55,736 - [ERROR] - [GOLD] Strategy VOLUME_CLIMAX error: 'volume'
2026-07-20 23:40:57,089 - [ERROR] - [GOLD] Strategy VOLUME_CLIMAX error: 'volume'
2026-07-20 23:40:58,436 - [ERROR] - [GOLD] Strategy VOLUME_CLIMAX error: 'volume'
2026-07-20 23:40:59,799 - [ERROR] - [GOLD] Strategy VOLUME_CLIMAX error: 'volume'
2026-07-20 23:41:01,153 - [ERROR] - [GOLD] Strategy VOLUME_CLIMAX error: 'volume'
2026-07-20 23:41:02,509 - [ERROR] - [GOLD] Strategy VOLUME_CLIMAX error: 'volume'
2026-07-20 23:41:03,869 - [ERROR] - [GOLD] Strategy VOLUME_CLIMAX error: 'volume'
2026-07-20 23:41:05,229 - [ERROR] - [GOLD] Strategy VOLUME_CLIMAX error: 'volume'
2026-07-20 23:41:06,591 - [ERROR] - [GOLD] Strategy VOLUME_CLIMAX error: 'volume'
2026-07-20 23:41:06,941 - [WARNING] - [SILVER] \U0001f6a8 Spread Protection: Live Spread (73) > Max Allowable (40). Trade Aborted.
2026-07-20 23:41:07,960 - [ERROR] - [GOLD] Strategy VOLUME_CLIMAX error: 'volume'
2026-07-20 23:41:09,340 - [ERROR] - [GOLD] Strategy VOLUME_CLIMAX error: 'volume'
2026-07-20 23:41:10,708 - [ERROR] - [GOLD] Strategy VOLUME_CLIMAX error: 'volume'
2026-07-20 23:41:12,096 - [ERROR] - [GOLD] Strategy VOLUME_CLIMAX error: 'volume'
2026-07-20 23:41:13,464 - [ERROR] - [GOLD] Strategy VOLUME_CLIMAX error: 'volume'
2026-07-20 23:41:14,834 - [ERROR] - [GOLD] Strategy VOLUME_CLIMAX error: 'volume'
2026-07-20 23:41:16,210 - [ERROR] - [GOLD] Strategy VOLUME_CLIMAX error: 'volume'
2026-07-20 23:41:17,577 - [ERROR] - [GOLD] Strategy VOLUME_CLIMAX error: 'volume'
2026-07-20 23:41:18,955 - [ERROR] - [GOLD] Strategy VOLUME_CLIMAX error: 'volume'
2026-07-20 23:41:20,368 - [ERROR] - [GOLD] Strategy VOLUME_CLIMAX error: 'volume'
2026-07-20 23:41:21,737 - [ERROR] - [GOLD] Strategy VOLUME_CLIMAX error: 'volume'
2026-07-20 23:41:23,070 - [WARNING] - [GOLD] \U0001f6a8 Spread Protection: Live Spread (55) > Max Allowable (40). Trade Aborted.
2026-07-20 23:43:07,128 - [ERROR] - [SILVER] Strategy VOLUME_CLIMAX error: 'volume'
2026-07-20 23:43:08,473 - [ERROR] - [SILVER] Strategy VOLUME_CLIMAX error: 'volume'
2026-07-20 23:43:09,826 - [ERROR] - [SILVER] Strategy VOLUME_CLIMAX error: 'volume'
2026-07-20 23:43:11,187 - [ERROR] - [SILVER] Strategy VOLUME_CLIMAX error: 'volume'
2026-07-20 23:43:12,544 - [ERROR] - [SILVER] Strategy VOLUME_CLIMAX error: 'volume'
2026-07-20 23:43:13,902 - [ERROR] - [SILVER] Strategy VOLUME_CLIMAX error: 'volume'
2026-07-20 23:43:15,274 - [ERROR] - [SILVER] Strategy VOLUME_CLIMAX error: 'volume'
2026-07-20 23:43:16,636 - [ERROR] - [SILVER] Strategy VOLUME_CLIMAX error: 'volume'
2026-07-20 23:43:17,993 - [ERROR] - [SILVER] Strategy VOLUME_CLIMAX error: 'volume'
2026-07-20 23:43:19,357 - [ERROR] - [SILVER] Strategy VOLUME_CLIMAX error: 'volume'
2026-07-20 23:43:20,711 - [ERROR] - [SILVER] Strategy VOLUME_CLIMAX error: 'volume'
2026-07-20 23:43:22,065 - [ERROR] - [SILVER] Strategy VOLUME_CLIMAX error: 'volume'
2026-07-20 23:43:23,213 - [WARNING] - [GOLD] \U0001f6a8 Spread Protection: Live Spread (56) > Max Allowable (40). Trade Aborted.
2026-07-20 23:43:23,426 - [ERROR] - [SILVER] Strategy VOLUME_CLIMAX error: 'volume'
2026-07-20 23:43:24,769 - [ERROR] - [SILVER] Strategy VOLUME_CLIMAX error: 'volume'
2026-07-20 23:43:26,125 - [ERROR] - [SILVER] Strategy VOLUME_CLIMAX error: 'volume'
2026-07-20 23:43:27,486 - [ERROR] - [SILVER] Strategy VOLUME_CLIMAX error: 'volume'
2026-07-20 23:43:28,833 - [ERROR] - [SILVER] Strategy VOLUME_CLIMAX error: 'volume'
2026-07-20 23:43:30,186 - [ERROR] - [SILVER] Strategy VOLUME_CLIMAX error: 'volume'
2026-07-20 23:43:31,546 - [ERROR] - [SILVER] Strategy VOLUME_CLIMAX error: 'volume'
2026-07-20 23:43:32,892 - [ERROR] - [SILVER] Strategy VOLUME_CLIMAX error: 'volume'
2026-07-20 23:43:34,241 - [ERROR] - [SILVER] Strategy VOLUME_CLIMAX error: 'volume'
2026-07-20 23:43:35,601 - [ERROR] - [SILVER] Strategy VOLUME_CLIMAX error: 'volume'
2026-07-20 23:43:36,949 - [ERROR] - [SILVER] Strategy VOLUME_CLIMAX error: 'volume'
2026-07-20 23:43:38,296 - [ERROR] - [SILVER] Strategy VOLUME_CLIMAX error: 'volume'
2026-07-20 23:43:39,654 - [ERROR] - [SILVER] Strategy VOLUME_CLIMAX error: 'volume'
2026-07-20 23:43:41,004 - [ERROR] - [SILVER] Strategy VOLUME_CLIMAX error: 'volume'
2026-07-20 23:43:42,353 - [ERROR] - [SILVER] Strategy VOLUME_CLIMAX error: 'volume'
2026-07-20 23:43:43,712 - [ERROR] - [SILVER] Strategy VOLUME_CLIMAX error: 'volume'
2026-07-20 23:43:45,056 - [ERROR] - [SILVER] Strategy VOLUME_CLIMAX error: 'volume'
2026-07-20 23:43:46,399 - [ERROR] - [SILVER] Strategy VOLUME_CLIMAX error: 'volume'
2026-07-20 23:43:47,752 - [ERROR] - [SILVER] Strategy VOLUME_CLIMAX error: 'volume'
2026-07-20 23:43:49,094 - [ERROR] - [SILVER] Strategy VOLUME_CLIMAX error: 'volume'
2026-07-20 23:43:50,436 - [ERROR] - [SILVER] Strategy VOLUME_CLIMAX error: 'volume'
2026-07-20 23:43:51,787 - [ERROR] - [SILVER] Strategy VOLUME_CLIMAX error: 'volume'
2026-07-20 23:43:53,135 - [ERROR] - [SILVER] Strategy VOLUME_CLIMAX error: 'volume'
2026-07-20 23:43:54,481 - [ERROR] - [SILVER] Strategy VOLUME_CLIMAX error: 'volume'
2026-07-20 23:43:55,838 - [ERROR] - [SILVER] Strategy VOLUME_CLIMAX error: 'volume'
2026-07-20 23:43:57,191 - [ERROR] - [SILVER] Strategy VOLUME_CLIMAX error: 'volume'
2026-07-20 23:43:58,545 - [ERROR] - [SILVER] Strategy VOLUME_CLIMAX error: 'volume'
2026-07-20 23:43:59,907 - [ERROR] - [SILVER] Strategy VOLUME_CLIMAX error: 'volume'
2026-07-20 23:44:01,256 - [ERROR] - [SILVER] Strategy VOLUME_CLIMAX error: 'volume'
2026-07-20 23:44:02,615 - [ERROR] - [SILVER] Strategy VOLUME_CLIMAX error: 'volume'
2026-07-20 23:44:03,973 - [ERROR] - [SILVER] Strategy VOLUME_CLIMAX error: 'volume'
2026-07-20 23:44:05,323 - [ERROR] - [SILVER] Strategy VOLUME_CLIMAX error: 'volume'
2026-07-20 23:44:06,684 - [ERROR] - [SILVER] Strategy VOLUME_CLIMAX error: 'volume'
2026-07-20 23:44:08,038 - [ERROR] - [SILVER] Strategy VOLUME_CLIMAX error: 'volume'
2026-07-20 23:44:09,384 - [ERROR] - [SILVER] Strategy VOLUME_CLIMAX error: 'volume'
2026-07-20 23:44:10,738 - [ERROR] - [SILVER] Strategy VOLUME_CLIMAX error: 'volume'
2026-07-20 23:44:12,102 - [ERROR] - [SILVER] Strategy VOLUME_CLIMAX error: 'volume'
2026-07-20 23:44:13,458 - [ERROR] - [SILVER] Strategy VOLUME_CLIMAX error: 'volume'
2026-07-20 23:44:14,808 - [ERROR] - [SILVER] Strategy VOLUME_CLIMAX error: 'volume'
2026-07-20 23:44:16,167 - [ERROR] - [SILVER] Strategy VOLUME_CLIMAX error: 'volume'
2026-07-20 23:44:17,522 - [ERROR] - [SILVER] Strategy VOLUME_CLIMAX error: 'volume'
2026-07-20 23:44:18,877 - [ERROR] - [SILVER] Strategy VOLUME_CLIMAX error: 'volume'
2026-07-20 23:44:20,249 - [ERROR] - [SILVER] Strategy VOLUME_CLIMAX error: 'volume'
2026-07-20 23:44:21,604 - [ERROR] - [SILVER] Strategy VOLUME_CLIMAX error: 'volume'
2026-07-20 23:44:22,962 - [ERROR] - [SILVER] Strategy VOLUME_CLIMAX error: 'volume'
2026-07-20 23:44:24,325 - [ERROR] - [SILVER] Strategy VOLUME_CLIMAX error: 'volume'
2026-07-20 23:44:25,667 - [ERROR] - [SILVER] Strategy VOLUME_CLIMAX error: 'volume'
2026-07-20 23:44:27,016 - [ERROR] - [SILVER] Strategy VOLUME_CLIMAX error: 'volume'
2026-07-20 23:44:28,370 - [ERROR] - [SILVER] Strategy VOLUME_CLIMAX error: 'volume'
2026-07-20 23:44:29,715 - [ERROR] - [SILVER] Strategy VOLUME_CLIMAX error: 'volume'
2026-07-20 23:44:31,071 - [ERROR] - [SILVER] Strategy VOLUME_CLIMAX error: 'volume'
2026-07-20 23:44:32,431 - [ERROR] - [SILVER] Strategy VOLUME_CLIMAX error: 'volume'
2026-07-20 23:44:33,787 - [ERROR] - [SILVER] Strategy VOLUME_CLIMAX error: 'volume'
2026-07-20 23:44:35,137 - [ERROR] - [SILVER] Strategy VOLUME_CLIMAX error: 'volume'
2026-07-20 23:44:36,490 - [ERROR] - [SILVER] Strategy VOLUME_CLIMAX error: 'volume'
2026-07-20 23:44:37,852 - [ERROR] - [SILVER] Strategy VOLUME_CLIMAX error: 'volume'
2026-07-20 23:44:39,196 - [ERROR] - [SILVER] Strategy VOLUME_CLIMAX error: 'volume'
2026-07-20 23:44:40,548 - [ERROR] - [SILVER] Strategy VOLUME_CLIMAX error: 'volume'
2026-07-20 23:44:41,894 - [ERROR] - [SILVER] Strategy VOLUME_CLIMAX error: 'volume'
2026-07-20 23:44:43,239 - [ERROR] - [SILVER] Strategy VOLUME_CLIMAX error: 'volume'
2026-07-20 23:44:44,609 - [ERROR] - [SILVER] Strategy VOLUME_CLIMAX error: 'volume'
2026-07-20 23:44:45,974 - [ERROR] - [SILVER] Strategy VOLUME_CLIMAX error: 'volume'
2026-07-20 23:44:47,339 - [ERROR] - [SILVER] Strategy VOLUME_CLIMAX error: 'volume'
2026-07-20 23:44:48,700 - [ERROR] - [SILVER] Strategy VOLUME_CLIMAX error: 'volume'
2026-07-20 23:44:50,059 - [ERROR] - [SILVER] Strategy VOLUME_CLIMAX error: 'volume'
2026-07-20 23:44:51,407 - [ERROR] - [SILVER] Strategy VOLUME_CLIMAX error: 'volume'
2026-07-20 23:44:52,761 - [ERROR] - [SILVER] Strategy VOLUME_CLIMAX error: 'volume'
2026-07-20 23:44:54,108 - [ERROR] - [SILVER] Strategy VOLUME_CLIMAX error: 'volume'
2026-07-20 23:44:55,454 - [ERROR] - [SILVER] Strategy VOLUME_CLIMAX error: 'volume'
2026-07-20 23:44:56,807 - [ERROR] - [SILVER] Strategy VOLUME_CLIMAX error: 'volume'
2026-07-20 23:44:58,164 - [ERROR] - [SILVER] Strategy VOLUME_CLIMAX error: 'volume'
2026-07-20 23:44:59,518 - [ERROR] - [SILVER] Strategy VOLUME_CLIMAX error: 'volume'
2026-07-20 23:45:00,883 - [ERROR] - [SILVER] Strategy VOLUME_CLIMAX error: 'volume'
2026-07-20 23:45:02,247 - [ERROR] - [SILVER] Strategy VOLUME_CLIMAX error: 'volume'
2026-07-20 23:45:03,608 - [ERROR] - [SILVER] Strategy VOLUME_CLIMAX error: 'volume'
2026-07-20 23:45:04,967 - [ERROR] - [SILVER] Strategy VOLUME_CLIMAX error: 'volume'
2026-07-20 23:45:06,144 - [INFO] - [GBPUSD] Strategy Step-Trail: Locked SL to 1.34295
2026-07-20 23:45:06,317 - [ERROR] - [SILVER] Strategy VOLUME_CLIMAX error: 'volume'
2026-07-20 23:45:07,668 - [ERROR] - [SILVER] Strategy VOLUME_CLIMAX error: 'volume'
2026-07-20 23:45:09,026 - [ERROR] - [SILVER] Strategy VOLUME_CLIMAX error: 'volume'
2026-07-20 23:45:10,373 - [ERROR] - [SILVER] Strategy VOLUME_CLIMAX error: 'volume'
2026-07-20 23:45:11,719 - [ERROR] - [SILVER] Strategy VOLUME_CLIMAX error: 'volume'
2026-07-20 23:45:13,068 - [ERROR] - [SILVER] Strategy VOLUME_CLIMAX error: 'volume'
2026-07-20 23:45:14,424 - [ERROR] - [SILVER] Strategy VOLUME_CLIMAX error: 'volume'
2026-07-20 23:45:15,814 - [ERROR] - [SILVER] Strategy VOLUME_CLIMAX error: 'volume'
2026-07-20 23:45:17,175 - [ERROR] - [SILVER] Strategy VOLUME_CLIMAX error: 'volume'
2026-07-20 23:45:18,529 - [ERROR] - [SILVER] Strategy VOLUME_CLIMAX error: 'volume'
2026-07-20 23:45:19,866 - [WARNING] - [SILVER] \U0001f6a8 Spread Protection: Live Spread (68) > Max Allowable (40). Trade Aborted.
2026-07-20 23:45:24,121 - [WARNING] - [GOLD] \U0001f6a8 Spread Protection: Live Spread (55) > Max Allowable (40). Trade Aborted.
2026-07-20 23:45:47,517 - [INFO] - [EURUSD] Strategy Step-Trail: Locked SL to 1.14139
2026-07-20 23:47:20,898 - [WARNING] - [SILVER] \U0001f6a8 Spread Protection: Live Spread (69) > Max Allowable (40). Trade Aborted.
2026-07-20 23:47:24,379 - [ERROR] - [GOLD] Strategy VOLUME_CLIMAX error: 'volume'
2026-07-20 23:47:24,443 - [WARNING] - [GOLD] \U0001f6a8 Spread Protection: Live Spread (51) > Max Allowable (40). Trade Aborted.
2026-07-20 23:47:37,068 - [INFO] - [USDJPY] Strategy Step-Trail: Locked SL to 162.455
2026-07-20 23:49:21,989 - [ERROR] - [SILVER] Strategy VOLUME_CLIMAX error: 'volume'
2026-07-20 23:49:23,342 - [ERROR] - [SILVER] Strategy VOLUME_CLIMAX error: 'volume'
2026-07-20 23:49:24,703 - [ERROR] - [SILVER] Strategy VOLUME_CLIMAX error: 'volume'
2026-07-20 23:49:25,490 - [WARNING] - [GOLD] \U0001f6a8 Spread Protection: Live Spread (52) > Max Allowable (40). Trade Aborted.
2026-07-20 23:49:26,050 - [ERROR] - [SILVER] Strategy VOLUME_CLIMAX error: 'volume'
2026-07-20 23:49:27,417 - [ERROR] - [SILVER] Strategy VOLUME_CLIMAX error: 'volume'
2026-07-20 23:49:28,772 - [ERROR] - [SILVER] Strategy VOLUME_CLIMAX error: 'volume'
2026-07-20 23:49:30,126 - [ERROR] - [SILVER] Strategy VOLUME_CLIMAX error: 'volume'
2026-07-20 23:49:31,483 - [ERROR] - [SILVER] Strategy VOLUME_CLIMAX error: 'volume'
2026-07-20 23:49:32,669 - [INFO] - [USDJPY] Trade in Golden Hour (18 UTC). Targeting 3.0 R:R.
2026-07-20 23:49:32,677 - [ERROR] - [USDJPY] ML Inference Error: cannot access local variable 'pd' where it is not associated with a value. Proceeding without ML.
2026-07-20 23:49:32,679 - [INFO] - [USDJPY] Anti-Martingale: 2 Losses in a row! Halving risk to 0.50%
2026-07-20 23:49:32,920 - [INFO] - [USDJPY] SUCCESS - Opened SELL | Strat: ZERO_HERO | Lot: 0.27 | SL: 162.529
2026-07-20 23:49:33,007 - [WARNING] - [SILVER] \U0001f6a8 Spread Protection: Live Spread (72) > Max Allowable (40). Trade Aborted.
2026-07-20 23:51:25,574 - [WARNING] - [GOLD] \U0001f6a8 Spread Protection: Live Spread (56) > Max Allowable (40). Trade Aborted.
2026-07-20 23:51:34,027 - [WARNING] - [SILVER] \U0001f6a8 Spread Protection: Live Spread (70) > Max Allowable (40). Trade Aborted.
2026-07-20 23:53:26,618 - [WARNING] - [GOLD] \U0001f6a8 Spread Protection: Live Spread (56) > Max Allowable (40). Trade Aborted.
2026-07-20 23:53:35,057 - [WARNING] - [SILVER] \U0001f6a8 Spread Protection: Live Spread (68) > Max Allowable (40). Trade Aborted.
2026-07-20 23:55:27,661 - [WARNING] - [GOLD] \U0001f6a8 Spread Protection: Live Spread (58) > Max Allowable (40). Trade Aborted.
2026-07-20 23:55:36,094 - [WARNING] - [SILVER] \U0001f6a8 Spread Protection: Live Spread (71) > Max Allowable (40). Trade Aborted.
2026-07-20 23:57:28,703 - [WARNING] - [GOLD] \U0001f6a8 Spread Protection: Live Spread (58) > Max Allowable (40). Trade Aborted.
2026-07-20 23:57:37,141 - [ERROR] - [SILVER] Strategy VOLUME_CLIMAX error: 'volume'
2026-07-20 23:57:38,491 - [ERROR] - [SILVER] Strategy VOLUME_CLIMAX error: 'volume'
2026-07-20 23:57:39,850 - [WARNING] - [SILVER] \U0001f6a8 Spread Protection: Live Spread (68) > Max Allowable (40). Trade Aborted.
2026-07-20 23:59:28,803 - [WARNING] - [GOLD] \U0001f6a8 Spread Protection: Live Spread (57) > Max Allowable (40). Trade Aborted.
2026-07-20 23:59:40,939 - [ERROR] - [SILVER] Strategy VOLUME_CLIMAX error: 'volume'
2026-07-20 23:59:42,293 - [ERROR] - [SILVER] Strategy VOLUME_CLIMAX error: 'volume'
2026-07-20 23:59:43,639 - [ERROR] - [SILVER] Strategy VOLUME_CLIMAX error: 'volume'
2026-07-20 23:59:44,997 - [ERROR] - [SILVER] Strategy VOLUME_CLIMAX error: 'volume'
2026-07-20 23:59:46,348 - [ERROR] - [SILVER] Strategy VOLUME_CLIMAX error: 'volume'
2026-07-20 23:59:47,706 - [ERROR] - [SILVER] Strategy VOLUME_CLIMAX error: 'volume'
2026-07-20 23:59:49,056 - [ERROR] - [SILVER] Strategy VOLUME_CLIMAX error: 'volume'
2026-07-20 23:59:50,418 - [ERROR] - [SILVER] Strategy VOLUME_CLIMAX error: 'volume'
2026-07-20 23:59:51,763 - [ERROR] - [SILVER] Strategy VOLUME_CLIMAX error: 'volume'
2026-07-20 23:59:53,118 - [ERROR] - [SILVER] Strategy VOLUME_CLIMAX error: 'volume'
2026-07-20 23:59:54,476 - [ERROR] - [SILVER] Strategy VOLUME_CLIMAX error: 'volume'
2026-07-20 23:59:55,824 - [ERROR] - [SILVER] Strategy VOLUME_CLIMAX error: 'volume'
2026-07-20 23:59:57,176 - [ERROR] - [SILVER] Strategy VOLUME_CLIMAX error: 'volume'
2026-07-20 23:59:58,535 - [ERROR] - [SILVER] Strategy VOLUME_CLIMAX error: 'volume'
2026-07-20 23:59:59,886 - [ERROR] - [SILVER] Strategy VOLUME_CLIMAX error: 'volume'
2026-07-21 00:00:01,245 - [ERROR] - [SILVER] Strategy VOLUME_CLIMAX error: 'volume'
2026-07-21 00:00:02,596 - [WARNING] - [SILVER] \U0001f6a8 Spread Protection: Live Spread (74) > Max Allowable (40). Trade Aborted.
2026-07-21 00:01:29,155 - [WARNING] - [GOLD] \U0001f6a8 Spread Protection: Live Spread (58) > Max Allowable (40). Trade Aborted.
2026-07-21 00:02:03,639 - [WARNING] - [SILVER] \U0001f6a8 Spread Protection: Live Spread (70) > Max Allowable (40). Trade Aborted.
2026-07-21 00:03:30,206 - [WARNING] - [GOLD] \U0001f6a8 Spread Protection: Live Spread (57) > Max Allowable (40). Trade Aborted.
2026-07-21 00:04:04,688 - [WARNING] - [SILVER] \U0001f6a8 Spread Protection: Live Spread (71) > Max Allowable (40). Trade Aborted.
2026-07-21 00:05:31,284 - [WARNING] - [GOLD] \U0001f6a8 Spread Protection: Live Spread (57) > Max Allowable (40). Trade Aborted.
2026-07-21 00:06:05,766 - [ERROR] - [SILVER] Strategy VOLUME_CLIMAX error: 'volume'
2026-07-21 00:06:07,138 - [ERROR] - [SILVER] Strategy VOLUME_CLIMAX error: 'volume'
2026-07-21 00:06:08,507 - [ERROR] - [SILVER] Strategy VOLUME_CLIMAX error: 'volume'
2026-07-21 00:06:09,899 - [ERROR] - [SILVER] Strategy VOLUME_CLIMAX error: 'volume'
2026-07-21 00:06:11,272 - [ERROR] - [SILVER] Strategy VOLUME_CLIMAX error: 'volume'
2026-07-21 00:06:12,645 - [ERROR] - [SILVER] Strategy VOLUME_CLIMAX error: 'volume'
2026-07-21 00:06:14,023 - [ERROR] - [SILVER] Strategy VOLUME_CLIMAX error: 'volume'
2026-07-21 00:06:15,386 - [ERROR] - [SILVER] Strategy VOLUME_CLIMAX error: 'volume'
2026-07-21 00:06:16,747 - [ERROR] - [SILVER] Strategy VOLUME_CLIMAX error: 'volume'
2026-07-21 00:06:18,098 - [ERROR] - [SILVER] Strategy VOLUME_CLIMAX error: 'volume'
2026-07-21 00:06:19,422 - [WARNING] - [SILVER] \U0001f6a8 Spread Protection: Live Spread (74) > Max Allowable (40). Trade Aborted.
2026-07-21 00:07:31,436 - [WARNING] - [GOLD] \U0001f6a8 Spread Protection: Live Spread (57) > Max Allowable (40). Trade Aborted.
2026-07-21 00:08:20,481 - [WARNING] - [SILVER] \U0001f6a8 Spread Protection: Live Spread (69) > Max Allowable (40). Trade Aborted.
2026-07-21 00:09:32,494 - [WARNING] - [GOLD] \U0001f6a8 Spread Protection: Live Spread (58) > Max Allowable (40). Trade Aborted.
2026-07-21 00:10:21,542 - [ERROR] - [SILVER] Strategy VOLUME_CLIMAX error: 'volume'
2026-07-21 00:10:22,898 - [ERROR] - [SILVER] Strategy VOLUME_CLIMAX error: 'volume'
2026-07-21 00:10:24,262 - [ERROR] - [SILVER] Strategy VOLUME_CLIMAX error: 'volume'
2026-07-21 00:10:25,627 - [ERROR] - [SILVER] Strategy VOLUME_CLIMAX error: 'volume'
2026-07-21 00:10:26,976 - [ERROR] - [SILVER] Strategy VOLUME_CLIMAX error: 'volume'
2026-07-21 00:10:28,344 - [ERROR] - [SILVER] Strategy VOLUME_CLIMAX error: 'volume'
2026-07-21 00:10:29,709 - [ERROR] - [SILVER] Strategy VOLUME_CLIMAX error: 'volume'
2026-07-21 00:10:31,049 - [WARNING] - [SILVER] \U0001f6a8 Spread Protection: Live Spread (70) > Max Allowable (40). Trade Aborted.
2026-07-21 00:11:33,217 - [WARNING] - [GOLD] \U0001f6a8 Spread Protection: Live Spread (55) > Max Allowable (40). Trade Aborted.
2026-07-21 00:12:31,301 - [WARNING] - [SILVER] \U0001f6a8 Spread Protection: Live Spread (70) > Max Allowable (40). Trade Aborted.
2026-07-21 00:13:34,336 - [WARNING] - [GOLD] \U0001f6a8 Spread Protection: Live Spread (57) > Max Allowable (40). Trade Aborted.
2026-07-21 00:14:32,419 - [INFO] - [BTCUSD] Trade in Golden Hour (18 UTC). Targeting 3.0 R:R.
2026-07-21 00:14:32,438 - [ERROR] - [BTCUSD] ML Inference Error: cannot access local variable 'pd' where it is not associated with a value. Proceeding without ML.
2026-07-21 00:14:32,444 - [INFO] - [BTCUSD] Anti-Martingale: 2 Losses in a row! Halving risk to 0.50%
2026-07-21 00:14:32,668 - [WARNING] - [SILVER] \U0001f6a8 Spread Protection: Live Spread (68) > Max Allowable (40). Trade Aborted.
2026-07-21 00:14:32,668 - [INFO] - [BTCUSD] SUCCESS - Opened SELL | Strat: MACD_DIVERGENCE | Lot: 0.07 | SL: 65549.72142857143
2026-07-21 00:15:34,537 - [WARNING] - [GOLD] \U0001f6a8 Spread Protection: Live Spread (57) > Max Allowable (40). Trade Aborted.
2026-07-21 00:16:33,107 - [WARNING] - [SILVER] \U0001f6a8 Spread Protection: Live Spread (71) > Max Allowable (40). Trade Aborted.
2026-07-21 00:17:35,615 - [WARNING] - [GOLD] \U0001f6a8 Spread Protection: Live Spread (57) > Max Allowable (40). Trade Aborted.
2026-07-21 00:18:33,742 - [WARNING] - [SILVER] \U0001f6a8 Spread Protection: Live Spread (70) > Max Allowable (40). Trade Aborted.
2026-07-21 00:19:35,770 - [ERROR] - [GOLD] Strategy VOLUME_CLIMAX error: 'volume'
2026-07-21 00:19:37,215 - [ERROR] - [GOLD] Strategy VOLUME_CLIMAX error: 'volume'
2026-07-21 00:19:38,668 - [ERROR] - [GOLD] Strategy VOLUME_CLIMAX error: 'volume'
2026-07-21 00:19:40,108 - [ERROR] - [GOLD] Strategy VOLUME_CLIMAX error: 'volume'
2026-07-21 00:19:41,558 - [ERROR] - [GOLD] Strategy VOLUME_CLIMAX error: 'volume'
2026-07-21 00:19:42,972 - [ERROR] - [GOLD] Strategy VOLUME_CLIMAX error: 'volume'
2026-07-21 00:19:44,348 - [ERROR] - [GOLD] Strategy VOLUME_CLIMAX error: 'volume'
2026-07-21 00:19:45,747 - [ERROR] - [GOLD] Strategy VOLUME_CLIMAX error: 'volume'
2026-07-21 00:19:47,131 - [ERROR] - [GOLD] Strategy VOLUME_CLIMAX error: 'volume'
2026-07-21 00:19:48,583 - [ERROR] - [GOLD] Strategy VOLUME_CLIMAX error: 'volume'
2026-07-21 00:19:50,036 - [ERROR] - [GOLD] Strategy VOLUME_CLIMAX error: 'volume'
2026-07-21 00:19:51,483 - [ERROR] - [GOLD] Strategy VOLUME_CLIMAX error: 'volume'
2026-07-21 00:19:52,939 - [ERROR] - [GOLD] Strategy VOLUME_CLIMAX error: 'volume'
2026-07-21 00:19:54,380 - [ERROR] - [GOLD] Strategy VOLUME_CLIMAX error: 'volume'
2026-07-21 00:19:55,824 - [ERROR] - [GOLD] Strategy VOLUME_CLIMAX error: 'volume'
2026-07-21 00:19:57,261 - [ERROR] - [GOLD] Strategy VOLUME_CLIMAX error: 'volume'
2026-07-21 00:19:58,694 - [WARNING] - [GOLD] \U0001f6a8 Spread Protection: Live Spread (57) > Max Allowable (40). Trade Aborted.
2026-07-21 00:19:59,285 - [INFO] - [USDJPY] Trade in Golden Hour (18 UTC). Targeting 3.0 R:R.
2026-07-21 00:19:59,293 - [ERROR] - [USDJPY] ML Inference Error: cannot access local variable 'pd' where it is not associated with a value. Proceeding without ML.
2026-07-21 00:19:59,295 - [WARNING] - [USDJPY] [RISK_CAP] Lot size 0.53 capped to 0.5 for safety.
2026-07-21 00:19:59,517 - [INFO] - [USDJPY] SUCCESS - Opened BUY | Strat: ZERO_HERO | Lot: 0.5 | SL: 162.412
2026-07-21 00:20:34,548 - [ERROR] - [SILVER] Strategy VOLUME_CLIMAX error: 'volume'
2026-07-21 00:20:36,284 - [ERROR] - [SILVER] Strategy VOLUME_CLIMAX error: 'volume'
2026-07-21 00:20:38,142 - [ERROR] - [SILVER] Strategy VOLUME_CLIMAX error: 'volume'
2026-07-21 00:20:39,947 - [ERROR] - [SILVER] Strategy VOLUME_CLIMAX error: 'volume'
2026-07-21 00:20:41,634 - [ERROR] - [SILVER] Strategy VOLUME_CLIMAX error: 'volume'
2026-07-21 00:20:43,219 - [ERROR] - [SILVER] Strategy VOLUME_CLIMAX error: 'volume'
2026-07-21 00:20:44,577 - [ERROR] - [SILVER] Strategy VOLUME_CLIMAX error: 'volume'
2026-07-21 00:20:46,134 - [ERROR] - [SILVER] Strategy VOLUME_CLIMAX error: 'volume'
2026-07-21 00:20:47,669 - [ERROR] - [SILVER] Strategy VOLUME_CLIMAX error: 'volume'
2026-07-21 00:20:49,416 - [ERROR] - [SILVER] Strategy VOLUME_CLIMAX error: 'volume'
2026-07-21 00:20:51,175 - [ERROR] - [SILVER] Strategy VOLUME_CLIMAX error: 'volume'
2026-07-21 00:20:52,901 - [ERROR] - [SILVER] Strategy VOLUME_CLIMAX error: 'volume'
2026-07-21 00:20:54,575 - [ERROR] - [SILVER] Strategy VOLUME_CLIMAX error: 'volume'
2026-07-21 00:20:56,190 - [ERROR] - [SILVER] Strategy VOLUME_CLIMAX error: 'volume'
2026-07-21 00:20:57,561 - [ERROR] - [SILVER] Strategy VOLUME_CLIMAX error: 'volume'
2026-07-21 00:20:58,913 - [ERROR] - [SILVER] Strategy VOLUME_CLIMAX error: 'volume'
2026-07-21 00:21:00,277 - [ERROR] - [SILVER] Strategy VOLUME_CLIMAX error: 'volume'
2026-07-21 00:21:01,680 - [ERROR] - [SILVER] Strategy VOLUME_CLIMAX error: 'volume'
2026-07-21 00:21:03,048 - [ERROR] - [SILVER] Strategy VOLUME_CLIMAX error: 'volume'
2026-07-21 00:21:04,393 - [ERROR] - [SILVER] Strategy VOLUME_CLIMAX error: 'volume'
2026-07-21 00:21:05,748 - [ERROR] - [SILVER] Strategy VOLUME_CLIMAX error: 'volume'
2026-07-21 00:21:07,106 - [ERROR] - [SILVER] Strategy VOLUME_CLIMAX error: 'volume'
2026-07-21 00:21:08,463 - [ERROR] - [SILVER] Strategy VOLUME_CLIMAX error: 'volume'
2026-07-21 00:21:09,822 - [ERROR] - [SILVER] Strategy VOLUME_CLIMAX error: 'volume'
2026-07-21 00:21:11,167 - [ERROR] - [SILVER] Strategy VOLUME_CLIMAX error: 'volume'
2026-07-21 00:21:12,509 - [ERROR] - [SILVER] Strategy VOLUME_CLIMAX error: 'volume'
2026-07-21 00:21:13,887 - [ERROR] - [SILVER] Strategy VOLUME_CLIMAX error: 'volume'
2026-07-21 00:21:15,244 - [ERROR] - [SILVER] Strategy VOLUME_CLIMAX error: 'volume'
2026-07-21 00:21:16,597 - [ERROR] - [SILVER] Strategy VOLUME_CLIMAX error: 'volume'
2026-07-21 00:21:17,956 - [ERROR] - [SILVER] Strategy VOLUME_CLIMAX error: 'volume'
2026-07-21 00:21:19,318 - [ERROR] - [SILVER] Strategy VOLUME_CLIMAX error: 'volume'
2026-07-21 00:21:20,685 - [ERROR] - [SILVER] Strategy VOLUME_CLIMAX error: 'volume'
2026-07-21 00:21:22,055 - [ERROR] - [SILVER] Strategy VOLUME_CLIMAX error: 'volume'
2026-07-21 00:21:23,415 - [ERROR] - [SILVER] Strategy VOLUME_CLIMAX error: 'volume'
2026-07-21 00:21:24,774 - [ERROR] - [SILVER] Strategy VOLUME_CLIMAX error: 'volume'
2026-07-21 00:21:26,139 - [ERROR] - [SILVER] Strategy VOLUME_CLIMAX error: 'volume'
2026-07-21 00:21:27,510 - [ERROR] - [SILVER] Strategy VOLUME_CLIMAX error: 'volume'
2026-07-21 00:21:28,867 - [ERROR] - [SILVER] Strategy VOLUME_CLIMAX error: 'volume'
2026-07-21 00:21:30,253 - [ERROR] - [SILVER] Strategy VOLUME_CLIMAX error: 'volume'
2026-07-21 00:21:31,634 - [ERROR] - [SILVER] Strategy VOLUME_CLIMAX error: 'volume'
2026-07-21 00:21:32,995 - [ERROR] - [SILVER] Strategy VOLUME_CLIMAX error: 'volume'
2026-07-21 00:21:34,354 - [ERROR] - [SILVER] Strategy VOLUME_CLIMAX error: 'volume'
2026-07-21 00:21:35,710 - [ERROR] - [SILVER] Strategy VOLUME_CLIMAX error: 'volume'
2026-07-21 00:21:37,061 - [ERROR] - [SILVER] Strategy VOLUME_CLIMAX error: 'volume'
2026-07-21 00:21:38,432 - [ERROR] - [SILVER] Strategy VOLUME_CLIMAX error: 'volume'
2026-07-21 00:21:39,803 - [ERROR] - [SILVER] Strategy VOLUME_CLIMAX error: 'volume'
2026-07-21 00:21:41,159 - [ERROR] - [SILVER] Strategy VOLUME_CLIMAX error: 'volume'
2026-07-21 00:21:42,515 - [ERROR] - [SILVER] Strategy VOLUME_CLIMAX error: 'volume'
2026-07-21 00:21:43,875 - [ERROR] - [SILVER] Strategy VOLUME_CLIMAX error: 'volume'
2026-07-21 00:21:45,235 - [ERROR] - [SILVER] Strategy VOLUME_CLIMAX error: 'volume'
2026-07-21 00:21:46,586 - [ERROR] - [SILVER] Strategy VOLUME_CLIMAX error: 'volume'
2026-07-21 00:21:47,947 - [ERROR] - [SILVER] Strategy VOLUME_CLIMAX error: 'volume'
2026-07-21 00:21:49,299 - [ERROR] - [SILVER] Strategy VOLUME_CLIMAX error: 'volume'
2026-07-21 00:21:50,643 - [ERROR] - [SILVER] Strategy VOLUME_CLIMAX error: 'volume'
2026-07-21 00:21:51,997 - [ERROR] - [SILVER] Strategy VOLUME_CLIMAX error: 'volume'
2026-07-21 00:21:53,344 - [ERROR] - [SILVER] Strategy VOLUME_CLIMAX error: 'volume'
2026-07-21 00:21:54,689 - [ERROR] - [SILVER] Strategy VOLUME_CLIMAX error: 'volume'
2026-07-21 00:21:56,044 - [ERROR] - [SILVER] Strategy VOLUME_CLIMAX error: 'volume'
2026-07-21 00:21:57,374 - [WARNING] - [SILVER] \U0001f6a8 Spread Protection: Live Spread (69) > Max Allowable (40). Trade Aborted.
2026-07-21 00:21:59,053 - [ERROR] - [GOLD] Strategy VOLUME_CLIMAX error: 'volume'
2026-07-21 00:22:00,470 - [ERROR] - [GOLD] Strategy VOLUME_CLIMAX error: 'volume'
2026-07-21 00:22:01,844 - [ERROR] - [GOLD] Strategy VOLUME_CLIMAX error: 'volume'
2026-07-21 00:22:03,188 - [ERROR] - [GOLD] Strategy VOLUME_CLIMAX error: 'volume'
2026-07-21 00:22:04,532 - [ERROR] - [GOLD] Strategy VOLUME_CLIMAX error: 'volume'
2026-07-21 00:22:05,899 - [ERROR] - [GOLD] Strategy VOLUME_CLIMAX error: 'volume'
2026-07-21 00:22:07,260 - [ERROR] - [GOLD] Strategy VOLUME_CLIMAX error: 'volume'
2026-07-21 00:22:08,620 - [ERROR] - [GOLD] Strategy VOLUME_CLIMAX error: 'volume'
2026-07-21 00:22:09,983 - [ERROR] - [GOLD] Strategy VOLUME_CLIMAX error: 'volume'
2026-07-21 00:22:11,342 - [ERROR] - [GOLD] Strategy VOLUME_CLIMAX error: 'volume'
2026-07-21 00:22:12,697 - [ERROR] - [GOLD] Strategy VOLUME_CLIMAX error: 'volume'
2026-07-21 00:22:14,071 - [ERROR] - [GOLD] Strategy VOLUME_CLIMAX error: 'volume'
2026-07-21 00:22:15,431 - [ERROR] - [GOLD] Strategy VOLUME_CLIMAX error: 'volume'
2026-07-21 00:22:16,797 - [ERROR] - [GOLD] Strategy VOLUME_CLIMAX error: 'volume'
2026-07-21 00:22:18,160 - [ERROR] - [GOLD] Strategy VOLUME_CLIMAX error: 'volume'
2026-07-21 00:22:19,528 - [ERROR] - [GOLD] Strategy VOLUME_CLIMAX error: 'volume'
2026-07-21 00:22:20,882 - [ERROR] - [GOLD] Strategy VOLUME_CLIMAX error: 'volume'
2026-07-21 00:22:22,240 - [ERROR] - [GOLD] Strategy VOLUME_CLIMAX error: 'volume'
2026-07-21 00:22:23,609 - [ERROR] - [GOLD] Strategy VOLUME_CLIMAX error: 'volume'
2026-07-21 00:22:24,967 - [ERROR] - [GOLD] Strategy VOLUME_CLIMAX error: 'volume'
2026-07-21 00:22:26,321 - [ERROR] - [GOLD] Strategy VOLUME_CLIMAX error: 'volume'
2026-07-21 00:22:27,685 - [ERROR] - [GOLD] Strategy VOLUME_CLIMAX error: 'volume'
2026-07-21 00:22:29,051 - [ERROR] - [GOLD] Strategy VOLUME_CLIMAX error: 'volume'
2026-07-21 00:22:30,414 - [ERROR] - [GOLD] Strategy VOLUME_CLIMAX error: 'volume'
2026-07-21 00:22:31,786 - [ERROR] - [GOLD] Strategy VOLUME_CLIMAX error: 'volume'
2026-07-21 00:22:33,142 - [ERROR] - [GOLD] Strategy VOLUME_CLIMAX error: 'volume'
2026-07-21 00:22:34,498 - [ERROR] - [GOLD] Strategy VOLUME_CLIMAX error: 'volume'
2026-07-21 00:22:35,863 - [ERROR] - [GOLD] Strategy VOLUME_CLIMAX error: 'volume'
2026-07-21 00:22:37,211 - [ERROR] - [GOLD] Strategy VOLUME_CLIMAX error: 'volume'
2026-07-21 00:22:38,557 - [ERROR] - [GOLD] Strategy VOLUME_CLIMAX error: 'volume'
2026-07-21 00:22:39,913 - [ERROR] - [GOLD] Strategy VOLUME_CLIMAX error: 'volume'
2026-07-21 00:22:41,276 - [ERROR] - [GOLD] Strategy VOLUME_CLIMAX error: 'volume'
2026-07-21 00:22:42,623 - [ERROR] - [GOLD] Strategy VOLUME_CLIMAX error: 'volume'
2026-07-21 00:22:43,981 - [ERROR] - [GOLD] Strategy VOLUME_CLIMAX error: 'volume'
2026-07-21 00:22:45,343 - [ERROR] - [GOLD] Strategy VOLUME_CLIMAX error: 'volume'
2026-07-21 00:22:46,684 - [ERROR] - [GOLD] Strategy VOLUME_CLIMAX error: 'volume'
2026-07-21 00:22:48,028 - [ERROR] - [GOLD] Strategy VOLUME_CLIMAX error: 'volume'
2026-07-21 00:22:49,457 - [ERROR] - [GOLD] Strategy VOLUME_CLIMAX error: 'volume'
2026-07-21 00:22:50,836 - [ERROR] - [GOLD] Strategy VOLUME_CLIMAX error: 'volume'
2026-07-21 00:22:52,196 - [ERROR] - [GOLD] Strategy VOLUME_CLIMAX error: 'volume'
2026-07-21 00:22:53,596 - [ERROR] - [GOLD] Strategy VOLUME_CLIMAX error: 'volume'
2026-07-21 00:22:54,953 - [ERROR] - [GOLD] Strategy VOLUME_CLIMAX error: 'volume'
2026-07-21 00:22:56,309 - [ERROR] - [GOLD] Strategy VOLUME_CLIMAX error: 'volume'
2026-07-21 00:22:57,680 - [ERROR] - [GOLD] Strategy VOLUME_CLIMAX error: 'volume'
2026-07-21 00:22:59,043 - [ERROR] - [GOLD] Strategy VOLUME_CLIMAX error: 'volume'
2026-07-21 00:23:00,407 - [ERROR] - [GOLD] Strategy VOLUME_CLIMAX error: 'volume'
2026-07-21 00:23:01,778 - [ERROR] - [GOLD] Strategy VOLUME_CLIMAX error: 'volume'
2026-07-21 00:23:03,128 - [ERROR] - [GOLD] Strategy VOLUME_CLIMAX error: 'volume'
2026-07-21 00:23:04,496 - [ERROR] - [GOLD] Strategy VOLUME_CLIMAX error: 'volume'
2026-07-21 00:23:05,882 - [ERROR] - [GOLD] Strategy VOLUME_CLIMAX error: 'volume'
2026-07-21 00:23:07,251 - [ERROR] - [GOLD] Strategy VOLUME_CLIMAX error: 'volume'
2026-07-21 00:23:08,611 - [ERROR] - [GOLD] Strategy VOLUME_CLIMAX error: 'volume'
2026-07-21 00:23:09,972 - [ERROR] - [GOLD] Strategy VOLUME_CLIMAX error: 'volume'
2026-07-21 00:23:11,341 - [ERROR] - [GOLD] Strategy VOLUME_CLIMAX error: 'volume'
2026-07-21 00:23:12,696 - [ERROR] - [GOLD] Strategy VOLUME_CLIMAX error: 'volume'
2026-07-21 00:23:14,052 - [ERROR] - [GOLD] Strategy VOLUME_CLIMAX error: 'volume'
2026-07-21 00:23:15,415 - [ERROR] - [GOLD] Strategy VOLUME_CLIMAX error: 'volume'
2026-07-21 00:23:16,769 - [ERROR] - [GOLD] Strategy VOLUME_CLIMAX error: 'volume'
2026-07-21 00:23:18,124 - [ERROR] - [GOLD] Strategy VOLUME_CLIMAX error: 'volume'
2026-07-21 00:23:19,485 - [ERROR] - [GOLD] Strategy VOLUME_CLIMAX error: 'volume'
2026-07-21 00:23:20,825 - [ERROR] - [GOLD] Strategy VOLUME_CLIMAX error: 'volume'
2026-07-21 00:23:22,171 - [ERROR] - [GOLD] Strategy VOLUME_CLIMAX error: 'volume'
2026-07-21 00:23:23,535 - [ERROR] - [GOLD] Strategy VOLUME_CLIMAX error: 'volume'
2026-07-21 00:23:24,876 - [ERROR] - [GOLD] Strategy VOLUME_CLIMAX error: 'volume'
2026-07-21 00:23:26,293 - [ERROR] - [GOLD] Strategy VOLUME_CLIMAX error: 'volume'
2026-07-21 00:23:27,684 - [ERROR] - [GOLD] Strategy VOLUME_CLIMAX error: 'volume'
2026-07-21 00:23:29,067 - [ERROR] - [GOLD] Strategy VOLUME_CLIMAX error: 'volume'
2026-07-21 00:23:30,472 - [ERROR] - [GOLD] Strategy VOLUME_CLIMAX error: 'volume'
2026-07-21 00:23:31,823 - [ERROR] - [GOLD] Strategy VOLUME_CLIMAX error: 'volume'
2026-07-21 00:23:33,165 - [ERROR] - [GOLD] Strategy VOLUME_CLIMAX error: 'volume'
2026-07-21 00:23:34,532 - [ERROR] - [GOLD] Strategy VOLUME_CLIMAX error: 'volume'
2026-07-21 00:23:35,893 - [ERROR] - [GOLD] Strategy VOLUME_CLIMAX error: 'volume'
2026-07-21 00:23:37,244 - [ERROR] - [GOLD] Strategy VOLUME_CLIMAX error: 'volume'
2026-07-21 00:23:38,597 - [ERROR] - [GOLD] Strategy VOLUME_CLIMAX error: 'volume'
2026-07-21 00:23:39,948 - [ERROR] - [GOLD] Strategy VOLUME_CLIMAX error: 'volume'
2026-07-21 00:23:41,316 - [ERROR] - [GOLD] Strategy VOLUME_CLIMAX error: 'volume'
2026-07-21 00:23:42,674 - [ERROR] - [GOLD] Strategy VOLUME_CLIMAX error: 'volume'
2026-07-21 00:23:44,039 - [ERROR] - [GOLD] Strategy VOLUME_CLIMAX error: 'volume'
2026-07-21 00:23:45,411 - [ERROR] - [GOLD] Strategy VOLUME_CLIMAX error: 'volume'
2026-07-21 00:23:46,764 - [ERROR] - [GOLD] Strategy VOLUME_CLIMAX error: 'volume'
2026-07-21 00:23:48,114 - [ERROR] - [GOLD] Strategy VOLUME_CLIMAX error: 'volume'
2026-07-21 00:23:49,479 - [ERROR] - [GOLD] Strategy VOLUME_CLIMAX error: 'volume'
2026-07-21 00:23:50,841 - [ERROR] - [GOLD] Strategy VOLUME_CLIMAX error: 'volume'
2026-07-21 00:23:52,201 - [ERROR] - [GOLD] Strategy VOLUME_CLIMAX error: 'volume'
2026-07-21 00:23:53,578 - [ERROR] - [GOLD] Strategy VOLUME_CLIMAX error: 'volume'
2026-07-21 00:23:54,945 - [ERROR] - [GOLD] Strategy VOLUME_CLIMAX error: 'volume'
2026-07-21 00:23:56,309 - [ERROR] - [GOLD] Strategy VOLUME_CLIMAX error: 'volume'
2026-07-21 00:23:57,682 - [ERROR] - [GOLD] Strategy VOLUME_CLIMAX error: 'volume'
2026-07-21 00:23:57,933 - [ERROR] - [SILVER] Strategy VOLUME_CLIMAX error: 'volume'
2026-07-21 00:23:59,518 - [ERROR] - [GOLD] Strategy VOLUME_CLIMAX error: 'volume'
2026-07-21 00:23:59,960 - [ERROR] - [SILVER] Strategy VOLUME_CLIMAX error: 'volume'
2026-07-21 00:24:01,127 - [ERROR] - [GOLD] Strategy VOLUME_CLIMAX error: 'volume'
2026-07-21 00:24:01,515 - [ERROR] - [SILVER] Strategy VOLUME_CLIMAX error: 'volume'
2026-07-21 00:24:02,817 - [ERROR] - [GOLD] Strategy VOLUME_CLIMAX error: 'volume'
2026-07-21 00:24:03,161 - [ERROR] - [SILVER] Strategy VOLUME_CLIMAX error: 'volume'
2026-07-21 00:24:04,819 - [ERROR] - [GOLD] Strategy VOLUME_CLIMAX error: 'volume'
2026-07-21 00:24:04,878 - [ERROR] - [SILVER] Strategy VOLUME_CLIMAX error: 'volume'
2026-07-21 00:24:06,653 - [ERROR] - [SILVER] Strategy VOLUME_CLIMAX error: 'volume'
2026-07-21 00:24:06,694 - [ERROR] - [GOLD] Strategy VOLUME_CLIMAX error: 'volume'
2026-07-21 00:24:08,629 - [ERROR] - [SILVER] Strategy VOLUME_CLIMAX error: 'volume'
2026-07-21 00:24:08,892 - [ERROR] - [GOLD] Strategy VOLUME_CLIMAX error: 'volume'
2026-07-21 00:24:10,372 - [ERROR] - [SILVER] Strategy VOLUME_CLIMAX error: 'volume'
2026-07-21 00:24:10,915 - [ERROR] - [GOLD] Strategy VOLUME_CLIMAX error: 'volume'
2026-07-21 00:24:11,958 - [ERROR] - [SILVER] Strategy VOLUME_CLIMAX error: 'volume'
2026-07-21 00:24:12,453 - [ERROR] - [GOLD] Strategy VOLUME_CLIMAX error: 'volume'
2026-07-21 00:24:13,684 - [ERROR] - [SILVER] Strategy VOLUME_CLIMAX error: 'volume'
2026-07-21 00:24:14,165 - [ERROR] - [GOLD] Strategy VOLUME_CLIMAX error: 'volume'
2026-07-21 00:24:16,000 - [ERROR] - [SILVER] Strategy VOLUME_CLIMAX error: 'volume'
2026-07-21 00:24:16,120 - [ERROR] - [GOLD] Strategy VOLUME_CLIMAX error: 'volume'
2026-07-21 00:24:18,243 - [ERROR] - [GOLD] Strategy VOLUME_CLIMAX error: 'volume'
2026-07-21 00:24:18,247 - [ERROR] - [SILVER] Strategy VOLUME_CLIMAX error: 'volume'
2026-07-21 00:24:20,241 - [ERROR] - [SILVER] Strategy VOLUME_CLIMAX error: 'volume'
2026-07-21 00:24:20,256 - [ERROR] - [GOLD] Strategy VOLUME_CLIMAX error: 'volume'
2026-07-21 00:24:22,125 - [ERROR] - [SILVER] Strategy VOLUME_CLIMAX error: 'volume'
2026-07-21 00:24:22,208 - [ERROR] - [GOLD] Strategy VOLUME_CLIMAX error: 'volume'
2026-07-21 00:24:24,176 - [ERROR] - [SILVER] Strategy VOLUME_CLIMAX error: 'volume'
2026-07-21 00:24:24,597 - [ERROR] - [GOLD] Strategy VOLUME_CLIMAX error: 'volume'
2026-07-21 00:24:25,748 - [ERROR] - [SILVER] Strategy VOLUME_CLIMAX error: 'volume'
2026-07-21 00:24:26,591 - [ERROR] - [GOLD] Strategy VOLUME_CLIMAX error: 'volume'
2026-07-21 00:24:27,436 - [ERROR] - [SILVER] Strategy VOLUME_CLIMAX error: 'volume'
2026-07-21 00:24:28,403 - [ERROR] - [GOLD] Strategy VOLUME_CLIMAX error: 'volume'
2026-07-21 00:24:29,424 - [ERROR] - [SILVER] Strategy VOLUME_CLIMAX error: 'volume'
2026-07-21 00:24:30,133 - [ERROR] - [GOLD] Strategy VOLUME_CLIMAX error: 'volume'
2026-07-21 00:24:31,760 - [ERROR] - [SILVER] Strategy VOLUME_CLIMAX error: 'volume'
2026-07-21 00:24:31,965 - [ERROR] - [GOLD] Strategy VOLUME_CLIMAX error: 'volume'
2026-07-21 00:24:33,993 - [ERROR] - [SILVER] Strategy VOLUME_CLIMAX error: 'volume'
2026-07-21 00:24:34,043 - [ERROR] - [GOLD] Strategy VOLUME_CLIMAX error: 'volume'
2026-07-21 00:24:36,218 - [ERROR] - [SILVER] Strategy VOLUME_CLIMAX error: 'volume'
2026-07-21 00:24:36,221 - [ERROR] - [GOLD] Strategy VOLUME_CLIMAX error: 'volume'
2026-07-21 00:24:38,142 - [ERROR] - [SILVER] Strategy VOLUME_CLIMAX error: 'volume'
2026-07-21 00:24:38,393 - [ERROR] - [GOLD] Strategy VOLUME_CLIMAX error: 'volume'
2026-07-21 00:24:40,211 - [ERROR] - [SILVER] Strategy VOLUME_CLIMAX error: 'volume'
2026-07-21 00:24:40,577 - [ERROR] - [GOLD] Strategy VOLUME_CLIMAX error: 'volume'
2026-07-21 00:24:41,774 - [ERROR] - [SILVER] Strategy VOLUME_CLIMAX error: 'volume'
2026-07-21 00:24:42,487 - [ERROR] - [GOLD] Strategy VOLUME_CLIMAX error: 'volume'
2026-07-21 00:24:43,331 - [ERROR] - [SILVER] Strategy VOLUME_CLIMAX error: 'volume'
2026-07-21 00:24:44,053 - [ERROR] - [GOLD] Strategy VOLUME_CLIMAX error: 'volume'
2026-07-21 00:24:45,328 - [ERROR] - [SILVER] Strategy VOLUME_CLIMAX error: 'volume'
2026-07-21 00:24:45,747 - [ERROR] - [GOLD] Strategy VOLUME_CLIMAX error: 'volume'
2026-07-21 00:24:47,773 - [ERROR] - [GOLD] Strategy VOLUME_CLIMAX error: 'volume'
2026-07-21 00:24:47,784 - [ERROR] - [SILVER] Strategy VOLUME_CLIMAX error: 'volume'
2026-07-21 00:24:49,814 - [ERROR] - [GOLD] Strategy VOLUME_CLIMAX error: 'volume'
2026-07-21 00:24:49,839 - [ERROR] - [SILVER] Strategy VOLUME_CLIMAX error: 'volume'
2026-07-21 00:24:51,813 - [ERROR] - [GOLD] Strategy VOLUME_CLIMAX error: 'volume'
2026-07-21 00:24:51,953 - [ERROR] - [SILVER] Strategy VOLUME_CLIMAX error: 'volume'
2026-07-21 00:24:53,924 - [ERROR] - [GOLD] Strategy VOLUME_CLIMAX error: 'volume'
2026-07-21 00:24:54,335 - [ERROR] - [SILVER] Strategy VOLUME_CLIMAX error: 'volume'
2026-07-21 00:24:54,864 - [INFO] - [ETHUSD] Trade in Golden Hour (18 UTC). Targeting 3.0 R:R.
2026-07-21 00:24:54,893 - [ERROR] - [ETHUSD] ML Inference Error: cannot access local variable 'pd' where it is not associated with a value. Proceeding without ML.
2026-07-21 00:24:54,901 - [INFO] - [ETHUSD] Anti-Martingale: 2 Losses in a row! Halving risk to 0.50%
2026-07-21 00:24:54,906 - [WARNING] - [ETHUSD] [RISK_CAP] Lot size 1.85 capped to 0.5 for safety.
2026-07-21 00:24:55,129 - [INFO] - [ETHUSD] SUCCESS - Opened SELL | Strat: MACD_DIVERGENCE | Lot: 0.5 | SL: 1904.6642857142856
2026-07-21 00:24:55,721 - [ERROR] - [GOLD] Strategy VOLUME_CLIMAX error: 'volume'
2026-07-21 00:24:56,496 - [ERROR] - [SILVER] Strategy VOLUME_CLIMAX error: 'volume'
2026-07-21 00:24:57,211 - [ERROR] - [GOLD] Strategy VOLUME_CLIMAX error: 'volume'
2026-07-21 00:24:58,122 - [ERROR] - [SILVER] Strategy VOLUME_CLIMAX error: 'volume'
2026-07-21 00:24:58,708 - [ERROR] - [GOLD] Strategy VOLUME_CLIMAX error: 'volume'
2026-07-21 00:24:59,666 - [ERROR] - [SILVER] Strategy VOLUME_CLIMAX error: 'volume'
2026-07-21 00:25:00,399 - [WARNING] - [GOLD] \U0001f6a8 Spread Protection: Live Spread (57) > Max Allowable (40). Trade Aborted.
2026-07-21 00:25:01,012 - [ERROR] - [SILVER] Strategy VOLUME_CLIMAX error: 'volume'
2026-07-21 00:25:02,354 - [ERROR] - [SILVER] Strategy VOLUME_CLIMAX error: 'volume'
2026-07-21 00:25:03,707 - [ERROR] - [SILVER] Strategy VOLUME_CLIMAX error: 'volume'
2026-07-21 00:25:05,101 - [ERROR] - [SILVER] Strategy VOLUME_CLIMAX error: 'volume'
2026-07-21 00:25:06,469 - [ERROR] - [SILVER] Strategy VOLUME_CLIMAX error: 'volume'
2026-07-21 00:25:07,831 - [ERROR] - [SILVER] Strategy VOLUME_CLIMAX error: 'volume'
2026-07-21 00:25:09,188 - [ERROR] - [SILVER] Strategy VOLUME_CLIMAX error: 'volume'
2026-07-21 00:25:10,542 - [ERROR] - [SILVER] Strategy VOLUME_CLIMAX error: 'volume'
2026-07-21 00:25:11,900 - [ERROR] - [SILVER] Strategy VOLUME_CLIMAX error: 'volume'
2026-07-21 00:25:13,250 - [ERROR] - [SILVER] Strategy VOLUME_CLIMAX error: 'volume'
2026-07-21 00:25:14,617 - [ERROR] - [SILVER] Strategy VOLUME_CLIMAX error: 'volume'
2026-07-21 00:25:15,973 - [ERROR] - [SILVER] Strategy VOLUME_CLIMAX error: 'volume'
2026-07-21 00:25:17,325 - [WARNING] - [SILVER] \U0001f6a8 Spread Protection: Live Spread (70) > Max Allowable (40). Trade Aborted.
2026-07-21 00:27:00,813 - [ERROR] - [GOLD] Strategy VOLUME_CLIMAX error: 'volume'
2026-07-21 00:27:02,166 - [ERROR] - [GOLD] Strategy VOLUME_CLIMAX error: 'volume'
2026-07-21 00:27:03,515 - [ERROR] - [GOLD] Strategy VOLUME_CLIMAX error: 'volume'
2026-07-21 00:27:04,857 - [ERROR] - [GOLD] Strategy VOLUME_CLIMAX error: 'volume'
2026-07-21 00:27:06,218 - [ERROR] - [GOLD] Strategy VOLUME_CLIMAX error: 'volume'
2026-07-21 00:27:07,574 - [ERROR] - [GOLD] Strategy VOLUME_CLIMAX error: 'volume'
2026-07-21 00:27:08,918 - [ERROR] - [GOLD] Strategy VOLUME_CLIMAX error: 'volume'
2026-07-21 00:27:10,275 - [ERROR] - [GOLD] Strategy VOLUME_CLIMAX error: 'volume'
2026-07-21 00:27:11,643 - [ERROR] - [GOLD] Strategy VOLUME_CLIMAX error: 'volume'
2026-07-21 00:27:12,984 - [ERROR] - [GOLD] Strategy VOLUME_CLIMAX error: 'volume'
2026-07-21 00:27:14,336 - [ERROR] - [GOLD] Strategy VOLUME_CLIMAX error: 'volume'
2026-07-21 00:27:15,691 - [ERROR] - [GOLD] Strategy VOLUME_CLIMAX error: 'volume'
2026-07-21 00:27:17,054 - [ERROR] - [GOLD] Strategy VOLUME_CLIMAX error: 'volume'
2026-07-21 00:27:18,428 - [ERROR] - [SILVER] Strategy VOLUME_CLIMAX error: 'volume'
2026-07-21 00:27:18,567 - [ERROR] - [GOLD] Strategy VOLUME_CLIMAX error: 'volume'
2026-07-21 00:27:20,086 - [ERROR] - [SILVER] Strategy VOLUME_CLIMAX error: 'volume'
2026-07-21 00:27:20,362 - [ERROR] - [GOLD] Strategy VOLUME_CLIMAX error: 'volume'
2026-07-21 00:27:21,837 - [ERROR] - [SILVER] Strategy VOLUME_CLIMAX error: 'volume'
2026-07-21 00:27:22,240 - [ERROR] - [GOLD] Strategy VOLUME_CLIMAX error: 'volume'
2026-07-21 00:27:23,258 - [ERROR] - [SILVER] Strategy VOLUME_CLIMAX error: 'volume'
2026-07-21 00:27:23,948 - [WARNING] - [GOLD] \U0001f6a8 Spread Protection: Live Spread (57) > Max Allowable (40). Trade Aborted.
2026-07-21 00:27:24,616 - [ERROR] - [SILVER] Strategy VOLUME_CLIMAX error: 'volume'
2026-07-21 00:27:25,982 - [ERROR] - [SILVER] Strategy VOLUME_CLIMAX error: 'volume'
2026-07-21 00:27:27,355 - [ERROR] - [SILVER] Strategy VOLUME_CLIMAX error: 'volume'
2026-07-21 00:27:28,714 - [ERROR] - [SILVER] Strategy VOLUME_CLIMAX error: 'volume'
2026-07-21 00:27:30,080 - [ERROR] - [SILVER] Strategy VOLUME_CLIMAX error: 'volume'
2026-07-21 00:27:31,444 - [ERROR] - [SILVER] Strategy VOLUME_CLIMAX error: 'volume'
2026-07-21 00:27:32,800 - [ERROR] - [SILVER] Strategy VOLUME_CLIMAX error: 'volume'
2026-07-21 00:27:34,158 - [ERROR] - [SILVER] Strategy VOLUME_CLIMAX error: 'volume'
2026-07-21 00:27:35,527 - [ERROR] - [SILVER] Strategy VOLUME_CLIMAX error: 'volume'
2026-07-21 00:27:36,879 - [ERROR] - [SILVER] Strategy VOLUME_CLIMAX error: 'volume'
2026-07-21 00:27:38,239 - [ERROR] - [SILVER] Strategy VOLUME_CLIMAX error: 'volume'
2026-07-21 00:27:39,601 - [ERROR] - [SILVER] Strategy VOLUME_CLIMAX error: 'volume'
2026-07-21 00:27:40,958 - [ERROR] - [SILVER] Strategy VOLUME_CLIMAX error: 'volume'
2026-07-21 00:27:42,319 - [ERROR] - [SILVER] Strategy VOLUME_CLIMAX error: 'volume'
2026-07-21 00:27:43,682 - [ERROR] - [SILVER] Strategy VOLUME_CLIMAX error: 'volume'
2026-07-21 00:27:45,030 - [ERROR] - [SILVER] Strategy VOLUME_CLIMAX error: 'volume'
2026-07-21 00:27:46,378 - [ERROR] - [SILVER] Strategy VOLUME_CLIMAX error: 'volume'
2026-07-21 00:27:47,740 - [ERROR] - [SILVER] Strategy VOLUME_CLIMAX error: 'volume'
2026-07-21 00:27:49,089 - [ERROR] - [SILVER] Strategy VOLUME_CLIMAX error: 'volume'
2026-07-21 00:27:50,438 - [ERROR] - [SILVER] Strategy VOLUME_CLIMAX error: 'volume'
2026-07-21 00:27:51,803 - [ERROR] - [SILVER] Strategy VOLUME_CLIMAX error: 'volume'
2026-07-21 00:27:53,163 - [ERROR] - [SILVER] Strategy VOLUME_CLIMAX error: 'volume'
2026-07-21 00:27:54,517 - [ERROR] - [SILVER] Strategy VOLUME_CLIMAX error: 'volume'
2026-07-21 00:27:55,888 - [ERROR] - [SILVER] Strategy VOLUME_CLIMAX error: 'volume'
2026-07-21 00:27:57,256 - [ERROR] - [SILVER] Strategy VOLUME_CLIMAX error: 'volume'
2026-07-21 00:27:58,609 - [ERROR] - [SILVER] Strategy VOLUME_CLIMAX error: 'volume'
2026-07-21 00:27:59,974 - [ERROR] - [SILVER] Strategy VOLUME_CLIMAX error: 'volume'
2026-07-21 00:28:01,339 - [ERROR] - [SILVER] Strategy VOLUME_CLIMAX error: 'volume'
2026-07-21 00:28:02,703 - [ERROR] - [SILVER] Strategy VOLUME_CLIMAX error: 'volume'
2026-07-21 00:28:04,066 - [ERROR] - [SILVER] Strategy VOLUME_CLIMAX error: 'volume'
2026-07-21 00:28:05,424 - [ERROR] - [SILVER] Strategy VOLUME_CLIMAX error: 'volume'
2026-07-21 00:28:06,782 - [ERROR] - [SILVER] Strategy VOLUME_CLIMAX error: 'volume'
2026-07-21 00:28:08,141 - [ERROR] - [SILVER] Strategy VOLUME_CLIMAX error: 'volume'
2026-07-21 00:28:09,496 - [ERROR] - [SILVER] Strategy VOLUME_CLIMAX error: 'volume'
2026-07-21 00:28:10,849 - [ERROR] - [SILVER] Strategy VOLUME_CLIMAX error: 'volume'
2026-07-21 00:28:12,215 - [ERROR] - [SILVER] Strategy VOLUME_CLIMAX error: 'volume'
2026-07-21 00:28:13,577 - [ERROR] - [SILVER] Strategy VOLUME_CLIMAX error: 'volume'
2026-07-21 00:28:14,923 - [ERROR] - [SILVER] Strategy VOLUME_CLIMAX error: 'volume'
2026-07-21 00:28:16,286 - [ERROR] - [SILVER] Strategy VOLUME_CLIMAX error: 'volume'
2026-07-21 00:28:17,650 - [ERROR] - [SILVER] Strategy VOLUME_CLIMAX error: 'volume'
2026-07-21 00:28:19,003 - [ERROR] - [SILVER] Strategy VOLUME_CLIMAX error: 'volume'
2026-07-21 00:28:20,369 - [ERROR] - [SILVER] Strategy VOLUME_CLIMAX error: 'volume'
2026-07-21 00:28:21,728 - [ERROR] - [SILVER] Strategy VOLUME_CLIMAX error: 'volume'
2026-07-21 00:28:23,085 - [ERROR] - [SILVER] Strategy VOLUME_CLIMAX error: 'volume'
2026-07-21 00:28:24,448 - [ERROR] - [SILVER] Strategy VOLUME_CLIMAX error: 'volume'
2026-07-21 00:28:25,804 - [ERROR] - [SILVER] Strategy VOLUME_CLIMAX error: 'volume'
2026-07-21 00:28:27,156 - [ERROR] - [SILVER] Strategy VOLUME_CLIMAX error: 'volume'
2026-07-21 00:28:28,510 - [ERROR] - [SILVER] Strategy VOLUME_CLIMAX error: 'volume'
2026-07-21 00:28:29,869 - [ERROR] - [SILVER] Strategy VOLUME_CLIMAX error: 'volume'
2026-07-21 00:28:31,217 - [ERROR] - [SILVER] Strategy VOLUME_CLIMAX error: 'volume'
2026-07-21 00:28:32,566 - [ERROR] - [SILVER] Strategy VOLUME_CLIMAX error: 'volume'
2026-07-21 00:28:33,925 - [ERROR] - [SILVER] Strategy VOLUME_CLIMAX error: 'volume'
2026-07-21 00:28:35,271 - [ERROR] - [SILVER] Strategy VOLUME_CLIMAX error: 'volume'
2026-07-21 00:28:36,639 - [ERROR] - [SILVER] Strategy VOLUME_CLIMAX error: 'volume'
2026-07-21 00:28:37,988 - [ERROR] - [SILVER] Strategy VOLUME_CLIMAX error: 'volume'
2026-07-21 00:28:39,350 - [ERROR] - [SILVER] Strategy VOLUME_CLIMAX error: 'volume'
2026-07-21 00:28:40,711 - [ERROR] - [SILVER] Strategy VOLUME_CLIMAX error: 'volume'
2026-07-21 00:28:42,083 - [ERROR] - [SILVER] Strategy VOLUME_CLIMAX error: 'volume'
2026-07-21 00:28:43,435 - [ERROR] - [SILVER] Strategy VOLUME_CLIMAX error: 'volume'
2026-07-21 00:28:44,781 - [ERROR] - [SILVER] Strategy VOLUME_CLIMAX error: 'volume'
2026-07-21 00:28:46,154 - [ERROR] - [SILVER] Strategy VOLUME_CLIMAX error: 'volume'
2026-07-21 00:28:47,509 - [ERROR] - [SILVER] Strategy VOLUME_CLIMAX error: 'volume'
2026-07-21 00:28:48,872 - [ERROR] - [SILVER] Strategy VOLUME_CLIMAX error: 'volume'
2026-07-21 00:28:50,237 - [ERROR] - [SILVER] Strategy VOLUME_CLIMAX error: 'volume'
2026-07-21 00:28:51,589 - [ERROR] - [SILVER] Strategy VOLUME_CLIMAX error: 'volume'
2026-07-21 00:28:52,950 - [ERROR] - [SILVER] Strategy VOLUME_CLIMAX error: 'volume'
2026-07-21 00:28:54,335 - [ERROR] - [SILVER] Strategy VOLUME_CLIMAX error: 'volume'
2026-07-21 00:28:55,686 - [ERROR] - [SILVER] Strategy VOLUME_CLIMAX error: 'volume'
2026-07-21 00:28:57,040 - [ERROR] - [SILVER] Strategy VOLUME_CLIMAX error: 'volume'
2026-07-21 00:28:58,405 - [ERROR] - [SILVER] Strategy VOLUME_CLIMAX error: 'volume'
2026-07-21 00:28:59,773 - [ERROR] - [SILVER] Strategy VOLUME_CLIMAX error: 'volume'
2026-07-21 00:29:01,128 - [ERROR] - [SILVER] Strategy VOLUME_CLIMAX error: 'volume'
2026-07-21 00:29:02,510 - [ERROR] - [SILVER] Strategy VOLUME_CLIMAX error: 'volume'
2026-07-21 00:29:03,880 - [ERROR] - [SILVER] Strategy VOLUME_CLIMAX error: 'volume'
2026-07-21 00:29:05,233 - [ERROR] - [SILVER] Strategy VOLUME_CLIMAX error: 'volume'
2026-07-21 00:29:06,601 - [ERROR] - [SILVER] Strategy VOLUME_CLIMAX error: 'volume'
2026-07-21 00:29:07,956 - [ERROR] - [SILVER] Strategy VOLUME_CLIMAX error: 'volume'
2026-07-21 00:29:09,315 - [ERROR] - [SILVER] Strategy VOLUME_CLIMAX error: 'volume'
2026-07-21 00:29:10,681 - [ERROR] - [SILVER] Strategy VOLUME_CLIMAX error: 'volume'
2026-07-21 00:29:12,045 - [ERROR] - [SILVER] Strategy VOLUME_CLIMAX error: 'volume'
2026-07-21 00:29:13,398 - [ERROR] - [SILVER] Strategy VOLUME_CLIMAX error: 'volume'
2026-07-21 00:29:14,754 - [ERROR] - [SILVER] Strategy VOLUME_CLIMAX error: 'volume'
2026-07-21 00:29:16,113 - [ERROR] - [SILVER] Strategy VOLUME_CLIMAX error: 'volume'
2026-07-21 00:29:17,471 - [ERROR] - [SILVER] Strategy VOLUME_CLIMAX error: 'volume'
2026-07-21 00:29:18,810 - [ERROR] - [SILVER] Strategy VOLUME_CLIMAX error: 'volume'
2026-07-21 00:29:20,166 - [ERROR] - [SILVER] Strategy VOLUME_CLIMAX error: 'volume'
2026-07-21 00:29:21,509 - [ERROR] - [SILVER] Strategy VOLUME_CLIMAX error: 'volume'
2026-07-21 00:29:22,859 - [ERROR] - [SILVER] Strategy VOLUME_CLIMAX error: 'volume'
2026-07-21 00:29:24,075 - [ERROR] - [GOLD] Strategy VOLUME_CLIMAX error: 'volume'
2026-07-21 00:29:24,350 - [ERROR] - [SILVER] Strategy VOLUME_CLIMAX error: 'volume'
2026-07-21 00:29:25,656 - [ERROR] - [GOLD] Strategy VOLUME_CLIMAX error: 'volume'
2026-07-21 00:29:25,949 - [ERROR] - [SILVER] Strategy VOLUME_CLIMAX error: 'volume'
2026-07-21 00:29:27,224 - [ERROR] - [GOLD] Strategy VOLUME_CLIMAX error: 'volume'
2026-07-21 00:29:27,510 - [ERROR] - [SILVER] Strategy VOLUME_CLIMAX error: 'volume'
2026-07-21 00:29:28,781 - [ERROR] - [GOLD] Strategy VOLUME_CLIMAX error: 'volume'
2026-07-21 00:29:29,117 - [WARNING] - [SILVER] \U0001f6a8 Spread Protection: Live Spread (68) > Max Allowable (40). Trade Aborted.
2026-07-21 00:29:30,132 - [ERROR] - [GOLD] Strategy VOLUME_CLIMAX error: 'volume'
2026-07-21 00:29:31,506 - [ERROR] - [GOLD] Strategy VOLUME_CLIMAX error: 'volume'
2026-07-21 00:29:32,871 - [ERROR] - [GOLD] Strategy VOLUME_CLIMAX error: 'volume'
2026-07-21 00:29:34,232 - [ERROR] - [GOLD] Strategy VOLUME_CLIMAX error: 'volume'
2026-07-21 00:29:35,602 - [ERROR] - [GOLD] Strategy VOLUME_CLIMAX error: 'volume'
2026-07-21 00:29:36,961 - [ERROR] - [GOLD] Strategy VOLUME_CLIMAX error: 'volume'
2026-07-21 00:29:38,331 - [ERROR] - [GOLD] Strategy VOLUME_CLIMAX error: 'volume'
2026-07-21 00:29:39,685 - [ERROR] - [GOLD] Strategy VOLUME_CLIMAX error: 'volume'
2026-07-21 00:29:41,032 - [ERROR] - [GOLD] Strategy VOLUME_CLIMAX error: 'volume'
2026-07-21 00:29:42,392 - [ERROR] - [GOLD] Strategy VOLUME_CLIMAX error: 'volume'
2026-07-21 00:29:43,761 - [ERROR] - [GOLD] Strategy VOLUME_CLIMAX error: 'volume'
2026-07-21 00:29:45,155 - [ERROR] - [GOLD] Strategy VOLUME_CLIMAX error: 'volume'
2026-07-21 00:29:46,550 - [ERROR] - [GOLD] Strategy VOLUME_CLIMAX error: 'volume'
2026-07-21 00:29:47,911 - [ERROR] - [GOLD] Strategy VOLUME_CLIMAX error: 'volume'
2026-07-21 00:29:49,262 - [ERROR] - [GOLD] Strategy VOLUME_CLIMAX error: 'volume'
2026-07-21 00:29:50,627 - [ERROR] - [GOLD] Strategy VOLUME_CLIMAX error: 'volume'
2026-07-21 00:29:52,006 - [ERROR] - [GOLD] Strategy VOLUME_CLIMAX error: 'volume'
2026-07-21 00:29:53,370 - [ERROR] - [GOLD] Strategy VOLUME_CLIMAX error: 'volume'
2026-07-21 00:29:54,731 - [ERROR] - [GOLD] Strategy VOLUME_CLIMAX error: 'volume'
2026-07-21 00:29:56,102 - [ERROR] - [GOLD] Strategy VOLUME_CLIMAX error: 'volume'
2026-07-21 00:29:57,466 - [ERROR] - [GOLD] Strategy VOLUME_CLIMAX error: 'volume'
2026-07-21 00:29:58,819 - [ERROR] - [GOLD] Strategy VOLUME_CLIMAX error: 'volume'
2026-07-21 00:30:00,171 - [WARNING] - [GOLD] \U0001f6a8 Spread Protection: Live Spread (56) > Max Allowable (40). Trade Aborted.
2026-07-21 00:31:29,441 - [WARNING] - [SILVER] \U0001f6a8 Spread Protection: Live Spread (69) > Max Allowable (40). Trade Aborted.
2026-07-21 00:32:01,180 - [WARNING] - [GOLD] \U0001f6a8 Spread Protection: Live Spread (58) > Max Allowable (40). Trade Aborted.
2026-07-21 00:33:30,547 - [ERROR] - [SILVER] Strategy VOLUME_CLIMAX error: 'volume'
2026-07-21 00:33:32,292 - [ERROR] - [SILVER] Strategy VOLUME_CLIMAX error: 'volume'
2026-07-21 00:33:33,955 - [ERROR] - [SILVER] Strategy VOLUME_CLIMAX error: 'volume'
2026-07-21 00:33:35,585 - [ERROR] - [SILVER] Strategy VOLUME_CLIMAX error: 'volume'
2026-07-21 00:33:37,210 - [ERROR] - [SILVER] Strategy VOLUME_CLIMAX error: 'volume'
2026-07-21 00:33:38,627 - [ERROR] - [SILVER] Strategy VOLUME_CLIMAX error: 'volume'
2026-07-21 00:33:40,010 - [ERROR] - [SILVER] Strategy VOLUME_CLIMAX error: 'volume'
2026-07-21 00:33:41,374 - [ERROR] - [SILVER] Strategy VOLUME_CLIMAX error: 'volume'
2026-07-21 00:33:42,759 - [ERROR] - [SILVER] Strategy VOLUME_CLIMAX error: 'volume'
2026-07-21 00:33:44,121 - [ERROR] - [SILVER] Strategy VOLUME_CLIMAX error: 'volume'
2026-07-21 00:33:45,480 - [ERROR] - [SILVER] Strategy VOLUME_CLIMAX error: 'volume'
2026-07-21 00:33:46,826 - [ERROR] - [SILVER] Strategy VOLUME_CLIMAX error: 'volume'
2026-07-21 00:33:48,177 - [ERROR] - [SILVER] Strategy VOLUME_CLIMAX error: 'volume'
2026-07-21 00:33:49,544 - [ERROR] - [SILVER] Strategy VOLUME_CLIMAX error: 'volume'
2026-07-21 00:33:50,918 - [ERROR] - [SILVER] Strategy VOLUME_CLIMAX error: 'volume'
2026-07-21 00:33:52,289 - [ERROR] - [SILVER] Strategy VOLUME_CLIMAX error: 'volume'
2026-07-21 00:33:53,638 - [ERROR] - [SILVER] Strategy VOLUME_CLIMAX error: 'volume'
2026-07-21 00:33:55,003 - [ERROR] - [SILVER] Strategy VOLUME_CLIMAX error: 'volume'
2026-07-21 00:33:56,371 - [ERROR] - [SILVER] Strategy VOLUME_CLIMAX error: 'volume'
2026-07-21 00:33:57,718 - [ERROR] - [SILVER] Strategy VOLUME_CLIMAX error: 'volume'
2026-07-21 00:33:59,077 - [ERROR] - [SILVER] Strategy VOLUME_CLIMAX error: 'volume'
2026-07-21 00:34:00,446 - [ERROR] - [SILVER] Strategy VOLUME_CLIMAX error: 'volume'
2026-07-21 00:34:01,358 - [ERROR] - [GOLD] Strategy VOLUME_CLIMAX error: 'volume'
2026-07-21 00:34:02,037 - [ERROR] - [SILVER] Strategy VOLUME_CLIMAX error: 'volume'
2026-07-21 00:34:03,137 - [ERROR] - [GOLD] Strategy VOLUME_CLIMAX error: 'volume'
2026-07-21 00:34:03,652 - [ERROR] - [SILVER] Strategy VOLUME_CLIMAX error: 'volume'
2026-07-21 00:34:04,571 - [ERROR] - [GOLD] Strategy VOLUME_CLIMAX error: 'volume'
2026-07-21 00:34:05,423 - [ERROR] - [SILVER] Strategy VOLUME_CLIMAX error: 'volume'
2026-07-21 00:34:06,002 - [ERROR] - [GOLD] Strategy VOLUME_CLIMAX error: 'volume'
2026-07-21 00:34:07,250 - [WARNING] - [SILVER] \U0001f6a8 Spread Protection: Live Spread (69) > Max Allowable (40). Trade Aborted.
2026-07-21 00:34:07,370 - [ERROR] - [GOLD] Strategy VOLUME_CLIMAX error: 'volume'
2026-07-21 00:34:08,738 - [ERROR] - [GOLD] Strategy VOLUME_CLIMAX error: 'volume'
2026-07-21 00:34:10,111 - [ERROR] - [GOLD] Strategy VOLUME_CLIMAX error: 'volume'
2026-07-21 00:34:11,473 - [ERROR] - [GOLD] Strategy VOLUME_CLIMAX error: 'volume'
2026-07-21 00:34:12,831 - [ERROR] - [GOLD] Strategy VOLUME_CLIMAX error: 'volume'
2026-07-21 00:34:14,197 - [ERROR] - [GOLD] Strategy VOLUME_CLIMAX error: 'volume'
2026-07-21 00:34:15,570 - [ERROR] - [GOLD] Strategy VOLUME_CLIMAX error: 'volume'
2026-07-21 00:34:16,920 - [ERROR] - [GOLD] Strategy VOLUME_CLIMAX error: 'volume'
2026-07-21 00:34:18,328 - [ERROR] - [GOLD] Strategy VOLUME_CLIMAX error: 'volume'
2026-07-21 00:34:19,715 - [ERROR] - [GOLD] Strategy VOLUME_CLIMAX error: 'volume'
2026-07-21 00:34:21,112 - [ERROR] - [GOLD] Strategy VOLUME_CLIMAX error: 'volume'
2026-07-21 00:34:22,481 - [ERROR] - [GOLD] Strategy VOLUME_CLIMAX error: 'volume'
2026-07-21 00:34:23,855 - [ERROR] - [GOLD] Strategy VOLUME_CLIMAX error: 'volume'
2026-07-21 00:34:25,218 - [ERROR] - [GOLD] Strategy VOLUME_CLIMAX error: 'volume'
2026-07-21 00:34:26,569 - [ERROR] - [GOLD] Strategy VOLUME_CLIMAX error: 'volume'
2026-07-21 00:34:27,930 - [ERROR] - [GOLD] Strategy VOLUME_CLIMAX error: 'volume'
2026-07-21 00:34:29,285 - [ERROR] - [GOLD] Strategy VOLUME_CLIMAX error: 'volume'
2026-07-21 00:34:30,638 - [ERROR] - [GOLD] Strategy VOLUME_CLIMAX error: 'volume'
2026-07-21 00:34:32,002 - [ERROR] - [GOLD] Strategy VOLUME_CLIMAX error: 'volume'
2026-07-21 00:34:33,362 - [ERROR] - [GOLD] Strategy VOLUME_CLIMAX error: 'volume'
2026-07-21 00:34:34,714 - [ERROR] - [GOLD] Strategy VOLUME_CLIMAX error: 'volume'
2026-07-21 00:34:36,065 - [ERROR] - [GOLD] Strategy VOLUME_CLIMAX error: 'volume'
2026-07-21 00:34:37,416 - [ERROR] - [GOLD] Strategy VOLUME_CLIMAX error: 'volume'
2026-07-21 00:34:38,761 - [ERROR] - [GOLD] Strategy VOLUME_CLIMAX error: 'volume'
2026-07-21 00:34:40,116 - [ERROR] - [GOLD] Strategy VOLUME_CLIMAX error: 'volume'
2026-07-21 00:34:41,462 - [ERROR] - [GOLD] Strategy VOLUME_CLIMAX error: 'volume'
2026-07-21 00:34:42,813 - [ERROR] - [GOLD] Strategy VOLUME_CLIMAX error: 'volume'
2026-07-21 00:34:44,155 - [ERROR] - [GOLD] Strategy VOLUME_CLIMAX error: 'volume'
2026-07-21 00:34:45,508 - [ERROR] - [GOLD] Strategy VOLUME_CLIMAX error: 'volume'
2026-07-21 00:34:46,857 - [ERROR] - [GOLD] Strategy VOLUME_CLIMAX error: 'volume'
2026-07-21 00:34:48,208 - [ERROR] - [GOLD] Strategy VOLUME_CLIMAX error: 'volume'
2026-07-21 00:34:49,574 - [ERROR] - [GOLD] Strategy VOLUME_CLIMAX error: 'volume'
2026-07-21 00:34:50,936 - [ERROR] - [GOLD] Strategy VOLUME_CLIMAX error: 'volume'
2026-07-21 00:34:52,297 - [ERROR] - [GOLD] Strategy VOLUME_CLIMAX error: 'volume'
2026-07-21 00:34:53,667 - [ERROR] - [GOLD] Strategy VOLUME_CLIMAX error: 'volume'
2026-07-21 00:34:55,023 - [ERROR] - [GOLD] Strategy VOLUME_CLIMAX error: 'volume'
2026-07-21 00:34:56,382 - [ERROR] - [GOLD] Strategy VOLUME_CLIMAX error: 'volume'
2026-07-21 00:34:57,751 - [ERROR] - [GOLD] Strategy VOLUME_CLIMAX error: 'volume'
2026-07-21 00:34:59,108 - [ERROR] - [GOLD] Strategy VOLUME_CLIMAX error: 'volume'
2026-07-21 00:35:00,462 - [ERROR] - [GOLD] Strategy VOLUME_CLIMAX error: 'volume'
2026-07-21 00:35:01,835 - [ERROR] - [GOLD] Strategy VOLUME_CLIMAX error: 'volume'
2026-07-21 00:35:03,199 - [ERROR] - [GOLD] Strategy VOLUME_CLIMAX error: 'volume'
2026-07-21 00:35:04,551 - [ERROR] - [GOLD] Strategy VOLUME_CLIMAX error: 'volume'
2026-07-21 00:35:05,922 - [ERROR] - [GOLD] Strategy VOLUME_CLIMAX error: 'volume'
2026-07-21 00:35:07,280 - [ERROR] - [GOLD] Strategy VOLUME_CLIMAX error: 'volume'
2026-07-21 00:35:08,632 - [ERROR] - [GOLD] Strategy VOLUME_CLIMAX error: 'volume'
2026-07-21 00:35:09,998 - [ERROR] - [GOLD] Strategy VOLUME_CLIMAX error: 'volume'
2026-07-21 00:35:11,352 - [ERROR] - [GOLD] Strategy VOLUME_CLIMAX error: 'volume'
2026-07-21 00:35:12,700 - [ERROR] - [GOLD] Strategy VOLUME_CLIMAX error: 'volume'
2026-07-21 00:35:14,066 - [ERROR] - [GOLD] Strategy VOLUME_CLIMAX error: 'volume'
2026-07-21 00:35:15,419 - [ERROR] - [GOLD] Strategy VOLUME_CLIMAX error: 'volume'
2026-07-21 00:35:16,768 - [ERROR] - [GOLD] Strategy VOLUME_CLIMAX error: 'volume'
2026-07-21 00:35:18,120 - [ERROR] - [GOLD] Strategy VOLUME_CLIMAX error: 'volume'
2026-07-21 00:35:19,469 - [ERROR] - [GOLD] Strategy VOLUME_CLIMAX error: 'volume'
2026-07-21 00:35:20,819 - [ERROR] - [GOLD] Strategy VOLUME_CLIMAX error: 'volume'
2026-07-21 00:35:22,177 - [ERROR] - [GOLD] Strategy VOLUME_CLIMAX error: 'volume'
2026-07-21 00:35:23,574 - [ERROR] - [GOLD] Strategy VOLUME_CLIMAX error: 'volume'
2026-07-21 00:35:24,939 - [ERROR] - [GOLD] Strategy VOLUME_CLIMAX error: 'volume'
2026-07-21 00:35:26,294 - [ERROR] - [GOLD] Strategy VOLUME_CLIMAX error: 'volume'
2026-07-21 00:35:27,649 - [ERROR] - [GOLD] Strategy VOLUME_CLIMAX error: 'volume'
2026-07-21 00:35:28,992 - [ERROR] - [GOLD] Strategy VOLUME_CLIMAX error: 'volume'
2026-07-21 00:35:30,346 - [ERROR] - [GOLD] Strategy VOLUME_CLIMAX error: 'volume'
2026-07-21 00:35:31,691 - [ERROR] - [GOLD] Strategy VOLUME_CLIMAX error: 'volume'
2026-07-21 00:35:33,043 - [ERROR] - [GOLD] Strategy VOLUME_CLIMAX error: 'volume'
2026-07-21 00:35:34,413 - [ERROR] - [GOLD] Strategy VOLUME_CLIMAX error: 'volume'
2026-07-21 00:35:35,772 - [ERROR] - [GOLD] Strategy VOLUME_CLIMAX error: 'volume'
2026-07-21 00:35:37,136 - [ERROR] - [GOLD] Strategy VOLUME_CLIMAX error: 'volume'
2026-07-21 00:35:38,506 - [ERROR] - [GOLD] Strategy VOLUME_CLIMAX error: 'volume'
2026-07-21 00:35:39,859 - [ERROR] - [GOLD] Strategy VOLUME_CLIMAX error: 'volume'
2026-07-21 00:35:41,216 - [ERROR] - [GOLD] Strategy VOLUME_CLIMAX error: 'volume'
2026-07-21 00:35:42,579 - [ERROR] - [GOLD] Strategy VOLUME_CLIMAX error: 'volume'
2026-07-21 00:35:44,004 - [ERROR] - [GOLD] Strategy VOLUME_CLIMAX error: 'volume'
2026-07-21 00:35:45,361 - [ERROR] - [GOLD] Strategy VOLUME_CLIMAX error: 'volume'
2026-07-21 00:35:46,727 - [ERROR] - [GOLD] Strategy VOLUME_CLIMAX error: 'volume'
2026-07-21 00:35:48,084 - [ERROR] - [GOLD] Strategy VOLUME_CLIMAX error: 'volume'
2026-07-21 00:35:49,452 - [ERROR] - [GOLD] Strategy VOLUME_CLIMAX error: 'volume'
2026-07-21 00:35:50,818 - [ERROR] - [GOLD] Strategy VOLUME_CLIMAX error: 'volume'
2026-07-21 00:35:52,174 - [ERROR] - [GOLD] Strategy VOLUME_CLIMAX error: 'volume'
2026-07-21 00:35:53,546 - [ERROR] - [GOLD] Strategy VOLUME_CLIMAX error: 'volume'
2026-07-21 00:35:54,918 - [ERROR] - [GOLD] Strategy VOLUME_CLIMAX error: 'volume'
2026-07-21 00:35:56,277 - [ERROR] - [GOLD] Strategy VOLUME_CLIMAX error: 'volume'
2026-07-21 00:35:57,645 - [ERROR] - [GOLD] Strategy VOLUME_CLIMAX error: 'volume'
2026-07-21 00:35:58,998 - [ERROR] - [GOLD] Strategy VOLUME_CLIMAX error: 'volume'
2026-07-21 00:36:00,366 - [ERROR] - [GOLD] Strategy VOLUME_CLIMAX error: 'volume'
2026-07-21 00:36:01,717 - [ERROR] - [GOLD] Strategy VOLUME_CLIMAX error: 'volume'
2026-07-21 00:36:03,076 - [ERROR] - [GOLD] Strategy VOLUME_CLIMAX error: 'volume'
2026-07-21 00:36:04,446 - [ERROR] - [GOLD] Strategy VOLUME_CLIMAX error: 'volume'
2026-07-21 00:36:05,800 - [ERROR] - [GOLD] Strategy VOLUME_CLIMAX error: 'volume'
2026-07-21 00:36:07,154 - [ERROR] - [GOLD] Strategy VOLUME_CLIMAX error: 'volume'
2026-07-21 00:36:07,486 - [WARNING] - [SILVER] \U0001f6a8 Spread Protection: Live Spread (72) > Max Allowable (40). Trade Aborted.
2026-07-21 00:36:08,629 - [ERROR] - [GOLD] Strategy VOLUME_CLIMAX error: 'volume'
2026-07-21 00:36:09,975 - [ERROR] - [GOLD] Strategy VOLUME_CLIMAX error: 'volume'
2026-07-21 00:36:11,326 - [ERROR] - [GOLD] Strategy VOLUME_CLIMAX error: 'volume'
2026-07-21 00:36:12,683 - [ERROR] - [GOLD] Strategy VOLUME_CLIMAX error: 'volume'
2026-07-21 00:36:14,039 - [ERROR] - [GOLD] Strategy VOLUME_CLIMAX error: 'volume'
2026-07-21 00:36:15,389 - [ERROR] - [GOLD] Strategy VOLUME_CLIMAX error: 'volume'
2026-07-21 00:36:16,749 - [ERROR] - [GOLD] Strategy VOLUME_CLIMAX error: 'volume'
2026-07-21 00:36:18,094 - [ERROR] - [GOLD] Strategy VOLUME_CLIMAX error: 'volume'
2026-07-21 00:36:19,455 - [ERROR] - [GOLD] Strategy VOLUME_CLIMAX error: 'volume'
2026-07-21 00:36:20,813 - [ERROR] - [GOLD] Strategy VOLUME_CLIMAX error: 'volume'
2026-07-21 00:36:22,176 - [ERROR] - [GOLD] Strategy VOLUME_CLIMAX error: 'volume'
2026-07-21 00:36:23,547 - [ERROR] - [GOLD] Strategy VOLUME_CLIMAX error: 'volume'
2026-07-21 00:36:24,906 - [ERROR] - [GOLD] Strategy VOLUME_CLIMAX error: 'volume'
2026-07-21 00:36:26,274 - [ERROR] - [GOLD] Strategy VOLUME_CLIMAX error: 'volume'
2026-07-21 00:36:27,635 - [ERROR] - [GOLD] Strategy VOLUME_CLIMAX error: 'volume'
2026-07-21 00:36:28,992 - [ERROR] - [GOLD] Strategy VOLUME_CLIMAX error: 'volume'
2026-07-21 00:36:30,356 - [ERROR] - [GOLD] Strategy VOLUME_CLIMAX error: 'volume'
2026-07-21 00:36:31,705 - [ERROR] - [GOLD] Strategy VOLUME_CLIMAX error: 'volume'
2026-07-21 00:36:33,062 - [ERROR] - [GOLD] Strategy VOLUME_CLIMAX error: 'volume'
2026-07-21 00:36:34,435 - [ERROR] - [GOLD] Strategy VOLUME_CLIMAX error: 'volume'
2026-07-21 00:36:35,798 - [ERROR] - [GOLD] Strategy VOLUME_CLIMAX error: 'volume'
2026-07-21 00:36:37,164 - [ERROR] - [GOLD] Strategy VOLUME_CLIMAX error: 'volume'
2026-07-21 00:36:38,543 - [ERROR] - [GOLD] Strategy VOLUME_CLIMAX error: 'volume'
2026-07-21 00:36:39,905 - [ERROR] - [GOLD] Strategy VOLUME_CLIMAX error: 'volume'
2026-07-21 00:36:41,263 - [ERROR] - [GOLD] Strategy VOLUME_CLIMAX error: 'volume'
2026-07-21 00:36:42,652 - [ERROR] - [GOLD] Strategy VOLUME_CLIMAX error: 'volume'
2026-07-21 00:36:44,004 - [ERROR] - [GOLD] Strategy VOLUME_CLIMAX error: 'volume'
2026-07-21 00:36:45,353 - [ERROR] - [GOLD] Strategy VOLUME_CLIMAX error: 'volume'
2026-07-21 00:36:46,715 - [ERROR] - [GOLD] Strategy VOLUME_CLIMAX error: 'volume'
2026-07-21 00:36:48,080 - [ERROR] - [GOLD] Strategy VOLUME_CLIMAX error: 'volume'
2026-07-21 00:36:49,432 - [ERROR] - [GOLD] Strategy VOLUME_CLIMAX error: 'volume'
2026-07-21 00:36:50,779 - [ERROR] - [GOLD] Strategy VOLUME_CLIMAX error: 'volume'
2026-07-21 00:36:52,135 - [ERROR] - [GOLD] Strategy VOLUME_CLIMAX error: 'volume'
2026-07-21 00:36:53,480 - [ERROR] - [GOLD] Strategy VOLUME_CLIMAX error: 'volume'
2026-07-21 00:36:54,824 - [ERROR] - [GOLD] Strategy VOLUME_CLIMAX error: 'volume'
2026-07-21 00:36:56,179 - [ERROR] - [GOLD] Strategy VOLUME_CLIMAX error: 'volume'
2026-07-21 00:36:57,529 - [ERROR] - [GOLD] Strategy VOLUME_CLIMAX error: 'volume'
2026-07-21 00:36:58,942 - [ERROR] - [GOLD] Strategy VOLUME_CLIMAX error: 'volume'
2026-07-21 00:36:59,425 - [INFO] - [EURUSD] Trade outside Golden Hour (19 UTC). Targeting reduced 2.0 R:R.
2026-07-21 00:36:59,433 - [ERROR] - [EURUSD] ML Inference Error: cannot access local variable 'pd' where it is not associated with a value. Proceeding without ML.
2026-07-21 00:36:59,436 - [INFO] - [EURUSD] Anti-Martingale: 2 Losses in a row! Halving risk to 0.50%
2026-07-21 00:36:59,656 - [INFO] - [EURUSD] SUCCESS - Opened BUY | Strat: ZERO_HERO | Lot: 0.16 | SL: 1.14066
2026-07-21 00:37:00,356 - [ERROR] - [GOLD] Strategy VOLUME_CLIMAX error: 'volume'
2026-07-21 00:37:01,708 - [ERROR] - [GOLD] Strategy VOLUME_CLIMAX error: 'volume'
2026-07-21 00:37:03,063 - [ERROR] - [GOLD] Strategy VOLUME_CLIMAX error: 'volume'
2026-07-21 00:37:04,432 - [ERROR] - [GOLD] Strategy VOLUME_CLIMAX error: 'volume'
2026-07-21 00:37:05,785 - [ERROR] - [GOLD] Strategy VOLUME_CLIMAX error: 'volume'
2026-07-21 00:37:07,141 - [ERROR] - [GOLD] Strategy VOLUME_CLIMAX error: 'volume'
2026-07-21 00:37:08,508 - [ERROR] - [GOLD] Strategy VOLUME_CLIMAX error: 'volume'
2026-07-21 00:37:09,858 - [ERROR] - [GOLD] Strategy VOLUME_CLIMAX error: 'volume'
2026-07-21 00:37:11,211 - [ERROR] - [GOLD] Strategy VOLUME_CLIMAX error: 'volume'
2026-07-21 00:37:12,584 - [ERROR] - [GOLD] Strategy VOLUME_CLIMAX error: 'volume'
2026-07-21 00:37:13,946 - [ERROR] - [GOLD] Strategy VOLUME_CLIMAX error: 'volume'
2026-07-21 00:37:15,299 - [ERROR] - [GOLD] Strategy VOLUME_CLIMAX error: 'volume'
2026-07-21 00:37:16,660 - [ERROR] - [GOLD] Strategy VOLUME_CLIMAX error: 'volume'
2026-07-21 00:37:18,025 - [ERROR] - [GOLD] Strategy VOLUME_CLIMAX error: 'volume'
2026-07-21 00:37:19,379 - [ERROR] - [GOLD] Strategy VOLUME_CLIMAX error: 'volume'
2026-07-21 00:37:20,748 - [ERROR] - [GOLD] Strategy VOLUME_CLIMAX error: 'volume'
2026-07-21 00:37:22,124 - [ERROR] - [GOLD] Strategy VOLUME_CLIMAX error: 'volume'
2026-07-21 00:37:23,489 - [ERROR] - [GOLD] Strategy VOLUME_CLIMAX error: 'volume'
2026-07-21 00:37:24,857 - [ERROR] - [GOLD] Strategy VOLUME_CLIMAX error: 'volume'
2026-07-21 00:37:26,211 - [ERROR] - [GOLD] Strategy VOLUME_CLIMAX error: 'volume'
2026-07-21 00:37:27,573 - [ERROR] - [GOLD] Strategy VOLUME_CLIMAX error: 'volume'
2026-07-21 00:37:28,927 - [ERROR] - [GOLD] Strategy VOLUME_CLIMAX error: 'volume'
2026-07-21 00:37:30,284 - [ERROR] - [GOLD] Strategy VOLUME_CLIMAX error: 'volume'
2026-07-21 00:37:31,647 - [ERROR] - [GOLD] Strategy VOLUME_CLIMAX error: 'volume'
2026-07-21 00:37:33,005 - [ERROR] - [GOLD] Strategy VOLUME_CLIMAX error: 'volume'
2026-07-21 00:37:34,356 - [ERROR] - [GOLD] Strategy VOLUME_CLIMAX error: 'volume'
2026-07-21 00:37:35,721 - [ERROR] - [GOLD] Strategy VOLUME_CLIMAX error: 'volume'
2026-07-21 00:37:37,078 - [ERROR] - [GOLD] Strategy VOLUME_CLIMAX error: 'volume'
2026-07-21 00:37:38,427 - [ERROR] - [GOLD] Strategy VOLUME_CLIMAX error: 'volume'
2026-07-21 00:37:39,782 - [ERROR] - [GOLD] Strategy VOLUME_CLIMAX error: 'volume'
2026-07-21 00:37:41,135 - [ERROR] - [GOLD] Strategy VOLUME_CLIMAX error: 'volume'
2026-07-21 00:37:42,487 - [ERROR] - [GOLD] Strategy VOLUME_CLIMAX error: 'volume'
2026-07-21 00:37:43,856 - [ERROR] - [GOLD] Strategy VOLUME_CLIMAX error: 'volume'
2026-07-21 00:37:45,212 - [ERROR] - [GOLD] Strategy VOLUME_CLIMAX error: 'volume'
2026-07-21 00:37:46,570 - [ERROR] - [GOLD] Strategy VOLUME_CLIMAX error: 'volume'
2026-07-21 00:37:47,932 - [ERROR] - [GOLD] Strategy VOLUME_CLIMAX error: 'volume'
2026-07-21 00:37:49,293 - [ERROR] - [GOLD] Strategy VOLUME_CLIMAX error: 'volume'
2026-07-21 00:37:50,646 - [ERROR] - [GOLD] Strategy VOLUME_CLIMAX error: 'volume'
2026-07-21 00:37:52,010 - [ERROR] - [GOLD] Strategy VOLUME_CLIMAX error: 'volume'
2026-07-21 00:37:53,372 - [ERROR] - [GOLD] Strategy VOLUME_CLIMAX error: 'volume'
2026-07-21 00:37:54,732 - [ERROR] - [GOLD] Strategy VOLUME_CLIMAX error: 'volume'
2026-07-21 00:37:56,083 - [ERROR] - [GOLD] Strategy VOLUME_CLIMAX error: 'volume'
2026-07-21 00:37:57,454 - [ERROR] - [GOLD] Strategy VOLUME_CLIMAX error: 'volume'
2026-07-21 00:37:58,813 - [ERROR] - [GOLD] Strategy VOLUME_CLIMAX error: 'volume'
2026-07-21 00:38:00,183 - [ERROR] - [GOLD] Strategy VOLUME_CLIMAX error: 'volume'
2026-07-21 00:38:01,549 - [ERROR] - [GOLD] Strategy VOLUME_CLIMAX error: 'volume'
2026-07-21 00:38:02,907 - [ERROR] - [GOLD] Strategy VOLUME_CLIMAX error: 'volume'
2026-07-21 00:38:04,294 - [ERROR] - [GOLD] Strategy VOLUME_CLIMAX error: 'volume'
2026-07-21 00:38:05,652 - [ERROR] - [GOLD] Strategy VOLUME_CLIMAX error: 'volume'
2026-07-21 00:38:07,009 - [ERROR] - [GOLD] Strategy VOLUME_CLIMAX error: 'volume'
2026-07-21 00:38:08,463 - [ERROR] - [GOLD] Strategy VOLUME_CLIMAX error: 'volume'
2026-07-21 00:38:08,519 - [ERROR] - [SILVER] Strategy VOLUME_CLIMAX error: 'volume'
2026-07-21 00:38:10,152 - [ERROR] - [SILVER] Strategy VOLUME_CLIMAX error: 'volume'
2026-07-21 00:38:10,308 - [ERROR] - [GOLD] Strategy VOLUME_CLIMAX error: 'volume'
2026-07-21 00:38:11,857 - [ERROR] - [SILVER] Strategy VOLUME_CLIMAX error: 'volume'
2026-07-21 00:38:12,006 - [ERROR] - [GOLD] Strategy VOLUME_CLIMAX error: 'volume'
2026-07-21 00:38:13,503 - [ERROR] - [SILVER] Strategy VOLUME_CLIMAX error: 'volume'
2026-07-21 00:38:13,700 - [ERROR] - [GOLD] Strategy VOLUME_CLIMAX error: 'volume'
2026-07-21 00:38:15,230 - [ERROR] - [SILVER] Strategy VOLUME_CLIMAX error: 'volume'
2026-07-21 00:38:15,402 - [ERROR] - [GOLD] Strategy VOLUME_CLIMAX error: 'volume'
2026-07-21 00:38:16,913 - [ERROR] - [SILVER] Strategy VOLUME_CLIMAX error: 'volume'
2026-07-21 00:38:17,126 - [ERROR] - [GOLD] Strategy VOLUME_CLIMAX error: 'volume'
2026-07-21 00:38:18,566 - [ERROR] - [SILVER] Strategy VOLUME_CLIMAX error: 'volume'
2026-07-21 00:38:18,778 - [ERROR] - [GOLD] Strategy VOLUME_CLIMAX error: 'volume'
2026-07-21 00:38:20,216 - [ERROR] - [SILVER] Strategy VOLUME_CLIMAX error: 'volume'
2026-07-21 00:38:20,461 - [ERROR] - [GOLD] Strategy VOLUME_CLIMAX error: 'volume'
2026-07-21 00:38:21,860 - [ERROR] - [SILVER] Strategy VOLUME_CLIMAX error: 'volume'
2026-07-21 00:38:22,142 - [ERROR] - [GOLD] Strategy VOLUME_CLIMAX error: 'volume'
2026-07-21 00:38:23,435 - [ERROR] - [SILVER] Strategy VOLUME_CLIMAX error: 'volume'
2026-07-21 00:38:23,733 - [ERROR] - [GOLD] Strategy VOLUME_CLIMAX error: 'volume'
2026-07-21 00:38:24,980 - [ERROR] - [SILVER] Strategy VOLUME_CLIMAX error: 'volume'
2026-07-21 00:38:25,317 - [ERROR] - [GOLD] Strategy VOLUME_CLIMAX error: 'volume'
2026-07-21 00:38:26,523 - [ERROR] - [SILVER] Strategy VOLUME_CLIMAX error: 'volume'
2026-07-21 00:38:26,887 - [ERROR] - [GOLD] Strategy VOLUME_CLIMAX error: 'volume'
2026-07-21 00:38:28,019 - [ERROR] - [SILVER] Strategy VOLUME_CLIMAX error: 'volume'
2026-07-21 00:38:28,418 - [ERROR] - [GOLD] Strategy VOLUME_CLIMAX error: 'volume'
2026-07-21 00:38:29,493 - [ERROR] - [SILVER] Strategy VOLUME_CLIMAX error: 'volume'
2026-07-21 00:38:29,852 - [ERROR] - [GOLD] Strategy VOLUME_CLIMAX error: 'volume'
2026-07-21 00:38:30,886 - [ERROR] - [SILVER] Strategy VOLUME_CLIMAX error: 'volume'
2026-07-21 00:38:31,241 - [ERROR] - [GOLD] Strategy VOLUME_CLIMAX error: 'volume'
2026-07-21 00:38:32,264 - [ERROR] - [SILVER] Strategy VOLUME_CLIMAX error: 'volume'
2026-07-21 00:38:32,625 - [ERROR] - [GOLD] Strategy VOLUME_CLIMAX error: 'volume'
2026-07-21 00:38:33,643 - [ERROR] - [SILVER] Strategy VOLUME_CLIMAX error: 'volume'
2026-07-21 00:38:33,989 - [ERROR] - [GOLD] Strategy VOLUME_CLIMAX error: 'volume'
2026-07-21 00:38:34,993 - [ERROR] - [SILVER] Strategy VOLUME_CLIMAX error: 'volume'
2026-07-21 00:38:35,347 - [ERROR] - [GOLD] Strategy VOLUME_CLIMAX error: 'volume'
2026-07-21 00:38:36,345 - [ERROR] - [SILVER] Strategy VOLUME_CLIMAX error: 'volume'
2026-07-21 00:38:36,707 - [ERROR] - [GOLD] Strategy VOLUME_CLIMAX error: 'volume'
2026-07-21 00:38:37,712 - [ERROR] - [SILVER] Strategy VOLUME_CLIMAX error: 'volume'
2026-07-21 00:38:38,071 - [ERROR] - [GOLD] Strategy VOLUME_CLIMAX error: 'volume'
2026-07-21 00:38:39,072 - [ERROR] - [SILVER] Strategy VOLUME_CLIMAX error: 'volume'
2026-07-21 00:38:39,456 - [ERROR] - [GOLD] Strategy VOLUME_CLIMAX error: 'volume'
2026-07-21 00:38:40,456 - [ERROR] - [SILVER] Strategy VOLUME_CLIMAX error: 'volume'
2026-07-21 00:38:40,823 - [ERROR] - [GOLD] Strategy VOLUME_CLIMAX error: 'volume'
2026-07-21 00:38:41,817 - [ERROR] - [SILVER] Strategy VOLUME_CLIMAX error: 'volume'
2026-07-21 00:38:42,202 - [ERROR] - [GOLD] Strategy VOLUME_CLIMAX error: 'volume'
2026-07-21 00:38:43,179 - [ERROR] - [SILVER] Strategy VOLUME_CLIMAX error: 'volume'
2026-07-21 00:38:43,571 - [ERROR] - [GOLD] Strategy VOLUME_CLIMAX error: 'volume'
2026-07-21 00:38:44,541 - [ERROR] - [SILVER] Strategy VOLUME_CLIMAX error: 'volume'
2026-07-21 00:38:44,926 - [ERROR] - [GOLD] Strategy VOLUME_CLIMAX error: 'volume'
2026-07-21 00:38:45,901 - [ERROR] - [SILVER] Strategy VOLUME_CLIMAX error: 'volume'
2026-07-21 00:38:46,286 - [ERROR] - [GOLD] Strategy VOLUME_CLIMAX error: 'volume'
2026-07-21 00:38:47,259 - [ERROR] - [SILVER] Strategy VOLUME_CLIMAX error: 'volume'
2026-07-21 00:38:47,641 - [ERROR] - [GOLD] Strategy VOLUME_CLIMAX error: 'volume'
2026-07-21 00:38:48,625 - [ERROR] - [SILVER] Strategy VOLUME_CLIMAX error: 'volume'
2026-07-21 00:38:49,007 - [ERROR] - [GOLD] Strategy VOLUME_CLIMAX error: 'volume'
2026-07-21 00:38:49,981 - [ERROR] - [SILVER] Strategy VOLUME_CLIMAX error: 'volume'
2026-07-21 00:38:50,371 - [ERROR] - [GOLD] Strategy VOLUME_CLIMAX error: 'volume'
2026-07-21 00:38:51,348 - [ERROR] - [SILVER] Strategy VOLUME_CLIMAX error: 'volume'
2026-07-21 00:38:51,751 - [ERROR] - [GOLD] Strategy VOLUME_CLIMAX error: 'volume'
2026-07-21 00:38:52,713 - [ERROR] - [SILVER] Strategy VOLUME_CLIMAX error: 'volume'
2026-07-21 00:38:53,114 - [ERROR] - [GOLD] Strategy VOLUME_CLIMAX error: 'volume'
2026-07-21 00:38:54,083 - [ERROR] - [SILVER] Strategy VOLUME_CLIMAX error: 'volume'
2026-07-21 00:38:54,478 - [ERROR] - [GOLD] Strategy VOLUME_CLIMAX error: 'volume'
2026-07-21 00:38:55,454 - [ERROR] - [SILVER] Strategy VOLUME_CLIMAX error: 'volume'
2026-07-21 00:38:55,839 - [ERROR] - [GOLD] Strategy VOLUME_CLIMAX error: 'volume'
2026-07-21 00:38:56,807 - [ERROR] - [SILVER] Strategy VOLUME_CLIMAX error: 'volume'
2026-07-21 00:38:57,199 - [ERROR] - [GOLD] Strategy VOLUME_CLIMAX error: 'volume'
2026-07-21 00:38:58,181 - [ERROR] - [SILVER] Strategy VOLUME_CLIMAX error: 'volume'
2026-07-21 00:38:58,560 - [ERROR] - [GOLD] Strategy VOLUME_CLIMAX error: 'volume'
2026-07-21 00:38:59,536 - [ERROR] - [SILVER] Strategy VOLUME_CLIMAX error: 'volume'
2026-07-21 00:38:59,920 - [ERROR] - [GOLD] Strategy VOLUME_CLIMAX error: 'volume'
2026-07-21 00:39:00,897 - [ERROR] - [SILVER] Strategy VOLUME_CLIMAX error: 'volume'
2026-07-21 00:39:01,280 - [ERROR] - [GOLD] Strategy VOLUME_CLIMAX error: 'volume'
2026-07-21 00:39:02,263 - [ERROR] - [SILVER] Strategy VOLUME_CLIMAX error: 'volume'
2026-07-21 00:39:02,660 - [ERROR] - [GOLD] Strategy VOLUME_CLIMAX error: 'volume'
2026-07-21 00:39:03,629 - [ERROR] - [SILVER] Strategy VOLUME_CLIMAX error: 'volume'
2026-07-21 00:39:04,047 - [ERROR] - [GOLD] Strategy VOLUME_CLIMAX error: 'volume'
2026-07-21 00:39:04,980 - [ERROR] - [SILVER] Strategy VOLUME_CLIMAX error: 'volume'
2026-07-21 00:39:05,391 - [ERROR] - [GOLD] Strategy VOLUME_CLIMAX error: 'volume'
2026-07-21 00:39:06,325 - [ERROR] - [SILVER] Strategy VOLUME_CLIMAX error: 'volume'
2026-07-21 00:39:06,741 - [ERROR] - [GOLD] Strategy VOLUME_CLIMAX error: 'volume'
2026-07-21 00:39:07,699 - [ERROR] - [SILVER] Strategy VOLUME_CLIMAX error: 'volume'
2026-07-21 00:39:08,096 - [ERROR] - [GOLD] Strategy VOLUME_CLIMAX error: 'volume'
2026-07-21 00:39:09,055 - [ERROR] - [SILVER] Strategy VOLUME_CLIMAX error: 'volume'
2026-07-21 00:39:09,443 - [ERROR] - [GOLD] Strategy VOLUME_CLIMAX error: 'volume'
2026-07-21 00:39:10,399 - [ERROR] - [SILVER] Strategy VOLUME_CLIMAX error: 'volume'
2026-07-21 00:39:10,795 - [ERROR] - [GOLD] Strategy VOLUME_CLIMAX error: 'volume'
2026-07-21 00:39:11,753 - [ERROR] - [SILVER] Strategy VOLUME_CLIMAX error: 'volume'
2026-07-21 00:39:12,160 - [ERROR] - [GOLD] Strategy VOLUME_CLIMAX error: 'volume'
2026-07-21 00:39:13,103 - [ERROR] - [SILVER] Strategy VOLUME_CLIMAX error: 'volume'
2026-07-21 00:39:13,515 - [ERROR] - [GOLD] Strategy VOLUME_CLIMAX error: 'volume'
2026-07-21 00:39:14,457 - [ERROR] - [SILVER] Strategy VOLUME_CLIMAX error: 'volume'
2026-07-21 00:39:14,862 - [ERROR] - [GOLD] Strategy VOLUME_CLIMAX error: 'volume'
2026-07-21 00:39:15,808 - [ERROR] - [SILVER] Strategy VOLUME_CLIMAX error: 'volume'
2026-07-21 00:39:16,206 - [ERROR] - [GOLD] Strategy VOLUME_CLIMAX error: 'volume'
2026-07-21 00:39:17,158 - [ERROR] - [SILVER] Strategy VOLUME_CLIMAX error: 'volume'
2026-07-21 00:39:17,552 - [ERROR] - [GOLD] Strategy VOLUME_CLIMAX error: 'volume'
2026-07-21 00:39:18,509 - [ERROR] - [SILVER] Strategy VOLUME_CLIMAX error: 'volume'
2026-07-21 00:39:18,913 - [ERROR] - [GOLD] Strategy VOLUME_CLIMAX error: 'volume'
2026-07-21 00:39:19,877 - [ERROR] - [SILVER] Strategy VOLUME_CLIMAX error: 'volume'
2026-07-21 00:39:20,274 - [ERROR] - [GOLD] Strategy VOLUME_CLIMAX error: 'volume'
2026-07-21 00:39:21,241 - [ERROR] - [SILVER] Strategy VOLUME_CLIMAX error: 'volume'
2026-07-21 00:39:21,638 - [ERROR] - [GOLD] Strategy VOLUME_CLIMAX error: 'volume'
2026-07-21 00:39:22,607 - [ERROR] - [SILVER] Strategy VOLUME_CLIMAX error: 'volume'
2026-07-21 00:39:23,004 - [ERROR] - [GOLD] Strategy VOLUME_CLIMAX error: 'volume'
2026-07-21 00:39:23,979 - [ERROR] - [SILVER] Strategy VOLUME_CLIMAX error: 'volume'
2026-07-21 00:39:24,357 - [ERROR] - [GOLD] Strategy VOLUME_CLIMAX error: 'volume'
2026-07-21 00:39:25,335 - [ERROR] - [SILVER] Strategy VOLUME_CLIMAX error: 'volume'
2026-07-21 00:39:25,723 - [ERROR] - [GOLD] Strategy VOLUME_CLIMAX error: 'volume'
2026-07-21 00:39:26,701 - [ERROR] - [SILVER] Strategy VOLUME_CLIMAX error: 'volume'
2026-07-21 00:39:27,083 - [ERROR] - [GOLD] Strategy VOLUME_CLIMAX error: 'volume'
2026-07-21 00:39:28,057 - [ERROR] - [SILVER] Strategy VOLUME_CLIMAX error: 'volume'
2026-07-21 00:39:28,449 - [ERROR] - [GOLD] Strategy VOLUME_CLIMAX error: 'volume'
2026-07-21 00:39:29,415 - [ERROR] - [SILVER] Strategy VOLUME_CLIMAX error: 'volume'
2026-07-21 00:39:29,807 - [ERROR] - [GOLD] Strategy VOLUME_CLIMAX error: 'volume'
2026-07-21 00:39:30,779 - [ERROR] - [SILVER] Strategy VOLUME_CLIMAX error: 'volume'
2026-07-21 00:39:31,165 - [ERROR] - [GOLD] Strategy VOLUME_CLIMAX error: 'volume'
2026-07-21 00:39:32,132 - [ERROR] - [SILVER] Strategy VOLUME_CLIMAX error: 'volume'
2026-07-21 00:39:32,531 - [ERROR] - [GOLD] Strategy VOLUME_CLIMAX error: 'volume'
2026-07-21 00:39:33,494 - [ERROR] - [SILVER] Strategy VOLUME_CLIMAX error: 'volume'
2026-07-21 00:39:33,895 - [ERROR] - [GOLD] Strategy VOLUME_CLIMAX error: 'volume'
2026-07-21 00:39:34,854 - [ERROR] - [SILVER] Strategy VOLUME_CLIMAX error: 'volume'
2026-07-21 00:39:35,255 - [ERROR] - [GOLD] Strategy VOLUME_CLIMAX error: 'volume'
2026-07-21 00:39:36,212 - [ERROR] - [SILVER] Strategy VOLUME_CLIMAX error: 'volume'
2026-07-21 00:39:36,606 - [ERROR] - [GOLD] Strategy VOLUME_CLIMAX error: 'volume'
2026-07-21 00:39:37,576 - [ERROR] - [SILVER] Strategy VOLUME_CLIMAX error: 'volume'
2026-07-21 00:39:37,961 - [ERROR] - [GOLD] Strategy VOLUME_CLIMAX error: 'volume'
2026-07-21 00:39:38,936 - [ERROR] - [SILVER] Strategy VOLUME_CLIMAX error: 'volume'
2026-07-21 00:39:39,318 - [ERROR] - [GOLD] Strategy VOLUME_CLIMAX error: 'volume'
2026-07-21 00:39:40,285 - [ERROR] - [SILVER] Strategy VOLUME_CLIMAX error: 'volume'
2026-07-21 00:39:40,672 - [ERROR] - [GOLD] Strategy VOLUME_CLIMAX error: 'volume'
2026-07-21 00:39:41,646 - [ERROR] - [SILVER] Strategy VOLUME_CLIMAX error: 'volume'
2026-07-21 00:39:42,041 - [ERROR] - [GOLD] Strategy VOLUME_CLIMAX error: 'volume'
2026-07-21 00:39:43,012 - [ERROR] - [SILVER] Strategy VOLUME_CLIMAX error: 'volume'
2026-07-21 00:39:43,395 - [ERROR] - [GOLD] Strategy VOLUME_CLIMAX error: 'volume'
2026-07-21 00:39:44,369 - [ERROR] - [SILVER] Strategy VOLUME_CLIMAX error: 'volume'
2026-07-21 00:39:44,749 - [ERROR] - [GOLD] Strategy VOLUME_CLIMAX error: 'volume'
2026-07-21 00:39:45,732 - [ERROR] - [SILVER] Strategy VOLUME_CLIMAX error: 'volume'
2026-07-21 00:39:46,108 - [ERROR] - [GOLD] Strategy VOLUME_CLIMAX error: 'volume'
2026-07-21 00:39:47,097 - [ERROR] - [SILVER] Strategy VOLUME_CLIMAX error: 'volume'
2026-07-21 00:39:47,459 - [ERROR] - [GOLD] Strategy VOLUME_CLIMAX error: 'volume'
2026-07-21 00:39:48,446 - [ERROR] - [SILVER] Strategy VOLUME_CLIMAX error: 'volume'
2026-07-21 00:39:48,818 - [ERROR] - [GOLD] Strategy VOLUME_CLIMAX error: 'volume'
2026-07-21 00:39:49,789 - [ERROR] - [SILVER] Strategy VOLUME_CLIMAX error: 'volume'
2026-07-21 00:39:50,161 - [ERROR] - [GOLD] Strategy VOLUME_CLIMAX error: 'volume'
2026-07-21 00:39:51,145 - [ERROR] - [SILVER] Strategy VOLUME_CLIMAX error: 'volume'
2026-07-21 00:39:51,503 - [ERROR] - [GOLD] Strategy VOLUME_CLIMAX error: 'volume'
2026-07-21 00:39:52,500 - [ERROR] - [SILVER] Strategy VOLUME_CLIMAX error: 'volume'
2026-07-21 00:39:52,852 - [ERROR] - [GOLD] Strategy VOLUME_CLIMAX error: 'volume'
2026-07-21 00:39:53,858 - [ERROR] - [SILVER] Strategy VOLUME_CLIMAX error: 'volume'
2026-07-21 00:39:54,204 - [ERROR] - [GOLD] Strategy VOLUME_CLIMAX error: 'volume'
2026-07-21 00:39:55,206 - [ERROR] - [SILVER] Strategy VOLUME_CLIMAX error: 'volume'
2026-07-21 00:39:55,563 - [ERROR] - [GOLD] Strategy VOLUME_CLIMAX error: 'volume'
2026-07-21 00:39:56,563 - [ERROR] - [SILVER] Strategy VOLUME_CLIMAX error: 'volume'
2026-07-21 00:39:56,915 - [ERROR] - [GOLD] Strategy VOLUME_CLIMAX error: 'volume'
2026-07-21 00:39:57,908 - [WARNING] - [SILVER] \U0001f6a8 Spread Protection: Live Spread (68) > Max Allowable (40). Trade Aborted.
2026-07-21 00:39:58,271 - [ERROR] - [GOLD] Strategy VOLUME_CLIMAX error: 'volume'
2026-07-21 00:39:59,618 - [ERROR] - [GOLD] Strategy VOLUME_CLIMAX error: 'volume'
2026-07-21 00:40:00,982 - [ERROR] - [GOLD] Strategy VOLUME_CLIMAX error: 'volume'
2026-07-21 00:40:02,393 - [ERROR] - [GOLD] Strategy VOLUME_CLIMAX error: 'volume'
2026-07-21 00:40:03,745 - [ERROR] - [GOLD] Strategy VOLUME_CLIMAX error: 'volume'
2026-07-21 00:40:05,122 - [ERROR] - [GOLD] Strategy VOLUME_CLIMAX error: 'volume'
2026-07-21 00:40:06,481 - [ERROR] - [GOLD] Strategy VOLUME_CLIMAX error: 'volume'
2026-07-21 00:40:07,845 - [ERROR] - [GOLD] Strategy VOLUME_CLIMAX error: 'volume'
2026-07-21 00:40:09,227 - [ERROR] - [GOLD] Strategy VOLUME_CLIMAX error: 'volume'
2026-07-21 00:40:10,579 - [ERROR] - [GOLD] Strategy VOLUME_CLIMAX error: 'volume'
2026-07-21 00:40:11,955 - [ERROR] - [GOLD] Strategy VOLUME_CLIMAX error: 'volume'
2026-07-21 00:40:13,321 - [ERROR] - [GOLD] Strategy VOLUME_CLIMAX error: 'volume'
2026-07-21 00:40:14,673 - [ERROR] - [GOLD] Strategy VOLUME_CLIMAX error: 'volume'
2026-07-21 00:40:16,033 - [ERROR] - [GOLD] Strategy VOLUME_CLIMAX error: 'volume'
2026-07-21 00:40:17,409 - [ERROR] - [GOLD] Strategy VOLUME_CLIMAX error: 'volume'
2026-07-21 00:40:18,765 - [ERROR] - [GOLD] Strategy VOLUME_CLIMAX error: 'volume'
2026-07-21 00:40:20,123 - [ERROR] - [GOLD] Strategy VOLUME_CLIMAX error: 'volume'
2026-07-21 00:40:21,502 - [ERROR] - [GOLD] Strategy VOLUME_CLIMAX error: 'volume'
2026-07-21 00:40:22,870 - [ERROR] - [GOLD] Strategy VOLUME_CLIMAX error: 'volume'
2026-07-21 00:40:24,237 - [ERROR] - [GOLD] Strategy VOLUME_CLIMAX error: 'volume'
2026-07-21 00:40:25,608 - [ERROR] - [GOLD] Strategy VOLUME_CLIMAX error: 'volume'
2026-07-21 00:40:26,976 - [ERROR] - [GOLD] Strategy VOLUME_CLIMAX error: 'volume'
2026-07-21 00:40:28,339 - [ERROR] - [GOLD] Strategy VOLUME_CLIMAX error: 'volume'
2026-07-21 00:40:29,709 - [ERROR] - [GOLD] Strategy VOLUME_CLIMAX error: 'volume'
2026-07-21 00:40:31,083 - [ERROR] - [GOLD] Strategy VOLUME_CLIMAX error: 'volume'
2026-07-21 00:40:32,441 - [ERROR] - [GOLD] Strategy VOLUME_CLIMAX error: 'volume'
2026-07-21 00:40:33,815 - [ERROR] - [GOLD] Strategy VOLUME_CLIMAX error: 'volume'
2026-07-21 00:40:35,162 - [ERROR] - [GOLD] Strategy VOLUME_CLIMAX error: 'volume'
2026-07-21 00:40:36,509 - [ERROR] - [GOLD] Strategy VOLUME_CLIMAX error: 'volume'
2026-07-21 00:40:37,871 - [ERROR] - [GOLD] Strategy VOLUME_CLIMAX error: 'volume'
2026-07-21 00:40:39,217 - [ERROR] - [GOLD] Strategy VOLUME_CLIMAX error: 'volume'
2026-07-21 00:40:40,556 - [ERROR] - [GOLD] Strategy VOLUME_CLIMAX error: 'volume'
2026-07-21 00:40:41,916 - [ERROR] - [GOLD] Strategy VOLUME_CLIMAX error: 'volume'
2026-07-21 00:40:43,265 - [ERROR] - [GOLD] Strategy VOLUME_CLIMAX error: 'volume'
2026-07-21 00:40:44,630 - [ERROR] - [GOLD] Strategy VOLUME_CLIMAX error: 'volume'
2026-07-21 00:40:45,992 - [ERROR] - [GOLD] Strategy VOLUME_CLIMAX error: 'volume'
2026-07-21 00:40:47,344 - [ERROR] - [GOLD] Strategy VOLUME_CLIMAX error: 'volume'
2026-07-21 00:40:48,690 - [ERROR] - [GOLD] Strategy VOLUME_CLIMAX error: 'volume'
2026-07-21 00:40:50,061 - [ERROR] - [GOLD] Strategy VOLUME_CLIMAX error: 'volume'
2026-07-21 00:40:51,430 - [ERROR] - [GOLD] Strategy VOLUME_CLIMAX error: 'volume'
2026-07-21 00:40:52,800 - [ERROR] - [GOLD] Strategy VOLUME_CLIMAX error: 'volume'
2026-07-21 00:40:54,177 - [ERROR] - [GOLD] Strategy VOLUME_CLIMAX error: 'volume'
2026-07-21 00:40:55,539 - [ERROR] - [GOLD] Strategy VOLUME_CLIMAX error: 'volume'
2026-07-21 00:40:56,930 - [ERROR] - [GOLD] Strategy VOLUME_CLIMAX error: 'volume'
2026-07-21 00:40:58,314 - [ERROR] - [GOLD] Strategy VOLUME_CLIMAX error: 'volume'
2026-07-21 00:40:59,698 - [ERROR] - [GOLD] Strategy VOLUME_CLIMAX error: 'volume'
2026-07-21 00:41:01,058 - [ERROR] - [GOLD] Strategy VOLUME_CLIMAX error: 'volume'
2026-07-21 00:41:02,437 - [ERROR] - [GOLD] Strategy VOLUME_CLIMAX error: 'volume'
2026-07-21 00:41:03,797 - [ERROR] - [GOLD] Strategy VOLUME_CLIMAX error: 'volume'
2026-07-21 00:41:05,161 - [ERROR] - [GOLD] Strategy VOLUME_CLIMAX error: 'volume'
2026-07-21 00:41:06,538 - [ERROR] - [GOLD] Strategy VOLUME_CLIMAX error: 'volume'
2026-07-21 00:41:07,912 - [ERROR] - [GOLD] Strategy VOLUME_CLIMAX error: 'volume'
2026-07-21 00:41:09,279 - [ERROR] - [GOLD] Strategy VOLUME_CLIMAX error: 'volume'
2026-07-21 00:41:10,639 - [ERROR] - [GOLD] Strategy VOLUME_CLIMAX error: 'volume'
2026-07-21 00:41:12,002 - [ERROR] - [GOLD] Strategy VOLUME_CLIMAX error: 'volume'
2026-07-21 00:41:13,371 - [ERROR] - [GOLD] Strategy VOLUME_CLIMAX error: 'volume'
2026-07-21 00:41:14,747 - [ERROR] - [GOLD] Strategy VOLUME_CLIMAX error: 'volume'
2026-07-21 00:41:16,108 - [ERROR] - [GOLD] Strategy VOLUME_CLIMAX error: 'volume'
2026-07-21 00:41:17,483 - [ERROR] - [GOLD] Strategy VOLUME_CLIMAX error: 'volume'
2026-07-21 00:41:18,849 - [ERROR] - [GOLD] Strategy VOLUME_CLIMAX error: 'volume'
2026-07-21 00:41:20,208 - [ERROR] - [GOLD] Strategy VOLUME_CLIMAX error: 'volume'
2026-07-21 00:41:21,590 - [ERROR] - [GOLD] Strategy VOLUME_CLIMAX error: 'volume'
2026-07-21 00:41:22,943 - [ERROR] - [GOLD] Strategy VOLUME_CLIMAX error: 'volume'
2026-07-21 00:41:24,275 - [WARNING] - [GOLD] \U0001f6a8 Spread Protection: Live Spread (57) > Max Allowable (40). Trade Aborted.
2026-07-21 00:41:58,976 - [WARNING] - [SILVER] \U0001f6a8 Spread Protection: Live Spread (71) > Max Allowable (40). Trade Aborted.
2026-07-21 00:43:25,328 - [WARNING] - [GOLD] \U0001f6a8 Spread Protection: Live Spread (56) > Max Allowable (40). Trade Aborted.
2026-07-21 00:44:00,005 - [WARNING] - [SILVER] \U0001f6a8 Spread Protection: Live Spread (73) > Max Allowable (40). Trade Aborted.
2026-07-21 00:45:00,220 - [INFO] - [BTCUSD] Strategy Step-Trail: Locked SL to 65325.1
2026-07-21 00:45:25,516 - [WARNING] - [GOLD] \U0001f6a8 Spread Protection: Live Spread (56) > Max Allowable (40). Trade Aborted.
2026-07-21 00:46:00,158 - [ERROR] - [SILVER] Strategy VOLUME_CLIMAX error: 'volume'
2026-07-21 00:46:01,507 - [ERROR] - [SILVER] Strategy VOLUME_CLIMAX error: 'volume'
2026-07-21 00:46:02,859 - [ERROR] - [SILVER] Strategy VOLUME_CLIMAX error: 'volume'
2026-07-21 00:46:04,203 - [ERROR] - [SILVER] Strategy VOLUME_CLIMAX error: 'volume'
2026-07-21 00:46:05,562 - [ERROR] - [SILVER] Strategy VOLUME_CLIMAX error: 'volume'
2026-07-21 00:46:06,924 - [ERROR] - [SILVER] Strategy VOLUME_CLIMAX error: 'volume'
2026-07-21 00:46:08,263 - [WARNING] - [SILVER] \U0001f6a8 Spread Protection: Live Spread (70) > Max Allowable (40). Trade Aborted.
2026-07-21 00:47:26,592 - [WARNING] - [GOLD] \U0001f6a8 Spread Protection: Live Spread (57) > Max Allowable (40). Trade Aborted.
2026-07-21 00:48:09,315 - [ERROR] - [SILVER] Strategy VOLUME_CLIMAX error: 'volume'
2026-07-21 00:48:10,657 - [ERROR] - [SILVER] Strategy VOLUME_CLIMAX error: 'volume'
2026-07-21 00:48:12,014 - [ERROR] - [SILVER] Strategy VOLUME_CLIMAX error: 'volume'
2026-07-21 00:48:13,375 - [ERROR] - [SILVER] Strategy VOLUME_CLIMAX error: 'volume'
2026-07-21 00:48:14,733 - [ERROR] - [SILVER] Strategy VOLUME_CLIMAX error: 'volume'
2026-07-21 00:48:16,089 - [ERROR] - [SILVER] Strategy VOLUME_CLIMAX error: 'volume'
2026-07-21 00:48:17,436 - [ERROR] - [SILVER] Strategy VOLUME_CLIMAX error: 'volume'
2026-07-21 00:48:18,766 - [WARNING] - [SILVER] \U0001f6a8 Spread Protection: Live Spread (69) > Max Allowable (40). Trade Aborted.
2026-07-21 00:49:27,676 - [WARNING] - [GOLD] \U0001f6a8 Spread Protection: Live Spread (56) > Max Allowable (40). Trade Aborted.
2026-07-21 00:50:19,813 - [WARNING] - [SILVER] \U0001f6a8 Spread Protection: Live Spread (70) > Max Allowable (40). Trade Aborted.
2026-07-21 00:51:28,736 - [ERROR] - [GOLD] Strategy VOLUME_CLIMAX error: 'volume'
2026-07-21 00:51:30,099 - [ERROR] - [GOLD] Strategy VOLUME_CLIMAX error: 'volume'
2026-07-21 00:51:31,465 - [ERROR] - [GOLD] Strategy VOLUME_CLIMAX error: 'volume'
2026-07-21 00:51:32,819 - [ERROR] - [GOLD] Strategy VOLUME_CLIMAX error: 'volume'
2026-07-21 00:51:34,164 - [ERROR] - [GOLD] Strategy VOLUME_CLIMAX error: 'volume'
2026-07-21 00:51:35,526 - [ERROR] - [GOLD] Strategy VOLUME_CLIMAX error: 'volume'
2026-07-21 00:51:36,876 - [ERROR] - [GOLD] Strategy VOLUME_CLIMAX error: 'volume'
2026-07-21 00:51:38,221 - [ERROR] - [GOLD] Strategy VOLUME_CLIMAX error: 'volume'
2026-07-21 00:51:39,581 - [ERROR] - [GOLD] Strategy VOLUME_CLIMAX error: 'volume'
2026-07-21 00:51:40,923 - [ERROR] - [GOLD] Strategy VOLUME_CLIMAX error: 'volume'
2026-07-21 00:51:42,273 - [ERROR] - [GOLD] Strategy VOLUME_CLIMAX error: 'volume'
2026-07-21 00:51:43,642 - [ERROR] - [GOLD] Strategy VOLUME_CLIMAX error: 'volume'
2026-07-21 00:51:44,989 - [ERROR] - [GOLD] Strategy VOLUME_CLIMAX error: 'volume'
2026-07-21 00:51:46,330 - [ERROR] - [GOLD] Strategy VOLUME_CLIMAX error: 'volume'
2026-07-21 00:51:47,694 - [ERROR] - [GOLD] Strategy VOLUME_CLIMAX error: 'volume'
2026-07-21 00:51:49,040 - [ERROR] - [GOLD] Strategy VOLUME_CLIMAX error: 'volume'
2026-07-21 00:51:50,393 - [ERROR] - [GOLD] Strategy VOLUME_CLIMAX error: 'volume'
2026-07-21 00:51:51,756 - [ERROR] - [GOLD] Strategy VOLUME_CLIMAX error: 'volume'
2026-07-21 00:51:53,112 - [ERROR] - [GOLD] Strategy VOLUME_CLIMAX error: 'volume'
2026-07-21 00:51:54,469 - [ERROR] - [GOLD] Strategy VOLUME_CLIMAX error: 'volume'
2026-07-21 00:51:55,837 - [ERROR] - [GOLD] Strategy VOLUME_CLIMAX error: 'volume'
2026-07-21 00:51:57,217 - [ERROR] - [GOLD] Strategy VOLUME_CLIMAX error: 'volume'
2026-07-21 00:51:58,572 - [ERROR] - [GOLD] Strategy VOLUME_CLIMAX error: 'volume'
2026-07-21 00:51:59,953 - [ERROR] - [GOLD] Strategy VOLUME_CLIMAX error: 'volume'
2026-07-21 00:52:01,314 - [ERROR] - [GOLD] Strategy VOLUME_CLIMAX error: 'volume'
2026-07-21 00:52:02,678 - [ERROR] - [GOLD] Strategy VOLUME_CLIMAX error: 'volume'
2026-07-21 00:52:04,045 - [ERROR] - [GOLD] Strategy VOLUME_CLIMAX error: 'volume'
2026-07-21 00:52:05,413 - [ERROR] - [GOLD] Strategy VOLUME_CLIMAX error: 'volume'
2026-07-21 00:52:06,790 - [ERROR] - [GOLD] Strategy VOLUME_CLIMAX error: 'volume'
2026-07-21 00:52:08,175 - [ERROR] - [GOLD] Strategy VOLUME_CLIMAX error: 'volume'
2026-07-21 00:52:09,548 - [ERROR] - [GOLD] Strategy VOLUME_CLIMAX error: 'volume'
2026-07-21 00:52:10,908 - [ERROR] - [GOLD] Strategy VOLUME_CLIMAX error: 'volume'
2026-07-21 00:52:12,270 - [ERROR] - [GOLD] Strategy VOLUME_CLIMAX error: 'volume'
2026-07-21 00:52:13,628 - [ERROR] - [GOLD] Strategy VOLUME_CLIMAX error: 'volume'
2026-07-21 00:52:14,983 - [ERROR] - [GOLD] Strategy VOLUME_CLIMAX error: 'volume'
2026-07-21 00:52:16,363 - [ERROR] - [GOLD] Strategy VOLUME_CLIMAX error: 'volume'
2026-07-21 00:52:17,729 - [ERROR] - [GOLD] Strategy VOLUME_CLIMAX error: 'volume'
2026-07-21 00:52:19,074 - [ERROR] - [GOLD] Strategy VOLUME_CLIMAX error: 'volume'
2026-07-21 00:52:20,483 - [ERROR] - [GOLD] Strategy VOLUME_CLIMAX error: 'volume'
2026-07-21 00:52:20,584 - [ERROR] - [SILVER] Strategy VOLUME_CLIMAX error: 'volume'
2026-07-21 00:52:22,170 - [ERROR] - [GOLD] Strategy VOLUME_CLIMAX error: 'volume'
2026-07-21 00:52:22,384 - [ERROR] - [SILVER] Strategy VOLUME_CLIMAX error: 'volume'
2026-07-21 00:52:23,846 - [ERROR] - [GOLD] Strategy VOLUME_CLIMAX error: 'volume'
2026-07-21 00:52:24,062 - [ERROR] - [SILVER] Strategy VOLUME_CLIMAX error: 'volume'
2026-07-21 00:52:25,483 - [ERROR] - [GOLD] Strategy VOLUME_CLIMAX error: 'volume'
2026-07-21 00:52:25,701 - [ERROR] - [SILVER] Strategy VOLUME_CLIMAX error: 'volume'
2026-07-21 00:52:27,118 - [ERROR] - [GOLD] Strategy VOLUME_CLIMAX error: 'volume'
2026-07-21 00:52:27,357 - [ERROR] - [SILVER] Strategy VOLUME_CLIMAX error: 'volume'
2026-07-21 00:52:28,750 - [ERROR] - [GOLD] Strategy VOLUME_CLIMAX error: 'volume'
2026-07-21 00:52:28,967 - [ERROR] - [SILVER] Strategy VOLUME_CLIMAX error: 'volume'
2026-07-21 00:52:30,422 - [ERROR] - [GOLD] Strategy VOLUME_CLIMAX error: 'volume'
2026-07-21 00:52:30,614 - [ERROR] - [SILVER] Strategy VOLUME_CLIMAX error: 'volume'
2026-07-21 00:52:32,144 - [ERROR] - [GOLD] Strategy VOLUME_CLIMAX error: 'volume'
2026-07-21 00:52:32,301 - [ERROR] - [SILVER] Strategy VOLUME_CLIMAX error: 'volume'
2026-07-21 00:52:33,882 - [ERROR] - [GOLD] Strategy VOLUME_CLIMAX error: 'volume'
2026-07-21 00:52:33,972 - [ERROR] - [SILVER] Strategy VOLUME_CLIMAX error: 'volume'
2026-07-21 00:52:35,482 - [ERROR] - [GOLD] Strategy VOLUME_CLIMAX error: 'volume'
2026-07-21 00:52:35,697 - [ERROR] - [SILVER] Strategy VOLUME_CLIMAX error: 'volume'
2026-07-21 00:52:37,149 - [ERROR] - [GOLD] Strategy VOLUME_CLIMAX error: 'volume'
2026-07-21 00:52:37,346 - [ERROR] - [SILVER] Strategy VOLUME_CLIMAX error: 'volume'
2026-07-21 00:52:38,818 - [ERROR] - [GOLD] Strategy VOLUME_CLIMAX error: 'volume'
2026-07-21 00:52:39,026 - [ERROR] - [SILVER] Strategy VOLUME_CLIMAX error: 'volume'
2026-07-21 00:52:40,502 - [ERROR] - [GOLD] Strategy VOLUME_CLIMAX error: 'volume'
2026-07-21 00:52:40,695 - [ERROR] - [SILVER] Strategy VOLUME_CLIMAX error: 'volume'
2026-07-21 00:52:42,330 - [ERROR] - [GOLD] Strategy VOLUME_CLIMAX error: 'volume'
2026-07-21 00:52:42,393 - [ERROR] - [SILVER] Strategy VOLUME_CLIMAX error: 'volume'
2026-07-21 00:52:44,074 - [ERROR] - [SILVER] Strategy VOLUME_CLIMAX error: 'volume'
2026-07-21 00:52:44,193 - [ERROR] - [GOLD] Strategy VOLUME_CLIMAX error: 'volume'
2026-07-21 00:52:45,723 - [ERROR] - [SILVER] Strategy VOLUME_CLIMAX error: 'volume'
2026-07-21 00:52:45,920 - [ERROR] - [GOLD] Strategy VOLUME_CLIMAX error: 'volume'
2026-07-21 00:52:47,389 - [ERROR] - [SILVER] Strategy VOLUME_CLIMAX error: 'volume'
2026-07-21 00:52:47,589 - [ERROR] - [GOLD] Strategy VOLUME_CLIMAX error: 'volume'
2026-07-21 00:52:49,216 - [ERROR] - [SILVER] Strategy VOLUME_CLIMAX error: 'volume'
2026-07-21 00:52:49,294 - [ERROR] - [GOLD] Strategy VOLUME_CLIMAX error: 'volume'
2026-07-21 00:52:50,883 - [ERROR] - [SILVER] Strategy VOLUME_CLIMAX error: 'volume'
2026-07-21 00:52:51,119 - [ERROR] - [GOLD] Strategy VOLUME_CLIMAX error: 'volume'
2026-07-21 00:52:52,568 - [ERROR] - [SILVER] Strategy VOLUME_CLIMAX error: 'volume'
2026-07-21 00:52:52,801 - [ERROR] - [GOLD] Strategy VOLUME_CLIMAX error: 'volume'
2026-07-21 00:52:54,269 - [ERROR] - [SILVER] Strategy VOLUME_CLIMAX error: 'volume'
2026-07-21 00:52:54,456 - [ERROR] - [GOLD] Strategy VOLUME_CLIMAX error: 'volume'
2026-07-21 00:52:56,143 - [ERROR] - [SILVER] Strategy VOLUME_CLIMAX error: 'volume'
2026-07-21 00:52:56,145 - [ERROR] - [GOLD] Strategy VOLUME_CLIMAX error: 'volume'
2026-07-21 00:52:57,889 - [ERROR] - [SILVER] Strategy VOLUME_CLIMAX error: 'volume'
2026-07-21 00:52:57,892 - [ERROR] - [GOLD] Strategy VOLUME_CLIMAX error: 'volume'
2026-07-21 00:52:59,642 - [ERROR] - [GOLD] Strategy VOLUME_CLIMAX error: 'volume'
2026-07-21 00:52:59,665 - [ERROR] - [SILVER] Strategy VOLUME_CLIMAX error: 'volume'
2026-07-21 00:53:01,387 - [ERROR] - [SILVER] Strategy VOLUME_CLIMAX error: 'volume'
2026-07-21 00:53:01,436 - [ERROR] - [GOLD] Strategy VOLUME_CLIMAX error: 'volume'
2026-07-21 00:53:03,072 - [WARNING] - [SILVER] \U0001f6a8 Spread Protection: Live Spread (71) > Max Allowable (40). Trade Aborted.
2026-07-21 00:53:03,120 - [ERROR] - [GOLD] Strategy VOLUME_CLIMAX error: 'volume'
2026-07-21 00:53:04,471 - [ERROR] - [GOLD] Strategy VOLUME_CLIMAX error: 'volume'
2026-07-21 00:53:05,828 - [ERROR] - [GOLD] Strategy VOLUME_CLIMAX error: 'volume'
2026-07-21 00:53:07,188 - [ERROR] - [GOLD] Strategy VOLUME_CLIMAX error: 'volume'
2026-07-21 00:53:08,537 - [ERROR] - [GOLD] Strategy VOLUME_CLIMAX error: 'volume'
2026-07-21 00:53:09,881 - [ERROR] - [GOLD] Strategy VOLUME_CLIMAX error: 'volume'
2026-07-21 00:53:11,231 - [ERROR] - [GOLD] Strategy VOLUME_CLIMAX error: 'volume'
2026-07-21 00:53:12,629 - [ERROR] - [GOLD] Strategy VOLUME_CLIMAX error: 'volume'
2026-07-21 00:53:14,011 - [ERROR] - [GOLD] Strategy VOLUME_CLIMAX error: 'volume'
2026-07-21 00:53:15,371 - [ERROR] - [GOLD] Strategy VOLUME_CLIMAX error: 'volume'
2026-07-21 00:53:16,730 - [ERROR] - [GOLD] Strategy VOLUME_CLIMAX error: 'volume'
2026-07-21 00:53:18,090 - [ERROR] - [GOLD] Strategy VOLUME_CLIMAX error: 'volume'
2026-07-21 00:53:19,448 - [ERROR] - [GOLD] Strategy VOLUME_CLIMAX error: 'volume'
2026-07-21 00:53:20,806 - [ERROR] - [GOLD] Strategy VOLUME_CLIMAX error: 'volume'
2026-07-21 00:53:22,163 - [ERROR] - [GOLD] Strategy VOLUME_CLIMAX error: 'volume'
2026-07-21 00:53:23,556 - [ERROR] - [GOLD] Strategy VOLUME_CLIMAX error: 'volume'
2026-07-21 00:53:24,913 - [ERROR] - [GOLD] Strategy VOLUME_CLIMAX error: 'volume'
2026-07-21 00:53:26,272 - [ERROR] - [GOLD] Strategy VOLUME_CLIMAX error: 'volume'
2026-07-21 00:53:27,631 - [ERROR] - [GOLD] Strategy VOLUME_CLIMAX error: 'volume'
2026-07-21 00:53:28,983 - [ERROR] - [GOLD] Strategy VOLUME_CLIMAX error: 'volume'
2026-07-21 00:53:30,342 - [ERROR] - [GOLD] Strategy VOLUME_CLIMAX error: 'volume'
2026-07-21 00:53:31,706 - [ERROR] - [GOLD] Strategy VOLUME_CLIMAX error: 'volume'
2026-07-21 00:53:33,066 - [ERROR] - [GOLD] Strategy VOLUME_CLIMAX error: 'volume'
2026-07-21 00:53:34,429 - [ERROR] - [GOLD] Strategy VOLUME_CLIMAX error: 'volume'
2026-07-21 00:53:35,808 - [ERROR] - [GOLD] Strategy VOLUME_CLIMAX error: 'volume'
2026-07-21 00:53:37,165 - [ERROR] - [GOLD] Strategy VOLUME_CLIMAX error: 'volume'
2026-07-21 00:53:38,518 - [ERROR] - [GOLD] Strategy VOLUME_CLIMAX error: 'volume'
2026-07-21 00:53:39,882 - [ERROR] - [GOLD] Strategy VOLUME_CLIMAX error: 'volume'
2026-07-21 00:53:41,234 - [ERROR] - [GOLD] Strategy VOLUME_CLIMAX error: 'volume'
2026-07-21 00:53:42,599 - [ERROR] - [GOLD] Strategy VOLUME_CLIMAX error: 'volume'
2026-07-21 00:53:43,995 - [ERROR] - [GOLD] Strategy VOLUME_CLIMAX error: 'volume'
2026-07-21 00:53:45,359 - [ERROR] - [GOLD] Strategy VOLUME_CLIMAX error: 'volume'
2026-07-21 00:53:46,717 - [ERROR] - [GOLD] Strategy VOLUME_CLIMAX error: 'volume'
2026-07-21 00:53:48,075 - [ERROR] - [GOLD] Strategy VOLUME_CLIMAX error: 'volume'
2026-07-21 00:53:49,454 - [ERROR] - [GOLD] Strategy VOLUME_CLIMAX error: 'volume'
2026-07-21 00:53:50,808 - [ERROR] - [GOLD] Strategy VOLUME_CLIMAX error: 'volume'
2026-07-21 00:53:52,167 - [ERROR] - [GOLD] Strategy VOLUME_CLIMAX error: 'volume'
2026-07-21 00:53:53,518 - [ERROR] - [GOLD] Strategy VOLUME_CLIMAX error: 'volume'
2026-07-21 00:53:54,864 - [ERROR] - [GOLD] Strategy VOLUME_CLIMAX error: 'volume'
2026-07-21 00:53:56,227 - [ERROR] - [GOLD] Strategy VOLUME_CLIMAX error: 'volume'
2026-07-21 00:53:57,581 - [ERROR] - [GOLD] Strategy VOLUME_CLIMAX error: 'volume'
2026-07-21 00:53:58,945 - [ERROR] - [GOLD] Strategy VOLUME_CLIMAX error: 'volume'
2026-07-21 00:54:00,319 - [ERROR] - [GOLD] Strategy VOLUME_CLIMAX error: 'volume'
2026-07-21 00:54:01,676 - [ERROR] - [GOLD] Strategy VOLUME_CLIMAX error: 'volume'
2026-07-21 00:54:03,036 - [ERROR] - [GOLD] Strategy VOLUME_CLIMAX error: 'volume'
2026-07-21 00:54:04,413 - [ERROR] - [GOLD] Strategy VOLUME_CLIMAX error: 'volume'
2026-07-21 00:54:05,770 - [ERROR] - [GOLD] Strategy VOLUME_CLIMAX error: 'volume'
2026-07-21 00:54:07,127 - [ERROR] - [GOLD] Strategy VOLUME_CLIMAX error: 'volume'
2026-07-21 00:54:08,497 - [ERROR] - [GOLD] Strategy VOLUME_CLIMAX error: 'volume'
2026-07-21 00:54:09,852 - [ERROR] - [GOLD] Strategy VOLUME_CLIMAX error: 'volume'
2026-07-21 00:54:11,202 - [ERROR] - [GOLD] Strategy VOLUME_CLIMAX error: 'volume'
2026-07-21 00:54:12,571 - [ERROR] - [GOLD] Strategy VOLUME_CLIMAX error: 'volume'
2026-07-21 00:54:13,930 - [ERROR] - [GOLD] Strategy VOLUME_CLIMAX error: 'volume'
2026-07-21 00:54:15,282 - [ERROR] - [GOLD] Strategy VOLUME_CLIMAX error: 'volume'
2026-07-21 00:54:16,660 - [ERROR] - [GOLD] Strategy VOLUME_CLIMAX error: 'volume'
2026-07-21 00:54:18,028 - [ERROR] - [GOLD] Strategy VOLUME_CLIMAX error: 'volume'
2026-07-21 00:54:19,384 - [ERROR] - [GOLD] Strategy VOLUME_CLIMAX error: 'volume'
2026-07-21 00:54:20,749 - [ERROR] - [GOLD] Strategy VOLUME_CLIMAX error: 'volume'
2026-07-21 00:54:22,109 - [ERROR] - [GOLD] Strategy VOLUME_CLIMAX error: 'volume'
2026-07-21 00:54:23,472 - [ERROR] - [GOLD] Strategy VOLUME_CLIMAX error: 'volume'
2026-07-21 00:54:24,842 - [ERROR] - [GOLD] Strategy VOLUME_CLIMAX error: 'volume'
2026-07-21 00:54:26,188 - [ERROR] - [GOLD] Strategy VOLUME_CLIMAX error: 'volume'
2026-07-21 00:54:27,548 - [ERROR] - [GOLD] Strategy VOLUME_CLIMAX error: 'volume'
2026-07-21 00:54:28,917 - [ERROR] - [GOLD] Strategy VOLUME_CLIMAX error: 'volume'
2026-07-21 00:54:30,281 - [ERROR] - [GOLD] Strategy VOLUME_CLIMAX error: 'volume'
2026-07-21 00:54:31,625 - [ERROR] - [GOLD] Strategy VOLUME_CLIMAX error: 'volume'
2026-07-21 00:54:33,000 - [ERROR] - [GOLD] Strategy VOLUME_CLIMAX error: 'volume'
2026-07-21 00:54:34,348 - [ERROR] - [GOLD] Strategy VOLUME_CLIMAX error: 'volume'
2026-07-21 00:54:35,701 - [ERROR] - [GOLD] Strategy VOLUME_CLIMAX error: 'volume'
2026-07-21 00:54:37,056 - [ERROR] - [GOLD] Strategy VOLUME_CLIMAX error: 'volume'
2026-07-21 00:54:38,414 - [ERROR] - [GOLD] Strategy VOLUME_CLIMAX error: 'volume'
2026-07-21 00:54:39,766 - [ERROR] - [GOLD] Strategy VOLUME_CLIMAX error: 'volume'
2026-07-21 00:54:41,125 - [ERROR] - [GOLD] Strategy VOLUME_CLIMAX error: 'volume'
2026-07-21 00:54:42,473 - [ERROR] - [GOLD] Strategy VOLUME_CLIMAX error: 'volume'
2026-07-21 00:54:43,859 - [ERROR] - [GOLD] Strategy VOLUME_CLIMAX error: 'volume'
2026-07-21 00:54:45,211 - [ERROR] - [GOLD] Strategy VOLUME_CLIMAX error: 'volume'
2026-07-21 00:54:46,579 - [ERROR] - [GOLD] Strategy VOLUME_CLIMAX error: 'volume'
2026-07-21 00:54:47,940 - [ERROR] - [GOLD] Strategy VOLUME_CLIMAX error: 'volume'
2026-07-21 00:54:49,295 - [ERROR] - [GOLD] Strategy VOLUME_CLIMAX error: 'volume'
2026-07-21 00:54:50,648 - [ERROR] - [GOLD] Strategy VOLUME_CLIMAX error: 'volume'
2026-07-21 00:54:52,007 - [ERROR] - [GOLD] Strategy VOLUME_CLIMAX error: 'volume'
2026-07-21 00:54:53,373 - [ERROR] - [GOLD] Strategy VOLUME_CLIMAX error: 'volume'
2026-07-21 00:54:54,738 - [ERROR] - [GOLD] Strategy VOLUME_CLIMAX error: 'volume'
2026-07-21 00:54:56,147 - [ERROR] - [GOLD] Strategy VOLUME_CLIMAX error: 'volume'
2026-07-21 00:54:57,501 - [ERROR] - [GOLD] Strategy VOLUME_CLIMAX error: 'volume'
2026-07-21 00:54:58,858 - [ERROR] - [GOLD] Strategy VOLUME_CLIMAX error: 'volume'
2026-07-21 00:55:00,236 - [ERROR] - [GOLD] Strategy VOLUME_CLIMAX error: 'volume'
2026-07-21 00:55:01,614 - [ERROR] - [GOLD] Strategy VOLUME_CLIMAX error: 'volume'
2026-07-21 00:55:02,989 - [ERROR] - [GOLD] Strategy VOLUME_CLIMAX error: 'volume'
2026-07-21 00:55:03,352 - [WARNING] - [SILVER] \U0001f6a8 Spread Protection: Live Spread (70) > Max Allowable (40). Trade Aborted.
2026-07-21 00:55:04,397 - [ERROR] - [GOLD] Strategy VOLUME_CLIMAX error: 'volume'
2026-07-21 00:55:05,764 - [ERROR] - [GOLD] Strategy VOLUME_CLIMAX error: 'volume'
2026-07-21 00:55:07,128 - [ERROR] - [GOLD] Strategy VOLUME_CLIMAX error: 'volume'
2026-07-21 00:55:08,489 - [ERROR] - [GOLD] Strategy VOLUME_CLIMAX error: 'volume'
2026-07-21 00:55:09,860 - [ERROR] - [GOLD] Strategy VOLUME_CLIMAX error: 'volume'
2026-07-21 00:55:11,224 - [ERROR] - [GOLD] Strategy VOLUME_CLIMAX error: 'volume'
2026-07-21 00:55:12,600 - [ERROR] - [GOLD] Strategy VOLUME_CLIMAX error: 'volume'
2026-07-21 00:55:13,953 - [ERROR] - [GOLD] Strategy VOLUME_CLIMAX error: 'volume'
2026-07-21 00:55:15,297 - [ERROR] - [GOLD] Strategy VOLUME_CLIMAX error: 'volume'
2026-07-21 00:55:16,652 - [ERROR] - [GOLD] Strategy VOLUME_CLIMAX error: 'volume'
2026-07-21 00:55:18,007 - [ERROR] - [GOLD] Strategy VOLUME_CLIMAX error: 'volume'
2026-07-21 00:55:19,350 - [ERROR] - [GOLD] Strategy VOLUME_CLIMAX error: 'volume'
2026-07-21 00:55:20,708 - [ERROR] - [GOLD] Strategy VOLUME_CLIMAX error: 'volume'
2026-07-21 00:55:22,054 - [ERROR] - [GOLD] Strategy VOLUME_CLIMAX error: 'volume'
2026-07-21 00:55:23,407 - [ERROR] - [GOLD] Strategy VOLUME_CLIMAX error: 'volume'
2026-07-21 00:55:24,761 - [ERROR] - [GOLD] Strategy VOLUME_CLIMAX error: 'volume'
2026-07-21 00:55:26,118 - [ERROR] - [GOLD] Strategy VOLUME_CLIMAX error: 'volume'
2026-07-21 00:55:27,470 - [ERROR] - [GOLD] Strategy VOLUME_CLIMAX error: 'volume'
2026-07-21 00:55:28,838 - [ERROR] - [GOLD] Strategy VOLUME_CLIMAX error: 'volume'
2026-07-21 00:55:30,197 - [ERROR] - [GOLD] Strategy VOLUME_CLIMAX error: 'volume'
2026-07-21 00:55:31,557 - [ERROR] - [GOLD] Strategy VOLUME_CLIMAX error: 'volume'
2026-07-21 00:55:32,924 - [ERROR] - [GOLD] Strategy VOLUME_CLIMAX error: 'volume'
2026-07-21 00:55:34,288 - [ERROR] - [GOLD] Strategy VOLUME_CLIMAX error: 'volume'
2026-07-21 00:55:35,654 - [ERROR] - [GOLD] Strategy VOLUME_CLIMAX error: 'volume'
2026-07-21 00:55:37,017 - [ERROR] - [GOLD] Strategy VOLUME_CLIMAX error: 'volume'
2026-07-21 00:55:38,368 - [ERROR] - [GOLD] Strategy VOLUME_CLIMAX error: 'volume'
2026-07-21 00:55:39,735 - [ERROR] - [GOLD] Strategy VOLUME_CLIMAX error: 'volume'
2026-07-21 00:55:41,102 - [ERROR] - [GOLD] Strategy VOLUME_CLIMAX error: 'volume'
2026-07-21 00:55:42,461 - [ERROR] - [GOLD] Strategy VOLUME_CLIMAX error: 'volume'
2026-07-21 00:55:43,817 - [ERROR] - [GOLD] Strategy VOLUME_CLIMAX error: 'volume'
2026-07-21 00:55:45,187 - [ERROR] - [GOLD] Strategy VOLUME_CLIMAX error: 'volume'
2026-07-21 00:55:46,543 - [ERROR] - [GOLD] Strategy VOLUME_CLIMAX error: 'volume'
2026-07-21 00:55:47,918 - [ERROR] - [GOLD] Strategy VOLUME_CLIMAX error: 'volume'
2026-07-21 00:55:49,277 - [ERROR] - [GOLD] Strategy VOLUME_CLIMAX error: 'volume'
2026-07-21 00:55:50,632 - [ERROR] - [GOLD] Strategy VOLUME_CLIMAX error: 'volume'
2026-07-21 00:55:51,986 - [ERROR] - [GOLD] Strategy VOLUME_CLIMAX error: 'volume'
2026-07-21 00:55:53,348 - [ERROR] - [GOLD] Strategy VOLUME_CLIMAX error: 'volume'
2026-07-21 00:55:54,713 - [ERROR] - [GOLD] Strategy VOLUME_CLIMAX error: 'volume'
2026-07-21 00:55:56,070 - [ERROR] - [GOLD] Strategy VOLUME_CLIMAX error: 'volume'
2026-07-21 00:55:57,437 - [ERROR] - [GOLD] Strategy VOLUME_CLIMAX error: 'volume'
2026-07-21 00:55:58,779 - [ERROR] - [GOLD] Strategy VOLUME_CLIMAX error: 'volume'
2026-07-21 00:56:00,137 - [ERROR] - [GOLD] Strategy VOLUME_CLIMAX error: 'volume'
2026-07-21 00:56:01,493 - [ERROR] - [GOLD] Strategy VOLUME_CLIMAX error: 'volume'
2026-07-21 00:56:02,840 - [ERROR] - [GOLD] Strategy VOLUME_CLIMAX error: 'volume'
2026-07-21 00:56:04,184 - [ERROR] - [GOLD] Strategy VOLUME_CLIMAX error: 'volume'
2026-07-21 00:56:05,546 - [ERROR] - [GOLD] Strategy VOLUME_CLIMAX error: 'volume'
2026-07-21 00:56:06,903 - [ERROR] - [GOLD] Strategy VOLUME_CLIMAX error: 'volume'
2026-07-21 00:56:08,245 - [ERROR] - [GOLD] Strategy VOLUME_CLIMAX error: 'volume'
2026-07-21 00:56:09,599 - [ERROR] - [GOLD] Strategy VOLUME_CLIMAX error: 'volume'
2026-07-21 00:56:10,974 - [ERROR] - [GOLD] Strategy VOLUME_CLIMAX error: 'volume'
2026-07-21 00:56:12,328 - [ERROR] - [GOLD] Strategy VOLUME_CLIMAX error: 'volume'
2026-07-21 00:56:13,700 - [ERROR] - [GOLD] Strategy VOLUME_CLIMAX error: 'volume'
2026-07-21 00:56:15,056 - [ERROR] - [GOLD] Strategy VOLUME_CLIMAX error: 'volume'
2026-07-21 00:56:16,409 - [ERROR] - [GOLD] Strategy VOLUME_CLIMAX error: 'volume'
2026-07-21 00:56:17,774 - [ERROR] - [GOLD] Strategy VOLUME_CLIMAX error: 'volume'
2026-07-21 00:56:19,134 - [ERROR] - [GOLD] Strategy VOLUME_CLIMAX error: 'volume'
2026-07-21 00:56:20,487 - [ERROR] - [GOLD] Strategy VOLUME_CLIMAX error: 'volume'
2026-07-21 00:56:21,853 - [ERROR] - [GOLD] Strategy VOLUME_CLIMAX error: 'volume'
2026-07-21 00:56:23,219 - [ERROR] - [GOLD] Strategy VOLUME_CLIMAX error: 'volume'
2026-07-21 00:56:24,568 - [ERROR] - [GOLD] Strategy VOLUME_CLIMAX error: 'volume'
2026-07-21 00:56:25,932 - [ERROR] - [GOLD] Strategy VOLUME_CLIMAX error: 'volume'
2026-07-21 00:56:27,303 - [ERROR] - [GOLD] Strategy VOLUME_CLIMAX error: 'volume'
2026-07-21 00:56:28,660 - [ERROR] - [GOLD] Strategy VOLUME_CLIMAX error: 'volume'
2026-07-21 00:56:30,029 - [ERROR] - [GOLD] Strategy VOLUME_CLIMAX error: 'volume'
2026-07-21 00:56:31,381 - [ERROR] - [GOLD] Strategy VOLUME_CLIMAX error: 'volume'
2026-07-21 00:56:32,741 - [ERROR] - [GOLD] Strategy VOLUME_CLIMAX error: 'volume'
2026-07-21 00:56:34,110 - [ERROR] - [GOLD] Strategy VOLUME_CLIMAX error: 'volume'
2026-07-21 00:56:35,463 - [ERROR] - [GOLD] Strategy VOLUME_CLIMAX error: 'volume'
2026-07-21 00:56:36,819 - [ERROR] - [GOLD] Strategy VOLUME_CLIMAX error: 'volume'
2026-07-21 00:56:38,183 - [ERROR] - [GOLD] Strategy VOLUME_CLIMAX error: 'volume'
2026-07-21 00:56:39,537 - [ERROR] - [GOLD] Strategy VOLUME_CLIMAX error: 'volume'
2026-07-21 00:56:40,898 - [ERROR] - [GOLD] Strategy VOLUME_CLIMAX error: 'volume'
2026-07-21 00:56:42,274 - [ERROR] - [GOLD] Strategy VOLUME_CLIMAX error: 'volume'
2026-07-21 00:56:43,622 - [ERROR] - [GOLD] Strategy VOLUME_CLIMAX error: 'volume'
2026-07-21 00:56:44,971 - [ERROR] - [GOLD] Strategy VOLUME_CLIMAX error: 'volume'
2026-07-21 00:56:46,322 - [ERROR] - [GOLD] Strategy VOLUME_CLIMAX error: 'volume'
2026-07-21 00:56:47,664 - [ERROR] - [GOLD] Strategy VOLUME_CLIMAX error: 'volume'
2026-07-21 00:56:49,010 - [ERROR] - [GOLD] Strategy VOLUME_CLIMAX error: 'volume'
2026-07-21 00:56:50,376 - [ERROR] - [GOLD] Strategy VOLUME_CLIMAX error: 'volume'
2026-07-21 00:56:51,718 - [ERROR] - [GOLD] Strategy VOLUME_CLIMAX error: 'volume'
2026-07-21 00:56:53,062 - [ERROR] - [GOLD] Strategy VOLUME_CLIMAX error: 'volume'
2026-07-21 00:56:54,423 - [ERROR] - [GOLD] Strategy VOLUME_CLIMAX error: 'volume'
2026-07-21 00:56:55,764 - [ERROR] - [GOLD] Strategy VOLUME_CLIMAX error: 'volume'
2026-07-21 00:56:57,112 - [ERROR] - [GOLD] Strategy VOLUME_CLIMAX error: 'volume'
2026-07-21 00:56:58,474 - [ERROR] - [GOLD] Strategy VOLUME_CLIMAX error: 'volume'
2026-07-21 00:56:59,826 - [ERROR] - [GOLD] Strategy VOLUME_CLIMAX error: 'volume'
2026-07-21 00:57:01,176 - [ERROR] - [GOLD] Strategy VOLUME_CLIMAX error: 'volume'
2026-07-21 00:57:02,535 - [ERROR] - [GOLD] Strategy VOLUME_CLIMAX error: 'volume'
2026-07-21 00:57:03,514 - [ERROR] - [SILVER] Strategy VOLUME_CLIMAX error: 'volume'
2026-07-21 00:57:03,894 - [ERROR] - [GOLD] Strategy VOLUME_CLIMAX error: 'volume'
2026-07-21 00:57:04,874 - [ERROR] - [SILVER] Strategy VOLUME_CLIMAX error: 'volume'
2026-07-21 00:57:05,254 - [ERROR] - [GOLD] Strategy VOLUME_CLIMAX error: 'volume'
2026-07-21 00:57:06,236 - [ERROR] - [SILVER] Strategy VOLUME_CLIMAX error: 'volume'
2026-07-21 00:57:06,602 - [ERROR] - [GOLD] Strategy VOLUME_CLIMAX error: 'volume'
2026-07-21 00:57:07,582 - [ERROR] - [SILVER] Strategy VOLUME_CLIMAX error: 'volume'
2026-07-21 00:57:07,956 - [ERROR] - [GOLD] Strategy VOLUME_CLIMAX error: 'volume'
2026-07-21 00:57:08,937 - [ERROR] - [SILVER] Strategy VOLUME_CLIMAX error: 'volume'
2026-07-21 00:57:09,301 - [ERROR] - [GOLD] Strategy VOLUME_CLIMAX error: 'volume'
2026-07-21 00:57:10,297 - [ERROR] - [SILVER] Strategy VOLUME_CLIMAX error: 'volume'
2026-07-21 00:57:10,654 - [ERROR] - [GOLD] Strategy VOLUME_CLIMAX error: 'volume'
2026-07-21 00:57:11,649 - [ERROR] - [SILVER] Strategy VOLUME_CLIMAX error: 'volume'
2026-07-21 00:57:12,011 - [ERROR] - [GOLD] Strategy VOLUME_CLIMAX error: 'volume'
2026-07-21 00:57:12,993 - [WARNING] - [SILVER] \U0001f6a8 Spread Protection: Live Spread (70) > Max Allowable (40). Trade Aborted.
2026-07-21 00:57:13,372 - [ERROR] - [GOLD] Strategy VOLUME_CLIMAX error: 'volume'
2026-07-21 00:57:14,726 - [ERROR] - [GOLD] Strategy VOLUME_CLIMAX error: 'volume'
2026-07-21 00:57:16,106 - [ERROR] - [GOLD] Strategy VOLUME_CLIMAX error: 'volume'
2026-07-21 00:57:17,466 - [ERROR] - [GOLD] Strategy VOLUME_CLIMAX error: 'volume'
2026-07-21 00:57:18,811 - [ERROR] - [GOLD] Strategy VOLUME_CLIMAX error: 'volume'
2026-07-21 00:57:20,175 - [ERROR] - [GOLD] Strategy VOLUME_CLIMAX error: 'volume'
2026-07-21 00:57:21,536 - [ERROR] - [GOLD] Strategy VOLUME_CLIMAX error: 'volume'
2026-07-21 00:57:22,899 - [ERROR] - [GOLD] Strategy VOLUME_CLIMAX error: 'volume'
2026-07-21 00:57:24,261 - [ERROR] - [GOLD] Strategy VOLUME_CLIMAX error: 'volume'
2026-07-21 00:57:25,629 - [ERROR] - [GOLD] Strategy VOLUME_CLIMAX error: 'volume'
2026-07-21 00:57:26,976 - [ERROR] - [GOLD] Strategy VOLUME_CLIMAX error: 'volume'
2026-07-21 00:57:28,337 - [ERROR] - [GOLD] Strategy VOLUME_CLIMAX error: 'volume'
2026-07-21 00:57:29,683 - [ERROR] - [GOLD] Strategy VOLUME_CLIMAX error: 'volume'
2026-07-21 00:57:31,028 - [ERROR] - [GOLD] Strategy VOLUME_CLIMAX error: 'volume'
2026-07-21 00:57:32,390 - [ERROR] - [GOLD] Strategy VOLUME_CLIMAX error: 'volume'
2026-07-21 00:57:33,737 - [ERROR] - [GOLD] Strategy VOLUME_CLIMAX error: 'volume'
2026-07-21 00:57:35,079 - [ERROR] - [GOLD] Strategy VOLUME_CLIMAX error: 'volume'
2026-07-21 00:57:36,427 - [ERROR] - [GOLD] Strategy VOLUME_CLIMAX error: 'volume'
2026-07-21 00:57:37,823 - [ERROR] - [GOLD] Strategy VOLUME_CLIMAX error: 'volume'
2026-07-21 00:57:39,163 - [ERROR] - [GOLD] Strategy VOLUME_CLIMAX error: 'volume'
2026-07-21 00:57:40,515 - [ERROR] - [GOLD] Strategy VOLUME_CLIMAX error: 'volume'
2026-07-21 00:57:41,857 - [ERROR] - [GOLD] Strategy VOLUME_CLIMAX error: 'volume'
2026-07-21 00:57:43,204 - [ERROR] - [GOLD] Strategy VOLUME_CLIMAX error: 'volume'
2026-07-21 00:57:44,580 - [ERROR] - [GOLD] Strategy VOLUME_CLIMAX error: 'volume'
2026-07-21 00:57:45,939 - [ERROR] - [GOLD] Strategy VOLUME_CLIMAX error: 'volume'
2026-07-21 00:57:47,294 - [ERROR] - [GOLD] Strategy VOLUME_CLIMAX error: 'volume'
2026-07-21 00:57:48,657 - [ERROR] - [GOLD] Strategy VOLUME_CLIMAX error: 'volume'
2026-07-21 00:57:50,021 - [ERROR] - [GOLD] Strategy VOLUME_CLIMAX error: 'volume'
2026-07-21 00:57:51,373 - [ERROR] - [GOLD] Strategy VOLUME_CLIMAX error: 'volume'
2026-07-21 00:57:52,748 - [ERROR] - [GOLD] Strategy VOLUME_CLIMAX error: 'volume'
2026-07-21 00:57:54,099 - [ERROR] - [GOLD] Strategy VOLUME_CLIMAX error: 'volume'
2026-07-21 00:57:55,460 - [ERROR] - [GOLD] Strategy VOLUME_CLIMAX error: 'volume'
2026-07-21 00:57:56,819 - [ERROR] - [GOLD] Strategy VOLUME_CLIMAX error: 'volume'
2026-07-21 00:57:58,180 - [ERROR] - [GOLD] Strategy VOLUME_CLIMAX error: 'volume'
2026-07-21 00:57:59,536 - [ERROR] - [GOLD] Strategy VOLUME_CLIMAX error: 'volume'
2026-07-21 00:58:00,892 - [ERROR] - [GOLD] Strategy VOLUME_CLIMAX error: 'volume'
2026-07-21 00:58:02,257 - [ERROR] - [GOLD] Strategy VOLUME_CLIMAX error: 'volume'
2026-07-21 00:58:03,608 - [ERROR] - [GOLD] Strategy VOLUME_CLIMAX error: 'volume'
2026-07-21 00:58:04,967 - [ERROR] - [GOLD] Strategy VOLUME_CLIMAX error: 'volume'
2026-07-21 00:58:06,333 - [ERROR] - [GOLD] Strategy VOLUME_CLIMAX error: 'volume'
2026-07-21 00:58:07,689 - [ERROR] - [GOLD] Strategy VOLUME_CLIMAX error: 'volume'
2026-07-21 00:58:09,053 - [ERROR] - [GOLD] Strategy VOLUME_CLIMAX error: 'volume'
2026-07-21 00:58:10,417 - [ERROR] - [GOLD] Strategy VOLUME_CLIMAX error: 'volume'
2026-07-21 00:58:11,768 - [ERROR] - [GOLD] Strategy VOLUME_CLIMAX error: 'volume'
2026-07-21 00:58:13,115 - [ERROR] - [GOLD] Strategy VOLUME_CLIMAX error: 'volume'
2026-07-21 00:58:14,465 - [ERROR] - [GOLD] Strategy VOLUME_CLIMAX error: 'volume'
2026-07-21 00:58:15,820 - [ERROR] - [GOLD] Strategy VOLUME_CLIMAX error: 'volume'
2026-07-21 00:58:17,169 - [ERROR] - [GOLD] Strategy VOLUME_CLIMAX error: 'volume'
2026-07-21 00:58:18,534 - [ERROR] - [GOLD] Strategy VOLUME_CLIMAX error: 'volume'
2026-07-21 00:58:19,887 - [ERROR] - [GOLD] Strategy VOLUME_CLIMAX error: 'volume'
2026-07-21 00:58:21,233 - [ERROR] - [GOLD] Strategy VOLUME_CLIMAX error: 'volume'
2026-07-21 00:58:22,589 - [ERROR] - [GOLD] Strategy VOLUME_CLIMAX error: 'volume'
2026-07-21 00:58:23,932 - [ERROR] - [GOLD] Strategy VOLUME_CLIMAX error: 'volume'
2026-07-21 00:58:25,280 - [ERROR] - [GOLD] Strategy VOLUME_CLIMAX error: 'volume'
2026-07-21 00:58:26,643 - [ERROR] - [GOLD] Strategy VOLUME_CLIMAX error: 'volume'
2026-07-21 00:58:27,995 - [ERROR] - [GOLD] Strategy VOLUME_CLIMAX error: 'volume'
2026-07-21 00:58:29,353 - [ERROR] - [GOLD] Strategy VOLUME_CLIMAX error: 'volume'
2026-07-21 00:58:30,720 - [ERROR] - [GOLD] Strategy VOLUME_CLIMAX error: 'volume'
2026-07-21 00:58:32,076 - [ERROR] - [GOLD] Strategy VOLUME_CLIMAX error: 'volume'
2026-07-21 00:58:33,429 - [ERROR] - [GOLD] Strategy VOLUME_CLIMAX error: 'volume'
2026-07-21 00:58:34,793 - [ERROR] - [GOLD] Strategy VOLUME_CLIMAX error: 'volume'
2026-07-21 00:58:36,155 - [ERROR] - [GOLD] Strategy VOLUME_CLIMAX error: 'volume'
2026-07-21 00:58:37,528 - [ERROR] - [GOLD] Strategy VOLUME_CLIMAX error: 'volume'
2026-07-21 00:58:38,882 - [ERROR] - [GOLD] Strategy VOLUME_CLIMAX error: 'volume'
2026-07-21 00:58:40,236 - [ERROR] - [GOLD] Strategy VOLUME_CLIMAX error: 'volume'
2026-07-21 00:58:41,588 - [ERROR] - [GOLD] Strategy VOLUME_CLIMAX error: 'volume'
2026-07-21 00:58:42,941 - [ERROR] - [GOLD] Strategy VOLUME_CLIMAX error: 'volume'
2026-07-21 00:58:44,294 - [ERROR] - [GOLD] Strategy VOLUME_CLIMAX error: 'volume'
2026-07-21 00:58:45,654 - [ERROR] - [GOLD] Strategy VOLUME_CLIMAX error: 'volume'
2026-07-21 00:58:47,011 - [ERROR] - [GOLD] Strategy VOLUME_CLIMAX error: 'volume'
2026-07-21 00:58:48,371 - [ERROR] - [GOLD] Strategy VOLUME_CLIMAX error: 'volume'
2026-07-21 00:58:49,742 - [ERROR] - [GOLD] Strategy VOLUME_CLIMAX error: 'volume'
2026-07-21 00:58:51,099 - [ERROR] - [GOLD] Strategy VOLUME_CLIMAX error: 'volume'
2026-07-21 00:58:52,450 - [ERROR] - [GOLD] Strategy VOLUME_CLIMAX error: 'volume'
2026-07-21 00:58:53,821 - [ERROR] - [GOLD] Strategy VOLUME_CLIMAX error: 'volume'
2026-07-21 00:58:55,176 - [ERROR] - [GOLD] Strategy VOLUME_CLIMAX error: 'volume'
2026-07-21 00:58:56,529 - [ERROR] - [GOLD] Strategy VOLUME_CLIMAX error: 'volume'
2026-07-21 00:58:57,902 - [ERROR] - [GOLD] Strategy VOLUME_CLIMAX error: 'volume'
2026-07-21 00:58:59,246 - [ERROR] - [GOLD] Strategy VOLUME_CLIMAX error: 'volume'
2026-07-21 00:59:00,586 - [ERROR] - [GOLD] Strategy VOLUME_CLIMAX error: 'volume'
2026-07-21 00:59:01,976 - [ERROR] - [GOLD] Strategy VOLUME_CLIMAX error: 'volume'
2026-07-21 00:59:03,319 - [ERROR] - [GOLD] Strategy VOLUME_CLIMAX error: 'volume'
2026-07-21 00:59:04,685 - [ERROR] - [GOLD] Strategy VOLUME_CLIMAX error: 'volume'
2026-07-21 00:59:06,047 - [ERROR] - [GOLD] Strategy VOLUME_CLIMAX error: 'volume'
2026-07-21 00:59:07,400 - [ERROR] - [GOLD] Strategy VOLUME_CLIMAX error: 'volume'
2026-07-21 00:59:08,746 - [ERROR] - [GOLD] Strategy VOLUME_CLIMAX error: 'volume'
2026-07-21 00:59:10,108 - [ERROR] - [GOLD] Strategy VOLUME_CLIMAX error: 'volume'
2026-07-21 00:59:11,460 - [ERROR] - [GOLD] Strategy VOLUME_CLIMAX error: 'volume'
2026-07-21 00:59:12,809 - [ERROR] - [GOLD] Strategy VOLUME_CLIMAX error: 'volume'
2026-07-21 00:59:13,148 - [WARNING] - [SILVER] \U0001f6a8 Spread Protection: Live Spread (70) > Max Allowable (40). Trade Aborted.
2026-07-21 00:59:14,176 - [ERROR] - [GOLD] Strategy VOLUME_CLIMAX error: 'volume'
2026-07-21 00:59:15,543 - [ERROR] - [GOLD] Strategy VOLUME_CLIMAX error: 'volume'
2026-07-21 00:59:16,900 - [ERROR] - [GOLD] Strategy VOLUME_CLIMAX error: 'volume'
2026-07-21 00:59:18,288 - [ERROR] - [GOLD] Strategy VOLUME_CLIMAX error: 'volume'
2026-07-21 00:59:19,654 - [ERROR] - [GOLD] Strategy VOLUME_CLIMAX error: 'volume'
2026-07-21 00:59:21,009 - [ERROR] - [GOLD] Strategy VOLUME_CLIMAX error: 'volume'
2026-07-21 00:59:22,377 - [ERROR] - [GOLD] Strategy VOLUME_CLIMAX error: 'volume'
2026-07-21 00:59:23,727 - [ERROR] - [GOLD] Strategy VOLUME_CLIMAX error: 'volume'
2026-07-21 00:59:25,082 - [ERROR] - [GOLD] Strategy VOLUME_CLIMAX error: 'volume'
2026-07-21 00:59:26,443 - [ERROR] - [GOLD] Strategy VOLUME_CLIMAX error: 'volume'
2026-07-21 00:59:27,804 - [ERROR] - [GOLD] Strategy VOLUME_CLIMAX error: 'volume'
2026-07-21 00:59:29,171 - [ERROR] - [GOLD] Strategy VOLUME_CLIMAX error: 'volume'
2026-07-21 00:59:30,557 - [ERROR] - [GOLD] Strategy VOLUME_CLIMAX error: 'volume'
2026-07-21 00:59:31,911 - [ERROR] - [GOLD] Strategy VOLUME_CLIMAX error: 'volume'
2026-07-21 00:59:33,253 - [WARNING] - [GOLD] \U0001f6a8 Spread Protection: Live Spread (58) > Max Allowable (40). Trade Aborted.
2026-07-21 01:01:13,403 - [ERROR] - [SILVER] Strategy VOLUME_CLIMAX error: 'volume'
2026-07-21 01:01:14,747 - [ERROR] - [SILVER] Strategy VOLUME_CLIMAX error: 'volume'
2026-07-21 01:01:16,077 - [WARNING] - [SILVER] \U0001f6a8 Spread Protection: Live Spread (72) > Max Allowable (40). Trade Aborted.
2026-07-21 01:01:34,313 - [WARNING] - [GOLD] \U0001f6a8 Spread Protection: Live Spread (54) > Max Allowable (40). Trade Aborted.
2026-07-21 01:03:17,146 - [ERROR] - [SILVER] Strategy VOLUME_CLIMAX error: 'volume'
2026-07-21 01:03:18,512 - [ERROR] - [SILVER] Strategy VOLUME_CLIMAX error: 'volume'
2026-07-21 01:03:19,853 - [WARNING] - [SILVER] \U0001f6a8 Spread Protection: Live Spread (70) > Max Allowable (40). Trade Aborted.
2026-07-21 01:03:34,395 - [WARNING] - [GOLD] \U0001f6a8 Spread Protection: Live Spread (54) > Max Allowable (40). Trade Aborted.
2026-07-21 01:05:20,908 - [ERROR] - [SILVER] Strategy VOLUME_CLIMAX error: 'volume'
2026-07-21 01:05:22,284 - [ERROR] - [SILVER] Strategy VOLUME_CLIMAX error: 'volume'
2026-07-21 01:05:23,648 - [ERROR] - [SILVER] Strategy VOLUME_CLIMAX error: 'volume'
2026-07-21 01:05:25,012 - [ERROR] - [SILVER] Strategy VOLUME_CLIMAX error: 'volume'
2026-07-21 01:05:26,380 - [ERROR] - [SILVER] Strategy VOLUME_CLIMAX error: 'volume'
2026-07-21 01:05:27,740 - [ERROR] - [SILVER] Strategy VOLUME_CLIMAX error: 'volume'
2026-07-21 01:05:29,107 - [ERROR] - [SILVER] Strategy VOLUME_CLIMAX error: 'volume'
2026-07-21 01:05:30,479 - [ERROR] - [SILVER] Strategy VOLUME_CLIMAX error: 'volume'
2026-07-21 01:05:31,834 - [ERROR] - [SILVER] Strategy VOLUME_CLIMAX error: 'volume'
2026-07-21 01:05:33,193 - [ERROR] - [SILVER] Strategy VOLUME_CLIMAX error: 'volume'
2026-07-21 01:05:34,653 - [ERROR] - [SILVER] Strategy VOLUME_CLIMAX error: 'volume'
2026-07-21 01:05:34,684 - [WARNING] - [GOLD] \U0001f6a8 Spread Protection: Live Spread (57) > Max Allowable (40). Trade Aborted.
2026-07-21 01:05:36,016 - [ERROR] - [SILVER] Strategy VOLUME_CLIMAX error: 'volume'
2026-07-21 01:05:37,370 - [ERROR] - [SILVER] Strategy VOLUME_CLIMAX error: 'volume'
2026-07-21 01:05:38,716 - [ERROR] - [SILVER] Strategy VOLUME_CLIMAX error: 'volume'
2026-07-21 01:05:40,075 - [ERROR] - [SILVER] Strategy VOLUME_CLIMAX error: 'volume'
2026-07-21 01:05:41,427 - [ERROR] - [SILVER] Strategy VOLUME_CLIMAX error: 'volume'
2026-07-21 01:05:42,786 - [ERROR] - [SILVER] Strategy VOLUME_CLIMAX error: 'volume'
2026-07-21 01:05:44,155 - [ERROR] - [SILVER] Strategy VOLUME_CLIMAX error: 'volume'
2026-07-21 01:05:45,508 - [ERROR] - [SILVER] Strategy VOLUME_CLIMAX error: 'volume'
2026-07-21 01:05:46,859 - [ERROR] - [SILVER] Strategy VOLUME_CLIMAX error: 'volume'
2026-07-21 01:05:48,227 - [ERROR] - [SILVER] Strategy VOLUME_CLIMAX error: 'volume'
2026-07-21 01:05:49,584 - [ERROR] - [SILVER] Strategy VOLUME_CLIMAX error: 'volume'
2026-07-21 01:05:50,937 - [ERROR] - [SILVER] Strategy VOLUME_CLIMAX error: 'volume'
2026-07-21 01:05:52,312 - [ERROR] - [SILVER] Strategy VOLUME_CLIMAX error: 'volume'
2026-07-21 01:05:53,681 - [ERROR] - [SILVER] Strategy VOLUME_CLIMAX error: 'volume'
2026-07-21 01:05:55,048 - [ERROR] - [SILVER] Strategy VOLUME_CLIMAX error: 'volume'
2026-07-21 01:05:56,418 - [ERROR] - [SILVER] Strategy VOLUME_CLIMAX error: 'volume'
2026-07-21 01:05:57,780 - [ERROR] - [SILVER] Strategy VOLUME_CLIMAX error: 'volume'
2026-07-21 01:05:59,144 - [ERROR] - [SILVER] Strategy VOLUME_CLIMAX error: 'volume'
2026-07-21 01:06:00,512 - [ERROR] - [SILVER] Strategy VOLUME_CLIMAX error: 'volume'
2026-07-21 01:06:01,876 - [ERROR] - [SILVER] Strategy VOLUME_CLIMAX error: 'volume'
2026-07-21 01:06:03,256 - [ERROR] - [SILVER] Strategy VOLUME_CLIMAX error: 'volume'
2026-07-21 01:06:04,621 - [ERROR] - [SILVER] Strategy VOLUME_CLIMAX error: 'volume'
2026-07-21 01:06:05,978 - [ERROR] - [SILVER] Strategy VOLUME_CLIMAX error: 'volume'
2026-07-21 01:06:07,347 - [ERROR] - [SILVER] Strategy VOLUME_CLIMAX error: 'volume'
2026-07-21 01:06:08,706 - [ERROR] - [SILVER] Strategy VOLUME_CLIMAX error: 'volume'
2026-07-21 01:06:10,064 - [ERROR] - [SILVER] Strategy VOLUME_CLIMAX error: 'volume'
2026-07-21 01:06:11,453 - [ERROR] - [SILVER] Strategy VOLUME_CLIMAX error: 'volume'
2026-07-21 01:06:12,820 - [ERROR] - [SILVER] Strategy VOLUME_CLIMAX error: 'volume'
2026-07-21 01:06:14,170 - [WARNING] - [SILVER] \U0001f6a8 Spread Protection: Live Spread (71) > Max Allowable (40). Trade Aborted.
2026-07-21 01:07:35,132 - [WARNING] - [GOLD] \U0001f6a8 Spread Protection: Live Spread (55) > Max Allowable (40). Trade Aborted.
2026-07-21 01:08:15,240 - [ERROR] - [SILVER] Strategy VOLUME_CLIMAX error: 'volume'
2026-07-21 01:08:16,624 - [ERROR] - [SILVER] Strategy VOLUME_CLIMAX error: 'volume'
2026-07-21 01:08:17,993 - [ERROR] - [SILVER] Strategy VOLUME_CLIMAX error: 'volume'
2026-07-21 01:08:19,349 - [ERROR] - [SILVER] Strategy VOLUME_CLIMAX error: 'volume'
2026-07-21 01:08:20,700 - [WARNING] - [SILVER] \U0001f6a8 Spread Protection: Live Spread (69) > Max Allowable (40). Trade Aborted.
2026-07-21 01:09:35,217 - [WARNING] - [GOLD] \U0001f6a8 Spread Protection: Live Spread (57) > Max Allowable (40). Trade Aborted.
2026-07-21 01:10:21,784 - [ERROR] - [SILVER] Strategy VOLUME_CLIMAX error: 'volume'
2026-07-21 01:10:23,172 - [ERROR] - [SILVER] Strategy VOLUME_CLIMAX error: 'volume'
2026-07-21 01:10:24,566 - [ERROR] - [SILVER] Strategy VOLUME_CLIMAX error: 'volume'
2026-07-21 01:10:25,936 - [ERROR] - [SILVER] Strategy VOLUME_CLIMAX error: 'volume'
2026-07-21 01:10:27,301 - [ERROR] - [SILVER] Strategy VOLUME_CLIMAX error: 'volume'
2026-07-21 01:10:28,678 - [ERROR] - [SILVER] Strategy VOLUME_CLIMAX error: 'volume'
2026-07-21 01:10:30,061 - [ERROR] - [SILVER] Strategy VOLUME_CLIMAX error: 'volume'
2026-07-21 01:10:31,439 - [ERROR] - [SILVER] Strategy VOLUME_CLIMAX error: 'volume'
2026-07-21 01:10:32,846 - [ERROR] - [SILVER] Strategy VOLUME_CLIMAX error: 'volume'
2026-07-21 01:10:34,231 - [ERROR] - [SILVER] Strategy VOLUME_CLIMAX error: 'volume'
2026-07-21 01:10:35,621 - [ERROR] - [SILVER] Strategy VOLUME_CLIMAX error: 'volume'
2026-07-21 01:10:36,978 - [ERROR] - [SILVER] Strategy VOLUME_CLIMAX error: 'volume'
2026-07-21 01:10:38,332 - [ERROR] - [SILVER] Strategy VOLUME_CLIMAX error: 'volume'
2026-07-21 01:10:39,686 - [ERROR] - [SILVER] Strategy VOLUME_CLIMAX error: 'volume'
2026-07-21 01:10:41,038 - [ERROR] - [SILVER] Strategy VOLUME_CLIMAX error: 'volume'
2026-07-21 01:10:42,397 - [ERROR] - [SILVER] Strategy VOLUME_CLIMAX error: 'volume'
2026-07-21 01:10:43,759 - [ERROR] - [SILVER] Strategy VOLUME_CLIMAX error: 'volume'
2026-07-21 01:10:45,123 - [ERROR] - [SILVER] Strategy VOLUME_CLIMAX error: 'volume'
2026-07-21 01:10:46,482 - [ERROR] - [SILVER] Strategy VOLUME_CLIMAX error: 'volume'
2026-07-21 01:10:47,827 - [ERROR] - [SILVER] Strategy VOLUME_CLIMAX error: 'volume'
2026-07-21 01:10:49,192 - [ERROR] - [SILVER] Strategy VOLUME_CLIMAX error: 'volume'
2026-07-21 01:10:50,549 - [ERROR] - [SILVER] Strategy VOLUME_CLIMAX error: 'volume'
2026-07-21 01:10:51,905 - [ERROR] - [SILVER] Strategy VOLUME_CLIMAX error: 'volume'
2026-07-21 01:10:53,274 - [ERROR] - [SILVER] Strategy VOLUME_CLIMAX error: 'volume'
2026-07-21 01:10:54,651 - [ERROR] - [SILVER] Strategy VOLUME_CLIMAX error: 'volume'
2026-07-21 01:10:56,006 - [ERROR] - [SILVER] Strategy VOLUME_CLIMAX error: 'volume'
2026-07-21 01:10:57,390 - [ERROR] - [SILVER] Strategy VOLUME_CLIMAX error: 'volume'
2026-07-21 01:10:58,746 - [ERROR] - [SILVER] Strategy VOLUME_CLIMAX error: 'volume'
2026-07-21 01:11:00,103 - [ERROR] - [SILVER] Strategy VOLUME_CLIMAX error: 'volume'
2026-07-21 01:11:01,473 - [ERROR] - [SILVER] Strategy VOLUME_CLIMAX error: 'volume'
2026-07-21 01:11:02,834 - [ERROR] - [SILVER] Strategy VOLUME_CLIMAX error: 'volume'
2026-07-21 01:11:04,199 - [ERROR] - [SILVER] Strategy VOLUME_CLIMAX error: 'volume'
2026-07-21 01:11:05,569 - [ERROR] - [SILVER] Strategy VOLUME_CLIMAX error: 'volume'
2026-07-21 01:11:06,929 - [ERROR] - [SILVER] Strategy VOLUME_CLIMAX error: 'volume'
2026-07-21 01:11:08,291 - [ERROR] - [SILVER] Strategy VOLUME_CLIMAX error: 'volume'
2026-07-21 01:11:09,667 - [ERROR] - [SILVER] Strategy VOLUME_CLIMAX error: 'volume'
2026-07-21 01:11:11,016 - [ERROR] - [SILVER] Strategy VOLUME_CLIMAX error: 'volume'
2026-07-21 01:11:12,380 - [ERROR] - [SILVER] Strategy VOLUME_CLIMAX error: 'volume'
2026-07-21 01:11:13,747 - [ERROR] - [SILVER] Strategy VOLUME_CLIMAX error: 'volume'
2026-07-21 01:11:15,107 - [ERROR] - [SILVER] Strategy VOLUME_CLIMAX error: 'volume'
2026-07-21 01:11:16,473 - [ERROR] - [SILVER] Strategy VOLUME_CLIMAX error: 'volume'
2026-07-21 01:11:17,836 - [ERROR] - [SILVER] Strategy VOLUME_CLIMAX error: 'volume'
2026-07-21 01:11:19,196 - [ERROR] - [SILVER] Strategy VOLUME_CLIMAX error: 'volume'
2026-07-21 01:11:20,558 - [ERROR] - [SILVER] Strategy VOLUME_CLIMAX error: 'volume'
2026-07-21 01:11:21,915 - [ERROR] - [SILVER] Strategy VOLUME_CLIMAX error: 'volume'
2026-07-21 01:11:23,290 - [ERROR] - [SILVER] Strategy VOLUME_CLIMAX error: 'volume'
2026-07-21 01:11:24,651 - [ERROR] - [SILVER] Strategy VOLUME_CLIMAX error: 'volume'
2026-07-21 01:11:26,003 - [ERROR] - [SILVER] Strategy VOLUME_CLIMAX error: 'volume'
2026-07-21 01:11:27,365 - [ERROR] - [SILVER] Strategy VOLUME_CLIMAX error: 'volume'
2026-07-21 01:11:28,719 - [ERROR] - [SILVER] Strategy VOLUME_CLIMAX error: 'volume'
2026-07-21 01:11:30,074 - [ERROR] - [SILVER] Strategy VOLUME_CLIMAX error: 'volume'
2026-07-21 01:11:31,419 - [ERROR] - [SILVER] Strategy VOLUME_CLIMAX error: 'volume'
2026-07-21 01:11:32,795 - [ERROR] - [SILVER] Strategy VOLUME_CLIMAX error: 'volume'
2026-07-21 01:11:34,154 - [ERROR] - [SILVER] Strategy VOLUME_CLIMAX error: 'volume'
2026-07-21 01:11:35,509 - [ERROR] - [SILVER] Strategy VOLUME_CLIMAX error: 'volume'
2026-07-21 01:11:35,947 - [WARNING] - [GOLD] \U0001f6a8 Spread Protection: Live Spread (55) > Max Allowable (40). Trade Aborted.
2026-07-21 01:11:36,862 - [ERROR] - [SILVER] Strategy VOLUME_CLIMAX error: 'volume'
2026-07-21 01:11:38,238 - [ERROR] - [SILVER] Strategy VOLUME_CLIMAX error: 'volume'
2026-07-21 01:11:39,603 - [ERROR] - [SILVER] Strategy VOLUME_CLIMAX error: 'volume'
2026-07-21 01:11:40,953 - [ERROR] - [SILVER] Strategy VOLUME_CLIMAX error: 'volume'
2026-07-21 01:11:42,334 - [ERROR] - [SILVER] Strategy VOLUME_CLIMAX error: 'volume'
2026-07-21 01:11:43,693 - [ERROR] - [SILVER] Strategy VOLUME_CLIMAX error: 'volume'
2026-07-21 01:11:45,052 - [ERROR] - [SILVER] Strategy VOLUME_CLIMAX error: 'volume'
2026-07-21 01:11:46,415 - [ERROR] - [SILVER] Strategy VOLUME_CLIMAX error: 'volume'
2026-07-21 01:11:47,770 - [ERROR] - [SILVER] Strategy VOLUME_CLIMAX error: 'volume'
2026-07-21 01:11:49,128 - [ERROR] - [SILVER] Strategy VOLUME_CLIMAX error: 'volume'
2026-07-21 01:11:50,495 - [ERROR] - [SILVER] Strategy VOLUME_CLIMAX error: 'volume'
2026-07-21 01:11:51,863 - [ERROR] - [SILVER] Strategy VOLUME_CLIMAX error: 'volume'
2026-07-21 01:11:53,225 - [ERROR] - [SILVER] Strategy VOLUME_CLIMAX error: 'volume'
2026-07-21 01:11:54,592 - [ERROR] - [SILVER] Strategy VOLUME_CLIMAX error: 'volume'
2026-07-21 01:11:55,994 - [ERROR] - [SILVER] Strategy VOLUME_CLIMAX error: 'volume'
2026-07-21 01:11:57,360 - [ERROR] - [SILVER] Strategy VOLUME_CLIMAX error: 'volume'
2026-07-21 01:11:58,718 - [ERROR] - [SILVER] Strategy VOLUME_CLIMAX error: 'volume'
2026-07-21 01:12:00,073 - [ERROR] - [SILVER] Strategy VOLUME_CLIMAX error: 'volume'
2026-07-21 01:12:01,443 - [ERROR] - [SILVER] Strategy VOLUME_CLIMAX error: 'volume'
2026-07-21 01:12:02,818 - [ERROR] - [SILVER] Strategy VOLUME_CLIMAX error: 'volume'
2026-07-21 01:12:04,186 - [ERROR] - [SILVER] Strategy VOLUME_CLIMAX error: 'volume'
2026-07-21 01:12:05,572 - [ERROR] - [SILVER] Strategy VOLUME_CLIMAX error: 'volume'
2026-07-21 01:12:06,924 - [ERROR] - [SILVER] Strategy VOLUME_CLIMAX error: 'volume'
2026-07-21 01:12:08,282 - [ERROR] - [SILVER] Strategy VOLUME_CLIMAX error: 'volume'
2026-07-21 01:12:09,645 - [ERROR] - [SILVER] Strategy VOLUME_CLIMAX error: 'volume'
2026-07-21 01:12:11,000 - [ERROR] - [SILVER] Strategy VOLUME_CLIMAX error: 'volume'
2026-07-21 01:12:12,362 - [ERROR] - [SILVER] Strategy VOLUME_CLIMAX error: 'volume'
2026-07-21 01:12:13,727 - [ERROR] - [SILVER] Strategy VOLUME_CLIMAX error: 'volume'
2026-07-21 01:12:15,089 - [ERROR] - [SILVER] Strategy VOLUME_CLIMAX error: 'volume'
2026-07-21 01:12:16,439 - [ERROR] - [SILVER] Strategy VOLUME_CLIMAX error: 'volume'
2026-07-21 01:12:17,798 - [ERROR] - [SILVER] Strategy VOLUME_CLIMAX error: 'volume'
2026-07-21 01:12:19,147 - [ERROR] - [SILVER] Strategy VOLUME_CLIMAX error: 'volume'
2026-07-21 01:12:20,500 - [ERROR] - [SILVER] Strategy VOLUME_CLIMAX error: 'volume'
2026-07-21 01:12:21,866 - [ERROR] - [SILVER] Strategy VOLUME_CLIMAX error: 'volume'
2026-07-21 01:12:23,230 - [ERROR] - [SILVER] Strategy VOLUME_CLIMAX error: 'volume'
2026-07-21 01:12:24,590 - [ERROR] - [SILVER] Strategy VOLUME_CLIMAX error: 'volume'
2026-07-21 01:12:25,965 - [ERROR] - [SILVER] Strategy VOLUME_CLIMAX error: 'volume'
2026-07-21 01:12:27,317 - [ERROR] - [SILVER] Strategy VOLUME_CLIMAX error: 'volume'
2026-07-21 01:12:28,675 - [ERROR] - [SILVER] Strategy VOLUME_CLIMAX error: 'volume'
2026-07-21 01:12:30,036 - [ERROR] - [SILVER] Strategy VOLUME_CLIMAX error: 'volume'
2026-07-21 01:12:31,390 - [ERROR] - [SILVER] Strategy VOLUME_CLIMAX error: 'volume'
2026-07-21 01:12:32,753 - [ERROR] - [SILVER] Strategy VOLUME_CLIMAX error: 'volume'
2026-07-21 01:12:34,121 - [ERROR] - [SILVER] Strategy VOLUME_CLIMAX error: 'volume'
2026-07-21 01:12:35,482 - [ERROR] - [SILVER] Strategy VOLUME_CLIMAX error: 'volume'
2026-07-21 01:12:36,837 - [ERROR] - [SILVER] Strategy VOLUME_CLIMAX error: 'volume'
2026-07-21 01:12:38,200 - [ERROR] - [SILVER] Strategy VOLUME_CLIMAX error: 'volume'
2026-07-21 01:12:39,553 - [ERROR] - [SILVER] Strategy VOLUME_CLIMAX error: 'volume'
2026-07-21 01:12:40,903 - [ERROR] - [SILVER] Strategy VOLUME_CLIMAX error: 'volume'
2026-07-21 01:12:42,261 - [ERROR] - [SILVER] Strategy VOLUME_CLIMAX error: 'volume'
2026-07-21 01:12:43,613 - [ERROR] - [SILVER] Strategy VOLUME_CLIMAX error: 'volume'
2026-07-21 01:12:44,960 - [ERROR] - [SILVER] Strategy VOLUME_CLIMAX error: 'volume'
2026-07-21 01:12:46,324 - [ERROR] - [SILVER] Strategy VOLUME_CLIMAX error: 'volume'
2026-07-21 01:12:47,677 - [ERROR] - [SILVER] Strategy VOLUME_CLIMAX error: 'volume'
2026-07-21 01:12:49,042 - [ERROR] - [SILVER] Strategy VOLUME_CLIMAX error: 'volume'
2026-07-21 01:12:50,409 - [ERROR] - [SILVER] Strategy VOLUME_CLIMAX error: 'volume'
2026-07-21 01:12:51,762 - [ERROR] - [SILVER] Strategy VOLUME_CLIMAX error: 'volume'
2026-07-21 01:12:53,109 - [ERROR] - [SILVER] Strategy VOLUME_CLIMAX error: 'volume'
2026-07-21 01:12:54,463 - [ERROR] - [SILVER] Strategy VOLUME_CLIMAX error: 'volume'
2026-07-21 01:12:55,810 - [ERROR] - [SILVER] Strategy VOLUME_CLIMAX error: 'volume'
2026-07-21 01:12:57,171 - [ERROR] - [SILVER] Strategy VOLUME_CLIMAX error: 'volume'
2026-07-21 01:12:58,545 - [ERROR] - [SILVER] Strategy VOLUME_CLIMAX error: 'volume'
2026-07-21 01:12:59,898 - [ERROR] - [SILVER] Strategy VOLUME_CLIMAX error: 'volume'
2026-07-21 01:13:01,263 - [ERROR] - [SILVER] Strategy VOLUME_CLIMAX error: 'volume'
2026-07-21 01:13:02,641 - [ERROR] - [SILVER] Strategy VOLUME_CLIMAX error: 'volume'
2026-07-21 01:13:03,998 - [ERROR] - [SILVER] Strategy VOLUME_CLIMAX error: 'volume'
2026-07-21 01:13:05,362 - [ERROR] - [SILVER] Strategy VOLUME_CLIMAX error: 'volume'
2026-07-21 01:13:06,727 - [ERROR] - [SILVER] Strategy VOLUME_CLIMAX error: 'volume'
2026-07-21 01:13:08,094 - [ERROR] - [SILVER] Strategy VOLUME_CLIMAX error: 'volume'
2026-07-21 01:13:09,449 - [ERROR] - [SILVER] Strategy VOLUME_CLIMAX error: 'volume'
2026-07-21 01:13:10,820 - [ERROR] - [SILVER] Strategy VOLUME_CLIMAX error: 'volume'
2026-07-21 01:13:12,178 - [ERROR] - [SILVER] Strategy VOLUME_CLIMAX error: 'volume'
2026-07-21 01:13:13,541 - [ERROR] - [SILVER] Strategy VOLUME_CLIMAX error: 'volume'
2026-07-21 01:13:14,909 - [ERROR] - [SILVER] Strategy VOLUME_CLIMAX error: 'volume'
2026-07-21 01:13:16,254 - [ERROR] - [SILVER] Strategy VOLUME_CLIMAX error: 'volume'
2026-07-21 01:13:17,605 - [ERROR] - [SILVER] Strategy VOLUME_CLIMAX error: 'volume'
2026-07-21 01:13:18,983 - [ERROR] - [SILVER] Strategy VOLUME_CLIMAX error: 'volume'
2026-07-21 01:13:20,363 - [ERROR] - [SILVER] Strategy VOLUME_CLIMAX error: 'volume'
2026-07-21 01:13:21,722 - [ERROR] - [SILVER] Strategy VOLUME_CLIMAX error: 'volume'
2026-07-21 01:13:23,082 - [ERROR] - [SILVER] Strategy VOLUME_CLIMAX error: 'volume'
2026-07-21 01:13:24,434 - [ERROR] - [SILVER] Strategy VOLUME_CLIMAX error: 'volume'
2026-07-21 01:13:25,783 - [ERROR] - [SILVER] Strategy VOLUME_CLIMAX error: 'volume'
2026-07-21 01:13:27,143 - [ERROR] - [SILVER] Strategy VOLUME_CLIMAX error: 'volume'
2026-07-21 01:13:28,490 - [ERROR] - [SILVER] Strategy VOLUME_CLIMAX error: 'volume'
2026-07-21 01:13:29,845 - [ERROR] - [SILVER] Strategy VOLUME_CLIMAX error: 'volume'
2026-07-21 01:13:31,220 - [ERROR] - [SILVER] Strategy VOLUME_CLIMAX error: 'volume'
2026-07-21 01:13:32,582 - [ERROR] - [SILVER] Strategy VOLUME_CLIMAX error: 'volume'
2026-07-21 01:13:33,936 - [ERROR] - [SILVER] Strategy VOLUME_CLIMAX error: 'volume'
2026-07-21 01:13:35,307 - [ERROR] - [SILVER] Strategy VOLUME_CLIMAX error: 'volume'
2026-07-21 01:13:36,043 - [WARNING] - [GOLD] \U0001f6a8 Spread Protection: Live Spread (57) > Max Allowable (40). Trade Aborted.
2026-07-21 01:13:36,677 - [ERROR] - [SILVER] Strategy VOLUME_CLIMAX error: 'volume'
2026-07-21 01:13:38,041 - [ERROR] - [SILVER] Strategy VOLUME_CLIMAX error: 'volume'
2026-07-21 01:13:39,409 - [ERROR] - [SILVER] Strategy VOLUME_CLIMAX error: 'volume'
2026-07-21 01:13:40,781 - [ERROR] - [SILVER] Strategy VOLUME_CLIMAX error: 'volume'
2026-07-21 01:13:42,135 - [ERROR] - [SILVER] Strategy VOLUME_CLIMAX error: 'volume'
2026-07-21 01:13:43,505 - [ERROR] - [SILVER] Strategy VOLUME_CLIMAX error: 'volume'
2026-07-21 01:13:44,863 - [ERROR] - [SILVER] Strategy VOLUME_CLIMAX error: 'volume'
2026-07-21 01:13:46,236 - [ERROR] - [SILVER] Strategy VOLUME_CLIMAX error: 'volume'
2026-07-21 01:13:47,659 - [ERROR] - [SILVER] Strategy VOLUME_CLIMAX error: 'volume'
2026-07-21 01:13:49,010 - [ERROR] - [SILVER] Strategy VOLUME_CLIMAX error: 'volume'
2026-07-21 01:13:50,377 - [ERROR] - [SILVER] Strategy VOLUME_CLIMAX error: 'volume'
2026-07-21 01:13:51,746 - [ERROR] - [SILVER] Strategy VOLUME_CLIMAX error: 'volume'
2026-07-21 01:13:53,135 - [ERROR] - [SILVER] Strategy VOLUME_CLIMAX error: 'volume'
2026-07-21 01:13:54,493 - [ERROR] - [SILVER] Strategy VOLUME_CLIMAX error: 'volume'
2026-07-21 01:13:55,833 - [ERROR] - [SILVER] Strategy VOLUME_CLIMAX error: 'volume'
2026-07-21 01:13:57,177 - [ERROR] - [SILVER] Strategy VOLUME_CLIMAX error: 'volume'
2026-07-21 01:13:58,526 - [ERROR] - [SILVER] Strategy VOLUME_CLIMAX error: 'volume'
2026-07-21 01:13:59,875 - [ERROR] - [SILVER] Strategy VOLUME_CLIMAX error: 'volume'
2026-07-21 01:14:01,217 - [ERROR] - [SILVER] Strategy VOLUME_CLIMAX error: 'volume'
2026-07-21 01:14:02,579 - [ERROR] - [SILVER] Strategy VOLUME_CLIMAX error: 'volume'
2026-07-21 01:14:03,934 - [ERROR] - [SILVER] Strategy VOLUME_CLIMAX error: 'volume'
2026-07-21 01:14:05,290 - [ERROR] - [SILVER] Strategy VOLUME_CLIMAX error: 'volume'
2026-07-21 01:14:06,666 - [ERROR] - [SILVER] Strategy VOLUME_CLIMAX error: 'volume'
2026-07-21 01:14:08,024 - [ERROR] - [SILVER] Strategy VOLUME_CLIMAX error: 'volume'
2026-07-21 01:14:09,370 - [ERROR] - [SILVER] Strategy VOLUME_CLIMAX error: 'volume'
2026-07-21 01:14:10,739 - [ERROR] - [SILVER] Strategy VOLUME_CLIMAX error: 'volume'
2026-07-21 01:14:12,104 - [ERROR] - [SILVER] Strategy VOLUME_CLIMAX error: 'volume'
2026-07-21 01:14:13,459 - [ERROR] - [SILVER] Strategy VOLUME_CLIMAX error: 'volume'
2026-07-21 01:14:14,833 - [ERROR] - [SILVER] Strategy VOLUME_CLIMAX error: 'volume'
2026-07-21 01:14:16,191 - [ERROR] - [SILVER] Strategy VOLUME_CLIMAX error: 'volume'
2026-07-21 01:14:17,555 - [ERROR] - [SILVER] Strategy VOLUME_CLIMAX error: 'volume'
2026-07-21 01:14:18,931 - [ERROR] - [SILVER] Strategy VOLUME_CLIMAX error: 'volume'
2026-07-21 01:14:20,281 - [WARNING] - [SILVER] \U0001f6a8 Spread Protection: Live Spread (70) > Max Allowable (40). Trade Aborted.
2026-07-21 01:15:36,605 - [ERROR] - [GOLD] Strategy VOLUME_CLIMAX error: 'volume'
2026-07-21 01:15:36,672 - [WARNING] - [GOLD] \U0001f6a8 Spread Protection: Live Spread (58) > Max Allowable (40). Trade Aborted.
2026-07-21 01:17:37,338 - [ERROR] - [GOLD] Strategy VOLUME_CLIMAX error: 'volume'
2026-07-21 01:17:38,718 - [ERROR] - [GOLD] Strategy VOLUME_CLIMAX error: 'volume'
2026-07-21 01:17:40,079 - [ERROR] - [GOLD] Strategy VOLUME_CLIMAX error: 'volume'
2026-07-21 01:17:41,429 - [ERROR] - [GOLD] Strategy VOLUME_CLIMAX error: 'volume'
2026-07-21 01:17:42,775 - [ERROR] - [GOLD] Strategy VOLUME_CLIMAX error: 'volume'
2026-07-21 01:17:44,122 - [ERROR] - [GOLD] Strategy VOLUME_CLIMAX error: 'volume'
2026-07-21 01:17:45,464 - [ERROR] - [GOLD] Strategy VOLUME_CLIMAX error: 'volume'
2026-07-21 01:17:46,810 - [ERROR] - [GOLD] Strategy VOLUME_CLIMAX error: 'volume'
2026-07-21 01:17:48,150 - [ERROR] - [GOLD] Strategy VOLUME_CLIMAX error: 'volume'
2026-07-21 01:17:49,532 - [ERROR] - [GOLD] Strategy VOLUME_CLIMAX error: 'volume'
2026-07-21 01:17:50,878 - [ERROR] - [GOLD] Strategy VOLUME_CLIMAX error: 'volume'
2026-07-21 01:17:52,233 - [ERROR] - [GOLD] Strategy VOLUME_CLIMAX error: 'volume'
2026-07-21 01:17:53,589 - [ERROR] - [GOLD] Strategy VOLUME_CLIMAX error: 'volume'
2026-07-21 01:17:54,942 - [ERROR] - [GOLD] Strategy VOLUME_CLIMAX error: 'volume'
2026-07-21 01:17:56,289 - [ERROR] - [GOLD] Strategy VOLUME_CLIMAX error: 'volume'
2026-07-21 01:17:57,649 - [ERROR] - [GOLD] Strategy VOLUME_CLIMAX error: 'volume'
2026-07-21 01:17:59,003 - [ERROR] - [GOLD] Strategy VOLUME_CLIMAX error: 'volume'
2026-07-21 01:18:00,354 - [ERROR] - [GOLD] Strategy VOLUME_CLIMAX error: 'volume'
2026-07-21 01:18:01,694 - [WARNING] - [GOLD] \U0001f6a8 Spread Protection: Live Spread (57) > Max Allowable (40). Trade Aborted.
2026-07-21 01:20:02,754 - [ERROR] - [GOLD] Strategy VOLUME_CLIMAX error: 'volume'
2026-07-21 01:20:04,358 - [ERROR] - [GOLD] Strategy VOLUME_CLIMAX error: 'volume'
2026-07-21 01:20:05,966 - [ERROR] - [GOLD] Strategy VOLUME_CLIMAX error: 'volume'
2026-07-21 01:20:07,601 - [ERROR] - [GOLD] Strategy VOLUME_CLIMAX error: 'volume'
2026-07-21 01:20:09,193 - [ERROR] - [GOLD] Strategy VOLUME_CLIMAX error: 'volume'
2026-07-21 01:20:10,763 - [ERROR] - [GOLD] Strategy VOLUME_CLIMAX error: 'volume'
2026-07-21 01:20:12,336 - [ERROR] - [GOLD] Strategy VOLUME_CLIMAX error: 'volume'
2026-07-21 01:20:13,841 - [ERROR] - [GOLD] Strategy VOLUME_CLIMAX error: 'volume'
2026-07-21 01:20:15,346 - [ERROR] - [GOLD] Strategy VOLUME_CLIMAX error: 'volume'
2026-07-21 01:20:16,885 - [ERROR] - [GOLD] Strategy VOLUME_CLIMAX error: 'volume'
2026-07-21 01:20:18,370 - [ERROR] - [GOLD] Strategy VOLUME_CLIMAX error: 'volume'
2026-07-21 01:20:19,932 - [ERROR] - [GOLD] Strategy VOLUME_CLIMAX error: 'volume'
2026-07-21 01:20:21,460 - [ERROR] - [GOLD] Strategy VOLUME_CLIMAX error: 'volume'
2026-07-21 01:20:22,976 - [ERROR] - [GOLD] Strategy VOLUME_CLIMAX error: 'volume'
2026-07-21 01:20:24,480 - [ERROR] - [GOLD] Strategy VOLUME_CLIMAX error: 'volume'
2026-07-21 01:20:26,021 - [ERROR] - [GOLD] Strategy VOLUME_CLIMAX error: 'volume'
2026-07-21 01:20:27,578 - [ERROR] - [GOLD] Strategy VOLUME_CLIMAX error: 'volume'
2026-07-21 01:20:29,111 - [ERROR] - [GOLD] Strategy VOLUME_CLIMAX error: 'volume'
2026-07-21 01:20:30,610 - [ERROR] - [GOLD] Strategy VOLUME_CLIMAX error: 'volume'
2026-07-21 01:20:32,094 - [ERROR] - [GOLD] Strategy VOLUME_CLIMAX error: 'volume'
2026-07-21 01:20:33,570 - [ERROR] - [GOLD] Strategy VOLUME_CLIMAX error: 'volume'
2026-07-21 01:20:35,068 - [ERROR] - [GOLD] Strategy VOLUME_CLIMAX error: 'volume'
2026-07-21 01:20:36,561 - [ERROR] - [GOLD] Strategy VOLUME_CLIMAX error: 'volume'
2026-07-21 01:20:38,019 - [ERROR] - [GOLD] Strategy VOLUME_CLIMAX error: 'volume'
2026-07-21 01:20:39,508 - [ERROR] - [GOLD] Strategy VOLUME_CLIMAX error: 'volume'
2026-07-21 01:20:40,933 - [WARNING] - [GOLD] \U0001f6a8 Spread Protection: Live Spread (55) > Max Allowable (40). Trade Aborted.
2026-07-21 01:22:41,166 - [WARNING] - [GOLD] \U0001f6a8 Spread Protection: Live Spread (55) > Max Allowable (40). Trade Aborted.
2026-07-21 01:24:41,513 - [ERROR] - [GOLD] Strategy VOLUME_CLIMAX error: 'volume'
2026-07-21 01:24:43,043 - [ERROR] - [GOLD] Strategy VOLUME_CLIMAX error: 'volume'
2026-07-21 01:24:44,571 - [ERROR] - [GOLD] Strategy VOLUME_CLIMAX error: 'volume'
2026-07-21 01:24:45,927 - [ERROR] - [GOLD] Strategy VOLUME_CLIMAX error: 'volume'
2026-07-21 01:24:47,259 - [WARNING] - [GOLD] \U0001f6a8 Spread Protection: Live Spread (57) > Max Allowable (40). Trade Aborted.
2026-07-21 01:26:48,381 - [ERROR] - [GOLD] Strategy VOLUME_CLIMAX error: 'volume'
2026-07-21 01:26:49,781 - [ERROR] - [GOLD] Strategy VOLUME_CLIMAX error: 'volume'
2026-07-21 01:26:51,141 - [ERROR] - [GOLD] Strategy VOLUME_CLIMAX error: 'volume'
2026-07-21 01:26:52,509 - [ERROR] - [GOLD] Strategy VOLUME_CLIMAX error: 'volume'
2026-07-21 01:26:53,864 - [ERROR] - [GOLD] Strategy VOLUME_CLIMAX error: 'volume'
2026-07-21 01:26:55,225 - [ERROR] - [GOLD] Strategy VOLUME_CLIMAX error: 'volume'
2026-07-21 01:26:56,591 - [ERROR] - [GOLD] Strategy VOLUME_CLIMAX error: 'volume'
2026-07-21 01:26:57,956 - [ERROR] - [GOLD] Strategy VOLUME_CLIMAX error: 'volume'
2026-07-21 01:26:59,320 - [ERROR] - [GOLD] Strategy VOLUME_CLIMAX error: 'volume'
2026-07-21 01:27:00,678 - [ERROR] - [GOLD] Strategy VOLUME_CLIMAX error: 'volume'
2026-07-21 01:27:02,049 - [ERROR] - [GOLD] Strategy VOLUME_CLIMAX error: 'volume'
2026-07-21 01:27:03,402 - [ERROR] - [GOLD] Strategy VOLUME_CLIMAX error: 'volume'
2026-07-21 01:27:04,753 - [ERROR] - [GOLD] Strategy VOLUME_CLIMAX error: 'volume'
2026-07-21 01:27:06,107 - [ERROR] - [GOLD] Strategy VOLUME_CLIMAX error: 'volume'
2026-07-21 01:27:07,456 - [ERROR] - [GOLD] Strategy VOLUME_CLIMAX error: 'volume'
2026-07-21 01:27:08,806 - [ERROR] - [GOLD] Strategy VOLUME_CLIMAX error: 'volume'
2026-07-21 01:27:10,150 - [ERROR] - [GOLD] Strategy VOLUME_CLIMAX error: 'volume'
2026-07-21 01:27:11,504 - [ERROR] - [GOLD] Strategy VOLUME_CLIMAX error: 'volume'
2026-07-21 01:27:12,856 - [ERROR] - [GOLD] Strategy VOLUME_CLIMAX error: 'volume'
2026-07-21 01:27:14,222 - [ERROR] - [GOLD] Strategy VOLUME_CLIMAX error: 'volume'
2026-07-21 01:27:15,612 - [ERROR] - [GOLD] Strategy VOLUME_CLIMAX error: 'volume'
2026-07-21 01:27:16,969 - [ERROR] - [GOLD] Strategy VOLUME_CLIMAX error: 'volume'
2026-07-21 01:27:18,326 - [ERROR] - [GOLD] Strategy VOLUME_CLIMAX error: 'volume'
2026-07-21 01:27:19,692 - [ERROR] - [GOLD] Strategy VOLUME_CLIMAX error: 'volume'
2026-07-21 01:27:21,057 - [ERROR] - [GOLD] Strategy VOLUME_CLIMAX error: 'volume'
2026-07-21 01:27:22,424 - [ERROR] - [GOLD] Strategy VOLUME_CLIMAX error: 'volume'
2026-07-21 01:27:23,789 - [ERROR] - [GOLD] Strategy VOLUME_CLIMAX error: 'volume'
2026-07-21 01:27:25,153 - [ERROR] - [GOLD] Strategy VOLUME_CLIMAX error: 'volume'
2026-07-21 01:27:26,518 - [ERROR] - [GOLD] Strategy VOLUME_CLIMAX error: 'volume'
2026-07-21 01:27:27,878 - [ERROR] - [GOLD] Strategy VOLUME_CLIMAX error: 'volume'
2026-07-21 01:27:29,251 - [ERROR] - [GOLD] Strategy VOLUME_CLIMAX error: 'volume'
2026-07-21 01:27:30,618 - [ERROR] - [GOLD] Strategy VOLUME_CLIMAX error: 'volume'
2026-07-21 01:27:31,978 - [ERROR] - [GOLD] Strategy VOLUME_CLIMAX error: 'volume'
2026-07-21 01:27:33,334 - [ERROR] - [GOLD] Strategy VOLUME_CLIMAX error: 'volume'
2026-07-21 01:27:34,699 - [ERROR] - [GOLD] Strategy VOLUME_CLIMAX error: 'volume'
2026-07-21 01:27:36,057 - [ERROR] - [GOLD] Strategy VOLUME_CLIMAX error: 'volume'
2026-07-21 01:27:37,414 - [ERROR] - [GOLD] Strategy VOLUME_CLIMAX error: 'volume'
2026-07-21 01:27:38,776 - [ERROR] - [GOLD] Strategy VOLUME_CLIMAX error: 'volume'
2026-07-21 01:27:40,137 - [ERROR] - [GOLD] Strategy VOLUME_CLIMAX error: 'volume'
2026-07-21 01:27:41,500 - [ERROR] - [GOLD] Strategy VOLUME_CLIMAX error: 'volume'
2026-07-21 01:27:42,853 - [ERROR] - [GOLD] Strategy VOLUME_CLIMAX error: 'volume'
2026-07-21 01:27:44,205 - [ERROR] - [GOLD] Strategy VOLUME_CLIMAX error: 'volume'
2026-07-21 01:27:45,594 - [ERROR] - [GOLD] Strategy VOLUME_CLIMAX error: 'volume'
2026-07-21 01:27:47,019 - [ERROR] - [GOLD] Strategy VOLUME_CLIMAX error: 'volume'
2026-07-21 01:27:48,416 - [ERROR] - [GOLD] Strategy VOLUME_CLIMAX error: 'volume'
2026-07-21 01:27:49,810 - [ERROR] - [GOLD] Strategy VOLUME_CLIMAX error: 'volume'
2026-07-21 01:27:51,203 - [ERROR] - [GOLD] Strategy VOLUME_CLIMAX error: 'volume'
2026-07-21 01:27:52,596 - [ERROR] - [GOLD] Strategy VOLUME_CLIMAX error: 'volume'
2026-07-21 01:27:53,991 - [ERROR] - [GOLD] Strategy VOLUME_CLIMAX error: 'volume'
2026-07-21 01:27:55,401 - [ERROR] - [GOLD] Strategy VOLUME_CLIMAX error: 'volume'
2026-07-21 01:27:56,799 - [ERROR] - [GOLD] Strategy VOLUME_CLIMAX error: 'volume'
2026-07-21 01:27:58,182 - [ERROR] - [GOLD] Strategy VOLUME_CLIMAX error: 'volume'
2026-07-21 01:27:59,553 - [ERROR] - [GOLD] Strategy VOLUME_CLIMAX error: 'volume'
2026-07-21 01:28:00,917 - [ERROR] - [GOLD] Strategy VOLUME_CLIMAX error: 'volume'
2026-07-21 01:28:02,281 - [ERROR] - [GOLD] Strategy VOLUME_CLIMAX error: 'volume'
2026-07-21 01:28:02,348 - [WARNING] - [GOLD] \U0001f6a8 Spread Protection: Live Spread (58) > Max Allowable (40). Trade Aborted.
2026-07-21 01:30:03,317 - [ERROR] - [GOLD] Strategy VOLUME_CLIMAX error: 'volume'
2026-07-21 01:30:04,676 - [ERROR] - [GOLD] Strategy VOLUME_CLIMAX error: 'volume'
2026-07-21 01:30:06,040 - [ERROR] - [GOLD] Strategy VOLUME_CLIMAX error: 'volume'
2026-07-21 01:30:07,409 - [ERROR] - [GOLD] Strategy VOLUME_CLIMAX error: 'volume'
2026-07-21 01:30:08,784 - [ERROR] - [GOLD] Strategy VOLUME_CLIMAX error: 'volume'
2026-07-21 01:30:10,148 - [ERROR] - [GOLD] Strategy VOLUME_CLIMAX error: 'volume'
2026-07-21 01:30:11,520 - [ERROR] - [GOLD] Strategy VOLUME_CLIMAX error: 'volume'
2026-07-21 01:30:12,878 - [ERROR] - [GOLD] Strategy VOLUME_CLIMAX error: 'volume'
2026-07-21 01:30:14,239 - [ERROR] - [GOLD] Strategy VOLUME_CLIMAX error: 'volume'
2026-07-21 01:30:15,604 - [ERROR] - [GOLD] Strategy VOLUME_CLIMAX error: 'volume'
2026-07-21 01:30:16,965 - [ERROR] - [GOLD] Strategy VOLUME_CLIMAX error: 'volume'
2026-07-21 01:30:18,326 - [ERROR] - [GOLD] Strategy VOLUME_CLIMAX error: 'volume'
2026-07-21 01:30:19,691 - [ERROR] - [GOLD] Strategy VOLUME_CLIMAX error: 'volume'
2026-07-21 01:30:21,058 - [ERROR] - [GOLD] Strategy VOLUME_CLIMAX error: 'volume'
2026-07-21 01:30:22,427 - [ERROR] - [GOLD] Strategy VOLUME_CLIMAX error: 'volume'
2026-07-21 01:30:23,794 - [ERROR] - [GOLD] Strategy VOLUME_CLIMAX error: 'volume'
2026-07-21 01:30:25,153 - [ERROR] - [GOLD] Strategy VOLUME_CLIMAX error: 'volume'
2026-07-21 01:30:26,514 - [ERROR] - [GOLD] Strategy VOLUME_CLIMAX error: 'volume'
2026-07-21 01:30:27,883 - [ERROR] - [GOLD] Strategy VOLUME_CLIMAX error: 'volume'
2026-07-21 01:30:29,240 - [ERROR] - [GOLD] Strategy VOLUME_CLIMAX error: 'volume'
2026-07-21 01:30:30,622 - [ERROR] - [GOLD] Strategy VOLUME_CLIMAX error: 'volume'
2026-07-21 01:30:31,997 - [ERROR] - [GOLD] Strategy VOLUME_CLIMAX error: 'volume'
2026-07-21 01:30:33,356 - [ERROR] - [GOLD] Strategy VOLUME_CLIMAX error: 'volume'
2026-07-21 01:30:34,716 - [ERROR] - [GOLD] Strategy VOLUME_CLIMAX error: 'volume'
2026-07-21 01:30:36,082 - [ERROR] - [GOLD] Strategy VOLUME_CLIMAX error: 'volume'
2026-07-21 01:30:37,434 - [ERROR] - [GOLD] Strategy VOLUME_CLIMAX error: 'volume'
2026-07-21 01:30:38,795 - [ERROR] - [GOLD] Strategy VOLUME_CLIMAX error: 'volume'
2026-07-21 01:30:40,172 - [ERROR] - [GOLD] Strategy VOLUME_CLIMAX error: 'volume'
2026-07-21 01:30:41,530 - [ERROR] - [GOLD] Strategy VOLUME_CLIMAX error: 'volume'
2026-07-21 01:30:42,897 - [ERROR] - [GOLD] Strategy VOLUME_CLIMAX error: 'volume'
2026-07-21 01:30:44,260 - [ERROR] - [GOLD] Strategy VOLUME_CLIMAX error: 'volume'
2026-07-21 01:30:45,628 - [ERROR] - [GOLD] Strategy VOLUME_CLIMAX error: 'volume'
2026-07-21 01:30:46,984 - [ERROR] - [GOLD] Strategy VOLUME_CLIMAX error: 'volume'
2026-07-21 01:30:48,337 - [ERROR] - [GOLD] Strategy VOLUME_CLIMAX error: 'volume'
2026-07-21 01:30:49,697 - [ERROR] - [GOLD] Strategy VOLUME_CLIMAX error: 'volume'
2026-07-21 01:30:51,054 - [ERROR] - [GOLD] Strategy VOLUME_CLIMAX error: 'volume'
2026-07-21 01:30:52,410 - [ERROR] - [GOLD] Strategy VOLUME_CLIMAX error: 'volume'
2026-07-21 01:30:53,770 - [ERROR] - [GOLD] Strategy VOLUME_CLIMAX error: 'volume'
2026-07-21 01:30:55,133 - [ERROR] - [GOLD] Strategy VOLUME_CLIMAX error: 'volume'
2026-07-21 01:30:56,493 - [ERROR] - [GOLD] Strategy VOLUME_CLIMAX error: 'volume'
2026-07-21 01:30:57,859 - [ERROR] - [GOLD] Strategy VOLUME_CLIMAX error: 'volume'
2026-07-21 01:30:59,220 - [ERROR] - [GOLD] Strategy VOLUME_CLIMAX error: 'volume'
2026-07-21 01:31:00,591 - [ERROR] - [GOLD] Strategy VOLUME_CLIMAX error: 'volume'
2026-07-21 01:31:01,983 - [ERROR] - [GOLD] Strategy VOLUME_CLIMAX error: 'volume'
2026-07-21 01:31:03,346 - [ERROR] - [GOLD] Strategy VOLUME_CLIMAX error: 'volume'
2026-07-21 01:31:04,765 - [ERROR] - [GOLD] Strategy VOLUME_CLIMAX error: 'volume'
2026-07-21 01:31:06,126 - [ERROR] - [GOLD] Strategy VOLUME_CLIMAX error: 'volume'
2026-07-21 01:31:07,487 - [ERROR] - [GOLD] Strategy VOLUME_CLIMAX error: 'volume'
2026-07-21 01:31:08,844 - [ERROR] - [GOLD] Strategy VOLUME_CLIMAX error: 'volume'
2026-07-21 01:31:10,208 - [ERROR] - [GOLD] Strategy VOLUME_CLIMAX error: 'volume'
2026-07-21 01:31:11,575 - [ERROR] - [GOLD] Strategy VOLUME_CLIMAX error: 'volume'
2026-07-21 01:31:12,937 - [ERROR] - [GOLD] Strategy VOLUME_CLIMAX error: 'volume'
2026-07-21 01:31:14,305 - [ERROR] - [GOLD] Strategy VOLUME_CLIMAX error: 'volume'
2026-07-21 01:31:15,663 - [ERROR] - [GOLD] Strategy VOLUME_CLIMAX error: 'volume'
2026-07-21 01:31:17,036 - [ERROR] - [GOLD] Strategy VOLUME_CLIMAX error: 'volume'
2026-07-21 01:31:18,406 - [ERROR] - [GOLD] Strategy VOLUME_CLIMAX error: 'volume'
2026-07-21 01:31:19,764 - [ERROR] - [GOLD] Strategy VOLUME_CLIMAX error: 'volume'
2026-07-21 01:31:21,129 - [ERROR] - [GOLD] Strategy VOLUME_CLIMAX error: 'volume'
2026-07-21 01:31:22,509 - [ERROR] - [GOLD] Strategy VOLUME_CLIMAX error: 'volume'
2026-07-21 01:31:24,023 - [ERROR] - [GOLD] Strategy VOLUME_CLIMAX error: 'volume'
2026-07-21 01:31:25,470 - [ERROR] - [GOLD] Strategy VOLUME_CLIMAX error: 'volume'
2026-07-21 01:31:26,925 - [ERROR] - [GOLD] Strategy VOLUME_CLIMAX error: 'volume'
2026-07-21 01:31:28,366 - [ERROR] - [GOLD] Strategy VOLUME_CLIMAX error: 'volume'
2026-07-21 01:31:29,838 - [ERROR] - [GOLD] Strategy VOLUME_CLIMAX error: 'volume'
2026-07-21 01:31:31,325 - [ERROR] - [GOLD] Strategy VOLUME_CLIMAX error: 'volume'
2026-07-21 01:31:32,891 - [ERROR] - [GOLD] Strategy VOLUME_CLIMAX error: 'volume'
2026-07-21 01:31:34,467 - [ERROR] - [GOLD] Strategy VOLUME_CLIMAX error: 'volume'
2026-07-21 01:31:36,040 - [ERROR] - [GOLD] Strategy VOLUME_CLIMAX error: 'volume'
2026-07-21 01:31:37,632 - [ERROR] - [GOLD] Strategy VOLUME_CLIMAX error: 'volume'
2026-07-21 01:31:39,206 - [ERROR] - [GOLD] Strategy VOLUME_CLIMAX error: 'volume'
2026-07-21 01:31:40,792 - [ERROR] - [GOLD] Strategy VOLUME_CLIMAX error: 'volume'
2026-07-21 01:31:42,374 - [ERROR] - [GOLD] Strategy VOLUME_CLIMAX error: 'volume'
2026-07-21 01:31:44,008 - [ERROR] - [GOLD] Strategy VOLUME_CLIMAX error: 'volume'
2026-07-21 01:31:45,672 - [ERROR] - [GOLD] Strategy VOLUME_CLIMAX error: 'volume'
2026-07-21 01:31:47,314 - [ERROR] - [GOLD] Strategy VOLUME_CLIMAX error: 'volume'
2026-07-21 01:31:48,916 - [ERROR] - [GOLD] Strategy VOLUME_CLIMAX error: 'volume'
2026-07-21 01:31:50,511 - [ERROR] - [GOLD] Strategy VOLUME_CLIMAX error: 'volume'
2026-07-21 01:31:52,104 - [ERROR] - [GOLD] Strategy VOLUME_CLIMAX error: 'volume'
2026-07-21 01:31:53,691 - [ERROR] - [GOLD] Strategy VOLUME_CLIMAX error: 'volume'
2026-07-21 01:31:55,343 - [ERROR] - [GOLD] Strategy VOLUME_CLIMAX error: 'volume'
2026-07-21 01:31:57,010 - [ERROR] - [GOLD] Strategy VOLUME_CLIMAX error: 'volume'
2026-07-21 01:31:58,612 - [ERROR] - [GOLD] Strategy VOLUME_CLIMAX error: 'volume'
2026-07-21 01:32:00,395 - [ERROR] - [GOLD] Strategy VOLUME_CLIMAX error: 'volume'
2026-07-21 01:32:02,145 - [ERROR] - [GOLD] Strategy VOLUME_CLIMAX error: 'volume'
2026-07-21 01:32:03,976 - [ERROR] - [GOLD] Strategy VOLUME_CLIMAX error: 'volume'
2026-07-21 01:32:05,721 - [ERROR] - [GOLD] Strategy VOLUME_CLIMAX error: 'volume'
2026-07-21 01:32:07,427 - [ERROR] - [GOLD] Strategy VOLUME_CLIMAX error: 'volume'
2026-07-21 01:32:08,978 - [ERROR] - [GOLD] Strategy VOLUME_CLIMAX error: 'volume'
2026-07-21 01:32:10,500 - [ERROR] - [GOLD] Strategy VOLUME_CLIMAX error: 'volume'
2026-07-21 01:32:11,915 - [ERROR] - [GOLD] Strategy VOLUME_CLIMAX error: 'volume'
2026-07-21 01:32:13,282 - [ERROR] - [GOLD] Strategy VOLUME_CLIMAX error: 'volume'
2026-07-21 01:32:14,634 - [ERROR] - [GOLD] Strategy VOLUME_CLIMAX error: 'volume'
2026-07-21 01:32:15,986 - [ERROR] - [GOLD] Strategy VOLUME_CLIMAX error: 'volume'
2026-07-21 01:32:17,360 - [ERROR] - [GOLD] Strategy VOLUME_CLIMAX error: 'volume'
2026-07-21 01:32:18,734 - [ERROR] - [GOLD] Strategy VOLUME_CLIMAX error: 'volume'
2026-07-21 01:32:20,097 - [ERROR] - [GOLD] Strategy VOLUME_CLIMAX error: 'volume'
2026-07-21 01:32:21,458 - [ERROR] - [GOLD] Strategy VOLUME_CLIMAX error: 'volume'
2026-07-21 01:32:22,822 - [ERROR] - [GOLD] Strategy VOLUME_CLIMAX error: 'volume'
2026-07-21 01:32:24,177 - [ERROR] - [GOLD] Strategy VOLUME_CLIMAX error: 'volume'
2026-07-21 01:32:25,541 - [ERROR] - [GOLD] Strategy VOLUME_CLIMAX error: 'volume'
2026-07-21 01:32:26,894 - [ERROR] - [GOLD] Strategy VOLUME_CLIMAX error: 'volume'
2026-07-21 01:32:28,251 - [ERROR] - [GOLD] Strategy VOLUME_CLIMAX error: 'volume'
2026-07-21 01:32:29,611 - [ERROR] - [GOLD] Strategy VOLUME_CLIMAX error: 'volume'
2026-07-21 01:32:30,967 - [ERROR] - [GOLD] Strategy VOLUME_CLIMAX error: 'volume'
2026-07-21 01:32:32,321 - [ERROR] - [GOLD] Strategy VOLUME_CLIMAX error: 'volume'
2026-07-21 01:32:33,689 - [ERROR] - [GOLD] Strategy VOLUME_CLIMAX error: 'volume'
2026-07-21 01:32:35,045 - [ERROR] - [GOLD] Strategy VOLUME_CLIMAX error: 'volume'
2026-07-21 01:32:36,405 - [ERROR] - [GOLD] Strategy VOLUME_CLIMAX error: 'volume'
2026-07-21 01:32:37,763 - [ERROR] - [GOLD] Strategy VOLUME_CLIMAX error: 'volume'
2026-07-21 01:32:39,123 - [ERROR] - [GOLD] Strategy VOLUME_CLIMAX error: 'volume'
2026-07-21 01:32:40,481 - [ERROR] - [GOLD] Strategy VOLUME_CLIMAX error: 'volume'
2026-07-21 01:32:41,833 - [ERROR] - [GOLD] Strategy VOLUME_CLIMAX error: 'volume'
2026-07-21 01:32:43,188 - [ERROR] - [GOLD] Strategy VOLUME_CLIMAX error: 'volume'
2026-07-21 01:32:44,549 - [ERROR] - [GOLD] Strategy VOLUME_CLIMAX error: 'volume'
2026-07-21 01:32:45,904 - [ERROR] - [GOLD] Strategy VOLUME_CLIMAX error: 'volume'
2026-07-21 01:32:47,255 - [ERROR] - [GOLD] Strategy VOLUME_CLIMAX error: 'volume'
2026-07-21 01:32:48,603 - [ERROR] - [GOLD] Strategy VOLUME_CLIMAX error: 'volume'
2026-07-21 01:32:49,947 - [ERROR] - [GOLD] Strategy VOLUME_CLIMAX error: 'volume'
2026-07-21 01:32:51,305 - [ERROR] - [GOLD] Strategy VOLUME_CLIMAX error: 'volume'
2026-07-21 01:32:52,682 - [ERROR] - [GOLD] Strategy VOLUME_CLIMAX error: 'volume'
2026-07-21 01:32:54,101 - [ERROR] - [GOLD] Strategy VOLUME_CLIMAX error: 'volume'
2026-07-21 01:32:55,447 - [ERROR] - [GOLD] Strategy VOLUME_CLIMAX error: 'volume'
2026-07-21 01:32:56,802 - [ERROR] - [GOLD] Strategy VOLUME_CLIMAX error: 'volume'
2026-07-21 01:32:58,163 - [ERROR] - [GOLD] Strategy VOLUME_CLIMAX error: 'volume'
2026-07-21 01:32:59,549 - [ERROR] - [GOLD] Strategy VOLUME_CLIMAX error: 'volume'
2026-07-21 01:33:00,930 - [ERROR] - [GOLD] Strategy VOLUME_CLIMAX error: 'volume'
2026-07-21 01:33:02,326 - [ERROR] - [GOLD] Strategy VOLUME_CLIMAX error: 'volume'
2026-07-21 01:33:03,720 - [ERROR] - [GOLD] Strategy VOLUME_CLIMAX error: 'volume'
2026-07-21 01:33:05,109 - [ERROR] - [GOLD] Strategy VOLUME_CLIMAX error: 'volume'
2026-07-21 01:33:06,473 - [ERROR] - [GOLD] Strategy VOLUME_CLIMAX error: 'volume'
2026-07-21 01:33:07,841 - [ERROR] - [GOLD] Strategy VOLUME_CLIMAX error: 'volume'
2026-07-21 01:33:09,200 - [ERROR] - [GOLD] Strategy VOLUME_CLIMAX error: 'volume'
2026-07-21 01:33:10,569 - [ERROR] - [GOLD] Strategy VOLUME_CLIMAX error: 'volume'
2026-07-21 01:33:11,940 - [ERROR] - [GOLD] Strategy VOLUME_CLIMAX error: 'volume'
2026-07-21 01:33:13,303 - [ERROR] - [GOLD] Strategy VOLUME_CLIMAX error: 'volume'
2026-07-21 01:33:14,676 - [ERROR] - [GOLD] Strategy VOLUME_CLIMAX error: 'volume'
2026-07-21 01:33:16,064 - [ERROR] - [GOLD] Strategy VOLUME_CLIMAX error: 'volume'
2026-07-21 01:33:17,433 - [ERROR] - [GOLD] Strategy VOLUME_CLIMAX error: 'volume'
2026-07-21 01:33:18,801 - [ERROR] - [GOLD] Strategy VOLUME_CLIMAX error: 'volume'
2026-07-21 01:33:20,159 - [ERROR] - [GOLD] Strategy VOLUME_CLIMAX error: 'volume'
2026-07-21 01:33:21,519 - [ERROR] - [GOLD] Strategy VOLUME_CLIMAX error: 'volume'
2026-07-21 01:33:22,879 - [ERROR] - [GOLD] Strategy VOLUME_CLIMAX error: 'volume'
2026-07-21 01:33:24,239 - [ERROR] - [GOLD] Strategy VOLUME_CLIMAX error: 'volume'
2026-07-21 01:33:25,599 - [ERROR] - [GOLD] Strategy VOLUME_CLIMAX error: 'volume'
2026-07-21 01:33:26,971 - [ERROR] - [GOLD] Strategy VOLUME_CLIMAX error: 'volume'
2026-07-21 01:33:28,331 - [ERROR] - [GOLD] Strategy VOLUME_CLIMAX error: 'volume'
2026-07-21 01:33:29,701 - [ERROR] - [GOLD] Strategy VOLUME_CLIMAX error: 'volume'
2026-07-21 01:33:31,067 - [ERROR] - [GOLD] Strategy VOLUME_CLIMAX error: 'volume'
2026-07-21 01:33:32,425 - [ERROR] - [GOLD] Strategy VOLUME_CLIMAX error: 'volume'
2026-07-21 01:33:33,852 - [ERROR] - [GOLD] Strategy VOLUME_CLIMAX error: 'volume'
2026-07-21 01:33:35,285 - [ERROR] - [GOLD] Strategy VOLUME_CLIMAX error: 'volume'
2026-07-21 01:33:36,696 - [ERROR] - [GOLD] Strategy VOLUME_CLIMAX error: 'volume'
2026-07-21 01:33:38,130 - [ERROR] - [GOLD] Strategy VOLUME_CLIMAX error: 'volume'
2026-07-21 01:33:39,542 - [ERROR] - [GOLD] Strategy VOLUME_CLIMAX error: 'volume'
2026-07-21 01:33:40,950 - [ERROR] - [GOLD] Strategy VOLUME_CLIMAX error: 'volume'
2026-07-21 01:33:42,363 - [ERROR] - [GOLD] Strategy VOLUME_CLIMAX error: 'volume'
2026-07-21 01:33:43,762 - [ERROR] - [GOLD] Strategy VOLUME_CLIMAX error: 'volume'
2026-07-21 01:33:45,139 - [ERROR] - [GOLD] Strategy VOLUME_CLIMAX error: 'volume'
2026-07-21 01:33:46,519 - [ERROR] - [GOLD] Strategy VOLUME_CLIMAX error: 'volume'
2026-07-21 01:33:47,906 - [ERROR] - [GOLD] Strategy VOLUME_CLIMAX error: 'volume'
2026-07-21 01:33:49,288 - [ERROR] - [GOLD] Strategy VOLUME_CLIMAX error: 'volume'
2026-07-21 01:33:50,689 - [ERROR] - [GOLD] Strategy VOLUME_CLIMAX error: 'volume'
2026-07-21 01:33:52,107 - [ERROR] - [GOLD] Strategy VOLUME_CLIMAX error: 'volume'
2026-07-21 01:33:53,486 - [ERROR] - [GOLD] Strategy VOLUME_CLIMAX error: 'volume'
2026-07-21 01:33:54,867 - [ERROR] - [GOLD] Strategy VOLUME_CLIMAX error: 'volume'
2026-07-21 01:33:56,264 - [ERROR] - [GOLD] Strategy VOLUME_CLIMAX error: 'volume'
2026-07-21 01:33:57,679 - [ERROR] - [GOLD] Strategy VOLUME_CLIMAX error: 'volume'
2026-07-21 01:33:59,099 - [ERROR] - [GOLD] Strategy VOLUME_CLIMAX error: 'volume'
2026-07-21 01:34:00,489 - [ERROR] - [GOLD] Strategy VOLUME_CLIMAX error: 'volume'
2026-07-21 01:34:01,853 - [ERROR] - [GOLD] Strategy VOLUME_CLIMAX error: 'volume'
2026-07-21 01:34:03,225 - [ERROR] - [GOLD] Strategy VOLUME_CLIMAX error: 'volume'
2026-07-21 01:34:04,587 - [ERROR] - [GOLD] Strategy VOLUME_CLIMAX error: 'volume'
2026-07-21 01:34:05,949 - [ERROR] - [GOLD] Strategy VOLUME_CLIMAX error: 'volume'
2026-07-21 01:34:07,316 - [ERROR] - [GOLD] Strategy VOLUME_CLIMAX error: 'volume'
2026-07-21 01:34:08,664 - [ERROR] - [GOLD] Strategy VOLUME_CLIMAX error: 'volume'
2026-07-21 01:34:10,017 - [ERROR] - [GOLD] Strategy VOLUME_CLIMAX error: 'volume'
2026-07-21 01:34:11,375 - [ERROR] - [GOLD] Strategy VOLUME_CLIMAX error: 'volume'
2026-07-21 01:34:12,728 - [ERROR] - [GOLD] Strategy VOLUME_CLIMAX error: 'volume'
2026-07-21 01:34:14,088 - [ERROR] - [GOLD] Strategy VOLUME_CLIMAX error: 'volume'
2026-07-21 01:34:15,442 - [ERROR] - [GOLD] Strategy VOLUME_CLIMAX error: 'volume'
2026-07-21 01:34:16,791 - [ERROR] - [GOLD] Strategy VOLUME_CLIMAX error: 'volume'
2026-07-21 01:34:18,147 - [ERROR] - [GOLD] Strategy VOLUME_CLIMAX error: 'volume'
2026-07-21 01:34:19,503 - [ERROR] - [GOLD] Strategy VOLUME_CLIMAX error: 'volume'
2026-07-21 01:34:20,860 - [ERROR] - [GOLD] Strategy VOLUME_CLIMAX error: 'volume'
2026-07-21 01:34:22,209 - [ERROR] - [GOLD] Strategy VOLUME_CLIMAX error: 'volume'
2026-07-21 01:34:23,555 - [ERROR] - [GOLD] Strategy VOLUME_CLIMAX error: 'volume'
2026-07-21 01:34:24,905 - [ERROR] - [GOLD] Strategy VOLUME_CLIMAX error: 'volume'
2026-07-21 01:34:26,255 - [ERROR] - [GOLD] Strategy VOLUME_CLIMAX error: 'volume'
2026-07-21 01:34:27,602 - [ERROR] - [GOLD] Strategy VOLUME_CLIMAX error: 'volume'
2026-07-21 01:34:28,948 - [ERROR] - [GOLD] Strategy VOLUME_CLIMAX error: 'volume'
2026-07-21 01:34:30,296 - [ERROR] - [GOLD] Strategy VOLUME_CLIMAX error: 'volume'
2026-07-21 01:34:31,650 - [ERROR] - [GOLD] Strategy VOLUME_CLIMAX error: 'volume'
2026-07-21 01:34:33,021 - [ERROR] - [GOLD] Strategy VOLUME_CLIMAX error: 'volume'
2026-07-21 01:34:34,388 - [ERROR] - [GOLD] Strategy VOLUME_CLIMAX error: 'volume'
2026-07-21 01:34:35,752 - [ERROR] - [GOLD] Strategy VOLUME_CLIMAX error: 'volume'
2026-07-21 01:34:37,122 - [ERROR] - [GOLD] Strategy VOLUME_CLIMAX error: 'volume'
2026-07-21 01:34:38,556 - [ERROR] - [GOLD] Strategy VOLUME_CLIMAX error: 'volume'
2026-07-21 01:34:39,946 - [ERROR] - [GOLD] Strategy VOLUME_CLIMAX error: 'volume'
2026-07-21 01:34:41,304 - [ERROR] - [GOLD] Strategy VOLUME_CLIMAX error: 'volume'
2026-07-21 01:34:42,661 - [ERROR] - [GOLD] Strategy VOLUME_CLIMAX error: 'volume'
2026-07-21 01:34:44,040 - [ERROR] - [GOLD] Strategy VOLUME_CLIMAX error: 'volume'
2026-07-21 01:34:45,409 - [ERROR] - [GOLD] Strategy VOLUME_CLIMAX error: 'volume'
2026-07-21 01:34:46,772 - [ERROR] - [GOLD] Strategy VOLUME_CLIMAX error: 'volume'
2026-07-21 01:34:48,126 - [ERROR] - [GOLD] Strategy VOLUME_CLIMAX error: 'volume'
2026-07-21 01:34:49,481 - [ERROR] - [GOLD] Strategy VOLUME_CLIMAX error: 'volume'
2026-07-21 01:34:50,837 - [ERROR] - [GOLD] Strategy VOLUME_CLIMAX error: 'volume'
2026-07-21 01:34:52,269 - [ERROR] - [GOLD] Strategy VOLUME_CLIMAX error: 'volume'
2026-07-21 01:34:53,630 - [ERROR] - [GOLD] Strategy VOLUME_CLIMAX error: 'volume'
2026-07-21 01:34:54,993 - [ERROR] - [GOLD] Strategy VOLUME_CLIMAX error: 'volume'
2026-07-21 01:34:56,366 - [ERROR] - [GOLD] Strategy VOLUME_CLIMAX error: 'volume'
2026-07-21 01:34:57,752 - [ERROR] - [GOLD] Strategy VOLUME_CLIMAX error: 'volume'
2026-07-21 01:34:59,153 - [ERROR] - [GOLD] Strategy VOLUME_CLIMAX error: 'volume'
2026-07-21 01:35:00,567 - [ERROR] - [GOLD] Strategy VOLUME_CLIMAX error: 'volume'
2026-07-21 01:35:01,973 - [ERROR] - [GOLD] Strategy VOLUME_CLIMAX error: 'volume'
2026-07-21 01:35:03,367 - [ERROR] - [GOLD] Strategy VOLUME_CLIMAX error: 'volume'
2026-07-21 01:35:04,775 - [ERROR] - [GOLD] Strategy VOLUME_CLIMAX error: 'volume'
2026-07-21 01:35:06,167 - [ERROR] - [GOLD] Strategy VOLUME_CLIMAX error: 'volume'
2026-07-21 01:35:07,569 - [ERROR] - [GOLD] Strategy VOLUME_CLIMAX error: 'volume'
2026-07-21 01:35:08,940 - [ERROR] - [GOLD] Strategy VOLUME_CLIMAX error: 'volume'
2026-07-21 01:35:10,328 - [ERROR] - [GOLD] Strategy VOLUME_CLIMAX error: 'volume'
2026-07-21 01:35:11,806 - [ERROR] - [GOLD] Strategy VOLUME_CLIMAX error: 'volume'
2026-07-21 01:35:13,248 - [ERROR] - [GOLD] Strategy VOLUME_CLIMAX error: 'volume'
2026-07-21 01:35:14,716 - [ERROR] - [GOLD] Strategy VOLUME_CLIMAX error: 'volume'
2026-07-21 01:35:16,160 - [ERROR] - [GOLD] Strategy VOLUME_CLIMAX error: 'volume'
2026-07-21 01:35:17,566 - [ERROR] - [GOLD] Strategy VOLUME_CLIMAX error: 'volume'
2026-07-21 01:35:18,940 - [ERROR] - [GOLD] Strategy VOLUME_CLIMAX error: 'volume'
2026-07-21 01:35:20,307 - [ERROR] - [GOLD] Strategy VOLUME_CLIMAX error: 'volume'
2026-07-21 01:35:21,687 - [ERROR] - [GOLD] Strategy VOLUME_CLIMAX error: 'volume'
2026-07-21 01:35:23,052 - [ERROR] - [GOLD] Strategy VOLUME_CLIMAX error: 'volume'
2026-07-21 01:35:24,417 - [ERROR] - [GOLD] Strategy VOLUME_CLIMAX error: 'volume'
2026-07-21 01:35:25,793 - [ERROR] - [GOLD] Strategy VOLUME_CLIMAX error: 'volume'
2026-07-21 01:35:27,147 - [ERROR] - [GOLD] Strategy VOLUME_CLIMAX error: 'volume'
2026-07-21 01:35:28,495 - [ERROR] - [GOLD] Strategy VOLUME_CLIMAX error: 'volume'
2026-07-21 01:35:29,849 - [ERROR] - [GOLD] Strategy VOLUME_CLIMAX error: 'volume'
2026-07-21 01:35:31,201 - [ERROR] - [GOLD] Strategy VOLUME_CLIMAX error: 'volume'
2026-07-21 01:35:32,551 - [ERROR] - [GOLD] Strategy VOLUME_CLIMAX error: 'volume'
2026-07-21 01:35:33,904 - [ERROR] - [GOLD] Strategy VOLUME_CLIMAX error: 'volume'
2026-07-21 01:35:35,258 - [ERROR] - [GOLD] Strategy VOLUME_CLIMAX error: 'volume'
2026-07-21 01:35:36,612 - [ERROR] - [GOLD] Strategy VOLUME_CLIMAX error: 'volume'
2026-07-21 01:35:37,967 - [ERROR] - [GOLD] Strategy VOLUME_CLIMAX error: 'volume'
2026-07-21 01:35:39,322 - [ERROR] - [GOLD] Strategy VOLUME_CLIMAX error: 'volume'
2026-07-21 01:35:40,681 - [ERROR] - [GOLD] Strategy VOLUME_CLIMAX error: 'volume'
2026-07-21 01:35:42,042 - [ERROR] - [GOLD] Strategy VOLUME_CLIMAX error: 'volume'
2026-07-21 01:35:43,398 - [ERROR] - [GOLD] Strategy VOLUME_CLIMAX error: 'volume'
2026-07-21 01:35:44,751 - [ERROR] - [GOLD] Strategy VOLUME_CLIMAX error: 'volume'
2026-07-21 01:35:46,107 - [ERROR] - [GOLD] Strategy VOLUME_CLIMAX error: 'volume'
2026-07-21 01:35:47,504 - [ERROR] - [GOLD] Strategy VOLUME_CLIMAX error: 'volume'
2026-07-21 01:35:48,886 - [ERROR] - [GOLD] Strategy VOLUME_CLIMAX error: 'volume'
2026-07-21 01:35:50,270 - [ERROR] - [GOLD] Strategy VOLUME_CLIMAX error: 'volume'
2026-07-21 01:35:51,677 - [ERROR] - [GOLD] Strategy VOLUME_CLIMAX error: 'volume'
2026-07-21 01:35:53,068 - [ERROR] - [GOLD] Strategy VOLUME_CLIMAX error: 'volume'
2026-07-21 01:35:54,472 - [ERROR] - [GOLD] Strategy VOLUME_CLIMAX error: 'volume'
2026-07-21 01:35:55,880 - [ERROR] - [GOLD] Strategy VOLUME_CLIMAX error: 'volume'
2026-07-21 01:35:57,306 - [ERROR] - [GOLD] Strategy VOLUME_CLIMAX error: 'volume'
2026-07-21 01:35:58,740 - [ERROR] - [GOLD] Strategy VOLUME_CLIMAX error: 'volume'
2026-07-21 01:36:00,179 - [ERROR] - [GOLD] Strategy VOLUME_CLIMAX error: 'volume'
2026-07-21 01:36:01,613 - [ERROR] - [GOLD] Strategy VOLUME_CLIMAX error: 'volume'
2026-07-21 01:36:03,068 - [ERROR] - [GOLD] Strategy VOLUME_CLIMAX error: 'volume'
2026-07-21 01:36:04,472 - [ERROR] - [GOLD] Strategy VOLUME_CLIMAX error: 'volume'
2026-07-21 01:36:05,865 - [ERROR] - [GOLD] Strategy VOLUME_CLIMAX error: 'volume'
2026-07-21 01:36:07,229 - [ERROR] - [GOLD] Strategy VOLUME_CLIMAX error: 'volume'
2026-07-21 01:36:08,582 - [ERROR] - [GOLD] Strategy VOLUME_CLIMAX error: 'volume'
2026-07-21 01:36:09,936 - [ERROR] - [GOLD] Strategy VOLUME_CLIMAX error: 'volume'
2026-07-21 01:36:11,289 - [ERROR] - [GOLD] Strategy VOLUME_CLIMAX error: 'volume'
2026-07-21 01:36:12,642 - [ERROR] - [GOLD] Strategy VOLUME_CLIMAX error: 'volume'
2026-07-21 01:36:13,991 - [ERROR] - [GOLD] Strategy VOLUME_CLIMAX error: 'volume'
2026-07-21 01:36:15,342 - [ERROR] - [GOLD] Strategy VOLUME_CLIMAX error: 'volume'
2026-07-21 01:36:16,699 - [ERROR] - [GOLD] Strategy VOLUME_CLIMAX error: 'volume'
2026-07-21 01:36:18,065 - [ERROR] - [GOLD] Strategy VOLUME_CLIMAX error: 'volume'
2026-07-21 01:36:19,413 - [ERROR] - [GOLD] Strategy VOLUME_CLIMAX error: 'volume'
2026-07-21 01:36:20,779 - [ERROR] - [GOLD] Strategy VOLUME_CLIMAX error: 'volume'
2026-07-21 01:36:22,137 - [ERROR] - [GOLD] Strategy VOLUME_CLIMAX error: 'volume'
2026-07-21 01:36:23,484 - [ERROR] - [GOLD] Strategy VOLUME_CLIMAX error: 'volume'
2026-07-21 01:36:24,839 - [ERROR] - [GOLD] Strategy VOLUME_CLIMAX error: 'volume'
2026-07-21 01:36:26,191 - [ERROR] - [GOLD] Strategy VOLUME_CLIMAX error: 'volume'
2026-07-21 01:36:27,572 - [ERROR] - [GOLD] Strategy VOLUME_CLIMAX error: 'volume'
2026-07-21 01:36:28,949 - [ERROR] - [GOLD] Strategy VOLUME_CLIMAX error: 'volume'
2026-07-21 01:36:30,304 - [ERROR] - [GOLD] Strategy VOLUME_CLIMAX error: 'volume'
2026-07-21 01:36:31,658 - [ERROR] - [GOLD] Strategy VOLUME_CLIMAX error: 'volume'
2026-07-21 01:36:33,012 - [ERROR] - [GOLD] Strategy VOLUME_CLIMAX error: 'volume'
2026-07-21 01:36:34,355 - [ERROR] - [GOLD] Strategy VOLUME_CLIMAX error: 'volume'
2026-07-21 01:36:35,707 - [ERROR] - [GOLD] Strategy VOLUME_CLIMAX error: 'volume'
2026-07-21 01:36:37,047 - [ERROR] - [GOLD] Strategy VOLUME_CLIMAX error: 'volume'
2026-07-21 01:36:38,412 - [ERROR] - [GOLD] Strategy VOLUME_CLIMAX error: 'volume'
2026-07-21 01:36:39,775 - [ERROR] - [GOLD] Strategy VOLUME_CLIMAX error: 'volume'
2026-07-21 01:36:41,150 - [ERROR] - [GOLD] Strategy VOLUME_CLIMAX error: 'volume'
2026-07-21 01:36:42,540 - [ERROR] - [GOLD] Strategy VOLUME_CLIMAX error: 'volume'
2026-07-21 01:36:43,926 - [ERROR] - [GOLD] Strategy VOLUME_CLIMAX error: 'volume'
2026-07-21 01:36:45,321 - [ERROR] - [GOLD] Strategy VOLUME_CLIMAX error: 'volume'
2026-07-21 01:36:46,718 - [ERROR] - [GOLD] Strategy VOLUME_CLIMAX error: 'volume'
2026-07-21 01:36:48,081 - [ERROR] - [GOLD] Strategy VOLUME_CLIMAX error: 'volume'
2026-07-21 01:36:49,440 - [ERROR] - [GOLD] Strategy VOLUME_CLIMAX error: 'volume'
2026-07-21 01:36:50,795 - [ERROR] - [GOLD] Strategy VOLUME_CLIMAX error: 'volume'
2026-07-21 01:36:52,148 - [ERROR] - [GOLD] Strategy VOLUME_CLIMAX error: 'volume'
2026-07-21 01:36:53,500 - [ERROR] - [GOLD] Strategy VOLUME_CLIMAX error: 'volume'
2026-07-21 01:36:54,847 - [ERROR] - [GOLD] Strategy VOLUME_CLIMAX error: 'volume'
2026-07-21 01:36:56,203 - [ERROR] - [GOLD] Strategy VOLUME_CLIMAX error: 'volume'
2026-07-21 01:36:57,572 - [ERROR] - [GOLD] Strategy VOLUME_CLIMAX error: 'volume'
2026-07-21 01:36:58,932 - [ERROR] - [GOLD] Strategy VOLUME_CLIMAX error: 'volume'
2026-07-21 01:37:00,294 - [ERROR] - [GOLD] Strategy VOLUME_CLIMAX error: 'volume'
2026-07-21 01:37:01,665 - [ERROR] - [GOLD] Strategy VOLUME_CLIMAX error: 'volume'
2026-07-21 01:37:03,028 - [ERROR] - [GOLD] Strategy VOLUME_CLIMAX error: 'volume'
2026-07-21 01:37:04,384 - [ERROR] - [GOLD] Strategy VOLUME_CLIMAX error: 'volume'
2026-07-21 01:37:05,747 - [ERROR] - [GOLD] Strategy VOLUME_CLIMAX error: 'volume'
2026-07-21 01:37:07,114 - [ERROR] - [GOLD] Strategy VOLUME_CLIMAX error: 'volume'
2026-07-21 01:37:08,468 - [ERROR] - [GOLD] Strategy VOLUME_CLIMAX error: 'volume'
2026-07-21 01:37:09,819 - [ERROR] - [GOLD] Strategy VOLUME_CLIMAX error: 'volume'
2026-07-21 01:37:11,174 - [ERROR] - [GOLD] Strategy VOLUME_CLIMAX error: 'volume'
2026-07-21 01:37:12,557 - [ERROR] - [GOLD] Strategy VOLUME_CLIMAX error: 'volume'
2026-07-21 01:37:13,945 - [ERROR] - [GOLD] Strategy VOLUME_CLIMAX error: 'volume'
2026-07-21 01:37:15,353 - [ERROR] - [GOLD] Strategy VOLUME_CLIMAX error: 'volume'
2026-07-21 01:37:16,775 - [ERROR] - [GOLD] Strategy VOLUME_CLIMAX error: 'volume'
2026-07-21 01:37:18,202 - [ERROR] - [GOLD] Strategy VOLUME_CLIMAX error: 'volume'
2026-07-21 01:37:19,582 - [ERROR] - [GOLD] Strategy VOLUME_CLIMAX error: 'volume'
2026-07-21 01:37:20,995 - [ERROR] - [GOLD] Strategy VOLUME_CLIMAX error: 'volume'
2026-07-21 01:37:22,384 - [ERROR] - [GOLD] Strategy VOLUME_CLIMAX error: 'volume'
2026-07-21 01:37:23,795 - [ERROR] - [GOLD] Strategy VOLUME_CLIMAX error: 'volume'
2026-07-21 01:37:25,212 - [ERROR] - [GOLD] Strategy VOLUME_CLIMAX error: 'volume'
2026-07-21 01:37:26,614 - [ERROR] - [GOLD] Strategy VOLUME_CLIMAX error: 'volume'
2026-07-21 01:37:28,012 - [ERROR] - [GOLD] Strategy VOLUME_CLIMAX error: 'volume'
2026-07-21 01:37:29,406 - [ERROR] - [GOLD] Strategy VOLUME_CLIMAX error: 'volume'
2026-07-21 01:37:30,800 - [ERROR] - [GOLD] Strategy VOLUME_CLIMAX error: 'volume'
2026-07-21 01:37:32,221 - [ERROR] - [GOLD] Strategy VOLUME_CLIMAX error: 'volume'
2026-07-21 01:37:33,643 - [ERROR] - [GOLD] Strategy VOLUME_CLIMAX error: 'volume'
2026-07-21 01:37:35,076 - [ERROR] - [GOLD] Strategy VOLUME_CLIMAX error: 'volume'
2026-07-21 01:37:36,507 - [ERROR] - [GOLD] Strategy VOLUME_CLIMAX error: 'volume'
2026-07-21 01:37:37,891 - [ERROR] - [GOLD] Strategy VOLUME_CLIMAX error: 'volume'
2026-07-21 01:37:39,278 - [ERROR] - [GOLD] Strategy VOLUME_CLIMAX error: 'volume'
2026-07-21 01:37:40,685 - [ERROR] - [GOLD] Strategy VOLUME_CLIMAX error: 'volume'
2026-07-21 01:37:42,153 - [ERROR] - [GOLD] Strategy VOLUME_CLIMAX error: 'volume'
2026-07-21 01:37:43,585 - [ERROR] - [GOLD] Strategy VOLUME_CLIMAX error: 'volume'
2026-07-21 01:37:45,001 - [ERROR] - [GOLD] Strategy VOLUME_CLIMAX error: 'volume'
2026-07-21 01:37:46,436 - [ERROR] - [GOLD] Strategy VOLUME_CLIMAX error: 'volume'
2026-07-21 01:37:47,921 - [ERROR] - [GOLD] Strategy VOLUME_CLIMAX error: 'volume'
2026-07-21 01:37:49,335 - [ERROR] - [GOLD] Strategy VOLUME_CLIMAX error: 'volume'
2026-07-21 01:37:50,735 - [ERROR] - [GOLD] Strategy VOLUME_CLIMAX error: 'volume'
2026-07-21 01:37:52,128 - [ERROR] - [GOLD] Strategy VOLUME_CLIMAX error: 'volume'
2026-07-21 01:37:53,510 - [ERROR] - [GOLD] Strategy VOLUME_CLIMAX error: 'volume'
2026-07-21 01:37:54,883 - [ERROR] - [GOLD] Strategy VOLUME_CLIMAX error: 'volume'
2026-07-21 01:37:56,288 - [ERROR] - [GOLD] Strategy VOLUME_CLIMAX error: 'volume'
2026-07-21 01:37:56,353 - [WARNING] - [GOLD] \U0001f6a8 Spread Protection: Live Spread (53) > Max Allowable (40). Trade Aborted.
2026-07-21 01:39:57,329 - [ERROR] - [GOLD] Strategy VOLUME_CLIMAX error: 'volume'
2026-07-21 01:39:58,926 - [ERROR] - [GOLD] Strategy VOLUME_CLIMAX error: 'volume'
2026-07-21 01:40:00,492 - [ERROR] - [GOLD] Strategy VOLUME_CLIMAX error: 'volume'
2026-07-21 01:40:00,596 - [WARNING] - [GOLD] \U0001f6a8 Spread Protection: Live Spread (59) > Max Allowable (40). Trade Aborted.
2026-07-21 01:42:01,572 - [ERROR] - [GOLD] Strategy VOLUME_CLIMAX error: 'volume'
2026-07-21 01:42:02,933 - [ERROR] - [GOLD] Strategy VOLUME_CLIMAX error: 'volume'
2026-07-21 01:42:04,293 - [ERROR] - [GOLD] Strategy VOLUME_CLIMAX error: 'volume'
2026-07-21 01:42:05,645 - [ERROR] - [GOLD] Strategy VOLUME_CLIMAX error: 'volume'
2026-07-21 01:42:06,991 - [ERROR] - [GOLD] Strategy VOLUME_CLIMAX error: 'volume'
2026-07-21 01:42:08,342 - [ERROR] - [GOLD] Strategy VOLUME_CLIMAX error: 'volume'
2026-07-21 01:42:09,694 - [ERROR] - [GOLD] Strategy VOLUME_CLIMAX error: 'volume'
2026-07-21 01:42:11,055 - [ERROR] - [GOLD] Strategy VOLUME_CLIMAX error: 'volume'
2026-07-21 01:42:12,418 - [ERROR] - [GOLD] Strategy VOLUME_CLIMAX error: 'volume'
2026-07-21 01:42:13,765 - [ERROR] - [GOLD] Strategy VOLUME_CLIMAX error: 'volume'
2026-07-21 01:42:15,119 - [ERROR] - [GOLD] Strategy VOLUME_CLIMAX error: 'volume'
2026-07-21 01:42:16,467 - [ERROR] - [GOLD] Strategy VOLUME_CLIMAX error: 'volume'
2026-07-21 01:42:17,815 - [ERROR] - [GOLD] Strategy VOLUME_CLIMAX error: 'volume'
2026-07-21 01:42:19,168 - [ERROR] - [GOLD] Strategy VOLUME_CLIMAX error: 'volume'
2026-07-21 01:42:20,516 - [ERROR] - [GOLD] Strategy VOLUME_CLIMAX error: 'volume'
2026-07-21 01:42:21,862 - [ERROR] - [GOLD] Strategy VOLUME_CLIMAX error: 'volume'
2026-07-21 01:42:23,218 - [ERROR] - [GOLD] Strategy VOLUME_CLIMAX error: 'volume'
2026-07-21 01:42:24,563 - [ERROR] - [GOLD] Strategy VOLUME_CLIMAX error: 'volume'
2026-07-21 01:42:25,911 - [ERROR] - [GOLD] Strategy VOLUME_CLIMAX error: 'volume'
2026-07-21 01:42:27,265 - [ERROR] - [GOLD] Strategy VOLUME_CLIMAX error: 'volume'
2026-07-21 01:42:28,611 - [ERROR] - [GOLD] Strategy VOLUME_CLIMAX error: 'volume'
2026-07-21 01:42:29,954 - [ERROR] - [GOLD] Strategy VOLUME_CLIMAX error: 'volume'
2026-07-21 01:42:31,314 - [ERROR] - [GOLD] Strategy VOLUME_CLIMAX error: 'volume'
2026-07-21 01:42:32,669 - [ERROR] - [GOLD] Strategy VOLUME_CLIMAX error: 'volume'
2026-07-21 01:42:34,014 - [ERROR] - [GOLD] Strategy VOLUME_CLIMAX error: 'volume'
2026-07-21 01:42:35,375 - [ERROR] - [GOLD] Strategy VOLUME_CLIMAX error: 'volume'
2026-07-21 01:42:36,718 - [ERROR] - [GOLD] Strategy VOLUME_CLIMAX error: 'volume'
2026-07-21 01:42:38,069 - [ERROR] - [GOLD] Strategy VOLUME_CLIMAX error: 'volume'
2026-07-21 01:42:39,416 - [ERROR] - [GOLD] Strategy VOLUME_CLIMAX error: 'volume'
2026-07-21 01:42:40,765 - [ERROR] - [GOLD] Strategy VOLUME_CLIMAX error: 'volume'
2026-07-21 01:42:42,118 - [ERROR] - [GOLD] Strategy VOLUME_CLIMAX error: 'volume'
2026-07-21 01:42:43,469 - [ERROR] - [GOLD] Strategy VOLUME_CLIMAX error: 'volume'
2026-07-21 01:42:44,827 - [ERROR] - [GOLD] Strategy VOLUME_CLIMAX error: 'volume'
2026-07-21 01:42:46,180 - [ERROR] - [GOLD] Strategy VOLUME_CLIMAX error: 'volume'
2026-07-21 01:42:47,534 - [ERROR] - [GOLD] Strategy VOLUME_CLIMAX error: 'volume'
2026-07-21 01:42:48,893 - [ERROR] - [GOLD] Strategy VOLUME_CLIMAX error: 'volume'
2026-07-21 01:42:50,247 - [ERROR] - [GOLD] Strategy VOLUME_CLIMAX error: 'volume'
2026-07-21 01:42:51,594 - [ERROR] - [GOLD] Strategy VOLUME_CLIMAX error: 'volume'
2026-07-21 01:42:52,950 - [ERROR] - [GOLD] Strategy VOLUME_CLIMAX error: 'volume'
2026-07-21 01:42:54,302 - [ERROR] - [GOLD] Strategy VOLUME_CLIMAX error: 'volume'
2026-07-21 01:42:55,656 - [ERROR] - [GOLD] Strategy VOLUME_CLIMAX error: 'volume'
2026-07-21 01:42:57,003 - [ERROR] - [GOLD] Strategy VOLUME_CLIMAX error: 'volume'
2026-07-21 01:42:58,347 - [ERROR] - [GOLD] Strategy VOLUME_CLIMAX error: 'volume'
2026-07-21 01:42:59,693 - [ERROR] - [GOLD] Strategy VOLUME_CLIMAX error: 'volume'
2026-07-21 01:43:01,046 - [ERROR] - [GOLD] Strategy VOLUME_CLIMAX error: 'volume'
2026-07-21 01:43:02,390 - [ERROR] - [GOLD] Strategy VOLUME_CLIMAX error: 'volume'
2026-07-21 01:43:03,737 - [ERROR] - [GOLD] Strategy VOLUME_CLIMAX error: 'volume'
2026-07-21 01:43:05,084 - [ERROR] - [GOLD] Strategy VOLUME_CLIMAX error: 'volume'
2026-07-21 01:43:06,432 - [ERROR] - [GOLD] Strategy VOLUME_CLIMAX error: 'volume'
2026-07-21 01:43:07,777 - [ERROR] - [GOLD] Strategy VOLUME_CLIMAX error: 'volume'
2026-07-21 01:43:09,122 - [ERROR] - [GOLD] Strategy VOLUME_CLIMAX error: 'volume'
2026-07-21 01:43:10,469 - [ERROR] - [GOLD] Strategy VOLUME_CLIMAX error: 'volume'
2026-07-21 01:43:11,813 - [ERROR] - [GOLD] Strategy VOLUME_CLIMAX error: 'volume'
2026-07-21 01:43:13,178 - [ERROR] - [GOLD] Strategy VOLUME_CLIMAX error: 'volume'
2026-07-21 01:43:14,552 - [ERROR] - [GOLD] Strategy VOLUME_CLIMAX error: 'volume'
2026-07-21 01:43:15,908 - [ERROR] - [GOLD] Strategy VOLUME_CLIMAX error: 'volume'
2026-07-21 01:43:17,257 - [ERROR] - [GOLD] Strategy VOLUME_CLIMAX error: 'volume'
2026-07-21 01:43:18,611 - [ERROR] - [GOLD] Strategy VOLUME_CLIMAX error: 'volume'
2026-07-21 01:43:19,961 - [ERROR] - [GOLD] Strategy VOLUME_CLIMAX error: 'volume'
2026-07-21 01:43:21,319 - [ERROR] - [GOLD] Strategy VOLUME_CLIMAX error: 'volume'
2026-07-21 01:43:22,669 - [ERROR] - [GOLD] Strategy VOLUME_CLIMAX error: 'volume'
2026-07-21 01:43:24,025 - [ERROR] - [GOLD] Strategy VOLUME_CLIMAX error: 'volume'
2026-07-21 01:43:25,381 - [ERROR] - [GOLD] Strategy VOLUME_CLIMAX error: 'volume'
2026-07-21 01:43:26,740 - [ERROR] - [GOLD] Strategy VOLUME_CLIMAX error: 'volume'
2026-07-21 01:43:28,100 - [ERROR] - [GOLD] Strategy VOLUME_CLIMAX error: 'volume'
2026-07-21 01:43:29,471 - [ERROR] - [GOLD] Strategy VOLUME_CLIMAX error: 'volume'
2026-07-21 01:43:30,833 - [ERROR] - [GOLD] Strategy VOLUME_CLIMAX error: 'volume'
2026-07-21 01:43:32,188 - [ERROR] - [GOLD] Strategy VOLUME_CLIMAX error: 'volume'
2026-07-21 01:43:33,541 - [ERROR] - [GOLD] Strategy VOLUME_CLIMAX error: 'volume'
2026-07-21 01:43:34,899 - [ERROR] - [GOLD] Strategy VOLUME_CLIMAX error: 'volume'
2026-07-21 01:43:36,250 - [ERROR] - [GOLD] Strategy VOLUME_CLIMAX error: 'volume'
2026-07-21 01:43:37,599 - [ERROR] - [GOLD] Strategy VOLUME_CLIMAX error: 'volume'
2026-07-21 01:43:38,955 - [ERROR] - [GOLD] Strategy VOLUME_CLIMAX error: 'volume'
2026-07-21 01:43:40,309 - [ERROR] - [GOLD] Strategy VOLUME_CLIMAX error: 'volume'
2026-07-21 01:43:41,655 - [ERROR] - [GOLD] Strategy VOLUME_CLIMAX error: 'volume'
2026-07-21 01:43:43,007 - [ERROR] - [GOLD] Strategy VOLUME_CLIMAX error: 'volume'
2026-07-21 01:43:44,372 - [ERROR] - [GOLD] Strategy VOLUME_CLIMAX error: 'volume'
2026-07-21 01:43:45,738 - [ERROR] - [GOLD] Strategy VOLUME_CLIMAX error: 'volume'
2026-07-21 01:43:47,093 - [ERROR] - [GOLD] Strategy VOLUME_CLIMAX error: 'volume'
2026-07-21 01:43:48,444 - [ERROR] - [GOLD] Strategy VOLUME_CLIMAX error: 'volume'
2026-07-21 01:43:49,796 - [ERROR] - [GOLD] Strategy VOLUME_CLIMAX error: 'volume'
2026-07-21 01:43:51,144 - [ERROR] - [GOLD] Strategy VOLUME_CLIMAX error: 'volume'
2026-07-21 01:43:52,504 - [ERROR] - [GOLD] Strategy VOLUME_CLIMAX error: 'volume'
2026-07-21 01:43:53,920 - [ERROR] - [GOLD] Strategy VOLUME_CLIMAX error: 'volume'
2026-07-21 01:43:55,325 - [ERROR] - [GOLD] Strategy VOLUME_CLIMAX error: 'volume'
2026-07-21 01:43:56,746 - [ERROR] - [GOLD] Strategy VOLUME_CLIMAX error: 'volume'
2026-07-21 01:43:58,196 - [ERROR] - [GOLD] Strategy VOLUME_CLIMAX error: 'volume'
2026-07-21 01:43:59,640 - [ERROR] - [GOLD] Strategy VOLUME_CLIMAX error: 'volume'
2026-07-21 01:44:01,081 - [ERROR] - [GOLD] Strategy VOLUME_CLIMAX error: 'volume'
2026-07-21 01:44:02,501 - [ERROR] - [GOLD] Strategy VOLUME_CLIMAX error: 'volume'
2026-07-21 01:44:03,944 - [ERROR] - [GOLD] Strategy VOLUME_CLIMAX error: 'volume'
2026-07-21 01:44:05,380 - [ERROR] - [GOLD] Strategy VOLUME_CLIMAX error: 'volume'
2026-07-21 01:44:06,821 - [ERROR] - [GOLD] Strategy VOLUME_CLIMAX error: 'volume'
2026-07-21 01:44:08,240 - [ERROR] - [GOLD] Strategy VOLUME_CLIMAX error: 'volume'
2026-07-21 01:44:09,644 - [ERROR] - [GOLD] Strategy VOLUME_CLIMAX error: 'volume'
2026-07-21 01:44:11,046 - [ERROR] - [GOLD] Strategy VOLUME_CLIMAX error: 'volume'
2026-07-21 01:44:12,443 - [ERROR] - [GOLD] Strategy VOLUME_CLIMAX error: 'volume'
2026-07-21 01:44:13,824 - [ERROR] - [GOLD] Strategy VOLUME_CLIMAX error: 'volume'
2026-07-21 01:44:15,204 - [ERROR] - [GOLD] Strategy VOLUME_CLIMAX error: 'volume'
2026-07-21 01:44:16,562 - [ERROR] - [GOLD] Strategy VOLUME_CLIMAX error: 'volume'
2026-07-21 01:44:17,914 - [ERROR] - [GOLD] Strategy VOLUME_CLIMAX error: 'volume'
2026-07-21 01:44:19,266 - [ERROR] - [GOLD] Strategy VOLUME_CLIMAX error: 'volume'
2026-07-21 01:44:20,621 - [ERROR] - [GOLD] Strategy VOLUME_CLIMAX error: 'volume'
2026-07-21 01:44:21,974 - [ERROR] - [GOLD] Strategy VOLUME_CLIMAX error: 'volume'
2026-07-21 01:44:23,332 - [ERROR] - [GOLD] Strategy VOLUME_CLIMAX error: 'volume'
2026-07-21 01:44:24,683 - [ERROR] - [GOLD] Strategy VOLUME_CLIMAX error: 'volume'
2026-07-21 01:44:26,031 - [ERROR] - [GOLD] Strategy VOLUME_CLIMAX error: 'volume'
2026-07-21 01:44:27,392 - [ERROR] - [GOLD] Strategy VOLUME_CLIMAX error: 'volume'
2026-07-21 01:44:28,753 - [ERROR] - [GOLD] Strategy VOLUME_CLIMAX error: 'volume'
2026-07-21 01:44:30,136 - [ERROR] - [GOLD] Strategy VOLUME_CLIMAX error: 'volume'
2026-07-21 01:44:31,513 - [ERROR] - [GOLD] Strategy VOLUME_CLIMAX error: 'volume'
2026-07-21 01:44:32,879 - [ERROR] - [GOLD] Strategy VOLUME_CLIMAX error: 'volume'
2026-07-21 01:44:34,264 - [ERROR] - [GOLD] Strategy VOLUME_CLIMAX error: 'volume'
2026-07-21 01:44:35,646 - [ERROR] - [GOLD] Strategy VOLUME_CLIMAX error: 'volume'
2026-07-21 01:44:37,039 - [ERROR] - [GOLD] Strategy VOLUME_CLIMAX error: 'volume'
2026-07-21 01:44:38,434 - [ERROR] - [GOLD] Strategy VOLUME_CLIMAX error: 'volume'
2026-07-21 01:44:39,838 - [ERROR] - [GOLD] Strategy VOLUME_CLIMAX error: 'volume'
2026-07-21 01:44:41,287 - [ERROR] - [GOLD] Strategy VOLUME_CLIMAX error: 'volume'
2026-07-21 01:44:42,736 - [ERROR] - [GOLD] Strategy VOLUME_CLIMAX error: 'volume'
2026-07-21 01:44:44,172 - [ERROR] - [GOLD] Strategy VOLUME_CLIMAX error: 'volume'
2026-07-21 01:44:45,591 - [ERROR] - [GOLD] Strategy VOLUME_CLIMAX error: 'volume'
2026-07-21 01:44:46,961 - [ERROR] - [GOLD] Strategy VOLUME_CLIMAX error: 'volume'
2026-07-21 01:44:48,339 - [ERROR] - [GOLD] Strategy VOLUME_CLIMAX error: 'volume'
2026-07-21 01:44:49,705 - [ERROR] - [GOLD] Strategy VOLUME_CLIMAX error: 'volume'
2026-07-21 01:44:51,063 - [ERROR] - [GOLD] Strategy VOLUME_CLIMAX error: 'volume'
2026-07-21 01:44:52,434 - [ERROR] - [GOLD] Strategy VOLUME_CLIMAX error: 'volume'
2026-07-21 01:44:53,800 - [ERROR] - [GOLD] Strategy VOLUME_CLIMAX error: 'volume'
2026-07-21 01:44:55,161 - [ERROR] - [GOLD] Strategy VOLUME_CLIMAX error: 'volume'
2026-07-21 01:44:56,520 - [ERROR] - [GOLD] Strategy VOLUME_CLIMAX error: 'volume'
2026-07-21 01:44:57,880 - [ERROR] - [GOLD] Strategy VOLUME_CLIMAX error: 'volume'
2026-07-21 01:44:59,233 - [ERROR] - [GOLD] Strategy VOLUME_CLIMAX error: 'volume'
2026-07-21 01:45:00,598 - [ERROR] - [GOLD] Strategy VOLUME_CLIMAX error: 'volume'
2026-07-21 01:45:01,947 - [ERROR] - [GOLD] Strategy VOLUME_CLIMAX error: 'volume'
2026-07-21 01:45:03,301 - [ERROR] - [GOLD] Strategy VOLUME_CLIMAX error: 'volume'
2026-07-21 01:45:04,654 - [ERROR] - [GOLD] Strategy VOLUME_CLIMAX error: 'volume'
2026-07-21 01:45:06,004 - [ERROR] - [GOLD] Strategy VOLUME_CLIMAX error: 'volume'
2026-07-21 01:45:07,357 - [ERROR] - [GOLD] Strategy VOLUME_CLIMAX error: 'volume'
2026-07-21 01:45:08,704 - [ERROR] - [GOLD] Strategy VOLUME_CLIMAX error: 'volume'
2026-07-21 01:45:10,050 - [ERROR] - [GOLD] Strategy VOLUME_CLIMAX error: 'volume'
2026-07-21 01:45:11,399 - [ERROR] - [GOLD] Strategy VOLUME_CLIMAX error: 'volume'
2026-07-21 01:45:12,741 - [ERROR] - [GOLD] Strategy VOLUME_CLIMAX error: 'volume'
2026-07-21 01:45:14,092 - [ERROR] - [GOLD] Strategy VOLUME_CLIMAX error: 'volume'
2026-07-21 01:45:15,465 - [ERROR] - [GOLD] Strategy VOLUME_CLIMAX error: 'volume'
2026-07-21 01:45:16,823 - [ERROR] - [GOLD] Strategy VOLUME_CLIMAX error: 'volume'
2026-07-21 01:45:18,173 - [ERROR] - [GOLD] Strategy VOLUME_CLIMAX error: 'volume'
2026-07-21 01:45:19,520 - [ERROR] - [GOLD] Strategy VOLUME_CLIMAX error: 'volume'
2026-07-21 01:45:20,872 - [ERROR] - [GOLD] Strategy VOLUME_CLIMAX error: 'volume'
2026-07-21 01:45:22,213 - [ERROR] - [GOLD] Strategy VOLUME_CLIMAX error: 'volume'
2026-07-21 01:45:23,562 - [ERROR] - [GOLD] Strategy VOLUME_CLIMAX error: 'volume'
2026-07-21 01:45:24,907 - [ERROR] - [GOLD] Strategy VOLUME_CLIMAX error: 'volume'
2026-07-21 01:45:26,255 - [ERROR] - [GOLD] Strategy VOLUME_CLIMAX error: 'volume'
2026-07-21 01:45:27,610 - [ERROR] - [GOLD] Strategy VOLUME_CLIMAX error: 'volume'
2026-07-21 01:45:28,985 - [ERROR] - [GOLD] Strategy VOLUME_CLIMAX error: 'volume'
2026-07-21 01:45:30,358 - [ERROR] - [GOLD] Strategy VOLUME_CLIMAX error: 'volume'
2026-07-21 01:45:31,733 - [ERROR] - [GOLD] Strategy VOLUME_CLIMAX error: 'volume'
2026-07-21 01:45:33,087 - [ERROR] - [GOLD] Strategy VOLUME_CLIMAX error: 'volume'
2026-07-21 01:45:34,443 - [ERROR] - [GOLD] Strategy VOLUME_CLIMAX error: 'volume'
2026-07-21 01:45:35,793 - [ERROR] - [GOLD] Strategy VOLUME_CLIMAX error: 'volume'
2026-07-21 01:45:37,144 - [ERROR] - [GOLD] Strategy VOLUME_CLIMAX error: 'volume'
2026-07-21 01:45:38,502 - [ERROR] - [GOLD] Strategy VOLUME_CLIMAX error: 'volume'
2026-07-21 01:45:39,876 - [ERROR] - [GOLD] Strategy VOLUME_CLIMAX error: 'volume'
2026-07-21 01:45:41,245 - [ERROR] - [GOLD] Strategy VOLUME_CLIMAX error: 'volume'
2026-07-21 01:45:42,611 - [ERROR] - [GOLD] Strategy VOLUME_CLIMAX error: 'volume'
2026-07-21 01:45:43,966 - [ERROR] - [GOLD] Strategy VOLUME_CLIMAX error: 'volume'
2026-07-21 01:45:45,325 - [ERROR] - [GOLD] Strategy VOLUME_CLIMAX error: 'volume'
2026-07-21 01:45:46,699 - [ERROR] - [GOLD] Strategy VOLUME_CLIMAX error: 'volume'
2026-07-21 01:45:48,072 - [ERROR] - [GOLD] Strategy VOLUME_CLIMAX error: 'volume'
2026-07-21 01:45:49,438 - [ERROR] - [GOLD] Strategy VOLUME_CLIMAX error: 'volume'
2026-07-21 01:45:50,804 - [ERROR] - [GOLD] Strategy VOLUME_CLIMAX error: 'volume'
2026-07-21 01:45:52,163 - [ERROR] - [GOLD] Strategy VOLUME_CLIMAX error: 'volume'
2026-07-21 01:45:53,522 - [ERROR] - [GOLD] Strategy VOLUME_CLIMAX error: 'volume'
2026-07-21 01:45:54,878 - [ERROR] - [GOLD] Strategy VOLUME_CLIMAX error: 'volume'
2026-07-21 01:45:56,232 - [ERROR] - [GOLD] Strategy VOLUME_CLIMAX error: 'volume'
2026-07-21 01:45:57,586 - [ERROR] - [GOLD] Strategy VOLUME_CLIMAX error: 'volume'
2026-07-21 01:45:58,128 - [INFO] - [GBPUSD] Trade outside Golden Hour (20 UTC). Targeting reduced 2.0 R:R.
2026-07-21 01:45:58,147 - [ERROR] - [GBPUSD] ML Inference Error: cannot access local variable 'pd' where it is not associated with a value. Proceeding without ML.
2026-07-21 01:45:58,150 - [INFO] - [GBPUSD] Anti-Martingale: 2 Losses in a row! Halving risk to 0.50%
2026-07-21 01:45:58,381 - [INFO] - [GBPUSD] SUCCESS - Opened SELL | Strat: ZERO_HERO | Lot: 0.16 | SL: 1.3439199999999998
2026-07-21 01:45:58,950 - [ERROR] - [GOLD] Strategy VOLUME_CLIMAX error: 'volume'
2026-07-21 01:46:00,296 - [ERROR] - [GOLD] Strategy VOLUME_CLIMAX error: 'volume'
2026-07-21 01:46:01,636 - [ERROR] - [GOLD] Strategy VOLUME_CLIMAX error: 'volume'
2026-07-21 01:46:02,977 - [ERROR] - [GOLD] Strategy VOLUME_CLIMAX error: 'volume'
2026-07-21 01:46:04,315 - [ERROR] - [GOLD] Strategy VOLUME_CLIMAX error: 'volume'
2026-07-21 01:46:05,656 - [ERROR] - [GOLD] Strategy VOLUME_CLIMAX error: 'volume'
2026-07-21 01:46:06,999 - [ERROR] - [GOLD] Strategy VOLUME_CLIMAX error: 'volume'
2026-07-21 01:46:08,345 - [ERROR] - [GOLD] Strategy VOLUME_CLIMAX error: 'volume'
2026-07-21 01:46:09,692 - [ERROR] - [GOLD] Strategy VOLUME_CLIMAX error: 'volume'
2026-07-21 01:46:11,040 - [ERROR] - [GOLD] Strategy VOLUME_CLIMAX error: 'volume'
2026-07-21 01:46:12,381 - [ERROR] - [GOLD] Strategy VOLUME_CLIMAX error: 'volume'
2026-07-21 01:46:13,735 - [ERROR] - [GOLD] Strategy VOLUME_CLIMAX error: 'volume'
2026-07-21 01:46:15,096 - [ERROR] - [GOLD] Strategy VOLUME_CLIMAX error: 'volume'
2026-07-21 01:46:16,471 - [ERROR] - [GOLD] Strategy VOLUME_CLIMAX error: 'volume'
2026-07-21 01:46:17,827 - [ERROR] - [GOLD] Strategy VOLUME_CLIMAX error: 'volume'
2026-07-21 01:46:19,174 - [ERROR] - [GOLD] Strategy VOLUME_CLIMAX error: 'volume'
2026-07-21 01:46:20,524 - [ERROR] - [GOLD] Strategy VOLUME_CLIMAX error: 'volume'
2026-07-21 01:46:21,884 - [ERROR] - [GOLD] Strategy VOLUME_CLIMAX error: 'volume'
2026-07-21 01:46:23,238 - [ERROR] - [GOLD] Strategy VOLUME_CLIMAX error: 'volume'
2026-07-21 01:46:24,591 - [ERROR] - [GOLD] Strategy VOLUME_CLIMAX error: 'volume'
2026-07-21 01:46:25,945 - [ERROR] - [GOLD] Strategy VOLUME_CLIMAX error: 'volume'
2026-07-21 01:46:27,293 - [ERROR] - [GOLD] Strategy VOLUME_CLIMAX error: 'volume'
2026-07-21 01:46:28,640 - [ERROR] - [GOLD] Strategy VOLUME_CLIMAX error: 'volume'
2026-07-21 01:46:29,997 - [ERROR] - [GOLD] Strategy VOLUME_CLIMAX error: 'volume'
2026-07-21 01:46:31,360 - [ERROR] - [GOLD] Strategy VOLUME_CLIMAX error: 'volume'
2026-07-21 01:46:32,205 - [INFO] - [ETHUSD] Trade outside Golden Hour (20 UTC). Targeting reduced 2.0 R:R.
2026-07-21 01:46:32,213 - [ERROR] - [ETHUSD] ML Inference Error: cannot access local variable 'pd' where it is not associated with a value. Proceeding without ML.
2026-07-21 01:46:32,215 - [INFO] - [ETHUSD] Anti-Martingale: 2 Losses in a row! Halving risk to 0.50%
2026-07-21 01:46:32,215 - [WARNING] - [ETHUSD] [RISK_CAP] Lot size 2.32 capped to 0.5 for safety.
2026-07-21 01:46:32,444 - [INFO] - [ETHUSD] SUCCESS - Opened BUY | Strat: ZERO_HERO | Lot: 0.5 | SL: 1897.3728571428571
2026-07-21 01:46:32,714 - [ERROR] - [GOLD] Strategy VOLUME_CLIMAX error: 'volume'
2026-07-21 01:46:34,060 - [ERROR] - [GOLD] Strategy VOLUME_CLIMAX error: 'volume'
2026-07-21 01:46:35,445 - [ERROR] - [GOLD] Strategy VOLUME_CLIMAX error: 'volume'
2026-07-21 01:46:36,846 - [ERROR] - [GOLD] Strategy VOLUME_CLIMAX error: 'volume'
2026-07-21 01:46:38,279 - [ERROR] - [GOLD] Strategy VOLUME_CLIMAX error: 'volume'
2026-07-21 01:46:39,725 - [ERROR] - [GOLD] Strategy VOLUME_CLIMAX error: 'volume'
2026-07-21 01:46:41,211 - [ERROR] - [GOLD] Strategy VOLUME_CLIMAX error: 'volume'
2026-07-21 01:46:42,706 - [ERROR] - [GOLD] Strategy VOLUME_CLIMAX error: 'volume'
2026-07-21 01:46:44,190 - [ERROR] - [GOLD] Strategy VOLUME_CLIMAX error: 'volume'
2026-07-21 01:46:45,674 - [ERROR] - [GOLD] Strategy VOLUME_CLIMAX error: 'volume'
2026-07-21 01:46:47,148 - [ERROR] - [GOLD] Strategy VOLUME_CLIMAX error: 'volume'
2026-07-21 01:46:48,606 - [ERROR] - [GOLD] Strategy VOLUME_CLIMAX error: 'volume'
2026-07-21 01:46:50,100 - [ERROR] - [GOLD] Strategy VOLUME_CLIMAX error: 'volume'
2026-07-21 01:46:51,551 - [ERROR] - [GOLD] Strategy VOLUME_CLIMAX error: 'volume'
2026-07-21 01:46:53,002 - [ERROR] - [GOLD] Strategy VOLUME_CLIMAX error: 'volume'
2026-07-21 01:46:54,550 - [ERROR] - [GOLD] Strategy VOLUME_CLIMAX error: 'volume'
2026-07-21 01:46:56,077 - [ERROR] - [GOLD] Strategy VOLUME_CLIMAX error: 'volume'
2026-07-21 01:46:57,562 - [ERROR] - [GOLD] Strategy VOLUME_CLIMAX error: 'volume'
2026-07-21 01:46:59,060 - [ERROR] - [GOLD] Strategy VOLUME_CLIMAX error: 'volume'
2026-07-21 01:47:00,542 - [ERROR] - [GOLD] Strategy VOLUME_CLIMAX error: 'volume'
2026-07-21 01:47:02,032 - [ERROR] - [GOLD] Strategy VOLUME_CLIMAX error: 'volume'
2026-07-21 01:47:03,494 - [ERROR] - [GOLD] Strategy VOLUME_CLIMAX error: 'volume'
2026-07-21 01:47:04,959 - [ERROR] - [GOLD] Strategy VOLUME_CLIMAX error: 'volume'
2026-07-21 01:47:06,405 - [ERROR] - [GOLD] Strategy VOLUME_CLIMAX error: 'volume'
2026-07-21 01:47:07,870 - [ERROR] - [GOLD] Strategy VOLUME_CLIMAX error: 'volume'
2026-07-21 01:47:09,321 - [ERROR] - [GOLD] Strategy VOLUME_CLIMAX error: 'volume'
2026-07-21 01:47:10,807 - [ERROR] - [GOLD] Strategy VOLUME_CLIMAX error: 'volume'
2026-07-21 01:47:12,306 - [ERROR] - [GOLD] Strategy VOLUME_CLIMAX error: 'volume'
2026-07-21 01:47:13,729 - [ERROR] - [GOLD] Strategy VOLUME_CLIMAX error: 'volume'
2026-07-21 01:47:15,143 - [ERROR] - [GOLD] Strategy VOLUME_CLIMAX error: 'volume'
2026-07-21 01:47:16,565 - [ERROR] - [GOLD] Strategy VOLUME_CLIMAX error: 'volume'
2026-07-21 01:47:18,006 - [ERROR] - [GOLD] Strategy VOLUME_CLIMAX error: 'volume'
2026-07-21 01:47:19,435 - [ERROR] - [GOLD] Strategy VOLUME_CLIMAX error: 'volume'
2026-07-21 01:47:20,863 - [ERROR] - [GOLD] Strategy VOLUME_CLIMAX error: 'volume'
2026-07-21 01:47:22,287 - [ERROR] - [GOLD] Strategy VOLUME_CLIMAX error: 'volume'
2026-07-21 01:47:23,715 - [ERROR] - [GOLD] Strategy VOLUME_CLIMAX error: 'volume'
2026-07-21 01:47:25,143 - [ERROR] - [GOLD] Strategy VOLUME_CLIMAX error: 'volume'
2026-07-21 01:47:26,581 - [ERROR] - [GOLD] Strategy VOLUME_CLIMAX error: 'volume'
2026-07-21 01:47:28,036 - [ERROR] - [GOLD] Strategy VOLUME_CLIMAX error: 'volume'
2026-07-21 01:47:29,520 - [ERROR] - [GOLD] Strategy VOLUME_CLIMAX error: 'volume'
2026-07-21 01:47:31,013 - [ERROR] - [GOLD] Strategy VOLUME_CLIMAX error: 'volume'
2026-07-21 01:47:32,547 - [ERROR] - [GOLD] Strategy VOLUME_CLIMAX error: 'volume'
2026-07-21 01:47:34,101 - [ERROR] - [GOLD] Strategy VOLUME_CLIMAX error: 'volume'
2026-07-21 01:47:35,706 - [ERROR] - [GOLD] Strategy VOLUME_CLIMAX error: 'volume'
2026-07-21 01:47:37,301 - [ERROR] - [GOLD] Strategy VOLUME_CLIMAX error: 'volume'
2026-07-21 01:47:38,837 - [ERROR] - [GOLD] Strategy VOLUME_CLIMAX error: 'volume'
2026-07-21 01:47:40,365 - [ERROR] - [GOLD] Strategy VOLUME_CLIMAX error: 'volume'
2026-07-21 01:47:41,873 - [ERROR] - [GOLD] Strategy VOLUME_CLIMAX error: 'volume'
2026-07-21 01:47:43,399 - [ERROR] - [GOLD] Strategy VOLUME_CLIMAX error: 'volume'
2026-07-21 01:47:44,912 - [ERROR] - [GOLD] Strategy VOLUME_CLIMAX error: 'volume'
2026-07-21 01:47:46,396 - [ERROR] - [GOLD] Strategy VOLUME_CLIMAX error: 'volume'
2026-07-21 01:47:47,899 - [ERROR] - [GOLD] Strategy VOLUME_CLIMAX error: 'volume'
2026-07-21 01:47:49,398 - [ERROR] - [GOLD] Strategy VOLUME_CLIMAX error: 'volume'
2026-07-21 01:47:50,907 - [ERROR] - [GOLD] Strategy VOLUME_CLIMAX error: 'volume'
2026-07-21 01:47:52,408 - [ERROR] - [GOLD] Strategy VOLUME_CLIMAX error: 'volume'
2026-07-21 01:47:53,905 - [ERROR] - [GOLD] Strategy VOLUME_CLIMAX error: 'volume'
2026-07-21 01:47:55,396 - [ERROR] - [GOLD] Strategy VOLUME_CLIMAX error: 'volume'
2026-07-21 01:47:56,886 - [ERROR] - [GOLD] Strategy VOLUME_CLIMAX error: 'volume'
2026-07-21 01:47:58,362 - [ERROR] - [GOLD] Strategy VOLUME_CLIMAX error: 'volume'
2026-07-21 01:47:59,832 - [ERROR] - [GOLD] Strategy VOLUME_CLIMAX error: 'volume'
2026-07-21 01:48:01,280 - [ERROR] - [GOLD] Strategy VOLUME_CLIMAX error: 'volume'
2026-07-21 01:48:02,818 - [ERROR] - [GOLD] Strategy VOLUME_CLIMAX error: 'volume'
2026-07-21 01:48:04,326 - [ERROR] - [GOLD] Strategy VOLUME_CLIMAX error: 'volume'
2026-07-21 01:48:05,871 - [ERROR] - [GOLD] Strategy VOLUME_CLIMAX error: 'volume'
2026-07-21 01:48:07,422 - [ERROR] - [GOLD] Strategy VOLUME_CLIMAX error: 'volume'
2026-07-21 01:48:09,040 - [ERROR] - [GOLD] Strategy VOLUME_CLIMAX error: 'volume'
2026-07-21 01:48:10,627 - [ERROR] - [GOLD] Strategy VOLUME_CLIMAX error: 'volume'
2026-07-21 01:48:12,249 - [ERROR] - [GOLD] Strategy VOLUME_CLIMAX error: 'volume'
2026-07-21 01:48:13,879 - [ERROR] - [GOLD] Strategy VOLUME_CLIMAX error: 'volume'
2026-07-21 01:48:15,553 - [ERROR] - [GOLD] Strategy VOLUME_CLIMAX error: 'volume'
2026-07-21 01:48:17,236 - [ERROR] - [GOLD] Strategy VOLUME_CLIMAX error: 'volume'
2026-07-21 01:48:18,923 - [ERROR] - [GOLD] Strategy VOLUME_CLIMAX error: 'volume'
2026-07-21 01:48:20,569 - [ERROR] - [GOLD] Strategy VOLUME_CLIMAX error: 'volume'
2026-07-21 01:48:22,160 - [ERROR] - [GOLD] Strategy VOLUME_CLIMAX error: 'volume'
2026-07-21 01:48:23,730 - [ERROR] - [GOLD] Strategy VOLUME_CLIMAX error: 'volume'
2026-07-21 01:48:25,325 - [ERROR] - [GOLD] Strategy VOLUME_CLIMAX error: 'volume'
2026-07-21 01:48:26,969 - [ERROR] - [GOLD] Strategy VOLUME_CLIMAX error: 'volume'
2026-07-21 01:48:28,844 - [ERROR] - [GOLD] Strategy VOLUME_CLIMAX error: 'volume'
2026-07-21 01:48:30,591 - [ERROR] - [GOLD] Strategy VOLUME_CLIMAX error: 'volume'
2026-07-21 01:48:32,317 - [ERROR] - [GOLD] Strategy VOLUME_CLIMAX error: 'volume'
2026-07-21 01:48:34,043 - [ERROR] - [GOLD] Strategy VOLUME_CLIMAX error: 'volume'
2026-07-21 01:48:35,745 - [ERROR] - [GOLD] Strategy VOLUME_CLIMAX error: 'volume'
2026-07-21 01:48:37,407 - [ERROR] - [GOLD] Strategy VOLUME_CLIMAX error: 'volume'
2026-07-21 01:48:39,016 - [ERROR] - [GOLD] Strategy VOLUME_CLIMAX error: 'volume'
2026-07-21 01:48:40,622 - [ERROR] - [GOLD] Strategy VOLUME_CLIMAX error: 'volume'
2026-07-21 01:48:42,207 - [ERROR] - [GOLD] Strategy VOLUME_CLIMAX error: 'volume'
2026-07-21 01:48:43,693 - [ERROR] - [GOLD] Strategy VOLUME_CLIMAX error: 'volume'
2026-07-21 01:48:45,138 - [ERROR] - [GOLD] Strategy VOLUME_CLIMAX error: 'volume'
2026-07-21 01:48:46,525 - [ERROR] - [GOLD] Strategy VOLUME_CLIMAX error: 'volume'
2026-07-21 01:48:47,878 - [ERROR] - [GOLD] Strategy VOLUME_CLIMAX error: 'volume'
2026-07-21 01:48:49,224 - [ERROR] - [GOLD] Strategy VOLUME_CLIMAX error: 'volume'
2026-07-21 01:48:50,594 - [ERROR] - [GOLD] Strategy VOLUME_CLIMAX error: 'volume'
2026-07-21 01:48:51,940 - [ERROR] - [GOLD] Strategy VOLUME_CLIMAX error: 'volume'
2026-07-21 01:48:53,287 - [ERROR] - [GOLD] Strategy VOLUME_CLIMAX error: 'volume'
2026-07-21 01:48:54,629 - [ERROR] - [GOLD] Strategy VOLUME_CLIMAX error: 'volume'
2026-07-21 01:48:55,976 - [ERROR] - [GOLD] Strategy VOLUME_CLIMAX error: 'volume'
2026-07-21 01:48:57,323 - [ERROR] - [GOLD] Strategy VOLUME_CLIMAX error: 'volume'
2026-07-21 01:48:58,668 - [ERROR] - [GOLD] Strategy VOLUME_CLIMAX error: 'volume'
2026-07-21 01:49:00,008 - [ERROR] - [GOLD] Strategy VOLUME_CLIMAX error: 'volume'
2026-07-21 01:49:01,353 - [ERROR] - [GOLD] Strategy VOLUME_CLIMAX error: 'volume'
2026-07-21 01:49:02,698 - [ERROR] - [GOLD] Strategy VOLUME_CLIMAX error: 'volume'
2026-07-21 01:49:04,046 - [ERROR] - [GOLD] Strategy VOLUME_CLIMAX error: 'volume'
2026-07-21 01:49:05,396 - [ERROR] - [GOLD] Strategy VOLUME_CLIMAX error: 'volume'
2026-07-21 01:49:06,744 - [ERROR] - [GOLD] Strategy VOLUME_CLIMAX error: 'volume'
2026-07-21 01:49:08,094 - [ERROR] - [GOLD] Strategy VOLUME_CLIMAX error: 'volume'
2026-07-21 01:49:09,439 - [ERROR] - [GOLD] Strategy VOLUME_CLIMAX error: 'volume'
2026-07-21 01:49:10,787 - [ERROR] - [GOLD] Strategy VOLUME_CLIMAX error: 'volume'
2026-07-21 01:49:12,138 - [ERROR] - [GOLD] Strategy VOLUME_CLIMAX error: 'volume'
2026-07-21 01:49:13,484 - [ERROR] - [GOLD] Strategy VOLUME_CLIMAX error: 'volume'
2026-07-21 01:49:14,838 - [ERROR] - [GOLD] Strategy VOLUME_CLIMAX error: 'volume'
2026-07-21 01:49:16,191 - [ERROR] - [GOLD] Strategy VOLUME_CLIMAX error: 'volume'
2026-07-21 01:49:17,539 - [ERROR] - [GOLD] Strategy VOLUME_CLIMAX error: 'volume'
2026-07-21 01:49:18,892 - [ERROR] - [GOLD] Strategy VOLUME_CLIMAX error: 'volume'
2026-07-21 01:49:20,244 - [ERROR] - [GOLD] Strategy VOLUME_CLIMAX error: 'volume'
2026-07-21 01:49:21,592 - [ERROR] - [GOLD] Strategy VOLUME_CLIMAX error: 'volume'
2026-07-21 01:49:22,941 - [ERROR] - [GOLD] Strategy VOLUME_CLIMAX error: 'volume'
2026-07-21 01:49:24,296 - [ERROR] - [GOLD] Strategy VOLUME_CLIMAX error: 'volume'
2026-07-21 01:49:25,641 - [ERROR] - [GOLD] Strategy VOLUME_CLIMAX error: 'volume'
2026-07-21 01:49:26,989 - [ERROR] - [GOLD] Strategy VOLUME_CLIMAX error: 'volume'
2026-07-21 01:49:28,377 - [ERROR] - [GOLD] Strategy VOLUME_CLIMAX error: 'volume'
2026-07-21 01:49:29,719 - [ERROR] - [GOLD] Strategy VOLUME_CLIMAX error: 'volume'
2026-07-21 01:49:31,061 - [ERROR] - [GOLD] Strategy VOLUME_CLIMAX error: 'volume'
2026-07-21 01:49:32,426 - [ERROR] - [GOLD] Strategy VOLUME_CLIMAX error: 'volume'
2026-07-21 01:49:33,780 - [ERROR] - [GOLD] Strategy VOLUME_CLIMAX error: 'volume'
2026-07-21 01:49:35,123 - [ERROR] - [GOLD] Strategy VOLUME_CLIMAX error: 'volume'
2026-07-21 01:49:36,463 - [ERROR] - [GOLD] Strategy VOLUME_CLIMAX error: 'volume'
2026-07-21 01:49:37,807 - [ERROR] - [GOLD] Strategy VOLUME_CLIMAX error: 'volume'
2026-07-21 01:49:39,149 - [ERROR] - [GOLD] Strategy VOLUME_CLIMAX error: 'volume'
2026-07-21 01:49:40,497 - [ERROR] - [GOLD] Strategy VOLUME_CLIMAX error: 'volume'
2026-07-21 01:49:41,844 - [ERROR] - [GOLD] Strategy VOLUME_CLIMAX error: 'volume'
2026-07-21 01:49:43,194 - [ERROR] - [GOLD] Strategy VOLUME_CLIMAX error: 'volume'
2026-07-21 01:49:44,550 - [ERROR] - [GOLD] Strategy VOLUME_CLIMAX error: 'volume'
2026-07-21 01:49:45,902 - [ERROR] - [GOLD] Strategy VOLUME_CLIMAX error: 'volume'
2026-07-21 01:49:47,265 - [ERROR] - [GOLD] Strategy VOLUME_CLIMAX error: 'volume'
2026-07-21 01:49:48,642 - [ERROR] - [GOLD] Strategy VOLUME_CLIMAX error: 'volume'
2026-07-21 01:49:50,008 - [ERROR] - [GOLD] Strategy VOLUME_CLIMAX error: 'volume'
2026-07-21 01:49:51,377 - [ERROR] - [GOLD] Strategy VOLUME_CLIMAX error: 'volume'
2026-07-21 01:49:52,741 - [ERROR] - [GOLD] Strategy VOLUME_CLIMAX error: 'volume'
2026-07-21 01:49:54,092 - [ERROR] - [GOLD] Strategy VOLUME_CLIMAX error: 'volume'
2026-07-21 01:49:55,463 - [ERROR] - [GOLD] Strategy VOLUME_CLIMAX error: 'volume'
2026-07-21 01:49:56,818 - [ERROR] - [GOLD] Strategy VOLUME_CLIMAX error: 'volume'
2026-07-21 01:49:58,176 - [ERROR] - [GOLD] Strategy VOLUME_CLIMAX error: 'volume'
2026-07-21 01:49:59,531 - [ERROR] - [GOLD] Strategy VOLUME_CLIMAX error: 'volume'
2026-07-21 01:50:00,894 - [ERROR] - [GOLD] Strategy VOLUME_CLIMAX error: 'volume'
2026-07-21 01:50:02,267 - [ERROR] - [GOLD] Strategy VOLUME_CLIMAX error: 'volume'
2026-07-21 01:50:03,635 - [ERROR] - [GOLD] Strategy VOLUME_CLIMAX error: 'volume'
2026-07-21 01:50:04,987 - [ERROR] - [GOLD] Strategy VOLUME_CLIMAX error: 'volume'
2026-07-21 01:50:06,336 - [ERROR] - [GOLD] Strategy VOLUME_CLIMAX error: 'volume'
2026-07-21 01:50:07,686 - [ERROR] - [GOLD] Strategy VOLUME_CLIMAX error: 'volume'
2026-07-21 01:50:09,036 - [ERROR] - [GOLD] Strategy VOLUME_CLIMAX error: 'volume'
2026-07-21 01:50:10,387 - [ERROR] - [GOLD] Strategy VOLUME_CLIMAX error: 'volume'
2026-07-21 01:50:11,731 - [ERROR] - [GOLD] Strategy VOLUME_CLIMAX error: 'volume'
2026-07-21 01:50:13,079 - [ERROR] - [GOLD] Strategy VOLUME_CLIMAX error: 'volume'
2026-07-21 01:50:14,431 - [ERROR] - [GOLD] Strategy VOLUME_CLIMAX error: 'volume'
2026-07-21 01:50:15,776 - [ERROR] - [GOLD] Strategy VOLUME_CLIMAX error: 'volume'
2026-07-21 01:50:17,110 - [WARNING] - [GOLD] \U0001f6a8 Spread Protection: Live Spread (59) > Max Allowable (40). Trade Aborted.
2026-07-21 01:52:17,813 - [WARNING] - [GOLD] \U0001f6a8 Spread Protection: Live Spread (59) > Max Allowable (40). Trade Aborted.
2026-07-21 01:54:18,403 - [WARNING] - [GOLD] \U0001f6a8 Spread Protection: Live Spread (58) > Max Allowable (40). Trade Aborted.
2026-07-21 01:56:19,161 - [ERROR] - [GOLD] Strategy VOLUME_CLIMAX error: 'volume'
2026-07-21 01:56:20,968 - [ERROR] - [GOLD] Strategy VOLUME_CLIMAX error: 'volume'
2026-07-21 01:56:22,608 - [ERROR] - [GOLD] Strategy VOLUME_CLIMAX error: 'volume'
2026-07-21 01:56:23,965 - [ERROR] - [GOLD] Strategy VOLUME_CLIMAX error: 'volume'
2026-07-21 01:56:25,482 - [ERROR] - [GOLD] Strategy VOLUME_CLIMAX error: 'volume'
2026-07-21 01:56:27,078 - [ERROR] - [GOLD] Strategy VOLUME_CLIMAX error: 'volume'
2026-07-21 01:56:28,853 - [ERROR] - [GOLD] Strategy VOLUME_CLIMAX error: 'volume'
2026-07-21 01:56:30,568 - [ERROR] - [GOLD] Strategy VOLUME_CLIMAX error: 'volume'
2026-07-21 01:56:32,204 - [ERROR] - [GOLD] Strategy VOLUME_CLIMAX error: 'volume'
2026-07-21 01:56:33,748 - [ERROR] - [GOLD] Strategy VOLUME_CLIMAX error: 'volume'
2026-07-21 01:56:35,263 - [ERROR] - [GOLD] Strategy VOLUME_CLIMAX error: 'volume'
2026-07-21 01:56:36,707 - [ERROR] - [GOLD] Strategy VOLUME_CLIMAX error: 'volume'
2026-07-21 01:56:38,120 - [ERROR] - [GOLD] Strategy VOLUME_CLIMAX error: 'volume'
2026-07-21 01:56:39,527 - [ERROR] - [GOLD] Strategy VOLUME_CLIMAX error: 'volume'
2026-07-21 01:56:40,912 - [ERROR] - [GOLD] Strategy VOLUME_CLIMAX error: 'volume'
2026-07-21 01:56:42,274 - [ERROR] - [GOLD] Strategy VOLUME_CLIMAX error: 'volume'
2026-07-21 01:56:43,623 - [ERROR] - [GOLD] Strategy VOLUME_CLIMAX error: 'volume'
2026-07-21 01:56:44,963 - [ERROR] - [GOLD] Strategy VOLUME_CLIMAX error: 'volume'
2026-07-21 01:56:46,305 - [ERROR] - [GOLD] Strategy VOLUME_CLIMAX error: 'volume'
2026-07-21 01:56:47,649 - [ERROR] - [GOLD] Strategy VOLUME_CLIMAX error: 'volume'
2026-07-21 01:56:49,006 - [ERROR] - [GOLD] Strategy VOLUME_CLIMAX error: 'volume'
2026-07-21 01:56:50,357 - [ERROR] - [GOLD] Strategy VOLUME_CLIMAX error: 'volume'
2026-07-21 01:56:51,706 - [ERROR] - [GOLD] Strategy VOLUME_CLIMAX error: 'volume'
2026-07-21 01:56:53,062 - [ERROR] - [GOLD] Strategy VOLUME_CLIMAX error: 'volume'
2026-07-21 01:56:54,415 - [ERROR] - [GOLD] Strategy VOLUME_CLIMAX error: 'volume'
2026-07-21 01:56:55,769 - [ERROR] - [GOLD] Strategy VOLUME_CLIMAX error: 'volume'
2026-07-21 01:56:57,123 - [ERROR] - [GOLD] Strategy VOLUME_CLIMAX error: 'volume'
2026-07-21 01:56:58,471 - [ERROR] - [GOLD] Strategy VOLUME_CLIMAX error: 'volume'
2026-07-21 01:56:59,821 - [ERROR] - [GOLD] Strategy VOLUME_CLIMAX error: 'volume'
2026-07-21 01:57:01,174 - [ERROR] - [GOLD] Strategy VOLUME_CLIMAX error: 'volume'
2026-07-21 01:57:02,522 - [ERROR] - [GOLD] Strategy VOLUME_CLIMAX error: 'volume'
2026-07-21 01:57:03,867 - [ERROR] - [GOLD] Strategy VOLUME_CLIMAX error: 'volume'
2026-07-21 01:57:05,220 - [ERROR] - [GOLD] Strategy VOLUME_CLIMAX error: 'volume'
2026-07-21 01:57:06,572 - [ERROR] - [GOLD] Strategy VOLUME_CLIMAX error: 'volume'
2026-07-21 01:57:07,926 - [ERROR] - [GOLD] Strategy VOLUME_CLIMAX error: 'volume'
2026-07-21 01:57:09,278 - [ERROR] - [GOLD] Strategy VOLUME_CLIMAX error: 'volume'
2026-07-21 01:57:10,640 - [ERROR] - [GOLD] Strategy VOLUME_CLIMAX error: 'volume'
2026-07-21 01:57:11,987 - [ERROR] - [GOLD] Strategy VOLUME_CLIMAX error: 'volume'
2026-07-21 01:57:13,341 - [ERROR] - [GOLD] Strategy VOLUME_CLIMAX error: 'volume'
2026-07-21 01:57:14,693 - [ERROR] - [GOLD] Strategy VOLUME_CLIMAX error: 'volume'
2026-07-21 01:57:16,041 - [ERROR] - [GOLD] Strategy VOLUME_CLIMAX error: 'volume'
2026-07-21 01:57:17,392 - [ERROR] - [GOLD] Strategy VOLUME_CLIMAX error: 'volume'
2026-07-21 01:57:18,740 - [ERROR] - [GOLD] Strategy VOLUME_CLIMAX error: 'volume'
2026-07-21 01:57:20,091 - [ERROR] - [GOLD] Strategy VOLUME_CLIMAX error: 'volume'
2026-07-21 01:57:21,440 - [ERROR] - [GOLD] Strategy VOLUME_CLIMAX error: 'volume'
2026-07-21 01:57:22,809 - [ERROR] - [GOLD] Strategy VOLUME_CLIMAX error: 'volume'
2026-07-21 01:57:24,162 - [ERROR] - [GOLD] Strategy VOLUME_CLIMAX error: 'volume'
2026-07-21 01:57:25,504 - [ERROR] - [GOLD] Strategy VOLUME_CLIMAX error: 'volume'
2026-07-21 01:57:26,846 - [ERROR] - [GOLD] Strategy VOLUME_CLIMAX error: 'volume'
2026-07-21 01:57:28,198 - [ERROR] - [GOLD] Strategy VOLUME_CLIMAX error: 'volume'
2026-07-21 01:57:29,545 - [ERROR] - [GOLD] Strategy VOLUME_CLIMAX error: 'volume'
2026-07-21 01:57:30,883 - [ERROR] - [GOLD] Strategy VOLUME_CLIMAX error: 'volume'
2026-07-21 01:57:32,218 - [ERROR] - [GOLD] Strategy VOLUME_CLIMAX error: 'volume'
2026-07-21 01:57:33,772 - [ERROR] - [GOLD] Strategy VOLUME_CLIMAX error: 'volume'
2026-07-21 01:57:35,118 - [ERROR] - [GOLD] Strategy VOLUME_CLIMAX error: 'volume'
2026-07-21 01:57:36,468 - [ERROR] - [GOLD] Strategy VOLUME_CLIMAX error: 'volume'
2026-07-21 01:57:37,819 - [ERROR] - [GOLD] Strategy VOLUME_CLIMAX error: 'volume'
2026-07-21 01:57:39,178 - [ERROR] - [GOLD] Strategy VOLUME_CLIMAX error: 'volume'
2026-07-21 01:57:40,520 - [ERROR] - [GOLD] Strategy VOLUME_CLIMAX error: 'volume'
2026-07-21 01:57:41,867 - [ERROR] - [GOLD] Strategy VOLUME_CLIMAX error: 'volume'
2026-07-21 01:57:43,220 - [ERROR] - [GOLD] Strategy VOLUME_CLIMAX error: 'volume'
2026-07-21 01:57:44,564 - [ERROR] - [GOLD] Strategy VOLUME_CLIMAX error: 'volume'
2026-07-21 01:57:45,941 - [ERROR] - [GOLD] Strategy VOLUME_CLIMAX error: 'volume'
2026-07-21 01:57:47,353 - [ERROR] - [GOLD] Strategy VOLUME_CLIMAX error: 'volume'
2026-07-21 01:57:48,743 - [ERROR] - [GOLD] Strategy VOLUME_CLIMAX error: 'volume'
2026-07-21 01:57:50,086 - [ERROR] - [GOLD] Strategy VOLUME_CLIMAX error: 'volume'
2026-07-21 01:57:51,426 - [ERROR] - [GOLD] Strategy VOLUME_CLIMAX error: 'volume'
2026-07-21 01:57:52,766 - [ERROR] - [GOLD] Strategy VOLUME_CLIMAX error: 'volume'
2026-07-21 01:57:54,120 - [ERROR] - [GOLD] Strategy VOLUME_CLIMAX error: 'volume'
2026-07-21 01:57:55,468 - [ERROR] - [GOLD] Strategy VOLUME_CLIMAX error: 'volume'
2026-07-21 01:57:56,827 - [ERROR] - [GOLD] Strategy VOLUME_CLIMAX error: 'volume'
2026-07-21 01:57:58,186 - [ERROR] - [GOLD] Strategy VOLUME_CLIMAX error: 'volume'
2026-07-21 01:57:59,536 - [ERROR] - [GOLD] Strategy VOLUME_CLIMAX error: 'volume'
2026-07-21 01:58:00,878 - [ERROR] - [GOLD] Strategy VOLUME_CLIMAX error: 'volume'
2026-07-21 01:58:02,228 - [ERROR] - [GOLD] Strategy VOLUME_CLIMAX error: 'volume'
2026-07-21 01:58:03,574 - [ERROR] - [GOLD] Strategy VOLUME_CLIMAX error: 'volume'
2026-07-21 01:58:04,914 - [ERROR] - [GOLD] Strategy VOLUME_CLIMAX error: 'volume'
2026-07-21 01:58:06,251 - [ERROR] - [GOLD] Strategy VOLUME_CLIMAX error: 'volume'
2026-07-21 01:58:07,599 - [ERROR] - [GOLD] Strategy VOLUME_CLIMAX error: 'volume'
2026-07-21 01:58:08,996 - [ERROR] - [GOLD] Strategy VOLUME_CLIMAX error: 'volume'
2026-07-21 01:58:10,335 - [ERROR] - [GOLD] Strategy VOLUME_CLIMAX error: 'volume'
2026-07-21 01:58:11,678 - [ERROR] - [GOLD] Strategy VOLUME_CLIMAX error: 'volume'
2026-07-21 01:58:13,051 - [ERROR] - [GOLD] Strategy VOLUME_CLIMAX error: 'volume'
2026-07-21 01:58:14,477 - [ERROR] - [GOLD] Strategy VOLUME_CLIMAX error: 'volume'
2026-07-21 01:58:15,870 - [ERROR] - [GOLD] Strategy VOLUME_CLIMAX error: 'volume'
2026-07-21 01:58:17,236 - [ERROR] - [GOLD] Strategy VOLUME_CLIMAX error: 'volume'
2026-07-21 01:58:18,580 - [ERROR] - [GOLD] Strategy VOLUME_CLIMAX error: 'volume'
2026-07-21 01:58:19,925 - [ERROR] - [GOLD] Strategy VOLUME_CLIMAX error: 'volume'
2026-07-21 01:58:21,267 - [ERROR] - [GOLD] Strategy VOLUME_CLIMAX error: 'volume'
2026-07-21 01:58:22,615 - [ERROR] - [GOLD] Strategy VOLUME_CLIMAX error: 'volume'
2026-07-21 01:58:23,957 - [ERROR] - [GOLD] Strategy VOLUME_CLIMAX error: 'volume'
2026-07-21 01:58:25,304 - [ERROR] - [GOLD] Strategy VOLUME_CLIMAX error: 'volume'
2026-07-21 01:58:26,646 - [ERROR] - [GOLD] Strategy VOLUME_CLIMAX error: 'volume'
2026-07-21 01:58:27,990 - [ERROR] - [GOLD] Strategy VOLUME_CLIMAX error: 'volume'
2026-07-21 01:58:29,343 - [ERROR] - [GOLD] Strategy VOLUME_CLIMAX error: 'volume'
2026-07-21 01:58:30,697 - [ERROR] - [GOLD] Strategy VOLUME_CLIMAX error: 'volume'
2026-07-21 01:58:32,041 - [ERROR] - [GOLD] Strategy VOLUME_CLIMAX error: 'volume'
2026-07-21 01:58:33,386 - [ERROR] - [GOLD] Strategy VOLUME_CLIMAX error: 'volume'
2026-07-21 01:58:34,735 - [ERROR] - [GOLD] Strategy VOLUME_CLIMAX error: 'volume'
2026-07-21 01:58:36,072 - [ERROR] - [GOLD] Strategy VOLUME_CLIMAX error: 'volume'
2026-07-21 01:58:37,411 - [ERROR] - [GOLD] Strategy VOLUME_CLIMAX error: 'volume'
2026-07-21 01:58:38,771 - [ERROR] - [GOLD] Strategy VOLUME_CLIMAX error: 'volume'
2026-07-21 01:58:40,111 - [ERROR] - [GOLD] Strategy VOLUME_CLIMAX error: 'volume'
2026-07-21 01:58:41,457 - [ERROR] - [GOLD] Strategy VOLUME_CLIMAX error: 'volume'
2026-07-21 01:58:42,803 - [ERROR] - [GOLD] Strategy VOLUME_CLIMAX error: 'volume'
2026-07-21 01:58:44,142 - [ERROR] - [GOLD] Strategy VOLUME_CLIMAX error: 'volume'
2026-07-21 01:58:45,481 - [ERROR] - [GOLD] Strategy VOLUME_CLIMAX error: 'volume'
2026-07-21 01:58:46,828 - [ERROR] - [GOLD] Strategy VOLUME_CLIMAX error: 'volume'
2026-07-21 01:58:48,191 - [ERROR] - [GOLD] Strategy VOLUME_CLIMAX error: 'volume'
2026-07-21 01:58:49,569 - [ERROR] - [GOLD] Strategy VOLUME_CLIMAX error: 'volume'
2026-07-21 01:58:50,913 - [ERROR] - [GOLD] Strategy VOLUME_CLIMAX error: 'volume'
2026-07-21 01:58:52,258 - [ERROR] - [GOLD] Strategy VOLUME_CLIMAX error: 'volume'
2026-07-21 01:58:53,603 - [ERROR] - [GOLD] Strategy VOLUME_CLIMAX error: 'volume'
2026-07-21 01:58:54,947 - [ERROR] - [GOLD] Strategy VOLUME_CLIMAX error: 'volume'
2026-07-21 01:58:56,296 - [ERROR] - [GOLD] Strategy VOLUME_CLIMAX error: 'volume'
2026-07-21 01:58:57,651 - [ERROR] - [GOLD] Strategy VOLUME_CLIMAX error: 'volume'
2026-07-21 01:58:59,003 - [ERROR] - [GOLD] Strategy VOLUME_CLIMAX error: 'volume'
2026-07-21 01:59:00,363 - [ERROR] - [GOLD] Strategy VOLUME_CLIMAX error: 'volume'
2026-07-21 01:59:01,717 - [ERROR] - [GOLD] Strategy VOLUME_CLIMAX error: 'volume'
2026-07-21 01:59:03,071 - [ERROR] - [GOLD] Strategy VOLUME_CLIMAX error: 'volume'
2026-07-21 01:59:04,420 - [ERROR] - [GOLD] Strategy VOLUME_CLIMAX error: 'volume'
2026-07-21 01:59:05,773 - [ERROR] - [GOLD] Strategy VOLUME_CLIMAX error: 'volume'
2026-07-21 01:59:07,115 - [ERROR] - [GOLD] Strategy VOLUME_CLIMAX error: 'volume'
2026-07-21 01:59:08,461 - [ERROR] - [GOLD] Strategy VOLUME_CLIMAX error: 'volume'
2026-07-21 01:59:09,830 - [ERROR] - [GOLD] Strategy VOLUME_CLIMAX error: 'volume'
2026-07-21 01:59:11,182 - [ERROR] - [GOLD] Strategy VOLUME_CLIMAX error: 'volume'
2026-07-21 01:59:12,531 - [ERROR] - [GOLD] Strategy VOLUME_CLIMAX error: 'volume'
2026-07-21 01:59:13,873 - [ERROR] - [GOLD] Strategy VOLUME_CLIMAX error: 'volume'
2026-07-21 01:59:15,216 - [ERROR] - [GOLD] Strategy VOLUME_CLIMAX error: 'volume'
2026-07-21 01:59:16,557 - [ERROR] - [GOLD] Strategy VOLUME_CLIMAX error: 'volume'
2026-07-21 01:59:17,923 - [ERROR] - [GOLD] Strategy VOLUME_CLIMAX error: 'volume'
2026-07-21 01:59:19,270 - [ERROR] - [GOLD] Strategy VOLUME_CLIMAX error: 'volume'
2026-07-21 01:59:20,612 - [ERROR] - [GOLD] Strategy VOLUME_CLIMAX error: 'volume'
2026-07-21 01:59:21,957 - [ERROR] - [GOLD] Strategy VOLUME_CLIMAX error: 'volume'
2026-07-21 01:59:23,299 - [ERROR] - [GOLD] Strategy VOLUME_CLIMAX error: 'volume'
2026-07-21 01:59:24,637 - [ERROR] - [GOLD] Strategy VOLUME_CLIMAX error: 'volume'
2026-07-21 01:59:25,982 - [ERROR] - [GOLD] Strategy VOLUME_CLIMAX error: 'volume'
2026-07-21 01:59:27,342 - [ERROR] - [GOLD] Strategy VOLUME_CLIMAX error: 'volume'
2026-07-21 01:59:28,748 - [ERROR] - [GOLD] Strategy VOLUME_CLIMAX error: 'volume'
2026-07-21 01:59:30,110 - [ERROR] - [GOLD] Strategy VOLUME_CLIMAX error: 'volume'
2026-07-21 01:59:31,452 - [ERROR] - [GOLD] Strategy VOLUME_CLIMAX error: 'volume'
2026-07-21 01:59:32,801 - [ERROR] - [GOLD] Strategy VOLUME_CLIMAX error: 'volume'
2026-07-21 01:59:34,162 - [ERROR] - [GOLD] Strategy VOLUME_CLIMAX error: 'volume'
2026-07-21 01:59:35,505 - [ERROR] - [GOLD] Strategy VOLUME_CLIMAX error: 'volume'
2026-07-21 01:59:36,849 - [ERROR] - [GOLD] Strategy VOLUME_CLIMAX error: 'volume'
2026-07-21 01:59:38,196 - [ERROR] - [GOLD] Strategy VOLUME_CLIMAX error: 'volume'
2026-07-21 01:59:39,541 - [ERROR] - [GOLD] Strategy VOLUME_CLIMAX error: 'volume'
2026-07-21 01:59:40,894 - [ERROR] - [GOLD] Strategy VOLUME_CLIMAX error: 'volume'
2026-07-21 01:59:42,230 - [ERROR] - [GOLD] Strategy VOLUME_CLIMAX error: 'volume'
2026-07-21 01:59:43,584 - [ERROR] - [GOLD] Strategy VOLUME_CLIMAX error: 'volume'
2026-07-21 01:59:44,930 - [ERROR] - [GOLD] Strategy VOLUME_CLIMAX error: 'volume'
2026-07-21 01:59:46,285 - [ERROR] - [GOLD] Strategy VOLUME_CLIMAX error: 'volume'
2026-07-21 01:59:47,637 - [ERROR] - [GOLD] Strategy VOLUME_CLIMAX error: 'volume'
2026-07-21 01:59:49,012 - [ERROR] - [GOLD] Strategy VOLUME_CLIMAX error: 'volume'
2026-07-21 01:59:50,381 - [ERROR] - [GOLD] Strategy VOLUME_CLIMAX error: 'volume'
2026-07-21 01:59:51,734 - [ERROR] - [GOLD] Strategy VOLUME_CLIMAX error: 'volume'
2026-07-21 01:59:53,075 - [ERROR] - [GOLD] Strategy VOLUME_CLIMAX error: 'volume'
2026-07-21 01:59:54,421 - [ERROR] - [GOLD] Strategy VOLUME_CLIMAX error: 'volume'
2026-07-21 01:59:55,766 - [ERROR] - [GOLD] Strategy VOLUME_CLIMAX error: 'volume'
2026-07-21 01:59:57,113 - [ERROR] - [GOLD] Strategy VOLUME_CLIMAX error: 'volume'
2026-07-21 01:59:58,458 - [ERROR] - [GOLD] Strategy VOLUME_CLIMAX error: 'volume'
2026-07-21 01:59:59,810 - [ERROR] - [GOLD] Strategy VOLUME_CLIMAX error: 'volume'
2026-07-21 02:00:01,153 - [ERROR] - [GOLD] Strategy VOLUME_CLIMAX error: 'volume'
2026-07-21 02:00:02,494 - [ERROR] - [GOLD] Strategy VOLUME_CLIMAX error: 'volume'
2026-07-21 02:00:03,841 - [ERROR] - [GOLD] Strategy VOLUME_CLIMAX error: 'volume'
2026-07-21 02:00:05,223 - [ERROR] - [GOLD] Strategy VOLUME_CLIMAX error: 'volume'
2026-07-21 02:00:06,583 - [ERROR] - [GOLD] Strategy VOLUME_CLIMAX error: 'volume'
2026-07-21 02:00:07,928 - [ERROR] - [GOLD] Strategy VOLUME_CLIMAX error: 'volume'
2026-07-21 02:00:09,282 - [ERROR] - [GOLD] Strategy VOLUME_CLIMAX error: 'volume'
2026-07-21 02:00:10,624 - [ERROR] - [GOLD] Strategy VOLUME_CLIMAX error: 'volume'
2026-07-21 02:00:12,007 - [ERROR] - [GOLD] Strategy VOLUME_CLIMAX error: 'volume'
2026-07-21 02:00:13,387 - [ERROR] - [GOLD] Strategy VOLUME_CLIMAX error: 'volume'
2026-07-21 02:00:14,733 - [ERROR] - [GOLD] Strategy VOLUME_CLIMAX error: 'volume'
2026-07-21 02:00:16,087 - [ERROR] - [GOLD] Strategy VOLUME_CLIMAX error: 'volume'
2026-07-21 02:00:17,432 - [ERROR] - [GOLD] Strategy VOLUME_CLIMAX error: 'volume'
2026-07-21 02:00:18,775 - [ERROR] - [GOLD] Strategy VOLUME_CLIMAX error: 'volume'
2026-07-21 02:00:20,127 - [ERROR] - [GOLD] Strategy VOLUME_CLIMAX error: 'volume'
2026-07-21 02:00:21,486 - [ERROR] - [GOLD] Strategy VOLUME_CLIMAX error: 'volume'
2026-07-21 02:00:22,849 - [ERROR] - [GOLD] Strategy VOLUME_CLIMAX error: 'volume'
2026-07-21 02:00:24,206 - [ERROR] - [GOLD] Strategy VOLUME_CLIMAX error: 'volume'
2026-07-21 02:00:25,550 - [ERROR] - [GOLD] Strategy VOLUME_CLIMAX error: 'volume'
2026-07-21 02:00:26,887 - [ERROR] - [GOLD] Strategy VOLUME_CLIMAX error: 'volume'
2026-07-21 02:00:28,259 - [ERROR] - [GOLD] Strategy VOLUME_CLIMAX error: 'volume'
2026-07-21 02:00:29,620 - [ERROR] - [GOLD] Strategy VOLUME_CLIMAX error: 'volume'
2026-07-21 02:00:30,963 - [ERROR] - [GOLD] Strategy VOLUME_CLIMAX error: 'volume'
2026-07-21 02:00:32,306 - [ERROR] - [GOLD] Strategy VOLUME_CLIMAX error: 'volume'
2026-07-21 02:00:33,651 - [ERROR] - [GOLD] Strategy VOLUME_CLIMAX error: 'volume'
2026-07-21 02:00:34,991 - [ERROR] - [GOLD] Strategy VOLUME_CLIMAX error: 'volume'
2026-07-21 02:00:36,338 - [ERROR] - [GOLD] Strategy VOLUME_CLIMAX error: 'volume'
2026-07-21 02:00:37,680 - [ERROR] - [GOLD] Strategy VOLUME_CLIMAX error: 'volume'
2026-07-21 02:00:39,107 - [ERROR] - [GOLD] Strategy VOLUME_CLIMAX error: 'volume'
2026-07-21 02:00:40,458 - [ERROR] - [GOLD] Strategy VOLUME_CLIMAX error: 'volume'
2026-07-21 02:00:41,803 - [ERROR] - [GOLD] Strategy VOLUME_CLIMAX error: 'volume'
2026-07-21 02:00:43,142 - [ERROR] - [GOLD] Strategy VOLUME_CLIMAX error: 'volume'
2026-07-21 02:00:44,483 - [ERROR] - [GOLD] Strategy VOLUME_CLIMAX error: 'volume'
2026-07-21 02:00:45,832 - [ERROR] - [GOLD] Strategy VOLUME_CLIMAX error: 'volume'
2026-07-21 02:00:47,181 - [ERROR] - [GOLD] Strategy VOLUME_CLIMAX error: 'volume'
2026-07-21 02:00:48,601 - [ERROR] - [GOLD] Strategy VOLUME_CLIMAX error: 'volume'
2026-07-21 02:00:49,980 - [ERROR] - [GOLD] Strategy VOLUME_CLIMAX error: 'volume'
2026-07-21 02:00:51,322 - [ERROR] - [GOLD] Strategy VOLUME_CLIMAX error: 'volume'
2026-07-21 02:00:52,666 - [ERROR] - [GOLD] Strategy VOLUME_CLIMAX error: 'volume'
2026-07-21 02:00:54,005 - [ERROR] - [GOLD] Strategy VOLUME_CLIMAX error: 'volume'
2026-07-21 02:00:55,395 - [ERROR] - [GOLD] Strategy VOLUME_CLIMAX error: 'volume'
2026-07-21 02:00:56,739 - [ERROR] - [GOLD] Strategy VOLUME_CLIMAX error: 'volume'
2026-07-21 02:00:58,088 - [ERROR] - [GOLD] Strategy VOLUME_CLIMAX error: 'volume'
2026-07-21 02:00:59,444 - [ERROR] - [GOLD] Strategy VOLUME_CLIMAX error: 'volume'
2026-07-21 02:01:00,794 - [ERROR] - [GOLD] Strategy VOLUME_CLIMAX error: 'volume'
2026-07-21 02:01:02,152 - [ERROR] - [GOLD] Strategy VOLUME_CLIMAX error: 'volume'
2026-07-21 02:01:03,500 - [ERROR] - [GOLD] Strategy VOLUME_CLIMAX error: 'volume'
2026-07-21 02:01:04,839 - [ERROR] - [GOLD] Strategy VOLUME_CLIMAX error: 'volume'
2026-07-21 02:01:06,189 - [ERROR] - [GOLD] Strategy VOLUME_CLIMAX error: 'volume'
2026-07-21 02:01:07,539 - [ERROR] - [GOLD] Strategy VOLUME_CLIMAX error: 'volume'
2026-07-21 02:01:08,891 - [ERROR] - [GOLD] Strategy VOLUME_CLIMAX error: 'volume'
2026-07-21 02:01:10,267 - [ERROR] - [GOLD] Strategy VOLUME_CLIMAX error: 'volume'
2026-07-21 02:01:11,841 - [ERROR] - [GOLD] Strategy VOLUME_CLIMAX error: 'volume'
2026-07-21 02:01:13,516 - [ERROR] - [GOLD] Strategy VOLUME_CLIMAX error: 'volume'
2026-07-21 02:01:15,144 - [ERROR] - [GOLD] Strategy VOLUME_CLIMAX error: 'volume'
2026-07-21 02:01:16,758 - [ERROR] - [GOLD] Strategy VOLUME_CLIMAX error: 'volume'
2026-07-21 02:01:18,362 - [ERROR] - [GOLD] Strategy VOLUME_CLIMAX error: 'volume'
2026-07-21 02:01:19,902 - [ERROR] - [GOLD] Strategy VOLUME_CLIMAX error: 'volume'
2026-07-21 02:01:21,414 - [ERROR] - [GOLD] Strategy VOLUME_CLIMAX error: 'volume'
2026-07-21 02:01:22,927 - [ERROR] - [GOLD] Strategy VOLUME_CLIMAX error: 'volume'
2026-07-21 02:01:24,296 - [ERROR] - [GOLD] Strategy VOLUME_CLIMAX error: 'volume'
2026-07-21 02:01:25,648 - [ERROR] - [GOLD] Strategy VOLUME_CLIMAX error: 'volume'
2026-07-21 02:01:27,172 - [ERROR] - [GOLD] Strategy VOLUME_CLIMAX error: 'volume'
2026-07-21 02:01:28,638 - [ERROR] - [GOLD] Strategy VOLUME_CLIMAX error: 'volume'
2026-07-21 02:01:30,214 - [ERROR] - [GOLD] Strategy VOLUME_CLIMAX error: 'volume'
2026-07-21 02:01:31,659 - [ERROR] - [GOLD] Strategy VOLUME_CLIMAX error: 'volume'
2026-07-21 02:01:33,061 - [ERROR] - [GOLD] Strategy VOLUME_CLIMAX error: 'volume'
2026-07-21 02:01:34,450 - [ERROR] - [GOLD] Strategy VOLUME_CLIMAX error: 'volume'
2026-07-21 02:01:35,850 - [ERROR] - [GOLD] Strategy VOLUME_CLIMAX error: 'volume'
2026-07-21 02:01:37,222 - [ERROR] - [GOLD] Strategy VOLUME_CLIMAX error: 'volume'
2026-07-21 02:01:38,580 - [ERROR] - [GOLD] Strategy VOLUME_CLIMAX error: 'volume'
2026-07-21 02:01:39,940 - [ERROR] - [GOLD] Strategy VOLUME_CLIMAX error: 'volume'
2026-07-21 02:01:41,305 - [ERROR] - [GOLD] Strategy VOLUME_CLIMAX error: 'volume'
2026-07-21 02:01:42,666 - [ERROR] - [GOLD] Strategy VOLUME_CLIMAX error: 'volume'
2026-07-21 02:01:44,025 - [ERROR] - [GOLD] Strategy VOLUME_CLIMAX error: 'volume'
2026-07-21 02:01:45,379 - [ERROR] - [GOLD] Strategy VOLUME_CLIMAX error: 'volume'
2026-07-21 02:01:46,727 - [ERROR] - [GOLD] Strategy VOLUME_CLIMAX error: 'volume'
2026-07-21 02:01:48,077 - [ERROR] - [GOLD] Strategy VOLUME_CLIMAX error: 'volume'
2026-07-21 02:01:49,434 - [ERROR] - [GOLD] Strategy VOLUME_CLIMAX error: 'volume'
2026-07-21 02:01:50,788 - [ERROR] - [GOLD] Strategy VOLUME_CLIMAX error: 'volume'
2026-07-21 02:01:52,146 - [ERROR] - [GOLD] Strategy VOLUME_CLIMAX error: 'volume'
2026-07-21 02:01:53,496 - [ERROR] - [GOLD] Strategy VOLUME_CLIMAX error: 'volume'
2026-07-21 02:01:54,839 - [ERROR] - [GOLD] Strategy VOLUME_CLIMAX error: 'volume'
2026-07-21 02:01:56,188 - [ERROR] - [GOLD] Strategy VOLUME_CLIMAX error: 'volume'
2026-07-21 02:01:57,532 - [ERROR] - [GOLD] Strategy VOLUME_CLIMAX error: 'volume'
2026-07-21 02:01:58,880 - [ERROR] - [GOLD] Strategy VOLUME_CLIMAX error: 'volume'
2026-07-21 02:02:00,239 - [ERROR] - [GOLD] Strategy VOLUME_CLIMAX error: 'volume'
2026-07-21 02:02:01,590 - [ERROR] - [GOLD] Strategy VOLUME_CLIMAX error: 'volume'
2026-07-21 02:02:02,944 - [ERROR] - [GOLD] Strategy VOLUME_CLIMAX error: 'volume'
2026-07-21 02:02:04,302 - [ERROR] - [GOLD] Strategy VOLUME_CLIMAX error: 'volume'
2026-07-21 02:02:05,664 - [ERROR] - [GOLD] Strategy VOLUME_CLIMAX error: 'volume'
2026-07-21 02:02:07,008 - [ERROR] - [GOLD] Strategy VOLUME_CLIMAX error: 'volume'
2026-07-21 02:02:08,347 - [ERROR] - [GOLD] Strategy VOLUME_CLIMAX error: 'volume'
2026-07-21 02:02:09,693 - [ERROR] - [GOLD] Strategy VOLUME_CLIMAX error: 'volume'
2026-07-21 02:02:11,037 - [ERROR] - [GOLD] Strategy VOLUME_CLIMAX error: 'volume'
2026-07-21 02:02:12,385 - [ERROR] - [GOLD] Strategy VOLUME_CLIMAX error: 'volume'
2026-07-21 02:02:13,736 - [ERROR] - [GOLD] Strategy VOLUME_CLIMAX error: 'volume'
2026-07-21 02:02:15,088 - [ERROR] - [GOLD] Strategy VOLUME_CLIMAX error: 'volume'
2026-07-21 02:02:16,437 - [ERROR] - [GOLD] Strategy VOLUME_CLIMAX error: 'volume'
2026-07-21 02:02:17,780 - [ERROR] - [GOLD] Strategy VOLUME_CLIMAX error: 'volume'
2026-07-21 02:02:19,123 - [ERROR] - [GOLD] Strategy VOLUME_CLIMAX error: 'volume'
2026-07-21 02:02:19,533 - [INFO] - [BTCUSD] Trade in Golden Hour (20 UTC). Targeting 3.0 R:R.
2026-07-21 02:02:19,541 - [ERROR] - [BTCUSD] ML Inference Error: cannot access local variable 'pd' where it is not associated with a value. Proceeding without ML.
2026-07-21 02:02:19,543 - [INFO] - [BTCUSD] Anti-Martingale: 2 Losses in a row! Halving risk to 0.50%
2026-07-21 02:02:19,756 - [INFO] - [BTCUSD] SUCCESS - Opened BUY | Strat: ZERO_HERO | Lot: 0.1 | SL: 65203.79285714286
2026-07-21 02:02:20,461 - [ERROR] - [GOLD] Strategy VOLUME_CLIMAX error: 'volume'
2026-07-21 02:02:21,807 - [ERROR] - [GOLD] Strategy VOLUME_CLIMAX error: 'volume'
2026-07-21 02:02:23,152 - [ERROR] - [GOLD] Strategy VOLUME_CLIMAX error: 'volume'
2026-07-21 02:02:24,493 - [ERROR] - [GOLD] Strategy VOLUME_CLIMAX error: 'volume'
2026-07-21 02:02:25,843 - [ERROR] - [GOLD] Strategy VOLUME_CLIMAX error: 'volume'
2026-07-21 02:02:27,192 - [ERROR] - [GOLD] Strategy VOLUME_CLIMAX error: 'volume'
2026-07-21 02:02:28,538 - [ERROR] - [GOLD] Strategy VOLUME_CLIMAX error: 'volume'
2026-07-21 02:02:29,886 - [ERROR] - [GOLD] Strategy VOLUME_CLIMAX error: 'volume'
2026-07-21 02:02:31,238 - [ERROR] - [GOLD] Strategy VOLUME_CLIMAX error: 'volume'
2026-07-21 02:02:32,590 - [ERROR] - [GOLD] Strategy VOLUME_CLIMAX error: 'volume'
2026-07-21 02:02:33,939 - [ERROR] - [GOLD] Strategy VOLUME_CLIMAX error: 'volume'
2026-07-21 02:02:35,289 - [ERROR] - [GOLD] Strategy VOLUME_CLIMAX error: 'volume'
2026-07-21 02:02:36,633 - [ERROR] - [GOLD] Strategy VOLUME_CLIMAX error: 'volume'
2026-07-21 02:02:37,976 - [ERROR] - [GOLD] Strategy VOLUME_CLIMAX error: 'volume'
2026-07-21 02:02:39,367 - [ERROR] - [GOLD] Strategy VOLUME_CLIMAX error: 'volume'
2026-07-21 02:02:40,716 - [ERROR] - [GOLD] Strategy VOLUME_CLIMAX error: 'volume'
2026-07-21 02:02:42,070 - [ERROR] - [GOLD] Strategy VOLUME_CLIMAX error: 'volume'
2026-07-21 02:02:43,417 - [ERROR] - [GOLD] Strategy VOLUME_CLIMAX error: 'volume'
2026-07-21 02:02:44,763 - [ERROR] - [GOLD] Strategy VOLUME_CLIMAX error: 'volume'
2026-07-21 02:02:46,108 - [ERROR] - [GOLD] Strategy VOLUME_CLIMAX error: 'volume'
2026-07-21 02:02:47,458 - [ERROR] - [GOLD] Strategy VOLUME_CLIMAX error: 'volume'
2026-07-21 02:02:48,803 - [ERROR] - [GOLD] Strategy VOLUME_CLIMAX error: 'volume'
2026-07-21 02:02:50,149 - [ERROR] - [GOLD] Strategy VOLUME_CLIMAX error: 'volume'
2026-07-21 02:02:51,499 - [ERROR] - [GOLD] Strategy VOLUME_CLIMAX error: 'volume'
2026-07-21 02:02:52,842 - [ERROR] - [GOLD] Strategy VOLUME_CLIMAX error: 'volume'
2026-07-21 02:02:54,185 - [ERROR] - [GOLD] Strategy VOLUME_CLIMAX error: 'volume'
2026-07-21 02:02:55,541 - [ERROR] - [GOLD] Strategy VOLUME_CLIMAX error: 'volume'
2026-07-21 02:02:56,893 - [ERROR] - [GOLD] Strategy VOLUME_CLIMAX error: 'volume'
2026-07-21 02:02:58,249 - [ERROR] - [GOLD] Strategy VOLUME_CLIMAX error: 'volume'
2026-07-21 02:02:59,596 - [ERROR] - [GOLD] Strategy VOLUME_CLIMAX error: 'volume'
2026-07-21 02:03:00,947 - [ERROR] - [GOLD] Strategy VOLUME_CLIMAX error: 'volume'
2026-07-21 02:03:02,299 - [ERROR] - [GOLD] Strategy VOLUME_CLIMAX error: 'volume'
2026-07-21 02:03:03,651 - [ERROR] - [GOLD] Strategy VOLUME_CLIMAX error: 'volume'
2026-07-21 02:03:04,999 - [ERROR] - [GOLD] Strategy VOLUME_CLIMAX error: 'volume'
2026-07-21 02:03:06,349 - [ERROR] - [GOLD] Strategy VOLUME_CLIMAX error: 'volume'
2026-07-21 02:03:07,697 - [ERROR] - [GOLD] Strategy VOLUME_CLIMAX error: 'volume'
2026-07-21 02:03:09,042 - [ERROR] - [GOLD] Strategy VOLUME_CLIMAX error: 'volume'
2026-07-21 02:03:10,399 - [ERROR] - [GOLD] Strategy VOLUME_CLIMAX error: 'volume'
2026-07-21 02:03:11,747 - [ERROR] - [GOLD] Strategy VOLUME_CLIMAX error: 'volume'
2026-07-21 02:03:13,111 - [ERROR] - [GOLD] Strategy VOLUME_CLIMAX error: 'volume'
2026-07-21 02:03:14,463 - [ERROR] - [GOLD] Strategy VOLUME_CLIMAX error: 'volume'
2026-07-21 02:03:15,876 - [ERROR] - [GOLD] Strategy VOLUME_CLIMAX error: 'volume'
2026-07-21 02:03:17,281 - [ERROR] - [GOLD] Strategy VOLUME_CLIMAX error: 'volume'
2026-07-21 02:03:18,699 - [ERROR] - [GOLD] Strategy VOLUME_CLIMAX error: 'volume'
2026-07-21 02:03:20,107 - [ERROR] - [GOLD] Strategy VOLUME_CLIMAX error: 'volume'
2026-07-21 02:03:21,514 - [ERROR] - [GOLD] Strategy VOLUME_CLIMAX error: 'volume'
2026-07-21 02:03:22,917 - [ERROR] - [GOLD] Strategy VOLUME_CLIMAX error: 'volume'
2026-07-21 02:03:24,296 - [ERROR] - [GOLD] Strategy VOLUME_CLIMAX error: 'volume'
2026-07-21 02:03:25,665 - [ERROR] - [GOLD] Strategy VOLUME_CLIMAX error: 'volume'
2026-07-21 02:03:27,045 - [ERROR] - [GOLD] Strategy VOLUME_CLIMAX error: 'volume'
2026-07-21 02:03:28,432 - [ERROR] - [GOLD] Strategy VOLUME_CLIMAX error: 'volume'
2026-07-21 02:03:29,811 - [ERROR] - [GOLD] Strategy VOLUME_CLIMAX error: 'volume'
2026-07-21 02:03:31,172 - [ERROR] - [GOLD] Strategy VOLUME_CLIMAX error: 'volume'
2026-07-21 02:03:32,548 - [ERROR] - [GOLD] Strategy VOLUME_CLIMAX error: 'volume'
2026-07-21 02:03:33,916 - [ERROR] - [GOLD] Strategy VOLUME_CLIMAX error: 'volume'
2026-07-21 02:03:35,291 - [ERROR] - [GOLD] Strategy VOLUME_CLIMAX error: 'volume'
2026-07-21 02:03:36,664 - [ERROR] - [GOLD] Strategy VOLUME_CLIMAX error: 'volume'
2026-07-21 02:03:38,037 - [ERROR] - [GOLD] Strategy VOLUME_CLIMAX error: 'volume'
2026-07-21 02:03:39,508 - [ERROR] - [GOLD] Strategy VOLUME_CLIMAX error: 'volume'
2026-07-21 02:03:40,936 - [ERROR] - [GOLD] Strategy VOLUME_CLIMAX error: 'volume'
2026-07-21 02:03:42,353 - [ERROR] - [GOLD] Strategy VOLUME_CLIMAX error: 'volume'
2026-07-21 02:03:43,772 - [ERROR] - [GOLD] Strategy VOLUME_CLIMAX error: 'volume'
2026-07-21 02:03:45,209 - [ERROR] - [GOLD] Strategy VOLUME_CLIMAX error: 'volume'
2026-07-21 02:03:46,647 - [ERROR] - [GOLD] Strategy VOLUME_CLIMAX error: 'volume'
2026-07-21 02:03:48,069 - [ERROR] - [GOLD] Strategy VOLUME_CLIMAX error: 'volume'
2026-07-21 02:03:49,520 - [ERROR] - [GOLD] Strategy VOLUME_CLIMAX error: 'volume'
2026-07-21 02:03:50,942 - [ERROR] - [GOLD] Strategy VOLUME_CLIMAX error: 'volume'
2026-07-21 02:03:52,358 - [ERROR] - [GOLD] Strategy VOLUME_CLIMAX error: 'volume'
2026-07-21 02:03:53,796 - [ERROR] - [GOLD] Strategy VOLUME_CLIMAX error: 'volume'
2026-07-21 02:03:55,271 - [ERROR] - [GOLD] Strategy VOLUME_CLIMAX error: 'volume'
2026-07-21 02:03:56,710 - [ERROR] - [GOLD] Strategy VOLUME_CLIMAX error: 'volume'
2026-07-21 02:03:58,173 - [ERROR] - [GOLD] Strategy VOLUME_CLIMAX error: 'volume'
2026-07-21 02:03:59,657 - [ERROR] - [GOLD] Strategy VOLUME_CLIMAX error: 'volume'
2026-07-21 02:04:01,094 - [ERROR] - [GOLD] Strategy VOLUME_CLIMAX error: 'volume'
2026-07-21 02:04:02,569 - [ERROR] - [GOLD] Strategy VOLUME_CLIMAX error: 'volume'
2026-07-21 02:04:04,053 - [ERROR] - [GOLD] Strategy VOLUME_CLIMAX error: 'volume'
2026-07-21 02:04:05,546 - [ERROR] - [GOLD] Strategy VOLUME_CLIMAX error: 'volume'
2026-07-21 02:04:07,036 - [ERROR] - [GOLD] Strategy VOLUME_CLIMAX error: 'volume'
2026-07-21 02:04:08,499 - [ERROR] - [GOLD] Strategy VOLUME_CLIMAX error: 'volume'
2026-07-21 02:04:09,977 - [ERROR] - [GOLD] Strategy VOLUME_CLIMAX error: 'volume'
2026-07-21 02:04:11,447 - [ERROR] - [GOLD] Strategy VOLUME_CLIMAX error: 'volume'
2026-07-21 02:04:12,944 - [ERROR] - [GOLD] Strategy VOLUME_CLIMAX error: 'volume'
2026-07-21 02:04:14,461 - [ERROR] - [GOLD] Strategy VOLUME_CLIMAX error: 'volume'
2026-07-21 02:04:16,046 - [ERROR] - [GOLD] Strategy VOLUME_CLIMAX error: 'volume'
2026-07-21 02:04:17,592 - [ERROR] - [GOLD] Strategy VOLUME_CLIMAX error: 'volume'
2026-07-21 02:04:19,161 - [ERROR] - [GOLD] Strategy VOLUME_CLIMAX error: 'volume'
2026-07-21 02:04:20,788 - [ERROR] - [GOLD] Strategy VOLUME_CLIMAX error: 'volume'
2026-07-21 02:04:22,407 - [ERROR] - [GOLD] Strategy VOLUME_CLIMAX error: 'volume'
2026-07-21 02:04:23,999 - [ERROR] - [GOLD] Strategy VOLUME_CLIMAX error: 'volume'
2026-07-21 02:04:25,595 - [ERROR] - [GOLD] Strategy VOLUME_CLIMAX error: 'volume'
2026-07-21 02:04:27,199 - [ERROR] - [GOLD] Strategy VOLUME_CLIMAX error: 'volume'
2026-07-21 02:04:28,800 - [ERROR] - [GOLD] Strategy VOLUME_CLIMAX error: 'volume'
2026-07-21 02:04:30,403 - [ERROR] - [GOLD] Strategy VOLUME_CLIMAX error: 'volume'
2026-07-21 02:04:32,049 - [ERROR] - [GOLD] Strategy VOLUME_CLIMAX error: 'volume'
2026-07-21 02:04:33,798 - [ERROR] - [GOLD] Strategy VOLUME_CLIMAX error: 'volume'
2026-07-21 02:04:35,599 - [ERROR] - [GOLD] Strategy VOLUME_CLIMAX error: 'volume'
2026-07-21 02:04:37,352 - [ERROR] - [GOLD] Strategy VOLUME_CLIMAX error: 'volume'
2026-07-21 02:04:39,060 - [ERROR] - [GOLD] Strategy VOLUME_CLIMAX error: 'volume'
2026-07-21 02:04:40,755 - [ERROR] - [GOLD] Strategy VOLUME_CLIMAX error: 'volume'
2026-07-21 02:04:42,400 - [ERROR] - [GOLD] Strategy VOLUME_CLIMAX error: 'volume'
2026-07-21 02:04:44,036 - [ERROR] - [GOLD] Strategy VOLUME_CLIMAX error: 'volume'
2026-07-21 02:04:45,634 - [ERROR] - [GOLD] Strategy VOLUME_CLIMAX error: 'volume'
2026-07-21 02:04:47,153 - [ERROR] - [GOLD] Strategy VOLUME_CLIMAX error: 'volume'
2026-07-21 02:04:48,599 - [ERROR] - [GOLD] Strategy VOLUME_CLIMAX error: 'volume'
2026-07-21 02:04:50,033 - [ERROR] - [GOLD] Strategy VOLUME_CLIMAX error: 'volume'
2026-07-21 02:04:51,445 - [ERROR] - [GOLD] Strategy VOLUME_CLIMAX error: 'volume'
2026-07-21 02:04:52,825 - [ERROR] - [GOLD] Strategy VOLUME_CLIMAX error: 'volume'
2026-07-21 02:04:54,174 - [ERROR] - [GOLD] Strategy VOLUME_CLIMAX error: 'volume'
2026-07-21 02:04:55,522 - [ERROR] - [GOLD] Strategy VOLUME_CLIMAX error: 'volume'
2026-07-21 02:04:56,871 - [ERROR] - [GOLD] Strategy VOLUME_CLIMAX error: 'volume'
2026-07-21 02:04:58,223 - [ERROR] - [GOLD] Strategy VOLUME_CLIMAX error: 'volume'
2026-07-21 02:04:59,565 - [WARNING] - [GOLD] \U0001f6a8 Spread Protection: Live Spread (59) > Max Allowable (40). Trade Aborted.
2026-07-21 02:07:00,351 - [WARNING] - [GOLD] \U0001f6a8 Spread Protection: Live Spread (55) > Max Allowable (40). Trade Aborted.
2026-07-21 02:09:01,210 - [WARNING] - [GOLD] \U0001f6a8 Spread Protection: Live Spread (56) > Max Allowable (40). Trade Aborted.
2026-07-21 02:11:02,044 - [WARNING] - [GOLD] \U0001f6a8 Spread Protection: Live Spread (58) > Max Allowable (40). Trade Aborted.
2026-07-21 02:13:03,012 - [WARNING] - [GOLD] \U0001f6a8 Spread Protection: Live Spread (58) > Max Allowable (40). Trade Aborted.
2026-07-21 02:15:03,969 - [WARNING] - [GOLD] \U0001f6a8 Spread Protection: Live Spread (59) > Max Allowable (40). Trade Aborted.
2026-07-21 02:17:04,921 - [WARNING] - [GOLD] \U0001f6a8 Spread Protection: Live Spread (58) > Max Allowable (40). Trade Aborted.
2026-07-21 02:19:05,768 - [WARNING] - [GOLD] \U0001f6a8 Spread Protection: Live Spread (59) > Max Allowable (40). Trade Aborted.
2026-07-21 02:21:06,685 - [WARNING] - [GOLD] \U0001f6a8 Spread Protection: Live Spread (58) > Max Allowable (40). Trade Aborted.
2026-07-21 02:23:07,607 - [ERROR] - [GOLD] Strategy VOLUME_CLIMAX error: 'volume'
2026-07-21 02:23:09,401 - [ERROR] - [GOLD] Strategy VOLUME_CLIMAX error: 'volume'
2026-07-21 02:23:11,029 - [WARNING] - [GOLD] \U0001f6a8 Spread Protection: Live Spread (57) > Max Allowable (40). Trade Aborted.
2026-07-21 02:25:11,857 - [ERROR] - [GOLD] Strategy VOLUME_CLIMAX error: 'volume'
2026-07-21 02:25:13,249 - [ERROR] - [GOLD] Strategy VOLUME_CLIMAX error: 'volume'
2026-07-21 02:25:14,635 - [ERROR] - [GOLD] Strategy VOLUME_CLIMAX error: 'volume'
2026-07-21 02:25:16,010 - [ERROR] - [GOLD] Strategy VOLUME_CLIMAX error: 'volume'
2026-07-21 02:25:17,409 - [ERROR] - [GOLD] Strategy VOLUME_CLIMAX error: 'volume'
2026-07-21 02:25:18,816 - [ERROR] - [GOLD] Strategy VOLUME_CLIMAX error: 'volume'
2026-07-21 02:25:20,218 - [ERROR] - [GOLD] Strategy VOLUME_CLIMAX error: 'volume'
2026-07-21 02:25:21,604 - [ERROR] - [GOLD] Strategy VOLUME_CLIMAX error: 'volume'
2026-07-21 02:25:22,989 - [ERROR] - [GOLD] Strategy VOLUME_CLIMAX error: 'volume'
2026-07-21 02:25:24,387 - [ERROR] - [GOLD] Strategy VOLUME_CLIMAX error: 'volume'
2026-07-21 02:25:25,796 - [ERROR] - [GOLD] Strategy VOLUME_CLIMAX error: 'volume'
2026-07-21 02:25:27,196 - [ERROR] - [GOLD] Strategy VOLUME_CLIMAX error: 'volume'
2026-07-21 02:25:28,600 - [ERROR] - [GOLD] Strategy VOLUME_CLIMAX error: 'volume'
2026-07-21 02:25:29,998 - [ERROR] - [GOLD] Strategy VOLUME_CLIMAX error: 'volume'
2026-07-21 02:25:31,398 - [ERROR] - [GOLD] Strategy VOLUME_CLIMAX error: 'volume'
2026-07-21 02:25:32,804 - [ERROR] - [GOLD] Strategy VOLUME_CLIMAX error: 'volume'
2026-07-21 02:25:34,230 - [ERROR] - [GOLD] Strategy VOLUME_CLIMAX error: 'volume'
2026-07-21 02:25:35,694 - [ERROR] - [GOLD] Strategy VOLUME_CLIMAX error: 'volume'
2026-07-21 02:25:37,191 - [ERROR] - [GOLD] Strategy VOLUME_CLIMAX error: 'volume'
2026-07-21 02:25:38,728 - [ERROR] - [GOLD] Strategy VOLUME_CLIMAX error: 'volume'
2026-07-21 02:25:40,299 - [ERROR] - [GOLD] Strategy VOLUME_CLIMAX error: 'volume'
2026-07-21 02:25:41,879 - [ERROR] - [GOLD] Strategy VOLUME_CLIMAX error: 'volume'
2026-07-21 02:25:43,450 - [ERROR] - [GOLD] Strategy VOLUME_CLIMAX error: 'volume'
2026-07-21 02:25:45,054 - [ERROR] - [GOLD] Strategy VOLUME_CLIMAX error: 'volume'
2026-07-21 02:25:46,673 - [ERROR] - [GOLD] Strategy VOLUME_CLIMAX error: 'volume'
2026-07-21 02:25:48,300 - [ERROR] - [GOLD] Strategy VOLUME_CLIMAX error: 'volume'
2026-07-21 02:25:49,960 - [ERROR] - [GOLD] Strategy VOLUME_CLIMAX error: 'volume'
2026-07-21 02:25:51,742 - [ERROR] - [GOLD] Strategy VOLUME_CLIMAX error: 'volume'
2026-07-21 02:25:53,405 - [ERROR] - [GOLD] Strategy VOLUME_CLIMAX error: 'volume'
2026-07-21 02:25:55,151 - [ERROR] - [GOLD] Strategy VOLUME_CLIMAX error: 'volume'
2026-07-21 02:25:56,967 - [ERROR] - [GOLD] Strategy VOLUME_CLIMAX error: 'volume'
2026-07-21 02:25:58,749 - [ERROR] - [GOLD] Strategy VOLUME_CLIMAX error: 'volume'
2026-07-21 02:26:00,494 - [ERROR] - [GOLD] Strategy VOLUME_CLIMAX error: 'volume'
2026-07-21 02:26:02,191 - [ERROR] - [GOLD] Strategy VOLUME_CLIMAX error: 'volume'
2026-07-21 02:26:03,864 - [ERROR] - [GOLD] Strategy VOLUME_CLIMAX error: 'volume'
2026-07-21 02:26:05,466 - [ERROR] - [GOLD] Strategy VOLUME_CLIMAX error: 'volume'
2026-07-21 02:26:06,954 - [ERROR] - [GOLD] Strategy VOLUME_CLIMAX error: 'volume'
2026-07-21 02:26:08,366 - [ERROR] - [GOLD] Strategy VOLUME_CLIMAX error: 'volume'
2026-07-21 02:26:09,743 - [ERROR] - [GOLD] Strategy VOLUME_CLIMAX error: 'volume'
2026-07-21 02:26:11,091 - [ERROR] - [GOLD] Strategy VOLUME_CLIMAX error: 'volume'
2026-07-21 02:26:12,437 - [ERROR] - [GOLD] Strategy VOLUME_CLIMAX error: 'volume'
2026-07-21 02:26:13,797 - [ERROR] - [GOLD] Strategy VOLUME_CLIMAX error: 'volume'
2026-07-21 02:26:15,142 - [ERROR] - [GOLD] Strategy VOLUME_CLIMAX error: 'volume'
2026-07-21 02:26:16,501 - [ERROR] - [GOLD] Strategy VOLUME_CLIMAX error: 'volume'
2026-07-21 02:26:17,856 - [ERROR] - [GOLD] Strategy VOLUME_CLIMAX error: 'volume'
2026-07-21 02:26:19,211 - [ERROR] - [GOLD] Strategy VOLUME_CLIMAX error: 'volume'
2026-07-21 02:26:20,560 - [ERROR] - [GOLD] Strategy VOLUME_CLIMAX error: 'volume'
2026-07-21 02:26:21,911 - [ERROR] - [GOLD] Strategy VOLUME_CLIMAX error: 'volume'
2026-07-21 02:26:23,262 - [ERROR] - [GOLD] Strategy VOLUME_CLIMAX error: 'volume'
2026-07-21 02:26:24,613 - [ERROR] - [GOLD] Strategy VOLUME_CLIMAX error: 'volume'
2026-07-21 02:26:25,963 - [ERROR] - [GOLD] Strategy VOLUME_CLIMAX error: 'volume'
2026-07-21 02:26:27,318 - [ERROR] - [GOLD] Strategy VOLUME_CLIMAX error: 'volume'
2026-07-21 02:26:28,668 - [ERROR] - [GOLD] Strategy VOLUME_CLIMAX error: 'volume'
2026-07-21 02:26:30,021 - [ERROR] - [GOLD] Strategy VOLUME_CLIMAX error: 'volume'
2026-07-21 02:26:31,383 - [ERROR] - [GOLD] Strategy VOLUME_CLIMAX error: 'volume'
2026-07-21 02:26:32,736 - [ERROR] - [GOLD] Strategy VOLUME_CLIMAX error: 'volume'
2026-07-21 02:26:34,087 - [ERROR] - [GOLD] Strategy VOLUME_CLIMAX error: 'volume'
2026-07-21 02:26:35,438 - [ERROR] - [GOLD] Strategy VOLUME_CLIMAX error: 'volume'
2026-07-21 02:26:36,789 - [ERROR] - [GOLD] Strategy VOLUME_CLIMAX error: 'volume'
2026-07-21 02:26:38,145 - [ERROR] - [GOLD] Strategy VOLUME_CLIMAX error: 'volume'
2026-07-21 02:26:39,512 - [ERROR] - [GOLD] Strategy VOLUME_CLIMAX error: 'volume'
2026-07-21 02:26:40,868 - [ERROR] - [GOLD] Strategy VOLUME_CLIMAX error: 'volume'
2026-07-21 02:26:42,218 - [ERROR] - [GOLD] Strategy VOLUME_CLIMAX error: 'volume'
2026-07-21 02:26:43,572 - [ERROR] - [GOLD] Strategy VOLUME_CLIMAX error: 'volume'
2026-07-21 02:26:44,939 - [ERROR] - [GOLD] Strategy VOLUME_CLIMAX error: 'volume'
2026-07-21 02:26:46,294 - [ERROR] - [GOLD] Strategy VOLUME_CLIMAX error: 'volume'
2026-07-21 02:26:47,645 - [ERROR] - [GOLD] Strategy VOLUME_CLIMAX error: 'volume'
2026-07-21 02:26:49,015 - [ERROR] - [GOLD] Strategy VOLUME_CLIMAX error: 'volume'
2026-07-21 02:26:50,391 - [ERROR] - [GOLD] Strategy VOLUME_CLIMAX error: 'volume'
2026-07-21 02:26:51,745 - [ERROR] - [GOLD] Strategy VOLUME_CLIMAX error: 'volume'
2026-07-21 02:26:53,108 - [ERROR] - [GOLD] Strategy VOLUME_CLIMAX error: 'volume'
2026-07-21 02:26:54,466 - [ERROR] - [GOLD] Strategy VOLUME_CLIMAX error: 'volume'
2026-07-21 02:26:55,819 - [ERROR] - [GOLD] Strategy VOLUME_CLIMAX error: 'volume'
2026-07-21 02:26:57,169 - [ERROR] - [GOLD] Strategy VOLUME_CLIMAX error: 'volume'
2026-07-21 02:26:58,519 - [ERROR] - [GOLD] Strategy VOLUME_CLIMAX error: 'volume'
2026-07-21 02:26:59,866 - [ERROR] - [GOLD] Strategy VOLUME_CLIMAX error: 'volume'
2026-07-21 02:27:01,214 - [ERROR] - [GOLD] Strategy VOLUME_CLIMAX error: 'volume'
2026-07-21 02:27:02,565 - [ERROR] - [GOLD] Strategy VOLUME_CLIMAX error: 'volume'
2026-07-21 02:27:03,916 - [ERROR] - [GOLD] Strategy VOLUME_CLIMAX error: 'volume'
2026-07-21 02:27:05,274 - [ERROR] - [GOLD] Strategy VOLUME_CLIMAX error: 'volume'
2026-07-21 02:27:06,616 - [WARNING] - [GOLD] \U0001f6a8 Spread Protection: Live Spread (59) > Max Allowable (40). Trade Aborted.
2026-07-21 02:29:07,451 - [ERROR] - [GOLD] Strategy VOLUME_CLIMAX error: 'volume'
2026-07-21 02:29:08,928 - [ERROR] - [GOLD] Strategy VOLUME_CLIMAX error: 'volume'
2026-07-21 02:29:10,420 - [ERROR] - [GOLD] Strategy VOLUME_CLIMAX error: 'volume'
2026-07-21 02:29:11,922 - [ERROR] - [GOLD] Strategy VOLUME_CLIMAX error: 'volume'
2026-07-21 02:29:13,431 - [ERROR] - [GOLD] Strategy VOLUME_CLIMAX error: 'volume'
2026-07-21 02:29:14,921 - [ERROR] - [GOLD] Strategy VOLUME_CLIMAX error: 'volume'
2026-07-21 02:29:16,431 - [ERROR] - [GOLD] Strategy VOLUME_CLIMAX error: 'volume'
2026-07-21 02:29:17,944 - [ERROR] - [GOLD] Strategy VOLUME_CLIMAX error: 'volume'
2026-07-21 02:29:19,477 - [ERROR] - [GOLD] Strategy VOLUME_CLIMAX error: 'volume'
2026-07-21 02:29:21,068 - [ERROR] - [GOLD] Strategy VOLUME_CLIMAX error: 'volume'
2026-07-21 02:29:22,679 - [ERROR] - [GOLD] Strategy VOLUME_CLIMAX error: 'volume'
2026-07-21 02:29:24,265 - [ERROR] - [GOLD] Strategy VOLUME_CLIMAX error: 'volume'
2026-07-21 02:29:25,873 - [ERROR] - [GOLD] Strategy VOLUME_CLIMAX error: 'volume'
2026-07-21 02:29:27,496 - [ERROR] - [GOLD] Strategy VOLUME_CLIMAX error: 'volume'
2026-07-21 02:29:29,165 - [ERROR] - [GOLD] Strategy VOLUME_CLIMAX error: 'volume'
2026-07-21 02:29:30,861 - [ERROR] - [GOLD] Strategy VOLUME_CLIMAX error: 'volume'
2026-07-21 02:29:32,641 - [ERROR] - [GOLD] Strategy VOLUME_CLIMAX error: 'volume'
2026-07-21 02:29:34,400 - [ERROR] - [GOLD] Strategy VOLUME_CLIMAX error: 'volume'
2026-07-21 02:29:36,200 - [ERROR] - [GOLD] Strategy VOLUME_CLIMAX error: 'volume'
2026-07-21 02:29:37,888 - [ERROR] - [GOLD] Strategy VOLUME_CLIMAX error: 'volume'
2026-07-21 02:29:39,534 - [ERROR] - [GOLD] Strategy VOLUME_CLIMAX error: 'volume'
2026-07-21 02:29:41,145 - [ERROR] - [GOLD] Strategy VOLUME_CLIMAX error: 'volume'
2026-07-21 02:29:42,662 - [ERROR] - [GOLD] Strategy VOLUME_CLIMAX error: 'volume'
2026-07-21 02:29:44,117 - [ERROR] - [GOLD] Strategy VOLUME_CLIMAX error: 'volume'
2026-07-21 02:29:45,569 - [ERROR] - [GOLD] Strategy VOLUME_CLIMAX error: 'volume'
2026-07-21 02:29:47,006 - [ERROR] - [GOLD] Strategy VOLUME_CLIMAX error: 'volume'
2026-07-21 02:29:48,431 - [ERROR] - [GOLD] Strategy VOLUME_CLIMAX error: 'volume'
2026-07-21 02:29:49,834 - [ERROR] - [GOLD] Strategy VOLUME_CLIMAX error: 'volume'
2026-07-21 02:29:51,214 - [ERROR] - [GOLD] Strategy VOLUME_CLIMAX error: 'volume'
2026-07-21 02:29:52,587 - [ERROR] - [GOLD] Strategy VOLUME_CLIMAX error: 'volume'
2026-07-21 02:29:53,964 - [ERROR] - [GOLD] Strategy VOLUME_CLIMAX error: 'volume'
2026-07-21 02:29:55,324 - [ERROR] - [GOLD] Strategy VOLUME_CLIMAX error: 'volume'
2026-07-21 02:29:56,681 - [ERROR] - [GOLD] Strategy VOLUME_CLIMAX error: 'volume'
2026-07-21 02:29:58,043 - [ERROR] - [GOLD] Strategy VOLUME_CLIMAX error: 'volume'
2026-07-21 02:29:59,405 - [ERROR] - [GOLD] Strategy VOLUME_CLIMAX error: 'volume'
2026-07-21 02:30:00,777 - [ERROR] - [GOLD] Strategy VOLUME_CLIMAX error: 'volume'
2026-07-21 02:30:02,147 - [ERROR] - [GOLD] Strategy VOLUME_CLIMAX error: 'volume'
2026-07-21 02:30:02,898 - [WARNING] - [GBPUSD] \U0001f6a8 Spread Protection: Live Spread (167) > Max Allowable (40). Trade Aborted.
2026-07-21 02:30:03,515 - [ERROR] - [GOLD] Strategy VOLUME_CLIMAX error: 'volume'
2026-07-21 02:30:04,889 - [ERROR] - [GOLD] Strategy VOLUME_CLIMAX error: 'volume'
2026-07-21 02:30:05,638 - [WARNING] - [USDJPY] \U0001f6a8 Spread Protection: Live Spread (172) > Max Allowable (40). Trade Aborted.
2026-07-21 02:30:06,261 - [ERROR] - [GOLD] Strategy VOLUME_CLIMAX error: 'volume'
2026-07-21 02:30:07,628 - [ERROR] - [GOLD] Strategy VOLUME_CLIMAX error: 'volume'
2026-07-21 02:30:08,987 - [ERROR] - [GOLD] Strategy VOLUME_CLIMAX error: 'volume'
2026-07-21 02:30:10,370 - [ERROR] - [GOLD] Strategy VOLUME_CLIMAX error: 'volume'
2026-07-21 02:30:11,777 - [ERROR] - [GOLD] Strategy VOLUME_CLIMAX error: 'volume'
2026-07-21 02:30:13,205 - [ERROR] - [GOLD] Strategy VOLUME_CLIMAX error: 'volume'
2026-07-21 02:30:14,584 - [ERROR] - [GOLD] Strategy VOLUME_CLIMAX error: 'volume'
2026-07-21 02:30:15,960 - [ERROR] - [GOLD] Strategy VOLUME_CLIMAX error: 'volume'
2026-07-21 02:30:17,329 - [ERROR] - [GOLD] Strategy VOLUME_CLIMAX error: 'volume'
2026-07-21 02:30:18,696 - [ERROR] - [GOLD] Strategy VOLUME_CLIMAX error: 'volume'
2026-07-21 02:30:20,084 - [ERROR] - [GOLD] Strategy VOLUME_CLIMAX error: 'volume'
2026-07-21 02:30:21,454 - [ERROR] - [GOLD] Strategy VOLUME_CLIMAX error: 'volume'
2026-07-21 02:30:22,812 - [ERROR] - [GOLD] Strategy VOLUME_CLIMAX error: 'volume'
2026-07-21 02:30:24,183 - [ERROR] - [GOLD] Strategy VOLUME_CLIMAX error: 'volume'
2026-07-21 02:30:25,554 - [ERROR] - [GOLD] Strategy VOLUME_CLIMAX error: 'volume'
2026-07-21 02:30:26,901 - [ERROR] - [GOLD] Strategy VOLUME_CLIMAX error: 'volume'
2026-07-21 02:30:28,278 - [ERROR] - [GOLD] Strategy VOLUME_CLIMAX error: 'volume'
2026-07-21 02:30:29,646 - [ERROR] - [GOLD] Strategy VOLUME_CLIMAX error: 'volume'
2026-07-21 02:30:31,002 - [ERROR] - [GOLD] Strategy VOLUME_CLIMAX error: 'volume'
2026-07-21 02:30:32,371 - [ERROR] - [GOLD] Strategy VOLUME_CLIMAX error: 'volume'
2026-07-21 02:30:33,729 - [ERROR] - [GOLD] Strategy VOLUME_CLIMAX error: 'volume'
2026-07-21 02:30:35,094 - [ERROR] - [GOLD] Strategy VOLUME_CLIMAX error: 'volume'
2026-07-21 02:30:36,503 - [ERROR] - [GOLD] Strategy VOLUME_CLIMAX error: 'volume'
2026-07-21 02:30:37,932 - [ERROR] - [GOLD] Strategy VOLUME_CLIMAX error: 'volume'
2026-07-21 02:30:39,318 - [ERROR] - [GOLD] Strategy VOLUME_CLIMAX error: 'volume'
2026-07-21 02:30:40,694 - [ERROR] - [GOLD] Strategy VOLUME_CLIMAX error: 'volume'
2026-07-21 02:30:42,048 - [ERROR] - [GOLD] Strategy VOLUME_CLIMAX error: 'volume'
2026-07-21 02:30:43,414 - [ERROR] - [GOLD] Strategy VOLUME_CLIMAX error: 'volume'
2026-07-21 02:30:44,786 - [ERROR] - [GOLD] Strategy VOLUME_CLIMAX error: 'volume'
2026-07-21 02:30:46,180 - [ERROR] - [GOLD] Strategy VOLUME_CLIMAX error: 'volume'
2026-07-21 02:30:47,540 - [ERROR] - [GOLD] Strategy VOLUME_CLIMAX error: 'volume'
2026-07-21 02:30:48,917 - [ERROR] - [GOLD] Strategy VOLUME_CLIMAX error: 'volume'
2026-07-21 02:30:50,272 - [ERROR] - [GOLD] Strategy VOLUME_CLIMAX error: 'volume'
2026-07-21 02:30:51,642 - [ERROR] - [GOLD] Strategy VOLUME_CLIMAX error: 'volume'
2026-07-21 02:30:53,021 - [ERROR] - [GOLD] Strategy VOLUME_CLIMAX error: 'volume'
2026-07-21 02:30:54,376 - [ERROR] - [GOLD] Strategy VOLUME_CLIMAX error: 'volume'
2026-07-21 02:30:55,779 - [ERROR] - [GOLD] Strategy VOLUME_CLIMAX error: 'volume'
2026-07-21 02:30:57,194 - [ERROR] - [GOLD] Strategy VOLUME_CLIMAX error: 'volume'
2026-07-21 02:30:58,572 - [ERROR] - [GOLD] Strategy VOLUME_CLIMAX error: 'volume'
2026-07-21 02:31:00,015 - [ERROR] - [GOLD] Strategy VOLUME_CLIMAX error: 'volume'
2026-07-21 02:31:01,497 - [ERROR] - [GOLD] Strategy VOLUME_CLIMAX error: 'volume'
2026-07-21 02:31:02,876 - [ERROR] - [GOLD] Strategy VOLUME_CLIMAX error: 'volume'
2026-07-21 02:31:04,351 - [ERROR] - [GOLD] Strategy VOLUME_CLIMAX error: 'volume'
2026-07-21 02:31:05,760 - [ERROR] - [GOLD] Strategy VOLUME_CLIMAX error: 'volume'
2026-07-21 02:31:07,228 - [ERROR] - [GOLD] Strategy VOLUME_CLIMAX error: 'volume'
2026-07-21 02:31:08,658 - [ERROR] - [GOLD] Strategy VOLUME_CLIMAX error: 'volume'
2026-07-21 02:31:10,053 - [ERROR] - [GOLD] Strategy VOLUME_CLIMAX error: 'volume'
2026-07-21 02:31:11,472 - [ERROR] - [GOLD] Strategy VOLUME_CLIMAX error: 'volume'
2026-07-21 02:31:12,847 - [ERROR] - [GOLD] Strategy VOLUME_CLIMAX error: 'volume'
2026-07-21 02:31:14,206 - [ERROR] - [GOLD] Strategy VOLUME_CLIMAX error: 'volume'
2026-07-21 02:31:15,634 - [ERROR] - [GOLD] Strategy VOLUME_CLIMAX error: 'volume'
2026-07-21 02:31:17,055 - [ERROR] - [GOLD] Strategy VOLUME_CLIMAX error: 'volume'
2026-07-21 02:31:18,527 - [ERROR] - [GOLD] Strategy VOLUME_CLIMAX error: 'volume'
2026-07-21 02:31:19,915 - [ERROR] - [GOLD] Strategy VOLUME_CLIMAX error: 'volume'
2026-07-21 02:31:21,378 - [ERROR] - [GOLD] Strategy VOLUME_CLIMAX error: 'volume'
2026-07-21 02:31:22,859 - [ERROR] - [GOLD] Strategy VOLUME_CLIMAX error: 'volume'
2026-07-21 02:31:24,280 - [ERROR] - [GOLD] Strategy VOLUME_CLIMAX error: 'volume'
2026-07-21 02:31:25,665 - [ERROR] - [GOLD] Strategy VOLUME_CLIMAX error: 'volume'
2026-07-21 02:31:27,039 - [ERROR] - [GOLD] Strategy VOLUME_CLIMAX error: 'volume'
2026-07-21 02:31:28,424 - [ERROR] - [GOLD] Strategy VOLUME_CLIMAX error: 'volume'
2026-07-21 02:31:29,790 - [ERROR] - [GOLD] Strategy VOLUME_CLIMAX error: 'volume'
2026-07-21 02:31:31,159 - [ERROR] - [GOLD] Strategy VOLUME_CLIMAX error: 'volume'
2026-07-21 02:31:32,521 - [ERROR] - [GOLD] Strategy VOLUME_CLIMAX error: 'volume'
2026-07-21 02:31:33,895 - [ERROR] - [GOLD] Strategy VOLUME_CLIMAX error: 'volume'
2026-07-21 02:31:35,261 - [ERROR] - [GOLD] Strategy VOLUME_CLIMAX error: 'volume'
2026-07-21 02:31:36,638 - [ERROR] - [GOLD] Strategy VOLUME_CLIMAX error: 'volume'
2026-07-21 02:31:38,007 - [ERROR] - [GOLD] Strategy VOLUME_CLIMAX error: 'volume'
2026-07-21 02:31:39,364 - [ERROR] - [GOLD] Strategy VOLUME_CLIMAX error: 'volume'
2026-07-21 02:31:40,748 - [ERROR] - [GOLD] Strategy VOLUME_CLIMAX error: 'volume'
2026-07-21 02:31:42,144 - [ERROR] - [GOLD] Strategy VOLUME_CLIMAX error: 'volume'
2026-07-21 02:31:43,510 - [ERROR] - [GOLD] Strategy VOLUME_CLIMAX error: 'volume'
2026-07-21 02:31:44,955 - [ERROR] - [GOLD] Strategy VOLUME_CLIMAX error: 'volume'
2026-07-21 02:31:46,329 - [ERROR] - [GOLD] Strategy VOLUME_CLIMAX error: 'volume'
2026-07-21 02:31:47,699 - [ERROR] - [GOLD] Strategy VOLUME_CLIMAX error: 'volume'
2026-07-21 02:31:49,071 - [ERROR] - [GOLD] Strategy VOLUME_CLIMAX error: 'volume'
2026-07-21 02:31:50,441 - [ERROR] - [GOLD] Strategy VOLUME_CLIMAX error: 'volume'
2026-07-21 02:31:51,843 - [ERROR] - [GOLD] Strategy VOLUME_CLIMAX error: 'volume'
2026-07-21 02:31:53,341 - [ERROR] - [GOLD] Strategy VOLUME_CLIMAX error: 'volume'
2026-07-21 02:31:54,786 - [ERROR] - [GOLD] Strategy VOLUME_CLIMAX error: 'volume'
2026-07-21 02:31:56,240 - [ERROR] - [GOLD] Strategy VOLUME_CLIMAX error: 'volume'
2026-07-21 02:31:57,869 - [ERROR] - [GOLD] Strategy VOLUME_CLIMAX error: 'volume'
2026-07-21 02:31:59,457 - [ERROR] - [GOLD] Strategy VOLUME_CLIMAX error: 'volume'
2026-07-21 02:32:01,077 - [ERROR] - [GOLD] Strategy VOLUME_CLIMAX error: 'volume'
2026-07-21 02:32:02,689 - [ERROR] - [GOLD] Strategy VOLUME_CLIMAX error: 'volume'
2026-07-21 02:32:03,496 - [WARNING] - [GBPUSD] \U0001f6a8 Spread Protection: Live Spread (167) > Max Allowable (40). Trade Aborted.
2026-07-21 02:32:04,330 - [ERROR] - [GOLD] Strategy VOLUME_CLIMAX error: 'volume'
2026-07-21 02:32:05,974 - [ERROR] - [GOLD] Strategy VOLUME_CLIMAX error: 'volume'
2026-07-21 02:32:06,226 - [WARNING] - [USDJPY] \U0001f6a8 Spread Protection: Live Spread (81) > Max Allowable (40). Trade Aborted.
2026-07-21 02:32:07,629 - [ERROR] - [GOLD] Strategy VOLUME_CLIMAX error: 'volume'
2026-07-21 02:32:09,215 - [ERROR] - [GOLD] Strategy VOLUME_CLIMAX error: 'volume'
2026-07-21 02:32:10,809 - [ERROR] - [GOLD] Strategy VOLUME_CLIMAX error: 'volume'
2026-07-21 02:32:12,400 - [ERROR] - [GOLD] Strategy VOLUME_CLIMAX error: 'volume'
2026-07-21 02:32:13,997 - [ERROR] - [GOLD] Strategy VOLUME_CLIMAX error: 'volume'
2026-07-21 02:32:15,600 - [ERROR] - [GOLD] Strategy VOLUME_CLIMAX error: 'volume'
2026-07-21 02:32:17,194 - [ERROR] - [GOLD] Strategy VOLUME_CLIMAX error: 'volume'
2026-07-21 02:32:18,814 - [ERROR] - [GOLD] Strategy VOLUME_CLIMAX error: 'volume'
2026-07-21 02:32:20,446 - [ERROR] - [GOLD] Strategy VOLUME_CLIMAX error: 'volume'
2026-07-21 02:32:22,153 - [ERROR] - [GOLD] Strategy VOLUME_CLIMAX error: 'volume'
2026-07-21 02:32:23,853 - [ERROR] - [GOLD] Strategy VOLUME_CLIMAX error: 'volume'
2026-07-21 02:32:25,667 - [ERROR] - [GOLD] Strategy VOLUME_CLIMAX error: 'volume'
2026-07-21 02:32:27,428 - [ERROR] - [GOLD] Strategy VOLUME_CLIMAX error: 'volume'
2026-07-21 02:32:29,154 - [ERROR] - [GOLD] Strategy VOLUME_CLIMAX error: 'volume'
2026-07-21 02:32:31,086 - [ERROR] - [GOLD] Strategy VOLUME_CLIMAX error: 'volume'
2026-07-21 02:32:32,920 - [ERROR] - [GOLD] Strategy VOLUME_CLIMAX error: 'volume'
2026-07-21 02:32:34,650 - [ERROR] - [GOLD] Strategy VOLUME_CLIMAX error: 'volume'
2026-07-21 02:32:36,435 - [ERROR] - [GOLD] Strategy VOLUME_CLIMAX error: 'volume'
2026-07-21 02:32:38,090 - [ERROR] - [GOLD] Strategy VOLUME_CLIMAX error: 'volume'
2026-07-21 02:32:39,691 - [ERROR] - [GOLD] Strategy VOLUME_CLIMAX error: 'volume'
2026-07-21 02:32:41,195 - [ERROR] - [GOLD] Strategy VOLUME_CLIMAX error: 'volume'
2026-07-21 02:32:42,649 - [ERROR] - [GOLD] Strategy VOLUME_CLIMAX error: 'volume'
2026-07-21 02:32:44,058 - [ERROR] - [GOLD] Strategy VOLUME_CLIMAX error: 'volume'
2026-07-21 02:32:45,466 - [ERROR] - [GOLD] Strategy VOLUME_CLIMAX error: 'volume'
2026-07-21 02:32:46,827 - [ERROR] - [GOLD] Strategy VOLUME_CLIMAX error: 'volume'
2026-07-21 02:32:48,267 - [ERROR] - [GOLD] Strategy VOLUME_CLIMAX error: 'volume'
2026-07-21 02:32:49,641 - [ERROR] - [GOLD] Strategy VOLUME_CLIMAX error: 'volume'
2026-07-21 02:32:51,001 - [ERROR] - [GOLD] Strategy VOLUME_CLIMAX error: 'volume'
2026-07-21 02:32:52,388 - [ERROR] - [GOLD] Strategy VOLUME_CLIMAX error: 'volume'
2026-07-21 02:32:53,751 - [ERROR] - [GOLD] Strategy VOLUME_CLIMAX error: 'volume'
2026-07-21 02:32:55,107 - [ERROR] - [GOLD] Strategy VOLUME_CLIMAX error: 'volume'
2026-07-21 02:32:56,479 - [ERROR] - [GOLD] Strategy VOLUME_CLIMAX error: 'volume'
2026-07-21 02:32:57,865 - [ERROR] - [GOLD] Strategy VOLUME_CLIMAX error: 'volume'
2026-07-21 02:32:59,217 - [ERROR] - [GOLD] Strategy VOLUME_CLIMAX error: 'volume'
2026-07-21 02:33:00,588 - [ERROR] - [GOLD] Strategy VOLUME_CLIMAX error: 'volume'
2026-07-21 02:33:01,964 - [ERROR] - [GOLD] Strategy VOLUME_CLIMAX error: 'volume'
2026-07-21 02:33:03,324 - [ERROR] - [GOLD] Strategy VOLUME_CLIMAX error: 'volume'
2026-07-21 02:33:04,708 - [ERROR] - [GOLD] Strategy VOLUME_CLIMAX error: 'volume'
2026-07-21 02:33:06,131 - [ERROR] - [GOLD] Strategy VOLUME_CLIMAX error: 'volume'
2026-07-21 02:33:07,504 - [ERROR] - [GOLD] Strategy VOLUME_CLIMAX error: 'volume'
2026-07-21 02:33:08,876 - [ERROR] - [GOLD] Strategy VOLUME_CLIMAX error: 'volume'
2026-07-21 02:33:10,251 - [ERROR] - [GOLD] Strategy VOLUME_CLIMAX error: 'volume'
2026-07-21 02:33:11,597 - [ERROR] - [GOLD] Strategy VOLUME_CLIMAX error: 'volume'
2026-07-21 02:33:13,004 - [ERROR] - [GOLD] Strategy VOLUME_CLIMAX error: 'volume'
2026-07-21 02:33:14,370 - [ERROR] - [GOLD] Strategy VOLUME_CLIMAX error: 'volume'
2026-07-21 02:33:15,746 - [ERROR] - [GOLD] Strategy VOLUME_CLIMAX error: 'volume'
2026-07-21 02:33:17,128 - [ERROR] - [GOLD] Strategy VOLUME_CLIMAX error: 'volume'
2026-07-21 02:33:18,485 - [ERROR] - [GOLD] Strategy VOLUME_CLIMAX error: 'volume'
2026-07-21 02:33:19,846 - [ERROR] - [GOLD] Strategy VOLUME_CLIMAX error: 'volume'
2026-07-21 02:33:21,235 - [ERROR] - [GOLD] Strategy VOLUME_CLIMAX error: 'volume'
2026-07-21 02:33:22,596 - [ERROR] - [GOLD] Strategy VOLUME_CLIMAX error: 'volume'
2026-07-21 02:33:23,972 - [ERROR] - [GOLD] Strategy VOLUME_CLIMAX error: 'volume'
2026-07-21 02:33:25,341 - [ERROR] - [GOLD] Strategy VOLUME_CLIMAX error: 'volume'
2026-07-21 02:33:26,717 - [ERROR] - [GOLD] Strategy VOLUME_CLIMAX error: 'volume'
2026-07-21 02:33:28,096 - [ERROR] - [GOLD] Strategy VOLUME_CLIMAX error: 'volume'
2026-07-21 02:33:29,458 - [ERROR] - [GOLD] Strategy VOLUME_CLIMAX error: 'volume'
2026-07-21 02:33:30,808 - [ERROR] - [GOLD] Strategy VOLUME_CLIMAX error: 'volume'
2026-07-21 02:33:32,180 - [ERROR] - [GOLD] Strategy VOLUME_CLIMAX error: 'volume'
2026-07-21 02:33:33,541 - [ERROR] - [GOLD] Strategy VOLUME_CLIMAX error: 'volume'
2026-07-21 02:33:34,934 - [ERROR] - [GOLD] Strategy VOLUME_CLIMAX error: 'volume'
2026-07-21 02:33:36,304 - [ERROR] - [GOLD] Strategy VOLUME_CLIMAX error: 'volume'
2026-07-21 02:33:37,664 - [ERROR] - [GOLD] Strategy VOLUME_CLIMAX error: 'volume'
2026-07-21 02:33:39,014 - [ERROR] - [GOLD] Strategy VOLUME_CLIMAX error: 'volume'
2026-07-21 02:33:40,388 - [ERROR] - [GOLD] Strategy VOLUME_CLIMAX error: 'volume'
2026-07-21 02:33:41,739 - [ERROR] - [GOLD] Strategy VOLUME_CLIMAX error: 'volume'
2026-07-21 02:33:43,086 - [ERROR] - [GOLD] Strategy VOLUME_CLIMAX error: 'volume'
2026-07-21 02:33:44,476 - [ERROR] - [GOLD] Strategy VOLUME_CLIMAX error: 'volume'
2026-07-21 02:33:45,873 - [ERROR] - [GOLD] Strategy VOLUME_CLIMAX error: 'volume'
2026-07-21 02:33:47,259 - [ERROR] - [GOLD] Strategy VOLUME_CLIMAX error: 'volume'
2026-07-21 02:33:48,659 - [ERROR] - [GOLD] Strategy VOLUME_CLIMAX error: 'volume'
2026-07-21 02:33:50,047 - [ERROR] - [GOLD] Strategy VOLUME_CLIMAX error: 'volume'
2026-07-21 02:33:51,436 - [ERROR] - [GOLD] Strategy VOLUME_CLIMAX error: 'volume'
2026-07-21 02:33:52,833 - [ERROR] - [GOLD] Strategy VOLUME_CLIMAX error: 'volume'
2026-07-21 02:33:54,221 - [ERROR] - [GOLD] Strategy VOLUME_CLIMAX error: 'volume'
2026-07-21 02:33:55,739 - [ERROR] - [GOLD] Strategy VOLUME_CLIMAX error: 'volume'
2026-07-21 02:33:57,250 - [ERROR] - [GOLD] Strategy VOLUME_CLIMAX error: 'volume'
2026-07-21 02:33:58,737 - [ERROR] - [GOLD] Strategy VOLUME_CLIMAX error: 'volume'
2026-07-21 02:34:00,230 - [ERROR] - [GOLD] Strategy VOLUME_CLIMAX error: 'volume'
2026-07-21 02:34:01,763 - [ERROR] - [GOLD] Strategy VOLUME_CLIMAX error: 'volume'
2026-07-21 02:34:03,240 - [ERROR] - [GOLD] Strategy VOLUME_CLIMAX error: 'volume'
2026-07-21 02:34:04,052 - [WARNING] - [GBPUSD] \U0001f6a8 Spread Protection: Live Spread (167) > Max Allowable (40). Trade Aborted.
2026-07-21 02:34:04,677 - [ERROR] - [GOLD] Strategy VOLUME_CLIMAX error: 'volume'
2026-07-21 02:34:06,034 - [ERROR] - [GOLD] Strategy VOLUME_CLIMAX error: 'volume'
2026-07-21 02:34:06,788 - [WARNING] - [USDJPY] \U0001f6a8 Spread Protection: Live Spread (79) > Max Allowable (40). Trade Aborted.
2026-07-21 02:34:07,408 - [ERROR] - [GOLD] Strategy VOLUME_CLIMAX error: 'volume'
2026-07-21 02:34:08,779 - [ERROR] - [GOLD] Strategy VOLUME_CLIMAX error: 'volume'
2026-07-21 02:34:10,167 - [ERROR] - [GOLD] Strategy VOLUME_CLIMAX error: 'volume'
2026-07-21 02:34:11,542 - [ERROR] - [GOLD] Strategy VOLUME_CLIMAX error: 'volume'
2026-07-21 02:34:12,919 - [ERROR] - [GOLD] Strategy VOLUME_CLIMAX error: 'volume'
2026-07-21 02:34:14,302 - [ERROR] - [GOLD] Strategy VOLUME_CLIMAX error: 'volume'
2026-07-21 02:34:15,671 - [ERROR] - [GOLD] Strategy VOLUME_CLIMAX error: 'volume'
2026-07-21 02:34:17,041 - [ERROR] - [GOLD] Strategy VOLUME_CLIMAX error: 'volume'
2026-07-21 02:34:18,427 - [ERROR] - [GOLD] Strategy VOLUME_CLIMAX error: 'volume'
2026-07-21 02:34:19,793 - [ERROR] - [GOLD] Strategy VOLUME_CLIMAX error: 'volume'
2026-07-21 02:34:21,161 - [ERROR] - [GOLD] Strategy VOLUME_CLIMAX error: 'volume'
2026-07-21 02:34:22,540 - [ERROR] - [GOLD] Strategy VOLUME_CLIMAX error: 'volume'
2026-07-21 02:34:23,895 - [ERROR] - [GOLD] Strategy VOLUME_CLIMAX error: 'volume'
2026-07-21 02:34:25,260 - [ERROR] - [GOLD] Strategy VOLUME_CLIMAX error: 'volume'
2026-07-21 02:34:26,622 - [ERROR] - [GOLD] Strategy VOLUME_CLIMAX error: 'volume'
2026-07-21 02:34:27,980 - [ERROR] - [GOLD] Strategy VOLUME_CLIMAX error: 'volume'
2026-07-21 02:34:29,345 - [ERROR] - [GOLD] Strategy VOLUME_CLIMAX error: 'volume'
2026-07-21 02:34:30,770 - [ERROR] - [GOLD] Strategy VOLUME_CLIMAX error: 'volume'
2026-07-21 02:34:32,131 - [ERROR] - [GOLD] Strategy VOLUME_CLIMAX error: 'volume'
2026-07-21 02:34:33,488 - [ERROR] - [GOLD] Strategy VOLUME_CLIMAX error: 'volume'
2026-07-21 02:34:34,855 - [ERROR] - [GOLD] Strategy VOLUME_CLIMAX error: 'volume'
2026-07-21 02:34:36,223 - [ERROR] - [GOLD] Strategy VOLUME_CLIMAX error: 'volume'
2026-07-21 02:34:37,615 - [ERROR] - [GOLD] Strategy VOLUME_CLIMAX error: 'volume'
2026-07-21 02:34:38,994 - [ERROR] - [GOLD] Strategy VOLUME_CLIMAX error: 'volume'
2026-07-21 02:34:40,380 - [ERROR] - [GOLD] Strategy VOLUME_CLIMAX error: 'volume'
2026-07-21 02:34:41,758 - [ERROR] - [GOLD] Strategy VOLUME_CLIMAX error: 'volume'
2026-07-21 02:34:43,140 - [ERROR] - [GOLD] Strategy VOLUME_CLIMAX error: 'volume'
2026-07-21 02:34:44,535 - [ERROR] - [GOLD] Strategy VOLUME_CLIMAX error: 'volume'
2026-07-21 02:34:45,915 - [ERROR] - [GOLD] Strategy VOLUME_CLIMAX error: 'volume'
2026-07-21 02:34:47,300 - [ERROR] - [GOLD] Strategy VOLUME_CLIMAX error: 'volume'
2026-07-21 02:34:48,741 - [ERROR] - [GOLD] Strategy VOLUME_CLIMAX error: 'volume'
2026-07-21 02:34:50,210 - [ERROR] - [GOLD] Strategy VOLUME_CLIMAX error: 'volume'
2026-07-21 02:34:51,686 - [ERROR] - [GOLD] Strategy VOLUME_CLIMAX error: 'volume'
2026-07-21 02:34:53,120 - [ERROR] - [GOLD] Strategy VOLUME_CLIMAX error: 'volume'
2026-07-21 02:34:54,549 - [ERROR] - [GOLD] Strategy VOLUME_CLIMAX error: 'volume'
2026-07-21 02:34:56,020 - [ERROR] - [GOLD] Strategy VOLUME_CLIMAX error: 'volume'
2026-07-21 02:34:57,551 - [ERROR] - [GOLD] Strategy VOLUME_CLIMAX error: 'volume'
2026-07-21 02:34:59,086 - [ERROR] - [GOLD] Strategy VOLUME_CLIMAX error: 'volume'
2026-07-21 02:35:00,621 - [ERROR] - [GOLD] Strategy VOLUME_CLIMAX error: 'volume'
2026-07-21 02:35:02,233 - [ERROR] - [GOLD] Strategy VOLUME_CLIMAX error: 'volume'
2026-07-21 02:35:03,889 - [ERROR] - [GOLD] Strategy VOLUME_CLIMAX error: 'volume'
2026-07-21 02:35:05,536 - [ERROR] - [GOLD] Strategy VOLUME_CLIMAX error: 'volume'
2026-07-21 02:35:07,243 - [ERROR] - [GOLD] Strategy VOLUME_CLIMAX error: 'volume'
2026-07-21 02:35:08,925 - [ERROR] - [GOLD] Strategy VOLUME_CLIMAX error: 'volume'
2026-07-21 02:35:10,707 - [ERROR] - [GOLD] Strategy VOLUME_CLIMAX error: 'volume'
2026-07-21 02:35:12,513 - [ERROR] - [GOLD] Strategy VOLUME_CLIMAX error: 'volume'
2026-07-21 02:35:14,295 - [ERROR] - [GOLD] Strategy VOLUME_CLIMAX error: 'volume'
2026-07-21 02:35:16,061 - [ERROR] - [GOLD] Strategy VOLUME_CLIMAX error: 'volume'
2026-07-21 02:35:17,872 - [ERROR] - [GOLD] Strategy VOLUME_CLIMAX error: 'volume'
2026-07-21 02:35:19,733 - [ERROR] - [GOLD] Strategy VOLUME_CLIMAX error: 'volume'
2026-07-21 02:35:21,498 - [ERROR] - [GOLD] Strategy VOLUME_CLIMAX error: 'volume'
2026-07-21 02:35:23,203 - [ERROR] - [GOLD] Strategy VOLUME_CLIMAX error: 'volume'
2026-07-21 02:35:24,765 - [ERROR] - [GOLD] Strategy VOLUME_CLIMAX error: 'volume'
2026-07-21 02:35:26,301 - [ERROR] - [GOLD] Strategy VOLUME_CLIMAX error: 'volume'
2026-07-21 02:35:27,854 - [ERROR] - [GOLD] Strategy VOLUME_CLIMAX error: 'volume'
2026-07-21 02:35:29,358 - [ERROR] - [GOLD] Strategy VOLUME_CLIMAX error: 'volume'
2026-07-21 02:35:30,811 - [ERROR] - [GOLD] Strategy VOLUME_CLIMAX error: 'volume'
2026-07-21 02:35:32,206 - [ERROR] - [GOLD] Strategy VOLUME_CLIMAX error: 'volume'
2026-07-21 02:35:33,598 - [ERROR] - [GOLD] Strategy VOLUME_CLIMAX error: 'volume'
2026-07-21 02:35:35,000 - [ERROR] - [GOLD] Strategy VOLUME_CLIMAX error: 'volume'
2026-07-21 02:35:36,388 - [ERROR] - [GOLD] Strategy VOLUME_CLIMAX error: 'volume'
2026-07-21 02:35:37,757 - [ERROR] - [GOLD] Strategy VOLUME_CLIMAX error: 'volume'
2026-07-21 02:35:39,143 - [ERROR] - [GOLD] Strategy VOLUME_CLIMAX error: 'volume'
2026-07-21 02:35:40,492 - [ERROR] - [GOLD] Strategy VOLUME_CLIMAX error: 'volume'
2026-07-21 02:35:41,861 - [ERROR] - [GOLD] Strategy VOLUME_CLIMAX error: 'volume'
2026-07-21 02:35:43,251 - [ERROR] - [GOLD] Strategy VOLUME_CLIMAX error: 'volume'
2026-07-21 02:35:44,607 - [ERROR] - [GOLD] Strategy VOLUME_CLIMAX error: 'volume'
2026-07-21 02:35:45,979 - [ERROR] - [GOLD] Strategy VOLUME_CLIMAX error: 'volume'
2026-07-21 02:35:47,397 - [ERROR] - [GOLD] Strategy VOLUME_CLIMAX error: 'volume'
2026-07-21 02:35:48,768 - [ERROR] - [GOLD] Strategy VOLUME_CLIMAX error: 'volume'
2026-07-21 02:35:50,152 - [ERROR] - [GOLD] Strategy VOLUME_CLIMAX error: 'volume'
2026-07-21 02:35:51,541 - [ERROR] - [GOLD] Strategy VOLUME_CLIMAX error: 'volume'
2026-07-21 02:35:52,922 - [ERROR] - [GOLD] Strategy VOLUME_CLIMAX error: 'volume'
2026-07-21 02:35:54,345 - [ERROR] - [GOLD] Strategy VOLUME_CLIMAX error: 'volume'
2026-07-21 02:35:55,771 - [ERROR] - [GOLD] Strategy VOLUME_CLIMAX error: 'volume'
2026-07-21 02:35:57,131 - [ERROR] - [GOLD] Strategy VOLUME_CLIMAX error: 'volume'
2026-07-21 02:35:58,517 - [ERROR] - [GOLD] Strategy VOLUME_CLIMAX error: 'volume'
2026-07-21 02:35:59,898 - [ERROR] - [GOLD] Strategy VOLUME_CLIMAX error: 'volume'
2026-07-21 02:36:01,292 - [ERROR] - [GOLD] Strategy VOLUME_CLIMAX error: 'volume'
2026-07-21 02:36:02,680 - [ERROR] - [GOLD] Strategy VOLUME_CLIMAX error: 'volume'
2026-07-21 02:36:04,052 - [ERROR] - [GOLD] Strategy VOLUME_CLIMAX error: 'volume'
2026-07-21 02:36:04,677 - [WARNING] - [GBPUSD] \U0001f6a8 Spread Protection: Live Spread (167) > Max Allowable (40). Trade Aborted.
2026-07-21 02:36:05,439 - [ERROR] - [GOLD] Strategy VOLUME_CLIMAX error: 'volume'
2026-07-21 02:36:06,815 - [ERROR] - [GOLD] Strategy VOLUME_CLIMAX error: 'volume'
2026-07-21 02:36:07,451 - [WARNING] - [USDJPY] \U0001f6a8 Spread Protection: Live Spread (79) > Max Allowable (40). Trade Aborted.
2026-07-21 02:36:08,173 - [ERROR] - [GOLD] Strategy VOLUME_CLIMAX error: 'volume'
2026-07-21 02:36:09,549 - [ERROR] - [GOLD] Strategy VOLUME_CLIMAX error: 'volume'
2026-07-21 02:36:10,919 - [ERROR] - [GOLD] Strategy VOLUME_CLIMAX error: 'volume'
2026-07-21 02:36:12,290 - [ERROR] - [GOLD] Strategy VOLUME_CLIMAX error: 'volume'
2026-07-21 02:36:13,660 - [ERROR] - [GOLD] Strategy VOLUME_CLIMAX error: 'volume'
2026-07-21 02:36:15,087 - [ERROR] - [GOLD] Strategy VOLUME_CLIMAX error: 'volume'
2026-07-21 02:36:16,504 - [ERROR] - [GOLD] Strategy VOLUME_CLIMAX error: 'volume'
2026-07-21 02:36:17,898 - [ERROR] - [GOLD] Strategy VOLUME_CLIMAX error: 'volume'
2026-07-21 02:36:19,344 - [ERROR] - [GOLD] Strategy VOLUME_CLIMAX error: 'volume'
2026-07-21 02:36:20,754 - [ERROR] - [GOLD] Strategy VOLUME_CLIMAX error: 'volume'
2026-07-21 02:36:22,120 - [ERROR] - [GOLD] Strategy VOLUME_CLIMAX error: 'volume'
2026-07-21 02:36:23,519 - [ERROR] - [GOLD] Strategy VOLUME_CLIMAX error: 'volume'
2026-07-21 02:36:24,935 - [ERROR] - [GOLD] Strategy VOLUME_CLIMAX error: 'volume'
2026-07-21 02:36:26,355 - [ERROR] - [GOLD] Strategy VOLUME_CLIMAX error: 'volume'
2026-07-21 02:36:27,737 - [ERROR] - [GOLD] Strategy VOLUME_CLIMAX error: 'volume'
2026-07-21 02:36:29,109 - [ERROR] - [GOLD] Strategy VOLUME_CLIMAX error: 'volume'
2026-07-21 02:36:30,488 - [ERROR] - [GOLD] Strategy VOLUME_CLIMAX error: 'volume'
2026-07-21 02:36:31,853 - [ERROR] - [GOLD] Strategy VOLUME_CLIMAX error: 'volume'
2026-07-21 02:36:33,214 - [ERROR] - [GOLD] Strategy VOLUME_CLIMAX error: 'volume'
2026-07-21 02:36:34,578 - [ERROR] - [GOLD] Strategy VOLUME_CLIMAX error: 'volume'
2026-07-21 02:36:35,954 - [ERROR] - [GOLD] Strategy VOLUME_CLIMAX error: 'volume'
2026-07-21 02:36:37,361 - [ERROR] - [GOLD] Strategy VOLUME_CLIMAX error: 'volume'
2026-07-21 02:36:38,744 - [ERROR] - [GOLD] Strategy VOLUME_CLIMAX error: 'volume'
2026-07-21 02:36:40,111 - [ERROR] - [GOLD] Strategy VOLUME_CLIMAX error: 'volume'
2026-07-21 02:36:41,522 - [ERROR] - [GOLD] Strategy VOLUME_CLIMAX error: 'volume'
2026-07-21 02:36:42,927 - [ERROR] - [GOLD] Strategy VOLUME_CLIMAX error: 'volume'
2026-07-21 02:36:44,322 - [ERROR] - [GOLD] Strategy VOLUME_CLIMAX error: 'volume'
2026-07-21 02:36:45,694 - [ERROR] - [GOLD] Strategy VOLUME_CLIMAX error: 'volume'
2026-07-21 02:36:47,075 - [ERROR] - [GOLD] Strategy VOLUME_CLIMAX error: 'volume'
2026-07-21 02:36:48,550 - [ERROR] - [GOLD] Strategy VOLUME_CLIMAX error: 'volume'
2026-07-21 02:36:49,950 - [ERROR] - [GOLD] Strategy VOLUME_CLIMAX error: 'volume'
2026-07-21 02:36:51,316 - [ERROR] - [GOLD] Strategy VOLUME_CLIMAX error: 'volume'
2026-07-21 02:36:52,670 - [ERROR] - [GOLD] Strategy VOLUME_CLIMAX error: 'volume'
2026-07-21 02:36:54,046 - [ERROR] - [GOLD] Strategy VOLUME_CLIMAX error: 'volume'
2026-07-21 02:36:55,404 - [ERROR] - [GOLD] Strategy VOLUME_CLIMAX error: 'volume'
2026-07-21 02:36:56,793 - [ERROR] - [GOLD] Strategy VOLUME_CLIMAX error: 'volume'
2026-07-21 02:36:58,163 - [ERROR] - [GOLD] Strategy VOLUME_CLIMAX error: 'volume'
2026-07-21 02:36:59,519 - [ERROR] - [GOLD] Strategy VOLUME_CLIMAX error: 'volume'
2026-07-21 02:37:00,889 - [ERROR] - [GOLD] Strategy VOLUME_CLIMAX error: 'volume'
2026-07-21 02:37:02,292 - [ERROR] - [GOLD] Strategy VOLUME_CLIMAX error: 'volume'
2026-07-21 02:37:03,686 - [ERROR] - [GOLD] Strategy VOLUME_CLIMAX error: 'volume'
2026-07-21 02:37:05,068 - [ERROR] - [GOLD] Strategy VOLUME_CLIMAX error: 'volume'
2026-07-21 02:37:06,481 - [ERROR] - [GOLD] Strategy VOLUME_CLIMAX error: 'volume'
2026-07-21 02:37:07,855 - [ERROR] - [GOLD] Strategy VOLUME_CLIMAX error: 'volume'
2026-07-21 02:37:09,230 - [ERROR] - [GOLD] Strategy VOLUME_CLIMAX error: 'volume'
2026-07-21 02:37:10,644 - [ERROR] - [GOLD] Strategy VOLUME_CLIMAX error: 'volume'
2026-07-21 02:37:12,077 - [ERROR] - [GOLD] Strategy VOLUME_CLIMAX error: 'volume'
2026-07-21 02:37:13,492 - [ERROR] - [GOLD] Strategy VOLUME_CLIMAX error: 'volume'
2026-07-21 02:37:14,908 - [ERROR] - [GOLD] Strategy VOLUME_CLIMAX error: 'volume'
2026-07-21 02:37:16,266 - [ERROR] - [GOLD] Strategy VOLUME_CLIMAX error: 'volume'
2026-07-21 02:37:17,618 - [ERROR] - [GOLD] Strategy VOLUME_CLIMAX error: 'volume'
2026-07-21 02:37:18,983 - [ERROR] - [GOLD] Strategy VOLUME_CLIMAX error: 'volume'
2026-07-21 02:37:20,367 - [ERROR] - [GOLD] Strategy VOLUME_CLIMAX error: 'volume'
2026-07-21 02:37:21,796 - [ERROR] - [GOLD] Strategy VOLUME_CLIMAX error: 'volume'
2026-07-21 02:37:23,248 - [ERROR] - [GOLD] Strategy VOLUME_CLIMAX error: 'volume'
2026-07-21 02:37:24,662 - [ERROR] - [GOLD] Strategy VOLUME_CLIMAX error: 'volume'
2026-07-21 02:37:26,042 - [ERROR] - [GOLD] Strategy VOLUME_CLIMAX error: 'volume'
2026-07-21 02:37:27,412 - [ERROR] - [GOLD] Strategy VOLUME_CLIMAX error: 'volume'
2026-07-21 02:37:28,804 - [ERROR] - [GOLD] Strategy VOLUME_CLIMAX error: 'volume'
2026-07-21 02:37:30,237 - [ERROR] - [GOLD] Strategy VOLUME_CLIMAX error: 'volume'
2026-07-21 02:37:31,670 - [ERROR] - [GOLD] Strategy VOLUME_CLIMAX error: 'volume'
2026-07-21 02:37:33,019 - [ERROR] - [GOLD] Strategy VOLUME_CLIMAX error: 'volume'
2026-07-21 02:37:34,378 - [ERROR] - [GOLD] Strategy VOLUME_CLIMAX error: 'volume'
2026-07-21 02:37:35,754 - [ERROR] - [GOLD] Strategy VOLUME_CLIMAX error: 'volume'
2026-07-21 02:37:37,131 - [ERROR] - [GOLD] Strategy VOLUME_CLIMAX error: 'volume'
2026-07-21 02:37:38,540 - [ERROR] - [GOLD] Strategy VOLUME_CLIMAX error: 'volume'
2026-07-21 02:37:39,975 - [ERROR] - [GOLD] Strategy VOLUME_CLIMAX error: 'volume'
2026-07-21 02:37:41,366 - [ERROR] - [GOLD] Strategy VOLUME_CLIMAX error: 'volume'
2026-07-21 02:37:42,832 - [ERROR] - [GOLD] Strategy VOLUME_CLIMAX error: 'volume'
2026-07-21 02:37:44,351 - [ERROR] - [GOLD] Strategy VOLUME_CLIMAX error: 'volume'
2026-07-21 02:37:45,842 - [ERROR] - [GOLD] Strategy VOLUME_CLIMAX error: 'volume'
2026-07-21 02:37:47,262 - [ERROR] - [GOLD] Strategy VOLUME_CLIMAX error: 'volume'
2026-07-21 02:37:48,702 - [ERROR] - [GOLD] Strategy VOLUME_CLIMAX error: 'volume'
2026-07-21 02:37:50,095 - [ERROR] - [GOLD] Strategy VOLUME_CLIMAX error: 'volume'
2026-07-21 02:37:51,491 - [ERROR] - [GOLD] Strategy VOLUME_CLIMAX error: 'volume'
2026-07-21 02:37:52,912 - [ERROR] - [GOLD] Strategy VOLUME_CLIMAX error: 'volume'
2026-07-21 02:37:54,334 - [ERROR] - [GOLD] Strategy VOLUME_CLIMAX error: 'volume'
2026-07-21 02:37:55,767 - [ERROR] - [GOLD] Strategy VOLUME_CLIMAX error: 'volume'
2026-07-21 02:37:57,212 - [ERROR] - [GOLD] Strategy VOLUME_CLIMAX error: 'volume'
2026-07-21 02:37:58,646 - [ERROR] - [GOLD] Strategy VOLUME_CLIMAX error: 'volume'
2026-07-21 02:38:00,058 - [ERROR] - [GOLD] Strategy VOLUME_CLIMAX error: 'volume'
2026-07-21 02:38:01,534 - [ERROR] - [GOLD] Strategy VOLUME_CLIMAX error: 'volume'
2026-07-21 02:38:02,984 - [ERROR] - [GOLD] Strategy VOLUME_CLIMAX error: 'volume'
2026-07-21 02:38:04,382 - [ERROR] - [GOLD] Strategy VOLUME_CLIMAX error: 'volume'
2026-07-21 02:38:05,156 - [WARNING] - [GBPUSD] \U0001f6a8 Spread Protection: Live Spread (167) > Max Allowable (40). Trade Aborted.
2026-07-21 02:38:05,833 - [ERROR] - [GOLD] Strategy VOLUME_CLIMAX error: 'volume'
2026-07-21 02:38:07,254 - [ERROR] - [GOLD] Strategy VOLUME_CLIMAX error: 'volume'
2026-07-21 02:38:07,963 - [WARNING] - [USDJPY] \U0001f6a8 Spread Protection: Live Spread (79) > Max Allowable (40). Trade Aborted.
2026-07-21 02:38:08,611 - [ERROR] - [GOLD] Strategy VOLUME_CLIMAX error: 'volume'
2026-07-21 02:38:09,959 - [ERROR] - [GOLD] Strategy VOLUME_CLIMAX error: 'volume'
2026-07-21 02:38:11,359 - [ERROR] - [GOLD] Strategy VOLUME_CLIMAX error: 'volume'
2026-07-21 02:38:12,824 - [ERROR] - [GOLD] Strategy VOLUME_CLIMAX error: 'volume'
2026-07-21 02:38:14,291 - [ERROR] - [GOLD] Strategy VOLUME_CLIMAX error: 'volume'
2026-07-21 02:38:15,779 - [ERROR] - [GOLD] Strategy VOLUME_CLIMAX error: 'volume'
2026-07-21 02:38:17,262 - [ERROR] - [GOLD] Strategy VOLUME_CLIMAX error: 'volume'
2026-07-21 02:38:18,773 - [ERROR] - [GOLD] Strategy VOLUME_CLIMAX error: 'volume'
2026-07-21 02:38:20,271 - [ERROR] - [GOLD] Strategy VOLUME_CLIMAX error: 'volume'
2026-07-21 02:38:21,782 - [ERROR] - [GOLD] Strategy VOLUME_CLIMAX error: 'volume'
2026-07-21 02:38:23,226 - [ERROR] - [GOLD] Strategy VOLUME_CLIMAX error: 'volume'
2026-07-21 02:38:24,680 - [ERROR] - [GOLD] Strategy VOLUME_CLIMAX error: 'volume'
2026-07-21 02:38:26,068 - [ERROR] - [GOLD] Strategy VOLUME_CLIMAX error: 'volume'
2026-07-21 02:38:27,464 - [ERROR] - [GOLD] Strategy VOLUME_CLIMAX error: 'volume'
2026-07-21 02:38:28,936 - [ERROR] - [GOLD] Strategy VOLUME_CLIMAX error: 'volume'
2026-07-21 02:38:30,353 - [ERROR] - [GOLD] Strategy VOLUME_CLIMAX error: 'volume'
2026-07-21 02:38:31,878 - [ERROR] - [GOLD] Strategy VOLUME_CLIMAX error: 'volume'
2026-07-21 02:38:33,344 - [ERROR] - [GOLD] Strategy VOLUME_CLIMAX error: 'volume'
2026-07-21 02:38:34,822 - [ERROR] - [GOLD] Strategy VOLUME_CLIMAX error: 'volume'
2026-07-21 02:38:36,358 - [ERROR] - [GOLD] Strategy VOLUME_CLIMAX error: 'volume'
2026-07-21 02:38:37,968 - [ERROR] - [GOLD] Strategy VOLUME_CLIMAX error: 'volume'
2026-07-21 02:38:39,565 - [ERROR] - [GOLD] Strategy VOLUME_CLIMAX error: 'volume'
2026-07-21 02:38:41,267 - [ERROR] - [GOLD] Strategy VOLUME_CLIMAX error: 'volume'
2026-07-21 02:38:43,107 - [ERROR] - [GOLD] Strategy VOLUME_CLIMAX error: 'volume'
2026-07-21 02:38:44,914 - [ERROR] - [GOLD] Strategy VOLUME_CLIMAX error: 'volume'
2026-07-21 02:38:46,713 - [ERROR] - [GOLD] Strategy VOLUME_CLIMAX error: 'volume'
2026-07-21 02:38:48,572 - [ERROR] - [GOLD] Strategy VOLUME_CLIMAX error: 'volume'
2026-07-21 02:38:50,382 - [ERROR] - [GOLD] Strategy VOLUME_CLIMAX error: 'volume'
2026-07-21 02:38:52,139 - [ERROR] - [GOLD] Strategy VOLUME_CLIMAX error: 'volume'
2026-07-21 02:38:53,790 - [ERROR] - [GOLD] Strategy VOLUME_CLIMAX error: 'volume'
2026-07-21 02:38:55,376 - [ERROR] - [GOLD] Strategy VOLUME_CLIMAX error: 'volume'
2026-07-21 02:38:57,001 - [ERROR] - [GOLD] Strategy VOLUME_CLIMAX error: 'volume'
2026-07-21 02:38:58,531 - [ERROR] - [GOLD] Strategy VOLUME_CLIMAX error: 'volume'
2026-07-21 02:39:00,038 - [ERROR] - [GOLD] Strategy VOLUME_CLIMAX error: 'volume'
2026-07-21 02:39:01,509 - [ERROR] - [GOLD] Strategy VOLUME_CLIMAX error: 'volume'
2026-07-21 02:39:02,907 - [ERROR] - [GOLD] Strategy VOLUME_CLIMAX error: 'volume'
2026-07-21 02:39:04,331 - [ERROR] - [GOLD] Strategy VOLUME_CLIMAX error: 'volume'
2026-07-21 02:39:05,762 - [ERROR] - [GOLD] Strategy VOLUME_CLIMAX error: 'volume'
2026-07-21 02:39:07,174 - [ERROR] - [GOLD] Strategy VOLUME_CLIMAX error: 'volume'
2026-07-21 02:39:08,567 - [ERROR] - [GOLD] Strategy VOLUME_CLIMAX error: 'volume'
2026-07-21 02:39:09,925 - [ERROR] - [GOLD] Strategy VOLUME_CLIMAX error: 'volume'
2026-07-21 02:39:11,304 - [ERROR] - [GOLD] Strategy VOLUME_CLIMAX error: 'volume'
2026-07-21 02:39:12,697 - [ERROR] - [GOLD] Strategy VOLUME_CLIMAX error: 'volume'
2026-07-21 02:39:14,056 - [ERROR] - [GOLD] Strategy VOLUME_CLIMAX error: 'volume'
2026-07-21 02:39:15,416 - [ERROR] - [GOLD] Strategy VOLUME_CLIMAX error: 'volume'
2026-07-21 02:39:16,786 - [ERROR] - [GOLD] Strategy VOLUME_CLIMAX error: 'volume'
2026-07-21 02:39:18,149 - [ERROR] - [GOLD] Strategy VOLUME_CLIMAX error: 'volume'
2026-07-21 02:39:19,523 - [ERROR] - [GOLD] Strategy VOLUME_CLIMAX error: 'volume'
2026-07-21 02:39:20,892 - [ERROR] - [GOLD] Strategy VOLUME_CLIMAX error: 'volume'
2026-07-21 02:39:22,255 - [ERROR] - [GOLD] Strategy VOLUME_CLIMAX error: 'volume'
2026-07-21 02:39:23,621 - [ERROR] - [GOLD] Strategy VOLUME_CLIMAX error: 'volume'
2026-07-21 02:39:24,981 - [ERROR] - [GOLD] Strategy VOLUME_CLIMAX error: 'volume'
2026-07-21 02:39:26,345 - [ERROR] - [GOLD] Strategy VOLUME_CLIMAX error: 'volume'
2026-07-21 02:39:27,726 - [ERROR] - [GOLD] Strategy VOLUME_CLIMAX error: 'volume'
2026-07-21 02:39:29,081 - [ERROR] - [GOLD] Strategy VOLUME_CLIMAX error: 'volume'
2026-07-21 02:39:30,439 - [ERROR] - [GOLD] Strategy VOLUME_CLIMAX error: 'volume'
2026-07-21 02:39:31,822 - [ERROR] - [GOLD] Strategy VOLUME_CLIMAX error: 'volume'
2026-07-21 02:39:33,181 - [ERROR] - [GOLD] Strategy VOLUME_CLIMAX error: 'volume'
2026-07-21 02:39:34,562 - [ERROR] - [GOLD] Strategy VOLUME_CLIMAX error: 'volume'
2026-07-21 02:39:35,940 - [ERROR] - [GOLD] Strategy VOLUME_CLIMAX error: 'volume'
2026-07-21 02:39:37,311 - [ERROR] - [GOLD] Strategy VOLUME_CLIMAX error: 'volume'
2026-07-21 02:39:38,667 - [ERROR] - [GOLD] Strategy VOLUME_CLIMAX error: 'volume'
2026-07-21 02:39:40,032 - [ERROR] - [GOLD] Strategy VOLUME_CLIMAX error: 'volume'
2026-07-21 02:39:41,449 - [ERROR] - [GOLD] Strategy VOLUME_CLIMAX error: 'volume'
2026-07-21 02:39:42,827 - [ERROR] - [GOLD] Strategy VOLUME_CLIMAX error: 'volume'
2026-07-21 02:39:44,191 - [ERROR] - [GOLD] Strategy VOLUME_CLIMAX error: 'volume'
2026-07-21 02:39:45,567 - [ERROR] - [GOLD] Strategy VOLUME_CLIMAX error: 'volume'
2026-07-21 02:39:46,914 - [ERROR] - [GOLD] Strategy VOLUME_CLIMAX error: 'volume'
2026-07-21 02:39:48,297 - [ERROR] - [GOLD] Strategy VOLUME_CLIMAX error: 'volume'
2026-07-21 02:39:49,657 - [ERROR] - [GOLD] Strategy VOLUME_CLIMAX error: 'volume'
2026-07-21 02:39:51,029 - [ERROR] - [GOLD] Strategy VOLUME_CLIMAX error: 'volume'
2026-07-21 02:39:52,403 - [ERROR] - [GOLD] Strategy VOLUME_CLIMAX error: 'volume'
2026-07-21 02:39:53,770 - [ERROR] - [GOLD] Strategy VOLUME_CLIMAX error: 'volume'
2026-07-21 02:39:55,190 - [ERROR] - [GOLD] Strategy VOLUME_CLIMAX error: 'volume'
2026-07-21 02:39:56,575 - [ERROR] - [GOLD] Strategy VOLUME_CLIMAX error: 'volume'
2026-07-21 02:39:57,931 - [ERROR] - [GOLD] Strategy VOLUME_CLIMAX error: 'volume'
2026-07-21 02:39:59,282 - [ERROR] - [GOLD] Strategy VOLUME_CLIMAX error: 'volume'
2026-07-21 02:40:00,675 - [ERROR] - [GOLD] Strategy VOLUME_CLIMAX error: 'volume'
2026-07-21 02:40:02,070 - [ERROR] - [GOLD] Strategy VOLUME_CLIMAX error: 'volume'
2026-07-21 02:40:03,452 - [ERROR] - [GOLD] Strategy VOLUME_CLIMAX error: 'volume'
2026-07-21 02:40:04,826 - [ERROR] - [GOLD] Strategy VOLUME_CLIMAX error: 'volume'
2026-07-21 02:40:05,694 - [WARNING] - [GBPUSD] \U0001f6a8 Spread Protection: Live Spread (162) > Max Allowable (40). Trade Aborted.
2026-07-21 02:40:06,226 - [ERROR] - [GOLD] Strategy VOLUME_CLIMAX error: 'volume'
2026-07-21 02:40:07,636 - [ERROR] - [GOLD] Strategy VOLUME_CLIMAX error: 'volume'
2026-07-21 02:40:08,562 - [WARNING] - [USDJPY] \U0001f6a8 Spread Protection: Live Spread (79) > Max Allowable (40). Trade Aborted.
2026-07-21 02:40:09,053 - [ERROR] - [GOLD] Strategy VOLUME_CLIMAX error: 'volume'
2026-07-21 02:40:10,401 - [ERROR] - [GOLD] Strategy VOLUME_CLIMAX error: 'volume'
2026-07-21 02:40:11,777 - [ERROR] - [GOLD] Strategy VOLUME_CLIMAX error: 'volume'
2026-07-21 02:40:13,154 - [ERROR] - [GOLD] Strategy VOLUME_CLIMAX error: 'volume'
2026-07-21 02:40:14,524 - [ERROR] - [GOLD] Strategy VOLUME_CLIMAX error: 'volume'
2026-07-21 02:40:15,900 - [ERROR] - [GOLD] Strategy VOLUME_CLIMAX error: 'volume'
2026-07-21 02:40:17,283 - [ERROR] - [GOLD] Strategy VOLUME_CLIMAX error: 'volume'
2026-07-21 02:40:18,651 - [ERROR] - [GOLD] Strategy VOLUME_CLIMAX error: 'volume'
2026-07-21 02:40:20,054 - [ERROR] - [GOLD] Strategy VOLUME_CLIMAX error: 'volume'
2026-07-21 02:40:21,424 - [ERROR] - [GOLD] Strategy VOLUME_CLIMAX error: 'volume'
2026-07-21 02:40:22,807 - [ERROR] - [GOLD] Strategy VOLUME_CLIMAX error: 'volume'
2026-07-21 02:40:24,192 - [ERROR] - [GOLD] Strategy VOLUME_CLIMAX error: 'volume'
2026-07-21 02:40:25,555 - [ERROR] - [GOLD] Strategy VOLUME_CLIMAX error: 'volume'
2026-07-21 02:40:26,956 - [ERROR] - [GOLD] Strategy VOLUME_CLIMAX error: 'volume'
2026-07-21 02:40:28,332 - [ERROR] - [GOLD] Strategy VOLUME_CLIMAX error: 'volume'
2026-07-21 02:40:29,710 - [ERROR] - [GOLD] Strategy VOLUME_CLIMAX error: 'volume'
2026-07-21 02:40:31,093 - [ERROR] - [GOLD] Strategy VOLUME_CLIMAX error: 'volume'
2026-07-21 02:40:32,460 - [ERROR] - [GOLD] Strategy VOLUME_CLIMAX error: 'volume'
2026-07-21 02:40:33,817 - [ERROR] - [GOLD] Strategy VOLUME_CLIMAX error: 'volume'
2026-07-21 02:40:35,245 - [ERROR] - [GOLD] Strategy VOLUME_CLIMAX error: 'volume'
2026-07-21 02:40:36,672 - [ERROR] - [GOLD] Strategy VOLUME_CLIMAX error: 'volume'
2026-07-21 02:40:38,081 - [ERROR] - [GOLD] Strategy VOLUME_CLIMAX error: 'volume'
2026-07-21 02:40:39,465 - [ERROR] - [GOLD] Strategy VOLUME_CLIMAX error: 'volume'
2026-07-21 02:40:40,828 - [ERROR] - [GOLD] Strategy VOLUME_CLIMAX error: 'volume'
2026-07-21 02:40:42,329 - [ERROR] - [GOLD] Strategy VOLUME_CLIMAX error: 'volume'
2026-07-21 02:40:43,756 - [ERROR] - [GOLD] Strategy VOLUME_CLIMAX error: 'volume'
2026-07-21 02:40:45,191 - [ERROR] - [GOLD] Strategy VOLUME_CLIMAX error: 'volume'
2026-07-21 02:40:46,611 - [ERROR] - [GOLD] Strategy VOLUME_CLIMAX error: 'volume'
2026-07-21 02:40:47,961 - [ERROR] - [GOLD] Strategy VOLUME_CLIMAX error: 'volume'
2026-07-21 02:40:49,333 - [ERROR] - [GOLD] Strategy VOLUME_CLIMAX error: 'volume'
2026-07-21 02:40:50,765 - [ERROR] - [GOLD] Strategy VOLUME_CLIMAX error: 'volume'
2026-07-21 02:40:52,150 - [ERROR] - [GOLD] Strategy VOLUME_CLIMAX error: 'volume'
2026-07-21 02:40:53,542 - [ERROR] - [GOLD] Strategy VOLUME_CLIMAX error: 'volume'
2026-07-21 02:40:55,038 - [ERROR] - [GOLD] Strategy VOLUME_CLIMAX error: 'volume'
2026-07-21 02:40:56,499 - [ERROR] - [GOLD] Strategy VOLUME_CLIMAX error: 'volume'
2026-07-21 02:40:57,989 - [ERROR] - [GOLD] Strategy VOLUME_CLIMAX error: 'volume'
2026-07-21 02:40:59,405 - [ERROR] - [GOLD] Strategy VOLUME_CLIMAX error: 'volume'
2026-07-21 02:41:00,949 - [ERROR] - [GOLD] Strategy VOLUME_CLIMAX error: 'volume'
2026-07-21 02:41:02,466 - [ERROR] - [GOLD] Strategy VOLUME_CLIMAX error: 'volume'
2026-07-21 02:41:03,982 - [ERROR] - [GOLD] Strategy VOLUME_CLIMAX error: 'volume'
2026-07-21 02:41:05,463 - [ERROR] - [GOLD] Strategy VOLUME_CLIMAX error: 'volume'
2026-07-21 02:41:07,095 - [ERROR] - [GOLD] Strategy VOLUME_CLIMAX error: 'volume'
2026-07-21 02:41:08,614 - [ERROR] - [GOLD] Strategy VOLUME_CLIMAX error: 'volume'
2026-07-21 02:41:10,170 - [ERROR] - [GOLD] Strategy VOLUME_CLIMAX error: 'volume'
2026-07-21 02:41:11,766 - [ERROR] - [GOLD] Strategy VOLUME_CLIMAX error: 'volume'
2026-07-21 02:41:13,368 - [ERROR] - [GOLD] Strategy VOLUME_CLIMAX error: 'volume'
2026-07-21 02:41:14,895 - [ERROR] - [GOLD] Strategy VOLUME_CLIMAX error: 'volume'
2026-07-21 02:41:16,460 - [ERROR] - [GOLD] Strategy VOLUME_CLIMAX error: 'volume'
2026-07-21 02:41:18,041 - [ERROR] - [GOLD] Strategy VOLUME_CLIMAX error: 'volume'
2026-07-21 02:41:19,600 - [ERROR] - [GOLD] Strategy VOLUME_CLIMAX error: 'volume'
2026-07-21 02:41:21,099 - [ERROR] - [GOLD] Strategy VOLUME_CLIMAX error: 'volume'
2026-07-21 02:41:22,629 - [ERROR] - [GOLD] Strategy VOLUME_CLIMAX error: 'volume'
2026-07-21 02:41:24,199 - [ERROR] - [GOLD] Strategy VOLUME_CLIMAX error: 'volume'
2026-07-21 02:41:25,754 - [ERROR] - [GOLD] Strategy VOLUME_CLIMAX error: 'volume'
2026-07-21 02:41:27,336 - [ERROR] - [GOLD] Strategy VOLUME_CLIMAX error: 'volume'
2026-07-21 02:41:28,935 - [ERROR] - [GOLD] Strategy VOLUME_CLIMAX error: 'volume'
2026-07-21 02:41:30,518 - [ERROR] - [GOLD] Strategy VOLUME_CLIMAX error: 'volume'
2026-07-21 02:41:32,083 - [ERROR] - [GOLD] Strategy VOLUME_CLIMAX error: 'volume'
2026-07-21 02:41:33,621 - [ERROR] - [GOLD] Strategy VOLUME_CLIMAX error: 'volume'
2026-07-21 02:41:35,141 - [ERROR] - [GOLD] Strategy VOLUME_CLIMAX error: 'volume'
2026-07-21 02:41:36,686 - [ERROR] - [GOLD] Strategy VOLUME_CLIMAX error: 'volume'
2026-07-21 02:41:38,177 - [ERROR] - [GOLD] Strategy VOLUME_CLIMAX error: 'volume'
2026-07-21 02:41:39,645 - [ERROR] - [GOLD] Strategy VOLUME_CLIMAX error: 'volume'
2026-07-21 02:41:41,088 - [ERROR] - [GOLD] Strategy VOLUME_CLIMAX error: 'volume'
2026-07-21 02:41:42,460 - [ERROR] - [GOLD] Strategy VOLUME_CLIMAX error: 'volume'
2026-07-21 02:41:43,884 - [ERROR] - [GOLD] Strategy VOLUME_CLIMAX error: 'volume'
2026-07-21 02:41:45,255 - [ERROR] - [GOLD] Strategy VOLUME_CLIMAX error: 'volume'
2026-07-21 02:41:46,658 - [ERROR] - [GOLD] Strategy VOLUME_CLIMAX error: 'volume'
2026-07-21 02:41:48,061 - [ERROR] - [GOLD] Strategy VOLUME_CLIMAX error: 'volume'
2026-07-21 02:41:49,435 - [ERROR] - [GOLD] Strategy VOLUME_CLIMAX error: 'volume'
2026-07-21 02:41:50,986 - [ERROR] - [GOLD] Strategy VOLUME_CLIMAX error: 'volume'
2026-07-21 02:41:52,414 - [ERROR] - [GOLD] Strategy VOLUME_CLIMAX error: 'volume'
2026-07-21 02:41:53,921 - [ERROR] - [GOLD] Strategy VOLUME_CLIMAX error: 'volume'
2026-07-21 02:41:55,378 - [ERROR] - [GOLD] Strategy VOLUME_CLIMAX error: 'volume'
2026-07-21 02:41:56,821 - [ERROR] - [GOLD] Strategy VOLUME_CLIMAX error: 'volume'
2026-07-21 02:41:58,285 - [ERROR] - [GOLD] Strategy VOLUME_CLIMAX error: 'volume'
2026-07-21 02:41:59,670 - [ERROR] - [GOLD] Strategy VOLUME_CLIMAX error: 'volume'
2026-07-21 02:42:01,037 - [ERROR] - [GOLD] Strategy VOLUME_CLIMAX error: 'volume'
2026-07-21 02:42:02,564 - [ERROR] - [GOLD] Strategy VOLUME_CLIMAX error: 'volume'
2026-07-21 02:42:04,024 - [ERROR] - [GOLD] Strategy VOLUME_CLIMAX error: 'volume'
2026-07-21 02:42:05,446 - [ERROR] - [GOLD] Strategy VOLUME_CLIMAX error: 'volume'
2026-07-21 02:42:06,263 - [WARNING] - [GBPUSD] \U0001f6a8 Spread Protection: Live Spread (167) > Max Allowable (40). Trade Aborted.
2026-07-21 02:42:06,848 - [ERROR] - [GOLD] Strategy VOLUME_CLIMAX error: 'volume'
2026-07-21 02:42:08,216 - [ERROR] - [GOLD] Strategy VOLUME_CLIMAX error: 'volume'
2026-07-21 02:42:09,169 - [WARNING] - [USDJPY] \U0001f6a8 Spread Protection: Live Spread (77) > Max Allowable (40). Trade Aborted.
2026-07-21 02:42:09,583 - [ERROR] - [GOLD] Strategy VOLUME_CLIMAX error: 'volume'
2026-07-21 02:42:11,009 - [ERROR] - [GOLD] Strategy VOLUME_CLIMAX error: 'volume'
2026-07-21 02:42:12,417 - [ERROR] - [GOLD] Strategy VOLUME_CLIMAX error: 'volume'
2026-07-21 02:42:13,860 - [ERROR] - [GOLD] Strategy VOLUME_CLIMAX error: 'volume'
2026-07-21 02:42:15,343 - [ERROR] - [GOLD] Strategy VOLUME_CLIMAX error: 'volume'
2026-07-21 02:42:16,863 - [ERROR] - [GOLD] Strategy VOLUME_CLIMAX error: 'volume'
2026-07-21 02:42:18,343 - [ERROR] - [GOLD] Strategy VOLUME_CLIMAX error: 'volume'
2026-07-21 02:42:19,863 - [ERROR] - [GOLD] Strategy VOLUME_CLIMAX error: 'volume'
2026-07-21 02:42:21,321 - [ERROR] - [GOLD] Strategy VOLUME_CLIMAX error: 'volume'
2026-07-21 02:42:22,825 - [ERROR] - [GOLD] Strategy VOLUME_CLIMAX error: 'volume'
2026-07-21 02:42:24,285 - [ERROR] - [GOLD] Strategy VOLUME_CLIMAX error: 'volume'
2026-07-21 02:42:25,760 - [ERROR] - [GOLD] Strategy VOLUME_CLIMAX error: 'volume'
2026-07-21 02:42:27,227 - [ERROR] - [GOLD] Strategy VOLUME_CLIMAX error: 'volume'
2026-07-21 02:42:28,671 - [ERROR] - [GOLD] Strategy VOLUME_CLIMAX error: 'volume'
2026-07-21 02:42:30,155 - [ERROR] - [GOLD] Strategy VOLUME_CLIMAX error: 'volume'
2026-07-21 02:42:31,601 - [ERROR] - [GOLD] Strategy VOLUME_CLIMAX error: 'volume'
2026-07-21 02:42:33,070 - [ERROR] - [GOLD] Strategy VOLUME_CLIMAX error: 'volume'
2026-07-21 02:42:34,491 - [ERROR] - [GOLD] Strategy VOLUME_CLIMAX error: 'volume'
2026-07-21 02:42:35,936 - [ERROR] - [GOLD] Strategy VOLUME_CLIMAX error: 'volume'
2026-07-21 02:42:37,365 - [ERROR] - [GOLD] Strategy VOLUME_CLIMAX error: 'volume'
2026-07-21 02:42:38,759 - [ERROR] - [GOLD] Strategy VOLUME_CLIMAX error: 'volume'
2026-07-21 02:42:40,145 - [ERROR] - [GOLD] Strategy VOLUME_CLIMAX error: 'volume'
2026-07-21 02:42:41,548 - [ERROR] - [GOLD] Strategy VOLUME_CLIMAX error: 'volume'
2026-07-21 02:42:43,087 - [ERROR] - [GOLD] Strategy VOLUME_CLIMAX error: 'volume'
2026-07-21 02:42:44,722 - [ERROR] - [GOLD] Strategy VOLUME_CLIMAX error: 'volume'
2026-07-21 02:42:46,322 - [ERROR] - [GOLD] Strategy VOLUME_CLIMAX error: 'volume'
2026-07-21 02:42:47,884 - [ERROR] - [GOLD] Strategy VOLUME_CLIMAX error: 'volume'
2026-07-21 02:42:49,499 - [ERROR] - [GOLD] Strategy VOLUME_CLIMAX error: 'volume'
2026-07-21 02:42:51,099 - [ERROR] - [GOLD] Strategy VOLUME_CLIMAX error: 'volume'
2026-07-21 02:42:52,766 - [ERROR] - [GOLD] Strategy VOLUME_CLIMAX error: 'volume'
2026-07-21 02:42:54,448 - [ERROR] - [GOLD] Strategy VOLUME_CLIMAX error: 'volume'
2026-07-21 02:42:56,111 - [ERROR] - [GOLD] Strategy VOLUME_CLIMAX error: 'volume'
2026-07-21 02:42:57,767 - [ERROR] - [GOLD] Strategy VOLUME_CLIMAX error: 'volume'
2026-07-21 02:42:59,384 - [ERROR] - [GOLD] Strategy VOLUME_CLIMAX error: 'volume'
2026-07-21 02:43:00,999 - [ERROR] - [GOLD] Strategy VOLUME_CLIMAX error: 'volume'
2026-07-21 02:43:02,616 - [ERROR] - [GOLD] Strategy VOLUME_CLIMAX error: 'volume'
2026-07-21 02:43:04,195 - [ERROR] - [GOLD] Strategy VOLUME_CLIMAX error: 'volume'
2026-07-21 02:43:05,789 - [ERROR] - [GOLD] Strategy VOLUME_CLIMAX error: 'volume'
2026-07-21 02:43:07,362 - [ERROR] - [GOLD] Strategy VOLUME_CLIMAX error: 'volume'
2026-07-21 02:43:08,909 - [ERROR] - [GOLD] Strategy VOLUME_CLIMAX error: 'volume'
2026-07-21 02:43:10,474 - [ERROR] - [GOLD] Strategy VOLUME_CLIMAX error: 'volume'
2026-07-21 02:43:12,060 - [ERROR] - [GOLD] Strategy VOLUME_CLIMAX error: 'volume'
2026-07-21 02:43:13,657 - [ERROR] - [GOLD] Strategy VOLUME_CLIMAX error: 'volume'
2026-07-21 02:43:15,210 - [ERROR] - [GOLD] Strategy VOLUME_CLIMAX error: 'volume'
2026-07-21 02:43:16,770 - [ERROR] - [GOLD] Strategy VOLUME_CLIMAX error: 'volume'
2026-07-21 02:43:18,349 - [ERROR] - [GOLD] Strategy VOLUME_CLIMAX error: 'volume'
2026-07-21 02:43:20,021 - [ERROR] - [GOLD] Strategy VOLUME_CLIMAX error: 'volume'
2026-07-21 02:43:21,709 - [ERROR] - [GOLD] Strategy VOLUME_CLIMAX error: 'volume'
2026-07-21 02:43:23,383 - [ERROR] - [GOLD] Strategy VOLUME_CLIMAX error: 'volume'
2026-07-21 02:43:25,112 - [ERROR] - [GOLD] Strategy VOLUME_CLIMAX error: 'volume'
2026-07-21 02:43:26,780 - [ERROR] - [GOLD] Strategy VOLUME_CLIMAX error: 'volume'
2026-07-21 02:43:28,554 - [ERROR] - [GOLD] Strategy VOLUME_CLIMAX error: 'volume'
2026-07-21 02:43:30,399 - [ERROR] - [GOLD] Strategy VOLUME_CLIMAX error: 'volume'
2026-07-21 02:43:32,150 - [ERROR] - [GOLD] Strategy VOLUME_CLIMAX error: 'volume'
2026-07-21 02:43:33,905 - [ERROR] - [GOLD] Strategy VOLUME_CLIMAX error: 'volume'
2026-07-21 02:43:35,799 - [ERROR] - [GOLD] Strategy VOLUME_CLIMAX error: 'volume'
2026-07-21 02:43:37,686 - [ERROR] - [GOLD] Strategy VOLUME_CLIMAX error: 'volume'
2026-07-21 02:43:39,400 - [ERROR] - [GOLD] Strategy VOLUME_CLIMAX error: 'volume'
2026-07-21 02:43:41,144 - [ERROR] - [GOLD] Strategy VOLUME_CLIMAX error: 'volume'
2026-07-21 02:43:42,881 - [ERROR] - [GOLD] Strategy VOLUME_CLIMAX error: 'volume'
2026-07-21 02:43:44,613 - [ERROR] - [GOLD] Strategy VOLUME_CLIMAX error: 'volume'
2026-07-21 02:43:46,300 - [ERROR] - [GOLD] Strategy VOLUME_CLIMAX error: 'volume'
2026-07-21 02:43:47,879 - [ERROR] - [GOLD] Strategy VOLUME_CLIMAX error: 'volume'
2026-07-21 02:43:49,377 - [ERROR] - [GOLD] Strategy VOLUME_CLIMAX error: 'volume'
2026-07-21 02:43:50,803 - [ERROR] - [GOLD] Strategy VOLUME_CLIMAX error: 'volume'
2026-07-21 02:43:52,237 - [ERROR] - [GOLD] Strategy VOLUME_CLIMAX error: 'volume'
2026-07-21 02:43:53,610 - [ERROR] - [GOLD] Strategy VOLUME_CLIMAX error: 'volume'
2026-07-21 02:43:54,984 - [ERROR] - [GOLD] Strategy VOLUME_CLIMAX error: 'volume'
2026-07-21 02:43:56,353 - [ERROR] - [GOLD] Strategy VOLUME_CLIMAX error: 'volume'
2026-07-21 02:43:57,722 - [ERROR] - [GOLD] Strategy VOLUME_CLIMAX error: 'volume'
2026-07-21 02:43:59,082 - [ERROR] - [GOLD] Strategy VOLUME_CLIMAX error: 'volume'
2026-07-21 02:44:00,467 - [ERROR] - [GOLD] Strategy VOLUME_CLIMAX error: 'volume'
2026-07-21 02:44:01,846 - [ERROR] - [GOLD] Strategy VOLUME_CLIMAX error: 'volume'
2026-07-21 02:44:03,237 - [ERROR] - [GOLD] Strategy VOLUME_CLIMAX error: 'volume'
2026-07-21 02:44:04,642 - [ERROR] - [GOLD] Strategy VOLUME_CLIMAX error: 'volume'
2026-07-21 02:44:06,012 - [ERROR] - [GOLD] Strategy VOLUME_CLIMAX error: 'volume'
2026-07-21 02:44:06,830 - [WARNING] - [GBPUSD] \U0001f6a8 Spread Protection: Live Spread (167) > Max Allowable (40). Trade Aborted.
2026-07-21 02:44:07,368 - [ERROR] - [GOLD] Strategy VOLUME_CLIMAX error: 'volume'
2026-07-21 02:44:08,741 - [ERROR] - [GOLD] Strategy VOLUME_CLIMAX error: 'volume'
2026-07-21 02:44:09,635 - [WARNING] - [USDJPY] \U0001f6a8 Spread Protection: Live Spread (85) > Max Allowable (40). Trade Aborted.
2026-07-21 02:44:10,112 - [ERROR] - [GOLD] Strategy VOLUME_CLIMAX error: 'volume'
2026-07-21 02:44:11,481 - [ERROR] - [GOLD] Strategy VOLUME_CLIMAX error: 'volume'
2026-07-21 02:44:12,852 - [ERROR] - [GOLD] Strategy VOLUME_CLIMAX error: 'volume'
2026-07-21 02:44:14,222 - [ERROR] - [GOLD] Strategy VOLUME_CLIMAX error: 'volume'
2026-07-21 02:44:15,579 - [ERROR] - [GOLD] Strategy VOLUME_CLIMAX error: 'volume'
2026-07-21 02:44:16,960 - [ERROR] - [GOLD] Strategy VOLUME_CLIMAX error: 'volume'
2026-07-21 02:44:18,320 - [ERROR] - [GOLD] Strategy VOLUME_CLIMAX error: 'volume'
2026-07-21 02:44:19,674 - [ERROR] - [GOLD] Strategy VOLUME_CLIMAX error: 'volume'
2026-07-21 02:44:21,049 - [ERROR] - [GOLD] Strategy VOLUME_CLIMAX error: 'volume'
2026-07-21 02:44:22,423 - [ERROR] - [GOLD] Strategy VOLUME_CLIMAX error: 'volume'
2026-07-21 02:44:23,818 - [ERROR] - [GOLD] Strategy VOLUME_CLIMAX error: 'volume'
2026-07-21 02:44:25,193 - [ERROR] - [GOLD] Strategy VOLUME_CLIMAX error: 'volume'
2026-07-21 02:44:26,604 - [ERROR] - [GOLD] Strategy VOLUME_CLIMAX error: 'volume'
2026-07-21 02:44:27,956 - [ERROR] - [GOLD] Strategy VOLUME_CLIMAX error: 'volume'
2026-07-21 02:44:29,337 - [ERROR] - [GOLD] Strategy VOLUME_CLIMAX error: 'volume'
2026-07-21 02:44:30,713 - [ERROR] - [GOLD] Strategy VOLUME_CLIMAX error: 'volume'
2026-07-21 02:44:32,084 - [ERROR] - [GOLD] Strategy VOLUME_CLIMAX error: 'volume'
2026-07-21 02:44:33,444 - [ERROR] - [GOLD] Strategy VOLUME_CLIMAX error: 'volume'
2026-07-21 02:44:34,802 - [ERROR] - [GOLD] Strategy VOLUME_CLIMAX error: 'volume'
2026-07-21 02:44:36,170 - [ERROR] - [GOLD] Strategy VOLUME_CLIMAX error: 'volume'
2026-07-21 02:44:37,533 - [ERROR] - [GOLD] Strategy VOLUME_CLIMAX error: 'volume'
2026-07-21 02:44:38,895 - [ERROR] - [GOLD] Strategy VOLUME_CLIMAX error: 'volume'
2026-07-21 02:44:40,293 - [ERROR] - [GOLD] Strategy VOLUME_CLIMAX error: 'volume'
2026-07-21 02:44:41,663 - [ERROR] - [GOLD] Strategy VOLUME_CLIMAX error: 'volume'
2026-07-21 02:44:43,058 - [ERROR] - [GOLD] Strategy VOLUME_CLIMAX error: 'volume'
2026-07-21 02:44:44,438 - [ERROR] - [GOLD] Strategy VOLUME_CLIMAX error: 'volume'
2026-07-21 02:44:45,809 - [ERROR] - [GOLD] Strategy VOLUME_CLIMAX error: 'volume'
2026-07-21 02:44:47,205 - [ERROR] - [GOLD] Strategy VOLUME_CLIMAX error: 'volume'
2026-07-21 02:44:48,577 - [ERROR] - [GOLD] Strategy VOLUME_CLIMAX error: 'volume'
2026-07-21 02:44:49,955 - [ERROR] - [GOLD] Strategy VOLUME_CLIMAX error: 'volume'
2026-07-21 02:44:51,303 - [ERROR] - [GOLD] Strategy VOLUME_CLIMAX error: 'volume'
2026-07-21 02:44:52,670 - [ERROR] - [GOLD] Strategy VOLUME_CLIMAX error: 'volume'
2026-07-21 02:44:54,037 - [ERROR] - [GOLD] Strategy VOLUME_CLIMAX error: 'volume'
2026-07-21 02:44:55,390 - [ERROR] - [GOLD] Strategy VOLUME_CLIMAX error: 'volume'
2026-07-21 02:44:56,774 - [ERROR] - [GOLD] Strategy VOLUME_CLIMAX error: 'volume'
2026-07-21 02:44:58,151 - [ERROR] - [GOLD] Strategy VOLUME_CLIMAX error: 'volume'
2026-07-21 02:44:59,547 - [ERROR] - [GOLD] Strategy VOLUME_CLIMAX error: 'volume'
2026-07-21 02:45:00,938 - [ERROR] - [GOLD] Strategy VOLUME_CLIMAX error: 'volume'
2026-07-21 02:45:02,331 - [ERROR] - [GOLD] Strategy VOLUME_CLIMAX error: 'volume'
2026-07-21 02:45:03,694 - [ERROR] - [GOLD] Strategy VOLUME_CLIMAX error: 'volume'
2026-07-21 02:45:05,089 - [ERROR] - [GOLD] Strategy VOLUME_CLIMAX error: 'volume'
2026-07-21 02:45:06,441 - [ERROR] - [GOLD] Strategy VOLUME_CLIMAX error: 'volume'
2026-07-21 02:45:07,802 - [ERROR] - [GOLD] Strategy VOLUME_CLIMAX error: 'volume'
2026-07-21 02:45:09,175 - [ERROR] - [GOLD] Strategy VOLUME_CLIMAX error: 'volume'
2026-07-21 02:45:10,535 - [ERROR] - [GOLD] Strategy VOLUME_CLIMAX error: 'volume'
2026-07-21 02:45:11,923 - [ERROR] - [GOLD] Strategy VOLUME_CLIMAX error: 'volume'
2026-07-21 02:45:13,280 - [ERROR] - [GOLD] Strategy VOLUME_CLIMAX error: 'volume'
2026-07-21 02:45:14,648 - [ERROR] - [GOLD] Strategy VOLUME_CLIMAX error: 'volume'
2026-07-21 02:45:16,019 - [ERROR] - [GOLD] Strategy VOLUME_CLIMAX error: 'volume'
2026-07-21 02:45:17,408 - [ERROR] - [GOLD] Strategy VOLUME_CLIMAX error: 'volume'
2026-07-21 02:45:18,859 - [ERROR] - [GOLD] Strategy VOLUME_CLIMAX error: 'volume'
2026-07-21 02:45:20,289 - [ERROR] - [GOLD] Strategy VOLUME_CLIMAX error: 'volume'
2026-07-21 02:45:21,723 - [ERROR] - [GOLD] Strategy VOLUME_CLIMAX error: 'volume'
2026-07-21 02:45:23,152 - [ERROR] - [GOLD] Strategy VOLUME_CLIMAX error: 'volume'
2026-07-21 02:45:24,567 - [ERROR] - [GOLD] Strategy VOLUME_CLIMAX error: 'volume'
2026-07-21 02:45:26,007 - [ERROR] - [GOLD] Strategy VOLUME_CLIMAX error: 'volume'
2026-07-21 02:45:27,475 - [ERROR] - [GOLD] Strategy VOLUME_CLIMAX error: 'volume'
2026-07-21 02:45:28,999 - [ERROR] - [GOLD] Strategy VOLUME_CLIMAX error: 'volume'
2026-07-21 02:45:30,559 - [ERROR] - [GOLD] Strategy VOLUME_CLIMAX error: 'volume'
2026-07-21 02:45:32,159 - [ERROR] - [GOLD] Strategy VOLUME_CLIMAX error: 'volume'
2026-07-21 02:45:33,736 - [ERROR] - [GOLD] Strategy VOLUME_CLIMAX error: 'volume'
2026-07-21 02:45:35,323 - [ERROR] - [GOLD] Strategy VOLUME_CLIMAX error: 'volume'
2026-07-21 02:45:36,925 - [ERROR] - [GOLD] Strategy VOLUME_CLIMAX error: 'volume'
2026-07-21 02:45:38,472 - [ERROR] - [GOLD] Strategy VOLUME_CLIMAX error: 'volume'
2026-07-21 02:45:40,060 - [ERROR] - [GOLD] Strategy VOLUME_CLIMAX error: 'volume'
2026-07-21 02:45:41,628 - [ERROR] - [GOLD] Strategy VOLUME_CLIMAX error: 'volume'
2026-07-21 02:45:43,243 - [ERROR] - [GOLD] Strategy VOLUME_CLIMAX error: 'volume'
2026-07-21 02:45:44,872 - [ERROR] - [GOLD] Strategy VOLUME_CLIMAX error: 'volume'
2026-07-21 02:45:46,523 - [ERROR] - [GOLD] Strategy VOLUME_CLIMAX error: 'volume'
2026-07-21 02:45:48,222 - [ERROR] - [GOLD] Strategy VOLUME_CLIMAX error: 'volume'
2026-07-21 02:45:49,854 - [ERROR] - [GOLD] Strategy VOLUME_CLIMAX error: 'volume'
2026-07-21 02:45:51,638 - [ERROR] - [GOLD] Strategy VOLUME_CLIMAX error: 'volume'
2026-07-21 02:45:53,306 - [ERROR] - [GOLD] Strategy VOLUME_CLIMAX error: 'volume'
2026-07-21 02:45:55,017 - [ERROR] - [GOLD] Strategy VOLUME_CLIMAX error: 'volume'
2026-07-21 02:45:56,705 - [ERROR] - [GOLD] Strategy VOLUME_CLIMAX error: 'volume'
2026-07-21 02:45:58,377 - [ERROR] - [GOLD] Strategy VOLUME_CLIMAX error: 'volume'
2026-07-21 02:45:59,995 - [ERROR] - [GOLD] Strategy VOLUME_CLIMAX error: 'volume'
2026-07-21 02:46:01,671 - [ERROR] - [GOLD] Strategy VOLUME_CLIMAX error: 'volume'
2026-07-21 02:46:03,294 - [ERROR] - [GOLD] Strategy VOLUME_CLIMAX error: 'volume'
2026-07-21 02:46:04,894 - [ERROR] - [GOLD] Strategy VOLUME_CLIMAX error: 'volume'
2026-07-21 02:46:06,557 - [ERROR] - [GOLD] Strategy VOLUME_CLIMAX error: 'volume'
2026-07-21 02:46:07,241 - [WARNING] - [GBPUSD] \U0001f6a8 Spread Protection: Live Spread (167) > Max Allowable (40). Trade Aborted.
2026-07-21 02:46:08,179 - [ERROR] - [GOLD] Strategy VOLUME_CLIMAX error: 'volume'
2026-07-21 02:46:09,804 - [ERROR] - [GOLD] Strategy VOLUME_CLIMAX error: 'volume'
2026-07-21 02:46:10,100 - [WARNING] - [USDJPY] \U0001f6a8 Spread Protection: Live Spread (83) > Max Allowable (40). Trade Aborted.
2026-07-21 02:46:11,431 - [ERROR] - [GOLD] Strategy VOLUME_CLIMAX error: 'volume'
2026-07-21 02:46:13,022 - [ERROR] - [GOLD] Strategy VOLUME_CLIMAX error: 'volume'
2026-07-21 02:46:14,609 - [ERROR] - [GOLD] Strategy VOLUME_CLIMAX error: 'volume'
2026-07-21 02:46:16,144 - [ERROR] - [GOLD] Strategy VOLUME_CLIMAX error: 'volume'
2026-07-21 02:46:17,771 - [ERROR] - [GOLD] Strategy VOLUME_CLIMAX error: 'volume'
2026-07-21 02:46:19,381 - [ERROR] - [GOLD] Strategy VOLUME_CLIMAX error: 'volume'
2026-07-21 02:46:21,065 - [ERROR] - [GOLD] Strategy VOLUME_CLIMAX error: 'volume'
2026-07-21 02:46:22,757 - [ERROR] - [GOLD] Strategy VOLUME_CLIMAX error: 'volume'
2026-07-21 02:46:24,417 - [ERROR] - [GOLD] Strategy VOLUME_CLIMAX error: 'volume'
2026-07-21 02:46:26,063 - [ERROR] - [GOLD] Strategy VOLUME_CLIMAX error: 'volume'
2026-07-21 02:46:27,797 - [ERROR] - [GOLD] Strategy VOLUME_CLIMAX error: 'volume'
2026-07-21 02:46:29,505 - [ERROR] - [GOLD] Strategy VOLUME_CLIMAX error: 'volume'
2026-07-21 02:46:31,328 - [ERROR] - [GOLD] Strategy VOLUME_CLIMAX error: 'volume'
2026-07-21 02:46:33,152 - [ERROR] - [GOLD] Strategy VOLUME_CLIMAX error: 'volume'
2026-07-21 02:46:35,008 - [ERROR] - [GOLD] Strategy VOLUME_CLIMAX error: 'volume'
2026-07-21 02:46:36,857 - [ERROR] - [GOLD] Strategy VOLUME_CLIMAX error: 'volume'
2026-07-21 02:46:38,615 - [ERROR] - [GOLD] Strategy VOLUME_CLIMAX error: 'volume'
2026-07-21 02:46:40,478 - [ERROR] - [GOLD] Strategy VOLUME_CLIMAX error: 'volume'
2026-07-21 02:46:42,224 - [ERROR] - [GOLD] Strategy VOLUME_CLIMAX error: 'volume'
2026-07-21 02:46:43,904 - [ERROR] - [GOLD] Strategy VOLUME_CLIMAX error: 'volume'
2026-07-21 02:46:45,580 - [ERROR] - [GOLD] Strategy VOLUME_CLIMAX error: 'volume'
2026-07-21 02:46:47,184 - [ERROR] - [GOLD] Strategy VOLUME_CLIMAX error: 'volume'
2026-07-21 02:46:48,702 - [ERROR] - [GOLD] Strategy VOLUME_CLIMAX error: 'volume'
2026-07-21 02:46:50,136 - [ERROR] - [GOLD] Strategy VOLUME_CLIMAX error: 'volume'
2026-07-21 02:46:51,543 - [ERROR] - [GOLD] Strategy VOLUME_CLIMAX error: 'volume'
2026-07-21 02:46:52,904 - [ERROR] - [GOLD] Strategy VOLUME_CLIMAX error: 'volume'
2026-07-21 02:46:54,308 - [ERROR] - [GOLD] Strategy VOLUME_CLIMAX error: 'volume'
2026-07-21 02:46:55,702 - [ERROR] - [GOLD] Strategy VOLUME_CLIMAX error: 'volume'
2026-07-21 02:46:57,081 - [ERROR] - [GOLD] Strategy VOLUME_CLIMAX error: 'volume'
2026-07-21 02:46:58,435 - [ERROR] - [GOLD] Strategy VOLUME_CLIMAX error: 'volume'
2026-07-21 02:46:59,802 - [ERROR] - [GOLD] Strategy VOLUME_CLIMAX error: 'volume'
2026-07-21 02:47:01,174 - [ERROR] - [GOLD] Strategy VOLUME_CLIMAX error: 'volume'
2026-07-21 02:47:02,554 - [ERROR] - [GOLD] Strategy VOLUME_CLIMAX error: 'volume'
2026-07-21 02:47:03,921 - [ERROR] - [GOLD] Strategy VOLUME_CLIMAX error: 'volume'
2026-07-21 02:47:05,318 - [ERROR] - [GOLD] Strategy VOLUME_CLIMAX error: 'volume'
2026-07-21 02:47:06,743 - [ERROR] - [GOLD] Strategy VOLUME_CLIMAX error: 'volume'
2026-07-21 02:47:08,112 - [ERROR] - [GOLD] Strategy VOLUME_CLIMAX error: 'volume'
2026-07-21 02:47:09,478 - [ERROR] - [GOLD] Strategy VOLUME_CLIMAX error: 'volume'
2026-07-21 02:47:10,852 - [ERROR] - [GOLD] Strategy VOLUME_CLIMAX error: 'volume'
2026-07-21 02:47:12,204 - [ERROR] - [GOLD] Strategy VOLUME_CLIMAX error: 'volume'
2026-07-21 02:47:13,570 - [ERROR] - [GOLD] Strategy VOLUME_CLIMAX error: 'volume'
2026-07-21 02:47:14,931 - [ERROR] - [GOLD] Strategy VOLUME_CLIMAX error: 'volume'
2026-07-21 02:47:16,313 - [ERROR] - [GOLD] Strategy VOLUME_CLIMAX error: 'volume'
2026-07-21 02:47:17,709 - [ERROR] - [GOLD] Strategy VOLUME_CLIMAX error: 'volume'
2026-07-21 02:47:19,073 - [ERROR] - [GOLD] Strategy VOLUME_CLIMAX error: 'volume'
2026-07-21 02:47:20,433 - [ERROR] - [GOLD] Strategy VOLUME_CLIMAX error: 'volume'
2026-07-21 02:47:21,811 - [ERROR] - [GOLD] Strategy VOLUME_CLIMAX error: 'volume'
2026-07-21 02:47:23,200 - [ERROR] - [GOLD] Strategy VOLUME_CLIMAX error: 'volume'
2026-07-21 02:47:24,591 - [ERROR] - [GOLD] Strategy VOLUME_CLIMAX error: 'volume'
2026-07-21 02:47:25,983 - [ERROR] - [GOLD] Strategy VOLUME_CLIMAX error: 'volume'
2026-07-21 02:47:27,337 - [ERROR] - [GOLD] Strategy VOLUME_CLIMAX error: 'volume'
2026-07-21 02:47:28,711 - [ERROR] - [GOLD] Strategy VOLUME_CLIMAX error: 'volume'
2026-07-21 02:47:30,104 - [ERROR] - [GOLD] Strategy VOLUME_CLIMAX error: 'volume'
2026-07-21 02:47:31,512 - [ERROR] - [GOLD] Strategy VOLUME_CLIMAX error: 'volume'
2026-07-21 02:47:32,889 - [ERROR] - [GOLD] Strategy VOLUME_CLIMAX error: 'volume'
2026-07-21 02:47:34,261 - [ERROR] - [GOLD] Strategy VOLUME_CLIMAX error: 'volume'
2026-07-21 02:47:35,614 - [ERROR] - [GOLD] Strategy VOLUME_CLIMAX error: 'volume'
2026-07-21 02:47:36,980 - [ERROR] - [GOLD] Strategy VOLUME_CLIMAX error: 'volume'
2026-07-21 02:47:38,349 - [ERROR] - [GOLD] Strategy VOLUME_CLIMAX error: 'volume'
2026-07-21 02:47:39,712 - [ERROR] - [GOLD] Strategy VOLUME_CLIMAX error: 'volume'
2026-07-21 02:47:41,108 - [ERROR] - [GOLD] Strategy VOLUME_CLIMAX error: 'volume'
2026-07-21 02:47:42,484 - [ERROR] - [GOLD] Strategy VOLUME_CLIMAX error: 'volume'
2026-07-21 02:47:43,870 - [ERROR] - [GOLD] Strategy VOLUME_CLIMAX error: 'volume'
2026-07-21 02:47:45,267 - [ERROR] - [GOLD] Strategy VOLUME_CLIMAX error: 'volume'
2026-07-21 02:47:46,625 - [ERROR] - [GOLD] Strategy VOLUME_CLIMAX error: 'volume'
2026-07-21 02:47:48,004 - [ERROR] - [GOLD] Strategy VOLUME_CLIMAX error: 'volume'
2026-07-21 02:47:49,373 - [ERROR] - [GOLD] Strategy VOLUME_CLIMAX error: 'volume'
2026-07-21 02:47:50,781 - [ERROR] - [GOLD] Strategy VOLUME_CLIMAX error: 'volume'
2026-07-21 02:47:52,174 - [ERROR] - [GOLD] Strategy VOLUME_CLIMAX error: 'volume'
2026-07-21 02:47:53,556 - [ERROR] - [GOLD] Strategy VOLUME_CLIMAX error: 'volume'
2026-07-21 02:47:54,908 - [ERROR] - [GOLD] Strategy VOLUME_CLIMAX error: 'volume'
2026-07-21 02:47:56,262 - [ERROR] - [GOLD] Strategy VOLUME_CLIMAX error: 'volume'
2026-07-21 02:47:57,632 - [ERROR] - [GOLD] Strategy VOLUME_CLIMAX error: 'volume'
2026-07-21 02:47:58,993 - [ERROR] - [GOLD] Strategy VOLUME_CLIMAX error: 'volume'
2026-07-21 02:48:00,372 - [ERROR] - [GOLD] Strategy VOLUME_CLIMAX error: 'volume'
2026-07-21 02:48:01,761 - [ERROR] - [GOLD] Strategy VOLUME_CLIMAX error: 'volume'
2026-07-21 02:48:03,138 - [ERROR] - [GOLD] Strategy VOLUME_CLIMAX error: 'volume'
2026-07-21 02:48:04,518 - [ERROR] - [GOLD] Strategy VOLUME_CLIMAX error: 'volume'
2026-07-21 02:48:05,896 - [ERROR] - [GOLD] Strategy VOLUME_CLIMAX error: 'volume'
2026-07-21 02:48:07,288 - [ERROR] - [GOLD] Strategy VOLUME_CLIMAX error: 'volume'
2026-07-21 02:48:07,764 - [WARNING] - [GBPUSD] \U0001f6a8 Spread Protection: Live Spread (167) > Max Allowable (40). Trade Aborted.
2026-07-21 02:48:08,652 - [ERROR] - [GOLD] Strategy VOLUME_CLIMAX error: 'volume'
2026-07-21 02:48:10,028 - [ERROR] - [GOLD] Strategy VOLUME_CLIMAX error: 'volume'
2026-07-21 02:48:10,658 - [WARNING] - [USDJPY] \U0001f6a8 Spread Protection: Live Spread (83) > Max Allowable (40). Trade Aborted.
2026-07-21 02:48:11,395 - [ERROR] - [GOLD] Strategy VOLUME_CLIMAX error: 'volume'
2026-07-21 02:48:12,769 - [ERROR] - [GOLD] Strategy VOLUME_CLIMAX error: 'volume'
2026-07-21 02:48:14,131 - [ERROR] - [GOLD] Strategy VOLUME_CLIMAX error: 'volume'
2026-07-21 02:48:15,481 - [ERROR] - [GOLD] Strategy VOLUME_CLIMAX error: 'volume'
2026-07-21 02:48:16,839 - [ERROR] - [GOLD] Strategy VOLUME_CLIMAX error: 'volume'
2026-07-21 02:48:18,240 - [ERROR] - [GOLD] Strategy VOLUME_CLIMAX error: 'volume'
2026-07-21 02:48:19,651 - [ERROR] - [GOLD] Strategy VOLUME_CLIMAX error: 'volume'
2026-07-21 02:48:21,136 - [ERROR] - [GOLD] Strategy VOLUME_CLIMAX error: 'volume'
2026-07-21 02:48:22,631 - [ERROR] - [GOLD] Strategy VOLUME_CLIMAX error: 'volume'
2026-07-21 02:48:24,140 - [ERROR] - [GOLD] Strategy VOLUME_CLIMAX error: 'volume'
2026-07-21 02:48:25,639 - [ERROR] - [GOLD] Strategy VOLUME_CLIMAX error: 'volume'
2026-07-21 02:48:27,188 - [ERROR] - [GOLD] Strategy VOLUME_CLIMAX error: 'volume'
2026-07-21 02:48:28,715 - [ERROR] - [GOLD] Strategy VOLUME_CLIMAX error: 'volume'
2026-07-21 02:48:30,216 - [ERROR] - [GOLD] Strategy VOLUME_CLIMAX error: 'volume'
2026-07-21 02:48:31,677 - [ERROR] - [GOLD] Strategy VOLUME_CLIMAX error: 'volume'
2026-07-21 02:48:33,151 - [ERROR] - [GOLD] Strategy VOLUME_CLIMAX error: 'volume'
2026-07-21 02:48:34,601 - [ERROR] - [GOLD] Strategy VOLUME_CLIMAX error: 'volume'
2026-07-21 02:48:36,024 - [ERROR] - [GOLD] Strategy VOLUME_CLIMAX error: 'volume'
2026-07-21 02:48:37,516 - [ERROR] - [GOLD] Strategy VOLUME_CLIMAX error: 'volume'
2026-07-21 02:48:38,959 - [ERROR] - [GOLD] Strategy VOLUME_CLIMAX error: 'volume'
2026-07-21 02:48:40,497 - [ERROR] - [GOLD] Strategy VOLUME_CLIMAX error: 'volume'
2026-07-21 02:48:42,020 - [ERROR] - [GOLD] Strategy VOLUME_CLIMAX error: 'volume'
2026-07-21 02:48:43,633 - [ERROR] - [GOLD] Strategy VOLUME_CLIMAX error: 'volume'
2026-07-21 02:48:45,237 - [ERROR] - [GOLD] Strategy VOLUME_CLIMAX error: 'volume'
2026-07-21 02:48:46,834 - [ERROR] - [GOLD] Strategy VOLUME_CLIMAX error: 'volume'
2026-07-21 02:48:48,413 - [ERROR] - [GOLD] Strategy VOLUME_CLIMAX error: 'volume'
2026-07-21 02:48:49,969 - [ERROR] - [GOLD] Strategy VOLUME_CLIMAX error: 'volume'
2026-07-21 02:48:51,567 - [ERROR] - [GOLD] Strategy VOLUME_CLIMAX error: 'volume'
2026-07-21 02:48:53,154 - [ERROR] - [GOLD] Strategy VOLUME_CLIMAX error: 'volume'
2026-07-21 02:48:54,835 - [ERROR] - [GOLD] Strategy VOLUME_CLIMAX error: 'volume'
2026-07-21 02:48:56,412 - [ERROR] - [GOLD] Strategy VOLUME_CLIMAX error: 'volume'
2026-07-21 02:48:58,017 - [ERROR] - [GOLD] Strategy VOLUME_CLIMAX error: 'volume'
2026-07-21 02:48:59,635 - [ERROR] - [GOLD] Strategy VOLUME_CLIMAX error: 'volume'
2026-07-21 02:49:01,304 - [ERROR] - [GOLD] Strategy VOLUME_CLIMAX error: 'volume'
2026-07-21 02:49:02,929 - [ERROR] - [GOLD] Strategy VOLUME_CLIMAX error: 'volume'
2026-07-21 02:49:04,478 - [ERROR] - [GOLD] Strategy VOLUME_CLIMAX error: 'volume'
2026-07-21 02:49:06,020 - [ERROR] - [GOLD] Strategy VOLUME_CLIMAX error: 'volume'
2026-07-21 02:49:07,553 - [ERROR] - [GOLD] Strategy VOLUME_CLIMAX error: 'volume'
2026-07-21 02:49:09,158 - [ERROR] - [GOLD] Strategy VOLUME_CLIMAX error: 'volume'
2026-07-21 02:49:10,787 - [ERROR] - [GOLD] Strategy VOLUME_CLIMAX error: 'volume'
2026-07-21 02:49:12,480 - [ERROR] - [GOLD] Strategy VOLUME_CLIMAX error: 'volume'
2026-07-21 02:49:14,145 - [ERROR] - [GOLD] Strategy VOLUME_CLIMAX error: 'volume'
2026-07-21 02:49:15,818 - [ERROR] - [GOLD] Strategy VOLUME_CLIMAX error: 'volume'
2026-07-21 02:49:17,534 - [ERROR] - [GOLD] Strategy VOLUME_CLIMAX error: 'volume'
2026-07-21 02:49:19,196 - [ERROR] - [GOLD] Strategy VOLUME_CLIMAX error: 'volume'
2026-07-21 02:49:20,930 - [ERROR] - [GOLD] Strategy VOLUME_CLIMAX error: 'volume'
2026-07-21 02:49:22,580 - [ERROR] - [GOLD] Strategy VOLUME_CLIMAX error: 'volume'
2026-07-21 02:49:24,306 - [ERROR] - [GOLD] Strategy VOLUME_CLIMAX error: 'volume'
2026-07-21 02:49:25,958 - [ERROR] - [GOLD] Strategy VOLUME_CLIMAX error: 'volume'
2026-07-21 02:49:27,639 - [ERROR] - [GOLD] Strategy VOLUME_CLIMAX error: 'volume'
2026-07-21 02:49:29,483 - [ERROR] - [GOLD] Strategy VOLUME_CLIMAX error: 'volume'
2026-07-21 02:49:31,299 - [ERROR] - [GOLD] Strategy VOLUME_CLIMAX error: 'volume'
2026-07-21 02:49:33,087 - [ERROR] - [GOLD] Strategy VOLUME_CLIMAX error: 'volume'
2026-07-21 02:49:35,087 - [ERROR] - [GOLD] Strategy VOLUME_CLIMAX error: 'volume'
2026-07-21 02:49:36,858 - [ERROR] - [GOLD] Strategy VOLUME_CLIMAX error: 'volume'
2026-07-21 02:49:38,663 - [ERROR] - [GOLD] Strategy VOLUME_CLIMAX error: 'volume'
2026-07-21 02:49:40,388 - [ERROR] - [GOLD] Strategy VOLUME_CLIMAX error: 'volume'
2026-07-21 02:49:42,068 - [ERROR] - [GOLD] Strategy VOLUME_CLIMAX error: 'volume'
2026-07-21 02:49:43,702 - [ERROR] - [GOLD] Strategy VOLUME_CLIMAX error: 'volume'
2026-07-21 02:49:45,354 - [ERROR] - [GOLD] Strategy VOLUME_CLIMAX error: 'volume'
2026-07-21 02:49:47,009 - [ERROR] - [GOLD] Strategy VOLUME_CLIMAX error: 'volume'
2026-07-21 02:49:48,424 - [ERROR] - [GOLD] Strategy VOLUME_CLIMAX error: 'volume'
2026-07-21 02:49:49,873 - [ERROR] - [GOLD] Strategy VOLUME_CLIMAX error: 'volume'
2026-07-21 02:49:51,282 - [ERROR] - [GOLD] Strategy VOLUME_CLIMAX error: 'volume'
2026-07-21 02:49:52,680 - [ERROR] - [GOLD] Strategy VOLUME_CLIMAX error: 'volume'
2026-07-21 02:49:54,047 - [ERROR] - [GOLD] Strategy VOLUME_CLIMAX error: 'volume'
2026-07-21 02:49:55,393 - [ERROR] - [GOLD] Strategy VOLUME_CLIMAX error: 'volume'
2026-07-21 02:49:56,756 - [ERROR] - [GOLD] Strategy VOLUME_CLIMAX error: 'volume'
2026-07-21 02:49:58,139 - [ERROR] - [GOLD] Strategy VOLUME_CLIMAX error: 'volume'
2026-07-21 02:49:59,513 - [ERROR] - [GOLD] Strategy VOLUME_CLIMAX error: 'volume'
2026-07-21 02:50:00,894 - [ERROR] - [GOLD] Strategy VOLUME_CLIMAX error: 'volume'
2026-07-21 02:50:02,324 - [ERROR] - [GOLD] Strategy VOLUME_CLIMAX error: 'volume'
2026-07-21 02:50:03,696 - [ERROR] - [GOLD] Strategy VOLUME_CLIMAX error: 'volume'
2026-07-21 02:50:05,070 - [ERROR] - [GOLD] Strategy VOLUME_CLIMAX error: 'volume'
2026-07-21 02:50:06,437 - [ERROR] - [GOLD] Strategy VOLUME_CLIMAX error: 'volume'
2026-07-21 02:50:07,811 - [ERROR] - [GOLD] Strategy VOLUME_CLIMAX error: 'volume'
2026-07-21 02:50:08,238 - [WARNING] - [GBPUSD] \U0001f6a8 Spread Protection: Live Spread (167) > Max Allowable (40). Trade Aborted.
2026-07-21 02:50:09,173 - [ERROR] - [GOLD] Strategy VOLUME_CLIMAX error: 'volume'
2026-07-21 02:50:10,530 - [ERROR] - [GOLD] Strategy VOLUME_CLIMAX error: 'volume'
2026-07-21 02:50:11,080 - [WARNING] - [USDJPY] \U0001f6a8 Spread Protection: Live Spread (83) > Max Allowable (40). Trade Aborted.
2026-07-21 02:50:11,876 - [ERROR] - [GOLD] Strategy VOLUME_CLIMAX error: 'volume'
2026-07-21 02:50:13,240 - [ERROR] - [GOLD] Strategy VOLUME_CLIMAX error: 'volume'
2026-07-21 02:50:14,632 - [ERROR] - [GOLD] Strategy VOLUME_CLIMAX error: 'volume'
2026-07-21 02:50:16,047 - [ERROR] - [GOLD] Strategy VOLUME_CLIMAX error: 'volume'
2026-07-21 02:50:17,417 - [ERROR] - [GOLD] Strategy VOLUME_CLIMAX error: 'volume'
2026-07-21 02:50:18,779 - [ERROR] - [GOLD] Strategy VOLUME_CLIMAX error: 'volume'
2026-07-21 02:50:20,171 - [ERROR] - [GOLD] Strategy VOLUME_CLIMAX error: 'volume'
2026-07-21 02:50:21,560 - [ERROR] - [GOLD] Strategy VOLUME_CLIMAX error: 'volume'
2026-07-21 02:50:22,933 - [ERROR] - [GOLD] Strategy VOLUME_CLIMAX error: 'volume'
2026-07-21 02:50:24,289 - [ERROR] - [GOLD] Strategy VOLUME_CLIMAX error: 'volume'
2026-07-21 02:50:25,660 - [ERROR] - [GOLD] Strategy VOLUME_CLIMAX error: 'volume'
2026-07-21 02:50:27,018 - [ERROR] - [GOLD] Strategy VOLUME_CLIMAX error: 'volume'
2026-07-21 02:50:28,402 - [ERROR] - [GOLD] Strategy VOLUME_CLIMAX error: 'volume'
2026-07-21 02:50:29,822 - [ERROR] - [GOLD] Strategy VOLUME_CLIMAX error: 'volume'
2026-07-21 02:50:31,192 - [ERROR] - [GOLD] Strategy VOLUME_CLIMAX error: 'volume'
2026-07-21 02:50:32,566 - [ERROR] - [GOLD] Strategy VOLUME_CLIMAX error: 'volume'
2026-07-21 02:50:33,926 - [ERROR] - [GOLD] Strategy VOLUME_CLIMAX error: 'volume'
2026-07-21 02:50:35,300 - [ERROR] - [GOLD] Strategy VOLUME_CLIMAX error: 'volume'
2026-07-21 02:50:36,666 - [ERROR] - [GOLD] Strategy VOLUME_CLIMAX error: 'volume'
2026-07-21 02:50:38,028 - [ERROR] - [GOLD] Strategy VOLUME_CLIMAX error: 'volume'
2026-07-21 02:50:39,380 - [ERROR] - [GOLD] Strategy VOLUME_CLIMAX error: 'volume'
2026-07-21 02:50:40,776 - [ERROR] - [GOLD] Strategy VOLUME_CLIMAX error: 'volume'
2026-07-21 02:50:42,172 - [ERROR] - [GOLD] Strategy VOLUME_CLIMAX error: 'volume'
2026-07-21 02:50:43,558 - [ERROR] - [GOLD] Strategy VOLUME_CLIMAX error: 'volume'
2026-07-21 02:50:44,955 - [ERROR] - [GOLD] Strategy VOLUME_CLIMAX error: 'volume'
2026-07-21 02:50:46,316 - [ERROR] - [GOLD] Strategy VOLUME_CLIMAX error: 'volume'
2026-07-21 02:50:47,674 - [ERROR] - [GOLD] Strategy VOLUME_CLIMAX error: 'volume'
2026-07-21 02:50:49,036 - [ERROR] - [GOLD] Strategy VOLUME_CLIMAX error: 'volume'
2026-07-21 02:50:50,418 - [ERROR] - [GOLD] Strategy VOLUME_CLIMAX error: 'volume'
2026-07-21 02:50:51,796 - [ERROR] - [GOLD] Strategy VOLUME_CLIMAX error: 'volume'
2026-07-21 02:50:53,166 - [ERROR] - [GOLD] Strategy VOLUME_CLIMAX error: 'volume'
2026-07-21 02:50:54,529 - [ERROR] - [GOLD] Strategy VOLUME_CLIMAX error: 'volume'
2026-07-21 02:50:55,922 - [ERROR] - [GOLD] Strategy VOLUME_CLIMAX error: 'volume'
2026-07-21 02:50:57,297 - [ERROR] - [GOLD] Strategy VOLUME_CLIMAX error: 'volume'
2026-07-21 02:50:58,746 - [ERROR] - [GOLD] Strategy VOLUME_CLIMAX error: 'volume'
2026-07-21 02:51:00,180 - [ERROR] - [GOLD] Strategy VOLUME_CLIMAX error: 'volume'
2026-07-21 02:51:01,628 - [ERROR] - [GOLD] Strategy VOLUME_CLIMAX error: 'volume'
2026-07-21 02:51:03,052 - [ERROR] - [GOLD] Strategy VOLUME_CLIMAX error: 'volume'
2026-07-21 02:51:04,465 - [ERROR] - [GOLD] Strategy VOLUME_CLIMAX error: 'volume'
2026-07-21 02:51:05,826 - [ERROR] - [GOLD] Strategy VOLUME_CLIMAX error: 'volume'
2026-07-21 02:51:07,276 - [ERROR] - [GOLD] Strategy VOLUME_CLIMAX error: 'volume'
2026-07-21 02:51:08,658 - [ERROR] - [GOLD] Strategy VOLUME_CLIMAX error: 'volume'
2026-07-21 02:51:10,039 - [ERROR] - [GOLD] Strategy VOLUME_CLIMAX error: 'volume'
2026-07-21 02:51:11,407 - [ERROR] - [GOLD] Strategy VOLUME_CLIMAX error: 'volume'
2026-07-21 02:51:12,766 - [ERROR] - [GOLD] Strategy VOLUME_CLIMAX error: 'volume'
2026-07-21 02:51:14,173 - [ERROR] - [GOLD] Strategy VOLUME_CLIMAX error: 'volume'
2026-07-21 02:51:15,550 - [ERROR] - [GOLD] Strategy VOLUME_CLIMAX error: 'volume'
2026-07-21 02:51:16,916 - [ERROR] - [GOLD] Strategy VOLUME_CLIMAX error: 'volume'
2026-07-21 02:51:18,271 - [ERROR] - [GOLD] Strategy VOLUME_CLIMAX error: 'volume'
2026-07-21 02:51:19,638 - [ERROR] - [GOLD] Strategy VOLUME_CLIMAX error: 'volume'
2026-07-21 02:51:21,033 - [ERROR] - [GOLD] Strategy VOLUME_CLIMAX error: 'volume'
2026-07-21 02:51:22,494 - [ERROR] - [GOLD] Strategy VOLUME_CLIMAX error: 'volume'
2026-07-21 02:51:23,904 - [ERROR] - [GOLD] Strategy VOLUME_CLIMAX error: 'volume'
2026-07-21 02:51:25,263 - [ERROR] - [GOLD] Strategy VOLUME_CLIMAX error: 'volume'
2026-07-21 02:51:26,610 - [ERROR] - [GOLD] Strategy VOLUME_CLIMAX error: 'volume'
2026-07-21 02:51:27,981 - [ERROR] - [GOLD] Strategy VOLUME_CLIMAX error: 'volume'
2026-07-21 02:51:29,346 - [ERROR] - [GOLD] Strategy VOLUME_CLIMAX error: 'volume'
2026-07-21 02:51:30,752 - [ERROR] - [GOLD] Strategy VOLUME_CLIMAX error: 'volume'
2026-07-21 02:51:32,129 - [ERROR] - [GOLD] Strategy VOLUME_CLIMAX error: 'volume'
2026-07-21 02:51:33,514 - [ERROR] - [GOLD] Strategy VOLUME_CLIMAX error: 'volume'
2026-07-21 02:51:34,891 - [ERROR] - [GOLD] Strategy VOLUME_CLIMAX error: 'volume'
2026-07-21 02:51:36,270 - [ERROR] - [GOLD] Strategy VOLUME_CLIMAX error: 'volume'
2026-07-21 02:51:37,669 - [ERROR] - [GOLD] Strategy VOLUME_CLIMAX error: 'volume'
2026-07-21 02:51:39,070 - [ERROR] - [GOLD] Strategy VOLUME_CLIMAX error: 'volume'
2026-07-21 02:51:40,437 - [ERROR] - [GOLD] Strategy VOLUME_CLIMAX error: 'volume'
2026-07-21 02:51:41,781 - [ERROR] - [GOLD] Strategy VOLUME_CLIMAX error: 'volume'
2026-07-21 02:51:43,141 - [ERROR] - [GOLD] Strategy VOLUME_CLIMAX error: 'volume'
2026-07-21 02:51:44,499 - [ERROR] - [GOLD] Strategy VOLUME_CLIMAX error: 'volume'
2026-07-21 02:51:45,850 - [ERROR] - [GOLD] Strategy VOLUME_CLIMAX error: 'volume'
2026-07-21 02:51:47,216 - [ERROR] - [GOLD] Strategy VOLUME_CLIMAX error: 'volume'
2026-07-21 02:51:48,635 - [ERROR] - [GOLD] Strategy VOLUME_CLIMAX error: 'volume'
2026-07-21 02:51:50,054 - [ERROR] - [GOLD] Strategy VOLUME_CLIMAX error: 'volume'
2026-07-21 02:51:51,471 - [ERROR] - [GOLD] Strategy VOLUME_CLIMAX error: 'volume'
2026-07-21 02:51:52,894 - [ERROR] - [GOLD] Strategy VOLUME_CLIMAX error: 'volume'
2026-07-21 02:51:54,284 - [ERROR] - [GOLD] Strategy VOLUME_CLIMAX error: 'volume'
2026-07-21 02:51:55,774 - [ERROR] - [GOLD] Strategy VOLUME_CLIMAX error: 'volume'
2026-07-21 02:51:57,279 - [ERROR] - [GOLD] Strategy VOLUME_CLIMAX error: 'volume'
2026-07-21 02:51:58,774 - [ERROR] - [GOLD] Strategy VOLUME_CLIMAX error: 'volume'
2026-07-21 02:52:00,240 - [ERROR] - [GOLD] Strategy VOLUME_CLIMAX error: 'volume'
2026-07-21 02:52:01,724 - [ERROR] - [GOLD] Strategy VOLUME_CLIMAX error: 'volume'
2026-07-21 02:52:03,179 - [ERROR] - [GOLD] Strategy VOLUME_CLIMAX error: 'volume'
2026-07-21 02:52:04,648 - [ERROR] - [GOLD] Strategy VOLUME_CLIMAX error: 'volume'
2026-07-21 02:52:06,103 - [ERROR] - [GOLD] Strategy VOLUME_CLIMAX error: 'volume'
2026-07-21 02:52:07,477 - [ERROR] - [GOLD] Strategy VOLUME_CLIMAX error: 'volume'
2026-07-21 02:52:08,833 - [WARNING] - [GBPUSD] \U0001f6a8 Spread Protection: Live Spread (68) > Max Allowable (40). Trade Aborted.
2026-07-21 02:52:08,894 - [ERROR] - [GOLD] Strategy VOLUME_CLIMAX error: 'volume'
2026-07-21 02:52:10,314 - [ERROR] - [GOLD] Strategy VOLUME_CLIMAX error: 'volume'
2026-07-21 02:52:11,570 - [WARNING] - [USDJPY] \U0001f6a8 Spread Protection: Live Spread (83) > Max Allowable (40). Trade Aborted.
2026-07-21 02:52:11,738 - [ERROR] - [GOLD] Strategy VOLUME_CLIMAX error: 'volume'
2026-07-21 02:52:13,185 - [ERROR] - [GOLD] Strategy VOLUME_CLIMAX error: 'volume'
2026-07-21 02:52:14,612 - [ERROR] - [GOLD] Strategy VOLUME_CLIMAX error: 'volume'
2026-07-21 02:52:16,122 - [ERROR] - [GOLD] Strategy VOLUME_CLIMAX error: 'volume'
2026-07-21 02:52:17,545 - [ERROR] - [GOLD] Strategy VOLUME_CLIMAX error: 'volume'
2026-07-21 02:52:19,010 - [ERROR] - [GOLD] Strategy VOLUME_CLIMAX error: 'volume'
2026-07-21 02:52:20,515 - [ERROR] - [GOLD] Strategy VOLUME_CLIMAX error: 'volume'
2026-07-21 02:52:22,092 - [ERROR] - [GOLD] Strategy VOLUME_CLIMAX error: 'volume'
2026-07-21 02:52:23,699 - [ERROR] - [GOLD] Strategy VOLUME_CLIMAX error: 'volume'
2026-07-21 02:52:25,252 - [ERROR] - [GOLD] Strategy VOLUME_CLIMAX error: 'volume'
2026-07-21 02:52:26,792 - [ERROR] - [GOLD] Strategy VOLUME_CLIMAX error: 'volume'
2026-07-21 02:52:28,291 - [ERROR] - [GOLD] Strategy VOLUME_CLIMAX error: 'volume'
2026-07-21 02:52:29,795 - [ERROR] - [GOLD] Strategy VOLUME_CLIMAX error: 'volume'
2026-07-21 02:52:31,335 - [ERROR] - [GOLD] Strategy VOLUME_CLIMAX error: 'volume'
2026-07-21 02:52:32,882 - [ERROR] - [GOLD] Strategy VOLUME_CLIMAX error: 'volume'
2026-07-21 02:52:34,456 - [ERROR] - [GOLD] Strategy VOLUME_CLIMAX error: 'volume'
2026-07-21 02:52:36,038 - [ERROR] - [GOLD] Strategy VOLUME_CLIMAX error: 'volume'
2026-07-21 02:52:37,676 - [ERROR] - [GOLD] Strategy VOLUME_CLIMAX error: 'volume'
2026-07-21 02:52:39,302 - [ERROR] - [GOLD] Strategy VOLUME_CLIMAX error: 'volume'
2026-07-21 02:52:40,929 - [ERROR] - [GOLD] Strategy VOLUME_CLIMAX error: 'volume'
2026-07-21 02:52:42,542 - [ERROR] - [GOLD] Strategy VOLUME_CLIMAX error: 'volume'
2026-07-21 02:52:44,264 - [ERROR] - [GOLD] Strategy VOLUME_CLIMAX error: 'volume'
2026-07-21 02:52:45,921 - [ERROR] - [GOLD] Strategy VOLUME_CLIMAX error: 'volume'
2026-07-21 02:52:47,525 - [ERROR] - [GOLD] Strategy VOLUME_CLIMAX error: 'volume'
2026-07-21 02:52:49,134 - [ERROR] - [GOLD] Strategy VOLUME_CLIMAX error: 'volume'
2026-07-21 02:52:50,711 - [ERROR] - [GOLD] Strategy VOLUME_CLIMAX error: 'volume'
2026-07-21 02:52:52,269 - [ERROR] - [GOLD] Strategy VOLUME_CLIMAX error: 'volume'
2026-07-21 02:52:53,730 - [ERROR] - [GOLD] Strategy VOLUME_CLIMAX error: 'volume'
2026-07-21 02:52:55,134 - [ERROR] - [GOLD] Strategy VOLUME_CLIMAX error: 'volume'
2026-07-21 02:52:56,522 - [ERROR] - [GOLD] Strategy VOLUME_CLIMAX error: 'volume'
2026-07-21 02:52:57,914 - [ERROR] - [GOLD] Strategy VOLUME_CLIMAX error: 'volume'
2026-07-21 02:52:59,305 - [ERROR] - [GOLD] Strategy VOLUME_CLIMAX error: 'volume'
2026-07-21 02:53:00,736 - [ERROR] - [GOLD] Strategy VOLUME_CLIMAX error: 'volume'
2026-07-21 02:53:02,192 - [ERROR] - [GOLD] Strategy VOLUME_CLIMAX error: 'volume'
2026-07-21 02:53:03,647 - [ERROR] - [GOLD] Strategy VOLUME_CLIMAX error: 'volume'
2026-07-21 02:53:05,100 - [ERROR] - [GOLD] Strategy VOLUME_CLIMAX error: 'volume'
2026-07-21 02:53:06,558 - [ERROR] - [GOLD] Strategy VOLUME_CLIMAX error: 'volume'
2026-07-21 02:53:08,001 - [ERROR] - [GOLD] Strategy VOLUME_CLIMAX error: 'volume'
2026-07-21 02:53:09,424 - [ERROR] - [GOLD] Strategy VOLUME_CLIMAX error: 'volume'
2026-07-21 02:53:10,844 - [ERROR] - [GOLD] Strategy VOLUME_CLIMAX error: 'volume'
2026-07-21 02:53:12,213 - [ERROR] - [GOLD] Strategy VOLUME_CLIMAX error: 'volume'
2026-07-21 02:53:13,601 - [ERROR] - [GOLD] Strategy VOLUME_CLIMAX error: 'volume'
2026-07-21 02:53:14,960 - [ERROR] - [GOLD] Strategy VOLUME_CLIMAX error: 'volume'
2026-07-21 02:53:16,317 - [ERROR] - [GOLD] Strategy VOLUME_CLIMAX error: 'volume'
2026-07-21 02:53:17,676 - [ERROR] - [GOLD] Strategy VOLUME_CLIMAX error: 'volume'
2026-07-21 02:53:19,049 - [ERROR] - [GOLD] Strategy VOLUME_CLIMAX error: 'volume'
2026-07-21 02:53:20,442 - [ERROR] - [GOLD] Strategy VOLUME_CLIMAX error: 'volume'
2026-07-21 02:53:21,819 - [ERROR] - [GOLD] Strategy VOLUME_CLIMAX error: 'volume'
2026-07-21 02:53:23,209 - [ERROR] - [GOLD] Strategy VOLUME_CLIMAX error: 'volume'
2026-07-21 02:53:24,637 - [ERROR] - [GOLD] Strategy VOLUME_CLIMAX error: 'volume'
2026-07-21 02:53:26,026 - [ERROR] - [GOLD] Strategy VOLUME_CLIMAX error: 'volume'
2026-07-21 02:53:27,474 - [ERROR] - [GOLD] Strategy VOLUME_CLIMAX error: 'volume'
2026-07-21 02:53:28,940 - [ERROR] - [GOLD] Strategy VOLUME_CLIMAX error: 'volume'
2026-07-21 02:53:30,363 - [ERROR] - [GOLD] Strategy VOLUME_CLIMAX error: 'volume'
2026-07-21 02:53:31,784 - [ERROR] - [GOLD] Strategy VOLUME_CLIMAX error: 'volume'
2026-07-21 02:53:33,159 - [ERROR] - [GOLD] Strategy VOLUME_CLIMAX error: 'volume'
2026-07-21 02:53:34,567 - [ERROR] - [GOLD] Strategy VOLUME_CLIMAX error: 'volume'
2026-07-21 02:53:36,010 - [ERROR] - [GOLD] Strategy VOLUME_CLIMAX error: 'volume'
2026-07-21 02:53:37,527 - [ERROR] - [GOLD] Strategy VOLUME_CLIMAX error: 'volume'
2026-07-21 02:53:39,040 - [ERROR] - [GOLD] Strategy VOLUME_CLIMAX error: 'volume'
2026-07-21 02:53:40,599 - [ERROR] - [GOLD] Strategy VOLUME_CLIMAX error: 'volume'
2026-07-21 02:53:42,219 - [ERROR] - [GOLD] Strategy VOLUME_CLIMAX error: 'volume'
2026-07-21 02:53:43,747 - [ERROR] - [GOLD] Strategy VOLUME_CLIMAX error: 'volume'
2026-07-21 02:53:45,261 - [ERROR] - [GOLD] Strategy VOLUME_CLIMAX error: 'volume'
2026-07-21 02:53:46,774 - [ERROR] - [GOLD] Strategy VOLUME_CLIMAX error: 'volume'
2026-07-21 02:53:48,328 - [ERROR] - [GOLD] Strategy VOLUME_CLIMAX error: 'volume'
2026-07-21 02:53:49,856 - [ERROR] - [GOLD] Strategy VOLUME_CLIMAX error: 'volume'
2026-07-21 02:53:51,354 - [ERROR] - [GOLD] Strategy VOLUME_CLIMAX error: 'volume'
2026-07-21 02:53:52,937 - [ERROR] - [GOLD] Strategy VOLUME_CLIMAX error: 'volume'
2026-07-21 02:53:54,530 - [ERROR] - [GOLD] Strategy VOLUME_CLIMAX error: 'volume'
2026-07-21 02:53:56,157 - [ERROR] - [GOLD] Strategy VOLUME_CLIMAX error: 'volume'
2026-07-21 02:53:57,750 - [ERROR] - [GOLD] Strategy VOLUME_CLIMAX error: 'volume'
2026-07-21 02:53:59,332 - [ERROR] - [GOLD] Strategy VOLUME_CLIMAX error: 'volume'
2026-07-21 02:54:00,935 - [ERROR] - [GOLD] Strategy VOLUME_CLIMAX error: 'volume'
2026-07-21 02:54:02,630 - [ERROR] - [GOLD] Strategy VOLUME_CLIMAX error: 'volume'
2026-07-21 02:54:04,303 - [ERROR] - [GOLD] Strategy VOLUME_CLIMAX error: 'volume'
2026-07-21 02:54:05,963 - [ERROR] - [GOLD] Strategy VOLUME_CLIMAX error: 'volume'
2026-07-21 02:54:07,632 - [ERROR] - [GOLD] Strategy VOLUME_CLIMAX error: 'volume'
2026-07-21 02:54:09,258 - [ERROR] - [GOLD] Strategy VOLUME_CLIMAX error: 'volume'
2026-07-21 02:54:09,427 - [WARNING] - [GBPUSD] \U0001f6a8 Spread Protection: Live Spread (66) > Max Allowable (40). Trade Aborted.
2026-07-21 02:54:10,889 - [ERROR] - [GOLD] Strategy VOLUME_CLIMAX error: 'volume'
2026-07-21 02:54:12,005 - [WARNING] - [USDJPY] \U0001f6a8 Spread Protection: Live Spread (79) > Max Allowable (40). Trade Aborted.
2026-07-21 02:54:12,508 - [ERROR] - [GOLD] Strategy VOLUME_CLIMAX error: 'volume'
2026-07-21 02:54:14,107 - [ERROR] - [GOLD] Strategy VOLUME_CLIMAX error: 'volume'
2026-07-21 02:54:15,650 - [ERROR] - [GOLD] Strategy VOLUME_CLIMAX error: 'volume'
2026-07-21 02:54:17,187 - [ERROR] - [GOLD] Strategy VOLUME_CLIMAX error: 'volume'
2026-07-21 02:54:18,709 - [ERROR] - [GOLD] Strategy VOLUME_CLIMAX error: 'volume'
2026-07-21 02:54:20,168 - [ERROR] - [GOLD] Strategy VOLUME_CLIMAX error: 'volume'
2026-07-21 02:54:21,676 - [ERROR] - [GOLD] Strategy VOLUME_CLIMAX error: 'volume'
2026-07-21 02:54:23,173 - [ERROR] - [GOLD] Strategy VOLUME_CLIMAX error: 'volume'
2026-07-21 02:54:24,698 - [ERROR] - [GOLD] Strategy VOLUME_CLIMAX error: 'volume'
2026-07-21 02:54:26,169 - [ERROR] - [GOLD] Strategy VOLUME_CLIMAX error: 'volume'
2026-07-21 02:54:27,642 - [ERROR] - [GOLD] Strategy VOLUME_CLIMAX error: 'volume'
2026-07-21 02:54:29,079 - [ERROR] - [GOLD] Strategy VOLUME_CLIMAX error: 'volume'
2026-07-21 02:54:30,519 - [ERROR] - [GOLD] Strategy VOLUME_CLIMAX error: 'volume'
2026-07-21 02:54:31,956 - [ERROR] - [GOLD] Strategy VOLUME_CLIMAX error: 'volume'
2026-07-21 02:54:33,464 - [ERROR] - [GOLD] Strategy VOLUME_CLIMAX error: 'volume'
2026-07-21 02:54:35,021 - [ERROR] - [GOLD] Strategy VOLUME_CLIMAX error: 'volume'
2026-07-21 02:54:36,545 - [ERROR] - [GOLD] Strategy VOLUME_CLIMAX error: 'volume'
2026-07-21 02:54:38,040 - [ERROR] - [GOLD] Strategy VOLUME_CLIMAX error: 'volume'
2026-07-21 02:54:39,525 - [ERROR] - [GOLD] Strategy VOLUME_CLIMAX error: 'volume'
2026-07-21 02:54:41,076 - [ERROR] - [GOLD] Strategy VOLUME_CLIMAX error: 'volume'
2026-07-21 02:54:42,660 - [ERROR] - [GOLD] Strategy VOLUME_CLIMAX error: 'volume'
2026-07-21 02:54:44,267 - [ERROR] - [GOLD] Strategy VOLUME_CLIMAX error: 'volume'
2026-07-21 02:54:45,949 - [ERROR] - [GOLD] Strategy VOLUME_CLIMAX error: 'volume'
2026-07-21 02:54:47,661 - [ERROR] - [GOLD] Strategy VOLUME_CLIMAX error: 'volume'
2026-07-21 02:54:49,395 - [ERROR] - [GOLD] Strategy VOLUME_CLIMAX error: 'volume'
2026-07-21 02:54:51,041 - [ERROR] - [GOLD] Strategy VOLUME_CLIMAX error: 'volume'
2026-07-21 02:54:52,708 - [ERROR] - [GOLD] Strategy VOLUME_CLIMAX error: 'volume'
2026-07-21 02:54:54,350 - [ERROR] - [GOLD] Strategy VOLUME_CLIMAX error: 'volume'
2026-07-21 02:54:56,028 - [ERROR] - [GOLD] Strategy VOLUME_CLIMAX error: 'volume'
2026-07-21 02:54:57,719 - [ERROR] - [GOLD] Strategy VOLUME_CLIMAX error: 'volume'
2026-07-21 02:54:59,308 - [ERROR] - [GOLD] Strategy VOLUME_CLIMAX error: 'volume'
2026-07-21 02:55:00,955 - [ERROR] - [GOLD] Strategy VOLUME_CLIMAX error: 'volume'
2026-07-21 02:55:02,639 - [ERROR] - [GOLD] Strategy VOLUME_CLIMAX error: 'volume'
2026-07-21 02:55:04,311 - [ERROR] - [GOLD] Strategy VOLUME_CLIMAX error: 'volume'
2026-07-21 02:55:06,006 - [ERROR] - [GOLD] Strategy VOLUME_CLIMAX error: 'volume'
2026-07-21 02:55:07,811 - [ERROR] - [GOLD] Strategy VOLUME_CLIMAX error: 'volume'
2026-07-21 02:55:09,666 - [ERROR] - [GOLD] Strategy VOLUME_CLIMAX error: 'volume'
2026-07-21 02:55:11,439 - [ERROR] - [GOLD] Strategy VOLUME_CLIMAX error: 'volume'
2026-07-21 02:55:13,302 - [ERROR] - [GOLD] Strategy VOLUME_CLIMAX error: 'volume'
2026-07-21 02:55:15,079 - [ERROR] - [GOLD] Strategy VOLUME_CLIMAX error: 'volume'
2026-07-21 02:55:16,818 - [ERROR] - [GOLD] Strategy VOLUME_CLIMAX error: 'volume'
2026-07-21 02:55:18,521 - [ERROR] - [GOLD] Strategy VOLUME_CLIMAX error: 'volume'
2026-07-21 02:55:20,171 - [ERROR] - [GOLD] Strategy VOLUME_CLIMAX error: 'volume'
2026-07-21 02:55:21,807 - [ERROR] - [GOLD] Strategy VOLUME_CLIMAX error: 'volume'
2026-07-21 02:55:23,435 - [ERROR] - [GOLD] Strategy VOLUME_CLIMAX error: 'volume'
2026-07-21 02:55:25,060 - [ERROR] - [GOLD] Strategy VOLUME_CLIMAX error: 'volume'
2026-07-21 02:55:26,783 - [ERROR] - [GOLD] Strategy VOLUME_CLIMAX error: 'volume'
2026-07-21 02:55:28,365 - [ERROR] - [GOLD] Strategy VOLUME_CLIMAX error: 'volume'
2026-07-21 02:55:29,963 - [ERROR] - [GOLD] Strategy VOLUME_CLIMAX error: 'volume'
2026-07-21 02:55:31,489 - [ERROR] - [GOLD] Strategy VOLUME_CLIMAX error: 'volume'
2026-07-21 02:55:32,963 - [ERROR] - [GOLD] Strategy VOLUME_CLIMAX error: 'volume'
2026-07-21 02:55:34,392 - [ERROR] - [GOLD] Strategy VOLUME_CLIMAX error: 'volume'
2026-07-21 02:55:35,824 - [ERROR] - [GOLD] Strategy VOLUME_CLIMAX error: 'volume'
2026-07-21 02:55:37,218 - [ERROR] - [GOLD] Strategy VOLUME_CLIMAX error: 'volume'
2026-07-21 02:55:38,579 - [ERROR] - [GOLD] Strategy VOLUME_CLIMAX error: 'volume'
2026-07-21 02:55:39,972 - [ERROR] - [GOLD] Strategy VOLUME_CLIMAX error: 'volume'
2026-07-21 02:55:41,333 - [ERROR] - [GOLD] Strategy VOLUME_CLIMAX error: 'volume'
2026-07-21 02:55:42,725 - [ERROR] - [GOLD] Strategy VOLUME_CLIMAX error: 'volume'
2026-07-21 02:55:44,086 - [ERROR] - [GOLD] Strategy VOLUME_CLIMAX error: 'volume'
2026-07-21 02:55:45,432 - [ERROR] - [GOLD] Strategy VOLUME_CLIMAX error: 'volume'
2026-07-21 02:55:46,798 - [ERROR] - [GOLD] Strategy VOLUME_CLIMAX error: 'volume'
2026-07-21 02:55:48,183 - [ERROR] - [GOLD] Strategy VOLUME_CLIMAX error: 'volume'
2026-07-21 02:55:49,546 - [ERROR] - [GOLD] Strategy VOLUME_CLIMAX error: 'volume'
2026-07-21 02:55:50,912 - [ERROR] - [GOLD] Strategy VOLUME_CLIMAX error: 'volume'
2026-07-21 02:55:52,294 - [ERROR] - [GOLD] Strategy VOLUME_CLIMAX error: 'volume'
2026-07-21 02:55:53,718 - [ERROR] - [GOLD] Strategy VOLUME_CLIMAX error: 'volume'
2026-07-21 02:55:55,092 - [ERROR] - [GOLD] Strategy VOLUME_CLIMAX error: 'volume'
2026-07-21 02:55:56,476 - [ERROR] - [GOLD] Strategy VOLUME_CLIMAX error: 'volume'
2026-07-21 02:55:57,854 - [ERROR] - [GOLD] Strategy VOLUME_CLIMAX error: 'volume'
2026-07-21 02:55:59,206 - [ERROR] - [GOLD] Strategy VOLUME_CLIMAX error: 'volume'
2026-07-21 02:56:00,568 - [ERROR] - [GOLD] Strategy VOLUME_CLIMAX error: 'volume'
2026-07-21 02:56:01,963 - [ERROR] - [GOLD] Strategy VOLUME_CLIMAX error: 'volume'
2026-07-21 02:56:03,306 - [ERROR] - [GOLD] Strategy VOLUME_CLIMAX error: 'volume'
2026-07-21 02:56:04,677 - [ERROR] - [GOLD] Strategy VOLUME_CLIMAX error: 'volume'
2026-07-21 02:56:06,058 - [ERROR] - [GOLD] Strategy VOLUME_CLIMAX error: 'volume'
2026-07-21 02:56:07,447 - [ERROR] - [GOLD] Strategy VOLUME_CLIMAX error: 'volume'
2026-07-21 02:56:08,821 - [ERROR] - [GOLD] Strategy VOLUME_CLIMAX error: 'volume'
2026-07-21 02:56:10,013 - [WARNING] - [GBPUSD] \U0001f6a8 Spread Protection: Live Spread (94) > Max Allowable (40). Trade Aborted.
2026-07-21 02:56:10,191 - [ERROR] - [GOLD] Strategy VOLUME_CLIMAX error: 'volume'
2026-07-21 02:56:11,601 - [ERROR] - [GOLD] Strategy VOLUME_CLIMAX error: 'volume'
2026-07-21 02:56:12,604 - [WARNING] - [USDJPY] \U0001f6a8 Spread Protection: Live Spread (77) > Max Allowable (40). Trade Aborted.
2026-07-21 02:56:12,953 - [ERROR] - [GOLD] Strategy VOLUME_CLIMAX error: 'volume'
2026-07-21 02:56:14,331 - [ERROR] - [GOLD] Strategy VOLUME_CLIMAX error: 'volume'
2026-07-21 02:56:15,716 - [ERROR] - [GOLD] Strategy VOLUME_CLIMAX error: 'volume'
2026-07-21 02:56:17,116 - [ERROR] - [GOLD] Strategy VOLUME_CLIMAX error: 'volume'
2026-07-21 02:56:18,483 - [ERROR] - [GOLD] Strategy VOLUME_CLIMAX error: 'volume'
2026-07-21 02:56:19,845 - [ERROR] - [GOLD] Strategy VOLUME_CLIMAX error: 'volume'
2026-07-21 02:56:21,216 - [ERROR] - [GOLD] Strategy VOLUME_CLIMAX error: 'volume'
2026-07-21 02:56:22,586 - [ERROR] - [GOLD] Strategy VOLUME_CLIMAX error: 'volume'
2026-07-21 02:56:23,947 - [ERROR] - [GOLD] Strategy VOLUME_CLIMAX error: 'volume'
2026-07-21 02:56:25,344 - [ERROR] - [GOLD] Strategy VOLUME_CLIMAX error: 'volume'
2026-07-21 02:56:26,704 - [ERROR] - [GOLD] Strategy VOLUME_CLIMAX error: 'volume'
2026-07-21 02:56:28,067 - [ERROR] - [GOLD] Strategy VOLUME_CLIMAX error: 'volume'
2026-07-21 02:56:29,412 - [ERROR] - [GOLD] Strategy VOLUME_CLIMAX error: 'volume'
2026-07-21 02:56:30,805 - [ERROR] - [GOLD] Strategy VOLUME_CLIMAX error: 'volume'
2026-07-21 02:56:32,185 - [ERROR] - [GOLD] Strategy VOLUME_CLIMAX error: 'volume'
2026-07-21 02:56:33,568 - [ERROR] - [GOLD] Strategy VOLUME_CLIMAX error: 'volume'
2026-07-21 02:56:34,929 - [ERROR] - [GOLD] Strategy VOLUME_CLIMAX error: 'volume'
2026-07-21 02:56:36,320 - [ERROR] - [GOLD] Strategy VOLUME_CLIMAX error: 'volume'
2026-07-21 02:56:37,758 - [ERROR] - [GOLD] Strategy VOLUME_CLIMAX error: 'volume'
2026-07-21 02:56:39,254 - [ERROR] - [GOLD] Strategy VOLUME_CLIMAX error: 'volume'
2026-07-21 02:56:40,769 - [ERROR] - [GOLD] Strategy VOLUME_CLIMAX error: 'volume'
2026-07-21 02:56:42,301 - [ERROR] - [GOLD] Strategy VOLUME_CLIMAX error: 'volume'
2026-07-21 02:56:43,820 - [ERROR] - [GOLD] Strategy VOLUME_CLIMAX error: 'volume'
2026-07-21 02:56:45,357 - [ERROR] - [GOLD] Strategy VOLUME_CLIMAX error: 'volume'
2026-07-21 02:56:46,857 - [ERROR] - [GOLD] Strategy VOLUME_CLIMAX error: 'volume'
2026-07-21 02:56:48,395 - [ERROR] - [GOLD] Strategy VOLUME_CLIMAX error: 'volume'
2026-07-21 02:56:49,925 - [ERROR] - [GOLD] Strategy VOLUME_CLIMAX error: 'volume'
2026-07-21 02:56:51,481 - [ERROR] - [GOLD] Strategy VOLUME_CLIMAX error: 'volume'
2026-07-21 02:56:53,140 - [ERROR] - [GOLD] Strategy VOLUME_CLIMAX error: 'volume'
2026-07-21 02:56:54,812 - [ERROR] - [GOLD] Strategy VOLUME_CLIMAX error: 'volume'
2026-07-21 02:56:56,414 - [ERROR] - [GOLD] Strategy VOLUME_CLIMAX error: 'volume'
2026-07-21 02:56:57,991 - [ERROR] - [GOLD] Strategy VOLUME_CLIMAX error: 'volume'
2026-07-21 02:56:59,552 - [ERROR] - [GOLD] Strategy VOLUME_CLIMAX error: 'volume'
2026-07-21 02:57:01,208 - [ERROR] - [GOLD] Strategy VOLUME_CLIMAX error: 'volume'
2026-07-21 02:57:02,864 - [ERROR] - [GOLD] Strategy VOLUME_CLIMAX error: 'volume'
2026-07-21 02:57:04,496 - [ERROR] - [GOLD] Strategy VOLUME_CLIMAX error: 'volume'
2026-07-21 02:57:06,158 - [ERROR] - [GOLD] Strategy VOLUME_CLIMAX error: 'volume'
2026-07-21 02:57:07,846 - [ERROR] - [GOLD] Strategy VOLUME_CLIMAX error: 'volume'
2026-07-21 02:57:09,470 - [ERROR] - [GOLD] Strategy VOLUME_CLIMAX error: 'volume'
2026-07-21 02:57:11,116 - [ERROR] - [GOLD] Strategy VOLUME_CLIMAX error: 'volume'
2026-07-21 02:57:12,762 - [ERROR] - [GOLD] Strategy VOLUME_CLIMAX error: 'volume'
2026-07-21 02:57:14,379 - [ERROR] - [GOLD] Strategy VOLUME_CLIMAX error: 'volume'
2026-07-21 02:57:15,918 - [ERROR] - [GOLD] Strategy VOLUME_CLIMAX error: 'volume'
2026-07-21 02:57:17,498 - [ERROR] - [GOLD] Strategy VOLUME_CLIMAX error: 'volume'
2026-07-21 02:57:19,018 - [ERROR] - [GOLD] Strategy VOLUME_CLIMAX error: 'volume'
2026-07-21 02:57:20,593 - [ERROR] - [GOLD] Strategy VOLUME_CLIMAX error: 'volume'
2026-07-21 02:57:22,149 - [ERROR] - [GOLD] Strategy VOLUME_CLIMAX error: 'volume'
2026-07-21 02:57:23,729 - [ERROR] - [GOLD] Strategy VOLUME_CLIMAX error: 'volume'
2026-07-21 02:57:25,309 - [ERROR] - [GOLD] Strategy VOLUME_CLIMAX error: 'volume'
2026-07-21 02:57:26,893 - [ERROR] - [GOLD] Strategy VOLUME_CLIMAX error: 'volume'
2026-07-21 02:57:28,460 - [ERROR] - [GOLD] Strategy VOLUME_CLIMAX error: 'volume'
2026-07-21 02:57:30,014 - [ERROR] - [GOLD] Strategy VOLUME_CLIMAX error: 'volume'
2026-07-21 02:57:31,611 - [ERROR] - [GOLD] Strategy VOLUME_CLIMAX error: 'volume'
2026-07-21 02:57:33,212 - [ERROR] - [GOLD] Strategy VOLUME_CLIMAX error: 'volume'
2026-07-21 02:57:34,887 - [ERROR] - [GOLD] Strategy VOLUME_CLIMAX error: 'volume'
2026-07-21 02:57:36,705 - [ERROR] - [GOLD] Strategy VOLUME_CLIMAX error: 'volume'
2026-07-21 02:57:38,545 - [ERROR] - [GOLD] Strategy VOLUME_CLIMAX error: 'volume'
2026-07-21 02:57:40,419 - [ERROR] - [GOLD] Strategy VOLUME_CLIMAX error: 'volume'
2026-07-21 02:57:42,235 - [ERROR] - [GOLD] Strategy VOLUME_CLIMAX error: 'volume'
2026-07-21 02:57:44,001 - [ERROR] - [GOLD] Strategy VOLUME_CLIMAX error: 'volume'
2026-07-21 02:57:45,795 - [ERROR] - [GOLD] Strategy VOLUME_CLIMAX error: 'volume'
2026-07-21 02:57:47,505 - [ERROR] - [GOLD] Strategy VOLUME_CLIMAX error: 'volume'
2026-07-21 02:57:49,238 - [ERROR] - [GOLD] Strategy VOLUME_CLIMAX error: 'volume'
2026-07-21 02:57:50,874 - [ERROR] - [GOLD] Strategy VOLUME_CLIMAX error: 'volume'
2026-07-21 02:57:52,463 - [ERROR] - [GOLD] Strategy VOLUME_CLIMAX error: 'volume'
2026-07-21 02:57:54,045 - [ERROR] - [GOLD] Strategy VOLUME_CLIMAX error: 'volume'
2026-07-21 02:57:55,528 - [ERROR] - [GOLD] Strategy VOLUME_CLIMAX error: 'volume'
2026-07-21 02:57:57,003 - [ERROR] - [GOLD] Strategy VOLUME_CLIMAX error: 'volume'
2026-07-21 02:57:58,468 - [ERROR] - [GOLD] Strategy VOLUME_CLIMAX error: 'volume'
2026-07-21 02:57:59,865 - [ERROR] - [GOLD] Strategy VOLUME_CLIMAX error: 'volume'
2026-07-21 02:58:01,231 - [ERROR] - [GOLD] Strategy VOLUME_CLIMAX error: 'volume'
2026-07-21 02:58:02,603 - [ERROR] - [GOLD] Strategy VOLUME_CLIMAX error: 'volume'
2026-07-21 02:58:03,961 - [ERROR] - [GOLD] Strategy VOLUME_CLIMAX error: 'volume'
2026-07-21 02:58:05,353 - [ERROR] - [GOLD] Strategy VOLUME_CLIMAX error: 'volume'
2026-07-21 02:58:06,730 - [ERROR] - [GOLD] Strategy VOLUME_CLIMAX error: 'volume'
2026-07-21 02:58:08,100 - [ERROR] - [GOLD] Strategy VOLUME_CLIMAX error: 'volume'
2026-07-21 02:58:09,511 - [ERROR] - [GOLD] Strategy VOLUME_CLIMAX error: 'volume'
2026-07-21 02:58:10,615 - [WARNING] - [GBPUSD] \U0001f6a8 Spread Protection: Live Spread (101) > Max Allowable (40). Trade Aborted.
2026-07-21 02:58:10,906 - [ERROR] - [GOLD] Strategy VOLUME_CLIMAX error: 'volume'
2026-07-21 02:58:12,285 - [ERROR] - [GOLD] Strategy VOLUME_CLIMAX error: 'volume'
2026-07-21 02:58:13,893 - [ERROR] - [GOLD] Strategy VOLUME_CLIMAX error: 'volume'
2026-07-21 02:58:15,543 - [ERROR] - [GOLD] Strategy VOLUME_CLIMAX error: 'volume'
2026-07-21 02:58:17,136 - [ERROR] - [GOLD] Strategy VOLUME_CLIMAX error: 'volume'
2026-07-21 02:58:18,754 - [ERROR] - [GOLD] Strategy VOLUME_CLIMAX error: 'volume'
2026-07-21 02:58:20,375 - [ERROR] - [GOLD] Strategy VOLUME_CLIMAX error: 'volume'
2026-07-21 02:58:21,988 - [ERROR] - [GOLD] Strategy VOLUME_CLIMAX error: 'volume'
2026-07-21 02:58:23,635 - [ERROR] - [GOLD] Strategy VOLUME_CLIMAX error: 'volume'
2026-07-21 02:58:25,263 - [ERROR] - [GOLD] Strategy VOLUME_CLIMAX error: 'volume'
2026-07-21 02:58:25,782 - [WARNING] - [USDJPY] \U0001f6a8 Spread Protection: Live Spread (80) > Max Allowable (40). Trade Aborted.
2026-07-21 02:58:26,612 - [ERROR] - [GOLD] Strategy VOLUME_CLIMAX error: 'volume'
2026-07-21 02:58:27,988 - [ERROR] - [GOLD] Strategy VOLUME_CLIMAX error: 'volume'
2026-07-21 02:58:29,355 - [ERROR] - [GOLD] Strategy VOLUME_CLIMAX error: 'volume'
2026-07-21 02:58:30,745 - [ERROR] - [GOLD] Strategy VOLUME_CLIMAX error: 'volume'
2026-07-21 02:58:32,116 - [ERROR] - [GOLD] Strategy VOLUME_CLIMAX error: 'volume'
2026-07-21 02:58:33,496 - [ERROR] - [GOLD] Strategy VOLUME_CLIMAX error: 'volume'
2026-07-21 02:58:34,881 - [ERROR] - [GOLD] Strategy VOLUME_CLIMAX error: 'volume'
2026-07-21 02:58:36,338 - [ERROR] - [GOLD] Strategy VOLUME_CLIMAX error: 'volume'
2026-07-21 02:58:37,766 - [ERROR] - [GOLD] Strategy VOLUME_CLIMAX error: 'volume'
2026-07-21 02:58:39,242 - [ERROR] - [GOLD] Strategy VOLUME_CLIMAX error: 'volume'
2026-07-21 02:58:40,706 - [ERROR] - [GOLD] Strategy VOLUME_CLIMAX error: 'volume'
2026-07-21 02:58:42,118 - [ERROR] - [GOLD] Strategy VOLUME_CLIMAX error: 'volume'
2026-07-21 02:58:43,531 - [ERROR] - [GOLD] Strategy VOLUME_CLIMAX error: 'volume'
2026-07-21 02:58:44,903 - [ERROR] - [GOLD] Strategy VOLUME_CLIMAX error: 'volume'
2026-07-21 02:58:46,297 - [ERROR] - [GOLD] Strategy VOLUME_CLIMAX error: 'volume'
2026-07-21 02:58:47,667 - [ERROR] - [GOLD] Strategy VOLUME_CLIMAX error: 'volume'
2026-07-21 02:58:49,040 - [ERROR] - [GOLD] Strategy VOLUME_CLIMAX error: 'volume'
2026-07-21 02:58:50,411 - [ERROR] - [GOLD] Strategy VOLUME_CLIMAX error: 'volume'
2026-07-21 02:58:51,820 - [ERROR] - [GOLD] Strategy VOLUME_CLIMAX error: 'volume'
2026-07-21 02:58:53,205 - [ERROR] - [GOLD] Strategy VOLUME_CLIMAX error: 'volume'
2026-07-21 02:58:54,670 - [ERROR] - [GOLD] Strategy VOLUME_CLIMAX error: 'volume'
2026-07-21 02:58:56,149 - [ERROR] - [GOLD] Strategy VOLUME_CLIMAX error: 'volume'
2026-07-21 02:58:57,625 - [ERROR] - [GOLD] Strategy VOLUME_CLIMAX error: 'volume'
2026-07-21 02:58:59,140 - [ERROR] - [GOLD] Strategy VOLUME_CLIMAX error: 'volume'
2026-07-21 02:59:00,612 - [ERROR] - [GOLD] Strategy VOLUME_CLIMAX error: 'volume'
2026-07-21 02:59:02,143 - [ERROR] - [GOLD] Strategy VOLUME_CLIMAX error: 'volume'
2026-07-21 02:59:03,615 - [ERROR] - [GOLD] Strategy VOLUME_CLIMAX error: 'volume'
2026-07-21 02:59:04,995 - [ERROR] - [GOLD] Strategy VOLUME_CLIMAX error: 'volume'
2026-07-21 02:59:06,383 - [ERROR] - [GOLD] Strategy VOLUME_CLIMAX error: 'volume'
2026-07-21 02:59:07,755 - [ERROR] - [GOLD] Strategy VOLUME_CLIMAX error: 'volume'
2026-07-21 02:59:09,122 - [ERROR] - [GOLD] Strategy VOLUME_CLIMAX error: 'volume'
2026-07-21 02:59:10,595 - [ERROR] - [GOLD] Strategy VOLUME_CLIMAX error: 'volume'
2026-07-21 02:59:12,103 - [ERROR] - [GOLD] Strategy VOLUME_CLIMAX error: 'volume'
2026-07-21 02:59:13,604 - [ERROR] - [GOLD] Strategy VOLUME_CLIMAX error: 'volume'
2026-07-21 02:59:15,084 - [ERROR] - [GOLD] Strategy VOLUME_CLIMAX error: 'volume'
2026-07-21 02:59:16,510 - [ERROR] - [GOLD] Strategy VOLUME_CLIMAX error: 'volume'
2026-07-21 02:59:18,014 - [ERROR] - [GOLD] Strategy VOLUME_CLIMAX error: 'volume'
2026-07-21 02:59:19,500 - [ERROR] - [GOLD] Strategy VOLUME_CLIMAX error: 'volume'
2026-07-21 02:59:20,954 - [ERROR] - [GOLD] Strategy VOLUME_CLIMAX error: 'volume'
2026-07-21 02:59:22,436 - [ERROR] - [GOLD] Strategy VOLUME_CLIMAX error: 'volume'
2026-07-21 02:59:23,932 - [ERROR] - [GOLD] Strategy VOLUME_CLIMAX error: 'volume'
2026-07-21 02:59:25,462 - [ERROR] - [GOLD] Strategy VOLUME_CLIMAX error: 'volume'
2026-07-21 02:59:26,951 - [ERROR] - [GOLD] Strategy VOLUME_CLIMAX error: 'volume'
2026-07-21 02:59:28,456 - [ERROR] - [GOLD] Strategy VOLUME_CLIMAX error: 'volume'
2026-07-21 02:59:29,915 - [ERROR] - [GOLD] Strategy VOLUME_CLIMAX error: 'volume'
2026-07-21 02:59:31,416 - [ERROR] - [GOLD] Strategy VOLUME_CLIMAX error: 'volume'
2026-07-21 02:59:32,917 - [ERROR] - [GOLD] Strategy VOLUME_CLIMAX error: 'volume'
2026-07-21 02:59:34,408 - [ERROR] - [GOLD] Strategy VOLUME_CLIMAX error: 'volume'
2026-07-21 02:59:35,970 - [ERROR] - [GOLD] Strategy VOLUME_CLIMAX error: 'volume'
2026-07-21 02:59:37,523 - [ERROR] - [GOLD] Strategy VOLUME_CLIMAX error: 'volume'
2026-07-21 02:59:39,064 - [ERROR] - [GOLD] Strategy VOLUME_CLIMAX error: 'volume'
2026-07-21 02:59:40,673 - [ERROR] - [GOLD] Strategy VOLUME_CLIMAX error: 'volume'
2026-07-21 02:59:42,239 - [ERROR] - [GOLD] Strategy VOLUME_CLIMAX error: 'volume'
2026-07-21 02:59:43,937 - [ERROR] - [GOLD] Strategy VOLUME_CLIMAX error: 'volume'
2026-07-21 02:59:45,605 - [ERROR] - [GOLD] Strategy VOLUME_CLIMAX error: 'volume'
2026-07-21 02:59:47,317 - [ERROR] - [GOLD] Strategy VOLUME_CLIMAX error: 'volume'
2026-07-21 02:59:49,027 - [ERROR] - [GOLD] Strategy VOLUME_CLIMAX error: 'volume'
2026-07-21 02:59:50,721 - [ERROR] - [GOLD] Strategy VOLUME_CLIMAX error: 'volume'
2026-07-21 02:59:52,436 - [ERROR] - [GOLD] Strategy VOLUME_CLIMAX error: 'volume'
2026-07-21 02:59:54,178 - [ERROR] - [GOLD] Strategy VOLUME_CLIMAX error: 'volume'
2026-07-21 02:59:55,888 - [ERROR] - [GOLD] Strategy VOLUME_CLIMAX error: 'volume'
2026-07-21 02:59:57,564 - [ERROR] - [GOLD] Strategy VOLUME_CLIMAX error: 'volume'
2026-07-21 02:59:59,245 - [ERROR] - [GOLD] Strategy VOLUME_CLIMAX error: 'volume'
2026-07-21 03:00:00,981 - [ERROR] - [GOLD] Strategy VOLUME_CLIMAX error: 'volume'
2026-07-21 03:00:02,685 - [ERROR] - [GOLD] Strategy VOLUME_CLIMAX error: 'volume'
2026-07-21 03:00:04,519 - [ERROR] - [GOLD] Strategy VOLUME_CLIMAX error: 'volume'
2026-07-21 03:00:06,316 - [ERROR] - [GOLD] Strategy VOLUME_CLIMAX error: 'volume'
2026-07-21 03:00:08,105 - [ERROR] - [GOLD] Strategy VOLUME_CLIMAX error: 'volume'
2026-07-21 03:00:09,806 - [ERROR] - [GOLD] Strategy VOLUME_CLIMAX error: 'volume'
2026-07-21 03:00:11,145 - [WARNING] - [GBPUSD] \U0001f6a8 Spread Protection: Live Spread (102) > Max Allowable (40). Trade Aborted.
2026-07-21 03:00:11,602 - [ERROR] - [GOLD] Strategy VOLUME_CLIMAX error: 'volume'
2026-07-21 03:00:13,390 - [ERROR] - [GOLD] Strategy VOLUME_CLIMAX error: 'volume'
2026-07-21 03:00:15,182 - [ERROR] - [GOLD] Strategy VOLUME_CLIMAX error: 'volume'
2026-07-21 03:00:17,019 - [ERROR] - [GOLD] Strategy VOLUME_CLIMAX error: 'volume'
2026-07-21 03:00:18,756 - [ERROR] - [GOLD] Strategy VOLUME_CLIMAX error: 'volume'
2026-07-21 03:00:20,453 - [ERROR] - [GOLD] Strategy VOLUME_CLIMAX error: 'volume'
2026-07-21 03:00:22,116 - [ERROR] - [GOLD] Strategy VOLUME_CLIMAX error: 'volume'
2026-07-21 03:00:23,789 - [ERROR] - [GOLD] Strategy VOLUME_CLIMAX error: 'volume'
2026-07-21 03:00:25,435 - [ERROR] - [GOLD] Strategy VOLUME_CLIMAX error: 'volume'
2026-07-21 03:00:26,965 - [ERROR] - [GOLD] Strategy VOLUME_CLIMAX error: 'volume'
2026-07-21 03:00:28,445 - [ERROR] - [GOLD] Strategy VOLUME_CLIMAX error: 'volume'
2026-07-21 03:00:29,924 - [ERROR] - [GOLD] Strategy VOLUME_CLIMAX error: 'volume'
2026-07-21 03:00:31,372 - [ERROR] - [GOLD] Strategy VOLUME_CLIMAX error: 'volume'
2026-07-21 03:00:32,799 - [ERROR] - [GOLD] Strategy VOLUME_CLIMAX error: 'volume'
2026-07-21 03:00:34,168 - [ERROR] - [GOLD] Strategy VOLUME_CLIMAX error: 'volume'
2026-07-21 03:00:35,522 - [ERROR] - [GOLD] Strategy VOLUME_CLIMAX error: 'volume'
2026-07-21 03:00:36,913 - [ERROR] - [GOLD] Strategy VOLUME_CLIMAX error: 'volume'
2026-07-21 03:00:38,259 - [ERROR] - [GOLD] Strategy VOLUME_CLIMAX error: 'volume'
2026-07-21 03:00:39,605 - [ERROR] - [GOLD] Strategy VOLUME_CLIMAX error: 'volume'
2026-07-21 03:00:40,970 - [ERROR] - [GOLD] Strategy VOLUME_CLIMAX error: 'volume'
2026-07-21 03:00:42,312 - [ERROR] - [GOLD] Strategy VOLUME_CLIMAX error: 'volume'
2026-07-21 03:00:43,654 - [ERROR] - [GOLD] Strategy VOLUME_CLIMAX error: 'volume'
2026-07-21 03:00:45,003 - [ERROR] - [GOLD] Strategy VOLUME_CLIMAX error: 'volume'
2026-07-21 03:00:46,363 - [ERROR] - [GOLD] Strategy VOLUME_CLIMAX error: 'volume'
2026-07-21 03:00:47,713 - [ERROR] - [GOLD] Strategy VOLUME_CLIMAX error: 'volume'
2026-07-21 03:00:49,071 - [ERROR] - [GOLD] Strategy VOLUME_CLIMAX error: 'volume'
2026-07-21 03:00:50,422 - [ERROR] - [GOLD] Strategy VOLUME_CLIMAX error: 'volume'
2026-07-21 03:00:51,771 - [ERROR] - [GOLD] Strategy VOLUME_CLIMAX error: 'volume'
2026-07-21 03:00:53,145 - [ERROR] - [GOLD] Strategy VOLUME_CLIMAX error: 'volume'
2026-07-21 03:00:54,506 - [ERROR] - [GOLD] Strategy VOLUME_CLIMAX error: 'volume'
2026-07-21 03:00:55,874 - [ERROR] - [GOLD] Strategy VOLUME_CLIMAX error: 'volume'
2026-07-21 03:00:57,254 - [ERROR] - [GOLD] Strategy VOLUME_CLIMAX error: 'volume'
2026-07-21 03:00:58,606 - [ERROR] - [GOLD] Strategy VOLUME_CLIMAX error: 'volume'
2026-07-21 03:00:59,959 - [ERROR] - [GOLD] Strategy VOLUME_CLIMAX error: 'volume'
2026-07-21 03:01:01,331 - [ERROR] - [GOLD] Strategy VOLUME_CLIMAX error: 'volume'
2026-07-21 03:01:02,674 - [ERROR] - [GOLD] Strategy VOLUME_CLIMAX error: 'volume'
2026-07-21 03:01:04,018 - [ERROR] - [GOLD] Strategy VOLUME_CLIMAX error: 'volume'
2026-07-21 03:01:05,367 - [ERROR] - [GOLD] Strategy VOLUME_CLIMAX error: 'volume'
2026-07-21 03:01:06,716 - [ERROR] - [GOLD] Strategy VOLUME_CLIMAX error: 'volume'
2026-07-21 03:01:08,061 - [ERROR] - [GOLD] Strategy VOLUME_CLIMAX error: 'volume'
2026-07-21 03:01:09,406 - [ERROR] - [GOLD] Strategy VOLUME_CLIMAX error: 'volume'
2026-07-21 03:01:10,762 - [ERROR] - [GOLD] Strategy VOLUME_CLIMAX error: 'volume'
2026-07-21 03:01:12,106 - [ERROR] - [GOLD] Strategy VOLUME_CLIMAX error: 'volume'
2026-07-21 03:01:13,448 - [ERROR] - [GOLD] Strategy VOLUME_CLIMAX error: 'volume'
2026-07-21 03:01:14,798 - [ERROR] - [GOLD] Strategy VOLUME_CLIMAX error: 'volume'
2026-07-21 03:01:16,233 - [ERROR] - [GOLD] Strategy VOLUME_CLIMAX error: 'volume'
2026-07-21 03:01:17,639 - [ERROR] - [GOLD] Strategy VOLUME_CLIMAX error: 'volume'
2026-07-21 03:01:19,062 - [ERROR] - [GOLD] Strategy VOLUME_CLIMAX error: 'volume'
2026-07-21 03:01:20,455 - [ERROR] - [GOLD] Strategy VOLUME_CLIMAX error: 'volume'
2026-07-21 03:01:21,823 - [ERROR] - [GOLD] Strategy VOLUME_CLIMAX error: 'volume'
2026-07-21 03:01:23,177 - [ERROR] - [GOLD] Strategy VOLUME_CLIMAX error: 'volume'
2026-07-21 03:01:24,536 - [ERROR] - [GOLD] Strategy VOLUME_CLIMAX error: 'volume'
2026-07-21 03:01:25,918 - [ERROR] - [GOLD] Strategy VOLUME_CLIMAX error: 'volume'
2026-07-21 03:01:27,263 - [ERROR] - [GOLD] Strategy VOLUME_CLIMAX error: 'volume'
2026-07-21 03:01:28,607 - [ERROR] - [GOLD] Strategy VOLUME_CLIMAX error: 'volume'
2026-07-21 03:01:29,954 - [ERROR] - [GOLD] Strategy VOLUME_CLIMAX error: 'volume'
2026-07-21 03:01:31,306 - [ERROR] - [GOLD] Strategy VOLUME_CLIMAX error: 'volume'
2026-07-21 03:01:32,648 - [ERROR] - [GOLD] Strategy VOLUME_CLIMAX error: 'volume'
2026-07-21 03:01:33,995 - [ERROR] - [GOLD] Strategy VOLUME_CLIMAX error: 'volume'
2026-07-21 03:01:35,351 - [ERROR] - [GOLD] Strategy VOLUME_CLIMAX error: 'volume'
2026-07-21 03:01:36,710 - [ERROR] - [GOLD] Strategy VOLUME_CLIMAX error: 'volume'
2026-07-21 03:01:38,065 - [ERROR] - [GOLD] Strategy VOLUME_CLIMAX error: 'volume'
2026-07-21 03:01:39,420 - [ERROR] - [GOLD] Strategy VOLUME_CLIMAX error: 'volume'
2026-07-21 03:01:40,779 - [ERROR] - [GOLD] Strategy VOLUME_CLIMAX error: 'volume'
2026-07-21 03:01:42,119 - [ERROR] - [GOLD] Strategy VOLUME_CLIMAX error: 'volume'
2026-07-21 03:01:43,476 - [ERROR] - [GOLD] Strategy VOLUME_CLIMAX error: 'volume'
2026-07-21 03:01:44,817 - [ERROR] - [GOLD] Strategy VOLUME_CLIMAX error: 'volume'
2026-07-21 03:01:46,157 - [ERROR] - [GOLD] Strategy VOLUME_CLIMAX error: 'volume'
2026-07-21 03:01:47,511 - [ERROR] - [GOLD] Strategy VOLUME_CLIMAX error: 'volume'
2026-07-21 03:01:48,855 - [ERROR] - [GOLD] Strategy VOLUME_CLIMAX error: 'volume'
2026-07-21 03:01:50,217 - [ERROR] - [GOLD] Strategy VOLUME_CLIMAX error: 'volume'
2026-07-21 03:01:51,588 - [ERROR] - [GOLD] Strategy VOLUME_CLIMAX error: 'volume'
2026-07-21 03:01:52,945 - [ERROR] - [GOLD] Strategy VOLUME_CLIMAX error: 'volume'
2026-07-21 03:01:54,294 - [ERROR] - [GOLD] Strategy VOLUME_CLIMAX error: 'volume'
2026-07-21 03:01:55,644 - [ERROR] - [GOLD] Strategy VOLUME_CLIMAX error: 'volume'
2026-07-21 03:01:56,990 - [ERROR] - [GOLD] Strategy VOLUME_CLIMAX error: 'volume'
2026-07-21 03:01:58,341 - [ERROR] - [GOLD] Strategy VOLUME_CLIMAX error: 'volume'
2026-07-21 03:01:59,689 - [ERROR] - [GOLD] Strategy VOLUME_CLIMAX error: 'volume'
2026-07-21 03:02:01,083 - [ERROR] - [GOLD] Strategy VOLUME_CLIMAX error: 'volume'
2026-07-21 03:02:02,480 - [ERROR] - [GOLD] Strategy VOLUME_CLIMAX error: 'volume'
2026-07-21 03:02:03,846 - [ERROR] - [GOLD] Strategy VOLUME_CLIMAX error: 'volume'
2026-07-21 03:02:05,182 - [ERROR] - [GOLD] Strategy VOLUME_CLIMAX error: 'volume'
2026-07-21 03:02:06,531 - [ERROR] - [GOLD] Strategy VOLUME_CLIMAX error: 'volume'
2026-07-21 03:02:07,891 - [ERROR] - [GOLD] Strategy VOLUME_CLIMAX error: 'volume'
2026-07-21 03:02:09,241 - [ERROR] - [GOLD] Strategy VOLUME_CLIMAX error: 'volume'
2026-07-21 03:02:10,605 - [ERROR] - [GOLD] Strategy VOLUME_CLIMAX error: 'volume'
2026-07-21 03:02:11,957 - [ERROR] - [GOLD] Strategy VOLUME_CLIMAX error: 'volume'
2026-07-21 03:02:12,092 - [WARNING] - [GBPUSD] \U0001f6a8 Spread Protection: Live Spread (98) > Max Allowable (40). Trade Aborted.
2026-07-21 03:02:13,326 - [ERROR] - [GOLD] Strategy VOLUME_CLIMAX error: 'volume'
2026-07-21 03:02:14,673 - [ERROR] - [GOLD] Strategy VOLUME_CLIMAX error: 'volume'
2026-07-21 03:02:16,023 - [ERROR] - [GOLD] Strategy VOLUME_CLIMAX error: 'volume'
2026-07-21 03:02:17,382 - [ERROR] - [GOLD] Strategy VOLUME_CLIMAX error: 'volume'
2026-07-21 03:02:18,724 - [ERROR] - [GOLD] Strategy VOLUME_CLIMAX error: 'volume'
2026-07-21 03:02:20,091 - [ERROR] - [GOLD] Strategy VOLUME_CLIMAX error: 'volume'
2026-07-21 03:02:21,445 - [ERROR] - [GOLD] Strategy VOLUME_CLIMAX error: 'volume'
2026-07-21 03:02:22,789 - [ERROR] - [GOLD] Strategy VOLUME_CLIMAX error: 'volume'
2026-07-21 03:02:24,131 - [ERROR] - [GOLD] Strategy VOLUME_CLIMAX error: 'volume'
2026-07-21 03:02:25,490 - [ERROR] - [GOLD] Strategy VOLUME_CLIMAX error: 'volume'
2026-07-21 03:02:26,854 - [ERROR] - [GOLD] Strategy VOLUME_CLIMAX error: 'volume'
2026-07-21 03:02:28,254 - [ERROR] - [GOLD] Strategy VOLUME_CLIMAX error: 'volume'
2026-07-21 03:02:29,666 - [ERROR] - [GOLD] Strategy VOLUME_CLIMAX error: 'volume'
2026-07-21 03:02:31,051 - [ERROR] - [GOLD] Strategy VOLUME_CLIMAX error: 'volume'
2026-07-21 03:02:32,412 - [ERROR] - [GOLD] Strategy VOLUME_CLIMAX error: 'volume'
2026-07-21 03:02:33,759 - [ERROR] - [GOLD] Strategy VOLUME_CLIMAX error: 'volume'
2026-07-21 03:02:35,098 - [ERROR] - [GOLD] Strategy VOLUME_CLIMAX error: 'volume'
2026-07-21 03:02:36,444 - [ERROR] - [GOLD] Strategy VOLUME_CLIMAX error: 'volume'
2026-07-21 03:02:37,841 - [ERROR] - [GOLD] Strategy VOLUME_CLIMAX error: 'volume'
2026-07-21 03:02:39,231 - [ERROR] - [GOLD] Strategy VOLUME_CLIMAX error: 'volume'
2026-07-21 03:02:40,578 - [ERROR] - [GOLD] Strategy VOLUME_CLIMAX error: 'volume'
2026-07-21 03:02:41,941 - [ERROR] - [GOLD] Strategy VOLUME_CLIMAX error: 'volume'
2026-07-21 03:02:43,289 - [ERROR] - [GOLD] Strategy VOLUME_CLIMAX error: 'volume'
2026-07-21 03:02:44,646 - [ERROR] - [GOLD] Strategy VOLUME_CLIMAX error: 'volume'
2026-07-21 03:02:46,042 - [ERROR] - [GOLD] Strategy VOLUME_CLIMAX error: 'volume'
2026-07-21 03:02:47,419 - [ERROR] - [GOLD] Strategy VOLUME_CLIMAX error: 'volume'
2026-07-21 03:02:48,775 - [ERROR] - [GOLD] Strategy VOLUME_CLIMAX error: 'volume'
2026-07-21 03:02:50,125 - [ERROR] - [GOLD] Strategy VOLUME_CLIMAX error: 'volume'
2026-07-21 03:02:51,466 - [ERROR] - [GOLD] Strategy VOLUME_CLIMAX error: 'volume'
2026-07-21 03:02:52,806 - [ERROR] - [GOLD] Strategy VOLUME_CLIMAX error: 'volume'
2026-07-21 03:02:54,167 - [ERROR] - [GOLD] Strategy VOLUME_CLIMAX error: 'volume'
2026-07-21 03:02:55,519 - [ERROR] - [GOLD] Strategy VOLUME_CLIMAX error: 'volume'
2026-07-21 03:02:56,879 - [ERROR] - [GOLD] Strategy VOLUME_CLIMAX error: 'volume'
2026-07-21 03:02:58,258 - [ERROR] - [GOLD] Strategy VOLUME_CLIMAX error: 'volume'
2026-07-21 03:02:59,620 - [ERROR] - [GOLD] Strategy VOLUME_CLIMAX error: 'volume'
2026-07-21 03:03:00,974 - [ERROR] - [GOLD] Strategy VOLUME_CLIMAX error: 'volume'
2026-07-21 03:03:02,343 - [ERROR] - [GOLD] Strategy VOLUME_CLIMAX error: 'volume'
2026-07-21 03:03:03,694 - [ERROR] - [GOLD] Strategy VOLUME_CLIMAX error: 'volume'
2026-07-21 03:03:05,045 - [ERROR] - [GOLD] Strategy VOLUME_CLIMAX error: 'volume'
2026-07-21 03:03:06,453 - [ERROR] - [GOLD] Strategy VOLUME_CLIMAX error: 'volume'
2026-07-21 03:03:07,845 - [ERROR] - [GOLD] Strategy VOLUME_CLIMAX error: 'volume'
2026-07-21 03:03:09,190 - [ERROR] - [GOLD] Strategy VOLUME_CLIMAX error: 'volume'
2026-07-21 03:03:10,554 - [ERROR] - [GOLD] Strategy VOLUME_CLIMAX error: 'volume'
2026-07-21 03:03:11,906 - [ERROR] - [GOLD] Strategy VOLUME_CLIMAX error: 'volume'
2026-07-21 03:03:13,257 - [ERROR] - [GOLD] Strategy VOLUME_CLIMAX error: 'volume'
2026-07-21 03:03:14,604 - [ERROR] - [GOLD] Strategy VOLUME_CLIMAX error: 'volume'
2026-07-21 03:03:15,964 - [ERROR] - [GOLD] Strategy VOLUME_CLIMAX error: 'volume'
2026-07-21 03:03:17,308 - [ERROR] - [GOLD] Strategy VOLUME_CLIMAX error: 'volume'
2026-07-21 03:03:18,669 - [ERROR] - [GOLD] Strategy VOLUME_CLIMAX error: 'volume'
2026-07-21 03:03:20,026 - [ERROR] - [GOLD] Strategy VOLUME_CLIMAX error: 'volume'
2026-07-21 03:03:21,390 - [ERROR] - [GOLD] Strategy VOLUME_CLIMAX error: 'volume'
2026-07-21 03:03:22,795 - [ERROR] - [GOLD] Strategy VOLUME_CLIMAX error: 'volume'
2026-07-21 03:03:24,186 - [ERROR] - [GOLD] Strategy VOLUME_CLIMAX error: 'volume'
2026-07-21 03:03:25,556 - [ERROR] - [GOLD] Strategy VOLUME_CLIMAX error: 'volume'
2026-07-21 03:03:26,963 - [ERROR] - [GOLD] Strategy VOLUME_CLIMAX error: 'volume'
2026-07-21 03:03:28,318 - [ERROR] - [GOLD] Strategy VOLUME_CLIMAX error: 'volume'
2026-07-21 03:03:29,667 - [ERROR] - [GOLD] Strategy VOLUME_CLIMAX error: 'volume'
2026-07-21 03:03:31,015 - [ERROR] - [GOLD] Strategy VOLUME_CLIMAX error: 'volume'
2026-07-21 03:03:32,376 - [ERROR] - [GOLD] Strategy VOLUME_CLIMAX error: 'volume'
2026-07-21 03:03:33,730 - [ERROR] - [GOLD] Strategy VOLUME_CLIMAX error: 'volume'
2026-07-21 03:03:35,078 - [ERROR] - [GOLD] Strategy VOLUME_CLIMAX error: 'volume'
2026-07-21 03:03:36,436 - [ERROR] - [GOLD] Strategy VOLUME_CLIMAX error: 'volume'
2026-07-21 03:03:37,784 - [ERROR] - [GOLD] Strategy VOLUME_CLIMAX error: 'volume'
2026-07-21 03:03:39,126 - [ERROR] - [GOLD] Strategy VOLUME_CLIMAX error: 'volume'
2026-07-21 03:03:40,479 - [ERROR] - [GOLD] Strategy VOLUME_CLIMAX error: 'volume'
2026-07-21 03:03:41,826 - [ERROR] - [GOLD] Strategy VOLUME_CLIMAX error: 'volume'
2026-07-21 03:03:43,178 - [ERROR] - [GOLD] Strategy VOLUME_CLIMAX error: 'volume'
2026-07-21 03:03:44,544 - [ERROR] - [GOLD] Strategy VOLUME_CLIMAX error: 'volume'
2026-07-21 03:03:45,888 - [ERROR] - [GOLD] Strategy VOLUME_CLIMAX error: 'volume'
2026-07-21 03:03:47,251 - [ERROR] - [GOLD] Strategy VOLUME_CLIMAX error: 'volume'
2026-07-21 03:03:48,598 - [ERROR] - [GOLD] Strategy VOLUME_CLIMAX error: 'volume'
2026-07-21 03:03:49,944 - [ERROR] - [GOLD] Strategy VOLUME_CLIMAX error: 'volume'
2026-07-21 03:03:51,296 - [ERROR] - [GOLD] Strategy VOLUME_CLIMAX error: 'volume'
2026-07-21 03:03:52,654 - [ERROR] - [GOLD] Strategy VOLUME_CLIMAX error: 'volume'
2026-07-21 03:03:54,053 - [ERROR] - [GOLD] Strategy VOLUME_CLIMAX error: 'volume'
2026-07-21 03:03:55,403 - [ERROR] - [GOLD] Strategy VOLUME_CLIMAX error: 'volume'
2026-07-21 03:03:56,761 - [ERROR] - [GOLD] Strategy VOLUME_CLIMAX error: 'volume'
2026-07-21 03:03:58,106 - [ERROR] - [GOLD] Strategy VOLUME_CLIMAX error: 'volume'
2026-07-21 03:03:59,454 - [ERROR] - [GOLD] Strategy VOLUME_CLIMAX error: 'volume'
2026-07-21 03:04:00,804 - [ERROR] - [GOLD] Strategy VOLUME_CLIMAX error: 'volume'
2026-07-21 03:04:02,157 - [ERROR] - [GOLD] Strategy VOLUME_CLIMAX error: 'volume'
2026-07-21 03:04:03,501 - [ERROR] - [GOLD] Strategy VOLUME_CLIMAX error: 'volume'
2026-07-21 03:04:04,864 - [ERROR] - [GOLD] Strategy VOLUME_CLIMAX error: 'volume'
2026-07-21 03:04:06,219 - [ERROR] - [GOLD] Strategy VOLUME_CLIMAX error: 'volume'
2026-07-21 03:04:07,575 - [ERROR] - [GOLD] Strategy VOLUME_CLIMAX error: 'volume'
2026-07-21 03:04:08,920 - [ERROR] - [GOLD] Strategy VOLUME_CLIMAX error: 'volume'
2026-07-21 03:04:10,278 - [ERROR] - [GOLD] Strategy VOLUME_CLIMAX error: 'volume'
2026-07-21 03:04:11,618 - [ERROR] - [GOLD] Strategy VOLUME_CLIMAX error: 'volume'
2026-07-21 03:04:12,149 - [WARNING] - [GBPUSD] \U0001f6a8 Spread Protection: Live Spread (100) > Max Allowable (40). Trade Aborted.
2026-07-21 03:04:12,969 - [ERROR] - [GOLD] Strategy VOLUME_CLIMAX error: 'volume'
2026-07-21 03:04:14,334 - [ERROR] - [GOLD] Strategy VOLUME_CLIMAX error: 'volume'
2026-07-21 03:04:15,706 - [ERROR] - [GOLD] Strategy VOLUME_CLIMAX error: 'volume'
2026-07-21 03:04:17,102 - [ERROR] - [GOLD] Strategy VOLUME_CLIMAX error: 'volume'
2026-07-21 03:04:18,486 - [ERROR] - [GOLD] Strategy VOLUME_CLIMAX error: 'volume'
2026-07-21 03:04:19,831 - [ERROR] - [GOLD] Strategy VOLUME_CLIMAX error: 'volume'
2026-07-21 03:04:21,171 - [ERROR] - [GOLD] Strategy VOLUME_CLIMAX error: 'volume'
2026-07-21 03:04:22,522 - [ERROR] - [GOLD] Strategy VOLUME_CLIMAX error: 'volume'
2026-07-21 03:04:23,875 - [ERROR] - [GOLD] Strategy VOLUME_CLIMAX error: 'volume'
2026-07-21 03:04:25,248 - [ERROR] - [GOLD] Strategy VOLUME_CLIMAX error: 'volume'
2026-07-21 03:04:26,636 - [ERROR] - [GOLD] Strategy VOLUME_CLIMAX error: 'volume'
2026-07-21 03:04:27,980 - [ERROR] - [GOLD] Strategy VOLUME_CLIMAX error: 'volume'
2026-07-21 03:04:29,335 - [ERROR] - [GOLD] Strategy VOLUME_CLIMAX error: 'volume'
2026-07-21 03:04:30,695 - [ERROR] - [GOLD] Strategy VOLUME_CLIMAX error: 'volume'
2026-07-21 03:04:32,055 - [ERROR] - [GOLD] Strategy VOLUME_CLIMAX error: 'volume'
2026-07-21 03:04:33,408 - [ERROR] - [GOLD] Strategy VOLUME_CLIMAX error: 'volume'
2026-07-21 03:04:34,753 - [ERROR] - [GOLD] Strategy VOLUME_CLIMAX error: 'volume'
2026-07-21 03:04:36,094 - [ERROR] - [GOLD] Strategy VOLUME_CLIMAX error: 'volume'
2026-07-21 03:04:37,437 - [ERROR] - [GOLD] Strategy VOLUME_CLIMAX error: 'volume'
2026-07-21 03:04:38,776 - [ERROR] - [GOLD] Strategy VOLUME_CLIMAX error: 'volume'
2026-07-21 03:04:40,122 - [ERROR] - [GOLD] Strategy VOLUME_CLIMAX error: 'volume'
2026-07-21 03:04:41,472 - [ERROR] - [GOLD] Strategy VOLUME_CLIMAX error: 'volume'
2026-07-21 03:04:42,852 - [ERROR] - [GOLD] Strategy VOLUME_CLIMAX error: 'volume'
2026-07-21 03:04:44,206 - [ERROR] - [GOLD] Strategy VOLUME_CLIMAX error: 'volume'
2026-07-21 03:04:45,551 - [ERROR] - [GOLD] Strategy VOLUME_CLIMAX error: 'volume'
2026-07-21 03:04:46,911 - [ERROR] - [GOLD] Strategy VOLUME_CLIMAX error: 'volume'
2026-07-21 03:04:48,304 - [ERROR] - [GOLD] Strategy VOLUME_CLIMAX error: 'volume'
2026-07-21 03:04:49,700 - [ERROR] - [GOLD] Strategy VOLUME_CLIMAX error: 'volume'
2026-07-21 03:04:51,052 - [ERROR] - [GOLD] Strategy VOLUME_CLIMAX error: 'volume'
2026-07-21 03:04:52,407 - [ERROR] - [GOLD] Strategy VOLUME_CLIMAX error: 'volume'
2026-07-21 03:04:53,798 - [ERROR] - [GOLD] Strategy VOLUME_CLIMAX error: 'volume'
2026-07-21 03:04:55,138 - [ERROR] - [GOLD] Strategy VOLUME_CLIMAX error: 'volume'
2026-07-21 03:04:56,487 - [ERROR] - [GOLD] Strategy VOLUME_CLIMAX error: 'volume'
2026-07-21 03:04:57,848 - [ERROR] - [GOLD] Strategy VOLUME_CLIMAX error: 'volume'
2026-07-21 03:04:59,191 - [ERROR] - [GOLD] Strategy VOLUME_CLIMAX error: 'volume'
2026-07-21 03:05:00,576 - [ERROR] - [GOLD] Strategy VOLUME_CLIMAX error: 'volume'
2026-07-21 03:05:01,922 - [ERROR] - [GOLD] Strategy VOLUME_CLIMAX error: 'volume'
2026-07-21 03:05:03,266 - [ERROR] - [GOLD] Strategy VOLUME_CLIMAX error: 'volume'
2026-07-21 03:05:04,615 - [ERROR] - [GOLD] Strategy VOLUME_CLIMAX error: 'volume'
2026-07-21 03:05:05,965 - [ERROR] - [GOLD] Strategy VOLUME_CLIMAX error: 'volume'
2026-07-21 03:05:07,312 - [ERROR] - [GOLD] Strategy VOLUME_CLIMAX error: 'volume'
2026-07-21 03:05:08,667 - [ERROR] - [GOLD] Strategy VOLUME_CLIMAX error: 'volume'
2026-07-21 03:05:10,007 - [ERROR] - [GOLD] Strategy VOLUME_CLIMAX error: 'volume'
2026-07-21 03:05:11,355 - [ERROR] - [GOLD] Strategy VOLUME_CLIMAX error: 'volume'
2026-07-21 03:05:12,706 - [ERROR] - [GOLD] Strategy VOLUME_CLIMAX error: 'volume'
2026-07-21 03:05:14,061 - [ERROR] - [GOLD] Strategy VOLUME_CLIMAX error: 'volume'
2026-07-21 03:05:15,409 - [ERROR] - [GOLD] Strategy VOLUME_CLIMAX error: 'volume'
2026-07-21 03:05:16,761 - [ERROR] - [GOLD] Strategy VOLUME_CLIMAX error: 'volume'
2026-07-21 03:05:18,122 - [ERROR] - [GOLD] Strategy VOLUME_CLIMAX error: 'volume'
2026-07-21 03:05:19,473 - [ERROR] - [GOLD] Strategy VOLUME_CLIMAX error: 'volume'
2026-07-21 03:05:20,858 - [ERROR] - [GOLD] Strategy VOLUME_CLIMAX error: 'volume'
2026-07-21 03:05:22,216 - [ERROR] - [GOLD] Strategy VOLUME_CLIMAX error: 'volume'
2026-07-21 03:05:23,560 - [ERROR] - [GOLD] Strategy VOLUME_CLIMAX error: 'volume'
2026-07-21 03:05:24,904 - [ERROR] - [GOLD] Strategy VOLUME_CLIMAX error: 'volume'
2026-07-21 03:05:26,256 - [ERROR] - [GOLD] Strategy VOLUME_CLIMAX error: 'volume'
2026-07-21 03:05:27,598 - [ERROR] - [GOLD] Strategy VOLUME_CLIMAX error: 'volume'
2026-07-21 03:05:28,943 - [ERROR] - [GOLD] Strategy VOLUME_CLIMAX error: 'volume'
2026-07-21 03:05:30,317 - [ERROR] - [GOLD] Strategy VOLUME_CLIMAX error: 'volume'
2026-07-21 03:05:31,664 - [ERROR] - [GOLD] Strategy VOLUME_CLIMAX error: 'volume'
2026-07-21 03:05:33,008 - [ERROR] - [GOLD] Strategy VOLUME_CLIMAX error: 'volume'
2026-07-21 03:05:34,488 - [ERROR] - [GOLD] Strategy VOLUME_CLIMAX error: 'volume'
2026-07-21 03:05:35,910 - [ERROR] - [GOLD] Strategy VOLUME_CLIMAX error: 'volume'
2026-07-21 03:05:37,280 - [ERROR] - [GOLD] Strategy VOLUME_CLIMAX error: 'volume'
2026-07-21 03:05:38,637 - [ERROR] - [GOLD] Strategy VOLUME_CLIMAX error: 'volume'
2026-07-21 03:05:39,983 - [ERROR] - [GOLD] Strategy VOLUME_CLIMAX error: 'volume'
2026-07-21 03:05:41,337 - [ERROR] - [GOLD] Strategy VOLUME_CLIMAX error: 'volume'
2026-07-21 03:05:42,737 - [ERROR] - [GOLD] Strategy VOLUME_CLIMAX error: 'volume'
2026-07-21 03:05:44,089 - [ERROR] - [GOLD] Strategy VOLUME_CLIMAX error: 'volume'
2026-07-21 03:05:45,450 - [ERROR] - [GOLD] Strategy VOLUME_CLIMAX error: 'volume'
2026-07-21 03:05:46,803 - [ERROR] - [GOLD] Strategy VOLUME_CLIMAX error: 'volume'
2026-07-21 03:05:48,146 - [ERROR] - [GOLD] Strategy VOLUME_CLIMAX error: 'volume'
2026-07-21 03:05:49,503 - [ERROR] - [GOLD] Strategy VOLUME_CLIMAX error: 'volume'
2026-07-21 03:05:50,938 - [ERROR] - [GOLD] Strategy VOLUME_CLIMAX error: 'volume'
2026-07-21 03:05:52,311 - [ERROR] - [GOLD] Strategy VOLUME_CLIMAX error: 'volume'
2026-07-21 03:05:53,657 - [ERROR] - [GOLD] Strategy VOLUME_CLIMAX error: 'volume'
2026-07-21 03:05:55,010 - [ERROR] - [GOLD] Strategy VOLUME_CLIMAX error: 'volume'
2026-07-21 03:05:56,359 - [ERROR] - [GOLD] Strategy VOLUME_CLIMAX error: 'volume'
2026-07-21 03:05:57,700 - [ERROR] - [GOLD] Strategy VOLUME_CLIMAX error: 'volume'
2026-07-21 03:05:59,052 - [ERROR] - [GOLD] Strategy VOLUME_CLIMAX error: 'volume'
2026-07-21 03:06:00,403 - [ERROR] - [GOLD] Strategy VOLUME_CLIMAX error: 'volume'
2026-07-21 03:06:01,786 - [ERROR] - [GOLD] Strategy VOLUME_CLIMAX error: 'volume'
2026-07-21 03:06:03,285 - [ERROR] - [GOLD] Strategy VOLUME_CLIMAX error: 'volume'
2026-07-21 03:06:04,732 - [ERROR] - [GOLD] Strategy VOLUME_CLIMAX error: 'volume'
2026-07-21 03:06:06,193 - [ERROR] - [GOLD] Strategy VOLUME_CLIMAX error: 'volume'
2026-07-21 03:06:07,643 - [ERROR] - [GOLD] Strategy VOLUME_CLIMAX error: 'volume'
2026-07-21 03:06:09,079 - [ERROR] - [GOLD] Strategy VOLUME_CLIMAX error: 'volume'
2026-07-21 03:06:10,475 - [ERROR] - [GOLD] Strategy VOLUME_CLIMAX error: 'volume'
2026-07-21 03:06:11,847 - [ERROR] - [GOLD] Strategy VOLUME_CLIMAX error: 'volume'
2026-07-21 03:06:12,256 - [WARNING] - [GBPUSD] \U0001f6a8 Spread Protection: Live Spread (85) > Max Allowable (40). Trade Aborted.
2026-07-21 03:06:13,252 - [ERROR] - [GOLD] Strategy VOLUME_CLIMAX error: 'volume'
2026-07-21 03:06:14,654 - [ERROR] - [GOLD] Strategy VOLUME_CLIMAX error: 'volume'
2026-07-21 03:06:16,034 - [ERROR] - [GOLD] Strategy VOLUME_CLIMAX error: 'volume'
2026-07-21 03:06:17,407 - [ERROR] - [GOLD] Strategy VOLUME_CLIMAX error: 'volume'
2026-07-21 03:06:18,772 - [ERROR] - [GOLD] Strategy VOLUME_CLIMAX error: 'volume'
2026-07-21 03:06:20,182 - [ERROR] - [GOLD] Strategy VOLUME_CLIMAX error: 'volume'
2026-07-21 03:06:21,545 - [ERROR] - [GOLD] Strategy VOLUME_CLIMAX error: 'volume'
2026-07-21 03:06:22,902 - [ERROR] - [GOLD] Strategy VOLUME_CLIMAX error: 'volume'
2026-07-21 03:06:24,271 - [ERROR] - [GOLD] Strategy VOLUME_CLIMAX error: 'volume'
2026-07-21 03:06:25,654 - [ERROR] - [GOLD] Strategy VOLUME_CLIMAX error: 'volume'
2026-07-21 03:06:27,002 - [ERROR] - [GOLD] Strategy VOLUME_CLIMAX error: 'volume'
2026-07-21 03:06:28,379 - [ERROR] - [GOLD] Strategy VOLUME_CLIMAX error: 'volume'
2026-07-21 03:06:29,737 - [ERROR] - [GOLD] Strategy VOLUME_CLIMAX error: 'volume'
2026-07-21 03:06:31,100 - [ERROR] - [GOLD] Strategy VOLUME_CLIMAX error: 'volume'
2026-07-21 03:06:32,457 - [ERROR] - [GOLD] Strategy VOLUME_CLIMAX error: 'volume'
2026-07-21 03:06:33,818 - [ERROR] - [GOLD] Strategy VOLUME_CLIMAX error: 'volume'
2026-07-21 03:06:35,189 - [ERROR] - [GOLD] Strategy VOLUME_CLIMAX error: 'volume'
2026-07-21 03:06:36,616 - [ERROR] - [GOLD] Strategy VOLUME_CLIMAX error: 'volume'
2026-07-21 03:06:38,109 - [ERROR] - [GOLD] Strategy VOLUME_CLIMAX error: 'volume'
2026-07-21 03:06:39,665 - [ERROR] - [GOLD] Strategy VOLUME_CLIMAX error: 'volume'
2026-07-21 03:06:41,221 - [ERROR] - [GOLD] Strategy VOLUME_CLIMAX error: 'volume'
2026-07-21 03:06:42,673 - [ERROR] - [GOLD] Strategy VOLUME_CLIMAX error: 'volume'
2026-07-21 03:06:44,118 - [ERROR] - [GOLD] Strategy VOLUME_CLIMAX error: 'volume'
2026-07-21 03:06:45,582 - [ERROR] - [GOLD] Strategy VOLUME_CLIMAX error: 'volume'
2026-07-21 03:06:47,073 - [ERROR] - [GOLD] Strategy VOLUME_CLIMAX error: 'volume'
2026-07-21 03:06:48,565 - [ERROR] - [GOLD] Strategy VOLUME_CLIMAX error: 'volume'
2026-07-21 03:06:50,009 - [ERROR] - [GOLD] Strategy VOLUME_CLIMAX error: 'volume'
2026-07-21 03:06:51,384 - [ERROR] - [GOLD] Strategy VOLUME_CLIMAX error: 'volume'
2026-07-21 03:06:52,740 - [ERROR] - [GOLD] Strategy VOLUME_CLIMAX error: 'volume'
2026-07-21 03:06:54,249 - [ERROR] - [GOLD] Strategy VOLUME_CLIMAX error: 'volume'
2026-07-21 03:06:55,750 - [ERROR] - [GOLD] Strategy VOLUME_CLIMAX error: 'volume'
2026-07-21 03:06:57,216 - [ERROR] - [GOLD] Strategy VOLUME_CLIMAX error: 'volume'
2026-07-21 03:06:58,632 - [ERROR] - [GOLD] Strategy VOLUME_CLIMAX error: 'volume'
2026-07-21 03:07:00,040 - [ERROR] - [GOLD] Strategy VOLUME_CLIMAX error: 'volume'
2026-07-21 03:07:01,447 - [ERROR] - [GOLD] Strategy VOLUME_CLIMAX error: 'volume'
2026-07-21 03:07:02,837 - [ERROR] - [GOLD] Strategy VOLUME_CLIMAX error: 'volume'
2026-07-21 03:07:04,195 - [ERROR] - [GOLD] Strategy VOLUME_CLIMAX error: 'volume'
2026-07-21 03:07:05,549 - [ERROR] - [GOLD] Strategy VOLUME_CLIMAX error: 'volume'
2026-07-21 03:07:06,922 - [ERROR] - [GOLD] Strategy VOLUME_CLIMAX error: 'volume'
2026-07-21 03:07:08,274 - [ERROR] - [GOLD] Strategy VOLUME_CLIMAX error: 'volume'
2026-07-21 03:07:09,633 - [ERROR] - [GOLD] Strategy VOLUME_CLIMAX error: 'volume'
2026-07-21 03:07:11,031 - [ERROR] - [GOLD] Strategy VOLUME_CLIMAX error: 'volume'
2026-07-21 03:07:12,423 - [ERROR] - [GOLD] Strategy VOLUME_CLIMAX error: 'volume'
2026-07-21 03:07:13,784 - [ERROR] - [GOLD] Strategy VOLUME_CLIMAX error: 'volume'
2026-07-21 03:07:15,149 - [ERROR] - [GOLD] Strategy VOLUME_CLIMAX error: 'volume'
2026-07-21 03:07:16,538 - [ERROR] - [GOLD] Strategy VOLUME_CLIMAX error: 'volume'
2026-07-21 03:07:17,943 - [ERROR] - [GOLD] Strategy VOLUME_CLIMAX error: 'volume'
2026-07-21 03:07:19,312 - [ERROR] - [GOLD] Strategy VOLUME_CLIMAX error: 'volume'
2026-07-21 03:07:20,681 - [ERROR] - [GOLD] Strategy VOLUME_CLIMAX error: 'volume'
2026-07-21 03:07:22,046 - [ERROR] - [GOLD] Strategy VOLUME_CLIMAX error: 'volume'
2026-07-21 03:07:23,457 - [ERROR] - [GOLD] Strategy VOLUME_CLIMAX error: 'volume'
2026-07-21 03:07:24,820 - [ERROR] - [GOLD] Strategy VOLUME_CLIMAX error: 'volume'
2026-07-21 03:07:26,181 - [ERROR] - [GOLD] Strategy VOLUME_CLIMAX error: 'volume'
2026-07-21 03:07:27,546 - [ERROR] - [GOLD] Strategy VOLUME_CLIMAX error: 'volume'
2026-07-21 03:07:28,915 - [ERROR] - [GOLD] Strategy VOLUME_CLIMAX error: 'volume'
2026-07-21 03:07:30,333 - [ERROR] - [GOLD] Strategy VOLUME_CLIMAX error: 'volume'
2026-07-21 03:07:31,698 - [ERROR] - [GOLD] Strategy VOLUME_CLIMAX error: 'volume'
2026-07-21 03:07:33,048 - [ERROR] - [GOLD] Strategy VOLUME_CLIMAX error: 'volume'
2026-07-21 03:07:34,407 - [ERROR] - [GOLD] Strategy VOLUME_CLIMAX error: 'volume'
2026-07-21 03:07:35,789 - [ERROR] - [GOLD] Strategy VOLUME_CLIMAX error: 'volume'
2026-07-21 03:07:37,201 - [ERROR] - [GOLD] Strategy VOLUME_CLIMAX error: 'volume'
2026-07-21 03:07:38,648 - [ERROR] - [GOLD] Strategy VOLUME_CLIMAX error: 'volume'
2026-07-21 03:07:40,068 - [ERROR] - [GOLD] Strategy VOLUME_CLIMAX error: 'volume'
2026-07-21 03:07:41,460 - [ERROR] - [GOLD] Strategy VOLUME_CLIMAX error: 'volume'
2026-07-21 03:07:42,836 - [ERROR] - [GOLD] Strategy VOLUME_CLIMAX error: 'volume'
2026-07-21 03:07:44,191 - [ERROR] - [GOLD] Strategy VOLUME_CLIMAX error: 'volume'
2026-07-21 03:07:45,546 - [ERROR] - [GOLD] Strategy VOLUME_CLIMAX error: 'volume'
2026-07-21 03:07:46,928 - [ERROR] - [GOLD] Strategy VOLUME_CLIMAX error: 'volume'
2026-07-21 03:07:48,278 - [ERROR] - [GOLD] Strategy VOLUME_CLIMAX error: 'volume'
2026-07-21 03:07:49,639 - [ERROR] - [GOLD] Strategy VOLUME_CLIMAX error: 'volume'
2026-07-21 03:07:50,999 - [ERROR] - [GOLD] Strategy VOLUME_CLIMAX error: 'volume'
2026-07-21 03:07:52,443 - [ERROR] - [GOLD] Strategy VOLUME_CLIMAX error: 'volume'
2026-07-21 03:07:53,800 - [ERROR] - [GOLD] Strategy VOLUME_CLIMAX error: 'volume'
2026-07-21 03:07:55,204 - [ERROR] - [GOLD] Strategy VOLUME_CLIMAX error: 'volume'
2026-07-21 03:07:56,652 - [ERROR] - [GOLD] Strategy VOLUME_CLIMAX error: 'volume'
2026-07-21 03:07:58,012 - [ERROR] - [GOLD] Strategy VOLUME_CLIMAX error: 'volume'
2026-07-21 03:07:59,375 - [ERROR] - [GOLD] Strategy VOLUME_CLIMAX error: 'volume'
2026-07-21 03:08:00,816 - [ERROR] - [GOLD] Strategy VOLUME_CLIMAX error: 'volume'
2026-07-21 03:08:02,202 - [ERROR] - [GOLD] Strategy VOLUME_CLIMAX error: 'volume'
2026-07-21 03:08:03,645 - [ERROR] - [GOLD] Strategy VOLUME_CLIMAX error: 'volume'
2026-07-21 03:08:05,017 - [ERROR] - [GOLD] Strategy VOLUME_CLIMAX error: 'volume'
2026-07-21 03:08:06,377 - [ERROR] - [GOLD] Strategy VOLUME_CLIMAX error: 'volume'
2026-07-21 03:08:07,738 - [ERROR] - [GOLD] Strategy VOLUME_CLIMAX error: 'volume'
2026-07-21 03:08:09,104 - [ERROR] - [GOLD] Strategy VOLUME_CLIMAX error: 'volume'
2026-07-21 03:08:10,620 - [ERROR] - [GOLD] Strategy VOLUME_CLIMAX error: 'volume'
2026-07-21 03:08:12,096 - [ERROR] - [GOLD] Strategy VOLUME_CLIMAX error: 'volume'
2026-07-21 03:08:12,499 - [WARNING] - [GBPUSD] \U0001f6a8 Spread Protection: Live Spread (92) > Max Allowable (40). Trade Aborted.
2026-07-21 03:08:13,480 - [ERROR] - [GOLD] Strategy VOLUME_CLIMAX error: 'volume'
2026-07-21 03:08:14,831 - [ERROR] - [GOLD] Strategy VOLUME_CLIMAX error: 'volume'
2026-07-21 03:08:16,186 - [ERROR] - [GOLD] Strategy VOLUME_CLIMAX error: 'volume'
2026-07-21 03:08:17,546 - [ERROR] - [GOLD] Strategy VOLUME_CLIMAX error: 'volume'
2026-07-21 03:08:18,905 - [ERROR] - [GOLD] Strategy VOLUME_CLIMAX error: 'volume'
2026-07-21 03:08:20,302 - [ERROR] - [GOLD] Strategy VOLUME_CLIMAX error: 'volume'
2026-07-21 03:08:21,760 - [ERROR] - [GOLD] Strategy VOLUME_CLIMAX error: 'volume'
2026-07-21 03:08:23,156 - [ERROR] - [GOLD] Strategy VOLUME_CLIMAX error: 'volume'
2026-07-21 03:08:24,570 - [ERROR] - [GOLD] Strategy VOLUME_CLIMAX error: 'volume'
2026-07-21 03:08:25,959 - [ERROR] - [GOLD] Strategy VOLUME_CLIMAX error: 'volume'
2026-07-21 03:08:27,327 - [ERROR] - [GOLD] Strategy VOLUME_CLIMAX error: 'volume'
2026-07-21 03:08:28,684 - [ERROR] - [GOLD] Strategy VOLUME_CLIMAX error: 'volume'
2026-07-21 03:08:30,063 - [ERROR] - [GOLD] Strategy VOLUME_CLIMAX error: 'volume'
2026-07-21 03:08:31,446 - [ERROR] - [GOLD] Strategy VOLUME_CLIMAX error: 'volume'
2026-07-21 03:08:32,806 - [ERROR] - [GOLD] Strategy VOLUME_CLIMAX error: 'volume'
2026-07-21 03:08:34,189 - [ERROR] - [GOLD] Strategy VOLUME_CLIMAX error: 'volume'
2026-07-21 03:08:35,587 - [ERROR] - [GOLD] Strategy VOLUME_CLIMAX error: 'volume'
2026-07-21 03:08:37,006 - [ERROR] - [GOLD] Strategy VOLUME_CLIMAX error: 'volume'
2026-07-21 03:08:38,419 - [ERROR] - [GOLD] Strategy VOLUME_CLIMAX error: 'volume'
2026-07-21 03:08:39,836 - [ERROR] - [GOLD] Strategy VOLUME_CLIMAX error: 'volume'
2026-07-21 03:08:41,239 - [ERROR] - [GOLD] Strategy VOLUME_CLIMAX error: 'volume'
2026-07-21 03:08:42,632 - [ERROR] - [GOLD] Strategy VOLUME_CLIMAX error: 'volume'
2026-07-21 03:08:43,989 - [ERROR] - [GOLD] Strategy VOLUME_CLIMAX error: 'volume'
2026-07-21 03:08:45,406 - [ERROR] - [GOLD] Strategy VOLUME_CLIMAX error: 'volume'
2026-07-21 03:08:46,759 - [ERROR] - [GOLD] Strategy VOLUME_CLIMAX error: 'volume'
2026-07-21 03:08:48,135 - [ERROR] - [GOLD] Strategy VOLUME_CLIMAX error: 'volume'
2026-07-21 03:08:49,524 - [ERROR] - [GOLD] Strategy VOLUME_CLIMAX error: 'volume'
2026-07-21 03:08:50,927 - [ERROR] - [GOLD] Strategy VOLUME_CLIMAX error: 'volume'
2026-07-21 03:08:52,307 - [ERROR] - [GOLD] Strategy VOLUME_CLIMAX error: 'volume'
2026-07-21 03:08:53,665 - [ERROR] - [GOLD] Strategy VOLUME_CLIMAX error: 'volume'
2026-07-21 03:08:55,008 - [ERROR] - [GOLD] Strategy VOLUME_CLIMAX error: 'volume'
2026-07-21 03:08:56,349 - [ERROR] - [GOLD] Strategy VOLUME_CLIMAX error: 'volume'
2026-07-21 03:08:57,705 - [ERROR] - [GOLD] Strategy VOLUME_CLIMAX error: 'volume'
2026-07-21 03:08:59,051 - [ERROR] - [GOLD] Strategy VOLUME_CLIMAX error: 'volume'
2026-07-21 03:09:00,408 - [ERROR] - [GOLD] Strategy VOLUME_CLIMAX error: 'volume'
2026-07-21 03:09:01,764 - [ERROR] - [GOLD] Strategy VOLUME_CLIMAX error: 'volume'
2026-07-21 03:09:03,120 - [ERROR] - [GOLD] Strategy VOLUME_CLIMAX error: 'volume'
2026-07-21 03:09:04,460 - [ERROR] - [GOLD] Strategy VOLUME_CLIMAX error: 'volume'
2026-07-21 03:09:05,808 - [ERROR] - [GOLD] Strategy VOLUME_CLIMAX error: 'volume'
2026-07-21 03:09:07,161 - [ERROR] - [GOLD] Strategy VOLUME_CLIMAX error: 'volume'
2026-07-21 03:09:08,504 - [ERROR] - [GOLD] Strategy VOLUME_CLIMAX error: 'volume'
2026-07-21 03:09:09,848 - [ERROR] - [GOLD] Strategy VOLUME_CLIMAX error: 'volume'
2026-07-21 03:09:11,200 - [ERROR] - [GOLD] Strategy VOLUME_CLIMAX error: 'volume'
2026-07-21 03:09:12,541 - [ERROR] - [GOLD] Strategy VOLUME_CLIMAX error: 'volume'
2026-07-21 03:09:13,890 - [ERROR] - [GOLD] Strategy VOLUME_CLIMAX error: 'volume'
2026-07-21 03:09:15,240 - [ERROR] - [GOLD] Strategy VOLUME_CLIMAX error: 'volume'
2026-07-21 03:09:16,588 - [ERROR] - [GOLD] Strategy VOLUME_CLIMAX error: 'volume'
2026-07-21 03:09:17,934 - [ERROR] - [GOLD] Strategy VOLUME_CLIMAX error: 'volume'
2026-07-21 03:09:19,288 - [ERROR] - [GOLD] Strategy VOLUME_CLIMAX error: 'volume'
2026-07-21 03:09:20,630 - [ERROR] - [GOLD] Strategy VOLUME_CLIMAX error: 'volume'
2026-07-21 03:09:21,985 - [ERROR] - [GOLD] Strategy VOLUME_CLIMAX error: 'volume'
2026-07-21 03:09:23,333 - [ERROR] - [GOLD] Strategy VOLUME_CLIMAX error: 'volume'
2026-07-21 03:09:24,688 - [ERROR] - [GOLD] Strategy VOLUME_CLIMAX error: 'volume'
2026-07-21 03:09:26,039 - [ERROR] - [GOLD] Strategy VOLUME_CLIMAX error: 'volume'
2026-07-21 03:09:27,377 - [ERROR] - [GOLD] Strategy VOLUME_CLIMAX error: 'volume'
2026-07-21 03:09:28,736 - [ERROR] - [GOLD] Strategy VOLUME_CLIMAX error: 'volume'
2026-07-21 03:09:30,079 - [ERROR] - [GOLD] Strategy VOLUME_CLIMAX error: 'volume'
2026-07-21 03:09:31,430 - [ERROR] - [GOLD] Strategy VOLUME_CLIMAX error: 'volume'
2026-07-21 03:09:32,788 - [ERROR] - [GOLD] Strategy VOLUME_CLIMAX error: 'volume'
2026-07-21 03:09:34,139 - [ERROR] - [GOLD] Strategy VOLUME_CLIMAX error: 'volume'
2026-07-21 03:09:35,525 - [ERROR] - [GOLD] Strategy VOLUME_CLIMAX error: 'volume'
2026-07-21 03:09:36,899 - [ERROR] - [GOLD] Strategy VOLUME_CLIMAX error: 'volume'
2026-07-21 03:09:38,245 - [ERROR] - [GOLD] Strategy VOLUME_CLIMAX error: 'volume'
2026-07-21 03:09:39,594 - [ERROR] - [GOLD] Strategy VOLUME_CLIMAX error: 'volume'
2026-07-21 03:09:40,970 - [ERROR] - [GOLD] Strategy VOLUME_CLIMAX error: 'volume'
2026-07-21 03:09:42,357 - [ERROR] - [GOLD] Strategy VOLUME_CLIMAX error: 'volume'
2026-07-21 03:09:43,784 - [ERROR] - [GOLD] Strategy VOLUME_CLIMAX error: 'volume'
2026-07-21 03:09:45,160 - [ERROR] - [GOLD] Strategy VOLUME_CLIMAX error: 'volume'
2026-07-21 03:09:46,502 - [ERROR] - [GOLD] Strategy VOLUME_CLIMAX error: 'volume'
2026-07-21 03:09:47,840 - [ERROR] - [GOLD] Strategy VOLUME_CLIMAX error: 'volume'
2026-07-21 03:09:49,195 - [ERROR] - [GOLD] Strategy VOLUME_CLIMAX error: 'volume'
2026-07-21 03:09:50,541 - [ERROR] - [GOLD] Strategy VOLUME_CLIMAX error: 'volume'
2026-07-21 03:09:51,885 - [ERROR] - [GOLD] Strategy VOLUME_CLIMAX error: 'volume'
2026-07-21 03:09:53,251 - [ERROR] - [GOLD] Strategy VOLUME_CLIMAX error: 'volume'
2026-07-21 03:09:54,597 - [ERROR] - [GOLD] Strategy VOLUME_CLIMAX error: 'volume'
2026-07-21 03:09:55,942 - [ERROR] - [GOLD] Strategy VOLUME_CLIMAX error: 'volume'
2026-07-21 03:09:57,299 - [ERROR] - [GOLD] Strategy VOLUME_CLIMAX error: 'volume'
2026-07-21 03:09:58,640 - [ERROR] - [GOLD] Strategy VOLUME_CLIMAX error: 'volume'
2026-07-21 03:09:59,995 - [ERROR] - [GOLD] Strategy VOLUME_CLIMAX error: 'volume'
2026-07-21 03:10:01,357 - [ERROR] - [GOLD] Strategy VOLUME_CLIMAX error: 'volume'
2026-07-21 03:10:02,709 - [ERROR] - [GOLD] Strategy VOLUME_CLIMAX error: 'volume'
2026-07-21 03:10:04,108 - [ERROR] - [GOLD] Strategy VOLUME_CLIMAX error: 'volume'
2026-07-21 03:10:05,512 - [ERROR] - [GOLD] Strategy VOLUME_CLIMAX error: 'volume'
2026-07-21 03:10:06,877 - [ERROR] - [GOLD] Strategy VOLUME_CLIMAX error: 'volume'
2026-07-21 03:10:08,220 - [ERROR] - [GOLD] Strategy VOLUME_CLIMAX error: 'volume'
2026-07-21 03:10:09,573 - [ERROR] - [GOLD] Strategy VOLUME_CLIMAX error: 'volume'
2026-07-21 03:10:10,921 - [ERROR] - [GOLD] Strategy VOLUME_CLIMAX error: 'volume'
2026-07-21 03:10:12,263 - [ERROR] - [GOLD] Strategy VOLUME_CLIMAX error: 'volume'
2026-07-21 03:10:12,666 - [WARNING] - [GBPUSD] \U0001f6a8 Spread Protection: Live Spread (101) > Max Allowable (40). Trade Aborted.
2026-07-21 03:10:13,603 - [ERROR] - [GOLD] Strategy VOLUME_CLIMAX error: 'volume'
2026-07-21 03:10:14,956 - [ERROR] - [GOLD] Strategy VOLUME_CLIMAX error: 'volume'
2026-07-21 03:10:16,300 - [ERROR] - [GOLD] Strategy VOLUME_CLIMAX error: 'volume'
2026-07-21 03:10:17,647 - [ERROR] - [GOLD] Strategy VOLUME_CLIMAX error: 'volume'
2026-07-21 03:10:19,061 - [ERROR] - [GOLD] Strategy VOLUME_CLIMAX error: 'volume'
2026-07-21 03:10:20,406 - [ERROR] - [GOLD] Strategy VOLUME_CLIMAX error: 'volume'
2026-07-21 03:10:21,784 - [ERROR] - [GOLD] Strategy VOLUME_CLIMAX error: 'volume'
2026-07-21 03:10:23,162 - [ERROR] - [GOLD] Strategy VOLUME_CLIMAX error: 'volume'
2026-07-21 03:10:24,545 - [ERROR] - [GOLD] Strategy VOLUME_CLIMAX error: 'volume'
2026-07-21 03:10:25,904 - [ERROR] - [GOLD] Strategy VOLUME_CLIMAX error: 'volume'
2026-07-21 03:10:27,262 - [ERROR] - [GOLD] Strategy VOLUME_CLIMAX error: 'volume'
2026-07-21 03:10:28,635 - [ERROR] - [GOLD] Strategy VOLUME_CLIMAX error: 'volume'
2026-07-21 03:10:29,994 - [ERROR] - [GOLD] Strategy VOLUME_CLIMAX error: 'volume'
2026-07-21 03:10:31,354 - [ERROR] - [GOLD] Strategy VOLUME_CLIMAX error: 'volume'
2026-07-21 03:10:32,705 - [ERROR] - [GOLD] Strategy VOLUME_CLIMAX error: 'volume'
2026-07-21 03:10:34,044 - [ERROR] - [GOLD] Strategy VOLUME_CLIMAX error: 'volume'
2026-07-21 03:10:35,392 - [ERROR] - [GOLD] Strategy VOLUME_CLIMAX error: 'volume'
2026-07-21 03:10:36,745 - [ERROR] - [GOLD] Strategy VOLUME_CLIMAX error: 'volume'
2026-07-21 03:10:38,123 - [ERROR] - [GOLD] Strategy VOLUME_CLIMAX error: 'volume'
2026-07-21 03:10:39,487 - [ERROR] - [GOLD] Strategy VOLUME_CLIMAX error: 'volume'
2026-07-21 03:10:40,849 - [ERROR] - [GOLD] Strategy VOLUME_CLIMAX error: 'volume'
2026-07-21 03:10:42,192 - [ERROR] - [GOLD] Strategy VOLUME_CLIMAX error: 'volume'
2026-07-21 03:10:43,566 - [ERROR] - [GOLD] Strategy VOLUME_CLIMAX error: 'volume'
2026-07-21 03:10:44,928 - [ERROR] - [GOLD] Strategy VOLUME_CLIMAX error: 'volume'
2026-07-21 03:10:46,282 - [ERROR] - [GOLD] Strategy VOLUME_CLIMAX error: 'volume'
2026-07-21 03:10:47,646 - [ERROR] - [GOLD] Strategy VOLUME_CLIMAX error: 'volume'
2026-07-21 03:10:49,006 - [ERROR] - [GOLD] Strategy VOLUME_CLIMAX error: 'volume'
2026-07-21 03:10:50,355 - [ERROR] - [GOLD] Strategy VOLUME_CLIMAX error: 'volume'
2026-07-21 03:10:51,739 - [ERROR] - [GOLD] Strategy VOLUME_CLIMAX error: 'volume'
2026-07-21 03:10:53,087 - [ERROR] - [GOLD] Strategy VOLUME_CLIMAX error: 'volume'
2026-07-21 03:10:54,423 - [ERROR] - [GOLD] Strategy VOLUME_CLIMAX error: 'volume'
2026-07-21 03:10:55,793 - [ERROR] - [GOLD] Strategy VOLUME_CLIMAX error: 'volume'
2026-07-21 03:10:57,137 - [ERROR] - [GOLD] Strategy VOLUME_CLIMAX error: 'volume'
2026-07-21 03:10:58,486 - [ERROR] - [GOLD] Strategy VOLUME_CLIMAX error: 'volume'
2026-07-21 03:10:59,843 - [ERROR] - [GOLD] Strategy VOLUME_CLIMAX error: 'volume'
2026-07-21 03:11:01,207 - [ERROR] - [GOLD] Strategy VOLUME_CLIMAX error: 'volume'
2026-07-21 03:11:02,557 - [ERROR] - [GOLD] Strategy VOLUME_CLIMAX error: 'volume'
2026-07-21 03:11:03,908 - [ERROR] - [GOLD] Strategy VOLUME_CLIMAX error: 'volume'
2026-07-21 03:11:05,351 - [ERROR] - [GOLD] Strategy VOLUME_CLIMAX error: 'volume'
2026-07-21 03:11:06,745 - [ERROR] - [GOLD] Strategy VOLUME_CLIMAX error: 'volume'
2026-07-21 03:11:08,097 - [ERROR] - [GOLD] Strategy VOLUME_CLIMAX error: 'volume'
2026-07-21 03:11:09,443 - [ERROR] - [GOLD] Strategy VOLUME_CLIMAX error: 'volume'
2026-07-21 03:11:10,793 - [ERROR] - [GOLD] Strategy VOLUME_CLIMAX error: 'volume'
2026-07-21 03:11:12,142 - [ERROR] - [GOLD] Strategy VOLUME_CLIMAX error: 'volume'
2026-07-21 03:11:13,479 - [ERROR] - [GOLD] Strategy VOLUME_CLIMAX error: 'volume'
2026-07-21 03:11:14,832 - [ERROR] - [GOLD] Strategy VOLUME_CLIMAX error: 'volume'
2026-07-21 03:11:16,176 - [ERROR] - [GOLD] Strategy VOLUME_CLIMAX error: 'volume'
2026-07-21 03:11:17,529 - [ERROR] - [GOLD] Strategy VOLUME_CLIMAX error: 'volume'
2026-07-21 03:11:18,876 - [ERROR] - [GOLD] Strategy VOLUME_CLIMAX error: 'volume'
2026-07-21 03:11:20,220 - [ERROR] - [GOLD] Strategy VOLUME_CLIMAX error: 'volume'
2026-07-21 03:11:21,577 - [ERROR] - [GOLD] Strategy VOLUME_CLIMAX error: 'volume'
2026-07-21 03:11:22,927 - [ERROR] - [GOLD] Strategy VOLUME_CLIMAX error: 'volume'
2026-07-21 03:11:24,279 - [ERROR] - [GOLD] Strategy VOLUME_CLIMAX error: 'volume'
2026-07-21 03:11:25,634 - [ERROR] - [GOLD] Strategy VOLUME_CLIMAX error: 'volume'
2026-07-21 03:11:26,975 - [ERROR] - [GOLD] Strategy VOLUME_CLIMAX error: 'volume'
2026-07-21 03:11:28,324 - [ERROR] - [GOLD] Strategy VOLUME_CLIMAX error: 'volume'
2026-07-21 03:11:29,685 - [ERROR] - [GOLD] Strategy VOLUME_CLIMAX error: 'volume'
2026-07-21 03:11:31,030 - [ERROR] - [GOLD] Strategy VOLUME_CLIMAX error: 'volume'
2026-07-21 03:11:32,371 - [ERROR] - [GOLD] Strategy VOLUME_CLIMAX error: 'volume'
2026-07-21 03:11:33,730 - [ERROR] - [GOLD] Strategy VOLUME_CLIMAX error: 'volume'
2026-07-21 03:11:35,076 - [ERROR] - [GOLD] Strategy VOLUME_CLIMAX error: 'volume'
2026-07-21 03:11:36,419 - [ERROR] - [GOLD] Strategy VOLUME_CLIMAX error: 'volume'
2026-07-21 03:11:37,791 - [ERROR] - [GOLD] Strategy VOLUME_CLIMAX error: 'volume'
2026-07-21 03:11:39,144 - [ERROR] - [GOLD] Strategy VOLUME_CLIMAX error: 'volume'
2026-07-21 03:11:40,488 - [ERROR] - [GOLD] Strategy VOLUME_CLIMAX error: 'volume'
2026-07-21 03:11:41,831 - [ERROR] - [GOLD] Strategy VOLUME_CLIMAX error: 'volume'
2026-07-21 03:11:43,198 - [ERROR] - [GOLD] Strategy VOLUME_CLIMAX error: 'volume'
2026-07-21 03:11:44,553 - [ERROR] - [GOLD] Strategy VOLUME_CLIMAX error: 'volume'
2026-07-21 03:11:45,901 - [ERROR] - [GOLD] Strategy VOLUME_CLIMAX error: 'volume'
2026-07-21 03:11:47,271 - [ERROR] - [GOLD] Strategy VOLUME_CLIMAX error: 'volume'
2026-07-21 03:11:48,641 - [ERROR] - [GOLD] Strategy VOLUME_CLIMAX error: 'volume'
2026-07-21 03:11:50,005 - [ERROR] - [GOLD] Strategy VOLUME_CLIMAX error: 'volume'
2026-07-21 03:11:51,357 - [ERROR] - [GOLD] Strategy VOLUME_CLIMAX error: 'volume'
2026-07-21 03:11:52,696 - [ERROR] - [GOLD] Strategy VOLUME_CLIMAX error: 'volume'
2026-07-21 03:11:54,037 - [ERROR] - [GOLD] Strategy VOLUME_CLIMAX error: 'volume'
2026-07-21 03:11:55,388 - [ERROR] - [GOLD] Strategy VOLUME_CLIMAX error: 'volume'
2026-07-21 03:11:56,760 - [ERROR] - [GOLD] Strategy VOLUME_CLIMAX error: 'volume'
2026-07-21 03:11:58,110 - [ERROR] - [GOLD] Strategy VOLUME_CLIMAX error: 'volume'
2026-07-21 03:11:59,472 - [ERROR] - [GOLD] Strategy VOLUME_CLIMAX error: 'volume'
2026-07-21 03:12:00,827 - [ERROR] - [GOLD] Strategy VOLUME_CLIMAX error: 'volume'
2026-07-21 03:12:02,170 - [ERROR] - [GOLD] Strategy VOLUME_CLIMAX error: 'volume'
2026-07-21 03:12:03,562 - [ERROR] - [GOLD] Strategy VOLUME_CLIMAX error: 'volume'
2026-07-21 03:12:04,926 - [ERROR] - [GOLD] Strategy VOLUME_CLIMAX error: 'volume'
2026-07-21 03:12:06,273 - [ERROR] - [GOLD] Strategy VOLUME_CLIMAX error: 'volume'
2026-07-21 03:12:07,636 - [ERROR] - [GOLD] Strategy VOLUME_CLIMAX error: 'volume'
2026-07-21 03:12:08,982 - [ERROR] - [GOLD] Strategy VOLUME_CLIMAX error: 'volume'
2026-07-21 03:12:10,332 - [ERROR] - [GOLD] Strategy VOLUME_CLIMAX error: 'volume'
2026-07-21 03:12:11,695 - [ERROR] - [GOLD] Strategy VOLUME_CLIMAX error: 'volume'
2026-07-21 03:12:12,707 - [WARNING] - [GBPUSD] \U0001f6a8 Spread Protection: Live Spread (83) > Max Allowable (40). Trade Aborted.
2026-07-21 03:12:13,042 - [ERROR] - [GOLD] Strategy VOLUME_CLIMAX error: 'volume'
2026-07-21 03:12:14,385 - [ERROR] - [GOLD] Strategy VOLUME_CLIMAX error: 'volume'
2026-07-21 03:12:15,727 - [ERROR] - [GOLD] Strategy VOLUME_CLIMAX error: 'volume'
2026-07-21 03:12:17,083 - [ERROR] - [GOLD] Strategy VOLUME_CLIMAX error: 'volume'
2026-07-21 03:12:18,442 - [ERROR] - [GOLD] Strategy VOLUME_CLIMAX error: 'volume'
2026-07-21 03:12:19,783 - [ERROR] - [GOLD] Strategy VOLUME_CLIMAX error: 'volume'
2026-07-21 03:12:21,132 - [ERROR] - [GOLD] Strategy VOLUME_CLIMAX error: 'volume'
2026-07-21 03:12:22,518 - [ERROR] - [GOLD] Strategy VOLUME_CLIMAX error: 'volume'
2026-07-21 03:12:23,896 - [ERROR] - [GOLD] Strategy VOLUME_CLIMAX error: 'volume'
2026-07-21 03:12:25,263 - [ERROR] - [GOLD] Strategy VOLUME_CLIMAX error: 'volume'
2026-07-21 03:12:26,607 - [ERROR] - [GOLD] Strategy VOLUME_CLIMAX error: 'volume'
2026-07-21 03:12:27,956 - [ERROR] - [GOLD] Strategy VOLUME_CLIMAX error: 'volume'
2026-07-21 03:12:29,316 - [ERROR] - [GOLD] Strategy VOLUME_CLIMAX error: 'volume'
2026-07-21 03:12:30,664 - [ERROR] - [GOLD] Strategy VOLUME_CLIMAX error: 'volume'
2026-07-21 03:12:32,039 - [ERROR] - [GOLD] Strategy VOLUME_CLIMAX error: 'volume'
2026-07-21 03:12:33,417 - [ERROR] - [GOLD] Strategy VOLUME_CLIMAX error: 'volume'
2026-07-21 03:12:34,765 - [ERROR] - [GOLD] Strategy VOLUME_CLIMAX error: 'volume'
2026-07-21 03:12:36,105 - [ERROR] - [GOLD] Strategy VOLUME_CLIMAX error: 'volume'
2026-07-21 03:12:37,460 - [ERROR] - [GOLD] Strategy VOLUME_CLIMAX error: 'volume'
2026-07-21 03:12:38,806 - [ERROR] - [GOLD] Strategy VOLUME_CLIMAX error: 'volume'
2026-07-21 03:12:40,146 - [ERROR] - [GOLD] Strategy VOLUME_CLIMAX error: 'volume'
2026-07-21 03:12:41,501 - [ERROR] - [GOLD] Strategy VOLUME_CLIMAX error: 'volume'
2026-07-21 03:12:42,848 - [ERROR] - [GOLD] Strategy VOLUME_CLIMAX error: 'volume'
2026-07-21 03:12:44,194 - [ERROR] - [GOLD] Strategy VOLUME_CLIMAX error: 'volume'
2026-07-21 03:12:45,543 - [ERROR] - [GOLD] Strategy VOLUME_CLIMAX error: 'volume'
2026-07-21 03:12:46,892 - [ERROR] - [GOLD] Strategy VOLUME_CLIMAX error: 'volume'
2026-07-21 03:12:48,250 - [ERROR] - [GOLD] Strategy VOLUME_CLIMAX error: 'volume'
2026-07-21 03:12:49,613 - [ERROR] - [GOLD] Strategy VOLUME_CLIMAX error: 'volume'
2026-07-21 03:12:50,977 - [ERROR] - [GOLD] Strategy VOLUME_CLIMAX error: 'volume'
2026-07-21 03:12:52,354 - [ERROR] - [GOLD] Strategy VOLUME_CLIMAX error: 'volume'
2026-07-21 03:12:53,721 - [ERROR] - [GOLD] Strategy VOLUME_CLIMAX error: 'volume'
2026-07-21 03:12:55,062 - [ERROR] - [GOLD] Strategy VOLUME_CLIMAX error: 'volume'
2026-07-21 03:12:56,405 - [ERROR] - [GOLD] Strategy VOLUME_CLIMAX error: 'volume'
2026-07-21 03:12:57,765 - [ERROR] - [GOLD] Strategy VOLUME_CLIMAX error: 'volume'
2026-07-21 03:12:59,122 - [ERROR] - [GOLD] Strategy VOLUME_CLIMAX error: 'volume'
2026-07-21 03:13:00,503 - [ERROR] - [GOLD] Strategy VOLUME_CLIMAX error: 'volume'
2026-07-21 03:13:01,847 - [ERROR] - [GOLD] Strategy VOLUME_CLIMAX error: 'volume'
2026-07-21 03:13:03,204 - [ERROR] - [GOLD] Strategy VOLUME_CLIMAX error: 'volume'
2026-07-21 03:13:04,551 - [ERROR] - [GOLD] Strategy VOLUME_CLIMAX error: 'volume'
2026-07-21 03:13:05,895 - [ERROR] - [GOLD] Strategy VOLUME_CLIMAX error: 'volume'
2026-07-21 03:13:07,250 - [ERROR] - [GOLD] Strategy VOLUME_CLIMAX error: 'volume'
2026-07-21 03:13:08,602 - [ERROR] - [GOLD] Strategy VOLUME_CLIMAX error: 'volume'
2026-07-21 03:13:09,947 - [ERROR] - [GOLD] Strategy VOLUME_CLIMAX error: 'volume'
2026-07-21 03:13:11,306 - [ERROR] - [GOLD] Strategy VOLUME_CLIMAX error: 'volume'
2026-07-21 03:13:12,653 - [ERROR] - [GOLD] Strategy VOLUME_CLIMAX error: 'volume'
2026-07-21 03:13:14,023 - [ERROR] - [GOLD] Strategy VOLUME_CLIMAX error: 'volume'
2026-07-21 03:13:15,393 - [ERROR] - [GOLD] Strategy VOLUME_CLIMAX error: 'volume'
2026-07-21 03:13:16,738 - [ERROR] - [GOLD] Strategy VOLUME_CLIMAX error: 'volume'
2026-07-21 03:13:18,108 - [ERROR] - [GOLD] Strategy VOLUME_CLIMAX error: 'volume'
2026-07-21 03:13:19,463 - [ERROR] - [GOLD] Strategy VOLUME_CLIMAX error: 'volume'
2026-07-21 03:13:20,839 - [ERROR] - [GOLD] Strategy VOLUME_CLIMAX error: 'volume'
2026-07-21 03:13:22,184 - [ERROR] - [GOLD] Strategy VOLUME_CLIMAX error: 'volume'
2026-07-21 03:13:23,561 - [ERROR] - [GOLD] Strategy VOLUME_CLIMAX error: 'volume'
2026-07-21 03:13:24,906 - [ERROR] - [GOLD] Strategy VOLUME_CLIMAX error: 'volume'
2026-07-21 03:13:26,254 - [ERROR] - [GOLD] Strategy VOLUME_CLIMAX error: 'volume'
2026-07-21 03:13:27,604 - [ERROR] - [GOLD] Strategy VOLUME_CLIMAX error: 'volume'
2026-07-21 03:13:28,954 - [ERROR] - [GOLD] Strategy VOLUME_CLIMAX error: 'volume'
2026-07-21 03:13:30,300 - [ERROR] - [GOLD] Strategy VOLUME_CLIMAX error: 'volume'
2026-07-21 03:13:31,639 - [ERROR] - [GOLD] Strategy VOLUME_CLIMAX error: 'volume'
2026-07-21 03:13:32,996 - [ERROR] - [GOLD] Strategy VOLUME_CLIMAX error: 'volume'
2026-07-21 03:13:34,339 - [ERROR] - [GOLD] Strategy VOLUME_CLIMAX error: 'volume'
2026-07-21 03:13:35,691 - [ERROR] - [GOLD] Strategy VOLUME_CLIMAX error: 'volume'
2026-07-21 03:13:37,053 - [ERROR] - [GOLD] Strategy VOLUME_CLIMAX error: 'volume'
2026-07-21 03:13:38,464 - [ERROR] - [GOLD] Strategy VOLUME_CLIMAX error: 'volume'
2026-07-21 03:13:39,858 - [ERROR] - [GOLD] Strategy VOLUME_CLIMAX error: 'volume'
2026-07-21 03:13:41,237 - [ERROR] - [GOLD] Strategy VOLUME_CLIMAX error: 'volume'
2026-07-21 03:13:42,587 - [ERROR] - [GOLD] Strategy VOLUME_CLIMAX error: 'volume'
2026-07-21 03:13:43,936 - [ERROR] - [GOLD] Strategy VOLUME_CLIMAX error: 'volume'
2026-07-21 03:13:45,290 - [ERROR] - [GOLD] Strategy VOLUME_CLIMAX error: 'volume'
2026-07-21 03:13:46,633 - [ERROR] - [GOLD] Strategy VOLUME_CLIMAX error: 'volume'
2026-07-21 03:13:47,980 - [ERROR] - [GOLD] Strategy VOLUME_CLIMAX error: 'volume'
2026-07-21 03:13:49,331 - [ERROR] - [GOLD] Strategy VOLUME_CLIMAX error: 'volume'
2026-07-21 03:13:50,686 - [ERROR] - [GOLD] Strategy VOLUME_CLIMAX error: 'volume'
2026-07-21 03:13:52,055 - [ERROR] - [GOLD] Strategy VOLUME_CLIMAX error: 'volume'
2026-07-21 03:13:53,412 - [ERROR] - [GOLD] Strategy VOLUME_CLIMAX error: 'volume'
2026-07-21 03:13:54,758 - [ERROR] - [GOLD] Strategy VOLUME_CLIMAX error: 'volume'
2026-07-21 03:13:56,098 - [ERROR] - [GOLD] Strategy VOLUME_CLIMAX error: 'volume'
2026-07-21 03:13:57,465 - [ERROR] - [GOLD] Strategy VOLUME_CLIMAX error: 'volume'
2026-07-21 03:13:58,854 - [ERROR] - [GOLD] Strategy VOLUME_CLIMAX error: 'volume'
2026-07-21 03:14:00,221 - [ERROR] - [GOLD] Strategy VOLUME_CLIMAX error: 'volume'
2026-07-21 03:14:01,611 - [ERROR] - [GOLD] Strategy VOLUME_CLIMAX error: 'volume'
2026-07-21 03:14:03,045 - [ERROR] - [GOLD] Strategy VOLUME_CLIMAX error: 'volume'
2026-07-21 03:14:04,399 - [ERROR] - [GOLD] Strategy VOLUME_CLIMAX error: 'volume'
2026-07-21 03:14:05,758 - [ERROR] - [GOLD] Strategy VOLUME_CLIMAX error: 'volume'
2026-07-21 03:14:07,118 - [ERROR] - [GOLD] Strategy VOLUME_CLIMAX error: 'volume'
2026-07-21 03:14:08,465 - [ERROR] - [GOLD] Strategy VOLUME_CLIMAX error: 'volume'
2026-07-21 03:14:09,835 - [ERROR] - [GOLD] Strategy VOLUME_CLIMAX error: 'volume'
2026-07-21 03:14:11,186 - [ERROR] - [GOLD] Strategy VOLUME_CLIMAX error: 'volume'
2026-07-21 03:14:12,538 - [ERROR] - [GOLD] Strategy VOLUME_CLIMAX error: 'volume'
2026-07-21 03:14:12,784 - [WARNING] - [GBPUSD] \U0001f6a8 Spread Protection: Live Spread (88) > Max Allowable (40). Trade Aborted.
2026-07-21 03:14:13,926 - [ERROR] - [GOLD] Strategy VOLUME_CLIMAX error: 'volume'
2026-07-21 03:14:15,286 - [ERROR] - [GOLD] Strategy VOLUME_CLIMAX error: 'volume'
2026-07-21 03:14:16,641 - [ERROR] - [GOLD] Strategy VOLUME_CLIMAX error: 'volume'
2026-07-21 03:14:18,040 - [ERROR] - [GOLD] Strategy VOLUME_CLIMAX error: 'volume'
2026-07-21 03:14:19,458 - [ERROR] - [GOLD] Strategy VOLUME_CLIMAX error: 'volume'
2026-07-21 03:14:20,878 - [ERROR] - [GOLD] Strategy VOLUME_CLIMAX error: 'volume'
2026-07-21 03:14:22,279 - [ERROR] - [GOLD] Strategy VOLUME_CLIMAX error: 'volume'
2026-07-21 03:14:23,645 - [ERROR] - [GOLD] Strategy VOLUME_CLIMAX error: 'volume'
2026-07-21 03:14:25,017 - [ERROR] - [GOLD] Strategy VOLUME_CLIMAX error: 'volume'
2026-07-21 03:14:26,395 - [ERROR] - [GOLD] Strategy VOLUME_CLIMAX error: 'volume'
2026-07-21 03:14:27,746 - [ERROR] - [GOLD] Strategy VOLUME_CLIMAX error: 'volume'
2026-07-21 03:14:29,096 - [ERROR] - [GOLD] Strategy VOLUME_CLIMAX error: 'volume'
2026-07-21 03:14:30,449 - [ERROR] - [GOLD] Strategy VOLUME_CLIMAX error: 'volume'
2026-07-21 03:14:31,787 - [ERROR] - [GOLD] Strategy VOLUME_CLIMAX error: 'volume'
2026-07-21 03:14:33,125 - [ERROR] - [GOLD] Strategy VOLUME_CLIMAX error: 'volume'
2026-07-21 03:14:34,479 - [ERROR] - [GOLD] Strategy VOLUME_CLIMAX error: 'volume'
2026-07-21 03:14:35,820 - [ERROR] - [GOLD] Strategy VOLUME_CLIMAX error: 'volume'
2026-07-21 03:14:37,161 - [ERROR] - [GOLD] Strategy VOLUME_CLIMAX error: 'volume'
2026-07-21 03:14:38,516 - [ERROR] - [GOLD] Strategy VOLUME_CLIMAX error: 'volume'
2026-07-21 03:14:39,857 - [ERROR] - [GOLD] Strategy VOLUME_CLIMAX error: 'volume'
2026-07-21 03:14:41,201 - [ERROR] - [GOLD] Strategy VOLUME_CLIMAX error: 'volume'
2026-07-21 03:14:42,548 - [ERROR] - [GOLD] Strategy VOLUME_CLIMAX error: 'volume'
2026-07-21 03:14:43,899 - [ERROR] - [GOLD] Strategy VOLUME_CLIMAX error: 'volume'
2026-07-21 03:14:45,243 - [ERROR] - [GOLD] Strategy VOLUME_CLIMAX error: 'volume'
2026-07-21 03:14:46,591 - [ERROR] - [GOLD] Strategy VOLUME_CLIMAX error: 'volume'
2026-07-21 03:14:47,945 - [ERROR] - [GOLD] Strategy VOLUME_CLIMAX error: 'volume'
2026-07-21 03:14:49,290 - [ERROR] - [GOLD] Strategy VOLUME_CLIMAX error: 'volume'
2026-07-21 03:14:50,636 - [ERROR] - [GOLD] Strategy VOLUME_CLIMAX error: 'volume'
2026-07-21 03:14:51,986 - [ERROR] - [GOLD] Strategy VOLUME_CLIMAX error: 'volume'
2026-07-21 03:14:53,331 - [ERROR] - [GOLD] Strategy VOLUME_CLIMAX error: 'volume'
2026-07-21 03:14:54,685 - [ERROR] - [GOLD] Strategy VOLUME_CLIMAX error: 'volume'
2026-07-21 03:14:56,057 - [ERROR] - [GOLD] Strategy VOLUME_CLIMAX error: 'volume'
2026-07-21 03:14:57,398 - [ERROR] - [GOLD] Strategy VOLUME_CLIMAX error: 'volume'
2026-07-21 03:14:58,740 - [ERROR] - [GOLD] Strategy VOLUME_CLIMAX error: 'volume'
2026-07-21 03:15:00,103 - [ERROR] - [GOLD] Strategy VOLUME_CLIMAX error: 'volume'
2026-07-21 03:15:01,460 - [ERROR] - [GOLD] Strategy VOLUME_CLIMAX error: 'volume'
2026-07-21 03:15:02,810 - [ERROR] - [GOLD] Strategy VOLUME_CLIMAX error: 'volume'
2026-07-21 03:15:04,159 - [ERROR] - [GOLD] Strategy VOLUME_CLIMAX error: 'volume'
2026-07-21 03:15:05,506 - [ERROR] - [GOLD] Strategy VOLUME_CLIMAX error: 'volume'
2026-07-21 03:15:06,853 - [ERROR] - [GOLD] Strategy VOLUME_CLIMAX error: 'volume'
2026-07-21 03:15:08,213 - [ERROR] - [GOLD] Strategy VOLUME_CLIMAX error: 'volume'
2026-07-21 03:15:09,591 - [ERROR] - [GOLD] Strategy VOLUME_CLIMAX error: 'volume'
2026-07-21 03:15:10,964 - [ERROR] - [GOLD] Strategy VOLUME_CLIMAX error: 'volume'
2026-07-21 03:15:12,317 - [ERROR] - [GOLD] Strategy VOLUME_CLIMAX error: 'volume'
2026-07-21 03:15:13,695 - [ERROR] - [GOLD] Strategy VOLUME_CLIMAX error: 'volume'
2026-07-21 03:15:15,047 - [ERROR] - [GOLD] Strategy VOLUME_CLIMAX error: 'volume'
2026-07-21 03:15:16,390 - [ERROR] - [GOLD] Strategy VOLUME_CLIMAX error: 'volume'
2026-07-21 03:15:17,742 - [ERROR] - [GOLD] Strategy VOLUME_CLIMAX error: 'volume'
2026-07-21 03:15:19,111 - [ERROR] - [GOLD] Strategy VOLUME_CLIMAX error: 'volume'
2026-07-21 03:15:20,475 - [ERROR] - [GOLD] Strategy VOLUME_CLIMAX error: 'volume'
2026-07-21 03:15:21,831 - [ERROR] - [GOLD] Strategy VOLUME_CLIMAX error: 'volume'
2026-07-21 03:15:23,174 - [ERROR] - [GOLD] Strategy VOLUME_CLIMAX error: 'volume'
2026-07-21 03:15:24,534 - [ERROR] - [GOLD] Strategy VOLUME_CLIMAX error: 'volume'
2026-07-21 03:15:25,899 - [ERROR] - [GOLD] Strategy VOLUME_CLIMAX error: 'volume'
2026-07-21 03:15:27,243 - [ERROR] - [GOLD] Strategy VOLUME_CLIMAX error: 'volume'
2026-07-21 03:15:28,581 - [ERROR] - [GOLD] Strategy VOLUME_CLIMAX error: 'volume'
2026-07-21 03:15:29,930 - [ERROR] - [GOLD] Strategy VOLUME_CLIMAX error: 'volume'
2026-07-21 03:15:31,273 - [ERROR] - [GOLD] Strategy VOLUME_CLIMAX error: 'volume'
2026-07-21 03:15:32,621 - [ERROR] - [GOLD] Strategy VOLUME_CLIMAX error: 'volume'
2026-07-21 03:15:33,978 - [ERROR] - [GOLD] Strategy VOLUME_CLIMAX error: 'volume'
2026-07-21 03:15:35,338 - [ERROR] - [GOLD] Strategy VOLUME_CLIMAX error: 'volume'
2026-07-21 03:15:36,686 - [ERROR] - [GOLD] Strategy VOLUME_CLIMAX error: 'volume'
2026-07-21 03:15:38,044 - [ERROR] - [GOLD] Strategy VOLUME_CLIMAX error: 'volume'
2026-07-21 03:15:39,404 - [ERROR] - [GOLD] Strategy VOLUME_CLIMAX error: 'volume'
2026-07-21 03:15:40,749 - [ERROR] - [GOLD] Strategy VOLUME_CLIMAX error: 'volume'
2026-07-21 03:15:42,090 - [ERROR] - [GOLD] Strategy VOLUME_CLIMAX error: 'volume'
2026-07-21 03:15:43,438 - [ERROR] - [GOLD] Strategy VOLUME_CLIMAX error: 'volume'
2026-07-21 03:15:44,799 - [ERROR] - [GOLD] Strategy VOLUME_CLIMAX error: 'volume'
2026-07-21 03:15:46,165 - [ERROR] - [GOLD] Strategy VOLUME_CLIMAX error: 'volume'
2026-07-21 03:15:47,530 - [ERROR] - [GOLD] Strategy VOLUME_CLIMAX error: 'volume'
2026-07-21 03:15:48,918 - [ERROR] - [GOLD] Strategy VOLUME_CLIMAX error: 'volume'
2026-07-21 03:15:50,269 - [ERROR] - [GOLD] Strategy VOLUME_CLIMAX error: 'volume'
2026-07-21 03:15:51,630 - [ERROR] - [GOLD] Strategy VOLUME_CLIMAX error: 'volume'
2026-07-21 03:15:52,972 - [ERROR] - [GOLD] Strategy VOLUME_CLIMAX error: 'volume'
2026-07-21 03:15:54,310 - [ERROR] - [GOLD] Strategy VOLUME_CLIMAX error: 'volume'
2026-07-21 03:15:55,671 - [ERROR] - [GOLD] Strategy VOLUME_CLIMAX error: 'volume'
2026-07-21 03:15:57,026 - [ERROR] - [GOLD] Strategy VOLUME_CLIMAX error: 'volume'
2026-07-21 03:15:58,392 - [ERROR] - [GOLD] Strategy VOLUME_CLIMAX error: 'volume'
2026-07-21 03:15:59,739 - [ERROR] - [GOLD] Strategy VOLUME_CLIMAX error: 'volume'
2026-07-21 03:16:01,091 - [ERROR] - [GOLD] Strategy VOLUME_CLIMAX error: 'volume'
2026-07-21 03:16:02,452 - [ERROR] - [GOLD] Strategy VOLUME_CLIMAX error: 'volume'
2026-07-21 03:16:03,805 - [ERROR] - [GOLD] Strategy VOLUME_CLIMAX error: 'volume'
2026-07-21 03:16:05,151 - [ERROR] - [GOLD] Strategy VOLUME_CLIMAX error: 'volume'
2026-07-21 03:16:06,508 - [ERROR] - [GOLD] Strategy VOLUME_CLIMAX error: 'volume'
2026-07-21 03:16:07,883 - [ERROR] - [GOLD] Strategy VOLUME_CLIMAX error: 'volume'
2026-07-21 03:16:09,271 - [ERROR] - [GOLD] Strategy VOLUME_CLIMAX error: 'volume'
2026-07-21 03:16:10,616 - [ERROR] - [GOLD] Strategy VOLUME_CLIMAX error: 'volume'
2026-07-21 03:16:11,969 - [ERROR] - [GOLD] Strategy VOLUME_CLIMAX error: 'volume'
2026-07-21 03:16:12,935 - [WARNING] - [GBPUSD] \U0001f6a8 Spread Protection: Live Spread (78) > Max Allowable (40). Trade Aborted.
2026-07-21 03:16:13,313 - [ERROR] - [GOLD] Strategy VOLUME_CLIMAX error: 'volume'
2026-07-21 03:16:14,657 - [ERROR] - [GOLD] Strategy VOLUME_CLIMAX error: 'volume'
2026-07-21 03:16:16,003 - [ERROR] - [GOLD] Strategy VOLUME_CLIMAX error: 'volume'
2026-07-21 03:16:17,350 - [ERROR] - [GOLD] Strategy VOLUME_CLIMAX error: 'volume'
2026-07-21 03:16:18,700 - [ERROR] - [GOLD] Strategy VOLUME_CLIMAX error: 'volume'
2026-07-21 03:16:20,047 - [ERROR] - [GOLD] Strategy VOLUME_CLIMAX error: 'volume'
2026-07-21 03:16:21,399 - [ERROR] - [GOLD] Strategy VOLUME_CLIMAX error: 'volume'
2026-07-21 03:16:22,769 - [ERROR] - [GOLD] Strategy VOLUME_CLIMAX error: 'volume'
2026-07-21 03:16:24,120 - [ERROR] - [GOLD] Strategy VOLUME_CLIMAX error: 'volume'
2026-07-21 03:16:25,468 - [ERROR] - [GOLD] Strategy VOLUME_CLIMAX error: 'volume'
2026-07-21 03:16:26,817 - [ERROR] - [GOLD] Strategy VOLUME_CLIMAX error: 'volume'
2026-07-21 03:16:28,164 - [ERROR] - [GOLD] Strategy VOLUME_CLIMAX error: 'volume'
2026-07-21 03:16:29,517 - [ERROR] - [GOLD] Strategy VOLUME_CLIMAX error: 'volume'
2026-07-21 03:16:30,859 - [ERROR] - [GOLD] Strategy VOLUME_CLIMAX error: 'volume'
2026-07-21 03:16:32,207 - [ERROR] - [GOLD] Strategy VOLUME_CLIMAX error: 'volume'
2026-07-21 03:16:33,573 - [ERROR] - [GOLD] Strategy VOLUME_CLIMAX error: 'volume'
2026-07-21 03:16:34,940 - [ERROR] - [GOLD] Strategy VOLUME_CLIMAX error: 'volume'
2026-07-21 03:16:36,278 - [ERROR] - [GOLD] Strategy VOLUME_CLIMAX error: 'volume'
2026-07-21 03:16:37,625 - [ERROR] - [GOLD] Strategy VOLUME_CLIMAX error: 'volume'
2026-07-21 03:16:38,973 - [ERROR] - [GOLD] Strategy VOLUME_CLIMAX error: 'volume'
2026-07-21 03:16:40,327 - [ERROR] - [GOLD] Strategy VOLUME_CLIMAX error: 'volume'
2026-07-21 03:16:41,694 - [ERROR] - [GOLD] Strategy VOLUME_CLIMAX error: 'volume'
2026-07-21 03:16:43,034 - [ERROR] - [GOLD] Strategy VOLUME_CLIMAX error: 'volume'
2026-07-21 03:16:44,385 - [ERROR] - [GOLD] Strategy VOLUME_CLIMAX error: 'volume'
2026-07-21 03:16:45,749 - [ERROR] - [GOLD] Strategy VOLUME_CLIMAX error: 'volume'
2026-07-21 03:16:47,107 - [ERROR] - [GOLD] Strategy VOLUME_CLIMAX error: 'volume'
2026-07-21 03:16:48,487 - [ERROR] - [GOLD] Strategy VOLUME_CLIMAX error: 'volume'
2026-07-21 03:16:49,861 - [ERROR] - [GOLD] Strategy VOLUME_CLIMAX error: 'volume'
2026-07-21 03:16:51,203 - [ERROR] - [GOLD] Strategy VOLUME_CLIMAX error: 'volume'
2026-07-21 03:16:52,545 - [ERROR] - [GOLD] Strategy VOLUME_CLIMAX error: 'volume'
2026-07-21 03:16:53,882 - [ERROR] - [GOLD] Strategy VOLUME_CLIMAX error: 'volume'
2026-07-21 03:16:55,243 - [ERROR] - [GOLD] Strategy VOLUME_CLIMAX error: 'volume'
2026-07-21 03:16:56,606 - [ERROR] - [GOLD] Strategy VOLUME_CLIMAX error: 'volume'
2026-07-21 03:16:57,954 - [ERROR] - [GOLD] Strategy VOLUME_CLIMAX error: 'volume'
2026-07-21 03:16:59,306 - [ERROR] - [GOLD] Strategy VOLUME_CLIMAX error: 'volume'
2026-07-21 03:17:00,668 - [ERROR] - [GOLD] Strategy VOLUME_CLIMAX error: 'volume'
2026-07-21 03:17:02,015 - [ERROR] - [GOLD] Strategy VOLUME_CLIMAX error: 'volume'
2026-07-21 03:17:03,372 - [ERROR] - [GOLD] Strategy VOLUME_CLIMAX error: 'volume'
2026-07-21 03:17:04,722 - [ERROR] - [GOLD] Strategy VOLUME_CLIMAX error: 'volume'
2026-07-21 03:17:06,070 - [ERROR] - [GOLD] Strategy VOLUME_CLIMAX error: 'volume'
2026-07-21 03:17:07,453 - [ERROR] - [GOLD] Strategy VOLUME_CLIMAX error: 'volume'
2026-07-21 03:17:08,796 - [ERROR] - [GOLD] Strategy VOLUME_CLIMAX error: 'volume'
2026-07-21 03:17:10,145 - [ERROR] - [GOLD] Strategy VOLUME_CLIMAX error: 'volume'
2026-07-21 03:17:11,500 - [ERROR] - [GOLD] Strategy VOLUME_CLIMAX error: 'volume'
2026-07-21 03:17:12,844 - [ERROR] - [GOLD] Strategy VOLUME_CLIMAX error: 'volume'
2026-07-21 03:17:14,183 - [ERROR] - [GOLD] Strategy VOLUME_CLIMAX error: 'volume'
2026-07-21 03:17:15,531 - [ERROR] - [GOLD] Strategy VOLUME_CLIMAX error: 'volume'
2026-07-21 03:17:16,869 - [ERROR] - [GOLD] Strategy VOLUME_CLIMAX error: 'volume'
2026-07-21 03:17:18,216 - [ERROR] - [GOLD] Strategy VOLUME_CLIMAX error: 'volume'
2026-07-21 03:17:19,561 - [ERROR] - [GOLD] Strategy VOLUME_CLIMAX error: 'volume'
2026-07-21 03:17:20,930 - [ERROR] - [GOLD] Strategy VOLUME_CLIMAX error: 'volume'
2026-07-21 03:17:22,289 - [ERROR] - [GOLD] Strategy VOLUME_CLIMAX error: 'volume'
2026-07-21 03:17:23,648 - [ERROR] - [GOLD] Strategy VOLUME_CLIMAX error: 'volume'
2026-07-21 03:17:25,016 - [ERROR] - [GOLD] Strategy VOLUME_CLIMAX error: 'volume'
2026-07-21 03:17:26,356 - [ERROR] - [GOLD] Strategy VOLUME_CLIMAX error: 'volume'
2026-07-21 03:17:27,702 - [ERROR] - [GOLD] Strategy VOLUME_CLIMAX error: 'volume'
2026-07-21 03:17:29,074 - [ERROR] - [GOLD] Strategy VOLUME_CLIMAX error: 'volume'
2026-07-21 03:17:30,455 - [ERROR] - [GOLD] Strategy VOLUME_CLIMAX error: 'volume'
2026-07-21 03:17:31,843 - [ERROR] - [GOLD] Strategy VOLUME_CLIMAX error: 'volume'
2026-07-21 03:17:33,215 - [ERROR] - [GOLD] Strategy VOLUME_CLIMAX error: 'volume'
2026-07-21 03:17:34,569 - [ERROR] - [GOLD] Strategy VOLUME_CLIMAX error: 'volume'
2026-07-21 03:17:35,925 - [ERROR] - [GOLD] Strategy VOLUME_CLIMAX error: 'volume'
2026-07-21 03:17:37,276 - [ERROR] - [GOLD] Strategy VOLUME_CLIMAX error: 'volume'
2026-07-21 03:17:38,629 - [ERROR] - [GOLD] Strategy VOLUME_CLIMAX error: 'volume'
2026-07-21 03:17:40,001 - [ERROR] - [GOLD] Strategy VOLUME_CLIMAX error: 'volume'
2026-07-21 03:17:41,358 - [ERROR] - [GOLD] Strategy VOLUME_CLIMAX error: 'volume'
2026-07-21 03:17:42,710 - [ERROR] - [GOLD] Strategy VOLUME_CLIMAX error: 'volume'
2026-07-21 03:17:44,082 - [ERROR] - [GOLD] Strategy VOLUME_CLIMAX error: 'volume'
2026-07-21 03:17:45,452 - [ERROR] - [GOLD] Strategy VOLUME_CLIMAX error: 'volume'
2026-07-21 03:17:46,820 - [ERROR] - [GOLD] Strategy VOLUME_CLIMAX error: 'volume'
2026-07-21 03:17:48,169 - [ERROR] - [GOLD] Strategy VOLUME_CLIMAX error: 'volume'
2026-07-21 03:17:49,607 - [ERROR] - [GOLD] Strategy VOLUME_CLIMAX error: 'volume'
2026-07-21 03:17:51,014 - [ERROR] - [GOLD] Strategy VOLUME_CLIMAX error: 'volume'
2026-07-21 03:17:52,383 - [ERROR] - [GOLD] Strategy VOLUME_CLIMAX error: 'volume'
2026-07-21 03:17:53,733 - [ERROR] - [GOLD] Strategy VOLUME_CLIMAX error: 'volume'
2026-07-21 03:17:55,080 - [ERROR] - [GOLD] Strategy VOLUME_CLIMAX error: 'volume'
2026-07-21 03:17:56,421 - [ERROR] - [GOLD] Strategy VOLUME_CLIMAX error: 'volume'
2026-07-21 03:17:57,769 - [ERROR] - [GOLD] Strategy VOLUME_CLIMAX error: 'volume'
2026-07-21 03:17:59,126 - [ERROR] - [GOLD] Strategy VOLUME_CLIMAX error: 'volume'
2026-07-21 03:18:00,483 - [ERROR] - [GOLD] Strategy VOLUME_CLIMAX error: 'volume'
2026-07-21 03:18:01,843 - [ERROR] - [GOLD] Strategy VOLUME_CLIMAX error: 'volume'
2026-07-21 03:18:03,220 - [ERROR] - [GOLD] Strategy VOLUME_CLIMAX error: 'volume'
2026-07-21 03:18:04,560 - [ERROR] - [GOLD] Strategy VOLUME_CLIMAX error: 'volume'
2026-07-21 03:18:05,925 - [ERROR] - [GOLD] Strategy VOLUME_CLIMAX error: 'volume'
2026-07-21 03:18:07,277 - [ERROR] - [GOLD] Strategy VOLUME_CLIMAX error: 'volume'
2026-07-21 03:18:08,619 - [ERROR] - [GOLD] Strategy VOLUME_CLIMAX error: 'volume'
2026-07-21 03:18:09,970 - [ERROR] - [GOLD] Strategy VOLUME_CLIMAX error: 'volume'
2026-07-21 03:18:11,308 - [ERROR] - [GOLD] Strategy VOLUME_CLIMAX error: 'volume'
2026-07-21 03:18:12,650 - [ERROR] - [GOLD] Strategy VOLUME_CLIMAX error: 'volume'
2026-07-21 03:18:13,015 - [WARNING] - [GBPUSD] \U0001f6a8 Spread Protection: Live Spread (96) > Max Allowable (40). Trade Aborted.
2026-07-21 03:18:14,000 - [ERROR] - [GOLD] Strategy VOLUME_CLIMAX error: 'volume'
2026-07-21 03:18:15,360 - [ERROR] - [GOLD] Strategy VOLUME_CLIMAX error: 'volume'
2026-07-21 03:18:16,708 - [ERROR] - [GOLD] Strategy VOLUME_CLIMAX error: 'volume'
2026-07-21 03:18:18,070 - [ERROR] - [GOLD] Strategy VOLUME_CLIMAX error: 'volume'
2026-07-21 03:18:19,418 - [ERROR] - [GOLD] Strategy VOLUME_CLIMAX error: 'volume'
2026-07-21 03:18:20,761 - [ERROR] - [GOLD] Strategy VOLUME_CLIMAX error: 'volume'
2026-07-21 03:18:22,105 - [ERROR] - [GOLD] Strategy VOLUME_CLIMAX error: 'volume'
2026-07-21 03:18:23,456 - [ERROR] - [GOLD] Strategy VOLUME_CLIMAX error: 'volume'
2026-07-21 03:18:24,804 - [ERROR] - [GOLD] Strategy VOLUME_CLIMAX error: 'volume'
2026-07-21 03:18:26,146 - [ERROR] - [GOLD] Strategy VOLUME_CLIMAX error: 'volume'
2026-07-21 03:18:27,497 - [ERROR] - [GOLD] Strategy VOLUME_CLIMAX error: 'volume'
2026-07-21 03:18:28,840 - [ERROR] - [GOLD] Strategy VOLUME_CLIMAX error: 'volume'
2026-07-21 03:18:30,193 - [ERROR] - [GOLD] Strategy VOLUME_CLIMAX error: 'volume'
2026-07-21 03:18:31,540 - [ERROR] - [GOLD] Strategy VOLUME_CLIMAX error: 'volume'
2026-07-21 03:18:32,878 - [ERROR] - [GOLD] Strategy VOLUME_CLIMAX error: 'volume'
2026-07-21 03:18:34,219 - [ERROR] - [GOLD] Strategy VOLUME_CLIMAX error: 'volume'
2026-07-21 03:18:35,558 - [ERROR] - [GOLD] Strategy VOLUME_CLIMAX error: 'volume'
2026-07-21 03:18:36,908 - [ERROR] - [GOLD] Strategy VOLUME_CLIMAX error: 'volume'
2026-07-21 03:18:38,247 - [ERROR] - [GOLD] Strategy VOLUME_CLIMAX error: 'volume'
2026-07-21 03:18:39,590 - [ERROR] - [GOLD] Strategy VOLUME_CLIMAX error: 'volume'
2026-07-21 03:18:40,940 - [ERROR] - [GOLD] Strategy VOLUME_CLIMAX error: 'volume'
2026-07-21 03:18:42,291 - [ERROR] - [GOLD] Strategy VOLUME_CLIMAX error: 'volume'
2026-07-21 03:18:43,636 - [ERROR] - [GOLD] Strategy VOLUME_CLIMAX error: 'volume'
2026-07-21 03:18:44,992 - [ERROR] - [GOLD] Strategy VOLUME_CLIMAX error: 'volume'
2026-07-21 03:18:46,344 - [ERROR] - [GOLD] Strategy VOLUME_CLIMAX error: 'volume'
2026-07-21 03:18:47,701 - [ERROR] - [GOLD] Strategy VOLUME_CLIMAX error: 'volume'
2026-07-21 03:18:49,082 - [ERROR] - [GOLD] Strategy VOLUME_CLIMAX error: 'volume'
2026-07-21 03:18:50,487 - [ERROR] - [GOLD] Strategy VOLUME_CLIMAX error: 'volume'
2026-07-21 03:18:51,839 - [ERROR] - [GOLD] Strategy VOLUME_CLIMAX error: 'volume'
2026-07-21 03:18:53,275 - [ERROR] - [GOLD] Strategy VOLUME_CLIMAX error: 'volume'
2026-07-21 03:18:54,731 - [ERROR] - [GOLD] Strategy VOLUME_CLIMAX error: 'volume'
2026-07-21 03:18:56,146 - [ERROR] - [GOLD] Strategy VOLUME_CLIMAX error: 'volume'
2026-07-21 03:18:57,517 - [ERROR] - [GOLD] Strategy VOLUME_CLIMAX error: 'volume'
2026-07-21 03:18:58,883 - [ERROR] - [GOLD] Strategy VOLUME_CLIMAX error: 'volume'
2026-07-21 03:19:00,284 - [ERROR] - [GOLD] Strategy VOLUME_CLIMAX error: 'volume'
2026-07-21 03:19:01,646 - [ERROR] - [GOLD] Strategy VOLUME_CLIMAX error: 'volume'
2026-07-21 03:19:03,001 - [ERROR] - [GOLD] Strategy VOLUME_CLIMAX error: 'volume'
2026-07-21 03:19:04,353 - [ERROR] - [GOLD] Strategy VOLUME_CLIMAX error: 'volume'
2026-07-21 03:19:05,700 - [ERROR] - [GOLD] Strategy VOLUME_CLIMAX error: 'volume'
2026-07-21 03:19:07,040 - [ERROR] - [GOLD] Strategy VOLUME_CLIMAX error: 'volume'
2026-07-21 03:19:08,394 - [ERROR] - [GOLD] Strategy VOLUME_CLIMAX error: 'volume'
2026-07-21 03:19:09,745 - [ERROR] - [GOLD] Strategy VOLUME_CLIMAX error: 'volume'
2026-07-21 03:19:11,086 - [ERROR] - [GOLD] Strategy VOLUME_CLIMAX error: 'volume'
2026-07-21 03:19:12,436 - [ERROR] - [GOLD] Strategy VOLUME_CLIMAX error: 'volume'
2026-07-21 03:19:13,796 - [ERROR] - [GOLD] Strategy VOLUME_CLIMAX error: 'volume'
2026-07-21 03:19:15,147 - [ERROR] - [GOLD] Strategy VOLUME_CLIMAX error: 'volume'
2026-07-21 03:19:16,492 - [ERROR] - [GOLD] Strategy VOLUME_CLIMAX error: 'volume'
2026-07-21 03:19:17,857 - [ERROR] - [GOLD] Strategy VOLUME_CLIMAX error: 'volume'
2026-07-21 03:19:19,203 - [ERROR] - [GOLD] Strategy VOLUME_CLIMAX error: 'volume'
2026-07-21 03:19:20,546 - [ERROR] - [GOLD] Strategy VOLUME_CLIMAX error: 'volume'
2026-07-21 03:19:21,903 - [ERROR] - [GOLD] Strategy VOLUME_CLIMAX error: 'volume'
2026-07-21 03:19:23,263 - [ERROR] - [GOLD] Strategy VOLUME_CLIMAX error: 'volume'
2026-07-21 03:19:24,609 - [ERROR] - [GOLD] Strategy VOLUME_CLIMAX error: 'volume'
2026-07-21 03:19:25,955 - [ERROR] - [GOLD] Strategy VOLUME_CLIMAX error: 'volume'
2026-07-21 03:19:27,325 - [ERROR] - [GOLD] Strategy VOLUME_CLIMAX error: 'volume'
2026-07-21 03:19:28,705 - [ERROR] - [GOLD] Strategy VOLUME_CLIMAX error: 'volume'
2026-07-21 03:19:30,157 - [ERROR] - [GOLD] Strategy VOLUME_CLIMAX error: 'volume'
2026-07-21 03:19:31,561 - [ERROR] - [GOLD] Strategy VOLUME_CLIMAX error: 'volume'
2026-07-21 03:19:32,924 - [ERROR] - [GOLD] Strategy VOLUME_CLIMAX error: 'volume'
2026-07-21 03:19:34,278 - [ERROR] - [GOLD] Strategy VOLUME_CLIMAX error: 'volume'
2026-07-21 03:19:35,617 - [ERROR] - [GOLD] Strategy VOLUME_CLIMAX error: 'volume'
2026-07-21 03:19:36,960 - [ERROR] - [GOLD] Strategy VOLUME_CLIMAX error: 'volume'
2026-07-21 03:19:38,314 - [ERROR] - [GOLD] Strategy VOLUME_CLIMAX error: 'volume'
2026-07-21 03:19:39,661 - [ERROR] - [GOLD] Strategy VOLUME_CLIMAX error: 'volume'
2026-07-21 03:19:41,001 - [ERROR] - [GOLD] Strategy VOLUME_CLIMAX error: 'volume'
2026-07-21 03:19:42,352 - [ERROR] - [GOLD] Strategy VOLUME_CLIMAX error: 'volume'
2026-07-21 03:19:43,690 - [ERROR] - [GOLD] Strategy VOLUME_CLIMAX error: 'volume'
2026-07-21 03:19:45,033 - [ERROR] - [GOLD] Strategy VOLUME_CLIMAX error: 'volume'
2026-07-21 03:19:46,391 - [ERROR] - [GOLD] Strategy VOLUME_CLIMAX error: 'volume'
2026-07-21 03:19:47,767 - [ERROR] - [GOLD] Strategy VOLUME_CLIMAX error: 'volume'
2026-07-21 03:19:49,109 - [ERROR] - [GOLD] Strategy VOLUME_CLIMAX error: 'volume'
2026-07-21 03:19:50,456 - [ERROR] - [GOLD] Strategy VOLUME_CLIMAX error: 'volume'
2026-07-21 03:19:51,817 - [ERROR] - [GOLD] Strategy VOLUME_CLIMAX error: 'volume'
2026-07-21 03:19:53,163 - [ERROR] - [GOLD] Strategy VOLUME_CLIMAX error: 'volume'
2026-07-21 03:19:54,502 - [ERROR] - [GOLD] Strategy VOLUME_CLIMAX error: 'volume'
2026-07-21 03:19:55,852 - [ERROR] - [GOLD] Strategy VOLUME_CLIMAX error: 'volume'
2026-07-21 03:19:57,195 - [ERROR] - [GOLD] Strategy VOLUME_CLIMAX error: 'volume'
2026-07-21 03:19:58,541 - [ERROR] - [GOLD] Strategy VOLUME_CLIMAX error: 'volume'
2026-07-21 03:19:59,896 - [ERROR] - [GOLD] Strategy VOLUME_CLIMAX error: 'volume'
2026-07-21 03:20:01,254 - [ERROR] - [GOLD] Strategy VOLUME_CLIMAX error: 'volume'
2026-07-21 03:20:02,610 - [ERROR] - [GOLD] Strategy VOLUME_CLIMAX error: 'volume'
2026-07-21 03:20:03,970 - [ERROR] - [GOLD] Strategy VOLUME_CLIMAX error: 'volume'
2026-07-21 03:20:05,363 - [ERROR] - [GOLD] Strategy VOLUME_CLIMAX error: 'volume'
2026-07-21 03:20:06,792 - [ERROR] - [GOLD] Strategy VOLUME_CLIMAX error: 'volume'
2026-07-21 03:20:08,182 - [ERROR] - [GOLD] Strategy VOLUME_CLIMAX error: 'volume'
2026-07-21 03:20:09,523 - [ERROR] - [GOLD] Strategy VOLUME_CLIMAX error: 'volume'
2026-07-21 03:20:10,864 - [ERROR] - [GOLD] Strategy VOLUME_CLIMAX error: 'volume'
2026-07-21 03:20:12,218 - [ERROR] - [GOLD] Strategy VOLUME_CLIMAX error: 'volume'
2026-07-21 03:20:13,124 - [WARNING] - [GBPUSD] \U0001f6a8 Spread Protection: Live Spread (100) > Max Allowable (40). Trade Aborted.
2026-07-21 03:20:13,560 - [ERROR] - [GOLD] Strategy VOLUME_CLIMAX error: 'volume'
2026-07-21 03:20:14,898 - [ERROR] - [GOLD] Strategy VOLUME_CLIMAX error: 'volume'
2026-07-21 03:20:16,245 - [ERROR] - [GOLD] Strategy VOLUME_CLIMAX error: 'volume'
2026-07-21 03:20:17,596 - [ERROR] - [GOLD] Strategy VOLUME_CLIMAX error: 'volume'
2026-07-21 03:20:18,946 - [ERROR] - [GOLD] Strategy VOLUME_CLIMAX error: 'volume'
2026-07-21 03:20:20,311 - [ERROR] - [GOLD] Strategy VOLUME_CLIMAX error: 'volume'
2026-07-21 03:20:21,669 - [ERROR] - [GOLD] Strategy VOLUME_CLIMAX error: 'volume'
2026-07-21 03:20:23,014 - [ERROR] - [GOLD] Strategy VOLUME_CLIMAX error: 'volume'
2026-07-21 03:20:24,363 - [ERROR] - [GOLD] Strategy VOLUME_CLIMAX error: 'volume'
2026-07-21 03:20:25,720 - [ERROR] - [GOLD] Strategy VOLUME_CLIMAX error: 'volume'
2026-07-21 03:20:27,067 - [ERROR] - [GOLD] Strategy VOLUME_CLIMAX error: 'volume'
2026-07-21 03:20:28,413 - [ERROR] - [GOLD] Strategy VOLUME_CLIMAX error: 'volume'
2026-07-21 03:20:29,773 - [ERROR] - [GOLD] Strategy VOLUME_CLIMAX error: 'volume'
2026-07-21 03:20:31,144 - [ERROR] - [GOLD] Strategy VOLUME_CLIMAX error: 'volume'
2026-07-21 03:20:32,517 - [ERROR] - [GOLD] Strategy VOLUME_CLIMAX error: 'volume'
2026-07-21 03:20:33,878 - [ERROR] - [GOLD] Strategy VOLUME_CLIMAX error: 'volume'
2026-07-21 03:20:35,225 - [ERROR] - [GOLD] Strategy VOLUME_CLIMAX error: 'volume'
2026-07-21 03:20:36,604 - [ERROR] - [GOLD] Strategy VOLUME_CLIMAX error: 'volume'
2026-07-21 03:20:37,956 - [ERROR] - [GOLD] Strategy VOLUME_CLIMAX error: 'volume'
2026-07-21 03:20:39,317 - [ERROR] - [GOLD] Strategy VOLUME_CLIMAX error: 'volume'
2026-07-21 03:20:40,659 - [ERROR] - [GOLD] Strategy VOLUME_CLIMAX error: 'volume'
2026-07-21 03:20:42,017 - [ERROR] - [GOLD] Strategy VOLUME_CLIMAX error: 'volume'
2026-07-21 03:20:43,381 - [ERROR] - [GOLD] Strategy VOLUME_CLIMAX error: 'volume'
2026-07-21 03:20:44,733 - [ERROR] - [GOLD] Strategy VOLUME_CLIMAX error: 'volume'
2026-07-21 03:20:46,109 - [ERROR] - [GOLD] Strategy VOLUME_CLIMAX error: 'volume'
2026-07-21 03:20:47,470 - [ERROR] - [GOLD] Strategy VOLUME_CLIMAX error: 'volume'
2026-07-21 03:20:48,841 - [ERROR] - [GOLD] Strategy VOLUME_CLIMAX error: 'volume'
2026-07-21 03:20:50,204 - [ERROR] - [GOLD] Strategy VOLUME_CLIMAX error: 'volume'
2026-07-21 03:20:51,549 - [ERROR] - [GOLD] Strategy VOLUME_CLIMAX error: 'volume'
2026-07-21 03:20:52,889 - [ERROR] - [GOLD] Strategy VOLUME_CLIMAX error: 'volume'
2026-07-21 03:20:54,248 - [ERROR] - [GOLD] Strategy VOLUME_CLIMAX error: 'volume'
2026-07-21 03:20:55,598 - [ERROR] - [GOLD] Strategy VOLUME_CLIMAX error: 'volume'
2026-07-21 03:20:56,948 - [ERROR] - [GOLD] Strategy VOLUME_CLIMAX error: 'volume'
2026-07-21 03:20:58,298 - [ERROR] - [GOLD] Strategy VOLUME_CLIMAX error: 'volume'
2026-07-21 03:20:59,636 - [ERROR] - [GOLD] Strategy VOLUME_CLIMAX error: 'volume'
2026-07-21 03:21:00,999 - [ERROR] - [GOLD] Strategy VOLUME_CLIMAX error: 'volume'
2026-07-21 03:21:02,339 - [ERROR] - [GOLD] Strategy VOLUME_CLIMAX error: 'volume'
2026-07-21 03:21:03,700 - [ERROR] - [GOLD] Strategy VOLUME_CLIMAX error: 'volume'
2026-07-21 03:21:05,046 - [ERROR] - [GOLD] Strategy VOLUME_CLIMAX error: 'volume'
2026-07-21 03:21:06,436 - [ERROR] - [GOLD] Strategy VOLUME_CLIMAX error: 'volume'
2026-07-21 03:21:07,803 - [ERROR] - [GOLD] Strategy VOLUME_CLIMAX error: 'volume'
2026-07-21 03:21:09,151 - [ERROR] - [GOLD] Strategy VOLUME_CLIMAX error: 'volume'
2026-07-21 03:21:10,510 - [ERROR] - [GOLD] Strategy VOLUME_CLIMAX error: 'volume'
2026-07-21 03:21:11,861 - [ERROR] - [GOLD] Strategy VOLUME_CLIMAX error: 'volume'
2026-07-21 03:21:13,205 - [ERROR] - [GOLD] Strategy VOLUME_CLIMAX error: 'volume'
2026-07-21 03:21:14,545 - [ERROR] - [GOLD] Strategy VOLUME_CLIMAX error: 'volume'
2026-07-21 03:21:15,895 - [ERROR] - [GOLD] Strategy VOLUME_CLIMAX error: 'volume'
2026-07-21 03:21:17,236 - [ERROR] - [GOLD] Strategy VOLUME_CLIMAX error: 'volume'
2026-07-21 03:21:18,588 - [ERROR] - [GOLD] Strategy VOLUME_CLIMAX error: 'volume'
2026-07-21 03:21:19,938 - [ERROR] - [GOLD] Strategy VOLUME_CLIMAX error: 'volume'
2026-07-21 03:21:21,279 - [ERROR] - [GOLD] Strategy VOLUME_CLIMAX error: 'volume'
2026-07-21 03:21:22,621 - [ERROR] - [GOLD] Strategy VOLUME_CLIMAX error: 'volume'
2026-07-21 03:21:23,972 - [ERROR] - [GOLD] Strategy VOLUME_CLIMAX error: 'volume'
2026-07-21 03:21:25,316 - [ERROR] - [GOLD] Strategy VOLUME_CLIMAX error: 'volume'
2026-07-21 03:21:26,663 - [ERROR] - [GOLD] Strategy VOLUME_CLIMAX error: 'volume'
2026-07-21 03:21:28,005 - [ERROR] - [GOLD] Strategy VOLUME_CLIMAX error: 'volume'
2026-07-21 03:21:29,358 - [ERROR] - [GOLD] Strategy VOLUME_CLIMAX error: 'volume'
2026-07-21 03:21:30,711 - [ERROR] - [GOLD] Strategy VOLUME_CLIMAX error: 'volume'
2026-07-21 03:21:32,050 - [ERROR] - [GOLD] Strategy VOLUME_CLIMAX error: 'volume'
2026-07-21 03:21:33,399 - [ERROR] - [GOLD] Strategy VOLUME_CLIMAX error: 'volume'
2026-07-21 03:21:34,739 - [ERROR] - [GOLD] Strategy VOLUME_CLIMAX error: 'volume'
2026-07-21 03:21:36,075 - [ERROR] - [GOLD] Strategy VOLUME_CLIMAX error: 'volume'
2026-07-21 03:21:37,428 - [ERROR] - [GOLD] Strategy VOLUME_CLIMAX error: 'volume'
2026-07-21 03:21:38,773 - [ERROR] - [GOLD] Strategy VOLUME_CLIMAX error: 'volume'
2026-07-21 03:21:40,124 - [ERROR] - [GOLD] Strategy VOLUME_CLIMAX error: 'volume'
2026-07-21 03:21:41,476 - [ERROR] - [GOLD] Strategy VOLUME_CLIMAX error: 'volume'
2026-07-21 03:21:42,832 - [ERROR] - [GOLD] Strategy VOLUME_CLIMAX error: 'volume'
2026-07-21 03:21:44,175 - [ERROR] - [GOLD] Strategy VOLUME_CLIMAX error: 'volume'
2026-07-21 03:21:45,534 - [ERROR] - [GOLD] Strategy VOLUME_CLIMAX error: 'volume'
2026-07-21 03:21:46,873 - [ERROR] - [GOLD] Strategy VOLUME_CLIMAX error: 'volume'
2026-07-21 03:21:48,218 - [ERROR] - [GOLD] Strategy VOLUME_CLIMAX error: 'volume'
2026-07-21 03:21:49,583 - [ERROR] - [GOLD] Strategy VOLUME_CLIMAX error: 'volume'
2026-07-21 03:21:50,947 - [ERROR] - [GOLD] Strategy VOLUME_CLIMAX error: 'volume'
2026-07-21 03:21:52,324 - [ERROR] - [GOLD] Strategy VOLUME_CLIMAX error: 'volume'
2026-07-21 03:21:53,694 - [ERROR] - [GOLD] Strategy VOLUME_CLIMAX error: 'volume'
2026-07-21 03:21:55,066 - [ERROR] - [GOLD] Strategy VOLUME_CLIMAX error: 'volume'
2026-07-21 03:21:56,422 - [ERROR] - [GOLD] Strategy VOLUME_CLIMAX error: 'volume'
2026-07-21 03:21:57,777 - [ERROR] - [GOLD] Strategy VOLUME_CLIMAX error: 'volume'
2026-07-21 03:21:59,125 - [ERROR] - [GOLD] Strategy VOLUME_CLIMAX error: 'volume'
2026-07-21 03:22:00,489 - [ERROR] - [GOLD] Strategy VOLUME_CLIMAX error: 'volume'
2026-07-21 03:22:01,887 - [ERROR] - [GOLD] Strategy VOLUME_CLIMAX error: 'volume'
2026-07-21 03:22:03,263 - [ERROR] - [GOLD] Strategy VOLUME_CLIMAX error: 'volume'
2026-07-21 03:22:04,601 - [ERROR] - [GOLD] Strategy VOLUME_CLIMAX error: 'volume'
2026-07-21 03:22:05,949 - [ERROR] - [GOLD] Strategy VOLUME_CLIMAX error: 'volume'
2026-07-21 03:22:07,299 - [ERROR] - [GOLD] Strategy VOLUME_CLIMAX error: 'volume'
2026-07-21 03:22:08,646 - [ERROR] - [GOLD] Strategy VOLUME_CLIMAX error: 'volume'
2026-07-21 03:22:09,996 - [ERROR] - [GOLD] Strategy VOLUME_CLIMAX error: 'volume'
2026-07-21 03:22:11,353 - [ERROR] - [GOLD] Strategy VOLUME_CLIMAX error: 'volume'
2026-07-21 03:22:12,704 - [ERROR] - [GOLD] Strategy VOLUME_CLIMAX error: 'volume'
2026-07-21 03:22:13,145 - [WARNING] - [GBPUSD] \U0001f6a8 Spread Protection: Live Spread (97) > Max Allowable (40). Trade Aborted.
2026-07-21 03:22:14,090 - [ERROR] - [GOLD] Strategy VOLUME_CLIMAX error: 'volume'
2026-07-21 03:22:15,502 - [ERROR] - [GOLD] Strategy VOLUME_CLIMAX error: 'volume'
2026-07-21 03:22:16,906 - [ERROR] - [GOLD] Strategy VOLUME_CLIMAX error: 'volume'
2026-07-21 03:22:18,303 - [ERROR] - [GOLD] Strategy VOLUME_CLIMAX error: 'volume'
2026-07-21 03:22:19,703 - [ERROR] - [GOLD] Strategy VOLUME_CLIMAX error: 'volume'
2026-07-21 03:22:21,140 - [ERROR] - [GOLD] Strategy VOLUME_CLIMAX error: 'volume'
2026-07-21 03:22:22,510 - [ERROR] - [GOLD] Strategy VOLUME_CLIMAX error: 'volume'
2026-07-21 03:22:23,862 - [ERROR] - [GOLD] Strategy VOLUME_CLIMAX error: 'volume'
2026-07-21 03:22:25,225 - [ERROR] - [GOLD] Strategy VOLUME_CLIMAX error: 'volume'
2026-07-21 03:22:26,605 - [ERROR] - [GOLD] Strategy VOLUME_CLIMAX error: 'volume'
2026-07-21 03:22:27,982 - [ERROR] - [GOLD] Strategy VOLUME_CLIMAX error: 'volume'
2026-07-21 03:22:29,341 - [ERROR] - [GOLD] Strategy VOLUME_CLIMAX error: 'volume'
2026-07-21 03:22:30,703 - [ERROR] - [GOLD] Strategy VOLUME_CLIMAX error: 'volume'
2026-07-21 03:22:32,051 - [ERROR] - [GOLD] Strategy VOLUME_CLIMAX error: 'volume'
2026-07-21 03:22:33,408 - [ERROR] - [GOLD] Strategy VOLUME_CLIMAX error: 'volume'
2026-07-21 03:22:34,775 - [ERROR] - [GOLD] Strategy VOLUME_CLIMAX error: 'volume'
2026-07-21 03:22:36,123 - [ERROR] - [GOLD] Strategy VOLUME_CLIMAX error: 'volume'
2026-07-21 03:22:37,549 - [ERROR] - [GOLD] Strategy VOLUME_CLIMAX error: 'volume'
2026-07-21 03:22:38,976 - [ERROR] - [GOLD] Strategy VOLUME_CLIMAX error: 'volume'
2026-07-21 03:22:40,372 - [ERROR] - [GOLD] Strategy VOLUME_CLIMAX error: 'volume'
2026-07-21 03:22:41,734 - [ERROR] - [GOLD] Strategy VOLUME_CLIMAX error: 'volume'
2026-07-21 03:22:43,085 - [ERROR] - [GOLD] Strategy VOLUME_CLIMAX error: 'volume'
2026-07-21 03:22:44,448 - [ERROR] - [GOLD] Strategy VOLUME_CLIMAX error: 'volume'
2026-07-21 03:22:45,815 - [ERROR] - [GOLD] Strategy VOLUME_CLIMAX error: 'volume'
2026-07-21 03:22:47,203 - [ERROR] - [GOLD] Strategy VOLUME_CLIMAX error: 'volume'
2026-07-21 03:22:48,553 - [ERROR] - [GOLD] Strategy VOLUME_CLIMAX error: 'volume'
2026-07-21 03:22:49,918 - [ERROR] - [GOLD] Strategy VOLUME_CLIMAX error: 'volume'
2026-07-21 03:22:51,300 - [ERROR] - [GOLD] Strategy VOLUME_CLIMAX error: 'volume'
2026-07-21 03:22:52,708 - [ERROR] - [GOLD] Strategy VOLUME_CLIMAX error: 'volume'
2026-07-21 03:22:54,153 - [ERROR] - [GOLD] Strategy VOLUME_CLIMAX error: 'volume'
2026-07-21 03:22:55,581 - [ERROR] - [GOLD] Strategy VOLUME_CLIMAX error: 'volume'
2026-07-21 03:22:56,971 - [ERROR] - [GOLD] Strategy VOLUME_CLIMAX error: 'volume'
2026-07-21 03:22:58,365 - [ERROR] - [GOLD] Strategy VOLUME_CLIMAX error: 'volume'
2026-07-21 03:22:59,731 - [ERROR] - [GOLD] Strategy VOLUME_CLIMAX error: 'volume'
2026-07-21 03:23:01,107 - [ERROR] - [GOLD] Strategy VOLUME_CLIMAX error: 'volume'
2026-07-21 03:23:02,479 - [ERROR] - [GOLD] Strategy VOLUME_CLIMAX error: 'volume'
2026-07-21 03:23:03,861 - [ERROR] - [GOLD] Strategy VOLUME_CLIMAX error: 'volume'
2026-07-21 03:23:05,215 - [ERROR] - [GOLD] Strategy VOLUME_CLIMAX error: 'volume'
2026-07-21 03:23:06,611 - [ERROR] - [GOLD] Strategy VOLUME_CLIMAX error: 'volume'
2026-07-21 03:23:07,967 - [ERROR] - [GOLD] Strategy VOLUME_CLIMAX error: 'volume'
2026-07-21 03:23:09,319 - [ERROR] - [GOLD] Strategy VOLUME_CLIMAX error: 'volume'
2026-07-21 03:23:10,681 - [ERROR] - [GOLD] Strategy VOLUME_CLIMAX error: 'volume'
2026-07-21 03:23:12,052 - [ERROR] - [GOLD] Strategy VOLUME_CLIMAX error: 'volume'
2026-07-21 03:23:13,427 - [ERROR] - [GOLD] Strategy VOLUME_CLIMAX error: 'volume'
2026-07-21 03:23:14,800 - [ERROR] - [GOLD] Strategy VOLUME_CLIMAX error: 'volume'
2026-07-21 03:23:16,182 - [ERROR] - [GOLD] Strategy VOLUME_CLIMAX error: 'volume'
2026-07-21 03:23:17,562 - [ERROR] - [GOLD] Strategy VOLUME_CLIMAX error: 'volume'
2026-07-21 03:23:18,931 - [ERROR] - [GOLD] Strategy VOLUME_CLIMAX error: 'volume'
2026-07-21 03:23:20,304 - [ERROR] - [GOLD] Strategy VOLUME_CLIMAX error: 'volume'
2026-07-21 03:23:21,662 - [ERROR] - [GOLD] Strategy VOLUME_CLIMAX error: 'volume'
2026-07-21 03:23:23,022 - [ERROR] - [GOLD] Strategy VOLUME_CLIMAX error: 'volume'
2026-07-21 03:23:24,402 - [ERROR] - [GOLD] Strategy VOLUME_CLIMAX error: 'volume'
2026-07-21 03:23:25,764 - [ERROR] - [GOLD] Strategy VOLUME_CLIMAX error: 'volume'
2026-07-21 03:23:27,110 - [ERROR] - [GOLD] Strategy VOLUME_CLIMAX error: 'volume'
2026-07-21 03:23:28,484 - [ERROR] - [GOLD] Strategy VOLUME_CLIMAX error: 'volume'
2026-07-21 03:23:29,837 - [ERROR] - [GOLD] Strategy VOLUME_CLIMAX error: 'volume'
2026-07-21 03:23:31,188 - [ERROR] - [GOLD] Strategy VOLUME_CLIMAX error: 'volume'
2026-07-21 03:23:32,553 - [ERROR] - [GOLD] Strategy VOLUME_CLIMAX error: 'volume'
2026-07-21 03:23:33,906 - [ERROR] - [GOLD] Strategy VOLUME_CLIMAX error: 'volume'
2026-07-21 03:23:35,295 - [ERROR] - [GOLD] Strategy VOLUME_CLIMAX error: 'volume'
2026-07-21 03:23:36,663 - [ERROR] - [GOLD] Strategy VOLUME_CLIMAX error: 'volume'
2026-07-21 03:23:38,048 - [ERROR] - [GOLD] Strategy VOLUME_CLIMAX error: 'volume'
2026-07-21 03:23:39,459 - [ERROR] - [GOLD] Strategy VOLUME_CLIMAX error: 'volume'
2026-07-21 03:23:40,875 - [ERROR] - [GOLD] Strategy VOLUME_CLIMAX error: 'volume'
2026-07-21 03:23:42,265 - [ERROR] - [GOLD] Strategy VOLUME_CLIMAX error: 'volume'
2026-07-21 03:23:43,661 - [ERROR] - [GOLD] Strategy VOLUME_CLIMAX error: 'volume'
2026-07-21 03:23:45,011 - [ERROR] - [GOLD] Strategy VOLUME_CLIMAX error: 'volume'
2026-07-21 03:23:46,371 - [ERROR] - [GOLD] Strategy VOLUME_CLIMAX error: 'volume'
2026-07-21 03:23:47,799 - [ERROR] - [GOLD] Strategy VOLUME_CLIMAX error: 'volume'
2026-07-21 03:23:49,200 - [ERROR] - [GOLD] Strategy VOLUME_CLIMAX error: 'volume'
2026-07-21 03:23:50,591 - [ERROR] - [GOLD] Strategy VOLUME_CLIMAX error: 'volume'
2026-07-21 03:23:51,977 - [ERROR] - [GOLD] Strategy VOLUME_CLIMAX error: 'volume'
2026-07-21 03:23:53,440 - [ERROR] - [GOLD] Strategy VOLUME_CLIMAX error: 'volume'
2026-07-21 03:23:54,906 - [ERROR] - [GOLD] Strategy VOLUME_CLIMAX error: 'volume'
2026-07-21 03:23:56,335 - [ERROR] - [GOLD] Strategy VOLUME_CLIMAX error: 'volume'
2026-07-21 03:23:57,700 - [ERROR] - [GOLD] Strategy VOLUME_CLIMAX error: 'volume'
2026-07-21 03:23:59,084 - [ERROR] - [GOLD] Strategy VOLUME_CLIMAX error: 'volume'
2026-07-21 03:24:00,494 - [ERROR] - [GOLD] Strategy VOLUME_CLIMAX error: 'volume'
2026-07-21 03:24:00,874 - [WARNING] - [USDJPY] \U0001f6a8 Spread Protection: Live Spread (76) > Max Allowable (40). Trade Aborted.
2026-07-21 03:24:01,872 - [ERROR] - [GOLD] Strategy VOLUME_CLIMAX error: 'volume'
2026-07-21 03:24:03,296 - [ERROR] - [GOLD] Strategy VOLUME_CLIMAX error: 'volume'
2026-07-21 03:24:04,662 - [ERROR] - [GOLD] Strategy VOLUME_CLIMAX error: 'volume'
2026-07-21 03:24:06,047 - [ERROR] - [GOLD] Strategy VOLUME_CLIMAX error: 'volume'
2026-07-21 03:24:07,427 - [ERROR] - [GOLD] Strategy VOLUME_CLIMAX error: 'volume'
2026-07-21 03:24:08,787 - [ERROR] - [GOLD] Strategy VOLUME_CLIMAX error: 'volume'
2026-07-21 03:24:10,210 - [ERROR] - [GOLD] Strategy VOLUME_CLIMAX error: 'volume'
2026-07-21 03:24:11,597 - [ERROR] - [GOLD] Strategy VOLUME_CLIMAX error: 'volume'
2026-07-21 03:24:12,964 - [ERROR] - [GOLD] Strategy VOLUME_CLIMAX error: 'volume'
2026-07-21 03:24:13,320 - [WARNING] - [GBPUSD] \U0001f6a8 Spread Protection: Live Spread (126) > Max Allowable (40). Trade Aborted.
2026-07-21 03:24:14,332 - [ERROR] - [GOLD] Strategy VOLUME_CLIMAX error: 'volume'
2026-07-21 03:24:15,702 - [ERROR] - [GOLD] Strategy VOLUME_CLIMAX error: 'volume'
2026-07-21 03:24:17,084 - [ERROR] - [GOLD] Strategy VOLUME_CLIMAX error: 'volume'
2026-07-21 03:24:18,477 - [ERROR] - [GOLD] Strategy VOLUME_CLIMAX error: 'volume'
2026-07-21 03:24:19,847 - [ERROR] - [GOLD] Strategy VOLUME_CLIMAX error: 'volume'
2026-07-21 03:24:21,212 - [ERROR] - [GOLD] Strategy VOLUME_CLIMAX error: 'volume'
2026-07-21 03:24:22,597 - [ERROR] - [GOLD] Strategy VOLUME_CLIMAX error: 'volume'
2026-07-21 03:24:23,975 - [ERROR] - [GOLD] Strategy VOLUME_CLIMAX error: 'volume'
2026-07-21 03:24:25,336 - [ERROR] - [GOLD] Strategy VOLUME_CLIMAX error: 'volume'
2026-07-21 03:24:26,715 - [ERROR] - [GOLD] Strategy VOLUME_CLIMAX error: 'volume'
2026-07-21 03:24:28,075 - [ERROR] - [GOLD] Strategy VOLUME_CLIMAX error: 'volume'
2026-07-21 03:24:29,437 - [ERROR] - [GOLD] Strategy VOLUME_CLIMAX error: 'volume'
2026-07-21 03:24:30,831 - [ERROR] - [GOLD] Strategy VOLUME_CLIMAX error: 'volume'
2026-07-21 03:24:32,203 - [ERROR] - [GOLD] Strategy VOLUME_CLIMAX error: 'volume'
2026-07-21 03:24:33,587 - [ERROR] - [GOLD] Strategy VOLUME_CLIMAX error: 'volume'
2026-07-21 03:24:34,949 - [ERROR] - [GOLD] Strategy VOLUME_CLIMAX error: 'volume'
2026-07-21 03:24:36,316 - [ERROR] - [GOLD] Strategy VOLUME_CLIMAX error: 'volume'
2026-07-21 03:24:37,679 - [ERROR] - [GOLD] Strategy VOLUME_CLIMAX error: 'volume'
2026-07-21 03:24:39,056 - [ERROR] - [GOLD] Strategy VOLUME_CLIMAX error: 'volume'
2026-07-21 03:24:40,423 - [ERROR] - [GOLD] Strategy VOLUME_CLIMAX error: 'volume'
2026-07-21 03:24:41,804 - [ERROR] - [GOLD] Strategy VOLUME_CLIMAX error: 'volume'
2026-07-21 03:24:43,180 - [ERROR] - [GOLD] Strategy VOLUME_CLIMAX error: 'volume'
2026-07-21 03:24:44,558 - [ERROR] - [GOLD] Strategy VOLUME_CLIMAX error: 'volume'
2026-07-21 03:24:45,945 - [ERROR] - [GOLD] Strategy VOLUME_CLIMAX error: 'volume'
2026-07-21 03:24:47,312 - [ERROR] - [GOLD] Strategy VOLUME_CLIMAX error: 'volume'
2026-07-21 03:24:48,673 - [ERROR] - [GOLD] Strategy VOLUME_CLIMAX error: 'volume'
2026-07-21 03:24:50,086 - [ERROR] - [GOLD] Strategy VOLUME_CLIMAX error: 'volume'
2026-07-21 03:24:51,477 - [ERROR] - [GOLD] Strategy VOLUME_CLIMAX error: 'volume'
2026-07-21 03:24:52,854 - [ERROR] - [GOLD] Strategy VOLUME_CLIMAX error: 'volume'
2026-07-21 03:24:54,253 - [ERROR] - [GOLD] Strategy VOLUME_CLIMAX error: 'volume'
2026-07-21 03:24:55,667 - [ERROR] - [GOLD] Strategy VOLUME_CLIMAX error: 'volume'
2026-07-21 03:24:57,123 - [ERROR] - [GOLD] Strategy VOLUME_CLIMAX error: 'volume'
2026-07-21 03:24:58,507 - [ERROR] - [GOLD] Strategy VOLUME_CLIMAX error: 'volume'
2026-07-21 03:24:59,892 - [ERROR] - [GOLD] Strategy VOLUME_CLIMAX error: 'volume'
2026-07-21 03:25:01,264 - [ERROR] - [GOLD] Strategy VOLUME_CLIMAX error: 'volume'
2026-07-21 03:25:02,658 - [ERROR] - [GOLD] Strategy VOLUME_CLIMAX error: 'volume'
2026-07-21 03:25:04,045 - [ERROR] - [GOLD] Strategy VOLUME_CLIMAX error: 'volume'
2026-07-21 03:25:05,442 - [ERROR] - [GOLD] Strategy VOLUME_CLIMAX error: 'volume'
2026-07-21 03:25:06,840 - [ERROR] - [GOLD] Strategy VOLUME_CLIMAX error: 'volume'
2026-07-21 03:25:08,228 - [ERROR] - [GOLD] Strategy VOLUME_CLIMAX error: 'volume'
2026-07-21 03:25:09,633 - [ERROR] - [GOLD] Strategy VOLUME_CLIMAX error: 'volume'
2026-07-21 03:25:10,992 - [ERROR] - [GOLD] Strategy VOLUME_CLIMAX error: 'volume'
2026-07-21 03:25:12,347 - [ERROR] - [GOLD] Strategy VOLUME_CLIMAX error: 'volume'
2026-07-21 03:25:13,717 - [ERROR] - [GOLD] Strategy VOLUME_CLIMAX error: 'volume'
2026-07-21 03:25:15,083 - [ERROR] - [GOLD] Strategy VOLUME_CLIMAX error: 'volume'
2026-07-21 03:25:16,490 - [ERROR] - [GOLD] Strategy VOLUME_CLIMAX error: 'volume'
2026-07-21 03:25:17,890 - [ERROR] - [GOLD] Strategy VOLUME_CLIMAX error: 'volume'
2026-07-21 03:25:19,262 - [ERROR] - [GOLD] Strategy VOLUME_CLIMAX error: 'volume'
2026-07-21 03:25:20,624 - [ERROR] - [GOLD] Strategy VOLUME_CLIMAX error: 'volume'
2026-07-21 03:25:22,008 - [ERROR] - [GOLD] Strategy VOLUME_CLIMAX error: 'volume'
2026-07-21 03:25:23,370 - [ERROR] - [GOLD] Strategy VOLUME_CLIMAX error: 'volume'
2026-07-21 03:25:24,802 - [ERROR] - [GOLD] Strategy VOLUME_CLIMAX error: 'volume'
2026-07-21 03:25:26,160 - [ERROR] - [GOLD] Strategy VOLUME_CLIMAX error: 'volume'
2026-07-21 03:25:27,518 - [ERROR] - [GOLD] Strategy VOLUME_CLIMAX error: 'volume'
2026-07-21 03:25:28,895 - [ERROR] - [GOLD] Strategy VOLUME_CLIMAX error: 'volume'
2026-07-21 03:25:30,290 - [ERROR] - [GOLD] Strategy VOLUME_CLIMAX error: 'volume'
2026-07-21 03:25:31,681 - [ERROR] - [GOLD] Strategy VOLUME_CLIMAX error: 'volume'
2026-07-21 03:25:33,166 - [ERROR] - [GOLD] Strategy VOLUME_CLIMAX error: 'volume'
2026-07-21 03:25:34,656 - [ERROR] - [GOLD] Strategy VOLUME_CLIMAX error: 'volume'
2026-07-21 03:25:36,125 - [ERROR] - [GOLD] Strategy VOLUME_CLIMAX error: 'volume'
2026-07-21 03:25:37,624 - [ERROR] - [GOLD] Strategy VOLUME_CLIMAX error: 'volume'
2026-07-21 03:25:39,091 - [ERROR] - [GOLD] Strategy VOLUME_CLIMAX error: 'volume'
2026-07-21 03:25:40,543 - [ERROR] - [GOLD] Strategy VOLUME_CLIMAX error: 'volume'
2026-07-21 03:25:42,037 - [ERROR] - [GOLD] Strategy VOLUME_CLIMAX error: 'volume'
2026-07-21 03:25:43,531 - [ERROR] - [GOLD] Strategy VOLUME_CLIMAX error: 'volume'
2026-07-21 03:25:45,033 - [ERROR] - [GOLD] Strategy VOLUME_CLIMAX error: 'volume'
2026-07-21 03:25:46,565 - [ERROR] - [GOLD] Strategy VOLUME_CLIMAX error: 'volume'
2026-07-21 03:25:48,051 - [ERROR] - [GOLD] Strategy VOLUME_CLIMAX error: 'volume'
2026-07-21 03:25:49,557 - [ERROR] - [GOLD] Strategy VOLUME_CLIMAX error: 'volume'
2026-07-21 03:25:51,000 - [ERROR] - [GOLD] Strategy VOLUME_CLIMAX error: 'volume'
2026-07-21 03:25:52,474 - [ERROR] - [GOLD] Strategy VOLUME_CLIMAX error: 'volume'
2026-07-21 03:25:53,928 - [ERROR] - [GOLD] Strategy VOLUME_CLIMAX error: 'volume'
2026-07-21 03:25:55,427 - [ERROR] - [GOLD] Strategy VOLUME_CLIMAX error: 'volume'
2026-07-21 03:25:56,941 - [ERROR] - [GOLD] Strategy VOLUME_CLIMAX error: 'volume'
2026-07-21 03:25:58,461 - [ERROR] - [GOLD] Strategy VOLUME_CLIMAX error: 'volume'
2026-07-21 03:26:00,005 - [ERROR] - [GOLD] Strategy VOLUME_CLIMAX error: 'volume'
2026-07-21 03:26:01,397 - [WARNING] - [USDJPY] \U0001f6a8 Spread Protection: Live Spread (81) > Max Allowable (40). Trade Aborted.
2026-07-21 03:26:01,531 - [ERROR] - [GOLD] Strategy VOLUME_CLIMAX error: 'volume'
2026-07-21 03:26:03,040 - [ERROR] - [GOLD] Strategy VOLUME_CLIMAX error: 'volume'
2026-07-21 03:26:04,457 - [ERROR] - [GOLD] Strategy VOLUME_CLIMAX error: 'volume'
2026-07-21 03:26:05,938 - [ERROR] - [GOLD] Strategy VOLUME_CLIMAX error: 'volume'
2026-07-21 03:26:07,397 - [ERROR] - [GOLD] Strategy VOLUME_CLIMAX error: 'volume'
2026-07-21 03:26:08,782 - [ERROR] - [GOLD] Strategy VOLUME_CLIMAX error: 'volume'
2026-07-21 03:26:10,232 - [ERROR] - [GOLD] Strategy VOLUME_CLIMAX error: 'volume'
2026-07-21 03:26:11,677 - [ERROR] - [GOLD] Strategy VOLUME_CLIMAX error: 'volume'
2026-07-21 03:26:13,120 - [ERROR] - [GOLD] Strategy VOLUME_CLIMAX error: 'volume'
2026-07-21 03:26:13,919 - [WARNING] - [GBPUSD] \U0001f6a8 Spread Protection: Live Spread (109) > Max Allowable (40). Trade Aborted.
2026-07-21 03:26:14,572 - [ERROR] - [GOLD] Strategy VOLUME_CLIMAX error: 'volume'
2026-07-21 03:26:15,946 - [ERROR] - [GOLD] Strategy VOLUME_CLIMAX error: 'volume'
2026-07-21 03:26:17,318 - [ERROR] - [GOLD] Strategy VOLUME_CLIMAX error: 'volume'
2026-07-21 03:26:18,675 - [ERROR] - [GOLD] Strategy VOLUME_CLIMAX error: 'volume'
2026-07-21 03:26:20,086 - [ERROR] - [GOLD] Strategy VOLUME_CLIMAX error: 'volume'
2026-07-21 03:26:21,488 - [ERROR] - [GOLD] Strategy VOLUME_CLIMAX error: 'volume'
2026-07-21 03:26:22,942 - [ERROR] - [GOLD] Strategy VOLUME_CLIMAX error: 'volume'
2026-07-21 03:26:24,394 - [ERROR] - [GOLD] Strategy VOLUME_CLIMAX error: 'volume'
2026-07-21 03:26:25,764 - [ERROR] - [GOLD] Strategy VOLUME_CLIMAX error: 'volume'
2026-07-21 03:26:27,160 - [ERROR] - [GOLD] Strategy VOLUME_CLIMAX error: 'volume'
2026-07-21 03:26:28,587 - [ERROR] - [GOLD] Strategy VOLUME_CLIMAX error: 'volume'
2026-07-21 03:26:30,013 - [ERROR] - [GOLD] Strategy VOLUME_CLIMAX error: 'volume'
2026-07-21 03:26:31,504 - [ERROR] - [GOLD] Strategy VOLUME_CLIMAX error: 'volume'
2026-07-21 03:26:32,967 - [ERROR] - [GOLD] Strategy VOLUME_CLIMAX error: 'volume'
2026-07-21 03:26:34,424 - [ERROR] - [GOLD] Strategy VOLUME_CLIMAX error: 'volume'
2026-07-21 03:26:35,836 - [ERROR] - [GOLD] Strategy VOLUME_CLIMAX error: 'volume'
2026-07-21 03:26:37,238 - [ERROR] - [GOLD] Strategy VOLUME_CLIMAX error: 'volume'
2026-07-21 03:26:38,614 - [ERROR] - [GOLD] Strategy VOLUME_CLIMAX error: 'volume'
2026-07-21 03:26:39,980 - [ERROR] - [GOLD] Strategy VOLUME_CLIMAX error: 'volume'
2026-07-21 03:26:41,396 - [ERROR] - [GOLD] Strategy VOLUME_CLIMAX error: 'volume'
2026-07-21 03:26:42,888 - [ERROR] - [GOLD] Strategy VOLUME_CLIMAX error: 'volume'
2026-07-21 03:26:44,349 - [ERROR] - [GOLD] Strategy VOLUME_CLIMAX error: 'volume'
2026-07-21 03:26:45,762 - [ERROR] - [GOLD] Strategy VOLUME_CLIMAX error: 'volume'
2026-07-21 03:26:47,138 - [ERROR] - [GOLD] Strategy VOLUME_CLIMAX error: 'volume'
2026-07-21 03:26:48,570 - [ERROR] - [GOLD] Strategy VOLUME_CLIMAX error: 'volume'
2026-07-21 03:26:50,012 - [ERROR] - [GOLD] Strategy VOLUME_CLIMAX error: 'volume'
2026-07-21 03:26:51,434 - [ERROR] - [GOLD] Strategy VOLUME_CLIMAX error: 'volume'
2026-07-21 03:26:52,850 - [ERROR] - [GOLD] Strategy VOLUME_CLIMAX error: 'volume'
2026-07-21 03:26:54,221 - [ERROR] - [GOLD] Strategy VOLUME_CLIMAX error: 'volume'
2026-07-21 03:26:55,659 - [ERROR] - [GOLD] Strategy VOLUME_CLIMAX error: 'volume'
2026-07-21 03:26:57,041 - [ERROR] - [GOLD] Strategy VOLUME_CLIMAX error: 'volume'
2026-07-21 03:26:58,416 - [ERROR] - [GOLD] Strategy VOLUME_CLIMAX error: 'volume'
2026-07-21 03:26:59,817 - [ERROR] - [GOLD] Strategy VOLUME_CLIMAX error: 'volume'
2026-07-21 03:27:01,255 - [ERROR] - [GOLD] Strategy VOLUME_CLIMAX error: 'volume'
2026-07-21 03:27:02,687 - [ERROR] - [GOLD] Strategy VOLUME_CLIMAX error: 'volume'
2026-07-21 03:27:04,103 - [ERROR] - [GOLD] Strategy VOLUME_CLIMAX error: 'volume'
2026-07-21 03:27:05,537 - [ERROR] - [GOLD] Strategy VOLUME_CLIMAX error: 'volume'
2026-07-21 03:27:06,958 - [ERROR] - [GOLD] Strategy VOLUME_CLIMAX error: 'volume'
2026-07-21 03:27:08,338 - [ERROR] - [GOLD] Strategy VOLUME_CLIMAX error: 'volume'
2026-07-21 03:27:09,707 - [ERROR] - [GOLD] Strategy VOLUME_CLIMAX error: 'volume'
2026-07-21 03:27:11,077 - [ERROR] - [GOLD] Strategy VOLUME_CLIMAX error: 'volume'
2026-07-21 03:27:12,435 - [ERROR] - [GOLD] Strategy VOLUME_CLIMAX error: 'volume'
2026-07-21 03:27:13,785 - [ERROR] - [GOLD] Strategy VOLUME_CLIMAX error: 'volume'
2026-07-21 03:27:15,159 - [ERROR] - [GOLD] Strategy VOLUME_CLIMAX error: 'volume'
2026-07-21 03:27:16,523 - [ERROR] - [GOLD] Strategy VOLUME_CLIMAX error: 'volume'
2026-07-21 03:27:17,876 - [ERROR] - [GOLD] Strategy VOLUME_CLIMAX error: 'volume'
2026-07-21 03:27:19,228 - [ERROR] - [GOLD] Strategy VOLUME_CLIMAX error: 'volume'
2026-07-21 03:27:20,609 - [ERROR] - [GOLD] Strategy VOLUME_CLIMAX error: 'volume'
2026-07-21 03:27:21,991 - [ERROR] - [GOLD] Strategy VOLUME_CLIMAX error: 'volume'
2026-07-21 03:27:23,412 - [ERROR] - [GOLD] Strategy VOLUME_CLIMAX error: 'volume'
2026-07-21 03:27:24,858 - [ERROR] - [GOLD] Strategy VOLUME_CLIMAX error: 'volume'
2026-07-21 03:27:26,276 - [ERROR] - [GOLD] Strategy VOLUME_CLIMAX error: 'volume'
2026-07-21 03:27:27,706 - [ERROR] - [GOLD] Strategy VOLUME_CLIMAX error: 'volume'
2026-07-21 03:27:29,140 - [ERROR] - [GOLD] Strategy VOLUME_CLIMAX error: 'volume'
2026-07-21 03:27:30,588 - [ERROR] - [GOLD] Strategy VOLUME_CLIMAX error: 'volume'
2026-07-21 03:27:32,000 - [ERROR] - [GOLD] Strategy VOLUME_CLIMAX error: 'volume'
2026-07-21 03:27:33,449 - [ERROR] - [GOLD] Strategy VOLUME_CLIMAX error: 'volume'
2026-07-21 03:27:34,928 - [ERROR] - [GOLD] Strategy VOLUME_CLIMAX error: 'volume'
2026-07-21 03:27:36,422 - [ERROR] - [GOLD] Strategy VOLUME_CLIMAX error: 'volume'
2026-07-21 03:27:37,905 - [ERROR] - [GOLD] Strategy VOLUME_CLIMAX error: 'volume'
2026-07-21 03:27:39,405 - [ERROR] - [GOLD] Strategy VOLUME_CLIMAX error: 'volume'
2026-07-21 03:27:40,939 - [ERROR] - [GOLD] Strategy VOLUME_CLIMAX error: 'volume'
2026-07-21 03:27:42,441 - [ERROR] - [GOLD] Strategy VOLUME_CLIMAX error: 'volume'
2026-07-21 03:27:43,929 - [ERROR] - [GOLD] Strategy VOLUME_CLIMAX error: 'volume'
2026-07-21 03:27:45,406 - [ERROR] - [GOLD] Strategy VOLUME_CLIMAX error: 'volume'
2026-07-21 03:27:46,920 - [ERROR] - [GOLD] Strategy VOLUME_CLIMAX error: 'volume'
2026-07-21 03:27:48,440 - [ERROR] - [GOLD] Strategy VOLUME_CLIMAX error: 'volume'
2026-07-21 03:27:49,893 - [ERROR] - [GOLD] Strategy VOLUME_CLIMAX error: 'volume'
2026-07-21 03:27:51,344 - [ERROR] - [GOLD] Strategy VOLUME_CLIMAX error: 'volume'
2026-07-21 03:27:52,780 - [ERROR] - [GOLD] Strategy VOLUME_CLIMAX error: 'volume'
2026-07-21 03:27:54,212 - [ERROR] - [GOLD] Strategy VOLUME_CLIMAX error: 'volume'
2026-07-21 03:27:55,616 - [ERROR] - [GOLD] Strategy VOLUME_CLIMAX error: 'volume'
2026-07-21 03:27:57,066 - [ERROR] - [GOLD] Strategy VOLUME_CLIMAX error: 'volume'
2026-07-21 03:27:58,500 - [ERROR] - [GOLD] Strategy VOLUME_CLIMAX error: 'volume'
2026-07-21 03:27:59,976 - [ERROR] - [GOLD] Strategy VOLUME_CLIMAX error: 'volume'
2026-07-21 03:28:01,468 - [ERROR] - [GOLD] Strategy VOLUME_CLIMAX error: 'volume'
2026-07-21 03:28:02,004 - [WARNING] - [USDJPY] \U0001f6a8 Spread Protection: Live Spread (93) > Max Allowable (40). Trade Aborted.
2026-07-21 03:28:02,943 - [ERROR] - [GOLD] Strategy VOLUME_CLIMAX error: 'volume'
2026-07-21 03:28:04,395 - [ERROR] - [GOLD] Strategy VOLUME_CLIMAX error: 'volume'
2026-07-21 03:28:05,857 - [ERROR] - [GOLD] Strategy VOLUME_CLIMAX error: 'volume'
2026-07-21 03:28:07,331 - [ERROR] - [GOLD] Strategy VOLUME_CLIMAX error: 'volume'
2026-07-21 03:28:08,813 - [ERROR] - [GOLD] Strategy VOLUME_CLIMAX error: 'volume'
2026-07-21 03:28:10,303 - [ERROR] - [GOLD] Strategy VOLUME_CLIMAX error: 'volume'
2026-07-21 03:28:11,764 - [ERROR] - [GOLD] Strategy VOLUME_CLIMAX error: 'volume'
2026-07-21 03:28:13,257 - [ERROR] - [GOLD] Strategy VOLUME_CLIMAX error: 'volume'
2026-07-21 03:28:14,402 - [WARNING] - [GBPUSD] \U0001f6a8 Spread Protection: Live Spread (107) > Max Allowable (40). Trade Aborted.
2026-07-21 03:28:14,732 - [ERROR] - [GOLD] Strategy VOLUME_CLIMAX error: 'volume'
2026-07-21 03:28:16,179 - [ERROR] - [GOLD] Strategy VOLUME_CLIMAX error: 'volume'
2026-07-21 03:28:17,626 - [ERROR] - [GOLD] Strategy VOLUME_CLIMAX error: 'volume'
2026-07-21 03:28:19,046 - [ERROR] - [GOLD] Strategy VOLUME_CLIMAX error: 'volume'
2026-07-21 03:28:20,506 - [ERROR] - [GOLD] Strategy VOLUME_CLIMAX error: 'volume'
2026-07-21 03:28:21,931 - [ERROR] - [GOLD] Strategy VOLUME_CLIMAX error: 'volume'
2026-07-21 03:28:23,365 - [ERROR] - [GOLD] Strategy VOLUME_CLIMAX error: 'volume'
2026-07-21 03:28:24,831 - [ERROR] - [GOLD] Strategy VOLUME_CLIMAX error: 'volume'
2026-07-21 03:28:26,226 - [ERROR] - [GOLD] Strategy VOLUME_CLIMAX error: 'volume'
2026-07-21 03:28:27,627 - [ERROR] - [GOLD] Strategy VOLUME_CLIMAX error: 'volume'
2026-07-21 03:28:29,028 - [ERROR] - [GOLD] Strategy VOLUME_CLIMAX error: 'volume'
2026-07-21 03:28:30,404 - [ERROR] - [GOLD] Strategy VOLUME_CLIMAX error: 'volume'
2026-07-21 03:28:31,852 - [ERROR] - [GOLD] Strategy VOLUME_CLIMAX error: 'volume'
2026-07-21 03:28:33,253 - [ERROR] - [GOLD] Strategy VOLUME_CLIMAX error: 'volume'
2026-07-21 03:28:34,643 - [ERROR] - [GOLD] Strategy VOLUME_CLIMAX error: 'volume'
2026-07-21 03:28:36,050 - [ERROR] - [GOLD] Strategy VOLUME_CLIMAX error: 'volume'
2026-07-21 03:28:37,408 - [ERROR] - [GOLD] Strategy VOLUME_CLIMAX error: 'volume'
2026-07-21 03:28:38,776 - [ERROR] - [GOLD] Strategy VOLUME_CLIMAX error: 'volume'
2026-07-21 03:28:40,133 - [ERROR] - [GOLD] Strategy VOLUME_CLIMAX error: 'volume'
2026-07-21 03:28:41,486 - [ERROR] - [GOLD] Strategy VOLUME_CLIMAX error: 'volume'
2026-07-21 03:28:42,846 - [ERROR] - [GOLD] Strategy VOLUME_CLIMAX error: 'volume'
2026-07-21 03:28:44,211 - [ERROR] - [GOLD] Strategy VOLUME_CLIMAX error: 'volume'
2026-07-21 03:28:45,572 - [ERROR] - [GOLD] Strategy VOLUME_CLIMAX error: 'volume'
2026-07-21 03:28:46,966 - [ERROR] - [GOLD] Strategy VOLUME_CLIMAX error: 'volume'
2026-07-21 03:28:48,324 - [ERROR] - [GOLD] Strategy VOLUME_CLIMAX error: 'volume'
2026-07-21 03:28:49,670 - [ERROR] - [GOLD] Strategy VOLUME_CLIMAX error: 'volume'
2026-07-21 03:28:51,025 - [ERROR] - [GOLD] Strategy VOLUME_CLIMAX error: 'volume'
2026-07-21 03:28:52,425 - [ERROR] - [GOLD] Strategy VOLUME_CLIMAX error: 'volume'
2026-07-21 03:28:53,858 - [ERROR] - [GOLD] Strategy VOLUME_CLIMAX error: 'volume'
2026-07-21 03:28:55,291 - [ERROR] - [GOLD] Strategy VOLUME_CLIMAX error: 'volume'
2026-07-21 03:28:56,669 - [ERROR] - [GOLD] Strategy VOLUME_CLIMAX error: 'volume'
2026-07-21 03:28:58,062 - [ERROR] - [GOLD] Strategy VOLUME_CLIMAX error: 'volume'
2026-07-21 03:28:59,448 - [ERROR] - [GOLD] Strategy VOLUME_CLIMAX error: 'volume'
2026-07-21 03:29:00,810 - [ERROR] - [GOLD] Strategy VOLUME_CLIMAX error: 'volume'
2026-07-21 03:29:02,213 - [ERROR] - [GOLD] Strategy VOLUME_CLIMAX error: 'volume'
2026-07-21 03:29:03,635 - [ERROR] - [GOLD] Strategy VOLUME_CLIMAX error: 'volume'
2026-07-21 03:29:05,067 - [ERROR] - [GOLD] Strategy VOLUME_CLIMAX error: 'volume'
2026-07-21 03:29:06,483 - [ERROR] - [GOLD] Strategy VOLUME_CLIMAX error: 'volume'
2026-07-21 03:29:07,874 - [ERROR] - [GOLD] Strategy VOLUME_CLIMAX error: 'volume'
2026-07-21 03:29:09,245 - [ERROR] - [GOLD] Strategy VOLUME_CLIMAX error: 'volume'
2026-07-21 03:29:10,622 - [ERROR] - [GOLD] Strategy VOLUME_CLIMAX error: 'volume'
2026-07-21 03:29:11,979 - [ERROR] - [GOLD] Strategy VOLUME_CLIMAX error: 'volume'
2026-07-21 03:29:13,341 - [ERROR] - [GOLD] Strategy VOLUME_CLIMAX error: 'volume'
2026-07-21 03:29:14,713 - [ERROR] - [GOLD] Strategy VOLUME_CLIMAX error: 'volume'
2026-07-21 03:29:16,082 - [ERROR] - [GOLD] Strategy VOLUME_CLIMAX error: 'volume'
2026-07-21 03:29:17,444 - [ERROR] - [GOLD] Strategy VOLUME_CLIMAX error: 'volume'
2026-07-21 03:29:18,837 - [ERROR] - [GOLD] Strategy VOLUME_CLIMAX error: 'volume'
2026-07-21 03:29:20,219 - [ERROR] - [GOLD] Strategy VOLUME_CLIMAX error: 'volume'
2026-07-21 03:29:21,579 - [ERROR] - [GOLD] Strategy VOLUME_CLIMAX error: 'volume'
2026-07-21 03:29:22,962 - [ERROR] - [GOLD] Strategy VOLUME_CLIMAX error: 'volume'
2026-07-21 03:29:24,338 - [ERROR] - [GOLD] Strategy VOLUME_CLIMAX error: 'volume'
2026-07-21 03:29:25,705 - [ERROR] - [GOLD] Strategy VOLUME_CLIMAX error: 'volume'
2026-07-21 03:29:27,110 - [ERROR] - [GOLD] Strategy VOLUME_CLIMAX error: 'volume'
2026-07-21 03:29:28,491 - [ERROR] - [GOLD] Strategy VOLUME_CLIMAX error: 'volume'
2026-07-21 03:29:29,853 - [ERROR] - [GOLD] Strategy VOLUME_CLIMAX error: 'volume'
2026-07-21 03:29:31,263 - [ERROR] - [GOLD] Strategy VOLUME_CLIMAX error: 'volume'
2026-07-21 03:29:32,705 - [ERROR] - [GOLD] Strategy VOLUME_CLIMAX error: 'volume'
2026-07-21 03:29:34,104 - [ERROR] - [GOLD] Strategy VOLUME_CLIMAX error: 'volume'
2026-07-21 03:29:35,506 - [ERROR] - [GOLD] Strategy VOLUME_CLIMAX error: 'volume'
2026-07-21 03:29:36,858 - [ERROR] - [GOLD] Strategy VOLUME_CLIMAX error: 'volume'
2026-07-21 03:29:38,211 - [ERROR] - [GOLD] Strategy VOLUME_CLIMAX error: 'volume'
2026-07-21 03:29:39,573 - [ERROR] - [GOLD] Strategy VOLUME_CLIMAX error: 'volume'
2026-07-21 03:29:40,917 - [ERROR] - [GOLD] Strategy VOLUME_CLIMAX error: 'volume'
2026-07-21 03:29:42,270 - [ERROR] - [GOLD] Strategy VOLUME_CLIMAX error: 'volume'
2026-07-21 03:29:43,632 - [ERROR] - [GOLD] Strategy VOLUME_CLIMAX error: 'volume'
2026-07-21 03:29:44,987 - [ERROR] - [GOLD] Strategy VOLUME_CLIMAX error: 'volume'
2026-07-21 03:29:46,341 - [ERROR] - [GOLD] Strategy VOLUME_CLIMAX error: 'volume'
2026-07-21 03:29:47,708 - [ERROR] - [GOLD] Strategy VOLUME_CLIMAX error: 'volume'
2026-07-21 03:29:49,056 - [ERROR] - [GOLD] Strategy VOLUME_CLIMAX error: 'volume'
2026-07-21 03:29:50,429 - [ERROR] - [GOLD] Strategy VOLUME_CLIMAX error: 'volume'
2026-07-21 03:29:51,794 - [ERROR] - [GOLD] Strategy VOLUME_CLIMAX error: 'volume'
2026-07-21 03:29:53,139 - [ERROR] - [GOLD] Strategy VOLUME_CLIMAX error: 'volume'
2026-07-21 03:29:54,495 - [ERROR] - [GOLD] Strategy VOLUME_CLIMAX error: 'volume'
2026-07-21 03:29:55,861 - [ERROR] - [GOLD] Strategy VOLUME_CLIMAX error: 'volume'
2026-07-21 03:29:57,215 - [ERROR] - [GOLD] Strategy VOLUME_CLIMAX error: 'volume'
2026-07-21 03:29:58,574 - [ERROR] - [GOLD] Strategy VOLUME_CLIMAX error: 'volume'
2026-07-21 03:29:59,960 - [ERROR] - [GOLD] Strategy VOLUME_CLIMAX error: 'volume'
2026-07-21 03:30:01,733 - [ERROR] - [GOLD] Strategy VOLUME_CLIMAX error: 'volume'
2026-07-21 03:30:03,936 - [ERROR] - [GOLD] Strategy VOLUME_CLIMAX error: 'volume'
2026-07-21 03:30:05,862 - [WARNING] - [USDJPY] \U0001f6a8 Spread Protection: Live Spread (65) > Max Allowable (40). Trade Aborted.
2026-07-21 03:30:05,952 - [ERROR] - [GOLD] Strategy VOLUME_CLIMAX error: 'volume'
2026-07-21 03:30:07,341 - [ERROR] - [GOLD] Strategy VOLUME_CLIMAX error: 'volume'
2026-07-21 03:30:08,694 - [ERROR] - [GOLD] Strategy VOLUME_CLIMAX error: 'volume'
2026-07-21 03:30:10,040 - [ERROR] - [GOLD] Strategy VOLUME_CLIMAX error: 'volume'
2026-07-21 03:30:11,401 - [ERROR] - [GOLD] Strategy VOLUME_CLIMAX error: 'volume'
2026-07-21 03:30:12,745 - [ERROR] - [GOLD] Strategy VOLUME_CLIMAX error: 'volume'
2026-07-21 03:30:14,097 - [ERROR] - [GOLD] Strategy VOLUME_CLIMAX error: 'volume'
2026-07-21 03:30:15,534 - [ERROR] - [GOLD] Strategy VOLUME_CLIMAX error: 'volume'
2026-07-21 03:30:17,242 - [ERROR] - [GOLD] Strategy VOLUME_CLIMAX error: 'volume'
2026-07-21 03:30:18,936 - [ERROR] - [GOLD] Strategy VOLUME_CLIMAX error: 'volume'
2026-07-21 03:30:20,757 - [ERROR] - [GOLD] Strategy VOLUME_CLIMAX error: 'volume'
2026-07-21 03:30:22,395 - [ERROR] - [GOLD] Strategy VOLUME_CLIMAX error: 'volume'
2026-07-21 03:30:23,741 - [ERROR] - [GOLD] Strategy VOLUME_CLIMAX error: 'volume'
2026-07-21 03:30:24,235 - [INFO] - [BTCUSD] Trade in Golden Hour (22 UTC). Targeting 3.0 R:R.
2026-07-21 03:30:24,243 - [ERROR] - [BTCUSD] ML Inference Error: cannot access local variable 'pd' where it is not associated with a value. Proceeding without ML.
2026-07-21 03:30:24,246 - [INFO] - [BTCUSD] Anti-Martingale: 2 Losses in a row! Halving risk to 0.50%
2026-07-21 03:30:24,463 - [INFO] - [BTCUSD] SUCCESS - Opened BUY | Strat: INSTITUTIONAL_SUPPORT | Lot: 0.13 | SL: 65137.34285714285
2026-07-21 03:30:25,302 - [ERROR] - [GOLD] Strategy VOLUME_CLIMAX error: 'volume'
2026-07-21 03:30:26,973 - [ERROR] - [GOLD] Strategy VOLUME_CLIMAX error: 'volume'
2026-07-21 03:30:28,738 - [ERROR] - [GOLD] Strategy VOLUME_CLIMAX error: 'volume'
2026-07-21 03:30:30,498 - [ERROR] - [GOLD] Strategy VOLUME_CLIMAX error: 'volume'
2026-07-21 03:30:32,134 - [ERROR] - [GOLD] Strategy VOLUME_CLIMAX error: 'volume'
2026-07-21 03:30:33,706 - [ERROR] - [GOLD] Strategy VOLUME_CLIMAX error: 'volume'
2026-07-21 03:30:35,241 - [ERROR] - [GOLD] Strategy VOLUME_CLIMAX error: 'volume'
2026-07-21 03:30:36,774 - [ERROR] - [GOLD] Strategy VOLUME_CLIMAX error: 'volume'
2026-07-21 03:30:38,344 - [ERROR] - [GOLD] Strategy VOLUME_CLIMAX error: 'volume'
2026-07-21 03:30:39,847 - [ERROR] - [GOLD] Strategy VOLUME_CLIMAX error: 'volume'
2026-07-21 03:30:41,243 - [ERROR] - [GOLD] Strategy VOLUME_CLIMAX error: 'volume'
2026-07-21 03:30:42,677 - [ERROR] - [GOLD] Strategy VOLUME_CLIMAX error: 'volume'
2026-07-21 03:30:44,028 - [ERROR] - [GOLD] Strategy VOLUME_CLIMAX error: 'volume'
2026-07-21 03:30:45,388 - [ERROR] - [GOLD] Strategy VOLUME_CLIMAX error: 'volume'
2026-07-21 03:30:46,743 - [ERROR] - [GOLD] Strategy VOLUME_CLIMAX error: 'volume'
2026-07-21 03:30:48,117 - [ERROR] - [GOLD] Strategy VOLUME_CLIMAX error: 'volume'
2026-07-21 03:30:49,476 - [ERROR] - [GOLD] Strategy VOLUME_CLIMAX error: 'volume'
2026-07-21 03:30:50,898 - [ERROR] - [GOLD] Strategy VOLUME_CLIMAX error: 'volume'
2026-07-21 03:30:52,271 - [ERROR] - [GOLD] Strategy VOLUME_CLIMAX error: 'volume'
2026-07-21 03:30:53,624 - [ERROR] - [GOLD] Strategy VOLUME_CLIMAX error: 'volume'
2026-07-21 03:30:55,108 - [ERROR] - [GOLD] Strategy VOLUME_CLIMAX error: 'volume'
2026-07-21 03:30:56,499 - [ERROR] - [GOLD] Strategy VOLUME_CLIMAX error: 'volume'
2026-07-21 03:30:57,866 - [ERROR] - [GOLD] Strategy VOLUME_CLIMAX error: 'volume'
2026-07-21 03:30:59,218 - [ERROR] - [GOLD] Strategy VOLUME_CLIMAX error: 'volume'
2026-07-21 03:31:00,566 - [ERROR] - [GOLD] Strategy VOLUME_CLIMAX error: 'volume'
2026-07-21 03:31:01,927 - [ERROR] - [GOLD] Strategy VOLUME_CLIMAX error: 'volume'
2026-07-21 03:31:03,286 - [ERROR] - [GOLD] Strategy VOLUME_CLIMAX error: 'volume'
2026-07-21 03:31:04,644 - [ERROR] - [GOLD] Strategy VOLUME_CLIMAX error: 'volume'
2026-07-21 03:31:06,014 - [ERROR] - [GOLD] Strategy VOLUME_CLIMAX error: 'volume'
2026-07-21 03:31:07,383 - [ERROR] - [GOLD] Strategy VOLUME_CLIMAX error: 'volume'
2026-07-21 03:31:08,737 - [ERROR] - [GOLD] Strategy VOLUME_CLIMAX error: 'volume'
2026-07-21 03:31:10,112 - [ERROR] - [GOLD] Strategy VOLUME_CLIMAX error: 'volume'
2026-07-21 03:31:11,471 - [ERROR] - [GOLD] Strategy VOLUME_CLIMAX error: 'volume'
2026-07-21 03:31:12,827 - [ERROR] - [GOLD] Strategy VOLUME_CLIMAX error: 'volume'
2026-07-21 03:31:14,193 - [ERROR] - [GOLD] Strategy VOLUME_CLIMAX error: 'volume'
2026-07-21 03:31:15,546 - [ERROR] - [GOLD] Strategy VOLUME_CLIMAX error: 'volume'
2026-07-21 03:31:16,905 - [ERROR] - [GOLD] Strategy VOLUME_CLIMAX error: 'volume'
2026-07-21 03:31:17,932 - [INFO] - [ETHUSD] Trade outside Golden Hour (22 UTC). Targeting reduced 2.0 R:R.
2026-07-21 03:31:17,954 - [ERROR] - [ETHUSD] ML Inference Error: cannot access local variable 'pd' where it is not associated with a value. Proceeding without ML.
2026-07-21 03:31:17,959 - [INFO] - [ETHUSD] Anti-Martingale: 2 Losses in a row! Halving risk to 0.50%
2026-07-21 03:31:17,963 - [WARNING] - [ETHUSD] [RISK_CAP] Lot size 3.39 capped to 0.5 for safety.
2026-07-21 03:31:17,967 - [WARNING] - [ETHUSD] Retcode 10016 (Invalid Stops). Retrying with widened safety stops...
2026-07-21 03:31:18,187 - [INFO] - [ETHUSD] SUCCESS - Opened BUY | Strat: INSTITUTIONAL_SUPPORT | Lot: 0.5 | SL: 1897.4571428571428
2026-07-21 03:31:18,431 - [ERROR] - [GOLD] Strategy VOLUME_CLIMAX error: 'volume'
2026-07-21 03:31:20,386 - [ERROR] - [GOLD] Strategy VOLUME_CLIMAX error: 'volume'
2026-07-21 03:31:22,039 - [ERROR] - [GOLD] Strategy VOLUME_CLIMAX error: 'volume'
2026-07-21 03:31:23,802 - [ERROR] - [GOLD] Strategy VOLUME_CLIMAX error: 'volume'
2026-07-21 03:31:25,540 - [ERROR] - [GOLD] Strategy VOLUME_CLIMAX error: 'volume'
2026-07-21 03:31:27,225 - [ERROR] - [GOLD] Strategy VOLUME_CLIMAX error: 'volume'
2026-07-21 03:31:28,585 - [ERROR] - [GOLD] Strategy VOLUME_CLIMAX error: 'volume'
2026-07-21 03:31:29,934 - [ERROR] - [GOLD] Strategy VOLUME_CLIMAX error: 'volume'
2026-07-21 03:31:31,433 - [ERROR] - [GOLD] Strategy VOLUME_CLIMAX error: 'volume'
2026-07-21 03:31:32,998 - [ERROR] - [GOLD] Strategy VOLUME_CLIMAX error: 'volume'
2026-07-21 03:31:34,488 - [ERROR] - [GOLD] Strategy VOLUME_CLIMAX error: 'volume'
2026-07-21 03:31:35,926 - [ERROR] - [GOLD] Strategy VOLUME_CLIMAX error: 'volume'
2026-07-21 03:31:37,322 - [ERROR] - [GOLD] Strategy VOLUME_CLIMAX error: 'volume'
2026-07-21 03:31:38,688 - [ERROR] - [GOLD] Strategy VOLUME_CLIMAX error: 'volume'
2026-07-21 03:31:40,058 - [ERROR] - [GOLD] Strategy VOLUME_CLIMAX error: 'volume'
2026-07-21 03:31:41,419 - [ERROR] - [GOLD] Strategy VOLUME_CLIMAX error: 'volume'
2026-07-21 03:31:42,768 - [ERROR] - [GOLD] Strategy VOLUME_CLIMAX error: 'volume'
2026-07-21 03:31:44,128 - [ERROR] - [GOLD] Strategy VOLUME_CLIMAX error: 'volume'
2026-07-21 03:31:45,492 - [ERROR] - [GOLD] Strategy VOLUME_CLIMAX error: 'volume'
2026-07-21 03:31:46,852 - [ERROR] - [GOLD] Strategy VOLUME_CLIMAX error: 'volume'
2026-07-21 03:31:48,205 - [ERROR] - [GOLD] Strategy VOLUME_CLIMAX error: 'volume'
2026-07-21 03:31:49,549 - [ERROR] - [GOLD] Strategy VOLUME_CLIMAX error: 'volume'
2026-07-21 03:31:50,905 - [ERROR] - [GOLD] Strategy VOLUME_CLIMAX error: 'volume'
2026-07-21 03:31:52,257 - [ERROR] - [GOLD] Strategy VOLUME_CLIMAX error: 'volume'
2026-07-21 03:31:53,601 - [ERROR] - [GOLD] Strategy VOLUME_CLIMAX error: 'volume'
2026-07-21 03:31:54,947 - [ERROR] - [GOLD] Strategy VOLUME_CLIMAX error: 'volume'
2026-07-21 03:31:56,306 - [ERROR] - [GOLD] Strategy VOLUME_CLIMAX error: 'volume'
2026-07-21 03:31:57,647 - [ERROR] - [GOLD] Strategy VOLUME_CLIMAX error: 'volume'
2026-07-21 03:31:58,988 - [ERROR] - [GOLD] Strategy VOLUME_CLIMAX error: 'volume'
2026-07-21 03:32:00,336 - [ERROR] - [GOLD] Strategy VOLUME_CLIMAX error: 'volume'
2026-07-21 03:32:01,694 - [ERROR] - [GOLD] Strategy VOLUME_CLIMAX error: 'volume'
2026-07-21 03:32:03,039 - [ERROR] - [GOLD] Strategy VOLUME_CLIMAX error: 'volume'
2026-07-21 03:32:04,381 - [ERROR] - [GOLD] Strategy VOLUME_CLIMAX error: 'volume'
2026-07-21 03:32:05,741 - [ERROR] - [GOLD] Strategy VOLUME_CLIMAX error: 'volume'
2026-07-21 03:32:07,275 - [ERROR] - [GOLD] Strategy VOLUME_CLIMAX error: 'volume'
2026-07-21 03:32:09,101 - [ERROR] - [GOLD] Strategy VOLUME_CLIMAX error: 'volume'
2026-07-21 03:32:10,816 - [ERROR] - [GOLD] Strategy VOLUME_CLIMAX error: 'volume'
2026-07-21 03:32:12,611 - [ERROR] - [GOLD] Strategy VOLUME_CLIMAX error: 'volume'
2026-07-21 03:32:14,221 - [ERROR] - [GOLD] Strategy VOLUME_CLIMAX error: 'volume'
2026-07-21 03:32:15,995 - [ERROR] - [GOLD] Strategy VOLUME_CLIMAX error: 'volume'
2026-07-21 03:32:18,244 - [ERROR] - [GOLD] Strategy VOLUME_CLIMAX error: 'volume'
2026-07-21 03:32:20,444 - [ERROR] - [GOLD] Strategy VOLUME_CLIMAX error: 'volume'
2026-07-21 03:32:22,496 - [ERROR] - [GOLD] Strategy VOLUME_CLIMAX error: 'volume'
2026-07-21 03:32:24,488 - [ERROR] - [GOLD] Strategy VOLUME_CLIMAX error: 'volume'
2026-07-21 03:32:26,194 - [ERROR] - [GOLD] Strategy VOLUME_CLIMAX error: 'volume'
2026-07-21 03:32:27,657 - [ERROR] - [GOLD] Strategy VOLUME_CLIMAX error: 'volume'
2026-07-21 03:32:29,193 - [ERROR] - [GOLD] Strategy VOLUME_CLIMAX error: 'volume'
2026-07-21 03:32:30,868 - [ERROR] - [GOLD] Strategy VOLUME_CLIMAX error: 'volume'
2026-07-21 03:32:32,507 - [ERROR] - [GOLD] Strategy VOLUME_CLIMAX error: 'volume'
2026-07-21 03:32:34,081 - [ERROR] - [GOLD] Strategy VOLUME_CLIMAX error: 'volume'
2026-07-21 03:32:35,590 - [ERROR] - [GOLD] Strategy VOLUME_CLIMAX error: 'volume'
2026-07-21 03:32:37,129 - [ERROR] - [GOLD] Strategy VOLUME_CLIMAX error: 'volume'
2026-07-21 03:32:38,640 - [ERROR] - [GOLD] Strategy VOLUME_CLIMAX error: 'volume'
2026-07-21 03:32:40,101 - [ERROR] - [GOLD] Strategy VOLUME_CLIMAX error: 'volume'
2026-07-21 03:32:41,603 - [ERROR] - [GOLD] Strategy VOLUME_CLIMAX error: 'volume'
2026-07-21 03:32:43,250 - [ERROR] - [GOLD] Strategy VOLUME_CLIMAX error: 'volume'
2026-07-21 03:32:44,820 - [ERROR] - [GOLD] Strategy VOLUME_CLIMAX error: 'volume'
2026-07-21 03:32:46,239 - [ERROR] - [GOLD] Strategy VOLUME_CLIMAX error: 'volume'
2026-07-21 03:32:47,783 - [ERROR] - [GOLD] Strategy VOLUME_CLIMAX error: 'volume'
2026-07-21 03:32:49,310 - [ERROR] - [GOLD] Strategy VOLUME_CLIMAX error: 'volume'
2026-07-21 03:32:50,841 - [ERROR] - [GOLD] Strategy VOLUME_CLIMAX error: 'volume'
2026-07-21 03:32:52,280 - [ERROR] - [GOLD] Strategy VOLUME_CLIMAX error: 'volume'
2026-07-21 03:32:53,779 - [ERROR] - [GOLD] Strategy VOLUME_CLIMAX error: 'volume'
2026-07-21 03:32:55,293 - [ERROR] - [GOLD] Strategy VOLUME_CLIMAX error: 'volume'
2026-07-21 03:32:56,796 - [ERROR] - [GOLD] Strategy VOLUME_CLIMAX error: 'volume'
2026-07-21 03:32:58,299 - [ERROR] - [GOLD] Strategy VOLUME_CLIMAX error: 'volume'
2026-07-21 03:32:59,736 - [ERROR] - [GOLD] Strategy VOLUME_CLIMAX error: 'volume'
2026-07-21 03:33:01,222 - [ERROR] - [GOLD] Strategy VOLUME_CLIMAX error: 'volume'
2026-07-21 03:33:02,701 - [ERROR] - [GOLD] Strategy VOLUME_CLIMAX error: 'volume'
2026-07-21 03:33:04,174 - [ERROR] - [GOLD] Strategy VOLUME_CLIMAX error: 'volume'
2026-07-21 03:33:05,623 - [ERROR] - [GOLD] Strategy VOLUME_CLIMAX error: 'volume'
2026-07-21 03:33:07,070 - [ERROR] - [GOLD] Strategy VOLUME_CLIMAX error: 'volume'
2026-07-21 03:33:08,501 - [ERROR] - [GOLD] Strategy VOLUME_CLIMAX error: 'volume'
2026-07-21 03:33:09,934 - [ERROR] - [GOLD] Strategy VOLUME_CLIMAX error: 'volume'
2026-07-21 03:33:11,332 - [ERROR] - [GOLD] Strategy VOLUME_CLIMAX error: 'volume'
2026-07-21 03:33:12,737 - [ERROR] - [GOLD] Strategy VOLUME_CLIMAX error: 'volume'
2026-07-21 03:33:14,229 - [ERROR] - [GOLD] Strategy VOLUME_CLIMAX error: 'volume'
2026-07-21 03:33:15,710 - [ERROR] - [GOLD] Strategy VOLUME_CLIMAX error: 'volume'
2026-07-21 03:33:17,148 - [ERROR] - [GOLD] Strategy VOLUME_CLIMAX error: 'volume'
2026-07-21 03:33:18,619 - [ERROR] - [GOLD] Strategy VOLUME_CLIMAX error: 'volume'
2026-07-21 03:33:20,201 - [ERROR] - [GOLD] Strategy VOLUME_CLIMAX error: 'volume'
2026-07-21 03:33:20,822 - [WARNING] - [USDJPY] \U0001f6a8 Spread Protection: Live Spread (44) > Max Allowable (40). Trade Aborted.
2026-07-21 03:33:21,700 - [ERROR] - [GOLD] Strategy VOLUME_CLIMAX error: 'volume'
2026-07-21 03:33:23,187 - [ERROR] - [GOLD] Strategy VOLUME_CLIMAX error: 'volume'
2026-07-21 03:33:24,623 - [ERROR] - [GOLD] Strategy VOLUME_CLIMAX error: 'volume'
2026-07-21 03:33:26,024 - [ERROR] - [GOLD] Strategy VOLUME_CLIMAX error: 'volume'
2026-07-21 03:33:27,370 - [ERROR] - [GOLD] Strategy VOLUME_CLIMAX error: 'volume'
2026-07-21 03:33:28,713 - [ERROR] - [GOLD] Strategy VOLUME_CLIMAX error: 'volume'
2026-07-21 03:33:30,063 - [ERROR] - [GOLD] Strategy VOLUME_CLIMAX error: 'volume'
2026-07-21 03:33:31,409 - [ERROR] - [GOLD] Strategy VOLUME_CLIMAX error: 'volume'
2026-07-21 03:33:32,746 - [ERROR] - [GOLD] Strategy VOLUME_CLIMAX error: 'volume'
2026-07-21 03:33:34,090 - [ERROR] - [GOLD] Strategy VOLUME_CLIMAX error: 'volume'
2026-07-21 03:33:35,443 - [ERROR] - [GOLD] Strategy VOLUME_CLIMAX error: 'volume'
2026-07-21 03:33:36,794 - [ERROR] - [GOLD] Strategy VOLUME_CLIMAX error: 'volume'
2026-07-21 03:33:38,136 - [ERROR] - [GOLD] Strategy VOLUME_CLIMAX error: 'volume'
2026-07-21 03:33:39,492 - [ERROR] - [GOLD] Strategy VOLUME_CLIMAX error: 'volume'
2026-07-21 03:33:40,836 - [ERROR] - [GOLD] Strategy VOLUME_CLIMAX error: 'volume'
2026-07-21 03:33:42,186 - [ERROR] - [GOLD] Strategy VOLUME_CLIMAX error: 'volume'
2026-07-21 03:33:43,588 - [ERROR] - [GOLD] Strategy VOLUME_CLIMAX error: 'volume'
2026-07-21 03:33:44,968 - [ERROR] - [GOLD] Strategy VOLUME_CLIMAX error: 'volume'
2026-07-21 03:33:46,327 - [ERROR] - [GOLD] Strategy VOLUME_CLIMAX error: 'volume'
2026-07-21 03:33:47,677 - [ERROR] - [GOLD] Strategy VOLUME_CLIMAX error: 'volume'
2026-07-21 03:33:49,019 - [ERROR] - [GOLD] Strategy VOLUME_CLIMAX error: 'volume'
2026-07-21 03:33:50,360 - [ERROR] - [GOLD] Strategy VOLUME_CLIMAX error: 'volume'
2026-07-21 03:33:51,718 - [ERROR] - [GOLD] Strategy VOLUME_CLIMAX error: 'volume'
2026-07-21 03:33:53,058 - [ERROR] - [GOLD] Strategy VOLUME_CLIMAX error: 'volume'
2026-07-21 03:33:54,395 - [ERROR] - [GOLD] Strategy VOLUME_CLIMAX error: 'volume'
2026-07-21 03:33:55,749 - [ERROR] - [GOLD] Strategy VOLUME_CLIMAX error: 'volume'
2026-07-21 03:33:57,093 - [ERROR] - [GOLD] Strategy VOLUME_CLIMAX error: 'volume'
2026-07-21 03:33:58,434 - [ERROR] - [GOLD] Strategy VOLUME_CLIMAX error: 'volume'
2026-07-21 03:33:59,786 - [ERROR] - [GOLD] Strategy VOLUME_CLIMAX error: 'volume'
2026-07-21 03:34:01,142 - [ERROR] - [GOLD] Strategy VOLUME_CLIMAX error: 'volume'
2026-07-21 03:34:02,583 - [ERROR] - [GOLD] Strategy VOLUME_CLIMAX error: 'volume'
2026-07-21 03:34:03,997 - [ERROR] - [GOLD] Strategy VOLUME_CLIMAX error: 'volume'
2026-07-21 03:34:05,381 - [ERROR] - [GOLD] Strategy VOLUME_CLIMAX error: 'volume'
2026-07-21 03:34:06,741 - [ERROR] - [GOLD] Strategy VOLUME_CLIMAX error: 'volume'
2026-07-21 03:34:08,090 - [ERROR] - [GOLD] Strategy VOLUME_CLIMAX error: 'volume'
2026-07-21 03:34:09,430 - [ERROR] - [GOLD] Strategy VOLUME_CLIMAX error: 'volume'
2026-07-21 03:34:10,775 - [ERROR] - [GOLD] Strategy VOLUME_CLIMAX error: 'volume'
2026-07-21 03:34:12,126 - [ERROR] - [GOLD] Strategy VOLUME_CLIMAX error: 'volume'
2026-07-21 03:34:13,469 - [ERROR] - [GOLD] Strategy VOLUME_CLIMAX error: 'volume'
2026-07-21 03:34:14,810 - [ERROR] - [GOLD] Strategy VOLUME_CLIMAX error: 'volume'
2026-07-21 03:34:16,156 - [ERROR] - [GOLD] Strategy VOLUME_CLIMAX error: 'volume'
2026-07-21 03:34:17,506 - [ERROR] - [GOLD] Strategy VOLUME_CLIMAX error: 'volume'
2026-07-21 03:34:18,848 - [ERROR] - [GOLD] Strategy VOLUME_CLIMAX error: 'volume'
2026-07-21 03:34:20,188 - [ERROR] - [GOLD] Strategy VOLUME_CLIMAX error: 'volume'
2026-07-21 03:34:21,535 - [ERROR] - [GOLD] Strategy VOLUME_CLIMAX error: 'volume'
2026-07-21 03:34:22,886 - [ERROR] - [GOLD] Strategy VOLUME_CLIMAX error: 'volume'
2026-07-21 03:34:24,226 - [ERROR] - [GOLD] Strategy VOLUME_CLIMAX error: 'volume'
2026-07-21 03:34:25,584 - [ERROR] - [GOLD] Strategy VOLUME_CLIMAX error: 'volume'
2026-07-21 03:34:26,931 - [ERROR] - [GOLD] Strategy VOLUME_CLIMAX error: 'volume'
2026-07-21 03:34:28,277 - [ERROR] - [GOLD] Strategy VOLUME_CLIMAX error: 'volume'
2026-07-21 03:34:29,624 - [ERROR] - [GOLD] Strategy VOLUME_CLIMAX error: 'volume'
2026-07-21 03:34:30,979 - [ERROR] - [GOLD] Strategy VOLUME_CLIMAX error: 'volume'
2026-07-21 03:34:32,323 - [ERROR] - [GOLD] Strategy VOLUME_CLIMAX error: 'volume'
2026-07-21 03:34:33,670 - [ERROR] - [GOLD] Strategy VOLUME_CLIMAX error: 'volume'
2026-07-21 03:34:35,009 - [ERROR] - [GOLD] Strategy VOLUME_CLIMAX error: 'volume'
2026-07-21 03:34:36,379 - [ERROR] - [GOLD] Strategy VOLUME_CLIMAX error: 'volume'
2026-07-21 03:34:37,719 - [ERROR] - [GOLD] Strategy VOLUME_CLIMAX error: 'volume'
2026-07-21 03:34:39,085 - [ERROR] - [GOLD] Strategy VOLUME_CLIMAX error: 'volume'
2026-07-21 03:34:40,427 - [ERROR] - [GOLD] Strategy VOLUME_CLIMAX error: 'volume'
2026-07-21 03:34:41,777 - [ERROR] - [GOLD] Strategy VOLUME_CLIMAX error: 'volume'
2026-07-21 03:34:43,133 - [ERROR] - [GOLD] Strategy VOLUME_CLIMAX error: 'volume'
2026-07-21 03:34:44,510 - [ERROR] - [GOLD] Strategy VOLUME_CLIMAX error: 'volume'
2026-07-21 03:34:45,874 - [ERROR] - [GOLD] Strategy VOLUME_CLIMAX error: 'volume'
2026-07-21 03:34:47,205 - [WARNING] - [GOLD] \U0001f6a8 Spread Protection: Live Spread (70) > Max Allowable (40). Trade Aborted.
2026-07-21 03:35:26,357 - [INFO] - [BTCUSD] Trade in Golden Hour (22 UTC). Targeting 3.0 R:R.
2026-07-21 03:35:26,377 - [ERROR] - [BTCUSD] ML Inference Error: cannot access local variable 'pd' where it is not associated with a value. Proceeding without ML.
2026-07-21 03:35:26,383 - [INFO] - [BTCUSD] Anti-Martingale: 2 Losses in a row! Halving risk to 0.50%
2026-07-21 03:35:26,601 - [INFO] - [BTCUSD] SUCCESS - Opened BUY | Strat: INSTITUTIONAL_SUPPORT | Lot: 0.13 | SL: 65061.11428571429
2026-07-21 03:36:48,216 - [ERROR] - [GOLD] Strategy VOLUME_CLIMAX error: 'volume'
2026-07-21 03:36:49,587 - [ERROR] - [GOLD] Strategy VOLUME_CLIMAX error: 'volume'
2026-07-21 03:36:51,009 - [ERROR] - [GOLD] Strategy VOLUME_CLIMAX error: 'volume'
2026-07-21 03:36:52,418 - [ERROR] - [GOLD] Strategy VOLUME_CLIMAX error: 'volume'
2026-07-21 03:36:53,822 - [ERROR] - [GOLD] Strategy VOLUME_CLIMAX error: 'volume'
2026-07-21 03:36:55,394 - [ERROR] - [GOLD] Strategy VOLUME_CLIMAX error: 'volume'
2026-07-21 03:36:56,986 - [ERROR] - [GOLD] Strategy VOLUME_CLIMAX error: 'volume'
2026-07-21 03:36:58,802 - [ERROR] - [GOLD] Strategy VOLUME_CLIMAX error: 'volume'
2026-07-21 03:37:00,460 - [ERROR] - [GOLD] Strategy VOLUME_CLIMAX error: 'volume'
2026-07-21 03:37:01,933 - [ERROR] - [GOLD] Strategy VOLUME_CLIMAX error: 'volume'
2026-07-21 03:37:03,540 - [ERROR] - [GOLD] Strategy VOLUME_CLIMAX error: 'volume'
2026-07-21 03:37:05,169 - [ERROR] - [GOLD] Strategy VOLUME_CLIMAX error: 'volume'
2026-07-21 03:37:07,157 - [ERROR] - [GOLD] Strategy VOLUME_CLIMAX error: 'volume'
2026-07-21 03:37:09,174 - [ERROR] - [GOLD] Strategy VOLUME_CLIMAX error: 'volume'
2026-07-21 03:37:10,986 - [ERROR] - [GOLD] Strategy VOLUME_CLIMAX error: 'volume'
2026-07-21 03:37:12,554 - [ERROR] - [GOLD] Strategy VOLUME_CLIMAX error: 'volume'
2026-07-21 03:37:14,317 - [ERROR] - [GOLD] Strategy VOLUME_CLIMAX error: 'volume'
2026-07-21 03:37:16,201 - [ERROR] - [GOLD] Strategy VOLUME_CLIMAX error: 'volume'
2026-07-21 03:37:18,125 - [ERROR] - [GOLD] Strategy VOLUME_CLIMAX error: 'volume'
2026-07-21 03:37:20,170 - [ERROR] - [GOLD] Strategy VOLUME_CLIMAX error: 'volume'
2026-07-21 03:37:22,466 - [ERROR] - [GOLD] Strategy VOLUME_CLIMAX error: 'volume'
2026-07-21 03:37:24,580 - [ERROR] - [GOLD] Strategy VOLUME_CLIMAX error: 'volume'
2026-07-21 03:37:26,467 - [ERROR] - [GOLD] Strategy VOLUME_CLIMAX error: 'volume'
2026-07-21 03:37:27,967 - [ERROR] - [GOLD] Strategy VOLUME_CLIMAX error: 'volume'
2026-07-21 03:37:29,553 - [ERROR] - [GOLD] Strategy VOLUME_CLIMAX error: 'volume'
2026-07-21 03:37:31,416 - [ERROR] - [GOLD] Strategy VOLUME_CLIMAX error: 'volume'
2026-07-21 03:37:33,388 - [ERROR] - [GOLD] Strategy VOLUME_CLIMAX error: 'volume'
2026-07-21 03:37:35,675 - [ERROR] - [GOLD] Strategy VOLUME_CLIMAX error: 'volume'
2026-07-21 03:37:37,680 - [ERROR] - [GOLD] Strategy VOLUME_CLIMAX error: 'volume'
2026-07-21 03:37:39,441 - [ERROR] - [GOLD] Strategy VOLUME_CLIMAX error: 'volume'
2026-07-21 03:37:41,026 - [ERROR] - [GOLD] Strategy VOLUME_CLIMAX error: 'volume'
2026-07-21 03:37:42,703 - [ERROR] - [GOLD] Strategy VOLUME_CLIMAX error: 'volume'
2026-07-21 03:37:44,545 - [ERROR] - [GOLD] Strategy VOLUME_CLIMAX error: 'volume'
2026-07-21 03:37:46,338 - [ERROR] - [GOLD] Strategy VOLUME_CLIMAX error: 'volume'
2026-07-21 03:37:48,020 - [ERROR] - [GOLD] Strategy VOLUME_CLIMAX error: 'volume'
2026-07-21 03:37:49,482 - [ERROR] - [GOLD] Strategy VOLUME_CLIMAX error: 'volume'
2026-07-21 03:37:51,040 - [ERROR] - [GOLD] Strategy VOLUME_CLIMAX error: 'volume'
2026-07-21 03:37:52,658 - [ERROR] - [GOLD] Strategy VOLUME_CLIMAX error: 'volume'
2026-07-21 03:37:54,334 - [ERROR] - [GOLD] Strategy VOLUME_CLIMAX error: 'volume'
2026-07-21 03:37:55,819 - [ERROR] - [GOLD] Strategy VOLUME_CLIMAX error: 'volume'
2026-07-21 03:37:57,377 - [ERROR] - [GOLD] Strategy VOLUME_CLIMAX error: 'volume'
2026-07-21 03:37:58,970 - [ERROR] - [GOLD] Strategy VOLUME_CLIMAX error: 'volume'
2026-07-21 03:38:00,575 - [ERROR] - [GOLD] Strategy VOLUME_CLIMAX error: 'volume'
2026-07-21 03:38:01,378 - [INFO] - [USDJPY] Trade in Golden Hour (22 UTC). Targeting 3.0 R:R.
2026-07-21 03:38:01,396 - [ERROR] - [USDJPY] ML Inference Error: cannot access local variable 'pd' where it is not associated with a value. Proceeding without ML.
2026-07-21 03:38:01,404 - [INFO] - [USDJPY] Anti-Martingale: 2 Losses in a row! Halving risk to 0.50%
2026-07-21 03:38:01,623 - [INFO] - [USDJPY] SUCCESS - Opened SELL | Strat: ZERO_HERO | Lot: 0.25 | SL: 162.567
2026-07-21 03:38:02,048 - [ERROR] - [GOLD] Strategy VOLUME_CLIMAX error: 'volume'
2026-07-21 03:38:03,467 - [ERROR] - [GOLD] Strategy VOLUME_CLIMAX error: 'volume'
2026-07-21 03:38:04,888 - [ERROR] - [GOLD] Strategy VOLUME_CLIMAX error: 'volume'
2026-07-21 03:38:06,326 - [ERROR] - [GOLD] Strategy VOLUME_CLIMAX error: 'volume'
2026-07-21 03:38:07,773 - [ERROR] - [GOLD] Strategy VOLUME_CLIMAX error: 'volume'
2026-07-21 03:38:09,117 - [ERROR] - [GOLD] Strategy VOLUME_CLIMAX error: 'volume'
2026-07-21 03:38:10,460 - [ERROR] - [GOLD] Strategy VOLUME_CLIMAX error: 'volume'
2026-07-21 03:38:11,801 - [ERROR] - [GOLD] Strategy VOLUME_CLIMAX error: 'volume'
2026-07-21 03:38:13,153 - [ERROR] - [GOLD] Strategy VOLUME_CLIMAX error: 'volume'
2026-07-21 03:38:14,493 - [ERROR] - [GOLD] Strategy VOLUME_CLIMAX error: 'volume'
2026-07-21 03:38:15,831 - [ERROR] - [GOLD] Strategy VOLUME_CLIMAX error: 'volume'
2026-07-21 03:38:17,178 - [ERROR] - [GOLD] Strategy VOLUME_CLIMAX error: 'volume'
2026-07-21 03:38:18,520 - [ERROR] - [GOLD] Strategy VOLUME_CLIMAX error: 'volume'
2026-07-21 03:38:19,876 - [ERROR] - [GOLD] Strategy VOLUME_CLIMAX error: 'volume'
2026-07-21 03:38:21,246 - [ERROR] - [GOLD] Strategy VOLUME_CLIMAX error: 'volume'
2026-07-21 03:38:22,610 - [ERROR] - [GOLD] Strategy VOLUME_CLIMAX error: 'volume'
2026-07-21 03:38:23,960 - [ERROR] - [GOLD] Strategy VOLUME_CLIMAX error: 'volume'
2026-07-21 03:38:25,301 - [ERROR] - [GOLD] Strategy VOLUME_CLIMAX error: 'volume'
2026-07-21 03:38:26,640 - [ERROR] - [GOLD] Strategy VOLUME_CLIMAX error: 'volume'
2026-07-21 03:38:27,988 - [ERROR] - [GOLD] Strategy VOLUME_CLIMAX error: 'volume'
2026-07-21 03:38:29,367 - [ERROR] - [GOLD] Strategy VOLUME_CLIMAX error: 'volume'
2026-07-21 03:38:30,726 - [ERROR] - [GOLD] Strategy VOLUME_CLIMAX error: 'volume'
2026-07-21 03:38:32,077 - [ERROR] - [GOLD] Strategy VOLUME_CLIMAX error: 'volume'
2026-07-21 03:38:33,456 - [ERROR] - [GOLD] Strategy VOLUME_CLIMAX error: 'volume'
2026-07-21 03:38:34,801 - [ERROR] - [GOLD] Strategy VOLUME_CLIMAX error: 'volume'
2026-07-21 03:38:36,158 - [ERROR] - [GOLD] Strategy VOLUME_CLIMAX error: 'volume'
2026-07-21 03:38:37,512 - [ERROR] - [GOLD] Strategy VOLUME_CLIMAX error: 'volume'
2026-07-21 03:38:38,874 - [ERROR] - [GOLD] Strategy VOLUME_CLIMAX error: 'volume'
2026-07-21 03:38:40,232 - [ERROR] - [GOLD] Strategy VOLUME_CLIMAX error: 'volume'
2026-07-21 03:38:41,574 - [ERROR] - [GOLD] Strategy VOLUME_CLIMAX error: 'volume'
2026-07-21 03:38:42,925 - [ERROR] - [GOLD] Strategy VOLUME_CLIMAX error: 'volume'
2026-07-21 03:38:44,329 - [ERROR] - [GOLD] Strategy VOLUME_CLIMAX error: 'volume'
2026-07-21 03:38:45,673 - [ERROR] - [GOLD] Strategy VOLUME_CLIMAX error: 'volume'
2026-07-21 03:38:47,016 - [ERROR] - [GOLD] Strategy VOLUME_CLIMAX error: 'volume'
2026-07-21 03:38:48,371 - [ERROR] - [GOLD] Strategy VOLUME_CLIMAX error: 'volume'
2026-07-21 03:38:49,719 - [ERROR] - [GOLD] Strategy VOLUME_CLIMAX error: 'volume'
2026-07-21 03:38:51,061 - [ERROR] - [GOLD] Strategy VOLUME_CLIMAX error: 'volume'
2026-07-21 03:38:52,413 - [ERROR] - [GOLD] Strategy VOLUME_CLIMAX error: 'volume'
2026-07-21 03:38:53,763 - [ERROR] - [GOLD] Strategy VOLUME_CLIMAX error: 'volume'
2026-07-21 03:38:55,125 - [ERROR] - [GOLD] Strategy VOLUME_CLIMAX error: 'volume'
2026-07-21 03:38:56,476 - [ERROR] - [GOLD] Strategy VOLUME_CLIMAX error: 'volume'
2026-07-21 03:38:57,818 - [ERROR] - [GOLD] Strategy VOLUME_CLIMAX error: 'volume'
2026-07-21 03:38:59,193 - [ERROR] - [GOLD] Strategy VOLUME_CLIMAX error: 'volume'
2026-07-21 03:39:00,568 - [ERROR] - [GOLD] Strategy VOLUME_CLIMAX error: 'volume'
2026-07-21 03:39:01,948 - [ERROR] - [GOLD] Strategy VOLUME_CLIMAX error: 'volume'
2026-07-21 03:39:03,324 - [ERROR] - [GOLD] Strategy VOLUME_CLIMAX error: 'volume'
2026-07-21 03:39:04,680 - [ERROR] - [GOLD] Strategy VOLUME_CLIMAX error: 'volume'
2026-07-21 03:39:06,025 - [ERROR] - [GOLD] Strategy VOLUME_CLIMAX error: 'volume'
2026-07-21 03:39:07,374 - [ERROR] - [GOLD] Strategy VOLUME_CLIMAX error: 'volume'
2026-07-21 03:39:08,718 - [ERROR] - [GOLD] Strategy VOLUME_CLIMAX error: 'volume'
2026-07-21 03:39:10,060 - [ERROR] - [GOLD] Strategy VOLUME_CLIMAX error: 'volume'
2026-07-21 03:39:11,408 - [ERROR] - [GOLD] Strategy VOLUME_CLIMAX error: 'volume'
2026-07-21 03:39:12,749 - [ERROR] - [GOLD] Strategy VOLUME_CLIMAX error: 'volume'
2026-07-21 03:39:14,101 - [ERROR] - [GOLD] Strategy VOLUME_CLIMAX error: 'volume'
2026-07-21 03:39:15,457 - [ERROR] - [GOLD] Strategy VOLUME_CLIMAX error: 'volume'
2026-07-21 03:39:16,796 - [ERROR] - [GOLD] Strategy VOLUME_CLIMAX error: 'volume'
2026-07-21 03:39:18,145 - [ERROR] - [GOLD] Strategy VOLUME_CLIMAX error: 'volume'
2026-07-21 03:39:19,505 - [ERROR] - [GOLD] Strategy VOLUME_CLIMAX error: 'volume'
2026-07-21 03:39:20,881 - [ERROR] - [GOLD] Strategy VOLUME_CLIMAX error: 'volume'
2026-07-21 03:39:22,261 - [ERROR] - [GOLD] Strategy VOLUME_CLIMAX error: 'volume'
2026-07-21 03:39:23,623 - [ERROR] - [GOLD] Strategy VOLUME_CLIMAX error: 'volume'
2026-07-21 03:39:24,963 - [ERROR] - [GOLD] Strategy VOLUME_CLIMAX error: 'volume'
2026-07-21 03:39:26,304 - [ERROR] - [GOLD] Strategy VOLUME_CLIMAX error: 'volume'
2026-07-21 03:39:27,653 - [ERROR] - [GOLD] Strategy VOLUME_CLIMAX error: 'volume'
2026-07-21 03:39:29,034 - [ERROR] - [GOLD] Strategy VOLUME_CLIMAX error: 'volume'
2026-07-21 03:39:30,388 - [ERROR] - [GOLD] Strategy VOLUME_CLIMAX error: 'volume'
2026-07-21 03:39:31,735 - [ERROR] - [GOLD] Strategy VOLUME_CLIMAX error: 'volume'
2026-07-21 03:39:33,090 - [ERROR] - [GOLD] Strategy VOLUME_CLIMAX error: 'volume'
2026-07-21 03:39:34,448 - [ERROR] - [GOLD] Strategy VOLUME_CLIMAX error: 'volume'
2026-07-21 03:39:35,799 - [ERROR] - [GOLD] Strategy VOLUME_CLIMAX error: 'volume'
2026-07-21 03:39:37,156 - [ERROR] - [GOLD] Strategy VOLUME_CLIMAX error: 'volume'
2026-07-21 03:39:38,500 - [ERROR] - [GOLD] Strategy VOLUME_CLIMAX error: 'volume'
2026-07-21 03:39:39,856 - [ERROR] - [GOLD] Strategy VOLUME_CLIMAX error: 'volume'
2026-07-21 03:39:41,254 - [ERROR] - [GOLD] Strategy VOLUME_CLIMAX error: 'volume'
2026-07-21 03:39:42,602 - [ERROR] - [GOLD] Strategy VOLUME_CLIMAX error: 'volume'
2026-07-21 03:39:43,945 - [ERROR] - [GOLD] Strategy VOLUME_CLIMAX error: 'volume'
2026-07-21 03:39:45,286 - [ERROR] - [GOLD] Strategy VOLUME_CLIMAX error: 'volume'
2026-07-21 03:39:46,627 - [ERROR] - [GOLD] Strategy VOLUME_CLIMAX error: 'volume'
2026-07-21 03:39:47,974 - [ERROR] - [GOLD] Strategy VOLUME_CLIMAX error: 'volume'
2026-07-21 03:39:49,325 - [ERROR] - [GOLD] Strategy VOLUME_CLIMAX error: 'volume'
2026-07-21 03:39:50,677 - [ERROR] - [GOLD] Strategy VOLUME_CLIMAX error: 'volume'
2026-07-21 03:39:52,030 - [ERROR] - [GOLD] Strategy VOLUME_CLIMAX error: 'volume'
2026-07-21 03:39:53,380 - [ERROR] - [GOLD] Strategy VOLUME_CLIMAX error: 'volume'
2026-07-21 03:39:54,732 - [ERROR] - [GOLD] Strategy VOLUME_CLIMAX error: 'volume'
2026-07-21 03:39:56,083 - [ERROR] - [GOLD] Strategy VOLUME_CLIMAX error: 'volume'
2026-07-21 03:39:57,434 - [ERROR] - [GOLD] Strategy VOLUME_CLIMAX error: 'volume'
2026-07-21 03:39:58,759 - [WARNING] - [GOLD] \U0001f6a8 Spread Protection: Live Spread (59) > Max Allowable (40). Trade Aborted.
2026-07-21 03:41:59,298 - [WARNING] - [GOLD] \U0001f6a8 Spread Protection: Live Spread (59) > Max Allowable (40). Trade Aborted.
2026-07-21 03:43:59,822 - [WARNING] - [GOLD] \U0001f6a8 Spread Protection: Live Spread (59) > Max Allowable (40). Trade Aborted.
2026-07-21 03:47:21,059 - [INFO] - [ETHUSD] Trade outside Golden Hour (22 UTC). Targeting reduced 2.0 R:R.
2026-07-21 03:47:21,074 - [ERROR] - [ETHUSD] ML Inference Error: cannot access local variable 'pd' where it is not associated with a value. Proceeding without ML.
2026-07-21 03:47:21,077 - [INFO] - [ETHUSD] Anti-Martingale: 2 Losses in a row! Halving risk to 0.50%
2026-07-21 03:47:21,081 - [WARNING] - [ETHUSD] [RISK_CAP] Lot size 3.45 capped to 0.5 for safety.
2026-07-21 03:47:21,082 - [WARNING] - [ETHUSD] Retcode 10016 (Invalid Stops). Retrying with widened safety stops...
2026-07-21 03:47:21,297 - [INFO] - [ETHUSD] SUCCESS - Opened BUY | Strat: MEAN_REVERSION | Lot: 0.5 | SL: 1895.4878571428571
2026-07-21 04:04:44,319 - [INFO] - [ETHUSD] Trade outside Golden Hour (22 UTC). Targeting reduced 2.0 R:R.
2026-07-21 04:04:44,327 - [ERROR] - [ETHUSD] ML Inference Error: cannot access local variable 'pd' where it is not associated with a value. Proceeding without ML.
2026-07-21 04:04:44,329 - [INFO] - [ETHUSD] Anti-Martingale: 2 Losses in a row! Halving risk to 0.50%
2026-07-21 04:04:44,329 - [WARNING] - [ETHUSD] [RISK_CAP] Lot size 3.77 capped to 0.5 for safety.
2026-07-21 04:04:44,330 - [WARNING] - [ETHUSD] Retcode 10016 (Invalid Stops). Retrying with widened safety stops...
2026-07-21 04:04:44,547 - [INFO] - [ETHUSD] SUCCESS - Opened BUY | Strat: MEAN_REVERSION | Lot: 0.5 | SL: 1893.7707142857143
2026-07-21 04:05:27,750 - [INFO] - [GBPUSD] Trade in Golden Hour (22 UTC). Targeting 3.0 R:R.
2026-07-21 04:05:27,758 - [ERROR] - [GBPUSD] ML Inference Error: cannot access local variable 'pd' where it is not associated with a value. Proceeding without ML.
2026-07-21 04:05:27,760 - [INFO] - [GBPUSD] Anti-Martingale: 2 Losses in a row! Halving risk to 0.50%
2026-07-21 04:05:27,984 - [INFO] - [GBPUSD] SUCCESS - Opened SELL | Strat: ZERO_HERO | Lot: 0.16 | SL: 1.34327
2026-07-21 04:12:18,937 - [WARNING] - [GOLD] \U0001f6a8 Spread Protection: Live Spread (59) > Max Allowable (40). Trade Aborted.
2026-07-21 04:14:59,814 - [WARNING] - [GOLD] \U0001f6a8 Spread Protection: Live Spread (59) > Max Allowable (40). Trade Aborted.
2026-07-21 04:17:00,650 - [WARNING] - [GOLD] \U0001f6a8 Spread Protection: Live Spread (59) > Max Allowable (40). Trade Aborted.
2026-07-21 04:19:01,604 - [WARNING] - [GOLD] \U0001f6a8 Spread Protection: Live Spread (59) > Max Allowable (40). Trade Aborted.
2026-07-21 04:21:02,412 - [WARNING] - [GOLD] \U0001f6a8 Spread Protection: Live Spread (59) > Max Allowable (40). Trade Aborted.
2026-07-21 04:23:03,252 - [WARNING] - [GOLD] \U0001f6a8 Spread Protection: Live Spread (59) > Max Allowable (40). Trade Aborted.
2026-07-21 04:25:04,090 - [WARNING] - [GOLD] \U0001f6a8 Spread Protection: Live Spread (58) > Max Allowable (40). Trade Aborted.
2026-07-21 04:27:04,821 - [WARNING] - [GOLD] \U0001f6a8 Spread Protection: Live Spread (58) > Max Allowable (40). Trade Aborted.
2026-07-21 04:29:05,779 - [WARNING] - [GOLD] \U0001f6a8 Spread Protection: Live Spread (58) > Max Allowable (40). Trade Aborted.
2026-07-21 04:38:02,504 - [WARNING] - [GOLD] \U0001f6a8 Spread Protection: Live Spread (59) > Max Allowable (40). Trade Aborted.
2026-07-21 05:00:05,133 - [INFO] - [ETHUSD] Strategy Step-Trail: Locked SL to 1898.06
2026-07-21 05:14:41,640 - [WARNING] - [GOLD] \U0001f6a8 Spread Protection: Live Spread (59) > Max Allowable (40). Trade Aborted.
2026-07-21 05:16:42,586 - [WARNING] - [GOLD] \U0001f6a8 Spread Protection: Live Spread (59) > Max Allowable (40). Trade Aborted.
2026-07-21 05:18:43,724 - [WARNING] - [GOLD] \U0001f6a8 Spread Protection: Live Spread (59) > Max Allowable (40). Trade Aborted.
2026-07-21 05:20:44,739 - [WARNING] - [GOLD] \U0001f6a8 Spread Protection: Live Spread (59) > Max Allowable (40). Trade Aborted.
2026-07-21 05:21:51,186 - [INFO] - [ETHUSD] Trade outside Golden Hour (23 UTC). Targeting reduced 2.0 R:R.
2026-07-21 05:21:51,194 - [ERROR] - [ETHUSD] ML Inference Error: cannot access local variable 'pd' where it is not associated with a value. Proceeding without ML.
2026-07-21 05:21:51,197 - [INFO] - [ETHUSD] Anti-Martingale: 2 Losses in a row! Halving risk to 0.50%
2026-07-21 05:21:51,197 - [WARNING] - [ETHUSD] [RISK_CAP] Lot size 4.24 capped to 0.5 for safety.
2026-07-21 05:21:51,198 - [WARNING] - [ETHUSD] Retcode 10016 (Invalid Stops). Retrying with widened safety stops...
2026-07-21 05:21:51,421 - [INFO] - [ETHUSD] SUCCESS - Opened SELL | Strat: INSTITUTIONAL_SUPPORT | Lot: 0.5 | SL: 1901.682142857143
2026-07-21 05:22:45,633 - [WARNING] - [GOLD] \U0001f6a8 Spread Protection: Live Spread (59) > Max Allowable (40). Trade Aborted.
2026-07-21 05:24:46,554 - [WARNING] - [GOLD] \U0001f6a8 Spread Protection: Live Spread (59) > Max Allowable (40). Trade Aborted.
2026-07-21 05:24:52,781 - [INFO] - [ETHUSD] Trade outside Golden Hour (23 UTC). Targeting reduced 2.0 R:R.
2026-07-21 05:24:52,799 - [ERROR] - [ETHUSD] ML Inference Error: cannot access local variable 'pd' where it is not associated with a value. Proceeding without ML.
2026-07-21 05:24:52,803 - [INFO] - [ETHUSD] Anti-Martingale: 2 Losses in a row! Halving risk to 0.50%
2026-07-21 05:24:52,805 - [WARNING] - [ETHUSD] [RISK_CAP] Lot size 4.19 capped to 0.5 for safety.
2026-07-21 05:24:52,808 - [WARNING] - [ETHUSD] Retcode 10016 (Invalid Stops). Retrying with widened safety stops...
2026-07-21 05:24:53,034 - [INFO] - [ETHUSD] SUCCESS - Opened SELL | Strat: INSTITUTIONAL_SUPPORT | Lot: 0.5 | SL: 1902.3828571428571
2026-07-21 05:25:01,181 - [WARNING] - [SILVER] \U0001f6a8 Spread Protection: Live Spread (70) > Max Allowable (40). Trade Aborted.
2026-07-21 05:26:46,744 - [WARNING] - [GOLD] \U0001f6a8 Spread Protection: Live Spread (59) > Max Allowable (40). Trade Aborted.
2026-07-21 05:26:53,731 - [INFO] - [ETHUSD] Trade outside Golden Hour (23 UTC). Targeting reduced 2.0 R:R.
2026-07-21 05:26:53,739 - [ERROR] - [ETHUSD] ML Inference Error: cannot access local variable 'pd' where it is not associated with a value. Proceeding without ML.
2026-07-21 05:26:53,741 - [INFO] - [ETHUSD] Anti-Martingale: 2 Losses in a row! Halving risk to 0.50%
2026-07-21 05:26:53,742 - [WARNING] - [ETHUSD] [RISK_CAP] Lot size 4.14 capped to 0.5 for safety.
2026-07-21 05:26:53,742 - [WARNING] - [ETHUSD] Retcode 10016 (Invalid Stops). Retrying with widened safety stops...
2026-07-21 05:26:53,966 - [INFO] - [ETHUSD] SUCCESS - Opened SELL | Strat: INSTITUTIONAL_SUPPORT | Lot: 0.5 | SL: 1905.0357142857142
2026-07-21 05:27:02,287 - [WARNING] - [SILVER] \U0001f6a8 Spread Protection: Live Spread (69) > Max Allowable (40). Trade Aborted.
2026-07-21 05:28:10,020 - [INFO] - [GBPUSD] Trade outside Golden Hour (23 UTC). Targeting reduced 2.0 R:R.
2026-07-21 05:28:10,028 - [ERROR] - [GBPUSD] ML Inference Error: cannot access local variable 'pd' where it is not associated with a value. Proceeding without ML.
2026-07-21 05:28:10,031 - [INFO] - [GBPUSD] Anti-Martingale: 2 Losses in a row! Halving risk to 0.50%
2026-07-21 05:28:10,257 - [INFO] - [GBPUSD] SUCCESS - Opened BUY | Strat: ZERO_HERO | Lot: 0.16 | SL: 1.34227
2026-07-21 05:28:47,075 - [WARNING] - [GOLD] \U0001f6a8 Spread Protection: Live Spread (58) > Max Allowable (40). Trade Aborted.
2026-07-21 05:28:54,229 - [INFO] - [ETHUSD] Trade outside Golden Hour (23 UTC). Targeting reduced 2.0 R:R.
2026-07-21 05:28:54,237 - [ERROR] - [ETHUSD] ML Inference Error: cannot access local variable 'pd' where it is not associated with a value. Proceeding without ML.
2026-07-21 05:28:54,239 - [INFO] - [ETHUSD] Anti-Martingale: 2 Losses in a row! Halving risk to 0.50%
2026-07-21 05:28:54,239 - [WARNING] - [ETHUSD] [RISK_CAP] Lot size 4.09 capped to 0.5 for safety.
2026-07-21 05:28:54,240 - [WARNING] - [ETHUSD] Retcode 10016 (Invalid Stops). Retrying with widened safety stops...
2026-07-21 05:28:54,463 - [INFO] - [ETHUSD] SUCCESS - Opened SELL | Strat: INSTITUTIONAL_SUPPORT | Lot: 0.5 | SL: 1906.0928571428572
2026-07-21 05:29:03,338 - [WARNING] - [SILVER] \U0001f6a8 Spread Protection: Live Spread (74) > Max Allowable (40). Trade Aborted.
2026-07-21 05:31:03,395 - [WARNING] - [SILVER] \U0001f6a8 Spread Protection: Live Spread (70) > Max Allowable (40). Trade Aborted.
2026-07-21 05:33:04,157 - [WARNING] - [SILVER] \U0001f6a8 Spread Protection: Live Spread (74) > Max Allowable (40). Trade Aborted.
2026-07-21 05:35:04,888 - [WARNING] - [SILVER] \U0001f6a8 Spread Protection: Live Spread (74) > Max Allowable (40). Trade Aborted.
2026-07-21 05:37:05,643 - [WARNING] - [SILVER] \U0001f6a8 Spread Protection: Live Spread (72) > Max Allowable (40). Trade Aborted.
2026-07-21 05:39:06,384 - [WARNING] - [SILVER] \U0001f6a8 Spread Protection: Live Spread (70) > Max Allowable (40). Trade Aborted.
2026-07-21 05:41:07,096 - [WARNING] - [SILVER] \U0001f6a8 Spread Protection: Live Spread (69) > Max Allowable (40). Trade Aborted.
2026-07-21 05:43:08,099 - [WARNING] - [SILVER] \U0001f6a8 Spread Protection: Live Spread (71) > Max Allowable (40). Trade Aborted.
2026-07-21 05:45:08,834 - [WARNING] - [SILVER] \U0001f6a8 Spread Protection: Live Spread (71) > Max Allowable (40). Trade Aborted.
2026-07-21 05:47:09,569 - [WARNING] - [SILVER] \U0001f6a8 Spread Protection: Live Spread (71) > Max Allowable (40). Trade Aborted.
2026-07-21 05:48:01,547 - [INFO] - [ETHUSD] Trade in Golden Hour (0 UTC). Targeting 3.0 R:R.
2026-07-21 05:48:01,560 - [ERROR] - [ETHUSD] ML Inference Error: cannot access local variable 'pd' where it is not associated with a value. Proceeding without ML.
2026-07-21 05:48:01,563 - [INFO] - [ETHUSD] Anti-Martingale: 2 Losses in a row! Halving risk to 0.50%
2026-07-21 05:48:01,564 - [WARNING] - [ETHUSD] [RISK_CAP] Lot size 4.05 capped to 0.5 for safety.
2026-07-21 05:48:01,573 - [WARNING] - [ETHUSD] Retcode 10016 (Invalid Stops). Retrying with widened safety stops...
2026-07-21 05:48:01,801 - [INFO] - [ETHUSD] SUCCESS - Opened SELL | Strat: ASIAN_RANGE_SCALP | Lot: 0.5 | SL: 1907.1642857142856
2026-07-21 05:49:09,638 - [WARNING] - [SILVER] \U0001f6a8 Spread Protection: Live Spread (71) > Max Allowable (40). Trade Aborted.
2026-07-21 05:49:32,608 - [INFO] - [BTCUSD] Strategy Step-Trail: Locked SL to 65186.2
2026-07-21 05:50:02,537 - [INFO] - [ETHUSD] Trade in Golden Hour (0 UTC). Targeting 3.0 R:R.
2026-07-21 05:50:02,545 - [ERROR] - [ETHUSD] ML Inference Error: cannot access local variable 'pd' where it is not associated with a value. Proceeding without ML.
2026-07-21 05:50:02,547 - [INFO] - [ETHUSD] Anti-Martingale: 2 Losses in a row! Halving risk to 0.50%
2026-07-21 05:50:02,547 - [WARNING] - [ETHUSD] [RISK_CAP] Lot size 3.90 capped to 0.5 for safety.
2026-07-21 05:50:02,548 - [WARNING] - [ETHUSD] Retcode 10016 (Invalid Stops). Retrying with widened safety stops...
2026-07-21 05:50:02,779 - [INFO] - [ETHUSD] SUCCESS - Opened SELL | Strat: ASIAN_RANGE_SCALP | Lot: 0.5 | SL: 1909.1964285714287
2026-07-21 05:51:10,380 - [WARNING] - [SILVER] \U0001f6a8 Spread Protection: Live Spread (71) > Max Allowable (40). Trade Aborted.
2026-07-21 05:53:11,093 - [WARNING] - [SILVER] \U0001f6a8 Spread Protection: Live Spread (69) > Max Allowable (40). Trade Aborted.
2026-07-21 05:54:59,088 - [INFO] - [ETHUSD] Trade in Golden Hour (0 UTC). Targeting 3.0 R:R.
2026-07-21 05:54:59,096 - [ERROR] - [ETHUSD] ML Inference Error: cannot access local variable 'pd' where it is not associated with a value. Proceeding without ML.
2026-07-21 05:54:59,099 - [INFO] - [ETHUSD] Anti-Martingale: 2 Losses in a row! Halving risk to 0.50%
2026-07-21 05:54:59,103 - [WARNING] - [ETHUSD] [RISK_CAP] Lot size 3.83 capped to 0.5 for safety.
2026-07-21 05:54:59,105 - [WARNING] - [ETHUSD] Retcode 10016 (Invalid Stops). Retrying with widened safety stops...
2026-07-21 05:54:59,336 - [INFO] - [ETHUSD] SUCCESS - Opened SELL | Strat: ASIAN_RANGE_SCALP | Lot: 0.5 | SL: 1911.332142857143
2026-07-21 05:55:11,852 - [WARNING] - [SILVER] \U0001f6a8 Spread Protection: Live Spread (74) > Max Allowable (40). Trade Aborted.
2026-07-21 05:57:12,619 - [WARNING] - [SILVER] \U0001f6a8 Spread Protection: Live Spread (71) > Max Allowable (40). Trade Aborted.
2026-07-21 05:59:12,693 - [WARNING] - [SILVER] \U0001f6a8 Spread Protection: Live Spread (72) > Max Allowable (40). Trade Aborted.
2026-07-21 06:01:13,495 - [WARNING] - [SILVER] \U0001f6a8 Spread Protection: Live Spread (68) > Max Allowable (40). Trade Aborted.
2026-07-21 06:02:20,784 - [INFO] - [ETHUSD] Trade in Golden Hour (0 UTC). Targeting 3.0 R:R.
2026-07-21 06:02:20,792 - [ERROR] - [ETHUSD] ML Inference Error: cannot access local variable 'pd' where it is not associated with a value. Proceeding without ML.
2026-07-21 06:02:20,794 - [INFO] - [ETHUSD] Anti-Martingale: 2 Losses in a row! Halving risk to 0.50%
2026-07-21 06:02:20,795 - [WARNING] - [ETHUSD] [RISK_CAP] Lot size 3.70 capped to 0.5 for safety.
2026-07-21 06:02:20,795 - [WARNING] - [ETHUSD] Retcode 10016 (Invalid Stops). Retrying with widened safety stops...
2026-07-21 06:02:21,020 - [INFO] - [ETHUSD] SUCCESS - Opened SELL | Strat: ASIAN_RANGE_SCALP | Lot: 0.5 | SL: 1913.2228571428573
2026-07-21 06:02:22,768 - [INFO] - [BTCUSD] Strategy Step-Trail: Locked SL to 65296.66
2026-07-21 06:02:30,017 - [INFO] - [BTCUSD] Strategy Step-Trail: Locked SL to 65297.67
2026-07-21 06:03:14,269 - [WARNING] - [SILVER] \U0001f6a8 Spread Protection: Live Spread (68) > Max Allowable (40). Trade Aborted.
2026-07-21 06:05:14,987 - [WARNING] - [SILVER] \U0001f6a8 Spread Protection: Live Spread (71) > Max Allowable (40). Trade Aborted.
2026-07-21 06:06:27,773 - [WARNING] - [GOLD] \U0001f6a8 Spread Protection: Live Spread (59) > Max Allowable (40). Trade Aborted.
2026-07-21 06:07:15,424 - [WARNING] - [SILVER] \U0001f6a8 Spread Protection: Live Spread (70) > Max Allowable (40). Trade Aborted.
2026-07-21 06:09:15,930 - [WARNING] - [SILVER] \U0001f6a8 Spread Protection: Live Spread (71) > Max Allowable (40). Trade Aborted.
2026-07-21 06:09:30,423 - [WARNING] - [GOLD] \U0001f6a8 Spread Protection: Live Spread (56) > Max Allowable (40). Trade Aborted.
2026-07-21 06:09:42,364 - [INFO] - [ETHUSD] Trade in Golden Hour (0 UTC). Targeting 3.0 R:R.
2026-07-21 06:09:42,371 - [ERROR] - [ETHUSD] ML Inference Error: cannot access local variable 'pd' where it is not associated with a value. Proceeding without ML.
2026-07-21 06:09:42,373 - [INFO] - [ETHUSD] Anti-Martingale: 2 Losses in a row! Halving risk to 0.50%
2026-07-21 06:09:42,374 - [WARNING] - [ETHUSD] [RISK_CAP] Lot size 3.65 capped to 0.5 for safety.
2026-07-21 06:09:42,374 - [WARNING] - [ETHUSD] Retcode 10016 (Invalid Stops). Retrying with widened safety stops...
2026-07-21 06:09:42,601 - [INFO] - [ETHUSD] SUCCESS - Opened SELL | Strat: ASIAN_RANGE_SCALP | Lot: 0.5 | SL: 1915.2121428571427
2026-07-21 06:10:08,166 - [INFO] - [BTCUSD] Strategy Step-Trail: Locked SL to 65298.06
2026-07-21 06:10:09,390 - [INFO] - [BTCUSD] Strategy Step-Trail: Locked SL to 65298.74
2026-07-21 06:10:11,617 - [INFO] - [BTCUSD] Strategy Step-Trail: Locked SL to 65299.89
2026-07-21 06:10:12,850 - [INFO] - [BTCUSD] Strategy Step-Trail: Locked SL to 65300.61
2026-07-21 06:10:15,078 - [INFO] - [BTCUSD] Strategy Step-Trail: Locked SL to 65301.29
2026-07-21 06:10:59,435 - [INFO] - [BTCUSD] Strategy Step-Trail: Locked SL to 65301.31
2026-07-21 06:11:16,602 - [WARNING] - [SILVER] \U0001f6a8 Spread Protection: Live Spread (70) > Max Allowable (40). Trade Aborted.
2026-07-21 06:11:25,730 - [INFO] - [BTCUSD] Strategy Step-Trail: Locked SL to 65301.32
2026-07-21 06:11:30,925 - [WARNING] - [GOLD] \U0001f6a8 Spread Protection: Live Spread (59) > Max Allowable (40). Trade Aborted.
2026-07-21 06:11:42,990 - [INFO] - [ETHUSD] Trade in Golden Hour (0 UTC). Targeting 3.0 R:R.
2026-07-21 06:11:42,998 - [ERROR] - [ETHUSD] ML Inference Error: cannot access local variable 'pd' where it is not associated with a value. Proceeding without ML.
2026-07-21 06:11:43,000 - [INFO] - [ETHUSD] Anti-Martingale: 2 Losses in a row! Halving risk to 0.50%
2026-07-21 06:11:43,000 - [WARNING] - [ETHUSD] [RISK_CAP] Lot size 3.57 capped to 0.5 for safety.
2026-07-21 06:11:43,001 - [WARNING] - [ETHUSD] Retcode 10016 (Invalid Stops). Retrying with widened safety stops...
2026-07-21 06:11:43,223 - [INFO] - [ETHUSD] SUCCESS - Opened SELL | Strat: ASIAN_RANGE_SCALP | Lot: 0.5 | SL: 1916.7942857142857
2026-07-21 06:11:44,006 - [INFO] - [BTCUSD] Strategy Step-Trail: Locked SL to 65301.44
2026-07-21 06:11:45,232 - [INFO] - [BTCUSD] Strategy Step-Trail: Locked SL to 65301.53
2026-07-21 06:12:10,529 - [INFO] - [BTCUSD] Strategy Step-Trail: Locked SL to 65301.6
2026-07-21 06:12:11,756 - [INFO] - [BTCUSD] Strategy Step-Trail: Locked SL to 65302.11
2026-07-21 06:12:12,981 - [INFO] - [BTCUSD] Strategy Step-Trail: Locked SL to 65302.26
2026-07-21 06:12:23,230 - [INFO] - [BTCUSD] Strategy Step-Trail: Locked SL to 65302.51
2026-07-21 06:12:39,498 - [INFO] - [BTCUSD] Strategy Step-Trail: Locked SL to 65303.04
2026-07-21 06:12:42,730 - [INFO] - [BTCUSD] Strategy Step-Trail: Locked SL to 65304.09
2026-07-21 06:12:45,962 - [INFO] - [BTCUSD] Strategy Step-Trail: Locked SL to 65304.89
2026-07-21 06:13:17,250 - [WARNING] - [SILVER] \U0001f6a8 Spread Protection: Live Spread (71) > Max Allowable (40). Trade Aborted.
2026-07-21 06:13:31,473 - [WARNING] - [GOLD] \U0001f6a8 Spread Protection: Live Spread (59) > Max Allowable (40). Trade Aborted.
2026-07-21 06:13:43,699 - [INFO] - [ETHUSD] Trade in Golden Hour (0 UTC). Targeting 3.0 R:R.
2026-07-21 06:13:43,707 - [ERROR] - [ETHUSD] ML Inference Error: cannot access local variable 'pd' where it is not associated with a value. Proceeding without ML.
2026-07-21 06:13:43,709 - [INFO] - [ETHUSD] Anti-Martingale: 2 Losses in a row! Halving risk to 0.50%
2026-07-21 06:13:43,709 - [WARNING] - [ETHUSD] [RISK_CAP] Lot size 3.48 capped to 0.5 for safety.
2026-07-21 06:13:43,710 - [WARNING] - [ETHUSD] Retcode 10016 (Invalid Stops). Retrying with widened safety stops...
2026-07-21 06:13:43,935 - [INFO] - [ETHUSD] SUCCESS - Opened SELL | Strat: ASIAN_RANGE_SCALP | Lot: 0.5 | SL: 1915.8285714285714
2026-07-21 06:15:18,234 - [WARNING] - [SILVER] \U0001f6a8 Spread Protection: Live Spread (70) > Max Allowable (40). Trade Aborted.
2026-07-21 06:15:32,525 - [WARNING] - [GOLD] \U0001f6a8 Spread Protection: Live Spread (59) > Max Allowable (40). Trade Aborted.
2026-07-21 06:15:44,265 - [INFO] - [ETHUSD] Trade in Golden Hour (0 UTC). Targeting 3.0 R:R.
2026-07-21 06:15:44,273 - [ERROR] - [ETHUSD] ML Inference Error: cannot access local variable 'pd' where it is not associated with a value. Proceeding without ML.
2026-07-21 06:15:44,275 - [INFO] - [ETHUSD] Anti-Martingale: 2 Losses in a row! Halving risk to 0.50%
2026-07-21 06:15:44,276 - [WARNING] - [ETHUSD] [RISK_CAP] Lot size 3.54 capped to 0.5 for safety.
2026-07-21 06:15:44,276 - [WARNING] - [ETHUSD] Retcode 10016 (Invalid Stops). Retrying with widened safety stops...
2026-07-21 06:15:44,502 - [INFO] - [ETHUSD] SUCCESS - Opened SELL | Strat: ASIAN_RANGE_SCALP | Lot: 0.5 | SL: 1917.6521428571427
2026-07-21 06:17:03,958 - [INFO] - [BTCUSD] Strategy Step-Trail: Locked SL to 65304.9
2026-07-21 06:17:18,269 - [WARNING] - [SILVER] \U0001f6a8 Spread Protection: Live Spread (73) > Max Allowable (40). Trade Aborted.
2026-07-21 06:17:33,596 - [WARNING] - [GOLD] \U0001f6a8 Spread Protection: Live Spread (59) > Max Allowable (40). Trade Aborted.
2026-07-21 06:17:44,860 - [INFO] - [ETHUSD] Trade in Golden Hour (0 UTC). Targeting 3.0 R:R.
2026-07-21 06:17:44,868 - [ERROR] - [ETHUSD] ML Inference Error: cannot access local variable 'pd' where it is not associated with a value. Proceeding without ML.
2026-07-21 06:17:44,870 - [INFO] - [ETHUSD] Anti-Martingale: 2 Losses in a row! Halving risk to 0.50%
2026-07-21 06:17:44,870 - [WARNING] - [ETHUSD] [RISK_CAP] Lot size 3.44 capped to 0.5 for safety.
2026-07-21 06:17:44,871 - [WARNING] - [ETHUSD] Retcode 10016 (Invalid Stops). Retrying with widened safety stops...
2026-07-21 06:17:45,095 - [INFO] - [ETHUSD] SUCCESS - Opened SELL | Strat: ASIAN_RANGE_SCALP | Lot: 0.5 | SL: 1917.7757142857142
2026-07-21 06:19:19,252 - [WARNING] - [SILVER] \U0001f6a8 Spread Protection: Live Spread (72) > Max Allowable (40). Trade Aborted.
2026-07-21 06:19:34,667 - [WARNING] - [GOLD] \U0001f6a8 Spread Protection: Live Spread (59) > Max Allowable (40). Trade Aborted.
2026-07-21 06:20:07,745 - [INFO] - [BTCUSD] Strategy Step-Trail: Locked SL to 65304.94
2026-07-21 06:20:08,970 - [INFO] - [BTCUSD] Strategy Step-Trail: Locked SL to 65305.55
2026-07-21 06:20:11,199 - [INFO] - [BTCUSD] Strategy Step-Trail: Locked SL to 65305.79
2026-07-21 06:21:19,866 - [WARNING] - [SILVER] \U0001f6a8 Spread Protection: Live Spread (70) > Max Allowable (40). Trade Aborted.
2026-07-21 06:21:35,096 - [WARNING] - [GOLD] \U0001f6a8 Spread Protection: Live Spread (59) > Max Allowable (40). Trade Aborted.
2026-07-21 06:22:05,914 - [INFO] - [BTCUSD] Strategy Step-Trail: Locked SL to 65306.34
2026-07-21 06:23:20,852 - [WARNING] - [SILVER] \U0001f6a8 Spread Protection: Live Spread (68) > Max Allowable (40). Trade Aborted.
2026-07-21 06:23:36,168 - [WARNING] - [GOLD] \U0001f6a8 Spread Protection: Live Spread (54) > Max Allowable (40). Trade Aborted.
2026-07-21 06:25:21,814 - [WARNING] - [SILVER] \U0001f6a8 Spread Protection: Live Spread (70) > Max Allowable (40). Trade Aborted.
2026-07-21 06:25:37,236 - [WARNING] - [GOLD] \U0001f6a8 Spread Protection: Live Spread (59) > Max Allowable (40). Trade Aborted.
2026-07-21 06:27:22,783 - [WARNING] - [SILVER] \U0001f6a8 Spread Protection: Live Spread (70) > Max Allowable (40). Trade Aborted.
2026-07-21 06:27:28,097 - [INFO] - [BTCUSD] Strategy Step-Trail: Locked SL to 65307.49
2026-07-21 06:27:38,306 - [WARNING] - [GOLD] \U0001f6a8 Spread Protection: Live Spread (59) > Max Allowable (40). Trade Aborted.
2026-07-21 06:27:53,394 - [INFO] - [BTCUSD] Strategy Step-Trail: Locked SL to 65308.01
2026-07-21 06:28:33,728 - [INFO] - [BTCUSD] Strategy Step-Trail: Locked SL to 65308.07
2026-07-21 06:28:34,952 - [INFO] - [BTCUSD] Strategy Step-Trail: Locked SL to 65308.2
2026-07-21 06:28:40,001 - [INFO] - [BTCUSD] Trade in Golden Hour (0 UTC). Targeting 3.0 R:R.
2026-07-21 06:28:40,013 - [ERROR] - [BTCUSD] ML Inference Error: cannot access local variable 'pd' where it is not associated with a value. Proceeding without ML.
2026-07-21 06:28:40,017 - [INFO] - [BTCUSD] Anti-Martingale: 2 Losses in a row! Halving risk to 0.50%
2026-07-21 06:28:40,243 - [INFO] - [BTCUSD] SUCCESS - Opened SELL | Strat: ASIAN_RANGE_SCALP | Lot: 0.13 | SL: 65688.87857142858
2026-07-21 06:29:23,735 - [WARNING] - [SILVER] \U0001f6a8 Spread Protection: Live Spread (69) > Max Allowable (40). Trade Aborted.
2026-07-21 06:29:38,818 - [WARNING] - [GOLD] \U0001f6a8 Spread Protection: Live Spread (59) > Max Allowable (40). Trade Aborted.
2026-07-21 06:36:36,998 - [INFO] - [ETHUSD] Trade in Golden Hour (1 UTC). Targeting 3.0 R:R.
2026-07-21 06:36:37,012 - [ERROR] - [ETHUSD] ML Inference Error: cannot access local variable 'pd' where it is not associated with a value. Proceeding without ML.
2026-07-21 06:36:37,017 - [INFO] - [ETHUSD] Anti-Martingale: 2 Losses in a row! Halving risk to 0.50%
2026-07-21 06:36:37,019 - [WARNING] - [ETHUSD] [RISK_CAP] Lot size 3.29 capped to 0.5 for safety.
2026-07-21 06:36:37,250 - [INFO] - [ETHUSD] SUCCESS - Opened SELL | Strat: ASIAN_RANGE_SCALP | Lot: 0.5 | SL: 1920.1885714285713
2026-07-21 06:40:08,639 - [INFO] - [ETHUSD] Trade in Golden Hour (1 UTC). Targeting 3.0 R:R.
2026-07-21 06:40:08,646 - [ERROR] - [ETHUSD] ML Inference Error: cannot access local variable 'pd' where it is not associated with a value. Proceeding without ML.
2026-07-21 06:40:08,649 - [INFO] - [ETHUSD] Anti-Martingale: 2 Losses in a row! Halving risk to 0.50%
2026-07-21 06:40:08,649 - [WARNING] - [ETHUSD] [RISK_CAP] Lot size 3.28 capped to 0.5 for safety.
2026-07-21 06:40:08,875 - [INFO] - [ETHUSD] SUCCESS - Opened SELL | Strat: ASIAN_RANGE_SCALP | Lot: 0.5 | SL: 1920.2585714285713
2026-07-21 06:42:09,321 - [INFO] - [ETHUSD] Trade in Golden Hour (1 UTC). Targeting 3.0 R:R.
2026-07-21 06:42:09,330 - [ERROR] - [ETHUSD] ML Inference Error: cannot access local variable 'pd' where it is not associated with a value. Proceeding without ML.
2026-07-21 06:42:09,337 - [INFO] - [ETHUSD] Anti-Martingale: 2 Losses in a row! Halving risk to 0.50%
2026-07-21 06:42:09,339 - [WARNING] - [ETHUSD] [RISK_CAP] Lot size 3.28 capped to 0.5 for safety.
2026-07-21 06:42:09,570 - [INFO] - [ETHUSD] SUCCESS - Opened SELL | Strat: ASIAN_RANGE_SCALP | Lot: 0.5 | SL: 1916.8085714285714
2026-07-21 06:44:09,627 - [INFO] - [ETHUSD] Trade in Golden Hour (1 UTC). Targeting 3.0 R:R.
2026-07-21 06:44:09,636 - [ERROR] - [ETHUSD] ML Inference Error: cannot access local variable 'pd' where it is not associated with a value. Proceeding without ML.
2026-07-21 06:44:09,638 - [INFO] - [ETHUSD] Anti-Martingale: 2 Losses in a row! Halving risk to 0.50%
2026-07-21 06:44:09,639 - [WARNING] - [ETHUSD] [RISK_CAP] Lot size 3.28 capped to 0.5 for safety.
2026-07-21 06:44:09,862 - [INFO] - [ETHUSD] SUCCESS - Opened SELL | Strat: ASIAN_RANGE_SCALP | Lot: 0.5 | SL: 1916.4085714285713
2026-07-21 06:46:10,159 - [INFO] - [ETHUSD] Trade in Golden Hour (1 UTC). Targeting 3.0 R:R.
2026-07-21 06:46:10,169 - [ERROR] - [ETHUSD] ML Inference Error: cannot access local variable 'pd' where it is not associated with a value. Proceeding without ML.
2026-07-21 06:46:10,174 - [INFO] - [ETHUSD] Anti-Martingale: 2 Losses in a row! Halving risk to 0.50%
2026-07-21 06:46:10,176 - [WARNING] - [ETHUSD] [RISK_CAP] Lot size 3.43 capped to 0.5 for safety.
2026-07-21 06:46:10,181 - [WARNING] - [ETHUSD] Retcode 10016 (Invalid Stops). Retrying with widened safety stops...
2026-07-21 06:46:10,413 - [INFO] - [ETHUSD] SUCCESS - Opened SELL | Strat: ASIAN_RANGE_SCALP | Lot: 0.5 | SL: 1915.8264285714286
2026-07-21 07:00:36,166 - [INFO] - [BTCUSD] Strategy Step-Trail: Locked SL to 65566.1
2026-07-21 07:19:53,440 - [INFO] - [BTCUSD] Strategy Step-Trail: Locked SL to 65441.71
2026-07-21 07:21:39,548 - [INFO] - [BTCUSD] Strategy Step-Trail: Locked SL to 65441.4
2026-07-21 07:21:40,798 - [INFO] - [BTCUSD] Strategy Step-Trail: Locked SL to 65441.22
2026-07-21 07:21:49,087 - [INFO] - [BTCUSD] Strategy Step-Trail: Locked SL to 65441.12
2026-07-21 07:23:01,907 - [INFO] - [BTCUSD] Strategy Step-Trail: Locked SL to 65440.84
2026-07-21 07:23:03,143 - [INFO] - [BTCUSD] Strategy Step-Trail: Locked SL to 65440.61
2026-07-21 07:23:12,428 - [INFO] - [BTCUSD] Strategy Step-Trail: Locked SL to 65440.59
2026-07-21 07:25:14,532 - [INFO] - [BTCUSD] Strategy Step-Trail: Locked SL to 65440.3
2026-07-21 07:25:35,895 - [INFO] - [BTCUSD] Strategy Step-Trail: Locked SL to 65439.96
2026-07-21 07:25:37,133 - [INFO] - [BTCUSD] Strategy Step-Trail: Locked SL to 65439.74
2026-07-21 07:26:42,825 - [INFO] - [BTCUSD] Strategy Step-Trail: Locked SL to 65439.61
2026-07-21 07:26:50,097 - [INFO] - [BTCUSD] Strategy Step-Trail: Locked SL to 65439.28
2026-07-21 07:26:51,348 - [INFO] - [BTCUSD] Strategy Step-Trail: Locked SL to 65439.04
2026-07-21 07:26:52,584 - [INFO] - [BTCUSD] Strategy Step-Trail: Locked SL to 65438.56
2026-07-21 07:26:54,827 - [INFO] - [BTCUSD] Strategy Step-Trail: Locked SL to 65438.29
2026-07-21 07:27:19,211 - [INFO] - [BTCUSD] Strategy Step-Trail: Locked SL to 65437.96
2026-07-21 07:35:33,061 - [INFO] - [GBPUSD] Strategy Step-Trail: Locked SL to 1.34342
2026-07-21 07:36:37,907 - [INFO] - [BTCUSD] Trade in Golden Hour (2 UTC). Targeting 3.0 R:R.
2026-07-21 07:36:37,915 - [ERROR] - [BTCUSD] ML Inference Error: cannot access local variable 'pd' where it is not associated with a value. Proceeding without ML.
2026-07-21 07:36:37,917 - [INFO] - [BTCUSD] Anti-Martingale: 2 Losses in a row! Halving risk to 0.50%
2026-07-21 07:36:38,151 - [INFO] - [BTCUSD] SUCCESS - Opened SELL | Strat: ZERO_HERO | Lot: 0.12 | SL: 65519.72142857143
2026-07-21 07:45:48,503 - [INFO] - [BTCUSD] Strategy Step-Trail: Locked SL to 65388.5
2026-07-21 07:52:31,928 - [INFO] - [GBPUSD] Trade in Golden Hour (2 UTC). Targeting 3.0 R:R.
2026-07-21 07:52:31,936 - [ERROR] - [GBPUSD] ML Inference Error: cannot access local variable 'pd' where it is not associated with a value. Proceeding without ML.
2026-07-21 07:52:31,938 - [INFO] - [GBPUSD] Anti-Martingale: 2 Losses in a row! Halving risk to 0.50%
2026-07-21 07:52:32,172 - [INFO] - [GBPUSD] SUCCESS - Opened BUY | Strat: ZERO_HERO | Lot: 0.16 | SL: 1.3428300000000002
2026-07-21 08:04:37,234 - [INFO] - [BTCUSD] Trade in Golden Hour (2 UTC). Targeting 3.0 R:R.
2026-07-21 08:04:37,258 - [ERROR] - [BTCUSD] ML Inference Error: cannot access local variable 'pd' where it is not associated with a value. Proceeding without ML.
2026-07-21 08:04:37,262 - [INFO] - [BTCUSD] Anti-Martingale: 2 Losses in a row! Halving risk to 0.50%
2026-07-21 08:04:37,502 - [INFO] - [BTCUSD] SUCCESS - Opened BUY | Strat: ASIAN_RANGE_SCALP | Lot: 0.12 | SL: 65250.27142857143
2026-07-21 08:06:04,264 - [WARNING] - [SILVER] \U0001f6a8 Spread Protection: Live Spread (73) > Max Allowable (40). Trade Aborted.
2026-07-21 08:06:33,279 - [WARNING] - [GOLD] \U0001f6a8 Spread Protection: Live Spread (70) > Max Allowable (40). Trade Aborted.
2026-07-21 08:08:04,620 - [WARNING] - [SILVER] \U0001f6a8 Spread Protection: Live Spread (72) > Max Allowable (40). Trade Aborted.
2026-07-21 08:10:05,302 - [WARNING] - [SILVER] \U0001f6a8 Spread Protection: Live Spread (73) > Max Allowable (40). Trade Aborted.
2026-07-21 08:10:47,721 - [WARNING] - [GOLD] \U0001f6a8 Spread Protection: Live Spread (59) > Max Allowable (40). Trade Aborted.
2026-07-21 08:12:05,689 - [WARNING] - [SILVER] \U0001f6a8 Spread Protection: Live Spread (68) > Max Allowable (40). Trade Aborted.
2026-07-21 08:14:06,357 - [WARNING] - [SILVER] \U0001f6a8 Spread Protection: Live Spread (69) > Max Allowable (40). Trade Aborted.
2026-07-21 08:16:07,369 - [WARNING] - [SILVER] \U0001f6a8 Spread Protection: Live Spread (72) > Max Allowable (40). Trade Aborted.
2026-07-21 08:18:07,531 - [WARNING] - [SILVER] \U0001f6a8 Spread Protection: Live Spread (69) > Max Allowable (40). Trade Aborted.
2026-07-21 08:20:08,478 - [WARNING] - [SILVER] \U0001f6a8 Spread Protection: Live Spread (72) > Max Allowable (40). Trade Aborted.
2026-07-21 08:22:09,453 - [WARNING] - [SILVER] \U0001f6a8 Spread Protection: Live Spread (70) > Max Allowable (40). Trade Aborted.
2026-07-21 08:24:10,415 - [WARNING] - [SILVER] \U0001f6a8 Spread Protection: Live Spread (68) > Max Allowable (40). Trade Aborted.
2026-07-21 08:25:15,308 - [INFO] - [ETHUSD] Trade in Golden Hour (2 UTC). Targeting 3.0 R:R.
2026-07-21 08:25:15,332 - [ERROR] - [ETHUSD] ML Inference Error: cannot access local variable 'pd' where it is not associated with a value. Proceeding without ML.
2026-07-21 08:25:15,335 - [WARNING] - [ETHUSD] [RISK_CAP] Lot size 5.55 capped to 0.5 for safety.
2026-07-21 08:25:15,574 - [INFO] - [ETHUSD] SUCCESS - Opened BUY | Strat: ZERO_HERO | Lot: 0.5 | SL: 1913.4992857142856
2026-07-21 08:26:11,519 - [WARNING] - [SILVER] \U0001f6a8 Spread Protection: Live Spread (69) > Max Allowable (40). Trade Aborted.
2026-07-21 08:28:12,467 - [WARNING] - [SILVER] \U0001f6a8 Spread Protection: Live Spread (70) > Max Allowable (40). Trade Aborted.
2026-07-21 08:33:41,245 - [INFO] - [GBPUSD] Trade in Golden Hour (3 UTC). Targeting 3.0 R:R.
2026-07-21 08:33:41,257 - [ERROR] - [GBPUSD] ML Inference Error: cannot access local variable 'pd' where it is not associated with a value. Proceeding without ML.
2026-07-21 08:33:41,259 - [INFO] - [GBPUSD] Anti-Martingale: 2 Losses in a row! Halving risk to 0.50%
2026-07-21 08:33:41,489 - [INFO] - [GBPUSD] SUCCESS - Opened SELL | Strat: ZERO_HERO | Lot: 0.16 | SL: 1.34381
2026-07-21 12:02:52,180 - [INFO] - Successfully loaded ML Model: c:\anlyzeforex\forextele\final_model_sucess.joblib
2026-07-21 12:02:52,200 - [INFO] - Starting Multi-Threaded AI Strategy Executor (CRASH RESISTANT)...
2026-07-21 12:02:52,225 - [INFO] - [SYSTEM] Trailing Stop Engine Online.
2026-07-21 12:02:52,517 - [INFO] - [SYSTEM] Strategy PnL Tracker Engine Online.
2026-07-21 12:02:52,773 - [INFO] - [EURUSD] Strategy Step-Trail: Locked SL to 1.1418
2026-07-21 12:02:53,572 - [INFO] - [ETHUSD] Strategy Step-Trail: Locked SL to 1925.28
2026-07-21 12:02:53,573 - [INFO] - [GOLD] Thread Started. Polling for AI Entry conditions.
2026-07-21 12:02:53,574 - [INFO] - [BTCUSD] Thread Started. Polling for AI Entry conditions.
2026-07-21 12:02:53,576 - [INFO] - [ETHUSD] Thread Started. Polling for AI Entry conditions.
2026-07-21 12:02:53,576 - [INFO] - [EURUSD] Thread Started. Polling for AI Entry conditions.
2026-07-21 12:02:53,577 - [INFO] - [GBPUSD] Thread Started. Polling for AI Entry conditions.
2026-07-21 12:02:53,578 - [INFO] - [USDJPY] Thread Started. Polling for AI Entry conditions.
2026-07-21 12:02:53,579 - [INFO] - [SILVER] Thread Started. Polling for AI Entry conditions.
2026-07-21 12:02:54,656 - [INFO] - [BTCUSD] Trade in Golden Hour (6 UTC). Targeting 3.0 R:R.
2026-07-21 12:02:54,668 - [INFO] - [GBPUSD] Trade outside Golden Hour (6 UTC). Targeting reduced 2.0 R:R.
2026-07-21 12:02:54,698 - [ERROR] - [BTCUSD] ML Inference Error: cannot access local variable 'pd' where it is not associated with a value. Proceeding without ML.
2026-07-21 12:02:54,703 - [INFO] - [BTCUSD] Anti-Martingale: 2 Losses in a row! Halving risk to 0.50%
2026-07-21 12:02:54,952 - [INFO] - [BTCUSD] SUCCESS - Opened BUY | Strat: ZERO_HERO | Lot: 0.12 | SL: 65774.33571428571
2026-07-21 12:02:54,959 - [ERROR] - [GBPUSD] ML Inference Error: cannot access local variable 'pd' where it is not associated with a value. Proceeding without ML.
2026-07-21 12:02:54,964 - [INFO] - [GBPUSD] Anti-Martingale: 2 Losses in a row! Halving risk to 0.50%
2026-07-21 12:02:55,208 - [INFO] - [GBPUSD] SUCCESS - Opened BUY | Strat: ZERO_HERO | Lot: 0.17 | SL: 1.3438500000000002
2026-07-21 12:06:08,435 - [INFO] - [ETHUSD] Trade in Golden Hour (6 UTC). Targeting 3.0 R:R.
2026-07-21 12:06:08,444 - [ERROR] - [ETHUSD] ML Inference Error: cannot access local variable 'pd' where it is not associated with a value. Proceeding without ML.
2026-07-21 12:06:08,447 - [INFO] - [ETHUSD] Anti-Martingale: 2 Losses in a row! Halving risk to 0.50%
2026-07-21 12:06:08,447 - [WARNING] - [ETHUSD] [RISK_CAP] Lot size 3.20 capped to 0.5 for safety.
2026-07-21 12:06:08,683 - [INFO] - [ETHUSD] SUCCESS - Opened BUY | Strat: ZERO_HERO | Lot: 0.5 | SL: 1936.9114285714286
2026-07-21 12:08:09,638 - [INFO] - [ETHUSD] Trade in Golden Hour (6 UTC). Targeting 3.0 R:R.
2026-07-21 12:08:09,658 - [ERROR] - [ETHUSD] ML Inference Error: cannot access local variable 'pd' where it is not associated with a value. Proceeding without ML.
2026-07-21 12:08:09,663 - [INFO] - [ETHUSD] Anti-Martingale: 2 Losses in a row! Halving risk to 0.50%
2026-07-21 12:08:09,665 - [WARNING] - [ETHUSD] [RISK_CAP] Lot size 3.17 capped to 0.5 for safety.
2026-07-21 12:08:09,908 - [INFO] - [ETHUSD] SUCCESS - Opened BUY | Strat: ZERO_HERO | Lot: 0.5 | SL: 1934.922142857143
2026-07-21 12:11:26,884 - [INFO] - [ETHUSD] Trade in Golden Hour (6 UTC). Targeting 3.0 R:R.
2026-07-21 12:11:26,892 - [ERROR] - [ETHUSD] ML Inference Error: cannot access local variable 'pd' where it is not associated with a value. Proceeding without ML.
2026-07-21 12:11:26,897 - [INFO] - [ETHUSD] Anti-Martingale: 2 Losses in a row! Halving risk to 0.50%
2026-07-21 12:11:26,897 - [WARNING] - [ETHUSD] [RISK_CAP] Lot size 3.16 capped to 0.5 for safety.
2026-07-21 12:11:27,137 - [INFO] - [ETHUSD] SUCCESS - Opened BUY | Strat: ZERO_HERO | Lot: 0.5 | SL: 1934.5321428571428
2026-07-21 16:37:38,201 - [INFO] - Successfully loaded ML Model: c:\anlyzeforex\forextele\final_model_sucess.joblib
2026-07-21 16:37:38,224 - [INFO] - Starting Multi-Threaded AI Strategy Executor (CRASH RESISTANT)...
2026-07-21 16:37:38,254 - [INFO] - [SYSTEM] Trailing Stop Engine Online.
2026-07-21 16:37:38,254 - [INFO] - [SYSTEM] Strategy PnL Tracker Engine Online.
2026-07-21 16:37:38,257 - [INFO] - [GOLD] Thread Started. Polling for AI Entry conditions.
2026-07-21 16:37:38,258 - [INFO] - [BTCUSD] Thread Started. Polling for AI Entry conditions.
2026-07-21 16:37:38,259 - [INFO] - [ETHUSD] Thread Started. Polling for AI Entry conditions.
2026-07-21 16:37:38,259 - [INFO] - [EURUSD] Thread Started. Polling for AI Entry conditions.
2026-07-21 16:37:38,260 - [INFO] - [GBPUSD] Thread Started. Polling for AI Entry conditions.
2026-07-21 16:37:38,260 - [INFO] - [USDJPY] Thread Started. Polling for AI Entry conditions.
2026-07-21 16:37:38,261 - [INFO] - [SILVER] Thread Started. Polling for AI Entry conditions.
2026-07-21 16:37:38,814 - [INFO] - [USDJPY] Trade in Golden Hour (11 UTC). Targeting 3.0 R:R.
2026-07-21 16:37:38,854 - [INFO] - [BTCUSD] Trade outside Golden Hour (11 UTC). Targeting reduced 2.0 R:R.
2026-07-21 16:37:38,861 - [INFO] - [EURUSD] Trade outside Golden Hour (11 UTC). Targeting reduced 2.0 R:R.
2026-07-21 16:37:38,873 - [ERROR] - [USDJPY] ML Inference Error: cannot access local variable 'pd' where it is not associated with a value. Proceeding without ML.
2026-07-21 16:37:38,877 - [INFO] - [USDJPY] Anti-Martingale: 2 Losses in a row! Halving risk to 0.50%
2026-07-21 16:37:38,881 - [INFO] - [GBPUSD] Trade in Golden Hour (11 UTC). Targeting 3.0 R:R.
2026-07-21 16:37:39,135 - [INFO] - [USDJPY] SUCCESS - Opened BUY | Strat: ZERO_HERO | Lot: 0.27 | SL: 162.606
2026-07-21 16:37:39,170 - [ERROR] - [EURUSD] ML Inference Error: cannot access local variable 'pd' where it is not associated with a value. Proceeding without ML.
2026-07-21 16:37:39,172 - [INFO] - [EURUSD] Anti-Martingale: 2 Losses in a row! Halving risk to 0.50%
2026-07-21 16:37:39,418 - [ERROR] - [BTCUSD] ML Inference Error: cannot access local variable 'pd' where it is not associated with a value. Proceeding without ML.
2026-07-21 16:37:39,421 - [INFO] - [EURUSD] SUCCESS - Opened SELL | Strat: ZERO_HERO | Lot: 0.17 | SL: 1.14295
2026-07-21 16:37:39,423 - [INFO] - [BTCUSD] Anti-Martingale: 2 Losses in a row! Halving risk to 0.50%
2026-07-21 16:37:39,671 - [INFO] - [BTCUSD] SUCCESS - Opened SELL | Strat: ZERO_HERO | Lot: 0.13 | SL: 66273.36428571428
2026-07-21 16:37:39,673 - [ERROR] - [GBPUSD] ML Inference Error: cannot access local variable 'pd' where it is not associated with a value. Proceeding without ML.
2026-07-21 16:37:39,680 - [INFO] - [GBPUSD] Anti-Martingale: 2 Losses in a row! Halving risk to 0.50%
2026-07-21 16:37:39,926 - [INFO] - [GBPUSD] SUCCESS - Opened SELL | Strat: ZERO_HERO | Lot: 0.17 | SL: 1.3426999999999998
2026-07-21 16:37:42,076 - [INFO] - [ETHUSD] Trade outside Golden Hour (11 UTC). Targeting reduced 2.0 R:R.
2026-07-21 16:37:42,103 - [ERROR] - [ETHUSD] ML Inference Error: cannot access local variable 'pd' where it is not associated with a value. Proceeding without ML.
2026-07-21 16:37:42,105 - [INFO] - [ETHUSD] Anti-Martingale: 2 Losses in a row! Halving risk to 0.50%
2026-07-21 16:37:42,110 - [WARNING] - [ETHUSD] [RISK_CAP] Lot size 3.10 capped to 0.5 for safety.
2026-07-21 16:37:42,351 - [INFO] - [ETHUSD] SUCCESS - Opened SELL | Strat: ZERO_HERO | Lot: 0.5 | SL: 1934.5414285714287
2026-07-21 16:39:43,089 - [INFO] - [ETHUSD] Trade outside Golden Hour (11 UTC). Targeting reduced 2.0 R:R.
2026-07-21 16:39:43,112 - [ERROR] - [ETHUSD] ML Inference Error: cannot access local variable 'pd' where it is not associated with a value. Proceeding without ML.
2026-07-21 16:39:43,116 - [INFO] - [ETHUSD] Anti-Martingale: 2 Losses in a row! Halving risk to 0.50%
2026-07-21 16:39:43,118 - [WARNING] - [ETHUSD] [RISK_CAP] Lot size 3.11 capped to 0.5 for safety.
2026-07-21 16:39:43,359 - [INFO] - [ETHUSD] SUCCESS - Opened SELL | Strat: ZERO_HERO | Lot: 0.5 | SL: 1934.297142857143
2026-07-21 16:42:02,071 - [INFO] - [GBPUSD] Strategy Step-Trail: Locked SL to 1.34153
2026-07-21 16:42:19,572 - [INFO] - [ETHUSD] Trade outside Golden Hour (11 UTC). Targeting reduced 2.0 R:R.
2026-07-21 16:42:19,592 - [ERROR] - [ETHUSD] ML Inference Error: cannot access local variable 'pd' where it is not associated with a value. Proceeding without ML.
2026-07-21 16:42:19,597 - [INFO] - [ETHUSD] Anti-Martingale: 2 Losses in a row! Halving risk to 0.50%
2026-07-21 16:42:19,602 - [WARNING] - [ETHUSD] [RISK_CAP] Lot size 3.03 capped to 0.5 for safety.
2026-07-21 16:42:19,842 - [INFO] - [ETHUSD] SUCCESS - Opened SELL | Strat: ZERO_HERO | Lot: 0.5 | SL: 1935.0007142857144
2026-07-21 16:42:21,194 - [INFO] - [BTCUSD] Trade outside Golden Hour (11 UTC). Targeting reduced 2.0 R:R.
2026-07-21 16:42:21,208 - [ERROR] - [BTCUSD] ML Inference Error: cannot access local variable 'pd' where it is not associated with a value. Proceeding without ML.
2026-07-21 16:42:21,210 - [INFO] - [BTCUSD] Anti-Martingale: 2 Losses in a row! Halving risk to 0.50%
2026-07-21 16:42:21,448 - [INFO] - [BTCUSD] SUCCESS - Opened SELL | Strat: ZERO_HERO | Lot: 0.13 | SL: 66353.56428571428
2026-07-21 16:44:58,204 - [WARNING] - [GOLD] \U0001f6a8 Spread Protection: Live Spread (56) > Max Allowable (40). Trade Aborted.
2026-07-21 16:46:59,060 - [WARNING] - [GOLD] \U0001f6a8 Spread Protection: Live Spread (56) > Max Allowable (40). Trade Aborted.
2026-07-21 16:48:59,247 - [WARNING] - [GOLD] \U0001f6a8 Spread Protection: Live Spread (55) > Max Allowable (40). Trade Aborted.
2026-07-21 16:51:00,159 - [WARNING] - [GOLD] \U0001f6a8 Spread Protection: Live Spread (55) > Max Allowable (40). Trade Aborted.
2026-07-21 16:53:01,194 - [WARNING] - [GOLD] \U0001f6a8 Spread Protection: Live Spread (56) > Max Allowable (40). Trade Aborted.
2026-07-21 16:55:02,160 - [WARNING] - [GOLD] \U0001f6a8 Spread Protection: Live Spread (55) > Max Allowable (40). Trade Aborted.
2026-07-21 16:57:02,407 - [WARNING] - [GOLD] \U0001f6a8 Spread Protection: Live Spread (57) > Max Allowable (40). Trade Aborted.
2026-07-21 16:59:02,873 - [WARNING] - [GOLD] \U0001f6a8 Spread Protection: Live Spread (56) > Max Allowable (40). Trade Aborted.
2026-07-21 17:01:03,920 - [WARNING] - [GOLD] \U0001f6a8 Spread Protection: Live Spread (52) > Max Allowable (40). Trade Aborted.
2026-07-21 17:03:04,936 - [WARNING] - [GOLD] \U0001f6a8 Spread Protection: Live Spread (55) > Max Allowable (40). Trade Aborted.
2026-07-21 17:05:05,581 - [WARNING] - [GOLD] \U0001f6a8 Spread Protection: Live Spread (55) > Max Allowable (40). Trade Aborted.
2026-07-21 17:07:06,311 - [WARNING] - [GOLD] \U0001f6a8 Spread Protection: Live Spread (53) > Max Allowable (40). Trade Aborted.
2026-07-21 17:09:06,999 - [WARNING] - [GOLD] \U0001f6a8 Spread Protection: Live Spread (58) > Max Allowable (40). Trade Aborted.
2026-07-21 17:09:55,140 - [INFO] - [GBPUSD] Trade in Golden Hour (11 UTC). Targeting 3.0 R:R.
2026-07-21 17:09:55,148 - [ERROR] - [GBPUSD] ML Inference Error: cannot access local variable 'pd' where it is not associated with a value. Proceeding without ML.
2026-07-21 17:09:55,410 - [INFO] - [GBPUSD] SUCCESS - Opened SELL | Strat: ZERO_HERO | Lot: 0.33 | SL: 1.34228
2026-07-21 17:11:07,555 - [WARNING] - [GOLD] \U0001f6a8 Spread Protection: Live Spread (57) > Max Allowable (40). Trade Aborted.
2026-07-21 17:12:27,206 - [INFO] - [BTCUSD] Trade outside Golden Hour (11 UTC). Targeting reduced 2.0 R:R.
2026-07-21 17:12:27,214 - [ERROR] - [BTCUSD] ML Inference Error: cannot access local variable 'pd' where it is not associated with a value. Proceeding without ML.
2026-07-21 17:12:27,454 - [INFO] - [BTCUSD] SUCCESS - Opened BUY | Strat: ZERO_HERO | Lot: 0.29 | SL: 66252.58571428571
2026-07-21 17:13:08,372 - [WARNING] - [GOLD] \U0001f6a8 Spread Protection: Live Spread (57) > Max Allowable (40). Trade Aborted.
2026-07-21 17:15:09,571 - [WARNING] - [GOLD] \U0001f6a8 Spread Protection: Live Spread (57) > Max Allowable (40). Trade Aborted.
2026-07-21 17:17:09,904 - [WARNING] - [GOLD] \U0001f6a8 Spread Protection: Live Spread (55) > Max Allowable (40). Trade Aborted.
2026-07-21 17:19:10,406 - [WARNING] - [GOLD] \U0001f6a8 Spread Protection: Live Spread (54) > Max Allowable (40). Trade Aborted.
2026-07-21 17:21:11,827 - [WARNING] - [GOLD] \U0001f6a8 Spread Protection: Live Spread (54) > Max Allowable (40). Trade Aborted.
2026-07-21 17:23:12,562 - [WARNING] - [GOLD] \U0001f6a8 Spread Protection: Live Spread (55) > Max Allowable (40). Trade Aborted.
2026-07-21 17:24:13,018 - [INFO] - [GBPUSD] Strategy Step-Trail: Locked SL to 1.34113
2026-07-21 17:25:12,710 - [WARNING] - [GOLD] \U0001f6a8 Spread Protection: Live Spread (54) > Max Allowable (40). Trade Aborted.
2026-07-21 17:27:13,856 - [WARNING] - [GOLD] \U0001f6a8 Spread Protection: Live Spread (57) > Max Allowable (40). Trade Aborted.
2026-07-21 17:29:14,148 - [WARNING] - [GOLD] \U0001f6a8 Spread Protection: Live Spread (55) > Max Allowable (40). Trade Aborted.
2026-07-21 17:31:14,898 - [WARNING] - [GOLD] \U0001f6a8 Spread Protection: Live Spread (53) > Max Allowable (40). Trade Aborted.
2026-07-21 17:33:02,125 - [INFO] - [BTCUSD] Trade outside Golden Hour (12 UTC). Targeting reduced 2.0 R:R.
2026-07-21 17:33:02,145 - [ERROR] - [BTCUSD] ML Inference Error: cannot access local variable 'pd' where it is not associated with a value. Proceeding without ML.
2026-07-21 17:33:02,440 - [INFO] - [BTCUSD] SUCCESS - Opened BUY | Strat: ZERO_HERO | Lot: 0.33 | SL: 66201.14285714286
2026-07-21 17:33:15,791 - [WARNING] - [GOLD] \U0001f6a8 Spread Protection: Live Spread (56) > Max Allowable (40). Trade Aborted.
2026-07-21 17:35:16,753 - [WARNING] - [GOLD] \U0001f6a8 Spread Protection: Live Spread (57) > Max Allowable (40). Trade Aborted.
2026-07-21 17:37:17,808 - [WARNING] - [GOLD] \U0001f6a8 Spread Protection: Live Spread (57) > Max Allowable (40). Trade Aborted.
2026-07-21 17:39:18,420 - [WARNING] - [GOLD] \U0001f6a8 Spread Protection: Live Spread (54) > Max Allowable (40). Trade Aborted.
2026-07-21 17:41:19,633 - [ERROR] - [GOLD] Strategy VOLUME_CLIMAX error: 'volume'
2026-07-21 17:41:20,064 - [WARNING] - [GOLD] \U0001f6a8 Spread Protection: Live Spread (57) > Max Allowable (40). Trade Aborted.
2026-07-21 17:42:24,388 - [INFO] - [BTCUSD] Strategy Step-Trail: Locked SL to 66302.6
2026-07-21 17:43:20,421 - [ERROR] - [GOLD] Strategy VOLUME_CLIMAX error: 'volume'
2026-07-21 17:43:20,674 - [WARNING] - [GOLD] \U0001f6a8 Spread Protection: Live Spread (56) > Max Allowable (40). Trade Aborted.
2026-07-21 17:45:21,577 - [WARNING] - [GOLD] \U0001f6a8 Spread Protection: Live Spread (53) > Max Allowable (40). Trade Aborted.
2026-07-21 17:45:54,856 - [INFO] - [GBPUSD] Strategy Step-Trail: Locked SL to 1.34052
2026-07-21 17:45:56,325 - [INFO] - [ETHUSD] Trade outside Golden Hour (12 UTC). Targeting reduced 2.0 R:R.
2026-07-21 17:45:56,340 - [ERROR] - [ETHUSD] ML Inference Error: cannot access local variable 'pd' where it is not associated with a value. Proceeding without ML.
2026-07-21 17:45:56,383 - [WARNING] - [ETHUSD] [RISK_CAP] Lot size 7.30 capped to 0.5 for safety.
2026-07-21 17:45:56,395 - [WARNING] - [ETHUSD] Retcode 10016 (Invalid Stops). Retrying with widened safety stops...
2026-07-21 17:45:56,709 - [INFO] - [ETHUSD] SUCCESS - Opened SELL | Strat: ZERO_HERO | Lot: 0.5 | SL: 1935.6542857142856
2026-07-21 17:47:21,968 - [WARNING] - [GOLD] \U0001f6a8 Spread Protection: Live Spread (58) > Max Allowable (40). Trade Aborted.
2026-07-21 17:48:56,543 - [INFO] - [GBPUSD] Strategy Step-Trail: Locked SL to 1.34051
2026-07-21 17:49:10,306 - [INFO] - [ETHUSD] Trade outside Golden Hour (12 UTC). Targeting reduced 2.0 R:R.
2026-07-21 17:49:10,314 - [ERROR] - [ETHUSD] ML Inference Error: cannot access local variable 'pd' where it is not associated with a value. Proceeding without ML.
2026-07-21 17:49:10,317 - [WARNING] - [ETHUSD] [RISK_CAP] Lot size 7.05 capped to 0.5 for safety.
2026-07-21 17:49:10,318 - [WARNING] - [ETHUSD] Retcode 10016 (Invalid Stops). Retrying with widened safety stops...
2026-07-21 17:49:10,556 - [INFO] - [ETHUSD] SUCCESS - Opened BUY | Strat: ZERO_HERO | Lot: 0.5 | SL: 1936.4485714285715
2026-07-21 17:49:22,228 - [WARNING] - [GOLD] \U0001f6a8 Spread Protection: Live Spread (53) > Max Allowable (40). Trade Aborted.
2026-07-21 17:50:56,945 - [INFO] - [USDJPY] Strategy Step-Trail: Locked SL to 162.721
2026-07-21 17:51:22,453 - [ERROR] - [GOLD] Strategy VOLUME_CLIMAX error: 'volume'
2026-07-21 17:51:22,722 - [WARNING] - [GOLD] \U0001f6a8 Spread Protection: Live Spread (56) > Max Allowable (40). Trade Aborted.
2026-07-21 17:52:27,970 - [INFO] - [GBPUSD] Strategy Step-Trail: Locked SL to 1.3405
2026-07-21 17:53:07,792 - [INFO] - [GBPUSD] Strategy Step-Trail: Locked SL to 1.34049
2026-07-21 17:53:23,312 - [ERROR] - [GOLD] Strategy VOLUME_CLIMAX error: 'volume'
2026-07-21 17:53:23,565 - [WARNING] - [GOLD] \U0001f6a8 Spread Protection: Live Spread (54) > Max Allowable (40). Trade Aborted.
2026-07-21 17:54:51,282 - [INFO] - [GBPUSD] Strategy Step-Trail: Locked SL to 1.34048
2026-07-21 17:55:08,484 - [INFO] - [GBPUSD] Trade outside Golden Hour (12 UTC). Targeting reduced 2.0 R:R.
2026-07-21 17:55:08,493 - [ERROR] - [GBPUSD] ML Inference Error: cannot access local variable 'pd' where it is not associated with a value. Proceeding without ML.
2026-07-21 17:55:08,732 - [INFO] - [GBPUSD] SUCCESS - Opened SELL | Strat: ZERO_HERO | Lot: 0.34 | SL: 1.3396899999999998
2026-07-21 17:55:24,552 - [WARNING] - [GOLD] \U0001f6a8 Spread Protection: Live Spread (53) > Max Allowable (40). Trade Aborted.
2026-07-21 17:57:25,240 - [WARNING] - [GOLD] \U0001f6a8 Spread Protection: Live Spread (55) > Max Allowable (40). Trade Aborted.
2026-07-21 17:59:25,779 - [WARNING] - [GOLD] \U0001f6a8 Spread Protection: Live Spread (56) > Max Allowable (40). Trade Aborted.
2026-07-21 18:00:21,538 - [INFO] - [USDJPY] Strategy Step-Trail: Locked SL to 162.746
2026-07-21 18:01:25,965 - [ERROR] - [GOLD] Strategy VOLUME_CLIMAX error: 'volume'
2026-07-21 18:01:26,217 - [WARNING] - [GOLD] \U0001f6a8 Spread Protection: Live Spread (56) > Max Allowable (40). Trade Aborted.
2026-07-21 18:03:12,761 - [INFO] - [BTCUSD] Trade outside Golden Hour (12 UTC). Targeting reduced 2.0 R:R.
2026-07-21 18:03:12,769 - [ERROR] - [BTCUSD] ML Inference Error: cannot access local variable 'pd' where it is not associated with a value. Proceeding without ML.
2026-07-21 18:03:13,046 - [INFO] - [BTCUSD] SUCCESS - Opened BUY | Strat: ZERO_HERO | Lot: 0.3 | SL: 66436.55
2026-07-21 18:03:27,627 - [WARNING] - [GOLD] \U0001f6a8 Spread Protection: Live Spread (56) > Max Allowable (40). Trade Aborted.
2026-07-21 18:05:27,943 - [ERROR] - [GOLD] Strategy VOLUME_CLIMAX error: 'volume'
2026-07-21 18:05:28,323 - [WARNING] - [GOLD] \U0001f6a8 Spread Protection: Live Spread (57) > Max Allowable (40). Trade Aborted.
2026-07-21 18:07:28,467 - [WARNING] - [GOLD] \U0001f6a8 Spread Protection: Live Spread (57) > Max Allowable (40). Trade Aborted.
2026-07-21 18:09:29,441 - [WARNING] - [GOLD] \U0001f6a8 Spread Protection: Live Spread (58) > Max Allowable (40). Trade Aborted.
2026-07-21 18:11:01,783 - [INFO] - [USDJPY] Strategy Step-Trail: Locked SL to 162.747
2026-07-21 18:11:30,420 - [WARNING] - [GOLD] \U0001f6a8 Spread Protection: Live Spread (56) > Max Allowable (40). Trade Aborted.
2026-07-21 18:13:31,122 - [WARNING] - [GOLD] \U0001f6a8 Spread Protection: Live Spread (55) > Max Allowable (40). Trade Aborted.
2026-07-21 18:13:40,524 - [INFO] - [EURUSD] Strategy Step-Trail: Locked SL to 1.1418
2026-07-21 18:15:31,413 - [WARNING] - [GOLD] \U0001f6a8 Spread Protection: Live Spread (58) > Max Allowable (40). Trade Aborted.
2026-07-21 18:17:32,293 - [WARNING] - [GOLD] \U0001f6a8 Spread Protection: Live Spread (59) > Max Allowable (40). Trade Aborted.
2026-07-21 18:17:57,644 - [INFO] - [EURUSD] Trade outside Golden Hour (12 UTC). Targeting reduced 2.0 R:R.
2026-07-21 18:17:57,658 - [ERROR] - [EURUSD] ML Inference Error: cannot access local variable 'pd' where it is not associated with a value. Proceeding without ML.
2026-07-21 18:17:58,260 - [INFO] - [EURUSD] SUCCESS - Opened BUY | Strat: ORDER_BLOCK_REVERSAL | Lot: 0.34 | SL: 1.1408300000000002
2026-07-21 18:19:32,615 - [ERROR] - [GOLD] Strategy VOLUME_CLIMAX error: 'volume'
2026-07-21 18:19:32,881 - [WARNING] - [GOLD] \U0001f6a8 Spread Protection: Live Spread (58) > Max Allowable (40). Trade Aborted.
2026-07-21 18:21:15,826 - [INFO] - [USDJPY] Trade outside Golden Hour (12 UTC). Targeting reduced 2.0 R:R.
2026-07-21 18:21:15,855 - [ERROR] - [USDJPY] ML Inference Error: cannot access local variable 'pd' where it is not associated with a value. Proceeding without ML.
2026-07-21 18:21:15,883 - [WARNING] - [USDJPY] [RISK_CAP] Lot size 0.55 capped to 0.5 for safety.
2026-07-21 18:21:16,135 - [INFO] - [USDJPY] SUCCESS - Opened SELL | Strat: ORDER_BLOCK_REVERSAL | Lot: 0.5 | SL: 162.828
2026-07-21 18:21:33,649 - [ERROR] - [GOLD] Strategy VOLUME_CLIMAX error: 'volume'
2026-07-21 18:21:33,935 - [WARNING] - [GOLD] \U0001f6a8 Spread Protection: Live Spread (58) > Max Allowable (40). Trade Aborted.
2026-07-21 18:23:34,750 - [ERROR] - [GOLD] Strategy VOLUME_CLIMAX error: 'volume'
2026-07-21 18:23:35,010 - [WARNING] - [GOLD] \U0001f6a8 Spread Protection: Live Spread (58) > Max Allowable (40). Trade Aborted.
2026-07-21 18:25:35,879 - [WARNING] - [GOLD] \U0001f6a8 Spread Protection: Live Spread (56) > Max Allowable (40). Trade Aborted.
2026-07-21 18:27:36,613 - [ERROR] - [GOLD] Strategy VOLUME_CLIMAX error: 'volume'
2026-07-21 18:27:36,862 - [WARNING] - [GOLD] \U0001f6a8 Spread Protection: Live Spread (58) > Max Allowable (40). Trade Aborted.
2026-07-21 18:29:37,687 - [ERROR] - [GOLD] Strategy VOLUME_CLIMAX error: 'volume'
2026-07-21 18:29:39,061 - [ERROR] - [GOLD] Strategy VOLUME_CLIMAX error: 'volume'
2026-07-21 18:29:40,405 - [ERROR] - [GOLD] Strategy VOLUME_CLIMAX error: 'volume'
2026-07-21 18:29:41,753 - [ERROR] - [GOLD] Strategy VOLUME_CLIMAX error: 'volume'
2026-07-21 18:29:43,120 - [ERROR] - [GOLD] Strategy VOLUME_CLIMAX error: 'volume'
2026-07-21 18:29:44,471 - [ERROR] - [GOLD] Strategy VOLUME_CLIMAX error: 'volume'
2026-07-21 18:29:45,817 - [ERROR] - [GOLD] Strategy VOLUME_CLIMAX error: 'volume'
2026-07-21 18:29:47,179 - [ERROR] - [GOLD] Strategy VOLUME_CLIMAX error: 'volume'
2026-07-21 18:29:48,605 - [ERROR] - [GOLD] Strategy VOLUME_CLIMAX error: 'volume'
2026-07-21 18:29:49,983 - [ERROR] - [GOLD] Strategy VOLUME_CLIMAX error: 'volume'
2026-07-21 18:29:51,359 - [ERROR] - [GOLD] Strategy VOLUME_CLIMAX error: 'volume'
2026-07-21 18:29:52,723 - [ERROR] - [GOLD] Strategy VOLUME_CLIMAX error: 'volume'
2026-07-21 18:29:54,235 - [WARNING] - [GOLD] \U0001f6a8 Spread Protection: Live Spread (58) > Max Allowable (40). Trade Aborted.
2026-07-21 18:31:54,767 - [ERROR] - [GOLD] Strategy VOLUME_CLIMAX error: 'volume'
2026-07-21 18:31:55,241 - [WARNING] - [GOLD] \U0001f6a8 Spread Protection: Live Spread (58) > Max Allowable (40). Trade Aborted.
2026-07-21 18:33:55,956 - [ERROR] - [GOLD] Strategy VOLUME_CLIMAX error: 'volume'
2026-07-21 18:33:56,466 - [WARNING] - [GOLD] \U0001f6a8 Spread Protection: Live Spread (56) > Max Allowable (40). Trade Aborted.
2026-07-21 18:35:57,603 - [ERROR] - [GOLD] Strategy VOLUME_CLIMAX error: 'volume'
2026-07-21 18:35:57,865 - [WARNING] - [GOLD] \U0001f6a8 Spread Protection: Live Spread (58) > Max Allowable (40). Trade Aborted.
2026-07-21 18:37:58,907 - [ERROR] - [GOLD] Strategy VOLUME_CLIMAX error: 'volume'
2026-07-21 18:37:59,167 - [WARNING] - [GOLD] \U0001f6a8 Spread Protection: Live Spread (59) > Max Allowable (40). Trade Aborted.
2026-07-21 18:40:00,185 - [ERROR] - [GOLD] Strategy VOLUME_CLIMAX error: 'volume'
2026-07-21 18:40:00,441 - [WARNING] - [GOLD] \U0001f6a8 Spread Protection: Live Spread (59) > Max Allowable (40). Trade Aborted.
2026-07-21 18:42:01,332 - [ERROR] - [GOLD] Strategy VOLUME_CLIMAX error: 'volume'
2026-07-21 18:42:01,873 - [WARNING] - [GOLD] \U0001f6a8 Spread Protection: Live Spread (59) > Max Allowable (40). Trade Aborted.
2026-07-21 18:44:02,655 - [ERROR] - [GOLD] Strategy VOLUME_CLIMAX error: 'volume'
2026-07-21 18:44:03,126 - [WARNING] - [GOLD] \U0001f6a8 Spread Protection: Live Spread (58) > Max Allowable (40). Trade Aborted.
2026-07-21 18:46:03,602 - [ERROR] - [GOLD] Strategy VOLUME_CLIMAX error: 'volume'
2026-07-21 18:46:03,868 - [WARNING] - [GOLD] \U0001f6a8 Spread Protection: Live Spread (58) > Max Allowable (40). Trade Aborted.
2026-07-21 18:48:04,432 - [ERROR] - [GOLD] Strategy VOLUME_CLIMAX error: 'volume'
2026-07-21 18:48:05,791 - [ERROR] - [GOLD] Strategy VOLUME_CLIMAX error: 'volume'
2026-07-21 18:48:07,143 - [ERROR] - [GOLD] Strategy VOLUME_CLIMAX error: 'volume'
2026-07-21 18:48:08,555 - [ERROR] - [GOLD] Strategy VOLUME_CLIMAX error: 'volume'
2026-07-21 18:48:10,041 - [ERROR] - [GOLD] Strategy VOLUME_CLIMAX error: 'volume'
2026-07-21 18:48:11,529 - [ERROR] - [GOLD] Strategy VOLUME_CLIMAX error: 'volume'
2026-07-21 18:48:12,890 - [ERROR] - [GOLD] Strategy VOLUME_CLIMAX error: 'volume'
2026-07-21 18:48:23,673 - [ERROR] - [GOLD] Strategy VOLUME_CLIMAX error: 'volume'
2026-07-21 18:48:25,042 - [ERROR] - [GOLD] Strategy VOLUME_CLIMAX error: 'volume'
2026-07-21 18:48:26,396 - [ERROR] - [GOLD] Strategy VOLUME_CLIMAX error: 'volume'
2026-07-21 18:48:27,766 - [ERROR] - [GOLD] Strategy VOLUME_CLIMAX error: 'volume'
2026-07-21 18:48:29,141 - [ERROR] - [GOLD] Strategy VOLUME_CLIMAX error: 'volume'
2026-07-21 18:48:30,500 - [ERROR] - [GOLD] Strategy VOLUME_CLIMAX error: 'volume'
2026-07-21 18:48:31,862 - [ERROR] - [GOLD] Strategy VOLUME_CLIMAX error: 'volume'
2026-07-21 18:48:33,230 - [ERROR] - [GOLD] Strategy VOLUME_CLIMAX error: 'volume'
2026-07-21 18:48:34,587 - [ERROR] - [GOLD] Strategy VOLUME_CLIMAX error: 'volume'
2026-07-21 18:48:36,012 - [ERROR] - [GOLD] Strategy VOLUME_CLIMAX error: 'volume'
2026-07-21 18:48:37,381 - [ERROR] - [GOLD] Strategy VOLUME_CLIMAX error: 'volume'
2026-07-21 18:48:38,772 - [ERROR] - [GOLD] Strategy VOLUME_CLIMAX error: 'volume'
2026-07-21 18:48:40,139 - [ERROR] - [GOLD] Strategy VOLUME_CLIMAX error: 'volume'
2026-07-21 18:48:41,501 - [ERROR] - [GOLD] Strategy VOLUME_CLIMAX error: 'volume'
2026-07-21 18:48:42,859 - [ERROR] - [GOLD] Strategy VOLUME_CLIMAX error: 'volume'
2026-07-21 18:48:44,217 - [ERROR] - [GOLD] Strategy VOLUME_CLIMAX error: 'volume'
2026-07-21 18:48:45,580 - [ERROR] - [GOLD] Strategy VOLUME_CLIMAX error: 'volume'
2026-07-21 18:48:46,963 - [ERROR] - [GOLD] Strategy VOLUME_CLIMAX error: 'volume'
2026-07-21 18:48:48,328 - [ERROR] - [GOLD] Strategy VOLUME_CLIMAX error: 'volume'
2026-07-21 18:48:49,697 - [ERROR] - [GOLD] Strategy VOLUME_CLIMAX error: 'volume'
2026-07-21 18:48:51,072 - [ERROR] - [GOLD] Strategy VOLUME_CLIMAX error: 'volume'
2026-07-21 18:48:52,438 - [ERROR] - [GOLD] Strategy VOLUME_CLIMAX error: 'volume'
2026-07-21 18:48:53,876 - [ERROR] - [GOLD] Strategy VOLUME_CLIMAX error: 'volume'
2026-07-21 18:48:55,261 - [ERROR] - [GOLD] Strategy VOLUME_CLIMAX error: 'volume'
2026-07-21 18:48:56,689 - [ERROR] - [GOLD] Strategy VOLUME_CLIMAX error: 'volume'
2026-07-21 18:48:58,057 - [ERROR] - [GOLD] Strategy VOLUME_CLIMAX error: 'volume'
2026-07-21 18:48:59,421 - [ERROR] - [GOLD] Strategy VOLUME_CLIMAX error: 'volume'
2026-07-21 18:49:00,779 - [ERROR] - [GOLD] Strategy VOLUME_CLIMAX error: 'volume'
2026-07-21 18:49:02,276 - [ERROR] - [GOLD] Strategy VOLUME_CLIMAX error: 'volume'
2026-07-21 18:49:03,681 - [ERROR] - [GOLD] Strategy VOLUME_CLIMAX error: 'volume'
2026-07-21 18:49:05,043 - [ERROR] - [GOLD] Strategy VOLUME_CLIMAX error: 'volume'
2026-07-21 18:49:06,423 - [ERROR] - [GOLD] Strategy VOLUME_CLIMAX error: 'volume'
2026-07-21 18:49:07,817 - [ERROR] - [GOLD] Strategy VOLUME_CLIMAX error: 'volume'
2026-07-21 18:49:09,213 - [ERROR] - [GOLD] Strategy VOLUME_CLIMAX error: 'volume'
2026-07-21 18:49:10,602 - [ERROR] - [GOLD] Strategy VOLUME_CLIMAX error: 'volume'
2026-07-21 18:49:12,010 - [ERROR] - [GOLD] Strategy VOLUME_CLIMAX error: 'volume'
2026-07-21 18:49:13,433 - [ERROR] - [GOLD] Strategy VOLUME_CLIMAX error: 'volume'
2026-07-21 18:49:14,818 - [ERROR] - [GOLD] Strategy VOLUME_CLIMAX error: 'volume'
2026-07-21 18:49:16,290 - [ERROR] - [GOLD] Strategy VOLUME_CLIMAX error: 'volume'
2026-07-21 18:49:17,659 - [ERROR] - [GOLD] Strategy VOLUME_CLIMAX error: 'volume'
2026-07-21 18:49:19,028 - [ERROR] - [GOLD] Strategy VOLUME_CLIMAX error: 'volume'
2026-07-21 18:49:20,423 - [ERROR] - [GOLD] Strategy VOLUME_CLIMAX error: 'volume'
2026-07-21 18:49:21,777 - [ERROR] - [GOLD] Strategy VOLUME_CLIMAX error: 'volume'
2026-07-21 18:49:23,134 - [ERROR] - [GOLD] Strategy VOLUME_CLIMAX error: 'volume'
2026-07-21 18:49:24,489 - [ERROR] - [GOLD] Strategy VOLUME_CLIMAX error: 'volume'
2026-07-21 18:49:25,840 - [ERROR] - [GOLD] Strategy VOLUME_CLIMAX error: 'volume'
2026-07-21 18:49:27,192 - [ERROR] - [GOLD] Strategy VOLUME_CLIMAX error: 'volume'
2026-07-21 18:49:28,546 - [ERROR] - [GOLD] Strategy VOLUME_CLIMAX error: 'volume'
2026-07-21 18:49:29,912 - [ERROR] - [GOLD] Strategy VOLUME_CLIMAX error: 'volume'
2026-07-21 18:49:31,302 - [ERROR] - [GOLD] Strategy VOLUME_CLIMAX error: 'volume'
2026-07-21 18:49:32,662 - [ERROR] - [GOLD] Strategy VOLUME_CLIMAX error: 'volume'
2026-07-21 18:49:34,102 - [ERROR] - [GOLD] Strategy VOLUME_CLIMAX error: 'volume'
2026-07-21 18:49:35,457 - [ERROR] - [GOLD] Strategy VOLUME_CLIMAX error: 'volume'
2026-07-21 18:49:36,811 - [ERROR] - [GOLD] Strategy VOLUME_CLIMAX error: 'volume'
2026-07-21 18:49:38,166 - [ERROR] - [GOLD] Strategy VOLUME_CLIMAX error: 'volume'
2026-07-21 18:49:39,539 - [ERROR] - [GOLD] Strategy VOLUME_CLIMAX error: 'volume'
2026-07-21 18:49:40,892 - [ERROR] - [GOLD] Strategy VOLUME_CLIMAX error: 'volume'
2026-07-21 18:49:42,248 - [ERROR] - [GOLD] Strategy VOLUME_CLIMAX error: 'volume'
2026-07-21 18:49:43,605 - [ERROR] - [GOLD] Strategy VOLUME_CLIMAX error: 'volume'
2026-07-21 18:49:44,953 - [ERROR] - [GOLD] Strategy VOLUME_CLIMAX error: 'volume'
2026-07-21 18:49:46,317 - [ERROR] - [GOLD] Strategy VOLUME_CLIMAX error: 'volume'
2026-07-21 18:49:47,716 - [ERROR] - [GOLD] Strategy VOLUME_CLIMAX error: 'volume'
2026-07-21 18:49:49,067 - [ERROR] - [GOLD] Strategy VOLUME_CLIMAX error: 'volume'
2026-07-21 18:49:50,437 - [ERROR] - [GOLD] Strategy VOLUME_CLIMAX error: 'volume'
2026-07-21 18:49:51,793 - [ERROR] - [GOLD] Strategy VOLUME_CLIMAX error: 'volume'
2026-07-21 18:49:53,158 - [ERROR] - [GOLD] Strategy VOLUME_CLIMAX error: 'volume'
2026-07-21 18:49:54,526 - [ERROR] - [GOLD] Strategy VOLUME_CLIMAX error: 'volume'
2026-07-21 18:49:55,969 - [ERROR] - [GOLD] Strategy VOLUME_CLIMAX error: 'volume'
2026-07-21 18:49:57,332 - [ERROR] - [GOLD] Strategy VOLUME_CLIMAX error: 'volume'
2026-07-21 18:49:58,710 - [ERROR] - [GOLD] Strategy VOLUME_CLIMAX error: 'volume'
2026-07-21 18:50:00,082 - [ERROR] - [GOLD] Strategy VOLUME_CLIMAX error: 'volume'
2026-07-21 18:50:01,466 - [ERROR] - [GOLD] Strategy VOLUME_CLIMAX error: 'volume'
2026-07-21 18:50:02,823 - [ERROR] - [GOLD] Strategy VOLUME_CLIMAX error: 'volume'
2026-07-21 18:50:03,090 - [WARNING] - [GOLD] \U0001f6a8 Spread Protection: Live Spread (57) > Max Allowable (40). Trade Aborted.
2026-07-21 18:52:03,681 - [ERROR] - [GOLD] Strategy VOLUME_CLIMAX error: 'volume'
2026-07-21 18:52:05,145 - [ERROR] - [GOLD] Strategy VOLUME_CLIMAX error: 'volume'
2026-07-21 18:52:06,651 - [ERROR] - [GOLD] Strategy VOLUME_CLIMAX error: 'volume'
2026-07-21 18:52:08,111 - [ERROR] - [GOLD] Strategy VOLUME_CLIMAX error: 'volume'
2026-07-21 18:52:09,564 - [ERROR] - [GOLD] Strategy VOLUME_CLIMAX error: 'volume'
2026-07-21 18:52:11,004 - [ERROR] - [GOLD] Strategy VOLUME_CLIMAX error: 'volume'
2026-07-21 18:52:12,445 - [ERROR] - [GOLD] Strategy VOLUME_CLIMAX error: 'volume'
2026-07-21 18:52:12,706 - [WARNING] - [GOLD] \U0001f6a8 Spread Protection: Live Spread (57) > Max Allowable (40). Trade Aborted.
2026-07-21 18:54:13,868 - [WARNING] - [GOLD] \U0001f6a8 Spread Protection: Live Spread (54) > Max Allowable (40). Trade Aborted.
2026-07-21 18:54:58,848 - [INFO] - [BTCUSD] Trade outside Golden Hour (13 UTC). Targeting reduced 2.0 R:R.
2026-07-21 18:54:59,008 - [ERROR] - [BTCUSD] ML Inference Error: cannot access local variable 'pd' where it is not associated with a value. Proceeding without ML.
2026-07-21 18:54:59,087 - [INFO] - [BTCUSD] Anti-Martingale: 2 Wins in a row! Doubling risk to 2.00%
2026-07-21 18:54:59,096 - [WARNING] - [BTCUSD] [RISK_CAP] Lot size 0.51 capped to 0.5 for safety.
2026-07-21 18:54:59,349 - [INFO] - [BTCUSD] SUCCESS - Opened SELL | Strat: MACD_DIVERGENCE | Lot: 0.5 | SL: 66567.94642857142
2026-07-21 18:56:14,746 - [WARNING] - [GOLD] \U0001f6a8 Spread Protection: Live Spread (58) > Max Allowable (40). Trade Aborted.
2026-07-21 18:56:51,585 - [INFO] - [ETHUSD] Trade outside Golden Hour (13 UTC). Targeting reduced 2.0 R:R.
2026-07-21 18:56:51,596 - [ERROR] - [ETHUSD] ML Inference Error: cannot access local variable 'pd' where it is not associated with a value. Proceeding without ML.
2026-07-21 18:56:51,656 - [INFO] - [ETHUSD] Anti-Martingale: 2 Wins in a row! Doubling risk to 2.00%
2026-07-21 18:56:51,657 - [WARNING] - [ETHUSD] [RISK_CAP] Lot size 12.06 capped to 0.5 for safety.
2026-07-21 18:56:51,973 - [INFO] - [ETHUSD] SUCCESS - Opened BUY | Strat: INSTITUTIONAL_SUPPORT | Lot: 0.5 | SL: 1933.202142857143
2026-07-21 18:58:15,601 - [WARNING] - [GOLD] \U0001f6a8 Spread Protection: Live Spread (57) > Max Allowable (40). Trade Aborted.
2026-07-21 19:00:16,451 - [WARNING] - [GOLD] \U0001f6a8 Spread Protection: Live Spread (59) > Max Allowable (40). Trade Aborted.
2026-07-21 19:00:23,507 - [INFO] - [ETHUSD] Trade outside Golden Hour (13 UTC). Targeting reduced 2.0 R:R.
2026-07-21 19:00:23,516 - [ERROR] - [ETHUSD] ML Inference Error: cannot access local variable 'pd' where it is not associated with a value. Proceeding without ML.
2026-07-21 19:00:23,570 - [INFO] - [ETHUSD] Anti-Martingale: 2 Wins in a row! Doubling risk to 2.00%
2026-07-21 19:00:23,570 - [WARNING] - [ETHUSD] [RISK_CAP] Lot size 12.59 capped to 0.5 for safety.
2026-07-21 19:00:23,807 - [INFO] - [ETHUSD] SUCCESS - Opened BUY | Strat: INSTITUTIONAL_SUPPORT | Lot: 0.5 | SL: 1932.9914285714285
2026-07-21 19:01:12,683 - [INFO] - [GBPUSD] Strategy Step-Trail: Locked SL to 1.33854
2026-07-21 19:02:17,938 - [WARNING] - [GOLD] \U0001f6a8 Spread Protection: Live Spread (58) > Max Allowable (40). Trade Aborted.
2026-07-21 19:02:24,036 - [INFO] - [ETHUSD] Trade outside Golden Hour (13 UTC). Targeting reduced 2.0 R:R.
2026-07-21 19:02:24,058 - [ERROR] - [ETHUSD] ML Inference Error: cannot access local variable 'pd' where it is not associated with a value. Proceeding without ML.
2026-07-21 19:02:24,067 - [INFO] - [ETHUSD] Anti-Martingale: 2 Wins in a row! Doubling risk to 2.00%
2026-07-21 19:02:24,070 - [WARNING] - [ETHUSD] [RISK_CAP] Lot size 12.44 capped to 0.5 for safety.
2026-07-21 19:02:24,303 - [INFO] - [ETHUSD] SUCCESS - Opened BUY | Strat: INSTITUTIONAL_SUPPORT | Lot: 0.5 | SL: 1932.7514285714287
2026-07-21 19:04:18,626 - [WARNING] - [GOLD] \U0001f6a8 Spread Protection: Live Spread (54) > Max Allowable (40). Trade Aborted.
2026-07-21 19:04:25,426 - [INFO] - [ETHUSD] Trade outside Golden Hour (13 UTC). Targeting reduced 2.0 R:R.
2026-07-21 19:04:25,447 - [ERROR] - [ETHUSD] ML Inference Error: cannot access local variable 'pd' where it is not associated with a value. Proceeding without ML.
2026-07-21 19:04:25,451 - [INFO] - [ETHUSD] Anti-Martingale: 2 Wins in a row! Doubling risk to 2.00%
2026-07-21 19:04:25,452 - [WARNING] - [ETHUSD] [RISK_CAP] Lot size 12.31 capped to 0.5 for safety.
2026-07-21 19:04:25,709 - [INFO] - [ETHUSD] SUCCESS - Opened BUY | Strat: INSTITUTIONAL_SUPPORT | Lot: 0.5 | SL: 1932.4199999999998
2026-07-21 19:06:19,559 - [WARNING] - [GOLD] \U0001f6a8 Spread Protection: Live Spread (58) > Max Allowable (40). Trade Aborted.
2026-07-21 19:06:25,983 - [INFO] - [ETHUSD] Trade outside Golden Hour (13 UTC). Targeting reduced 2.0 R:R.
2026-07-21 19:06:26,002 - [ERROR] - [ETHUSD] ML Inference Error: cannot access local variable 'pd' where it is not associated with a value. Proceeding without ML.
2026-07-21 19:06:26,018 - [INFO] - [ETHUSD] Anti-Martingale: 2 Wins in a row! Doubling risk to 2.00%
2026-07-21 19:06:26,022 - [WARNING] - [ETHUSD] [RISK_CAP] Lot size 12.19 capped to 0.5 for safety.
2026-07-21 19:06:26,268 - [INFO] - [ETHUSD] SUCCESS - Opened BUY | Strat: INSTITUTIONAL_SUPPORT | Lot: 0.5 | SL: 1933.72
2026-07-21 19:06:55,445 - [INFO] - [GBPUSD] Trade outside Golden Hour (13 UTC). Targeting reduced 2.0 R:R.
2026-07-21 19:06:55,454 - [ERROR] - [GBPUSD] ML Inference Error: cannot access local variable 'pd' where it is not associated with a value. Proceeding without ML.
2026-07-21 19:06:55,472 - [INFO] - [GBPUSD] Anti-Martingale: 2 Wins in a row! Doubling risk to 2.00%
2026-07-21 19:06:55,472 - [WARNING] - [GBPUSD] [RISK_CAP] Lot size 0.63 capped to 0.5 for safety.
2026-07-21 19:06:55,711 - [INFO] - [GBPUSD] SUCCESS - Opened SELL | Strat: ZERO_HERO | Lot: 0.5 | SL: 1.3375071428571428
2026-07-21 19:06:58,168 - [INFO] - [EURUSD] Trade outside Golden Hour (13 UTC). Targeting reduced 2.0 R:R.
2026-07-21 19:06:58,188 - [ERROR] - [EURUSD] ML Inference Error: cannot access local variable 'pd' where it is not associated with a value. Proceeding without ML.
2026-07-21 19:06:58,194 - [INFO] - [EURUSD] Anti-Martingale: 2 Wins in a row! Doubling risk to 2.00%
2026-07-21 19:06:58,197 - [WARNING] - [EURUSD] [RISK_CAP] Lot size 0.66 capped to 0.5 for safety.
2026-07-21 19:06:58,434 - [INFO] - [EURUSD] SUCCESS - Opened SELL | Strat: ZERO_HERO | Lot: 0.5 | SL: 1.14181
2026-07-21 19:07:45,911 - [INFO] - [USDJPY] Trade in Golden Hour (13 UTC). Targeting 3.0 R:R.
2026-07-21 19:07:45,932 - [ERROR] - [USDJPY] ML Inference Error: cannot access local variable 'pd' where it is not associated with a value. Proceeding without ML.
2026-07-21 19:07:45,947 - [INFO] - [USDJPY] Anti-Martingale: 2 Wins in a row! Doubling risk to 2.00%
2026-07-21 19:07:45,948 - [WARNING] - [USDJPY] [RISK_CAP] Lot size 1.08 capped to 0.5 for safety.
2026-07-21 19:07:46,187 - [INFO] - [USDJPY] SUCCESS - Opened SELL | Strat: ORDER_BLOCK_REVERSAL | Lot: 0.5 | SL: 162.909
2026-07-21 19:08:20,071 - [WARNING] - [GOLD] \U0001f6a8 Spread Protection: Live Spread (58) > Max Allowable (40). Trade Aborted.
2026-07-21 19:08:27,013 - [INFO] - [ETHUSD] Trade outside Golden Hour (13 UTC). Targeting reduced 2.0 R:R.
2026-07-21 19:08:27,021 - [ERROR] - [ETHUSD] ML Inference Error: cannot access local variable 'pd' where it is not associated with a value. Proceeding without ML.
2026-07-21 19:08:27,024 - [INFO] - [ETHUSD] Anti-Martingale: 2 Wins in a row! Doubling risk to 2.00%
2026-07-21 19:08:27,025 - [WARNING] - [ETHUSD] [RISK_CAP] Lot size 12.11 capped to 0.5 for safety.
2026-07-21 19:08:27,256 - [INFO] - [ETHUSD] SUCCESS - Opened BUY | Strat: INSTITUTIONAL_SUPPORT | Lot: 0.5 | SL: 1931.9528571428573
2026-07-21 19:10:23,620 - [WARNING] - [GOLD] \U0001f6a8 Spread Protection: Live Spread (57) > Max Allowable (40). Trade Aborted.
2026-07-21 19:10:27,641 - [INFO] - [ETHUSD] Trade outside Golden Hour (13 UTC). Targeting reduced 2.0 R:R.
2026-07-21 19:10:27,667 - [ERROR] - [ETHUSD] ML Inference Error: cannot access local variable 'pd' where it is not associated with a value. Proceeding without ML.
2026-07-21 19:10:27,670 - [INFO] - [ETHUSD] Anti-Martingale: 2 Wins in a row! Doubling risk to 2.00%
2026-07-21 19:10:27,672 - [WARNING] - [ETHUSD] [RISK_CAP] Lot size 11.60 capped to 0.5 for safety.
2026-07-21 19:10:27,909 - [INFO] - [ETHUSD] SUCCESS - Opened BUY | Strat: MEAN_REVERSION | Lot: 0.5 | SL: 1927.7107142857144
2026-07-21 19:12:23,931 - [WARNING] - [GOLD] \U0001f6a8 Spread Protection: Live Spread (55) > Max Allowable (40). Trade Aborted.
2026-07-21 19:12:28,992 - [INFO] - [ETHUSD] Trade outside Golden Hour (13 UTC). Targeting reduced 2.0 R:R.
2026-07-21 19:12:29,017 - [ERROR] - [ETHUSD] ML Inference Error: cannot access local variable 'pd' where it is not associated with a value. Proceeding without ML.
2026-07-21 19:12:29,022 - [INFO] - [ETHUSD] Anti-Martingale: 2 Wins in a row! Doubling risk to 2.00%
2026-07-21 19:12:29,023 - [WARNING] - [ETHUSD] [RISK_CAP] Lot size 11.18 capped to 0.5 for safety.
2026-07-21 19:12:29,258 - [INFO] - [ETHUSD] SUCCESS - Opened BUY | Strat: MEAN_REVERSION | Lot: 0.5 | SL: 1925.5135714285714
2026-07-21 19:14:24,278 - [WARNING] - [GOLD] \U0001f6a8 Spread Protection: Live Spread (59) > Max Allowable (40). Trade Aborted.
2026-07-21 19:14:57,623 - [INFO] - [BTCUSD] Trade outside Golden Hour (13 UTC). Targeting reduced 2.0 R:R.
2026-07-21 19:14:57,644 - [ERROR] - [BTCUSD] ML Inference Error: cannot access local variable 'pd' where it is not associated with a value. Proceeding without ML.
2026-07-21 19:14:57,649 - [INFO] - [BTCUSD] Anti-Martingale: 2 Wins in a row! Doubling risk to 2.00%
2026-07-21 19:14:57,883 - [INFO] - [BTCUSD] SUCCESS - Opened SELL | Strat: ZERO_HERO | Lot: 0.5 | SL: 66469.03214285715
2026-07-21 19:16:51,353 - [WARNING] - [GOLD] \U0001f6a8 Spread Protection: Live Spread (52) > Max Allowable (40). Trade Aborted.
2026-07-21 19:18:51,873 - [WARNING] - [GOLD] \U0001f6a8 Spread Protection: Live Spread (51) > Max Allowable (40). Trade Aborted.
2026-07-21 19:19:08,474 - [INFO] - [GBPUSD] Trade outside Golden Hour (13 UTC). Targeting reduced 2.0 R:R.
2026-07-21 19:19:08,500 - [ERROR] - [GBPUSD] ML Inference Error: cannot access local variable 'pd' where it is not associated with a value. Proceeding without ML.
2026-07-21 19:19:08,504 - [INFO] - [GBPUSD] Anti-Martingale: 2 Wins in a row! Doubling risk to 2.00%
2026-07-21 19:19:08,507 - [WARNING] - [GBPUSD] [RISK_CAP] Lot size 0.56 capped to 0.5 for safety.
2026-07-21 19:19:08,847 - [INFO] - [GBPUSD] SUCCESS - Opened SELL | Strat: ZERO_HERO | Lot: 0.5 | SL: 1.3384042857142857
2026-07-21 19:19:58,124 - [INFO] - [BTCUSD] Trade outside Golden Hour (13 UTC). Targeting reduced 2.0 R:R.
2026-07-21 19:19:58,134 - [ERROR] - [BTCUSD] ML Inference Error: cannot access local variable 'pd' where it is not associated with a value. Proceeding without ML.
2026-07-21 19:19:58,136 - [INFO] - [BTCUSD] Anti-Martingale: 2 Wins in a row! Doubling risk to 2.00%
2026-07-21 19:19:58,477 - [INFO] - [BTCUSD] SUCCESS - Opened BUY | Strat: ZERO_HERO | Lot: 0.4 | SL: 66525.49642857144
2026-07-21 19:20:52,653 - [ERROR] - [GOLD] Strategy VOLUME_CLIMAX error: 'volume'
2026-07-21 19:20:54,021 - [ERROR] - [GOLD] Strategy VOLUME_CLIMAX error: 'volume'
2026-07-21 19:20:55,374 - [ERROR] - [GOLD] Strategy VOLUME_CLIMAX error: 'volume'
2026-07-21 19:20:56,828 - [ERROR] - [GOLD] Strategy VOLUME_CLIMAX error: 'volume'
2026-07-21 19:20:58,187 - [ERROR] - [GOLD] Strategy VOLUME_CLIMAX error: 'volume'
2026-07-21 19:20:59,554 - [ERROR] - [GOLD] Strategy VOLUME_CLIMAX error: 'volume'
2026-07-21 19:21:00,913 - [ERROR] - [GOLD] Strategy VOLUME_CLIMAX error: 'volume'
2026-07-21 19:21:02,270 - [ERROR] - [GOLD] Strategy VOLUME_CLIMAX error: 'volume'
2026-07-21 19:21:03,642 - [ERROR] - [GOLD] Strategy VOLUME_CLIMAX error: 'volume'
2026-07-21 19:21:05,007 - [ERROR] - [GOLD] Strategy VOLUME_CLIMAX error: 'volume'
2026-07-21 19:21:06,347 - [WARNING] - [GOLD] \U0001f6a8 Spread Protection: Live Spread (58) > Max Allowable (40). Trade Aborted.
2026-07-21 19:23:06,594 - [ERROR] - [GOLD] Strategy VOLUME_CLIMAX error: 'volume'
2026-07-21 19:23:08,238 - [ERROR] - [GOLD] Strategy VOLUME_CLIMAX error: 'volume'
2026-07-21 19:23:09,635 - [ERROR] - [GOLD] Strategy VOLUME_CLIMAX error: 'volume'
2026-07-21 19:23:11,080 - [ERROR] - [GOLD] Strategy VOLUME_CLIMAX error: 'volume'
2026-07-21 19:23:12,446 - [WARNING] - [GOLD] \U0001f6a8 Spread Protection: Live Spread (56) > Max Allowable (40). Trade Aborted.
2026-07-21 19:23:46,514 - [INFO] - [GBPUSD] Trade outside Golden Hour (13 UTC). Targeting reduced 2.0 R:R.
2026-07-21 19:23:46,530 - [ERROR] - [GBPUSD] ML Inference Error: cannot access local variable 'pd' where it is not associated with a value. Proceeding without ML.
2026-07-21 19:23:46,602 - [INFO] - [GBPUSD] Anti-Martingale: 2 Wins in a row! Doubling risk to 2.00%
2026-07-21 19:23:46,603 - [WARNING] - [GBPUSD] [RISK_CAP] Lot size 0.52 capped to 0.5 for safety.
2026-07-21 19:23:47,001 - [INFO] - [GBPUSD] SUCCESS - Opened SELL | Strat: ZERO_HERO | Lot: 0.5 | SL: 1.3393685714285715
2026-07-21 19:25:10,329 - [INFO] - [ETHUSD] Strategy Step-Trail: Locked SL to 1931.72
2026-07-21 19:25:13,006 - [WARNING] - [GOLD] \U0001f6a8 Spread Protection: Live Spread (55) > Max Allowable (40). Trade Aborted.
2026-07-21 19:27:13,183 - [WARNING] - [GOLD] \U0001f6a8 Spread Protection: Live Spread (57) > Max Allowable (40). Trade Aborted.
2026-07-21 19:29:13,941 - [WARNING] - [GOLD] \U0001f6a8 Spread Protection: Live Spread (58) > Max Allowable (40). Trade Aborted.
2026-07-21 19:35:05,742 - [INFO] - [BTCUSD] Strategy Step-Trail: Locked SL to 66680.5
2026-07-21 19:37:28,454 - [INFO] - [USDJPY] Trade in Golden Hour (14 UTC). Targeting 3.0 R:R.
2026-07-21 19:37:28,494 - [ERROR] - [USDJPY] ML Inference Error: cannot access local variable 'pd' where it is not associated with a value. Proceeding without ML.
2026-07-21 19:37:28,632 - [INFO] - [USDJPY] Anti-Martingale: 2 Wins in a row! Doubling risk to 2.00%
2026-07-21 19:37:28,643 - [WARNING] - [USDJPY] [RISK_CAP] Lot size 1.00 capped to 0.5 for safety.
2026-07-21 19:37:28,911 - [INFO] - [USDJPY] SUCCESS - Opened BUY | Strat: ZERO_HERO | Lot: 0.5 | SL: 162.809
2026-07-21 19:41:04,984 - [ERROR] - [GOLD] Strategy VOLUME_CLIMAX error: 'volume'
2026-07-21 19:41:05,275 - [WARNING] - [GOLD] \U0001f6a8 Spread Protection: Live Spread (58) > Max Allowable (40). Trade Aborted.
2026-07-21 19:43:06,332 - [WARNING] - [GOLD] \U0001f6a8 Spread Protection: Live Spread (57) > Max Allowable (40). Trade Aborted.
2026-07-21 19:44:57,506 - [INFO] - [GBPUSD] Trade outside Golden Hour (14 UTC). Targeting reduced 2.0 R:R.
2026-07-21 19:44:57,518 - [ERROR] - [GBPUSD] ML Inference Error: cannot access local variable 'pd' where it is not associated with a value. Proceeding without ML.
2026-07-21 19:44:57,531 - [INFO] - [GBPUSD] Anti-Martingale: 2 Losses in a row! Halving risk to 0.50%
2026-07-21 19:44:57,803 - [INFO] - [GBPUSD] SUCCESS - Opened BUY | Strat: ZERO_HERO | Lot: 0.13 | SL: 1.3387742857142857
2026-07-21 19:44:58,045 - [INFO] - [EURUSD] Trade in Golden Hour (14 UTC). Targeting 3.0 R:R.
2026-07-21 19:44:58,054 - [ERROR] - [EURUSD] ML Inference Error: cannot access local variable 'pd' where it is not associated with a value. Proceeding without ML.
2026-07-21 19:44:58,056 - [INFO] - [EURUSD] Anti-Martingale: 2 Losses in a row! Halving risk to 0.50%
2026-07-21 19:44:58,307 - [INFO] - [EURUSD] SUCCESS - Opened BUY | Strat: ZERO_HERO | Lot: 0.15 | SL: 1.1409500000000001
2026-07-21 19:45:07,084 - [WARNING] - [GOLD] \U0001f6a8 Spread Protection: Live Spread (56) > Max Allowable (40). Trade Aborted.
2026-07-21 19:47:07,224 - [ERROR] - [GOLD] Strategy VOLUME_CLIMAX error: 'volume'
2026-07-21 19:47:07,847 - [WARNING] - [GOLD] \U0001f6a8 Spread Protection: Live Spread (51) > Max Allowable (40). Trade Aborted.
2026-07-21 19:49:07,983 - [WARNING] - [GOLD] \U0001f6a8 Spread Protection: Live Spread (57) > Max Allowable (40). Trade Aborted.
2026-07-21 19:51:08,685 - [ERROR] - [GOLD] Strategy VOLUME_CLIMAX error: 'volume'
2026-07-21 19:51:08,954 - [WARNING] - [GOLD] \U0001f6a8 Spread Protection: Live Spread (56) > Max Allowable (40). Trade Aborted.
2026-07-21 19:52:00,043 - [INFO] - [ETHUSD] Trade outside Golden Hour (14 UTC). Targeting reduced 2.0 R:R.
2026-07-21 19:52:00,071 - [ERROR] - [ETHUSD] ML Inference Error: cannot access local variable 'pd' where it is not associated with a value. Proceeding without ML.
2026-07-21 19:52:00,075 - [INFO] - [ETHUSD] Anti-Martingale: 2 Losses in a row! Halving risk to 0.50%
2026-07-21 19:52:00,078 - [WARNING] - [ETHUSD] [RISK_CAP] Lot size 2.19 capped to 0.5 for safety.
2026-07-21 19:52:00,330 - [INFO] - [ETHUSD] SUCCESS - Opened BUY | Strat: INSTITUTIONAL_SUPPORT | Lot: 0.5 | SL: 1929.9257142857143
2026-07-21 19:52:51,683 - [INFO] - [BTCUSD] Trade in Golden Hour (14 UTC). Targeting 3.0 R:R.
2026-07-21 19:52:51,691 - [ERROR] - [BTCUSD] ML Inference Error: cannot access local variable 'pd' where it is not associated with a value. Proceeding without ML.
2026-07-21 19:52:51,693 - [INFO] - [BTCUSD] Anti-Martingale: 2 Losses in a row! Halving risk to 0.50%
2026-07-21 19:52:51,941 - [INFO] - [BTCUSD] SUCCESS - Opened BUY | Strat: ZERO_HERO | Lot: 0.08 | SL: 66556.325
2026-07-21 19:53:09,343 - [ERROR] - [GOLD] Strategy VOLUME_CLIMAX error: 'volume'
2026-07-21 19:53:09,602 - [WARNING] - [GOLD] \U0001f6a8 Spread Protection: Live Spread (54) > Max Allowable (40). Trade Aborted.
2026-07-21 19:53:49,509 - [INFO] - [GBPUSD] Trade outside Golden Hour (14 UTC). Targeting reduced 2.0 R:R.
2026-07-21 19:53:49,517 - [ERROR] - [GBPUSD] ML Inference Error: cannot access local variable 'pd' where it is not associated with a value. Proceeding without ML.
2026-07-21 19:53:49,520 - [INFO] - [GBPUSD] Anti-Martingale: 2 Losses in a row! Halving risk to 0.50%
2026-07-21 19:53:49,762 - [INFO] - [GBPUSD] SUCCESS - Opened BUY | Strat: ZERO_HERO | Lot: 0.11 | SL: 1.3377128571428571
2026-07-21 19:54:00,703 - [INFO] - [ETHUSD] Trade outside Golden Hour (14 UTC). Targeting reduced 2.0 R:R.
2026-07-21 19:54:00,711 - [ERROR] - [ETHUSD] ML Inference Error: cannot access local variable 'pd' where it is not associated with a value. Proceeding without ML.
2026-07-21 19:54:00,716 - [INFO] - [ETHUSD] Anti-Martingale: 2 Losses in a row! Halving risk to 0.50%
2026-07-21 19:54:00,716 - [WARNING] - [ETHUSD] [RISK_CAP] Lot size 2.12 capped to 0.5 for safety.
2026-07-21 19:54:00,997 - [INFO] - [ETHUSD] SUCCESS - Opened BUY | Strat: INSTITUTIONAL_SUPPORT | Lot: 0.5 | SL: 1929.152142857143
2026-07-21 19:55:09,919 - [WARNING] - [GOLD] \U0001f6a8 Spread Protection: Live Spread (55) > Max Allowable (40). Trade Aborted.
2026-07-21 19:56:01,251 - [INFO] - [ETHUSD] Trade outside Golden Hour (14 UTC). Targeting reduced 2.0 R:R.
2026-07-21 19:56:01,259 - [ERROR] - [ETHUSD] ML Inference Error: cannot access local variable 'pd' where it is not associated with a value. Proceeding without ML.
2026-07-21 19:56:01,264 - [INFO] - [ETHUSD] Anti-Martingale: 2 Losses in a row! Halving risk to 0.50%
2026-07-21 19:56:01,264 - [WARNING] - [ETHUSD] [RISK_CAP] Lot size 2.09 capped to 0.5 for safety.
2026-07-21 19:56:01,505 - [INFO] - [ETHUSD] SUCCESS - Opened BUY | Strat: INSTITUTIONAL_SUPPORT | Lot: 0.5 | SL: 1926.2378571428571
2026-07-21 19:57:10,164 - [WARNING] - [GOLD] \U0001f6a8 Spread Protection: Live Spread (54) > Max Allowable (40). Trade Aborted.
2026-07-21 19:58:02,288 - [INFO] - [ETHUSD] Trade outside Golden Hour (14 UTC). Targeting reduced 2.0 R:R.
2026-07-21 19:58:02,296 - [ERROR] - [ETHUSD] ML Inference Error: cannot access local variable 'pd' where it is not associated with a value. Proceeding without ML.
2026-07-21 19:58:02,299 - [INFO] - [ETHUSD] Anti-Martingale: 2 Losses in a row! Halving risk to 0.50%
2026-07-21 19:58:02,302 - [WARNING] - [ETHUSD] [RISK_CAP] Lot size 2.02 capped to 0.5 for safety.
2026-07-21 19:58:02,556 - [INFO] - [ETHUSD] SUCCESS - Opened BUY | Strat: INSTITUTIONAL_SUPPORT | Lot: 0.5 | SL: 1927.0485714285714
2026-07-21 19:59:11,073 - [WARNING] - [GOLD] \U0001f6a8 Spread Protection: Live Spread (56) > Max Allowable (40). Trade Aborted.
2026-07-21 19:59:58,311 - [INFO] - [EURUSD] Trade in Golden Hour (14 UTC). Targeting 3.0 R:R.
2026-07-21 19:59:58,319 - [ERROR] - [EURUSD] ML Inference Error: cannot access local variable 'pd' where it is not associated with a value. Proceeding without ML.
2026-07-21 19:59:58,322 - [INFO] - [EURUSD] Anti-Martingale: 2 Losses in a row! Halving risk to 0.50%
2026-07-21 19:59:58,584 - [INFO] - [EURUSD] SUCCESS - Opened SELL | Strat: ZERO_HERO | Lot: 0.15 | SL: 1.14188
2026-07-21 20:01:12,091 - [WARNING] - [GOLD] \U0001f6a8 Spread Protection: Live Spread (58) > Max Allowable (40). Trade Aborted.
2026-07-21 20:03:05,689 - [INFO] - [USDJPY] Strategy Step-Trail: Locked SL to 162.924
2026-07-21 20:03:12,338 - [WARNING] - [GOLD] \U0001f6a8 Spread Protection: Live Spread (54) > Max Allowable (40). Trade Aborted.
2026-07-21 20:03:58,702 - [INFO] - [GBPUSD] Trade outside Golden Hour (14 UTC). Targeting reduced 2.0 R:R.
2026-07-21 20:03:58,727 - [ERROR] - [GBPUSD] ML Inference Error: cannot access local variable 'pd' where it is not associated with a value. Proceeding without ML.
2026-07-21 20:03:58,842 - [INFO] - [GBPUSD] Anti-Martingale: 2 Losses in a row! Halving risk to 0.50%
2026-07-21 20:03:59,098 - [INFO] - [GBPUSD] SUCCESS - Opened SELL | Strat: ZERO_HERO | Lot: 0.11 | SL: 1.3390057142857141
2026-07-21 20:05:12,440 - [WARNING] - [GOLD] \U0001f6a8 Spread Protection: Live Spread (53) > Max Allowable (40). Trade Aborted.
2026-07-21 20:07:12,930 - [WARNING] - [GOLD] \U0001f6a8 Spread Protection: Live Spread (55) > Max Allowable (40). Trade Aborted.
2026-07-21 20:09:13,732 - [WARNING] - [GOLD] \U0001f6a8 Spread Protection: Live Spread (57) > Max Allowable (40). Trade Aborted.
2026-07-21 20:11:14,558 - [WARNING] - [GOLD] \U0001f6a8 Spread Protection: Live Spread (58) > Max Allowable (40). Trade Aborted.
2026-07-21 20:13:14,925 - [WARNING] - [GOLD] \U0001f6a8 Spread Protection: Live Spread (58) > Max Allowable (40). Trade Aborted.
2026-07-21 20:15:15,855 - [WARNING] - [GOLD] \U0001f6a8 Spread Protection: Live Spread (55) > Max Allowable (40). Trade Aborted.
2026-07-21 20:17:16,025 - [WARNING] - [GOLD] \U0001f6a8 Spread Protection: Live Spread (54) > Max Allowable (40). Trade Aborted.
2026-07-21 20:19:16,444 - [WARNING] - [GOLD] \U0001f6a8 Spread Protection: Live Spread (58) > Max Allowable (40). Trade Aborted.
2026-07-21 20:21:17,528 - [WARNING] - [GOLD] \U0001f6a8 Spread Protection: Live Spread (53) > Max Allowable (40). Trade Aborted.
2026-07-21 20:23:17,921 - [WARNING] - [GOLD] \U0001f6a8 Spread Protection: Live Spread (54) > Max Allowable (40). Trade Aborted.
2026-07-21 20:25:12,706 - [INFO] - [USDJPY] Trade in Golden Hour (14 UTC). Targeting 3.0 R:R.
2026-07-21 20:25:12,734 - [ERROR] - [USDJPY] ML Inference Error: cannot access local variable 'pd' where it is not associated with a value. Proceeding without ML.
2026-07-21 20:25:13,110 - [INFO] - [USDJPY] SUCCESS - Opened BUY | Strat: ZERO_HERO | Lot: 0.47000000000000003 | SL: 162.88400000000001
2026-07-21 20:25:18,594 - [WARNING] - [GOLD] \U0001f6a8 Spread Protection: Live Spread (57) > Max Allowable (40). Trade Aborted.
2026-07-21 20:27:19,209 - [WARNING] - [GOLD] \U0001f6a8 Spread Protection: Live Spread (55) > Max Allowable (40). Trade Aborted.
2026-07-21 20:29:19,796 - [WARNING] - [GOLD] \U0001f6a8 Spread Protection: Live Spread (54) > Max Allowable (40). Trade Aborted.
2026-07-21 20:31:15,768 - [INFO] - [ETHUSD] Trade outside Golden Hour (15 UTC). Targeting reduced 2.0 R:R.
2026-07-21 20:31:15,777 - [ERROR] - [ETHUSD] ML Inference Error: cannot access local variable 'pd' where it is not associated with a value. Proceeding without ML.
2026-07-21 20:31:15,784 - [WARNING] - [ETHUSD] [RISK_CAP] Lot size 4.01 capped to 0.5 for safety.
2026-07-21 20:31:16,029 - [INFO] - [ETHUSD] SUCCESS - Opened BUY | Strat: INSTITUTIONAL_SUPPORT | Lot: 0.5 | SL: 1924.6114285714286
2026-07-21 20:31:20,481 - [WARNING] - [GOLD] \U0001f6a8 Spread Protection: Live Spread (56) > Max Allowable (40). Trade Aborted.
2026-07-21 20:33:16,498 - [INFO] - [ETHUSD] Trade outside Golden Hour (15 UTC). Targeting reduced 2.0 R:R.
2026-07-21 20:33:16,511 - [ERROR] - [ETHUSD] ML Inference Error: cannot access local variable 'pd' where it is not associated with a value. Proceeding without ML.
2026-07-21 20:33:16,518 - [INFO] - [ETHUSD] Anti-Martingale: 2 Losses in a row! Halving risk to 0.50%
2026-07-21 20:33:16,518 - [WARNING] - [ETHUSD] [RISK_CAP] Lot size 1.95 capped to 0.5 for safety.
2026-07-21 20:33:16,762 - [INFO] - [ETHUSD] SUCCESS - Opened BUY | Strat: INSTITUTIONAL_SUPPORT | Lot: 0.5 | SL: 1922.0221428571429
2026-07-21 20:33:20,640 - [WARNING] - [GOLD] \U0001f6a8 Spread Protection: Live Spread (54) > Max Allowable (40). Trade Aborted.
2026-07-21 20:35:20,950 - [WARNING] - [GOLD] \U0001f6a8 Spread Protection: Live Spread (55) > Max Allowable (40). Trade Aborted.
2026-07-21 20:37:21,899 - [WARNING] - [GOLD] \U0001f6a8 Spread Protection: Live Spread (55) > Max Allowable (40). Trade Aborted.
2026-07-21 20:39:22,099 - [WARNING] - [GOLD] \U0001f6a8 Spread Protection: Live Spread (58) > Max Allowable (40). Trade Aborted.
2026-07-21 20:40:43,122 - [WARNING] - [SILVER] \U0001f6a8 Spread Protection: Live Spread (71) > Max Allowable (40). Trade Aborted.
2026-07-21 20:41:23,073 - [WARNING] - [GOLD] \U0001f6a8 Spread Protection: Live Spread (55) > Max Allowable (40). Trade Aborted.
2026-07-21 20:43:24,073 - [WARNING] - [GOLD] \U0001f6a8 Spread Protection: Live Spread (56) > Max Allowable (40). Trade Aborted.
2026-07-21 20:44:57,567 - [ERROR] - [SILVER] Strategy VOLUME_CLIMAX error: 'volume'
2026-07-21 20:44:57,636 - [WARNING] - [SILVER] \U0001f6a8 Spread Protection: Live Spread (70) > Max Allowable (40). Trade Aborted.
2026-07-21 20:45:24,669 - [WARNING] - [GOLD] \U0001f6a8 Spread Protection: Live Spread (55) > Max Allowable (40). Trade Aborted.
2026-07-21 20:46:58,281 - [WARNING] - [SILVER] \U0001f6a8 Spread Protection: Live Spread (68) > Max Allowable (40). Trade Aborted.
2026-07-21 20:47:25,312 - [WARNING] - [GOLD] \U0001f6a8 Spread Protection: Live Spread (57) > Max Allowable (40). Trade Aborted.
2026-07-21 20:48:59,254 - [WARNING] - [SILVER] \U0001f6a8 Spread Protection: Live Spread (73) > Max Allowable (40). Trade Aborted.
2026-07-21 20:49:26,192 - [WARNING] - [GOLD] \U0001f6a8 Spread Protection: Live Spread (55) > Max Allowable (40). Trade Aborted.
2026-07-21 20:51:00,337 - [WARNING] - [SILVER] \U0001f6a8 Spread Protection: Live Spread (67) > Max Allowable (40). Trade Aborted.
2026-07-21 20:51:26,954 - [WARNING] - [GOLD] \U0001f6a8 Spread Protection: Live Spread (58) > Max Allowable (40). Trade Aborted.
2026-07-21 20:53:07,427 - [ERROR] - [SILVER] Strategy VOLUME_CLIMAX error: 'volume'
2026-07-21 20:53:07,496 - [WARNING] - [SILVER] \U0001f6a8 Spread Protection: Live Spread (69) > Max Allowable (40). Trade Aborted.
2026-07-21 20:53:27,696 - [WARNING] - [GOLD] \U0001f6a8 Spread Protection: Live Spread (58) > Max Allowable (40). Trade Aborted.
2026-07-21 20:55:09,103 - [WARNING] - [SILVER] \U0001f6a8 Spread Protection: Live Spread (69) > Max Allowable (40). Trade Aborted.
2026-07-21 20:55:27,889 - [WARNING] - [GOLD] \U0001f6a8 Spread Protection: Live Spread (56) > Max Allowable (40). Trade Aborted.
2026-07-21 20:57:09,641 - [ERROR] - [SILVER] Strategy VOLUME_CLIMAX error: 'volume'
2026-07-21 20:57:09,773 - [WARNING] - [SILVER] \U0001f6a8 Spread Protection: Live Spread (72) > Max Allowable (40). Trade Aborted.
2026-07-21 20:57:28,312 - [WARNING] - [GOLD] \U0001f6a8 Spread Protection: Live Spread (54) > Max Allowable (40). Trade Aborted.
2026-07-21 20:59:10,269 - [WARNING] - [SILVER] \U0001f6a8 Spread Protection: Live Spread (74) > Max Allowable (40). Trade Aborted.
2026-07-21 20:59:28,462 - [WARNING] - [GOLD] \U0001f6a8 Spread Protection: Live Spread (56) > Max Allowable (40). Trade Aborted.
2026-07-21 21:00:23,181 - [INFO] - [ETHUSD] Trade outside Golden Hour (15 UTC). Targeting reduced 2.0 R:R.
2026-07-21 21:00:23,202 - [ERROR] - [ETHUSD] ML Inference Error: cannot access local variable 'pd' where it is not associated with a value. Proceeding without ML.
2026-07-21 21:00:23,322 - [WARNING] - [ETHUSD] [RISK_CAP] Lot size 3.74 capped to 0.5 for safety.
2026-07-21 21:00:23,653 - [INFO] - [ETHUSD] SUCCESS - Opened BUY | Strat: INSTITUTIONAL_SUPPORT | Lot: 0.5 | SL: 1919.317857142857
2026-07-21 21:00:28,074 - [INFO] - [BTCUSD] Trade in Golden Hour (15 UTC). Targeting 3.0 R:R.
2026-07-21 21:00:28,083 - [ERROR] - [BTCUSD] ML Inference Error: cannot access local variable 'pd' where it is not associated with a value. Proceeding without ML.
2026-07-21 21:00:28,330 - [INFO] - [BTCUSD] SUCCESS - Opened SELL | Strat: ZERO_HERO | Lot: 0.14 | SL: 66755.34642857143
2026-07-21 21:01:10,621 - [WARNING] - [SILVER] \U0001f6a8 Spread Protection: Live Spread (69) > Max Allowable (40). Trade Aborted.
2026-07-21 21:03:10,843 - [WARNING] - [SILVER] \U0001f6a8 Spread Protection: Live Spread (70) > Max Allowable (40). Trade Aborted.
2026-07-21 21:05:11,602 - [ERROR] - [SILVER] Strategy VOLUME_CLIMAX error: 'volume'
2026-07-21 21:05:11,878 - [WARNING] - [SILVER] \U0001f6a8 Spread Protection: Live Spread (69) > Max Allowable (40). Trade Aborted.
2026-07-21 21:07:12,562 - [WARNING] - [SILVER] \U0001f6a8 Spread Protection: Live Spread (70) > Max Allowable (40). Trade Aborted.
2026-07-21 21:09:13,014 - [WARNING] - [SILVER] \U0001f6a8 Spread Protection: Live Spread (72) > Max Allowable (40). Trade Aborted.
2026-07-21 21:11:14,219 - [ERROR] - [SILVER] Strategy VOLUME_CLIMAX error: 'volume'
2026-07-21 21:11:14,597 - [WARNING] - [SILVER] \U0001f6a8 Spread Protection: Live Spread (70) > Max Allowable (40). Trade Aborted.
2026-07-21 21:13:15,650 - [ERROR] - [SILVER] Strategy VOLUME_CLIMAX error: 'volume'
2026-07-21 21:13:15,930 - [WARNING] - [SILVER] \U0001f6a8 Spread Protection: Live Spread (70) > Max Allowable (40). Trade Aborted.
2026-07-21 21:15:16,318 - [WARNING] - [SILVER] \U0001f6a8 Spread Protection: Live Spread (70) > Max Allowable (40). Trade Aborted.
2026-07-21 21:17:16,555 - [ERROR] - [SILVER] Strategy VOLUME_CLIMAX error: 'volume'
2026-07-21 21:17:16,625 - [WARNING] - [SILVER] \U0001f6a8 Spread Protection: Live Spread (72) > Max Allowable (40). Trade Aborted.
2026-07-21 21:19:16,860 - [ERROR] - [SILVER] Strategy VOLUME_CLIMAX error: 'volume'
2026-07-21 21:19:16,927 - [WARNING] - [SILVER] \U0001f6a8 Spread Protection: Live Spread (71) > Max Allowable (40). Trade Aborted.
2026-07-21 21:21:17,768 - [ERROR] - [SILVER] Strategy VOLUME_CLIMAX error: 'volume'
2026-07-21 21:21:18,087 - [WARNING] - [SILVER] \U0001f6a8 Spread Protection: Live Spread (70) > Max Allowable (40). Trade Aborted.
2026-07-21 21:23:19,198 - [ERROR] - [SILVER] Strategy VOLUME_CLIMAX error: 'volume'
2026-07-21 21:23:19,500 - [WARNING] - [SILVER] \U0001f6a8 Spread Protection: Live Spread (71) > Max Allowable (40). Trade Aborted.
2026-07-21 21:25:27,016 - [ERROR] - [SILVER] Strategy VOLUME_CLIMAX error: 'volume'
2026-07-21 21:25:27,641 - [WARNING] - [SILVER] \U0001f6a8 Spread Protection: Live Spread (70) > Max Allowable (40). Trade Aborted.
2026-07-21 21:27:27,755 - [WARNING] - [SILVER] \U0001f6a8 Spread Protection: Live Spread (69) > Max Allowable (40). Trade Aborted.
2026-07-21 21:29:28,311 - [WARNING] - [SILVER] \U0001f6a8 Spread Protection: Live Spread (70) > Max Allowable (40). Trade Aborted.
2026-07-21 22:26:20,133 - [INFO] - Successfully loaded ML Model: c:\anlyzeforex\forextele\final_model_sucess.joblib
2026-07-21 22:26:20,150 - [INFO] - Starting Multi-Threaded AI Strategy Executor (CRASH RESISTANT)...
2026-07-21 22:26:20,173 - [INFO] - [SYSTEM] Trailing Stop Engine Online.
2026-07-21 22:26:20,196 - [INFO] - [SYSTEM] Strategy PnL Tracker Engine Online.
2026-07-21 22:26:20,257 - [INFO] - [GOLD] Thread Started. Polling for AI Entry conditions.
2026-07-21 22:26:20,258 - [INFO] - [BTCUSD] Thread Started. Polling for AI Entry conditions.
2026-07-21 22:26:20,261 - [INFO] - [ETHUSD] Thread Started. Polling for AI Entry conditions.
2026-07-21 22:26:20,293 - [INFO] - [EURUSD] Thread Started. Polling for AI Entry conditions.
2026-07-21 22:26:20,316 - [INFO] - [GBPUSD] Thread Started. Polling for AI Entry conditions.
2026-07-21 22:26:20,319 - [INFO] - [USDJPY] Thread Started. Polling for AI Entry conditions.
2026-07-21 22:26:20,320 - [INFO] - [SILVER] Thread Started. Polling for AI Entry conditions.
2026-07-21 22:26:21,225 - [WARNING] - [SILVER] \U0001f6a8 Spread Protection: Live Spread (72) > Max Allowable (40). Trade Aborted.
2026-07-21 22:26:21,309 - [INFO] - [BTCUSD] Trade in Golden Hour (16 UTC). Targeting 3.0 R:R.
2026-07-21 22:26:21,350 - [ERROR] - [BTCUSD] ML Inference Error: cannot access local variable 'pd' where it is not associated with a value. Proceeding without ML.
2026-07-21 22:26:21,357 - [INFO] - [BTCUSD] Anti-Martingale: 2 Losses in a row! Halving risk to 0.50%
2026-07-21 22:26:21,608 - [INFO] - [BTCUSD] SUCCESS - Opened BUY | Strat: INSTITUTIONAL_SUPPORT | Lot: 0.07 | SL: 66439.82857142857
2026-07-21 22:28:22,445 - [WARNING] - [SILVER] \U0001f6a8 Spread Protection: Live Spread (71) > Max Allowable (40). Trade Aborted.
2026-07-21 22:29:20,700 - [INFO] - [GBPUSD] Trade in Golden Hour (16 UTC). Targeting 3.0 R:R.
2026-07-21 22:29:20,726 - [ERROR] - [GBPUSD] ML Inference Error: cannot access local variable 'pd' where it is not associated with a value. Proceeding without ML.
2026-07-21 22:29:20,733 - [INFO] - [GBPUSD] Anti-Martingale: 2 Losses in a row! Halving risk to 0.50%
2026-07-21 22:29:20,973 - [INFO] - [GBPUSD] SUCCESS - Opened BUY | Strat: ZERO_HERO | Lot: 0.12 | SL: 1.3373178571428572
2026-07-21 22:29:21,521 - [INFO] - [USDJPY] Trade in Golden Hour (16 UTC). Targeting 3.0 R:R.
2026-07-21 22:29:21,546 - [ERROR] - [USDJPY] ML Inference Error: cannot access local variable 'pd' where it is not associated with a value. Proceeding without ML.
2026-07-21 22:29:21,551 - [INFO] - [USDJPY] Anti-Martingale: 2 Losses in a row! Halving risk to 0.50%
2026-07-21 22:29:21,784 - [INFO] - [USDJPY] SUCCESS - Opened SELL | Strat: MACD_DIVERGENCE | Lot: 0.22 | SL: 163.093
2026-07-21 22:29:23,625 - [INFO] - [BTCUSD] Trade in Golden Hour (16 UTC). Targeting 3.0 R:R.
2026-07-21 22:29:23,643 - [ERROR] - [BTCUSD] ML Inference Error: cannot access local variable 'pd' where it is not associated with a value. Proceeding without ML.
2026-07-21 22:29:23,648 - [INFO] - [BTCUSD] Anti-Martingale: 2 Losses in a row! Halving risk to 0.50%
2026-07-21 22:29:23,884 - [INFO] - [BTCUSD] SUCCESS - Opened BUY | Strat: INSTITUTIONAL_SUPPORT | Lot: 0.07 | SL: 66394.72857142857
2026-07-21 22:29:27,015 - [INFO] - [ETHUSD] Trade in Golden Hour (16 UTC). Targeting 3.0 R:R.
2026-07-21 22:29:27,027 - [ERROR] - [ETHUSD] ML Inference Error: cannot access local variable 'pd' where it is not associated with a value. Proceeding without ML.
2026-07-21 22:29:27,030 - [INFO] - [ETHUSD] Anti-Martingale: 2 Losses in a row! Halving risk to 0.50%
2026-07-21 22:29:27,030 - [WARNING] - [ETHUSD] [RISK_CAP] Lot size 1.77 capped to 0.5 for safety.
2026-07-21 22:29:27,262 - [INFO] - [ETHUSD] SUCCESS - Opened SELL | Strat: ZERO_HERO | Lot: 0.5 | SL: 1931.6192857142855
2026-07-21 22:30:22,665 - [WARNING] - [SILVER] \U0001f6a8 Spread Protection: Live Spread (70) > Max Allowable (40). Trade Aborted.
2026-07-21 22:30:42,193 - [INFO] - [EURUSD] Trade in Golden Hour (17 UTC). Targeting 3.0 R:R.
2026-07-21 22:30:42,203 - [ERROR] - [EURUSD] ML Inference Error: cannot access local variable 'pd' where it is not associated with a value. Proceeding without ML.
2026-07-21 22:30:42,206 - [INFO] - [EURUSD] Anti-Martingale: 2 Losses in a row! Halving risk to 0.50%
2026-07-21 22:30:42,442 - [INFO] - [EURUSD] SUCCESS - Opened BUY | Strat: ZERO_HERO | Lot: 0.14 | SL: 1.13999
