Timestamp,Account,Channel,Raw_Signal,Parsed_Signal,Action,Symbol,Price,SL,TP,Status,Reason
2026-07-21 12:05:25,Account 2,GOLD Snipers,📊 XAUUSD BUY BOOM BOOM RUNNING 300+ PIPS 🙏,N/A,FAILED,Trigger could not parse a valid trade structure from this signal,1
2026-07-21 12:05:28,Account 2,GOLD Scalper,📊 XAUUSD BUY BOOM BOOM RUNNING 300+ PIPS 🙏,N/A,FAILED,Trigger could not parse a valid trade structure from this signal,2
2026-07-21 12:10:29,Account 2,𝐌𝐄𝐒𝐒𝐘 𝐅𝐎𝐑𝐄𝐗,XAUUSD SELL 4074,SELL GOLD @ 4074,FAILED,MT5 execution failed — check broker logs,3
2026-07-21 12:12:24,Account 2,🗝 𝐅𝐎𝐑𝐄𝐗 𝐌𝐀𝐑𝐊𝐄𝐓🗝,#XAUUSD Sell 4076  TP 4070 TP 4065 TP 4060 TP 4055 TP 4050  SL 4089,SELL GOLD @ None,FAILED,MT5 execution failed — check broker logs,4
2026-07-21 16:48:32,Account 2,RIAOGOLDFOREX,XAUUSD BUY 4001  TP AND SL   CLICK TO SEE   https://t.me/+0P52v94mICI1YWNk https://t.me/+uwn9dsQ-dXAwYjY8  NEW  CONFIRM TARGET 500+PIPS,BUY GOLD @ 4001,SUCCESS,Trade executed successfully on MT5,5
2026-07-21 16:50:38,Account 2,SureShot GOLD (VIP),XAUUSD SELL 4057.7  SL:  4067.7 TP:  4037.7 --Trade by Jack,SELL GOLD @ 4057.7,SUCCESS,Trade executed successfully on MT5,6
2026-07-21 16:53:19,Account 2,RIAOGOLDFOREX,XAUUSD SELL 4058,SELL GOLD @ 4058,FAILED,MT5 execution failed — check broker logs,7
2026-07-21 16:54:18,Account 2,RIAOGOLDFOREX,XAUUSD SELL 4058  TP 4055 TP 4052 TP 4049 TP 4046 TP 4043 TP 4040  SL 4068,SELL GOLD @ 4058,FAILED,MT5 execution failed — check broker logs,8
2026-07-21 17:15:19,Account 2,RaSrasanForex,#XAUUSD SELL 4065  SL 4080  TP ???? TP ???? TP ???? TP ???? TP ????  https://t.me/+DgeZiWhNnRViMjM0 https://t.me/+DgeZiWhNnRViMjM0,N/A,FAILED,Trigger could not parse a valid trade structure from this signal,9
2026-07-21 17:21:37,Account 1,DIL SE TRADER Crypto, New Crypto Trade Alert    Trade Details:  Symbol: BTCUSDT  Trade Type: BUY  Entry Price: 66323.30384  Stop Loss: 65300.0  Target 1: 66700.0  Target 2...,BUY BTCUSDT @ 66323.30384,FAILED,MT5 execution failed — check broker logs,10
2026-07-21 17:22:50,Account 1,DIL SE TRADER Crypto, New Crypto Trade Alert    Trade Details:  Symbol: ETHUSDT  Trade Type: BUY  Entry Price: 1936.22429  Stop Loss: 1920.0  Target 1: 1942.0  Target 2: 1...,BUY ETHUSDT @ 1936.22429,FAILED,MT5 execution failed — check broker logs,11
2026-07-21 17:24:15,Account 1,DIL SE TRADER Crypto, New Crypto Trade Alert    Trade Details:  Symbol: P-ETH-2000-220726  Trade Type: SELL  Entry Price: 64.09459  Stop Loss: 85.0  Target 1: 55.0  Target...,SELL P-ETH-2000-220726 @ 64.09459,FAILED,MT5 execution failed — check broker logs,12
2026-07-21 17:25:31,Account 1,DIL SE TRADER Crypto, New Crypto Trade Alert    Trade Details:  Symbol: P-BTC-66400-220726  Trade Type: SELL  Entry Price: 1044.86808  Stop Loss: 1300.0  Target 1: 950.0  ...,SELL BTCUSDT @ 1044.86808,FAILED,MT5 execution failed — check broker logs,13
2026-07-21 18:03:45,Account 2,RIAOGOLDFOREX,XAUUSD BUY    Click to see   ,N/A,FAILED,Trigger could not parse a valid trade structure from this signal,14
2026-07-21 18:12:47,Account 2,Binance Killers® VIP,SIGNAL ID: #2181 COIN: $NEAR/USDT (2-5x) Direction: LONG  Target 1: 2.050  23% Profit (5x)  - Binance Killers,BUY NEARUSDT @ None,FAILED,MT5 execution failed — check broker logs,15
2026-07-21 18:13:09,Account 2,Binance Killers® VIP,SIGNAL ID: #2184 COIN: $ONDO/USDT (2-5x) Direction: LONG  Target 1: 0.375 Target 2: 0.390  41.7% Profit (5x)  - Binance Killers,N/A,FAILED,Trigger could not parse a valid trade structure from this signal,16
2026-07-21 18:13:19,Account 1,Binance Killers® VIP,SIGNAL ID: #2184 COIN: $ONDO/USDT (2-5x) Direction: LONG  Target 1: 0.375 Target 2: 0.390  41.7% Profit (5x)  - Binance Killers,BUY ONDOUSDT @ 0.375,FAILED,MT5 execution failed — check broker logs,17
2026-07-21 18:15:34,Account 2,Binance 360,#SYN/USDT Reached 0.1902000  The result of our accurate signals    348.19% Profit  ,BUY GOLD @ 1902.0,REJECTED,Price sanity fail: entry 1902.0 is 53.1% from live 4055.72000,18
2026-07-21 18:15:54,Account 2,Binance 360, MTC Indicator    15 Minutes Timeframe   SHORT  #SYN/USDT  Entry zone : 0.227424 - 0.2208000  Take Profits :   0.2196849 0.2130278 0.2063707 0.1997136...,BUY EURUSD @ None,FAILED,MT5 execution failed — check broker logs,19
2026-07-21 18:16:24,Account 1,Binance 360,#SYN/USDT Reached 0.1902000  The result of our accurate signals    348.19% Profit  ,BUY GOLD @ 1902.0,REJECTED,Price sanity fail: entry 1902.0 is 53.1% from live 4054.84000,20
2026-07-21 18:16:44,Account 1,Binance 360, MTC Indicator    15 Minutes Timeframe   SHORT  #SYN/USDT  Entry zone : 0.227424 - 0.2208000  Take Profits :   0.2196849 0.2130278 0.2063707 0.1997136...,BUY EURUSD @ None,FAILED,MT5 execution failed — check broker logs,21
2026-07-21 18:18:08,Account 2,GOLD SCALPER ™,GOLD BIG SIGNAL  TARGET 200 PIPS  SL TP   https://t.me/+t1Spjm9hXyplNDU0 https://t.me/+t1Spjm9hXyplNDU0,N/A,FAILED,Trigger could not parse a valid trade structure from this signal,22
2026-07-21 18:29:09,Account 2,RaSrasanForex,XAUUSD GOLD BUY NOW   SL TP HERE   https://t.me/+UkmudS5wbH45OTE0,N/A,FAILED,Trigger could not parse a valid trade structure from this signal,23
2026-07-21 18:37:43,Account 2,JOSEFINA TRADER0,GOLD BUY NOW  SL TP HERE  https://t.me/+AkMK09onT144OTRk https://t.me/+AkMK09onT144OTRk,BUY GOLD @ None,FAILED,MT5 execution failed — check broker logs,24
2026-07-21 18:47:29,Account 1,Crypto Radar, #Free Signal   Short  Pair: #XRP/USDT   Entry Price:   1) 1.1438 2) 1.1781   Targets:  1) 1.1371 2) 1.1129 3) 1.0888 4) 1.0646  Stop Loss: 1.2158  Le...,BUY XRPUSDT @ 1.1781,FAILED,MT5 execution failed — check broker logs,25
2026-07-21 18:59:30,Account 2,RIAOGOLDFOREX,GOLD BUY NOW  SL TP HERE  https://t.me/+AkMK09onT144OTRk https://t.me/+AkMK09onT144OTRk,BUY GOLD @ None,FAILED,MT5 execution failed — check broker logs,26
2026-07-21 19:07:55,Account 2,GOLD SCALPER ™,XAUUSD SELL     LIVE TRADE NOW,SELL GOLD @ None,FAILED,MT5 execution failed — check broker logs,27
2026-07-21 19:11:47,Account 2,JOSEFINA TRADER0,Gold Buy @ 40 Sl: @ 3990 TP: @ 4020 lot size 0.30 Confirm 99% https://t.me/+4fSBLJgJ59A0MzA0,N/A,FAILED,Trigger could not parse a valid trade structure from this signal,28
2026-07-21 19:23:48,Account 2,JOSEFINA TRADER0,XAUUSD SELL     LIVE TRADE NOW,SELL GOLD @ None,FAILED,MT5 execution failed — check broker logs,29
2026-07-21 19:26:37,Account 2,RIAOGOLDFOREX,GOLD SELL NOW  SL TP HERE   https://t.me/+mSABzChJqFo0MDk0,SELL GOLD @ None,FAILED,MT5 execution failed — check broker logs,30
2026-07-21 19:35:39,Account 2,JOSEFINA TRADER0,XAUUSD SELL     LIVE TRADE NOW,N/A,FAILED,Trigger could not parse a valid trade structure from this signal,31
2026-07-21 19:49:58,Account 2,GOLD Trader Dan,XAUUSD TAKE PROFIT 2 HIT ,BUY GOLD @ None,SUCCESS,Trade executed successfully on MT5,32
2026-07-21 19:51:01,Account 2,GOLD Trader Dan,XAUUSD TP SMASHED 390 PIPS ,N/A,FAILED,Trigger could not parse a valid trade structure from this signal,33
2026-07-21 20:06:25,Account 2,Sureshot FX VIP,XAUUSD SELL 4065.98  SL:  4075.98 TP:  4045.98 --Trade by Lucas,SELL GOLD @ 4065.98,FAILED,MT5 execution failed — check broker logs,34
2026-07-21 20:07:49,Account 1,Binance Killers® VIP,SIGNAL ID: #2184 COIN: $ONDO/USDT (2-5x) Direction: LONG  Target 1: 0.375 Target 2: 0.390 Target 3: 0.410  69.4% Profit (5x)  UPGRADE / RENEW     - Bi...,BUY ONDO/USDT @ None,FAILED,MT5 execution failed — check broker logs,35
2026-07-21 20:07:59,Account 2,Binance Killers® VIP,SIGNAL ID: #2184 COIN: $ONDO/USDT (2-5x) Direction: LONG  Target 1: 0.375 Target 2: 0.390 Target 3: 0.410  69.4% Profit (5x)  UPGRADE / RENEW     - Bi...,BUY ONDO/USDT @ None,FAILED,MT5 execution failed — check broker logs,36
2026-07-21 20:09:18,Account 1,Binance Killers® VIP,SIGNAL ID: #2184 COIN: $ONDO/USDT (2-5x) Direction: LONG  Target 1: 0.375 Target 2: 0.390 Target 3: 0.410  69.4% Profit (5x)  UPGRADE / RENEW   t(dot)...,BUY ONDOUSDT @ 0.375,FAILED,MT5 execution failed — check broker logs,37
2026-07-21 20:10:01,Account 2,Binance Killers® VIP,SIGNAL ID: #2184 COIN: $ONDO/USDT (2-5x) Direction: LONG  Target 1: 0.375 Target 2: 0.390 Target 3: 0.410  69.4% Profit (5x)  UPGRADE / RENEW   t(dot)...,BUY ONDOUSDT @ 0.375,FAILED,MT5 execution failed — check broker logs,38
2026-07-21 20:16:39,Account 2,Sureshot FX VIP,EURJPY SELL 185.9  SL:  186.4 TP:  184.4 --Trade by Jack,N/A,FAILED,Trigger could not parse a valid trade structure from this signal,39
2026-07-21 20:21:33,Account 2,Sureshot FX VIP,AUDUSD BUY 0.7006  SL:  0.6966 TP:  0.7126 --Trade by Jack,BUY AUDUSD @ 0.7006,SUCCESS,Trade executed successfully on MT5,40
2026-07-21 20:51:27,Account 2,JOSEFINA TRADER0,XAUUSD SELL 4078,N/A,FAILED,Trigger could not parse a valid trade structure from this signal,41
2026-07-21 20:52:22,Account 2,JOSEFINA TRADER0,XAUUSD SELL 4078 TP 4075 TP 4072 TP 4069 TP 4066 TP 4063  SL 4088 Use proper money management me,SELL GOLD @ 4078,FAILED,MT5 execution failed — check broker logs,42
2026-07-21 22:38:46,Account 2,RIAOGOLDFOREX, #XAUUSD SELL NOW 4180   SL :#see in channal   TP: #see in channal  https://t.me/+sLU-083KM5IyYWQ8 https://t.me/+sLU-083KM5IyYWQ8 LINK EXPIRE IN 5 MN ,SELL GOLD @ 4180,SUCCESS,Trade executed successfully on MT5,43
2026-07-21 22:39:09,Account 2,JOSEFINA TRADER0,Gold Sell @ 4070 Sl: @ 4080 TP: @ 4050 lot size 0.11 Confirm 94% https://t.me/+9IfrxVs5WGc3MTE0,SELL GOLD @ 4070,SUCCESS,Trade executed successfully on MT5,44
2026-07-21 22:40:30,Account 1,Crypto Radar,Rapid Call   Private Entry: XMR/USDT +306%,BUY XMR/USDT @ 306,FAILED,MT5 execution failed — check broker logs,45
2026-07-21 22:40:49,Account 1,Crypto Radar, VIP Signal   Long  Pair: #QTUM/USDT   Entry Price:   1) 0.702400 2) 0.681328   Targets:  1) 0.706433 2) 0.721107 3) 0.735781 4) 0.750454  Stop Loss: ...,BUY #QTUM/USDT @ 0.7024,FAILED,MT5 execution failed — check broker logs,46
2026-07-21 22:44:27,Account 2,RIAOGOLDFOREX,XAUUSD BUY 4001  TP AND SL   CLICK TO SEE   https://t.me/+0P52v94mICI1YWNk https://t.me/+uwn9dsQ-dXAwYjY8  NEW  CONFIRM TARGET 500+PIPS,BUY GOLD @ 4001,FAILED,MT5 execution failed — check broker logs,47
2026-07-21 23:03:13,Account 2,Binance 360, Futures (Free Signal)   Long  #ZEC/USDT  Entry zone : 516.17 - 532.14  Take Profits :   534.77 550.65 566.54 582.42 598.31  Stop loss :494.8902  Leve...,N/A,FAILED,Trigger could not parse a valid trade structure from this signal,48
2026-07-21 23:03:22,Account 1,Binance 360, Futures (Free Signal)   Long  #ZEC/USDT  Entry zone : 516.17 - 532.14  Take Profits :   534.77 550.65 566.54 582.42 598.31  Stop loss :494.8902  Leve...,N/A,FAILED,Trigger could not parse a valid trade structure from this signal,49
2026-07-21 23:31:46,Account 1,King Crypto Scalp [ LIVE ],PAIR: APEUSDT  TYPE: LONG LEVERAGE: Cross 20x   Entry Targets: 1) 0.1487 2) 0.1428 (DCA)  Take-Profit Targets: 0.1494 - 0.1502 - 0.1509 - 0.1532 - 0.1...,N/A,FAILED,Trigger could not parse a valid trade structure from this signal,50
2026-07-21 23:31:50,Account 1,King Crypto Scalp [ LIVE ],"OKX Futures, Binance Futures, Bitget Futures, ByBit USDT, KuCoin Futures #APE/USDT Closed due to opposite direction signal ",N/A,FAILED,Trigger could not parse a valid trade structure from this signal,51
2026-07-21 23:31:56,Account 1,King Crypto Scalp [ LIVE ],PAIR: APEUSDT  TYPE: LONG LEVERAGE: Cross 20x   Entry Targets: 1) 0.1487 2) 0.1428 (DCA)  Take-Profit Targets: 0.1494 - 0.1502 - 0.1509 - 0.1532 - 0.1...,N/A,FAILED,Trigger could not parse a valid trade structure from this signal,52
2026-07-21 23:38:15,Account 1,King Crypto Scalp [ LIVE ],#APE/USDT Take-Profit target 1  Profit: 9.4149%  Period: 6 min ,BUY LIMIT APEUSDT @ None,FAILED,MT5 execution failed — check broker logs,53
2026-07-21 23:46:28,Account 1,King Crypto Scalp [ LIVE ],PAIR: LDOUSDT  TYPE: SHORT LEVERAGE: Cross 20x   Entry Targets: 1) 0.39 2) 0.4134 (DCA)  Take-Profit Targets: 0.3873 - 0.3849 - 0.3803 - 0.3744 - 0.36...,N/A,FAILED,Trigger could not parse a valid trade structure from this signal,54
2026-07-21 23:46:32,Account 1,King Crypto Scalp [ LIVE ],"Bitget Futures, OKX Futures, ByBit USDT, KuCoin Futures, Binance Futures #LDO/USDT Closed due to opposite direction signal ",N/A,FAILED,Trigger could not parse a valid trade structure from this signal,55
2026-07-21 23:46:38,Account 1,King Crypto Scalp [ LIVE ],PAIR: LDOUSDT  TYPE: SHORT LEVERAGE: Cross 20x   Entry Targets: 1) 0.39 2) 0.4134 (DCA)  Take-Profit Targets: 0.3873 - 0.3849 - 0.3803 - 0.3744 - 0.36...,N/A,FAILED,Trigger could not parse a valid trade structure from this signal,56
2026-07-22 00:13:25,Account 1,Crypto Radar, #Free Signal   Short  Pair: #NEO/USDT   Entry Price:   1) 2.059 2) 2.120   Targets:  1) 2.046 2) 2.003 3) 1.960 4) 1.916  Stop Loss: 2.188  Leverage:...,N/A,FAILED,Trigger could not parse a valid trade structure from this signal,57
2026-07-22 00:31:08,Account 2,Sureshot FX VIP,USDCHF SELL 0.8128  SL:  0.8178 TP:  0.7978 --Trade by Lucas,SELL USDCHF @ None,SUCCESS,Trade executed successfully on MT5,58
2026-07-22 00:39:12,Account 2,Sureshot FX VIP,XAUUSD SELL 4082.8  SL:  4092.8 TP:  4062.8 --Trade by Lucas,SELL GOLD @ 4082.8,SUCCESS,Trade executed successfully on MT5,59
2026-07-22 01:01:21,Account 1,Binance Killers® VIP,SIGNAL ID: #2187 COIN: $CHILLGUY/USDT (2-5x)   Direction: LONG      ENTRY: Below 0.0109  TARGETS: 0.0111 - 0.0114 - 0.0117 - 0.0121 - 0.0128 - 0.0135 ...,N/A,FAILED,Trigger could not parse a valid trade structure from this signal,60
2026-07-22 01:01:24,Account 2,Binance Killers® VIP,SIGNAL ID: #2187 COIN: $CHILLGUY/USDT (2-5x)   Direction: LONG      ENTRY: Below 0.0109  TARGETS: 0.0111 - 0.0114 - 0.0117 - 0.0121 - 0.0128 - 0.0135 ...,N/A,FAILED,Trigger could not parse a valid trade structure from this signal,61
2026-07-22 01:01:45,Account 1,Crypto Radar,Just in   +24% on #NEO ,BUY NEOUSDT @ None,FAILED,MT5 execution failed — check broker logs,62
2026-07-22 01:02:26,Account 1,King Crypto Scalp [ LIVE ],#APE/USDT Take-Profit target 2  Profit: 14.7949%  Period: 1 hr 31 min ,BUY LIMIT APEUSDT @ None,FAILED,MT5 execution failed — check broker logs,63
2026-07-22 01:15:07,Account 2,Binance Killers® VIP,SIGNAL ID: #2188 COIN: $RENDER/USDT (2-5x)   Direction: LONG      ENTRY: 1.500 - 1.510  TARGETS: 1.575 - 1.650 - 1.750 - 1.875 - 2.025 - 2.175 - 2.325...,N/A,FAILED,Trigger could not parse a valid trade structure from this signal,64
2026-07-22 01:46:33,Account 2,Forex Trading Tips,AI SIGNALS RECAP  -  July 21 2026   BUY 3996.31-4002.20 + 450 PIPS  BUY 4063.83  4066.22  - 30 PIPS  BUY 4068.40-4073.56 + 20 PIPS  BUY 4060.27-4064.7...,N/A,FAILED,Trigger could not parse a valid trade structure from this signal,65
2026-07-22 01:57:36,Account 1,King Crypto Scalp [ LIVE ],#LDO/USDT Take-Profit target 1  Profit: 13.8462%  Period: 2 hr 10 min ,N/A,FAILED,Trigger could not parse a valid trade structure from this signal,66
2026-07-22 02:52:03,Account 1,King Crypto Scalp [ LIVE ],#APE/USDT Take-Profit target 3  Profit: 19.7265%  Period: 3 hr 19 min ,N/A,FAILED,Trigger could not parse a valid trade structure from this signal,67
2026-07-22 03:13:28,Account 2,RIAOGOLDFOREX,XAUUSD BUY 4070  TP AND SL   CLICK TO SEE   https://t.me/+0P52v94mICI1YWNk https://t.me/+uwn9dsQ-dXAwYjY8  NEW  CONFIRM TARGET 500+PIPS,N/A,FAILED,Trigger could not parse a valid trade structure from this signal,68
2026-07-22 03:47:00,Account 1,King Crypto Scalp [ LIVE ],PAIR: ENJUSDT  TYPE: SHORT LEVERAGE: Cross 20x   Entry Targets: 1) 0.02839 2) 0.0295 (DCA)  Take-Profit Targets: 0.0282 - 0.0281 - 0.028 - 0.0275 - 0....,N/A,FAILED,Trigger could not parse a valid trade structure from this signal,69
2026-07-22 03:47:08,Account 1,King Crypto Scalp [ LIVE ],"Binance Futures, Bitget Futures, ByBit USDT, KuCoin Futures #ENJ/USDT Closed due to opposite direction signal ",N/A,FAILED,Trigger could not parse a valid trade structure from this signal,70
2026-07-22 03:47:17,Account 1,King Crypto Scalp [ LIVE ],PAIR: ENJUSDT  TYPE: SHORT LEVERAGE: Cross 20x   Entry Targets: 1) 0.02839 2) 0.0295 (DCA)  Take-Profit Targets: 0.0282 - 0.0281 - 0.028 - 0.0275 - 0....,N/A,FAILED,Trigger could not parse a valid trade structure from this signal,71
2026-07-22 03:53:02,Account 1,Crypto Radar, #Free Signal   Long  Pair: #XRP/USDT   Entry Price:   1) 1.1412 2) 1.1069   Targets:  1) 1.1477 2) 1.1715 3) 1.1954 4) 1.2192  Stop Loss: 1.0693  Lev...,BUY XRPUSDT @ 1.1069,FAILED,MT5 execution failed — check broker logs,72
2026-07-22 05:18:04,Account 1,King Crypto Scalp [ LIVE ],#KAVA/USDT Take-Profit target 2  Profit: 17.3488%  Period: 2 days 10 hr ,N/A,FAILED,Trigger could not parse a valid trade structure from this signal,73
2026-07-22 05:30:23,Account 1,King Crypto Scalp [ LIVE ],#KAVA/USDT Take-Profit target 2  Profit: 18.2263%  Period: 19 hr 58 min ,N/A,FAILED,Trigger could not parse a valid trade structure from this signal,74
2026-07-22 05:31:12,Account 1,King Crypto Scalp [ LIVE ],#KAVA/USDT Take-Profit target 3  Profit: 28.5989%  Period: 19 hr 58 min ,BUY LIMIT KAVAUSDT @ None,FAILED,MT5 execution failed — check broker logs,75
2026-07-22 05:33:55,Account 2,RaSrasanForex, GOLD SELL NOW   TP  TP  SL     3    https://t.me/+UmdCremVLoRhNmRk https://t.me/+m0IuRdi2ogVjYmY0,SELL GOLD @ None,FAILED,MT5 execution failed — check broker logs,76
2026-07-22 05:34:46,Account 2,RaSrasanForex,GOLD SELL NOW  SL TP HERE   https://t.me/+1x7HWwOmB4s4NDE0,SELL GOLD @ None,FAILED,MT5 execution failed — check broker logs,77
2026-07-22 05:36:43,Account 1,Binance 360, Futures (Free Signal)   SHORT  #KAVA/USDT  Entry zone : 0.046926 - 0.045560  Take Profits :   0.045329 0.043956 0.042582 0.041209 0.039835  Stop loss...,BUY KAVA/USDT @ 0.046926,FAILED,MT5 execution failed — check broker logs,78
2026-07-22 05:37:03,Account 2,Binance 360, Futures (Free Signal)   SHORT  #KAVA/USDT  Entry zone : 0.046926 - 0.045560  Take Profits :   0.045329 0.043956 0.042582 0.041209 0.039835  Stop loss...,N/A,FAILED,Trigger could not parse a valid trade structure from this signal,79
2026-07-22 06:18:35,Account 2,GOLD DREAMS TRADER,XAUUSD SELL NOW 4096,N/A,FAILED,Trigger could not parse a valid trade structure from this signal,80
2026-07-22 06:19:46,Account 2,GOLD DREAMS TRADER,XAUUSD SELL NOW 4096/4099  TP 4093 TP 4090 TP 4087 TP 4084 TP 4081 TP 4078 TP 4075 TP 4072 TP 4069  SL 4115,SELL GOLD @ 4096,SUCCESS,Trade executed successfully on MT5,81
2026-07-22 06:20:45,Account 2,RIAOGOLDFOREX,XAUUSD BUY 4095,BUY GOLD @ 4095,FAILED,MT5 execution failed — check broker logs,82
2026-07-22 06:22:01,Account 1,Binance 360,#DEXE/USDT Reached 5.330000  We hope you have all benefited from this signal    207.72% Profit  ,N/A,FAILED,Trigger could not parse a valid trade structure from this signal,83
2026-07-22 06:22:11,Account 1,Binance 360, MTC Indicator    15 Minutes Timeframe   SHORT  #DEXE/USDT  Entry zone : 6.1182 - 5.940000  Take Profits :   5.910003 5.730912 5.551821 5.37273 5.1936...,N/A,FAILED,Trigger could not parse a valid trade structure from this signal,84
2026-07-22 06:22:19,Account 2,Binance 360,#DEXE/USDT Reached 5.330000  We hope you have all benefited from this signal    207.72% Profit  ,N/A,FAILED,Trigger could not parse a valid trade structure from this signal,85
2026-07-22 06:22:30,Account 2,Binance 360, MTC Indicator    15 Minutes Timeframe   SHORT  #DEXE/USDT  Entry zone : 6.1182 - 5.940000  Take Profits :   5.910003 5.730912 5.551821 5.37273 5.1936...,N/A,FAILED,Trigger could not parse a valid trade structure from this signal,86
2026-07-22 06:23:02,Account 2,RIAOGOLDFOREX,XAUUSD BUY 4095  TP 4098  TP 4101  TP 4104  TP 4107  TP 4110  TP 4113  SL 4085,BUY GOLD @ 4095,FAILED,MT5 execution failed — check broker logs,87
2026-07-22 06:23:24,Account 2,Forex Trading Tips," July 22 2026 - Key Level to watch for TOKYO Session #XAUUSD   TOKYO Session The Daily candle closed bullish, with a target at 4123.  Key Levels: 4016...",BUY GOLD @ 4123,FAILED,MT5 execution failed — check broker logs,88
2026-07-22 06:40:18,Account 2,JOSEFINA TRADER0,XAUUSD SELL 4115 TP 4112 TP 4109 TP 4106 TP 4103 TP 4100 SL 4126 Use proper money management me,N/A,FAILED,Trigger could not parse a valid trade structure from this signal,89
2026-07-22 06:45:18,Account 1,XAUUSD ACCURATE SiGNALS,Gold sell 4118/4123.limit  Sl 4127  Tp 4110  Tp 4105 Tp 4095/4065/55/opn /opn   @Proazam,N/A,FAILED,Trigger could not parse a valid trade structure from this signal,90
2026-07-22 06:53:53,Account 1,King Crypto Scalp [ LIVE ],#LDO/USDT Take-Profit target 2  Profit: 20.0%  Period: 7 hr 7 min ,N/A,FAILED,Trigger could not parse a valid trade structure from this signal,91
2026-07-22 07:01:58,Account 1,King Crypto Scalp [ LIVE ],PAIR: GRTUSDT  TYPE: SHORT LEVERAGE: Cross 20x   Entry Targets: 1) 0.01675 2) 0.0174 (DCA)  Take-Profit Targets: 0.0167 - 0.0166 - 0.0165 - 0.0162 - 0...,N/A,FAILED,Trigger could not parse a valid trade structure from this signal,92
2026-07-22 07:02:20,Account 1,King Crypto Scalp [ LIVE ],PAIR: GRTUSDT  TYPE: SHORT LEVERAGE: Cross 20x   Entry Targets: 1) 0.01675 2) 0.0174 (DCA)  Take-Profit Targets: 0.0167 - 0.0166 - 0.0165 - 0.0162 - 0...,N/A,FAILED,Trigger could not parse a valid trade structure from this signal,93
2026-07-22 07:35:59,Account 2,GOLD DREAMS TRADER,XAUUSD SELL NOW 4122/4125  TP 4119 TP 4116 TP 4113 TP 4110 TP 4107 TP 4104 TP 4101 TP 4098 TP 4095  SL 4140,N/A,FAILED,Trigger could not parse a valid trade structure from this signal,94
2026-07-22 07:38:49,Account 1,King Crypto Scalp [ LIVE ],#GRT/USDT Take-Profit target 1  Profit: 5.9701%  Period: 36 min ,N/A,FAILED,Trigger could not parse a valid trade structure from this signal,95
2026-07-22 07:40:34,Account 1,King Crypto Scalp [ LIVE ],#GRT/USDT Take-Profit target 2  Profit: 11.9403%  Period: 38 min ,BUY LIMIT GRTUSDT @ None,FAILED,MT5 execution failed — check broker logs,96
2026-07-22 07:52:47,Account 1,Crypto World Updates,Offer close in 3 minutes @Cryptoworld179,BUY GOLD @ None,SUCCESS,Trade executed successfully on MT5,97
2026-07-22 07:54:36,Account 2,Forex Trading Tips,#XAUUSD  SELL  LIMIT 4134    TP1:  4131    TP2:  4128    TP3:  3906    SL:  4140.00,N/A,FAILED,Trigger could not parse a valid trade structure from this signal,98
2026-07-22 07:54:53,Account 2,Forex Trading Tips,"With the recent break, we have an FTR zone and a buy zone left at 4089.  According to the structure, if momentum runs out, the price could move to the...",N/A,FAILED,Trigger could not parse a valid trade structure from this signal,99
2026-07-22 08:02:39,Account 2,JOSEFINA TRADER0,XAUUSD SELL 4126 TP 4123 TP 4120 TP 4117 TP 4114 TP 4111 SL 4137 Use proper money management me,SELL GOLD @ 4126,FAILED,MT5 execution failed — check broker logs,100
2026-07-22 08:16:25,Account 1,Coin Chief, Trade: #MIRA/USDT  Direction:  Short    Entry Range: 0.04773 - 0.04939   StopLoss: 0.04999   Target 1: 0.04736  Target 2: 0.04689  Target 3: 0.04643 ...,SELL MIRAUSDT @ None,FAILED,MT5 execution failed — check broker logs,101
2026-07-22 08:19:47,Account 2,RaSrasanForex, XAUUSD live signals strategy  1000% Confirm Trade   1500+ pips Target   9khttps: https://t.me/+9MpLoFFtJtgzMjg0 https://t.me/+9MpLoFFtJtgzMjg0,N/A,FAILED,Trigger could not parse a valid trade structure from this signal,102
2026-07-22 08:43:53,Account 2,RaSrasanForex,XAUUSD CONFIRM ENTRY ,BUY GOLD @ 4002,FAILED,MT5 execution failed — check broker logs,103
2026-07-22 08:44:14,Account 2,RaSrasanForex, XAUUSD live signals strategy  1000% Confirm Trade   1500+ pips Target   9khttps: https://t.me/+9MpLoFFtJtgzMjg0 https://t.me/+9MpLoFFtJtgzMjg0,N/A,FAILED,Trigger could not parse a valid trade structure from this signal,104
2026-07-22 08:48:51,Account 2,GOLD DREAMS TRADER,XAUUSD SELL NOW 4139,SELL GOLD @ 4139,FAILED,MT5 execution failed — check broker logs,105
2026-07-22 08:50:48,Account 2,GOLD DREAMS TRADER,XAUUSD SELL NOW 4139/4142  TP 4136 TP 4133 TP 4130 TP 4127 TP 4124 TP 4121 TP 4118 TP 4115 TP 4112  SL 4155,N/A,FAILED,Trigger could not parse a valid trade structure from this signal,106
2026-07-22 08:53:28,Account 2,JOSEFINA TRADER0, XAUUSD live signals strategy  1000% Confirm Trade   1500+ pips Target   9khttps: https://t.me/+9MpLoFFtJtgzMjg0 https://t.me/+9MpLoFFtJtgzMjg0,BUY GOLD @ None,FAILED,MT5 execution failed — check broker logs,107
2026-07-22 08:57:23,Account 1,XAUUSD ACCURATE SiGNALS,Gold sell 4141/4145.limit  Sl 4150  Tp 4135  Tp 4130 Tp 4123/4115/4105/4050/opn   @Proazam,SELL GOLD @ None,FAILED,MT5 execution failed — check broker logs,108
2026-07-22 08:58:42,Account 2,JOSEFINA TRADER0,XAUUSD (gold) NEXT MOVE CONFRIM ENTRY ,BUY GOLD @ None,FAILED,MT5 execution failed — check broker logs,109
2026-07-22 16:25:08,Account 2,RIAOGOLDFOREX, XAUUSD  SELL TO BUY NOW   TP  TP  SL     3   ,BUY GOLD @ None,SUCCESS,Trade executed successfully on MT5,110
2026-07-22 16:33:44,Account 2,RIAOGOLDFOREX, XAUUSD  SELL TO BUY NOW   TP  TP  SL     3   ,BUY GOLD @ None,FAILED,MT5 execution failed — check broker logs,111
2026-07-22 16:34:48,Account 2,Binance 360, Clean signals. No noise. https://t.me/+kSheKjjb1pMyMzhk  Next move inside: https://t.me/+kSheKjjb1pMyMzhk,N/A,FAILED,Trigger could not parse a valid trade structure from this signal,112
2026-07-22 16:35:28,Account 1,Binance 360, Clean signals. No noise. https://t.me/+kSheKjjb1pMyMzhk  Next move inside: https://t.me/+kSheKjjb1pMyMzhk,N/A,FAILED,Trigger could not parse a valid trade structure from this signal,113
2026-07-22 16:35:41,Account 2,RIAOGOLDFOREX, #XAUUSD SELL NOW 4180   SL :#see in channal   TP: #see in channal  https://t.me/+sLU-083KM5IyYWQ8 https://t.me/+sLU-083KM5IyYWQ8 LINK EXPIRE IN 5 MN ,N/A,FAILED,Trigger could not parse a valid trade structure from this signal,114
2026-07-22 16:47:34,Account 2,RIAOGOLDFOREX, XAUUSD  SELL TO BUY NOW   TP  TP  SL     3   ,BUY GOLD @ None,FAILED,MT5 execution failed — check broker logs,115
2026-07-22 16:48:02,Account 2,RIAOGOLDFOREX,#GOLD SELL NOW 4118  BIG SIGNAL TARGET 700+ PIPS   https://t.me/+0P52v94mICI1YWNk https://t.me/+uwn9dsQ-dXAwYjY8  Open for only 2 minutes,SELL GOLD @ 4118,FAILED,MT5 execution failed — check broker logs,116
2026-07-22 16:57:44,Account 1,King Crypto Scalp [ LIVE ],PAIR: GALAUSDT  TYPE: SHORT LEVERAGE: Cross 20x   Entry Targets: 1) 0.002049 2) 0.0021 (DCA)  Take-Profit Targets: 0.002 - 0.002 - 0.002 - 0.002 - 0.0...,N/A,FAILED,Trigger could not parse a valid trade structure from this signal,117
2026-07-22 16:58:14,Account 2,Max Leverage,zona buy 4117-4115 sl 4113.000,BUY EURDKK @ 4117,REJECTED,Price sanity fail: entry 4117 is 54956.6% from live 7.47776,118
2026-07-22 16:58:28,Account 1,Max Leverage,zona buy 4117-4115 sl 4113.000,BUY EURDKK @ 4117,REJECTED,Price sanity fail: entry 4117 is 54956.6% from live 7.47776,119
2026-07-22 16:59:52,Account 2,RaSrasanForex,XAUUSD GOLD BUY NOW   SL TP HERE   https://t.me/+UkmudS5wbH45OTE0,N/A,FAILED,Trigger could not parse a valid trade structure from this signal,120
2026-07-22 17:08:28,Account 1,Crypto World Updates, #BANK/USDT SIGNAL Type: Regular (LONG)  Leverage: Cross (20X)  Amount: 1%   Entry Targets:  1)  0.1720  2)  0.1680  Take-Profit Targets:  1)  0.1790 ...,BUY EURUSD @ None,SUCCESS,Trade executed successfully on MT5,121
2026-07-22 17:11:51,Account 1,King Crypto Scalp [ LIVE ],#GALA/USDT Entry 1  Average Entry Price: 0.002049 ,BUY GALA/USDT @ 0.002049,FAILED,MT5 execution failed — check broker logs,122
2026-07-22 17:20:57,Account 2,RIAOGOLDFOREX, XAUUSD (4073) strong sell I will delete the link after two minutes   XAUUSD live analysis  https://t.me/+pvoGnM_1VSpmMGQ8  https://t.me/+FlJl_KX9CRE4...,SELL GOLD @ None,FAILED,MT5 execution failed — check broker logs,123
2026-07-22 17:22:10,Account 2,RIAOGOLDFOREX, #XAUUSD SELL NOW 4180   SL :#see in channal   TP: #see in channal  https://t.me/+sLU-083KM5IyYWQ8 https://t.me/+sLU-083KM5IyYWQ8 LINK EXPIRE IN 5 MN ,SELL GOLD @ 4180,FAILED,MT5 execution failed — check broker logs,124
2026-07-22 17:25:14,Account 1,DIL SE TRADER Crypto, New Crypto Trade Alert    Trade Details:  Symbol: BTCUSDT  Trade Type: BUY  Entry Price: 66002.9885  Stop Loss: 65300.0  Target 1: 66300.0  Target 2:...,BUY BTCUSDT @ 66002.9885,FAILED,MT5 execution failed — check broker logs,125
2026-07-22 17:25:58,Account 1,DIL SE TRADER Crypto, New Crypto Trade Alert    Trade Details:  Symbol: ETHUSDT  Trade Type: BUY  Entry Price: 1925.96767  Stop Loss: 1905.0  Target 1: 1935.0  Target 2: 1...,BUY ETHUSDT @ 1925.96767,FAILED,MT5 execution failed — check broker logs,126
2026-07-22 17:26:26,Account 2,RaSrasanForex,Gold Buy @ 4132 Sl: @ 4122 TP: @ 4142 lot size 0.30 Confirm 99% https://t.me/+ohwJqs_ZaqRkYWVk,BUY GOLD @ 4132,FAILED,MT5 execution failed — check broker logs,127
2026-07-22 17:30:38,Account 1,DIL SE TRADER Crypto, New Crypto Trade Alert    Trade Details:  Symbol: P-BTC-66600-230726  Trade Type: SELL  Entry Price: 786.43692  Stop Loss: 1200.0  Target 1: 690.0  T...,SELL BTCUSDT @ 786.43692,FAILED,MT5 execution failed — check broker logs,128
2026-07-22 17:31:09,Account 1,King Crypto Scalp [ LIVE ],"KuCoin Futures, HyperLiquid Futures, Binance Futures, ByBit USDT, Bitget Futures, OKX Futures #SOL/USDT Closed due to opposite direction signal ",BUY GOLD @ 4002,FAILED,MT5 execution failed — check broker logs,129
2026-07-22 17:32:16,Account 1,DIL SE TRADER Crypto, New Crypto Trade Alert    Trade Details:  Symbol: P-ETH-1980-240726  Trade Type: SELL  Entry Price: 59.61113  Stop Loss: 80.0  Target 1: 50.0  Target...,SELL P-ETH-1980-240726 @ 59.61113,FAILED,MT5 execution failed — check broker logs,130
2026-07-22 17:51:59,Account 2,Binance 360, Clean signals. No noise. https://t.me/+kSheKjjb1pMyMzhk  Next move inside: https://t.me/+kSheKjjb1pMyMzhk,N/A,FAILED,Trigger could not parse a valid trade structure from this signal,131
2026-07-22 17:52:48,Account 1,Binance 360, Clean signals. No noise. https://t.me/+kSheKjjb1pMyMzhk  Next move inside: https://t.me/+kSheKjjb1pMyMzhk,N/A,FAILED,Trigger could not parse a valid trade structure from this signal,132
2026-07-22 18:08:46,Account 2,RIAOGOLDFOREX,XAUUSD SELL 4127,SELL GOLD @ 4127,FAILED,MT5 execution failed — check broker logs,133
2026-07-22 18:09:52,Account 2,RIAOGOLDFOREX,XAUUSD SELL 4127  TP 4124 TP 4121 TP 4118 TP 4115 TP 4112 TP 4109  SL 4137,SELL GOLD @ 4127,FAILED,MT5 execution failed — check broker logs,134
2026-07-22 18:23:09,Account 2,Binance 360,#AKE/USDT Reached 0.0019406  We hope you all guys enjoying and making profit with our premium signals    288.31% Profit  ,BUY AKEUSDT @ None,FAILED,MT5 execution failed — check broker logs,135
2026-07-22 18:23:22,Account 2,Binance 360, RFD Indicator    15 Minutes Timeframe   LONG  #AKE/USDT  Entry zone : 0.0016474 - 0.0016984  Take Profits :   0.0017068 0.0017575 0.0018082 0.0018588...,N/A,FAILED,Trigger could not parse a valid trade structure from this signal,136
2026-07-22 18:23:27,Account 1,Binance 360,#AKE/USDT Reached 0.0019406  We hope you all guys enjoying and making profit with our premium signals    288.31% Profit  ,N/A,FAILED,Trigger could not parse a valid trade structure from this signal,137
2026-07-22 18:23:33,Account 1,Binance 360, RFD Indicator    15 Minutes Timeframe   LONG  #AKE/USDT  Entry zone : 0.0016474 - 0.0016984  Take Profits :   0.0017068 0.0017575 0.0018082 0.0018588...,N/A,FAILED,Trigger could not parse a valid trade structure from this signal,138
2026-07-22 18:57:44,Account 1,King Crypto Scalp [ LIVE ],PAIR: LDOUSDT  TYPE: LONG LEVERAGE: Cross 20x   Entry Targets: 1) 0.3947 2) 0.371 (DCA)  Take-Profit Targets: 0.3975 - 0.3998 - 0.4046 - 0.4105 - 0.41...,BUY LDOUSDT @ None,FAILED,MT5 execution failed — check broker logs,139
2026-07-22 19:19:35,Account 2,GOLD Snipers, XAUUSD BUY BOOM BOOM RUNNING 270+ PIPS ,N/A,FAILED,Trigger could not parse a valid trade structure from this signal,140
2026-07-22 19:20:36,Account 2,JOSEFINA TRADER0,Gold Buy @ 4132 Sl: @ 4122 TP: @ 4142 lot size 0.30 Confirm 99% https://t.me/+ohwJqs_ZaqRkYWVk,N/A,FAILED,Trigger could not parse a valid trade structure from this signal,141
2026-07-22 19:33:51,Account 2,GOLD Snipers,XAUUSD ALL TPS SMASHED ,N/A,FAILED,Trigger could not parse a valid trade structure from this signal,142
2026-07-22 19:37:33,Account 1,King Crypto Scalp [ LIVE ],#LDO/USDT Take-Profit target 2  Profit: 20.0152%  Period: 50 min ,N/A,FAILED,Trigger could not parse a valid trade structure from this signal,143
2026-07-22 19:55:45,Account 2,GOLD DREAMS TRADER,XAUUSD SELL NOW 4154/4157  TP 4151 TP 4148 TP 4145 TP 4142 TP 4139 TP 4136 TP 4133 TP 4130 TP 4127  SL 4177,N/A,FAILED,Trigger could not parse a valid trade structure from this signal,144
2026-07-22 19:59:10,Account 2,👑Market Trader Crypto Forex👑,GOLD LIVE TRADE.  BOOM  ,BUY GOLD @ None,SUCCESS,Trade executed successfully on MT5,145
2026-07-22 20:46:17,Account 2,RIAOGOLDFOREX,Gold Buy @ 4132 Sl: @ 4122 TP: @ 4142 lot size 0.30 Confirm 99% https://t.me/+ohwJqs_ZaqRkYWVk,N/A,FAILED,Trigger could not parse a valid trade structure from this signal,146
2026-07-22 20:52:50,Account 1,Crypto Radar,Swing move   57% bagged from #XRP,BUY XRP @ None,FAILED,MT5 execution failed — check broker logs,147
2026-07-22 21:16:42,Account 1,King Crypto Scalp [ LIVE ],#ADA/USDT Take-Profit target 6  Profit: 75.0352%  Period: 2 days 16 hr ,BUY LIMIT ADAUSDT @ None,FAILED,MT5 execution failed — check broker logs,148
2026-07-22 22:03:44,Account 1,King Crypto Scalp [ LIVE ],#LDO/USDT Take-Profit target 3  Profit: 30.065%  Period: 3 hr 16 min ,N/A,FAILED,Trigger could not parse a valid trade structure from this signal,149
2026-07-22 22:04:05,Account 1,XAUUSD ACCURATE SiGNALS,Gold again buy   4147/43 Sl      4139 /36  Tp     4155 Tp     4160 Tp     4165/4175 ) 4205/Opn opn  @Proazam,N/A,FAILED,Trigger could not parse a valid trade structure from this signal,150
2026-07-22 22:13:30,Account 2,JOSEFINA TRADER0,XAUUSD SELL 4152,N/A,FAILED,Trigger could not parse a valid trade structure from this signal,151
2026-07-22 22:15:13,Account 2,JOSEFINA TRADER0,XAUUSD SELL 4152 TP 4149 TP 4146 TP 4143 TP 4140 TP 4137 SL 4162 Use proper money management me,N/A,FAILED,Trigger could not parse a valid trade structure from this signal,152
2026-07-22 22:15:40,Account 2,RIAOGOLDFOREX,#XAUUSD BUY 4114  TP 4118 TP 4122 TP 4126 TP 4130  SL 4105 JOIN GOLD SIGNAL  https://t.me/+ooW_skB8OyU0ZmZk https://t.me/+ooW_skB8OyU0ZmZk,BUY GOLD @ 4114,FAILED,MT5 execution failed — check broker logs,153
2026-07-22 22:26:09,Account 2,RIAOGOLDFOREX,XAUUSD BUY    Click to see   ,BUY GOLD @ 4002,FAILED,MT5 execution failed — check broker logs,154
2026-07-22 22:45:59,Account 2,RIAOGOLDFOREX,GOLD BIG SIGNAL  TARGET 200 PIPS  SL TP   https://t.me/+t1Spjm9hXyplNDU0 https://t.me/+t1Spjm9hXyplNDU0,N/A,FAILED,Trigger could not parse a valid trade structure from this signal,155
2026-07-22 23:17:35,Account 2,JOSEFINA TRADER0,XAUUSD  BIG SIGNAL  TARGET 200 PIPS  SL TP  8k https://t.me/+L3I_6w41z84yMjI0 https://t.me/+L3I_6w41z84yMjI0  FAST OPEN FOR 3 MINUTES   ok my,BUY GOLD @ 4002,FAILED,MT5 execution failed — check broker logs,156
2026-07-22 23:19:09,Account 2,JOSEFINA TRADER0,XAUUSD GOLD BUY NOW   SL TP HERE   https://t.me/+UkmudS5wbH45OTE0,N/A,FAILED,Trigger could not parse a valid trade structure from this signal,157
2026-07-22 23:22:03,Account 1,Binance Killers® VIP,SIGNAL ID: #2175 COIN: $ADA/USDT (2-5x) Direction: LONG  Target 1: 0.1800  21.8% Profit (5x)  UPGRADE / RENEW     - Binance Killers,N/A,FAILED,Trigger could not parse a valid trade structure from this signal,158
2026-07-22 23:22:09,Account 2,Binance Killers® VIP,SIGNAL ID: #2175 COIN: $ADA/USDT (2-5x) Direction: LONG  Target 1: 0.1800  21.8% Profit (5x)  UPGRADE / RENEW     - Binance Killers,N/A,FAILED,Trigger could not parse a valid trade structure from this signal,159
2026-07-23 00:04:48,Account 1,Crypto Radar, VIP Signal   Short  Pair: #BCH/USDT   Entry Price:   1) 223.19 2) 229.88   Targets:  1) 221.88 2) 217.17 3) 212.46 4) 207.74  Stop Loss: 237.25  Leve...,BUY BCHUSDT @ 223.19,FAILED,MT5 execution failed — check broker logs,160
2026-07-23 00:14:41,Account 1,XAUUSD ACCURATE SiGNALS,Gold again buy 4130/4125 Sl 4121  Tp 4145 Tp 4150 Tp 4155/4165 ) 4205/Opn opn  @Proazam,BUY GOLD @ 4130,FAILED,MT5 execution failed — check broker logs,161
2026-07-23 01:01:17,Account 1,King Crypto Scalp [ LIVE ],PAIR: APEUSDT  TYPE: SHORT LEVERAGE: Cross 20x   Entry Targets: 1) 0.1448 2) 0.1506 (DCA)  Take-Profit Targets: 0.1441 - 0.1434 - 0.1426 - 0.1405 - 0....,N/A,FAILED,Trigger could not parse a valid trade structure from this signal,162
2026-07-23 01:01:31,Account 1,King Crypto Scalp [ LIVE ],PAIR: APEUSDT  TYPE: SHORT LEVERAGE: Cross 20x   Entry Targets: 1) 0.1448 2) 0.1506 (DCA)  Take-Profit Targets: 0.1441 - 0.1434 - 0.1426 - 0.1405 - 0....,N/A,FAILED,Trigger could not parse a valid trade structure from this signal,163
2026-07-23 01:09:46,Account 2,RIAOGOLDFOREX,XAUUSD SELL 4134,N/A,FAILED,Trigger could not parse a valid trade structure from this signal,164
2026-07-23 01:11:37,Account 2,RIAOGOLDFOREX,XAUUSD SELL 4134  TP 4131 TP 4128 TP 4125 TP 4122 TP 4119 TP 4116  SL 4145,SELL GOLD @ 4134,FAILED,MT5 execution failed — check broker logs,165
2026-07-23 01:21:37,Account 1,King Crypto Scalp [ LIVE ],#APE/USDT Take-Profit target 1  Profit: 9.6685%  Period: 20 min ,BUY LIMIT APEUSDT @ None,FAILED,MT5 execution failed — check broker logs,166
2026-07-23 01:47:16,Account 2,Forex Trading Tips,"AI SIGNALS RECAP  -  July 22, 2026   BUY 4,1094,114 + 220 PIPS  BUY 4,1144,120  + 430 PIPS  SELL 4,1254,127 - 50 PIPS  SELL 4,1244,128 - 50 PIPS  Vant...",N/A,FAILED,Trigger could not parse a valid trade structure from this signal,167
2026-07-23 02:01:22,Account 2,Forex Trading Tips,"DAILY REPORT  -  July 22, 2026   SELL LIMIT 4134  - 50 PIPS  SELL LIMIT 4123  - 50 PIPS  BUY LIMIT 4130  + 30 PIPS  BUY LIMIT 4111  + 500 PIPS  Vantag...",N/A,FAILED,Trigger could not parse a valid trade structure from this signal,168
2026-07-23 02:09:25,Account 2,RaSrasanForex,XAUUSD GOLD BUY NOW   SL TP HERE   https://t.me/+UkmudS5wbH45OTE0,N/A,FAILED,Trigger could not parse a valid trade structure from this signal,169
2026-07-23 02:10:24,Account 2,RaSrasanForex,GOLD SELL NOW  SL TP HERE   https://t.me/+1x7HWwOmB4s4NDE0,SELL GOLD @ None,FAILED,MT5 execution failed — check broker logs,170
2026-07-23 03:25:37,Account 1,Binance 360, Futures (Free Signal)   SHORT  #LTC/USDT  Entry zone : 48.97 - 47.55  Take Profits :   47.30 45.87 44.44 43.00 41.57  Stop loss :50.8785  Leverage: 1...,N/A,FAILED,Trigger could not parse a valid trade structure from this signal,171
2026-07-23 03:28:04,Account 2,Binance 360," Simple trades, real results https://t.me/+cMn-_kyIoxMzMTRk  Premium signals: https://t.me/+mBBW3dnFbwkxMTRl",BUY GOLD @ 4002,FAILED,MT5 execution failed — check broker logs,172
2026-07-23 03:29:19,Account 1,Binance 360," Simple trades, real results https://t.me/+cMn-_kyIoxMzMTRk  Premium signals: https://t.me/+mBBW3dnFbwkxMTRl",N/A,FAILED,Trigger could not parse a valid trade structure from this signal,173
2026-07-23 04:18:56,Account 1,King Crypto Scalp [ LIVE ],#ENJ/USDT Take-Profit target 3  Profit: 20.4297%  Period: 1 day ,N/A,FAILED,Trigger could not parse a valid trade structure from this signal,174
2026-07-23 06:34:23,Account 2,Binance 360, RFD Indicator    15 Minutes Timeframe   LONG  #BANK/USDT  Entry zone : 0.1880151 - 0.1938300  Take Profits :   0.1947894 0.2005752 0.2063611 0.212146...,N/A,FAILED,Trigger could not parse a valid trade structure from this signal,175
2026-07-23 06:44:26,Account 2,RaSrasanForex,Gold Buy @ 4132 Sl: @ 4122 TP: @ 4142 lot size 0.30 Confirm 99% https://t.me/+ohwJqs_ZaqRkYWVk,N/A,FAILED,Trigger could not parse a valid trade structure from this signal,176
2026-07-23 06:53:25,Account 2,RaSrasanForex,Gold Buy @ 4132 Sl: @ 4122 TP: @ 4142 lot size 0.30 Confirm 99% https://t.me/+ohwJqs_ZaqRkYWVk,N/A,FAILED,Trigger could not parse a valid trade structure from this signal,177
2026-07-23 07:47:18,Account 2,Binance 360, Futures (Free Signal)   Long  #ATOM/USDT  Entry zone : 1.414 - 1.458  Take Profits :   1.465 1.508 1.552 1.595 1.639  Stop loss :1.35594  Leverage: 1...,N/A,FAILED,Trigger could not parse a valid trade structure from this signal,178
2026-07-23 08:09:10,Account 1,XAUUSD ACCURATE SiGNALS,Gold Buy 4115/12  SL : 4108.  TP : 4123 TP : 4128 TP : 4133 TP : 4138 TP : 4143 TP : 4148/ 4155//opn  @Proazam,N/A,FAILED,Trigger could not parse a valid trade structure from this signal,179
2026-07-23 08:22:20,Account 2,Max Leverage,zona buy 4117-4115 sl 4113.000,BUY EURDKK @ 4117,REJECTED,Price sanity fail: entry 4117 is 54955.3% from live 7.47794,180
2026-07-23 08:25:41,Account 1,XAUUSD ACCURATE SiGNALS,Gold live entry,N/A,FAILED,Trigger could not parse a valid trade structure from this signal,181
2026-07-23 08:34:01,Account 2,JOSEFINA TRADER0,XAUUSD SELL 4130 TP 4127 TP 4124 TP 4121 TP 4118 TP 4115 SL 4143 Use proper money management me,SELL GOLD @ 4130,SUCCESS,Trade executed successfully on MT5,182
2026-07-23 08:36:44,Account 1,King Crypto Scalp [ LIVE ],#APE/USDT Take-Profit target 2  Profit: 14.5028%  Period: 7 hr 35 min ,BUY LIMIT APEUSDT @ None,FAILED,MT5 execution failed — check broker logs,183
2026-07-23 08:53:19,Account 2,Max Leverage,zona sell 4134-4136 sl 4138.999,SELL EURSGD @ None,SUCCESS,Trade executed successfully on MT5,184
2026-07-23 08:53:24,Account 1,Max Leverage,zona sell 4134-4136 sl 4138.999,N/A,FAILED,Trigger could not parse a valid trade structure from this signal,185
2026-07-23 08:58:08,Account 1,DIL SE TRADER Crypto, New Crypto Trade Alert    Trade Details:  Symbol: C-BTC-65200-240726  Trade Type: SELL  Entry Price: 745.01198  Stop Loss: 1100.0  Target 1: 650.0  T...,SELL BTCUSDT @ 745.01198,FAILED,MT5 execution failed — check broker logs,186
2026-07-23 08:59:33,Account 1,King Crypto Scalp [ LIVE ],#APE/USDT Take-Profit target 3  Profit: 19.7974%  Period: 7 hr 58 min ,BUY LIMIT APEUSDT @ None,FAILED,MT5 execution failed — check broker logs,187
2026-07-23 21:30:18,Account 1,Crypto Radar, #Free Signal   Short  Pair: #QTUM/USDT   Entry Price:   1) 0.736300 2) 0.758389   Targets:  1) 0.731987 2) 0.716444 3) 0.700901 4) 0.685359  Stop Los...,N/A,FAILED,Trigger could not parse a valid trade structure from this signal,188
2026-07-23 21:31:10,Account 1,King Crypto Scalp [ LIVE ],PAIR: LDOUSDT  TYPE: SHORT LEVERAGE: Cross 20x   Entry Targets: 1) 0.3935 2) 0.4171 (DCA)  Take-Profit Targets: 0.3907 - 0.3884 - 0.3837 - 0.3778 - 0....,SELL LDOUSDT @ None,FAILED,MT5 execution failed — check broker logs,189
2026-07-23 21:31:27,Account 1,King Crypto Scalp [ LIVE ],"OKX Futures, ByBit USDT, Bitget Futures, Binance Futures, KuCoin Futures #LDO/USDT Closed due to opposite direction signal ",BUY GOLD @ 4002,SUCCESS,Trade executed successfully on MT5,190
2026-07-23 21:31:35,Account 1,King Crypto Scalp [ LIVE ],PAIR: LDOUSDT  TYPE: SHORT LEVERAGE: Cross 20x   Entry Targets: 1) 0.3935 2) 0.4171 (DCA)  Take-Profit Targets: 0.3907 - 0.3884 - 0.3837 - 0.3778 - 0....,N/A,FAILED,Trigger could not parse a valid trade structure from this signal,191
2026-07-23 22:32:46,Account 2,JOSEFINA TRADER0,XAUUSD GOLD BUY NOW   SL TP HERE   https://t.me/+UkmudS5wbH45OTE0,N/A,FAILED,Trigger could not parse a valid trade structure from this signal,192
2026-07-23 23:09:04,Account 2,JOSEFINA TRADER0,GOLD / XAUUSD BIG SIGNAL  TARGET 200 PIPS  SL TP  https://t.me/+obv5z0TszuQ4MTk0,BUY GOLD @ None,SUCCESS,Trade executed successfully on MT5,193
2026-07-23 23:29:30,Account 1,King Crypto Scalp [ LIVE ],#GRT/USDT Take-Profit target 6  Profit: 53.7313%  Period: 1 day 16 hr ,BUY LIMIT GRTUSDT @ None,FAILED,MT5 execution failed — check broker logs,194
2026-07-23 23:29:53,Account 1,King Crypto Scalp [ LIVE ],#ENJ/USDT Take-Profit target 5  Profit: 40.155%  Period: 1 day 19 hr ,BUY ENJUSDT @ None,FAILED,MT5 execution failed — check broker logs,195
2026-07-23 23:42:27,Account 1,King Crypto Scalp [ LIVE ],#AVAX/USDT Stop Target Hit  Loss: 81.7867% ,N/A,FAILED,Trigger could not parse a valid trade structure from this signal,196
2026-07-24 02:01:25,Account 2,Forex Trading Tips,"DAILY REPORT  -  July 23, 2026   BUY LIMIT 4112  - 50 PIPS  BUY STOP 4129.00  - 80 PIPS  SELL LIMIT 4097  + 500 PIPS  BUY LIMIT 4089  + 100 PIPS  Vant...",N/A,FAILED,Trigger could not parse a valid trade structure from this signal,197
2026-07-24 02:47:43,Account 1,Crypto Radar, #Free Signal   Short  Pair: #TRX/USDT   Entry Price:   1) 0.32834 2) 0.33819   Targets:  1) 0.32641 2) 0.31948 3) 0.31255 4) 0.30562  Stop Loss: 0.34...,N/A,FAILED,Trigger could not parse a valid trade structure from this signal,198
2026-07-24 05:16:22,Account 1,King Crypto Scalp [ LIVE ],"OKX Futures, ByBit USDT, Binance Futures, Bitget Futures, KuCoin Futures #SAND/USDT Closed due to opposite direction signal ",N/A,FAILED,Trigger could not parse a valid trade structure from this signal,199
2026-07-24 05:16:28,Account 1,King Crypto Scalp [ LIVE ],PAIR: SANDUSDT  TYPE: SHORT LEVERAGE: Cross 20x   Entry Targets: 1) 0.04587 2) 0.0477 (DCA)  Take-Profit Targets: 0.0456 - 0.0454 - 0.0452 - 0.0445 - ...,N/A,FAILED,Trigger could not parse a valid trade structure from this signal,200
2026-07-24 05:16:31,Account 1,King Crypto Scalp [ LIVE ],PAIR: SANDUSDT  TYPE: SHORT LEVERAGE: Cross 20x   Entry Targets: 1) 0.04587 2) 0.0477 (DCA)  Take-Profit Targets: 0.0456 - 0.0454 - 0.0452 - 0.0445 - ...,N/A,FAILED,Trigger could not parse a valid trade structure from this signal,201
2026-07-24 05:31:45,Account 1,King Crypto Scalp [ LIVE ],#ADA/USDT Take-Profit target 4  Profit: 42.669%  Period: 17 hr 53 min ,BUY ADAUSDT @ None,FAILED,MT5 execution failed — check broker logs,202
2026-07-24 05:32:07,Account 1,King Crypto Scalp [ LIVE ],#ENJ/USDT Take-Profit target 6  Profit: 53.3052%  Period: 2 days 1 hr ,BUY ENJUSDT @ None,FAILED,MT5 execution failed — check broker logs,203
2026-07-24 05:34:22,Account 1,Crypto Radar, VIP Signal   Short  Pair: #ADA/USDT   Entry Price:   1) 0.17640 2) 0.18169   Targets:  1) 0.17536 2) 0.17164 3) 0.16791 4) 0.16419  Stop Loss: 0.1875...,BUY #ADA/USDT @ 0.1764,FAILED,MT5 execution failed — check broker logs,204
2026-07-24 05:51:20,Account 1,Crypto Radar, #Free Signal   Long  Pair: #ATOM/USDT   Entry Price:   1) 1.417 2) 1.374   Targets:  1) 1.425 2) 1.454 3) 1.484 4) 1.513  Stop Loss: 1.327  Leverage:...,N/A,FAILED,Trigger could not parse a valid trade structure from this signal,205
2026-07-24 05:53:24,Account 2,RaSrasanForex,XAUUSD BUY 4042/4039,BUY GOLD @ 4042,FAILED,MT5 execution failed — check broker logs,206
2026-07-24 05:53:40,Account 2,RaSrasanForex,XAUUSD BUY4042/4039  TP 4045 TP 4048 TP 4051 TP 4054 TP 4057  SL 4029,BUY GOLD @ 4042,FAILED,MT5 execution failed — check broker logs,207
2026-07-24 06:04:48,Account 1,King Crypto Scalp [ LIVE ],#SAND/USDT Take-Profit target 1  Profit: 11.7724%  Period: 48 min ,BUY EURUSD @ None,SUCCESS,Trade executed successfully on MT5,208
2026-07-24 06:28:23,Account 1,Crypto World Updates, #RIF/USDT SIGNAL Type: Regular (LONG)  Leverage: Cross (50X)  Amount: 3%   Entry Targets:  1)  0.1260  2)  0.1230  Take-Profit Targets:  1)  0.1300  ...,N/A,FAILED,Trigger could not parse a valid trade structure from this signal,209
2026-07-24 06:30:35,Account 1,Crypto World Updates, #VELVET/USDT  SIGNAL Type: Regular (SHORT)  Leverage: Cross (50X)  Amount: 1%   Entry Targets:  1)  0.3450  2)  0.3550  Take-Profit Targets:  1) 0.31...,BUY VELVETUSDT @ 0.345,FAILED,MT5 execution failed — check broker logs,210
2026-07-24 06:32:40,Account 2,RIAOGOLDFOREX,XAUUSD SELL 4047,SELL GOLD @ 4047,FAILED,MT5 execution failed — check broker logs,211
2026-07-24 06:35:04,Account 2,RIAOGOLDFOREX,XAUUSD SELL 4047  TP 4044 TP 4041 TP 4038 TP 4035 TP 4032 TP 4029  SL 4057,SELL GOLD @ 4047,FAILED,MT5 execution failed — check broker logs,212
2026-07-24 06:35:47,Account 1,Crypto World Updates,Velvet set tp 1 0.3300,BUY GOLD @ 4002,FAILED,MT5 execution failed — check broker logs,213
2026-07-24 06:38:28,Account 2,RaSrasanForex,GOLD SELL 4130  TP 4127 TP 4124 TP 4121 TP 4118 TP 4115 TP 4112  SL 4141 t.me/+TNPqCKv0BGgzYmQ8 t.me/+TNPqCKv0BGgzYmQ8,SELL GOLD @ 4130,FAILED,MT5 execution failed — check broker logs,214
2026-07-24 06:43:50,Account 2,Binance 360,#HANA/USDT Reached 0.0379400  The result of our accurate signals    254.46% Profit  ,BUY GOLD @ None,FAILED,MT5 execution failed — check broker logs,215
2026-07-24 06:44:10,Account 2,Binance 360, RFD Indicator    15 Minutes Timeframe   LONG  #HANA/USDT  Entry zone : 0.0334456 - 0.0344800  Take Profits :   0.0346506 0.0356799 0.0367091 0.037738...,BUY EURDKK @ 0.0334456,REJECTED,Price sanity fail: entry 0.0334456 is 99.6% from live 7.47762,216
2026-07-24 06:44:15,Account 1,Binance 360,#HANA/USDT Reached 0.0379400  The result of our accurate signals    254.46% Profit  ,N/A,FAILED,Trigger could not parse a valid trade structure from this signal,217
2026-07-24 06:44:20,Account 1,Binance 360, RFD Indicator    15 Minutes Timeframe   LONG  #HANA/USDT  Entry zone : 0.0334456 - 0.0344800  Take Profits :   0.0346506 0.0356799 0.0367091 0.037738...,N/A,FAILED,Trigger could not parse a valid trade structure from this signal,218
2026-07-24 07:00:09,Account 1,Crypto World Updates, #VELVET/USDT  SIGNAL Type: Regular (SHORT)  Leverage: Cross (50X)  Amount: 1%   Entry Targets:  1)  0.3500  2)  0.3600  Take-Profit Targets:  1) 0.33...,N/A,FAILED,Trigger could not parse a valid trade structure from this signal,219
2026-07-24 07:14:44,Account 1,Crypto World Updates, #RIF/USDT  SIGNAL Type: Regular (SHORT)  Leverage: Cross (50X)  Amount: 1%   Entry Targets:  1)  0.1230  2)  0.1260  Take-Profit Targets:  1) 0.1190 ...,BUY RIFUSDT @ None,FAILED,MT5 execution failed — check broker logs,220
2026-07-24 07:47:01,Account 1,DUBAI CAPITAL FX GROUP 3,GOLD SELL 4047_4050  SL_ 4062  TP 4044 TP 4041 TP 4038 TP 4035 TP 4032 TP 4029 TP 4026 TP 4023 TP 4020  Follow Money Management,N/A,FAILED,Trigger could not parse a valid trade structure from this signal,221
2026-07-24 07:53:45,Account 1,XAUUSD ACCURATE SiGNALS,Gold again buy 4041/4039 limit  Sl 4034  Tp 4045 Tp 4050 Tp 4055/4065 ) 4095//Opn  @Proazam,BUY LIMIT GOLD @ 4041,FAILED,MT5 execution failed — check broker logs,222
2026-07-24 08:03:06,Account 1,Crypto World Updates, #VELVET/USDT SIGNAL Type: Regular (LONG)  Leverage: Cross (50X)  Amount: 3%   Entry Targets:  1)  0.3287  2)  0.3180  Take-Profit Targets:  1)  0.350...,BUY VELVETUSDT @ 0.3287,FAILED,MT5 execution failed — check broker logs,223
2026-07-24 08:13:32,Account 1,Crypto World Updates,Velvet set tp 1 0.3400,BUY GOLD @ 4002,FAILED,MT5 execution failed — check broker logs,224
2026-07-24 08:22:47,Account 1,Max Leverage,"Max Leverage DAILY REPORT   Kamis, 23 Juli 2026   Hasil Rangkuman Profit :  - BUY GOLD +100 PIPS publik  - BUY GOLD +20 PIPS publik  - BUY GOLD +20 PI...",N/A,FAILED,Trigger could not parse a valid trade structure from this signal,225
2026-07-24 08:22:50,Account 2,Max Leverage,"Max Leverage DAILY REPORT   Kamis, 23 Juli 2026   Hasil Rangkuman Profit :  - BUY GOLD +100 PIPS publik  - BUY GOLD +20 PIPS publik  - BUY GOLD +20 PI...",N/A,FAILED,Trigger could not parse a valid trade structure from this signal,226
2026-07-24 08:29:41,Account 1,Crypto World Updates, #VELVET/USDT SIGNAL Type: Regular (LONG)  Leverage: Cross (50X)  Amount: 3%   Entry Targets:  1)  0.4200  2)  0.4100  Take-Profit Targets:  1)  0.444...,BUY VELVETUSDT @ 0.42,FAILED,MT5 execution failed — check broker logs,227
2026-07-24 08:30:59,Account 1,King Crypto Scalp [ LIVE ],PAIR: CHZUSDT  TYPE: LONG LEVERAGE: Cross 20x   Entry Targets: 1) 0.01463 2) 0.014 (DCA)  Take-Profit Targets: 0.0147 - 0.0148 - 0.0148 - 0.0151 - 0.0...,BUY CHZUSDT @ None,FAILED,MT5 execution failed — check broker logs,228
2026-07-24 08:31:14,Account 1,King Crypto Scalp [ LIVE ],"OKX Futures, Binance Futures, KuCoin Futures, ByBit USDT, Bitget Futures #CHZ/USDT Closed due to opposite direction signal ",BUY GOLD @ 4002,SUCCESS,Trade executed successfully on MT5,229
2026-07-24 08:31:24,Account 1,King Crypto Scalp [ LIVE ],PAIR: CHZUSDT  TYPE: LONG LEVERAGE: Cross 20x   Entry Targets: 1) 0.01463 2) 0.014 (DCA)  Take-Profit Targets: 0.0147 - 0.0148 - 0.0148 - 0.0151 - 0.0...,N/A,FAILED,Trigger could not parse a valid trade structure from this signal,230
2026-07-24 08:32:29,Account 1,XAUUSD ACCURATE SiGNALS,Gold again buy 4023/4020 limit  Sl 4015  Tp 4032 Tp 4042 Tp 4050/4055 ) 4095//Opn  @Proazam,BUY LIMIT GOLD @ 4020,SUCCESS,Trade executed successfully on MT5,231
2026-07-24 08:34:23,Account 2,Binance 360, Futures (Free Signal)   Long  #LTC/USDT  Entry zone : 45.28 - 46.69  Take Profits :   46.92 48.31 49.70 51.10 52.49  Stop loss :43.4217  Leverage: 10...,BUY LTC/USDT @ 45.28,FAILED,MT5 execution failed — check broker logs,232
2026-07-24 08:34:40,Account 1,Binance 360, Futures (Free Signal)   Long  #LTC/USDT  Entry zone : 45.28 - 46.69  Take Profits :   46.92 48.31 49.70 51.10 52.49  Stop loss :43.4217  Leverage: 10...,BUY LTC/USDT @ 45.28,FAILED,MT5 execution failed — check broker logs,233
2026-07-24 08:41:11,Account 1,Crypto World Updates,Dexe sl 15m candle closing above 1.85,BUY GOLD @ None,SUCCESS,Trade executed successfully on MT5,234
2026-07-24 08:44:26,Account 2,JOSEFINA TRADER0,XAUUSD sell 4033,SELL GOLD @ 4033,FAILED,MT5 execution failed — check broker logs,235
2026-07-24 08:45:03,Account 2,JOSEFINA TRADER0,XAUUSD SELL 4133 TP 4130 TP 4127 TP 4124 TP 4121 TP 4118 SL 4146 Use proper money management me,SELL GOLD @ 4133,FAILED,MT5 execution failed — check broker logs,236
2026-07-24 08:50:59,Account 2,RaSrasanForex,XAUUSD CONFIRM ENTRY ,BUY GOLD @ 4002,FAILED,MT5 execution failed — check broker logs,237
2026-07-24 08:51:45,Account 2,RaSrasanForex,GOLD SELL NOW  USE BIG LOT  SL Tp https://t.me/+yjQVxNwVcAxiZjJk https://t.me/+yjQVxNwVcAxiZjJk ,SELL GOLD @ None,FAILED,MT5 execution failed — check broker logs,238
2026-07-24 08:52:05,Account 2,RaSrasanForex,GOLD SELL NOW  SL TP HERE   https://t.me/+mSABzChJqFo0MDk0,SELL GOLD @ None,FAILED,MT5 execution failed — check broker logs,239
2026-07-24 08:55:31,Account 2,RaSrasanForex,Gold Buy @ 4132 Sl: @ 4122 TP: @ 4142 lot size 0.30 Confirm 99% https://t.me/+ohwJqs_ZaqRkYWVk,BUY GOLD @ 4132,FAILED,MT5 execution failed — check broker logs,240
2026-07-24 08:57:29,Account 1,"Mr.DAVID, XAU/USD CLUB",#XAUUSD SELL 4030....4032  SL: 4042  TP1: 4022 TP2: 4018 TP3: 4012 TP4: 4006,SELL GOLD @ None,FAILED,MT5 execution failed — check broker logs,241
2026-07-24 09:07:08,Account 1,DIL SE TRADER Crypto, New Crypto Trade Alert    Trade Details:  Symbol: P-BTC-65800-250726  Trade Type: SELL  Entry Price: 771.62283  Stop Loss: 1000.0  Target 1: 680.0  T...,SELL BTCUSDT @ 771.62283,FAILED,MT5 execution failed — check broker logs,242
2026-07-24 09:07:25,Account 1,King Crypto Scalp [ LIVE ],#CHZ/USDT Take-Profit target 1  Profit: 9.5694%  Period: 35 min ,N/A,FAILED,Trigger could not parse a valid trade structure from this signal,243
2026-07-24 09:08:59,Account 1,DIL SE TRADER Crypto, New Crypto Trade Alert    Trade Details:  Symbol: P-ETH-1920-250726  Trade Type: SELL  Entry Price: 44.66815  Stop Loss: 65.0  Target 1: 38.0  Target...,SELL P-ETH-1920-250726 @ 44.66815,FAILED,MT5 execution failed — check broker logs,244
2026-07-24 09:23:23,Account 1,DIL SE TRADER Crypto, New Crypto Trade Alert    Trade Details:  Symbol: ETHUSDT  Trade Type: BUY  Entry Price: 1879.63005  Stop Loss: 1860.0  Target 1: 1890.0  Target 2: 1...,N/A,FAILED,Trigger could not parse a valid trade structure from this signal,245
2026-07-24 09:43:05,Account 2,RaSrasanForex, #XAUUSD SELL NOW 4030   SL :#see in channal   TP: #see in channal  https://t.me/+mSABzChJqFo0MDk0 https://t.me/+mSABzChJqFo0MDk0  LINK EXPIRE IN 5 MN...,N/A,FAILED,Trigger could not parse a valid trade structure from this signal,246
2026-07-24 09:45:58,Account 1,Crypto World Updates, #VELVET/USDT SIGNAL Type: Regular (LONG)  Leverage: Cross (50X)  Amount: 3%   Entry Targets:  1)  0.4090  2)  0.3990  Take-Profit Targets:  1)  0.429...,BUY VELVETUSDT @ 0.409,FAILED,MT5 execution failed — check broker logs,247
2026-07-24 09:49:39,Account 1,Crypto World Updates,Velvet sl 15m candle closing below 0.3825,SELL EURUSD @ None,FAILED,MT5 execution failed — check broker logs,248
2026-07-24 09:52:22,Account 2,GOLD DREAMS TRADER,XAUUSD BUY NOW 4028/4025  TP 4031 TP 4034 TP 4037 TP 4040 TP 4043 TP 4046 TP 4049 TP 4052 TP 4055  SL 4010,BUY GOLD @ 4028,FAILED,MT5 execution failed — check broker logs,249
2026-07-24 10:10:27,Account 2,JOSEFINA TRADER0,GOLD / XAUUSD BIG SIGNAL  TARGET 200 PIPS  SL TP  https://t.me/+obv5z0TszuQ4MTk0,N/A,FAILED,Trigger could not parse a valid trade structure from this signal,250
2026-07-24 10:27:59,Account 1,Coin Chief, Trade: #RE/USDT  Direction:  Short    Entry Range: 0.6390 - 0.6669   StopLoss: 0.6780   Target 1: 0.6327  Target 2: 0.6265  Target 3: 0.6203  Target ...,N/A,FAILED,Trigger could not parse a valid trade structure from this signal,251
2026-07-24 10:32:42,Account 2,RaSrasanForex, #XAUUSD SELL NOW 4030   SL :#see in channal   TP: #see in channal  https://t.me/+mSABzChJqFo0MDk0 https://t.me/+mSABzChJqFo0MDk0  LINK EXPIRE IN 5 MN...,SELL GOLD @ None,FAILED,MT5 execution failed — check broker logs,252
2026-07-24 10:47:52,Account 1,Crypto World Updates, #RE/USDT  SIGNAL Type: Regular (SHORT)  Leverage: Cross (50X)  Amount: 1%   Entry Targets:  1)  0.6400  2)  0.6570  Take-Profit Targets:  1) 0.6200  ...,BUY EURUSD @ None,FAILED,MT5 execution failed — check broker logs,253
2026-07-24 10:50:55,Account 1,Crypto World Updates, #AKE/USDT SIGNAL Type: Regular (LONG)  Leverage: Cross (50X)  Amount: 3%   Entry Targets:  1)  0.002480  2)  0.002420  Take-Profit Targets:  1)  0.00...,BUY AKEUSDT @ None,FAILED,MT5 execution failed — check broker logs,254
2026-07-24 10:51:05,Account 1,Crypto World Updates, #AKE/USDT SIGNAL Type: Regular (LONG)  Leverage: Cross (50X)  Amount: 3%   Entry Targets:  1)  0.002460  2)  0.002400  Take-Profit Targets:  1)  0.00...,N/A,FAILED,Trigger could not parse a valid trade structure from this signal,255
2026-07-24 11:10:13,Account 2,JOSEFINA TRADER0,#XAUUSD BUY 4058  TP 4061 TP 4064 TP 4067 TP 4070 TP 4073 https://t.me/+mej77CvnPVk5ZjQ1 https://t.me/+mej77CvnPVk5ZjQ1  SL 4046,N/A,FAILED,Trigger could not parse a valid trade structure from this signal,256
2026-07-24 11:10:49,Account 2,JOSEFINA TRADER0,XAUUSD SELL     LIVE TRADE NOW,SELL GOLD @ None,FAILED,MT5 execution failed — check broker logs,257
2026-07-24 11:37:22,Account 2,JOSEFINA TRADER0,GOLD / XAUUSD BIG SIGNAL  TARGET 200 PIPS  SL TP  https://t.me/+obv5z0TszuQ4MTk0,N/A,FAILED,Trigger could not parse a valid trade structure from this signal,258
2026-07-24 11:49:28,Account 2,JOSEFINA TRADER0,GOLD SELL 4130  TP 4127 TP 4124 TP 4121 TP 4118 TP 4115 TP 4112  SL 4141 t.me/+TNPqCKv0BGgzYmQ8 t.me/+TNPqCKv0BGgzYmQ8,SELL GOLD @ 4130,FAILED,MT5 execution failed — check broker logs,259
2026-07-24 11:54:58,Account 2,Max Leverage,zona sell 4038-4040 sl 4042.999,SELL DOGEUSDT @ None,FAILED,MT5 execution failed — check broker logs,260
2026-07-24 11:55:11,Account 1,Max Leverage,zona sell 4038-4040 sl 4042.999,SELL DOGEUSDT @ None,FAILED,MT5 execution failed — check broker logs,261
2026-07-24 11:55:58,Account 2,JOSEFINA TRADER0,GOLD SELL NOW   TP  TP  SL     3   ,SELL GOLD @ None,FAILED,MT5 execution failed — check broker logs,262
2026-07-24 12:00:59,Account 1,DIL SE TRADER Crypto, New Crypto Trade Alert    Trade Details:  Symbol: BTCUSDT  Trade Type: BUY  Entry Price: 65398.33128  Stop Loss: 64800.0  Target 1: 65600.0  Target 2...,BUY BTCUSDT @ 65398.33128,FAILED,MT5 execution failed — check broker logs,263
2026-07-24 12:01:27,Account 2,SureShot GOLD (VIP),XAUUSD BUY 4034.26  SL:  4024.26 TP:  4054.26 --Trade by William,BUY GOLD @ 4034.26,FAILED,MT5 execution failed — check broker logs,264
2026-07-24 12:13:43,Account 2,GOLD Scalper,XAUUSD BUY 4035-33  TP 1 : 4040 TP 2 : 4045 TP 3 : 4050 TP 4 : 4100  SL : 4018,BUY LIMIT GOLD @ 4030,FAILED,MT5 execution failed — check broker logs,265
2026-07-24 12:46:44,Account 2,Binance 360, Futures (Free Signal)   SHORT  #XRP/USDT  Entry zone : 1.1524 - 1.1189  Take Profits :   1.1132 1.0795 1.0457 1.0120 0.9783  Stop loss :1.197223  Lev...,N/A,FAILED,Trigger could not parse a valid trade structure from this signal,266
2026-07-24 12:47:09,Account 1,Binance 360, Futures (Free Signal)   SHORT  #XRP/USDT  Entry zone : 1.1524 - 1.1189  Take Profits :   1.1132 1.0795 1.0457 1.0120 0.9783  Stop loss :1.197223  Lev...,BUY XRP/USDT @ 1.1524,FAILED,MT5 execution failed — check broker logs,267
2026-07-24 13:26:40,Account 1,"Mr.DAVID, XAU/USD CLUB",#XAUUSD SELL 4047....4050  SL: 4058  TP1: 4040 TP2: 4035 TP3: 4030 TP4: 4026,N/A,FAILED,Trigger could not parse a valid trade structure from this signal,268
2026-07-24 13:46:36,Account 1,King Crypto Scalp [ LIVE ],"Binance Futures, ByBit USDT, Bitget Futures, KuCoin Futures #ENJ/USDT Closed due to opposite direction signal ",N/A,FAILED,Trigger could not parse a valid trade structure from this signal,269
2026-07-24 13:52:36,Account 1,King Crypto Scalp [ LIVE ],#SAND/USDT Take-Profit target 2  Profit: 16.1325%  Period: 8 hr 36 min ,N/A,FAILED,Trigger could not parse a valid trade structure from this signal,270
2026-07-24 13:57:21,Account 2,RaSrasanForex,Gold Buy @ 4132 Sl: @ 4122 TP: @ 4142 lot size 0.30 Confirm 99% https://t.me/+ohwJqs_ZaqRkYWVk,BUY GOLD @ 4132,FAILED,MT5 execution failed — check broker logs,271
2026-07-24 14:03:05,Account 2,Forexero - Forex Signals,XAU/USD  Direction: BUY Entry Price: 4051.00  TP1       4056.00 TP2       4066.00 TP3       4081.00  SL          4021.00,N/A,FAILED,Trigger could not parse a valid trade structure from this signal,272
2026-07-24 14:17:51,Account 2,RaSrasanForex,GOLD SELL NOW  USE BIG LOT  SL Tp https://t.me/+yjQVxNwVcAxiZjJk https://t.me/+yjQVxNwVcAxiZjJk ,SELL GOLD @ None,FAILED,MT5 execution failed — check broker logs,273
2026-07-24 14:18:07,Account 2,RaSrasanForex,GOLD SELL 4056/4060  TP 4052 TP 4048 TP 4044 TP 4040 TP 4036 TP 4032 TP 4028 TP 4024 SL4070,N/A,FAILED,Trigger could not parse a valid trade structure from this signal,274
2026-07-24 14:18:44,Account 2,RaSrasanForex,Gold Buy @ 4132 Sl: @ 4122 TP: @ 4142 lot size 0.30 Confirm 99% https://t.me/+ohwJqs_ZaqRkYWVk,N/A,FAILED,Trigger could not parse a valid trade structure from this signal,275
2026-07-24 14:23:42,Account 2,RIAOGOLDFOREX,XAUUSD BUY 4054,BUY GOLD @ 4054,SUCCESS,Trade executed successfully on MT5,276
2026-07-24 14:25:27,Account 2,Forexero - Forex Signals,XAU/USD HIT TP1: +50 pips,N/A,FAILED,Trigger could not parse a valid trade structure from this signal,277
2026-07-24 14:26:12,Account 2,RIAOGOLDFOREX,XAUUSD BUY 4054  TP 4057  TP 4060  TP 4063  TP 4066  TP 4069  TP 4072  SL 4044,BUY GOLD @ 4054,SUCCESS,Trade executed successfully on MT5,278
2026-07-24 14:27:05,Account 2,RaSrasanForex,Gold Buy @ 4132 Sl: @ 4122 TP: @ 4142 lot size 0.30 Confirm 99% https://t.me/+ohwJqs_ZaqRkYWVk,N/A,FAILED,Trigger could not parse a valid trade structure from this signal,279
2026-07-24 14:34:32,Account 2,GOLD Scalper, XAUUSD BUY BOOM BOOM RUNNING 250+ PIPS ,BUY GOLD @ None,SUCCESS,Trade executed successfully on MT5,280
2026-07-24 14:34:44,Account 2,GOLD Snipers, XAUUSD BUY BOOM BOOM RUNNING 250+ PIPS ,BUY GOLD @ None,FAILED,MT5 execution failed — check broker logs,281
2026-07-24 14:35:33,Account 2,Sureshot FX VIP,GBPAUD BUY 1.9059  SL:  1.9009 TP:  1.9209 --Trade by Flynn,BUY GBPAUD @ 1905.9,REJECTED,Price sanity fail: entry 1905.9 is 99886.9% from live 1.90615,282
2026-07-24 14:35:42,Account 2,Sureshot FX 🎯,GBPAUD BUY 1.9059  SL:  1.9009 TP:  1.9209 --Trade by Flynn,N/A,FAILED,Trigger could not parse a valid trade structure from this signal,283
2026-07-24 14:39:49,Account 2,RaSrasanForex,GOLD SELL NOW  USE BIG LOT  SL Tp https://t.me/+yjQVxNwVcAxiZjJk https://t.me/+yjQVxNwVcAxiZjJk ,SELL GOLD @ None,FAILED,MT5 execution failed — check broker logs,284
2026-07-24 14:45:00,Account 2,SureShot GOLD (VIP),XAUUSD BUY 4054.32  SL:  4044.32 TP:  4074.32 --Trade by Jack,BUY GOLD @ 4054.32,FAILED,MT5 execution failed — check broker logs,285
2026-07-24 14:56:18,Account 1,King Crypto Scalp [ LIVE ],#SAND/USDT Take-Profit target 3  Profit: 20.4927%  Period: 9 hr 26 min ,N/A,FAILED,Trigger could not parse a valid trade structure from this signal,286
2026-07-24 15:00:24,Account 1,King Crypto Scalp [ LIVE ],#ENJ/USDT Take-Profit target 1  Profit: 8.7655%  Period: 1 hr 14 min ,N/A,FAILED,Trigger could not parse a valid trade structure from this signal,287
2026-07-24 15:46:37,Account 1,Max Leverage,zona buy 4056-4054 sl 4052.000,N/A,FAILED,Trigger could not parse a valid trade structure from this signal,288
2026-07-24 15:46:41,Account 2,Max Leverage,zona buy 4056-4054 sl 4052.000,N/A,FAILED,Trigger could not parse a valid trade structure from this signal,289
2026-07-24 15:49:00,Account 2,RIAOGOLDFOREX,XAUUSD gold 3982_3985 I will delete the two minutes  https://t.me/+ylIF7qAeZqs4MGRk https://t.me/+ylIF7qAeZqs4MGRk   600+ PIPS TARGET ,BUY GOLD @ 3982,FAILED,MT5 execution failed — check broker logs,290
2026-07-24 16:01:15,Account 1,Max Leverage,zona sell 4067-4069 sl 4071.999,N/A,FAILED,Trigger could not parse a valid trade structure from this signal,291
2026-07-24 16:01:20,Account 2,Max Leverage,zona sell 4067-4069 sl 4071.999,N/A,FAILED,Trigger could not parse a valid trade structure from this signal,292
2026-07-24 16:02:32,Account 1,Crypto Radar, #Free Signal   Long  Pair: #ZEC/USDT   Entry Price:   1) 502.49 2) 487.41   Targets:  1) 505.37 2) 515.87 3) 526.37 4) 536.86  Stop Loss: 470.83  Lev...,N/A,FAILED,Trigger could not parse a valid trade structure from this signal,293
2026-07-24 16:09:36,Account 2,JOSEFINA TRADER0,XAUUSD sell 4060,N/A,FAILED,Trigger could not parse a valid trade structure from this signal,294
2026-07-24 16:11:20,Account 2,JOSEFINA TRADER0,XAUUSD SELL 4060 TP 4057 TP 4054 TP 4051 TP 4048 TP 4045 SL 4073 Use proper money management me,SELL GOLD @ 4060,FAILED,MT5 execution failed — check broker logs,295
2026-07-24 16:46:23,Account 2,RaSrasanForex,GOLD SELL 4130  TP 4127 TP 4124 TP 4121 TP 4118 TP 4115 TP 4112  SL 4141 t.me/+TNPqCKv0BGgzYmQ8 t.me/+TNPqCKv0BGgzYmQ8,N/A,FAILED,Trigger could not parse a valid trade structure from this signal,296
2026-07-24 16:49:19,Account 2,RaSrasanForex,XAUUSD SELL 4060  TP 4050 TP 4035 TP 4020  Confirm SL  https://t.me/+WMsAtG-opdFkOWI0 https://t.me/+WMsAtG-opdFkOWI0  Confirm Entry,N/A,FAILED,Trigger could not parse a valid trade structure from this signal,297
2026-07-24 16:49:52,Account 2,RaSrasanForex,GOLD SELL 4050  TP. 4047 TP. 4044 TP. 4041 TP. 4038 TP. 4035  SL.4060 https://t.me/+YtZz6Ceuw4E2ZmNk https://t.me/+YtZz6Ceuw4E2ZmNk,N/A,FAILED,Trigger could not parse a valid trade structure from this signal,298
2026-07-24 16:56:53,Account 2,RaSrasanForex,#XAUUSD BUY 4058  TP 4061 TP 4064 TP 4067 TP 4070 TP 4073 https://t.me/+Cs0a7auFDbA5MWVk https://t.me/+Cs0a7auFDbA5MWVk SL 4046,BUY GOLD @ 4058,FAILED,MT5 execution failed — check broker logs,299
2026-07-24 17:03:35,Account 2,RaSrasanForex,GOLD BUY 4026-4030 PLEASE don't SHARE this link  once you join  https://t.me/+zJ8fyW-bZxFjYjNk ITS A SECRET,BUY GOLD @ 4026,FAILED,MT5 execution failed — check broker logs,300
2026-07-24 17:10:59,Account 2,Sureshot FX VIP,BTCUSD SELL 64942.7  SL:  66142.7 TP:  61342.7 --Trade by Jack,SELL BTCUSDT @ None,FAILED,MT5 execution failed — check broker logs,301
2026-07-24 17:12:32,Account 1,DUBAI CAPITAL FX GROUP 3,GOLD SELL 4058_4061  SL_ 4076  TP 4055 TP 4052 TP 4049 TP 4046 TP 4043 TP 4040 TP 4037 TP 4034 TP 4031  Follow Money Management,SELL GOLD @ 4058,FAILED,MT5 execution failed — check broker logs,302
2026-07-24 17:16:43,Account 2,JOSEFINA TRADER0,GOLD SELL 4130  TP 4127 TP 4124 TP 4121 TP 4118 TP 4115 TP 4112  SL 4141 t.me/+TNPqCKv0BGgzYmQ8 t.me/+TNPqCKv0BGgzYmQ8,N/A,FAILED,Trigger could not parse a valid trade structure from this signal,303
2026-07-24 17:21:29,Account 2,RaSrasanForex,XAUUSD gold 3982_3985 I will delete the two minutes  https://t.me/+ylIF7qAeZqs4MGRk https://t.me/+ylIF7qAeZqs4MGRk   600+ PIPS TARGET ,N/A,FAILED,Trigger could not parse a valid trade structure from this signal,304
2026-07-24 17:32:48,Account 2,RaSrasanForex,GOLD BUY 4026-4030 PLEASE don't SHARE this link  once you join  https://t.me/+zJ8fyW-bZxFjYjNk ITS A SECRET,N/A,FAILED,Trigger could not parse a valid trade structure from this signal,305
2026-07-24 17:33:25,Account 2,RaSrasanForex,GOLD BUY 4026-4030 PLEASE don't SHARE this link  once you join  https://t.me/+zJ8fyW-bZxFjYjNk ITS A SECRET,BUY GOLD @ 4026,FAILED,MT5 execution failed — check broker logs,306
2026-07-24 17:34:20,Account 2,Max Leverage,zona buy 4053-4051 sl 4049.000,BUY EURDKK @ 4051,REJECTED,Price sanity fail: entry 4051 is 54074.1% from live 7.47774,307
2026-07-24 17:34:48,Account 1,Max Leverage,zona buy 4053-4051 sl 4049.000,N/A,FAILED,Trigger could not parse a valid trade structure from this signal,308
2026-07-24 17:36:36,Account 2,JOSEFINA TRADER0,Gold Buy @ 4132 Sl: @ 4122 TP: @ 4142 lot size 0.30 Confirm 99% https://t.me/+ohwJqs_ZaqRkYWVk,BUY GOLD @ 4132,FAILED,MT5 execution failed — check broker logs,309
2026-07-24 17:43:01,Account 2,RaSrasanForex,Gold Buy @ 4132 Sl: @ 4122 TP: @ 4142 lot size 0.30 Confirm 99% https://t.me/+ohwJqs_ZaqRkYWVk,BUY GOLD @ 4132,FAILED,MT5 execution failed — check broker logs,310
2026-07-24 17:45:28,Account 2,RaSrasanForex,GOLD BUY 4026-4030 PLEASE don't SHARE this link  once you join  https://t.me/+zJ8fyW-bZxFjYjNk ITS A SECRET,N/A,FAILED,Trigger could not parse a valid trade structure from this signal,311
2026-07-24 17:49:20,Account 2,Binance 360, Futures (Free Signal)   Long  #NEO/USDT  Entry zone : 1.982 - 2.044  Take Profits :   2.054 2.115 2.176 2.237 2.298  Stop loss :1.90092  Leverage: 10...,N/A,FAILED,Trigger could not parse a valid trade structure from this signal,312
2026-07-24 17:49:37,Account 1,Binance 360, Futures (Free Signal)   Long  #NEO/USDT  Entry zone : 1.982 - 2.044  Take Profits :   2.054 2.115 2.176 2.237 2.298  Stop loss :1.90092  Leverage: 10...,BUY NEO/USDT @ 1982,FAILED,MT5 execution failed — check broker logs,313
2026-07-24 18:01:10,Account 2,RaSrasanForex,Gold Buy @ 4132 Sl: @ 4122 TP: @ 4142 lot size 0.30 Confirm 99% https://t.me/+ohwJqs_ZaqRkYWVk,BUY GOLD @ 4132,FAILED,MT5 execution failed — check broker logs,314
2026-07-24 18:06:05,Account 1,"Mr.DAVID, XAU/USD CLUB",#XAUUSD SELL 4058....4063  SL: 4074  TP1: 4050 TP2: 4044 TP3: 4036 TP4: 4020,SELL GOLD @ 4058,FAILED,MT5 execution failed — check broker logs,315
2026-07-24 18:31:30,Account 2,RaSrasanForex,XAUUSD CONFIRM ENTRY ,N/A,FAILED,Trigger could not parse a valid trade structure from this signal,316
2026-07-24 18:36:57,Account 1,King Crypto Scalp [ LIVE ],#SAND/USDT Take-Profit target 4  Profit: 30.303%  Period: 13 hr 20 min ,N/A,FAILED,Trigger could not parse a valid trade structure from this signal,317
2026-07-24 18:38:02,Account 1,Crypto Radar,Trade Log (VIP)   Captured: 185% Asset: #SNX,BUY SNXUSDT @ None,FAILED,MT5 execution failed — check broker logs,318
2026-07-24 18:38:15,Account 1,Crypto Radar, VIP Signal   Short  Pair: #SNX/USDT   Entry Price:   1) 0.231400 2) 0.238342   Targets:  1) 0.230044 2) 0.225159 3) 0.220275 4) 0.215390  Stop Loss: ...,N/A,FAILED,Trigger could not parse a valid trade structure from this signal,319
2026-07-24 18:39:22,Account 1,King Crypto Scalp [ LIVE ],#ADA/USDT Take-Profit target 5  Profit: 58.1901%  Period: 1 day 7 hr ,BUY LIMIT ADAUSDT @ None,FAILED,MT5 execution failed — check broker logs,320
2026-07-24 18:45:11,Account 2,RaSrasanForex,XAUUSD CONFIRM ENTRY ,N/A,FAILED,Trigger could not parse a valid trade structure from this signal,321
2026-07-24 18:47:15,Account 1,Binance 360, RFD Indicator    15 Minutes Timeframe   LONG  #B2/USDT  Entry zone : 0.313407 - 0.3231000  Take Profits :   0.3246993 0.3343438 0.3439884 0.3536329 0...,BUY EURDKK @ None,SUCCESS,Trade executed successfully on MT5,322
2026-07-24 18:47:27,Account 2,Binance 360, RFD Indicator    15 Minutes Timeframe   LONG  #B2/USDT  Entry zone : 0.313407 - 0.3231000  Take Profits :   0.3246993 0.3343438 0.3439884 0.3536329 0...,BUY EURUSD @ None,FAILED,MT5 execution failed — check broker logs,323
2026-07-24 19:01:45,Account 2,CULERSFOREX™,GOLD BUY 4045  TP 4048  TP 4051  TP 4054  TP 4057  TP 4060  TP 4063  SL 4035,BUY GOLD @ 4045,SUCCESS,Trade executed successfully on MT5,324
2026-07-24 19:02:00,Account 1,King Crypto Scalp [ LIVE ],#SAND/USDT Take-Profit target 5  Profit: 40.5494%  Period: 13 hr 46 min ,N/A,FAILED,Trigger could not parse a valid trade structure from this signal,325
2026-07-24 19:31:26,Account 1,DUBAI CAPITAL FX GROUP 3,GOLD SELL 4058_4061  SL_ 4076  TP 4055 TP 4052 TP 4049 TP 4046 TP 4043 TP 4040 TP 4037 TP 4034 TP 4031  Follow Money Management,N/A,FAILED,Trigger could not parse a valid trade structure from this signal,326
2026-07-24 19:31:51,Account 1,DUBAI CAPITAL FX GROUP 3,XAU/USD   SELL  ALMOST HIT 4044,N/A,FAILED,Trigger could not parse a valid trade structure from this signal,327
2026-07-24 19:35:25,Account 2,Forexero - Forex Signals,XAU/USD HIT TP2: +150 pips,N/A,FAILED,Trigger could not parse a valid trade structure from this signal,328
2026-07-24 20:09:09,Account 2,JOSEFINA TRADER0,XAUUSD SELL 4067,SELL GOLD @ 4067,SUCCESS,Trade executed successfully on MT5,329
2026-07-24 20:10:22,Account 2,RaSrasanForex,GOLD SELL NOW  USE BIG LOT  SL Tp https://t.me/+yjQVxNwVcAxiZjJk https://t.me/+yjQVxNwVcAxiZjJk ,N/A,FAILED,Trigger could not parse a valid trade structure from this signal,330
2026-07-24 20:16:04,Account 2,GOLD Trader Dan,XAUUSD SMASHED 210 PIPS ,BUY GOLD @ None,SUCCESS,Trade executed successfully on MT5,331
2026-07-24 20:55:07,Account 2,Forexero - Forex Signals,XAU/USD HIT TP3: +300 pips ,BUY GOLD @ 4002,FAILED,MT5 execution failed — check broker logs,332
2026-07-24 21:42:57,Account 2,Binance 360, Clean signals. No noise. https://t.me/+7c2oH8yq47wwM2Rl  Next move inside: https://t.me/+XRL2vKTE9k9mZjM1,N/A,FAILED,Trigger could not parse a valid trade structure from this signal,333
2026-07-24 21:43:11,Account 1,Binance 360, Clean signals. No noise. https://t.me/+7c2oH8yq47wwM2Rl  Next move inside: https://t.me/+XRL2vKTE9k9mZjM1,BUY GOLD @ 4002,FAILED,MT5 execution failed — check broker logs,334
2026-07-24 21:52:33,Account 2,GOLD Snipers, XAUUSD BUY BOOM BOOM RUNNING 400+ PIPS ,BUY GOLD @ None,FAILED,MT5 execution failed — check broker logs,335
2026-07-24 21:52:43,Account 2,GOLD Scalper, XAUUSD BUY BOOM BOOM RUNNING 400+ PIPS ,BUY GOLD @ None,FAILED,MT5 execution failed — check broker logs,336
2026-07-25 11:27:56,Account 1,Crypto World Updates, #AKE/USDT SIGNAL Type: Regular (LONG)  Leverage: Cross (20X)  Amount: 3%   Entry Targets:  1)  0.003050  2)  0.002970  Take-Profit Targets:  1)  0.00...,N/A,FAILED,Trigger could not parse a valid trade structure from this signal,337
2026-07-25 12:17:21,Account 1,Crypto World Updates, #EUL/USDT SIGNAL Type: Regular (LONG)  Leverage: Cross (20X)  Amount: 3%   Entry Targets:  1)  1.43  2)  1.39  Take-Profit Targets:  1)  1.49  2)  1....,N/A,FAILED,Trigger could not parse a valid trade structure from this signal,338
2026-07-25 12:56:53,Account 1,Coin Chief, Trade: #ZAMA/USDT  Direction:  Short    Entry Range: 0.06166 - 0.06348   StopLoss: 0.06580   Target 1: 0.06105  Target 2: 0.06044  Target 3: 0.05986 ...,N/A,FAILED,Trigger could not parse a valid trade structure from this signal,339
2026-07-25 16:01:41,Account 1,King Crypto Scalp [ LIVE ],#ENJ/USDT Take-Profit target 2  Profit: 15.6076%  Period: 15 hr 14 min ,N/A,FAILED,Trigger could not parse a valid trade structure from this signal,340
2026-07-25 16:04:30,Account 1,Crypto Radar, #Free Signal   Long  Pair: #IOTA/USDT   Entry Price:   1) 0.034080 2) 0.033057   Targets:  1) 0.034275 2) 0.034987 3) 0.035699 4) 0.036411  Stop Loss...,BUY IOTAUSDT @ 0.033057,FAILED,MT5 execution failed — check broker logs,341
2026-07-25 16:05:17,Account 2,RIAOGOLDFOREX, #BTCUSD confirm  TP  TP  SL     3    https://t.me/+SbJEVwJQE7U3MDk8,BUY BTCUSDT @ 63300,FAILED,MT5 execution failed — check broker logs,342
2026-07-25 17:11:00,Account 2,Binance 360, Futures (Free Signal)   SHORT  #COMP/USDT  Entry zone : 17.92 - 17.40  Take Profits :   17.31 16.78 16.26 15.73 15.21  Stop loss :18.618  Leverage: 1...,BUY EURDKK @ None,FAILED,MT5 execution failed — check broker logs,343
2026-07-25 17:11:04,Account 1,Binance 360, Futures (Free Signal)   SHORT  #COMP/USDT  Entry zone : 17.92 - 17.40  Take Profits :   17.31 16.78 16.26 15.73 15.21  Stop loss :18.618  Leverage: 1...,N/A,FAILED,Trigger could not parse a valid trade structure from this signal,344
2026-07-25 18:52:05,Account 1,Binance 360, RFD Indicator    15 Minutes Timeframe   LONG  #HANA/USDT  Entry zone : 0.0261027 - 0.0269100  Take Profits :   0.0270432 0.0278464 0.0286497 0.029452...,N/A,FAILED,Trigger could not parse a valid trade structure from this signal,345
2026-07-25 18:52:09,Account 1,Binance 360,#HANA/USDT Reached 0.0333800  The result of our accurate signals    482.86% Profit  ,N/A,FAILED,Trigger could not parse a valid trade structure from this signal,346
2026-07-25 18:52:12,Account 2,Binance 360,#HANA/USDT Reached 0.0333800  The result of our accurate signals    482.86% Profit  ,N/A,FAILED,Trigger could not parse a valid trade structure from this signal,347
2026-07-25 18:52:18,Account 2,Binance 360, RFD Indicator    15 Minutes Timeframe   LONG  #HANA/USDT  Entry zone : 0.0261027 - 0.0269100  Take Profits :   0.0270432 0.0278464 0.0286497 0.029452...,N/A,FAILED,Trigger could not parse a valid trade structure from this signal,348
2026-07-25 19:16:30,Account 1,King Crypto Scalp [ LIVE ],PAIR: LDOUSDT  TYPE: LONG LEVERAGE: Cross 20x   Entry Targets: 1) 0.3813 2) 0.3584 (DCA)  Take-Profit Targets: 0.384 - 0.3863 - 0.3908 - 0.3966 - 0.40...,N/A,FAILED,Trigger could not parse a valid trade structure from this signal,349
2026-07-25 19:16:33,Account 1,King Crypto Scalp [ LIVE ],PAIR: LDOUSDT  TYPE: LONG LEVERAGE: Cross 20x   Entry Targets: 1) 0.3813 2) 0.3584 (DCA)  Take-Profit Targets: 0.384 - 0.3863 - 0.3908 - 0.3966 - 0.40...,N/A,FAILED,Trigger could not parse a valid trade structure from this signal,350
2026-07-25 19:16:37,Account 1,King Crypto Scalp [ LIVE ],#LDO/USDT Entry 1  Average Entry Price: 0.3813 ,N/A,FAILED,Trigger could not parse a valid trade structure from this signal,351
2026-07-25 19:18:30,Account 1,Crypto Radar, #Free Signal   Short  Pair: #LINK/USDT   Entry Price:   1) 8.384 2) 8.635   Targets:  1) 8.334 2) 8.157 3) 7.980 4) 7.803  Stop Loss: 8.912  Leverage...,BUY LINKUSDT @ 8.384,FAILED,MT5 execution failed — check broker logs,352
2026-07-25 19:39:04,Account 1,XAUUSD ACCURATE SiGNALS,24 /25/7/2026   round 1 270+ PP  Round 2 200! + PP  Round 3 130+ PP  2 Buy 80+ PP  3 Buy 700+ PP  4 Buy 90+ PP  UK oil  2100+ PP  Eurusd 300+ PP   Tot...,N/A,FAILED,Trigger could not parse a valid trade structure from this signal,353
2026-07-25 21:15:42,Account 1,King Crypto Scalp [ LIVE ],#SAND/USDT Take-Profit target 1  Profit: 8.9087%  Period: 59 min ,BUY GOLD @ 4002,FAILED,MT5 execution failed — check broker logs,354
2026-07-25 21:20:26,Account 2,Forex Trading Tips,"WEEKLY TRADING SUMMARY | 20/07/26  24/07/26    MONDAY, JULY 20  SELL LIMIT 4019 -50 PIPS  BUY LIMIT 4004 +200 PIPS  BUY LIMIT 4004 +200 PIPS  SELL LIM...",N/A,FAILED,Trigger could not parse a valid trade structure from this signal,355
2026-07-25 22:57:07,Account 1,Binance 360, Futures (Free Signal)   SHORT  #TRX/USDT  Entry zone : 0.34266 - 0.33268  Take Profits :   0.33099 0.32096 0.31093 0.30090 0.29087  Stop loss :0.3559...,N/A,FAILED,Trigger could not parse a valid trade structure from this signal,356
2026-07-25 22:57:09,Account 2,Binance 360, Futures (Free Signal)   SHORT  #TRX/USDT  Entry zone : 0.34266 - 0.33268  Take Profits :   0.33099 0.32096 0.31093 0.30090 0.29087  Stop loss :0.3559...,N/A,FAILED,Trigger could not parse a valid trade structure from this signal,357
2026-07-25 22:57:30,Account 1,King Crypto Scalp [ LIVE ],#ENJ/USDT Take-Profit target 1  Profit: 11.1732%  Period: 2 hr 40 min ,BUY ENJUSDT @ None,FAILED,MT5 execution failed — check broker logs,358
2026-07-25 23:04:28,Account 1,King Crypto Scalp [ LIVE ],#SAND/USDT Take-Profit target 2  Profit: 13.363%  Period: 2 hr 47 min ,BUY GOLD @ 4002,FAILED,MT5 execution failed — check broker logs,359
2026-07-25 23:12:13,Account 1,King Crypto Scalp [ LIVE ],#ENJ/USDT Take-Profit target 2  Profit: 14.8976%  Period: 2 hr 55 min ,BUY ENJUSDT @ None,FAILED,MT5 execution failed — check broker logs,360
2026-07-26 00:17:18,Account 1,King Crypto Scalp [ LIVE ],PAIR: APEUSDT  TYPE: SHORT LEVERAGE: Cross 20x   Entry Targets: 1) 0.1436 2) 0.1493 (DCA)  Take-Profit Targets: 0.1429 - 0.1422 - 0.1414 - 0.1393 - 0....,N/A,FAILED,Trigger could not parse a valid trade structure from this signal,361
2026-07-26 00:17:28,Account 1,King Crypto Scalp [ LIVE ],PAIR: APEUSDT  TYPE: SHORT LEVERAGE: Cross 20x   Entry Targets: 1) 0.1436 2) 0.1493 (DCA)  Take-Profit Targets: 0.1429 - 0.1422 - 0.1414 - 0.1393 - 0....,N/A,FAILED,Trigger could not parse a valid trade structure from this signal,362
2026-07-26 00:31:11,Account 1,King Crypto Scalp [ LIVE ],PAIR: SFPUSDT  TYPE: LONG LEVERAGE: Cross 20x   Entry Targets: 1) 0.2243 2) 0.2131 (DCA)  Take-Profit Targets: 0.2259 - 0.2272 - 0.2299 - 0.2333 - 0.2...,N/A,FAILED,Trigger could not parse a valid trade structure from this signal,363
2026-07-26 00:31:14,Account 1,King Crypto Scalp [ LIVE ],PAIR: SFPUSDT  TYPE: LONG LEVERAGE: Cross 20x   Entry Targets: 1) 0.2243 2) 0.2131 (DCA)  Take-Profit Targets: 0.2259 - 0.2272 - 0.2299 - 0.2333 - 0.2...,N/A,FAILED,Trigger could not parse a valid trade structure from this signal,364
2026-07-26 00:31:54,Account 1,King Crypto Scalp [ LIVE ],PAIR: AXSUSDT  TYPE: LONG LEVERAGE: Cross 20x   Entry Targets: 1) 0.893 2) 0.8484 (DCA)  Take-Profit Targets: 0.8993 - 0.9046 - 0.9153 - 0.9287 - 0.94...,BUY AXSUSDT @ None,FAILED,MT5 execution failed — check broker logs,365
2026-07-26 00:32:09,Account 1,King Crypto Scalp [ LIVE ],"KuCoin Futures, OKX Futures, Binance Futures, Bitget Futures, ByBit USDT #AXS/USDT Closed due to opposite direction signal ",BUY GOLD @ 4002,FAILED,MT5 execution failed — check broker logs,366
2026-07-26 00:32:17,Account 1,King Crypto Scalp [ LIVE ],PAIR: AXSUSDT  TYPE: LONG LEVERAGE: Cross 20x   Entry Targets: 1) 0.893 2) 0.8484 (DCA)  Take-Profit Targets: 0.8993 - 0.9046 - 0.9153 - 0.9287 - 0.94...,N/A,FAILED,Trigger could not parse a valid trade structure from this signal,367
2026-07-26 00:32:20,Account 1,King Crypto Scalp [ LIVE ],#AXS/USDT Entry 1  Average Entry Price: 0.893 ,N/A,FAILED,Trigger could not parse a valid trade structure from this signal,368
2026-07-26 03:01:23,Account 1,King Crypto Scalp [ LIVE ],PAIR: CHZUSDT  TYPE: LONG LEVERAGE: Cross 20x   Entry Targets: 1) 0.01427 2) 0.0137 (DCA)  Take-Profit Targets: 0.0143 - 0.0144 - 0.0145 - 0.0147 - 0....,N/A,FAILED,Trigger could not parse a valid trade structure from this signal,369
2026-07-26 03:01:27,Account 1,King Crypto Scalp [ LIVE ],"KuCoin Futures, Bitget Futures, ByBit USDT, Binance Futures, OKX Futures #CHZ/USDT Closed due to opposite direction signal ",N/A,FAILED,Trigger could not parse a valid trade structure from this signal,370
2026-07-26 03:01:32,Account 1,Binance 360, Futures (Free Signal)   Long  #XTZ/USDT  Entry zone : 0.216407 - 0.223100  Take Profits :   0.224204 0.230863 0.237523 0.244182 0.250842  Stop loss :...,N/A,FAILED,Trigger could not parse a valid trade structure from this signal,371
2026-07-26 03:01:35,Account 2,Binance 360, Futures (Free Signal)   Long  #XTZ/USDT  Entry zone : 0.216407 - 0.223100  Take Profits :   0.224204 0.230863 0.237523 0.244182 0.250842  Stop loss :...,N/A,FAILED,Trigger could not parse a valid trade structure from this signal,372
2026-07-26 03:13:14,Account 1,King Crypto Scalp [ LIVE ],#APE/USDT Take-Profit target 1  Profit: 9.7493%  Period: 2 hr 55 min ,BUY LIMIT APEUSDT @ None,FAILED,MT5 execution failed — check broker logs,373
2026-07-26 03:20:48,Account 1,King Crypto Scalp [ LIVE ],#CHZ/USDT Take-Profit target 1  Profit: 4.2046%  Period: 19 min ,BUY LIMIT CHZUSDT @ None,FAILED,MT5 execution failed — check broker logs,374
2026-07-26 03:32:48,Account 1,King Crypto Scalp [ LIVE ],#CHZ/USDT Take-Profit target 2  Profit: 11.2123%  Period: 31 min ,BUY LIMIT CHZUSDT @ None,FAILED,MT5 execution failed — check broker logs,375
2026-07-26 03:46:17,Account 1,King Crypto Scalp [ LIVE ],PAIR: ADAUSDT  TYPE: LONG LEVERAGE: Cross 20x   Entry Targets: 1) 0.1649 2) 0.1567 (DCA)  Take-Profit Targets: 0.1661 - 0.167 - 0.169 - 0.1715 - 0.174...,N/A,FAILED,Trigger could not parse a valid trade structure from this signal,376
2026-07-26 03:46:26,Account 1,King Crypto Scalp [ LIVE ],PAIR: ADAUSDT  TYPE: LONG LEVERAGE: Cross 20x   Entry Targets: 1) 0.1649 2) 0.1567 (DCA)  Take-Profit Targets: 0.1661 - 0.167 - 0.169 - 0.1715 - 0.174...,N/A,FAILED,Trigger could not parse a valid trade structure from this signal,377
2026-07-26 03:46:29,Account 1,King Crypto Scalp [ LIVE ],#ADA/USDT Entry 1  Average Entry Price: 0.1649 ,N/A,FAILED,Trigger could not parse a valid trade structure from this signal,378
2026-07-26 06:01:21,Account 1,King Crypto Scalp [ LIVE ],PAIR: GRTUSDT  TYPE: LONG LEVERAGE: Cross 20x   Entry Targets: 1) 0.01625 2) 0.0156 (DCA)  Take-Profit Targets: 0.0163 - 0.0164 - 0.0165 - 0.0167 - 0....,N/A,FAILED,Trigger could not parse a valid trade structure from this signal,379
2026-07-26 06:01:31,Account 1,King Crypto Scalp [ LIVE ],PAIR: GRTUSDT  TYPE: LONG LEVERAGE: Cross 20x   Entry Targets: 1) 0.01625 2) 0.0156 (DCA)  Take-Profit Targets: 0.0163 - 0.0164 - 0.0165 - 0.0167 - 0....,N/A,FAILED,Trigger could not parse a valid trade structure from this signal,380
2026-07-26 07:22:53,Account 2,Binance 360,#AKE/USDT Reached 0.0033279  We hope you have all benefited from this signal    346.99% Profit  ,N/A,FAILED,Trigger could not parse a valid trade structure from this signal,381
2026-07-26 07:22:58,Account 2,Binance 360, RFD Indicator    15 Minutes Timeframe   LONG  #AKE/USDT  Entry zone : 0.0028384 - 0.0029262  Take Profits :   0.0029406 0.0030280 0.0031153 0.0032027...,N/A,FAILED,Trigger could not parse a valid trade structure from this signal,382
2026-07-26 07:23:01,Account 1,Binance 360, RFD Indicator    15 Minutes Timeframe   LONG  #AKE/USDT  Entry zone : 0.0028384 - 0.0029262  Take Profits :   0.0029406 0.0030280 0.0031153 0.0032027...,N/A,FAILED,Trigger could not parse a valid trade structure from this signal,383
2026-07-26 07:23:05,Account 1,Binance 360,#AKE/USDT Reached 0.0033279  We hope you have all benefited from this signal    346.99% Profit  ,N/A,FAILED,Trigger could not parse a valid trade structure from this signal,384
2026-07-26 07:46:57,Account 1,Crypto Radar, #Free Signal   Short  Pair: #ETC/USDT   Entry Price:   1) 6.824 2) 7.028   Targets:  1) 6.784 2) 6.639 3) 6.495 4) 6.351  Stop Loss: 7.253  Leverage:...,BUY ETCUSDT @ 6.824,FAILED,MT5 execution failed — check broker logs,385
2026-07-26 07:55:07,Account 1,Crypto World Updates, #DEXE/USDT  SIGNAL Type: Regular (SHORT)  Leverage: Cross (20X)  Amount: 1%   Entry Targets:  1)  3.66  2)  3.76  Take-Profit Targets:  1) 3.54  2) 3...,N/A,FAILED,Trigger could not parse a valid trade structure from this signal,386
2026-07-26 08:24:39,Account 1,Crypto World Updates, #EUL/USDT  SIGNAL Type: Regular (SHORT)  Leverage: Cross (20X)  Amount: 1%   Entry Targets:  1)  2.08  2)  2.14  Take-Profit Targets:  1) 2.00  2) 1....,BUY EURDKK @ 2008,REJECTED,Price sanity fail: entry 2008 is 26751.7% from live 7.47811,387
2026-07-26 08:31:16,Account 1,King Crypto Scalp [ LIVE ],#SOL/USDT Take-Profit target 1  Profit: 13.9672%  Period: 3 hr 30 min ,BUY EURUSD @ None,FAILED,MT5 execution failed — check broker logs,388
2026-07-26 08:47:01,Account 1,Crypto Radar, VIP Signal   Long  Pair: #BTC/USDT   Entry Price:   1) 64008.00 2) 62087.76   Targets:  1) 64375.58 2) 65712.76 3) 67049.94 4) 68387.12  Stop Loss: 5...,N/A,FAILED,Trigger could not parse a valid trade structure from this signal,389
2026-07-26 08:56:15,Account 1,Crypto World Updates, #ESPORTS/USDT  SIGNAL Type: Regular (SHORT)  Leverage: Cross (20X)  Amount: 1%   Entry Targets:  1)  0.05150  2)  0.05300  Take-Profit Targets:  1) 0...,BUY EURDKK @ None,FAILED,MT5 execution failed — check broker logs,390
2026-07-26 09:46:36,Account 1,Scalping Gold," BTCUSD Trade Signal (34M)  BUY LIMIT  Entry: 64,390.61  Stop Loss: 64,315.77  TP1 (1:0.5): 64,428.03  TP2 (1:1): 64,465.45  TP3 (1:2): 64,540.29  TP4...",N/A,FAILED,Trigger could not parse a valid trade structure from this signal,391
2026-07-26 09:47:24,Account 2,Binance 360, Futures (Free Signal)   Long  #ZIL/USDT  Entry zone : 0.0023716 - 0.0024450  Take Profits :   0.0024571 0.0025300 0.0026030 0.0026760 0.0027490  Stop...,BUY ZILUSDT @ 0.0023716,FAILED,MT5 execution failed — check broker logs,392
2026-07-26 09:47:39,Account 1,Binance 360, Futures (Free Signal)   Long  #ZIL/USDT  Entry zone : 0.0023716 - 0.0024450  Take Profits :   0.0024571 0.0025300 0.0026030 0.0026760 0.0027490  Stop...,BUY ZILUSDT @ 0.0023716,FAILED,MT5 execution failed — check broker logs,393
2026-07-26 10:00:16,Account 1,Crypto World Updates, #EUL/USDT  SIGNAL Type: Regular (SHORT)  Leverage: Cross (20X)  Amount: 1%   Entry Targets:  1)  2.13  2)  2.19  Take-Profit Targets:  1) 2.06  2) 1....,N/A,FAILED,Trigger could not parse a valid trade structure from this signal,394
2026-07-26 10:20:33,Account 1,Crypto World Updates,Eul new sl 15m candle closing above 2.27,SELL EURUSD @ None,FAILED,MT5 execution failed — check broker logs,395
2026-07-26 10:37:08,Account 1,Crypto World Updates,Dia super gem set tp 1 0.1500,BUY GOLD @ None,FAILED,MT5 execution failed — check broker logs,396
2026-07-26 10:44:08,Account 1,Crypto World Updates, #DIA/USDT SIGNAL Type: Regular (LONG)  Leverage: Cross (50X)  Amount: 3%   Entry Targets:  1)  0.1430  2)  0.1380  Take-Profit Targets:  1)  0.1490  ...,N/A,FAILED,Trigger could not parse a valid trade structure from this signal,397
2026-07-26 10:44:12,Account 1,Crypto World Updates, #DIA/USDT SIGNAL Type: Regular (LONG)  Leverage: Cross (50X)  Amount: 3%   Entry Targets:  1)  0.1430  2)  0.1390  Take-Profit Targets:  1)  0.1490  ...,N/A,FAILED,Trigger could not parse a valid trade structure from this signal,398
2026-07-26 10:48:52,Account 1,Crypto World Updates, #EUL/USDT SIGNAL Type: Regular (LONG)  Leverage: Cross (50X)  Amount: 3%   Entry Targets:  1)  2.40  2)  2.33  Take-Profit Targets:  1)  2.48  2)  2....,BUY EURDKK @ None,FAILED,MT5 execution failed — check broker logs,399
2026-07-26 10:50:36,Account 1,Crypto World Updates,Dia super gem   set tp 1 0.1480,BUY GOLD @ None,FAILED,MT5 execution failed — check broker logs,400
2026-07-26 10:52:10,Account 1,Crypto World Updates,Eul super gem set tp 1 2.46,BUY GOLD @ 4002,FAILED,MT5 execution failed — check broker logs,401
2026-07-26 11:01:50,Account 1,Crypto Radar, #Free Signal   Long  Pair: #XMR/USDT   Entry Price:   1) 363.18 2) 352.28   Targets:  1) 365.26 2) 372.85 3) 380.43 4) 388.02  Stop Loss: 340.29  Lev...,BUY XMRUSDT @ 363.18,FAILED,MT5 execution failed — check broker logs,402
2026-07-26 12:26:42,Account 1,King Crypto Scalp [ LIVE ],#ADA/USDT Take-Profit target 1  Profit: 14.5543%  Period: 8 hr 40 min ,BUY ADAUSDT @ None,FAILED,MT5 execution failed — check broker logs,403
2026-07-26 12:41:24,Account 1,King Crypto Scalp [ LIVE ],#GRT/USDT Take-Profit target 1  Profit: 6.1538%  Period: 6 hr 39 min ,BUY LIMIT GRTUSDT @ None,FAILED,MT5 execution failed — check broker logs,404
2026-07-26 12:47:16,Account 1,King Crypto Scalp [ LIVE ],#ENJ/USDT Take-Profit target 3  Profit: 21.1049%  Period: 16 hr 30 min ,BUY ENJUSDT @ None,FAILED,MT5 execution failed — check broker logs,405
2026-07-26 15:51:08,Account 1,Crypto World Updates, #ESPORTS/USDT  SIGNAL Type: Regular (SHORT)  Leverage: Cross (20X)  Amount: 1%   Entry Targets:  1)  0.04530  2)  0.04680  Take-Profit Targets:  1) 0...,BUY EURDKK @ None,FAILED,MT5 execution failed — check broker logs,406
2026-07-26 15:56:50,Account 1,Crypto World Updates,Esports sl 15m candle closing above 0.04850  Esports new tp 1 0.04400,SELL EURUSD @ None,FAILED,MT5 execution failed — check broker logs,407
2026-07-26 16:00:37,Account 1,King Crypto Scalp [ LIVE ],PAIR: GRTUSDT  TYPE: SHORT LEVERAGE: Cross 20x   Entry Targets: 1) 0.01617 2) 0.0168 (DCA)  Take-Profit Targets: 0.0161 - 0.016 - 0.0159 - 0.0157 - 0....,SELL GRTUSDT @ None,FAILED,MT5 execution failed — check broker logs,408
2026-07-26 16:00:47,Account 1,King Crypto Scalp [ LIVE ],PAIR: GRTUSDT  TYPE: SHORT LEVERAGE: Cross 20x   Entry Targets: 1) 0.01617 2) 0.0168 (DCA)  Take-Profit Targets: 0.0161 - 0.016 - 0.0159 - 0.0157 - 0....,SELL GRTUSDT @ None,FAILED,MT5 execution failed — check broker logs,409
2026-07-26 16:33:31,Account 1,Crypto World Updates,Esports set tp 1 0.04480,BUY GOLD @ 4002,FAILED,MT5 execution failed — check broker logs,410
2026-07-26 17:16:51,Account 1,Crypto World Updates, #EUL/USDT SIGNAL Type: Regular (LONG)  Leverage: Cross (50X)  Amount: 3%   Entry Targets:  1)  2.63  2)  2.57  Take-Profit Targets:  1)  2.71  2)  2....,BUY EURDKK @ 2.63,REJECTED,Price sanity fail: entry 2.63 is 64.8% from live 7.47811,411
2026-07-26 17:39:18,Account 1,Crypto World Updates, #EUL/USDT SIGNAL Type: Regular (LONG)  Leverage: Cross (20X)  Amount: 3%   Entry Targets:  1)  2.53  2)  2.48  Take-Profit Targets:  1)  2.62  2)  2....,BUY EURDKK @ None,FAILED,MT5 execution failed — check broker logs,412
2026-07-26 17:39:42,Account 1,Crypto World Updates, #ESPORTS/USDT  SIGNAL Type: Regular (SHORT)  Leverage: Cross (50X)  Amount: 1%   Entry Targets:  1)  0.03420  2)  0.03520  Take-Profit Targets:  1) 0...,BUY EURDKK @ None,FAILED,MT5 execution failed — check broker logs,413
2026-07-26 17:42:51,Account 1,Crypto World Updates,Eul sl 15m candle closing below 2.40,SELL EURUSD @ None,FAILED,MT5 execution failed — check broker logs,414
2026-07-26 18:03:20,Account 2,RaSrasanForex,XAUUSD CONFIRM ENTRY ,BUY GOLD @ 4002,FAILED,MT5 execution failed — check broker logs,415
2026-07-26 18:27:59,Account 2,RaSrasanForex, XAUUSD Sell 4015  TP 4012  TP 4009 TP 4006  TP 4003 TP 4000  SL 4026 https://t.me/+_tGUpD1_jxoxMTlk,SELL GOLD @ 4015,FAILED,MT5 execution failed — check broker logs,416
2026-07-26 18:46:00,Account 2,RaSrasanForex,GOLD SELL NOW   SEE ALL DETAILS  ,SELL GOLD @ None,FAILED,MT5 execution failed — check broker logs,417
2026-07-26 18:46:44,Account 1,Crypto Radar, #Free Signal   Long  Pair: #XRP/USDT   Entry Price:   1) 1.0963 2) 1.0634   Targets:  1) 1.1025 2) 1.1254 3) 1.1484 4) 1.1713  Stop Loss: 1.0272  Lev...,BUY XRPUSDT @ 1.0634,FAILED,MT5 execution failed — check broker logs,418
2026-07-26 19:31:58,Account 1,King Crypto Scalp [ LIVE ],#APE/USDT Take-Profit target 2  Profit: 14.624%  Period: 19 hr 15 min ,BUY LIMIT APEUSDT @ None,FAILED,MT5 execution failed — check broker logs,419
2026-07-26 19:35:06,Account 2,Binance 360, RFD Indicator    15 Minutes Timeframe   LONG  #ESP/USDT  Entry zone : 0.0729634 - 0.0752200  Take Profits :   0.0755923 0.0778376 0.0800829 0.0823282...,BUY EURDKK @ None,FAILED,MT5 execution failed — check broker logs,420
2026-07-26 19:35:39,Account 1,Binance 360, RFD Indicator    15 Minutes Timeframe   LONG  #ESP/USDT  Entry zone : 0.0729634 - 0.0752200  Take Profits :   0.0755923 0.0778376 0.0800829 0.0823282...,BUY EURDKK @ None,FAILED,MT5 execution failed — check broker logs,421
2026-07-26 19:48:52,Account 1,Crypto World Updates,Long esp now 50x super gem  must take entry use high,BUY GOLD @ None,FAILED,MT5 execution failed — check broker logs,422
2026-07-26 19:51:02,Account 2,Binance 360," Simple, clear crypto calls https://t.me/+mEutDHq-HKcxMWNk  Next trade inside: https://t.me/+6B9sC_7_MvFmY2Y0",BUY GOLD @ 4002,FAILED,MT5 execution failed — check broker logs,423
2026-07-26 19:51:52,Account 1,Binance 360," Simple, clear crypto calls https://t.me/+mEutDHq-HKcxMWNk  Next trade inside: https://t.me/+6B9sC_7_MvFmY2Y0",BUY GOLD @ 4002,FAILED,MT5 execution failed — check broker logs,424
2026-07-26 20:21:21,Account 1,King Crypto Scalp [ LIVE ],#LDO/USDT Take-Profit target 1  Profit: 14.1621%  Period: 1 day 1 hr ,BUY EURUSD @ None,FAILED,MT5 execution failed — check broker logs,425
2026-07-26 20:21:38,Account 1,King Crypto Scalp [ LIVE ],#LDO/USDT Take-Profit target 2  Profit: 20.1941%  Period: 1 day 1 hr ,BUY EURUSD @ None,FAILED,MT5 execution failed — check broker logs,426
2026-07-26 20:22:44,Account 1,King Crypto Scalp [ LIVE ],#LDO/USDT Take-Profit target 3  Profit: 30.0726%  Period: 1 day 1 hr ,BUY EURUSD @ None,FAILED,MT5 execution failed — check broker logs,427
2026-07-26 20:39:44,Account 2,Binance Killers® VIP,SIGNAL ID: #2187 COIN: $CHILLGUY/USDT (2-5x) Direction: LONG  Target 1: 0.0111 Target 2: 0.0114 Target 3: 0.0117 Target 4: 0.0121 Target 5: 0.0128 Tar...,N/A,FAILED,Trigger could not parse a valid trade structure from this signal,428
2026-07-26 20:39:46,Account 1,Binance Killers® VIP,SIGNAL ID: #2187 COIN: $CHILLGUY/USDT (2-5x) Direction: LONG  Target 1: 0.0111 Target 2: 0.0114 Target 3: 0.0117 Target 4: 0.0121 Target 5: 0.0128 Tar...,N/A,FAILED,Trigger could not parse a valid trade structure from this signal,429
2026-07-26 20:42:56,Account 1,Binance 360," Simple trades, real results https://t.me/+6B9sC_7_MvFmY2Y0  Premium signals: https://t.me/+mEutDHq-HKcxMWNk",BUY GOLD @ 4002,FAILED,MT5 execution failed — check broker logs,430
2026-07-26 21:01:26,Account 1,King Crypto Scalp [ LIVE ],PAIR: KAVAUSDT  TYPE: LONG LEVERAGE: Cross 20x   Entry Targets: 1) 0.04553 2) 0.0437 (DCA)  Take-Profit Targets: 0.0458 - 0.0461 - 0.0467 - 0.0474 - 0...,N/A,FAILED,Trigger could not parse a valid trade structure from this signal,431
2026-07-26 21:01:29,Account 1,King Crypto Scalp [ LIVE ],PAIR: KAVAUSDT  TYPE: LONG LEVERAGE: Cross 20x   Entry Targets: 1) 0.04553 2) 0.0437 (DCA)  Take-Profit Targets: 0.0458 - 0.0461 - 0.0467 - 0.0474 - 0...,N/A,FAILED,Trigger could not parse a valid trade structure from this signal,432
2026-07-26 21:01:32,Account 1,King Crypto Scalp [ LIVE ],#KAVA/USDT Entry 1  Average Entry Price: 0.04553 ,N/A,FAILED,Trigger could not parse a valid trade structure from this signal,433
2026-07-26 21:07:46,Account 1,Crypto Radar, VIP Signal   Long  Pair: #XLM/USDT   Entry Price:   1) 0.17656 2) 0.17126   Targets:  1) 0.17757 2) 0.18126 3) 0.18495 4) 0.18863  Stop Loss: 0.16543...,N/A,FAILED,Trigger could not parse a valid trade structure from this signal,434
2026-07-26 21:16:14,Account 1,King Crypto Scalp [ LIVE ],PAIR: AVAXUSDT  TYPE: SHORT  LEVERAGE: Cross 20x   Entry Targets: 1) 6.69 2) 6.9576 (DCA)  Take-Profit Targets: 6.6432 - 6.603 - 6.5228 - 6.4224 - 6.2...,N/A,FAILED,Trigger could not parse a valid trade structure from this signal,435
2026-07-26 21:16:17,Account 1,King Crypto Scalp [ LIVE ],PAIR: AVAXUSDT  TYPE: SHORT  LEVERAGE: Cross 20x   Entry Targets: 1) 6.69 2) 6.9576 (DCA)  Take-Profit Targets: 6.6432 - 6.603 - 6.5228 - 6.4224 - 6.2...,N/A,FAILED,Trigger could not parse a valid trade structure from this signal,436
2026-07-26 21:16:44,Account 1,Binance 360, Futures (Free Signal)   SHORT  #ETH/USDT  Entry zone : 1969.95 - 1912.58  Take Profits :   1902.92 1845.25 1787.59 1729.92 1672.26  Stop loss :2046.4...,BUY GOLD @ None,FAILED,MT5 execution failed — check broker logs,437
2026-07-26 21:16:59,Account 1,King Crypto Scalp [ LIVE ],#AVAX/USDT Entry 1  Average Entry Price: 6.69 ,BUY AVAXUSDT @ 6.69,FAILED,MT5 execution failed — check broker logs,438
2026-07-26 21:25:46,Account 1,King Crypto Scalp [ LIVE ],#SOL/USDT Take-Profit target 2  Profit: 19.8764%  Period: 16 hr 25 min ,BUY EURUSD @ None,FAILED,MT5 execution failed — check broker logs,439
2026-07-26 21:58:29,Account 1,Binance 360, Clean signals. No noise. https://t.me/+6B9sC_7_MvFmY2Y0  Next move inside: https://t.me/+mEutDHq-HKcxMWNk,N/A,FAILED,Trigger could not parse a valid trade structure from this signal,440
2026-07-26 21:58:31,Account 2,Binance 360, Clean signals. No noise. https://t.me/+6B9sC_7_MvFmY2Y0  Next move inside: https://t.me/+mEutDHq-HKcxMWNk,N/A,FAILED,Trigger could not parse a valid trade structure from this signal,441
2026-07-26 22:03:56,Account 1,Crypto Radar,Community hit   #XRP made 19%,BUY XRP @ None,FAILED,MT5 execution failed — check broker logs,442
2026-07-26 22:25:29,Account 1,Crypto Radar, #Free Signal   Short  Pair: #BCH/USDT   Entry Price:   1) 213.78 2) 220.19   Targets:  1) 212.52 2) 208.01 3) 203.50 4) 198.98  Stop Loss: 227.24  Le...,BUY BCHUSDT @ 213.78,FAILED,MT5 execution failed — check broker logs,443
2026-07-26 22:31:18,Account 1,King Crypto Scalp [ LIVE ],PAIR: CHZUSDT  TYPE: SHORT LEVERAGE: Cross 20x   Entry Targets: 1) 0.01409 2) 0.0147 (DCA)  Take-Profit Targets: 0.014 - 0.0139 - 0.0139 - 0.0137 - 0....,SELL CHZUSDT @ None,FAILED,MT5 execution failed — check broker logs,444
2026-07-26 22:31:32,Account 1,King Crypto Scalp [ LIVE ],"Binance Futures, KuCoin Futures, ByBit USDT, OKX Futures, Bitget Futures #CHZ/USDT Closed due to opposite direction signal ",SELL EURDKK @ None,FAILED,MT5 execution failed — check broker logs,445
2026-07-26 22:31:45,Account 1,King Crypto Scalp [ LIVE ],PAIR: CHZUSDT  TYPE: SHORT LEVERAGE: Cross 20x   Entry Targets: 1) 0.01409 2) 0.0147 (DCA)  Take-Profit Targets: 0.014 - 0.0139 - 0.0139 - 0.0137 - 0....,N/A,FAILED,Trigger could not parse a valid trade structure from this signal,446
2026-07-26 23:20:57,Account 1,"Mr.DAVID, XAU/USD CLUB",BTCUSD SELL 64700/64900 Target 64000......63000......62000,SELL BTCUSDT @ None,FAILED,MT5 execution failed — check broker logs,447
2026-07-27 02:01:56,Account 2,Binance Killers® VIP,"GEM SIGNAL: #4USDT  Exchanges: Binance Futures  $4USDT has seen the highest volume breakout of any coin on Binance, getting ready for an easy 2-3x sho...",N/A,FAILED,Trigger could not parse a valid trade structure from this signal,448
2026-07-27 02:01:59,Account 1,Binance Killers® VIP,"GEM SIGNAL: #4USDT  Exchanges: Binance Futures  $4USDT has seen the highest volume breakout of any coin on Binance, getting ready for an easy 2-3x sho...",N/A,FAILED,Trigger could not parse a valid trade structure from this signal,449
2026-07-27 02:56:01,Account 1,Binance 360, Futures (Free Signal)   Long  #XTZ/USDT  Entry zone : 0.212915 - 0.219500  Take Profits :   0.220586 0.227138 0.233690 0.240242 0.246794  Stop loss :...,N/A,FAILED,Trigger could not parse a valid trade structure from this signal,450
2026-07-27 02:56:03,Account 2,Binance 360, Futures (Free Signal)   Long  #XTZ/USDT  Entry zone : 0.212915 - 0.219500  Take Profits :   0.220586 0.227138 0.233690 0.240242 0.246794  Stop loss :...,N/A,FAILED,Trigger could not parse a valid trade structure from this signal,451
2026-07-27 02:56:25,Account 1,Binance Killers® VIP,#4USDT  Shorts have increased by 96.7% while price has held strong above $0.01  Shorts getting liquidated and squeeze to $0.02 or higher is the next m...,BUY NETH25Cash @ None,FAILED,MT5 execution failed — check broker logs,452
2026-07-27 02:56:32,Account 2,Binance Killers® VIP,#4USDT  Shorts have increased by 96.7% while price has held strong above $0.01  Shorts getting liquidated and squeeze to $0.02 or higher is the next m...,BUY NETH25Cash @ None,FAILED,MT5 execution failed — check broker logs,453
2026-07-27 03:16:15,Account 1,King Crypto Scalp [ LIVE ],PAIR: ADAUSDT  TYPE: SHORT LEVERAGE: Cross 20x   Entry Targets: 1) 0.165 2) 0.1733 (DCA)  Take-Profit Targets: 0.1638 - 0.1629 - 0.1609 - 0.1584 - 0.1...,N/A,FAILED,Trigger could not parse a valid trade structure from this signal,454
2026-07-27 03:16:24,Account 1,King Crypto Scalp [ LIVE ],PAIR: ADAUSDT  TYPE: SHORT LEVERAGE: Cross 20x   Entry Targets: 1) 0.165 2) 0.1733 (DCA)  Take-Profit Targets: 0.1638 - 0.1629 - 0.1609 - 0.1584 - 0.1...,N/A,FAILED,Trigger could not parse a valid trade structure from this signal,455
2026-07-27 03:19:06,Account 1,King Crypto Scalp [ LIVE ],#ADA/USDT Entry 1  Average Entry Price: 0.1650 ,BUY ADAUSDT @ 0.165,FAILED,MT5 execution failed — check broker logs,456
2026-07-27 03:31:25,Account 1,King Crypto Scalp [ LIVE ],#APT/USDT Take-Profit target 1  Profit: 9.92%  Period: 3 hr 44 min ,BUY EURUSD @ None,FAILED,MT5 execution failed — check broker logs,457
2026-07-27 03:32:46,Account 1,King Crypto Scalp [ LIVE ],#SAND/USDT Take-Profit target 3  Profit: 19.3022%  Period: 1 day 7 hr ,BUY GOLD @ 4002,FAILED,MT5 execution failed — check broker logs,458
2026-07-27 03:49:48,Account 1,King Crypto Scalp [ LIVE ],#SOL/USDT Take-Profit target 3  Profit: 29.9042%  Period: 22 hr 48 min ,BUY EURUSD @ None,FAILED,MT5 execution failed — check broker logs,459
2026-07-27 04:32:32,Account 1,King Crypto Scalp [ LIVE ],#SAND/USDT Take-Profit target 4  Profit: 28.9532%  Period: 1 day 8 hr ,BUY SAND/USDT @ None,FAILED,MT5 execution failed — check broker logs,460
2026-07-27 04:43:55,Account 2,JOSEFINA TRADER0,XAUUSD SELL 4086,SELL GOLD @ 4086,FAILED,MT5 execution failed — check broker logs,461
2026-07-27 04:44:53,Account 2,JOSEFINA TRADER0,XAUUSD SELL 4086 TP 4083 TP 4080 TP 4077 TP 4074 TP 4071 SL 4096 Use proper money management me,SELL GOLD @ 4086,FAILED,MT5 execution failed — check broker logs,462
2026-07-27 05:07:05,Account 2,JOSEFINA TRADER0, #XAUUSD SELL NOW 4180   SL :#see in channal   TP: #see in channal  https://t.me/+sLU-083KM5IyYWQ8 https://t.me/+sLU-083KM5IyYWQ8 LINK EXPIRE IN 5 MN ,SELL GOLD @ 4180,FAILED,MT5 execution failed — check broker logs,463
2026-07-27 05:11:58,Account 2,JOSEFINA TRADER0, #XAUUSD SELL NOW 4180   SL :#see in channal   TP: #see in channal  https://t.me/+sLU-083KM5IyYWQ8 https://t.me/+sLU-083KM5IyYWQ8 LINK EXPIRE IN 5 MN ,SELL GOLD @ 4180,FAILED,MT5 execution failed — check broker logs,464
2026-07-27 05:25:31,Account 2,JOSEFINA TRADER0, #XAUUSD SELL NOW 4180   SL :#see in channal   TP: #see in channal  https://t.me/+sLU-083KM5IyYWQ8 https://t.me/+sLU-083KM5IyYWQ8 LINK EXPIRE IN 5 MN ,SELL GOLD @ 4180,FAILED,MT5 execution failed — check broker logs,465
2026-07-27 05:40:05,Account 2,Binance Killers® VIP,SIGNAL ID: #2191 COIN: $AERO/USDT (2-5x) Direction: LONG  Target 1: 0.4300  24.4% Profit (5x)  UPGRADE / RENEW     - Binance Killers,BUY AEROUSDT @ None,FAILED,MT5 execution failed — check broker logs,466
2026-07-27 05:40:15,Account 1,Binance Killers® VIP,SIGNAL ID: #2191 COIN: $AERO/USDT (2-5x) Direction: LONG  Target 1: 0.4300  24.4% Profit (5x)  UPGRADE / RENEW     - Binance Killers,BUY AEROUSDT @ None,FAILED,MT5 execution failed — check broker logs,467
2026-07-27 05:53:30,Account 1,King Crypto Scalp [ LIVE ],#APT/USDT Take-Profit target 2  Profit: 15.04%  Period: 6 hr 6 min ,BUY EURUSD @ None,FAILED,MT5 execution failed — check broker logs,468
2026-07-27 06:07:43,Account 2,CULERSFOREX™,GOLD BUY 3990-3988 TP 3994 TP 3999 TP 4003 TP 4007 TP 4015 SL 3975  Use small lot size https://t.me/+Hmsp0hJWNJ1mOGFk https://t.me/+Hmsp0hJWNJ1mOGFk,BUY GOLD @ 3990,SUCCESS,Trade executed successfully on MT5,469
2026-07-27 06:16:43,Account 2,CULERSFOREX™,GOLD BUY 4001  TP 4004  TP 4007  TP 4010  TP 4013  TP 4016  TP 4019  SL 3901,BUY GOLD @ 4001,SUCCESS,Trade executed successfully on MT5,470
2026-07-27 06:56:34,Account 2,RaSrasanForex, XAUUSD Sell 4015  TP 4012  TP 4009 TP 4006  TP 4003 TP 4000  SL 4026 https://t.me/+_tGUpD1_jxoxMTlk,N/A,FAILED,Trigger could not parse a valid trade structure from this signal,471
2026-07-27 07:10:06,Account 1,DUBAI CAPITAL FX GROUP 3,GOLD SELL 4102_4107  SL_ 4118  TP 4099 TP 4096 TP 4093 TP 4090 TP 4087 TP 4084 TP 4081 TP 4078 TP 4075  Follow Money Management,N/A,FAILED,Trigger could not parse a valid trade structure from this signal,472
2026-07-27 07:36:55,Account 2,Binance 360, MTC Indicator    15 Minutes Timeframe   SHORT  #EUL/USDT  Entry zone : 2.532358 - 2.458600  Take Profits :   2.446184 2.372057 2.297930 2.223803 2.14...,N/A,FAILED,Trigger could not parse a valid trade structure from this signal,473
2026-07-27 07:37:04,Account 1,Binance 360, MTC Indicator    15 Minutes Timeframe   SHORT  #EUL/USDT  Entry zone : 2.532358 - 2.458600  Take Profits :   2.446184 2.372057 2.297930 2.223803 2.14...,N/A,FAILED,Trigger could not parse a valid trade structure from this signal,474
2026-07-27 07:56:13,Account 2,Binance Killers® VIP,SIGNAL ID: #2190 COIN: $ENA/USDT (2-5x) Direction: LONG  Target 1: 0.0890  23.6% Profit (5x)  UPGRADE / RENEW     - Binance Killers,BUY ENAUSDT @ None,FAILED,MT5 execution failed — check broker logs,475
2026-07-27 07:56:18,Account 1,Binance Killers® VIP,SIGNAL ID: #2190 COIN: $ENA/USDT (2-5x) Direction: LONG  Target 1: 0.0890  23.6% Profit (5x)  UPGRADE / RENEW     - Binance Killers,N/A,FAILED,Trigger could not parse a valid trade structure from this signal,476
2026-07-27 08:19:50,Account 1,King Crypto Scalp [ LIVE ],#GRT/USDT Take-Profit target 1  Profit: 8.658%  Period: 16 hr 18 min ,BUY LIMIT GRTUSDT @ None,FAILED,MT5 execution failed — check broker logs,477
2026-07-27 08:21:24,Account 2,GOLD Scalper,XAUUSD BUY 4095-93  TP 1 : 4100 TP 2 : 4105 TP 3 : 4110 TP 4 : 4130  SL : 4078,BUY LIMIT GOLD @ 4095,SUCCESS,Trade executed successfully on MT5,478
2026-07-27 08:34:55,Account 2,Sureshot FX VIP,GBPUSD SELL 1.3354  SL:  1.3404 TP:  1.3204 --Trade by David,SELL EURUSD @ None,FAILED,MT5 execution failed — check broker logs,479
2026-07-27 08:35:07,Account 2,Sureshot FX 🎯,GBPUSD SELL 1.3354  SL:  1.3404 TP:  1.3204 --Trade by David,SELL EURUSD @ None,FAILED,MT5 execution failed — check broker logs,480
2026-07-27 08:46:28,Account 1,King Crypto Scalp [ LIVE ],PAIR: GALAUSDT  TYPE: LONG LEVERAGE: Cross 20x   Entry Targets: 1) 0.002005 2) 0.0019 (DCA)  Take-Profit Targets: 0.002 - 0.002 - 0.002 - 0.0021 - 0.0...,BUY GALAUSDT @ None,FAILED,MT5 execution failed — check broker logs,481
2026-07-27 08:56:03,Account 1,XAUUSD ACCURATE SiGNALS,Gold buy Again  4088/4084   Sl     4083.5 Tp    4092  Tp    4097  Tp    4105 4115/4155/opn   @Proazam,BUY GOLD @ 4088,FAILED,MT5 execution failed — check broker logs,482
2026-07-27 08:57:27,Account 2,RaSrasanForex,XAUUSD gold 4091 I will delete the link after two minutes   https://t.me/+07hexSsJssRhZWE0 https://t.me/+07hexSsJssRhZWE0   600+ PIPS TARGET ,BUY GOLD @ 4091,FAILED,MT5 execution failed — check broker logs,483
2026-07-27 08:58:30,Account 2,RaSrasanForex,XAUUSD SELL 4090/4093,SELL GOLD @ 4090,FAILED,MT5 execution failed — check broker logs,484
2026-07-27 08:58:51,Account 2,RaSrasanForex,XAUUSD SELL4090/4093  TP 4087 TP 4084 TP 4081 TP 4078 TP 4075  SL 4103,SELL GOLD @ 4090,FAILED,MT5 execution failed — check broker logs,485
2026-07-27 09:16:35,Account 1,King Crypto Scalp [ LIVE ],PAIR: ADAUSDT  TYPE: LONG LEVERAGE: Cross 20x   Entry Targets: 1) 0.1653 2) 0.157 (DCA)  Take-Profit Targets: 0.1665 - 0.1674 - 0.1694 - 0.1719 - 0.17...,N/A,FAILED,Trigger could not parse a valid trade structure from this signal,486
2026-07-27 09:47:21,Account 1,DIL SE TRADER Crypto, New Crypto Trade Alert    Trade Details:  Symbol: P-BTC-65800-280726  Trade Type: SELL  Entry Price: 769.02514  Stop Loss: 1100.0  Target 1: 680.0  T...,N/A,FAILED,Trigger could not parse a valid trade structure from this signal,487
2026-07-27 09:58:03,Account 1,Binance 360, Futures (Free Signal)   Long  #ONT/USDT  Entry zone : 0.040652 - 0.041910  Take Profits :   0.042117 0.043368 0.044619 0.045870 0.047121  Stop loss :...,BUY GOLD @ None,FAILED,MT5 execution failed — check broker logs,488
2026-07-27 09:58:12,Account 2,Binance 360, Futures (Free Signal)   Long  #ONT/USDT  Entry zone : 0.040652 - 0.041910  Take Profits :   0.042117 0.043368 0.044619 0.045870 0.047121  Stop loss :...,BUY GOLD @ None,FAILED,MT5 execution failed — check broker logs,489
2026-07-27 10:00:53,Account 1,King Crypto Scalp [ LIVE ],PAIR: AXSUSDT  TYPE: SHORT LEVERAGE: Cross 20x   Entry Targets: 1) 0.89 2) 0.9345 (DCA)  Take-Profit Targets: 0.8838 - 0.8784 - 0.8678 - 0.8544 - 0.83...,SELL AXSUSDT @ None,FAILED,MT5 execution failed — check broker logs,490
2026-07-27 10:01:06,Account 1,King Crypto Scalp [ LIVE ],PAIR: AXSUSDT  TYPE: SHORT LEVERAGE: Cross 20x   Entry Targets: 1) 0.89 2) 0.9345 (DCA)  Take-Profit Targets: 0.8838 - 0.8784 - 0.8678 - 0.8544 - 0.83...,SELL AXSUSDT @ None,FAILED,MT5 execution failed — check broker logs,491
2026-07-27 10:07:08,Account 1,King Crypto Scalp [ LIVE ],#AXS/USDT Entry 1  Average Entry Price: 0.890 ,BUY AXSUSDT @ 0.89,FAILED,MT5 execution failed — check broker logs,492
2026-07-27 10:46:49,Account 1,King Crypto Scalp [ LIVE ],PAIR: CHZUSDT  TYPE: LONG LEVERAGE: Cross 20x   Entry Targets: 1) 0.01419 2) 0.0136 (DCA)  Take-Profit Targets: 0.0143 - 0.0143 - 0.0144 - 0.0146 - 0....,N/A,FAILED,Trigger could not parse a valid trade structure from this signal,493
2026-07-27 10:46:54,Account 1,King Crypto Scalp [ LIVE ],"Binance Futures, Bitget Futures, OKX Futures, ByBit USDT, KuCoin Futures #CHZ/USDT Closed due to opposite direction signal ",N/A,FAILED,Trigger could not parse a valid trade structure from this signal,494
2026-07-27 11:03:17,Account 2,GOLD DREAMS TRADER,XAUUSD SELL NOW 4090/4093  TP 4087 TP 4084 TP 4081 TP 4077 TP 4074 TP 4071 TP 4068 TP 4065 TP 4062  SL 4107,N/A,FAILED,Trigger could not parse a valid trade structure from this signal,495
2026-07-27 11:10:54,Account 2,RaSrasanForex, XAUUSD Sell 4015  TP 4012  TP 4009 TP 4006  TP 4003 TP 4000  SL 4026 https://t.me/+_tGUpD1_jxoxMTlk,SELL GOLD @ 4015,FAILED,MT5 execution failed — check broker logs,496
2026-07-27 11:11:30,Account 2,JOSEFINA TRADER0,XAUUSD SELL 4090 TP 4087 TP 4084 TP 4081 TP 4078 TP 4075 SL 4100 Use proper money management me,SELL GOLD @ 4090,FAILED,MT5 execution failed — check broker logs,497
2026-07-27 11:12:01,Account 2,RIAOGOLDFOREX,XAUUSD SELL 4091,SELL GOLD @ 4091,FAILED,MT5 execution failed — check broker logs,498
2026-07-27 11:13:25,Account 2,RIAOGOLDFOREX,XAUUSD SELL 4090  TP 4087 TP 4084 TP 4081 TP 4078 TP 4075 TP 4072  SL 4101,SELL GOLD @ 4090,FAILED,MT5 execution failed — check broker logs,499
2026-07-27 11:21:36,Account 1,Crypto World Updates, #DEXE/USDT  SIGNAL Type: Regular (SHORT)  Leverage: Cross (20X)  Amount: 1%   Entry Targets:  1)  3.21  2)  3.30  Take-Profit Targets:  1) 3.10  2) 3...,BUY DOGEUSDT @ 3210,FAILED,MT5 execution failed — check broker logs,500
2026-07-27 11:32:40,Account 1,DIL SE TRADER Crypto, New Crypto Trade Alert    Trade Details:  Symbol: ETHUSDT  Trade Type: BUY  Entry Price: 1963.79278  Stop Loss: 1940.0  Target 1: 1972.0  Target 2: 1...,BUY ETHUSDT @ 1963.79278,FAILED,MT5 execution failed — check broker logs,501
2026-07-27 11:36:35,Account 1,King Crypto Scalp [ LIVE ],#ADA/USDT Take-Profit target 1  Profit: 14.5191%  Period: 2 hr 21 min ,BUY ADAUSDT @ None,FAILED,MT5 execution failed — check broker logs,502
2026-07-27 11:36:58,Account 1,King Crypto Scalp [ LIVE ],#LDO/USDT Take-Profit target 4  Profit: 42.6174%  Period: 1 day 16 hr ,BUY EURUSD @ None,FAILED,MT5 execution failed — check broker logs,503
2026-07-27 11:51:50,Account 2,RIAOGOLDFOREX,#XAUUSD Buy 4088   TP  SL  100% Perfect signals    https://t.me/+0P52v94mICI1YWNk  https://t.me/+uwn9dsQ-dXAwYjY8  VlP GROUP EREE Channel ,BUY GOLD @ 4088,FAILED,MT5 execution failed — check broker logs,504
2026-07-27 11:58:11,Account 2,SureShot GOLD (VIP),XAUUSD SELL 4096.13  SL:  4106.13 TP:  4076.13 --Trade by Jack,SELL GOLD @ 4096.13,FAILED,MT5 execution failed — check broker logs,505
2026-07-27 12:02:41,Account 1,Crypto World Updates, #BANK/USDT  SIGNAL Type: Regular (SHORT)  Leverage: Cross (20X)  Amount: 1%   Entry Targets:  1)  0.5450  2)  0.5600  Take-Profit Targets:  1) 0.5100...,BUY EURSEK @ None,SUCCESS,Trade executed successfully on MT5,506
2026-07-27 12:07:33,Account 2,RIAOGOLDFOREX,#XAUUSD Buy 4088   TP  SL  100% Perfect signals    https://t.me/+0P52v94mICI1YWNk  https://t.me/+uwn9dsQ-dXAwYjY8  VlP GROUP EREE Channel ,BUY GOLD @ 4088,FAILED,MT5 execution failed — check broker logs,507
2026-07-27 12:13:58,Account 2,RIAOGOLDFOREX,XAUUSD gold 4096 I will delete the link after two minutes   https://t.me/+07hexSsJssRhZWE0 https://t.me/+07hexSsJssRhZWE0   600+ PIPS TARGET ,BUY GOLD @ 4096,FAILED,MT5 execution failed — check broker logs,508
2026-07-27 12:16:26,Account 1,Crypto Radar, #Free Signal   Long  Pair: #XMR/USDT   Entry Price:   1) 349.65 2) 339.16   Targets:  1) 351.65 2) 358.96 3) 366.26 4) 373.57  Stop Loss: 327.62  Lev...,BUY XMRUSDT @ 339.16,FAILED,MT5 execution failed — check broker logs,509
2026-07-27 12:18:38,Account 2,RIAOGOLDFOREX,GOLD SELL NOW  SL TP HERE   https://t.me/+mSABzChJqFo0MDk0,SELL GOLD @ None,FAILED,MT5 execution failed — check broker logs,510
2026-07-27 12:19:28,Account 1,King Crypto Scalp [ LIVE ],#GRT/USDT Take-Profit target 2  Profit: 14.8423%  Period: 20 hr 18 min ,BUY LIMIT GRTUSDT @ None,FAILED,MT5 execution failed — check broker logs,511
2026-07-27 12:31:38,Account 1,King Crypto Scalp [ LIVE ],PAIR: SFPUSDT  TYPE: LONG LEVERAGE: Cross 20x   Entry Targets: 1) 0.2192 2) 0.2082 (DCA)  Take-Profit Targets: 0.2207 - 0.222 - 0.2247 - 0.228 - 0.232...,N/A,FAILED,Trigger could not parse a valid trade structure from this signal,512
2026-07-27 12:31:58,Account 1,King Crypto Scalp [ LIVE ],PAIR: APEUSDT  TYPE: LONG LEVERAGE: Cross 20x   Entry Targets: 1) 0.1542 2) 0.148 (DCA)  Take-Profit Targets: 0.155 - 0.1557 - 0.1565 - 0.1588 - 0.160...,N/A,FAILED,Trigger could not parse a valid trade structure from this signal,513
2026-07-27 12:32:03,Account 1,King Crypto Scalp [ LIVE ],PAIR: APEUSDT  TYPE: LONG LEVERAGE: Cross 20x   Entry Targets: 1) 0.1542 2) 0.148 (DCA)  Take-Profit Targets: 0.155 - 0.1557 - 0.1565 - 0.1588 - 0.160...,N/A,FAILED,Trigger could not parse a valid trade structure from this signal,514
2026-07-27 12:32:05,Account 1,King Crypto Scalp [ LIVE ],#LDO/USDT Take-Profit target 5  Profit: 58.117%  Period: 1 day 17 hr ,N/A,FAILED,Trigger could not parse a valid trade structure from this signal,515
2026-07-27 12:44:50,Account 2,Max Leverage,zona sell 4102-4104 sl 4106.999,SELL DOGEUSDT @ None,FAILED,MT5 execution failed — check broker logs,516
2026-07-27 12:45:05,Account 1,Max Leverage,zona sell 4102-4104 sl 4106.999,SELL DOGEUSDT @ None,FAILED,MT5 execution failed — check broker logs,517
2026-07-27 13:07:11,Account 1,Crypto World Updates, #AKE/USDT  SIGNAL Type: Regular (SHORT)  Leverage: Cross (20X)  Amount: 1%   Entry Targets:  1)  0.004150  2)  0.004275  Take-Profit Targets:  1) 0.0...,BUY AKEUSDT @ 0.00415,FAILED,MT5 execution failed — check broker logs,518
2026-07-27 13:11:24,Account 2,Binance 360, Futures (Free Signal)   SHORT  #ETH/USDT  Entry zone : 2019.79 - 1960.97  Take Profits :   1951.06 1891.94 1832.82 1773.69 1714.57  Stop loss :2098.2...,BUY GOLD @ None,FAILED,MT5 execution failed — check broker logs,519
2026-07-27 13:11:48,Account 1,Binance 360, Futures (Free Signal)   SHORT  #ETH/USDT  Entry zone : 2019.79 - 1960.97  Take Profits :   1951.06 1891.94 1832.82 1773.69 1714.57  Stop loss :2098.2...,BUY GOLD @ None,FAILED,MT5 execution failed — check broker logs,520
2026-07-27 13:12:13,Account 1,DIL SE TRADER Crypto, New Crypto Trade Alert    Trade Details:  Symbol: C-BTC-64800-280726  Trade Type: SELL  Entry Price: 731.53229  Stop Loss: 1050.0  Target 1: 630.0  T...,SELL BTCUSDT @ 731.53229,FAILED,MT5 execution failed — check broker logs,521
2026-07-27 13:15:00,Account 2,SureShot GOLD (VIP),XAUUSD BUY 4097.16  SL:  4087.16 TP:  4117.16 --Trade by Matthew,BUY GOLD @ 4097.16,FAILED,MT5 execution failed — check broker logs,522
2026-07-27 13:17:04,Account 2,RaSrasanForex,XAUUSD gold 4098 I will delete the link after two minutes   https://t.me/+07hexSsJssRhZWE0 https://t.me/+07hexSsJssRhZWE0   600+ PIPS TARGET ,BUY GOLD @ 4098,FAILED,MT5 execution failed — check broker logs,523
2026-07-27 13:17:56,Account 2,Sureshot FX VIP,NZDCAD SELL 0.8176  SL:  0.8226 TP:  0.8026 --Trade by Flynn,SELL NZDCAD @ 0.8176,SUCCESS,Trade executed successfully on MT5,524
2026-07-27 13:19:39,Account 2,RaSrasanForex,XAUUSD BUY 4095,BUY GOLD @ 4095,FAILED,MT5 execution failed — check broker logs,525
2026-07-27 13:20:25,Account 2,RaSrasanForex,XAUUSD BUY 4095  TP 4098 TP 4101 TP 4104 TP 4107 TP 4110  SL 4084,BUY GOLD @ 4095,FAILED,MT5 execution failed — check broker logs,526
2026-07-27 13:23:29,Account 1,Crypto World Updates, #AKE/USDT  SIGNAL Type: Regular (SHORT)  Leverage: Cross (20X)  Amount: 1%   Entry Targets:  1)  0.004050  2)  0.004175  Take-Profit Targets:  1) 0.0...,BUY AKEUSDT @ 0.00405,FAILED,MT5 execution failed — check broker logs,527
2026-07-27 13:25:54,Account 2,RaSrasanForex,XAUUSD gold 4098 I will delete the link after two minutes   https://t.me/+07hexSsJssRhZWE0 https://t.me/+07hexSsJssRhZWE0   600+ PIPS TARGET ,BUY GOLD @ 4098,FAILED,MT5 execution failed — check broker logs,528
2026-07-27 13:31:09,Account 2,CULERSFOREX™,#XAUUSD BUY 4058  TP 4061 TP 4064 TP 4067 TP 4070 TP 4073 https://t.me/+mej77CvnPVk5ZjQ1 https://t.me/+mej77CvnPVk5ZjQ1  SL 4046,BUY GOLD @ 4058,FAILED,MT5 execution failed — check broker logs,529
2026-07-27 13:37:16,Account 1,Crypto World Updates, #AKE/USDT  SIGNAL Type: Regular (SHORT)  Leverage: Cross (20X)  Amount: 1%   Entry Targets:  1)  0.003770  2)  0.003880  Take-Profit Targets:  1) 0.0...,BUY AKEUSDT @ 0.00377,FAILED,MT5 execution failed — check broker logs,530
2026-07-27 13:40:37,Account 1,King Crypto Scalp [ LIVE ],#GRT/USDT Take-Profit target 3  Profit: 21.0266%  Period: 21 hr 40 min ,BUY LIMIT GRTUSDT @ None,FAILED,MT5 execution failed — check broker logs,531
2026-07-27 13:46:30,Account 2,RIAOGOLDFOREX,XAUUSD SELL 4090  TP 4087 TP 4084 TP 4081 TP 4078 TP 4075 TP 4072  SL 4101,SELL GOLD @ 4090,FAILED,MT5 execution failed — check broker logs,532
2026-07-27 13:52:10,Account 2,RIAOGOLDFOREX,GOLD SELL NOW  SL TP HERE   https://t.me/+mSABzChJqFo0MDk0,SELL GOLD @ None,FAILED,MT5 execution failed — check broker logs,533
2026-07-27 14:04:32,Account 1,"Mr.DAVID, XAU/USD CLUB",#XAUUSD SELL 4090....4093  SL: 4103  TP1: 4085 TP2: 4080 TP3: 4075 TP4: 4070,N/A,FAILED,Trigger could not parse a valid trade structure from this signal,534
2026-07-27 14:07:26,Account 2,SureShot GOLD (VIP),XAUUSD SELL 4089.36  SL:  4099.36 TP:  4069.36 --Trade by Liam,SELL GOLD @ 4089.36,FAILED,MT5 execution failed — check broker logs,535
2026-07-27 14:20:40,Account 1,King Crypto Scalp [ LIVE ],#AXS/USDT Take-Profit target 1  Profit: 13.4831%  Period: 4 hr 19 min ,BUY LIMIT AXSUSDT @ None,FAILED,MT5 execution failed — check broker logs,536
2026-07-27 14:22:34,Account 1,King Crypto Scalp [ LIVE ],#AVAX/USDT Take-Profit target 1  Profit: 13.7519%  Period: 17 hr 7 min ,BUY LIMIT AVAXUSDT @ None,FAILED,MT5 execution failed — check broker logs,537
2026-07-27 14:31:24,Account 1,King Crypto Scalp [ LIVE ],#AXS/USDT Take-Profit target 2  Profit: 19.1011%  Period: 4 hr 30 min ,N/A,FAILED,Trigger could not parse a valid trade structure from this signal,538
2026-07-27 14:40:49,Account 1,King Crypto Scalp [ LIVE ],#APE/USDT Take-Profit target 1  Profit: 10.3761%  Period: 2 hr 10 min ,BUY LIMIT APEUSDT @ None,FAILED,MT5 execution failed — check broker logs,539
2026-07-27 14:45:01,Account 1,King Crypto Scalp [ LIVE ],#AVAX/USDT Take-Profit target 2  Profit: 19.8804%  Period: 17 hr 29 min ,BUY LIMIT AVAXUSDT @ None,FAILED,MT5 execution failed — check broker logs,540
2026-07-27 15:13:20,Account 2,SureShot GOLD (VIP),XAUUSD BUY 4092.8  SL:  4082.8 TP:  4112.8 --Trade by Liam,BUY GOLD @ 4092.8,FAILED,MT5 execution failed — check broker logs,541
2026-07-27 15:29:48,Account 2,Max Leverage,zona buy 4097-4095 sl 4093.000,N/A,FAILED,Trigger could not parse a valid trade structure from this signal,542
2026-07-27 15:30:03,Account 1,Max Leverage,zona buy 4097-4095 sl 4093.000,BUY EURDKK @ 4097,REJECTED,Price sanity fail: entry 4097 is 54690.5% from live 7.47757,543
2026-07-27 16:09:40,Account 1,King Crypto Scalp [ LIVE ],#APE/USDT Take-Profit target 2  Profit: 14.9157%  Period: 3 hr 38 min ,N/A,FAILED,Trigger could not parse a valid trade structure from this signal,544
2026-07-27 16:14:59,Account 1,King Crypto Scalp [ LIVE ],#APE/USDT Take-Profit target 3  Profit: 19.8876%  Period: 3 hr 44 min ,BUY LIMIT APEUSDT @ None,FAILED,MT5 execution failed — check broker logs,545
2026-07-27 16:36:50,Account 2,RIAOGOLDFOREX,XAUUSD gold 4097 I will delete the link after two minutes   https://t.me/+07hexSsJssRhZWE0 https://t.me/+07hexSsJssRhZWE0   600+ PIPS TARGET ,N/A,FAILED,Trigger could not parse a valid trade structure from this signal,546
2026-07-27 16:41:47,Account 2,RIAOGOLDFOREX,XAUUSD SELL 4104,SELL GOLD @ 4104,FAILED,MT5 execution failed — check broker logs,547
2026-07-27 16:50:02,Account 2,Max Leverage,4101 masuk cicil buy,BUY GOLD @ 4101,FAILED,MT5 execution failed — check broker logs,548
2026-07-27 16:50:49,Account 2,RIAOGOLDFOREX,XAUUSD SELL 4103,SELL GOLD @ 4103,FAILED,MT5 execution failed — check broker logs,549
2026-07-27 16:51:07,Account 2,Max Leverage,zona buy 4100-4098 sl 4096.000,BUY EURDKK @ 4098,REJECTED,Price sanity fail: entry 4098 is 54703.9% from live 7.47757,550
2026-07-27 16:51:15,Account 1,Max Leverage,zona buy 4100-4098 sl 4096.000,N/A,FAILED,Trigger could not parse a valid trade structure from this signal,551
2026-07-27 16:51:23,Account 1,Max Leverage,4101 masuk cicil buy,N/A,FAILED,Trigger could not parse a valid trade structure from this signal,552
2026-07-27 16:51:58,Account 2,RIAOGOLDFOREX,XAUUSD SELL 4103  TP 4100 TP 4097 TP 4094 TP 4091 TP 4088 TP 4085  SL 4113,SELL GOLD @ 4103,FAILED,MT5 execution failed — check broker logs,553
2026-07-27 16:58:07,Account 1,"Mr.DAVID, XAU/USD CLUB",#XAUUSD SELL 4101....4105  SL: 4112  TP1: 4095 TP2: 4090 TP3: 4085 TP4: 4080 TP5.4075,SELL GOLD @ None,FAILED,MT5 execution failed — check broker logs,554
2026-07-27 17:03:45,Account 2,RaSrasanForex,XAUUSD gold 4100 I will delete the link After two minutes   https://t.me/+07hexSsJssRhZWE0 https://t.me/+07hexSsJssRhZWE0   600+ PIPS TARGET ,BUY GOLD @ 4100,FAILED,MT5 execution failed — check broker logs,555
2026-07-27 17:06:48,Account 2,RaSrasanForex,BTCUSD SELL NOW   TP  TP  SL     3   ,SELL BTCUSDT @ None,FAILED,MT5 execution failed — check broker logs,556
2026-07-27 17:09:32,Account 2,RaSrasanForex,XAUUSD gold 4098 I will delete the link After two minutes   https://t.me/+07hexSsJssRhZWE0 https://t.me/+07hexSsJssRhZWE0   600+ PIPS TARGET ,BUY GOLD @ 4098,FAILED,MT5 execution failed — check broker logs,557
2026-07-27 17:13:13,Account 2,RIAOGOLDFOREX,XAUUSD gold 4098 I will delete the link After two minutes   https://t.me/+07hexSsJssRhZWE0 https://t.me/+07hexSsJssRhZWE0   600+ PIPS TARGET ,BUY GOLD @ 4098,FAILED,MT5 execution failed — check broker logs,558
2026-07-27 17:14:10,Account 2,RaSrasanForex,XAUUSD CONFIRM ENTRY ,BUY GOLD @ 4002,FAILED,MT5 execution failed — check broker logs,559
2026-07-27 17:14:42,Account 2,Sureshot FX VIP,GBPJPY SELL 217.87  SL:  218.37 TP:  216.37 --Trade by David,SELL GBPJPY @ None,SUCCESS,Trade executed successfully on MT5,560
2026-07-27 17:24:47,Account 1,DIL SE TRADER Crypto, New Crypto Trade Alert    Trade Details:  Symbol: BTCUSDT  Trade Type: BUY  Entry Price: 65088.03537  Stop Loss: 64200.0  Target 1: 65400.0  Target 2...,BUY BTCUSDT @ 65088.03537,FAILED,MT5 execution failed — check broker logs,561
2026-07-27 17:25:55,Account 1,DIL SE TRADER Crypto, New Crypto Trade Alert    Trade Details:  Symbol: ETHUSDT  Trade Type: BUY  Entry Price: 1958.60623  Stop Loss: 1940.0  Target 1: 1970.0  Target 2: 1...,BUY ETHUSDT @ 1958.60623,FAILED,MT5 execution failed — check broker logs,562
2026-07-27 17:28:45,Account 1,DIL SE TRADER Crypto, New Crypto Trade Alert    Trade Details:  Symbol: P-BTC-65800-280726  Trade Type: SELL  Entry Price: 822.13276  Stop Loss: 1200.0  Target 1: 730.0  T...,SELL BTCUSDT @ 822.13276,FAILED,MT5 execution failed — check broker logs,563
2026-07-27 17:29:46,Account 1,DIL SE TRADER Crypto, New Crypto Trade Alert    Trade Details:  Symbol: P-ETH-2020-280726  Trade Type: SELL  Entry Price: 60.09783  Stop Loss: 82.0  Target 1: 50.0  Target...,SELL P-ETH-2020-280726 @ 60.09783,FAILED,MT5 execution failed — check broker logs,564
2026-07-27 17:31:17,Account 1,King Crypto Scalp [ LIVE ],PAIR: ENJUSDT  TYPE: SHORT LEVERAGE: Cross 20x   Entry Targets: 1) 0.02696 2) 0.028 (DCA)  Take-Profit Targets: 0.0268 - 0.0267 - 0.0266 - 0.0262 - 0....,SELL ENJUSDT @ None,FAILED,MT5 execution failed — check broker logs,565
2026-07-27 17:31:34,Account 1,King Crypto Scalp [ LIVE ],"KuCoin Futures, ByBit USDT, Binance Futures, Bitget Futures #ENJ/USDT Closed due to opposite direction signal ",N/A,FAILED,Trigger could not parse a valid trade structure from this signal,566
2026-07-27 17:31:42,Account 1,King Crypto Scalp [ LIVE ],PAIR: ENJUSDT  TYPE: SHORT LEVERAGE: Cross 20x   Entry Targets: 1) 0.02696 2) 0.028 (DCA)  Take-Profit Targets: 0.0268 - 0.0267 - 0.0266 - 0.0262 - 0....,N/A,FAILED,Trigger could not parse a valid trade structure from this signal,567
2026-07-27 17:32:25,Account 2,RaSrasanForex,GOLD / XAUUSD  BIG SIGNAL  TARGET 200 PIPS  SL TP   https://t.me/+QhxRephKT8diYzU0   FAST OPEN FOR 3 MINUTES,BUY GOLD @ None,FAILED,MT5 execution failed — check broker logs,568
2026-07-27 17:33:03,Account 1,King Crypto Scalp [ LIVE ],#ENJ/USDT Entry 1  Average Entry Price: 0.02696 ,BUY ENJUSDT @ 0.02696,FAILED,MT5 execution failed — check broker logs,569
2026-07-27 17:35:38,Account 2,RaSrasanForex,GOLD / XAUUSD  BIG SIGNAL  TARGET 200 PIPS  SL TP   https://t.me/+QhxRephKT8diYzU0   FAST OPEN FOR 3 MINUTES,BUY GOLD @ None,FAILED,MT5 execution failed — check broker logs,570
2026-07-27 17:44:59,Account 2,JOSEFINA TRADER0,XAUUSD sell 4090,SELL GOLD @ 4090,FAILED,MT5 execution failed — check broker logs,571
2026-07-27 17:45:23,Account 2,JOSEFINA TRADER0,XAUUSD SELL 4090 TP 4087 TP 4084 TP 4081 TP 4078 TP 4075 SL 4100 Use proper money management me,SELL GOLD @ 4090,FAILED,MT5 execution failed — check broker logs,572
2026-07-27 17:46:18,Account 2,Sureshot FX 🎯,New York session is open.   EURNZD is approaching the 1.9700 resistance zone after bouncing off its recent low near 1.9630  expected move is either a ...,BUY EURNZD @ 1970,REJECTED,Price sanity fail: entry 1970 is 100004.7% from live 1.96794,573
2026-07-27 17:55:15,Account 1,Crypto Radar, VIP Signal   Short  Pair: #ADA/USDT   Entry Price:   1) 0.16600 2) 0.17098   Targets:  1) 0.16502 2) 0.16152 3) 0.15801 4) 0.15451  Stop Loss: 0.1764...,BUY #ADA/USDT @ 0.17098,FAILED,MT5 execution failed — check broker logs,574
2026-07-27 18:01:57,Account 1,King Crypto Scalp [ LIVE ],#ENJ/USDT Take-Profit target 1  Profit: 11.8694%  Period: 30 min ,BUY ENJUSDT @ None,FAILED,MT5 execution failed — check broker logs,575
2026-07-27 18:03:17,Account 2,RIAOGOLDFOREX,XAUUSD gold 4087 I will delete the link After two minutes   https://t.me/+07hexSsJssRhZWE0 https://t.me/+07hexSsJssRhZWE0   600+ PIPS TARGET ,BUY GOLD @ 4087,FAILED,MT5 execution failed — check broker logs,576
2026-07-27 18:06:59,Account 2,Binance Killers® VIP,SIGNAL ID: #2183 COIN: $BULLA/USDT (2-5x) Direction: LONG  Target 1: 0.0091 Target 2: 0.0093 Target 3: 0.0096 Target 4: 0.01 Target 5: 0.011 Target 6:...,BUY BULLA/USDT @ None,FAILED,MT5 execution failed — check broker logs,577
2026-07-27 18:07:12,Account 1,Binance Killers® VIP,SIGNAL ID: #2183 COIN: $BULLA/USDT (2-5x) Direction: LONG  Target 1: 0.0091 Target 2: 0.0093 Target 3: 0.0096 Target 4: 0.01 Target 5: 0.011 Target 6:...,BUY BULLA/USDT @ None,FAILED,MT5 execution failed — check broker logs,578
2026-07-27 18:07:35,Account 2,RIAOGOLDFOREX,GOLD SELL NOW  SL TP HERE  https://t.me/+g8pS4aMzgs1mZDZk https://t.me/+g8pS4aMzgs1mZDZk,SELL GOLD @ None,FAILED,MT5 execution failed — check broker logs,579
2026-07-27 18:08:23,Account 1,King Crypto Scalp [ LIVE ],#APE/USDT Take-Profit target 4  Profit: 29.8314%  Period: 5 hr 37 min ,BUY LIMIT APEUSDT @ None,FAILED,MT5 execution failed — check broker logs,580
2026-07-27 18:09:33,Account 2,Forex Trading Tips,Price has broken below the 4087 Demand Zone and closed beneath the 40844088 Buy Zone. This indicates that buying pressure at the key support area has ...,SELL EURUSD @ None,FAILED,MT5 execution failed — check broker logs,581
2026-07-27 18:10:54,Account 1,King Crypto Scalp [ LIVE ],#APE/USDT Take-Profit target 5  Profit: 39.9481%  Period: 5 hr 40 min ,BUY LIMIT APEUSDT @ None,FAILED,MT5 execution failed — check broker logs,582
2026-07-27 18:23:58,Account 2,Sureshot FX VIP,USDCHF SELL 0.8155  SL:  0.8205 TP:  0.8005 --Trade by Jack,N/A,FAILED,Trigger could not parse a valid trade structure from this signal,583
2026-07-27 18:26:44,Account 2,RaSrasanForex,GOLD SELL 4130  TP 4127 TP 4124 TP 4121 TP 4118 TP 4115 TP 4112  SL 4141 t.me/+TNPqCKv0BGgzYmQ8 t.me/+TNPqCKv0BGgzYmQ8,SELL GOLD @ 4130,FAILED,MT5 execution failed — check broker logs,584
2026-07-27 18:28:48,Account 2,GOLD Trader Dan,XAUUSD SELL SMASHED 220 PIPS ,SELL GOLD @ None,FAILED,MT5 execution failed — check broker logs,585
2026-07-27 18:33:22,Account 2,RaSrasanForex, XAUUSD Sell 4015  TP 4012  TP 4009 TP 4006  TP 4003 TP 4000  SL 4026 https://t.me/+_tGUpD1_jxoxMTlk,SELL GOLD @ 4015,FAILED,MT5 execution failed — check broker logs,586
2026-07-27 18:35:44,Account 2,Binance Killers® VIP,SIGNAL ID: #2191 COIN: $AERO/USDT (2-5x) Direction: LONG  Target 1: 0.4300 Target 2: 0.4500  48.8% Profit (5x)  UPGRADE / RENEW     - Binance Killers,BUY AEROUSDT @ 0.43,FAILED,MT5 execution failed — check broker logs,587
2026-07-27 18:35:53,Account 1,Binance Killers® VIP,SIGNAL ID: #2191 COIN: $AERO/USDT (2-5x) Direction: LONG  Target 1: 0.4300 Target 2: 0.4500  48.8% Profit (5x)  UPGRADE / RENEW     - Binance Killers,BUY AEROUSDT @ None,FAILED,MT5 execution failed — check broker logs,588
2026-07-27 18:40:54,Account 2,Forexero - Forex Signals,EUR/USD  Direction: SELL Entry Price:  1.1385  TP1       1.1365 TP2       1.1345 TP3       1.1325  SL          1.1445,SELL EURUSD @ 11385,REJECTED,Price sanity fail: entry 11385 is 999970.3% from live 1.13842,589
2026-07-27 18:46:11,Account 2,Sureshot FX VIP,EURUSD BUY LIMIT  --Trade by Lucas,BUY LIMIT EURUSD @ None,FAILED,MT5 execution failed — check broker logs,590
2026-07-27 18:48:28,Account 1,Crypto Radar, #Free Signal   Long  Pair: #QTUM/USDT   Entry Price:   1) 0.643600 2) 0.624292   Targets:  1) 0.647296 2) 0.660741 3) 0.674186 4) 0.687632  Stop Loss...,BUY QTUM/USDT @ 0.624292,FAILED,MT5 execution failed — check broker logs,591
2026-07-27 18:48:47,Account 2,RaSrasanForex,XAUUSD Sell. I will delete the link after two minutes  https://t.me/+PTE_zKGniRg1YWU0 https://t.me/+PTE_zKGniRg1YWU0 600+ PIPS TARGET ,N/A,FAILED,Trigger could not parse a valid trade structure from this signal,592
2026-07-27 19:12:57,Account 1,King Crypto Scalp [ LIVE ],#APE/USDT Take-Profit target 6  Profit: 53.3939%  Period: 6 hr 41 min ,N/A,FAILED,Trigger could not parse a valid trade structure from this signal,593
2026-07-27 19:13:02,Account 1,King Crypto Scalp [ LIVE ],#SOL/USDT Take-Profit target 4  Profit: 42.3717%  Period: 1 day 14 hr ,N/A,FAILED,Trigger could not parse a valid trade structure from this signal,594
2026-07-27 19:16:06,Account 2,Binance Killers® VIP,SIGNAL ID: #2190 COIN: $ENA/USDT (2-5x) Direction: LONG  Target 1: 0.0890 Target 2: 0.0930  47.1% Profit (5x)  UPGRADE / RENEW     - Binance Killers,BUY ENAUSDT @ 0.089,FAILED,MT5 execution failed — check broker logs,595
2026-07-27 19:16:18,Account 1,Binance Killers® VIP,SIGNAL ID: #2190 COIN: $ENA/USDT (2-5x) Direction: LONG  Target 1: 0.0890 Target 2: 0.0930  47.1% Profit (5x)  UPGRADE / RENEW     - Binance Killers,BUY ENAUSDT @ None,FAILED,MT5 execution failed — check broker logs,596
2026-07-27 19:29:33,Account 2,SureShot GOLD (VIP),XAUUSD SELL 4073.2  SL:  4083.2 TP:  4053.2 --Trade by Liam,SELL GOLD @ 4073.2,FAILED,MT5 execution failed — check broker logs,597
2026-07-27 19:30:21,Account 2,RIAOGOLDFOREX,BTCUSD SELL 64100  TP 63500 TP 63000 TP 62000  Confirm SL  https://t.me/+0P52v94mICI1YWNk https://t.me/+uwn9dsQ-dXAwYjY8  Confirm Entry,SELL BTCUSDT @ None,FAILED,MT5 execution failed — check broker logs,598
2026-07-27 19:32:32,Account 2,RIAOGOLDFOREX,XAUUSD BUY 4071,BUY GOLD @ 4071,FAILED,MT5 execution failed — check broker logs,599
2026-07-27 19:33:31,Account 2,RIAOGOLDFOREX,XAUUSD BUY 4071  TP 4074  TP 4077  TP 4080  TP 4083  TP 4086  TP 4089  SL 4060,BUY GOLD @ 4071,FAILED,MT5 execution failed — check broker logs,600
2026-07-27 19:40:02,Account 2,RIAOGOLDFOREX,GOLD BUY NOW  SL TP HERE  https://t.me/+07rJk9MyhIszZDE0 https://t.me/+07rJk9MyhIszZDE0,BUY GOLD @ None,FAILED,MT5 execution failed — check broker logs,601
2026-07-27 19:44:05,Account 2,Binance 360,#BEAT/USDT Reached 4.4000000  Congrats all VIP members    594.66% Profit  ,BUY GOLD @ None,FAILED,MT5 execution failed — check broker logs,602
2026-07-27 19:44:28,Account 2,Binance 360, RFD Indicator    15 Minutes Timeframe   LONG  #BEAT/USDT  Entry zone : 3.29412 - 3.3960000  Take Profits :   3.4128102 3.5141808 3.6155514 3.716922 3...,BUY RFD/USDT @ 3.29412,FAILED,MT5 execution failed — check broker logs,603
2026-07-27 19:45:00,Account 1,Binance 360,#BEAT/USDT Reached 4.4000000  Congrats all VIP members    594.66% Profit  ,BUY GOLD @ None,FAILED,MT5 execution failed — check broker logs,604
2026-07-27 19:51:06,Account 1,King Crypto Scalp [ LIVE ],#ENJ/USDT Take-Profit target 2  Profit: 15.5786%  Period: 2 hr 20 min ,BUY LIMIT ENJUSDT @ None,FAILED,MT5 execution failed — check broker logs,605
2026-07-27 20:00:30,Account 2,GOLD Scalper,XAUUSD BUY 4069-67  TP 1 : 4074 TP 2 : 4079 TP 3 : 4084 TP 4 : 4104  SL : 4052,BUY GOLD @ 4069,FAILED,MT5 execution failed — check broker logs,606
2026-07-27 20:01:18,Account 1,King Crypto Scalp [ LIVE ],#ENJ/USDT Take-Profit target 3  Profit: 19.2878%  Period: 2 hr 29 min ,BUY ENJUSDT @ None,FAILED,MT5 execution failed — check broker logs,607
2026-07-27 20:01:34,Account 1,King Crypto Scalp [ LIVE ],#AXS/USDT Take-Profit target 3  Profit: 29.2135%  Period: 9 hr 58 min ,N/A,FAILED,Trigger could not parse a valid trade structure from this signal,608
2026-07-27 20:01:38,Account 1,King Crypto Scalp [ LIVE ],#GRT/USDT Take-Profit target 4  Profit: 30.303%  Period: 1 day 4 hr ,N/A,FAILED,Trigger could not parse a valid trade structure from this signal,609
2026-07-27 20:01:42,Account 1,King Crypto Scalp [ LIVE ],#GALA/USDT Take-Profit target 2  Profit: 96.6325%  Period: 5 days 3 hr ,N/A,FAILED,Trigger could not parse a valid trade structure from this signal,610
2026-07-27 20:02:10,Account 1,King Crypto Scalp [ LIVE ],#ENJ/USDT Take-Profit target 4  Profit: 28.5608%  Period: 2 hr 31 min ,BUY ENJUSDT @ None,FAILED,MT5 execution failed — check broker logs,611
2026-07-27 20:07:32,Account 1,King Crypto Scalp [ LIVE ],#ENJ/USDT Take-Profit target 5  Profit: 38.5757%  Period: 2 hr 36 min ,BUY LIMIT ENJUSDT @ None,FAILED,MT5 execution failed — check broker logs,612
2026-07-27 20:08:06,Account 1,King Crypto Scalp [ LIVE ],#AXS/USDT Take-Profit target 4  Profit: 41.573%  Period: 10 hr 7 min ,BUY LIMIT AXSUSDT @ None,FAILED,MT5 execution failed — check broker logs,613
2026-07-27 20:08:22,Account 1,King Crypto Scalp [ LIVE ],#GRT/USDT Take-Profit target 5  Profit: 40.8163%  Period: 1 day 4 hr ,BUY LIMIT GRTUSDT @ None,FAILED,MT5 execution failed — check broker logs,614
2026-07-27 20:16:10,Account 1,King Crypto Scalp [ LIVE ],#AVAX/USDT Take-Profit target 3  Profit: 29.8954%  Period: 22 hr 59 min ,N/A,FAILED,Trigger could not parse a valid trade structure from this signal,615
2026-07-27 20:19:55,Account 2,Sureshot FX VIP,EURAUD BUY 1.6274  SL:  1.6224 TP:  1.6424 --Trade by David,BUY EURAUD @ 1.6274,SUCCESS,Trade executed successfully on MT5,616
2026-07-29 09:00:51,Account 2,Binance 360, MTC Indicator    15 Minutes Timeframe   SHORT  #SSV/USDT  Entry zone : 2.39784 - 2.328000  Take Profits :   2.316243 2.246054 2.175865 2.105676 2.035...,N/A,FAILED,Trigger could not parse a valid trade structure from this signal,617
2026-07-29 09:01:24,Account 1,Binance 360, MTC Indicator    15 Minutes Timeframe   SHORT  #SSV/USDT  Entry zone : 2.39784 - 2.328000  Take Profits :   2.316243 2.246054 2.175865 2.105676 2.035...,BUY SSV/USDT @ 2.39784,FAILED,MT5 execution failed — check broker logs,618
2026-07-29 09:02:43,Account 1,King Crypto Scalp [ LIVE ],#ENJ/USDT Take-Profit target 3  Profit: 19.3616%  Period: 1 hr 56 min ,BUY ENJUSDT @ None,FAILED,MT5 execution failed — check broker logs,619
2026-07-29 09:17:14,Account 1,King Crypto Scalp [ LIVE ],#LDO/USDT Take-Profit target 4  Profit: 42.4591%  Period: 11 hr 12 min ,N/A,FAILED,Trigger could not parse a valid trade structure from this signal,620
2026-07-29 09:17:23,Account 1,King Crypto Scalp [ LIVE ],#ADA/USDT Entry 1  Average Entry Price: 0.1637 ,N/A,FAILED,Trigger could not parse a valid trade structure from this signal,621
2026-07-29 09:17:32,Account 1,King Crypto Scalp [ LIVE ],PAIR: ADAUSDT  TYPE: LONG LEVERAGE: Cross 20x   Entry Targets: 1) 0.1637 2) 0.1555 (DCA)  Take-Profit Targets: 0.1648 - 0.1658 - 0.1678 - 0.1702 - 0.1...,N/A,FAILED,Trigger could not parse a valid trade structure from this signal,622
2026-07-29 09:18:15,Account 1,DIL SE TRADER Crypto, New Crypto Trade Alert    Trade Details:  Symbol: C-BTC-63200-300726  Trade Type: SELL  Entry Price: 965.65831  Stop Loss: 1200.0  Target 1: 880.0  T...,SELL BTCUSDT @ 965.65831,FAILED,MT5 execution failed — check broker logs,623
2026-07-29 09:32:18,Account 1,King Crypto Scalp [ LIVE ],#GRT/USDT Take-Profit target 7  Profit: 72.2679%  Period: 2 days 17 hr ,N/A,FAILED,Trigger could not parse a valid trade structure from this signal,624
2026-07-29 09:33:24,Account 1,DIL SE TRADER Crypto, New Crypto Trade Alert    Trade Details:  Symbol: BTCUSDT  Trade Type: SELL  Entry Price: 63676.64143  Stop Loss: 64500.0  Target 1: 63300.0  Target ...,SELL BTCUSDT @ 63676.64143,FAILED,MT5 execution failed — check broker logs,625
2026-07-29 09:40:03,Account 1,DIL SE TRADER Crypto, New Crypto Trade Alert    Trade Details:  Symbol: C-ETH-1860-300726  Trade Type: SELL  Entry Price: 41.46368  Stop Loss: 70.0  Target 1: 30.0  Target...,SELL ETHUSDT @ 41.46368,FAILED,MT5 execution failed — check broker logs,626
2026-07-29 10:01:05,Account 1,Max Leverage,zona sell 4025-4027 sl 4029.999,N/A,FAILED,Trigger could not parse a valid trade structure from this signal,627
2026-07-29 10:02:08,Account 1,King Crypto Scalp [ LIVE ],#ENJ/USDT Take-Profit target 4  Profit: 29.8273%  Period: 2 hr 49 min ,BUY ENJUSDT @ None,FAILED,MT5 execution failed — check broker logs,628
2026-07-29 10:13:45,Account 2,JOSEFINA TRADER0,#XAUUSD Sell 4028  BIG  TP 4025 TP 4022 TP 4019 TP 4016 TP 4013    SL In Chanel Click To See      3   ,N/A,FAILED,Trigger could not parse a valid trade structure from this signal,629
2026-07-29 10:22:58,Account 2,JOSEFINA TRADER0,#XAUUSD BUY NOW 4041  TP 4045 TP 4050 TP 4055 TP 4060  SL 4036 https://t.me/+FJCB0u9B7YszYjBk,N/A,FAILED,Trigger could not parse a valid trade structure from this signal,630
2026-07-29 10:40:29,Account 1,DIL SE TRADER Crypto, New Crypto Trade Alert    Trade Details:  Symbol: BTCUSDT  Trade Type: BUY  Entry Price: 63964.28627  Stop Loss: 62900.0  Target 1: 64300.0  Target 2...,BUY BTCUSDT @ 63964.28627,FAILED,MT5 execution failed — check broker logs,631
2026-07-29 10:41:46,Account 1,DIL SE TRADER Crypto, New Crypto Trade Alert    Trade Details:  Symbol: P-BTC-64600-300726  Trade Type: SELL  Entry Price: 938.61911  Stop Loss: 1200.0  Target 1: 840.0  T...,SELL BTCUSDT @ 938.61911,FAILED,MT5 execution failed — check broker logs,632
2026-07-29 10:45:24,Account 2,GOLD DREAMS TRADER,XAUUSD SELL NOW 4031/4034  TP 4028 TP 4025 TP 4022 TP 4018 TP 4015 TP 4012 TP 4009 TP 4006 TP 4003  SL 4045,SELL GOLD @ 4031,SUCCESS,Trade executed successfully on MT5,633
2026-07-29 10:47:04,Account 1,Binance 360, Futures (Free Signal)   Long  #RLC/USDT  Entry zone : 0.2436 - 0.2512  Take Profits :   0.2524 0.2599 0.2674 0.2749 0.2824  Stop loss :0.233616  Leve...,BUY EURDKK @ None,FAILED,MT5 execution failed — check broker logs,634
2026-07-29 10:47:31,Account 2,Binance 360, Futures (Free Signal)   Long  #RLC/USDT  Entry zone : 0.2436 - 0.2512  Take Profits :   0.2524 0.2599 0.2674 0.2749 0.2824  Stop loss :0.233616  Leve...,BUY EURDKK @ None,FAILED,MT5 execution failed — check broker logs,635
2026-07-29 10:52:19,Account 2,JOSEFINA TRADER0, #XAUUSD SELL NOW 4194   SL :#see in channal   TP: #see in channalhttps://t.me/+a83aqkbVs5BmNDJk https://t.me/+a83aqkbVs5BmNDJk LINK EXPIRE IN 5 MN ,SELL GOLD @ None,SUCCESS,Trade executed successfully on MT5,636
2026-07-29 10:55:09,Account 1,Coin Chief, Trade: #OPEN/USDT  Direction:  Short    Entry Range: 0.1696 - 0.1734   StopLoss: 0.1790   Target 1: 0.1680  Target 2: 0.1664  Target 3: 0.1648  Targe...,SELL USDT @ None,FAILED,MT5 execution failed — check broker logs,637
2026-07-29 10:59:16,Account 2,SureShot GOLD (VIP),XAUUSD BUY 4030.66  SL:  4020.66 TP:  4050.66 --Trade by Jack,BUY GOLD @ 4030.66,FAILED,MT5 execution failed — check broker logs,638
2026-07-29 11:30:06,Account 2,RaSrasanForex, #XAUUSD SELL NOW 4194   SL :#see in channal   TP: #see in channalhttps://t.me/+a83aqkbVs5BmNDJk https://t.me/+a83aqkbVs5BmNDJk LINK EXPIRE IN 5 MN ,N/A,FAILED,Trigger could not parse a valid trade structure from this signal,639
2026-07-29 11:39:38,Account 2,JOSEFINA TRADER0,#XAUUSD / #Gold  CONFIRM ENTRY                   https://t.me/+D2otCBVhNzFlOGE0 https://t.me/+D2otCBVhNzFlOGE0  https://t.me/+VRxdDQxIuKE4MzA0  600+ P...,BUY GOLD @ 4002,FAILED,MT5 execution failed — check broker logs,640
2026-07-29 11:56:13,Account 1,DIL SE TRADER Crypto, New Crypto Trade Alert    Trade Details:  Symbol: P-ETH-1980-300726  Trade Type: SELL  Entry Price: 69.13314  Stop Loss: 90.0  Target 1: 60.0  Target...,N/A,FAILED,Trigger could not parse a valid trade structure from this signal,641
2026-07-29 11:56:22,Account 2,SureShot GOLD (VIP),XAUUSD BUY 4040.7  SL:  4030.7 TP:  4060.7 --Trade by Liam,N/A,FAILED,Trigger could not parse a valid trade structure from this signal,642
2026-07-29 11:58:47,Account 1,King Crypto Scalp [ LIVE ],#ADA/USDT Take-Profit target 1  Profit: 13.4392%  Period: 2 hr 42 min ,BUY ADAUSDT @ None,FAILED,MT5 execution failed — check broker logs,643
2026-07-29 12:02:06,Account 2,JOSEFINA TRADER0,XAUUSD SELL 4043 TP 4040 TP 4037 TP 4034 TP 4031 TP 4028 SL 4053 Use proper money management me,SELL GOLD @ 4043,FAILED,MT5 execution failed — check broker logs,644
2026-07-29 12:12:54,Account 1,Crypto Radar, #Free Signal   Short  Pair: #XMR/USDT   Entry Price:   1) 349.51 2) 359.99   Targets:  1) 347.46 2) 340.08 3) 332.70 4) 325.32  Stop Loss: 371.52  Le...,N/A,FAILED,Trigger could not parse a valid trade structure from this signal,645
2026-07-29 12:17:04,Account 1,King Crypto Scalp [ LIVE ],"Binance Futures, Bitget Futures, ByBit USDT, KuCoin Futures, OKX Futures #CHZ/USDT Closed due to opposite direction signal ",BUY EURSEK @ None,SUCCESS,Trade executed successfully on MT5,646
2026-07-29 12:17:58,Account 1,"Mr.DAVID, XAU/USD CLUB",#XAUUSD SELL 4043...4045  SL: 4053  TP1: 4036 TP2: 4032 TP3: 4028 TP4: 4024 TP5: 4020,SELL GOLD @ None,FAILED,MT5 execution failed — check broker logs,647
2026-07-29 12:21:23,Account 1,Crypto World Updates, #BANK/USDT SIGNAL Type: Regular (LONG)  Leverage: Cross (20X)  Amount: 1%   Entry Targets:  1)  0.1720  2)  0.1670  Take-Profit Targets:  1)  0.1800 ...,BUY EURUSD @ None,FAILED,MT5 execution failed — check broker logs,648
2026-07-29 12:32:13,Account 2,RIAOGOLDFOREX,XAUUSD SELL 4044,SELL GOLD @ 4044,FAILED,MT5 execution failed — check broker logs,649
2026-07-29 12:33:25,Account 2,RIAOGOLDFOREX,XAUUSD SELL 4043  TP 4040 TP 4037 TP 4034 TP 4031 TP 4028 TP 4025  SL 4054,SELL GOLD @ 4043,FAILED,MT5 execution failed — check broker logs,650
2026-07-29 12:44:55,Account 2,JOSEFINA TRADER0, #XAUUSD  LIVE TRADE NOW    XAUUSD  US30 NAS100 GBPUSD  EURUSD  GBPJPY   ALL SIGNALS AVAILABLE ,BUY GOLD @ None,FAILED,MT5 execution failed — check broker logs,651
2026-07-29 12:45:41,Account 2,SureShot GOLD (VIP),XAUUSD SELL 4045.94  SL:  4055.94 TP:  4025.94 --Trade by Matthew,SELL GOLD @ 4045.94,FAILED,MT5 execution failed — check broker logs,652
2026-07-29 12:59:05,Account 2,Sureshot FX 🎯,GBPAUD BUY 1.9129  SL:  1.9079 TP:  1.9279 --Trade by David,N/A,FAILED,Trigger could not parse a valid trade structure from this signal,653
2026-07-29 13:01:58,Account 1,King Crypto Scalp [ LIVE ],#ENJ/USDT Take-Profit target 5  Profit: 39.2465%  Period: 5 hr 53 min ,BUY LIMIT ENJUSDT @ None,FAILED,MT5 execution failed — check broker logs,654
2026-07-29 13:02:14,Account 1,King Crypto Scalp [ LIVE ],#APE/USDT Take-Profit target 4  Profit: 29.8257%  Period: 1 day 7 hr ,BUY LIMIT APEUSDT @ None,FAILED,MT5 execution failed — check broker logs,655
2026-07-29 13:09:55,Account 2,Max Leverage,zona buy 4039-4037 sl 4035.000,N/A,FAILED,Trigger could not parse a valid trade structure from this signal,656
2026-07-29 13:10:06,Account 1,Max Leverage,zona buy 4039-4037 sl 4035.000,BUY EURDKK @ 4039,REJECTED,Price sanity fail: entry 4039 is 53916.1% from live 7.47740,657
2026-07-29 13:44:17,Account 2,CULERSFOREX™,GOLD SELL 4047/4050  TP 4043 TP 4039 TP 4035 TP 4031 TP 4027 TP 4023 TP 4019 TP 4015 SL 4061 https://t.me/+FJCB0u9B7YszYjBk,N/A,FAILED,Trigger could not parse a valid trade structure from this signal,658
2026-07-29 14:00:05,Account 2,CULERSFOREX™,XAUUSD  CONFiRM ENTRY  XAUUSD (gold)  I will delete the link after two minutes  https://t.me/+b_i399p3S2llY2Q8 https://t.me/+uGMBlbVptgc3M2E0   600+ P...,N/A,FAILED,Trigger could not parse a valid trade structure from this signal,659
2026-07-29 14:09:10,Account 1,Crypto World Updates, #COTI/USDT SIGNAL Type: Regular (LONG)  Leverage: Cross (50X)  Amount: 1%   Entry Targets:  1)  0.01380  2)  0.01340  Take-Profit Targets:  1)  0.014...,N/A,FAILED,Trigger could not parse a valid trade structure from this signal,660
2026-07-29 14:43:48,Account 1,Crypto World Updates, #BANK/USDT  SIGNAL Type: Regular (SHORT)  Leverage: Cross (50X)  Amount: 1%   Entry Targets:  1)  0.1648  2)  0.1698  Take-Profit Targets:  1) 0.1580...,BUY EURUSD @ None,FAILED,MT5 execution failed — check broker logs,661
2026-07-29 14:44:44,Account 1,Crypto World Updates, #ON/USDT  SIGNAL Type: Regular (SHORT)  Leverage: Cross (50X)  Amount: 1%   Entry Targets:  1)  0.2325  2)  0.2395  Take-Profit Targets:  1) 0.2240  ...,BUY EURUSD @ None,FAILED,MT5 execution failed — check broker logs,662
2026-07-29 14:46:05,Account 2,GOLD DREAMS TRADER,XAUUSD SELL NOW 4036/4039  TP 4033 TP 4030 TP 4027 TP 4024 TP 4021 TP 4018 TP 4015 TP 4012 TP 4009  SL 4065,SELL GOLD @ 4036,FAILED,MT5 execution failed — check broker logs,663
2026-07-29 14:50:25,Account 1,Crypto World Updates,On sl 15m candle closing above 0.2465 Bank sl 15m candle closing above 0.1760,SELL EURUSD @ None,FAILED,MT5 execution failed — check broker logs,664
2026-07-29 14:57:52,Account 1,Crypto World Updates,Coti super gem set tp 1 0.01400,BUY GOLD @ None,FAILED,MT5 execution failed — check broker logs,665
2026-07-29 15:02:32,Account 1,Crypto World Updates,Long coti 0.01540 50x super gem   Tp 1 0.01600,BUY GOLD @ 4002,FAILED,MT5 execution failed — check broker logs,666
2026-07-29 15:21:47,Account 2,RaSrasanForex,XAUUSD sell 4035 TP 4030 TP 4025 TP 4020 SL Confirm here https://t.me/+mlSAXeLfsiBlYzFk https://t.me/+mlSAXeLfsiBlYzFk Delete after 5 minutes,SELL GOLD @ 4035,FAILED,MT5 execution failed — check broker logs,667
2026-07-29 15:36:10,Account 2,JOSEFINA TRADER0,#XAUUSD BUY NOW 4041  TP 4045 TP 4050 TP 4055 TP 4060  SL 4036 https://t.me/+FJCB0u9B7YszYjBk,BUY GOLD @ 4041,FAILED,MT5 execution failed — check broker logs,668
2026-07-29 15:41:31,Account 2,RaSrasanForex,GOLD SELL 4084  TP 4077 TP 4074 TP 4070 TP 4066  SL  4095 https://t.me/XAUUSDPIPSPROFIT80 https://t.me/+4Ov5gvYKoDY5NTQ0  Join,SELL GOLD @ 4084,FAILED,MT5 execution failed — check broker logs,669
2026-07-29 15:42:28,Account 2,RaSrasanForex, XAUUSD Sell 4090  TP 4087  TP 4084 TP 4081  TP 4078 TP 4075  SL 4101 https://t.me/+pPYHhVTPO1Y2ZDE0,SELL GOLD @ 4090,FAILED,MT5 execution failed — check broker logs,670
2026-07-29 15:48:51,Account 2,RaSrasanForex,GOLD SELL 4084  TP 4077 TP 4074 TP 4070 TP 4066  SL  4095 https://t.me/XAUUSDPIPSPROFIT80 https://t.me/+gney0eRPqRU1M2I8  Join,SELL GOLD @ 4084,FAILED,MT5 execution failed — check broker logs,671
2026-07-29 16:12:18,Account 1,Crypto World Updates, #AKE/USDT SIGNAL Type: Regular (LONG)  Leverage: Cross (50X)  Amount: 1%   Entry Targets:  1)  0.003800  2)  0.003700  Take-Profit Targets:  1)  0.00...,N/A,FAILED,Trigger could not parse a valid trade structure from this signal,672
2026-07-29 16:17:02,Account 1,Crypto Radar, #Free Signal   Short  Pair: #TRX/USDT   Entry Price:   1) 0.32632 2) 0.33610   Targets:  1) 0.32440 2) 0.31752 3) 0.31063 4) 0.30374  Stop Loss: 0.34...,BUY TRXUSDT @ 0.32632,FAILED,MT5 execution failed — check broker logs,673
2026-07-29 16:30:31,Account 2,Sureshot FX VIP,CHFJPY BUY 199.6  SL:  199.1 TP:  201.1 --Trade by Lucas,N/A,FAILED,Trigger could not parse a valid trade structure from this signal,674
2026-07-29 16:47:42,Account 2,JOSEFINA TRADER0,GOLD SELL 4047/4050  TP 4043 TP 4039 TP 4035 TP 4031 TP 4027 TP 4023 TP 4019 TP 4015 SL 4061 https://t.me/+FJCB0u9B7YszYjBk,N/A,FAILED,Trigger could not parse a valid trade structure from this signal,675
2026-07-29 17:04:31,Account 2,RaSrasanForex, XAUUSD Sell 4090  TP 4087  TP 4084 TP 4081  TP 4078 TP 4075  SL 4101 https://t.me/+pPYHhVTPO1Y2ZDE0,SELL GOLD @ 4090,FAILED,MT5 execution failed — check broker logs,676
2026-07-29 17:12:50,Account 1,Crypto World Updates,Long on 0.2700 50x 7%  Tp 1 0.2780,BUY GOLD @ 4002,FAILED,MT5 execution failed — check broker logs,677
2026-07-29 17:15:51,Account 1,Crypto World Updates,Ake tp 1 now 0.003880,BUY GOLD @ 4002,FAILED,MT5 execution failed — check broker logs,678
2026-07-29 17:16:43,Account 1,Crypto World Updates,Ake tp 3 now 0.004200,BUY LIMIT AKEUSDT @ None,FAILED,MT5 execution failed — check broker logs,679
2026-07-29 17:19:39,Account 2,JOSEFINA TRADER0,XAUUSD BUY 4031,BUY GOLD @ 4031,FAILED,MT5 execution failed — check broker logs,680
2026-07-29 17:21:40,Account 2,RaSrasanForex, XAUUSD Sell 4090  TP 4087  TP 4084 TP 4081  TP 4078 TP 4075  SL 4101 https://t.me/+pPYHhVTPO1Y2ZDE0,SELL GOLD @ 4090,FAILED,MT5 execution failed — check broker logs,681
2026-07-29 17:22:14,Account 2,JOSEFINA TRADER0,XAUUSD BUY 4031 TP 4034 TP 4037 TP 4040 TP 4043 TP 4046 SL 4020 Use proper money management me,BUY GOLD @ 4031,FAILED,MT5 execution failed — check broker logs,682
2026-07-29 17:22:52,Account 2,RaSrasanForex,#XAUUSD BUY NOW 4041  TP 4045 TP 4050 TP 4055 TP 4060  SL 4036 https://t.me/+FJCB0u9B7YszYjBk,BUY GOLD @ 4041,FAILED,MT5 execution failed — check broker logs,683
2026-07-29 17:24:26,Account 1,DIL SE TRADER Crypto, New Crypto Trade Alert    Trade Details:  Symbol: BTCUSDT  Trade Type: BUY  Entry Price: 64449.06867  Stop Loss: 63500.0  Target 1: 64800.0  Target 2...,BUY BTCUSDT @ 64449.06867,FAILED,MT5 execution failed — check broker logs,684
2026-07-29 17:26:16,Account 1,DIL SE TRADER Crypto, New Crypto Trade Alert    Trade Details:  Symbol: ETHUSDT  Trade Type: BUY  Entry Price: 1913.40729  Stop Loss: 1890.0  Target 1: 1923.0  Target 2: 1...,BUY ETHUSDT @ 1913.40729,FAILED,MT5 execution failed — check broker logs,685
2026-07-29 17:27:14,Account 1,DIL SE TRADER Crypto, New Crypto Trade Alert    Trade Details:  Symbol: P-BTC-65200-300726  Trade Type: SELL  Entry Price: 952.96678  Stop Loss: 1200.0  Target 1: 860.0  T...,SELL BTCUSDT @ 952.96678,FAILED,MT5 execution failed — check broker logs,686
2026-07-29 17:28:26,Account 1,DIL SE TRADER Crypto, New Crypto Trade Alert    Trade Details:  Symbol: P-ETH-2000-300726  Trade Type: SELL  Entry Price: 85.86076  Stop Loss: 110.0  Target 1: 75.0  Targe...,SELL P-ETH-2000-300726 @ 85.86076,FAILED,MT5 execution failed — check broker logs,687
2026-07-29 17:34:23,Account 2,Sureshot FX VIP,AUDCAD BUY 0.979  SL:  0.974 TP:  0.994 --Trade by Lucas,BUY AUDUSD @ None,SUCCESS,Trade executed successfully on MT5,688
2026-07-29 17:38:03,Account 2,Sureshot FX 🎯,New York session is open.   AUDCAD broke down through repeated structure levels after rejecting from 0.9880  expected move is continuation lower towar...,BUY EURUSD @ None,FAILED,MT5 execution failed — check broker logs,689
2026-07-29 17:38:53,Account 1,Crypto World Updates, #AKE/USDT SIGNAL Type: Regular (LONG)  Leverage: Cross (50X)  Amount: 1%   Entry Targets:  1)  0.004060  2)  0.003960  Take-Profit Targets:  1)  0.00...,BUY AKEUSDT @ 0.00406,FAILED,MT5 execution failed — check broker logs,690
2026-07-29 17:39:11,Account 2,Binance Killers® VIP,SIGNAL ID: #2157 COIN: $UNI/USDT (2-5x) Direction: LONG  Target 1: 2.575 Target 2: 2.675 Target 3: 2.800 Target 4: 2.950 Target 5: 3.100 Target 6: 3.3...,N/A,FAILED,Trigger could not parse a valid trade structure from this signal,691
2026-07-29 17:39:32,Account 1,Binance Killers® VIP,SIGNAL ID: #2157 COIN: $UNI/USDT (2-5x) Direction: LONG  Target 1: 2.575 Target 2: 2.675 Target 3: 2.800 Target 4: 2.950 Target 5: 3.100 Target 6: 3.3...,BUY UNIUSDT @ None,FAILED,MT5 execution failed — check broker logs,692
2026-07-29 17:49:20,Account 1,King Crypto Scalp [ LIVE ],#SFP/USDT Stop Target Hit  Loss: 112.307% ,N/A,FAILED,Trigger could not parse a valid trade structure from this signal,693
2026-07-29 17:49:22,Account 1,King Crypto Scalp [ LIVE ],#CHZ/USDT Take-Profit target 1  Profit: 14.8148%  Period: 5 hr 32 min ,N/A,FAILED,Trigger could not parse a valid trade structure from this signal,694
2026-07-29 17:54:55,Account 1,Crypto World Updates, #BANK/USDT SIGNAL Type: Regular (LONG)  Leverage: Cross (50X)  Amount: 1%   Entry Targets:  1)  0.1810  2)  0.1760  Take-Profit Targets:  1)  0.1880 ...,BUY EURSEK @ None,FAILED,MT5 execution failed — check broker logs,695
2026-07-29 18:03:52,Account 2,RaSrasanForex,GOLD BUY 4029  TP 4032 TP 4035 TP 4038 TP 4041 TP 4044 TP 4050   SL_4019 VIP GROUP OPEN for 3 minu https://t.me/+XRxui-KM1sQ0NDk8,BUY GOLD @ 4029,FAILED,MT5 execution failed — check broker logs,696
2026-07-29 18:08:48,Account 2,CULERSFOREX™,GOLD BUY 4131  TP 4134  TP 4137  TP 4140  TP 4143  TP 4146  TP 4149  SL 4121,BUY GOLD @ 4131,FAILED,MT5 execution failed — check broker logs,697
2026-07-29 18:09:33,Account 1,Crypto World Updates, #ON/USDT SIGNAL Type: Regular (LONG)  Leverage: Cross (50X)  Amount: 1%   Entry Targets:  1)  0.2880  2)  0.2800  Take-Profit Targets:  1)  0.2980  2...,BUY EURUSD @ None,FAILED,MT5 execution failed — check broker logs,698
2026-07-29 18:10:20,Account 2,CULERSFOREX™,GOLD BUY 4020  TP 4023  TP 4026  TP 4029  TP 4032  TP 4035  TP 4038  SL 4130,BUY GOLD @ 4020,FAILED,MT5 execution failed — check broker logs,699
2026-07-29 18:11:48,Account 2,RaSrasanForex,XAUUSD BUY 4018/4015,BUY GOLD @ 4015,FAILED,MT5 execution failed — check broker logs,700
2026-07-29 18:12:05,Account 2,RaSrasanForex,XAUUSD BUY4018/4015  TP 4021 TP 4024 TP 4027 TP 4030 TP 4033  SL 4005,N/A,FAILED,Trigger could not parse a valid trade structure from this signal,701
2026-07-29 18:24:26,Account 1,DUBAI CAPITAL FX GROUP 3,GOLD SELL 4034_4037  SL_ 4047  TP 4031 TP 4028 TP 4025 TP 4024 TP 4021 TP 4018 TP 4015 TP 4012 TP 4009  FOLLOW MONEY MANAGEMENT,SELL GOLD @ 4034,FAILED,MT5 execution failed — check broker logs,702
2026-07-29 18:26:09,Account 2,JOSEFINA TRADER0,XAUUSD BUY 4020,BUY GOLD @ 4020,FAILED,MT5 execution failed — check broker logs,703
2026-07-29 18:27:37,Account 1,Crypto World Updates,Bank sl 15m candle closing below 0.1700,N/A,FAILED,Trigger could not parse a valid trade structure from this signal,704
2026-07-29 18:28:08,Account 2,JOSEFINA TRADER0,XAUUSD BUY 4020 TP 4023 TP 4026 TP 4029 TP 4032 TP 4035 SL 4010 Use proper money management me,N/A,FAILED,Trigger could not parse a valid trade structure from this signal,705
2026-07-29 18:29:21,Account 1,Crypto World Updates,Long on 0.3040 50x  Tp 1 0.3140,BUY GOLD @ 4002,FAILED,MT5 execution failed — check broker logs,706
2026-07-29 18:35:30,Account 1,Crypto World Updates,On tp 1 now 0.3100,BUY GOLD @ 4002,FAILED,MT5 execution failed — check broker logs,707
2026-07-29 18:44:11,Account 2,GOLD Scalper,XAUUSD BUY 4016-14  TP 1 : 4021 TP 2 : 4026 TP 3 : 4031 TP 4 : 4051  SL : 4000,N/A,FAILED,Trigger could not parse a valid trade structure from this signal,708
2026-07-29 18:50:50,Account 2,RIAOGOLDFOREX,XAUUSD gold 4017 I will delete the link After two minutes   https://t.me/+07hexSsJssRhZWE0 https://t.me/+07hexSsJssRhZWE0   600+ PIPS TARGET ,BUY GOLD @ 4017,FAILED,MT5 execution failed — check broker logs,709
2026-07-29 18:58:30,Account 2,RIAOGOLDFOREX,XAUUSD gold 4020 I will delete the link After two minutes   https://t.me/+07hexSsJssRhZWE0 https://t.me/+07hexSsJssRhZWE0   600+ PIPS TARGET ,BUY GOLD @ 4020,FAILED,MT5 execution failed — check broker logs,710
2026-07-29 19:02:52,Account 2,Sureshot FX VIP,USDJPY SELL 163.74  SL:  164.24 TP:  162.24 --Trade by Jack,SELL USDJPY @ None,SUCCESS,Trade executed successfully on MT5,711
2026-07-29 19:11:31,Account 2,RIAOGOLDFOREX,XAUUSD gold 4015 I will delete the link After two minutes   https://t.me/+07hexSsJssRhZWE0 https://t.me/+07hexSsJssRhZWE0   600+ PIPS TARGET ,BUY GOLD @ 4015,FAILED,MT5 execution failed — check broker logs,712
2026-07-29 19:18:53,Account 1,Crypto World Updates, #AKE/USDT SIGNAL Type: Regular (LONG)  Leverage: Cross (50X)  Amount: 1%   Entry Targets:  1)  0.004200  2)  0.004075  Take-Profit Targets:  1)  0.00...,BUY AKEUSDT @ 0.0042,FAILED,MT5 execution failed — check broker logs,713
2026-07-29 19:19:13,Account 1,Crypto World Updates, #ON/USDT SIGNAL Type: Regular (LONG)  Leverage: Cross (50X)  Amount: 1%   Entry Targets:  1)  0.3100  2)  0.3010  Take-Profit Targets:  1)  0.3200  2...,N/A,FAILED,Trigger could not parse a valid trade structure from this signal,714
2026-07-29 19:24:28,Account 2,RIAOGOLDFOREX,XAUUSD SELL 4023  TP 4015 TP 4005 TP 3990  Confirm SL  https://t.me/+0P52v94mICI1YWNk https://t.me/+uwn9dsQ-dXAwYjY8  Confirm Entry,SELL GOLD @ 4023,FAILED,MT5 execution failed — check broker logs,715
2026-07-29 19:31:35,Account 1,Crypto Radar, #Free Signal   Long  Pair: #XRP/USDT   Entry Price:   1) 1.0753 2) 1.0430   Targets:  1) 1.0814 2) 1.1039 3) 1.1264 4) 1.1488  Stop Loss: 1.0075  Lev...,BUY XRPUSDT @ 1.043,FAILED,MT5 execution failed — check broker logs,716
2026-07-29 19:34:32,Account 1,Crypto World Updates,On sl 15m candle closing below 0.2900,SELL EURUSD @ None,FAILED,MT5 execution failed — check broker logs,717
2026-07-29 19:36:47,Account 1,XAUUSD ACCURATE SiGNALS,Gold buy 4001/3995   Sl 3992  Tp 4015  Tp 4025 Tp 4035 Tp 40 45/4055) 4065/4075/oon  @proazam,BUY GOLD @ 4001,FAILED,MT5 execution failed — check broker logs,718
2026-07-29 19:37:10,Account 2,RIAOGOLDFOREX,XAUUSD SELL 4006,SELL GOLD @ 4006,FAILED,MT5 execution failed — check broker logs,719
2026-07-29 19:38:18,Account 2,RIAOGOLDFOREX,XAUUSD SELL 4006  TP 4003 TP 4000 TP 3997 TP 3994 TP 3991 TP 3988  SL 4016,SELL GOLD @ 4006,FAILED,MT5 execution failed — check broker logs,720
2026-07-29 19:38:45,Account 1,Crypto World Updates,On sl 15m candle closing below 0.2900,SELL EURUSD @ None,FAILED,MT5 execution failed — check broker logs,721
2026-07-29 20:17:33,Account 1,King Crypto Scalp [ LIVE ],#APE/USDT Take-Profit target 5  Profit: 39.9464%  Period: 1 day 14 hr ,N/A,FAILED,Trigger could not parse a valid trade structure from this signal,722
2026-07-29 20:23:47,Account 2,Sureshot FX VIP,EURAUD BUY 1.6428  SL:  1.6378 TP:  1.6578 --Trade by David,BUY EURAUD @ 1.6428,SUCCESS,Trade executed successfully on MT5,723
2026-07-29 20:54:21,Account 2,Sureshot FX VIP,AUDJPY SELL 113.49  SL:  113.99 TP:  111.99 --Trade by David,N/A,FAILED,Trigger could not parse a valid trade structure from this signal,724
2026-07-29 20:55:44,Account 1,DUBAI CAPITAL FX GROUP 3,BTCUSD SELL 64200,SELL BTCUSDT @ 64200,FAILED,MT5 execution failed — check broker logs,725
2026-07-29 20:56:04,Account 1,DUBAI CAPITAL FX GROUP 3,BTCUSD SELL 64200_64400  SL_ 65000  TP 64000 TP 63900 TP 63800 TP 63700 TP 63600 TP 63500  FOLLOW MONEY MANAGEMENT,SELL BTCUSDT @ None,FAILED,MT5 execution failed — check broker logs,726
2026-07-29 21:02:54,Account 1,Binance 360,#COTI/USDT Reached 0.0168620  Enjoy with premium signals     446.4% Profit  ,N/A,FAILED,Trigger could not parse a valid trade structure from this signal,727
2026-07-29 21:03:01,Account 2,Binance 360,#COTI/USDT Reached 0.0168620  Enjoy with premium signals     446.4% Profit  ,N/A,FAILED,Trigger could not parse a valid trade structure from this signal,728
2026-07-29 21:42:59,Account 1,Crypto World Updates,Coti set tp 1 0.01800 Btw set tp 1 0.09850,BUY GOLD @ 4002,SUCCESS,Trade executed successfully on MT5,729
2026-07-29 21:47:15,Account 1,Crypto World Updates, #BTW/USDT SIGNAL Type: Regular (LONG)  Leverage: Cross (50X)  Amount: 1%   Entry Targets:  1)  0.09500  2)  0.09230  Take-Profit Targets:  1)  0.0980...,BUY DOGEUSDT @ 0.095,FAILED,MT5 execution failed — check broker logs,730
2026-07-29 21:47:23,Account 1,Crypto World Updates, #COTI/USDT SIGNAL Type: Regular (LONG)  Leverage: Cross (50X)  Amount: 1%   Entry Targets:  1)  0.01730  2)  0.01680  Take-Profit Targets:  1)  0.018...,N/A,FAILED,Trigger could not parse a valid trade structure from this signal,731
2026-07-29 21:50:53,Account 1,Crypto World Updates,Coti sl 15m candle closing below 0.01620 Btw sl 15m candle closing below 0.08880,SELL EURUSD @ None,FAILED,MT5 execution failed — check broker logs,732
2026-07-29 21:56:29,Account 1,XAUUSD ACCURATE SiGNALS,UK oil BE tp 2 buy 750+ PP,BUY GOLD @ None,SUCCESS,Trade executed successfully on MT5,733
2026-07-29 21:56:45,Account 1,XAUUSD ACCURATE SiGNALS,BTC again 90+ PP,BUY BTCUSDT @ None,FAILED,MT5 execution failed — check broker logs,734
2026-07-29 22:06:04,Account 1,Crypto Radar, #Free Signal   Long  Pair: #BAND/USDT   Entry Price:   1) 0.1443 2) 0.1399   Targets:  1) 0.1451 2) 0.1481 3) 0.1511 4) 0.1541  Stop Loss: 0.1352  Le...,BUY BAND/USDT @ 0.1399,FAILED,MT5 execution failed — check broker logs,735
2026-07-29 22:20:18,Account 1,Crypto World Updates, #COTI/USDT SIGNAL Type: Regular (LONG)  Leverage: Cross (50X)  Amount: 1%   Entry Targets:  1)  0.01710  2)  0.01660  Take-Profit Targets:  1)  0.018...,N/A,FAILED,Trigger could not parse a valid trade structure from this signal,736
2026-07-29 22:22:07,Account 1,Crypto World Updates,Coti sl 15m candle closing below 0.01610,SELL EURUSD @ None,FAILED,MT5 execution failed — check broker logs,737
2026-07-29 22:47:29,Account 1,King Crypto Scalp [ LIVE ],#CHZ/USDT Take-Profit target 3  Profit: 34.5679%  Period: 10 hr 20 min ,N/A,FAILED,Trigger could not parse a valid trade structure from this signal,738
2026-07-29 23:06:52,Account 2,Forex Trading Tips," AI SIGNALS ON FIRE  +470 PIPS BEFORE FOMC    AI Sell 4,0264,030 | TP  +110 PIPS  AI Buy 3,9943,999 | TP  +360 PIPS   TOTAL: +470 PIPS  Sold the top. ...",N/A,FAILED,Trigger could not parse a valid trade structure from this signal,739
2026-07-29 23:15:53,Account 2,GOLD DREAMS TRADER,XAUUSD SELL NOW 4047/4050  TP 4044 TP 4041 TP 4038 TP 4035 TP 4032 TP 4029 TP 4026 TP 4023 TP 4020  SL 4065,N/A,FAILED,Trigger could not parse a valid trade structure from this signal,740
2026-07-29 23:23:05,Account 2,GOLD Trader Dan,XAUUSD SMASHING 440 PIPS ,BUY GOLD @ None,SUCCESS,Trade executed successfully on MT5,741
2026-07-29 23:32:21,Account 1,King Crypto Scalp [ LIVE ],#ADA/USDT Take-Profit target 2  Profit: 19.548%  Period: 14 hr 15 min ,BUY ADAUSDT @ None,FAILED,MT5 execution failed — check broker logs,742
2026-07-29 23:34:16,Account 1,Crypto Radar, VIP Signal   Long  Pair: #ETH/USDT   Entry Price:   1) 1902.86 2) 1845.77   Targets:  1) 1913.78 2) 1953.54 3) 1993.29 4) 2033.04  Stop Loss: 1782.97...,BUY ETHUSDT @ 1902.86,FAILED,MT5 execution failed — check broker logs,743
2026-07-29 23:34:24,Account 1,Crypto Radar,Rapid Call   Private Entry: ETH/USDT +91%,N/A,FAILED,Trigger could not parse a valid trade structure from this signal,744
2026-07-29 23:35:16,Account 2,GOLD DREAMS TRADER,XAUUSD SELL4085-88  TP 4081 TP 4077 TP 4073 TP 4069 TP 4065 TP 4061 TP 4059 TP 4055 SL 4098#FOMC_Call,SELL GOLD @ None,SUCCESS,Trade executed successfully on MT5,745
2026-07-29 23:52:34,Account 2,Binance 360, Futures (Free Signal)   SHORT  #COMP/USDT  Entry zone : 17.02 - 16.53  Take Profits :   16.44 15.94 15.44 14.95 14.45  Stop loss :17.6871  Leverage: ...,N/A,FAILED,Trigger could not parse a valid trade structure from this signal,746
2026-07-29 23:52:58,Account 1,Binance 360, Futures (Free Signal)   SHORT  #COMP/USDT  Entry zone : 17.02 - 16.53  Take Profits :   16.44 15.94 15.44 14.95 14.45  Stop loss :17.6871  Leverage: ...,BUY EURDKK @ None,FAILED,MT5 execution failed — check broker logs,747
2026-07-30 00:11:30,Account 2,Sureshot FX VIP,GBPJPY SELL 218.05  SL:  218.55 TP:  216.55 --Trade by David,N/A,FAILED,Trigger could not parse a valid trade structure from this signal,748
2026-07-30 00:17:37,Account 1,King Crypto Scalp [ LIVE ],PAIR: GALAUSDT  TYPE: LONG LEVERAGE: Cross 20x   Entry Targets: 1) 0.001818 2) 0.0017 (DCA)  Take-Profit Targets: 0.0018 - 0.0018 - 0.0018 - 0.0019 - ...,BUY GALAUSDT @ None,FAILED,MT5 execution failed — check broker logs,749
2026-07-30 00:20:07,Account 1,King Crypto Scalp [ LIVE ],#ADA/USDT Take-Profit target 3  Profit: 29.7292%  Period: 15 hr 4 min ,BUY ADAUSDT @ None,FAILED,MT5 execution failed — check broker logs,750
2026-07-30 00:50:42,Account 2,Sureshot FX VIP,NZDCAD SELL 0.8168  SL:  0.8218 TP:  0.8018 --Trade by Flynn,N/A,FAILED,Trigger could not parse a valid trade structure from this signal,751
2026-07-30 01:18:43,Account 1,King Crypto Scalp [ LIVE ],#APE/USDT Take-Profit target 6  Profit: 53.3959%  Period: 1 day 19 hr ,N/A,FAILED,Trigger could not parse a valid trade structure from this signal,752
2026-07-30 01:23:11,Account 1,DUBAI CAPITAL FX GROUP 3,#BTCUSD   TARGET SMASHED! All TPs Hit!  Hit Our last 63500 setup hit its final Take Profit target with absolute precision!        ,SELL EURUSD @ None,SUCCESS,Trade executed successfully on MT5,753
2026-07-30 01:26:06,Account 2,GOLD Snipers,ROUND 4 FOMC / TPS HIT 980+ pips ,BUY EURUSD @ None,FAILED,MT5 execution failed — check broker logs,754
2026-07-30 01:32:11,Account 1,King Crypto Scalp [ LIVE ],#CHZ/USDT Take-Profit target 4  Profit: 44.4444%  Period: 13 hr 2 min ,BUY LIMIT CHZUSDT @ None,FAILED,MT5 execution failed — check broker logs,755
2026-07-30 01:45:53,Account 2,Forex Trading Tips,"AI SIGNALS RECAP  -  July 29, 2026   SELL 4,0264,030 + 110 PIPS  BUY 3,9943,999  + 360 PIPS   Vantage |Exness |FxPro | VTMarkets  Contact Admin  MyFxB...",N/A,FAILED,Trigger could not parse a valid trade structure from this signal,756
2026-07-30 01:59:05,Account 1,King Crypto Scalp [ LIVE ],#SAND/USDT Take-Profit target 7  Profit: 70.9119%  Period: 2 days 2 hr ,N/A,FAILED,Trigger could not parse a valid trade structure from this signal,757
2026-07-30 01:59:06,Account 1,King Crypto Scalp [ LIVE ],#LDO/USDT Take-Profit target 5  Profit: 57.9695%  Period: 1 day 3 hr ,BUY EURUSD @ None,FAILED,MT5 execution failed — check broker logs,758
2026-07-30 02:00:35,Account 2,Forex Trading Tips,"DAILY REPORT  -  July 29, 2026   SELL LIMIT 4039  + 30 PIPS  SELL LIMIT 4043  + 400 PIPS  SELL LIMIT 4030  - 50 PIPS  BUY LIMIT 3998  + 100 PIPS   Van...",SELL LIMIT EURUSD @ None,FAILED,MT5 execution failed — check broker logs,759
2026-07-30 03:02:33,Account 1,King Crypto Scalp [ LIVE ],#KAVA/USDT Stop Target Hit  Loss: 80.8193% ,N/A,FAILED,Trigger could not parse a valid trade structure from this signal,760
2026-07-30 04:48:02,Account 1,King Crypto Scalp [ LIVE ],#BTC/USDT Entry 1  Average Entry Price: 63942.5 ,N/A,FAILED,Trigger could not parse a valid trade structure from this signal,761
2026-07-30 05:31:26,Account 2,Early Pump Detector,"2 ~    DAILY REPORT  2026-07-30 (UTC)    Last 24 Hours  Wins:        1  Losses:      0  Breakeven:   0  Win Rate:    100.0%  24h P&L:     +$21,969.00 ...",N/A,FAILED,Trigger could not parse a valid trade structure from this signal,762
2026-07-30 05:41:02,Account 1,Crypto World Updates, #COTI/USDT SIGNAL Type: Regular (LONG)  Leverage: Cross (50X)  Amount: 1%   Entry Targets:  1)  0.01800  2)  0.01750  Take-Profit Targets:  1)  0.018...,N/A,FAILED,Trigger could not parse a valid trade structure from this signal,763
2026-07-30 05:41:41,Account 2,Sureshot FX 🎯,EURJPY SELL 187.16  SL:  187.66 TP:  185.66 --Trade by Lucas,SELL EURJPY @ None,SUCCESS,Trade executed successfully on MT5,764
2026-07-30 06:16:19,Account 1,Crypto World Updates, #UAI/USDT SIGNAL Type: Regular (LONG)  Leverage: Cross (50X)  Amount: 1%   Entry Targets:  1)  0.4800  2)  0.4650  Take-Profit Targets:  1)  0.5000  ...,N/A,FAILED,Trigger could not parse a valid trade structure from this signal,765
2026-07-30 06:55:48,Account 2,Sureshot FX VIP,NZDCAD SELL 0.815  SL:  0.82 TP:  0.8 --Trade by Flynn,N/A,FAILED,Trigger could not parse a valid trade structure from this signal,766
2026-07-30 07:09:09,Account 1,Crypto World Updates, #UAI/USDT SIGNAL Type: Regular (LONG)  Leverage: Cross (50X)  Amount: 1%   Entry Targets:  1)  0.4700  2)  0.4550  Take-Profit Targets:  1)  0.4950  ...,N/A,FAILED,Trigger could not parse a valid trade structure from this signal,767
2026-07-30 07:15:54,Account 1,Crypto World Updates, #COTI/USDT SIGNAL Type: Regular (LONG)  Leverage: Cross (50X)  Amount: 1%   Entry Targets:  1)  0.01900  2)  0.01850  Take-Profit Targets:  1)  0.019...,BUY COTIUSDT @ 0.019,FAILED,MT5 execution failed — check broker logs,768
2026-07-30 07:16:22,Account 2,👑Market Trader Crypto Forex👑,GBPNZD Book 100% Profit .,BUY GBPNZD @ None,SUCCESS,Trade executed successfully on MT5,769
2026-07-30 07:34:00,Account 2,Sureshot FX VIP,NZDCAD SELL 0.8155  SL:  0.8205 TP:  0.8005 --Trade by Flynn,N/A,FAILED,Trigger could not parse a valid trade structure from this signal,770
2026-07-30 07:47:37,Account 1,Crypto World Updates, #BAS/USDT    LEVERAGE : 10X - 20X    Target   https://t.me/+vnjwlue_hPg4NWU1,N/A,FAILED,Trigger could not parse a valid trade structure from this signal,771
2026-07-30 07:47:43,Account 2,SureShot GOLD (VIP),XAUUSD BUY LIMIT 4077  SL:  4067.0 TP:  4097.0 --Trade by Grace,N/A,FAILED,Trigger could not parse a valid trade structure from this signal,772
2026-07-30 08:05:05,Account 1,Crypto World Updates, #BANK/USDT SIGNAL Type: Regular (LONG)  Leverage: Cross (50X)  Amount: 1%   Entry Targets:  1)  0.1950  2)  0.1890  Take-Profit Targets:  1)  0.2050 ...,N/A,FAILED,Trigger could not parse a valid trade structure from this signal,773
2026-07-30 08:13:19,Account 1,Binance Killers® VIP,SIGNAL ID: #2194 COIN: $JUP/USDT (2-5x)   Direction: LONG  ENTRY: 0.1880 - 0.1900  TARGETS: 0.1990  0.2080  0.2180 - 0.2300 - 0.2450 - 0.2600 - 0.2800...,N/A,FAILED,Trigger could not parse a valid trade structure from this signal,774
2026-07-30 08:13:24,Account 2,Binance Killers® VIP,SIGNAL ID: #2194 COIN: $JUP/USDT (2-5x)   Direction: LONG  ENTRY: 0.1880 - 0.1900  TARGETS: 0.1990  0.2080  0.2180 - 0.2300 - 0.2450 - 0.2600 - 0.2800...,N/A,FAILED,Trigger could not parse a valid trade structure from this signal,775
2026-07-30 08:14:51,Account 1,Crypto World Updates, #BANK/USDT SIGNAL Type: Regular (LONG)  Leverage: Cross (50X)  Amount: 1%   Entry Targets:  1)  0.1980  2)  0.1830  Take-Profit Targets:  1)  0.2080 ...,BUY EURUSD @ None,FAILED,MT5 execution failed — check broker logs,776
2026-07-30 08:33:03,Account 2,SureShot GOLD (VIP),XAUUSD SELL LIMIT 4070  SL:  4080.0 TP:  4050.0 --Trade by Grace,SELL LIMIT GOLD @ 4070,SUCCESS,Trade executed successfully on MT5,777
2026-07-30 09:01:20,Account 1,Coin Chief, Trade: #CHR/USDT  Direction:  LONG    Entry Range: 0.01255 - 0.01220   StopLoss: 0.01190   Target 1: 0.01267  Target 2: 0.01279  Target 3: 0.01291  T...,N/A,FAILED,Trigger could not parse a valid trade structure from this signal,778
2026-07-30 09:02:32,Account 2,Binance 360, MTC Indicator    15 Minutes Timeframe   SHORT  #ON/USDT  Entry zone : 0.3204433 - 0.3111100  Take Profits :   0.3095388 0.3001589 0.2907789 0.2813989...,BUY EURDKK @ None,FAILED,MT5 execution failed — check broker logs,779
2026-07-30 09:02:40,Account 1,Binance 360, MTC Indicator    15 Minutes Timeframe   SHORT  #ON/USDT  Entry zone : 0.3204433 - 0.3111100  Take Profits :   0.3095388 0.3001589 0.2907789 0.2813989...,BUY EURUSD @ None,FAILED,MT5 execution failed — check broker logs,780
2026-07-30 09:05:43,Account 1,DIL SE TRADER Crypto, New Crypto Trade Alert    Trade Details:  Symbol: P-BTC-64600-310726  Trade Type: SELL  Entry Price: 737.47103  Stop Loss: 1100.0  Target 1: 650.0  T...,SELL BTCUSDT @ 737.47103,FAILED,MT5 execution failed — check broker logs,781
2026-07-30 09:08:00,Account 1,Crypto World Updates,On sl 15m candle closing above 0.2920,SELL EURUSD @ None,FAILED,MT5 execution failed — check broker logs,782
2026-07-30 09:08:20,Account 1,Crypto World Updates, #ON/USDT  SIGNAL Type: Regular (SHORT)  Leverage: Cross (50X)  Amount: 1%   Entry Targets:  1)  0.2750  2)  0.2830  Take-Profit Targets:  1) 0.2600  ...,BUY EURUSD @ None,FAILED,MT5 execution failed — check broker logs,783
2026-07-30 09:27:30,Account 2,RaSrasanForex,#XAUUSD_SELL 4086/4089  TP. 4082 TP. 4078 TP. 4074 TP. 4070 TP. 4060 TP. OPEN SL. 4102   MANAGE RISK GUYS   https://t.me/+0E-5cIUMyFhlOGE0 https://t.m...,N/A,FAILED,Trigger could not parse a valid trade structure from this signal,784
2026-07-30 09:53:29,Account 2,Binance 360, Futures (Free Signal)   SHORT  #RLC/USDT  Entry zone : 0.2654 - 0.2577  Take Profits :   0.2563 0.2486 0.2408 0.2330 0.2253  Stop loss :0.275739  Lev...,N/A,FAILED,Trigger could not parse a valid trade structure from this signal,785
2026-07-30 09:53:37,Account 1,Binance 360, Futures (Free Signal)   SHORT  #RLC/USDT  Entry zone : 0.2654 - 0.2577  Take Profits :   0.2563 0.2486 0.2408 0.2330 0.2253  Stop loss :0.275739  Lev...,N/A,FAILED,Trigger could not parse a valid trade structure from this signal,786
2026-07-30 09:55:38,Account 2,RIAOGOLDFOREX,XAUUSD BUY 4050,BUY GOLD @ 4050,SUCCESS,Trade executed successfully on MT5,787
2026-07-30 09:56:47,Account 2,RaSrasanForex,#XAUUSD_SELL 4086/4089  TP. 4082 TP. 4078 TP. 4074 TP. 4070 TP. 4060 TP. OPEN SL. 4102   MANAGE RISK GUYS  https://t.me/+0E-5cIUMyFhlOGE0,BUY GOLD @ None,SUCCESS,Trade executed successfully on MT5,788
2026-07-30 09:57:34,Account 2,RIAOGOLDFOREX,XAUUSD BUY 4050  TP 4053  TP 4056  TP 4059  TP 4062  TP 4065  TP 4068  SL 4039,BUY GOLD @ 4050,FAILED,MT5 execution failed — check broker logs,789
2026-07-30 10:01:29,Account 2,JOSEFINA TRADER0,XAUUSD sell4053,SELL GOLD @ 4053,FAILED,MT5 execution failed — check broker logs,790
2026-07-30 10:02:39,Account 2,JOSEFINA TRADER0,XAUUSD SELL 4053 TP 4050 TP 4047 TP 4044 TP 4041 TP 4038 SL 4063 Use proper money management me,N/A,FAILED,Trigger could not parse a valid trade structure from this signal,791
2026-07-30 10:03:00,Account 2,RaSrasanForex,XAUUSD sell4053,SELL GOLD @ 4053,FAILED,MT5 execution failed — check broker logs,792
2026-07-30 10:03:03,Account 2,RaSrasanForex,XAUUSD SELL 4053 TP 4050 TP 4047 TP 4044 TP 4041 TP 4038 SL 4063 Use proper money management me,N/A,FAILED,Trigger could not parse a valid trade structure from this signal,793
2026-07-30 10:14:48,Account 2,JOSEFINA TRADER0,#XAUUSD BUY NOW 4041  TP 4045 TP 4050 TP 4055 TP 4060  SL 4036 https://t.me/+FJCB0u9B7YszYjBk,N/A,FAILED,Trigger could not parse a valid trade structure from this signal,794
2026-07-30 11:09:18,Account 2,JOSEFINA TRADER0,XAUUSD SURE CALL ,BUY GOLD @ 4002,SUCCESS,Trade executed successfully on MT5,795
2026-07-30 11:17:47,Account 2,RIAOGOLDFOREX,XAUUSD SELL 4036  TP 4033 TP 4030 TP 4027 TP 4024 TP 4021 TP 4018  SL 4046,N/A,FAILED,Trigger could not parse a valid trade structure from this signal,796
2026-07-30 11:44:46,Account 1,Crypto World Updates, #KOMA/USDT SIGNAL Type: Regular (LONG)  Leverage: Cross (50X)  Amount: 1%   Entry Targets:  1)  0.01010  2)  0.009800  Take-Profit Targets:  1)  0.01...,N/A,FAILED,Trigger could not parse a valid trade structure from this signal,797
2026-07-30 11:47:42,Account 2,Sureshot FX VIP,GBPJPY SELL 218.2  SL:  218.7 TP:  216.7 --Trade by Jack,SELL GBPJPY @ None,SUCCESS,Trade executed successfully on MT5,798
2026-07-30 12:25:57,Account 1,Crypto World Updates, #COTI/USDT SIGNAL Type: Regular (LONG)  Leverage: Cross (50X)  Amount: 1%   Entry Targets:  1)  0.01860  2)  0.01819  Take-Profit Targets:  1)  0.019...,N/A,FAILED,Trigger could not parse a valid trade structure from this signal,799
2026-07-30 12:26:04,Account 1,Crypto World Updates, #EPIC/USDT SIGNAL Type: Regular (LONG)  Leverage: Cross (50X)  Amount: 1%   Entry Targets:  1)  0.9100  2)  0.8850  Take-Profit Targets:  1)  0.9400 ...,N/A,FAILED,Trigger could not parse a valid trade structure from this signal,800
2026-07-30 12:29:26,Account 2,Forexero - Forex Signals,XAU/USD  Direction: BUY Entry Price: 4036.00  TP1       4041.00 TP2       4061.00 TP3       4096.00  SL          3986.00,N/A,FAILED,Trigger could not parse a valid trade structure from this signal,801
2026-07-30 12:29:37,Account 2,GOLD Scalper,XAUUSD BUY 4035-33  TP 1 : 4040 TP 2 : 4045 TP 3 : 4050 TP 4 : 4070  SL : 4018,N/A,FAILED,Trigger could not parse a valid trade structure from this signal,802
2026-07-30 12:33:06,Account 1,Crypto World Updates,Coti sl 15m candle closing below 0.01740,SELL EURUSD @ None,FAILED,MT5 execution failed — check broker logs,803
2026-07-30 12:35:04,Account 1,DIL SE TRADER Crypto, New Crypto Trade Alert    Trade Details:  Symbol: BTCUSDT  Trade Type: BUY  Entry Price: 64110.88588  Stop Loss: 63200.0  Target 1: 64500.0  Target 2...,N/A,FAILED,Trigger could not parse a valid trade structure from this signal,804
2026-07-30 12:37:56,Account 2,Forexero - Forex Signals,XAU/USD HIT TP1: +50 pips,BUY GOLD @ 4002,SUCCESS,Trade executed successfully on MT5,805
2026-07-30 12:42:09,Account 2,Sureshot FX VIP,AUDUSD SELL 0.6959  SL:  0.6999 TP:  0.6839 --Trade by David,SELL AUDUSD @ 0.6959,FAILED,MT5 execution failed — check broker logs,806
2026-07-30 12:42:47,Account 1,Crypto World Updates,Long esp 0.07350 50x  Tp 1 0.07650,BUY GOLD @ None,SUCCESS,Trade executed successfully on MT5,807
2026-07-30 12:47:19,Account 2,GOLD Snipers, XAUUSD BUY BOOM BOOM RUNNING 160+ PIPS ,BUY GOLD @ None,FAILED,MT5 execution failed — check broker logs,808
2026-07-30 12:47:31,Account 2,GOLD Scalper, XAUUSD BUY BOOM BOOM RUNNING 160+ PIPS ,BUY GOLD @ None,FAILED,MT5 execution failed — check broker logs,809
2026-07-30 12:54:33,Account 2,GOLD DREAMS TRADER,XAUUSD SELL NOW 4047/4050  TP 4044 TP 4041 TP 4038 TP 4035 TP 4032 TP 4029 TP 4026 TP 4023 TP 4020  SL 4065,N/A,FAILED,Trigger could not parse a valid trade structure from this signal,810
2026-07-30 12:55:18,Account 1,Max Leverage,zona buy 4042-4040 sl 4038.000,BUY DOGEUSDT @ 4042,FAILED,MT5 execution failed — check broker logs,811
2026-07-30 12:55:32,Account 2,Max Leverage,zona buy 4042-4040 sl 4038.000,N/A,FAILED,Trigger could not parse a valid trade structure from this signal,812
2026-07-30 13:02:16,Account 2,SureShot GOLD (VIP),XAUUSD BUY LIMIT 4042  SL:  4032.0 TP:  4062.0 --Trade by William,BUY LIMIT GOLD @ 4042,FAILED,MT5 execution failed — check broker logs,813
2026-07-30 13:03:27,Account 1,Crypto World Updates,Short epic 0.76 50x  Tp 1 0.73,BUY GOLD @ 4002,FAILED,MT5 execution failed — check broker logs,814
2026-07-30 13:16:12,Account 1,King Crypto Scalp [ LIVE ],PAIR: AVAXUSDT  TYPE: LONG LEVERAGE: Cross 20x   Entry Targets: 1) 6.435 2) 6.1776 (DCA)  Take-Profit Targets: 6.48 - 6.5187 - 6.5959 - 6.6924 - 6.821...,N/A,FAILED,Trigger could not parse a valid trade structure from this signal,815
2026-07-30 13:16:26,Account 1,King Crypto Scalp [ LIVE ],PAIR: AVAXUSDT  TYPE: LONG LEVERAGE: Cross 20x   Entry Targets: 1) 6.435 2) 6.1776 (DCA)  Take-Profit Targets: 6.48 - 6.5187 - 6.5959 - 6.6924 - 6.821...,N/A,FAILED,Trigger could not parse a valid trade structure from this signal,816
2026-07-30 13:17:25,Account 1,King Crypto Scalp [ LIVE ],#AVAX/USDT Entry 1  Average Entry Price: 6.435 ,BUY AVAXUSDT @ 6.435,FAILED,MT5 execution failed — check broker logs,817
2026-07-30 13:18:05,Account 1,Crypto World Updates,Epic tp 1 0.7000 Uai tp 1 0.3680,BUY GOLD @ 4002,FAILED,MT5 execution failed — check broker logs,818
2026-07-30 13:18:56,Account 1,Crypto Radar, #Free Signal   Short  Pair: #TRX/USDT   Entry Price:   1) 0.32777 2) 0.33760   Targets:  1) 0.32585 2) 0.31893 3) 0.31201 4) 0.30509  Stop Loss: 0.34...,BUY #TRX/USDT @ 0.3376,FAILED,MT5 execution failed — check broker logs,819
2026-07-30 13:21:40,Account 1,Crypto World Updates, #UAI/USDT  SIGNAL Type: Regular (SHORT)  Leverage: Cross (50X)  Amount: 1%   Entry Targets:  1)  0.3820  2)  0.3920  Take-Profit Targets:  1) 0.3680 ...,BUY EURUSD @ None,FAILED,MT5 execution failed — check broker logs,820
2026-07-30 13:24:50,Account 2,SureShot GOLD (VIP),XAUUSD BUY 4045.0  SL:  4035.0 TP:  4065.0 --Trade by William,BUY GOLD @ 4045.0,FAILED,MT5 execution failed — check broker logs,821
2026-07-30 13:31:36,Account 2,SureShot GOLD (VIP),XAUUSD SELL 4037.12  SL:  4047.12 TP:  4017.12 --Trade by William,SELL GOLD @ 4037.12,FAILED,MT5 execution failed — check broker logs,822
2026-07-30 13:39:21,Account 2,SureShot GOLD (VIP),XAUUSD SELL 4051.91  SL:  4061.91 TP:  4031.91 --Trade by Matthew,N/A,FAILED,Trigger could not parse a valid trade structure from this signal,823
2026-07-30 13:40:04,Account 1,King Crypto Scalp [ LIVE ],#APE/USDT Take-Profit target 7  Profit: 71.4286%  Period: 2 days 7 hr ,BUY LIMIT APEUSDT @ None,FAILED,MT5 execution failed — check broker logs,824
2026-07-30 13:41:51,Account 1,Max Leverage,zona buy 4048-4046 sl 4044.000,BUY DOGEUSDT @ 4046,FAILED,MT5 execution failed — check broker logs,825
2026-07-30 13:41:55,Account 2,Max Leverage,zona buy 4048-4046 sl 4044.000,N/A,FAILED,Trigger could not parse a valid trade structure from this signal,826
2026-07-30 13:42:14,Account 2,Forex Trading Tips," SIGNAL INCOMING  GET READY, GUYS. New setup locked. Entry zone and levels confirmed. Risk mapped. Signal shortly.",BUY GOLD @ 4002,FAILED,MT5 execution failed — check broker logs,827
2026-07-30 13:46:40,Account 2,Forex Trading Tips,#XAUUSD SELL  LIMIT 4055    TP1:  4051    TP2:  4047    TP3:  3970    SL:  4062.00,N/A,FAILED,Trigger could not parse a valid trade structure from this signal,828
2026-07-30 13:47:32,Account 2,JOSEFINA TRADER0,XAUUSD SELL 4053 TP 4050 TP 4047 TP 4044 TP 4041 TP 4038 SL 4063 Use proper money management me,SELL GOLD @ 4053,FAILED,MT5 execution failed — check broker logs,829
2026-07-30 13:48:57,Account 1,Crypto World Updates,Short bank 0.1180 50x,BUY EURSEK @ None,FAILED,MT5 execution failed — check broker logs,830
2026-07-30 13:50:24,Account 2,RIAOGOLDFOREX,XAUUSD SELL 4055,SELL GOLD @ 4055,FAILED,MT5 execution failed — check broker logs,831
2026-07-30 13:58:55,Account 2,Forexero - Forex Signals,XAU/USD HIT TP2: +250 pips,N/A,FAILED,Trigger could not parse a valid trade structure from this signal,832
2026-07-30 13:59:43,Account 1,Crypto World Updates, #BANK/USDT  SIGNAL Type: Regular (SHORT)  Leverage: Cross (50X)  Amount: 1%   Entry Targets:  1)  0.1180  2)  0.1220  Take-Profit Targets:  1) 0.1100...,BUY EURSEK @ None,FAILED,MT5 execution failed — check broker logs,833
2026-07-30 14:00:34,Account 2,JOSEFINA TRADER0,XAUUSD sell4066,SELL GOLD @ 4066,FAILED,MT5 execution failed — check broker logs,834
2026-07-30 14:01:09,Account 2,JOSEFINA TRADER0,XAUUSD SELL 4066 TP 4063 TP 4060 TP 4057 TP 4054 TP 4051 SL 4076 Use proper money management me,SELL GOLD @ 4066,FAILED,MT5 execution failed — check broker logs,835
2026-07-30 14:07:41,Account 2,Max Leverage,zona sell 4076-4078 sl 4080.999,SELL DOGEUSDT @ None,FAILED,MT5 execution failed — check broker logs,836
2026-07-30 14:32:29,Account 1,Crypto World Updates,Long esp 0.07400 50x  Tp 1 0.07700,N/A,FAILED,Trigger could not parse a valid trade structure from this signal,837
2026-07-30 14:35:37,Account 1,"Mr.DAVID, XAU/USD CLUB",#XAUUSD buy 4062...4060  SL: 4047  TP1: 4075 TP2: 4085 TP3: 4095 TP4: 4100 TP5: 4120,BUY GOLD @ 4062,FAILED,MT5 execution failed — check broker logs,838
2026-07-30 14:35:48,Account 1,Crypto World Updates, #ESP/USDT SIGNAL Type: Regular (LONG)  Leverage: Cross (50X)  Amount: 1%   Entry Targets:  1)  0.07400  2)  0.07200  Take-Profit Targets:  1)  0.0770...,N/A,FAILED,Trigger could not parse a valid trade structure from this signal,839
2026-07-30 14:35:54,Account 2,RIAOGOLDFOREX,XAUUSD SELL 4067,N/A,FAILED,Trigger could not parse a valid trade structure from this signal,840
2026-07-30 14:38:54,Account 2,RIAOGOLDFOREX,XAUUSD SELL 4067  TP 4064 TP 4061 TP 4058 TP 4055 TP 4052 TP 4049  SL 4077,N/A,FAILED,Trigger could not parse a valid trade structure from this signal,841
2026-07-30 14:43:32,Account 1,Crypto World Updates,Uai tp 1 now 0.3720,BUY GOLD @ 0.372,REJECTED,Price sanity fail: entry 0.372 is 100.0% from live 4066.12000,842
2026-07-30 14:48:42,Account 2,SureShot GOLD (VIP),XAUUSD SELL 4065.71  SL:  4075.71 TP:  4045.71 --Trade by Matthew,SELL GOLD @ 4065.71,FAILED,MT5 execution failed — check broker logs,843
2026-07-30 14:53:54,Account 1,Crypto World Updates,Uai tp 2 now 0.3550,BUY GOLD @ None,FAILED,MT5 execution failed — check broker logs,844
2026-07-30 14:58:12,Account 2,GOLD DREAMS TRADER,XAUUSD SELL NOW 4071/4074  TP 4068 TP 4065 TP 4062 TP 4059 TP 4056 TP 4053 TP 4050 TP 4047 TP 4044  SL 4090,SELL GOLD @ 4071,FAILED,MT5 execution failed — check broker logs,845
2026-07-30 15:09:35,Account 1,DUBAI CAPITAL FX GROUP 3,GOLD SELL 4068_4072  SL _4083  TP 4065 TP 4062 TP 4059 TP 4056 TP 4053 TP 4050 TP 4047  FOLLOW MONEY MANAGEMENT,SELL GOLD @ 4068,FAILED,MT5 execution failed — check broker logs,846
2026-07-30 15:11:20,Account 1,Crypto World Updates, #BANK/USDT  SIGNAL Type: Regular (SHORT)  Leverage: Cross (50X)  Amount: 1%   Entry Targets:  1)  0.1020  2)  0.1050  Take-Profit Targets:  1) 0.0970...,BUY EURSEK @ None,FAILED,MT5 execution failed — check broker logs,847
2026-07-30 15:24:53,Account 2,RIAOGOLDFOREX, GOLD BUY NOW   TP  TP  SL     3   ,BUY GOLD @ None,FAILED,MT5 execution failed — check broker logs,848
2026-07-30 15:32:28,Account 2,Binance 360, Futures (Free Signal)   Long  #LTC/USDT  Entry zone : 43.78 - 45.14  Take Profits :   45.36 46.71 48.05 49.40 50.75  Stop loss :41.9802  Leverage: 10...,BUY LTC/USDT @ 43.78,FAILED,MT5 execution failed — check broker logs,849
2026-07-30 15:32:40,Account 1,Binance 360, Futures (Free Signal)   Long  #LTC/USDT  Entry zone : 43.78 - 45.14  Take Profits :   45.36 46.71 48.05 49.40 50.75  Stop loss :41.9802  Leverage: 10...,N/A,FAILED,Trigger could not parse a valid trade structure from this signal,850
2026-07-30 15:54:59,Account 2,CULERSFOREX™,XAUUSD Sell 4074  TP 4071  TP 4068  TP 4065  TP 4062  TP 4059  SL 4084,N/A,FAILED,Trigger could not parse a valid trade structure from this signal,851
2026-07-30 16:04:12,Account 2,RIAOGOLDFOREX,XAUUSD SELL 4079,SELL GOLD @ 4079,FAILED,MT5 execution failed — check broker logs,852
2026-07-30 16:05:27,Account 2,RIAOGOLDFOREX,XAUUSD SELL 4079  TP 4076 TP 4073 TP 4070 TP 4067 TP 4064 TP 4061  SL 4090,SELL GOLD @ 4079,FAILED,MT5 execution failed — check broker logs,853
2026-07-30 16:18:29,Account 1,King Crypto Scalp [ LIVE ],#LDO/USDT Entry 1  Average Entry Price: 0.3589 ,N/A,FAILED,Trigger could not parse a valid trade structure from this signal,854
2026-07-30 16:20:32,Account 2,GOLD Snipers,XAUUSD ALL TPS SMASHED ,BUY GOLD @ None,SUCCESS,Trade executed successfully on MT5,855
2026-07-30 16:25:53,Account 1,King Crypto Scalp [ LIVE ],#LDO/USDT Take-Profit target 1  Profit: 13.9315%  Period: 9 min ,BUY EURUSD @ None,FAILED,MT5 execution failed — check broker logs,856
2026-07-30 16:26:02,Account 1,Crypto Radar, #Free Signal   Short  Pair: #BNB/USDT   Entry Price:   1) 586.370 2) 603.961   Targets:  1) 582.935 2) 570.557 3) 558.179 4) 545.802  Stop Loss: 623....,N/A,FAILED,Trigger could not parse a valid trade structure from this signal,857
2026-07-30 16:52:14,Account 2,RIAOGOLDFOREX,XAUUSD gold 4082 I will delete the link After two minutes   https://t.me/+07hexSsJssRhZWE0 https://t.me/+07hexSsJssRhZWE0   600+ PIPS TARGET ,N/A,FAILED,Trigger could not parse a valid trade structure from this signal,858
2026-07-30 17:07:21,Account 2,RaSrasanForex,XAUUSD gold 4082 I will delete the link After two minutes   https://t.me/+07hexSsJssRhZWE0 https://t.me/+07hexSsJssRhZWE0   600+ PIPS TARGET ,BUY GOLD @ 4082,FAILED,MT5 execution failed — check broker logs,859
2026-07-30 17:07:47,Account 2,RIAOGOLDFOREX,XAUUSD gold 4082 I will delete the link After two minutes   https://t.me/+07hexSsJssRhZWE0 https://t.me/+07hexSsJssRhZWE0   600+ PIPS TARGET ,BUY GOLD @ 4082,FAILED,MT5 execution failed — check broker logs,860
2026-07-30 17:08:41,Account 1,King Crypto Scalp [ LIVE ],#AVAX/USDT Take-Profit target 1  Profit: 13.986%  Period: 3 hr 52 min ,BUY LIMIT AVAXUSDT @ None,FAILED,MT5 execution failed — check broker logs,861
2026-07-30 17:12:32,Account 2,RaSrasanForex,XAUUSD gold 4082 I will delete the link After two minutes   https://t.me/+07hexSsJssRhZWE0 https://t.me/+07hexSsJssRhZWE0   600+ PIPS TARGET ,BUY GOLD @ 4082,FAILED,MT5 execution failed — check broker logs,862
2026-07-30 17:25:05,Account 2,RIAOGOLDFOREX,XAUUSD gold 4082 I will delete the link After two minutes   https://t.me/+07hexSsJssRhZWE0 https://t.me/+07hexSsJssRhZWE0   600+ PIPS TARGET ,N/A,FAILED,Trigger could not parse a valid trade structure from this signal,863
2026-07-30 17:33:48,Account 1,DIL SE TRADER Crypto, New Crypto Trade Alert    Trade Details:  Symbol: BTCUSDT  Trade Type: BUY  Entry Price: 64767.92846  Stop Loss: 63800.0  Target 1: 65100.0  Target 2...,N/A,FAILED,Trigger could not parse a valid trade structure from this signal,864
2026-07-30 17:34:33,Account 1,DIL SE TRADER Crypto, New Crypto Trade Alert    Trade Details:  Symbol: ETHUSDT  Trade Type: BUY  Entry Price: 1923.7652  Stop Loss: 1900.0  Target 1: 1930.0  Target 2: 19...,BUY ETHUSDT @ 1923.7652,FAILED,MT5 execution failed — check broker logs,865
2026-07-30 17:39:53,Account 1,DIL SE TRADER Crypto, New Crypto Trade Alert    Trade Details:  Symbol: P-BTC-65400-010826  Trade Type: SELL  Entry Price: 820.46752  Stop Loss: 1100.0  Target 1: 730.0  T...,SELL BTCUSDT @ 820.46752,FAILED,MT5 execution failed — check broker logs,866
2026-07-30 17:41:15,Account 1,DIL SE TRADER Crypto, New Crypto Trade Alert    Trade Details:  Symbol: P-ETH-2000-010826  Trade Type: SELL  Entry Price: 77.34793  Stop Loss: 100.0  Target 1: 70.0  Targe...,SELL P-ETH-2000-010826 @ 77.34793,FAILED,MT5 execution failed — check broker logs,867
2026-07-30 17:42:35,Account 2,RaSrasanForex,GOLD Sell 4082  TP. 4080 TP. 4078 TP. 4076 TP. 4074 TP. 4072 TP. 4070  SL. 4094,SELL GOLD @ 4082,FAILED,MT5 execution failed — check broker logs,868
2026-07-30 17:45:42,Account 2,RaSrasanForex, XAUUSD Sell 4090  TP 4087  TP 4084 TP 4081  TP 4078 TP 4075  SL 4101 https://t.me/+pPYHhVTPO1Y2ZDE0,SELL GOLD @ 4090,FAILED,MT5 execution failed — check broker logs,869
2026-07-30 19:08:08,Account 1,DUBAI CAPITAL FX GROUP 3,GOLD SELL 4076_4080  SL _4083  TP 4073 TP 4070 TP 4067 TP 4064 TP 4061 TP 4058 TP 4055  FOLLOW MONEY MANAGEMENT,N/A,FAILED,Trigger could not parse a valid trade structure from this signal,870
2026-07-30 19:10:16,Account 2,RIAOGOLDFOREX,XAUUSD SELL 4098,SELL GOLD @ 4098,FAILED,MT5 execution failed — check broker logs,871
2026-07-30 19:10:26,Account 2,RIAOGOLDFOREX,XAUUSD SELL 4098,SELL GOLD @ 4098,FAILED,MT5 execution failed — check broker logs,872
2026-07-30 19:11:37,Account 2,RIAOGOLDFOREX,XAUUSD SELL 4098  TP 4095 TP 4092 TP 4089 TP 4086 TP 4083 TP 4080  SL 4108,SELL GOLD @ 4098,FAILED,MT5 execution failed — check broker logs,873
2026-07-30 19:12:05,Account 2,Forexero - Forex Signals,XAU/USD HIT TP3: +600 pips ,BUY GOLD @ 4002,FAILED,MT5 execution failed — check broker logs,874
2026-07-30 19:12:57,Account 2,RIAOGOLDFOREX,GOLD / XAUUSD  BIG SIGNAL  TARGET 200 PIPS  SL TP  8k https://t.me/+DJbPMGmZbVU5MzA0 https://t.me/+DJbPMGmZbVU5MzA0 FAST OPEN FOR 3 MINUTES  ok my,BUY GOLD @ None,FAILED,MT5 execution failed — check broker logs,875
2026-07-30 19:14:04,Account 2,GOLD DREAMS TRADER,XAUUSD SELL NOW 4098/4101  TP 4095 TP 4092 TP 4089 TP 4086 TP 4083 TP 4080 TP 4077 TP 4074 TP 4071  SL 4115,SELL GOLD @ 4098,FAILED,MT5 execution failed — check broker logs,876
2026-07-30 19:18:02,Account 1,King Crypto Scalp [ LIVE ],PAIR: CHZUSDT  TYPE: LONG LEVERAGE: Cross 20x   Entry Targets: 1) 0.01302 2) 0.0125 (DCA)  Take-Profit Targets: 0.0131 - 0.0132 - 0.0132 - 0.0134 - 0....,N/A,FAILED,Trigger could not parse a valid trade structure from this signal,877
2026-07-30 19:18:14,Account 1,King Crypto Scalp [ LIVE ],PAIR: APTUSDT  TYPE: LONG LEVERAGE: Cross 20x   Entry Targets: 1) 0.569 2) 0.5462 (DCA)  Take-Profit Targets: 0.5718 - 0.5747 - 0.5775 - 0.5861 - 0.59...,N/A,FAILED,Trigger could not parse a valid trade structure from this signal,878
2026-07-30 19:18:21,Account 1,King Crypto Scalp [ LIVE ],"Bitget Futures, Binance Futures, ByBit USDT, KuCoin Futures, OKX Futures #CHZ/USDT Closed due to opposite direction signal ",N/A,FAILED,Trigger could not parse a valid trade structure from this signal,879
2026-07-30 19:19:52,Account 1,DUBAI CAPITAL FX GROUP 3,GOLD SELL 4093_4098  SL _4110  TP 4089 TP 4086 TP 4083 TP 4080 TP 4077 TP 4074 TP 4071  FOLLOW MONEY MANAGEMENT,SELL GOLD @ 4093,FAILED,MT5 execution failed — check broker logs,880
2026-07-30 19:21:12,Account 2,Forexero - Forex Signals,GBP/USD HIT TP3: +65 pips ,BUY GOLD @ 4002,FAILED,MT5 execution failed — check broker logs,881
2026-07-30 19:37:26,Account 1,Crypto Radar, #Free Signal   Long  Pair: #KAVA/USDT   Entry Price:   1) 0.043340 2) 0.042039   Targets:  1) 0.043588 2) 0.044494 3) 0.045399 4) 0.046305  Stop Loss...,N/A,FAILED,Trigger could not parse a valid trade structure from this signal,882
2026-07-30 20:01:25,Account 2,Sureshot FX VIP,GBPUSD SELL 1.3431  SL:  1.3481 TP:  1.3281 --Trade by David,N/A,FAILED,Trigger could not parse a valid trade structure from this signal,883
2026-07-30 20:17:56,Account 1,King Crypto Scalp [ LIVE ],#ADA/USDT Take-Profit target 4  Profit: 42.1503%  Period: 1 day 10 hr ,N/A,FAILED,Trigger could not parse a valid trade structure from this signal,884
2026-07-30 20:48:00,Account 2,Forex Trading Tips," AI SIGNALS  CATCHING EVERY SWING    AI Buy 4,0294,031 | TP  +40 PIPS  AI Buy 4,0304,033 | TP  +55 PIPS  AI Sell 4,0754,080 | TP  +110 PIPS  AI Buy 4,...",N/A,FAILED,Trigger could not parse a valid trade structure from this signal,885
2026-07-30 20:58:37,Account 2,JOSEFINA TRADER0,LIFETIME FREE FOR 07 MEMBERSXAUUSD   https://t.me/+mlX5dpQacUZjZmM8,N/A,FAILED,Trigger could not parse a valid trade structure from this signal,886
2026-07-30 21:08:13,Account 2,GOLD Trader Dan,XAUUSD SMASHED TP 290 PIPS ,N/A,FAILED,Trigger could not parse a valid trade structure from this signal,887
2026-07-30 21:19:15,Account 1,Crypto Radar, VIP Signal   Long  Pair: #RLC/USDT   Entry Price:   1) 0.2437 2) 0.2363   Targets:  1) 0.2450 2) 0.2501 3) 0.2552 4) 0.2603  Stop Loss: 0.2283  Lever...,N/A,FAILED,Trigger could not parse a valid trade structure from this signal,888
2026-07-30 21:24:27,Account 2,Binance 360, RFD Indicator    15 Minutes Timeframe   LONG  #CAP/USDT  Entry zone : 0.0245895 - 0.0253500  Take Profits :   0.0254754 0.0262321 0.0269888 0.0277455...,BUY EURDKK @ None,FAILED,MT5 execution failed — check broker logs,889
2026-07-30 21:24:42,Account 1,Binance 360, RFD Indicator    15 Minutes Timeframe   LONG  #CAP/USDT  Entry zone : 0.0245895 - 0.0253500  Take Profits :   0.0254754 0.0262321 0.0269888 0.0277455...,BUY EURUSD @ None,SUCCESS,Trade executed successfully on MT5,890
2026-07-30 21:29:54,Account 1,DUBAI CAPITAL FX GROUP 3,GOLD SELL 4094_4098  SL _4113  TP 4091 TP 4088 TP 4085 TP 4082 TP 4079 TP 4076 TP 4073  FOLLOW MONEY MANAGEMENT,SELL GOLD @ 4094,SUCCESS,Trade executed successfully on MT5,891
2026-07-30 21:51:14,Account 2,GOLD Trader Dan,XAUUSD BUY FULL TP 320 PIPS ,N/A,FAILED,Trigger could not parse a valid trade structure from this signal,892
2026-07-30 22:39:00,Account 2,JOSEFINA TRADER0,Gold Buy @ 4063 Sl: @ 4053 TP: @ 4073 lot size 0.30 Confirm 99% https://t.me/+g_PAhTY6pNU3MzE8,N/A,FAILED,Trigger could not parse a valid trade structure from this signal,893
2026-07-30 22:44:12,Account 2,Binance 360, Futures (Free Signal)   Long  #BAT/USDT  Entry zone : 0.063234 - 0.065190  Take Profits :   0.065512 0.067458 0.069404 0.071350 0.073296  Stop loss :...,BUY BATUSDT @ 0.063234,FAILED,MT5 execution failed — check broker logs,894
2026-07-30 22:44:19,Account 1,Binance 360, Futures (Free Signal)   Long  #BAT/USDT  Entry zone : 0.063234 - 0.065190  Take Profits :   0.065512 0.067458 0.069404 0.071350 0.073296  Stop loss :...,N/A,FAILED,Trigger could not parse a valid trade structure from this signal,895
2026-07-30 22:48:53,Account 1,Crypto Radar, #Free Signal   Long  Pair: #NEO/USDT   Entry Price:   1) 1.808 2) 1.753   Targets:  1) 1.818 2) 1.856 3) 1.893 4) 1.931  Stop Loss: 1.694  Leverage: ...,N/A,FAILED,Trigger could not parse a valid trade structure from this signal,896
2026-07-30 22:54:24,Account 2,RIAOGOLDFOREX,XAUUSD gold 4106 I will delete the link After two minutes   https://t.me/+07hexSsJssRhZWE0 https://t.me/+07hexSsJssRhZWE0   600+ PIPS TARGET ,BUY GOLD @ 4106,SUCCESS,Trade executed successfully on MT5,897
2026-07-30 23:02:52,Account 1,King Crypto Scalp [ LIVE ],#CHZ/USDT Take-Profit target 1  Profit: 12.2888%  Period: 3 hr 43 min ,BUY LIMIT CHZUSDT @ None,FAILED,MT5 execution failed — check broker logs,898
2026-07-30 23:09:43,Account 2,JOSEFINA TRADER0,Gold Buy @ 4063 Sl: @ 4053 TP: @ 4073 lot size 0.30 Confirm 99% https://t.me/+g_PAhTY6pNU3MzE8,BUY GOLD @ 4063,FAILED,MT5 execution failed — check broker logs,899
2026-07-30 23:15:46,Account 2,RIAOGOLDFOREX,XAUUSD gold 4106 I will delete the link After two minutes   https://t.me/+07hexSsJssRhZWE0 https://t.me/+07hexSsJssRhZWE0   600+ PIPS TARGET ,N/A,FAILED,Trigger could not parse a valid trade structure from this signal,900
2026-07-30 23:16:21,Account 2,RIAOGOLDFOREX,GOLD SELL NOW  SL TP HERE   https://t.me/+mSABzChJqFo0MDk0,SELL GOLD @ None,FAILED,MT5 execution failed — check broker logs,901
2026-07-30 23:21:15,Account 2,JOSEFINA TRADER0,Gold Buy @ 4063 Sl: @ 4053 TP: @ 4073 lot size 0.30 Confirm 99% https://t.me/+g_PAhTY6pNU3MzE8,BUY GOLD @ 4063,FAILED,MT5 execution failed — check broker logs,902
2026-07-30 23:27:33,Account 2,RIAOGOLDFOREX,XAUUSD gold 4103 I will delete the link After two minutes   https://t.me/+07hexSsJssRhZWE0 https://t.me/+07hexSsJssRhZWE0   600+ PIPS TARGET ,BUY GOLD @ 4103,FAILED,MT5 execution failed — check broker logs,903
2026-07-31 02:01:06,Account 2,Forex Trading Tips,"DAILY REPORT  -  July 30, 2026   BUY LIMIT 4044  + 25 PIPS  SELL LIMIT 4090  + 500 PIPS  BUY LIMIT 4063  - 50 PIPS  SELL LIMIT 4055  - 60 PIPS  SELL L...",N/A,FAILED,Trigger could not parse a valid trade structure from this signal,904
2026-07-31 04:03:14,Account 1,King Crypto Scalp [ LIVE ],"Binance Futures, ByBit USDT, Bitget Futures, OKX Futures, KuCoin Futures #SAND/USDT Closed due to opposite direction signal ",N/A,FAILED,Trigger could not parse a valid trade structure from this signal,905
2026-07-31 04:03:17,Account 1,King Crypto Scalp [ LIVE ],PAIR: SANDUSDT  TYPE: LONG LEVERAGE: Cross 20x   Entry Targets: 1) 0.04136 2) 0.0397 (DCA)  Take-Profit Targets: 0.0416 - 0.0418 - 0.042 - 0.0426 - 0....,N/A,FAILED,Trigger could not parse a valid trade structure from this signal,906
2026-07-31 06:02:59,Account 1,Binance 360, Futures (Free Signal)   SHORT  #ALGO/USDT  Entry zone : 0.082832 - 0.080420  Take Profits :   0.080013 0.077589 0.075164 0.072739 0.070315  Stop loss...,N/A,FAILED,Trigger could not parse a valid trade structure from this signal,907
2026-07-31 06:25:38,Account 1,Binance 360," Simple trades, real results https://t.me/+IirE1pFeTDhlMzRl  Premium signals: https://t.me/+6aaqXSwcEjhlYjI9",N/A,FAILED,Trigger could not parse a valid trade structure from this signal,908
2026-07-31 06:31:37,Account 1,King Crypto Scalp [ LIVE ],#APT/USDT Take-Profit target 1  Profit: 9.8418%  Period: 11 hr 14 min ,BUY EURUSD @ None,FAILED,MT5 execution failed — check broker logs,909
2026-07-31 06:31:52,Account 1,King Crypto Scalp [ LIVE ],PAIR: ENJUSDT  TYPE: LONG LEVERAGE: Cross 20x   Entry Targets: 1) 0.02503 2) 0.024 (DCA)  Take-Profit Targets: 0.0252 - 0.0253 - 0.0254 - 0.0258 - 0.0...,N/A,FAILED,Trigger could not parse a valid trade structure from this signal,910
2026-07-31 06:31:55,Account 1,King Crypto Scalp [ LIVE ],PAIR: ENJUSDT  TYPE: LONG LEVERAGE: Cross 20x   Entry Targets: 1) 0.02503 2) 0.024 (DCA)  Take-Profit Targets: 0.0252 - 0.0253 - 0.0254 - 0.0258 - 0.0...,N/A,FAILED,Trigger could not parse a valid trade structure from this signal,911
2026-07-31 06:33:00,Account 1,King Crypto Scalp [ LIVE ],#SAND/USDT Take-Profit target 1  Profit: 11.6054%  Period: 2 hr 30 min ,BUY GOLD @ 4002,SUCCESS,Trade executed successfully on MT5,912
2026-07-31 06:43:36,Account 1,Crypto Radar, VIP Signal   Long  Pair: #BTC/USDT   Entry Price:   1) 64212.30 2) 62285.93   Targets:  1) 64581.05 2) 65922.50 3) 67263.95 4) 68605.39  Stop Loss: 6...,N/A,FAILED,Trigger could not parse a valid trade structure from this signal,913
2026-07-31 06:50:56,Account 2,RaSrasanForex,XAUUSD SELL 4090/4093,SELL GOLD @ 4090,SUCCESS,Trade executed successfully on MT5,914
2026-07-31 06:53:45,Account 2,RaSrasanForex, XAUUSD Sell 4090  TP 4087  TP 4084 TP 4081  TP 4078 TP 4075  SL 4101 https://t.me/+pPYHhVTPO1Y2ZDE0,SELL GOLD @ 4090,SUCCESS,Trade executed successfully on MT5,915
2026-07-31 06:56:46,Account 1,King Crypto Scalp [ LIVE ],#AVAX/USDT Take-Profit target 2  Profit: 19.8912%  Period: 17 hr 40 min ,BUY LIMIT AVAXUSDT @ None,FAILED,MT5 execution failed — check broker logs,916
2026-07-31 07:30:43,Account 2,JOSEFINA TRADER0,XAUUSD sell4086,N/A,FAILED,Trigger could not parse a valid trade structure from this signal,917
2026-07-31 07:31:13,Account 2,JOSEFINA TRADER0,XAUUSD SELL 4086 TP 4083 TP 4080 TP 4077 TP 4074 TP 4071 SL 4096 Use proper money management me,SELL GOLD @ 4086,FAILED,MT5 execution failed — check broker logs,918
2026-07-31 07:34:44,Account 2,RIAOGOLDFOREX,XAUUSD SELL 4084,SELL GOLD @ 4084,FAILED,MT5 execution failed — check broker logs,919
2026-07-31 07:35:08,Account 2,RIAOGOLDFOREX,XAUUSD SELL 4086,SELL GOLD @ 4086,FAILED,MT5 execution failed — check broker logs,920
2026-07-31 07:35:46,Account 2,RIAOGOLDFOREX,XAUUSD SELL 4086  TP 4083 TP 4080 TP 4077 TP 4074 TP 4071 TP 4068  SL 4096,SELL GOLD @ 4086,FAILED,MT5 execution failed — check broker logs,921
2026-07-31 07:39:38,Account 2,SureShot GOLD (VIP),XAUUSD SELL 4087.06  SL:  4097.06 TP:  4067.06 --Trade by Grace,SELL GOLD @ 4087.06,FAILED,MT5 execution failed — check broker logs,922
2026-07-31 07:45:45,Account 2,JOSEFINA TRADER0,Gold Buy @ 4063 Sl: @ 4053 TP: @ 4073 lot size 0.30 Confirm 99% https://t.me/+g_PAhTY6pNU3MzE8,BUY GOLD @ 4063,FAILED,MT5 execution failed — check broker logs,923
2026-07-31 07:46:23,Account 2,Binance Killers® VIP,SIGNAL ID: #2195 COIN: $HYPE/USDT (2-5x)   Direction: LONG  ENTRY: 54.800 - 55.000  TARGETS: 57.500  60.000  63.000 - 66.500 - 71.000 - 76.000 - 82.00...,BUY HYPEUSDT @ 54.8,FAILED,MT5 execution failed — check broker logs,924
2026-07-31 07:46:35,Account 1,Binance Killers® VIP,SIGNAL ID: #2195 COIN: $HYPE/USDT (2-5x)   Direction: LONG  ENTRY: 54.800 - 55.000  TARGETS: 57.500  60.000  63.000 - 66.500 - 71.000 - 76.000 - 82.00...,BUY HYPEUSDT @ 54.8,FAILED,MT5 execution failed — check broker logs,925
2026-07-31 07:46:59,Account 2,RIAOGOLDFOREX,XAUUSD gold 4088 I will delete the link After two minutes   https://t.me/+07hexSsJssRhZWE0 https://t.me/+07hexSsJssRhZWE0   600+ PIPS TARGET ,BUY GOLD @ 4088,FAILED,MT5 execution failed — check broker logs,926
2026-07-31 21:31:38,Account 1,King Crypto Scalp [ LIVE ],#LDO/USDT Take-Profit target 4  Profit: 42.6303%  Period: 1 day 5 hr ,N/A,FAILED,Trigger could not parse a valid trade structure from this signal,927
2026-07-31 22:13:21,Account 2,👑Market Trader Crypto Forex👑,GOLD  SELl  - 4046  SL -  90 PIPS   TARGET - 200 PIPS     https://affs.click/xnqPA PATNER CODE (663WF),N/A,FAILED,Trigger could not parse a valid trade structure from this signal,928
2026-08-03 04:01:50,Account 1,King Crypto Scalp [ LIVE ],PAIR: ENJUSDT  TYPE: LONG LEVERAGE: Cross 20x   Entry Targets: 1) 0.02486 2) 0.0239 (DCA)  Take-Profit Targets: 0.025 - 0.0251 - 0.0252 - 0.0256 - 0.0...,N/A,FAILED,Trigger could not parse a valid trade structure from this signal,929
2026-08-03 04:01:54,Account 1,King Crypto Scalp [ LIVE ],"Binance Futures, Bitget Futures, ByBit USDT, KuCoin Futures #ENJ/USDT Closed due to opposite direction signal ",N/A,FAILED,Trigger could not parse a valid trade structure from this signal,930
2026-08-03 04:02:00,Account 1,King Crypto Scalp [ LIVE ],PAIR: ENJUSDT  TYPE: LONG LEVERAGE: Cross 20x   Entry Targets: 1) 0.02486 2) 0.0239 (DCA)  Take-Profit Targets: 0.025 - 0.0251 - 0.0252 - 0.0256 - 0.0...,N/A,FAILED,Trigger could not parse a valid trade structure from this signal,931
2026-08-03 04:02:03,Account 1,King Crypto Scalp [ LIVE ],#ENJ/USDT Entry 1  Average Entry Price: 0.02486 ,N/A,FAILED,Trigger could not parse a valid trade structure from this signal,932
2026-08-03 04:46:50,Account 2,JOSEFINA TRADER0,XAUUSD sell4067,SELL GOLD @ 4067.0,FAILED,MT5 execution failed — check broker logs,933
2026-08-03 04:47:37,Account 2,JOSEFINA TRADER0,XAUUSD SELL 4067 TP 4064 TP 4061 TP 4058 TP 4055 TP 4052 SL 4081 Use proper money management me,SELL GOLD @ 4067.0,FAILED,MT5 execution failed — check broker logs,934
2026-08-03 04:48:02,Account 1,Crypto Radar, #Free Signal   Long  Pair: #NEO/USDT   Entry Price:   1) 1.820 2) 1.765   Targets:  1) 1.830 2) 1.868 3) 1.906 4) 1.944  Stop Loss: 1.705  Leverage: ...,BUY #NEO/USDT @ 1.765,REJECTED,"Telegram Crypto Restriction: Symbol '#NEO/USDT' rejected. Forex, Gold & Silver only.",935
2026-08-03 04:49:49,Account 2,JOSEFINA TRADER0,XAUUSD SELL NOW @ 4078  TP-1 4070 TP-2 4060 TP-3 4050  CONFIRM SL,SELL GOLD @ 4078.0,FAILED,MT5 execution failed — check broker logs,936
2026-08-03 04:59:00,Account 2,JOSEFINA TRADER0,XAUUSD SELL NOW @ 4078  TP-1 4070 TP-2 4060 TP-3 4050  CONFIRM SL,SELL GOLD @ 4078.0,FAILED,MT5 execution failed — check broker logs,937
2026-08-03 05:03:46,Account 1,Crypto Radar,Member Hit   VIP Target on #ALGO: 241%,SELL GOLD @ 4068.0,FAILED,MT5 execution failed — check broker logs,938
2026-08-03 05:04:06,Account 1,Crypto Radar, VIP Signal   Long  Pair: #ALGO/USDT   Entry Price:   1) 0.078660 2) 0.076300   Targets:  1) 0.079111 2) 0.080754 3) 0.082398 4) 0.084041  Stop Loss: ...,BUY #ALGO/USDT @ 0.0763,REJECTED,"Telegram Crypto Restriction: Symbol '#ALGO/USDT' rejected. Forex, Gold & Silver only.",939
2026-08-03 05:05:20,Account 2,JOSEFINA TRADER0,GOLD BUY 4073 https://t.me/+kj6kECpg0343Y2E0,BUY GOLD @ 4073.0,FAILED,MT5 execution failed — check broker logs,940
2026-08-03 05:11:01,Account 2,JOSEFINA TRADER0,XAUUSD SELL NOW @ 4078  TP-1 4070 TP-2 4060 TP-3 4050  CONFIRM SL,SELL GOLD @ 4078.0,FAILED,MT5 execution failed — check broker logs,941
2026-08-03 05:11:49,Account 2,JOSEFINA TRADER0,GOLD SELL NOW  SL TP HERE   https://t.me/+mSABzChJqFo0MDk0,SELL GOLD @ None,FAILED,MT5 execution failed — check broker logs,942
2026-08-03 05:30:21,Account 2,JOSEFINA TRADER0,XAUUSD SELL NOW @ 4078  TP-1 4070 TP-2 4060 TP-3 4050  CONFIRM SL,SELL GOLD @ 4078.0,SUCCESS,Trade executed successfully on MT5,943
2026-08-03 05:34:25,Account 2,JOSEFINA TRADER0,XAUUSD /GOLD    BIG SIGNAL  TARGET 600 PIPS  SL TP  XAUUSD CONFIRM SIGNAL POSTED,SELL GOLD @ None,FAILED,MT5 execution failed — check broker logs,944
2026-08-03 05:35:51,Account 2,JOSEFINA TRADER0,GOLD BUY 4073 https://t.me/+kj6kECpg0343Y2E0,BUY GOLD @ 4073.0,FAILED,MT5 execution failed — check broker logs,945
2026-08-03 06:05:45,Account 2,Binance Killers® VIP,SIGNAL ID: #2196 COIN: $ALGO/USDT (2-5x)   Direction: LONG  ENTRY: 0.0840 - 0.0850  TARGETS: 0.0890  0.0935  0.0985 - 0.1040 - 0.1100 - 0.1175 - 0.126...,LONG $ALGO/USDT @ 0.0845,REJECTED,"Telegram Crypto Restriction: Symbol '$ALGO/USDT' rejected. Forex, Gold & Silver only.",946
2026-08-03 06:06:09,Account 2,RaSrasanForex,LIFETIME FREE FOR 07 MEMBERSXAUUSD   https://t.me/+mlX5dpQacUZjZmM8,N/A,FAILED,Trigger could not parse a valid trade structure from this signal,947
2026-08-03 06:06:30,Account 1,Binance Killers® VIP,SIGNAL ID: #2196 COIN: $ALGO/USDT (2-5x)   Direction: LONG  ENTRY: 0.0840 - 0.0850  TARGETS: 0.0890  0.0935  0.0985 - 0.1040 - 0.1100 - 0.1175 - 0.126...,LONG $ALGO/USDT @ 0.0845,REJECTED,"Telegram Crypto Restriction: Symbol '$ALGO/USDT' rejected. Forex, Gold & Silver only.",948
2026-08-03 06:17:41,Account 2,RaSrasanForex,GOLD BUY 4073 https://t.me/+kj6kECpg0343Y2E0,BUY GOLD @ 4073.0,FAILED,MT5 execution failed — check broker logs,949
2026-08-03 06:24:57,Account 2,RaSrasanForex,GOLD SELL NOW   TP  TP  SL     3     https://t.me/+rI3sHLGfYzZmZmFk,SELL GOLD @ None,FAILED,MT5 execution failed — check broker logs,950
2026-08-03 06:26:36,Account 2,CULERSFOREX™,XAUUSD SELL SELL 4110 USE BIG LOT  SL & TP   https://t.me/+ThKNYgJLeqNjMTA0  https://t.me/+ThKNYgJLeqNjMTA0 1 year free join,SELL GOLD @ 4110,FAILED,MT5 execution failed — check broker logs,951
2026-08-03 06:31:43,Account 1,King Crypto Scalp [ LIVE ],PAIR: APEUSDT  TYPE: SHORT LEVERAGE: Cross 20x   Entry Targets: 1) 0.1313 2) 0.1366 (DCA)  Take-Profit Targets: 0.1306 - 0.13 - 0.1293 - 0.1274 - 0.12...,BUY GOLD @ None,FAILED,MT5 execution failed — check broker logs,952
2026-08-03 06:35:17,Account 2,Sureshot FX VIP,EURUSD SELL 1.1542  SL:  1.1592 TP:  1.1392 --Trade by Lucas,SELL EURUSD @ 1.1542,SUCCESS,Trade executed successfully on MT5,953
2026-08-03 06:35:25,Account 2,Sureshot FX 🎯,EURUSD SELL 1.1542  SL:  1.1592 TP:  1.1392 --Trade by Lucas,SELL EURUSD @ 1.1542,FAILED,MT5 execution failed — check broker logs,954
2026-08-03 06:35:54,Account 1,King Crypto Scalp [ LIVE ],"Binance Futures, Bitget Futures, ByBit USDT, OKX Futures, KuCoin Futures #APE/USDT Closed due to opposite direction signal ",SELL GOLD @ 4068.0,FAILED,MT5 execution failed — check broker logs,955
2026-08-03 06:36:11,Account 1,King Crypto Scalp [ LIVE ],PAIR: APEUSDT  TYPE: SHORT LEVERAGE: Cross 20x   Entry Targets: 1) 0.1313 2) 0.1366 (DCA)  Take-Profit Targets: 0.1306 - 0.13 - 0.1293 - 0.1274 - 0.12...,BUY GOLD @ None,FAILED,MT5 execution failed — check broker logs,956
2026-08-03 06:43:39,Account 2,RaSrasanForex,GOLD SELL ALERT  https://t.me/+IqEJZuAclVYxMDdk  https://t.me/+IqEJZuAclVYxMDdk  XAUUSD  Check,SELL GOLD @ None,FAILED,MT5 execution failed — check broker logs,957
2026-08-03 06:44:17,Account 2,RaSrasanForex,GOLD SELL ALERT  https://t.me/+IqEJZuAclVYxMDdk  https://t.me/+IqEJZuAclVYxMDdk  XAUUSD  Check,SELL GOLD @ None,FAILED,MT5 execution failed — check broker logs,958
2026-08-03 06:49:58,Account 2,CULERSFOREX™,GOLD BUY 4050  TP 4053  TP 4056  TP 4059  TP 4061  TP 4064  TP 4067  SL 40040,BUY GOLD @ 4050.0,FAILED,MT5 execution failed — check broker logs,959
2026-08-03 06:51:09,Account 2,CULERSFOREX™,GOLD BUY 4050  TP 4053  TP 4056  TP 4059  TP 4061  TP 4064  TP 4067  SL 4040,BUY GOLD @ 4050.0,FAILED,MT5 execution failed — check broker logs,960
2026-08-03 06:52:08,Account 2,RaSrasanForex,GOLD BUY NOW 4048,BUY GOLD @ 4048.0,FAILED,MT5 execution failed — check broker logs,961
2026-08-03 06:52:57,Account 2,RaSrasanForex,GOLD BUY NOW 4048  TP 4050 TP 4052 TP 4054 TP 4056 TP 4058 TP 4060  SL. 4036,BUY GOLD @ 4048.0,FAILED,MT5 execution failed — check broker logs,962
2026-08-03 07:11:25,Account 2,JOSEFINA TRADER0,GOLD NOW 4070  PLEASE don't SHARE this link  once you join   12k https://t.me/+4i_GvOpyt1UY2I8 https://t.me/+4i_GvOpyt1U0Y2I8 ITS A SECRET,SELL GOLD @ 4070.0,FAILED,MT5 execution failed — check broker logs,963
2026-08-03 07:15:17,Account 2,JOSEFINA TRADER0,GOLD SELL NOW  SL TP HERE   https://t.me/+mSABzChJqFo0MDk0,SELL GOLD @ None,FAILED,MT5 execution failed — check broker logs,964
2026-08-03 07:28:26,Account 2,SureShot GOLD (VIP),XAUUSD SELL 4057.95  SL:  4067.95 TP:  4037.95 --Trade by Grace,SELL GOLD @ 4057.95,FAILED,MT5 execution failed — check broker logs,965
2026-08-03 07:49:08,Account 2,Forex Trading Tips," August 03, 2026 - Key Level to watch for XAUUSD   Gold started the week with a gap up and is now pulling back to fill the gap.  On the higher timefra...",SELL GOLD @ None,FAILED,MT5 execution failed — check broker logs,966
2026-08-03 08:06:31,Account 1,Coin Chief, Trade: #MANA/USDT  Direction:  LONG    Entry Range: 0.06738 - 0.06500   StopLoss: 0.06360   Target 1: 0.06805  Target 2: 0.06873  Target 3: 0.06951  ...,BUY MANA @ 0.06738,REJECTED,"Telegram Crypto Restriction: Symbol 'MANA' rejected. Forex, Gold & Silver only.",967
2026-08-03 08:21:10,Account 2,SureShot GOLD (VIP),XAUUSD SELL LIMIT 4063  SL:  4073.0 TP:  4043.0 --Trade by Grace,SELL LIMIT GOLD @ 4063.0,FAILED,MT5 execution failed — check broker logs,968
2026-08-03 08:31:36,Account 2,JOSEFINA TRADER0,XAUUSD sell4060,SELL GOLD @ 4060.0,FAILED,MT5 execution failed — check broker logs,969
2026-08-03 08:33:22,Account 2,JOSEFINA TRADER0,XAUUSD SELL 4060 TP 4057 TP 4054 TP 4051 TP 4048 TP 4045 SL 4072 Use proper money management me,SELL GOLD @ 4060.0,FAILED,MT5 execution failed — check broker logs,970
2026-08-03 08:49:17,Account 1,King Crypto Scalp [ LIVE ],#APE/USDT Take-Profit target 1  Profit: 10.6626%  Period: 2 hr 12 min ,SELL GOLD @ 4068.0,FAILED,MT5 execution failed — check broker logs,971
2026-08-03 09:01:30,Account 1,King Crypto Scalp [ LIVE ],"OKX Futures, Binance Futures, ByBit USDT, Bitget Futures, KuCoin Futures #LDO/USDT Closed due to opposite direction signal ",N/A,FAILED,Trigger could not parse a valid trade structure from this signal,972
2026-08-03 09:01:30,Account 1,King Crypto Scalp [ LIVE ],PAIR: LDOUSDT  TYPE: SHORT LEVERAGE: Cross 20x   Entry Targets: 1) 0.3236 2) 0.343 (DCA)  Take-Profit Targets: 0.3213 - 0.3194 - 0.3155 - 0.3107 - 0.3...,N/A,FAILED,Trigger could not parse a valid trade structure from this signal,973
2026-08-03 09:01:36,Account 1,King Crypto Scalp [ LIVE ],PAIR: LDOUSDT  TYPE: SHORT LEVERAGE: Cross 20x   Entry Targets: 1) 0.3236 2) 0.343 (DCA)  Take-Profit Targets: 0.3213 - 0.3194 - 0.3155 - 0.3107 - 0.3...,N/A,FAILED,Trigger could not parse a valid trade structure from this signal,974
2026-08-03 09:18:09,Account 1,King Crypto Scalp [ LIVE ],#APE/USDT Take-Profit target 2  Profit: 15.2323%  Period: 2 hr 41 min ,SELL GOLD @ 4068.0,FAILED,MT5 execution failed — check broker logs,975
2026-08-03 16:36:17,Account 2,RaSrasanForex,GOLD NOW 4070  PLEASE don't SHARE this link  once you join   https://t.me/+4i_GvOpyt1U0Y2I8 https://t.me/+4i_GvOpyt1U0Y2I8 ITS A SECRET,N/A,FAILED,Trigger could not parse a valid trade structure from this signal,976
2026-08-03 16:39:53,Account 1,King Crypto Scalp [ LIVE ],#ENJ/USDT Take-Profit target 1  Profit: 8.9395%  Period: 4 hr 53 min ,BUY #ENJ/USDT @ None,REJECTED,"Telegram Crypto Restriction: Symbol '#ENJ/USDT' rejected. Forex, Gold & Silver only.",977
2026-08-03 16:40:00,Account 1,DUBAI CAPITAL FX GROUP 3,GOLD SELL 4052_4055  SL  4068  TP 4048 TP 4045 TP 4042 TP 4038 TP 4035 TP 4032 TP 4025  FOLLOW MONEY MANAGEMENT,N/A,FAILED,Trigger could not parse a valid trade structure from this signal,978
2026-08-03 16:45:21,Account 2,RaSrasanForex,GOLD SELL NOW  USE BIG LOT  SL & TP    https://t.me/+PMr8lo4d61JlYzFk https://t.me/+PMr8lo4d61JlYzFk  Lifetime Free POSTED,SELL GOLD @ None,FAILED,MT5 execution failed — check broker logs,979
2026-08-03 17:07:47,Account 2,GOLD Scalper,XAUUSD BUY 4050-48  TP 1 : 4055 TP 2 : 4060 TP 3 : 4065 TP 4 : 4085  SL : 4033,N/A,FAILED,Trigger could not parse a valid trade structure from this signal,980
2026-08-03 17:08:23,Account 1,DUBAI CAPITAL FX GROUP 3,GOLD SELL 4052_4055  SL  4068  TP 4048 TP 4045 TP 4042 TP 4038 TP 4035 TP 4032 TP 4025  FOLLOW MONEY MANAGEMENT,SELL GOLD @ 4052.0,FAILED,MT5 execution failed — check broker logs,981
2026-08-03 17:24:02,Account 2,CULERSFOREX™,GOLD / XAUUSD  BIG SIGNAL  TARGET 200 PIPS  SL TP  https://t.me/+FdX6JDlMMv00ZDFk https://t.me/+FdX6JDlMMv00ZDFk  FAST OPEN FOR 3 MINUTES  https://t.m...,SELL GOLD @ None,FAILED,MT5 execution failed — check broker logs,982
2026-08-03 17:32:40,Account 2,RaSrasanForex,GOLD SELL NOW  USE BIG LOT  SL & TP    https://t.me/+PMr8lo4d61JlYzFk https://t.me/+PMr8lo4d61JlYzFk  Lifetime Free POSTED,SELL GOLD @ None,FAILED,MT5 execution failed — check broker logs,983
2026-08-03 17:42:35,Account 2,JOSEFINA TRADER0,XAUUSD gold 4076 I will delete the link After two minutes   https://t.me/+kHLn7vqfbtxkZDY0 https://t.me/+kHLn7vqfbtxkZDY0  600+ PIPS TARGET ,N/A,FAILED,Trigger could not parse a valid trade structure from this signal,984
2026-08-03 17:43:06,Account 2,JOSEFINA TRADER0,GOLD SELL NOW  USE BIG LOT  SL & TP    https://t.me/+PMr8lo4d61JlYzFk https://t.me/+PMr8lo4d61JlYzFk  Lifetime Free POSTED,SELL GOLD @ None,FAILED,MT5 execution failed — check broker logs,985
2026-08-03 17:45:54,Account 1,King Crypto Scalp [ LIVE ],#AXS/USDT Entry 1  Average Entry Price: 0.822 ,N/A,FAILED,Trigger could not parse a valid trade structure from this signal,986
2026-08-03 17:46:03,Account 1,King Crypto Scalp [ LIVE ],PAIR: AXSUSDT  TYPE: SHORT LEVERAGE: Cross 20x   Entry Targets: 1) 0.822 2) 0.8631 (DCA)  Take-Profit Targets: 0.8162 - 0.8113 - 0.8015 - 0.7891 - 0.7...,N/A,FAILED,Trigger could not parse a valid trade structure from this signal,987
2026-08-03 17:53:37,Account 2,JOSEFINA TRADER0,XAUUSD gold 4076 I will delete the link After two minutes   https://t.me/+kHLn7vqfbtxkZDY0 https://t.me/+kHLn7vqfbtxkZDY0  600+ PIPS TARGET ,N/A,FAILED,Trigger could not parse a valid trade structure from this signal,988
2026-08-03 18:02:16,Account 2,JOSEFINA TRADER0,XAUUSD sell4050,N/A,FAILED,Trigger could not parse a valid trade structure from this signal,989
2026-08-03 18:03:09,Account 2,JOSEFINA TRADER0,XAUUSD SELL 4050 TP 4047 TP 4044 TP 4041 TP 4038 TP 4035 SL 4062 Use proper money management me,N/A,FAILED,Trigger could not parse a valid trade structure from this signal,990
2026-08-03 18:12:19,Account 2,Sureshot FX VIP,EURNZD BUY 1.9638  SL:  1.9588 TP:  1.9788 --Trade by David,BUY EURNZD @ 1.9638,SUCCESS,Trade executed successfully on MT5,991
2026-08-03 18:13:11,Account 2,RaSrasanForex,XAUUSD SURE CALL ,N/A,FAILED,Trigger could not parse a valid trade structure from this signal,992
2026-08-03 18:14:31,Account 2,JOSEFINA TRADER0,Gold Buy @ 4040 Sl: @ 4030 TP: @ 4050 lot size 0.30 Confirm 99%  https://t.me/+WOWlDnpKRv41MzE0 https://t.me/+WOWlDnpKRv41MzE0,N/A,FAILED,Trigger could not parse a valid trade structure from this signal,993
2026-08-03 18:17:01,Account 2,JOSEFINA TRADER0,XAUUSD SURE CALL ,BUY GOLD @ None,FAILED,MT5 execution failed — check broker logs,994
2026-08-03 18:24:43,Account 2,RaSrasanForex,LIFETIME FREE FOR 07 MEMBERSXAUUSD   https://t.me/+mlX5dpQacUZjZmM8,SELL GOLD @ 4068.0,FAILED,MT5 execution failed — check broker logs,995
2026-08-03 18:32:49,Account 1,Crypto Radar, #Free Signal   Short  Pair: #IOST/USDT   Entry Price:   1) 0.00061020 2) 0.00062850   Targets:  1) 0.00060662 2) 0.00059374 3) 0.00058086 4) 0.000567...,N/A,FAILED,Trigger could not parse a valid trade structure from this signal,996
2026-08-03 18:49:16,Account 1,Crypto Radar, VIP Signal   Long  Pair: #IOTA/USDT   Entry Price:   1) 0.032640 2) 0.031660   Targets:  1) 0.032827 2) 0.033509 3) 0.034191 4) 0.034873  Stop Loss: ...,N/A,FAILED,Trigger could not parse a valid trade structure from this signal,997
2026-08-03 18:56:12,Account 1,XAUUSD ACCURATE SiGNALS,Gold buy 4038/35 Sl 4032 Tp 4042 Tp 4047 Tp 4052/65/4105/ Opn   @Proazam1978,N/A,FAILED,Trigger could not parse a valid trade structure from this signal,998
2026-08-03 18:56:48,Account 2,Sureshot FX VIP,USDJPY BUY 156.62  SL:  156.12 TP:  158.12 --Trade by William,BUY USDJPY @ None,SUCCESS,Trade executed successfully on MT5,999
2026-08-03 18:59:09,Account 1,Crypto Radar,Drop update   50% from #NEO setup ,N/A,FAILED,Trigger could not parse a valid trade structure from this signal,1000
2026-08-03 19:11:09,Account 1,"Mr.DAVID, XAU/USD CLUB",#XAUUSD BUY...4025....4021  SL: 4012  TP1: 4030 TP2: 4034 TP3: 4038 TP4: 4042 TP5: 4048,N/A,FAILED,Trigger could not parse a valid trade structure from this signal,1001
2026-08-03 19:19:53,Account 1,XAUUSD ACCURATE SiGNALS,Gold buy 4018/15 Sl 4009 Tp 4025 Tp 4030 Tp 4035/65/4105/ Opn   @Proazam1978  Scalping buy,N/A,FAILED,Trigger could not parse a valid trade structure from this signal,1002
2026-08-03 19:21:51,Account 2,Forexero - Forex Signals,XAU/USD  Direction: BUY Entry Price: 4030.00  TP1       4035.00 TP2       4040.00 TP3       4050.00  SL          4010.00,N/A,FAILED,Trigger could not parse a valid trade structure from this signal,1003
2026-08-03 19:24:38,Account 2,RaSrasanForex,GOLD / XAUUSD  BIG SIGNAL  TARGET 200 PIPS  SL TP   https://t.me/+QhxRephKT8diYzU0 https://t.me/+j0f3bG2NOJtlYmE8  FAST OPEN FOR 3 MINUTES,N/A,FAILED,Trigger could not parse a valid trade structure from this signal,1004
2026-08-03 19:34:42,Account 2,Forexero - Forex Signals,XAU/USD HIT TP1: +50 pips,N/A,FAILED,Trigger could not parse a valid trade structure from this signal,1005
2026-08-03 19:44:16,Account 2,Sureshot FX VIP,AUDJPY BUY 110.04  SL:  109.54 TP:  111.54 --Trade by Lucas,BUY AUDJPY @ 110.04,SUCCESS,Trade executed successfully on MT5,1006
2026-08-03 21:08:51,Account 2,Binance Killers® VIP,SIGNAL ID: #2196 COIN: $ALGO/USDT (2-5x) Direction: LONG  Target 1: 0.0890  23.5% Profit (5x)  UPGRADE / RENEW     - Binance Killers,N/A,FAILED,Trigger could not parse a valid trade structure from this signal,1007
2026-08-03 21:09:08,Account 1,Binance Killers® VIP,SIGNAL ID: #2196 COIN: $ALGO/USDT (2-5x) Direction: LONG  Target 1: 0.0890  23.5% Profit (5x)  UPGRADE / RENEW     - Binance Killers,BUY ALGO/USDT @ None,REJECTED,"Telegram Crypto Restriction: Symbol 'ALGO/USDT' rejected. Forex, Gold & Silver only.",1008
2026-08-03 21:18:43,Account 2,GOLD Trader Dan,XAUUSD SMASHED 210 PIPS ,SELL GOLD @ None,FAILED,MT5 execution failed — check broker logs,1009
2026-08-03 21:19:44,Account 2,JOSEFINA TRADER0,XAUUSD sell4040,SELL GOLD @ 4040.0,FAILED,MT5 execution failed — check broker logs,1010
2026-08-03 21:20:49,Account 2,JOSEFINA TRADER0,XAUUSD SELL 4040 TP 4037 TP 4034 TP 4031 TP 4028 TP 4025 SL 4050 Use proper money management me,SELL GOLD @ 4040.0,FAILED,MT5 execution failed — check broker logs,1011
2026-08-03 21:25:40,Account 2,Forexero - Forex Signals,XAU/USD HIT TP2: +100 pips,SELL GOLD @ 4068.0,FAILED,MT5 execution failed — check broker logs,1012
2026-08-03 21:41:27,Account 1,King Crypto Scalp [ LIVE ],#ENJ/USDT Entry 1  Average Entry Price: 0.02548 ,N/A,FAILED,Trigger could not parse a valid trade structure from this signal,1013
2026-08-03 21:41:34,Account 1,King Crypto Scalp [ LIVE ],PAIR: GALAUSDT  TYPE: LONG LEVERAGE: Cross 20x   Entry Targets: 1) 0.0018 2) 0.0017 (DCA)  Take-Profit Targets: 0.0018 - 0.0018 - 0.0018 - 0.0019 - 0....,N/A,FAILED,Trigger could not parse a valid trade structure from this signal,1014
2026-08-03 21:41:41,Account 1,King Crypto Scalp [ LIVE ],PAIR: ENJUSDT  TYPE: LONG LEVERAGE: Cross 20x   Entry Targets: 1) 0.02548 2) 0.0245 (DCA)  Take-Profit Targets: 0.0256 - 0.0257 - 0.0259 - 0.0262 - 0....,N/A,FAILED,Trigger could not parse a valid trade structure from this signal,1015
2026-08-03 21:47:24,Account 1,Crypto Radar, #Free Signal   Short  Pair: #TRX/USDT   Entry Price:   1) 0.32928 2) 0.33915   Targets:  1) 0.32735 2) 0.32040 3) 0.31344 4) 0.30649  Stop Loss: 0.35...,None #TRX/USDT @ 0.33915,REJECTED,"Telegram Crypto Restriction: Symbol '#TRX/USDT' rejected. Forex, Gold & Silver only.",1016
2026-08-03 22:55:56,Account 1,"Mr.DAVID, XAU/USD CLUB",SELL ZONE: 40344040 Aggressive Entry: 40344037 SL: 4048 TP1: 4021.5 TP2: 4006.2 TP3: 3983 Extended TP: 3970.4 ,SELL GOLD @ 4068.0,FAILED,MT5 execution failed — check broker logs,1017
2026-08-03 23:37:57,Account 1,King Crypto Scalp [ LIVE ],#APT/USDT Take-Profit target 2  Profit: 14.9648%  Period: 1 day 8 hr ,SELL GOLD @ 4068.0,SUCCESS,Trade executed successfully on MT5,1018
2026-08-04 00:02:58,Account 1,King Crypto Scalp [ LIVE ],PAIR: SFPUSDT  TYPE: LONG LEVERAGE: Cross 20x   Entry Targets: 1) 0.2157 2) 0.2049 (DCA)  Take-Profit Targets: 0.2172 - 0.2185 - 0.2211 - 0.2243 - 0.2...,BUY EURUSD @ None,SUCCESS,Trade executed successfully on MT5,1019
2026-08-04 00:57:37,Account 2,Forexero - Forex Signals,XAU/USD HIT TP3: +200 pips,N/A,FAILED,Trigger could not parse a valid trade structure from this signal,1020
2026-08-04 02:03:50,Account 1,King Crypto Scalp [ LIVE ],#APT/USDT Take-Profit target 3  Profit: 19.9531%  Period: 1 day 11 hr ,N/A,FAILED,Trigger could not parse a valid trade structure from this signal,1021
2026-08-04 02:33:40,Account 1,King Crypto Scalp [ LIVE ],#LDO/USDT Entry 1  Average Entry Price: 0.3320 ,BUY GOLD @ 0.332,REJECTED,Price sanity fail: entry 0.332 is 100.0% from live 4055.73000,1022
2026-08-04 02:33:41,Account 1,King Crypto Scalp [ LIVE ],PAIR: LDOUSDT  TYPE: LONG LEVERAGE: Cross 20x   Entry Targets: 1) 0.332 2) 0.3121 (DCA)  Take-Profit Targets: 0.3343 - 0.3363 - 0.3403 - 0.3453 - 0.35...,N/A,FAILED,Trigger could not parse a valid trade structure from this signal,1023
2026-08-04 02:34:34,Account 1,King Crypto Scalp [ LIVE ],#GRT/USDT Take-Profit target 3  Profit: 33.5864%  Period: 1 day 13 hr ,BUY LIMIT #GRT/USDT @ None,REJECTED,"Telegram Crypto Restriction: Symbol '#GRT/USDT' rejected. Forex, Gold & Silver only.",1024
2026-08-04 03:48:41,Account 1,King Crypto Scalp [ LIVE ],#AVAX/USDT Entry 1  Average Entry Price: 6.578 ,SELL GOLD @ 4068.0,SUCCESS,Trade executed successfully on MT5,1025
2026-08-04 03:48:43,Account 1,King Crypto Scalp [ LIVE ],"KuCoin Futures, OKX Futures, Bitget Futures, Binance Futures, ByBit USDT #SAND/USDT Closed due to opposite direction signal ",N/A,FAILED,Trigger could not parse a valid trade structure from this signal,1026
2026-08-04 03:48:52,Account 1,King Crypto Scalp [ LIVE ],PAIR: AVAXUSDT  TYPE: LONG LEVERAGE: Cross 20x   Entry Targets: 1) 6.578 2) 6.3149 (DCA)  Take-Profit Targets: 6.624 - 6.6635 - 6.7425 - 6.8411 - 6.97...,N/A,FAILED,Trigger could not parse a valid trade structure from this signal,1027
2026-08-04 04:33:26,Account 1,King Crypto Scalp [ LIVE ],#BTC/USDT Entry 1  Average Entry Price: 63618 ,BUY GOLD @ None,SUCCESS,Trade executed successfully on MT5,1028
2026-08-04 04:33:28,Account 1,King Crypto Scalp [ LIVE ],PAIR: BTCUSDT  TYPE: LONG LEVERAGE: Cross 20x   Entry Targets: 1) 63618 2) 60437.1 (DCA)  Take-Profit Targets: 64063.326 - 64445.034 - 65208.45 - 6616...,N/A,FAILED,Trigger could not parse a valid trade structure from this signal,1029
2026-08-04 05:15:31,Account 2,Binance Killers® VIP,SIGNAL ID: #2197 COIN: $ATOM/USDT (2-5x)   Direction: LONG  ENTRY: 1.325 - 1.335  TARGETS: 1.400  1.475  1.550 - 1.625 - 1.700 - 1.800 - 1.900 - 2.000...,N/A,FAILED,Trigger could not parse a valid trade structure from this signal,1030
2026-08-04 05:15:34,Account 1,Binance Killers® VIP,SIGNAL ID: #2197 COIN: $ATOM/USDT (2-5x)   Direction: LONG  ENTRY: 1.325 - 1.335  TARGETS: 1.400  1.475  1.550 - 1.625 - 1.700 - 1.800 - 1.900 - 2.000...,N/A,FAILED,Trigger could not parse a valid trade structure from this signal,1031
2026-08-04 05:47:08,Account 2,JOSEFINA TRADER0,XAUUSD sell4063,SELL GOLD @ 4063.0,FAILED,MT5 execution failed — check broker logs,1032
2026-08-04 05:48:13,Account 2,JOSEFINA TRADER0,XAUUSD SELL 4063 TP 4060 TP 4057 TP 4054 TP 4051 TP 4048 SL 4074 Use proper money management me,SELL GOLD @ 4063.0,FAILED,MT5 execution failed — check broker logs,1033
2026-08-04 05:55:19,Account 2,RaSrasanForex,XAUUSD BUY (4070/4073)  500+ PIPS TARGET   SL & TP   JUST CLICK AND JOIN  https://t.me/+yYovBDJ06xQzYzI0 https://t.me/+yYovBDJ06xQzYzI0  https://t.me/...,BUY GOLD @ 4070.0,FAILED,MT5 execution failed — check broker logs,1034
2026-08-04 05:57:47,Account 2,JOSEFINA TRADER0,GOLD NOW Confirmed signal   TP  TP  SL     3   ,BUY GOLD @ None,FAILED,MT5 execution failed — check broker logs,1035
2026-08-04 06:03:29,Account 1,Crypto Radar, #Free Signal   Long  Pair: #XTZ/USDT   Entry Price:   1) 0.200400 2) 0.194388   Targets:  1) 0.201550 2) 0.205737 3) 0.209923 4) 0.214110  Stop Loss:...,BUY #XTZ/USDT @ 0.194388,REJECTED,"Telegram Crypto Restriction: Symbol '#XTZ/USDT' rejected. Forex, Gold & Silver only.",1036
2026-08-04 06:04:15,Account 2,JOSEFINA TRADER0,XAUUSD gold 4076 I will delete the link After two minutes   https://t.me/+kHLn7vqfbtxkZDY0 https://t.me/+kHLn7vqfbtxkZDY0  600+ PIPS TARGET ,SELL GOLD @ 4076.0,FAILED,MT5 execution failed — check broker logs,1037
2026-08-04 06:29:27,Account 2,Forex Trading Tips," August 04, 2026 - Key Level to watch for XAUUSD   Gold is currently ranging between 4027  4063. For now, the priority is to wait for a confirmed brea...",BUY LIMIT GOLD @ None,SUCCESS,Trade executed successfully on MT5,1038
2026-08-04 06:31:12,Account 2,JOSEFINA TRADER0,XAUUSD gold 4076 I will delete the link After two minutes   https://t.me/+kHLn7vqfbtxkZDY0 https://t.me/+kHLn7vqfbtxkZDY0  600+ PIPS TARGET ,SELL GOLD @ 4076.0,FAILED,MT5 execution failed — check broker logs,1039
2026-08-04 06:33:44,Account 1,"Mr.DAVID, XAU/USD CLUB",XAUUSD  SELL : 4052.5004055.700 SL: 4065 TP1: 4045 TP2: 4040 TP3: 4035 Extended TP: 4025,SELL GOLD @ 4052.5,FAILED,MT5 execution failed — check broker logs,1040
2026-08-04 06:48:36,Account 1,King Crypto Scalp [ LIVE ],#AVAX/USDT Take-Profit target 1  Profit: 13.986%  Period: 2 hr 57 min ,BUY LIMIT #AVAX/USDT @ None,REJECTED,"Telegram Crypto Restriction: Symbol '#AVAX/USDT' rejected. Forex, Gold & Silver only.",1041
2026-08-04 06:53:36,Account 2,RaSrasanForex,GOLD Sell New 4050,SELL GOLD @ None,FAILED,MT5 execution failed — check broker logs,1042
2026-08-04 06:53:41,Account 2,RaSrasanForex,GOLD Sell NEW 4050  TP. 4048 TP. 4046 TP. 4044 TP. 4042 TP. 4040 TP. 4038  SL. 4062,N/A,FAILED,Trigger could not parse a valid trade structure from this signal,1043
2026-08-04 06:55:35,Account 1,King Crypto Scalp [ LIVE ],#AVAX/USDT Take-Profit target 2  Profit: 19.9149%  Period: 3 hr 9 min ,BUY LIMIT #AVAX/USDT @ None,REJECTED,"Telegram Crypto Restriction: Symbol '#AVAX/USDT' rejected. Forex, Gold & Silver only.",1044
2026-08-04 07:03:42,Account 1,Crypto Radar, VIP Signal   Long  Pair: #RLC/USDT   Entry Price:   1) 0.2542 2) 0.2465   Targets:  1) 0.2556 2) 0.2609 3) 0.2662 4) 0.2715  Stop Loss: 0.2381  Lever...,BUY #RLC/USDT @ 0.2465,REJECTED,"Telegram Crypto Restriction: Symbol '#RLC/USDT' rejected. Forex, Gold & Silver only.",1045
2026-08-04 07:17:54,Account 1,King Crypto Scalp [ LIVE ],#AVAX/USDT Take-Profit target 3  Profit: 29.8976%  Period: 3 hr 19 min ,SELL LIMIT #AVAX/USDT @ None,REJECTED,"Telegram Crypto Restriction: Symbol '#AVAX/USDT' rejected. Forex, Gold & Silver only.",1046
2026-08-04 07:18:08,Account 1,King Crypto Scalp [ LIVE ],#AVAX/USDT Take-Profit target 4  Profit: 42.4141%  Period: 3 hr 25 min ,BUY LIMIT #AVAX/USDT @ 4,REJECTED,"Telegram Crypto Restriction: Symbol '#AVAX/USDT' rejected. Forex, Gold & Silver only.",1047
2026-08-04 07:31:48,Account 2,SureShot GOLD (VIP),XAUUSD SELL LIMIT 4066  SL:  4076.0 TP:  4046.0 --Trade by Grace,SELL LIMIT GOLD @ 4066.0,FAILED,MT5 execution failed — check broker logs,1048
2026-08-04 07:36:48,Account 2,RaSrasanForex,GOLD Sell New 4060,SELL GOLD @ 4060.0,FAILED,MT5 execution failed — check broker logs,1049
2026-08-04 07:36:53,Account 2,RaSrasanForex,GOLD Sell NEW 4060  TP. 4058 TP. 4056 TP. 4054 TP. 4052 TP. 4050 TP. 4048  SL. 4072,N/A,FAILED,Trigger could not parse a valid trade structure from this signal,1050
2026-08-04 07:43:44,Account 2,JOSEFINA TRADER0,GOLD SELL NOW   TP  TP  SL     3     https://t.me/+rI3sHLGfYzZmZmFk,SELL GOLD @ None,FAILED,MT5 execution failed — check broker logs,1051
2026-08-04 07:44:59,Account 2,JOSEFINA TRADER0, #XAUUSD SELL NOW 4194   SL :#see in channal   TP: #see in channalhttps://t.me/+a83aqkbVs5BmNDJk https://t.me/+a83aqkbVs5BmNDJk LINK EXPIRE IN 5 MN ,SELL GOLD @ 4194.0,FAILED,MT5 execution failed — check broker logs,1052
2026-08-04 07:48:36,Account 2,JOSEFINA TRADER0, XAUUSD BUY         Click to see      https://t.me/+GsL55QphK3liNmVk https://t.me/+_kaTvJNHEq5lNzVk,BUY GOLD @ None,FAILED,MT5 execution failed — check broker logs,1053
2026-08-04 07:52:21,Account 2,JOSEFINA TRADER0,GOLD SELL NOW   TP  TP  SL     3     https://t.me/+rI3sHLGfYzZmZmFk,SELL GOLD @ None,FAILED,MT5 execution failed — check broker logs,1054
2026-08-04 07:55:58,Account 2,JOSEFINA TRADER0,GOLD SELL NOW   TP  TP  SL     3     https://t.me/+rI3sHLGfYzZmZmFk,SELL GOLD @ None,FAILED,MT5 execution failed — check broker logs,1055
2026-08-04 08:02:23,Account 1,DUBAI CAPITAL FX GROUP 3,GOLD SELL 4058_4062  SL_ 4072  TP 4055 TP 4052 TP 4049 TP 4046 TP 4043 TP 4040 TP 4037 TP 4034 TP 4031,SELL GOLD @ 4058.0,FAILED,MT5 execution failed — check broker logs,1056
2026-08-04 08:08:25,Account 2,JOSEFINA TRADER0,XAUUSD sell4060,N/A,FAILED,Trigger could not parse a valid trade structure from this signal,1057
2026-08-04 08:08:59,Account 2,JOSEFINA TRADER0,XAUUSD SELL 4060 TP 4057 TP 4054 TP 4051 TP 4048 TP 4045 SL 4072 Use proper money management me,SELL GOLD @ 4060.0,FAILED,MT5 execution failed — check broker logs,1058
2026-08-04 08:19:45,Account 1,King Crypto Scalp [ LIVE ],#AVAX/USDT Take-Profit target 5  Profit: 57.8899%  Period: 4 hr 33 min ,BUY LIMIT #AVAX/USDT @ 5,REJECTED,"Telegram Crypto Restriction: Symbol '#AVAX/USDT' rejected. Forex, Gold & Silver only.",1059
2026-08-04 08:28:02,Account 2,JOSEFINA TRADER0,XAUUSD gold 4076 I will delete the link After two minutes   https://t.me/+kHLn7vqfbtxkZDY0 https://t.me/+kHLn7vqfbtxkZDY0  600+ PIPS TARGET ,SELL GOLD @ 4076.0,FAILED,MT5 execution failed — check broker logs,1060
2026-08-04 08:49:00,Account 2,RaSrasanForex, XAUUSD Buy 4040  TP 4043  TP 4046 TP 4049  TP 4052 TP 4055  SL 4029 https://t.me/+_0VwtF_qnCtmOTY0,N/A,FAILED,Trigger could not parse a valid trade structure from this signal,1061
2026-08-04 08:49:44,Account 1,DUBAI CAPITAL FX GROUP 3,GOLD SELL 4058_4062  SL_ 4072  TP 4055 TP 4052 TP 4049 TP 4046 TP 4043 TP 4040 TP 4037 TP 4034 TP 4031,SELL GOLD @ 4058.0,FAILED,MT5 execution failed — check broker logs,1062
2026-08-04 08:57:30,Account 2,RaSrasanForex, XAUUSD Buy 4040  TP 4043  TP 4046 TP 4049  TP 4052 TP 4055  SL 4029 https://t.me/+_0VwtF_qnCtmOTY0,BUY GOLD @ 4040.0,FAILED,MT5 execution failed — check broker logs,1063
2026-08-04 09:07:29,Account 2,RaSrasanForex,GOLD SELL ALERT  https://t.me/+IqEJZuAclVYxMDdk  https://t.me/+IqEJZuAclVYxMDdk  XAUUSD  Check,SELL GOLD @ None,FAILED,MT5 execution failed — check broker logs,1064
2026-08-04 09:14:56,Account 2,RaSrasanForex,XAUUSD BUY confirm entry   BIG BUY 300PIPS TARGET   CHECK SE Channel  https://t.me/+rRu5o5_YXAMwYWE0 https://t.me/+rRu5o5_YXAMwYWE0  ALL SIGNALS FREE ...,BUY GOLD @ None,FAILED,MT5 execution failed — check broker logs,1065
2026-08-04 09:16:48,Account 2,JOSEFINA TRADER0,GOLD SELL ALERT  https://t.me/+IqEJZuAclVYxMDdk  https://t.me/+IqEJZuAclVYxMDdk  XAUUSD  Check,N/A,FAILED,Trigger could not parse a valid trade structure from this signal,1066
2026-08-04 09:17:28,Account 2,JOSEFINA TRADER0, XAUUSD BUY         Click to see      https://t.me/+GsL55QphK3liNmVk https://t.me/+_kaTvJNHEq5lNzVk,BUY GOLD @ None,FAILED,MT5 execution failed — check broker logs,1067
2026-08-04 09:30:28,Account 2,RaSrasanForex, XAUUSD Buy 4040  TP 4043  TP 4046 TP 4049  TP 4052 TP 4055  SL 4029 https://t.me/+_0VwtF_qnCtmOTY0,BUY GOLD @ 4040.0,FAILED,MT5 execution failed — check broker logs,1068
2026-08-04 09:33:23,Account 1,King Crypto Scalp [ LIVE ],"Binance Futures, Bitget Futures, KuCoin Futures, ByBit USDT #ENJ/USDT Closed due to opposite direction signal ",N/A,FAILED,Trigger could not parse a valid trade structure from this signal,1069
2026-08-04 09:33:32,Account 1,King Crypto Scalp [ LIVE ],PAIR: ENJUSDT  TYPE: SHORT LEVERAGE: Cross 20x   Entry Targets: 1) 0.02502 2) 0.026 (DCA)  Take-Profit Targets: 0.0249 - 0.0248 - 0.0246 - 0.0243 - 0....,N/A,FAILED,Trigger could not parse a valid trade structure from this signal,1070
2026-08-04 09:34:05,Account 2,SureShot GOLD (VIP),XAUUSD BUY 4053.03  SL:  4043.03 TP:  4073.03 --Trade by Grace,BUY GOLD @ 4053.03,FAILED,MT5 execution failed — check broker logs,1071
2026-08-04 10:10:49,Account 1,King Crypto Scalp [ LIVE ],#ENJ/USDT Entry 1  Average Entry Price: 0.02502 ,BUY GOLD @ 0.02502,REJECTED,Price sanity fail: entry 0.02502 is 100.0% from live 4063.75000,1072
2026-08-04 10:17:33,Account 1,King Crypto Scalp [ LIVE ],#BTC/USDT Take-Profit target 1  Profit: 13.9992%  Period: 5 hr 46 min ,SELL EURUSD @ None,SUCCESS,Trade executed successfully on MT5,1073
2026-08-04 10:23:13,Account 2,Sureshot FX VIP,EURNZD SELL LIMIT 1.9630  SL:  1.968 TP:  1.948 --Trade by William,SELL EURNZD @ 1.963,SUCCESS,Trade executed successfully on MT5,1074
2026-08-04 10:23:26,Account 2,Sureshot FX 🎯,EURNZD SELL LIMIT 1.9630  SL:  1.968 TP:  1.948 --Trade by William,SELL EURNZD @ 1.963,SUCCESS,Trade executed successfully on MT5,1075
2026-08-04 10:37:20,Account 2,RaSrasanForex, XAUUSD Buy 4040  TP 4043  TP 4046 TP 4049  TP 4052 TP 4055  SL 4029 https://t.me/+_0VwtF_qnCtmOTY0,BUY GOLD @ 4040.0,SUCCESS,Trade executed successfully on MT5,1076
2026-08-04 10:41:06,Account 2,JOSEFINA TRADER0, SELL 4066   4060  4055  4050  4045  4030   4081 https://t.me/+stgPeDzdWspiMTM0,SELL GOLD @ 4066.0,SUCCESS,Trade executed successfully on MT5,1077
2026-08-04 10:45:46,Account 2,JOSEFINA TRADER0, SELL 4066   4060  4055  4050  4045  4030   4081 https://t.me/+stgPeDzdWspiMTM0,SELL GOLD @ 4066.0,SUCCESS,Trade executed successfully on MT5,1078
2026-08-04 10:48:26,Account 1,King Crypto Scalp [ LIVE ],#ENJ/USDT Take-Profit target 1  Profit: 9.5923%  Period: 1 hr 7 min ,N/A,FAILED,Trigger could not parse a valid trade structure from this signal,1079
2026-08-04 10:52:39,Account 2,JOSEFINA TRADER0, SELL 4066   4060  4055  4050  4045  4030   4081 https://t.me/+stgPeDzdWspiMTM0,SELL GOLD @ 4066.0,SUCCESS,Trade executed successfully on MT5,1080
2026-08-04 10:58:33,Account 2,RaSrasanForex, XAUUSD Buy 4040  TP 4043  TP 4046 TP 4049  TP 4052 TP 4055  SL 4029 https://t.me/+_0VwtF_qnCtmOTY0,N/A,FAILED,Trigger could not parse a valid trade structure from this signal,1081
2026-08-04 11:06:18,Account 1,"Mr.DAVID, XAU/USD CLUB",XAUUSD  SELL : 4063.5004066.700 SL: 4073 TP1: 4055 TP2: 4050 TP3: 4045 Extended TP: 4040,N/A,FAILED,Trigger could not parse a valid trade structure from this signal,1082
2026-08-04 11:18:19,Account 1,King Crypto Scalp [ LIVE ],#SFP/USDT Take-Profit target 2  Profit: 19.9351%  Period: 11 hr 15 min ,SELL GOLD @ 4068.0,FAILED,MT5 execution failed — check broker logs,1083
2026-08-04 11:18:34,Account 1,King Crypto Scalp [ LIVE ],#SFP/USDT Take-Profit target 1  Profit: 13.9082%  Period: 11 hr 14 min ,N/A,FAILED,Trigger could not parse a valid trade structure from this signal,1084
2026-08-04 11:20:14,Account 1,King Crypto Scalp [ LIVE ],#SFP/USDT Take-Profit target 3  Profit: 29.9799%  Period: 11 hr 18 min ,None #SFP/USDT @ None,REJECTED,"Telegram Crypto Restriction: Symbol '#SFP/USDT' rejected. Forex, Gold & Silver only.",1085
2026-08-04 12:33:29,Account 1,King Crypto Scalp [ LIVE ],#ADA/USDT Entry 1  Average Entry Price: 0.1955 ,N/A,FAILED,Trigger could not parse a valid trade structure from this signal,1086
2026-08-04 12:33:42,Account 1,King Crypto Scalp [ LIVE ],PAIR: ADAUSDT  TYPE: LONG LEVERAGE: Cross 20x   Entry Targets: 1) 0.1955 2) 0.1857 (DCA)  Take-Profit Targets: 0.1969 - 0.198 - 0.2004 - 0.2033 - 0.20...,N/A,FAILED,Trigger could not parse a valid trade structure from this signal,1087
2026-08-04 12:48:11,Account 1,King Crypto Scalp [ LIVE ],#ENJ/USDT Take-Profit target 2  Profit: 13.5891%  Period: 3 hr 8 min ,BUY #ENJ/USDT @ None,REJECTED,"Telegram Crypto Restriction: Symbol '#ENJ/USDT' rejected. Forex, Gold & Silver only.",1088
2026-08-04 12:55:38,Account 2,GOLD Scalper,XAUUSD BUY 4064-62  TP 1 : 4069 TP 2 : 4074 TP 3 : 4079 TP 4 : 4099  SL : 4047,N/A,FAILED,Trigger could not parse a valid trade structure from this signal,1089
2026-08-04 13:09:40,Account 1,Crypto Radar, #Free Signal   Long  Pair: #ZRX/USDT   Entry Price:   1) 0.0793 2) 0.0769   Targets:  1) 0.0797 2) 0.0814 3) 0.0830 4) 0.0847  Stop Loss: 0.0743  Lev...,N/A,FAILED,Trigger could not parse a valid trade structure from this signal,1090
2026-08-04 13:12:07,Account 2,SureShot GOLD (VIP),XAUUSD BUY 4064.8  SL:  4054.8 TP:  4084.8 --Trade by Matthew,BUY GOLD @ 4064.8,SUCCESS,Trade executed successfully on MT5,1091
2026-08-04 13:47:48,Account 1,"Mr.DAVID, XAU/USD CLUB",XAUUSD  SELL : 4068.4071 SL: 4080 TP1: 4060 TP2: 4055 TP3: 4050 TP4.4045 TP4.4040,N/A,FAILED,Trigger could not parse a valid trade structure from this signal,1092
2026-08-04 13:54:46,Account 2,SureShot GOLD (VIP),XAUUSD BUY 4062.63  SL:  4052.63 TP:  4082.63 --Trade by Matthew,BUY GOLD @ 4062.63,SUCCESS,Trade executed successfully on MT5,1093
2026-08-04 14:16:11,Account 1,King Crypto Scalp [ LIVE ],"Bitget Futures, OKX Futures, KuCoin Futures, Binance Futures, ByBit USDT #APE/USDT Closed due to opposite direction signal ",N/A,FAILED,Trigger could not parse a valid trade structure from this signal,1094
2026-08-04 14:16:18,Account 1,King Crypto Scalp [ LIVE ],PAIR: APEUSDT  TYPE: LONG LEVERAGE: Cross 20x   Entry Targets: 1) 0.1331 2) 0.1278 (DCA)  Take-Profit Targets: 0.1338 - 0.1344 - 0.1351 - 0.1371 - 0.1...,N/A,FAILED,Trigger could not parse a valid trade structure from this signal,1095
2026-08-04 14:38:42,Account 2,Forex Trading Tips,Price failed to hold above the 4065-4072 resistance area and selling pressure appeared exactly as expected. After breaking the short-term ascending tr...,N/A,FAILED,Trigger could not parse a valid trade structure from this signal,1096
2026-08-04 14:46:26,Account 1,Crypto Radar,Breakout alert   Gain: 36% on #IOST,N/A,FAILED,Trigger could not parse a valid trade structure from this signal,1097
2026-08-04 14:56:16,Account 2,SureShot GOLD (VIP),XAUUSD BUY 4051.01  SL:  4041.01 TP:  4071.01 --Trade by Matthew,BUY GOLD @ 4051.01,SUCCESS,Trade executed successfully on MT5,1098
2026-08-04 15:01:17,Account 1,King Crypto Scalp [ LIVE ],#ADA/USDT Take-Profit target 1  Profit: 14.3223%  Period: 2 hr 22 min ,N/A,FAILED,Trigger could not parse a valid trade structure from this signal,1099
2026-08-04 15:01:25,Account 1,King Crypto Scalp [ LIVE ],#APE/USDT Take-Profit target 1  Profit: 10.5184%  Period: 40 min ,N/A,FAILED,Trigger could not parse a valid trade structure from this signal,1100
2026-08-04 15:28:59,Account 2,JOSEFINA TRADER0, XAUUSD BUY         Click to see      https://t.me/+GsL55QphK3liNmVk https://t.me/+_kaTvJNHEq5lNzVk,N/A,FAILED,Trigger could not parse a valid trade structure from this signal,1101
2026-08-04 15:40:17,Account 2,👑Market Trader Crypto Forex👑,GOLD  BUY  - 4042  SL -  90 PIPS   TARGET - 200 PIPS   REVERSAL TRADE   https://affs.click/xnqPA PATNER CODE (663WF),BUY GOLD @ 4042.0,FAILED,MT5 execution failed — check broker logs,1102
2026-08-04 15:48:36,Account 1,King Crypto Scalp [ LIVE ],#ENJ/USDT Take-Profit target 3  Profit: 20.2505%  Period: 6 hr 16 min ,BUY LIMIT #ENJ/USDT @ None,REJECTED,"Telegram Crypto Restriction: Symbol '#ENJ/USDT' rejected. Forex, Gold & Silver only.",1103
2026-08-04 15:56:44,Account 2,RIAOGOLDFOREX,XAUUSD SELL 4048,SELL GOLD @ 4048.0,FAILED,MT5 execution failed — check broker logs,1104
2026-08-04 16:01:49,Account 1,King Crypto Scalp [ LIVE ],PAIR: GALAUSDT  TYPE: SHORT LEVERAGE: Cross 20x   Entry Targets: 1) 0.001793 2) 0.0019 (DCA)  Take-Profit Targets: 0.0018 - 0.0018 - 0.0018 - 0.0017 -...,N/A,FAILED,Trigger could not parse a valid trade structure from this signal,1105
2026-08-04 16:04:34,Account 2,RIAOGOLDFOREX,XAUUSD SELL 4050,N/A,FAILED,Trigger could not parse a valid trade structure from this signal,1106
2026-08-04 16:07:24,Account 2,RIAOGOLDFOREX,XAUUSD SELL 4050  TP 4047 TP 4044 TP 4041 TP 4038 TP 4035 TP 4032  SL 4061,N/A,FAILED,Trigger could not parse a valid trade structure from this signal,1107
2026-08-04 16:11:27,Account 1,King Crypto Scalp [ LIVE ],#APE/USDT Take-Profit target 2  Profit: 15.0263%  Period: 1 hr 55 min ,N/A,FAILED,Trigger could not parse a valid trade structure from this signal,1108
2026-08-04 16:26:28,Account 2,GOLD Trader Dan,XAUUSD SMASHED TP1 100 PIPS ,N/A,FAILED,Trigger could not parse a valid trade structure from this signal,1109
2026-08-04 16:33:15,Account 1,King Crypto Scalp [ LIVE ],#LDO/USDT Stop Target Hit  Loss: 144.3875% ,SELL GOLD @ 4068.0,FAILED,MT5 execution failed — check broker logs,1110
2026-08-04 16:37:42,Account 2,Sureshot FX VIP,NZDUSD SELL 0.5878  SL:  0.5928 TP:  0.5728 --Trade by David,SELL NZDUSD @ 0.5878,SUCCESS,Trade executed successfully on MT5,1111
2026-08-04 16:59:20,Account 1,DUBAI CAPITAL FX GROUP 3,GOLD BUY NOW 4049_4045  SL 4036  TP 4052 TP 4055 TP 4058 TP 4061 TP 4064 TP 4067  FOLLOW MONEY MANAGEMENT,BUY GOLD @ 4049.0,FAILED,MT5 execution failed — check broker logs,1112
2026-08-04 17:05:11,Account 2,GOLD Trader Dan,XAUUSD RUNNING 210 PIPS ,BUY GOLD @ 210.0,REJECTED,Price sanity fail: entry 210.0 is 94.8% from live 4062.34000,1113
2026-08-04 17:05:32,Account 2,Sureshot FX VIP,US100 SELL   --Trade by Lucas,SELL EURUSD @ None,SUCCESS,Trade executed successfully on MT5,1114
2026-08-04 17:10:09,Account 2,RIAOGOLDFOREX,XAUUSD SELL 4063,N/A,FAILED,Trigger could not parse a valid trade structure from this signal,1115
2026-08-04 17:11:11,Account 2,RIAOGOLDFOREX,XAUUSD SELL 4063  TP 4060 TP 4057 TP 4054 TP 4051 TP 4048 TP 4045  SL 4073,SELL GOLD @ 4063.0,FAILED,MT5 execution failed — check broker logs,1116
2026-08-04 17:25:44,Account 2,GOLD Trader Dan,XAUUSD SMASHED TAKE PROFIT 2 ,N/A,FAILED,Trigger could not parse a valid trade structure from this signal,1117
2026-08-04 17:44:35,Account 1,Coin Chief, Trade: #HFT/USDT  Direction:  Short    Entry Range: 0.009750 - 0.009900   StopLoss: 0.010170   Target 1: 0.009655  Target 2: 0.009560  Target 3: 0.00...,SELL EURUSD @ None,FAILED,MT5 execution failed — check broker logs,1118
2026-08-04 17:55:27,Account 1,"Mr.DAVID, XAU/USD CLUB",#XAUUSD BUY...4067....4065  SL: 4055  TP1: 4073 TP2: 4077 TP3: 4083 TP4: 4086 TP5: 4090,N/A,FAILED,Trigger could not parse a valid trade structure from this signal,1119
2026-08-04 18:06:36,Account 2,JOSEFINA TRADER0,XAUUSD sell4077,N/A,FAILED,Trigger could not parse a valid trade structure from this signal,1120
2026-08-04 18:08:09,Account 2,JOSEFINA TRADER0,XAUUSD SELL 4083 TP 4080 TP 4077 TP 4074 TP 4071 TP 4069 SL 4093 Use proper money management me,N/A,FAILED,Trigger could not parse a valid trade structure from this signal,1121
2026-08-04 18:17:18,Account 2,SureShot GOLD (VIP),XAUUSD BUY 4077.96  SL:  4067.96 TP:  4097.96 --Trade by Matthew,N/A,FAILED,Trigger could not parse a valid trade structure from this signal,1122
2026-08-04 18:23:59,Account 1,Binance Killers® VIP,SIGNAL ID: #2198 COIN: $DOT/USDT (2-5x)   Direction: LONG  ENTRY: 0.815 - 0.825  TARGETS: 0.860  0.900  0.950 - 1.010 - 1.085 - 1.170 - 1.270 - 1.400 ...,N/A,FAILED,Trigger could not parse a valid trade structure from this signal,1123
2026-08-04 18:24:00,Account 2,Binance Killers® VIP,SIGNAL ID: #2198 COIN: $DOT/USDT (2-5x)   Direction: LONG  ENTRY: 0.815 - 0.825  TARGETS: 0.860  0.900  0.950 - 1.010 - 1.085 - 1.170 - 1.270 - 1.400 ...,N/A,FAILED,Trigger could not parse a valid trade structure from this signal,1124
2026-08-04 19:40:20,Account 1,King Crypto Scalp [ LIVE ],#ENJ/USDT Take-Profit target 4  Profit: 29.5763%  Period: 10 hr 8 min ,N/A,FAILED,Trigger could not parse a valid trade structure from this signal,1125
2026-08-04 19:45:59,Account 1,King Crypto Scalp [ LIVE ],PAIR: GRTUSDT  TYPE: SHORT LEVERAGE: Cross 20x   Entry Targets: 1) 0.01457 2) 0.0152 (DCA)  Take-Profit Targets: 0.0145 - 0.0144 - 0.0144 - 0.0141 - 0...,None GRTUSDT @ None,REJECTED,"Telegram Crypto Restriction: Symbol 'GRTUSDT' rejected. Forex, Gold & Silver only.",1126
2026-08-04 20:01:36,Account 1,King Crypto Scalp [ LIVE ],#GRT/USDT Entry 1  Average Entry Price: 0.01457 ,N/A,FAILED,Trigger could not parse a valid trade structure from this signal,1127
2026-08-04 20:01:42,Account 1,King Crypto Scalp [ LIVE ],"Bitget Futures, KuCoin Futures, OKX Futures, Binance Futures, ByBit USDT #GRT/USDT Closed due to opposite direction signal ",N/A,FAILED,Trigger could not parse a valid trade structure from this signal,1128
2026-08-04 20:01:48,Account 1,King Crypto Scalp [ LIVE ],PAIR: GRTUSDT  TYPE: SHORT LEVERAGE: Cross 20x   Entry Targets: 1) 0.01457 2) 0.0152 (DCA)  Take-Profit Targets: 0.0145 - 0.0144 - 0.0144 - 0.0141 - 0...,N/A,FAILED,Trigger could not parse a valid trade structure from this signal,1129
2026-08-04 20:07:37,Account 1,DUBAI CAPITAL FX GROUP 3,GOLD SELL  @4079_4082  Sl 4089  TP 4076 TP 4073 TP 4070 TP 4067 TP 4064 TP 4061  FOLLOW MONEY MANAGEMENT,N/A,FAILED,Trigger could not parse a valid trade structure from this signal,1130
2026-08-04 20:07:56,Account 1,DUBAI CAPITAL FX GROUP 3,GOLD SELL  @4079_4082  Sl 4089  TP 4076 TP 4073 TP 4070 TP 4067 TP 4064 TP 4061  FOLLOW MONEY MANAGEMENT,N/A,FAILED,Trigger could not parse a valid trade structure from this signal,1131
2026-08-04 21:01:29,Account 1,King Crypto Scalp [ LIVE ],"Binance Futures, Bitget Futures, ByBit USDT, KuCoin Futures, OKX Futures #SAND/USDT Closed due to opposite direction signal ",SELL GOLD @ 4068.0,FAILED,MT5 execution failed — check broker logs,1132
2026-08-04 21:19:06,Account 2,GOLD Trader Dan,XAUUSD TP SMASHED 470 PIPS ,N/A,FAILED,Trigger could not parse a valid trade structure from this signal,1133
2026-08-04 21:20:09,Account 2,RIAOGOLDFOREX,XAUUSD SELL 4085,SELL GOLD @ 4085.0,FAILED,MT5 execution failed — check broker logs,1134
2026-08-04 21:33:27,Account 2,RIAOGOLDFOREX,XAUUSD SELL 4085  TP 4083 TP 4080 TP 4077 TP 4074 TP 4071 TP 4068  SL 4095,N/A,FAILED,Trigger could not parse a valid trade structure from this signal,1135
2026-08-04 22:14:05,Account 2,GOLD Snipers, XAUUSD BUY BOOM BOOM RUNNING 230+ PIPS ,N/A,FAILED,Trigger could not parse a valid trade structure from this signal,1136
2026-08-04 22:14:09,Account 2,GOLD Scalper, XAUUSD BUY BOOM BOOM RUNNING 230+ PIPS ,N/A,FAILED,Trigger could not parse a valid trade structure from this signal,1137
2026-08-04 22:20:01,Account 2,RIAOGOLDFOREX,Ready For XAUUSD Signal ,SELL GOLD @ 4047.0,FAILED,MT5 execution failed — check broker logs,1138
2026-08-04 22:35:01,Account 1,Crypto Radar, #Free Signal   Short  Pair: #ZIL/USDT   Entry Price:   1) 0.0025920 2) 0.0026697   Targets:  1) 0.0025768 2) 0.0025221 3) 0.0024673 4) 0.0024126  Sto...,N/A,FAILED,Trigger could not parse a valid trade structure from this signal,1139
2026-08-04 22:38:34,Account 2,RIAOGOLDFOREX,XAUUSD SELL 4105,SELL GOLD @ 4105.0,FAILED,MT5 execution failed — check broker logs,1140
2026-08-04 22:40:53,Account 2,RIAOGOLDFOREX,XAUUSD SELL 4105  TP 4102 TP 4099 TP 4096 TP 4093 TP 4090 TP 4087  SL 4116,N/A,FAILED,Trigger could not parse a valid trade structure from this signal,1141
2026-08-05 00:01:19,Account 1,Crypto Radar, VIP Signal   Long  Pair: #BTC/USDT   Entry Price:   1) 63268.00 2) 61369.96   Targets:  1) 63631.33 2) 64953.05 3) 66274.77 4) 67596.49  Stop Loss: 5...,BUY #BTC/USDT @ 63268.0,REJECTED,"Telegram Crypto Restriction: Symbol '#BTC/USDT' rejected. Forex, Gold & Silver only.",1142
2026-08-05 01:01:43,Account 1,King Crypto Scalp [ LIVE ],PAIR: ADAUSDT  TYPE: SHORT LEVERAGE: Cross 20x   Entry Targets: 1) 0.1928 2) 0.2024 (DCA)  Take-Profit Targets: 0.1915 - 0.1903 - 0.188 - 0.1851 - 0.1...,SELL ADAUSDT @ None,REJECTED,"Telegram Crypto Restriction: Symbol 'ADAUSDT' rejected. Forex, Gold & Silver only.",1143
2026-08-05 01:16:28,Account 1,King Crypto Scalp [ LIVE ],#ADA/USDT Entry 1  Average Entry Price: 0.1928 ,SELL GOLD @ 4068.0,FAILED,MT5 execution failed — check broker logs,1144
2026-08-05 01:38:04,Account 1,King Crypto Scalp [ LIVE ],#SAND/USDT Take-Profit target 1  Profit: 10.0215%  Period: 4 hr 51 min ,None #SAND/USDT @ None,REJECTED,"Telegram Crypto Restriction: Symbol '#SAND/USDT' rejected. Forex, Gold & Silver only.",1145
2026-08-05 01:46:41,Account 1,King Crypto Scalp [ LIVE ],"KuCoin Futures, ByBit USDT, Bitget Futures, Binance Futures, OKX Futures, HyperLiquid Futures #SOL/USDT Closed due to opposite direction signal ",SELL GOLD @ 4068,FAILED,MT5 execution failed — check broker logs,1146
2026-08-05 02:01:13,Account 2,Forex Trading Tips,"DAILY REPORT  -  Aug 04, 2026   SELL LIMIT 4067  +100 PIPS  SELL LIMIT 4067  + 100 PIPS  BUY LIMIT 4057  - 50 PIPS  SELL LIMIT 4069 - 60 PIPS   Vantag...",N/A,FAILED,Trigger could not parse a valid trade structure from this signal,1147
2026-08-05 02:15:56,Account 2,Forex Trading Tips,"AI SIGNALS RECAP  - Aug 04, 2026   SELL  4059.95-4063.51  +170 PIPS  SELL  4066.91-4071.46  +130 PIPS  BUY  4071.34-4079.02  +210 PIPS   Vantage |Exne...",SELL EURUSD @ 4059.95,REJECTED,Price sanity fail: entry 4059.95 is 352026.7% from live 1.15298,1148
2026-08-05 03:48:48,Account 1,King Crypto Scalp [ LIVE ],"OKX Futures, Binance Futures, Bitget Futures, ByBit USDT, KuCoin Futures #GRT/USDT Closed due to opposite direction signal ",None #GRT/USDT @ None,REJECTED,"Telegram Crypto Restriction: Symbol '#GRT/USDT' rejected. Forex, Gold & Silver only.",1149
2026-08-05 03:48:53,Account 1,King Crypto Scalp [ LIVE ],#GRT/USDT Entry 1  Average Entry Price: 0.01470 ,N/A,FAILED,Trigger could not parse a valid trade structure from this signal,1150
2026-08-05 03:48:58,Account 1,King Crypto Scalp [ LIVE ],PAIR: GRTUSDT  TYPE: LONG LEVERAGE: Cross 20x   Entry Targets: 1) 0.0147 2) 0.0141 (DCA)  Take-Profit Targets: 0.0148 - 0.0148 - 0.0149 - 0.0151 - 0.0...,N/A,FAILED,Trigger could not parse a valid trade structure from this signal,1151
2026-08-05 04:04:03,Account 1,King Crypto Scalp [ LIVE ],PAIR: GALAUSDT  TYPE: LONG LEVERAGE: Cross 20x   Entry Targets: 1) 0.001807 2) 0.0017 (DCA)  Take-Profit Targets: 0.0018 - 0.0018 - 0.0018 - 0.0019 - ...,N/A,FAILED,Trigger could not parse a valid trade structure from this signal,1152
2026-08-05 04:49:07,Account 1,King Crypto Scalp [ LIVE ],#BTC/USDT Take-Profit target 2  Profit: 19.9991%  Period: 1 day ,SELL GOLD @ 4068.0,FAILED,MT5 execution failed — check broker logs,1153
2026-08-05 05:23:08,Account 2,JOSEFINA TRADER0,XAUUSD SELL 4070 TP 4067 TP 4064 TP 4061 TP 4058 TP 4055 SL 4082 Use proper money management me,SELL GOLD @ 4070.0,FAILED,MT5 execution failed — check broker logs,1154
2026-08-05 05:26:04,Account 2,JOSEFINA TRADER0,#XAUUSD / #Gold  CONFIRM ENTRY4068-4073                 https://t.me/+D2otCBVhNzFlOGE0 https://t.me/+D2otCBVhNzFlOGE0                       https://t....,N/A,FAILED,Trigger could not parse a valid trade structure from this signal,1155
2026-08-05 05:30:59,Account 2,Early Pump Detector,"2 ~    DAILY REPORT  2026-08-05 (UTC)    Last 24 Hours  Wins:        2  Losses:      0  Breakeven:   0  Win Rate:    100.0%  24h P&L:     +$105,015.04...",SELL GOLD @ 4068.0,FAILED,MT5 execution failed — check broker logs,1156
2026-08-05 05:44:43,Account 2,JOSEFINA TRADER0,XAUUSD SELL BIG  USE BIG LOT  SL & TP ,SELL GOLD @ None,FAILED,MT5 execution failed — check broker logs,1157
2026-08-05 05:49:25,Account 2,Sureshot FX VIP,GBPNZD BUY 2.2883  SL:  2.2833 TP:  2.3033 --Trade by David,BUY GBPNZD @ 2.2883,SUCCESS,Trade executed successfully on MT5,1158
2026-08-05 05:49:32,Account 2,Sureshot FX 🎯,GBPNZD BUY 2.2883  SL:  2.2833 TP:  2.3033 --Trade by David,N/A,FAILED,Trigger could not parse a valid trade structure from this signal,1159
2026-08-05 05:50:58,Account 2,JOSEFINA TRADER0,#XAUUSD / #Gold  CONFIRM ENTRY4068-4073                 https://t.me/+D2otCBVhNzFlOGE0 https://t.me/+D2otCBVhNzFlOGE0                       https://t....,SELL #XAUUSD @ 4053.0,FAILED,MT5 execution failed — check broker logs,1160
2026-08-05 05:54:19,Account 1,Crypto Radar, #Free Signal   Long  Pair: #ONT/USDT   Entry Price:   1) 0.037390 2) 0.036268   Targets:  1) 0.037604 2) 0.038385 3) 0.039166 4) 0.039948  Stop Loss:...,BUY #ONT/USDT @ 0.036268,REJECTED,"Telegram Crypto Restriction: Symbol '#ONT/USDT' rejected. Forex, Gold & Silver only.",1161
2026-08-05 06:10:44,Account 2,JOSEFINA TRADER0,XAUUSD SELL 4080 TP 4077 TP 4074 TP 4071 TP 4068 TP 4065 SL 4092 Use proper money management me,N/A,FAILED,Trigger could not parse a valid trade structure from this signal,1162
2026-08-05 06:12:12,Account 1,King Crypto Scalp [ LIVE ],#ADA/USDT Take-Profit target 1  Profit: 13.4855%  Period: 5 hr 10 min ,SELL GOLD @ 4068.0,FAILED,MT5 execution failed — check broker logs,1163
2026-08-05 06:16:47,Account 1,King Crypto Scalp [ LIVE ],"OKX Futures, KuCoin Futures, Binance Futures, ByBit USDT, Bitget Futures #APE/USDT Closed due to opposite direction signal ",SELL GOLD @ None,FAILED,MT5 execution failed — check broker logs,1164
2026-08-05 06:16:56,Account 1,King Crypto Scalp [ LIVE ],"Binance Futures, Bitget Futures, ByBit USDT, KuCoin Futures, OKX Futures #GRT/USDT Closed due to opposite direction signal ",N/A,FAILED,Trigger could not parse a valid trade structure from this signal,1165
2026-08-05 06:17:04,Account 1,King Crypto Scalp [ LIVE ],PAIR: GRTUSDT  TYPE: SHORT LEVERAGE: Cross 20x   Entry Targets: 1) 0.01461 2) 0.0152 (DCA)  Take-Profit Targets: 0.0145 - 0.0145 - 0.0144 - 0.0142 - 0...,N/A,FAILED,Trigger could not parse a valid trade structure from this signal,1166
2026-08-05 06:17:11,Account 1,King Crypto Scalp [ LIVE ],PAIR: APEUSDT  TYPE: SHORT LEVERAGE: Cross 20x   Entry Targets: 1) 0.131 2) 0.1362 (DCA)  Take-Profit Targets: 0.1303 - 0.1297 - 0.129 - 0.1271 - 0.12...,N/A,FAILED,Trigger could not parse a valid trade structure from this signal,1167
2026-08-05 06:38:55,Account 2,JOSEFINA TRADER0,XAUUSD gold 4076 I will delete the link After two minutes   https://t.me/+kHLn7vqfbtxkZDY0 https://t.me/+kHLn7vqfbtxkZDY0  600+ PIPS TARGET ,SELL GOLD @ 4076.0,FAILED,MT5 execution failed — check broker logs,1168
2026-08-05 07:02:32,Account 2,Forex Trading Tips," August 05, 2026 - Key Level to watch for XAUUSD   Gold is currently ranging between 4051  4104. The priority is to follow the confirmed breakout dire...",N/A,FAILED,Trigger could not parse a valid trade structure from this signal,1169
2026-08-05 07:45:51,Account 2,JOSEFINA TRADER0,XAUUSD SELL 4100 TP 4097 TP 4094 TP 4091 TP 4088 TP 4085 SL 4110 Use proper money management me,N/A,FAILED,Trigger could not parse a valid trade structure from this signal,1170
2026-08-05 07:47:22,Account 2,JOSEFINA TRADER0,Gold Sell 4095  TP And SL   https://t.me/+2CeJL9WJZSc0MTZk,SELL GOLD @ 4095.0,FAILED,MT5 execution failed — check broker logs,1171
2026-08-05 07:48:06,Account 2,JOSEFINA TRADER0,GOLD SELL ALERT  https://t.me/+IqEJZuAclVYxMDdk  https://t.me/+IqEJZuAclVYxMDdk  XAUUSD  Check,SELL GOLD @ None,FAILED,MT5 execution failed — check broker logs,1172
2026-08-05 07:49:36,Account 2,SureShot GOLD (VIP),XAUUSD BUY LIMIT 4092  SL:  4082.0 TP:  4112.0 --Trade by Grace,BUY LIMIT GOLD @ 4092.0,FAILED,MT5 execution failed — check broker logs,1173
2026-08-05 07:50:18,Account 2,JOSEFINA TRADER0,XAUUSD SELL 4066 USE BIG LOT  SL & TP ,SELL GOLD @ 4066.0,FAILED,MT5 execution failed — check broker logs,1174
2026-08-05 07:56:09,Account 2,JOSEFINA TRADER0,GOLD SELL ALERT  https://t.me/+IqEJZuAclVYxMDdk  https://t.me/+IqEJZuAclVYxMDdk  XAUUSD  Check,SELL GOLD @ None,FAILED,MT5 execution failed — check broker logs,1175
2026-08-05 08:10:55,Account 2,SureShot GOLD (VIP),XAUUSD SELL 4118.27  SL:  4128.27 TP:  4098.27 --Trade by Grace,N/A,FAILED,Trigger could not parse a valid trade structure from this signal,1176
2026-08-05 08:17:10,Account 2,JOSEFINA TRADER0,XAUUSD SELL 4126 TP 4123 TP 4120 TP 4117 TP 4114 TP 4111 SL 4137 Use proper money management me,SELL GOLD @ 4126.0,SUCCESS,Trade executed successfully on MT5,1177
2026-08-05 08:24:06,Account 2,JOSEFINA TRADER0,XAUUSD GOLD BUY NOW   SL TP HERE   https://t.me/+OHsaJevIHH41YjVk,BUY GOLD @ None,FAILED,MT5 execution failed — check broker logs,1178
2026-08-05 08:24:52,Account 2,JOSEFINA TRADER0,GOLD NOW 4070  PLEASE don't SHARE this link  once you join    https://t.me/+4i_GvOpyt1U0Y2I8 https://t.me/+4i_GvOpyt1U0Y2I8 ITS A SECRET,SELL GOLD @ 4070.0,FAILED,MT5 execution failed — check broker logs,1179
2026-08-05 08:25:26,Account 2,JOSEFINA TRADER0, XAUUSD BUY         Click to see      https://t.me/+GsL55QphK3liNmVk https://t.me/+_kaTvJNHEq5lNzVk,BUY GOLD @ None,FAILED,MT5 execution failed — check broker logs,1180
2026-08-05 08:46:28,Account 1,King Crypto Scalp [ LIVE ],#ADA/USDT Take-Profit target 2  Profit: 19.7095%  Period: 7 hr 44 min ,SELL GOLD @ 4068.0,FAILED,MT5 execution failed — check broker logs,1181
2026-08-05 08:53:35,Account 2,Binance Killers® VIP,SIGNAL ID: #2198 COIN: $DOT/USDT (2-5x) Direction: LONG  Target 1: 0.860  21.2% Profit (5x)  UPGRADE / RENEW     - Binance Killers,BUY DOT/USDT @ None,REJECTED,"Telegram Crypto Restriction: Symbol 'DOT/USDT' rejected. Forex, Gold & Silver only.",1182
2026-08-05 08:53:45,Account 1,Binance Killers® VIP,SIGNAL ID: #2198 COIN: $DOT/USDT (2-5x) Direction: LONG  Target 1: 0.860  21.2% Profit (5x)  UPGRADE / RENEW     - Binance Killers,LONG DOT/USDT @ None,REJECTED,"Telegram Crypto Restriction: Symbol 'DOT/USDT' rejected. Forex, Gold & Silver only.",1183
2026-08-05 08:57:23,Account 1,King Crypto Scalp [ LIVE ],#GRT/USDT Take-Profit target 1  Profit: 15.0582%  Period: 2 hr 41 min ,BUY LIMIT #GRT/USDT @ None,REJECTED,"Telegram Crypto Restriction: Symbol '#GRT/USDT' rejected. Forex, Gold & Silver only.",1184
2026-08-05 09:11:11,Account 1,Coin Chief, Trade: #1000CHEEMS/USDT  Direction:  LONG    Entry Range: 0.0005125 - 0.0004930   StopLoss: 0.0004780   Target 1: 0.0005176  Target 2: 0.0005228  Tar...,N/A,FAILED,Trigger could not parse a valid trade structure from this signal,1185
2026-08-06 10:09:50,Account 2,JOSEFINA TRADER0,Gold Still 4277 TP SL Send signals only  TP And SL   https://t.me/+2CeJL9WJZSc0MTZk,BUY GOLD @ None,SUCCESS,Trade executed successfully on MT5,1186
2026-08-06 10:13:29,Account 2,JOSEFINA TRADER0,GOLD NOW Confirmed signal   TP  TP  SL     3   ,BUY GOLD @ None,FAILED,MT5 execution failed — check broker logs,1187
2026-08-06 10:25:05,Account 1,King Crypto Scalp [ LIVE ],#SFP/USDT Take-Profit target 1  Profit: 13.7363%  Period: 1 hr 8 min ,SELL GOLD @ 4068.0,FAILED,MT5 execution failed — check broker logs,1188
2026-08-06 10:33:07,Account 1,King Crypto Scalp [ LIVE ],#APT/USDT Take-Profit target 6  Profit: 53.2864%  Period: 3 days 19 hr ,SELL GOLD @ 4068.0,FAILED,MT5 execution failed — check broker logs,1189
2026-08-06 10:34:18,Account 2,Forex Trading Tips,#XAUUSD BUY LIMIT 4228    TP1:  4232    TP2:  4236    TP3:  4400    SL:  4222.00,BUY GOLD @ 4228.0,FAILED,MT5 execution failed — check broker logs,1190
2026-08-06 10:36:33,Account 1,King Crypto Scalp [ LIVE ],#SFP/USDT Take-Profit target 2  Profit: 19.6886%  Period: 1 hr 19 min ,SELL EURUSD @ None,SUCCESS,Trade executed successfully on MT5,1191
2026-08-06 10:39:38,Account 1,Crypto Radar,Swing move   23% bagged from #ZIL,BUY ZIL @ None,REJECTED,"Telegram Crypto Restriction: Symbol 'ZIL' rejected. Forex, Gold & Silver only.",1192
2026-08-06 11:08:28,Account 2,JOSEFINA TRADER0,Gold Still 4277 TP SL Send signals only  TP And SL   https://t.me/+2CeJL9WJZSc0MTZk,BUY GOLD @ None,FAILED,MT5 execution failed — check broker logs,1193
2026-08-06 11:11:59,Account 1,"Mr.DAVID, XAU/USD CLUB",XAUUSD BUY  Entry: Around 42574260 (current zone) Stop Loss: 4242 Take Profit 1: 4280 Take Profit 2: 4300 Take Profit 3: 4310 Take Profit 4 4330,BUY GOLD @ 42574260.0,REJECTED,Price sanity fail: entry 42574260.0 is 998395.7% from live 4263.84000,1194
2026-08-06 11:45:30,Account 2,JOSEFINA TRADER0,Gold Still 4277 TP SL Send signals only  TP And SL   https://t.me/+2CeJL9WJZSc0MTZk,BUY GOLD @ None,SUCCESS,Trade executed successfully on MT5,1195
2026-08-06 12:04:46,Account 2,JOSEFINA TRADER0,Gold Still 4277 TP SL Send signals only  TP And SL   https://t.me/+2CeJL9WJZSc0MTZk,BUY GOLD @ None,FAILED,MT5 execution failed — check broker logs,1196
2026-08-06 12:21:15,Account 2,Forex Trading Tips,"The price is adjusting to the OB zone at 4252 and is reacting here.  Since the previous No SD reacted and broke through this OB, we need to be cautiou...",BUY EURUSD @ None,FAILED,MT5 execution failed — check broker logs,1197
2026-08-06 12:45:53,Account 1,Crypto Radar, #Free Signal   Short  Pair: #ZRX/USDT   Entry Price:   1) 0.0797 2) 0.0820   Targets:  1) 0.0792 2) 0.0775 3) 0.0758 4) 0.0741  Stop Loss: 0.0847  Le...,None #ZRX/USDT @ 0.0797,REJECTED,"Telegram Crypto Restriction: Symbol '#ZRX/USDT' rejected. Forex, Gold & Silver only.",1198
2026-08-06 13:01:09,Account 1,King Crypto Scalp [ LIVE ],PAIR: LDOUSDT  TYPE: SHORT LEVERAGE: Cross 20x   Entry Targets: 1) 0.2947 2) 0.3124 (DCA)  Take-Profit Targets: 0.2926 - 0.2909 - 0.2873 - 0.2829 - 0....,SELL GOLD @ None,FAILED,MT5 execution failed — check broker logs,1199
2026-08-06 13:01:16,Account 1,King Crypto Scalp [ LIVE ],PAIR: LDOUSDT  TYPE: SHORT LEVERAGE: Cross 20x   Entry Targets: 1) 0.2947 2) 0.3124 (DCA)  Take-Profit Targets: 0.2926 - 0.2909 - 0.2873 - 0.2829 - 0....,SELL GOLD @ None,FAILED,MT5 execution failed — check broker logs,1200
2026-08-06 13:02:12,Account 1,King Crypto Scalp [ LIVE ],#LDO/USDT Entry 1  Average Entry Price: 0.2947 ,BUY GOLD @ 0.2947,REJECTED,Price sanity fail: entry 0.2947 is 100.0% from live 4261.77000,1201
2026-08-06 13:06:17,Account 1,King Crypto Scalp [ LIVE ],#LDO/USDT Take-Profit target 1  Profit: 14.2518%  Period: 5 min ,BUY #LDO/USDT @ None,REJECTED,"Telegram Crypto Restriction: Symbol '#LDO/USDT' rejected. Forex, Gold & Silver only.",1202
2026-08-06 13:42:15,Account 2,GOLD Snipers,NEW XAUUSD TRADE SENT HERE: https://t.me/+kpDe_PXbkbZiOTE0,SELL GOLD @ 4050.0,FAILED,MT5 execution failed — check broker logs,1203
2026-08-06 13:42:20,Account 2,GOLD Snipers,NEW XAUUSD TRADE SENT HERE: https://t.me/+kpDe_PXbkbZiOTE0,N/A,FAILED,Trigger could not parse a valid trade structure from this signal,1204
2026-08-06 13:42:23,Account 2,GOLD Snipers,NEW XAUUSD TRADE SENT HERE: https://t.me/+kpDe_PXbkbZiOTE0,N/A,FAILED,Trigger could not parse a valid trade structure from this signal,1205
2026-08-06 13:43:31,Account 2,GOLD Snipers,NEW XAUUSD TRADE SENT HERE: https://t.me/+kpDe_PXbkbZiOTE0,SELL GOLD @ 4050.0,FAILED,MT5 execution failed — check broker logs,1206
2026-08-06 14:49:34,Account 1,King Crypto Scalp [ LIVE ],#LDO/USDT Take-Profit target 2  Profit: 20.0204%  Period: 1 hr 48 min ,BUY #LDO/USDT @ None,REJECTED,"Telegram Crypto Restriction: Symbol '#LDO/USDT' rejected. Forex, Gold & Silver only.",1207
2026-08-06 15:02:51,Account 1,King Crypto Scalp [ LIVE ],#SAND/USDT Take-Profit target 2  Profit: 14.047%  Period: 20 hr 1 min ,SELL GOLD @ 4068.0,FAILED,MT5 execution failed — check broker logs,1208
2026-08-06 15:27:31,Account 1,King Crypto Scalp [ LIVE ],#AVAX/USDT Take-Profit target 3  Profit: 29.7851%  Period: 1 day 2 hr ,BUY LIMIT #AVAX/USDT @ None,REJECTED,"Telegram Crypto Restriction: Symbol '#AVAX/USDT' rejected. Forex, Gold & Silver only.",1209
2026-08-06 15:33:29,Account 2,RIAOGOLDFOREX,XAUUSD SELL 4274,SELL GOLD @ 4274.0,FAILED,MT5 execution failed — check broker logs,1210
2026-08-06 15:34:18,Account 1,King Crypto Scalp [ LIVE ],#AVAX/USDT Take-Profit target 4  Profit: 42.2789%  Period: 1 day 2 hr ,BUY LIMIT #AVAX/USDT @ 4,REJECTED,"Telegram Crypto Restriction: Symbol '#AVAX/USDT' rejected. Forex, Gold & Silver only.",1211
2026-08-06 15:39:04,Account 2,RIAOGOLDFOREX,XAUUSD SELL 4274  TP 4271 TP 4268 TP 4265 TP 4262 TP 4259 TP 4256  SL 4285,SELL GOLD @ 4274.0,FAILED,MT5 execution failed — check broker logs,1212
2026-08-06 15:46:11,Account 1,King Crypto Scalp [ LIVE ],"ByBit USDT, Binance Futures, OKX Futures, Bitget Futures, KuCoin Futures #CHZ/USDT Closed due to opposite direction signal ",CLOSED #CHZ/USDT @ None,REJECTED,"Telegram Crypto Restriction: Symbol '#CHZ/USDT' rejected. Forex, Gold & Silver only.",1213
2026-08-06 15:46:21,Account 1,King Crypto Scalp [ LIVE ],PAIR: CHZUSDT  TYPE: LONG LEVERAGE: Cross 20x   Entry Targets: 1) 0.01295 2) 0.0124 (DCA)  Take-Profit Targets: 0.013 - 0.0131 - 0.0131 - 0.0133 - 0.0...,N/A,FAILED,Trigger could not parse a valid trade structure from this signal,1214
2026-08-06 15:46:23,Account 1,King Crypto Scalp [ LIVE ],PAIR: CHZUSDT  TYPE: LONG LEVERAGE: Cross 20x   Entry Targets: 1) 0.01295 2) 0.0124 (DCA)  Take-Profit Targets: 0.013 - 0.0131 - 0.0131 - 0.0133 - 0.0...,N/A,FAILED,Trigger could not parse a valid trade structure from this signal,1215
2026-08-06 15:46:47,Account 1,King Crypto Scalp [ LIVE ],PAIR: KAVAUSDT  TYPE: LONG LEVERAGE: Cross 20x   Entry Targets: 1) 0.0403 2) 0.0387 (DCA)  Take-Profit Targets: 0.0405 - 0.0408 - 0.0413 - 0.0419 - 0....,BUY KAVAUSDT @ None,REJECTED,"Telegram Crypto Restriction: Symbol 'KAVAUSDT' rejected. Forex, Gold & Silver only.",1216
2026-08-06 15:46:55,Account 1,King Crypto Scalp [ LIVE ],PAIR: KAVAUSDT  TYPE: LONG LEVERAGE: Cross 20x   Entry Targets: 1) 0.0403 2) 0.0387 (DCA)  Take-Profit Targets: 0.0405 - 0.0408 - 0.0413 - 0.0419 - 0....,BUY KAVAUSDT @ None,REJECTED,"Telegram Crypto Restriction: Symbol 'KAVAUSDT' rejected. Forex, Gold & Silver only.",1217
2026-08-06 15:47:19,Account 2,JOSEFINA TRADER0,XAUUSD SELL 4270 TP 4267 TP 4264 TP 4261 TP 4258 TP 4255 SL 4280 Use proper money management me,SELL GOLD @ 4270.0,FAILED,MT5 execution failed — check broker logs,1218
2026-08-06 15:47:31,Account 1,King Crypto Scalp [ LIVE ],#KAVA/USDT Entry 1  Average Entry Price: 0.04030 ,BUY GOLD @ 0.0403,REJECTED,Price sanity fail: entry 0.0403 is 100.0% from live 4267.95000,1219
2026-08-06 15:49:32,Account 1,Crypto Radar, #Free Signal   Long  Pair: #KNC/USDT   Entry Price:   1) 0.10220 2) 0.09913   Targets:  1) 0.10278 2) 0.10492 3) 0.10705 4) 0.10919  Stop Loss: 0.095...,BUY #KNC/USDT @ 0.1022,REJECTED,"Telegram Crypto Restriction: Symbol '#KNC/USDT' rejected. Forex, Gold & Silver only.",1220
2026-08-06 15:53:10,Account 1,XAUUSD ACCURATE SiGNALS,Gold buy 4267/63 Sl 4257  Tp 4275 Tp 4285/95/4325  @Proazam1978,BUY GOLD @ 4267.0,FAILED,MT5 execution failed — check broker logs,1221
2026-08-06 16:03:39,Account 1,Crypto Radar, VIP Signal   Short  Pair: #XMR/USDT   Entry Price:   1) 366.27 2) 377.25   Targets:  1) 364.12 2) 356.39 3) 348.66 4) 340.92  Stop Loss: 389.34  Leve...,BUY #XMR/USDT @ 366.27,REJECTED,"Telegram Crypto Restriction: Symbol '#XMR/USDT' rejected. Forex, Gold & Silver only.",1222
2026-08-06 16:38:52,Account 2,Sureshot FX 🎯,Can you trade a falling market?  Most can't. That's half your opportunities gone.  XRPUSDT Short  +109.29 USDT | +32.26%  Red candles pay too.  Send C...,SELL XRPUSDT @ 109.29,REJECTED,"Telegram Crypto Restriction: Symbol 'XRPUSDT' rejected. Forex, Gold & Silver only.",1223
2026-08-06 16:49:02,Account 1,King Crypto Scalp [ LIVE ],#CHZ/USDT Take-Profit target 1  Profit: 7.722%  Period: 1 hr 3 min ,BUY LIMIT #CHZ/USDT @ None,REJECTED,"Telegram Crypto Restriction: Symbol '#CHZ/USDT' rejected. Forex, Gold & Silver only.",1224
2026-08-06 17:10:31,Account 2,Sureshot FX VIP,USDCAD BUY 1.4  SL:  1.396 TP:  1.412 --Trade by Lucas,BUY USDCAD @ 1.4,SUCCESS,Trade executed successfully on MT5,1225
2026-08-06 17:10:45,Account 2,Sureshot FX 🎯,USDCAD BUY 1.4  SL:  1.396 TP:  1.412 --Trade by Lucas,BUY USDCAD @ None,FAILED,MT5 execution failed — check broker logs,1226
2026-08-06 17:14:40,Account 2,SureShot GOLD (VIP),XAUUSD SELL 4261.57  SL:  4271.57 TP:  4241.57 --Trade by William,SELL GOLD @ 4261.57,SUCCESS,Trade executed successfully on MT5,1227
2026-08-06 18:00:16,Account 2,Dan GOLD Scalper,XAUUSD BUY 4260-58  TP 1 : 4265 TP 2 : 4270 TP 3 : 4275 TP 4 : 4295  SL : 4243,BUY GOLD @ 4260.0,FAILED,MT5 execution failed — check broker logs,1228
2026-08-06 18:53:17,Account 1,DUBAI CAPITAL FX GROUP 3,GOLD SELL 4247_4250  SL _4262  TP 4244 TP 4241 TP 4238 TP 4235 TP 4232 TP 4229 TP 4226 TP 4223  FOLLOW MONEY MANAGEMENT,SELL GOLD @ 4247.0,SUCCESS,Trade executed successfully on MT5,1229
2026-08-06 20:01:11,Account 1,King Crypto Scalp [ LIVE ],"HyperLiquid Futures, Binance Futures, OKX Futures, KuCoin Futures, ByBit USDT, Bitget Futures #SOL/USDT Closed due to opposite direction signal ",SELL GOLD @ 4068,SUCCESS,Trade executed successfully on MT5,1230
2026-08-06 20:45:42,Account 2,JOSEFINA TRADER0, XAUUSD Buy 4040  TP 4043  TP 4046 TP 4049  TP 4052 TP 4055  SL 4029 https://t.me/+_0VwtF_qnCtmOTY0,BUY GOLD @ 4040.0,SUCCESS,Trade executed successfully on MT5,1231
2026-08-06 20:52:25,Account 2,JOSEFINA TRADER0, XAUUSD SELL. 4280-4268 I will delete the link after two minutes   https://t.me/+SOmv4_NMpqAxMjI0  600+ PIPS TARGET ,SELL GOLD @ 4280.0,SUCCESS,Trade executed successfully on MT5,1232
2026-08-06 20:56:16,Account 2,JOSEFINA TRADER0, XAUUSD SELL. 4280-4268 I will delete the link after two minutes   https://t.me/+SOmv4_NMpqAxMjI0  600+ PIPS TARGET ,SELL GOLD @ 4280.0,SUCCESS,Trade executed successfully on MT5,1233
2026-08-06 21:23:07,Account 2,👑Market Trader Crypto Forex👑,GOLD  SELL  - 4047  SL -  90 PIPS   TARGET - 200 PIPS   REVERSAL TRADE   https://affs.click/xnqPA PATNER CODE (663WF),SELL GOLD @ 4047.0,SUCCESS,Trade executed successfully on MT5,1234
2026-08-06 21:23:20,Account 1,Coin Chief, Trade: #ZBT/USDT  Direction:  Short    Entry Range: 0.1763 - 0.1828   StopLoss: 0.1869   Target 1: 0.1746  Target 2: 0.1729  Target 3: 0.1712  Target...,N/A,FAILED,Trigger could not parse a valid trade structure from this signal,1235
2026-08-06 21:26:30,Account 2,Forexero - Forex Signals,XAU/USD HIT TP2: +150 pips,SELL GOLD @ None,SUCCESS,Trade executed successfully on MT5,1236
2026-08-06 21:29:09,Account 2,Forexero - Forex Signals,XAU/USD HIT TP3: +300 pips,SELL GOLD @ None,FAILED,MT5 execution failed — check broker logs,1237
2026-08-06 21:35:26,Account 1,King Crypto Scalp [ LIVE ],#KAVA/USDT Take-Profit target 1  Profit: 9.9256%  Period: 5 hr 49 min ,BUY LIMIT #KAVA/USDT @ None,REJECTED,"Telegram Crypto Restriction: Symbol '#KAVA/USDT' rejected. Forex, Gold & Silver only.",1238
2026-08-06 22:26:46,Account 2,JOSEFINA TRADER0,XAUUSD BUY 4238,BUY GOLD @ 4238.0,SUCCESS,Trade executed successfully on MT5,1239
2026-08-06 22:28:06,Account 2,JOSEFINA TRADER0,XAUUSD BUY 4238 TP 4241 TP 4244 TP 4247 TP 4250 TP 4253 SL 4228 Use proper money management me,BUY GOLD @ 4238.0,SUCCESS,Trade executed successfully on MT5,1240
2026-08-06 22:32:54,Account 2,RIAOGOLDFOREX,XAUUSD LIVE TRADE NOW   XAUUSD  US30 NAS100 GBPUSD  EURUSD  GBPJPY  ALL SIGNALS AVAILABLE  https://t.me/+HI2CLc1bhUw4MDJk https://t.me/+oHLRzcNDNiUwYj...,SELL GOLD @ 4047.0,SUCCESS,Trade executed successfully on MT5,1241
2026-08-06 23:02:04,Account 1,King Crypto Scalp [ LIVE ],PAIR: APEUSDT  TYPE: SHORT LEVERAGE: Cross 20x   Entry Targets: 1) 0.1331 2) 0.1384 (DCA)  Take-Profit Targets: 0.1324 - 0.1318 - 0.1311 - 0.1291 - 0....,SELL EURUSD @ None,FAILED,MT5 execution failed — check broker logs,1242
2026-08-06 23:02:13,Account 1,King Crypto Scalp [ LIVE ],"ByBit USDT, KuCoin Futures, OKX Futures, Binance Futures, Bitget Futures #APE/USDT Closed due to opposite direction signal ",N/A,FAILED,Trigger could not parse a valid trade structure from this signal,1243
2026-08-06 23:02:17,Account 1,King Crypto Scalp [ LIVE ],PAIR: APEUSDT  TYPE: SHORT LEVERAGE: Cross 20x   Entry Targets: 1) 0.1331 2) 0.1384 (DCA)  Take-Profit Targets: 0.1324 - 0.1318 - 0.1311 - 0.1291 - 0....,N/A,FAILED,Trigger could not parse a valid trade structure from this signal,1244
2026-08-06 23:08:58,Account 1,King Crypto Scalp [ LIVE ],#LDO/USDT Take-Profit target 3  Profit: 30.0871%  Period: 10 hr 8 min ,SELL EURUSD @ None,FAILED,MT5 execution failed — check broker logs,1245
2026-08-06 23:14:23,Account 1,"Mr.DAVID, XAU/USD CLUB",Buy: 4240 (current area) Stop Loss: 4228 Take Profit 1: 4255 Take Profit 2: 4270 Take Profit 3: 480,SELL GOLD @ 4068.0,SUCCESS,Trade executed successfully on MT5,1246
2026-08-07 00:24:31,Account 1,King Crypto Scalp [ LIVE ],#SOL/USDT Take-Profit target 1  Profit: 13.9382%  Period: 4 hr 23 min ,SELL #SOL/USDT @ None,REJECTED,"Telegram Crypto Restriction: Symbol '#SOL/USDT' rejected. Forex, Gold & Silver only.",1247
2026-08-07 01:03:01,Account 2,GOLD Trader Dan,XAUUSD SMASHED TP 440 PIPS ,SELL GOLD @ None,FAILED,MT5 execution failed — check broker logs,1248
2026-08-07 01:03:07,Account 2,Dan GOLD Scalper,XAUUSD SMASHED TP 440 PIPS ,SELL GOLD @ None,FAILED,MT5 execution failed — check broker logs,1249
2026-08-07 02:11:07,Account 2,Forex Trading Tips,"DAILY REPORT  -  Aug 06, 2026   BUY LIMIT 4264 -60 PIPS  BUY LIMIT 4228  + 120 PIPS  BUY LIMIT 4249  + 60 PIPS  Vantage |Exness |FxPro | IC  Contact A...",BUY LIMIT EURUSD @ None,FAILED,MT5 execution failed — check broker logs,1250
2026-08-07 02:15:36,Account 1,King Crypto Scalp [ LIVE ],PAIR: ADAUSDT  TYPE: LONG LEVERAGE: Cross 20x   Entry Targets: 1) 0.2027 2) 0.1926 (DCA)  Take-Profit Targets: 0.2041 - 0.2053 - 0.2078 - 0.2108 - 0.2...,BUY ADAUSDT @ None,REJECTED,"Telegram Crypto Restriction: Symbol 'ADAUSDT' rejected. Forex, Gold & Silver only.",1251
2026-08-07 02:15:45,Account 1,King Crypto Scalp [ LIVE ],PAIR: ADAUSDT  TYPE: LONG LEVERAGE: Cross 20x   Entry Targets: 1) 0.2027 2) 0.1926 (DCA)  Take-Profit Targets: 0.2041 - 0.2053 - 0.2078 - 0.2108 - 0.2...,BUY ADAUSDT @ None,REJECTED,"Telegram Crypto Restriction: Symbol 'ADAUSDT' rejected. Forex, Gold & Silver only.",1252
2026-08-07 02:15:58,Account 1,King Crypto Scalp [ LIVE ],#ADA/USDT Entry 1  Average Entry Price: 0.2027 ,BUY GOLD @ 0.2027,REJECTED,Price sanity fail: entry 0.2027 is 100.0% from live 4236.76000,1253
2026-08-07 03:04:22,Account 1,King Crypto Scalp [ LIVE ],#ADA/USDT Take-Profit target 1  Profit: 13.8135%  Period: 48 min ,SELL EURUSD @ None,FAILED,MT5 execution failed — check broker logs,1254
2026-08-07 03:04:35,Account 1,King Crypto Scalp [ LIVE ],#KAVA/USDT Take-Profit target 2  Profit: 17.3697%  Period: 11 hr 17 min ,BUY LIMIT #KAVA/USDT @ None,REJECTED,"Telegram Crypto Restriction: Symbol '#KAVA/USDT' rejected. Forex, Gold & Silver only.",1255
2026-08-07 03:11:02,Account 1,King Crypto Scalp [ LIVE ],#KAVA/USDT Take-Profit target 1  Profit: 7.8355%  Period: 2 days 23 hr ,BUY LIMIT #KAVA/USDT @ None,REJECTED,"Telegram Crypto Restriction: Symbol '#KAVA/USDT' rejected. Forex, Gold & Silver only.",1256
2026-08-07 03:12:29,Account 1,King Crypto Scalp [ LIVE ],#KAVA/USDT Take-Profit target 1  Profit: 9.78%  Period: 4 days 5 hr ,BUY LIMIT #KAVA/USDT @ None,REJECTED,"Telegram Crypto Restriction: Symbol '#KAVA/USDT' rejected. Forex, Gold & Silver only.",1257
2026-08-07 03:35:19,Account 1,King Crypto Scalp [ LIVE ],#KAVA/USDT Take-Profit target 3  Profit: 28.1224%  Period: 11 hr 48 min ,BUY LIMIT #KAVA/USDT @ 28.1224,REJECTED,"Telegram Crypto Restriction: Symbol '#KAVA/USDT' rejected. Forex, Gold & Silver only.",1258
2026-08-07 03:36:39,Account 1,King Crypto Scalp [ LIVE ],#ADA/USDT Take-Profit target 2  Profit: 19.7336%  Period: 1 hr 21 min ,SELL GOLD @ 4068.0,FAILED,MT5 execution failed — check broker logs,1259
2026-08-07 03:47:52,Account 1,King Crypto Scalp [ LIVE ],#KAVA/USDT Take-Profit target 2  Profit: 17.6298%  Period: 3 days ,BUY LIMIT #KAVA/USDT @ 17.6298,REJECTED,"Telegram Crypto Restriction: Symbol '#KAVA/USDT' rejected. Forex, Gold & Silver only.",1260
2026-08-07 03:48:04,Account 1,King Crypto Scalp [ LIVE ],#KAVA/USDT Take-Profit target 2  Profit: 17.1149%  Period: 4 days 6 hr ,BUY LIMIT #KAVA/USDT @ None,REJECTED,"Telegram Crypto Restriction: Symbol '#KAVA/USDT' rejected. Forex, Gold & Silver only.",1261
2026-08-07 04:09:56,Account 1,King Crypto Scalp [ LIVE ],#KAVA/USDT Take-Profit target 3  Profit: 27.7099%  Period: 4 days 6 hr ,BUY LIMIT #KAVA/USDT @ None,REJECTED,"Telegram Crypto Restriction: Symbol '#KAVA/USDT' rejected. Forex, Gold & Silver only.",1262
2026-08-07 04:10:09,Account 1,King Crypto Scalp [ LIVE ],#KAVA/USDT Take-Profit target 4  Profit: 40.9429%  Period: 12 hr 22 min ,N/A,FAILED,Trigger could not parse a valid trade structure from this signal,1263
2026-08-07 04:10:12,Account 1,King Crypto Scalp [ LIVE ],#KAVA/USDT Take-Profit target 3  Profit: 29.0565%  Period: 3 days ,N/A,FAILED,Trigger could not parse a valid trade structure from this signal,1264
2026-08-07 05:16:53,Account 1,King Crypto Scalp [ LIVE ],PAIR: CHZUSDT  TYPE: SHORT LEVERAGE: Cross 20x   Entry Targets: 1) 0.0128 2) 0.0133 (DCA)  Take-Profit Targets: 0.0127 - 0.0127 - 0.0126 - 0.0124 - 0....,SELL GOLD @ None,FAILED,MT5 execution failed — check broker logs,1265
2026-08-07 05:16:57,Account 1,King Crypto Scalp [ LIVE ],"Binance Futures, KuCoin Futures, ByBit USDT, OKX Futures, Bitget Futures #CHZ/USDT Closed due to opposite direction signal ",N/A,FAILED,Trigger could not parse a valid trade structure from this signal,1266
2026-08-07 05:17:02,Account 1,King Crypto Scalp [ LIVE ],PAIR: CHZUSDT  TYPE: SHORT LEVERAGE: Cross 20x   Entry Targets: 1) 0.0128 2) 0.0133 (DCA)  Take-Profit Targets: 0.0127 - 0.0127 - 0.0126 - 0.0124 - 0....,N/A,FAILED,Trigger could not parse a valid trade structure from this signal,1267
2026-08-07 06:23:17,Account 2,RIAOGOLDFOREX,XAUUSD BUY 4233,BUY GOLD @ 4233.0,FAILED,MT5 execution failed — check broker logs,1268
2026-08-07 06:25:24,Account 2,RIAOGOLDFOREX,XAUUSD BUY 4233  TP 4236  TP 4239  TP 4242  TP 4245  TP 4258  TP 4261  SL 4223,BUY GOLD @ 4233.0,FAILED,MT5 execution failed — check broker logs,1269
2026-08-07 06:45:55,Account 2,Forex Trading Tips," XAUUSD TRADING PLAN Gold is currently ranging between 4,239  4,279. For now, the priority is to wait for a confirmed breakout before choosing directi...",BUY LIMIT GOLD @ None,FAILED,MT5 execution failed — check broker logs,1270
2026-08-07 07:01:13,Account 1,King Crypto Scalp [ LIVE ],PAIR: GRTUSDT  TYPE: LONG LEVERAGE: Cross 20x   Entry Targets: 1) 0.01452 2) 0.0139 (DCA)  Take-Profit Targets: 0.0146 - 0.0147 - 0.0147 - 0.015 - 0.0...,N/A,FAILED,Trigger could not parse a valid trade structure from this signal,1271
2026-08-07 07:01:17,Account 1,King Crypto Scalp [ LIVE ],"Binance Futures, OKX Futures, Bitget Futures, ByBit USDT, KuCoin Futures #GRT/USDT Closed due to opposite direction signal ",N/A,FAILED,Trigger could not parse a valid trade structure from this signal,1272
2026-08-07 07:01:23,Account 1,King Crypto Scalp [ LIVE ],PAIR: GRTUSDT  TYPE: LONG LEVERAGE: Cross 20x   Entry Targets: 1) 0.01452 2) 0.0139 (DCA)  Take-Profit Targets: 0.0146 - 0.0147 - 0.0147 - 0.015 - 0.0...,N/A,FAILED,Trigger could not parse a valid trade structure from this signal,1273
2026-08-07 07:01:52,Account 1,King Crypto Scalp [ LIVE ],#GRT/USDT Entry 1  Average Entry Price: 0.01452 ,BUY #GRT/USDT @ 0.01452,REJECTED,"Telegram Crypto Restriction: Symbol '#GRT/USDT' rejected. Forex, Gold & Silver only.",1274
2026-08-07 07:17:13,Account 1,King Crypto Scalp [ LIVE ],PAIR: GALAUSDT  TYPE: LONG LEVERAGE: Cross 20x   Entry Targets: 1) 0.001809 2) 0.0017 (DCA)  Take-Profit Targets: 0.0018 - 0.0018 - 0.0018 - 0.0019 - ...,N/A,FAILED,Trigger could not parse a valid trade structure from this signal,1275
2026-08-07 07:55:37,Account 2,SureShot GOLD (VIP),XAUUSD BUY LIMIT 4252  SL:  4242.0 TP:  4272.0 --Trade by Grace,BUY LIMIT GOLD @ 4252.0,SUCCESS,Trade executed successfully on MT5,1276
2026-08-07 08:00:08,Account 1,DUBAI CAPITAL FX GROUP 3,GOLD SELL 4260_4263  SL _4273  TP 4257 TP 4254 TP 4251 TP 4248 TP 4245 TP 4242 TP 4239 TP 4236  FOLLOW MONEY MANAGEMENT,SELL GOLD @ 4260.0,SUCCESS,Trade executed successfully on MT5,1277
2026-08-07 09:59:27,Account 2,Sureshot FX VIP,AUDCAD BUY 0.9851  SL:  0.9801 TP:  1.0001 --Trade by William,N/A,FAILED,Trigger could not parse a valid trade structure from this signal,1278
2026-08-07 09:59:27,Account 2,Sureshot FX 🎯,AUDCAD BUY 0.9851  SL:  0.9801 TP:  1.0001 --Trade by William,N/A,FAILED,Trigger could not parse a valid trade structure from this signal,1279
2026-08-07 10:09:32,Account 1,King Crypto Scalp [ LIVE ],#CHZ/USDT Take-Profit target 1  Profit: 15.625%  Period: 4 hr 52 min ,BUY LIMIT #CHZ/USDT @ None,REJECTED,"Telegram Crypto Restriction: Symbol '#CHZ/USDT' rejected. Forex, Gold & Silver only.",1280
2026-08-07 16:52:24,Account 2,SureShot GOLD (VIP),XAUUSD SELL LIMIT 4336.6  SL:  4346.6 TP:  4316.6 --Trade by William,N/A,FAILED,Trigger could not parse a valid trade structure from this signal,1281
2026-09-20 23:07:10,Test Account,Test Channel,EURUSD BUY NOW 1.0950 SL 1.0900 TP 1.1050,BUY EURUSD @ 1.095,REJECTED,Gold Lock: Symbol 'EURUSD' rejected. Gold only.,1282
2026-09-18 11:38:49,SureShot GOLD (VIP),BUY,GOLD,4379.34,4369.34,4399.34,LOSS,-100.0
2026-09-18 07:46:36,SureShot GOLD (VIP),SELL,GOLD,4393.91,4403.91,4373.91,WIN,200.0
2026-09-18 07:22:33,SureShot GOLD (VIP),SELL,GOLD,4393.66,4403.66,4373.66,WIN,200.0
2026-09-17 12:18:53,SureShot GOLD (VIP),SELL,GOLD,4362.85,4372.85,4342.85,WIN,200.0
2026-09-17 11:40:15,SureShot GOLD (VIP),BUY,GOLD,4325.58,4315.58,4345.58,LOSS,-100.0
2026-09-17 11:07:55,SureShot GOLD (VIP),SELL,GOLD,4332.76,4342.76,4312.76,WIN,200.0
2026-09-17 07:38:23,SureShot GOLD (VIP),SELL,GOLD,4331.97,4341.97,4311.97,WIN,200.0
2026-09-17 06:33:15,SureShot GOLD (VIP),SELL,GOLD,4313.65,4323.65,4293.65,WIN,200.0
2026-09-17 06:10:02,SureShot GOLD (VIP),SELL,GOLD,4309.99,4319.99,4289.99,WIN,200.0
2026-09-16 15:41:36,SureShot GOLD (VIP),BUY,GOLD,4350.86,4340.86,4370.86,LOSS,-100.0
2026-09-16 14:57:17,SureShot GOLD (VIP),SELL,GOLD,4349.57,4359.57,4329.57,LOSS,-100.0
2026-09-16 13:49:15,SureShot GOLD (VIP),SELL,GOLD,4343.27,4353.27,4323.27,LOSS,-100.0
2026-09-16 09:34:22,SureShot GOLD (VIP),BUY,GOLD,4334.09,4324.09,4354.09,LOSS,-100.0
2026-09-16 08:42:57,SureShot GOLD (VIP),BUY,GOLD,4324.93,4314.93,4344.93,WIN,200.0
2026-09-16 08:19:41,SureShot GOLD (VIP),SELL,GOLD,4331.97,4341.97,4311.97,LOSS,-100.0
2026-09-16 08:00:54,SureShot GOLD (VIP),SELL,GOLD,4327.63,4337.63,4307.63,LOSS,-100.0
2026-09-16 07:33:11,SureShot GOLD (VIP),BUY,GOLD,4334.05,4324.05,4354.05,LOSS,-100.0
2026-09-16 03:39:47,SureShot GOLD (VIP),BUY,GOLD,4327.49,4317.49,4347.49,LOSS,-100.0
2026-09-15 18:30:42,SureShot GOLD (VIP),BUY,GOLD,4303.28,4293.28,4323.28,LOSS,-100.0
2026-09-15 16:06:24,SureShot GOLD (VIP),SELL,GOLD,4290.48,4300.48,4270.48,LOSS,-100.0
2026-09-15 15:04:15,SureShot GOLD (VIP),SELL,GOLD,4282.25,4292.25,4262.25,LOSS,-100.0
2026-09-15 14:16:35,SureShot GOLD (VIP),SELL,GOLD,4292.46,4302.46,4272.46,WIN,200.0
2026-09-15 12:43:11,SureShot GOLD (VIP),SELL,GOLD,4279.84,4289.84,4259.84,LOSS,-100.0
2026-09-15 10:02:01,SureShot GOLD (VIP),SELL,GOLD,4292.03,4287.0,4257.0,LOSS,50.3
2026-09-15 08:27:01,SureShot GOLD (VIP),BUY,GOLD,4272.21,4262.21,4292.21,WIN,200.0
2026-09-15 07:56:54,SureShot GOLD (VIP),BUY,GOLD,4278.66,4268.66,4298.66,WIN,200.0
2026-09-15 04:43:03,SureShot GOLD (VIP),SELL,GOLD,4305.86,4315.86,4285.86,LOSS,-100.0
2026-09-14 09:57:11,SureShot GOLD (VIP),BUY,GOLD,4286.76,4276.76,4306.76,WIN,200.0
2026-09-14 09:48:45,SureShot GOLD (VIP),BUY,GOLD,4281.24,4271.24,4301.24,WIN,200.0
2026-09-14 09:33:50,SureShot GOLD (VIP),BUY,GOLD,4286.0,4276.0,4306.0,WIN,200.0
2026-09-14 09:23:21,SureShot GOLD (VIP),BUY,GOLD,4288.0,4278.0,4308.0,WIN,200.0
2026-09-14 08:59:28,SureShot GOLD (VIP),BUY,GOLD,4306.63,4296.63,4326.63,WIN,200.0
2026-09-14 08:55:52,SureShot GOLD (VIP),BUY,GOLD,4306.03,4296.03,4326.03,WIN,200.0
2026-09-14 06:46:25,SureShot GOLD (VIP),SELL,GOLD,4326.38,4336.38,4306.38,LOSS,-100.0
2026-09-18 12:39:39,GOLD PRO TRADER ,BUY,GOLD,4382.03,4367.03,4392.03,LOSS,-150.0
2026-09-18 12:39:30,GOLD PRO TRADER ,BUY,GOLD,4382.03,4367.03,4392.03,LOSS,-150.0
2026-09-18 12:34:48,GOLD PRO TRADER ,BUY,GOLD,4365.44,4349.0,4369.0,WIN,35.6
2026-09-17 11:07:13,GOLD PRO TRADER ,BUY,GOLD,4326.19,4311.19,4336.19,LOSS,-150.0
2026-09-17 11:02:30,GOLD PRO TRADER ,BUY,GOLD,4327.51,4312.51,4337.51,LOSS,-150.0
2026-09-17 10:53:16,GOLD PRO TRADER ,BUY,GOLD,4330.21,4315.21,4340.21,LOSS,-150.0
2026-09-17 09:11:26,GOLD PRO TRADER ,BUY,GOLD,4311.03,4296.03,4321.03,WIN,100.0
2026-09-17 09:01:25,GOLD PRO TRADER ,BUY,GOLD,4305.24,4290.24,4315.24,WIN,100.0
2026-09-17 08:49:35,GOLD PRO TRADER ,BUY,GOLD,4310.43,4295.0,4314.0,WIN,35.7
2026-09-17 05:56:15,GOLD PRO TRADER ,BUY,GOLD,4277.51,4262.51,4287.51,WIN,100.0
2026-09-17 05:55:06,GOLD PRO TRADER ,BUY,GOLD,4275.89,4260.89,4285.89,WIN,100.0
2026-09-17 05:40:43,GOLD PRO TRADER ,BUY,GOLD,4283.36,4268.36,4293.36,WIN,100.0
2026-09-17 05:32:01,GOLD PRO TRADER ,BUY,GOLD,4288.73,4273.73,4298.73,WIN,100.0
2026-09-17 05:30:53,GOLD PRO TRADER ,BUY,GOLD,4291.56,4276.56,4301.56,LOSS,-150.0
2026-09-17 05:25:58,GOLD PRO TRADER ,BUY,GOLD,4285.43,4270.0,4289.0,WIN,35.7
2026-09-16 09:39:07,GOLD PRO TRADER ,BUY,GOLD,4325.97,4310.97,4335.97,WIN,100.0
2026-09-16 03:03:51,GOLD PRO TRADER ,BUY,GOLD,4281.36,4266.36,4291.36,WIN,100.0
2026-09-16 03:03:40,GOLD PRO TRADER ,BUY,GOLD,4281.36,4266.36,4291.36,WIN,100.0
2026-09-16 02:56:25,GOLD PRO TRADER ,BUY,GOLD,4281.89,4266.89,4291.89,WIN,100.0
2026-09-16 02:51:27,GOLD PRO TRADER ,BUY,GOLD,4284.45,4269.45,4294.45,WIN,100.0
2026-09-16 02:44:47,GOLD PRO TRADER ,BUY,GOLD,4284.37,4269.37,4294.37,WIN,100.0
2026-09-16 02:40:05,GOLD PRO TRADER ,BUY,GOLD,4308.43,4293.0,4312.0,LOSS,-154.3
2026-09-15 08:07:14,GOLD PRO TRADER ,SELL,GOLD,4302.27,4317.27,4292.27,WIN,100.0
2026-09-15 08:06:58,GOLD PRO TRADER ,SELL,GOLD,4302.83,4317.83,4292.83,WIN,100.0
2026-09-15 07:15:26,GOLD PRO TRADER ,SELL,GOLD,4307.16,4322.16,4297.16,WIN,100.0
2026-09-15 07:15:04,GOLD PRO TRADER ,SELL,GOLD,4300.5,4315.5,4294.0,WIN,65.0
2026-09-15 02:41:10,GOLD PRO TRADER ,BUY,GOLD,4290.24,4275.24,4300.24,WIN,100.0
2026-09-15 02:37:56,GOLD PRO TRADER ,BUY,GOLD,4289.93,4274.93,4299.93,WIN,100.0
2026-09-15 02:34:34,GOLD PRO TRADER ,BUY,GOLD,4308.43,4293.0,4312.0,LOSS,-154.3
2026-09-14 11:00:12,GOLD PRO TRADER ,BUY,GOLD,4310.67,4295.67,4320.67,LOSS,-150.0
2026-09-14 10:41:12,GOLD PRO TRADER ,BUY,GOLD,4317.61,4302.61,4327.61,LOSS,-150.0
2026-09-14 09:38:34,GOLD PRO TRADER ,BUY,GOLD,4330.6,4315.6,4340.6,LOSS,-150.0
2026-09-14 09:38:12,GOLD PRO TRADER ,BUY,GOLD,4330.6,4315.6,4340.6,LOSS,-150.0
2026-09-14 09:32:21,GOLD PRO TRADER ,BUY,GOLD,4280.43,4262.0,4284.0,WIN,35.7
2026-09-14 08:06:21,GOLD PRO TRADER ,BUY,GOLD,4302.0,4287.0,4312.0,WIN,100.0
2026-09-18 06:15:34,ALTO FX,BUY,GOLD,4388.0,4374.0,4392.0,LOSS,-140.0
2026-09-18 03:06:30,ALTO FX,SELL,GOLD,4352.0,4365.0,4348.0,WIN,40.0
2026-09-17 18:46:32,ALTO FX,SELL,GOLD,4363.0,4375.0,4350.0,WIN,130.0
2026-09-17 12:48:50,ALTO FX,BUY,GOLD,4360.0,4347.0,4364.0,LOSS,-130.0
2026-09-17 10:55:00,ALTO FX,BUY,GOLD,4327.37,4322.0,4337.37,LOSS,-53.7
2026-09-17 09:36:19,ALTO FX,SELL,GOLD,4308.0,4322.0,4304.0,LOSS,-140.0
2026-09-17 07:44:02,ALTO FX,SELL,GOLD,4338.0,4355.0,4335.0,WIN,30.0
2026-09-16 12:41:38,ALTO FX,SELL,GOLD,4346.0,4360.0,4340.0,WIN,60.0
2026-09-16 06:36:54,ALTO FX,SELL,GOLD,4328.39,4343.39,4321.0,WIN,73.9
2026-09-16 02:52:03,ALTO FX,BUY,GOLD,4283.78,4268.78,4317.0,WIN,332.2
2026-09-15 01:20:15,ALTO FX,BUY,GOLD,4296.12,4281.12,4305.0,WIN,88.8
2026-09-14 08:05:55,ALTO FX,SELL,GOLD,4331.9,4346.9,4310.0,WIN,219.0
2026-09-18 14:52:16,Forex with karol,SELL,GOLD,4373.22,4388.22,4363.22,WIN,100.0
2026-09-18 10:40:09,Forex with karol,BUY,GOLD,4393.56,4378.56,4403.56,LOSS,-150.0
2026-09-18 10:11:08,Forex with karol,BUY,GOLD,4393.22,4378.22,4403.22,LOSS,-150.0
2026-09-18 09:24:48,Forex with karol,BUY,GOLD,4388.43,4373.43,4398.43,WIN,100.0
2026-09-18 07:32:48,Forex with karol,SELL,GOLD,4360.47,4375.47,4350.47,LOSS,-150.0
2026-09-18 07:22:08,Forex with karol,BUY,GOLD,4353.71,4338.71,4363.71,WIN,100.0
2026-09-17 15:43:31,Forex with karol,BUY,GOLD,4364.68,4349.68,4374.68,WIN,100.0
2026-09-17 14:04:46,Forex with karol,BUY,GOLD,4328.89,4313.89,4338.89,WIN,100.0
2026-09-17 13:38:35,Forex with karol,BUY,GOLD,4317.11,4302.11,4327.11,WIN,100.0
2026-09-17 10:12:20,Forex with karol,BUY,GOLD,4320.36,4305.36,4330.36,WIN,100.0
2026-09-17 10:01:42,Forex with karol,BUY,GOLD,4310.54,4295.54,4320.54,WIN,100.0
2026-09-17 08:29:27,Forex with karol,BUY,GOLD,4287.58,4272.58,4297.58,WIN,100.0
2026-09-17 07:21:50,Forex with karol,SELL,GOLD,4294.27,4309.27,4284.27,LOSS,-150.0
2026-09-17 04:55:51,Forex with karol,BUY,GOLD,4305.26,4290.26,4315.26,LOSS,-150.0
2026-09-16 14:49:39,Forex with karol,BUY,GOLD,4347.37,4332.37,4357.37,WIN,100.0
2026-09-16 09:11:33,Forex with karol,BUY,GOLD,4325.74,4310.74,4335.74,WIN,100.0
2026-09-16 08:56:21,Forex with karol,SELL,GOLD,4330.31,4345.31,4320.31,LOSS,-150.0
2026-09-16 04:24:52,Forex with karol,BUY,GOLD,4289.7,4274.7,4299.7,WIN,100.0
2026-09-15 12:15:53,Forex with karol,SELL,GOLD,4265.46,4280.46,4255.46,LOSS,-150.0
2026-09-15 08:41:08,Forex with karol,SELL,GOLD,4295.87,4310.87,4285.87,WIN,100.0
2026-09-15 08:24:08,Forex with karol,SELL,GOLD,4297.69,4312.69,4287.69,WIN,100.0
2026-09-15 07:00:14,Forex with karol,SELL,GOLD,4303.32,4318.32,4293.32,WIN,100.0
2026-09-15 05:12:45,Forex with karol,BUY,GOLD,4305.07,4290.07,4315.07,WIN,100.0
2026-09-15 04:43:53,Forex with karol,BUY,GOLD,4295.62,4280.62,4305.62,WIN,100.0
2026-09-15 04:35:22,Forex with karol,BUY,GOLD,4302.09,4287.09,4312.09,WIN,100.0
2026-09-15 03:41:39,Forex with karol,BUY,GOLD,4290.05,4275.05,4300.05,WIN,100.0
2026-09-15 03:23:44,Forex with karol,BUY,GOLD,4284.41,4269.41,4294.41,WIN,100.0
2026-09-15 02:48:34,Forex with karol,BUY,GOLD,4288.18,4273.18,4298.18,WIN,100.0
2026-09-15 02:24:46,Forex with karol,BUY,GOLD,4290.27,4275.27,4300.27,WIN,100.0
2026-09-14 15:16:31,Forex with karol,BUY,GOLD,4295.69,4280.69,4305.69,LOSS,-150.0
2026-09-14 13:40:17,Forex with karol,SELL,GOLD,4293.21,4308.21,4283.21,WIN,100.0
2026-09-14 13:15:22,Forex with karol,SELL,GOLD,4288.2,4303.2,4278.2,WIN,100.0
2026-09-14 13:12:50,Forex with karol,SELL,GOLD,4287.55,4302.55,4277.55,WIN,100.0
2026-09-14 13:01:38,Forex with karol,SELL,GOLD,4283.29,4298.29,4273.29,WIN,100.0
2026-09-18 12:30:14,XAUUSD GOLD MASTER,SELL,GOLD,4364.0,4383.0,4357.0,LOSS,-190.0
2026-09-18 03:54:55,XAUUSD GOLD MASTER,BUY,GOLD,4353.5,4335.0,4360.0,WIN,65.0
2026-09-18 01:45:48,XAUUSD GOLD MASTER,SELL,GOLD,4350.0,4362.0,4347.0,WIN,30.0
2026-09-18 01:45:34,XAUUSD GOLD MASTER,SELL,GOLD,4350.0,4365.0,4340.0,WIN,100.0
2026-09-17 13:55:50,XAUUSD GOLD MASTER,SELL,GOLD,4366.0,4378.0,4363.0,WIN,30.0
2026-09-17 13:55:41,XAUUSD GOLD MASTER,SELL,GOLD,4366.0,4381.0,4356.0,WIN,100.0
2026-09-17 07:49:07,XAUUSD GOLD MASTER,SELL,GOLD,4336.0,4348.0,4333.0,WIN,30.0
2026-09-17 07:48:57,XAUUSD GOLD MASTER,SELL,GOLD,4336.0,4351.0,4326.0,WIN,100.0
2026-09-17 05:09:43,XAUUSD GOLD MASTER,BUY,GOLD,4293.0,4285.0,4296.0,LOSS,-80.0
2026-09-17 05:09:35,XAUUSD GOLD MASTER,BUY,GOLD,4293.0,4278.0,4303.0,LOSS,-150.0
2026-09-17 00:48:44,XAUUSD GOLD MASTER,BUY,GOLD,4287.0,4275.0,4290.0,LOSS,-120.0
2026-09-17 00:48:33,XAUUSD GOLD MASTER,BUY,GOLD,4287.0,4272.0,4297.0,LOSS,-150.0
2026-09-16 15:30:57,XAUUSD GOLD MASTER,SELL,GOLD,4346.0,4358.0,4343.0,WIN,30.0
2026-09-16 15:30:08,XAUUSD GOLD MASTER,SELL,GOLD,4346.0,4361.0,4336.0,WIN,100.0
2026-09-16 14:41:01,XAUUSD GOLD MASTER,SELL,GOLD,4338.0,4350.0,4335.0,LOSS,-120.0
2026-09-16 14:40:49,XAUUSD GOLD MASTER,SELL,GOLD,4338.0,4353.0,4328.0,LOSS,-150.0
2026-09-16 08:20:04,XAUUSD GOLD MASTER,BUY,GOLD,4330.0,4318.0,4333.0,WIN,30.0
2026-09-16 08:19:56,XAUUSD GOLD MASTER,BUY,GOLD,4330.0,4315.0,4340.0,WIN,100.0
2026-09-16 03:08:48,XAUUSD GOLD MASTER,SELL,GOLD,4329.0,4341.0,4326.0,WIN,30.0
2026-09-16 03:08:36,XAUUSD GOLD MASTER,SELL,GOLD,4329.0,4344.0,4319.0,WIN,100.0
2026-09-16 02:41:21,XAUUSD GOLD MASTER,SELL,GOLD,4310.0,4322.0,4307.0,WIN,30.0
2026-09-16 02:41:05,XAUUSD GOLD MASTER,SELL,GOLD,4310.0,4325.0,4300.0,WIN,100.0
2026-09-16 01:45:03,XAUUSD GOLD MASTER,SELL,GOLD,4286.0,4298.0,4383.0,WIN,-970.0
2026-09-16 01:44:53,XAUUSD GOLD MASTER,SELL,GOLD,4286.0,4301.0,4276.0,WIN,100.0
2026-09-15 16:15:01,XAUUSD GOLD MASTER,BUY,GOLD,4287.0,4275.0,4290.0,WIN,30.0
2026-09-15 16:14:53,XAUUSD GOLD MASTER,BUY,GOLD,4287.0,4272.0,4297.0,WIN,100.0
2026-09-18 10:10:34,Swift Gold Forex,BUY,GOLD,4373.0,4363.0,4376.0,WIN,30.0
2026-09-18 01:37:16,Swift Gold Forex,BUY,GOLD,4351.0,4340.0,4354.0,LOSS,-110.0
2026-09-17 12:24:35,Swift Gold Forex,SELL,GOLD,4375.0,4385.0,4372.0,WIN,30.0
2026-09-17 09:41:31,Swift Gold Forex,BUY,GOLD,4308.0,4298.0,4311.0,WIN,30.0
2026-09-17 05:39:41,Swift Gold Forex,BUY,GOLD,4294.0,4384.0,4297.0,LOSS,900.0
2026-09-16 12:12:53,Swift Gold Forex,BUY,GOLD,4342.0,4331.0,4345.0,LOSS,-110.0
2026-09-16 02:47:49,Swift Gold Forex,BUY,GOLD,4310.0,4200.0,4313.0,WIN,30.0
2026-09-15 08:08:40,Swift Gold Forex,BUY,GOLD,4266.0,4255.0,4269.0,WIN,30.0
2026-09-15 01:50:58,Swift Gold Forex,BUY,GOLD,4299.0,4389.0,4302.0,LOSS,900.0
2026-09-14 15:10:50,Swift Gold Forex,BUY,GOLD,4280.0,4370.0,4283.0,LOSS,900.0
2026-09-14 09:20:17,Swift Gold Forex,BUY,GOLD,4286.0,4376.0,4289.0,LOSS,900.0
2026-09-14 00:43:13,Swift Gold Forex,BUY,GOLD,4330.0,4320.0,4333.0,WIN,30.0
2026-09-20 23:35:18,Account 2,Market Trader Crypto Forex,AUDJPY Long Trade  Check chart setup,"BUY AUDJPY @ 111.833 (SL: -138.167, TP: 511.833)",BUY,AUDJPY,111.833,-138.167,511.833,FAILED,Broker rejected order
2026-09-20 23:35:18,Account 2,Market Trader Crypto Forex,AUDJPY sl ctc kar lijiye and Book 60% Profit.,"MODIFY_BREAKEVEN AUDJPY @ 0 (SL: 0, TP: 0)",MODIFY_BREAKEVEN,AUDJPY,0,0,0,NO_OPEN_ORDER,"SL moved to entry, closed 60%"
2026-09-20 23:35:18,Account 2,Market Trader Crypto Forex,AUDJPY Book 100% Profit. 300 Pips Done.,"BOOK_PROFIT AUDJPY @ 0 (SL: 0, TP: 0)",BOOK_PROFIT,AUDJPY,0,0,0,SUCCESS,Booked 100% profit on target hit
2026-09-20 23:35:18,Account 2,Market Trader Crypto Forex,GOLD BUY - 4388 SL - 90 PIPS TARGET - 250 PIPS WAIT FOR CONFIRMATION,"BUY GOLD @ 4378.27 (SL: 4369.27, TP: 4403.27)",BUY,GOLD,4378.27,4369.27,4403.27,FAILED,Broker rejected order
2026-09-20 23:35:33,Account 2,Market Trader Crypto Forex,AUDJPY Long Trade  Check chart setup,"BUY AUDJPY @ 111.833 (SL: 111.583, TP: 112.233)",BUY,AUDJPY,111.833,111.583,112.233,FAILED,Broker rejected order
2026-09-20 23:35:33,Account 2,Market Trader Crypto Forex,AUDJPY sl ctc kar lijiye and Book 60% Profit.,"MODIFY_BREAKEVEN AUDJPY @ 0 (SL: 0, TP: 0)",MODIFY_BREAKEVEN,AUDJPY,0,0,0,NO_OPEN_ORDER,"SL moved to entry, closed 60%"
2026-09-20 23:35:33,Account 2,Market Trader Crypto Forex,AUDJPY Book 100% Profit. 300 Pips Done.,"BOOK_PROFIT AUDJPY @ 0 (SL: 0, TP: 0)",BOOK_PROFIT,AUDJPY,0,0,0,SUCCESS,Booked 100% profit on target hit
2026-09-20 23:35:33,Account 2,Market Trader Crypto Forex,GOLD BUY - 4388 SL - 90 PIPS TARGET - 250 PIPS WAIT FOR CONFIRMATION,"BUY GOLD @ 4378.27 (SL: 4369.27, TP: 4403.27)",BUY,GOLD,4378.27,4369.27,4403.27,FAILED,Broker rejected order
2026-09-21 00:09:16,Account 2,Market Trader Crypto Forex,AUDJPY Book 100% Profit. 300 Pips Done,"ACTIVATED_10PIP_TSL AUDJPY @ 0 (SL: 0, TP: 0)",ACTIVATED_10PIP_TSL,AUDJPY,0,0,0,NO_OPEN_ORDER,Activated 10-pip jumping TSL on Book 100%
2026-09-21 03:24:37,Account 2,Vijay Gold Forex,GOLD SELL   XAU USD SIGNAL  TARGET 500 PIPS  SL TP  https://t.me/+HV6ibKxRn3cxNzM0 https://t.me/+HV6ibKxRn3cxNzM0 https://t.me/+HV6ibKxRn3cxNzM0,SELL GOLD @ 500.0,REJECTED,"R:R too low: 0.00x (need >= 1.5x). TP=500.00, SL dist=4.73",1445
2026-09-21 03:53:44,Account 2,Vijay Gold Forex,GOLD SELL   XAU USD SIGNAL  TARGET 500 PIPS  SL TP  https://t.me/+HV6ibKxRn3cxNzM0 https://t.me/+HV6ibKxRn3cxNzM0 https://t.me/+HV6ibKxRn3cxNzM0,SELL GOLD @ 500.0,REJECTED,"R:R too low: 0.00x (need >= 1.5x). TP=500.00, SL dist=4.63",1446
2026-09-21 04:01:30,Account 2,Vijay Gold Forex,GOLD SELL   XAU USD SIGNAL  TARGET 500 PIPS  SL TP  https://t.me/+HV6ibKxRn3cxNzM0 https://t.me/+HV6ibKxRn3cxNzM0 https://t.me/+HV6ibKxRn3cxNzM0,SELL GOLD @ 500.0,REJECTED,"R:R too low: 0.00x (need >= 1.5x). TP=500.00, SL dist=4.45",1447
2026-09-21 04:28:21,Account 2,Vijay Gold Forex,GOLD NOW BUY PLEASE don't SHARE  this link  once you join  https://t.me/+9bD7BuBAvWlkOTQ8 https://t.me/+9bD7BuBAvWlkOTQ8  GOLD SIGNALS ,BUY GOLD @ None,FAILED,MT5 execution failed — check broker logs,1448
2026-09-21 05:38:01,Account 2,RIAOGOLDFOREX,XAUUSD SELL 4371,SELL GOLD @ 4371.0,SUCCESS,Trade executed successfully on MT5,1449
2026-09-21 05:39:45,Account 2,RIAOGOLDFOREX,XAUUSD SELL 4371  TP 4368 TP 4365 TP 4362 TP 4359 TP 4356 TP 4353  SL 4381,SELL GOLD @ 4371.0,REJECTED,SL too wide: 10.00 > 7.80 (1.5x ATR=5.20). Max risk exceeded.,1450
2026-09-21 05:49:05,Account 2,RIAOGOLDFOREX,#XAUUSD SELL NOW Confirm Entry Target 300+ pips Sl ------------ TP ------------ See at  channel  https://t.me/+UZF3cVcGK5MzZjY0,SELL GOLD @ 3000.0,REJECTED,SL too wide: 1058.00 > 7.74 (1.5x ATR=5.16). Max risk exceeded.,1451
2026-09-21 05:50:11,Account 2,RIAOGOLDFOREX, XAUUUSD (GOLD)  100% confirm/accurate signal   Tp  SL  https://t.me/+jxQNZ1-2zwZjOTE0 https://t.me/+jxQNZ1-2zwZjOTE0,SELL GOLD @ 4068.0,REJECTED,SL too wide: 15.00 > 7.74 (1.5x ATR=5.16). Max risk exceeded.,1452
2026-09-21 06:01:54,Account 2,JOSEFINA TRADER0⚔️,XAUUSD SELL 4370,SELL GOLD @ 4370.0,SUCCESS,Trade executed successfully on MT5,1453
2026-09-21 06:03:05,Account 2,JOSEFINA TRADER0⚔️,XAUUSD SELL 4370 TP 4367 TP 4364 TP 4361 TP 4358 TP 4355 SL 4381 ,SELL GOLD @ 4370.0,REJECTED,SL too wide: 11.00 > 7.91 (1.5x ATR=5.27). Max risk exceeded.,1454
2026-09-21 06:15:45,Account 2,JOSEFINA TRADER0⚔️,           90%  GOLD NAS US30   https://t.me/+BHeLsHLhucwwYTk0,BUY GOLD @ None,SUCCESS,Trade executed successfully on MT5,1455
2026-09-21 06:30:46,Account 2,Grade Profit forex,XAUUSD Next Big Move  Use 0.5 Lot    XAUUSD TP   CLICK FOR SIGNAL TP & SL ,BUY GOLD @ 4063.0,REJECTED,SL too wide: 10.00 > 9.59 (1.5x ATR=6.39). Max risk exceeded.,1456
2026-09-21 06:32:12,Account 2,Grade Profit forex,XAUUSD BUY 4370  TP 4373 TP 4376 TP 4379 TP 4382 TP 4385  SL 4360,BUY GOLD @ 4370.0,REJECTED,SL too wide: 10.00 > 9.68 (1.5x ATR=6.45). Max risk exceeded.,1457
2026-09-21 06:36:40,Account 2,Perfect Management,XAUUSD BUY 4371  SL 4360  TP 4375 TP 4379 TP 4383 TP 4387 TP 4391 TP 4395,"BUY GOLD @ 4374.87 (SL: 4360.0, TP: 4395.0)",BUY,GOLD,4374.87,4360.0,4395.0,SUCCESS,Executed with AI Runner TSL
2026-09-21 06:40:17,Account 2,JOSEFINA TRADER0⚔️,XAUUSD gold 3982_3985 I will delete the two minutes   https://t.me/+BHeLsHLhucwwYTk0   600+ PIPS TARGET ,SELL GOLD @ 3985.0,REJECTED,"R:R too low: 0.00x (need >= 1.5x). TP=3985.00, SL dist=3.00",1459
2026-09-21 06:48:07,Account 2,Grade Profit forex,GOLD SELL 4370  TP 4367 TP 4364 TP 4361 TP 4358 TP 4355  SL 4382 VIP MY GROUP OPEN 3 MEMBERS JOlN FAST  https://t.me/+NKfdQmo4uPBiMmRk,SELL GOLD @ 4370.0,REJECTED,SL too wide: 12.00 > 10.08 (1.5x ATR=6.72). Max risk exceeded.,1460
2026-09-21 06:49:19,Account 2,XAUUSD GOLD MASTER,GOLD BUY NOW  SL TP HERE   https://t.me/+bLO_LK_4NahmNTU8,BUY GOLD @ None,SUCCESS,Trade executed successfully on MT5,1461
2026-09-21 06:49:46,Account 2,XAUUSD GOLD MASTER,GOLD NOW 4380  TP1 TP2 TP3 TP4 TP 5  SL  POSTED IN CHANNEL  JOIN FOR TP AND SL   https://t.me/+YAqd3o4mDiAyMWU0,SELL GOLD @ 4380.0,SUCCESS,Trade executed successfully on MT5,1462
2026-09-21 06:50:22,Account 2,XAUUSD GOLD MASTER, XAUUUSD (GOLD)  100% confirm/accurate signal   Tp  SL  https://t.me/+jxQNZ1-2zwZjOTE0 https://t.me/+jxQNZ1-2zwZjOTE0,SELL GOLD @ 4068.0,REJECTED,SL too wide: 15.00 > 10.46 (1.5x ATR=6.97). Max risk exceeded.,1463
2026-09-21 06:51:12,Account 2,Market Trader Crypto Forex,200 Pips Done. Sl ctc kar lijiye and Book 40% Profit.,"MODIFY_BREAKEVEN PIPS @ 0 (SL: 0, TP: 0)",MODIFY_BREAKEVEN,PIPS,0,0,0,NO_OPEN_ORDER,"SL moved to entry, closed 40%"
2026-09-21 06:57:01,Account 2,Vijay Gold Forex,XAUUSD GOLD  I will delete the link after two minutes  https://t.me/+6jY_yXcdadc4OWFk https://t.me/+6jY_yXcdadc4OWFk  600+ PIPS TARGET ,SELL GOLD @ 4047.0,REJECTED,SL too wide: 11.00 > 10.59 (1.5x ATR=7.06). Max risk exceeded.,1465
2026-09-21 06:57:24,Account 2,XAUUSD GOLD MASTER,GOLD NOW 4380  TP1 TP2 TP3 TP4 TP 5  SL  POSTED IN CHANNEL  JOIN FOR TP AND SL   https://t.me/+YAqd3o4mDiAyMWU0,SELL GOLD @ 4380.0,FAILED,MT5 execution failed — check broker logs,1466
2026-09-21 07:06:47,Account 2,Vijay Gold Forex, XAUUSD SELL. @4380 I will delete the link after two minutes   https://t.me/+ViSUaelHtco5NTVk https://t.me/+ViSUaelHtco5NTVk 600+ PIPS TARGET ,SELL GOLD @ 4380.0,SUCCESS,Trade executed successfully on MT5,1467
2026-09-21 07:11:20,Account 2,RIAOGOLDFOREX,XAUUSD SELL 4380,SELL GOLD @ 4380.0,FAILED,MT5 execution failed — check broker logs,1468
2026-09-21 07:13:29,Account 2,RIAOGOLDFOREX,XAUUSD SELL 4380  TP 4377 TP 4374 TP 4371 TP 4368 TP 4365 TP 4362  SL 4391,SELL GOLD @ 4380,REJECTED,SL too wide: 11.00 > 10.36 (1.5x ATR=6.91). Max risk exceeded.,1469
2026-09-21 07:17:17,Account 2,RIAOGOLDFOREX,GOLD BUY NOW        SL  TP  HERE,BUY GOLD @ None,SUCCESS,Trade executed successfully on MT5,1470
2026-09-21 07:23:14,Account 2,JOSEFINA TRADER0⚔️,#XAUUSD SELL NOW Confirm Entry Target 300+ pips Sl ------------ TP ------------ See at  channel  https://t.me/+8ggzE4a6kg4yNWU0,SELL GOLD @ 3000.0,REJECTED,SL too wide: 1058.00 > 10.55 (1.5x ATR=7.03). Max risk exceeded.,1471
2026-09-21 07:30:49,Account 2,Swift Gold Forex,GOLD / XAUUSD BIG SIGNAL  TARGET 200 PIPS  SL TP   https://t.me/+Jvj6Vp4rdmwwOGQ8,BUY GOLD @ None,SUCCESS,Trade executed successfully on MT5,1472
2026-09-21 07:31:03,Account 2,JOSEFINA TRADER0⚔️,Ready For Now XAUUSD Signal,SELL GOLD @ 4047.0,REJECTED,SL too wide: 11.00 > 10.49 (1.5x ATR=6.99). Max risk exceeded.,1473
2026-09-21 07:34:19,Account 2,XAUUSD GOLD MASTER, #XAUUSD SELL NOW 4375   SL :#see in channal   TP: #see in channal  https://t.me/+zPwBvb6y8No5ZDdk https://t.me/+zPwBvb6y8No5ZDdk LINK EXPIRE IN 5 MN ,SELL GOLD @ 4375.0,SUCCESS,Trade executed successfully on MT5,1474
2026-09-21 07:34:42,Account 2,XAUUSD GOLD MASTER,#XAUUSD SELL NOW Confirm Entry Target 300+ pips Sl ------------ TP ------------ See at  channel  https://t.me/+izItJfSEfjY3NWU0,SELL GOLD @ 3000.0,REJECTED,Price sanity fail: entry 3000.0 is 31.5% from live 4376.37000,1475
2026-09-21 07:40:51,Account 2,𝐗𝐀𝐔𝐔𝐒𝐃 𝐓𝐑𝐀𝐃𝐈𝐍𝐆 𝐌𝐀𝐒𝐓𝐄𝐑, GOLD SELL NOW   TP  TP  SL     3   ,SELL GOLD @ None,FAILED,MT5 execution failed — check broker logs,1476
2026-09-21 07:44:05,Account 2,JOSEFINA TRADER0⚔️,Gold Sell @ 4378 Sl: @ 4388 TP: @ 4368 lot size 0.11 Confirm 99 %https://t.me/+7gxLki0gAT00MThk,SELL GOLD @ 4378.0,REJECTED,"R:R too low: 1.00x (need >= 1.5x). TP=4368.00, SL dist=10.00",1477
2026-09-21 07:53:43,Account 2,𝐗𝐀𝐔𝐔𝐒𝐃 𝐓𝐑𝐀𝐃𝐈𝐍𝐆 𝐌𝐀𝐒𝐓𝐄𝐑,XAUUSD BUY NOW 4362-4359  TP1 4365 TP2 4368 TP3 4371 TP4 4374 TP5 4377 TP6 4380 TP7 4383   SL4353 use Proper money management,BUY GOLD @ 4362.0,REJECTED,"R:R too low: 0.33x (need >= 1.5x). TP=4365.00, SL dist=9.00",1478
2026-09-21 07:55:18,Account 2,JOSEFINA TRADER0⚔️, #XAUUSD SELL NOW 4380   SL :#see in channal   TP: #see in channal  https://t.me/+8JsSTvJ0HTU5NzBk https://t.me/+8JsSTvJ0HTU5NzBk LINK EXPIRE IN 5 MN ,SELL GOLD @ 4380.0,SUCCESS,Trade executed successfully on MT5,1479
2026-09-21 07:56:55,Account 2,JOSEFINA TRADER0⚔️,Gold Sell @ 4378 Sl: @ 4388 TP: @ 4368 lot size 0.11 Confirm 99 %https://t.me/+7gxLki0gAT00MThk,SELL GOLD @ 4378.0,REJECTED,"R:R too low: 1.00x (need >= 1.5x). TP=4368.00, SL dist=10.00",1480
2026-09-21 08:04:29,Account 2,XAUUSD VIP SIGNAL,XAUUSD BUY NOW @ 4366 MORE BUY @ 4362  TP : 4370 TP : 4374 TP : 4378 TP : 4382 TP : 4386 TP : 4390 TP : 4394  SL : 4350,BUY GOLD @ 4366.0,REJECTED,SL too wide: 16.00 > 12.07 (1.5x ATR=8.05). Max risk exceeded.,1481
2026-09-21 08:06:32,Account 2,RIAOGOLDFOREX,XAUUSD SELL 4376/4379  TP 4373  TP 4370  TP 4367  TP 4364  TP 4361  SL 4386 https://t.me/+e-5CN9sTfjZjNzU0,SELL GOLD @ 4376.0,REJECTED,"R:R too low: 0.30x (need >= 1.5x). TP=4373.00, SL dist=10.00",1482
2026-09-21 08:13:45,Account 2,Perfect Management,#XAUUSD     BUY   4363  Sl      4352  ¹TP     4367 ²TP     4371 ³TP     4373 ⁴TP     4377 ⁵TP     43,"BUY GOLD @ 4369.51 (SL: 4352.0, TP: 4383.0)",BUY,GOLD,4369.51,4352.0,4383.0,SUCCESS,Executed with AI Runner TSL
2026-09-21 08:17:58,Account 2,Swift Gold Forex,XAUUSD BUY 4366  TP 4369 TP 4372 TP 4375 TP 4377  SL 4356,BUY GOLD @ 4366.0,REJECTED,"R:R too low: 0.30x (need >= 1.5x). TP=4369.00, SL dist=10.00",1484
2026-09-21 08:20:52,Account 2,THE FOREX BLUEPRINT,XAUUSD SELL 4370,SELL GOLD @ 4370.0,SUCCESS,Trade executed successfully on MT5,1485
2026-09-21 08:22:05,Account 2,RIAOGOLDFOREX,GOLD SELL   XAU USD SIGNAL  TARGET 500 PIPS  SL TP  https://t.me/+HV6ibKxRn3cxNzM0 https://t.me/+HV6ibKxRn3cxNzM0 https://t.me/+HV6ibKxRn3cxNzM0,SELL GOLD @ 500.0,REJECTED,"R:R too low: 0.00x (need >= 1.5x). TP=500.00, SL dist=6.63",1486
2026-09-21 08:22:47,Account 2,THE FOREX BLUEPRINT,GOLD POR TRADER:  GOLD BUY NOW ZONE 43-70 43-75  TP1  43-65 TP2 43-60 TP3  43-55 TP4 43-50 TP5. 43-45 TP6.  43-40   SL  :43-80  Everybody Use accordin...,BUY GOLD @ 43.0,REJECTED,SL too wide: 37.00 > 12.42 (1.5x ATR=8.28). Max risk exceeded.,1487
2026-09-21 08:23:21,Account 2,THE FOREX BLUEPRINT,GOLD POR TRADER:  GOLD SEELL NOW ZONE 43-70 43-75  TP1  43-65 TP2 43-60 TP3  43-55 TP4 43-50 TP5. 43-45 TP6. 43-40   SL  :43-80  Everybody Use accordi...,SELL GOLD @ 43.0,REJECTED,SL too wide: 37.00 > 12.42 (1.5x ATR=8.28). Max risk exceeded.,1488
2026-09-21 08:24:26,Account 2,JOSEFINA TRADER0⚔️,Gold Sell @ 4378 Sl: @ 4388 TP: @ 4368 lot size 0.11 Confirm 99 %https://t.me/+7gxLki0gAT00MThk,SELL GOLD @ 4378.0,REJECTED,"R:R too low: 1.00x (need >= 1.5x). TP=4368.00, SL dist=10.00",1489
2026-09-21 08:24:53,Account 2,Grade Profit forex,GOLD NOW 4370  TP1 TP2 TP3 TP4 TP 5  SL  POSTED IN CHANNEL  JOIN FOR TP AND SL   https://t.me/+YAqd3o4mDiAyMWU0,SELL GOLD @ 4370.0,SUCCESS,Trade executed successfully on MT5,1490
2026-09-21 08:26:26,Account 2,RIAOGOLDFOREX,XAUUSD SELL NOW 4370  TP? Sl?  Only here  https://t.me/+T5iKoNs5wGs0YTQ8,SELL GOLD @ 4370.0,SUCCESS,Trade executed successfully on MT5,1491
2026-09-21 08:29:42,Account 2,JOSEFINA TRADER0⚔️,XAUUSD SELL 4366,SELL GOLD @ 4366.0,SUCCESS,Trade executed successfully on MT5,1492
2026-09-21 08:33:04,Account 2,JOSEFINA TRADER0⚔️,XAUUSD SELL 4366 TP 4363 TP 4360 TP 4357 TP 4354 TP 4351 SL 4376 ,SELL GOLD @ 4366.0,REJECTED,"R:R too low: 0.30x (need >= 1.5x). TP=4363.00, SL dist=10.00",1493
2026-09-21 08:36:43,Account 2,Swift Gold Forex,GOLD / XAUUSD BIG SIGNAL  TARGET 200 PIPS  SL TP   https://t.me/+Jvj6Vp4rdmwwOGQ8,BUY GOLD @ None,FAILED,MT5 execution failed — check broker logs,1494
2026-09-21 08:38:36,Account 2,JOSEFINA TRADER0⚔️,GOLD SELL NOW  SL TP HERE   https://t.me/+JrEpWKzdq2hjMWU8 https://t.me/+JrEpWKzdq2hjMWU8,SELL GOLD @ None,FAILED,MT5 execution failed — check broker logs,1495
2026-09-21 08:39:03,Account 2,JOSEFINA TRADER0⚔️,Gold Sell @ 4378 Sl: @ 4388 TP: @ 4368 lot size 0.11 Confirm 99 %https://t.me/+7gxLki0gAT00MThk,SELL GOLD @ 4378.0,REJECTED,"R:R too low: 1.00x (need >= 1.5x). TP=4368.00, SL dist=10.00",1496
2026-09-21 08:40:14,Account 2,JOSEFINA TRADER0⚔️,#XAUUSD SELL NOW Confirm Entry Target 300+ pips Sl ------------ TP ------------ See at  channel  https://t.me/+UZF3cVcGK5MzZjY0,SELL GOLD @ 3000.0,REJECTED,SL too wide: 1058.00 > 13.06 (1.5x ATR=8.71). Max risk exceeded.,1497
2026-09-21 08:45:02,Account 2,Grade Profit forex,GOLD NOW 4370  TP1 TP2 TP3 TP4 TP 5  SL  POSTED IN CHANNEL  JOIN FOR TP AND SL   https://t.me/+YAqd3o4mDiAyMWU0,SELL GOLD @ 4370.0,SUCCESS,Trade executed successfully on MT5,1498
2026-09-21 08:47:52,Account 2,GOLD PRO TRADER ♨️,#GOLD BUY 4362.4358   TP1 : 4366 TP2 : 4370 TP3 : 4374 TP4: 4378 TP5...4382.4386   SL 4347,BUY GOLD @ 4362.4358,REJECTED,SL too wide: 15.44 > 12.87 (1.5x ATR=8.58). Max risk exceeded.,1499
2026-09-21 08:50:13,Account 2,XAUUSD GOLD MASTER,XAUUSD SELL 4365/4370 TP 4362 TP 4359 TP 4356 TP 4353 TP 4350 TP 4347 TP 4344 TP 4341 SL 4385,SELL GOLD @ 4365.0,REJECTED,SL too wide: 20.00 > 13.02 (1.5x ATR=8.68). Max risk exceeded.,1500
2026-09-21 08:51:23,Account 2,Sureshot FX VIP,NZDJPY BUY 89.84  SL:  89.34 TP:  90.84 --Trade by David,BUY NZDJPY @ 89.84,REJECTED,Gold Lock: Symbol 'NZDJPY' rejected. Gold only.,1501
2026-09-21 08:51:47,Account 2,Sureshot FX 🎯,NZDJPY BUY 89.84  SL:  89.34 TP:  90.84 --Trade by David,BUY NZDJPY @ 89.84,REJECTED,Gold Lock: Symbol 'NZDJPY' rejected. Gold only.,1502
2026-09-21 08:52:03,Account 2,RIAOGOLDFOREX,GOLD SELL   XAU USD SIGNAL  TARGET 500 PIPS  SL TP  https://t.me/+HV6ibKxRn3cxNzM0 https://t.me/+HV6ibKxRn3cxNzM0 https://t.me/+HV6ibKxRn3cxNzM0,SELL GOLD @ 500.0,REJECTED,"R:R too low: 0.00x (need >= 1.5x). TP=500.00, SL dist=6.98",1503
2026-09-21 08:52:35,Account 2,RIAOGOLDFOREX,GOLD NOW 4370  TP1 TP2 TP3 TP4 TP 5  SL  POSTED IN CHANNEL  JOIN FOR TP AND SL   https://t.me/+YAqd3o4mDiAyMWU0,SELL GOLD @ 4370.0,SUCCESS,Trade executed successfully on MT5,1504
2026-09-21 09:05:29,Account 2,THE FOREX BLUEPRINT,GOLD POR TRADER:  GOLD BUY NOW ZONE 43-60 43-55  TP1  43-65 TP2 43-70 TP3  43-75 TP4 43-80 TP5. 43-85 TP6. 43-90   SL  :43-50  Everybody Use according...,BUY GOLD @ 43.0,REJECTED,Price sanity fail: entry 43.0 is 99.0% from live 4368.09000,1505
2026-09-21 09:07:08,Account 2,XAUUSD GOLD MASTER, GOLD SELL NOW   TP  TP  SL     3   ,SELL GOLD @ None,SUCCESS,Trade executed successfully on MT5,1506
2026-09-21 09:07:31,Account 2,𝐗𝐀𝐔𝐔𝐒𝐃 𝐓𝐑𝐀𝐃𝐈𝐍𝐆 𝐌𝐀𝐒𝐓𝐄𝐑, GOLD SELL NOW   TP  TP  SL     3   ,SELL GOLD @ None,FAILED,MT5 execution failed — check broker logs,1507
2026-09-21 09:08:01,Account 1,DUBAI CAPITAL FX GROUP 3,GOLD BUY 4361/4358 SL 4350  TP 4364 TP 4367 TP 4370 TP 4373 TP 4376 TP 4379,BUY GOLD @ 4361.0,REJECTED,"R:R too low: 0.27x (need >= 1.5x). TP=4364.00, SL dist=11.00",1508
2026-09-21 09:24:30,Account 2,RIAOGOLDFOREX, XAUUUSD (GOLD)  100% confirm/accurate signal   Tp  SL  https://t.me/+jxQNZ1-2zwZjOTE0 https://t.me/+jxQNZ1-2zwZjOTE0,SELL GOLD @ 4068.0,REJECTED,SL too wide: 15.00 > 13.06 (1.5x ATR=8.71). Max risk exceeded.,1509
2026-09-21 09:24:47,Account 2,JOSEFINA TRADER0⚔️,Gold Sell @ 4378 Sl: @ 4388 TP: @ 4368 lot size 0.11 Confirm 99 %https://t.me/+7gxLki0gAT00MThk,SELL GOLD @ 4378.0,REJECTED,"R:R too low: 1.00x (need >= 1.5x). TP=4368.00, SL dist=10.00",1510
2026-09-21 09:28:56,Account 2,XAUUSD GOLD MASTER,Gold Sell @ 4378 Sl: @ 4388 TP: @ 4368 lot size 0.11 Confirm 99 %https://t.me/+7gxLki0gAT00MThk,SELL GOLD @ 4378.0,REJECTED,"R:R too low: 1.00x (need >= 1.5x). TP=4368.00, SL dist=10.00",1511
2026-09-21 09:30:02,Account 2,XAUUSD GOLD MASTER,#XAUUSD SELL NOW Confirm Entry Target 300+ pips Sl ------------ TP ------------ See at  channel  https://t.me/+WHXrte14ukwzYjc8,SELL GOLD @ 3000.0,REJECTED,Price sanity fail: entry 3000.0 is 31.2% from live 4359.57000,1512
2026-09-21 09:30:34,Account 2,XAUUSD GOLD MASTER, GOLD SELL NOW   TP  TP  SL     3   ,SELL GOLD @ None,SUCCESS,Trade executed successfully on MT5,1513
2026-09-21 09:31:51,Account 2,JOSEFINA TRADER0⚔️,Gold Sell @ 4378 Sl: @ 4388 TP: @ 4368 lot size 0.11 Confirm 99 %https://t.me/+7gxLki0gAT00MThk,SELL GOLD @ 4378.0,REJECTED,"R:R too low: 1.00x (need >= 1.5x). TP=4368.00, SL dist=10.00",1514
2026-09-21 09:35:23,Account 2,XAUUSD GOLD MASTER, GOLD SELL NOW   TP  TP  SL     3   ,SELL GOLD @ None,FAILED,MT5 execution failed — check broker logs,1515
2026-09-21 09:40:18,Account 2,XAUUSD GOLD MASTER, XAUUSD BUY         Click to see     https://t.me/+TneYtn768WVjYzI0 https://t.me/+7hHmArUC1TkzNWE0,N/A,FAILED,Trigger could not parse a valid trade structure from this signal,1516
2026-09-21 09:44:40,Account 2,XAUUSD GOLD MASTER, GOLD SELL NOW   TP  TP  SL     3   ,SELL GOLD @ None,SUCCESS,Trade executed successfully on MT5,1517
2026-09-21 09:45:13,Account 2,RIAOGOLDFOREX,#XAUUSD SELL NOW Confirm Entry Target 300+ pips Sl ------------ TP ------------ See at  channel  https://t.me/+UZF3cVcGK5MzZjY0,SELL GOLD @ 3000.0,REJECTED,SL too wide: 1058.00 > 11.71 (1.5x ATR=7.81). Max risk exceeded.,1518
2026-09-21 09:47:59,Account 2,XAUUSD GOLD MASTER, XAUUSD BUY         Click to see     https://t.me/+KkunQU3cswM2MDlk https://t.me/+KkunQU3cswM2MDlk,BUY GOLD @ None,FAILED,MT5 execution failed — check broker logs,1519
2026-09-21 09:47:59,Account 2,JOSEFINA TRADER0⚔️,#XAUUSD SELL NOW Confirm Entry Target 300+ pips Sl ------------ TP ------------ See at  channel  https://t.me/+UZF3cVcGK5MzZjY0,SELL GOLD @ 3000.0,REJECTED,SL too wide: 1058.00 > 11.80 (1.5x ATR=7.86). Max risk exceeded.,1520
2026-09-21 09:56:15,Account 2,RIAOGOLDFOREX,GOLD BUY NOW        SL  TP  HERE,BUY GOLD @ None,FAILED,MT5 execution failed — check broker logs,1521
2026-09-21 10:13:46,Account 2,THE FOREX BLUEPRINT,GOLD POR TRADER:  GOLD BUY NOW ZONE 43-59 43-53  TP1  43-64 TP2 43-70 TP3  43-75 TP4 43-80 TP5. 43-85 TP6. 43-90   SL  :43-47  Everybody Use according...,BUY GOLD @ 43.0,REJECTED,Price sanity fail: entry 43.0 is 99.0% from live 4363.13000,1522
2026-09-21 10:14:33,Account 1,"Mr.DAVID, XAU/USD CLUB",XAUUSD  BUY  ENTR. 4364....4362 TP1:4368 TP 4372 TP 4376 TP 4380 TP 4386 SL: 4355,BUY GOLD @ 4364.0,REJECTED,"R:R too low: 0.44x (need >= 1.5x). TP=4368.00, SL dist=9.00",1523
2026-09-21 10:25:43,Account 2,XAUUSD GOLD MASTER, #XAUUSD SELL NOW 4363   SL :#see in channal   TP: #see in channal   https://t.me/+zPwBvb6y8No5ZDdk https://t.me/+zPwBvb6y8No5ZDdk  LINK EXPIRE IN 5 M...,SELL GOLD @ 4363.0,FAILED,MT5 execution failed — check broker logs,1524
2026-09-21 10:43:50,Account 1,"Mr.DAVID, XAU/USD CLUB",XAUUSD  BUY  ENTR. 4355....4351 TP1:4370 TP 4380 TP 4390 TP 4400 TP 4415 SL: 4342,BUY GOLD @ 4355.0,REJECTED,SL too wide: 13.00 > 10.96 (1.5x ATR=7.31). Max risk exceeded.,1525
2026-09-21 10:54:23,Account 2,XAUUSD GOLD MASTER,#XAUUSD / #Gold  CONFIRM ENTRY   I will delete link after two minutes   https://t.me/SUPERGOLDSIGNALS1 https://t.me/SUPERGOLDSIGNALS1   600+ PIPS TARG...,SELL GOLD @ 4068,REJECTED,SL too wide: 15.00 > 10.91 (1.5x ATR=7.28). Max risk exceeded.,1526
2026-09-21 10:54:35,Account 2,XAUUSD GOLD MASTER,GOLD SET-UP  XAU USD SIGNAL  TARGET 400 PIPS  SL TP ,SELL GOLD @ 4068.0,REJECTED,SL too wide: 15.00 > 10.91 (1.5x ATR=7.28). Max risk exceeded.,1527
2026-09-21 11:03:42,Account 2,THE FOREX BLUEPRINT,XAUUSD BUY 4355,BUY GOLD @ 4355.0,SUCCESS,Trade executed successfully on MT5,1528
2026-09-21 11:05:49,Account 2,ALTO FX,XAUUSD SELL 4357 4360  TP 4352 TP 4349 TP 4345 TP 4342  SL 4370,SELL GOLD @ 4357.0,REJECTED,SL too wide: 13.00 > 10.99 (1.5x ATR=7.33). Max risk exceeded.,1529
2026-09-21 11:07:34,Account 2,THE FOREX BLUEPRINT,GOLD POR TRADER:  GOLD BUY NOW ZONE 43-55 43-50  TP1  43-60 TP2 43-65 TP3  43-70 TP4 43-75 TP5. 43-80 TP6. 43-85   SL  :43-44  Everybody Use according...,BUY GOLD @ 43.0,REJECTED,Price sanity fail: entry 43.0 is 99.0% from live 4356.14000,1530
2026-09-21 11:19:21,Account 1,XAUUSD ACCURATE SiGNALS,Gold again buy 4350/4345 scalping buy  Sl 4343  Tp 4357  Tp 4365 Tp 4375/4385/4405/4455opn /opn  @Proazam1978,BUY GOLD @ 4350.0,REJECTED,"R:R too low: 1.00x (need >= 1.5x). TP=4357.00, SL dist=7.00",1531
2026-09-21 11:21:51,Account 2,XAUUSD GOLD MASTER,Ready For Now XAUUSD Signal,SELL GOLD @ 4047.0,REJECTED,SL too wide: 11.00 > 10.65 (1.5x ATR=7.10). Max risk exceeded.,1532
2026-09-21 11:22:15,Account 2,XAUUSD GOLD MASTER, XAUUSD BUY         Click to see     https://t.me/+KkunQU3cswM2MDlk https://t.me/+KkunQU3cswM2MDlk,BUY GOLD @ 4041.0,SUCCESS,Trade executed successfully on MT5,1533
2026-09-21 11:23:20,Account 2,𝐗𝐀𝐔𝐔𝐒𝐃 𝐓𝐑𝐀𝐃𝐈𝐍𝐆 𝐌𝐀𝐒𝐓𝐄𝐑,GOLD BUY NOW 4349,BUY GOLD @ 4349.0,SUCCESS,Trade executed successfully on MT5,1534
2026-09-21 11:25:03,Account 2,𝐗𝐀𝐔𝐔𝐒𝐃 𝐓𝐑𝐀𝐃𝐈𝐍𝐆 𝐌𝐀𝐒𝐓𝐄𝐑, XAUUSD BUY : 4349-4346  TP : 4352 TP : 4355 TP : 4358 TP : 4361 TP : 4364 TP : 4367 TP : 4370_OPEN   SL : 4340  Use Proper Money Management. ,BUY GOLD @ 4349,REJECTED,"R:R too low: 0.33x (need >= 1.5x). TP=4352.00, SL dist=9.00",1535
2026-09-21 11:25:42,Account 2,XAUUSD GOLD MASTER, XAUUSD BUY         Click to see     https://t.me/+TneYtn768WVjYzI0 https://t.me/+7hHmArUC1TkzNWE0,BUY GOLD @ 4041.0,SUCCESS,Trade executed successfully on MT5,1536
2026-09-21 11:28:02,Account 2,XAUUSD GOLD MASTER, GOLD SELL NOW   TP  TP  SL     3   ,SELL GOLD @ None,SUCCESS,Trade executed successfully on MT5,1537
2026-09-21 11:28:02,Account 2,XAUUSD GOLD MASTER, GOLD SELL NOW   TP  TP  SL     3   ,SELL GOLD @ None,FAILED,MT5 execution failed — check broker logs,1538
2026-09-21 11:28:44,Account 2,XAUUSD GOLD MASTER,GOLD SET-UP  XAU USD SIGNAL  TARGET 400 PIPS  SL TP ,SELL GOLD @ 4068.0,REJECTED,SL too wide: 15.00 > 10.78 (1.5x ATR=7.19). Max risk exceeded.,1539
2026-09-21 11:37:28,Account 2,Perfect Management,#XAUUSD     BUY   4352  Sl      4342  ¹TP     4356 ²TP     4360 ³TP     4364 ⁴TP     4368 ⁵TP     43,"BUY GOLD @ 4354.38 (SL: 4342.0, TP: 4376.0)",BUY,GOLD,4354.38,4342.0,4376.0,SUCCESS,Executed with AI Runner TSL
2026-09-21 11:42:01,Account 2,THE FOREX BLUEPRINT,XAUUSD BUY 4350,BUY GOLD @ 4350.0,SUCCESS,Trade executed successfully on MT5,1541
2026-09-21 11:43:23,Account 2,THE FOREX BLUEPRINT,GOLD POR TRADER:  GOLD BUY NOW ZONE 43-50 43-45  TP1  43-55 TP2 43-60 TP3  43-65 TP4 43-70 TP5. 43-75 TP6. 43-80   SL  :43-40  Everybody Use according...,BUY GOLD @ 43.0,REJECTED,Price sanity fail: entry 43.0 is 99.0% from live 4352.43000,1542
2026-09-21 11:51:15,Account 2,Perfect Management,#XAUUSD     SELL   4355   Sl      4368  ¹TP     4351 ²TP     4347 ³TP     4343 ⁴TP     4339 ⁵TP     ,"SELL GOLD @ 4349.94 (SL: 4368.0, TP: 4331.0)",SELL,GOLD,4349.94,4368.0,4331.0,FAILED,Broker rejected order
2026-09-21 11:52:40,Account 2,JOSEFINA TRADER0⚔️,XAUUSD SELL 4353,SELL GOLD @ 4353.0,FAILED,MT5 execution failed — check broker logs,1544
2026-09-21 11:54:33,Account 2,JOSEFINA TRADER0⚔️,XAUUSD SELL 4353 TP 4350 TP 4347 TP 4344 TP 4341 TP 4338 SL 4364 ,SELL GOLD @ 4353.0,REJECTED,SL too wide: 11.00 > 10.55 (1.5x ATR=7.03). Max risk exceeded.,1545
2026-09-21 11:58:09,Account 2,RIAOGOLDFOREX, XAUUSD SELL. 4331-4328 I will delete the link after two minutes   https://t.me/+jOrrwLbzegk2MmJk  #FOMC 600+ PIPS TARGET ,SELL GOLD @ 4331.0,FAILED,MT5 execution failed — check broker logs,1546
2026-09-21 11:59:59,Account 2,XAUUSD GOLD MASTER,GOLD / XAUUSD  BIG SIGNAL  TARGET 200 PIPS  SL TP   https://t.me/+oH5LRhO_5EkyNzU0,BUY GOLD @ None,FAILED,MT5 execution failed — check broker logs,1547
2026-09-21 12:00:26,Account 2,RIAOGOLDFOREX,XAUUSD SELL 4376/4379  TP 4373  TP 4370  TP 4367  TP 4364  TP 4361  SL 4386 https://t.me/+bOJVVMnONwZmMWUx,SELL GOLD @ 4376.0,REJECTED,SL too wide: 10.00 > 9.95 (1.5x ATR=6.64). Max risk exceeded.,1548
2026-09-21 12:08:56,Account 2,XAUUSD GOLD MASTER,XAUUSD SELL 4376/4379  TP 4373  TP 4370  TP 4367  TP 4364  TP 4361  SL 4386 https://t.me/+bOJVVMnONwZmMWUx,SELL GOLD @ 4376.0,REJECTED,"R:R too low: 0.30x (need >= 1.5x). TP=4373.00, SL dist=10.00",1549
2026-09-21 12:16:05,Account 2,XAUUSD GOLD MASTER,XAUUSD SELL 4355  TP 4352 TP 4349 TP 4346 TP 4343 TP 4340  SL 4365 https://t.me/+gRuz9AiNRI85ZmY0 https://t.me/+gRuz9AiNRI85ZmY0,SELL GOLD @ 4355.0,REJECTED,"R:R too low: 0.30x (need >= 1.5x). TP=4352.00, SL dist=10.00",1550
2026-09-21 12:17:01,Account 2,XAUUSD GOLD MASTER, XAUUSD SELL. 4371-4368 I will delete the link after two minutes   https://t.me/+JrEpWKzdq2hjMWU8 #FOMC 600+ PIPS TARGET ,SELL GOLD @ 4371.0,REJECTED,"R:R too low: 0.00x (need >= 1.5x). TP=4371.00, SL dist=3.00",1551
2026-09-21 12:21:20,Account 2,🌕 PERO | Forex - Investing ™,PLANNED BEFORE THE MOVE.  Mondays plan was already prepared and shared with our VIP members earlier today.  Gold has now reached one of the areas we w...,SELL GOLD @ 4068,REJECTED,SL too wide: 15.00 > 10.26 (1.5x ATR=6.84). Max risk exceeded.,1552
2026-09-21 12:29:04,Account 1,Pump Dump Gold,"Dear Traders,  We are going to DUMP XAUUSD today.  DUMP XAUUSD  Level1  4352-4380 Risk  ??  Level2  ?? Risk  ??   Reason for SELL: Fundamental:  Fed a...",SELL GOLD @ 4352.0,REJECTED,SL too wide: 28.00 > 10.45 (1.5x ATR=6.96). Max risk exceeded.,1553
2026-09-21 12:33:42,Account 2,SureShot GOLD (VIP),XAUUSD BUY 4350.08  SL:  4340.08 TP:  4370.08 --Trade by Matthew,BUY GOLD @ 4350.08,SUCCESS,Trade executed successfully on MT5,1554
2026-09-21 12:37:58,Account 2,Forex with karol,Entry on 1min. green candle at entry level,SELL GOLD @ 4068.0,REJECTED,SL too wide: 15.00 > 10.62 (1.5x ATR=7.08). Max risk exceeded.,1555
2026-09-21 12:41:40,Account 2,RIAOGOLDFOREX,GOLD NOW 4350  TP1 TP2 TP3 TP4 TP 5  SL  POSTED IN CHANNEL  JOIN FOR TP AND SL   https://t.me/+YAqd3o4mDiAyMWU0,SELL GOLD @ 4350.0,FAILED,MT5 execution failed — check broker logs,1556
2026-09-21 12:43:26,Account 2,𝐗𝐀𝐔𝐔𝐒𝐃 𝐓𝐑𝐀𝐃𝐈𝐍𝐆 𝐌𝐀𝐒𝐓𝐄𝐑,GOLD SELL NOW 4355,SELL GOLD @ 4355.0,FAILED,MT5 execution failed — check broker logs,1557
2026-09-21 12:43:57,Account 2,𝐗𝐀𝐔𝐔𝐒𝐃 𝐓𝐑𝐀𝐃𝐈𝐍𝐆 𝐌𝐀𝐒𝐓𝐄𝐑, XAUUSD SELL : 4355-4358  TP : 4352 TP : 4349 TP : 4346 TP : 4343 TP : 4340 TP : 4337 TP : 4330_OPEN   SL : 4364  Use Proper Money Management. ,SELL GOLD @ 4355,REJECTED,"R:R too low: 0.33x (need >= 1.5x). TP=4352.00, SL dist=9.00",1558
2026-09-21 12:50:21,Account 2,XAUUSD GOLD MASTER,GOLD / XAUUSD  BIG SIGNAL  TARGET 200 PIPS  SL TP   https://t.me/+oH5LRhO_5EkyNzU0,BUY GOLD @ None,SUCCESS,Trade executed successfully on MT5,1559
2026-09-21 12:55:23,Account 2,SureShot GOLD (VIP),XAUUSD BUY 4351.75  SL:  4341.75 TP:  4371.75 --Trade by Matthew,BUY GOLD @ 4351.75,SUCCESS,Trade executed successfully on MT5,1560
2026-09-21 12:56:10,Account 2,XAUUSD GOLD MASTER, GOLD SELL NOW   TP  TP  SL     3   ,SELL GOLD @ None,FAILED,MT5 execution failed — check broker logs,1561
2026-09-21 12:57:24,Account 2,XAUUSD GOLD MASTER, #XAUUSD SELL NOW 4358   SL :#see in channal   TP: #see in channal   https://t.me/+HhScmdfWkMo5YWRk https://t.me/+HhScmdfWkMo5YWRk  LINK EXPIRE IN 5 M...,SELL GOLD @ 4358.0,FAILED,MT5 execution failed — check broker logs,1562
2026-09-21 13:06:27,Account 2,XAUUSD GOLD MASTER, #XAUUSD SELL NOW 4358   SL :#see in channal   TP: #see in channal   https://t.me/+HhScmdfWkMo5YWRk https://t.me/+HhScmdfWkMo5YWRk  LINK EXPIRE IN 5 M...,SELL GOLD @ 4358.0,FAILED,MT5 execution failed — check broker logs,1563
2026-09-21 13:13:17,Account 2,SureShot GOLD (VIP),XAUUSD BUY 4348.48  SL:  4338.48 TP:  4368.48 --Trade by Matthew,BUY GOLD @ 4348.48,SUCCESS,Trade executed successfully on MT5,1564
2026-09-21 13:15:55,Account 2,XAUUSD GOLD MASTER, XAUUSD BUY         Click to see     https://t.me/+KkunQU3cswM2MDlk https://t.me/+KkunQU3cswM2MDlk,BUY GOLD @ 4041.0,FAILED,MT5 execution failed — check broker logs,1565
2026-09-21 13:17:27,Account 2,Swift Gold Forex,XAUUSD BUY 4347,BUY GOLD @ 4347.0,FAILED,MT5 execution failed — check broker logs,1566
2026-09-21 13:18:21,Account 2,Swift Gold Forex,XAUUSD BUY 4347  TP 4350 TP 4353 TP 4356 TP 4359  SL 4337,BUY GOLD @ 4347.0,REJECTED,"R:R too low: 0.30x (need >= 1.5x). TP=4350.00, SL dist=10.00",1567
2026-09-21 13:18:49,Account 1,𝐗𝐀𝐔𝐔𝐒𝐃 𝐕𝐈𝐏 𝐒𝐈𝐆𝐍𝐀𝐋𝐒,#GOLD BUY 4345/4340  TP 4350 TP 4355 TP 4360 TP 4380 Confim  SL 4332  Use According To Your Account Equity Leve,BUY GOLD @ 4345.0,REJECTED,SL too wide: 13.00 > 11.07 (1.5x ATR=7.38). Max risk exceeded.,1568
2026-09-21 13:20:30,Account 1,𝐗𝐀𝐔𝐔𝐒𝐃 𝐕𝐈𝐏 𝐒𝐈𝐆𝐍𝐀𝐋𝐒,#GOLD BUY 4342/4338  TP 4350 TP 4355 TP 4360 TP 4380 Confim  SL 4330  Use According To Your Account Equity Leve,BUY GOLD @ 4342.0,REJECTED,SL too wide: 12.00 > 11.07 (1.5x ATR=7.38). Max risk exceeded.,1569
2026-09-21 13:21:34,Account 2,XAUUSD GOLD MASTER, XAUUSD SELL. 4371-4368 I will delete the link after two minutes   https://t.me/+JrEpWKzdq2hjMWU8 #FOMC 600+ PIPS TARGET ,SELL GOLD @ 4371.0,REJECTED,"R:R too low: 0.00x (need >= 1.5x). TP=4371.00, SL dist=3.00",1570
2026-09-21 13:24:37,Account 2,XAUUSD GOLD MASTER, #XAUUSD SELL NOW 4358   SL :#see in channal   TP: #see in channal   https://t.me/+HhScmdfWkMo5YWRk https://t.me/+HhScmdfWkMo5YWRk  LINK EXPIRE IN 5 M...,SELL GOLD @ 4358.0,FAILED,MT5 execution failed — check broker logs,1571
2026-09-21 13:25:49,Account 2,Swift Gold Forex,Gold Buy @ 4344 Sl: @ 4334 TP: @ 4354 lot size 0.11 Confirm 94% https://t.me/+voTKrFULnp44Yzlk https://t.me/+voTKrFULnp44Yzlk,BUY GOLD @ 4344.0,REJECTED,"R:R too low: 1.00x (need >= 1.5x). TP=4354.00, SL dist=10.00",1572
2026-09-21 13:30:18,Account 2,Swift Gold Forex,GOLD / XAUUSD  BIG SIGNAL  TARGET 200 PIPS  SL TP   https://t.me/+oH5LRhO_5EkyNzU0,BUY GOLD @ None,FAILED,MT5 execution failed — check broker logs,1573
2026-09-21 13:30:30,Account 2,Swift Gold Forex,BTCUSD LIVE NOW   TP  SL  HERE https://t.me/+NjkyhSFzUrM4OTBk https://t.me/+NjkyhSFzUrM4OTBk,BUY BTCUSD @ None,REJECTED,Gold Lock: Symbol 'BTCUSD' rejected. Gold only.,1574
2026-09-21 13:37:02,Account 2,Swift Gold Forex,XAUUSD SELL 4376/4379  TP 4373  TP 4370  TP 4367  TP 4364  TP 4361  SL 4386 https://t.me/+bOJVVMnONwZmMWUx,SELL GOLD @ 4376.0,REJECTED,"R:R too low: 0.30x (need >= 1.5x). TP=4373.00, SL dist=10.00",1575
2026-09-21 13:53:13,Account 2,𝙂𝙡𝙤𝙗𝙖𝙡 𝙂𝙤𝙡𝙙 𝙄𝙣𝙨𝙞𝙜𝙝𝙩𝙨,XAUUSD BUY NOW 4353.00   TP 1: 4358.00 TP 2: 4363.00 TP 3: 4368.00 TP 4: 4373.00  SL + 4340.00,BUY GOLD @ 4353.0,REJECTED,SL too wide: 13.00 > 11.44 (1.5x ATR=7.63). Max risk exceeded.,1576
2026-09-21 13:56:55,Account 2,XAUUSD GOLD MASTER,XAUUSD SELL 4376/4379  TP 4373  TP 4370  TP 4367  TP 4364  TP 4361  SL 4386 https://t.me/+bOJVVMnONwZmMWUx,SELL GOLD @ 4376.0,REJECTED,"R:R too low: 0.30x (need >= 1.5x). TP=4373.00, SL dist=10.00",1577
2026-09-21 13:58:04,Account 2,👑 Profitway Crypto MCX Forex 👑,"#GOLD #BUY   NEAR 4354  TP..4365 TP..4390 TP..4400   STRICT STOPLOSS WARNING 4346..80 PIPES  https://affs.click/qc8EV  FOLLOW RISK MANAGEMENT, LOWER Q...",BUY GOLD @ 4354.0,REJECTED,"R:R too low: 1.38x (need >= 1.5x). TP=4365.00, SL dist=8.00",1578
2026-09-21 14:07:59,Account 2,XAUUSD GOLD MASTER, XAUUSD BUY         Click to see     https://t.me/+KkunQU3cswM2MDlk https://t.me/+KkunQU3cswM2MDlk,BUY GOLD @ 4041.0,SUCCESS,Trade executed successfully on MT5,1579
2026-09-21 14:11:03,Account 2,XAUUSD GOLD MASTER, GOLD SELL NOW   TP  TP  SL     3   ,SELL GOLD @ None,SUCCESS,Trade executed successfully on MT5,1580
2026-09-21 14:13:03,Account 2,XAUUSD GOLD MASTER,GOLD NOW 4350  TP1 TP2 TP3 TP4 TP 5  SL  POSTED IN CHANNEL  JOIN FOR TP AND SL   https://t.me/+YAqd3o4mDiAyMWU0,SELL GOLD @ 4350.0,FAILED,MT5 execution failed — check broker logs,1581
2026-09-21 14:19:00,Account 2,XAUUSD GOLD MASTER, XAUUSD BUY         Click to see     https://t.me/+KkunQU3cswM2MDlk https://t.me/+KkunQU3cswM2MDlk,BUY GOLD @ 4041.0,FAILED,MT5 execution failed — check broker logs,1582
2026-09-21 14:19:16,Account 2,XAUUSD GOLD MASTER,GOLD NOW 4350  TP1 TP2 TP3 TP4 TP 5  SL  POSTED IN CHANNEL  JOIN FOR TP AND SL   https://t.me/+YAqd3o4mDiAyMWU0,SELL GOLD @ 4350.0,SUCCESS,Trade executed successfully on MT5,1583
2026-09-21 14:19:37,Account 2,RIAOGOLDFOREX,GOLD NOW 4350  TP1 TP2 TP3 TP4 TP 5  SL  POSTED IN CHANNEL  JOIN FOR TP AND SL   https://t.me/+YAqd3o4mDiAyMWU0,SELL GOLD @ 4350.0,SUCCESS,Trade executed successfully on MT5,1584
2026-09-21 14:27:17,Account 2,XAUUSD GOLD MASTER, XAUUSD BUY         Click to see     https://t.me/+KkunQU3cswM2MDlk https://t.me/+KkunQU3cswM2MDlk,BUY GOLD @ 4041.0,FAILED,MT5 execution failed — check broker logs,1585
2026-09-21 14:27:46,Account 2,XAUUSD GOLD MASTER, GOLD SELL NOW   TP  TP  SL     3   ,SELL GOLD @ None,FAILED,MT5 execution failed — check broker logs,1586
2026-09-21 14:27:58,Account 2,XAUUSD GOLD MASTER,GOLD NOW 4350  TP1 TP2 TP3 TP4 TP 5  SL  POSTED IN CHANNEL  JOIN FOR TP AND SL   https://t.me/+YAqd3o4mDiAyMWU0,SELL GOLD @ 4350.0,FAILED,MT5 execution failed — check broker logs,1587
2026-09-21 14:30:01,Account 2,XAUUSD GOLD MASTER,XAUUSD SELL 4376/4379  TP 4373  TP 4370  TP 4367  TP 4364  TP 4361  SL 4386 https://t.me/+bOJVVMnONwZmMWUx,SELL GOLD @ 4376.0,REJECTED,"R:R too low: 0.30x (need >= 1.5x). TP=4373.00, SL dist=10.00",1588
2026-09-21 14:34:12,Account 2,XAUUSD GOLD MASTER, XAUUSD BUY         Click to see     https://t.me/+TneYtn768WVjYzI0 https://t.me/+7hHmArUC1TkzNWE0,BUY GOLD @ 4041.0,FAILED,MT5 execution failed — check broker logs,1589
2026-09-21 14:36:31,Account 2,XAUUSD GOLD MASTER, GOLD SELL NOW   TP  TP  SL     3   ,SELL GOLD @ None,FAILED,MT5 execution failed — check broker logs,1590
2026-09-21 14:47:11,Account 2,GOLD PRO TRADER ♨️,#GOLD BUY 4351.4347   TP1 : 4355 TP2 : 4359 TP3 : 4363 TP4: 4367 TP5...4371.4375   SL 4335,BUY GOLD @ 4351.4347,REJECTED,SL too wide: 16.43 > 11.20 (1.5x ATR=7.47). Max risk exceeded.,1591
2026-09-21 14:51:09,Account 2,PipXpert - Forex Signals,XAU/USD  Direction: BUY  Entry Price:  4353.00  TP1       4356.00 TP2       4363.00 TP3       4379.00  SL        4334.00,BUY GOLD @ 4353.0,REJECTED,SL too wide: 19.00 > 10.82 (1.5x ATR=7.21). Max risk exceeded.,1592
2026-09-21 14:51:30,Account 2,PipXpert - Forex Signals, XAU/USD Market Alert   Current market bias: Bullish  Pair: XAU/USD  Timeframes reviewed: 30M / 1H / 5H   Key reaction zone: 4353.00   This is the are...,SELL GOLD @ 4353.0,FAILED,MT5 execution failed — check broker logs,1593
2026-09-21 15:07:26,Account 2,XAUUSD GOLD MASTER,GOLD BUY NOW  SL TP HERE   https://t.me/+Kf2U4KggGf1kMzdk,BUY GOLD @ None,FAILED,MT5 execution failed — check broker logs,1594
2026-09-21 15:09:16,Account 2,XAUUSD GOLD MASTER,GOLD BUY NOW  SL TP HERE   https://t.me/+Kf2U4KggGf1kMzdk,BUY GOLD @ None,FAILED,MT5 execution failed — check broker logs,1595
2026-09-21 15:09:58,Account 2,XAUUSD GOLD MASTER,GOLD SELL NOW   SL   TP   HERE  https://t.me/+kKUiTpEc-GwzZWM0,SELL GOLD @ None,FAILED,MT5 execution failed — check broker logs,1596
2026-09-21 15:11:10,Account 2,XAUUSD GOLD MASTER, XAUUSD BUY         Click to see     https://t.me/+TneYtn768WVjYzI0 https://t.me/+7hHmArUC1TkzNWE0,BUY GOLD @ 4041.0,FAILED,MT5 execution failed — check broker logs,1597
2026-09-21 15:13:28,Account 2,XAUUSD GOLD MASTER, #XAUUSD SELL NOW 4343   SL :#see in channal   TP: #see in channal   https://t.me/+HhScmdfWkMo5YWRk https://t.me/+HhScmdfWkMo5YWRk  LINK EXPIRE IN 5 M...,SELL GOLD @ 4343.0,FAILED,MT5 execution failed — check broker logs,1598
2026-09-21 15:14:49,Account 2,GOLD PRO TRADER ♨️,#GOLD BUY 4340.4336   TP1 : 4344 TP2 : 4348 TP3 : 4352 TP4: 4356 TP5...4360.4364   SL 4325,BUY GOLD @ 4340.4336,REJECTED,SL too wide: 15.43 > 11.48 (1.5x ATR=7.65). Max risk exceeded.,1599
2026-09-21 15:15:13,Account 2,XAUUSD GOLD MASTER, XAUUSD BUY         Click to see     https://t.me/+KkunQU3cswM2MDlk https://t.me/+KkunQU3cswM2MDlk,BUY GOLD @ 4041.0,SUCCESS,Trade executed successfully on MT5,1600
2026-09-21 15:15:34,Account 2,JOSEFINA TRADER0⚔️, GOLD SELL NOW   TP  TP  SL     3   ,SELL GOLD @ None,SUCCESS,Trade executed successfully on MT5,1601
2026-09-21 15:25:53,Account 2,JOSEFINA TRADER0⚔️,#XAUUSD / #Gold  CONFIRM ENTRY   I will delete link after two minutes   https://t.me/SUPERGOLDSIGNALS1 https://t.me/SUPERGOLDSIGNALS1   600+ PIPS TARG...,SELL GOLD @ 4068,REJECTED,SL too wide: 15.00 > 11.09 (1.5x ATR=7.39). Max risk exceeded.,1602
2026-09-21 15:31:22,Account 2,Vault Gold Forex™,Gold Sell @ 4347 Sl: @ 4357 TP: @ 4327 lot size 0.11 Confirm 94%,SELL GOLD @ 4347.0,FAILED,MT5 execution failed — check broker logs,1603
2026-09-21 15:45:45,Account 2,JOSEFINA TRADER0⚔️, GOLD SELL NOW   TP  TP  SL     3   ,SELL GOLD @ None,SUCCESS,Trade executed successfully on MT5,1604
2026-09-21 15:54:49,Account 2,JOSEFINA TRADER0⚔️,GOLD NOW 4350  TP1 TP2 TP3 TP4 TP 5  SL  POSTED IN CHANNEL  JOIN FOR TP AND SL   https://t.me/+YAqd3o4mDiAyMWU0,SELL GOLD @ 4350.0,FAILED,MT5 execution failed — check broker logs,1605
2026-09-21 16:11:38,Account 2,Vault Gold Forex™, XAUUSD BUY         Click to see     https://t.me/+KkunQU3cswM2MDlk https://t.me/+KkunQU3cswM2MDlk,BUY GOLD @ 4041.0,SUCCESS,Trade executed successfully on MT5,1606
2026-09-21 16:14:56,Account 2,Grade Profit forex,XAUUSD SELL 4376/4379  TP 4373  TP 4370  TP 4367  TP 4364  TP 4361  SL 4386 https://t.me/+bOJVVMnONwZmMWUx,SELL GOLD @ 4376.0,REJECTED,SL too wide: 10.00 > 9.95 (1.5x ATR=6.64). Max risk exceeded.,1607
2026-09-21 16:18:18,Account 2,Vault Gold Forex™, XAUUSDSELL         Click to see      https://t.me/+ELyBA63ZBIBmNGM0 https://t.me/+ELyBA63ZBIBmNGM0,SELL GOLD @ 4068,REJECTED,SL too wide: 15.00 > 10.26 (1.5x ATR=6.84). Max risk exceeded.,1608
2026-09-21 16:26:11,Account 2,Vault Gold Forex™,GOLD / XAUUSD BIG SIGNAL  TARGET 200 PIPS  SL TP   https://t.me/+Jvj6Vp4rdmwwOGQ8,BUY GOLD @ None,SUCCESS,Trade executed successfully on MT5,1609
2026-09-21 16:26:27,Account 2,XAUUSD GOLD MASTER,#XAUUSD SELL NOW Confirm Entry Target 300+ pips Sl ------------ TP ------------ See at  channel  https://t.me/+UZF3cVcGK5MzZjY0,SELL GOLD @ 3000.0,REJECTED,SL too wide: 1058.00 > 10.35 (1.5x ATR=6.90). Max risk exceeded.,1610
2026-09-21 16:28:39,Account 1,XAUUSD ACCURATE SiGNALS,Gold again buy 4345/4343 scalping buy  Sl 4339  Tp 4350  Tp 4355 Tp 4360/4365/70/opnn /opn  @Proazam1978,BUY GOLD @ 4345.0,REJECTED,"R:R too low: 0.83x (need >= 1.5x). TP=4350.00, SL dist=6.00",1611
2026-09-21 16:29:04,Account 2,XAUUSD GOLD MASTER,#XAUUSD / #Gold  CONFIRM ENTRY   I will delete link after two minutes   https://t.me/SUPERGOLDSIGNALS1 https://t.me/SUPERGOLDSIGNALS1   600+ PIPS TARG...,SELL GOLD @ 4068,REJECTED,SL too wide: 15.00 > 10.61 (1.5x ATR=7.07). Max risk exceeded.,1612
2026-09-21 16:31:55,Account 2,Vault Gold Forex™, XAUUSD BUY         Click to see     https://t.me/+KkunQU3cswM2MDlk https://t.me/+KkunQU3cswM2MDlk,BUY GOLD @ 4041.0,SUCCESS,Trade executed successfully on MT5,1613
2026-09-21 16:32:41,Account 2,Vault Gold Forex™,150 pips running on profit move sl at entry close half lot size sure analyze with high #Confirmation only with @VaultGoldForex0,SELL GOLD @ 4068.0,REJECTED,SL too wide: 15.00 > 9.70 (1.5x ATR=6.47). Max risk exceeded.,1614
2026-09-21 16:32:57,Account 2,SureShot GOLD (VIP),XAUUSD SELL 4343.72  SL:  4353.72 TP:  4323.72 --Trade by William,SELL GOLD @ 4343.72,REJECTED,SL too wide: 10.00 > 9.70 (1.5x ATR=6.47). Max risk exceeded.,1615
2026-09-21 16:33:47,Account 2,XAUUSD GOLD MASTER,GOLD BUY NOW        SL  TP  HERE,BUY GOLD @ None,SUCCESS,Trade executed successfully on MT5,1616
2026-09-21 16:34:18,Account 2,JOSEFINA TRADER0⚔️,GOLD NOW 4350  TP1 TP2 TP3 TP4 TP 5  SL  POSTED IN CHANNEL  JOIN FOR TP AND SL   https://t.me/+YAqd3o4mDiAyMWU0,SELL GOLD @ 4350.0,FAILED,MT5 execution failed — check broker logs,1617
2026-09-21 16:36:24,Account 1,DUBAI CAPITAL FX GROUP 3,GOLD SELL 4356/4360 SL 4372  TP 4352 TP 4349 TP 4346 TP 4343 TP 4340 TP 4337 TP 4334 TP 4331,SELL GOLD @ 4356.0,REJECTED,SL too wide: 16.00 > 9.90 (1.5x ATR=6.60). Max risk exceeded.,1618
2026-09-21 16:41:44,Account 1,"Mr.DAVID, XAU/USD CLUB",XAUUSD  BUY  ENTR. 4345..4342 TP1:4352 TP 4357 TP 4366 TP 4370 TP 4377 SL: 4330,BUY GOLD @ 4342.0,REJECTED,SL too wide: 12.00 > 9.96 (1.5x ATR=6.64). Max risk exceeded.,1619
2026-09-21 16:42:48,Account 2,Sureshot FX VIP,NZDUSD BUY 0.5726  SL:  0.5676 TP:  0.5826 --Trade by Toby,BUY NZDUSD @ 0.5726,REJECTED,Gold Lock: Symbol 'NZDUSD' rejected. Gold only.,1620
2026-09-21 16:43:03,Account 2,Vault Gold Forex™,XAUUSD (GOLD) NEXT MOVE CONFRIM ENTRY  ,SELL GOLD @ 4068,REJECTED,SL too wide: 15.00 > 9.99 (1.5x ATR=6.66). Max risk exceeded.,1621
2026-09-21 16:43:46,Account 2,Vault Gold Forex™,Gold Sell @ 4350 Sl: @ 4360 TP: @ 4340 lot size 0.11 Confirm 94% https://t.me/+syW1-sOtKPNhNmY0 https://t.me/+syW1-sOtKPNhNmY0,SELL GOLD @ 4350.0,REJECTED,"R:R too low: 1.00x (need >= 1.5x). TP=4340.00, SL dist=10.00",1622
2026-09-21 16:48:11,Account 2,XAUUSD GOLD MASTER,XAUUSD SELL 4376/4379  TP 4373  TP 4370  TP 4367  TP 4364  TP 4361  SL 4386 https://t.me/+bOJVVMnONwZmMWUx,SELL GOLD @ 4376.0,REJECTED,"R:R too low: 0.30x (need >= 1.5x). TP=4373.00, SL dist=10.00",1623
2026-09-21 16:50:09,Account 2,XAUUSD GOLD MASTER, XAUUSD BUY         Click to see     https://t.me/+KkunQU3cswM2MDlk https://t.me/+KkunQU3cswM2MDlk,BUY GOLD @ 4041.0,SUCCESS,Trade executed successfully on MT5,1624
2026-09-21 16:58:32,Account 2,Sureshot FX VIP,USDCAD SELL 1.4007  SL:  1.4057 TP:  1.3907 --Trade by Flynn,SELL USDCAD @ 1.4007,REJECTED,Gold Lock: Symbol 'USDCAD' rejected. Gold only.,1625
2026-09-21 17:13:53,Account 2,XAUUSD VIP SIGNAL,XAUUSD BUY NOW @ 4362 MORE BUY @ 4358  TP : 4366 TP : 4370 TP : 4374 TP : 4378 TP : 4382 TP : 4386 TP : 4390  SL : 4350,BUY GOLD @ 4362.0,REJECTED,SL too wide: 12.00 > 10.49 (1.5x ATR=6.99). Max risk exceeded.,1626
2026-09-21 17:14:21,Account 2,Grade Profit forex,XAUUSD SELL 4376/4379  TP 4373  TP 4370  TP 4367  TP 4364  TP 4361  SL 4386 https://t.me/+bOJVVMnONwZmMWUx,SELL GOLD @ 4376.0,REJECTED,"R:R too low: 0.30x (need >= 1.5x). TP=4373.00, SL dist=10.00",1627
2026-09-21 17:19:10,Account 2,JOSEFINA TRADER0⚔️,XAUUSD SELL 4367,SELL GOLD @ 4367.0,SUCCESS,Trade executed successfully on MT5,1628
2026-09-21 17:20:24,Account 2,JOSEFINA TRADER0⚔️,XAUUSD SELL 4367 TP 4364 TP 4361 TP 4358 TP 4355 TP 4352 SL 4377 ,SELL GOLD @ 4367.0,REJECTED,"R:R too low: 0.30x (need >= 1.5x). TP=4364.00, SL dist=10.00",1629
2026-09-21 17:31:31,Account 2,𝐗𝐀𝐔𝐔𝐒𝐃 𝐓𝐑𝐀𝐃𝐈𝐍𝐆 𝐌𝐀𝐒𝐓𝐄𝐑, XAUUSD SELL : 4371-4374  TP : 4368 TP : 4365 TP : 4362 TP : 4359 TP : 4356 TP : 4353 TP : 4350_OPEN   SL : 4380  Use Proper Money Management. ,SELL GOLD @ 4371.0,REJECTED,"R:R too low: 0.33x (need >= 1.5x). TP=4368.00, SL dist=9.00",1630
2026-09-21 17:32:32,Account 2,𝐗𝐀𝐔𝐔𝐒𝐃 𝐓𝐑𝐀𝐃𝐈𝐍𝐆 𝐌𝐀𝐒𝐓𝐄𝐑,GOLD SELL NOW 4371,SELL GOLD @ 4371.0,FAILED,MT5 execution failed — check broker logs,1631
2026-09-21 17:32:44,Account 2,Vault Gold Forex™,Gold Sell @ 4371 Sl: @ 4381 TP: @ 4361 lot size 0.11 Confirm 94%,N/A,FAILED,Trigger could not parse a valid trade structure from this signal,1632
2026-09-21 17:33:26,Account 2,Vault Gold Forex™,XAUUSD BUY 4345  TP1.4348 TP2. 4351 TP3. 4354 TP4. 4357 TP5. 4360  SL.  4335  https://t.me/+jvc-tiKJ444zMDM8,BUY GOLD @ 4345.0,REJECTED,"R:R too low: 0.30x (need >= 1.5x). TP=4348.00, SL dist=10.00",1633
2026-09-21 17:37:01,Account 2,Market Trader Crypto Forex,Exit kar dijiye sabhi,"EXIT EXIT @ 0 (SL: 0, TP: 0)",EXIT,EXIT,0,0,0,SUCCESS,Manual exit requested by trader
2026-09-21 18:12:25,Account 2,JOSEFINA TRADER0⚔️,Wow Check gold 4352,BUY GOLD @ 4352.0,SUCCESS,Trade executed successfully on MT5,1635
2026-09-21 18:18:07,Account 2,SureShot GOLD (VIP),XAUUSD SELL 4355.59  SL:  4365.59 TP:  4335.59 --Trade by William,SELL GOLD @ 4355.59,SUCCESS,Trade executed successfully on MT5,1636
2026-09-21 18:21:51,Account 2,JOSEFINA TRADER0⚔️,GOLD NOW 4350  TP1 TP2 TP3 TP4 TP 5  SL  POSTED IN CHANNEL  JOIN FOR TP AND SL   https://t.me/+YAqd3o4mDiAyMWU0,SELL GOLD @ 4350.0,SUCCESS,Trade executed successfully on MT5,1637
2026-09-21 18:29:59,Account 2,XAUUSD GOLD MASTER, XAUUSD SELL. 4368-4366 I will delete the link after two minutes   https://t.me/+EWMOzlmfu603MWQ0  #FOMC 600+ PIPS TARGET ,SELL GOLD @ 4368.0,REJECTED,"R:R too low: 1.00x (need >= 1.5x). TP=4366.00, SL dist=2.00",1638
2026-09-21 18:35:46,Account 2,XAUUSD GOLD MASTER,#XAUUSDBUY4355-4352  TP 4358 TP 4361 TP 4365 TP 4371 TP 4376 TP 4382 TP 4388  SL 4335,SELL GOLD @ 4068,REJECTED,SL too wide: 15.00 > 13.45 (1.5x ATR=8.97). Max risk exceeded.,1639
2026-09-21 18:37:37,Account 2,🌕 PERO | Forex - Investing ™,BUY +100 PIPS  Gold gave us the entry and the reaction   Secure some profit and keep the rest protected.,SELL GOLD @ 4068,REJECTED,SL too wide: 15.00 > 13.48 (1.5x ATR=8.99). Max risk exceeded.,1640
2026-09-21 18:37:54,Account 2,XAUUSD GOLD MASTER,XAUUSD gold 4356 I will delete the link After two minutes   https://t.me/+tV9EU0LeynVkMDhk https://t.me/+tV9EU0LeynVkMDhk   500+ PIPS TARGET ,SELL GOLD @ 4356.0,FAILED,MT5 execution failed — check broker logs,1641
2026-09-21 18:38:58,Account 1,DUBAI CAPITAL FX GROUP 3,GOLD SELL 4360/4363 SL _4374  TP 4357 TP 4354 TP 4351 TP 4348 TP 4345 TP 4342 TP 4339 TP 4336,SELL GOLD @ 4360.0,REJECTED,SL too wide: 14.00 > 13.63 (1.5x ATR=9.09). Max risk exceeded.,1642
2026-09-21 19:06:05,Account 2,Perfect Management,#XAUUSD     SELL   4355   Sl      4368  ¹TP     4351 ²TP     4347 ³TP     4343 ⁴TP     4339 ⁵TP     ,"SELL GOLD @ 4352.2 (SL: 4368.0, TP: 4331.0)",SELL,GOLD,4352.2,4368.0,4331.0,SUCCESS,Executed with AI Runner TSL
2026-09-21 19:07:34,Account 2,Vault Gold Forex™,Gold Sell @ 4360 Sl: @ 4370 TP: @ 4340 lot size 0.11 Confirm 94% https://t.me/+TqMQA8tKgEE0OTQ0 https://t.me/+TqMQA8tKgEE0OTQ0,SELL GOLD @ 4360.0,SUCCESS,Trade executed successfully on MT5,1644
2026-09-21 19:13:10,Account 2,JOSEFINA TRADER0⚔️,XAUUSD SELL 4353,SELL GOLD @ 4353.0,FAILED,MT5 execution failed — check broker logs,1645
2026-09-21 19:13:42,Account 2,JOSEFINA TRADER0⚔️,XAUUSD SELL 4353 TP 4350 TP 4347 TP 4344 TP 4341 TP 4338 SL 4364 ,SELL GOLD @ 4353.0,REJECTED,"R:R too low: 0.27x (need >= 1.5x). TP=4350.00, SL dist=11.00",1646
2026-09-21 19:32:41,Account 2,RIAOGOLDFOREX,XAUUSD BUY 4342,BUY GOLD @ 4342.0,SUCCESS,Trade executed successfully on MT5,1647
2026-09-21 19:33:28,Account 2,RIAOGOLDFOREX,XAUUSD BUY 4342  TP 4345  TP 4348  TP 4351  TP 4354  TP 4357  TP 4360  SL 4332,BUY GOLD @ 4342.0,REJECTED,"R:R too low: 0.30x (need >= 1.5x). TP=4345.00, SL dist=10.00",1648
2026-09-21 19:36:42,Account 2,RIAOGOLDFOREX,XAUUSD SELL 4332,SELL GOLD @ 4332.0,FAILED,MT5 execution failed — check broker logs,1649
2026-09-21 19:36:50,Account 2,RIAOGOLDFOREX,XAUUSD SELL 4332  TP 4329 TP 4326 TP 4323 TP 4320 TP 4317 TP 4314  SL 4342,SELL GOLD @ 4332.0,REJECTED,"R:R too low: 0.30x (need >= 1.5x). TP=4329.00, SL dist=10.00",1650
2026-09-21 19:46:55,Account 2,RIAOGOLDFOREX,GOLD SELL NOW   SL   TP   HERE  https://t.me/+kKUiTpEc-GwzZWM0,SELL GOLD @ None,SUCCESS,Trade executed successfully on MT5,1651
2026-09-21 19:47:16,Account 2,Vault Gold Forex™,XAUUSD BUY 4337,BUY GOLD @ 4337.0,FAILED,MT5 execution failed — check broker logs,1652
2026-09-21 19:48:11,Account 2,Vault Gold Forex™,XAUUSD BUY 4337  TP 4340 TP 4343 TP 4346 TP 4349 TP 4352  SL 4327,BUY GOLD @ 4337.0,REJECTED,"R:R too low: 0.30x (need >= 1.5x). TP=4340.00, SL dist=10.00",1653
2026-09-21 19:54:45,Account 2,XAUUSD GOLD MASTER, #XAUUSD SELL NOW 4338   SL :#see in channal   TP: #see in channal   https://t.me/+zPwBvb6y8No5ZDdk https://t.me/+zPwBvb6y8No5ZDdk  LINK EXPIRE IN 5 M...,SELL GOLD @ 4338.0,FAILED,MT5 execution failed — check broker logs,1654
2026-09-21 20:08:55,Account 2,XAUUSD VIP SIGNAL,XAUUSD BUY NOW @ 4335 MORE BUY @ 4331  TP : 4339 TP : 4343 TP : 4347 TP : 4351 TP : 4355 TP : 4359 TP : 4363  SL : 4320,BUY GOLD @ 4335.0,REJECTED,"R:R too low: 0.27x (need >= 1.5x). TP=4339.00, SL dist=15.00",1655
2026-09-21 20:17:49,Account 1,XAUUSD ACCURATE SiGNALS,Gold again buy 4325/4320/limit   Sl 4314  Tp 4345  Tp 4365 Tp 4375/4375/4405/4545/opn /opn  @Proazam1978,BUY GOLD @ 4325.0,SUCCESS,Trade executed successfully on MT5,1656
2026-09-21 20:41:15,Account 2,🌕 PERO | Forex - Investing ™, THE PLAN WAS THERE BEFORE PRICE ARRIVED.  Two Buy areas from todays VIP plan came into play:  43464343  43254323  +200 pips running  Both were mapped...,BUY EURUSD @ 43464343.0,REJECTED,Gold Lock: Symbol 'EURUSD' rejected. Gold only.,1657
2026-09-21 20:42:10,Account 2,XAUUSD VIP SIGNAL,XAUUSD BUY NOW @ 4335 MORE BUY @ 4331  TP : 4339 TP : 4343 TP : 4347 TP : 4351 TP : 4355 TP : 4359 TP : 4363  SL : 4320,BUY GOLD @ 4335.0,REJECTED,"R:R too low: 0.27x (need >= 1.5x). TP=4339.00, SL dist=15.00",1658
2026-09-21 20:47:39,Account 2,Swift Gold Forex, GOLD SELL NOW   TP  TP  SL     3   ,SELL GOLD @ None,SUCCESS,Trade executed successfully on MT5,1659
2026-09-21 20:50:58,Account 2,GOLD Trader Dan,Today my First day  From 130 Euro to 530 Euro ,SELL EURUSD @ 530.0,REJECTED,Gold Lock: Symbol 'EURUSD' rejected. Gold only.,1660
2026-09-21 22:34:54,Account 2,Market Trader Crypto Forex,GBPNZD Long Trade  https://affs.click/xnqPA,"BUY GBPNZD @ 2.33793 (SL: 2.33443, TP: 2.34393)",BUY,GBPNZD,2.33793,2.33443,2.34393,SUCCESS,Executed Market Trader Setup
2026-09-21 22:34:54,Account 2,Market Trader Crypto Forex,200 Pips Done. Sl ctc kar lijiye and Book 40% Profit.,"MODIFY_BREAKEVEN GBPNZD @ 0 (SL: 0, TP: 0)",MODIFY_BREAKEVEN,GBPNZD,0,0,0,SUCCESS,"SL moved to entry, closed 40%"
2026-09-21 22:34:54,Account 2,Market Trader Crypto Forex,GOLD LIVE 🚀,"BUY GOLD @ 4344.43 (SL: 4339.93, TP: 4355.43)",BUY,GOLD,4344.43,4339.93,4355.43,SUCCESS,Executed Market Trader Setup
2026-09-21 22:34:54,Account 2,Perfect Management,#XAUUSD SELL 4362  Sl 4363 ¹TP 4355 ²TP 4350,"SELL GOLD @ 4343.89 (SL: 4363.0, TP: 4350.0)",SELL,GOLD,4343.89,4363.0,4350.0,SUCCESS,Executed with AI Runner TSL
2026-09-21 22:34:54,Account 2,Perfect Management,Close now xauusd 🙏🙏🙏,"CLOSE_NOW GOLD @ 0 (SL: 0, TP: 0)",CLOSE_NOW,GOLD,0,0,0,SUCCESS,Close command from channel
2026-09-21 22:36:39,Account 2,RIAOGOLDFOREX,XAUUSD SELL 4354,SELL GOLD @ 4354.0,SUCCESS,Trade executed successfully on MT5,1666
2026-09-21 22:37:09,Account 2,RIAOGOLDFOREX,XAUUSD SELL 4354  TP 4351 TP 4348 TP 4345 TP 4342 TP 4339 TP 4336  SL 4365,SELL GOLD @ 4354.0,REJECTED,"R:R too low: 0.27x (need >= 1.5x). TP=4351.00, SL dist=11.00",1667
2026-09-21 22:38:10,Account 2,GOLD Trader Dan,NY session sell trade! 1/5 RR trade  XAUUSD SMASHED TP 520 PIPS ,SELL GOLD @ 520.0,REJECTED,Price sanity fail: entry 520.0 is 88.0% from live 4344.34000,1668
2026-09-21 22:40:05,Account 2,Vault Gold Forex™,GOLD SELL 4338/4342 TP1 4333 TP2 4325 TP3 4315 TP4 4300 Sl....4345  GOOD LUCK VIP FREE SINGLE   https://t.me/+QU9jcEH8IHZmZjFk  1 Year FREE JOIN  http...,SELL GOLD @ 4338.0,REJECTED,"R:R too low: 0.71x (need >= 1.5x). TP=4333.00, SL dist=7.00",1669
2026-09-21 22:43:55,Account 2,Vault Gold Forex™,GOLD BUY 4340  TP 4345 TP 4350 TP 4355  SL here  https://t.me/+TqMQA8tKgEE0OTQ0 https://t.me/+TqMQA8tKgEE0OTQ0,BUY GOLD @ 4340.0,REJECTED,"R:R too low: 0.65x (need >= 1.5x). TP=4345.00, SL dist=7.74",1670
2026-09-21 22:50:56,Account 2,RIAOGOLDFOREX,GOLD / XAUUSD BIG SIGNAL  TARGET 200 PIPS  SL TP  https://t.me/+lGzRXTEsXFw0NmM0 https://t.me/+lGzRXTEsXFw0NmM0,BUY GOLD @ 4063.0,REJECTED,"R:R too low: 1.00x (need >= 1.5x). TP=4073.00, SL dist=10.00",1671
2026-09-21 23:23:02,Account 2,Vault Gold Forex™,GOLD SELL 4338/4342 TP1 4333 TP2 4325 TP3 4315 TP4 4300 Sl....4345  GOOD LUCK VIP FREE SINGLE   https://t.me/+QU9jcEH8IHZmZjFk  1 Year FREE JOIN  http...,SELL GOLD @ 4338.0,REJECTED,"R:R too low: 0.71x (need >= 1.5x). TP=4333.00, SL dist=7.00",1672
2026-09-21 23:43:05,Account 2,GOLD Snipers,XAUUSD SMASH / TPS 150 PIPS! ,SELL GOLD @ 4068,REJECTED,SL too wide: 15.00 > 11.59 (1.5x ATR=7.73). Max risk exceeded.,1673
2026-09-21 23:43:32,Account 2,GOLD Snipers,XAUUSD SMASH / TPS 410 PIPS! ,SELL GOLD @ 4068,REJECTED,SL too wide: 15.00 > 11.60 (1.5x ATR=7.73). Max risk exceeded.,1674
2026-09-21 23:56:53,Account 1,𝐗𝐀𝐔𝐔𝐒𝐃 𝐕𝐈𝐏 𝐒𝐈𝐆𝐍𝐀𝐋𝐒,#GOLD SELL 4352/4355  TP 4347 TP 4342 TP 4336 TP 4320 Confim  SL 4365  Use According To Your Account Equity Leve,SELL GOLD @ 4352.0,REJECTED,SL too wide: 13.00 > 10.89 (1.5x ATR=7.26). Max risk exceeded.,1675
2026-09-22 03:34:09,Account 2,GOLD Snipers,XAUUSD SMASH / TPS 190 PIPS! ,SELL GOLD @ 4068.0,REJECTED,SL too wide: 15.00 > 6.92 (1.5x ATR=4.61). Max risk exceeded.,1676
2026-09-22 03:34:22,Account 2,GOLD Snipers,XAUUSD SMASH / TPS 220 PIPS! ,SELL GOLD @ 4068,REJECTED,SL too wide: 15.00 > 6.92 (1.5x ATR=4.61). Max risk exceeded.,1677
2026-09-22 04:29:55,Account 2,Vault Gold Forex™,GOLD / XAUUSD  BIG SIGNAL  TARGET 200 PIPS  SL TP  8k https://t.me/+dNO8hIh8bUNkN2I8 FAST OPEN FOR 3 MINUTES  ok my,BUY GOLD @ 8000.0,REJECTED,SL too wide: 1000.00 > 7.05 (1.5x ATR=4.70). Max risk exceeded.,1678
2026-09-22 05:12:20,Account 2,Vault Gold Forex™,GOLD BUY 4355  TP 4360 TP 4363 TP 4366  SL here  https://t.me/+TqMQA8tKgEE0OTQ0 https://t.me/+TqMQA8tKgEE0OTQ0,BUY GOLD @ 4355.0,REJECTED,"R:R too low: 1.12x (need >= 1.5x). TP=4360.00, SL dist=4.47",1679
2026-09-22 06:03:00,Account 2,XAUUSD GOLD MASTER,GOLD NOW Confirmed signal   TP  TP  SL     3   ,BUY GOLD @ None,SUCCESS,Trade executed successfully on MT5,1680
2026-09-22 06:09:48,Account 2,Market Trader Crypto Forex,GBPNZD Short  Trade   👇👇👇👇  https://affs.click/xnqPA PATNER CODE (663WF),"SELL GBPNZD @ 2.34179 (SL: 2.34529, TP: 2.33579)",SELL,GBPNZD,2.34179,2.34529,2.33579,SUCCESS,Executed Market Trader Setup
2026-09-22 06:35:33,Account 2,Vault Gold Forex™, XAUUSD BUY         Click to see     https://t.me/+KkunQU3cswM2MDlk https://t.me/+KkunQU3cswM2MDlk,BUY GOLD @ 4041.0,SUCCESS,Trade executed successfully on MT5,1682
2026-09-22 06:36:50,Account 2,Vault Gold Forex™,XAUUSD SELL 4363,SELL GOLD @ 4363.0,SUCCESS,Trade executed successfully on MT5,1683
2026-09-22 06:37:02,Account 2,Vault Gold Forex™,XAUUSD SELL 4363,SELL GOLD @ 4363.0,FAILED,MT5 execution failed — check broker logs,1684
2026-09-22 06:38:25,Account 2,Vault Gold Forex™,XAUUSD SELL 4363  TP 4360 TP 4357 TP 4354 TP 4351 TP 4348  SL 4373,SELL GOLD @ 4363.0,REJECTED,"R:R too low: 0.30x (need >= 1.5x). TP=4360.00, SL dist=10.00",1685
2026-09-22 06:40:17,Account 2,XAUUSD GOLD MASTER,XAUUSD BUY 4360,BUY GOLD @ 4360.0,SUCCESS,Trade executed successfully on MT5,1686
2026-09-22 06:40:30,Account 2,JOSEFINA TRADER0⚔️,XAUUSD BUY 4360,BUY GOLD @ 4360.0,SUCCESS,Trade executed successfully on MT5,1687
2026-09-22 06:44:55,Account 2,THE FOREX BLUEPRINT,XAUUSD BUY 4355,BUY GOLD @ 4355.0,SUCCESS,Trade executed successfully on MT5,1688
2026-09-22 06:46:00,Account 2,THE FOREX BLUEPRINT,GOLD POR TRADER:  GOLD BUY NOW ZONE 43-55 43-50  TP1  42-60 TP2 42-65 TP3  42-70 TP4 43-75 TP5. 43-80 TP6.  43-85   SL  :43-42  Everybody Use accordin...,BUY GOLD @ 43.0,REJECTED,Price sanity fail: entry 43.0 is 99.0% from live 4355.51000,1689
2026-09-22 06:48:09,Account 2,JOSEFINA TRADER0⚔️,XAUUSD BUY 4350,BUY GOLD @ 4350.0,FAILED,MT5 execution failed — check broker logs,1690
2026-09-22 06:49:52,Account 2,JOSEFINA TRADER0⚔️,XAUUSD BUY 4350 TP 4353 TP 4356 TP 4359 TP 4362 TP 4365 TP 4368 TP 4371 TP 4374 TP 4377 TP 4380 TP 4383 SL 4337 ,BUY GOLD @ 4350.0,REJECTED,SL too wide: 13.00 > 12.08 (1.5x ATR=8.06). Max risk exceeded.,1691
2026-09-22 06:51:19,Account 2,Perfect Management,#XAUUSD     SELL   4374   Sl       4383  ¹TP      4370 ²TP      4366 ³TP      4362 ⁴TP      4358 ⁵TP,"SELL GOLD @ 4350.85 (SL: 4383.0, TP: 4350.0)",SELL,GOLD,4350.85,4383.0,4350.0,SUCCESS,Executed with AI Runner TSL
2026-09-22 06:51:29,Account 2,Sureshot FX VIP,EURAUD BUY 1.6123  SL:  1.6073 TP:  1.6223 --Trade by David,BUY EURAUD @ 1.6123,REJECTED,Gold Lock: Symbol 'EURAUD' rejected. Gold only.,1693
2026-09-22 06:52:01,Account 2,Vault Gold Forex™, XAUUSD BUY         Click to see     https://t.me/+KkunQU3cswM2MDlk https://t.me/+KkunQU3cswM2MDlk,BUY GOLD @ 4041.0,FAILED,MT5 execution failed — check broker logs,1694
2026-09-22 06:52:16,Account 2,Sureshot FX 🎯,EURAUD BUY 1.6123  SL:  1.6073 TP:  1.6223 --Trade by David,BUY EURAUD @ 1.6123,REJECTED,Gold Lock: Symbol 'EURAUD' rejected. Gold only.,1695
2026-09-22 06:53:55,Account 2,Sureshot FX VIP,GBPAUD BUY 1.8798  SL:  1.8748 TP:  1.8898 --Trade by David,BUY GBPAUD @ 1.8798,REJECTED,Gold Lock: Symbol 'GBPAUD' rejected. Gold only.,1696
2026-09-22 07:07:52,Account 2,JOSEFINA TRADER0⚔️,GOLD NOW 4350  TP1 TP2 TP3 TP4 TP 5  SL  POSTED IN CHANNEL  JOIN FOR TP AND SL   https://t.me/+YAqd3o4mDiAyMWU0,SELL GOLD @ 4350.0,SUCCESS,Trade executed successfully on MT5,1697
2026-09-22 07:09:36,Account 2,Market Trader Crypto Forex,Exit kar dijiye sabhi,"EXIT GBPNZD @ 0 (SL: 0, TP: 0)",EXIT,GBPNZD,0,0,0,SUCCESS,Manual exit requested by trader
2026-09-22 07:09:42,Account 1,BEST FX XAUUSD GOLD TRADER,Gold BUY 4350_47  TP 4353 TP 4356 TP 4359 TP 4362 TP 4365 TP 4368 TP 4371  SL 4335,BUY GOLD @ 4350.0,REJECTED,SL too wide: 15.00 > 12.22 (1.5x ATR=8.15). Max risk exceeded.,1699
2026-09-22 07:10:48,Account 2,JOSEFINA TRADER0⚔️,XAUUSD SELL 4353,N/A,FAILED,Trigger could not parse a valid trade structure from this signal,1700
2026-09-22 07:10:52,Account 2,JOSEFINA TRADER0⚔️,XAUUSD SELL 4353 TP 4350 TP 4347 TP 4344 TP 4341 TP 4338 SL 4364 ,N/A,FAILED,Trigger could not parse a valid trade structure from this signal,1701
2026-09-22 07:11:46,Account 2,Grade Profit forex,XAUUSD SEEL 4356  TP 4353 TP 4350 TP 4347 TP 4344 TP 4341  SL 4366,SELL GOLD @ 4356.0,REJECTED,"R:R too low: 0.30x (need >= 1.5x). TP=4353.00, SL dist=10.00",1702
2026-09-22 07:12:02,Account 2,Grade Profit forex,GOLD / XAUUSD BIG SIGNAL  TARGET 200 PIPS  SL TP   https://t.me/+zPwBvb6y8No5ZDdk https://t.me/+zPwBvb6y8No5ZDdk  ,SELL GOLD @ 4068.0,REJECTED,SL too wide: 15.00 > 12.28 (1.5x ATR=8.19). Max risk exceeded.,1703
2026-09-22 07:16:47,Account 2,Grade Profit forex,XAUUSD SELL 4376/4379  TP 4373  TP 4370  TP 4367  TP 4364  TP 4361  SL 4386 https://t.me/+bOJVVMnONwZmMWUx,SELL GOLD @ 4376.0,REJECTED,"R:R too low: 0.30x (need >= 1.5x). TP=4373.00, SL dist=10.00",1704
2026-09-22 07:17:59,Account 2,Grade Profit forex,GOLD NOW 4350  TP1 TP2 TP3 TP4 TP 5  SL  POSTED IN CHANNEL  JOIN FOR TP AND SL   https://t.me/+YAqd3o4mDiAyMWU0,SELL GOLD @ 4350.0,FAILED,MT5 execution failed — check broker logs,1705
2026-09-22 07:18:43,Account 2,JOSEFINA TRADER0⚔️,GOLD NOW 4350  TP1 TP2 TP3 TP4 TP 5  SL  POSTED IN CHANNEL  JOIN FOR TP AND SL   https://t.me/+YAqd3o4mDiAyMWU0,SELL GOLD @ 4350.0,FAILED,MT5 execution failed — check broker logs,1706
2026-09-22 07:22:46,Account 2,JOSEFINA TRADER0⚔️,GOLD NOW 4350  TP1 TP2 TP3 TP4 TP 5  SL  POSTED IN CHANNEL  JOIN FOR TP AND SL   https://t.me/+YAqd3o4mDiAyMWU0,SELL GOLD @ 4350.0,SUCCESS,Trade executed successfully on MT5,1707
2026-09-22 07:25:42,Account 2,JOSEFINA TRADER0⚔️, GOLD SELL NOW   TP  TP  SL     3   ,SELL GOLD @ None,SUCCESS,Trade executed successfully on MT5,1708
2026-09-22 07:26:42,Account 2,THE FOREX BLUEPRINT,GOLD POR TRADER:  GOLD BUY NOW ZONE 43-45 43-38  TP1  43-50 TP2 43-55 TP3  43-60 TP4 43-65 TP5. 43-70 TP6. 43-75   SL  :43-30  Everybody Use according...,BUY GOLD @ 43.0,REJECTED,"R:R too low: 0.00x (need >= 1.5x). TP=50.00, SL dist=0.00",1709
2026-09-22 07:27:30,Account 1,XAUUSD ACCURATE SiGNALS,Gold again buy 4343/4340/limit   Sl 4335  Tp 4355  Tp 4365 Tp 4375/4385/4445/4745/4845//opn  @Proazam1978,BUY GOLD @ 4343.0,SUCCESS,Trade executed successfully on MT5,1710
2026-09-22 07:37:35,Account 2,JOSEFINA TRADER0⚔️, GOLD SELL NOW   TP  TP  SL     3   ,SELL GOLD @ None,SUCCESS,Trade executed successfully on MT5,1711
2026-09-22 07:40:18,Account 2,RIAOGOLDFOREX,GOLD NOW 4350  TP1 TP2 TP3 TP4 TP 5  SL  POSTED IN CHANNEL  JOIN FOR TP AND SL   https://t.me/+YAqd3o4mDiAyMWU0,SELL GOLD @ 4350.0,FAILED,MT5 execution failed — check broker logs,1712
2026-09-22 08:03:05,Account 2,Perfect Management,#XAUUSD          SELL  TP¹ HIT DONE 40+ PIPS,"BREAKEVEN GOLD @ 0 (SL: 0, TP: 0)",BREAKEVEN,GOLD,0,0,0,SUCCESS,TP1 Hit -> Moved SL to entry
2026-09-22 08:03:33,Account 2,Perfect Management,#XAUUSD          SELL  TP² HIT DONE 80+ PIPS,"BREAKEVEN GOLD @ 0 (SL: 0, TP: 0)",BREAKEVEN,GOLD,0,0,0,SUCCESS,TP1 Hit -> Moved SL to entry
2026-09-22 08:05:48,Account 2,GOLD PRO TRADER ♨️,#GOLD BUY 4350.4346   TP1 : 4354 TP2 : 4358 TP3 : 4362 TP4: 4366 TP5...4370.4374   SL 4335,BUY GOLD @ 4350.4346,REJECTED,SL too wide: 15.43 > 14.09 (1.5x ATR=9.39). Max risk exceeded.,1715
2026-09-22 08:06:04,Account 2,Perfect Management,#XAUUSD         SELL  All TP⁶ HIT DONE 240+ PIPS,"BOOK_PROFIT_80% GOLD @ 0 (SL: 0, TP: 0)",BOOK_PROFIT_80%,GOLD,0,0,0,NO_OPEN_ORDER,All TPs hit -> Booked 80%
2026-09-22 08:06:34,Account 1,XAUUSD ACCURATE SiGNALS,Tp 1  150+ PP done today buy,BUY GOLD @ 150.0,REJECTED,Price sanity fail: entry 150.0 is 96.6% from live 4355.11000,1717
2026-09-22 08:08:27,Account 2,Vault Gold Forex™,XAUUSD (GOLD) NEXT MOVE CONFRIM ENTRY  ,SELL GOLD @ 4068,REJECTED,SL too wide: 15.00 > 14.09 (1.5x ATR=9.39). Max risk exceeded.,1718
2026-09-22 08:09:13,Account 2,Perfect Management,#XAUUSD     BUY   4344  Sl      4331  ¹TP     4348 ²TP     4352 ³TP     4356 ⁴TP     4360 ⁵TP     43,"BUY GOLD @ 4354.0 (SL: 4331.0, TP: 4368.0)",BUY,GOLD,4354.0,4331.0,4368.0,SUCCESS,Executed with AI Runner TSL
2026-09-22 08:11:29,Account 2,Vault Gold Forex™,XAUUSD (GOLD) NEXT MOVE CONFRIM ENTRY  ,SELL GOLD @ 4068,REJECTED,SL too wide: 15.00 > 14.09 (1.5x ATR=9.39). Max risk exceeded.,1720
2026-09-22 08:14:26,Account 2,JOSEFINA TRADER0⚔️,XAUUSD (GOLD) NEXT MOVE CONFRIM ENTRY  ,SELL GOLD @ 4068,REJECTED,SL too wide: 15.00 > 14.20 (1.5x ATR=9.46). Max risk exceeded.,1721
2026-09-22 08:18:11,Account 2,Vault Gold Forex™, XAUUSD BUY         Click to see     https://t.me/+KkunQU3cswM2MDlk https://t.me/+KkunQU3cswM2MDlk,BUY GOLD @ 4041.0,SUCCESS,Trade executed successfully on MT5,1722
2026-09-22 08:19:50,Account 2,JOSEFINA TRADER0⚔️,XAUUSD (GOLD) NEXT MOVE CONFRIM ENTRY  ,SELL GOLD @ 4068,REJECTED,SL too wide: 15.00 > 14.13 (1.5x ATR=9.42). Max risk exceeded.,1723
2026-09-22 08:21:38,Account 2,RIAOGOLDFOREX,GOLD BUY NOW        SL  TP  HERE,BUY GOLD @ None,SUCCESS,Trade executed successfully on MT5,1724
2026-09-22 08:22:01,Account 2,Grade Profit forex,Gold Sell @ 4285 Sl: @ 4295 TP: @ 4250 lot size 0.11 Confirm 94% https://t.me/+jOrrwLbzegk2MmJk https://t.me/+jOrrwLbzegk2MmJk,SELL GOLD @ 4285.0,FAILED,MT5 execution failed — check broker logs,1725
2026-09-22 08:33:27,Account 2,GOLD PRO TRADER ♨️,#GOLD BUY 4340.4336   TP1 : 4344 TP2 : 4348 TP3 : 4352 TP4: 4356 TP5...4360.4364   SL 4325,BUY GOLD @ 4340.4336,REJECTED,SL too wide: 15.43 > 13.32 (1.5x ATR=8.88). Max risk exceeded.,1726
2026-09-22 08:34:48,Account 2,RIAOGOLDFOREX,GOLD BUY NOW        SL  TP  HERE,BUY GOLD @ None,SUCCESS,Trade executed successfully on MT5,1727
2026-09-22 08:51:37,Account 2,JOSEFINA TRADER0⚔️,XAUUSD BUY 4343,BUY GOLD @ 4343.0,SUCCESS,Trade executed successfully on MT5,1728
2026-09-22 08:55:08,Account 2,JOSEFINA TRADER0⚔️,XAUUSD BUY 4343 TP 4346 TP 4349 TP 4352 TP 4355 TP 4358 SL 4333 ,BUY GOLD @ 4343.0,REJECTED,"R:R too low: 0.30x (need >= 1.5x). TP=4346.00, SL dist=10.00",1729
2026-09-22 09:12:01,Account 2,𝐗𝐀𝐔𝐔𝐒𝐃 𝐓𝐑𝐀𝐃𝐈𝐍𝐆 𝐌𝐀𝐒𝐓𝐄𝐑,XAUUSD SELL NOW 4349-4352  TP1 4346 TP2 4343 TP3 4340 TP4 4337 TP5 4334 TP6 4331 TP7 4328   SL4358 use Proper money management,SELL GOLD @ 4349.0,REJECTED,"R:R too low: 0.33x (need >= 1.5x). TP=4346.00, SL dist=9.00",1730
2026-09-22 09:16:21,Account 2,Sureshot FX VIP,AUDUSD BUY 0.7112  SL:  0.7062 TP:  0.7212 --Trade by David,BUY AUDUSD @ 0.7112,REJECTED,Gold Lock: Symbol 'AUDUSD' rejected. Gold only.,1731
2026-09-22 09:20:30,Account 2,RIAOGOLDFOREX,GOLD / XAUUSD BIG SIGNAL  TARGET 200 PIPS  SL TP  https://t.me/+lGzRXTEsXFw0NmM0 https://t.me/+lGzRXTEsXFw0NmM0,BUY GOLD @ 4063.0,REJECTED,"R:R too low: 1.00x (need >= 1.5x). TP=4073.00, SL dist=10.00",1732
2026-09-22 09:23:21,Account 2,Swift Gold Forex,XAUUSD SELL 4376/4379  TP 4373  TP 4370  TP 4367  TP 4364  TP 4361  SL 4386 https://t.me/+bOJVVMnONwZmMWUx,SELL GOLD @ 4376.0,REJECTED,"R:R too low: 0.30x (need >= 1.5x). TP=4373.00, SL dist=10.00",1733
2026-09-22 09:25:15,Account 2,Vault Gold Forex™,GOLD SELL 4350  TP 4345 TP 4340 TP 4335  SL here  https://t.me/+TqMQA8tKgEE0OTQ0 https://t.me/+TqMQA8tKgEE0OTQ0,SELL GOLD @ 4350.0,REJECTED,"R:R too low: 0.75x (need >= 1.5x). TP=4345.00, SL dist=6.68",1734
2026-09-22 09:29:31,Account 2,Swift Gold Forex, GOLD SELL NOW   TP  TP  SL     3   ,SELL GOLD @ None,SUCCESS,Trade executed successfully on MT5,1735
2026-09-22 09:32:06,Account 2,XAUUSD GOLD MASTER,XAUUSD BUY 4343,BUY GOLD @ 4343.0,FAILED,MT5 execution failed — check broker logs,1736
2026-09-22 09:32:27,Account 2,XAUUSD GOLD MASTER,XAUUSD BUY 4343  TP 4346 TP 4349 TP 4352 TP 4355 TP 4358  SL 4331,BUY GOLD @ 4343.0,REJECTED,SL too wide: 12.00 > 11.88 (1.5x ATR=7.92). Max risk exceeded.,1737
2026-09-22 09:36:38,Account 2,JOSEFINA TRADER0⚔️, GOLD SELL NOW   TP  TP  SL     3   ,SELL GOLD @ None,SUCCESS,Trade executed successfully on MT5,1738
2026-09-22 09:41:24,Account 2,JOSEFINA TRADER0⚔️, GOLD SELL NOW   TP  TP  SL     3   ,SELL GOLD @ None,SUCCESS,Trade executed successfully on MT5,1739
2026-09-22 09:42:38,Account 1,XAUUSD ACCURATE SiGNALS,Gold again buy 4334/4330/limit   Sl 4323  Tp 4345  Tp 4355 Tp 4365/4375/4385/4445//4845/opn /opn  @Proazam1978,BUY GOLD @ 4334.0,REJECTED,"R:R too low: 1.00x (need >= 1.5x). TP=4345.00, SL dist=11.00",1740
2026-09-22 09:47:24,Account 2,Swift Gold Forex,XAUUSD BUY 4335  TP 4338 TP 4341 TP 4344 TP 4347  SL 4325,BUY GOLD @ 4335.0,REJECTED,"R:R too low: 0.30x (need >= 1.5x). TP=4338.00, SL dist=10.00",1741
2026-09-22 09:48:46,Account 2,JOSEFINA TRADER0⚔️,GOLD BUY 4340  TP 4345 TP 4350 TP 4355  SL here  https://t.me/+TqMQA8tKgEE0OTQ0 https://t.me/+TqMQA8tKgEE0OTQ0,BUY GOLD @ 4340.0,REJECTED,"R:R too low: 0.80x (need >= 1.5x). TP=4345.00, SL dist=6.25",1742
2026-09-22 09:51:05,Account 2,RIAOGOLDFOREX,XAUUSD (GOLD) NEXT MOVE CONFRIM ENTRY  ,SELL GOLD @ 4068,REJECTED,SL too wide: 15.00 > 11.72 (1.5x ATR=7.81). Max risk exceeded.,1743
2026-09-22 09:51:14,Account 2,Vault Gold Forex™,XAUUSD (GOLD) NEXT MOVE CONFRIM ENTRY  ,SELL GOLD @ 4068,REJECTED,SL too wide: 15.00 > 11.72 (1.5x ATR=7.81). Max risk exceeded.,1744
2026-09-22 09:53:56,Account 2,JOSEFINA TRADER0⚔️,# BUY 4335  TP 4380 SL HERE  https://t.me/+WvX-5zzaD85jZTBk  https://t.me/+xuU1XmD0Qzw2ODVk  https://t.me/+xuU1XmD0Qzw2ODVk LINK EXPIRED AFTER 2 MINT ,SELL GOLD @ 4068.0,REJECTED,SL too wide: 15.00 > 11.74 (1.5x ATR=7.83). Max risk exceeded.,1745
2026-09-22 09:55:33,Account 2,RIAOGOLDFOREX,XAUUSD SELL NOW,SELL GOLD @ 4047.0,REJECTED,"R:R too low: 0.27x (need >= 1.5x). TP=4044.00, SL dist=11.00",1746
2026-09-22 09:57:24,Account 2,RIAOGOLDFOREX,GOLD BUY NOW        SL  TP  HERE,BUY GOLD @ None,SUCCESS,Trade executed successfully on MT5,1747
2026-09-22 09:59:59,Account 2,🌕 PERO | Forex - Investing ™,"PERO TREND FORECAST  Gold remains under short-term selling pressure after repeated rejection from the upper range.  Price is now trading around 4339, ...",SELL GOLD @ 43574359.0,REJECTED,SL too wide: 43569992.00 > 11.74 (1.5x ATR=7.83). Max risk exceeded.,1748
2026-09-22 10:02:06,Account 2,Vault Gold Forex™,XAUUSD BUY 4345  TP1.4348 TP2. 4351 TP3. 4354 TP4. 4357 TP5. 4360  SL.  4335  https://t.me/+gigunekm0nczOTdk,BUY GOLD @ 4345.0,REJECTED,"R:R too low: 0.30x (need >= 1.5x). TP=4348.00, SL dist=10.00",1749
2026-09-22 10:02:52,Account 2,ALTO FX,XAUUSD SELL 4338 4340  TP 4334 TP 4330 TP 4327 TP 4323 Tp. 4320 SL 4355,SELL GOLD @ 4338.0,REJECTED,SL too wide: 17.00 > 10.58 (1.5x ATR=7.05). Max risk exceeded.,1750
2026-09-22 10:09:38,Account 2,Vault Gold Forex™,XAUUSD BUY 4335  TP 4338 TP 4341 TP 4344 TP 4347  SL 4325 https://t.me/+YEa0DccuYl81MDI8,BUY GOLD @ 4335.0,REJECTED,"R:R too low: 0.30x (need >= 1.5x). TP=4338.00, SL dist=10.00",1751
2026-09-22 10:10:09,Account 2,JOSEFINA TRADER0⚔️,# BUY 4335  TP 4380 SL HERE  https://t.me/+WvX-5zzaD85jZTBk  https://t.me/+xuU1XmD0Qzw2ODVk  https://t.me/+xuU1XmD0Qzw2ODVk LINK EXPIRED AFTER 2 MINT ,SELL GOLD @ 4068.0,REJECTED,SL too wide: 15.00 > 10.99 (1.5x ATR=7.33). Max risk exceeded.,1752
2026-09-22 10:10:23,Account 2,Swift Gold Forex,Gold Sell @ 4356 Sl: @ 4366 TP: @ 4336 lot size 0.11 Confirm 94% https://t.me/+izItJfSEfjY3NWU0 https://t.me/+izItJfSEfjY3NWU0,SELL GOLD @ 4356.0,FAILED,MT5 execution failed — check broker logs,1753
2026-09-22 10:11:53,Account 2,JOSEFINA TRADER0⚔️,XAUUSD (GOLD) NEXT MOVE CONFRIM ENTRY  ,SELL GOLD @ 4068,REJECTED,SL too wide: 15.00 > 10.99 (1.5x ATR=7.33). Max risk exceeded.,1754
2026-09-22 10:13:37,Account 2,XAUUSD GOLD MASTER,XAUUSD BUY 4340,BUY GOLD @ 4340.0,FAILED,MT5 execution failed — check broker logs,1755
2026-09-22 10:14:08,Account 2,XAUUSD GOLD MASTER,XAUUSD BUY 4340  TP 4343 TP 4346 TP 4349 TP 4352 TP 4355  SL 4328,BUY GOLD @ 4340.0,REJECTED,SL too wide: 12.00 > 10.99 (1.5x ATR=7.33). Max risk exceeded.,1756
2026-09-22 10:20:24,Account 2,JOSEFINA TRADER0⚔️, GOLD SELL NOW   TP  TP  SL     3   ,SELL GOLD @ None,FAILED,MT5 execution failed — check broker logs,1757
2026-09-22 10:21:12,Account 2,Vault Gold Forex™,XAUUSD BUY 4335  TP 4338 TP 4341 TP 4344 TP 4347  SL 4325 https://t.me/+YEa0DccuYl81MDI8,BUY GOLD @ 4335.0,REJECTED,"R:R too low: 0.30x (need >= 1.5x). TP=4338.00, SL dist=10.00",1758
2026-09-22 10:21:40,Account 2,Swift Gold Forex,Gold Sell @ 4356 Sl: @ 4366 TP: @ 4336 lot size 0.11 Confirm 94% https://t.me/+izItJfSEfjY3NWU0 https://t.me/+izItJfSEfjY3NWU0,SELL GOLD @ 4356.0,FAILED,MT5 execution failed — check broker logs,1759
2026-09-22 10:22:36,Account 2,JOSEFINA TRADER0⚔️, XAUUSDSELL         Click to see      https://t.me/+ELyBA63ZBIBmNGM0 https://t.me/+ELyBA63ZBIBmNGM0,SELL GOLD @ 4068,REJECTED,SL too wide: 15.00 > 10.29 (1.5x ATR=6.86). Max risk exceeded.,1760
2026-09-22 10:24:16,Account 2,Vault Gold Forex™,XAUUSD LIVE TRADE NOW   XAUUSD  US30 NAS100 GBPUSD  EURUSD  GBPJPY   ALL SIGNALS AVAILABLE   https://t.me/+y_bWiV6iJvplNjc0 https://t.me/+g-Lr-cukypRj...,SELL GOLD @ 4047.0,REJECTED,SL too wide: 11.00 > 10.42 (1.5x ATR=6.95). Max risk exceeded.,1761
2026-09-22 10:25:49,Account 2,Swift Gold Forex,GOLD BUY 4340  TP 4345 TP 4350 TP 4355  SL here  https://t.me/+TqMQA8tKgEE0OTQ0 https://t.me/+TqMQA8tKgEE0OTQ0,BUY GOLD @ 4340.0,REJECTED,"R:R too low: 0.89x (need >= 1.5x). TP=4345.00, SL dist=5.59",1762
2026-09-22 10:29:29,Account 2,Swift Gold Forex, GOLD SELL NOW   TP  TP  SL     3   ,SELL GOLD @ None,FAILED,MT5 execution failed — check broker logs,1763
2026-09-22 10:33:48,Account 2,Vault Gold Forex™,XAUUSD (GOLD) NEXT MOVE CONFRIM ENTRY  ,SELL GOLD @ 4068,REJECTED,SL too wide: 15.00 > 10.04 (1.5x ATR=6.69). Max risk exceeded.,1764
2026-09-22 10:34:49,Account 2,JOSEFINA TRADER0⚔️, GOLD SELL NOW   TP  TP  SL     3   ,SELL GOLD @ None,SUCCESS,Trade executed successfully on MT5,1765
2026-09-22 10:35:17,Account 2,👑 Profitway Crypto MCX Forex 👑,GOLD BUY 4335/4338   TP. 4341 TP. 4355 TP. 4368  SL. 4330  USE PROPER MONEY MANAGEMENT ,BUY GOLD @ 4335.0,REJECTED,"R:R too low: 1.20x (need >= 1.5x). TP=4341.00, SL dist=5.00",1766
2026-09-22 10:45:25,Account 2,SureShot GOLD (VIP),XAUUSD SELL 4354.34  SL:  4364.34 TP:  4334.34 --Trade by Toby,SELL GOLD @ 4354.34,REJECTED,SL too wide: 10.00 > 9.65 (1.5x ATR=6.43). Max risk exceeded.,1767
2026-09-22 11:03:42,Account 2,THE FOREX BLUEPRINT,GOLD POR TRADER:  GOLD SELL NOW ZONE 43-30 43-35  TP1  43-25 TP2 43-20 TP3  43-15 TP4 43-10 TP5. 43-05 TP6. 43-00   SL  :43-40  Everybody Use accordin...,SELL GOLD @ 43,REJECTED,"R:R too low: 0.00x (need >= 1.5x). TP=43.00, SL dist=1.00",1768
2026-09-22 11:06:29,Account 2,🌕 PERO | Forex - Investing ™,BUY 43284325 +100 PIPS   Nice reaction from the zone.,BUY GOLD @ 43284325.0,REJECTED,Price sanity fail: entry 43284325.0 is 1002165.2% from live 4318.65000,1769
2026-09-22 11:08:45,Account 2,Sureshot FX VIP,EURNZD BUY 2.0005  SL:  1.9955 TP:  2.0105 --Trade by David,BUY EURNZD @ 2.0005,REJECTED,Gold Lock: Symbol 'EURNZD' rejected. Gold only.,1770
2026-09-22 11:09:48,Account 1,"Mr.DAVID, XAU/USD CLUB",XAUUSD  BUY   ENTR. 4320..4317 TP1:4327 TP 4333 TP 4338 TP 4343 TP 4348 SL: 4310,BUY GOLD @ 4320.0,REJECTED,"R:R too low: 0.70x (need >= 1.5x). TP=4327.00, SL dist=10.00",1771
2026-09-22 11:11:08,Account 1,XAUUSD ACCURATE SiGNALS,Gold again buy 4316/4313/limit   Sl 4304  Tp 4335  Tp 4345 Tp 4355/4365/4385/4445/4745/4845//opn /opn  @Proazam1978,BUY GOLD @ 4316.0,SUCCESS,Trade executed successfully on MT5,1772
2026-09-22 11:19:32,Account 2,RIAOGOLDFOREX,XAUUSD BUY 4325,BUY GOLD @ 4325.0,SUCCESS,Trade executed successfully on MT5,1773
2026-09-22 11:19:50,Account 2,Sureshot FX VIP,EURNZD BUY 1.9991  SL:  1.9941 TP:  2.0091 --Trade by David,BUY EURNZD @ 1.9991,REJECTED,Gold Lock: Symbol 'EURNZD' rejected. Gold only.,1774
2026-09-22 11:21:23,Account 2,RIAOGOLDFOREX,XAUUSD SELL 4325  TP 4329 TP 4332 TP 4335 TP 4338 TP 4341 TP 4344  SL 4314,SELL GOLD @ 4325.0,REJECTED,"R:R too low: 0.36x (need >= 1.5x). TP=4329.00, SL dist=11.00",1775
2026-09-22 11:24:24,Account 2,RIAOGOLDFOREX,XAUUSD BUY 4327  TP 4330  TP 4333  TP 4336  TP 4339  TP 4342  TP 4345  SL 4317,BUY GOLD @ 4327.0,REJECTED,"R:R too low: 0.30x (need >= 1.5x). TP=4330.00, SL dist=10.00",1776
2026-09-22 11:26:03,Account 2,Forex with karol,GOLD BUY: Entry on 1min. green candle ,BUY GOLD @ None,SUCCESS,Trade executed successfully on MT5,1777
2026-09-22 11:26:32,Account 2,JOSEFINA TRADER0⚔️,# BUY 4316  TP 4400 SL HERE  https://t.me/+WvX-5zzaD85jZTBk  https://t.me/+xuU1XmD0Qzw2ODVk  https://t.me/+xuU1XmD0Qzw2ODVk LINK EXPIRED AFTER 2 MINT ,SELL GOLD @ 4068,REJECTED,SL too wide: 15.00 > 12.86 (1.5x ATR=8.57). Max risk exceeded.,1778
2026-09-22 11:30:52,Account 2,XAUUSD GOLD MASTER, XAUUSD BUY         Click to see     https://t.me/+TneYtn768WVjYzI0 https://t.me/+7hHmArUC1TkzNWE0,BUY GOLD @ 4041.0,FAILED,MT5 execution failed — check broker logs,1779
2026-09-22 11:32:25,Account 2,Vault Gold Forex™,GOLD SELL 4335  TP 4330 TP 4325 TP 4320 TP 4315 TP 4310  SL here  https://t.me/+TqMQA8tKgEE0OTQ0 https://t.me/+TqMQA8tKgEE0OTQ0,SELL GOLD @ 4335.0,REJECTED,"R:R too low: 0.76x (need >= 1.5x). TP=4330.00, SL dist=6.61",1780
2026-09-22 11:33:02,Account 2,JOSEFINA TRADER0⚔️,XAUUSD BUY 4320,BUY GOLD @ 4320.0,FAILED,MT5 execution failed — check broker logs,1781
2026-09-22 11:35:42,Account 2,JOSEFINA TRADER0⚔️,XAUUSD BUY 4320 TP 4323 TP 4326 TP 4329 TP 4332 TP 4335 SL 4309 ,BUY GOLD @ 4320.0,REJECTED,"R:R too low: 0.27x (need >= 1.5x). TP=4323.00, SL dist=11.00",1782
2026-09-22 11:45:12,Account 2,XAUUSD GOLD MASTER, XAUUSD BUY         Click to see     https://t.me/+TneYtn768WVjYzI0 https://t.me/+7hHmArUC1TkzNWE0,BUY GOLD @ 4041.0,SUCCESS,Trade executed successfully on MT5,1783
2026-09-22 11:45:36,Account 2,XAUUSD GOLD MASTER,GOLD / XAUUSD  BIG SIGNAL  TARGET 200 PIPS  SL TP   https://t.me/+5oK7C5lST_I0ZmU0,BUY GOLD @ None,SUCCESS,Trade executed successfully on MT5,1784
2026-09-22 11:47:12,Account 2,XAUUSD GOLD MASTER, GOLD SELL NOW   TP  TP  SL     3   ,SELL GOLD @ None,FAILED,MT5 execution failed — check broker logs,1785
2026-09-22 11:48:36,Account 2,Swift Gold Forex,GOLD SELL 4335  TP 4330 TP 4325 TP 4320 TP 4315 TP 4310  SL here  https://t.me/+TqMQA8tKgEE0OTQ0 https://t.me/+TqMQA8tKgEE0OTQ0,SELL GOLD @ 4335.0,REJECTED,"R:R too low: 0.76x (need >= 1.5x). TP=4330.00, SL dist=6.61",1786
2026-09-22 11:49:21,Account 2,XAUUSD GOLD MASTER,GOLD NOW 4320  TP1 TP2 TP3 TP4 TP 5  SL  POSTED IN CHANNEL  JOIN FOR TP AND SL   https://t.me/+YAqd3o4mDiAyMWU0,SELL GOLD @ 4320.0,FAILED,MT5 execution failed — check broker logs,1787
2026-09-22 11:52:26,Account 2,XAUUSD GOLD MASTER, GOLD SELL NOW   TP  TP  SL     3   ,SELL GOLD @ None,SUCCESS,Trade executed successfully on MT5,1788
2026-09-22 11:55:25,Account 2,XAUUSD GOLD MASTER,GOLD / XAUUSD  BIG SIGNAL  TARGET 200 PIPS  SL TP   https://t.me/+5oK7C5lST_I0ZmU0,BUY GOLD @ None,SUCCESS,Trade executed successfully on MT5,1789
2026-09-22 11:56:32,Account 2,Vault Gold Forex™,XAUUSD BUY    Click to see   ,BUY GOLD @ 4053.0,REJECTED,"R:R too low: 0.00x (need >= 1.5x). TP=4073.00, SL dist=0.00",1790
2026-09-22 11:59:52,Account 2,XAUUSD GOLD MASTER,Gold Sell @ 4356 Sl: @ 4366 TP: @ 4336 lot size 0.11 Confirm 94% https://t.me/+izItJfSEfjY3NWU0 https://t.me/+izItJfSEfjY3NWU0,SELL GOLD @ 4356.0,FAILED,MT5 execution failed — check broker logs,1791
2026-09-22 12:00:18,Account 2,XAUUSD GOLD MASTER,#XAUUSD / #Gold  CONFIRM ENTRY   I will delete link after two minutes   https://t.me/SUPERGOLDSIGNALS1 https://t.me/SUPERGOLDSIGNALS1   600+ PIPS TARG...,SELL GOLD @ 4068,REJECTED,SL too wide: 15.00 > 12.12 (1.5x ATR=8.08). Max risk exceeded.,1792
2026-09-22 12:02:29,Account 2,XAUUSD GOLD MASTER,# SELL 4330  TP 4290 SL HERE  https://t.me/+WvX-5zzaD85jZTBk  https://t.me/+xuU1XmD0Qzw2ODVk  https://t.me/+xuU1XmD0Qzw2ODVk LINK EXPIRED AFTER 2 MINT...,SELL GOLD @ 4330.0,FAILED,MT5 execution failed — check broker logs,1793
2026-09-22 12:03:26,Account 2,XAUUSD GOLD MASTER,XAUUSD SELL 4320,SELL GOLD @ 4320.0,FAILED,MT5 execution failed — check broker logs,1794
2026-09-22 12:08:31,Account 1,BEST FX XAUUSD GOLD TRADER,Gold BUY 4312_09  TP 4315 TP 4318 TP 4321 TP 4324 TP 4327 TP 4330 TP 4333 TP 4336  SL 4295,BUY GOLD @ 4312.09,REJECTED,SL too wide: 17.09 > 12.40 (1.5x ATR=8.27). Max risk exceeded.,1795
2026-09-22 12:13:45,Account 2,Grade Profit forex,GOLD SELL  4357  XAU USD SIGNAL  TARGET 500 PIPS  SL TP .             Please check  signal. https://t.me/+IrTn2UVDLhE5N2M0 https://t.me/+IrTn2UVDLhE5N...,SELL GOLD @ 4357.0,SUCCESS,Trade executed successfully on MT5,1796
2026-09-22 12:17:29,Account 2,XAUUSD GOLD MASTER, XAUUSD BUY         Click to see     https://t.me/+KkunQU3cswM2MDlk https://t.me/+KkunQU3cswM2MDlk,BUY GOLD @ 4041.0,SUCCESS,Trade executed successfully on MT5,1797
2026-09-22 12:22:33,Account 2,JOSEFINA TRADER0⚔️,Gold Sell @ 4351 Sl: @ 4361 TP: @ 4341 lot size 0.11 Confirm 99 %https://t.me/+7gxLki0gAT00MThk,SELL GOLD @ 4351.0,REJECTED,"R:R too low: 1.00x (need >= 1.5x). TP=4341.00, SL dist=10.00",1798
2026-09-22 12:25:44,Account 2,SureShot GOLD (VIP),XAUUSD BUY 4320.68  SL:  4310.68 TP:  4340.68 --Trade by Matthew,BUY GOLD @ 4320.68,SUCCESS,Trade executed successfully on MT5,1799
2026-09-22 12:26:23,Account 2,XAUUSD GOLD MASTER,GOLD SELL 4338/4342 TP1 4333 TP2 4325 TP3 4315 TP4 4300 Sl....4345  GOOD LUCK VIP FREE SINGLE   https://t.me/+QU9jcEH8IHZmZjFk  1 Year FREE JOIN  http...,SELL GOLD @ 4338.0,REJECTED,"R:R too low: 0.71x (need >= 1.5x). TP=4333.00, SL dist=7.00",1800
2026-09-22 12:30:38,Account 2,XAUUSD GOLD MASTER,Gold Buy @ 4320 Sl: @ 4310 TP: @ 4330 lot size 0.11 Confirm 99 %https://t.me/+7gxLki0gAT00MThk,BUY GOLD @ 4320.0,REJECTED,"R:R too low: 1.00x (need >= 1.5x). TP=4330.00, SL dist=10.00",1801
2026-09-22 12:30:55,Account 2,JOSEFINA TRADER0⚔️,Gold Buy @ 4320 Sl: @ 4310 TP: @ 4330 lot size 0.11 Confirm 99 %https://t.me/+7gxLki0gAT00MThk,BUY GOLD @ 4320.0,REJECTED,"R:R too low: 1.00x (need >= 1.5x). TP=4330.00, SL dist=10.00",1802
2026-09-22 12:32:27,Account 2,XAUUSD GOLD MASTER,GOLD NOW Confirmed signal   TP  TP  SL     3   ,BUY GOLD @ None,FAILED,MT5 execution failed — check broker logs,1803
2026-09-22 12:32:49,Account 2,XAUUSD GOLD MASTER,GOLD NOW Confirmed signal   TP  TP  SL     3   ,BUY GOLD @ None,FAILED,MT5 execution failed — check broker logs,1804
2026-09-22 12:37:10,Account 2,RIAOGOLDFOREX,XAUUSD BUY 4315,BUY GOLD @ 4315.0,FAILED,MT5 execution failed — check broker logs,1805
2026-09-22 12:38:01,Account 2,SureShot GOLD (VIP),XAUUSD BUY 4318.28  SL:  4308.28 TP:  4338.28 --Trade by Matthew,BUY GOLD @ 4318.28,FAILED,MT5 execution failed — check broker logs,1806
2026-09-22 12:39:24,Account 2,RIAOGOLDFOREX,XAUUSD BUY 4315  TP 4318  TP 4321  TP 4324  TP 4327  TP 4330  TP 4333  SL 4305,BUY GOLD @ 4315.0,REJECTED,"R:R too low: 0.30x (need >= 1.5x). TP=4318.00, SL dist=10.00",1807
2026-09-22 12:40:40,Account 2,XAUUSD GOLD MASTER,Gold Buy @ 4320 Sl: @ 4310 TP: @ 4330 lot size 0.11 Confirm 99 %https://t.me/+7gxLki0gAT00MThk,BUY GOLD @ 4320.0,REJECTED,"R:R too low: 1.00x (need >= 1.5x). TP=4330.00, SL dist=10.00",1808
2026-09-22 12:41:17,Account 2,XAUUSD GOLD MASTER,XAUUSD BUY 4335  TP 4338 TP 4341 TP 4344 TP 4347  SL 4325 https://t.me/+YEa0DccuYl81MDI8,BUY GOLD @ 4335.0,REJECTED,"R:R too low: 0.30x (need >= 1.5x). TP=4338.00, SL dist=10.00",1809
2026-09-22 12:48:30,Account 2,Swift Gold Forex, XAUUSD SELL. 4344-4342 I will delete the link after two minutes   https://t.me/+HZ7GDTALh7I3YTE0  #FOMC 600+ PIPS TARGET ,SELL GOLD @ 4344.0,REJECTED,"R:R too low: 1.00x (need >= 1.5x). TP=4342.00, SL dist=2.00",1810
2026-09-22 12:53:46,Account 2,Swift Gold Forex,XAUUSD SELL NOW 4330  TP  4320 TP  4310 TP  4300 SL  4340  ONLY 5 MEMBERS ALLOWED,SELL GOLD @ 4330.0,REJECTED,"R:R too low: 1.00x (need >= 1.5x). TP=4320.00, SL dist=10.00",1811
2026-09-22 12:56:09,Account 2,Swift Gold Forex,GOLD SELL 4335  TP 4330 TP 4325 TP 4320 TP 4315 TP 4310  SL here  https://t.me/+TqMQA8tKgEE0OTQ0 https://t.me/+TqMQA8tKgEE0OTQ0,SELL GOLD @ 4335.0,REJECTED,"R:R too low: 0.73x (need >= 1.5x). TP=4330.00, SL dist=6.81",1812
2026-09-22 12:58:16,Account 2,Grade Profit forex,GOLD NOW 4320  TP1 TP2 TP3 TP4 TP 5  SL  POSTED IN CHANNEL  JOIN FOR TP AND SL   https://t.me/+YAqd3o4mDiAyMWU0,SELL GOLD @ 4320.0,SUCCESS,Trade executed successfully on MT5,1813
2026-09-22 13:01:46,Account 2,XAUUSD GOLD MASTER,GOLD SELL 4338/4342 TP1 4333 TP2 4325 TP3 4315 TP4 4300 Sl....4345  GOOD LUCK VIP FREE SINGLE   https://t.me/+QU9jcEH8IHZmZjFk  1 Year FREE JOIN  http...,SELL GOLD @ 4338.0,REJECTED,"R:R too low: 0.71x (need >= 1.5x). TP=4333.00, SL dist=7.00",1814
2026-09-22 13:02:05,Account 2,Vault Gold Forex™,GOLD / XAUUSD  BIG SIGNAL  TARGET 200 PIPS  SL TP   https://t.me/+la4xEW7QXos2YmE0 https://t.me/+la4xEW7QXos2YmE0,SELL GOLD @ 4068.0,REJECTED,SL too wide: 15.00 > 13.11 (1.5x ATR=8.74). Max risk exceeded.,1815
2026-09-22 13:02:27,Account 2,Swift Gold Forex,XAUUSD BUY 4312  TP 4315 TP 4318 TP 4321 TP 4324  SL 4301,BUY GOLD @ 4312.0,REJECTED,"R:R too low: 0.27x (need >= 1.5x). TP=4315.00, SL dist=11.00",1816
2026-09-22 13:03:25,Account 2,SureShot GOLD (VIP),XAUUSD BUY 4309.54  SL:  4299.54 TP:  4329.54 --Trade by Matthew,BUY GOLD @ 4309.54,FAILED,MT5 execution failed — check broker logs,1817
2026-09-22 13:03:38,Account 2,XAUUSD GOLD MASTER,GOLD / XAUUSD  BIG SIGNAL  TARGET 200 PIPS  SL TP   https://t.me/+la4xEW7QXos2YmE0 https://t.me/+la4xEW7QXos2YmE0,SELL GOLD @ 4068.0,REJECTED,SL too wide: 15.00 > 13.29 (1.5x ATR=8.86). Max risk exceeded.,1818
2026-09-22 13:11:03,Account 2,Vault Gold Forex™,XAUUSD BUY 4335  TP 4338 TP 4341 TP 4344 TP 4347  SL 4325 https://t.me/+YEa0DccuYl81MDI8,BUY GOLD @ 4335.0,REJECTED,"R:R too low: 0.30x (need >= 1.5x). TP=4338.00, SL dist=10.00",1819
2026-09-22 13:11:24,Account 2,XAUUSD GOLD MASTER, #XAUUSD SELL NOW 4358   SL :#see in channal   TP: #see in channal   https://t.me/+NfzAIk-U_dY2Yjc0 https://t.me/+NfzAIk-U_dY2Yjc0  LINK EXPIRE IN 5 M...,SELL GOLD @ 4358.0,FAILED,MT5 execution failed — check broker logs,1820
2026-09-22 13:13:14,Account 2,XAUUSD GOLD MASTER,# SELL 4320  TP 4290 SL HERE  https://t.me/+WvX-5zzaD85jZTBk  https://t.me/+xuU1XmD0Qzw2ODVk  https://t.me/+xuU1XmD0Qzw2ODVk LINK EXPIRED AFTER 2 MINT...,SELL EURUSD @ 4320.0,REJECTED,Gold Lock: Symbol 'EURUSD' rejected. Gold only.,1821
2026-09-22 13:13:31,Account 2,XAUUSD GOLD MASTER,GOLD / XAUUSD  BIG SIGNAL  TARGET 200 PIPS  SL TP   https://t.me/+5oK7C5lST_I0ZmU0,BUY GOLD @ None,FAILED,MT5 execution failed — check broker logs,1822
2026-09-22 13:15:52,Account 1,Pump Dump Gold,"Dear Traders,  We are going to DUMP XAUUSD today.  DUMP XAUUSD  Level1  4310-4340 Risk  ??  Level2  ?? Risk  ??   Reason for SELL: Fundamental:  Fed a...",SELL GOLD @ 4310.0,REJECTED,SL too wide: 30.00 > 13.08 (1.5x ATR=8.72). Max risk exceeded.,1823
2026-09-22 13:18:43,Account 2,XAUUSD GOLD MASTER,Gold Buy @ 4310 Sl: @ 4296 TP: @ 4330 lot size 0.11 Confirm 99 %https://t.me/+7gxLki0gAT00MThk,BUY GOLD @ 4310.0,REJECTED,SL too wide: 14.00 > 13.45 (1.5x ATR=8.97). Max risk exceeded.,1824
2026-09-22 13:22:40,Account 2,Swift Gold Forex, GOLD SELL NOW   TP  TP  SL     3   ,SELL GOLD @ None,SUCCESS,Trade executed successfully on MT5,1825
2026-09-22 13:23:02,Account 2,SureShot GOLD (VIP),XAUUSD BUY 4304.26  SL:  4294.26 TP:  4324.26 --Trade by Mark,BUY GOLD @ 4304.26,FAILED,MT5 execution failed — check broker logs,1826
2026-09-22 13:23:15,Account 2,𝐗𝐀𝐔𝐔𝐒𝐃 𝐓𝐑𝐀𝐃𝐈𝐍𝐆 𝐌𝐀𝐒𝐓𝐄𝐑, GOLD SELL NOW   TP  TP  SL     3   ,SELL GOLD @ None,FAILED,MT5 execution failed — check broker logs,1827
2026-09-22 13:23:53,Account 2,XAUUSD GOLD MASTER,Check XAUUSD Done 4303,SELL GOLD @ 4303.0,FAILED,MT5 execution failed — check broker logs,1828
2026-09-22 13:25:36,Account 2,XAUUSD GOLD MASTER, GOLD SELL NOW   TP  TP  SL     3   ,SELL GOLD @ None,FAILED,MT5 execution failed — check broker logs,1829
2026-09-22 13:26:22,Account 2,Vault Gold Forex™,XAUUSD BUY 4300,BUY GOLD @ 4300.0,FAILED,MT5 execution failed — check broker logs,1830
2026-09-22 13:26:44,Account 2,𝙂𝙡𝙤𝙗𝙖𝙡 𝙂𝙤𝙡𝙙 𝙄𝙣𝙨𝙞𝙜𝙝𝙩𝙨,XAUUSD SELL NOW 4305.00   TP 1: 4300.00 TP 2: 4295.00 TP 3: 4290.00 TP 4: 4285.00  SL + 4315.00,SELL GOLD @ 4305.0,REJECTED,"R:R too low: 0.50x (need >= 1.5x). TP=4300.00, SL dist=10.00",1831
2026-09-22 13:27:09,Account 2,Vault Gold Forex™,XAUUSD BUY 4300  TP 4303 TP 4306 TP 4309 TP 4312 TP 4315  SL 4290,BUY GOLD @ 4300.0,REJECTED,"R:R too low: 0.30x (need >= 1.5x). TP=4303.00, SL dist=10.00",1832
2026-09-22 13:32:57,Account 1,XAUUSD ACCURATE SiGNALS,Gold again buy 4301/4300/limit   Sl 4295  Tp 4307  Tp 4314 Tp 4323/4332/4opn /opn  @Proazam1978,BUY GOLD @ 4301.0,REJECTED,"R:R too low: 1.00x (need >= 1.5x). TP=4307.00, SL dist=6.00",1833
2026-09-22 13:34:48,Account 2,Vault Gold Forex™,Gold Sell @ 4356 Sl: @ 4366 TP: @ 4336 lot size 0.11 Confirm 94% https://t.me/+syW1-sOtKPNhNmY0 https://t.me/+syW1-sOtKPNhNmY0,SELL GOLD @ 4356.0,SUCCESS,Trade executed successfully on MT5,1834
2026-09-22 13:36:27,Account 2,Grade Profit forex,Gold Sell @ 4356 Sl: @ 4366 TP: @ 4336 lot size 0.11 Confirm 94% https://t.me/+syW1-sOtKPNhNmY0 https://t.me/+syW1-sOtKPNhNmY0,SELL GOLD @ 4356.0,SUCCESS,Trade executed successfully on MT5,1835
2026-09-22 13:36:44,Account 2,Vault Gold Forex™,XAUUSD BUY 4335  TP 4338 TP 4341 TP 4344 TP 4347  SL 4325 https://t.me/+YEa0DccuYl81MDI8,BUY GOLD @ 4335.0,REJECTED,"R:R too low: 0.30x (need >= 1.5x). TP=4338.00, SL dist=10.00",1836
2026-09-22 13:41:55,Account 2,🌕 PERO | Forex - Investing ™,PLAN BUY 43054302 +100 PIPS (from todays planned support).  Bearish bias doesnt mean we cant trade a clean reaction   Secure some profit and keep the ...,SELL GOLD @ 4068.0,REJECTED,"R:R too low: 0.20x (need >= 1.5x). TP=4065.00, SL dist=15.00",1837
2026-09-22 13:43:22,Account 2,RIAOGOLDFOREX,XAUUSD SELL SELL  USE BIG LOT  SL & TP  https://t.me/+9_YR0OeQ2UViY2U8 https://t.me/+9_YR0OeQ2UViY2U8,SELL GOLD @ 4053.0,REJECTED,"R:R too low: 0.30x (need >= 1.5x). TP=4050.00, SL dist=10.00",1838
2026-09-22 13:44:48,Account 2,XAUUSD GOLD MASTER,GOLD / XAUUSD  BIG SIGNAL  TARGET 200 PIPS  SL TP   https://t.me/+5oK7C5lST_I0ZmU0,BUY GOLD @ None,SUCCESS,Trade executed successfully on MT5,1839
2026-09-22 13:47:24,Account 2,Vault Gold Forex™, GOLD SELL NOW   TP  TP  SL     3   ,SELL GOLD @ None,SUCCESS,Trade executed successfully on MT5,1840
2026-09-22 13:49:56,Account 2,RIAOGOLDFOREX,GOLD BUY NOW        SL  TP  HERE,BUY GOLD @ None,SUCCESS,Trade executed successfully on MT5,1841
2026-09-22 13:50:35,Account 2,Grade Profit forex,Gold Sell @ 4356 Sl: @ 4366 TP: @ 4336 lot size 0.11 Confirm 94% https://t.me/+syW1-sOtKPNhNmY0 https://t.me/+syW1-sOtKPNhNmY0,SELL GOLD @ 4356.0,FAILED,MT5 execution failed — check broker logs,1842
2026-09-22 13:53:02,Account 2,RIAOGOLDFOREX,XAUUSD BUY 4300,BUY GOLD @ 4300.0,FAILED,MT5 execution failed — check broker logs,1843
2026-09-22 13:53:22,Account 2,Grade Profit forex, #XAUUSD SELL NOW 4353   SL :#see in channal   TP: #see in channal  https://t.me/+jxQNZ1-2zwZjOTE0 https://t.me/+jxQNZ1-2zwZjOTE0  LINK EXPIRE IN 5 MN...,SELL GOLD @ 4353.0,SUCCESS,Trade executed successfully on MT5,1844
2026-09-22 13:54:20,Account 2,RIAOGOLDFOREX,XAUUSD BUY 4300  TP 4303  TP 4306  TP 4309  TP 4312  TP 4315  TP 4318  SL 4290,BUY GOLD @ 4300.0,REJECTED,"R:R too low: 0.30x (need >= 1.5x). TP=4303.00, SL dist=10.00",1845
2026-09-22 13:56:34,Account 2,SureShot GOLD (VIP),XAUUSD SELL 4302.24  SL:  4312.24 TP:  4282.24 --Trade by Liam,SELL GOLD @ 4302.24,SUCCESS,Trade executed successfully on MT5,1846
2026-09-22 14:03:03,Account 2,Grade Profit forex, #XAUUSD BUY NOW 4320   SL :#see in channal   TP: #see in channal   https://t.me/+zPwBvb6y8No5ZDdk https://t.me/+zPwBvb6y8No5ZDdk  LINK EXPIRE IN 5 MN...,SELL GOLD @ 4047.0,REJECTED,"R:R too low: 0.27x (need >= 1.5x). TP=4044.00, SL dist=11.00",1847
2026-09-22 14:10:44,Account 2,GOLD PRO TRADER ♨️,#GOLD BUY 4304.4300   TP1 : 4308 TP2 : 4312 TP3 : 4316 TP4: 4320 TP5...4324.4328   SL 4389,BUY GOLD @ 4304.43,REJECTED,SL too wide: 84.57 > 17.46 (1.5x ATR=11.64). Max risk exceeded.,1848
2026-09-22 14:15:42,Account 2,SureShot GOLD (VIP),XAUUSD SELL 4317.8  SL:  4327.8 TP:  4297.8 --Trade by Flynn,SELL GOLD @ 4317.8,SUCCESS,Trade executed successfully on MT5,1849
2026-09-22 14:25:47,Account 1,XAUUSD ACCURATE SiGNALS,Gold sell 4335/4340/ limit   Sl 4346  Tp 4315 Tp 4305 Tp 4300 Tp 4295/4285/opn  @Proazam1978,SELL GOLD @ 4335.0,SUCCESS,Trade executed successfully on MT5,1850
2026-09-22 14:33:33,Account 2,XAUUSD GOLD MASTER,GOLD / XAUUSD  BIG SIGNAL  TARGET 200 PIPS  SL TP   https://t.me/+5oK7C5lST_I0ZmU0,BUY GOLD @ None,FAILED,MT5 execution failed — check broker logs,1851
2026-09-22 15:01:17,Account 2,PipXpert - Forex Signals,XAU/USD  Direction: SELL  Entry Price:  4315.00  TP1       4312.00 TP2       4302.00 TP3       4292.00  SL        4334.00,SELL GOLD @ 4315.0,REJECTED,SL too wide: 19.00 > 16.74 (1.5x ATR=11.16). Max risk exceeded.,1852
2026-09-22 15:01:40,Account 2,Vault Gold Forex™,XAUUSD GOLD  I will delete the link after two minutes  https://t.me/+Y2Tv7LyeZmdkOWM0  600+ PIPS TARGET ,SELL GOLD @ 4047.0,REJECTED,"R:R too low: 0.27x (need >= 1.5x). TP=4044.00, SL dist=11.00",1853
2026-09-22 15:01:58,Account 2,Vault Gold Forex™,XAUUSD BUY    Click to see   ,BUY GOLD @ 4053.0,REJECTED,"R:R too low: 0.00x (need >= 1.5x). TP=4073.00, SL dist=0.00",1854
2026-09-22 15:02:25,Account 2,PipXpert - Forex Signals, XAU/USD Market Alert   Current market bias: Bearish  Pair: XAU/USD  Timeframes reviewed: 30M / 1H / 5H   Key reaction zone: 4315.00   This is the are...,SELL GOLD @ 4315.0,REJECTED,"R:R too low: 0.30x (need >= 1.5x). TP=4312.00, SL dist=10.00",1855
2026-09-22 15:02:50,Account 2,XAUUSD GOLD MASTER,XAUUSD BUY    Click to see   ,BUY GOLD @ 4053.0,REJECTED,"R:R too low: 0.00x (need >= 1.5x). TP=4073.00, SL dist=0.00",1856
2026-09-22 15:03:11,Account 2,XAUUSD GOLD MASTER,# BUY 4315_11  TP 4347 SL HERE  https://t.me/+WvX-5zzaD85jZTBk  https://t.me/+xuU1XmD0Qzw2ODVk  https://t.me/+xuU1XmD0Qzw2ODVk LINK EXPIRED AFTER 2 MI...,SELL EURUSD @ 4315.0,REJECTED,Gold Lock: Symbol 'EURUSD' rejected. Gold only.,1857
2026-09-22 15:03:32,Account 2,XAUUSD GOLD MASTER,Gold Buy @ 4367 Sl: @ 4357 TP: @ 4377 lot size 0.11 Confirm 99%  https://t.me/+bKAn5BdGPZgzNmM0 https://t.me/+bKAn5BdGPZgzNmM0,BUY GOLD @ 4367.0,REJECTED,"R:R too low: 1.00x (need >= 1.5x). TP=4377.00, SL dist=10.00",1858
2026-09-22 15:03:53,Account 2,Vault Gold Forex™,XAUUSD BUY    Click to see   ,BUY GOLD @ 4053.0,REJECTED,"R:R too low: 0.00x (need >= 1.5x). TP=4073.00, SL dist=0.00",1859
2026-09-22 15:04:28,Account 2,XAUUSD GOLD MASTER, GOLD SELL NOW   TP  TP  SL     3   ,SELL GOLD @ None,SUCCESS,Trade executed successfully on MT5,1860
2026-09-22 15:14:38,Account 2,Grade Profit forex, #XAUUSD BUY NOW 4320   SL :#see in channal   TP: #see in channal   https://t.me/+zPwBvb6y8No5ZDdk https://t.me/+zPwBvb6y8No5ZDdk  LINK EXPIRE IN 5 MN...,SELL GOLD @ 4047.0,REJECTED,"R:R too low: 0.27x (need >= 1.5x). TP=4044.00, SL dist=11.00",1861
2026-09-22 15:19:24,Account 2,Grade Profit forex,GOLD SELL NOW   SL   TP   HERE  https://t.me/+kKUiTpEc-GwzZWM0,SELL GOLD @ None,SUCCESS,Trade executed successfully on MT5,1862
2026-09-22 15:30:38,Account 2,Grade Profit forex,GOLD / XAUUSD BIG SIGNAL  TARGET 200 PIPS  SL TP   https://t.me/+zPwBvb6y8No5ZDdk https://t.me/+zPwBvb6y8No5ZDdk  ,SELL GOLD @ 4068.0,REJECTED,"R:R too low: 0.20x (need >= 1.5x). TP=4065.00, SL dist=15.00",1863
2026-09-22 15:39:19,Account 2,RIAOGOLDFOREX,GOLD BUY NOW        SL  TP  HERE,BUY GOLD @ None,SUCCESS,Trade executed successfully on MT5,1864
2026-09-22 15:44:19,Account 1,𝐗𝐀𝐔𝐔𝐒𝐃 𝐕𝐈𝐏 𝐒𝐈𝐆𝐍𝐀𝐋𝐒,GOLD SELL NOW 4335,SELL GOLD @ 4335.0,SUCCESS,Trade executed successfully on MT5,1865
2026-09-22 15:44:51,Account 1,𝐗𝐀𝐔𝐔𝐒𝐃 𝐕𝐈𝐏 𝐒𝐈𝐆𝐍𝐀𝐋𝐒,#GOLD SELL 4335/4340  TP 4330 TP 4325 TP 4320 TP 4300 Confim  SL 4347  Use According To Your Account Equity Leve,SELL GOLD @ 4335.0,REJECTED,"R:R too low: 0.42x (need >= 1.5x). TP=4330.00, SL dist=12.00",1866
2026-09-22 15:48:20,Account 2,Grade Profit forex,GOLD / XAUUSD BIG SIGNAL  TARGET 200 PIPS  SL TP   https://t.me/+zPwBvb6y8No5ZDdk https://t.me/+zPwBvb6y8No5ZDdk  ,SELL GOLD @ 4068.0,REJECTED,"R:R too low: 0.20x (need >= 1.5x). TP=4065.00, SL dist=15.00",1867
2026-09-22 15:51:11,Account 2,Grade Profit forex,GOLD BUY 4330 TP4333 TP4336 TP4339 TP4342 TP 4345  SL4318,BUY GOLD @ 4330.0,REJECTED,"R:R too low: 0.25x (need >= 1.5x). TP=4333.00, SL dist=12.00",1868
2026-09-22 15:51:33,Account 2,RIAOGOLDFOREX,XAUUSD SELL   All TP SL   TARGET 500+ PIPS   https://t.me/+nLP4ceUUsiBhODg0  https://t.me/+J37hQVD_RQY0NDlk  Open for only 2 minutes ,SELL GOLD @ 4047.0,REJECTED,"R:R too low: 0.27x (need >= 1.5x). TP=4044.00, SL dist=11.00",1869
2026-09-22 15:51:47,Account 2,Grade Profit forex,GOLD BUY 4330  TP4333 TP4336 TP4339 TP4342 TP 4345  SL4318,BUY GOLD @ 4330.0,REJECTED,"R:R too low: 0.25x (need >= 1.5x). TP=4333.00, SL dist=12.00",1870
2026-09-22 15:59:09,Account 2,RIAOGOLDFOREX,XAUUSD SELL   All TP SL   TARGET 500+ PIPS   https://t.me/+nLP4ceUUsiBhODg0  https://t.me/+J37hQVD_RQY0NDlk  Open for only 2 minutes ,SELL GOLD @ 4047.0,REJECTED,"R:R too low: 0.27x (need >= 1.5x). TP=4044.00, SL dist=11.00",1871
2026-09-22 16:01:30,Account 2,RIAOGOLDFOREX,XAUUSD SELL NOW,SELL GOLD @ 4047.0,REJECTED,"R:R too low: 0.27x (need >= 1.5x). TP=4044.00, SL dist=11.00",1872
2026-09-22 16:03:07,Account 2,Market Trader Crypto Forex,GBPNZD Long Trade   👇👇👇👇  https://affs.click/xnqPA PATNER CODE (663WF),"BUY GBPNZD @ 2.32976 (SL: 2.32626, TP: 2.33576)",BUY,GBPNZD,2.32976,2.32626,2.33576,SUCCESS,Executed Market Trader Setup
2026-09-22 16:04:49,Account 2,Swift Gold Forex, GOLD SELL NOW   TP  TP  SL     3   ,SELL GOLD @ None,SUCCESS,Trade executed successfully on MT5,1874
2026-09-22 16:05:20,Account 2,RIAOGOLDFOREX,Gold Sell @ 4285 Sl: @ 4295 TP: @ 4250 lot size 0.11 Confirm 94% https://t.me/+jOrrwLbzegk2MmJk https://t.me/+jOrrwLbzegk2MmJk,SELL GOLD @ 4285.0,FAILED,MT5 execution failed — check broker logs,1875
2026-09-22 16:07:11,Account 2,Vault Gold Forex™,GOLD BUY 4327  TP 4332 TP 4337 TP 4342  Sl here  https://t.me/+Jvj6Vp4rdmwwOGQ8 https://t.me/+Jvj6Vp4rdmwwOGQ8,BUY GOLD @ 4327.0,REJECTED,"R:R too low: 0.51x (need >= 1.5x). TP=4332.00, SL dist=9.80",1876
2026-09-22 16:08:48,Account 2,Swift Gold Forex,GOLD BUY 4327  TP 4332 TP 4337 TP 4342  Sl here  https://t.me/+Jvj6Vp4rdmwwOGQ8 https://t.me/+Jvj6Vp4rdmwwOGQ8,BUY GOLD @ 4327.0,REJECTED,"R:R too low: 0.51x (need >= 1.5x). TP=4332.00, SL dist=9.86",1877
2026-09-22 16:11:11,Account 2,Sureshot FX VIP,GBPAUD BUY 1.8789  SL:  1.8739 TP:  1.8889 --Trade by Flynn,BUY GBPAUD @ 1.8789,REJECTED,Gold Lock: Symbol 'GBPAUD' rejected. Gold only.,1878
2026-09-22 16:13:27,Account 2,Swift Gold Forex,XAUUSD BUY 4328  TP 4331 TP 4334 TP 4337 TP 4340  SL 4318,BUY GOLD @ 4328.0,REJECTED,"R:R too low: 0.30x (need >= 1.5x). TP=4331.00, SL dist=10.00",1879
2026-09-22 16:16:33,Account 2,Grade Profit forex, #XAUUSD SELL NOW 4330   SL :#see in channal   TP: #see in channal   https://t.me/+zPwBvb6y8No5ZDdk https://t.me/+zPwBvb6y8No5ZDdk  LINK EXPIRE IN 5 M...,SELL GOLD @ 4330.0,SUCCESS,Trade executed successfully on MT5,1880
2026-09-22 16:21:35,Account 2,Market Trader Crypto Forex,Sl ctc kar lijiye. if it's goes below cost then exit.,"MODIFY_BREAKEVEN GBPNZD @ 0 (SL: 0, TP: 0)",MODIFY_BREAKEVEN,GBPNZD,0,0,0,SUCCESS,"SL moved to entry, closed 40%"
2026-09-22 16:23:57,Account 2,Sureshot FX VIP,USDJPY SELL 156.98  SL:  157.48 TP:  155.98 --Trade by Flynn,SELL USDJPY @ 156.98,REJECTED,Gold Lock: Symbol 'USDJPY' rejected. Gold only.,1882
2026-09-22 16:34:18,Account 2,Swift Gold Forex,GOLD SELL 4335  TP 4330 TP 4325 TP 4320 TP 4315 TP 4310  SL here  https://t.me/+TqMQA8tKgEE0OTQ0 https://t.me/+TqMQA8tKgEE0OTQ0,SELL GOLD @ 4335.0,REJECTED,"R:R too low: 0.51x (need >= 1.5x). TP=4330.00, SL dist=9.89",1883
2026-09-22 16:37:44,Account 2,Swift Gold Forex, GOLD SELL NOW   TP  TP  SL     3   ,SELL GOLD @ None,SUCCESS,Trade executed successfully on MT5,1884
2026-09-22 16:44:40,Account 2,XAUUSD GOLD MASTER,#XAUUSD / #Gold  CONFIRM ENTRY   I will delete link after two minutes   https://t.me/SUPERGOLDSIGNALS1 https://t.me/SUPERGOLDSIGNALS1   600+ PIPS TARG...,SELL GOLD @ 4068,REJECTED,"R:R too low: 0.20x (need >= 1.5x). TP=4065.00, SL dist=15.00",1885
2026-09-22 16:46:55,Account 2,Market Trader Crypto Forex,GBPNZD Book 60% Profit. 300 Pips Done 🫠🫠🫠🫠.,"BOOK_PROFIT GBPNZD @ 0 (SL: 0, TP: 0)",BOOK_PROFIT,GBPNZD,0,0,0,SUCCESS,Booked 60% profit on target hit
2026-09-22 16:50:14,Account 2,Sureshot FX VIP,EURNZD BUY 1.9996  SL:  1.9946 TP:  2.0096 --Trade by David,BUY EURNZD @ 1.9996,REJECTED,Gold Lock: Symbol 'EURNZD' rejected. Gold only.,1887
2026-09-22 17:08:12,Account 2,XAUUSD VIP SIGNAL,XAUUSD BUY NOW @ 4316 MORE BUY @ 4312  TP : 4320 TP : 4324 TP : 4328 TP : 4332 TP : 4336 TP : 4340 TP : 4344  SL : 4300,BUY GOLD @ 4316.0,REJECTED,"R:R too low: 0.25x (need >= 1.5x). TP=4320.00, SL dist=16.00",1888
2026-09-22 17:09:23,Account 2,JOSEFINA TRADER0⚔️,XAUUSD BUY 4317,BUY GOLD @ 4317.0,SUCCESS,Trade executed successfully on MT5,1889
2026-09-22 17:09:25,Account 2,RIAOGOLDFOREX,XAUUSD SELL NOW 4370  TP? Sl?  Only here  https://t.me/+T5iKoNs5wGs0YTQ8,SELL GOLD @ 4370.0,FAILED,MT5 execution failed — check broker logs,1890
2026-09-22 17:10:11,Account 2,JOSEFINA TRADER0⚔️,XAUUSD BUY 4317 TP 4320 TP 4323 TP 4326 TP 4329 TP 4332 SL 4307 ,BUY GOLD @ 4317.0,REJECTED,"R:R too low: 0.30x (need >= 1.5x). TP=4320.00, SL dist=10.00",1891
2026-09-22 17:13:28,Account 2,JOSEFINA TRADER0⚔️, XAUUSD SELL. 4322-4320 I will delete the link after two minutes   https://t.me/+XUFi76TUiCliYjA0 #FOMC 600+ PIPS TARGET ,SELL GOLD @ 4322.0,REJECTED,"R:R too low: 0.00x (need >= 1.5x). TP=4322.00, SL dist=2.00",1892
2026-09-22 17:18:15,Account 2,XAUUSD GOLD MASTER,XAUUSD SELL 4313  TP 4310 TP 4307 TP 4304 TP 4301 TP 4298  SL 4325,SELL GOLD @ 4313.0,REJECTED,"R:R too low: 0.25x (need >= 1.5x). TP=4310.00, SL dist=12.00",1893
2026-09-22 17:18:34,Account 2,RIAOGOLDFOREX,GOLD BUY NOW        SL  TP  HERE,N/A,FAILED,Trigger could not parse a valid trade structure from this signal,1894
2026-09-22 17:18:36,Account 2,RIAOGOLDFOREX,XAUUSD SELL NOW,N/A,FAILED,Trigger could not parse a valid trade structure from this signal,1895
2026-09-22 17:18:38,Account 2,XAUUSD GOLD MASTER,XAUUSD SELL 4313,N/A,FAILED,Trigger could not parse a valid trade structure from this signal,1896
2026-09-22 17:21:21,Account 2,JOSEFINA TRADER0⚔️, GOLD SELL NOW   TP  TP  SL     3   ,SELL GOLD @ None,SUCCESS,Trade executed successfully on MT5,1897
2026-09-22 17:24:20,Account 2,Vault Gold Forex™, GOLD SELL NOW   TP  TP  SL     3   ,SELL GOLD @ None,FAILED,MT5 execution failed — check broker logs,1898
2026-09-22 17:28:52,Account 2,JOSEFINA TRADER0⚔️, XAUUSDSELL         Click to see      https://t.me/+ELyBA63ZBIBmNGM0 https://t.me/+ELyBA63ZBIBmNGM0,SELL GOLD @ 4068,REJECTED,"R:R too low: 0.20x (need >= 1.5x). TP=4065.00, SL dist=15.00",1899
2026-09-22 17:35:10,Account 2,Vault Gold Forex™, XAUUSDSELL         Click to see      https://t.me/+ELyBA63ZBIBmNGM0 https://t.me/+ELyBA63ZBIBmNGM0,SELL GOLD @ 4068,REJECTED,SL too wide: 15.00 > 14.69 (1.5x ATR=9.79). Max risk exceeded.,1900
2026-09-22 17:44:55,Account 2,Vault Gold Forex™, GOLD SELL NOW   TP  TP  SL     3   ,SELL GOLD @ None,SUCCESS,Trade executed successfully on MT5,1901
2026-09-22 17:46:00,Account 2,JOSEFINA TRADER0⚔️, GOLD SELL NOW   TP  TP  SL     3   ,SELL GOLD @ None,FAILED,MT5 execution failed — check broker logs,1902
2026-09-22 17:46:47,Account 2,Vault Gold Forex™,XAUUSD GOLD  I will delete the link after two minutes  https://t.me/+Y2Tv7LyeZmdkOWM0  600+ PIPS TARGET ,SELL GOLD @ 4068,REJECTED,SL too wide: 15.00 > 13.17 (1.5x ATR=8.78). Max risk exceeded.,1903
2026-09-22 17:51:41,Account 2,Grade Profit forex,GOLD SELL  4357  XAU USD SIGNAL  TARGET 500 PIPS  SL TP .             Please check  signal. https://t.me/+IrTn2UVDLhE5N2M0 https://t.me/+IrTn2UVDLhE5N...,SELL GOLD @ 4357.0,FAILED,MT5 execution failed — check broker logs,1904
2026-09-22 18:02:00,Account 2,🌕 PERO | Forex - Investing ™,SELL 43424345 +100 PIPS   Anyone looking closely at the last chart?   That setup wasnt there by accident.,SELL GOLD @ 43424345.0,REJECTED,Price sanity fail: entry 43424345.0 is 999781.3% from live 4342.95000,1905
2026-09-22 18:03:02,Account 2,SureShot GOLD (VIP),XAUUSD SELL 4341.09  SL:  4351.09 TP:  4321.09 --Trade by Flynn,SELL GOLD @ 4341.09,SUCCESS,Trade executed successfully on MT5,1906
2026-09-22 18:03:34,Account 2,Perfect Management,#XAUUSD     SELL   4337   Sl       4348  ¹TP      4333 ²TP      4329 ³TP      4325 ⁴TP      4321 ⁵TP,"SELL GOLD @ 4339.42 (SL: 4348.0, TP: 4313.0)",SELL,GOLD,4339.42,4348.0,4313.0,SUCCESS,Executed with AI Runner TSL
2026-09-22 18:08:05,Account 2,RIAOGOLDFOREX,GOLD / XAUUSD  BIG SIGNAL  TARGET 200 PIPS  SL TP  8k https://t.me/+dNO8hIh8bUNkN2I8 FAST OPEN FOR 3 MINUTES  ok my,BUY GOLD @ 8000.0,REJECTED,SL too wide: 1000.00 > 14.36 (1.5x ATR=9.57). Max risk exceeded.,1908
2026-09-22 18:14:13,Account 2,XAUUSD GOLD MASTER,XAUUSD SELL 4340,SELL GOLD @ 4340.0,SUCCESS,Trade executed successfully on MT5,1909
2026-09-22 18:14:40,Account 2,XAUUSD GOLD MASTER,XAUUSD SELL 4340  TP 4437 TP 4334 TP 4341 TP 4328 TP 4325  SL 4352,SELL GOLD @ 4340.0,SUCCESS,Trade executed successfully on MT5,1910
2026-09-22 18:14:58,Account 2,RIAOGOLDFOREX,XAUUSD SELL NOW,SELL GOLD @ 4047.0,REJECTED,"R:R too low: 0.27x (need >= 1.5x). TP=4044.00, SL dist=11.00",1911
2026-09-22 18:23:32,Account 2,JOSEFINA TRADER0⚔️,GOLD / XAUUSD  BIG SIGNAL  TARGET 200 PIPS  SL TP  8k https://t.me/+dNO8hIh8bUNkN2I8 FAST OPEN FOR 3 MINUTES  ok my,BUY GOLD @ 8000.0,REJECTED,SL too wide: 1000.00 > 14.24 (1.5x ATR=9.49). Max risk exceeded.,1912
2026-09-22 18:26:49,Account 2,Perfect Management,#XAUUSD          SELL  TP¹ HIT DONE 40+ PIPS,"BREAKEVEN GOLD @ 0 (SL: 0, TP: 0)",BREAKEVEN,GOLD,0,0,0,SUCCESS,TP1 Hit -> Moved SL to entry
2026-09-22 18:28:09,Account 2,Perfect Management,#XAUUSD          SELL  TP² HIT DONE 80+ PIPS,"BREAKEVEN GOLD @ 0 (SL: 0, TP: 0)",BREAKEVEN,GOLD,0,0,0,NO_OPEN_ORDER,TP1 Hit -> Moved SL to entry
2026-09-22 18:28:36,Account 2,JOSEFINA TRADER0⚔️,XAUUSD BUY 4335,BUY GOLD @ 4335.0,SUCCESS,Trade executed successfully on MT5,1915
2026-09-22 18:30:02,Account 2,JOSEFINA TRADER0⚔️,XAUUSD BUY 4335 TP 4338 TP 4341 TP 4344 TP 4347 TP 4350 SL 4325 ,BUY GOLD @ 4335.0,REJECTED,"R:R too low: 0.30x (need >= 1.5x). TP=4338.00, SL dist=10.00",1916
2026-09-22 18:41:52,Account 2,XAUUSD GOLD MASTER, GOLD SELL NOW   TP  TP  SL     3   ,SELL GOLD @ None,FAILED,MT5 execution failed — check broker logs,1917
2026-09-22 18:42:58,Account 2,JOSEFINA TRADER0⚔️,GOLD SELL NOW   SL   TP   HERE  https://t.me/+kKUiTpEc-GwzZWM0,SELL GOLD @ None,FAILED,MT5 execution failed — check broker logs,1918
2026-09-22 18:44:22,Account 1,𝕀𝕟𝕕𝕖𝕩 𝕋𝕣𝕒𝕕𝕚𝕟𝕘 𝕊𝕔𝕙𝕠𝕠𝕝 (𝔸𝕟𝕒𝕝𝕪𝕤𝕚𝕤 & 𝕀𝕟𝕕𝕚𝕔𝕖𝕔 𝐼𝓃𝒹𝑒𝓍 𝒯𝓇𝒶𝒹𝒾𝓃𝑔 𝒮𝒸𝒽𝑜𝑜𝓁 (,$XAUUSD BUY 4320   TP 4324 TP 4328 TP 4333 TP 4338 TP 4343  SL. 4309.00  Ues Proper M M,BUY GOLD @ 4320.0,REJECTED,"R:R too low: 0.36x (need >= 1.5x). TP=4324.00, SL dist=11.00",1919
2026-09-22 18:46:02,Account 2,XAUUSD GOLD MASTER, GOLD SELL NOW   TP  TP  SL     3   ,SELL GOLD @ None,FAILED,MT5 execution failed — check broker logs,1920
2026-09-22 18:46:16,Account 2,XAUUSD GOLD MASTER,XAUUSD gold 4340 I will delete the link After two minutes   https://t.me/+tV9EU0LeynVkMDhk https://t.me/+tV9EU0LeynVkMDhk   500+ PIPS TARGET ,SELL GOLD @ 4340.0,FAILED,MT5 execution failed — check broker logs,1921
2026-09-22 18:51:19,Account 2,Swift Gold Forex, GOLD SELL NOW   TP  TP  SL     3   ,SELL GOLD @ None,SUCCESS,Trade executed successfully on MT5,1922
2026-09-22 18:51:42,Account 2,XAUUSD GOLD MASTER,GOLD SELL NOW   SL   TP   HERE  https://t.me/+kKUiTpEc-GwzZWM0,SELL GOLD @ None,FAILED,MT5 execution failed — check broker logs,1923
2026-09-22 18:52:11,Account 2,XAUUSD GOLD MASTER,           90%  GOLD NAS US30   https://t.me/+BHeLsHLhucwwYTk0,BUY GOLD @ None,FAILED,MT5 execution failed — check broker logs,1924
2026-09-22 18:52:35,Account 2,XAUUSD GOLD MASTER, GOLD SELL NOW   TP  TP  SL     3   ,SELL GOLD @ None,FAILED,MT5 execution failed — check broker logs,1925
2026-09-22 18:53:55,Account 2,JOSEFINA TRADER0⚔️,GOLD SELL NOW   SL   TP   HERE  https://t.me/+kKUiTpEc-GwzZWM0,SELL GOLD @ None,FAILED,MT5 execution failed — check broker logs,1926
2026-09-22 18:55:53,Account 2,JOSEFINA TRADER0⚔️,           90%  GOLD NAS US30   https://t.me/+BHeLsHLhucwwYTk0,BUY GOLD @ None,SUCCESS,Trade executed successfully on MT5,1927
2026-09-22 19:08:36,Account 2,ALTO FX,XAUUSD SELL 4335 4339  TP 4331 TP 4328 TP 4324 TP 4320 Tp. 4318 SL 4352,SELL GOLD @ 4335.0,REJECTED,SL too wide: 17.00 > 13.85 (1.5x ATR=9.23). Max risk exceeded.,1928
2026-09-22 19:08:48,Account 2,XAUUSD GOLD MASTER,           90%  GOLD NAS US30   https://t.me/+BHeLsHLhucwwYTk0,BUY GOLD @ None,SUCCESS,Trade executed successfully on MT5,1929
2026-09-22 19:09:31,Account 2,Grade Profit forex,XAUUSD GOLD  I will delete the link after two minutes  https://t.me/+Y2Tv7LyeZmdkOWM0  600+ PIPS TARGET ,SELL GOLD @ 4068,REJECTED,SL too wide: 15.00 > 13.85 (1.5x ATR=9.23). Max risk exceeded.,1930
2026-09-22 19:16:47,Account 2,XAUUSD GOLD MASTER,Check XAUUSD Done 4325,SELL GOLD @ 4325.0,SUCCESS,Trade executed successfully on MT5,1931
2026-09-22 19:20:20,Account 2,XAUUSD GOLD MASTER, GOLD SELL NOW   TP  TP  SL     3   ,SELL GOLD @ None,SUCCESS,Trade executed successfully on MT5,1932
2026-09-22 19:21:04,Account 1,XAUUSD ACCURATE SiGNALS,Gold sell 4344/4345/ limit   Sl 4355  Tp 4325 Tp 4315 Tp 4305 Tp 4295/4285/4265/opn  @Proazam1978,SELL GOLD @ 4344.0,FAILED,MT5 execution failed — check broker logs,1933
2026-09-22 19:25:54,Account 2,XAUUSD GOLD MASTER, GOLD SELL NOW   TP  TP  SL     3   ,SELL GOLD @ None,SUCCESS,Trade executed successfully on MT5,1934
2026-09-22 19:31:13,Account 2,Grade Profit forex, XAUUSD BUY 4337_4347  TP SL  CLICK TO SEE   https://t.me/+gljMhFVwmDEzMzg0,BUY GOLD @ 4337.0,SUCCESS,Trade executed successfully on MT5,1935
2026-09-22 19:31:39,Account 2,RIAOGOLDFOREX, XAUUSD SELL. 4330-4328 I will delete the link after two minutes   https://t.me/+jvc-tiKJ444zMDM8 https://telegram.me/+0qA7LC40jm81YmFk  #FOMC 600+ PI...,SELL GOLD @ 4330.0,SUCCESS,Trade executed successfully on MT5,1936
2026-09-22 20:06:41,Account 2,XAUUSD GOLD MASTER,XAUUSD SELL 4333,SELL GOLD @ 4333.0,SUCCESS,Trade executed successfully on MT5,1937
2026-09-22 20:07:07,Account 2,XAUUSD GOLD MASTER,XAUUSD SELL 4333  TP 4330 TP 4327 TP 4324 TP 4321 TP 4318  SL 4345,SELL GOLD @ 4333.0,REJECTED,"R:R too low: 0.25x (need >= 1.5x). TP=4330.00, SL dist=12.00",1938
2026-09-22 20:24:40,Account 2,Grade Profit forex,XAUUSD GOLD  I will delete the link after two minutes  https://t.me/+Y2Tv7LyeZmdkOWM0  600+ PIPS TARGET ,SELL GOLD @ 4047.0,REJECTED,"R:R too low: 0.27x (need >= 1.5x). TP=4044.00, SL dist=11.00",1939
2026-09-22 20:28:47,Account 2,Swift Gold Forex,XAUUD Sell 4338 TP 4335 TP 4332 TP 4329 TP 4326 TP 4323  https://t.me/+lre6Nxnu3g0wZjg0 https://t.me/+lre6Nxnu3g0wZjg0,SELL GOLD @ 4338.0,SUCCESS,Trade executed successfully on MT5,1940
2026-09-22 20:29:46,Account 2,XAUUSD GOLD MASTER,XAUUSD BUY 4326  TP 4329 TP 4332 TP 4335 TP 4338 TP 4341 TP 4344 TP 4347 TP 4350  Confirm SL here ,BUY GOLD @ 4326,REJECTED,"R:R too low: 0.33x (need >= 1.5x). TP=4329.00, SL dist=9.08",1941
2026-09-22 20:34:32,Account 2,XAUUSD GOLD MASTER,XAUUSD Buy now      Click to see ,BUY GOLD @ 4047.0,REJECTED,"R:R too low: 0.27x (need >= 1.5x). TP=4044.00, SL dist=11.00",1942
2026-09-22 20:51:33,Account 2,Vault Gold Forex™,Gold Sell @ 4356 Sl: @ 4366 TP: @ 4336 lot size 0.11 Confirm 94% https://t.me/+izItJfSEfjY3NWU0 https://t.me/+izItJfSEfjY3NWU0,SELL GOLD @ 4356.0,SUCCESS,Trade executed successfully on MT5,1943
2026-09-22 20:54:24,Account 2,Vault Gold Forex™,XAUUSD GOLD  I will delete the link after two minutes  https://t.me/+Y2Tv7LyeZmdkOWM0  600+ PIPS TARGET ,SELL GOLD @ 4068,REJECTED,"R:R too low: 0.20x (need >= 1.5x). TP=4065.00, SL dist=15.00",1944
2026-09-22 21:00:05,Account 2,JOSEFINA TRADER0⚔️,Gold Now... 4330  Sellllllllllllllllllllllllllllllll  OR Buyyyyyyyyyyyyyyyyy  CONFIRM ENTRY HERE  https://t.me/+QrZxqPPnelRlNDlk https://t.me/+QrZxqPP...,BUY GOLD @ 4330,SUCCESS,Trade executed successfully on MT5,1945
2026-09-22 21:22:55,Account 2,Vault Gold Forex™, GOLD SELL NOW   TP  TP  SL     3   ,SELL GOLD @ None,FAILED,MT5 execution failed — check broker logs,1946
2026-09-22 21:24:24,Account 2,Grade Profit forex,XAUUSD SELL    Click to see   ,SELL GOLD @ 4047.0,REJECTED,"R:R too low: 0.27x (need >= 1.5x). TP=4044.00, SL dist=11.00",1947
2026-09-22 21:35:38,Account 2,RIAOGOLDFOREX, GOLD SELL NOW   TP  TP  SL     3   ,SELL GOLD @ None,FAILED,MT5 execution failed — check broker logs,1948
2026-09-22 21:43:51,Account 2,RIAOGOLDFOREX, GOLD SELL NOW   TP  TP  SL     3   ,SELL GOLD @ None,FAILED,MT5 execution failed — check broker logs,1949
2026-09-22 21:47:43,Account 2,JOSEFINA TRADER0⚔️, GOLD SELL NOW   TP  TP  SL     3   ,SELL GOLD @ None,FAILED,MT5 execution failed — check broker logs,1950
2026-09-22 22:06:56,Account 2,Swift Gold Forex,Gold Sell @ 4337 Sl: @ 4347 TP: @ 4327 lot size 0.11 Confirm 94% https://t.me/+qQLlnvXfs_1iN2Zk https://t.me/+qQLlnvXfs_1iN2Zk,SELL GOLD @ 4337.0,REJECTED,"R:R too low: 1.00x (need >= 1.5x). TP=4327.00, SL dist=10.00",1951
2026-09-22 22:07:26,Account 2,RIAOGOLDFOREX,XAUUSD SELL NOW,SELL GOLD @ 4047.0,REJECTED,"R:R too low: 0.27x (need >= 1.5x). TP=4044.00, SL dist=11.00",1952
2026-09-22 22:08:02,Account 2,JOSEFINA TRADER0⚔️, GOLD SELL NOW   TP  TP  SL     3   ,SELL GOLD @ None,FAILED,MT5 execution failed — check broker logs,1953
2026-09-22 22:10:03,Account 2,Vault Gold Forex™, GOLD SELL NOW   TP  TP  SL     3   ,SELL GOLD @ None,FAILED,MT5 execution failed — check broker logs,1954
2026-09-22 22:14:08,Account 2,JOSEFINA TRADER0⚔️,GOLD BUY NOW        SL  TP  HERE,BUY GOLD @ None,FAILED,MT5 execution failed — check broker logs,1955
2026-09-22 22:28:22,Account 2,Vault Gold Forex™, GOLD SELL NOW   TP  TP  SL     3   ,SELL GOLD @ None,FAILED,MT5 execution failed — check broker logs,1956
2026-09-22 22:31:38,Account 2,GOLD Trader Dan,NY session sell trade! 1/5 RR trade! XAUUSD SMASHED TP 300 PIPS ,SELL GOLD @ 300.0,REJECTED,Price sanity fail: entry 300.0 is 93.1% from live 4336.61000,1957
2026-09-22 22:32:03,Account 2,GOLD Trader Dan,BUY LIMIT WAS ACTIVATED! 1/5 RR! XAUUSD SMASHED TP 530 PIPS ,SELL GOLD @ 530.0,REJECTED,Price sanity fail: entry 530.0 is 87.8% from live 4336.52000,1958
2026-09-22 22:32:27,Account 2,JOSEFINA TRADER0⚔️, XAUUSD BUY 4337_4347  TP SL  CLICK TO SEE  https://t.me/+qAuHW7EOAgkzN2M8 https://t.me/+qAuHW7EOAgkzN2M8,BUY GOLD @ 4337.0,FAILED,MT5 execution failed — check broker logs,1959
2026-09-22 22:37:14,Account 2,JOSEFINA TRADER0⚔️,XAUUSD SELL 4340,SELL GOLD @ 4340.0,FAILED,MT5 execution failed — check broker logs,1960
2026-09-22 22:39:54,Account 2,JOSEFINA TRADER0⚔️,XAUUSD SELL 4340 TP 4337 TP 4334 TP 4331 TP 4328 TP 4325 SL 4350 ,SELL GOLD @ 4340.0,REJECTED,"R:R too low: 0.30x (need >= 1.5x). TP=4337.00, SL dist=10.00",1961
2026-09-22 23:02:44,Account 2,GOLD Snipers,S1 XAUUSD SMASH / TPS 160 PIPS!,SELL GOLD @ 4068.0,REJECTED,SL too wide: 15.00 > 12.63 (1.5x ATR=8.42). Max risk exceeded.,1962
2026-09-22 23:03:35,Account 2,GOLD Snipers,S2/XAUUSD SMASH / TPS 170 PIPS!,SMASH GOLD @ None,FAILED,MT5 execution failed — check broker logs,1963
2026-09-22 23:03:59,Account 2,GOLD Snipers,S3/XAUUSD SMASH / TPS 100 PIPS!,SMASH GOLD @ None,FAILED,MT5 execution failed — check broker logs,1964
2026-09-22 23:05:34,Account 2,GOLD Snipers,S4/XAUUSD SMASH / TPS 270 PIPS!,SMASH GOLD @ None,FAILED,MT5 execution failed — check broker logs,1965
2026-09-22 23:06:42,Account 2,GOLD Snipers,S5/ XAUUSD SMASH / TPS 220 PIPS!,SMASH S5 @ None,REJECTED,Gold Lock: Symbol 'S5' rejected. Gold only.,1966
2026-09-22 23:09:31,Account 2,GOLD Snipers,S6/XAUUSD SMASH / TPS 160 PIPS!,SMASH GOLD @ None,FAILED,MT5 execution failed — check broker logs,1967
2026-09-22 23:11:08,Account 2,Vault Gold Forex™,XAUUSD SELL now      Click to see ,SELL GOLD @ 4047.0,REJECTED,"R:R too low: 0.27x (need >= 1.5x). TP=4044.00, SL dist=11.00",1968
2026-09-22 23:29:14,Account 2,Vault Gold Forex™,XAUUSD GOLD  I will delete the link after two minutes  https://t.me/+Y2Tv7LyeZmdkOWM0  600+ PIPS TARGET ,SELL GOLD @ 4047.0,REJECTED,"R:R too low: 0.27x (need >= 1.5x). TP=4044.00, SL dist=11.00",1969
2026-09-23 00:59:34,Account 2,RIAOGOLDFOREX,XAUUSD SELL 4359,SELL GOLD @ 4359.0,SUCCESS,Trade executed successfully on MT5,1970
2026-09-23 01:00:25,Account 2,RIAOGOLDFOREX,XAUUSD SELL 4359  TP 4356 TP 4353 TP 4350 TP 4347 TP 4344 TP 4341  SL 4369,SELL GOLD @ 4359.0,REJECTED,"R:R too low: 0.30x (need >= 1.5x). TP=4356.00, SL dist=10.00",1971
2026-09-23 01:06:39,Account 2,RIAOGOLDFOREX,XAUUSD SELL 4370,SELL GOLD @ 4370.0,SUCCESS,Trade executed successfully on MT5,1972
2026-09-23 01:07:40,Account 2,RIAOGOLDFOREX,XAUUSD SELL 4370  TP 4367 TP 4364 TP 4361 TP 4358 TP 4355 TP 4352  SL 4381,SELL GOLD @ 4370.0,REJECTED,"R:R too low: 0.27x (need >= 1.5x). TP=4367.00, SL dist=11.00",1973
2026-09-23 04:17:22,Account 2,GOLD Snipers,Tuesday 22/09/2026 GOLD results:   GOLD BUY : +160 pips   GOLD SELL : +170 pips   GOLD BUY : +100 pips   GOLD BUY : +270 pips   GOLD BUY : +160 pips  ...,BUY GOLD @ None,SUCCESS,Trade executed successfully on MT5,1974
2026-09-23 04:39:51,Account 2,XAUUSD GOLD MASTER, XAUUSD SELL.  Now I will delete the link after two minutes   https://t.me/+HZ7GDTALh7I3YTE0  #NFP 600+ PIPS TARGET ,SELL GOLD @ 600.0,REJECTED,Price sanity fail: entry 600.0 is 86.2% from live 4363.12000,1975
2026-09-23 04:40:11,Account 2,XAUUSD GOLD MASTER, XAUUSD SELL.  Now I will delete the link after two minutes   https://t.me/+HZ7GDTALh7I3YTE0  #NFP 600+ PIPS TARGET ,SELL GOLD @ 600.0,REJECTED,Price sanity fail: entry 600.0 is 86.2% from live 4362.81000,1976
2026-09-23 04:42:33,Account 2,XAUUSD GOLD MASTER, XAUUSD BUY         Click to see     https://t.me/+KkunQU3cswM2MDlk https://t.me/+KkunQU3cswM2MDlk,BUY GOLD @ 4041.0,SUCCESS,Trade executed successfully on MT5,1977
2026-09-23 05:54:13,Account 2,Vault Gold Forex™,XAUUSD BUY NOW @ 4364 CONFIRM TP/SL  https://t.me/+QU9jcEH8IHZmZjFk https://t.me/+QU9jcEH8IHZmZjFk,BUY GOLD @ 4364.0,SUCCESS,Trade executed successfully on MT5,1978
2026-09-23 05:58:21,Account 2,Vault Gold Forex™,XAUUSD GOLD  I will delete the link after two minutes  https://t.me/+6jY_yXcdadc4OWFk https://t.me/+6jY_yXcdadc4OWFk  600+ PIPS TARGET ,SELL GOLD @ 4047.0,REJECTED,SL too wide: 11.00 > 6.65 (1.5x ATR=4.43). Max risk exceeded.,1979
2026-09-23 06:00:56,Account 2,Vault Gold Forex™,GOLD BUY 4327  TP 4332 TP 4337 TP 4342  Sl here  https://t.me/+Jvj6Vp4rdmwwOGQ8 https://t.me/+Jvj6Vp4rdmwwOGQ8,BUY GOLD @ 4327.0,SUCCESS,Trade executed successfully on MT5,1980
2026-09-23 06:05:54,Account 2,Vault Gold Forex™,GOLD SELL   XAU USD SIGNAL  TARGET 500 PIPS  SL TP  https://t.me/+rMBzZzdxcZQ5OGY0 https://t.me/+rMBzZzdxcZQ5OGY0,SELL GOLD @ 500.0,REJECTED,Price sanity fail: entry 500.0 is 88.5% from live 4358.76000,1981
2026-09-23 06:46:23,Account 2,Vault Gold Forex™,XAUUSD GOLD  I will delete the link after two minutes  https://t.me/+Y2Tv7LyeZmdkOWM0  600+ PIPS TARGET ,SELL GOLD @ 4068,REJECTED,SL too wide: 15.00 > 8.19 (1.5x ATR=5.46). Max risk exceeded.,1982
2026-09-23 06:53:46,Account 2,XAUUSD GOLD MASTER,XAUUSD SELL 4349,SELL GOLD @ 4349.0,SUCCESS,Trade executed successfully on MT5,1983
2026-09-23 06:54:03,Account 2,XAUUSD GOLD MASTER,XAUUSD SELL 4349  TP 4346 TP 4343 TP 4340 TP 4337 TP 4334  SL 4361,SELL GOLD @ 4349.0,REJECTED,SL too wide: 12.00 > 8.27 (1.5x ATR=5.51). Max risk exceeded.,1984
2026-09-23 07:14:59,Account 2,Vault Gold Forex™, XAUUSD SELL. 4330-4328 I will delete the link after two minutes   https://t.me/+jvc-tiKJ444zMDM8 https://telegram.me/+0qA7LC40jm81YmFk  #FOMC 600+ PI...,SELL GOLD @ 4330.0,SUCCESS,Trade executed successfully on MT5,1985
2026-09-23 07:20:20,Account 2,JOSEFINA TRADER0⚔️,XAUUSD SELL 4346,SELL GOLD @ 4346.0,SUCCESS,Trade executed successfully on MT5,1986
2026-09-23 07:22:36,Account 2,Market Trader Crypto Forex,US30 Long Trade   👇👇👇👇  https://affs.click/xnqPA PATNER CODE (663WF),"BUY US30Cash @ 51903.5 (SL: 51888.5, TP: 51928.5)",BUY,US30Cash,51903.5,51888.5,51928.5,SUCCESS,Executed Market Trader Setup
2026-09-23 07:22:38,Account 2,JOSEFINA TRADER0⚔️,XAUUSD SELL 4346 TP 4343 TP 4340 TP 4337 TP 4334 TP 4331 SL 4356 ,SELL GOLD @ 4346.0,REJECTED,SL too wide: 10.00 > 8.46 (1.5x ATR=5.64). Max risk exceeded.,1988
2026-09-23 07:23:30,Account 2,Sureshot FX VIP,EURNZD BUY 2.0032  SL:  1.9982 TP:  2.0132 --Trade by David,BUY EURNZD @ 2.0032,REJECTED,Gold Lock: Symbol 'EURNZD' rejected. Gold only.,1989
2026-09-23 07:23:53,Account 2,Sureshot FX 🎯,EURNZD BUY 2.0032  SL:  1.9982 TP:  2.0132 --Trade by David,BUY EURNZD @ 2.0032,REJECTED,Gold Lock: Symbol 'EURNZD' rejected. Gold only.,1990
2026-09-23 07:32:03,Account 2,Vault Gold Forex™,XAUUSD SELL    Click to see   ,SELL GOLD @ 4047.0,REJECTED,SL too wide: 11.00 > 8.81 (1.5x ATR=5.87). Max risk exceeded.,1991
2026-09-23 07:32:49,Account 2,JOSEFINA TRADER0⚔️,XAUUSD SELL 4343  TP 4340 TP 4337 TP 4334 TP 4331 TP 4328  SL 4353  https://t.me/+gRuz9AiNRI85ZmY0 https://t.me/+gRuz9AiNRI85ZmY0,SELL GOLD @ 4343.0,REJECTED,SL too wide: 10.00 > 8.94 (1.5x ATR=5.96). Max risk exceeded.,1992
2026-09-23 07:33:43,Account 1,DUBAI CAPITAL FX GROUP 3,GOLD SELL 4347/4350  TP 4344 TP 4342 TP 4339 TP 4336 TP 4333 TP 4330 TP 4327 TP 4324,SELL GOLD @ 4347.0,REJECTED,"R:R too low: 1.00x (need >= 1.5x). TP=4344.00, SL dist=3.00",1993
2026-09-23 07:39:29,Account 2,JOSEFINA TRADER0⚔️,GOLD BUY NOW        SL  TP  HERE,BUY GOLD @ None,FAILED,MT5 execution failed — check broker logs,1994
2026-09-23 07:46:03,Account 2,JOSEFINA TRADER0⚔️,Gold Buy @ 4340 Sl: @ 4330 TP: @ 4360 lot size 0.11 Confirm 99% https://t.me/+uzO3h0qpzvw1ZjQ0,BUY GOLD @ 4340.0,REJECTED,SL too wide: 10.00 > 9.06 (1.5x ATR=6.04). Max risk exceeded.,1995
2026-09-23 07:53:39,Account 2,𝐗𝐀𝐔𝐔𝐒𝐃 𝐓𝐑𝐀𝐃𝐈𝐍𝐆 𝐌𝐀𝐒𝐓𝐄𝐑,XAUUSD BUY NOW 4334-4331  TP1 4337 TP2 4340 TP3 4343 TP4 4346 TP5 4349 TP6 4352 TP7 4355   SL4325 use Proper money management,BUY GOLD @ 4334.0,REJECTED,"R:R too low: 0.33x (need >= 1.5x). TP=4337.00, SL dist=9.00",1996
2026-09-23 08:06:11,Account 2,Grade Profit forex,XAUUSD SEEL 4340  TP 4337 TP 4334 TP 4331 TP 4328 TP 4325  SL 4350,SELL GOLD @ 4340.0,REJECTED,SL too wide: 10.00 > 9.23 (1.5x ATR=6.15). Max risk exceeded.,1997
2026-09-23 08:07:59,Account 2,RIAOGOLDFOREX,XAUUSD SELL    Click to see   ,SELL GOLD @ 4047.0,REJECTED,SL too wide: 11.00 > 9.49 (1.5x ATR=6.33). Max risk exceeded.,1998
2026-09-23 08:08:46,Account 2,RIAOGOLDFOREX,Gold Buy @ 4340 Sl: @ 4330 TP: @ 4360 lot size 0.11 Confirm 99% https://t.me/+jOrrwLbzegk2MmJk,BUY GOLD @ 4340.0,REJECTED,SL too wide: 10.00 > 9.49 (1.5x ATR=6.33). Max risk exceeded.,1999
2026-09-23 08:09:15,Account 2,JOSEFINA TRADER0⚔️,XAUUSD SELL NOW,SELL GOLD @ 4047.0,REJECTED,SL too wide: 11.00 > 9.49 (1.5x ATR=6.33). Max risk exceeded.,2000
2026-09-23 08:12:27,Account 2,RIAOGOLDFOREX,XAUUSD SELL NOW,SELL GOLD @ 4047.0,REJECTED,SL too wide: 11.00 > 9.58 (1.5x ATR=6.38). Max risk exceeded.,2001
2026-09-23 08:18:49,Account 2,JOSEFINA TRADER0⚔️,Gold Sell @ 4340 Sl: @ 4350 TP: @ 4330 lot size 0.11 Confirm 99 %https://t.me/+7gxLki0gAT00MThk,SELL GOLD @ 4340.0,REJECTED,SL too wide: 10.00 > 9.24 (1.5x ATR=6.16). Max risk exceeded.,2002
2026-09-23 08:21:18,Account 2,RIAOGOLDFOREX,GOLD BUY NOW        SL  TP  HERE,BUY GOLD @ None,SUCCESS,Trade executed successfully on MT5,2003
2026-09-23 08:24:57,Account 2,JOSEFINA TRADER0⚔️,GOLD BUY NOW        SL  TP  HERE,BUY GOLD @ None,FAILED,MT5 execution failed — check broker logs,2004
2026-09-23 08:31:12,Account 2,JOSEFINA TRADER0⚔️,Gold Sell @ 4340 Sl: @ 4350 TP: @ 4330 lot size 0.11 Confirm 99 %https://t.me/+7gxLki0gAT00MThk,SELL GOLD @ 4340.0,REJECTED,SL too wide: 10.00 > 9.19 (1.5x ATR=6.13). Max risk exceeded.,2005
2026-09-23 08:36:49,Account 2,THE FOREX BLUEPRINT,XAUUSD BUY 4334,BUY GOLD @ 4334.0,SUCCESS,Trade executed successfully on MT5,2006
2026-09-23 08:37:59,Account 2,THE FOREX BLUEPRINT,GOLD POR TRADER:  GOLD BUY NOW ZONE 43-34 43-28  TP1  43-39 TP2 43-44 TP3  43-49 TP4 43-54 TP5. 43-59 TP6. 43-64   SL  :43-24  Everybody Use according...,BUY GOLD @ 43,REJECTED,SL too wide: 19.00 > 9.30 (1.5x ATR=6.20). Max risk exceeded.,2007
2026-09-23 08:39:58,Account 2,RIAOGOLDFOREX,XAUUSD SELL NOW,SELL GOLD @ 4047.0,REJECTED,SL too wide: 11.00 > 9.46 (1.5x ATR=6.30). Max risk exceeded.,2008
2026-09-23 08:43:09,Account 2,RIAOGOLDFOREX, GOLD SELL NOW   TP  TP  SL     3   ,SELL GOLD @ None,SUCCESS,Trade executed successfully on MT5,2009
2026-09-23 08:44:26,Account 2,Vault Gold Forex™,           90%  GOLD NAS US30  https://t.me/+2UthF_IBo_owZDM0,BUY GOLD @ None,SUCCESS,Trade executed successfully on MT5,2010
2026-09-23 08:52:39,Account 2,XAUUSD GOLD MASTER,Check XAUUSD Done 4334,SELL GOLD @ 4334.0,SUCCESS,Trade executed successfully on MT5,2011
2026-09-23 08:54:08,Account 2,XAUUSD GOLD MASTER,XAUUSD BUY 4338-  TP 4342 TP 4346 TP 4350 TP 4354 TP 4358 TP 4362 TP 4366 SL 4324,BUY GOLD @ 4338,REJECTED,SL too wide: 14.00 > 9.38 (1.5x ATR=6.26). Max risk exceeded.,2012
2026-09-23 08:56:01,Account 2,ALTO FX,XAUUSD SELL 4340 4343  TP 4336 TP 4332 TP 4330 TP 4327 Tp. 4324 SL 4356,SELL GOLD @ 4340.0,REJECTED,SL too wide: 16.00 > 9.45 (1.5x ATR=6.30). Max risk exceeded.,2013
2026-09-23 08:57:41,Account 2,𝐗𝐀𝐔𝐔𝐒𝐃 𝐓𝐑𝐀𝐃𝐈𝐍𝐆 𝐌𝐀𝐒𝐓𝐄𝐑, GOLD SELL NOW   TP  TP  SL     3   ,SELL GOLD @ None,SUCCESS,Trade executed successfully on MT5,2014
2026-09-23 08:59:14,Account 2,JOSEFINA TRADER0⚔️,Gold Sell @ 4340 Sl: @ 4350 TP: @ 4330 lot size 0.11 Confirm 99 %https://t.me/+7gxLki0gAT00MThk,SELL GOLD @ 4340.0,REJECTED,SL too wide: 10.00 > 9.45 (1.5x ATR=6.30). Max risk exceeded.,2015
2026-09-23 09:00:21,Account 2,JOSEFINA TRADER0⚔️,GOLD SELL   XAU USD SIGNAL  TARGET 500 PIPS  SL TP  https://t.me/+HV6ibKxRn3cxNzM0 https://t.me/+HV6ibKxRn3cxNzM0 https://t.me/+HV6ibKxRn3cxNzM0,SELL GOLD @ 500.0,REJECTED,"R:R too low: 0.00x (need >= 1.5x). TP=500.00, SL dist=4.65",2016
2026-09-23 09:00:36,Account 2,GOLD PRO TRADER ♨️,#GOLD BUY 4336.4332   TP1 : 4340 TP2 : 4344 TP3 : 4348 TP4: 4352 TP5...4356.4360   SL 4320,BUY GOLD @ 4336.4332,REJECTED,SL too wide: 16.43 > 8.79 (1.5x ATR=5.86). Max risk exceeded.,2017
2026-09-23 09:01:48,Account 2,Vault Gold Forex™,GOLD SELL 4361/ 4364  TP 4358 TP 4355 TP 4352 TP 4349 TP 4346 TP 4343 TP 4340  SL_ 4378,SELL GOLD @ 4361.0,REJECTED,SL too wide: 17.00 > 8.94 (1.5x ATR=5.96). Max risk exceeded.,2018
2026-09-23 09:01:55,Account 2,Market Trader Crypto Forex,70 Pips Done. Sl ctc kar lijiye and Book some profit.,"MODIFY_BREAKEVEN US30Cash @ 0 (SL: 0, TP: 0)",MODIFY_BREAKEVEN,US30Cash,0,0,0,NO_OPEN_ORDER,"SL moved to entry, closed 40%"
2026-09-23 09:08:08,Account 2,XAUUSD GOLD MASTER,XAUUSD (GOLD) NEXT MOVE CONFRIM ENTRY  ,SELL GOLD @ 4068,REJECTED,SL too wide: 15.00 > 9.01 (1.5x ATR=6.01). Max risk exceeded.,2020
2026-09-23 09:08:51,Account 2,XAUUSD GOLD MASTER,XAUUSD (GOLD) NEXT MOVE CONFRIM ENTRY  ,SELL GOLD @ 4068,REJECTED,SL too wide: 15.00 > 9.01 (1.5x ATR=6.01). Max risk exceeded.,2021
2026-09-23 09:09:10,Account 2,JOSEFINA TRADER0⚔️,XAUUSD (GOLD) NEXT MOVE CONFRIM ENTRY  ,SELL GOLD @ 4068,REJECTED,SL too wide: 15.00 > 9.01 (1.5x ATR=6.01). Max risk exceeded.,2022
2026-09-23 09:09:41,Account 2,Swift Gold Forex, XAUUSD SELL. 4350-4348 I will delete the link after two minutes   https://t.me/+HZ7GDTALh7I3YTE0  #NFP 600+ PIPS TARGET ,SELL GOLD @ 4350.0,REJECTED,"R:R too low: 0.00x (need >= 1.5x). TP=4350.00, SL dist=2.00",2023
2026-09-23 09:10:51,Account 2,XAUUSD GOLD MASTER,GOLD / XAUUSD  BIG SIGNAL  TARGET 200 PIPS  SL TP   https://t.me/+5oK7C5lST_I0ZmU0,BUY GOLD @ None,SUCCESS,Trade executed successfully on MT5,2024
2026-09-23 09:13:07,Account 2,XAUUSD GOLD MASTER,Gold Sell @ 4356 Sl: @ 4366 TP: @ 4336 lot size 0.11 Confirm 94% https://t.me/+c97aCriCP445Mjlk https://t.me/+c97aCriCP445Mjlk,SELL GOLD @ 4356.0,REJECTED,SL too wide: 10.00 > 9.12 (1.5x ATR=6.08). Max risk exceeded.,2025
2026-09-23 09:14:00,Account 2,XAUUSD GOLD MASTER,GOLD / XAUUSD  BIG SIGNAL  TARGET 200 PIPS  SL TP   https://t.me/+5oK7C5lST_I0ZmU0,BUY GOLD @ None,FAILED,MT5 execution failed — check broker logs,2026
2026-09-23 09:17:39,Account 2,Vault Gold Forex™,XAUUSD SELL 4343,SELL GOLD @ 4343.0,FAILED,MT5 execution failed — check broker logs,2027
2026-09-23 09:18:31,Account 2,RIAOGOLDFOREX,XAUUSD (GOLD) NEXT MOVE CONFRIM ENTRY  ,SELL GOLD @ 4068.0,REJECTED,SL too wide: 15.00 > 8.51 (1.5x ATR=5.67). Max risk exceeded.,2028
2026-09-23 09:18:52,Account 2,XAUUSD GOLD MASTER,GOLD / XAUUSD  BIG SIGNAL  TARGET 200 PIPS  SL TP   https://t.me/+5oK7C5lST_I0ZmU0,BUY GOLD @ None,FAILED,MT5 execution failed — check broker logs,2029
2026-09-23 09:19:53,Account 2,Vault Gold Forex™,XAUUSD SELL 4343  TP 4340 TP 4337 TP 4334 TP 4331 TP 4328  SL 4353,SELL GOLD @ 4343.0,REJECTED,SL too wide: 10.00 > 8.51 (1.5x ATR=5.67). Max risk exceeded.,2030
2026-09-23 09:22:05,Account 2,XAUUSD GOLD MASTER,XAUUSD SELL NOW,SELL GOLD @ 4047.0,REJECTED,SL too wide: 11.00 > 8.57 (1.5x ATR=5.71). Max risk exceeded.,2031
2026-09-23 09:22:46,Account 2,JOSEFINA TRADER0⚔️,GOLD SELL   XAU USD SIGNAL  TARGET 500 PIPS  SL TP  https://t.me/+HV6ibKxRn3cxNzM0 https://t.me/+HV6ibKxRn3cxNzM0 https://t.me/+HV6ibKxRn3cxNzM0,SELL GOLD @ 500.0,REJECTED,"R:R too low: 0.00x (need >= 1.5x). TP=500.00, SL dist=4.61",2032
2026-09-23 09:28:45,Account 2,JOSEFINA TRADER0⚔️,Gold Buy @ 4322 Sl: @ 4312 TP: @ 4332 lot size 0.11 Confirm 99% https://t.me/+uzO3h0qpzvw1ZjQ0,BUY GOLD @ 4322.0,REJECTED,SL too wide: 10.00 > 8.80 (1.5x ATR=5.86). Max risk exceeded.,2033
2026-09-23 09:31:22,Account 2,Swift Gold Forex,XAUUSD SELL 4345  TP 4342 TP 4339 TP 4336 TP 4333  SL 4355,SELL GOLD @ 4345.0,REJECTED,SL too wide: 10.00 > 8.28 (1.5x ATR=5.52). Max risk exceeded.,2034
2026-09-23 09:32:05,Account 2,JOSEFINA TRADER0⚔️,Gold sell@ 4343 Sl: @ 4353 TP: @ 4333 lot size 0.11 Confirm 99% https://t.me/+uzO3h0qpzvw1ZjQ0,SELL GOLD @ 4343.0,REJECTED,SL too wide: 10.00 > 8.28 (1.5x ATR=5.52). Max risk exceeded.,2035
2026-09-23 09:36:54,Account 2,JOSEFINA TRADER0⚔️,Gold Now... 4330  Sellllllllllllllllllllllllllllllll  OR Buyyyyyyyyyyyyyyyyy  CONFIRM ENTRY HERE  https://t.me/+QrZxqPPnelRlNDlk https://t.me/+QrZxqPP...,BUY GOLD @ 4330,SUCCESS,Trade executed successfully on MT5,2036
2026-09-23 09:45:27,Account 2,JOSEFINA TRADER0⚔️,GOLD SELL   XAU USD SIGNAL  TARGET 500 PIPS  SL TP  https://t.me/+HV6ibKxRn3cxNzM0 https://t.me/+HV6ibKxRn3cxNzM0 https://t.me/+HV6ibKxRn3cxNzM0,SELL GOLD @ 500.0,REJECTED,"R:R too low: 0.00x (need >= 1.5x). TP=500.00, SL dist=4.32",2037
2026-09-23 09:52:48,Account 2,JOSEFINA TRADER0⚔️, GOLD SELL NOW   TP  TP  SL     3   ,SELL GOLD @ None,SUCCESS,Trade executed successfully on MT5,2038
2026-09-23 10:15:57,Account 2,Perfect Management,#XAUUSD     SELL   4348   Sl       4359  ¹TP      4344 ²TP      4340 ³TP      4336 ⁴TP      4332 ⁵TP,"SELL GOLD @ 4344.06 (SL: 4359.0, TP: 4324.0)",SELL,GOLD,4344.06,4359.0,4324.0,SUCCESS,Executed with AI Runner TSL
2026-09-23 10:16:41,Account 2,Vault Gold Forex™,XAUUSD SELL 4345/4358  TP: 4341 TP: 4335 TP: 4330TP: Open   SL. : 4355  MANAGE RISK GUYS VIP GROUP OPEN FOR 3 MINUTES    https://t.me/+gljMhFVwmDEzMzg...,SELL GOLD @ 4345.0,REJECTED,SL too wide: 10.00 > 6.67 (1.5x ATR=4.45). Max risk exceeded.,2040
2026-09-23 10:19:56,Account 2,Vault Gold Forex™,XAUUSD gold 4342_4352 I will delete the link after two minutes   https://t.me/+2TRU1AJjqTJhZmJk   600+ PIPS TARGET ,SELL GOLD @ 4342.0,REJECTED,SL too wide: 10.00 > 6.83 (1.5x ATR=4.55). Max risk exceeded.,2041
2026-09-23 10:22:28,Account 2,RIAOGOLDFOREX, GOLD SELL NOW   TP  TP  SL     3   ,SELL GOLD @ None,FAILED,MT5 execution failed — check broker logs,2042
2026-09-23 10:28:32,Account 2,XAUUSD GOLD MASTER,#XAUUSD / #Gold  CONFIRM ENTRY   I will delete link after two minutes   https://t.me/SUPERGOLDSIGNALS1 https://t.me/SUPERGOLDSIGNALS1   600+ PIPS TARG...,SELL GOLD @ 4068,REJECTED,SL too wide: 15.00 > 6.93 (1.5x ATR=4.62). Max risk exceeded.,2043
2026-09-23 10:29:23,Account 2,XAUUSD GOLD MASTER,Gold Sell @ 4356 Sl: @ 4366 TP: @ 4336 lot size 0.11 Confirm 94% https://t.me/+c97aCriCP445Mjlk https://t.me/+c97aCriCP445Mjlk,SELL GOLD @ 4356.0,REJECTED,SL too wide: 10.00 > 6.93 (1.5x ATR=4.62). Max risk exceeded.,2044
2026-09-23 10:30:29,Account 2,JOSEFINA TRADER0⚔️,GOLD / XAUUSD  BIG SIGNAL  TARGET 200 PIPS  SL TP  8k https://t.me/+dNO8hIh8bUNkN2I8 FAST OPEN FOR 3 MINUTES  ok my,BUY GOLD @ 8000.0,REJECTED,SL too wide: 1000.00 > 6.49 (1.5x ATR=4.33). Max risk exceeded.,2045
2026-09-23 10:31:04,Account 2,JOSEFINA TRADER0⚔️, GOLD SELL NOW   TP  TP  SL     3   ,SELL GOLD @ None,FAILED,MT5 execution failed — check broker logs,2046
2026-09-23 10:32:26,Account 1,Scalping Gold," XAUUSD  Elliott Wave Structural Update  Impulsive structure playing out cleanly from the 4,291 low:   Wave (1): 4,291  4,318 area  Wave (2): deep ret...",SELL GOLD @ 4364.0,REJECTED,SL too wide: 306.00 > 6.61 (1.5x ATR=4.41). Max risk exceeded.,2047
2026-09-23 10:35:00,Account 2,XAUUSD GOLD MASTER,Gold Sell @ 4356 Sl: @ 4366 TP: @ 4336 lot size 0.11 Confirm 94% https://t.me/+c97aCriCP445Mjlk https://t.me/+c97aCriCP445Mjlk,SELL GOLD @ 4356.0,REJECTED,SL too wide: 10.00 > 6.75 (1.5x ATR=4.50). Max risk exceeded.,2048
2026-09-23 10:44:45,Account 2,JOSEFINA TRADER0⚔️,Gold Sell @ 4356 Sl: @ 4366 TP: @ 4336 lot size 0.11 Confirm 94% https://t.me/+c97aCriCP445Mjlk https://t.me/+c97aCriCP445Mjlk,SELL GOLD @ 4356.0,REJECTED,SL too wide: 10.00 > 6.84 (1.5x ATR=4.56). Max risk exceeded.,2049
2026-09-23 10:46:29,Account 2,JOSEFINA TRADER0⚔️,Gold Now... 4330  Sellllllllllllllllllllllllllllllll  OR Buyyyyyyyyyyyyyyyyy  CONFIRM ENTRY HERE  https://t.me/+QrZxqPPnelRlNDlk https://t.me/+QrZxqPP...,N/A,FAILED,Trigger could not parse a valid trade structure from this signal,2050
2026-09-23 10:46:38,Account 2,JOSEFINA TRADER0⚔️, XAUUSDSELL         Click to see     https://t.me/+VVrmOwV6p6EyNjBk https://t.me/+VVrmOwV6p6EyNjBk,N/A,FAILED,Trigger could not parse a valid trade structure from this signal,2051
2026-09-23 10:47:31,Account 2,XAUUSD GOLD MASTER,Gold Sell @ 4356 Sl: @ 4366 TP: @ 4336 lot size 0.11 Confirm 94% https://t.me/+c97aCriCP445Mjlk https://t.me/+c97aCriCP445Mjlk,N/A,FAILED,Trigger could not parse a valid trade structure from this signal,2052
2026-09-23 10:48:12,Account 2,RIAOGOLDFOREX,XAUUSD SELL NOW,SELL GOLD @ 4047.0,REJECTED,SL too wide: 11.00 > 6.17 (1.5x ATR=4.12). Max risk exceeded.,2053
2026-09-23 10:49:15,Account 2,XAUUSD GOLD MASTER,# SELL 4345_50  TP 4300 SL HERE  https://t.me/+WvX-5zzaD85jZTBk  https://t.me/+xuU1XmD0Qzw2ODVk  https://t.me/+xuU1XmD0Qzw2ODVk LINK EXPIRED AFTER 2 M...,SELL EURUSD @ 4345.0,REJECTED,Gold Lock: Symbol 'EURUSD' rejected. Gold only.,2054
2026-09-23 10:50:08,Account 2,Market Trader Crypto Forex,US30 Book 50% Profit.,"BOOK_PROFIT US30Cash @ 0 (SL: 0, TP: 0)",BOOK_PROFIT,US30Cash,0,0,0,SUCCESS,Booked 50% profit on target hit
2026-09-23 10:50:27,Account 2,Market Trader Crypto Forex,US30 Book 50% Profit.,"BOOK_PROFIT US30Cash @ 0 (SL: 0, TP: 0)",BOOK_PROFIT,US30Cash,0,0,0,SUCCESS,Booked 50% profit on target hit
2026-09-23 10:52:03,Account 2,RIAOGOLDFOREX, XAUUUSD (GOLD)  100% confirm/accurate signal   Tp  SL  https://t.me/+jxQNZ1-2zwZjOTE0 https://t.me/+jxQNZ1-2zwZjOTE0,SELL GOLD @ 4068.0,REJECTED,SL too wide: 15.00 > 6.23 (1.5x ATR=4.15). Max risk exceeded.,2057
2026-09-23 10:52:52,Account 2,🌕 PERO | Forex - Investing ™,SELL 43484346 +40 PIPS  Price is starting to compress after the move down.  Secure some profit and keep the rest protected.  No need to squeeze every ...,SELL GOLD @ 43484346.0,REJECTED,Price sanity fail: entry 43484346.0 is 1001497.3% from live 4341.50000,2058
2026-09-23 10:53:27,Account 2,GOLD PRO TRADER ♨️,"#GOLD #XAUUSD   Gold has back for the 4370$, as I analyzed previously, now it aims to extend further for the 4380$-97$ as the initial resistance for t...",N/A,FAILED,Trigger could not parse a valid trade structure from this signal,2059
2026-09-23 10:55:43,Account 2,XAUUSD GOLD MASTER,GOLD / XAUUSD  BIG SIGNAL  TARGET 200 PIPS  SL TP  8k https://t.me/+dNO8hIh8bUNkN2I8 FAST OPEN FOR 3 MINUTES  ok my,BUY GOLD @ 8000.0,REJECTED,SL too wide: 1000.00 > 6.23 (1.5x ATR=4.15). Max risk exceeded.,2060
2026-09-23 11:02:44,Account 2,JOSEFINA TRADER0⚔️, GOLD SELL NOW   TP  TP  SL     3   ,SELL GOLD @ None,SUCCESS,Trade executed successfully on MT5,2061
2026-09-23 11:03:01,Account 2,JOSEFINA TRADER0⚔️,GOLD SELL   XAU USD SIGNAL  TARGET 500 PIPS  SL TP  https://t.me/+HV6ibKxRn3cxNzM0 https://t.me/+HV6ibKxRn3cxNzM0 https://t.me/+HV6ibKxRn3cxNzM0,SELL GOLD @ 500.0,REJECTED,"R:R too low: 0.00x (need >= 1.5x). TP=500.00, SL dist=3.41",2062
2026-09-23 11:05:45,Account 2,🌕 PERO | Forex - Investing ™,+90 PIPS  And Gold made its decision,SELL GOLD @ 4068.0,REJECTED,SL too wide: 15.00 > 6.47 (1.5x ATR=4.31). Max risk exceeded.,2063
2026-09-23 11:31:58,Account 2,JOSEFINA TRADER0⚔️, XAUUSDSELL         Click to see     https://t.me/+VVrmOwV6p6EyNjBk https://t.me/+VVrmOwV6p6EyNjBk,SELL GOLD @ 4068,REJECTED,SL too wide: 15.00 > 7.27 (1.5x ATR=4.85). Max risk exceeded.,2064
2026-09-23 11:33:21,Account 2,JOSEFINA TRADER0⚔️,GOLD / XAUUSD  BIG SIGNAL  TARGET 200 PIPS  SL TP  https://t.me/+-LEAkZR8XKZkNjg0 https://t.me/+c9V3Amx1ehI0NDBk,BUY GOLD @ 4063.0,REJECTED,SL too wide: 10.00 > 7.30 (1.5x ATR=4.87). Max risk exceeded.,2065
2026-09-23 11:45:13,Account 2,Swift Gold Forex,GOLD SELL 4335  TP 4330 TP 4325 TP 4320  SL 4345    3    https://t.me/+TqMQA8tKgEE0OTQ0 https://t.me/+TqMQA8tKgEE0OTQ0,SELL GOLD @ 4335.0,REJECTED,SL too wide: 10.00 > 7.58 (1.5x ATR=5.05). Max risk exceeded.,2066
2026-09-23 11:46:49,Account 2,JOSEFINA TRADER0⚔️,XAUUSD SELL 4330,SELL GOLD @ 4330.0,SUCCESS,Trade executed successfully on MT5,2067
2026-09-23 11:47:06,Account 2,JOSEFINA TRADER0⚔️,XAUUSD SELL 4330 TP 4327 TP 4324 TP 4321 TP 4318 TP 4315 SL 4341 ,SELL GOLD @ 4330.0,REJECTED,SL too wide: 11.00 > 7.66 (1.5x ATR=5.11). Max risk exceeded.,2068
2026-09-23 11:49:05,Account 2,JOSEFINA TRADER0⚔️,Gold Sell @ 4343 Sl: @ 4353 TP: @ 4333 lot size 0.11 Confirm 94% https://t.me/+syW1-sOtKPNhNmY0 https://t.me/+syW1-sOtKPNhNmY0,SELL GOLD @ 4343.0,REJECTED,SL too wide: 10.00 > 7.66 (1.5x ATR=5.11). Max risk exceeded.,2069
2026-09-23 11:50:19,Account 2,XAUUSD GOLD MASTER,XAUUSD SURE CALL ,BUY GOLD @ 4053.0,SUCCESS,Trade executed successfully on MT5,2070
2026-09-23 11:51:34,Account 2,XAUUSD GOLD MASTER,XAUUSD (gold) NEXT MOVE CONFRIM ENTRY ,SELL GOLD @ 4068,REJECTED,SL too wide: 15.00 > 7.66 (1.5x ATR=5.11). Max risk exceeded.,2071
2026-09-23 11:51:50,Account 2,XAUUSD GOLD MASTER,#XAUUSD / #Gold  CONFIRM ENTRY   I will delete link after two minutes   https://t.me/SUPERGOLDSIGNALS1 https://t.me/SUPERGOLDSIGNALS1   600+ PIPS TARG...,SELL GOLD @ 4068,REJECTED,SL too wide: 15.00 > 7.81 (1.5x ATR=5.21). Max risk exceeded.,2072
2026-09-23 11:53:06,Account 2,XAUUSD GOLD MASTER,XAUUSD SELL 4329,SELL GOLD @ 4329.0,FAILED,MT5 execution failed — check broker logs,2073
2026-09-23 11:53:20,Account 2,XAUUSD GOLD MASTER,XAUUSD SELL 4329  TP 4326 TP 4323 TP 4320 TP 4317 TP 4314  SL 4341,SELL GOLD @ 4329.0,REJECTED,SL too wide: 12.00 > 7.81 (1.5x ATR=5.21). Max risk exceeded.,2074
2026-09-23 11:54:39,Account 2,JOSEFINA TRADER0⚔️,# SELL 4335_40  TP 4300 SL HERE  https://t.me/+WvX-5zzaD85jZTBk  https://t.me/+xuU1XmD0Qzw2ODVk  https://t.me/+xuU1XmD0Qzw2ODVk LINK EXPIRED AFTER 2 M...,SELL EURUSD @ 4335.0,REJECTED,Gold Lock: Symbol 'EURUSD' rejected. Gold only.,2075
2026-09-23 11:55:52,Account 2,Swift Gold Forex,XAUUSD SURE CALL ,BUY GOLD @ 4053.0,FAILED,MT5 execution failed — check broker logs,2076
2026-09-23 11:58:34,Account 2,Perfect Management,#XAUUSD          SELL  TP¹ HIT DONE 40+ PIPS,"BREAKEVEN GOLD @ 0 (SL: 0, TP: 0)",BREAKEVEN,GOLD,0,0,0,SUCCESS,TP1 Hit -> Moved SL to entry
2026-09-23 11:59:14,Account 2,Perfect Management,#XAUUSD          SELL  TP² HIT DONE 80+ PIPS,"BREAKEVEN GOLD @ 0 (SL: 0, TP: 0)",BREAKEVEN,GOLD,0,0,0,NO_OPEN_ORDER,TP1 Hit -> Moved SL to entry
2026-09-23 11:59:26,Account 2,Swift Gold Forex,Gold Sell @ 4356 Sl: @ 4366 TP: @ 4336 lot size 0.11 Confirm 94% https://t.me/+izItJfSEfjY3NWU0 https://t.me/+izItJfSEfjY3NWU0,SELL GOLD @ 4356.0,REJECTED,SL too wide: 10.00 > 7.86 (1.5x ATR=5.24). Max risk exceeded.,2079
2026-09-23 12:05:44,Account 1,"Mr.DAVID, XAU/USD CLUB",XAUUSD  BUY  ENTR. 4330..4327 TP1:4334 TP 4338 TP 4342 TP 4346 TP 4350 SL: 4319,BUY GOLD @ 4330.0,REJECTED,SL too wide: 11.00 > 7.69 (1.5x ATR=5.13). Max risk exceeded.,2080
2026-09-23 12:06:51,Account 2,XAUUSD GOLD MASTER, GOLD SELL NOW   TP  TP  SL     3   ,SELL GOLD @ None,SUCCESS,Trade executed successfully on MT5,2081
2026-09-23 12:06:54,Account 2,XAUUSD GOLD MASTER,GOLD / XAUUSD  BIG SIGNAL  TARGET 200 PIPS  SL TP   https://t.me/+5oK7C5lST_I0ZmU0,BUY GOLD @ None,SUCCESS,Trade executed successfully on MT5,2082
2026-09-23 12:07:33,Account 1,Scalping Gold,Gold Buy Now@4330-28 SL 4324 TP30 TP60 Tp100 TP 4340,BUY GOLD @ 4330.0,FAILED,MT5 execution failed — check broker logs,2083
2026-09-23 12:08:10,Account 2,XAUUSD VIP SIGNAL,XAUUSD BUY NOW @ 4330 MORE BUY @ 4326  TP : 4334 TP : 4338 TP : 4342 TP : 4346 TP : 4350 TP : 4354 TP : 4358  SL : 4320,BUY GOLD @ 4330.0,REJECTED,SL too wide: 10.00 > 7.69 (1.5x ATR=5.13). Max risk exceeded.,2084
2026-09-23 12:13:58,Account 1,"Mr.DAVID, XAU/USD CLUB","Headshot on TP1, confirmed strike On 40PIPS",SELL GOLD @ 4068,REJECTED,SL too wide: 15.00 > 7.84 (1.5x ATR=5.23). Max risk exceeded.,2085
2026-09-23 12:14:31,Account 1,Pump Dump Gold,"Dear Traders,  We are going to DUMP XAUUSD today.  DUMP XAUUSD  Level1  4335-4365 Risk  ??  Level2  ?? Risk  ??  Fundamental: * USD at highest since l...",SELL GOLD @ 4068.0,REJECTED,SL too wide: 15.00 > 7.84 (1.5x ATR=5.23). Max risk exceeded.,2086
2026-09-23 12:15:38,Account 2,XAUUSD GOLD MASTER, XAUUSD BUY         Click to see     https://t.me/+KkunQU3cswM2MDlk https://t.me/+KkunQU3cswM2MDlk,BUY GOLD @ 4041.0,FAILED,MT5 execution failed — check broker logs,2087
2026-09-23 12:15:49,Account 2,𝐗𝐀𝐔𝐔𝐒𝐃 𝐓𝐑𝐀𝐃𝐈𝐍𝐆 𝐌𝐀𝐒𝐓𝐄𝐑,GOLD SELL NOW 4335,SELL GOLD @ 4335.0,FAILED,MT5 execution failed — check broker logs,2088
2026-09-23 12:16:19,Account 2,𝐗𝐀𝐔𝐔𝐒𝐃 𝐓𝐑𝐀𝐃𝐈𝐍𝐆 𝐌𝐀𝐒𝐓𝐄𝐑,XAUUSD SELL NOW 4335-4338  TP1 4332 TP2 4329 TP3 4326 TP4 4323 TP5 4320 TP6 4317 TP7 4314   SL4344 use Proper money management,SELL GOLD @ 4335.0,REJECTED,SL too wide: 9.00 > 7.69 (1.5x ATR=5.13). Max risk exceeded.,2089
2026-09-23 12:17:12,Account 2,𝙂𝙡𝙤𝙗𝙖𝙡 𝙂𝙤𝙡𝙙 𝙄𝙣𝙨𝙞𝙜𝙝𝙩𝙨,XAUUSD SELL NOW 4333.00   TP 1: 4328.00 TP 2: 4323.00 TP 3: 4318.00 TP 4: 4313.00  SL + 4345.00,SELL GOLD @ 4333.0,REJECTED,SL too wide: 12.00 > 7.69 (1.5x ATR=5.13). Max risk exceeded.,2090
2026-09-23 12:19:56,Account 2,Swift Gold Forex,Gold Buy @ 4322 Sl: @ 4312 TP: @ 4332 lot size 0.11 Confirm 99% https://t.me/+P7SIMUHvnYcyNWU9,BUY GOLD @ 4322.0,REJECTED,SL too wide: 10.00 > 8.02 (1.5x ATR=5.35). Max risk exceeded.,2091
2026-09-23 12:27:58,Account 2,XAUUSD GOLD MASTER,GOLD BUY NOW        SL  TP  HERE,BUY GOLD @ None,SUCCESS,Trade executed successfully on MT5,2092
2026-09-23 12:29:29,Account 2,Vault Gold Forex™,Gold Sell @ 4343 Sl: @ 4353 TP: @ 4333 lot size 0.11 Confirm 94% https://t.me/+syW1-sOtKPNhNmY0 https://t.me/+syW1-sOtKPNhNmY0,SELL GOLD @ 4343.0,REJECTED,SL too wide: 10.00 > 8.10 (1.5x ATR=5.40). Max risk exceeded.,2093
2026-09-23 12:34:53,Account 2,JOSEFINA TRADER0⚔️,GOLD / XAUUSD  BIG SIGNAL  TARGET 200 PIPS  SL TP  https://t.me/+-LEAkZR8XKZkNjg0 https://t.me/+c9V3Amx1ehI0NDBk,BUY GOLD @ 200.0,REJECTED,Price sanity fail: entry 200.0 is 95.4% from live 4331.27000,2094
2026-09-23 12:38:12,Account 2,JOSEFINA TRADER0⚔️,GOLD SELL   XAU USD SIGNAL  TARGET 500 PIPS  SL TP  https://t.me/+HV6ibKxRn3cxNzM0 https://t.me/+HV6ibKxRn3cxNzM0 https://t.me/+HV6ibKxRn3cxNzM0,SELL GOLD @ 500.0,REJECTED,"R:R too low: 0.00x (need >= 1.5x). TP=500.00, SL dist=4.34",2095
2026-09-23 12:39:21,Account 2,XAUUSD GOLD MASTER,Gold Sell @ 4343 Sl: @ 4353 TP: @ 4333 lot size 0.11 Confirm 94% https://t.me/+syW1-sOtKPNhNmY0 https://t.me/+syW1-sOtKPNhNmY0,SELL GOLD @ 4343.0,REJECTED,SL too wide: 10.00 > 8.21 (1.5x ATR=5.48). Max risk exceeded.,2096
2026-09-23 12:40:19,Account 2,Swift Gold Forex,GOLD / XAUUSD BIG SIGNAL  TARGET 200 PIPS  SL TP  https://t.me/+Rp2ILbounKg1YmRk,BUY GOLD @ None,SUCCESS,Trade executed successfully on MT5,2097
2026-09-23 12:40:58,Account 2,XAUUSD GOLD MASTER,Gold Buy @ 4322 Sl: @ 4312 TP: @ 4332 lot size 0.11 Confirm 99% https://t.me/+uzO3h0qpzvw1ZjQ0,BUY GOLD @ 4322.0,REJECTED,SL too wide: 10.00 > 8.28 (1.5x ATR=5.52). Max risk exceeded.,2098
2026-09-23 12:41:22,Account 2,XAUUSD GOLD MASTER,GOLD SELL   XAU USD SIGNAL  TARGET 500 PIPS  SL TP  https://t.me/+HV6ibKxRn3cxNzM0 https://t.me/+HV6ibKxRn3cxNzM0 https://t.me/+HV6ibKxRn3cxNzM0,SELL GOLD @ 500.0,REJECTED,"R:R too low: 0.00x (need >= 1.5x). TP=500.00, SL dist=4.42",2099
2026-09-23 12:42:13,Account 2,Swift Gold Forex,GOLD / XAUUSD BIG SIGNAL  TARGET 200 PIPS  SL TP  https://t.me/+Rp2ILbounKg1YmRk,BUY GOLD @ None,FAILED,MT5 execution failed — check broker logs,2100
2026-09-23 12:43:54,Account 2,Swift Gold Forex,GOLD / XAUUSD BIG SIGNAL  TARGET 200 PIPS  SL TP  https://t.me/+Rp2ILbounKg1YmRk,BUY GOLD @ None,SUCCESS,Trade executed successfully on MT5,2101
2026-09-23 12:46:01,Account 2,JOSEFINA TRADER0⚔️, XAUUSDSELL         Click to see     https://t.me/+VVrmOwV6p6EyNjBk https://t.me/+VVrmOwV6p6EyNjBk,SELL GOLD @ 4068,REJECTED,SL too wide: 15.00 > 8.36 (1.5x ATR=5.58). Max risk exceeded.,2102
2026-09-23 12:50:16,Account 2,XAUUSD GOLD MASTER, GOLD SELL NOW   TP  TP  SL     3   ,SELL GOLD @ None,SUCCESS,Trade executed successfully on MT5,2103
2026-09-23 12:51:08,Account 2,XAUUSD GOLD MASTER,XAUUSD gold 4340 I will delete the link After two minutes  https://t.me/+hGlNV6vvZg0wODU0 https://t.me/+hGlNV6vvZg0wODU0  500+ PIPS TARGET ,SELL GOLD @ 4340.0,SUCCESS,Trade executed successfully on MT5,2104
2026-09-23 12:51:22,Account 2,XAUUSD GOLD MASTER,GOLD / XAUUSD  BIG SIGNAL  TARGET 200 PIPS  SL TP   https://t.me/+5oK7C5lST_I0ZmU0,BUY GOLD @ None,SUCCESS,Trade executed successfully on MT5,2105
2026-09-23 12:52:51,Account 2,RIAOGOLDFOREX,XAUUSD SURE CALL ,BUY GOLD @ 4053.0,FAILED,MT5 execution failed — check broker logs,2106
2026-09-23 12:54:33,Account 2,JOSEFINA TRADER0⚔️, XAUUSDSELL         Click to see     https://t.me/+VVrmOwV6p6EyNjBk https://t.me/+VVrmOwV6p6EyNjBk,SELL GOLD @ 4068,REJECTED,SL too wide: 15.00 > 8.48 (1.5x ATR=5.65). Max risk exceeded.,2107
2026-09-23 12:56:12,Account 2,RIAOGOLDFOREX,XAUUSD SELL 4330,SELL GOLD @ 4330.0,SUCCESS,Trade executed successfully on MT5,2108
2026-09-23 12:57:31,Account 2,Grade Profit forex,XAUUSD BUY NOW @ 4364 CONFIRM TP/SL  https://t.me/+QU9jcEH8IHZmZjFk https://t.me/+QU9jcEH8IHZmZjFk,BUY GOLD @ 4364.0,SUCCESS,Trade executed successfully on MT5,2109
2026-09-23 12:57:38,Account 2,Perfect Management,#XAUUSD         SELL  All TP⁶ HIT DONE 240+ PIPS,"BOOK_PROFIT_80% GOLD @ 0 (SL: 0, TP: 0)",BOOK_PROFIT_80%,GOLD,0,0,0,NO_OPEN_ORDER,All TPs hit -> Booked 80%
2026-09-23 12:58:01,Account 2,RIAOGOLDFOREX,XAUUSD SELL 4328  TP 4325 TP 4322 TP 4319 TP 4316 TP 4313 TP 4310  SL 4340,SELL GOLD @ 4328.0,REJECTED,SL too wide: 12.00 > 8.75 (1.5x ATR=5.84). Max risk exceeded.,2111
2026-09-23 12:58:30,Account 2,JOSEFINA TRADER0⚔️,XAUUSD gold 4330 I will delete the link After two minutes   https://t.me/+QrZxqPPnelRlNDlk https://t.me/+QrZxqPPnelRlNDlk   500+ PIPS TARGET ,SELL GOLD @ 4330.0,SUCCESS,Trade executed successfully on MT5,2112
2026-09-23 13:02:50,Account 1,𝗠𝗿𝗚𝗼𝗹𝗱𝗲𝗻𝗪𝗮𝘆 𝗧𝗿𝗮𝗱𝗲𝗿,XAUUSD INSTANT BUY  Entry: 4321/4317 TP1: 4325 TP2: 4328 TP3: 4335 TP4: 4346  SL : 4312  Use proper mm,BUY GOLD @ 4321.0,REJECTED,SL too wide: 9.00 > 8.67 (1.5x ATR=5.78). Max risk exceeded.,2113
2026-09-23 13:07:10,Account 2,XAUUSD GOLD MASTER, GOLD SELL NOW   TP  TP  SL     3   ,SELL GOLD @ None,SUCCESS,Trade executed successfully on MT5,2114
2026-09-23 13:10:16,Account 2,Grade Profit forex,XAUUSD BUY NOW @ 4364 CONFIRM TP/SL  https://t.me/+QU9jcEH8IHZmZjFk https://t.me/+QU9jcEH8IHZmZjFk,BUY GOLD @ 4364.0,SUCCESS,Trade executed successfully on MT5,2115
2026-09-23 13:10:49,Account 2,THE FOREX BLUEPRINT,GOLD POR TRADER:  GOLD SELL NOW ZONE 43-28 43-33  TP1  43-24 TP2 43-20 TP3  43-16 TP4 43-12 TP5. 43-08 TP6. 43-00   SL  :43-37  Everybody Use accordin...,SELL GOLD @ 43,REJECTED,"R:R too low: 0.00x (need >= 1.5x). TP=43.00, SL dist=0.00",2116
2026-09-23 13:12:11,Account 2,JOSEFINA TRADER0⚔️,GOLD / XAUUSD  BIG SIGNAL  TARGET 200 PIPS  SL TP  https://t.me/+-LEAkZR8XKZkNjg0 https://t.me/+c9V3Amx1ehI0NDBk,BUY GOLD @ None,SUCCESS,Trade executed successfully on MT5,2117
2026-09-23 13:13:55,Account 2,XAUUSD GOLD MASTER,Gold Sell @ 4356 Sl: @ 4366 TP: @ 4336 lot size 0.11 Confirm 94% https://t.me/+c97aCriCP445Mjlk https://t.me/+c97aCriCP445Mjlk,SELL GOLD @ 4356.0,REJECTED,SL too wide: 10.00 > 8.86 (1.5x ATR=5.90). Max risk exceeded.,2118
2026-09-23 13:16:44,Account 2,JOSEFINA TRADER0⚔️,Gold Sell @ 4343 Sl: @ 4353 TP: @ 4333 lot size 0.11 Confirm 94% https://t.me/+syW1-sOtKPNhNmY0 https://t.me/+syW1-sOtKPNhNmY0,SELL GOLD @ 4343.0,REJECTED,SL too wide: 10.00 > 8.67 (1.5x ATR=5.78). Max risk exceeded.,2119
2026-09-23 13:18:02,Account 2,Grade Profit forex,Gold Sell @ 4343 Sl: @ 4353 TP: @ 4333 lot size 0.11 Confirm 94% https://t.me/+syW1-sOtKPNhNmY0 https://t.me/+syW1-sOtKPNhNmY0,SELL GOLD @ 4343.0,REJECTED,SL too wide: 10.00 > 8.79 (1.5x ATR=5.86). Max risk exceeded.,2120
2026-09-23 13:39:22,Account 2,PipXpert - Forex Signals,XAU/USD  Direction: BUY  Entry Price:  4320.00  TP1       4324.00 TP2       4339.00 TP3       4350.00  SL        4299.00,BUY GOLD @ 4320.0,REJECTED,SL too wide: 21.00 > 9.26 (1.5x ATR=6.18). Max risk exceeded.,2121
2026-09-23 13:39:51,Account 2,PipXpert - Forex Signals, XAU/USD Market Alert   Current market bias: Bullish  Pair: XAU/USD  Timeframes reviewed: 30M / 1H / 5H   Key reaction zone: 4320.00   This is the are...,SELL GOLD @ 4320.0,REJECTED,SL too wide: 13.00 > 9.32 (1.5x ATR=6.21). Max risk exceeded.,2122
2026-09-23 13:52:26,Account 2,Vault Gold Forex™,GOLD SELL 4331  TP 4328 TP 4325 TP 4322 TP 4319 TP 4316  SL 4342  https://t.me/+zjIlcHd0lhxhZTM8,SELL GOLD @ 4331.0,REJECTED,SL too wide: 11.00 > 9.38 (1.5x ATR=6.26). Max risk exceeded.,2123
2026-09-23 13:53:12,Account 2,GOLD Snipers,NEW 500+ PIPS TRADE COMING!,SELL GOLD @ 4068.0,REJECTED,SL too wide: 15.00 > 9.45 (1.5x ATR=6.30). Max risk exceeded.,2124
2026-09-23 13:54:48,Account 2,Swift Gold Forex,Gold Sell @ 4356 Sl: @ 4366 TP: @ 4336 lot size 0.11 Confirm 94% https://t.me/+izItJfSEfjY3NWU0 https://t.me/+izItJfSEfjY3NWU0,SELL GOLD @ 4356.0,REJECTED,SL too wide: 10.00 > 9.50 (1.5x ATR=6.33). Max risk exceeded.,2125
2026-09-23 13:57:56,Account 2,Swift Gold Forex,GOLD SELL 4335  TP 4330 TP 4325 TP 4320  SL 4345    3    https://t.me/+TqMQA8tKgEE0OTQ0 https://t.me/+TqMQA8tKgEE0OTQ0,SELL GOLD @ 4335.0,REJECTED,SL too wide: 10.00 > 9.59 (1.5x ATR=6.40). Max risk exceeded.,2126
2026-09-23 13:59:50,Account 2,JOSEFINA TRADER0⚔️,XAUUSD SELL 4323,SELL GOLD @ 4323.0,SUCCESS,Trade executed successfully on MT5,2127
2026-09-23 14:00:58,Account 2,JOSEFINA TRADER0⚔️,XAUUSD SELL 4323 TP 4320 TP 4317 TP 4314 TP 4311 TP 4308 SL 4333 ,SELL GOLD @ 4323.0,REJECTED,SL too wide: 10.00 > 9.41 (1.5x ATR=6.27). Max risk exceeded.,2128
2026-09-23 14:06:10,Account 2,RIAOGOLDFOREX,XAUUSD BUY NOW 4315  TP? Sl?  Only here  https://t.me/+T5iKoNs5wGs0YTQ8,BUY GOLD @ 4315.0,SUCCESS,Trade executed successfully on MT5,2129
2026-09-23 14:09:05,Account 2,JOSEFINA TRADER0⚔️,Gold Sell @ 4343 Sl: @ 4353 TP: @ 4333 lot size 0.11 Confirm 94% https://t.me/+syW1-sOtKPNhNmY0 https://t.me/+syW1-sOtKPNhNmY0,SELL GOLD @ 4343.0,REJECTED,SL too wide: 10.00 > 9.62 (1.5x ATR=6.41). Max risk exceeded.,2130
2026-09-23 14:10:27,Account 2,RIAOGOLDFOREX, GOLD SELL NOW   TP  TP  SL     3   ,SELL GOLD @ None,SUCCESS,Trade executed successfully on MT5,2131
2026-09-23 14:13:10,Account 2,Vault Gold Forex™,Gold Sell @ 4343 Sl: @ 4353 TP: @ 4333 lot size 0.11 Confirm 94% https://t.me/+syW1-sOtKPNhNmY0 https://t.me/+syW1-sOtKPNhNmY0,SELL GOLD @ 4343.0,REJECTED,SL too wide: 10.00 > 9.62 (1.5x ATR=6.42). Max risk exceeded.,2132
2026-09-23 14:17:31,Account 1,"Mr.DAVID, XAU/USD CLUB",XAUUSD  BUY  ENTR. 4317..4314 tp1:4323 tp2 4327 tp3 4332 tp4 4337 tp5 4340 SL: 4306,BUY GOLD @ 4314.0,REJECTED,"R:R too low: 1.12x (need >= 1.5x). TP=4323.00, SL dist=8.00",2133
2026-09-23 14:17:55,Account 2,RIAOGOLDFOREX, GOLD SELL NOW   TP  TP  SL     3   ,SELL GOLD @ None,SUCCESS,Trade executed successfully on MT5,2134
2026-09-23 14:20:43,Account 2,XAUUSD GOLD MASTER,GOLD SELL NOW        SL  TP  HERE,SELL GOLD @ None,SUCCESS,Trade executed successfully on MT5,2135
2026-09-23 14:45:38,Account 2,Gold VIP,PLAN A NEW TRADE IN GOLD ,BUY GOLD @ None,SUCCESS,Trade executed successfully on MT5,2136
2026-09-23 14:54:41,Account 2,Vault Gold Forex™,XAUUSD (gold) NEXT MOVE CONFRIM ENTRY ,SELL GOLD @ 4068,REJECTED,SL too wide: 15.00 > 8.37 (1.5x ATR=5.58). Max risk exceeded.,2137
2026-09-23 15:34:30,Account 2,Vault Gold Forex™,XAUUSD SELL    Click to see   ,SELL GOLD @ 4047.0,REJECTED,SL too wide: 11.00 > 8.40 (1.5x ATR=5.60). Max risk exceeded.,2138
2026-09-23 15:43:44,Account 2,XAUUSD GOLD MASTER,Check XAUUSD Done 4312,SELL GOLD @ 4312.0,SUCCESS,Trade executed successfully on MT5,2139
2026-09-23 16:00:59,Account 2,Vault Gold Forex™,GOLD SELL 4331  TP 4328 TP 4325 TP 4322 TP 4319 TP 4316  SL 4342  https://t.me/+zjIlcHd0lhxhZTM8,SELL GOLD @ 4331.0,REJECTED,SL too wide: 11.00 > 7.27 (1.5x ATR=4.85). Max risk exceeded.,2140
2026-09-23 16:02:30,Account 2,Vault Gold Forex™,XAUUSD SELL    Click to see   ,SELL GOLD @ 4047.0,REJECTED,SL too wide: 11.00 > 7.38 (1.5x ATR=4.92). Max risk exceeded.,2141
2026-09-23 16:09:22,Account 2,XAUUSD GOLD MASTER,XAUUSD SELL 4316,SELL GOLD @ 4316.0,SUCCESS,Trade executed successfully on MT5,2142
2026-09-23 16:09:53,Account 2,XAUUSD GOLD MASTER,XAUUSD SELL 4316  TP 4313 TP 4310 TP 4307 TP 4304 TP 4301  SL 4328,SELL GOLD @ 4316.0,REJECTED,SL too wide: 12.00 > 7.55 (1.5x ATR=5.04). Max risk exceeded.,2143
2026-09-23 16:13:11,Account 2,XAUUSD GOLD MASTER,Gold Sell @ 4356 Sl: @ 4366 TP: @ 4336 lot size 0.11 Confirm 94% https://t.me/+c97aCriCP445Mjlk https://t.me/+c97aCriCP445Mjlk,SELL GOLD @ 4356.0,REJECTED,SL too wide: 10.00 > 7.59 (1.5x ATR=5.06). Max risk exceeded.,2144
2026-09-23 16:13:46,Account 2,XAUUSD GOLD MASTER,XAUUSD gold 4316 I will delete the link After two minutes   https://t.me/+tV9EU0LeynVkMDhk https://t.me/+tV9EU0LeynVkMDhk   500+ PIPS TARGET ,SELL GOLD @ 4316.0,FAILED,MT5 execution failed — check broker logs,2145
2026-09-23 16:18:29,Account 2,XAUUSD GOLD MASTER,Gold Sell @ 4356 Sl: @ 4366 TP: @ 4336 lot size 0.11 Confirm 94% https://t.me/+izItJfSEfjY3NWU0 https://t.me/+izItJfSEfjY3NWU0,SELL GOLD @ 4356.0,REJECTED,SL too wide: 10.00 > 7.25 (1.5x ATR=4.83). Max risk exceeded.,2146
2026-09-23 16:20:02,Account 2,Vault Gold Forex™, XAUUSD SEEL NOW   TP  TP  SL     5    https://t.me/+D6LT1w5cj4lkODk0 https://t.me/+D6LT1w5cj4lkODk0,SELL GOLD @ 4063.0,REJECTED,SL too wide: 10.00 > 7.28 (1.5x ATR=4.85). Max risk exceeded.,2147
2026-09-23 16:22:36,Account 2,XAUUSD GOLD MASTER,# BUY 4310  TP 4345 SL HERE  https://t.me/+WvX-5zzaD85jZTBk  https://t.me/+xuU1XmD0Qzw2ODVk  https://t.me/+xuU1XmD0Qzw2ODVk LINK EXPIRED AFTER 2 MINT ,SELL GOLD @ 4068,REJECTED,SL too wide: 15.00 > 7.28 (1.5x ATR=4.85). Max risk exceeded.,2148
2026-09-23 16:30:41,Account 2,XAUUSD GOLD MASTER,GOLD / XAUUSD  BIG SIGNAL  TARGET 200 PIPS  SL TP  8k https://t.me/+dNO8hIh8bUNkN2I8 FAST OPEN FOR 3 MINUTES  ok my,BUY GOLD @ 8000.0,REJECTED,SL too wide: 1000.00 > 6.86 (1.5x ATR=4.57). Max risk exceeded.,2149
2026-09-23 16:35:13,Account 2,Vault Gold Forex™,GOLD / XAUUSD  BIG SIGNAL  TARGET 200 PIPS  SL TP  8k https://t.me/+dNO8hIh8bUNkN2I8 FAST OPEN FOR 3 MINUTES  ok my,BUY GOLD @ 8000.0,REJECTED,SL too wide: 1000.00 > 7.18 (1.5x ATR=4.78). Max risk exceeded.,2150
2026-09-23 16:45:28,Account 2,Swift Gold Forex,XAUUSD BUY 4313  TP 4316 TP 4319 TP 4321 TP 4325  SL 4302,BUY GOLD @ 4313.0,REJECTED,SL too wide: 11.00 > 6.63 (1.5x ATR=4.42). Max risk exceeded.,2151
2026-09-23 16:48:54,Account 2,XAUUSD GOLD MASTER,GOLD BUY NOW        SL  TP  HERE,BUY GOLD @ None,SUCCESS,Trade executed successfully on MT5,2152
2026-09-23 16:49:47,Account 2,XAUUSD GOLD MASTER,XAUUSD gold 4316 I will delete the link After two minutes   https://t.me/+tV9EU0LeynVkMDhk https://t.me/+tV9EU0LeynVkMDhk   500+ PIPS TARGET ,SELL GOLD @ 4316.0,FAILED,MT5 execution failed — check broker logs,2153
2026-09-23 16:52:03,Account 2,XAUUSD GOLD MASTER,GOLD BUY NOW        SL  TP  HERE,BUY GOLD @ None,FAILED,MT5 execution failed — check broker logs,2154
2026-09-23 16:55:51,Account 2,Swift Gold Forex,XAUUSD SELL 4325/4328  TP 4322  TP 4319  TP 4316  TP 4313  TP 4310  SL 4335 https://t.me/+PXPgde52uLAzY2M0,SELL GOLD @ 4325.0,REJECTED,SL too wide: 10.00 > 7.78 (1.5x ATR=5.19). Max risk exceeded.,2155
2026-09-23 16:58:51,Account 2,ALTO FX,XAUUSD SELL 4306 4310  TP 4302 TP 4300 TP 4297 TP 4395 Tp. 4393 SL 4320,SELL GOLD @ 4306.0,REJECTED,SL too wide: 14.00 > 7.81 (1.5x ATR=5.21). Max risk exceeded.,2156
2026-09-23 17:03:23,Account 1,"Mr.DAVID, XAU/USD CLUB",Rentr Buy now 4302 TP 4310 TP 4318 TP 4326 TP 4335 SL 4285,BUY EURUSD @ 4302.0,REJECTED,Gold Lock: Symbol 'EURUSD' rejected. Gold only.,2157
2026-09-23 17:03:49,Account 2,SureShot GOLD (VIP),XAUUSD BUY 4302.59  SL:  4292.59 TP:  4322.59 --Trade by Flynn,BUY GOLD @ 4302.59,REJECTED,SL too wide: 10.00 > 7.97 (1.5x ATR=5.31). Max risk exceeded.,2158
2026-09-23 17:06:14,Account 2,Swift Gold Forex,XAUUSD BUY 4300  TP 4303 TP 4306 TP 4309 TP 4312  SL 4290,BUY GOLD @ 4300.0,REJECTED,SL too wide: 10.00 > 7.98 (1.5x ATR=5.32). Max risk exceeded.,2159
2026-09-23 17:11:10,Account 2,Swift Gold Forex,XAUUSD BUY 4297  TP 4300 TP 4303 TP 4306 TP 4309  SL 4287,BUY GOLD @ 4297.0,REJECTED,SL too wide: 10.00 > 8.66 (1.5x ATR=5.77). Max risk exceeded.,2160
2026-09-23 17:17:02,Account 2,XAUUSD GOLD MASTER,XAUUSD gold 4316 I will delete the link After two minutes   https://t.me/+tV9EU0LeynVkMDhk https://t.me/+tV9EU0LeynVkMDhk   500+ PIPS TARGET ,SELL GOLD @ 4316.0,SUCCESS,Trade executed successfully on MT5,2161
2026-09-23 17:17:33,Account 2,Vault Gold Forex™,XAUUSD (gold) NEXT MOVE CONFRIM ENTRY ,SELL GOLD @ 4068,REJECTED,SL too wide: 15.00 > 8.48 (1.5x ATR=5.65). Max risk exceeded.,2162
2026-09-23 17:18:13,Account 2,XAUUSD GOLD MASTER, GOLD SELL NOW   TP  TP  SL     3   ,SELL GOLD @ None,SUCCESS,Trade executed successfully on MT5,2163
2026-09-23 17:21:00,Account 2,Swift Gold Forex,Gold Sell @ 4356 Sl: @ 4366 TP: @ 4336 lot size 0.11 Confirm 94% https://t.me/+izItJfSEfjY3NWU0 https://t.me/+izItJfSEfjY3NWU0,SELL GOLD @ 4356.0,REJECTED,SL too wide: 10.00 > 8.49 (1.5x ATR=5.66). Max risk exceeded.,2164
2026-09-23 17:22:04,Account 2,Swift Gold Forex,#XAUUSD SELL NOW Confirm Entry Target 300+ pips Sl ------------ TP ------------ See at  channel  https://t.me/+TqMQA8tKgEE0OTQ0,SELL GOLD @ 3000.0,REJECTED,Price sanity fail: entry 3000.0 is 30.4% from live 4307.67000,2165
2026-09-23 17:27:25,Account 2,Vault Gold Forex™,XAUUSD gold 4303_4313 I will delete the link after two minutes   https://t.me/+2TRU1AJjqTJhZmJk   600+ PIPS TARGET ,SELL GOLD @ 4303.0,REJECTED,SL too wide: 10.00 > 8.66 (1.5x ATR=5.77). Max risk exceeded.,2166
2026-09-23 17:32:06,Account 2,Swift Gold Forex,XAUUSD SELL    Click to see   ,SELL GOLD @ 4047.0,REJECTED,SL too wide: 11.00 > 8.65 (1.5x ATR=5.77). Max risk exceeded.,2167
2026-09-23 17:36:02,Account 2,XAUUSD GOLD MASTER,GOLD / XAUUSD  BIG SIGNAL  TARGET 200 PIPS  SL TP   https://t.me/+5oK7C5lST_I0ZmU0,BUY GOLD @ None,SUCCESS,Trade executed successfully on MT5,2168
2026-09-23 17:39:24,Account 2,Vault Gold Forex™,XAUUSD (gold) NEXT MOVE CONFRIM ENTRY ,SELL GOLD @ 4068,REJECTED,SL too wide: 15.00 > 8.85 (1.5x ATR=5.90). Max risk exceeded.,2169
2026-09-23 17:57:46,Account 2,Perfect Management,#XAUUSD     BUY   4303   Sl       4293  ¹TP      4307 ²TP      4311 ³TP      4315 ⁴TP      4319 ⁵TP ,"BUY GOLD @ 4312.24 (SL: 4293.0, TP: 4327.0)",BUY,GOLD,4312.24,4293.0,4327.0,SUCCESS,Executed with AI Runner TSL
2026-09-23 17:59:46,Account 2,Swift Gold Forex,Gold Sell @ 4356 Sl: @ 4366 TP: @ 4336 lot size 0.11 Confirm 94% https://t.me/+izItJfSEfjY3NWU0 https://t.me/+izItJfSEfjY3NWU0,SELL GOLD @ 4356.0,REJECTED,SL too wide: 10.00 > 9.75 (1.5x ATR=6.50). Max risk exceeded.,2171
2026-09-23 18:01:05,Account 2,JOSEFINA TRADER0⚔️,XAUUSD SELL 4313,SELL GOLD @ 4313.0,SUCCESS,Trade executed successfully on MT5,2172
2026-09-23 18:02:35,Account 2,JOSEFINA TRADER0⚔️,XAUUSD SELL 4313 TP 4310 TP 4307 TP 4304 TP 4301 TP 4298 SL 4324 ,SELL GOLD @ 4313.0,REJECTED,SL too wide: 11.00 > 9.66 (1.5x ATR=6.44). Max risk exceeded.,2173
2026-09-23 18:10:00,Account 2,Swift Gold Forex,Gold Sell @ 4356 Sl: @ 4366 TP: @ 4336 lot size 0.11 Confirm 94% https://t.me/+izItJfSEfjY3NWU0 https://t.me/+izItJfSEfjY3NWU0,SELL GOLD @ 4356.0,SUCCESS,Trade executed successfully on MT5,2174
2026-09-23 18:12:29,Account 2,Swift Gold Forex,XAUUSD Sell 4345  TP1.  4341 TP2.  4337 TP3.  4333 TP4.  4329 TP5.  4325 TP6.  4320  SL   4355 VIP GROUP OPEN FOR NEXT 3 MINUTES  https://t.me/+Xu_gK-...,SELL GOLD @ 4345.0,REJECTED,"R:R too low: 0.40x (need >= 1.5x). TP=4341.00, SL dist=10.00",2175
2026-09-23 18:26:26,Account 2,Vault Gold Forex™,XAUUSD SELL 4305,SELL GOLD @ 4305.0,SUCCESS,Trade executed successfully on MT5,2176
2026-09-23 18:27:03,Account 2,Vault Gold Forex™,XAUUSD SELL 4305  TP 4302 TP 4299 TP 4296 TP 4293 TP 4290  SL 4315,SELL GOLD @ 4305.0,REJECTED,"R:R too low: 0.30x (need >= 1.5x). TP=4302.00, SL dist=10.00",2177
2026-09-23 18:28:07,Account 2,Vault Gold Forex™,XAUUSD SELL 4310  TP 4307 TP 4304 TP 4301 TP 4298 TP 4295  SL 4320,SELL GOLD @ 4310.0,REJECTED,"R:R too low: 0.30x (need >= 1.5x). TP=4307.00, SL dist=10.00",2178
2026-09-23 18:31:54,Account 2,RIAOGOLDFOREX,XAUUSD SELL 4309,SELL GOLD @ 4309.0,SUCCESS,Trade executed successfully on MT5,2179
2026-09-23 18:33:01,Account 2,SureShot GOLD (VIP),XAUUSD BUY 4309.55  SL:  4299.55 TP:  4329.55 --Trade by Mark,BUY GOLD @ 4309.55,FAILED,MT5 execution failed — check broker logs,2180
2026-09-23 18:33:26,Account 2,RIAOGOLDFOREX,XAUUSD SELL 4309  TP 4306 TP 4303 TP 4300 TP 4397 TP 4394 TP 4391  SL 4319,SELL GOLD @ 4309.0,REJECTED,"R:R too low: 0.30x (need >= 1.5x). TP=4306.00, SL dist=10.00",2181
2026-09-23 18:33:52,Account 2,RIAOGOLDFOREX,XAUUSD SELL 4309  TP 4306 TP 4303 TP 4300 TP 4297 TP 4294 TP 4291  SL 4319,SELL GOLD @ 4309.0,REJECTED,"R:R too low: 0.30x (need >= 1.5x). TP=4306.00, SL dist=10.00",2182
2026-09-23 18:34:40,Account 2,Market Trader Crypto Forex,GBPNZD Long Trade  https://affs.click/xnqPA,"BUY GBPNZD @ 2.33326 (SL: 2.32976, TP: 2.33926)",BUY,GBPNZD,2.33326,2.32976,2.33926,SUCCESS,Executed Market Trader Setup
2026-09-23 18:34:40,Account 2,Market Trader Crypto Forex,200 Pips Done. Sl ctc kar lijiye and Book 40% Profit.,"MODIFY_BREAKEVEN GBPNZD @ 0 (SL: 0, TP: 0)",MODIFY_BREAKEVEN,GBPNZD,0,0,0,SUCCESS,"SL moved to entry, closed 40%"
2026-09-23 18:34:40,Account 2,Market Trader Crypto Forex,GOLD LIVE 🚀,"BUY GOLD @ 4306.22 (SL: 4301.72, TP: 4317.22)",BUY,GOLD,4306.22,4301.72,4317.22,SUCCESS,Executed Market Trader Setup
2026-09-23 18:34:40,Account 2,Perfect Management,#XAUUSD SELL 4362  Sl 4363 ¹TP 4355 ²TP 4350,"SELL GOLD @ 4305.69 (SL: 4363.0, TP: 4350.0)",SELL,GOLD,4305.69,4363.0,4350.0,SUCCESS,Executed with AI Runner TSL
2026-09-23 18:34:40,Account 2,Perfect Management,Close now xauusd 🙏🙏🙏,"CLOSE_NOW GOLD @ 0 (SL: 0, TP: 0)",CLOSE_NOW,GOLD,0,0,0,SUCCESS,Close command from channel
2026-09-23 18:37:52,Account 2,XAUUSD GOLD MASTER,XAUUSD BUY 4303,BUY GOLD @ 4303.0,FAILED,MT5 execution failed — check broker logs,2188
2026-09-23 18:38:08,Account 2,XAUUSD GOLD MASTER,XAUUSD BUY 4303  TP 4306 TP 4309 TP 4312 TP 4315 TP 4318  SL 4291,BUY GOLD @ 4303.0,REJECTED,SL too wide: 12.00 > 11.23 (1.5x ATR=7.49). Max risk exceeded.,2189
2026-09-23 18:49:36,Account 2,JOSEFINA TRADER0⚔️,Wow Check gold 4298,BUY GOLD @ 4298.0,SUCCESS,Trade executed successfully on MT5,2190
2026-09-23 18:50:56,Account 2,XAUUSD GOLD MASTER,XAUUSD gold 4340 I will delete the link After two minutes  https://t.me/+hGlNV6vvZg0wODU0 https://t.me/+hGlNV6vvZg0wODU0  500+ PIPS TARGET ,SELL GOLD @ 4340.0,SUCCESS,Trade executed successfully on MT5,2191
2026-09-23 18:51:54,Account 1,𝐗𝐀𝐔𝐔𝐒𝐃 𝐕𝐈𝐏 𝐒𝐈𝐆𝐍𝐀𝐋𝐒,#GOLD BUY 4300/4295  TP 4305 TP 4310 TP 4315 TP 4330 Confim  SL 4387  Use According To Your Account Equity Leve,BUY GOLD @ 4300.0,REJECTED,SL too wide: 87.00 > 11.33 (1.5x ATR=7.55). Max risk exceeded.,2192
2026-09-23 18:52:34,Account 2,XAUUSD GOLD MASTER,Gold Buy @ 4322 Sl: @ 4312 TP: @ 4332 lot size 0.11 Confirm 99% https://t.me/+rMBzZzdxcZQ5OGY0 https://t.me/+rMBzZzdxcZQ5OGY0,BUY GOLD @ 4322.0,REJECTED,"R:R too low: 1.00x (need >= 1.5x). TP=4332.00, SL dist=10.00",2193
2026-09-23 19:04:44,Account 2,Gold VIP,PLAN A NEW TRADE IN GOLD,BUY GOLD @ None,FAILED,MT5 execution failed — check broker logs,2194
2026-09-23 19:05:24,Account 2,XAUUSD GOLD MASTER,XAUUSD gold 4340 I will delete the link After two minutes  https://t.me/+hGlNV6vvZg0wODU0 https://t.me/+hGlNV6vvZg0wODU0  500+ PIPS TARGET ,SELL GOLD @ 4340.0,SUCCESS,Trade executed successfully on MT5,2195
2026-09-23 19:05:38,Account 2,XAUUSD GOLD MASTER,Gold Buy @ 4322 Sl: @ 4312 TP: @ 4332 lot size 0.11 Confirm 99% https://t.me/+rMBzZzdxcZQ5OGY0 https://t.me/+rMBzZzdxcZQ5OGY0,BUY GOLD @ 4322.0,REJECTED,"R:R too low: 1.00x (need >= 1.5x). TP=4332.00, SL dist=10.00",2196
2026-09-23 19:06:26,Account 2,Market Trader Crypto Forex,GBPNZD Long Trade  https://affs.click/xnqPA,"BUY GBPNZD @ 2.33495 (SL: 2.33145, TP: 2.34095)",BUY,GBPNZD,2.33495,2.33145,2.34095,SUCCESS,Executed Market Trader Setup
2026-09-23 19:06:26,Account 2,Market Trader Crypto Forex,200 Pips Done. Sl ctc kar lijiye and Book 40% Profit.,"MODIFY_BREAKEVEN GBPNZD @ 0 (SL: 0, TP: 0)",MODIFY_BREAKEVEN,GBPNZD,0,0,0,SUCCESS,"SL moved to entry, closed 40%"
2026-09-23 19:06:26,Account 2,Market Trader Crypto Forex,GOLD LIVE 🚀,"BUY GOLD @ 4301.85 (SL: 4297.35, TP: 4312.85)",BUY,GOLD,4301.85,4297.35,4312.85,SUCCESS,Executed Market Trader Setup
2026-09-23 19:06:26,Account 2,Perfect Management,#XAUUSD SELL 4362  Sl 4363 ¹TP 4355 ²TP 4350,"SELL GOLD @ 4301.3 (SL: 4363.0, TP: 4350.0)",SELL,GOLD,4301.3,4363.0,4350.0,SUCCESS,Executed with AI Runner TSL
2026-09-23 19:06:26,Account 2,Perfect Management,TP¹ HIT DONE  Book partial,"TP1_HIT GOLD @ 0 (SL: 0, TP: 0)",TP1_HIT,GOLD,0,0,0,SUCCESS,TP1 Hit -> Kept SL Fixed for TP2
2026-09-23 19:10:22,Account 2,Market Trader Crypto Forex,GBPNZD Long Trade  https://affs.click/xnqPA,"BUY GBPNZD @ 2.33569 (SL: 2.33219, TP: 2.34169)",BUY,GBPNZD,2.33569,2.33219,2.34169,SUCCESS,Executed Market Trader Setup
2026-09-23 19:10:22,Account 2,Market Trader Crypto Forex,200 Pips Done. Sl ctc kar lijiye and Book 40% Profit.,"MODIFY_BREAKEVEN GBPNZD @ 0 (SL: 0, TP: 0)",MODIFY_BREAKEVEN,GBPNZD,0,0,0,SUCCESS,"SL moved to entry, closed 40%"
2026-09-23 19:10:22,Account 2,Market Trader Crypto Forex,GOLD LIVE 🚀,"BUY GOLD @ 4304.01 (SL: 4299.51, TP: 4315.01)",BUY,GOLD,4304.01,4299.51,4315.01,SUCCESS,Executed Market Trader Setup
2026-09-23 19:10:22,Account 2,Perfect Management,#XAUUSD SELL 4362  Sl 4363 ¹TP 4355 ²TP 4350,"SELL GOLD @ 4303.46 (SL: 4363.0, TP: 4350.0)",SELL,GOLD,4303.46,4363.0,4350.0,SUCCESS,Executed with AI Runner TSL
2026-09-23 19:10:22,Account 2,Perfect Management,TP¹ HIT DONE  Book partial,"TP1_HIT GOLD @ 0 (SL: 0, TP: 0)",TP1_HIT,GOLD,0,0,0,SUCCESS,TP1 Hit -> Kept SL Fixed for TP2
2026-09-23 19:10:22,Account 2,Perfect Management,TP² HIT DONE  Lock profit,"TP2_HIT GOLD @ 0 (SL: 0, TP: 0)",TP2_HIT,GOLD,0,0,0,SUCCESS,TP2 Hit -> Locked at TP1
2026-09-23 19:10:22,Account 2,Perfect Management,Close now xauusd 🙏🙏🙏,"CLOSE_NOW GOLD @ 0 (SL: 0, TP: 0)",CLOSE_NOW,GOLD,0,0,0,SUCCESS,Close command from channel
2026-09-23 19:15:17,Account 2,Sureshot FX VIP,EURUSD BUY STOP 1.1420  SL:  1.137 TP:  1.152 --Trade by Flynn,BUY EURUSD @ 1.142,REJECTED,Gold Lock: Symbol 'EURUSD' rejected. Gold only.,2209
2026-09-23 19:15:44,Account 2,Perfect Management,#XAUUSD     SELL   4302   Sl       4315  ¹TP      4298 ²TP      4294 ³TP      4290 ⁴TP      4286 ⁵TP,"SELL GOLD @ 4285.72 (SL: 4315.0, TP: 4278.0)",SELL,GOLD,4285.72,4315.0,4278.0,SUCCESS,Executed with AI Runner TSL
2026-09-23 19:20:42,Account 2,Swift Gold Forex,XAUUSD BUY 4283  TP 4286 TP 4289 TP 4292 TP 4295  SL 4283,BUY GOLD @ 4283.0,REJECTED,"R:R too low: 0.00x (need >= 1.5x). TP=4286.00, SL dist=0.00",2211
2026-09-23 19:22:21,Account 1,"Mr.DAVID, XAU/USD CLUB",XAUUSD  BUY  ENTR. 4284.4281 tp1:4289 tp2 4294 tp3 4298 tp4 4302 tp5 4306 SL: 4270,BUY GOLD @ 4284.4281,REJECTED,"R:R too low: 0.32x (need >= 1.5x). TP=4289.00, SL dist=14.43",2212
2026-09-23 19:24:19,Account 2,Market Trader Crypto Forex,GBPNZD Long Trade  https://affs.click/xnqPA,"BUY GBPNZD @ 2.33776 (SL: 2.33426, TP: 2.34376)",BUY,GBPNZD,2.33776,2.33426,2.34376,SUCCESS,Executed Market Trader Setup
2026-09-23 19:24:19,Account 2,Market Trader Crypto Forex,200 Pips Done. Sl ctc kar lijiye and Book 40% Profit.,"MODIFY_BREAKEVEN GBPNZD @ 0 (SL: 0, TP: 0)",MODIFY_BREAKEVEN,GBPNZD,0,0,0,SUCCESS,"SL moved to entry, closed 40%"
2026-09-23 19:24:19,Account 2,Market Trader Crypto Forex,GOLD LIVE 🚀,"BUY GOLD @ 4283.56 (SL: 4279.06, TP: 4294.56)",BUY,GOLD,4283.56,4279.06,4294.56,SUCCESS,Executed Market Trader Setup
2026-09-23 19:24:19,Account 2,Perfect Management,#XAUUSD SELL 4362  Sl 4363 ¹TP 4355 ²TP 4350,"SELL GOLD @ 4283.01 (SL: 4363.0, TP: 4350.0)",SELL,GOLD,4283.01,4363.0,4350.0,SUCCESS,Executed with AI Runner TSL
2026-09-23 19:24:19,Account 2,Perfect Management,TP¹ HIT DONE  Book partial,"TP1_HIT GOLD @ 0 (SL: 0, TP: 0)",TP1_HIT,GOLD,0,0,0,SUCCESS,TP1 Hit -> Kept SL Fixed for TP2
2026-09-23 19:24:19,Account 2,Perfect Management,TP² HIT DONE  Lock profit,"TP2_HIT GOLD @ 0 (SL: 0, TP: 0)",TP2_HIT,GOLD,0,0,0,NO_OPEN_ORDER,TP2 Hit -> Put TSL at TP2 + 10-pip trail
2026-09-23 19:24:19,Account 2,Perfect Management,Close now xauusd 🙏🙏🙏,"CLOSE_NOW GOLD @ 0 (SL: 0, TP: 0)",CLOSE_NOW,GOLD,0,0,0,SUCCESS,Close command from channel
2026-09-23 19:24:25,Account 2,Perfect Management,#XAUUSD          SELL  TP¹ HIT DONE 40+ PIPS,"TP1_HIT GOLD @ 0 (SL: 0, TP: 0)",TP1_HIT,GOLD,0,0,0,SUCCESS,TP1 Hit -> Kept SL Fixed for TP2
2026-09-23 19:24:29,Account 2,Perfect Management,#XAUUSD          SELL  TP² HIT DONE 80+ PIPS,"TP2_HIT GOLD @ 0 (SL: 0, TP: 0)",TP2_HIT,GOLD,0,0,0,NO_OPEN_ORDER,TP2 Hit -> Put TSL at TP2 + 10-pip trail
2026-09-23 19:24:52,Account 2,Sureshot FX VIP,GBPNZD SELL LIMIT 2.3420  SL:  2.347 TP:  2.332 --Trade by Flynn,SELL GBPNZD @ 2.342,REJECTED,Gold Lock: Symbol 'GBPNZD' rejected. Gold only.,2222
2026-09-23 19:31:33,Account 2,Sureshot FX VIP,EURUSD BUY 1.14  SL:  1.135 TP:  1.15 --Trade by Flynn,BUY EURUSD @ 1.14,REJECTED,Gold Lock: Symbol 'EURUSD' rejected. Gold only.,2223
2026-09-23 19:43:08,Account 2,Forex with karol,GOLD SELL TRADE,SELL GOLD @ 4047.0,REJECTED,"R:R too low: 0.27x (need >= 1.5x). TP=4044.00, SL dist=11.00",2224
2026-09-23 19:57:30,Account 2,XAUUSD GOLD MASTER,XAUUSD BUY 4280,BUY GOLD @ 4280.0,SUCCESS,Trade executed successfully on MT5,2225
2026-09-23 19:59:10,Account 2,RIAOGOLDFOREX, XAUUUSD (GOLD)  100% confirm/accurate signal   Tp  SL  https://t.me/+jxQNZ1-2zwZjOTE0 https://t.me/+jxQNZ1-2zwZjOTE0,SELL GOLD @ 4068.0,REJECTED,"R:R too low: 0.20x (need >= 1.5x). TP=4065.00, SL dist=15.00",2226
2026-09-23 20:01:03,Account 2,Sureshot FX VIP,EURNZD BUY 2.0074  SL:  2.0024 TP:  2.0174 --Trade by David,BUY EURNZD @ 2.0074,REJECTED,Gold Lock: Symbol 'EURNZD' rejected. Gold only.,2227
2026-09-23 20:01:44,Account 2,Sureshot FX VIP,EURNZD BUY LIMIT 1.9987  SL:  1.9937 TP:  2.0087 --Trade by David,BUY EURNZD @ 1.9987,REJECTED,Gold Lock: Symbol 'EURNZD' rejected. Gold only.,2228
2026-09-23 20:05:01,Account 2,Sureshot FX VIP,AUDUSD BUY 0.704  SL:  0.699 TP:  0.714 --Trade by David,BUY AUDUSD @ 0.704,REJECTED,Gold Lock: Symbol 'AUDUSD' rejected. Gold only.,2229
2026-09-23 20:05:23,Account 2,Sureshot FX VIP,AUDUSD SELL LIMIT 0.7089  SL:  0.7139 TP:  0.6989 --Trade by David,SELL AUDUSD @ 0.7089,REJECTED,Gold Lock: Symbol 'AUDUSD' rejected. Gold only.,2230
2026-09-23 20:06:48,Account 1,𝐗𝐀𝐔𝐔𝐒𝐃 𝐕𝐈𝐏 𝐒𝐈𝐆𝐍𝐀𝐋𝐒,#GOLD BUY 4284/4280  TP 4290 TP 4295 TP 4300 TP 4320 Confim  SL 4372  Use According To Your Account Equity Leve,BUY GOLD @ 4284.0,REJECTED,SL too wide: 88.00 > 17.26 (1.5x ATR=11.50). Max risk exceeded.,2231
2026-09-23 20:12:13,Account 2,XAUUSD GOLD MASTER,GOLD / XAUUSD  BIG SIGNAL  TARGET 200 PIPS  SL TP   https://t.me/+5oK7C5lST_I0ZmU0,BUY GOLD @ None,FAILED,MT5 execution failed — check broker logs,2232
2026-09-23 20:19:45,Account 2,XAUUSD GOLD MASTER,Gold Sell @ 4356 Sl: @ 4366 TP: @ 4336 lot size 0.11 Confirm 94% https://t.me/+izItJfSEfjY3NWU0 https://t.me/+izItJfSEfjY3NWU0,SELL GOLD @ 4356.0,FAILED,MT5 execution failed — check broker logs,2233
2026-09-23 20:21:14,Account 2,Swift Gold Forex,#XAUUSD SELL NOW Confirm Entry Target 300+ pips Sl ------------ TP ------------ See at  channel  https://t.me/+TqMQA8tKgEE0OTQ0,SELL GOLD @ 3000.0,REJECTED,Price sanity fail: entry 3000.0 is 30.0% from live 4285.33000,2234
2026-09-23 20:23:19,Account 2,XAUUSD GOLD MASTER,GOLD SELL 4331  TP 4328 TP 4325 TP 4322 TP 4319 TP 4316  SL 4342  https://t.me/+zjIlcHd0lhxhZTM8,SELL GOLD @ 4331.0,REJECTED,"R:R too low: 0.27x (need >= 1.5x). TP=4328.00, SL dist=11.00",2235
2026-09-23 20:29:50,Account 2,XAUUSD GOLD MASTER,GOLD / XAUUSD  BIG SIGNAL  TARGET 200 PIPS  SL TP   https://t.me/+b5s-pnnW25lmY2E0 https://t.me/+b5s-pnnW25lmY2E0,SELL GOLD @ 4068.0,REJECTED,"R:R too low: 0.20x (need >= 1.5x). TP=4065.00, SL dist=15.00",2236
2026-09-23 20:32:02,Account 2,XAUUSD GOLD MASTER,XAUUD Sell 4338 TP 4335 TP 4332 TP 4329 TP 4326 TP 4323  https://t.me/+lre6Nxnu3g0wZjg0 https://t.me/+lre6Nxnu3g0wZjg0,SELL GOLD @ 4338.0,FAILED,MT5 execution failed — check broker logs,2237
2026-09-23 20:34:14,Account 2,XAUUSD GOLD MASTER,GOLD SELL   XAU USD SIGNAL  TARGET 500 PIPS  SL TP  https://t.me/+HV6ibKxRn3cxNzM0 https://t.me/+HV6ibKxRn3cxNzM0 https://t.me/+HV6ibKxRn3cxNzM0,SELL GOLD @ 500.0,REJECTED,"R:R too low: 0.00x (need >= 1.5x). TP=500.00, SL dist=9.00",2238
2026-09-23 20:38:59,Account 2,XAUUSD GOLD MASTER, XAUUSD BUY         Click to see     https://t.me/+KkunQU3cswM2MDlk https://t.me/+KkunQU3cswM2MDlk,BUY GOLD @ 4041.0,FAILED,MT5 execution failed — check broker logs,2239
2026-09-23 20:39:39,Account 2,JOSEFINA TRADER0⚔️,Gold Sell @ 4356 Sl: @ 4366 TP: @ 4336 lot size 0.11 Confirm 94% https://t.me/+c97aCriCP445Mjlk https://t.me/+c97aCriCP445Mjlk,SELL GOLD @ 4356.0,FAILED,MT5 execution failed — check broker logs,2240
2026-09-23 20:43:03,Account 2,GOLD Snipers,S2/XAUUSD SMASH / TPS 80 PIPS!,SMASH GOLD @ None,FAILED,MT5 execution failed — check broker logs,2241
2026-09-23 20:43:48,Account 2,GOLD Snipers,S1/XAUUSD SMASH / TPS 700 PIPS!,SELL GOLD @ 4068.0,REJECTED,"R:R too low: 0.20x (need >= 1.5x). TP=4065.00, SL dist=15.00",2242
2026-09-23 20:44:00,Account 2,GOLD Snipers,S4/XAUUSD SMASH / TPS 480 PIPS!,SMASH GOLD @ None,FAILED,MT5 execution failed — check broker logs,2243
2026-09-23 20:44:48,Account 2,GOLD Snipers,S7/XAUUSD SMASH / TPS 390 PIPS!,SMASH GOLD @ None,FAILED,MT5 execution failed — check broker logs,2244
2026-09-23 20:45:00,Account 2,GOLD Snipers,S3/XAUUSD SMASH / TPS 500 PIPS!,N/A,FAILED,Trigger could not parse a valid trade structure from this signal,2245
2026-09-23 20:45:03,Account 2,GOLD Snipers,S8//XAUUSD SMASH / TPS 360 PIPS!,N/A,FAILED,Trigger could not parse a valid trade structure from this signal,2246
2026-09-23 20:45:06,Account 2,GOLD Snipers,S5/XAUUSD SMASH / TPS 530 PIPS!,N/A,FAILED,Trigger could not parse a valid trade structure from this signal,2247
2026-09-23 20:45:09,Account 2,GOLD Snipers,S6//XAUUSD SMASH / TPS 130 PIPS!,N/A,FAILED,Trigger could not parse a valid trade structure from this signal,2248
2026-09-23 20:49:05,Account 2,Vault Gold Forex™,Gold Sell @ 4300 Sl: @ 4310 TP: @ 4280 lot size 0.11 Confirm 94% https://t.me/+syW1-sOtKPNhNmY0 https://t.me/+syW1-sOtKPNhNmY0,SELL GOLD @ 4300.0,FAILED,MT5 execution failed — check broker logs,2249
2026-09-23 20:51:21,Account 2,RIAOGOLDFOREX, GOLD SELL NOW   TP  TP  SL     3   ,SELL GOLD @ None,FAILED,MT5 execution failed — check broker logs,2250
2026-09-23 20:52:48,Account 2,XAUUSD GOLD MASTER,Gold Sell @ 4300 Sl: @ 4310 TP: @ 4280 lot size 0.11 Confirm 94% https://t.me/+syW1-sOtKPNhNmY0 https://t.me/+syW1-sOtKPNhNmY0,SELL GOLD @ 4300.0,FAILED,MT5 execution failed — check broker logs,2251
2026-09-23 20:54:22,Account 2,🌕 PERO | Forex - Investing ™,"A quick note from todays trading   WHEN THE SAME SETUP APPEARS TWICE  Two SELLs. Different levels. Almost the same price behavior.   At 43464348, Gold...",SELL GOLD @ 43464348.0,REJECTED,SL too wide: 120011.00 > 17.13 (1.5x ATR=11.42). Max risk exceeded.,2252
2026-09-23 20:58:57,Account 2,JOSEFINA TRADER0⚔️,Gold Sell @ 4300 Sl: @ 4310 TP: @ 4280 lot size 0.11 Confirm 94% https://t.me/+syW1-sOtKPNhNmY0 https://t.me/+syW1-sOtKPNhNmY0,SELL GOLD @ 4300.0,FAILED,MT5 execution failed — check broker logs,2253
2026-09-23 21:02:54,Account 2,Swift Gold Forex,GOLD SELL 4290  TP 4285 TP 4280 TP 4275  SL 4300    3    https://t.me/+TqMQA8tKgEE0OTQ0 https://t.me/+TqMQA8tKgEE0OTQ0,SELL GOLD @ 4290.0,REJECTED,"R:R too low: 0.50x (need >= 1.5x). TP=4285.00, SL dist=10.00",2254
2026-09-23 21:06:01,Account 2,Vault Gold Forex™,GOLD SELL 4331  TP 4328 TP 4325 TP 4322 TP 4319 TP 4316  SL 4342  https://t.me/+zjIlcHd0lhxhZTM8,SELL GOLD @ 4331.0,REJECTED,"R:R too low: 0.27x (need >= 1.5x). TP=4328.00, SL dist=11.00",2255
2026-09-23 21:15:13,Account 2,JOSEFINA TRADER0⚔️, GOLD SELL NOW   TP  TP  SL     3   ,SELL GOLD @ None,FAILED,MT5 execution failed — check broker logs,2256
2026-09-23 21:16:43,Account 2,XAUUSD GOLD MASTER, GOLD SELL NOW   TP  TP  SL     3   ,SELL GOLD @ None,FAILED,MT5 execution failed — check broker logs,2257
2026-09-23 21:19:12,Account 2,JOSEFINA TRADER0⚔️,XAUUSD SELL 4283,SELL GOLD @ 4283.0,FAILED,MT5 execution failed — check broker logs,2258
2026-09-23 21:20:31,Account 2,JOSEFINA TRADER0⚔️,XAUUSD SELL 4283 TP 4280 TP 4277 TP 4274 TP 4271 TP 4268 SL 4293 ,SELL GOLD @ 4283.0,REJECTED,"R:R too low: 0.30x (need >= 1.5x). TP=4280.00, SL dist=10.00",2259
2026-09-23 21:22:04,Account 2,XAUUSD GOLD MASTER,Gold Sell @ 4296 Sl: @ 4306 TP: @ 4276 lot size 0.11 Confirm 94% https://t.me/+izItJfSEfjY3NWU0 https://t.me/+izItJfSEfjY3NWU0,SELL GOLD @ 4296.0,FAILED,MT5 execution failed — check broker logs,2260
2026-09-23 21:25:25,Account 2,GOLD Trader Dan,London session sell trade! 1/4 RR  XAUUSD SMASHED TP 420 PIPS ,SELL GOLD @ 420.0,REJECTED,"R:R too low: 0.00x (need >= 1.5x). TP=420.00, SL dist=0.00",2261
2026-09-23 21:26:56,Account 2,Swift Gold Forex,GOLD SELL 4290  TP 4285 TP 4280 TP 4275  SL 4300    3    https://t.me/+TqMQA8tKgEE0OTQ0 https://t.me/+TqMQA8tKgEE0OTQ0,SELL GOLD @ 4290.0,REJECTED,"R:R too low: 0.50x (need >= 1.5x). TP=4285.00, SL dist=10.00",2262
2026-09-23 21:41:27,Account 2,GOLD Trader Dan,ASIA session sell limit! 1/6 RR trade!  XAUUSD SMASHED TP 930 PIPS ,SELL GOLD @ 930.0,REJECTED,Price sanity fail: entry 930.0 is 78.3% from live 4282.48000,2263
2026-09-23 21:41:53,Account 2,GOLD Trader Dan,2nd SELL London session! 1/6 RR!  XAUUSD SMASHED TP 500 PIPS ,SELL GOLD @ 500.0,REJECTED,Price sanity fail: entry 500.0 is 88.3% from live 4282.08000,2264
2026-09-23 21:45:00,Account 2,Grade Profit forex,XAUUSD gold 4325_4335 I will delete the link after two minutes   https://t.me/+mkOOI0LWKOQ1ZDFk https://t.me/+mkOOI0LWKOQ1ZDFk   600+ PIPS TARGET ,SELL GOLD @ 4325.0,FAILED,MT5 execution failed — check broker logs,2265
2026-09-23 21:58:08,Account 2,XAUUSD GOLD MASTER,XAUUSD SELL now      Click to see ,SELL GOLD @ 4047.0,REJECTED,"R:R too low: 0.27x (need >= 1.5x). TP=4044.00, SL dist=11.00",2266
2026-09-23 21:58:44,Account 2,JOSEFINA TRADER0⚔️,Gold Sell @ 4356 Sl: @ 4366 TP: @ 4336 lot size 0.11 Confirm 94% https://t.me/+c97aCriCP445Mjlk https://t.me/+c97aCriCP445Mjlk,SELL GOLD @ 4356.0,FAILED,MT5 execution failed — check broker logs,2267
2026-09-23 22:01:04,Account 2,XAUUSD GOLD MASTER, #XAUUSD SELL NOW 4353   SL :#see in channal   TP: #see in channal   https://t.me/+nI2yEZTsycEyYWNk https://t.me/+nI2yEZTsycEyYWNk  LINK EXPIRE IN 5 M...,SELL GOLD @ 4353.0,FAILED,MT5 execution failed — check broker logs,2268
2026-09-23 22:06:31,Account 2,XAUUSD GOLD MASTER,XAUUSD Buy now      Click to see ,BUY GOLD @ 4047.0,REJECTED,"R:R too low: 0.27x (need >= 1.5x). TP=4044.00, SL dist=11.00",2269
2026-09-23 22:13:21,Account 2,RIAOGOLDFOREX,XAUUSD SELL NOW,SELL GOLD @ 4047.0,REJECTED,"R:R too low: 0.27x (need >= 1.5x). TP=4044.00, SL dist=11.00",2270
2026-09-23 22:13:44,Account 2,JOSEFINA TRADER0⚔️,GOLD / XAUUSD  BIG SIGNAL  TARGET 200 PIPS  SL TP     https://t.me/+VC4hMO3L76M1Y2Jk https://t.me/+b5s-pnnW25lmY2E0,BUY GOLD @ 4063.0,REJECTED,"R:R too low: 1.00x (need >= 1.5x). TP=4073.00, SL dist=10.00",2271
2026-09-23 22:30:59,Account 2,RIAOGOLDFOREX,XAUUSD SURE CALL ,SELL GOLD @ 4047.0,REJECTED,"R:R too low: 0.27x (need >= 1.5x). TP=4044.00, SL dist=11.00",2272
2026-09-23 23:07:57,Account 2,Swift Gold Forex,Gold Sell @ 4296 Sl: @ 4306 TP: @ 4276 lot size 0.11 Confirm 94% https://t.me/+izItJfSEfjY3NWU0 https://t.me/+izItJfSEfjY3NWU0,SELL GOLD @ 4296.0,FAILED,MT5 execution failed — check broker logs,2273
2026-09-23 23:40:02,Account 2,Perfect Management,#XAUUSD         SELL  All TP⁶ HIT DONE 240+ PIPS,"BOOK_PROFIT_80% GOLD @ 0 (SL: 0, TP: 0)",BOOK_PROFIT_80%,GOLD,0,0,0,SUCCESS,All TPs hit -> Booked 80%
2026-09-23 23:45:50,Account 1,𝗠𝗿𝗚𝗼𝗹𝗱𝗲𝗻𝗪𝗮𝘆 𝗧𝗿𝗮𝗱𝗲𝗿,XAUUSD INSTANT BUY  Entry: 4288/4285 TP1: 4291 TP2: 4294 TP3: 4298 TP4: 4315  SL : 4278.60  Use proper mm,BUY GOLD @ 4288.0,REJECTED,"R:R too low: 0.32x (need >= 1.5x). TP=4291.00, SL dist=9.40",2275
2026-09-23 23:46:08,Account 2,SureShot GOLD (VIP),XAUUSD BUY 4289.89  SL:  4279.89 TP:  4309.89 --Trade by William,BUY GOLD @ 4289.89,FAILED,MT5 execution failed — check broker logs,2276
2026-09-24 00:14:14,Account 2,Swift Gold Forex,Gold Sell @ 4300 Sl: @ 4310 TP: @ 4280 lot size 0.11 Confirm 94% https://t.me/+syW1-sOtKPNhNmY0 https://t.me/+syW1-sOtKPNhNmY0,SELL GOLD @ 4300.0,FAILED,MT5 execution failed — check broker logs,2277
2026-09-24 00:24:17,Account 2,Swift Gold Forex,GOLD BUY NOW   USE BIG LOT   SL & TP ,BUY GOLD @ None,FAILED,MT5 execution failed — check broker logs,2278
2026-09-24 00:47:52,Account 2,👑 Profitway Crypto MCX Forex 👑,XAUUSD SCLAPING DONE IN LIVE !! ,SELL GOLD @ 4068.0,REJECTED,SL too wide: 15.00 > 10.46 (1.5x ATR=6.97). Max risk exceeded.,2279
2026-09-24 01:04:32,Account 2,Sureshot FX VIP,AUDJPY SELL 111.4  SL:  111.9 TP:  110.4 --Trade by David,SELL AUDJPY @ 111.4,REJECTED,Gold Lock: Symbol 'AUDJPY' rejected. Gold only.,2280
2026-09-24 01:07:34,Account 2,Sureshot FX VIP,AUDUSD SELL 0.7038  SL:  0.7088 TP:  0.6938 --Trade by David,SELL AUDUSD @ 0.7038,REJECTED,Gold Lock: Symbol 'AUDUSD' rejected. Gold only.,2281
2026-09-24 04:39:11,Account 2,XAUUSD GOLD MASTER, XAUUSD BUY         Click to see     https://t.me/+KkunQU3cswM2MDlk https://t.me/+KkunQU3cswM2MDlk,BUY GOLD @ 4041.0,FAILED,MT5 execution failed — check broker logs,2282
2026-09-24 04:46:56,Account 2,XAUUSD GOLD MASTER,Gold Sell @ 4356 Sl: @ 4366 TP: @ 4336 lot size 0.11 Confirm 94% https://t.me/+c97aCriCP445Mjlk https://t.me/+c97aCriCP445Mjlk,SELL GOLD @ 4356.0,REJECTED,SL too wide: 10.00 > 7.09 (1.5x ATR=4.73). Max risk exceeded.,2283
2026-09-24 05:28:40,Account 2,Vault Gold Forex™,XAUUSD Buy now      Click to see ,BUY GOLD @ 4047.0,REJECTED,SL too wide: 11.00 > 7.18 (1.5x ATR=4.79). Max risk exceeded.,2284
2026-09-24 06:12:56,Account 2,Vault Gold Forex™,GOLD / XAUUSD  BIG SIGNAL  TARGET 200 PIPS  SL TP  8k https://t.me/+dNO8hIh8bUNkN2I8 FAST OPEN FOR 3 MINUTES  ok my,BUY GOLD @ 8000.0,REJECTED,SL too wide: 1000.00 > 7.37 (1.5x ATR=4.91). Max risk exceeded.,2285
2026-09-24 06:28:01,Account 2,Vault Gold Forex™,GOLD SELL 4270/4275 TP1 4265 TP2 4255 TP3 4240 TP4 4220 Sl....4280  GOOD LUCK VIP FREE SINGLE  https://t.me/+rqRzFZE5U5phOTdk  1 Year FREE JOIN  https...,SELL GOLD @ 4270.0,REJECTED,SL too wide: 10.00 > 7.86 (1.5x ATR=5.24). Max risk exceeded.,2286
2026-09-24 06:28:13,Account 2,Vault Gold Forex™, GOLD SELL NOW   TP  TP  SL     3   ,SELL GOLD @ None,FAILED,MT5 execution failed — check broker logs,2287
2026-09-24 06:28:48,Account 2,Vault Gold Forex™,XAUUSD BUY 4296,BUY GOLD @ 4296.0,FAILED,MT5 execution failed — check broker logs,2288
2026-09-24 06:29:57,Account 2,Vault Gold Forex™,XAUUSD BUY 4296  TP 4299 TP 4302 TP 4305 TP 4308 TP 4311  SL 4286,BUY GOLD @ 4296.0,REJECTED,SL too wide: 10.00 > 7.86 (1.5x ATR=5.24). Max risk exceeded.,2289
2026-09-24 06:46:58,Account 2,XAUUSD GOLD MASTER,#GOLD BUY4294-4291  TP 4297 TP 4300 TP 4304 TP 4309 TP 4314 TP 4324  SL 4381,BUY GOLD @ 4294.0,REJECTED,SL too wide: 87.00 > 8.59 (1.5x ATR=5.73). Max risk exceeded.,2290
2026-09-24 06:47:27,Account 2,XAUUSD GOLD MASTER,XAUUSD BUY 4300,BUY GOLD @ 4300.0,FAILED,MT5 execution failed — check broker logs,2291
2026-09-24 06:47:48,Account 2,XAUUSD GOLD MASTER,XAUUSD BUY 4300  TP 4303 TP 4306 TP 4309 TP 4312 TP 4315  SL 4288,BUY GOLD @ 4300.0,REJECTED,SL too wide: 12.00 > 8.90 (1.5x ATR=5.94). Max risk exceeded.,2292
2026-09-24 07:20:52,Account 2,Market Trader Crypto Forex,BTCUSDT Short Trade   👇👇👇👇  https://affs.click/xnqPA PATNER CODE (663WF),"SELL BTCUSD @ 84040.05 (SL: 84080.05, TP: 83960.05)",SELL,BTCUSD,84040.05,84080.05,83960.05,SUCCESS,Executed Market Trader Setup
2026-09-24 07:25:20,Account 2,JOSEFINA TRADER0⚔️,XAUUSD SELL 4286,SELL GOLD @ 4286.0,FAILED,MT5 execution failed — check broker logs,2294
2026-09-24 07:26:52,Account 2,Swift Gold Forex,XAUUSD BUY 4282  TP 4285 TP 4288 TP 4291 TP 4284  SL 4271,BUY GOLD @ 4282.0,REJECTED,SL too wide: 11.00 > 9.95 (1.5x ATR=6.63). Max risk exceeded.,2295
2026-09-24 07:28:13,Account 2,JOSEFINA TRADER0⚔️,XAUUSD SELL 4286 TP 4283 TP 4280 TP 4277 TP 4274 TP 4271 SL 4297 ,SELL GOLD @ 4286.0,REJECTED,SL too wide: 11.00 > 10.29 (1.5x ATR=6.86). Max risk exceeded.,2296
2026-09-24 07:37:23,Account 2,Market Trader Crypto Forex,300 Point done. Sl ctc kar lijiye and Book some profit.,"MODIFY_BREAKEVEN BTCUSD @ 0 (SL: 0, TP: 0)",MODIFY_BREAKEVEN,BTCUSD,0,0,0,NO_OPEN_ORDER,"SL moved to entry, closed 40%"
2026-09-24 07:39:14,Account 2,JOSEFINA TRADER0⚔️,GOLD SELL   XAU USD SIGNAL  TARGET 500 PIPS  SL TP  https://t.me/+HV6ibKxRn3cxNzM0 https://t.me/+HV6ibKxRn3cxNzM0 https://t.me/+HV6ibKxRn3cxNzM0,SELL GOLD @ 500.0,REJECTED,"R:R too low: 0.00x (need >= 1.5x). TP=500.00, SL dist=5.61",2298
2026-09-24 07:43:37,Account 2,Market Trader Crypto Forex,500 Point done. Sl ctc kar lijiye and Book some profit.,"MODIFY_BREAKEVEN BTCUSD @ 0 (SL: 0, TP: 0)",MODIFY_BREAKEVEN,BTCUSD,0,0,0,NO_OPEN_ORDER,"SL moved to entry, closed 40%"
2026-09-24 07:44:14,Account 2,JOSEFINA TRADER0⚔️,GOLD SELL   XAU USD SIGNAL  TARGET 500 PIPS  SL TP  https://t.me/+HV6ibKxRn3cxNzM0 https://t.me/+HV6ibKxRn3cxNzM0 https://t.me/+HV6ibKxRn3cxNzM0,SELL GOLD @ 500.0,REJECTED,"R:R too low: 0.00x (need >= 1.5x). TP=500.00, SL dist=5.73",2300
2026-09-24 07:46:11,Account 2,Sureshot FX VIP,EURAUD BUY 1.6196  SL:  1.6146 TP:  1.6296 --Trade by David,BUY EURAUD @ 1.6196,REJECTED,Gold Lock: Symbol 'EURAUD' rejected. Gold only.,2301
2026-09-24 07:46:24,Account 2,Sureshot FX 🎯,EURAUD BUY 1.6196  SL:  1.6146 TP:  1.6296 --Trade by David,BUY EURAUD @ 1.6196,REJECTED,Gold Lock: Symbol 'EURAUD' rejected. Gold only.,2302
2026-09-24 07:49:42,Account 2,JOSEFINA TRADER0⚔️,XAUUSD (GOLD) NEXT MOVE CONFRIM ENTRY  ,SELL GOLD @ 4047.0,REJECTED,SL too wide: 11.00 > 10.86 (1.5x ATR=7.24). Max risk exceeded.,2303
2026-09-24 07:50:04,Account 2,JOSEFINA TRADER0⚔️,GOLD SELL   XAU USD SIGNAL  TARGET 500 PIPS  SL TP  https://t.me/+HV6ibKxRn3cxNzM0 https://t.me/+HV6ibKxRn3cxNzM0 https://t.me/+HV6ibKxRn3cxNzM0,SELL GOLD @ 500.0,REJECTED,"R:R too low: 0.00x (need >= 1.5x). TP=500.00, SL dist=5.79",2304
2026-09-24 07:50:29,Account 2,JOSEFINA TRADER0⚔️,Gold Buy @ 4340 Sl: @ 4330 TP: @ 4360 lot size 0.11 Confirm 99% https://t.me/+uzO3h0qpzvw1ZjQ0,BUY GOLD @ 4340.0,FAILED,MT5 execution failed — check broker logs,2305
2026-09-24 07:50:49,Account 2,JOSEFINA TRADER0⚔️,Gold Buy @ 4367 Sl: @ 4357 TP: @ 4377 lot size 0.11 Confirm 99%  https://t.me/+bKAn5BdGPZgzNmM0 https://t.me/+bKAn5BdGPZgzNmM0,BUY GOLD @ 4367.0,REJECTED,"R:R too low: 1.00x (need >= 1.5x). TP=4377.00, SL dist=10.00",2306
2026-09-24 07:51:38,Account 2,𝐗𝐀𝐔𝐔𝐒𝐃 𝐓𝐑𝐀𝐃𝐈𝐍𝐆 𝐌𝐀𝐒𝐓𝐄𝐑,XAUUSD SELL NOW 4286-4289  TP1 4283 TP2 4280 TP3 4277 TP4 4274 TP5 4271 TP6 4268 TP7 4265   SL4295 use Proper money management,SELL GOLD @ 4286,REJECTED,"R:R too low: 1.00x (need >= 1.5x). TP=4283.00, SL dist=3.00",2307
2026-09-24 07:51:54,Account 2,XAUUSD GOLD MASTER,XAUUSD BUY 4283,BUY GOLD @ 4283.0,FAILED,MT5 execution failed — check broker logs,2308
2026-09-24 07:52:15,Account 2,XAUUSD GOLD MASTER,XAUUSD BUY 4283  TP 4286 TP 4289 TP 4292 TP 4295 TP 4298  SL 4271,BUY GOLD @ 4283.0,REJECTED,SL too wide: 12.00 > 10.86 (1.5x ATR=7.24). Max risk exceeded.,2309
2026-09-24 07:55:54,Account 2,JOSEFINA TRADER0⚔️,GOLD SELL   XAU USD SIGNAL  TARGET 500 PIPS  SL TP  https://t.me/+HV6ibKxRn3cxNzM0 https://t.me/+HV6ibKxRn3cxNzM0 https://t.me/+HV6ibKxRn3cxNzM0,SELL GOLD @ 500.0,REJECTED,"R:R too low: 0.00x (need >= 1.5x). TP=500.00, SL dist=5.79",2310
2026-09-24 07:59:17,Account 2,JOSEFINA TRADER0⚔️, GOLD SELL NOW   TP  TP  SL     3   ,SELL GOLD @ None,FAILED,MT5 execution failed — check broker logs,2311
2026-09-24 08:02:06,Account 2,JOSEFINA TRADER0⚔️,Gold Buy @ 4274 Sl: @ 4264 TP: @ 4284 lot size 0.11 Confirm 99 %https://t.me/+7gxLki0gAT00MThk,BUY GOLD @ 4274.0,REJECTED,"R:R too low: 1.00x (need >= 1.5x). TP=4284.00, SL dist=10.00",2312
2026-09-24 08:04:34,Account 2,Grade Profit forex,XAUUSD BUY 4287,BUY GOLD @ 4287.0,FAILED,MT5 execution failed — check broker logs,2313
2026-09-24 08:05:50,Account 2,Grade Profit forex,XAUUSD BUY 4287  TP 4290 TP 4293 TP 4296 TP 4299 TP 4302  SL 4277,BUY GOLD @ 4287.0,REJECTED,"R:R too low: 0.30x (need >= 1.5x). TP=4290.00, SL dist=10.00",2314
2026-09-24 08:07:21,Account 2,JOSEFINA TRADER0⚔️,XAUUSD (GOLD) NEXT MOVE CONFRIM ENTRY  ,SELL GOLD @ 4047.0,REJECTED,"R:R too low: 0.27x (need >= 1.5x). TP=4044.00, SL dist=11.00",2315
2026-09-24 08:12:41,Account 2,JOSEFINA TRADER0⚔️,GOLD SELL   XAU USD SIGNAL  TARGET 500 PIPS  SL TP  https://t.me/+HV6ibKxRn3cxNzM0 https://t.me/+HV6ibKxRn3cxNzM0 https://t.me/+HV6ibKxRn3cxNzM0,SELL GOLD @ 500.0,REJECTED,"R:R too low: 0.00x (need >= 1.5x). TP=500.00, SL dist=6.38",2316
2026-09-24 08:12:58,Account 2,JOSEFINA TRADER0⚔️,Gold Buy @ 4274 Sl: @ 4264 TP: @ 4284 lot size 0.11 Confirm 99 %https://t.me/+7gxLki0gAT00MThk,BUY GOLD @ 4274.0,REJECTED,"R:R too low: 1.00x (need >= 1.5x). TP=4284.00, SL dist=10.00",2317
2026-09-24 08:13:19,Account 2,JOSEFINA TRADER0⚔️,XAUUSD SELL 4297,SELL GOLD @ 4297.0,FAILED,MT5 execution failed — check broker logs,2318
2026-09-24 08:13:35,Account 2,JOSEFINA TRADER0⚔️,XAUUSD SELL 4298,SELL GOLD @ 4298.0,FAILED,MT5 execution failed — check broker logs,2319
2026-09-24 08:14:56,Account 2,JOSEFINA TRADER0⚔️,XAUUSD SELL 4298 TP 4295 TP 4292 TP 4289 TP 4286 TP 4283 TP 4280 SL 4309 ,SELL GOLD @ 4298.0,REJECTED,"R:R too low: 0.27x (need >= 1.5x). TP=4295.00, SL dist=11.00",2320
2026-09-24 08:15:32,Account 2,RIAOGOLDFOREX,XAUUSD BUY 4292,BUY GOLD @ 4292.0,FAILED,MT5 execution failed — check broker logs,2321
2026-09-24 08:18:11,Account 2,Sureshot FX VIP,EURNZD BUY 2.0065  SL:  2.0015 TP:  2.0165 --Trade by David,BUY EURNZD @ 2.0065,REJECTED,Gold Lock: Symbol 'EURNZD' rejected. Gold only.,2322
2026-09-24 08:18:26,Account 2,RIAOGOLDFOREX,XAUUSD BUY 4292  TP 4295  TP 4298  TP 4301  TP 4304  TP 4307  TP 4310  SL 4282,BUY GOLD @ 4292.0,REJECTED,"R:R too low: 0.30x (need >= 1.5x). TP=4295.00, SL dist=10.00",2323
2026-09-24 08:22:04,Account 2,RIAOGOLDFOREX,XAUUSD SURE CALL ,SELL GOLD @ 4047.0,REJECTED,"R:R too low: 0.27x (need >= 1.5x). TP=4044.00, SL dist=11.00",2324
2026-09-24 08:22:39,Account 2,JOSEFINA TRADER0⚔️,Gold Buy @ 4274 Sl: @ 4264 TP: @ 4284 lot size 0.11 Confirm 99 %https://t.me/+7gxLki0gAT00MThk,BUY GOLD @ 4274.0,REJECTED,"R:R too low: 1.00x (need >= 1.5x). TP=4284.00, SL dist=10.00",2325
2026-09-24 08:27:53,Account 2,JOSEFINA TRADER0⚔️,GOLD / XAUUSD  BIG SIGNAL  TARGET 200 PIPS  SL TP  8k https://t.me/+dNO8hIh8bUNkN2I8 FAST OPEN FOR 3 MINUTES  ok my,BUY GOLD @ 8000.0,REJECTED,SL too wide: 1000.00 > 12.40 (1.5x ATR=8.26). Max risk exceeded.,2326
2026-09-24 08:28:34,Account 2,THE FOREX BLUEPRINT,GOLD POR TRADER:  GOLD BUY NOW ZONE 42-90 42-85  TP1  42-95 TP2 43-00 TP3  43-05 TP4 43-10 TP5. 43-15 TP6. 43-20   SL  :42-78  Everybody Use according...,BUY GOLD @ 42.0,REJECTED,"R:R too low: 1.22x (need >= 1.5x). TP=42.95, SL dist=0.78",2327
2026-09-24 08:29:26,Account 2,𝐗𝐀𝐔𝐔𝐒𝐃 𝐓𝐑𝐀𝐃𝐈𝐍𝐆 𝐌𝐀𝐒𝐓𝐄𝐑,XAUUSD SELL NOW 4296-4299  TP1 4293 TP2 4290 TP3 4287 TP4 4284 TP5 4281 TP6 4278 TP7 4275   SL4305 use Proper money management,SELL GOLD @ 4296,REJECTED,"R:R too low: 0.33x (need >= 1.5x). TP=4293.00, SL dist=9.00",2328
2026-09-24 08:29:54,Account 2,JOSEFINA TRADER0⚔️,Gold Buy @ 4274 Sl: @ 4264 TP: @ 4284 lot size 0.11 Confirm 99 %https://t.me/+7gxLki0gAT00MThk,BUY GOLD @ 4274.0,REJECTED,"R:R too low: 1.00x (need >= 1.5x). TP=4284.00, SL dist=10.00",2329
2026-09-24 08:33:56,Account 2,JOSEFINA TRADER0⚔️,XAUUSD SELL.4300   4300 I will delete the link after two minutes   https://t.me/+Gbo2GD30TIlkMzk0    600+ PIPS TARGET ,SELL GOLD @ 4300.0,FAILED,MT5 execution failed — check broker logs,2330
2026-09-24 08:40:38,Account 2,JOSEFINA TRADER0⚔️,Confirm entry     XAUUSDBY  Confirm entry  https://t.me/+f25IS9iUqsQwOTU8,SELL GOLD @ 4047.0,REJECTED,"R:R too low: 0.27x (need >= 1.5x). TP=4044.00, SL dist=11.00",2331
2026-09-24 08:42:08,Account 2,RIAOGOLDFOREX,GOLD / XAUUSD  BIG SIGNAL  TARGET 200 PIPS  SL TP  8k https://t.me/+dNO8hIh8bUNkN2I8 FAST OPEN FOR 3 MINUTES  ok my,BUY GOLD @ 8000.0,REJECTED,SL too wide: 1000.00 > 12.91 (1.5x ATR=8.60). Max risk exceeded.,2332
2026-09-24 08:43:18,Account 1,DUBAI CAPITAL FX GROUP 3,GOLD SELL 4390/4393 SL _4302  TP 4287 TP 4284 TP 4280 TP 4277 TP 4274 TP 4271 TP 4368 TP 4265,SELL GOLD @ 4390.0,REJECTED,SL too wide: 88.00 > 12.92 (1.5x ATR=8.61). Max risk exceeded.,2333
2026-09-24 08:47:03,Account 2,JOSEFINA TRADER0⚔️,Gold Buy @ 4367 Sl: @ 4357 TP: @ 4377 lot size 0.11 Confirm 99%  https://t.me/+bKAn5BdGPZgzNmM0 https://t.me/+bKAn5BdGPZgzNmM0,BUY GOLD @ 4367.0,REJECTED,"R:R too low: 1.00x (need >= 1.5x). TP=4377.00, SL dist=10.00",2334
2026-09-24 08:47:56,Account 2,JOSEFINA TRADER0⚔️,Gold Buy @ 4274 Sl: @ 4264 TP: @ 4284 lot size 0.11 Confirm 99 %https://t.me/+7gxLki0gAT00MThk,BUY GOLD @ 4274.0,REJECTED,"R:R too low: 1.00x (need >= 1.5x). TP=4284.00, SL dist=10.00",2335
2026-09-24 08:48:45,Account 2,Vault Gold Forex™,GOLD SELL NOW  SL TP HERE   https://t.me/+2aXiD74-tFhjODM0,SELL GOLD @ None,FAILED,MT5 execution failed — check broker logs,2336
2026-09-24 08:53:30,Account 2,Vault Gold Forex™,GOLD / XAUUSD  BIG SIGNAL  TARGET 200 PIPS  SL TP  8k https://t.me/+dNO8hIh8bUNkN2I8 FAST OPEN FOR 3 MINUTES  ok my,BUY GOLD @ 8000.0,REJECTED,SL too wide: 1000.00 > 12.65 (1.5x ATR=8.43). Max risk exceeded.,2337
2026-09-24 08:53:58,Account 2,JOSEFINA TRADER0⚔️,GOLD SELL NOW   SL   TP   HERE  https://t.me/+kKUiTpEc-GwzZWM0,SELL GOLD @ None,FAILED,MT5 execution failed — check broker logs,2338
2026-09-24 09:05:41,Account 2,JOSEFINA TRADER0⚔️,GOLD SELL NOW   SL   TP   HERE  https://t.me/+kKUiTpEc-GwzZWM0,SELL GOLD @ None,FAILED,MT5 execution failed — check broker logs,2339
2026-09-24 09:10:47,Account 2,JOSEFINA TRADER0⚔️,GOLD SELL NOW   SL   TP   HERE  https://t.me/+kKUiTpEc-GwzZWM0,SELL GOLD @ None,FAILED,MT5 execution failed — check broker logs,2340
2026-09-24 09:12:57,Account 2,JOSEFINA TRADER0⚔️,GOLD BUY NOW  SL TP HERE   https://t.me/+bKAn5BdGPZgzNmM0 https://t.me/+bKAn5BdGPZgzNmM0,BUY GOLD @ None,FAILED,MT5 execution failed — check broker logs,2341
2026-09-24 09:13:31,Account 2,JOSEFINA TRADER0⚔️,XAUUSD SELL.4300   4300 I will delete the link after two minutes   https://t.me/+Gbo2GD30TIlkMzk0    600+ PIPS TARGET ,SELL GOLD @ 4300.0,FAILED,MT5 execution failed — check broker logs,2342
2026-09-24 09:19:32,Account 2,RIAOGOLDFOREX,XAUUSD BUY 4280,BUY GOLD @ 4280.0,FAILED,MT5 execution failed — check broker logs,2343
2026-09-24 09:20:26,Account 2,Vault Gold Forex™,XAUUSD BUY 4280,BUY GOLD @ 4280.0,FAILED,MT5 execution failed — check broker logs,2344
2026-09-24 09:21:03,Account 2,RIAOGOLDFOREX,XAUUSD BUY 4280  TP 4283  TP 4286  TP 4289  TP 4292  TP 4295  TP 4298  SL 4269,BUY GOLD @ 4280,REJECTED,"R:R too low: 0.27x (need >= 1.5x). TP=4283.00, SL dist=11.00",2345
2026-09-24 09:21:19,Account 2,Vault Gold Forex™,XAUUSD BUY 4280  TP 4283 TP 4286 TP 4289 TP 4292 TP 4295  SL 4270,BUY GOLD @ 4280,REJECTED,"R:R too low: 0.30x (need >= 1.5x). TP=4283.00, SL dist=10.00",2346
2026-09-24 09:30:34,Account 2,XAUUSD GOLD MASTER,XAUUSD SURE CALL ,SELL GOLD @ 4047.0,REJECTED,"R:R too low: 0.27x (need >= 1.5x). TP=4044.00, SL dist=11.00",2347
2026-09-24 09:34:09,Account 2,XAUUSD GOLD MASTER,XAUUSD SURE CALL ,SELL GOLD @ 4047.0,REJECTED,"R:R too low: 0.27x (need >= 1.5x). TP=4044.00, SL dist=11.00",2348
2026-09-24 09:38:56,Account 2,JOSEFINA TRADER0⚔️, GOLD SELL NOW   TP  TP  SL     3   ,SELL GOLD @ None,FAILED,MT5 execution failed — check broker logs,2349
2026-09-24 09:42:30,Account 2,JOSEFINA TRADER0⚔️,Gold Sell @ 4290 Sl: @ 4300 TP: @ 4270 lot size 0.11 Confirm 94% https://t.me/+3nbpH6VANps3NjA0,SELL GOLD @ 4290.0,FAILED,MT5 execution failed — check broker logs,2350
2026-09-24 09:45:03,Account 2,Vault Gold Forex™,Gold Sell @ 4296 Sl: @ 4306 TP: @ 4276 lot size 0.11 Confirm 94% https://t.me/+izItJfSEfjY3NWU0 https://t.me/+izItJfSEfjY3NWU0,SELL GOLD @ 4296.0,FAILED,MT5 execution failed — check broker logs,2351
2026-09-24 09:46:36,Account 2,THE FOREX BLUEPRINT, BTCUSDSELL NOW ZONE 83-800 84-200  TP1  83-600 TP2 83-400 TP3  83-200 TP4 83-000 TP5. 82-800 TP6. 42-600   SL  :84-800  Everybody Use according to Mo...,SELL BTCUSD @ 83,REJECTED,Gold Lock: Symbol 'BTCUSD' rejected. Gold only.,2352
2026-09-24 09:48:23,Account 2,THE FOREX BLUEPRINT,GOLD POR TRADER:  BTCUSDSELL NOW ZONE 83-800 84-200  TP1  83-600 TP2 83-400 TP3  83-200 TP4 83-000 TP5. 82-800 TP6. 42-600   SL  :84-800  Everybody Us...,SELL BTCUSD @ 83,REJECTED,Gold Lock: Symbol 'BTCUSD' rejected. Gold only.,2353
2026-09-24 09:49:43,Account 2,THE FOREX BLUEPRINT, GOLD BUY NOW ZONE 42-82 42-76  TP1  42-87 TP2 42-93 TP3  42-98 TP4 43-05 TP5. 43-10 TP6. 43-15   SL  :42-70  Everybody Use according to Money Managem...,BUY GOLD @ 42.0,REJECTED,"R:R too low: 0.00x (need >= 1.5x). TP=42.00, SL dist=0.00",2354
2026-09-24 09:50:01,Account 2,XAUUSD GOLD MASTER,XAUUSD SELL 4283  TP 4280 TP 4277 TP 4274 TP 4271 TP 4268  SL 4295,SELL GOLD @ 4283.0,REJECTED,"R:R too low: 0.25x (need >= 1.5x). TP=4280.00, SL dist=12.00",2355
2026-09-24 09:51:12,Account 2,XAUUSD GOLD MASTER,XAUUSD SELL 4283,SELL GOLD @ 4283.0,FAILED,MT5 execution failed — check broker logs,2356
2026-09-24 09:51:54,Account 2,THE FOREX BLUEPRINT, GOLD BUY NOW ZONE 42-82 42-76  TP1  42-87 TP2 42-93 TP3  42-98 TP4 43-05 TP5. 43-10 TP6. 43-15   SL  :42-70  Everybody Use according to Money Managem...,BUY GOLD @ 42.0,REJECTED,"R:R too low: 0.00x (need >= 1.5x). TP=42.00, SL dist=0.00",2357
2026-09-24 10:00:17,Account 2,XAUUSD GOLD MASTER,XAUUSD SURE CALL ,SELL GOLD @ 4047.0,REJECTED,SL too wide: 11.00 > 10.83 (1.5x ATR=7.22). Max risk exceeded.,2358
2026-09-24 10:00:20,Account 2,RIAOGOLDFOREX,XAUUSD SURE CALL ,SELL GOLD @ 4047.0,REJECTED,SL too wide: 11.00 > 10.83 (1.5x ATR=7.22). Max risk exceeded.,2359
2026-09-24 10:00:20,Account 2,JOSEFINA TRADER0⚔️,XAUUSD BUY 4285,BUY GOLD @ 4285.0,FAILED,MT5 execution failed — check broker logs,2360
2026-09-24 10:00:46,Account 2,JOSEFINA TRADER0⚔️,XAUUSD BUY 4285,BUY GOLD @ 4285.0,FAILED,MT5 execution failed — check broker logs,2361
2026-09-24 10:03:09,Account 2,JOSEFINA TRADER0⚔️,XAUUSD BUY 4285 TP 4288 TP 4291 TP 4294 TP 4297 TP 4300 SL 4274 ,BUY GOLD @ 4285.0,REJECTED,SL too wide: 11.00 > 10.94 (1.5x ATR=7.29). Max risk exceeded.,2362
2026-09-24 10:04:13,Account 2,🌕 PERO | Forex - Investing ™,"PERO TREND FORECAST  Gold remains under short-term selling pressure, with price consolidating near the lower end of the recent decline.  Price is now ...",N/A,FAILED,Trigger could not parse a valid trade structure from this signal,2363
2026-09-24 10:05:50,Account 2,Vault Gold Forex™,XAUUSD SELL NOW 4290  TP 4277 TP 4265 TP 4335  SL 4312 VIP GROUP OPEN FOR 3 MINUTES     https://t.me/+5hCXAaFYKyU0NTI0,SELL GOLD @ 4290.0,REJECTED,SL too wide: 22.00 > 11.10 (1.5x ATR=7.40). Max risk exceeded.,2364
2026-09-24 10:07:14,Account 2,Vault Gold Forex™,XAUUSD SELL NOW 4290  TP 4277 TP 4265 TP 4335  SL 4312 VIP GROUP OPEN FOR 3 MINUTES     https://t.me/+5hCXAaFYKyU0NTI0,SELL GOLD @ 4290,REJECTED,SL too wide: 22.00 > 11.10 (1.5x ATR=7.40). Max risk exceeded.,2365
2026-09-24 10:10:53,Account 2,JOSEFINA TRADER0⚔️,GOLD / XAUUSD  BIG SIGNAL  TARGET 200 PIPS  SL TP     https://t.me/+VC4hMO3L76M1Y2Jk https://t.me/+b5s-pnnW25lmY2E0,BUY GOLD @ 4063.0,REJECTED,"R:R too low: 1.00x (need >= 1.5x). TP=4073.00, SL dist=10.00",2366
2026-09-24 10:15:00,Account 2,👑 Profitway Crypto MCX Forex 👑,#GOLD #BUY   4286  STOPLOSS 4280 ONLY 60 PIPES   https://affs.click/qc8EV  TP 4292   TP 4300   TP 4310   USE MONEY MANGAMENT ONLY 10/20% CAPITAL USE ,BUY GOLD @ 4286,REJECTED,"R:R too low: 1.00x (need >= 1.5x). TP=4292.00, SL dist=6.00",2367
2026-09-24 10:16:09,Account 2,JOSEFINA TRADER0⚔️,GOLD / XAUUSD BIG SIGNAL  TARGET 200 PIPS  SL TP  https://t.me/+m4JqqkalkI04ZDc0,BUY GOLD @ None,FAILED,MT5 execution failed — check broker logs,2368
2026-09-24 10:17:48,Account 2,XAUUSD GOLD MASTER,Gold Buy @ 4282 Sl: @ 4272 TP: @ 4292 lot size 0.11 Confirm 99% https://t.me/+c97aCriCP445Mjlk https://t.me/+c97aCriCP445Mjlk,BUY GOLD @ 4282.0,REJECTED,"R:R too low: 1.00x (need >= 1.5x). TP=4292.00, SL dist=10.00",2369
2026-09-24 10:18:09,Account 2,XAUUSD GOLD MASTER,Gold Sell @ 4290 Sl: @ 4300 TP: @ 4270 lot size 0.11 Confirm 94% https://t.me/+3nbpH6VANps3NjA0,SELL GOLD @ 4290.0,FAILED,MT5 execution failed — check broker logs,2370
2026-09-24 10:23:14,Account 2,JOSEFINA TRADER0⚔️,GOLD / XAUUSD BIG SIGNAL  TARGET 200 PIPS  SL TP  https://t.me/+m4JqqkalkI04ZDc0,BUY GOLD @ None,FAILED,MT5 execution failed — check broker logs,2371
2026-09-24 10:26:36,Account 2,RIAOGOLDFOREX,GOLD NOW 4289  PLEASE don't SHARE this link  once you join   https://t.me/+bb-D4NhANtY1Y2Vk https://t.me/+bb-D4NhANtY1Y2Vk  ITS A SECRET,SELL GOLD @ 4289.0,FAILED,MT5 execution failed — check broker logs,2372
2026-09-24 10:28:01,Account 2,Sureshot FX VIP,GBPAUD BUY 1.8822  SL:  1.8772 TP:  1.8922 --Trade by Toby,BUY GBPAUD @ 1.8822,REJECTED,Gold Lock: Symbol 'GBPAUD' rejected. Gold only.,2373
2026-09-24 10:28:17,Account 2,Vault Gold Forex™,GOLD / XAUUSD BIG SIGNAL  TARGET 200 PIPS  SL TP  https://t.me/+m4JqqkalkI04ZDc0,BUY GOLD @ None,FAILED,MT5 execution failed — check broker logs,2374
2026-09-24 10:28:43,Account 2,Swift Gold Forex,GOLD / XAUUSD BIG SIGNAL  TARGET 200 PIPS  SL TP  https://t.me/+m4JqqkalkI04ZDc0,BUY GOLD @ None,FAILED,MT5 execution failed — check broker logs,2375
2026-09-24 10:34:17,Account 2,Vault Gold Forex™,GOLD / XAUUSD  BIG SIGNAL  TARGET 200 PIPS  SL TP  8k https://t.me/+dNO8hIh8bUNkN2I8 FAST OPEN FOR 3 MINUTES  ok my,BUY GOLD @ 8000.0,REJECTED,SL too wide: 1000.00 > 10.20 (1.5x ATR=6.80). Max risk exceeded.,2376
2026-09-24 10:37:05,Account 2,Swift Gold Forex,XAUUSD 100% Confirm Signal ,SELL GOLD @ 4047.0,REJECTED,SL too wide: 11.00 > 10.23 (1.5x ATR=6.82). Max risk exceeded.,2377
2026-09-24 10:48:13,Account 2,XAUUSD GOLD MASTER,GOLD / XAUUSD  BIG SIGNAL  TARGET 200 PIPS  SL TP     https://t.me/+VC4hMO3L76M1Y2Jk https://t.me/+b5s-pnnW25lmY2E0,BUY GOLD @ 4063.0,REJECTED,SL too wide: 10.00 > 9.35 (1.5x ATR=6.23). Max risk exceeded.,2378
2026-09-24 10:49:39,Account 2,XAUUSD GOLD MASTER,GOLD SELL 4270/4275 TP1 4265 TP2 4255 TP3 4240 TP4 4220 Sl....4280  GOOD LUCK VIP FREE SINGLE  https://t.me/+rqRzFZE5U5phOTdk  1 Year FREE JOIN  https...,SELL GOLD @ 4270.0,REJECTED,SL too wide: 10.00 > 9.35 (1.5x ATR=6.23). Max risk exceeded.,2379
2026-09-24 10:55:49,Account 2,XAUUSD GOLD MASTER,GOLD SELL 4270/4275 TP1 4265 TP2 4255 TP3 4240 TP4 4220 Sl....4280  GOOD LUCK VIP FREE SINGLE  https://t.me/+rqRzFZE5U5phOTdk  1 Year FREE JOIN  https...,SELL GOLD @ 4270.0,REJECTED,SL too wide: 10.00 > 9.46 (1.5x ATR=6.31). Max risk exceeded.,2380
2026-09-24 11:10:33,Account 2,RIAOGOLDFOREX, GOLD SELL NOW   TP  TP  SL     3   ,SELL GOLD @ None,FAILED,MT5 execution failed — check broker logs,2381
2026-09-24 11:12:24,Account 2,RIAOGOLDFOREX,XAUUSD 100% Confirm Signal ,SELL GOLD @ 4047.0,REJECTED,SL too wide: 11.00 > 9.47 (1.5x ATR=6.31). Max risk exceeded.,2382
2026-09-24 11:13:18,Account 2,RIAOGOLDFOREX,XAUUSD SURE CALL ,SELL GOLD @ 4047.0,REJECTED,SL too wide: 11.00 > 9.54 (1.5x ATR=6.36). Max risk exceeded.,2383
2026-09-24 11:13:33,Account 2,SureShot GOLD (VIP),XAUUSD BUY 4286.09  SL:  4276.09 TP:  4306.09 --Trade by Liam,BUY GOLD @ 4286.09,REJECTED,SL too wide: 10.00 > 9.56 (1.5x ATR=6.38). Max risk exceeded.,2384
2026-09-24 11:20:11,Account 2,Forex with karol,GOLD SELL TRADE: Entry on 1min. downside breakout at  entry level,SELL GOLD @ 4068.0,REJECTED,SL too wide: 15.00 > 9.71 (1.5x ATR=6.47). Max risk exceeded.,2385
2026-09-24 11:22:48,Account 2,Gold VIP,PLAN A NEW TRADE IN GOLD,BUY GOLD @ None,FAILED,MT5 execution failed — check broker logs,2386
2026-09-24 11:25:26,Account 2,Gold VIP,GOLD SELL TRADE: Entry on 1min. downside breakout at  entry level,SELL GOLD @ 4068.0,REJECTED,SL too wide: 15.00 > 9.71 (1.5x ATR=6.47). Max risk exceeded.,2387
2026-09-24 11:25:53,Account 2,RIAOGOLDFOREX,GOLD NOW 4289  PLEASE don't SHARE this link  once you join   https://t.me/+bb-D4NhANtY1Y2Vk https://t.me/+bb-D4NhANtY1Y2Vk  ITS A SECRET,SELL GOLD @ 4289.0,FAILED,MT5 execution failed — check broker logs,2388
2026-09-24 11:32:25,Account 2,RIAOGOLDFOREX,XAUUSD SELL SELL 4330 USE BIG LOT  SL & TP   https://t.me/+tm7_nGXInB8xMGM0 https://t.me/+tm7_nGXInB8xMGM0  1 year free join,SELL GOLD @ 4330.0,FAILED,MT5 execution failed — check broker logs,2389
2026-09-24 11:37:46,Account 2,Sureshot FX VIP,AUDJPY SELL 111.29  SL:  111.79 TP:  110.29 --Trade by David,SELL AUDJPY @ 111.29,REJECTED,Gold Lock: Symbol 'AUDJPY' rejected. Gold only.,2390
2026-09-24 11:40:20,Account 2,SureShot GOLD (VIP),XAUUSD SELL 4283.83  SL:  4293.83 TP:  4263.83 --Trade by Matthew,SELL GOLD @ 4283.83,REJECTED,SL too wide: 10.00 > 9.40 (1.5x ATR=6.27). Max risk exceeded.,2391
2026-09-24 11:52:01,Account 1,Scalping Gold,Our Buy zone 4275-73,SELL GOLD @ 4068.0,REJECTED,SL too wide: 15.00 > 9.10 (1.5x ATR=6.07). Max risk exceeded.,2392
2026-09-24 11:54:24,Account 2,SureShot GOLD (VIP),XAUUSD SELL 4285.12  SL:  4295.12 TP:  4265.12 --Trade by Matthew,SELL GOLD @ 4285.12,REJECTED,SL too wide: 10.00 > 9.17 (1.5x ATR=6.12). Max risk exceeded.,2393
2026-09-24 12:11:17,Account 1,"Mr.DAVID, XAU/USD CLUB",XAUUSD  BUY  ENTR. 4283.4280 tp1:4288 tp2 4292 tp3 4296 tp4 4300 tp5 4306 SL: 4265,BUY GOLD @ 4283.428,REJECTED,SL too wide: 18.43 > 9.13 (1.5x ATR=6.09). Max risk exceeded.,2394
2026-09-24 12:11:32,Account 2,SureShot GOLD (VIP),XAUUSD BUY 4279.91  SL:  4269.91 TP:  4299.91 --Trade by Liam,BUY GOLD @ 4279.91,REJECTED,SL too wide: 10.00 > 9.13 (1.5x ATR=6.09). Max risk exceeded.,2395
2026-09-24 12:13:05,Account 1,Scalping Gold,Gold Buy Now@4275-73 SL 4271 TP20 TP40 Tp100 TP 4285,BUY GOLD @ 4275.0,FAILED,MT5 execution failed — check broker logs,2396
2026-09-24 12:13:29,Account 2,Vault Gold Forex™,GOLD / XAUUSD BIG SIGNAL  TARGET 200 PIPS  SL TP  https://t.me/+m4JqqkalkI04ZDc0,BUY GOLD @ None,FAILED,MT5 execution failed — check broker logs,2397
2026-09-24 12:15:15,Account 2,Vault Gold Forex™,GOLD SELL 4270/4275 TP1 4265 TP2 4255 TP3 4240 TP4 4220 Sl....4280  GOOD LUCK VIP FREE SINGLE  https://t.me/+rqRzFZE5U5phOTdk  1 Year FREE JOIN  https...,SELL GOLD @ 4270.0,REJECTED,SL too wide: 10.00 > 8.68 (1.5x ATR=5.78). Max risk exceeded.,2398
2026-09-24 12:19:48,Account 2,XAUUSD GOLD MASTER,Gold Sell @ 4296 Sl: @ 4306 TP: @ 4276 lot size 0.11 Confirm 94% https://t.me/+izItJfSEfjY3NWU0 https://t.me/+izItJfSEfjY3NWU0,SELL GOLD @ 4296.0,REJECTED,SL too wide: 10.00 > 8.97 (1.5x ATR=5.98). Max risk exceeded.,2399
2026-09-24 12:22:03,Account 2,XAUUSD GOLD MASTER,GOLD SELL 4270/4275 TP1 4265 TP2 4255 TP3 4240 TP4 4220 Sl....4280  GOOD LUCK VIP FREE SINGLE  https://t.me/+rqRzFZE5U5phOTdk  1 Year FREE JOIN  https...,SELL GOLD @ 4270.0,REJECTED,SL too wide: 10.00 > 8.97 (1.5x ATR=5.98). Max risk exceeded.,2400
2026-09-24 12:22:28,Account 2,Vault Gold Forex™,GOLD / XAUUSD BIG SIGNAL  TARGET 200 PIPS  SL TP  https://t.me/+m4JqqkalkI04ZDc0,BUY GOLD @ None,FAILED,MT5 execution failed — check broker logs,2401
2026-09-24 12:30:07,Account 2,XAUUSD GOLD MASTER,XAUUSD (GOLD) NEXT MOVE CONFRIM ENTRY  ,SELL GOLD @ 4047.0,REJECTED,SL too wide: 11.00 > 8.54 (1.5x ATR=5.69). Max risk exceeded.,2402
2026-09-24 12:32:08,Account 2,XAUUSD GOLD MASTER,Gold Buy @ 4274 Sl: @ 4264 TP: @ 4284 lot size 0.11 Confirm 99 %https://t.me/+7gxLki0gAT00MThk,BUY GOLD @ 4274.0,REJECTED,SL too wide: 10.00 > 8.67 (1.5x ATR=5.78). Max risk exceeded.,2403
2026-09-24 12:38:52,Account 2,SureShot GOLD (VIP),XAUUSD SELL 4281.09  SL:  4291.09 TP:  4261.09 --Trade by Matthew,SELL GOLD @ 4281.09,REJECTED,SL too wide: 10.00 > 9.56 (1.5x ATR=6.37). Max risk exceeded.,2404
2026-09-24 12:40:33,Account 2,🌕 PERO | Forex - Investing ™,BUY 42754272 +110 PIPS   First planned reaction of the day   The lower edge of the Asia range did its job.  Secure some profit and keep the rest prote...,BUY GOLD @ 42754272.0,REJECTED,Price sanity fail: entry 42754272.0 is 998048.0% from live 4283.36000,2405
2026-09-24 12:40:51,Account 2,THE FOREX BLUEPRINT,XAUUSD BUY 4275-4271,N/A,FAILED,Trigger could not parse a valid trade structure from this signal,2406
2026-09-24 12:41:18,Account 2,THE FOREX BLUEPRINT,GOLD POR TRADER:  GOLD BUY NOW ZONE 42-71 42-66  TP1  42-76 TP2 42-82 TP3  42-87 TP4 42-92 TP5. 42-97 TP6. 43-05   SL  :42-66  Everybody Use according...,BUY GOLD @ 42.0,REJECTED,"R:R too low: 1.15x (need >= 1.5x). TP=42.76, SL dist=0.66",2407
2026-09-24 12:42:50,Account 1,Pump Dump Gold,"Dear Traders,  We are going to DUMP XAUUSD today.  DUMP XAUUSD  Level1  4285-4315 Risk  ??  Level2  ?? Risk  ??   Reason for SELL: Fundamental:  Stron...",SELL GOLD @ 4285.0,REJECTED,SL too wide: 30.00 > 9.56 (1.5x ATR=6.37). Max risk exceeded.,2408
2026-09-24 12:43:35,Account 2,XAUUSD GOLD MASTER,XAUUSD (GOLD) NEXT MOVE CONFRIM ENTRY  ,SELL GOLD @ 4047.0,REJECTED,SL too wide: 11.00 > 9.57 (1.5x ATR=6.38). Max risk exceeded.,2409
2026-09-24 12:43:57,Account 2,XAUUSD GOLD MASTER,GOLD SELL 4270/4275 TP1 4265 TP2 4255 TP3 4240 TP4 4220 Sl....4280  GOOD LUCK VIP FREE SINGLE  https://t.me/+rqRzFZE5U5phOTdk  1 Year FREE JOIN  https...,SELL GOLD @ 4270.0,REJECTED,SL too wide: 10.00 > 9.57 (1.5x ATR=6.38). Max risk exceeded.,2410
2026-09-24 12:45:05,Account 2,Vault Gold Forex™,GOLD SELL 4270/4275 TP1 4265 TP2 4255 TP3 4240 TP4 4220 Sl....4280  GOOD LUCK VIP FREE SINGLE  https://t.me/+rqRzFZE5U5phOTdk  1 Year FREE JOIN  https...,SELL GOLD @ 4270.0,REJECTED,SL too wide: 10.00 > 9.09 (1.5x ATR=6.06). Max risk exceeded.,2411
2026-09-24 12:45:45,Account 2,Grade Profit forex,Gold Sell @ 4296 Sl: @ 4306 TP: @ 4276 lot size 0.11 Confirm 94% https://t.me/+izItJfSEfjY3NWU0 https://t.me/+izItJfSEfjY3NWU0,SELL GOLD @ 4296.0,REJECTED,SL too wide: 10.00 > 9.23 (1.5x ATR=6.15). Max risk exceeded.,2412
2026-09-24 12:52:15,Account 2,XAUUSD GOLD MASTER,Gold Buy @ 4277 Sl: @ 4274 TP: @ 4325 lot size 0.11 Confirm 99% https://t.me/+dGFSh0QpQ1RkZTJk,BUY GOLD @ 4277.0,FAILED,MT5 execution failed — check broker logs,2413
2026-09-24 12:56:20,Account 2,XAUUSD GOLD MASTER,GOLD / XAUUSD  BIG SIGNAL  TARGET 200 PIPS  SL TP     https://t.me/+VC4hMO3L76M1Y2Jk https://t.me/+b5s-pnnW25lmY2E0,BUY GOLD @ 4063.0,REJECTED,SL too wide: 10.00 > 9.77 (1.5x ATR=6.51). Max risk exceeded.,2414
2026-09-24 12:59:17,Account 2,XAUUSD GOLD MASTER,XAUUSD (GOLD) NEXT MOVE CONFRIM ENTRY  ,SELL GOLD @ 4047.0,REJECTED,SL too wide: 11.00 > 9.77 (1.5x ATR=6.51). Max risk exceeded.,2415
2026-09-24 12:59:52,Account 2,XAUUSD GOLD MASTER,Gold Buy @ 4274 Sl: @ 4264 TP: @ 4284 lot size 0.11 Confirm 99 %https://t.me/+7gxLki0gAT00MThk,BUY GOLD @ 4274.0,REJECTED,SL too wide: 10.00 > 9.77 (1.5x ATR=6.51). Max risk exceeded.,2416
2026-09-24 13:05:33,Account 2,XAUUSD GOLD MASTER,XAUUSD BUY 4280  TP 4283 TP 4286 TP 4289 TP4292  SL. 4270 http://t.me/+E70go98g7Go1MmU0,BUY GOLD @ 4280,REJECTED,SL too wide: 10.00 > 9.82 (1.5x ATR=6.55). Max risk exceeded.,2417
2026-09-24 13:07:32,Account 2,Swift Gold Forex,GOLD / XAUUSD BIG SIGNAL  TARGET 200 PIPS  SL TP  https://t.me/+m4JqqkalkI04ZDc0,BUY GOLD @ None,FAILED,MT5 execution failed — check broker logs,2418
2026-09-24 13:07:50,Account 2,GOLD Sniper Pips,GOLD SELL 4285 MORE SELL 4295  TP : 4270 TP : 4255 TP : 4235  SL : 4299,SELL GOLD @ 4285.0,REJECTED,SL too wide: 14.00 > 9.82 (1.5x ATR=6.55). Max risk exceeded.,2419
2026-09-24 13:13:49,Account 2,Vault Gold Forex™,GOLD / XAUUSD  BIG SIGNAL  TARGET 200 PIPS  SL TP  8k https://t.me/+dNO8hIh8bUNkN2I8 FAST OPEN FOR 3 MINUTES  ok my,BUY GOLD @ 8000.0,REJECTED,SL too wide: 1000.00 > 10.02 (1.5x ATR=6.68). Max risk exceeded.,2420
2026-09-24 13:15:10,Account 2,XAUUSD GOLD MASTER,GOLD NOW 4280  TP1 TP2 TP3 TP4 TP 5  SL  POSTED IN CHANNEL  JOIN FOR TP AND SL   https://t.me/+YAqd3o4mDiAyMWU0,SELL GOLD @ 4280.0,FAILED,MT5 execution failed — check broker logs,2421
2026-09-24 13:26:35,Account 2,Vault Gold Forex™,Gold Sell @ 4293 Sl: @ 4303 TP: @ 4273 lot size 0.11 Confirm 94% https://t.me/+TqMQA8tKgEE0OTQ0 https://t.me/+TqMQA8tKgEE0OTQ0,SELL GOLD @ 4293.0,FAILED,MT5 execution failed — check broker logs,2422
2026-09-24 13:26:51,Account 2,Vault Gold Forex™,GOLD NOW 4280  TP1 TP2 TP3 TP4 TP 5  SL  POSTED IN CHANNEL  JOIN FOR TP AND SL   https://t.me/+YAqd3o4mDiAyMWU0,SELL GOLD @ 4280.0,FAILED,MT5 execution failed — check broker logs,2423
2026-09-24 13:28:50,Account 2,GOLD PRO TRADER ♨️,#GOLD Sell 4284 . 4288   TP1 : 4280 TP2 : 4276 TP3 : 4272 TP4: 4268 TP5...4264.4260   SL 4299,SELL GOLD @ 4284.0,REJECTED,SL too wide: 15.00 > 10.35 (1.5x ATR=6.90). Max risk exceeded.,2424
2026-09-24 13:32:28,Account 2,Vault Gold Forex™,XAUUSD SELL NOW 4290  TP 4277 TP 4265 TP 4335  SL 4312 VIP GROUP OPEN FOR 3 MINUTES     https://t.me/+5hCXAaFYKyU0NTI0,SELL GOLD @ 4290.0,REJECTED,SL too wide: 22.00 > 10.96 (1.5x ATR=7.31). Max risk exceeded.,2425
2026-09-24 13:39:43,Account 2,𝙂𝙡𝙤𝙗𝙖𝙡 𝙂𝙤𝙡𝙙 𝙄𝙣𝙨𝙞𝙜𝙝𝙩𝙨,XAUUSD SELL NOW 4282.00   TP 1: 4279.00 TP 2: 4276.00 TP 3: 4273.00 TP 4: 4270.00  SL + 4292.00,SELL GOLD @ 4282.0,REJECTED,"R:R too low: 0.30x (need >= 1.5x). TP=4279.00, SL dist=10.00",2426
2026-09-24 13:41:15,Account 2,Vault Gold Forex™,GOLD SELL 4270/4275 TP1 4265 TP2 4255 TP3 4240 TP4 4220 Sl....4280  GOOD LUCK VIP FREE SINGLE  https://t.me/+rqRzFZE5U5phOTdk  1 Year FREE JOIN  https...,SELL GOLD @ 4270.0,REJECTED,"R:R too low: 0.50x (need >= 1.5x). TP=4265.00, SL dist=10.00",2427
2026-09-24 13:41:57,Account 2,Swift Gold Forex,Gold Sell @ 4293 Sl: @ 4303 TP: @ 4273 lot size 0.11 Confirm 94% https://t.me/+TqMQA8tKgEE0OTQ0 https://t.me/+TqMQA8tKgEE0OTQ0,SELL GOLD @ 4293.0,FAILED,MT5 execution failed — check broker logs,2428
2026-09-24 13:58:17,Account 2,👑 Profitway Crypto MCX Forex 👑,XAUUSD !! Full Print ,SELL GOLD @ 4068.0,REJECTED,SL too wide: 15.00 > 12.58 (1.5x ATR=8.39). Max risk exceeded.,2429
2026-09-24 14:03:40,Account 1,XAUUSD ACCURATE SiGNALS,Gold again buy 4263/426/limit   Sl 4255  Tp 4275  Tp 4285 Tp 4295/4305/4325/opn /opn  @Proazam1978,BUY GOLD @ 4263.0,SUCCESS,Trade executed successfully on MT5,2430
2026-09-24 14:08:58,Account 2,Swift Gold Forex,Gold Sell @ 4278 Sl: @ 4288 TP: @ 4368 lot size 0.11 Confirm 94%. https://t.me/+P7SIMUHvnYcyNWU9,SELL GOLD @ 4278.0,SUCCESS,Trade executed successfully on MT5,2431
2026-09-24 14:12:22,Account 2,THE FOREX BLUEPRINT,GOLD POR TRADER:  GOLD SEL NOW ZONE 42-6842-75  TP1  42-60 TP2 42-55 TP3  42-50 TP4 42-45 TP5. 42-40 TP6. 42-35   SL  :42-83  Everybody Use according ...,SELL GOLD @ 6842,REJECTED,SL too wide: 6759.00 > 12.94 (1.5x ATR=8.62). Max risk exceeded.,2432
2026-09-24 14:14:12,Account 2,RIAOGOLDFOREX,XAUUSD BUY 4266,BUY GOLD @ 4266.0,SUCCESS,Trade executed successfully on MT5,2433
2026-09-24 14:16:06,Account 2,RIAOGOLDFOREX,XAUUSD BUY 4266  TP 4269  TP 4272  TP 4275  TP 4278  TP 4281  TP 4284  SL 4256,BUY GOLD @ 4266.0,REJECTED,"R:R too low: 0.30x (need >= 1.5x). TP=4269.00, SL dist=10.00",2434
2026-09-24 14:16:36,Account 2,Swift Gold Forex,GOLD / XAUUSD BIG SIGNAL  TARGET 200 PIPS  SL TP  https://t.me/+m4JqqkalkI04ZDc0,BUY GOLD @ None,SUCCESS,Trade executed successfully on MT5,2435
2026-09-24 14:34:00,Account 2,Vault Gold Forex™,XAUUSD BUY 4260  TP 4263 TP 4266 TP 4269 TP 4272 TP 4275  SL 4250,BUY GOLD @ 4260.0,REJECTED,"R:R too low: 0.30x (need >= 1.5x). TP=4263.00, SL dist=10.00",2436
2026-09-24 14:34:36,Account 2,Swift Gold Forex,XAUUSD BUY 4260  TP 4263 TP 4266 TP 4269 TP 4272  SL 4250,BUY GOLD @ 4260.0,REJECTED,"R:R too low: 0.30x (need >= 1.5x). TP=4263.00, SL dist=10.00",2437
2026-09-24 14:40:28,Account 2,ALTO FX,XAUUSD SELL 4264 4368  TP 4260 TP 4257 TP 4255 TP 4253 Tp. 4250 SL 4275,SELL GOLD @ 4264.0,REJECTED,"R:R too low: 0.36x (need >= 1.5x). TP=4260.00, SL dist=11.00",2438
2026-09-24 14:42:02,Account 2,RIAOGOLDFOREX,GOLD NOW 4289  PLEASE don't SHARE this link  once you join   https://t.me/+bb-D4NhANtY1Y2Vk https://t.me/+bb-D4NhANtY1Y2Vk  ITS A SECRET,SELL GOLD @ 4289.0,FAILED,MT5 execution failed — check broker logs,2439
2026-09-24 14:42:23,Account 2,Vault Gold Forex™,Gold Buy @ 4265 Sl: @ 4255 TP: @ 4275 lot size 0.11 Confirm 99% https://t.me/+syW1-sOtKPNhNmY0 https://t.me/+syW1-sOtKPNhNmY0,BUY GOLD @ 4265.0,REJECTED,"R:R too low: 1.00x (need >= 1.5x). TP=4275.00, SL dist=10.00",2440
2026-09-24 14:43:53,Account 2,Swift Gold Forex,Gold Sell @ 4293 Sl: @ 4303 TP: @ 4273 lot size 0.11 Confirm 94% https://t.me/+TqMQA8tKgEE0OTQ0 https://t.me/+TqMQA8tKgEE0OTQ0,SELL GOLD @ 4293.0,FAILED,MT5 execution failed — check broker logs,2441
2026-09-24 14:44:40,Account 2,RIAOGOLDFOREX,XAUUSD SINGLE LIVE NOW    TP  SL  HERE  https://t.me/+aTNDb2ba-o5jMTlk https://t.me/+aTNDb2ba-o5jMTlk,SELL GOLD @ 4047.0,REJECTED,"R:R too low: 0.27x (need >= 1.5x). TP=4044.00, SL dist=11.00",2442
2026-09-24 14:46:05,Account 2,RIAOGOLDFOREX,GOLD NOW 4289  PLEASE don't SHARE this link  once you join   https://t.me/+bb-D4NhANtY1Y2Vk https://t.me/+bb-D4NhANtY1Y2Vk  ITS A SECRET,SELL GOLD @ 4289.0,FAILED,MT5 execution failed — check broker logs,2443
2026-09-24 14:56:38,Account 2,Swift Gold Forex,GOLD SET-UP  XAU USD SIGNAL  TARGET 400 PIPS  SL TP ,BUY GOLD @ 400.0,REJECTED,Price sanity fail: entry 400.0 is 90.6% from live 4262.10000,2444
2026-09-24 15:03:37,Account 1,DUBAI CAPITAL FX GROUP 3,XAUUSD BUY 4255/4250  TP 4258 TP 4261 TP 4264 TP 4267 TP 4270 ...............  SL: 4237  USE MONEY MANAGEMENT,BUY GOLD @ 4255.0,REJECTED,SL too wide: 18.00 > 13.27 (1.5x ATR=8.85). Max risk exceeded.,2445
2026-09-24 15:05:18,Account 2,RIAOGOLDFOREX,XAUUSD SELL 4261,SELL GOLD @ 4261.0,SUCCESS,Trade executed successfully on MT5,2446
2026-09-24 15:05:28,Account 2,RIAOGOLDFOREX,XAUUSD SELL 4261  TP 4258 TP 4255 TP 4252 TP 4249 TP 4246 TP 4243  SL 4271,SELL GOLD @ 4261.0,REJECTED,"R:R too low: 0.30x (need >= 1.5x). TP=4258.00, SL dist=10.00",2447
2026-09-24 15:09:50,Account 2,Swift Gold Forex,Gold Buy @ 4265 Sl: @ 4255 TP: @ 4275 lot size 0.11 Confirm 99% https://t.me/+syW1-sOtKPNhNmY0 https://t.me/+syW1-sOtKPNhNmY0,BUY GOLD @ 4265.0,REJECTED,"R:R too low: 1.00x (need >= 1.5x). TP=4275.00, SL dist=10.00",2448
2026-09-24 15:12:56,Account 1,XAUUSD ACCURATE SiGNALS,Gold again buy 4256/4252/limit   Sl 4245  Tp 4265  Tp 4275 Tp 4285/4290/4305/4315/opn /opn  @Proazam1978,BUY GOLD @ 4256.0,REJECTED,"R:R too low: 0.82x (need >= 1.5x). TP=4265.00, SL dist=11.00",2449
2026-09-24 15:18:40,Account 2,JOSEFINA TRADER0⚔️,XAUUSD SELL 4253,SELL GOLD @ 4253.0,SUCCESS,Trade executed successfully on MT5,2450
2026-09-24 15:19:19,Account 2,JOSEFINA TRADER0⚔️,XAUUSD SELL 4253 TP 4250 TP 4247 TP 4244 TP 4241 TP 4238 TP 4235 SL 4264 ,SELL GOLD @ 4253.0,REJECTED,"R:R too low: 0.27x (need >= 1.5x). TP=4250.00, SL dist=11.00",2451
2026-09-24 15:19:41,Account 2,XAUUSD GOLD MASTER,Check XAUUSD Done 4266,SELL GOLD @ 4266.0,FAILED,MT5 execution failed — check broker logs,2452
2026-09-24 15:26:51,Account 2,JOSEFINA TRADER0⚔️, XAUUSDSELL         Click to see     https://t.me/+VVrmOwV6p6EyNjBk https://t.me/+VVrmOwV6p6EyNjBk,SELL GOLD @ 4047.0,REJECTED,"R:R too low: 0.27x (need >= 1.5x). TP=4044.00, SL dist=11.00",2453
2026-09-24 15:30:19,Account 2,Vault Gold Forex™,GOLD / XAUUSD BIG SIGNAL  TARGET 200 PIPS  SL TP  https://t.me/+m4JqqkalkI04ZDc0,BUY GOLD @ None,SUCCESS,Trade executed successfully on MT5,2454
2026-09-24 15:30:48,Account 2,JOSEFINA TRADER0⚔️,Gold Now... 4330  Sellllllllllllllllllllllllllllllll  OR Buyyyyyyyyyyyyyyyyy  CONFIRM ENTRY HERE  https://t.me/+QrZxqPPnelRlNDlk https://t.me/+QrZxqPP...,BUY GOLD @ 4330,FAILED,MT5 execution failed — check broker logs,2455
2026-09-24 15:33:56,Account 2,JOSEFINA TRADER0⚔️,GOLD / XAUUSD  BIG SIGNAL  TARGET 200 PIPS  SL TP  8k https://t.me/+dNO8hIh8bUNkN2I8 FAST OPEN FOR 3 MINUTES  ok my,BUY GOLD @ 8000.0,REJECTED,SL too wide: 1000.00 > 13.11 (1.5x ATR=8.74). Max risk exceeded.,2456
2026-09-24 15:43:24,Account 2,JOSEFINA TRADER0⚔️,#XAUUSD / #Gold  CONFIRM ENTRY   I will delete link after two minutes   https://t.me/SUPERGOLDSIGNALS1 https://t.me/SUPERGOLDSIGNALS1   600+ PIPS TARG...,SELL GOLD @ 4068.0,REJECTED,SL too wide: 15.00 > 13.57 (1.5x ATR=9.04). Max risk exceeded.,2457
2026-09-24 15:47:23,Account 2,Vault Gold Forex™,XAUUSD BUY 4250,BUY GOLD @ 4250.0,SUCCESS,Trade executed successfully on MT5,2458
2026-09-24 15:48:07,Account 2,Vault Gold Forex™,XAUUSD BUY 4250  TP 4253 TP 4256 TP 4259 TP 4262 TP 4265  SL 4240,BUY GOLD @ 4250.0,REJECTED,"R:R too low: 0.30x (need >= 1.5x). TP=4253.00, SL dist=10.00",2459
2026-09-24 15:48:47,Account 2,JOSEFINA TRADER0⚔️,XAUUSD GOLD  I will delete the link after two minutes  https://t.me/+kSvuR82QKds5NzZk https://t.me/+kSvuR82QKds5NzZk  600+ PIPS TARGET ,SELL GOLD @ 4047.0,REJECTED,"R:R too low: 0.27x (need >= 1.5x). TP=4044.00, SL dist=11.00",2460
2026-09-24 16:02:55,Account 2,RIAOGOLDFOREX,XAUUSD SURE CALL ,SELL GOLD @ 4047.0,REJECTED,"R:R too low: 0.27x (need >= 1.5x). TP=4044.00, SL dist=11.00",2461
2026-09-24 16:03:10,Account 2,Vault Gold Forex™,GOLD NOW 4280  TP1 TP2 TP3 TP4 TP 5  SL  POSTED IN CHANNEL  JOIN FOR TP AND SL   https://t.me/+YAqd3o4mDiAyMWU0,SELL GOLD @ 4280.0,FAILED,MT5 execution failed — check broker logs,2462
2026-09-24 16:09:50,Account 2,XAUUSD GOLD MASTER,XAUUSD BUY 4253,BUY GOLD @ 4253.0,FAILED,MT5 execution failed — check broker logs,2463
2026-09-24 16:10:22,Account 2,XAUUSD GOLD MASTER,XAUUSD BUY 4253  TP 4256 TP 4359 TP 4262 TP 4265 TP 4268  SL 4241,BUY GOLD @ 4253.0,REJECTED,"R:R too low: 0.25x (need >= 1.5x). TP=4256.00, SL dist=12.00",2464
2026-09-24 16:15:41,Account 2,RIAOGOLDFOREX,Gold Sell @ 4296 Sl: @ 4306 TP: @ 4276 lot size 0.11 Confirm 94%,SELL GOLD @ 4296.0,FAILED,MT5 execution failed — check broker logs,2465
2026-09-24 16:16:43,Account 2,JOSEFINA TRADER0⚔️,Gold Buy @ 4265 Sl: @ 4255 TP: @ 4275 lot size 0.11 Confirm 99% https://t.me/+syW1-sOtKPNhNmY0 https://t.me/+syW1-sOtKPNhNmY0,BUY GOLD @ 4265.0,REJECTED,"R:R too low: 1.00x (need >= 1.5x). TP=4275.00, SL dist=10.00",2466
2026-09-24 16:17:23,Account 2,ALTO FX,XAUUSD SELL 4260 4364  TP 4256 TP 4253 TP 4251 TP 4250 Tp. 4244 SL 4275,SELL GOLD @ 4260.0,REJECTED,SL too wide: 15.00 > 14.51 (1.5x ATR=9.68). Max risk exceeded.,2467
2026-09-24 16:19:10,Account 2,JOSEFINA TRADER0⚔️,Gold Sell @ 4290 Sl: @ 4300 TP: @ 4270 lot size 0.11 Confirm 94% https://t.me/+Gbo2GD30TIlkMzk0,SELL GOLD @ 4290.0,FAILED,MT5 execution failed — check broker logs,2468
2026-09-24 16:25:24,Account 2,RIAOGOLDFOREX,GOLD BUY NOW        SL  TP  HERE,BUY GOLD @ None,FAILED,MT5 execution failed — check broker logs,2469
2026-09-24 16:28:56,Account 2,RIAOGOLDFOREX,XAUUSD 100% Confirm Signal ,SELL GOLD @ 4047.0,REJECTED,"R:R too low: 0.27x (need >= 1.5x). TP=4044.00, SL dist=11.00",2470
2026-09-24 16:32:50,Account 2,JOSEFINA TRADER0⚔️,Gold Sell @ 4290 Sl: @ 4300 TP: @ 4270 lot size 0.11 Confirm 94% https://t.me/+3nbpH6VANps3NjA0,SELL GOLD @ 4290.0,FAILED,MT5 execution failed — check broker logs,2471
2026-09-24 16:33:42,Account 2,JOSEFINA TRADER0⚔️,XAUUSD SELL 4261,SELL GOLD @ 4261.0,FAILED,MT5 execution failed — check broker logs,2472
2026-09-24 16:37:39,Account 2,Market Trader Crypto Forex,US30 Long Trade   👇👇👇👇  https://affs.click/xnqPA PATNER CODE (663WF),"BUY US30Cash @ 51348.5 (SL: 51333.5, TP: 51373.5)",BUY,US30Cash,51348.5,51333.5,51373.5,SUCCESS,Executed Market Trader Setup
2026-09-24 16:38:25,Account 1,Scalping Gold,"XAUUSD Bearish Structure, Flip Zone Retest in Play  Price broke down cleanly from the 4,391.50 high, rejecting hard at the 2.272 extension (4,369.52) ...",SELL GOLD @ 4068.0,REJECTED,SL too wide: 15.00 > 14.90 (1.5x ATR=9.93). Max risk exceeded.,2474
2026-09-24 16:40:13,Account 2,Vault Gold Forex™,GOLD SET-UP  XAU USD SIGNAL  TARGET 400 PIPS  SL TP ,BUY GOLD @ 400.0,REJECTED,Price sanity fail: entry 400.0 is 90.6% from live 4256.21000,2475
2026-09-24 16:40:27,Account 2,JOSEFINA TRADER0⚔️,Gold Buy @ 4265 Sl: @ 4255 TP: @ 4275 lot size 0.11 Confirm 99% https://t.me/+syW1-sOtKPNhNmY0 https://t.me/+syW1-sOtKPNhNmY0,BUY GOLD @ 4265.0,REJECTED,"R:R too low: 1.00x (need >= 1.5x). TP=4275.00, SL dist=10.00",2476
2026-09-24 16:41:24,Account 2,JOSEFINA TRADER0⚔️,XAUUSD SELL 4261 TP 4258 TP 4255 TP 4252 TP 4249 TP 4246 SL 4272 ,SELL GOLD @ 4261.0,REJECTED,"R:R too low: 0.27x (need >= 1.5x). TP=4258.00, SL dist=11.00",2477
2026-09-24 16:41:47,Account 2,JOSEFINA TRADER0⚔️,Wow Check gold 4251,BUY GOLD @ 4251.0,FAILED,MT5 execution failed — check broker logs,2478
2026-09-24 16:44:53,Account 2,RIAOGOLDFOREX, GOLD SELL NOW   TP  TP  SL     3   ,SELL GOLD @ None,FAILED,MT5 execution failed — check broker logs,2479
2026-09-24 17:00:11,Account 2,XAUUSD GOLD MASTER,XAUUSD gold 4260 I will delete the link After two minutes   https://t.me/+tV9EU0LeynVkMDhk https://t.me/+tV9EU0LeynVkMDhk   500+ PIPS TARGET ,SELL GOLD @ 4260.0,FAILED,MT5 execution failed — check broker logs,2480
2026-09-24 17:04:56,Account 2,XAUUSD GOLD MASTER,Check XAUUSD Done 4268,SELL GOLD @ 4268.0,FAILED,MT5 execution failed — check broker logs,2481
2026-09-24 17:14:56,Account 2,XAUUSD GOLD MASTER,GOLD / XAUUSD  BIG SIGNAL  TARGET 200 PIPS  SL TP  8k https://t.me/+dNO8hIh8bUNkN2I8 FAST OPEN FOR 3 MINUTES  ok my,BUY GOLD @ 8000.0,REJECTED,SL too wide: 1000.00 > 15.32 (1.5x ATR=10.21). Max risk exceeded.,2482
2026-09-24 17:16:13,Account 2,XAUUSD GOLD MASTER,GOLD SET-UP  XAU USD SIGNAL  TARGET 400 PIPS  SL TP ,BUY GOLD @ 400.0,REJECTED,Price sanity fail: entry 400.0 is 90.6% from live 4260.64000,2483
2026-09-24 17:18:32,Account 2,Vault Gold Forex™,XAUUSD (GOLD) NEXT MOVE CONFRIM ENTRY  ,SELL GOLD @ 4047.0,REJECTED,"R:R too low: 0.27x (need >= 1.5x). TP=4044.00, SL dist=11.00",2484
2026-09-24 17:19:28,Account 2,XAUUSD GOLD MASTER,Gold Sell @ 4296 Sl: @ 4306 TP: @ 4276 lot size 0.11 Confirm 94% https://t.me/+izItJfSEfjY3NWU0 https://t.me/+izItJfSEfjY3NWU0,SELL GOLD @ 4296.0,FAILED,MT5 execution failed — check broker logs,2485
2026-09-24 17:21:19,Account 2,Swift Gold Forex,Gold Sell @ 4296 Sl: @ 4306 TP: @ 4276 lot size 0.11 Confirm 94% https://t.me/+izItJfSEfjY3NWU0 https://t.me/+izItJfSEfjY3NWU0,SELL GOLD @ 4296.0,FAILED,MT5 execution failed — check broker logs,2486
2026-09-24 17:29:27,Account 2,XAUUSD GOLD MASTER,Gold Sell @ 4296 Sl: @ 4306 TP: @ 4276 lot size 0.11 Confirm 94% https://t.me/+izItJfSEfjY3NWU0 https://t.me/+izItJfSEfjY3NWU0,SELL GOLD @ 4296.0,FAILED,MT5 execution failed — check broker logs,2487
2026-09-24 17:32:03,Account 2,GOLD Sniper Pips,GOLD SELL 4265 MORE SELL 4275  TP : 4250 TP : 4235 TP : 4215  SL : 4279,SELL GOLD @ 4265.0,REJECTED,SL too wide: 14.00 > 13.62 (1.5x ATR=9.08). Max risk exceeded.,2488
2026-09-24 17:37:36,Account 2,Perfect Management,#XAUUSD          SELL  TP¹ HIT DONE 40+ PIPS,"TP1_HIT GOLD @ 0 (SL: 0, TP: 0)",TP1_HIT,GOLD,0,0,0,SUCCESS,TP1 Hit -> Kept SL Fixed for TP2
2026-09-24 17:41:31,Account 2,JOSEFINA TRADER0⚔️,Gold Now... 4330  Sellllllllllllllllllllllllllllllll  OR Buyyyyyyyyyyyyyyyyy  CONFIRM ENTRY HERE  https://t.me/+QrZxqPPnelRlNDlk https://t.me/+QrZxqPP...,BUY GOLD @ 4330,FAILED,MT5 execution failed — check broker logs,2490
2026-09-24 17:41:43,Account 2,Perfect Management,#XAUUSD          SELL  TP² HIT DONE 80+ PIPS,"TP2_HIT GOLD @ 0 (SL: 0, TP: 0)",TP2_HIT,GOLD,0,0,0,NO_OPEN_ORDER,TP2 Hit -> Put TSL at TP2 + 10-pip trail
2026-09-24 17:45:20,Account 2,Swift Gold Forex,GOLD SET-UP  XAU USD SIGNAL  TARGET 400 PIPS  SL TP ,BUY GOLD @ 400.0,REJECTED,Price sanity fail: entry 400.0 is 90.6% from live 4269.12000,2492
2026-09-24 17:57:49,Account 2,Vault Gold Forex™, XAUUSD SELL. 4330-4328 I will delete the link after two minutes   https://t.me/+jvc-tiKJ444zMDM8 https://telegram.me/+0qA7LC40jm81YmFk  #FOMC 600+ PI...,SELL GOLD @ 4330.0,FAILED,MT5 execution failed — check broker logs,2493
2026-09-24 17:58:43,Account 2,Vault Gold Forex™, XAUUSD BUY         Click to see     https://t.me/+TneYtn768WVjYzI0 https://t.me/+7hHmArUC1TkzNWE0,BUY GOLD @ 4041.0,FAILED,MT5 execution failed — check broker logs,2494
2026-09-24 17:59:35,Account 2,Sureshot FX VIP,GBPCAD BUY 1.8665  SL:  1.8615 TP:  1.8765 --Trade by Flynn,BUY GBPCAD @ 1.8665,REJECTED,Gold Lock: Symbol 'GBPCAD' rejected. Gold only.,2495
2026-09-24 18:06:24,Account 2,GOLD PRO TRADER ♨️,#GOLD Sell 4268 . 4272   TP1 : 4264 TP2 : 4260 TP3 : 4256 TP4: 4252 TP5...4248.4244   SL 4283,SELL GOLD @ 4268.0,REJECTED,SL too wide: 15.00 > 13.63 (1.5x ATR=9.09). Max risk exceeded.,2496
2026-09-24 18:17:50,Account 2,Sureshot FX VIP,AUDUSD BUY 0.7029  SL:  0.6979 TP:  0.7129 --Trade by Flynn,N/A,FAILED,Trigger could not parse a valid trade structure from this signal,2497
2026-09-24 18:20:54,Account 2,Sureshot FX VIP,NZDCAD BUY 0.8006  SL:  0.7956 TP:  0.8106 --Trade by Flynn,BUY NZDCAD @ 0.8006,REJECTED,Gold Lock: Symbol 'NZDCAD' rejected. Gold only.,2498
2026-09-24 18:30:53,Account 2,Perfect Management,#XAUUSD         SELL  All TP⁶ HIT DONE 240+ PIPS,"BOOK_PROFIT_80% GOLD @ 0 (SL: 0, TP: 0)",BOOK_PROFIT_80%,GOLD,0,0,0,SUCCESS,All TPs hit -> Booked 80%
2026-09-24 18:31:06,Account 2,RIAOGOLDFOREX,XAUUSD BUY 4280,BUY GOLD @ 4280.0,FAILED,MT5 execution failed — check broker logs,2500
2026-09-24 18:46:30,Account 2,XAUUSD GOLD MASTER, XAUUSD LIVE  START NOW,SELL GOLD @ 4047.0,REJECTED,"R:R too low: 0.27x (need >= 1.5x). TP=4044.00, SL dist=11.00",2501
2026-09-24 18:46:46,Account 2,RIAOGOLDFOREX,XAUUSD SELL 4283,SELL GOLD @ 4283.0,FAILED,MT5 execution failed — check broker logs,2502
2026-09-24 18:47:45,Account 2,RIAOGOLDFOREX,XAUUSD SELL 4283  TP 4280 TP 4277 TP 4274 TP 4271 TP 4268 TP 4265  SL 4293,SELL GOLD @ 4283.0,REJECTED,"R:R too low: 0.30x (need >= 1.5x). TP=4280.00, SL dist=10.00",2503
2026-09-24 18:47:58,Account 2,Gold VIP,PLAN A NEW TRADE IN GOLD,BUY GOLD @ None,FAILED,MT5 execution failed — check broker logs,2504
2026-09-24 18:52:50,Account 2,XAUUSD GOLD MASTER, XAUUSD LIVE  START NOW,SELL GOLD @ 4047.0,REJECTED,"R:R too low: 0.27x (need >= 1.5x). TP=4044.00, SL dist=11.00",2505
2026-09-24 18:53:18,Account 2,XAUUSD GOLD MASTER,XAUUSD SELL        Click to see    https://t.me/+TneYtn768WVjYzI0 https://t.me/+7hHmArUC1TkzNWE0 ,SELL GOLD @ 4047.0,REJECTED,"R:R too low: 0.27x (need >= 1.5x). TP=4044.00, SL dist=11.00",2506
2026-09-24 18:57:54,Account 2,XAUUSD GOLD MASTER,GOLD NOW 4280  TP1 TP2 TP3 TP4 TP 5  SL  POSTED IN CHANNEL  JOIN FOR TP AND SL   https://t.me/+YAqd3o4mDiAyMWU0,SELL GOLD @ 4280.0,FAILED,MT5 execution failed — check broker logs,2507
2026-09-24 19:01:23,Account 2,JOSEFINA TRADER0⚔️,XAUUSD SELL 4276,SELL GOLD @ 4276.0,FAILED,MT5 execution failed — check broker logs,2508
2026-09-24 19:02:12,Account 2,JOSEFINA TRADER0⚔️,XAUUSD SELL 4276 TP 4273 TP 4270 TP 4267 TP 4264 TP 4261 SL 4286 ,SELL GOLD @ 4276.0,REJECTED,"R:R too low: 0.30x (need >= 1.5x). TP=4273.00, SL dist=10.00",2509
2026-09-24 19:05:32,Account 2,Market Trader Crypto Forex,Us30 Book 80% Profit. 130 Pips Done 🫠🫠.,"ACTIVATED_10PIP_TSL US30Cash @ 0 (SL: 0, TP: 0)",ACTIVATED_10PIP_TSL,US30Cash,0,0,0,NO_OPEN_ORDER,Activated 10-pip jumping TSL on Book 80%
2026-09-24 19:14:50,Account 2,Swift Gold Forex,CONFiRM  ENTRY https://t.me/+S9MPxbl70MowYjNk,SELL GOLD @ 4068,REJECTED,SL too wide: 15.00 > 13.84 (1.5x ATR=9.23). Max risk exceeded.,2511
2026-09-24 19:27:46,Account 2,JOSEFINA TRADER0⚔️,GOLD NOW 4280  TP1 TP2 TP3 TP4 TP 5  SL  POSTED IN CHANNEL  JOIN FOR TP AND SL   https://t.me/+YAqd3o4mDiAyMWU0,SELL GOLD @ 4280.0,SUCCESS,Trade executed successfully on MT5,2512
2026-09-24 19:28:39,Account 2,Sureshot FX VIP,GBPNZD SELL 2.3331  SL:  2.3381 TP:  2.3231 --Trade by Flynn,SELL GBPNZD @ 2.3331,REJECTED,Gold Lock: Symbol 'GBPNZD' rejected. Gold only.,2513
2026-09-24 19:39:35,Account 1,"Mr.DAVID, XAU/USD CLUB",XAUUSD  BUY  ENTR. 4270.4268 tp1:4275 tp2 4279 tp3 4284 tp4 4289 tp5 4295 SL: 4258,BUY GOLD @ 4270.4268,REJECTED,"R:R too low: 0.37x (need >= 1.5x). TP=4275.00, SL dist=12.43",2514
2026-09-24 19:44:24,Account 2,RIAOGOLDFOREX,XAUUSD SINGLE LIVE NOW    TP  SL  HERE  https://t.me/+aTNDb2ba-o5jMTlk https://t.me/+aTNDb2ba-o5jMTlk,SELL GOLD @ 4047.0,REJECTED,"R:R too low: 0.27x (need >= 1.5x). TP=4044.00, SL dist=11.00",2515
2026-09-24 19:47:27,Account 2,RIAOGOLDFOREX, GOLD SELL NOW   TP  TP  SL     3   ,SELL GOLD @ None,SUCCESS,Trade executed successfully on MT5,2516
2026-09-24 19:54:00,Account 2,XAUUSD GOLD MASTER,XAUUSD BUY 4263,BUY GOLD @ 4263.0,SUCCESS,Trade executed successfully on MT5,2517
2026-09-24 19:54:25,Account 2,XAUUSD GOLD MASTER,XAUUSD BUY 4263  TP 4266 TP 4269 TP 4272 TP 4275 TP 4278  SL 4251,BUY GOLD @ 4263.0,REJECTED,"R:R too low: 0.25x (need >= 1.5x). TP=4266.00, SL dist=12.00",2518
2026-09-24 19:56:44,Account 1,XAUUSD ACCURATE SiGNALS,Gold again buy 4260/4255/limit   Sl 4252  Tp 4270  Tp 4275 Tp 4255/4295/4300//opn /opn  @Proazam1978,BUY GOLD @ 4260.0,REJECTED,"R:R too low: 1.25x (need >= 1.5x). TP=4270.00, SL dist=8.00",2519
2026-09-24 19:59:12,Account 2,XAUUSD GOLD MASTER,XAUUSD gold 4263 I will delete the link After two minutes   https://t.me/+tV9EU0LeynVkMDhk https://t.me/+tV9EU0LeynVkMDhk   500+ PIPS TARGET ,SELL GOLD @ 4263.0,FAILED,MT5 execution failed — check broker logs,2520
2026-09-24 20:00:23,Account 2,GOLD Trader Dan,Asia session sell trade! 1/5 RR!  XAUUSD SMASHED TP 420 PIPS ,SELL GOLD @ 420.0,REJECTED,"R:R too low: 0.00x (need >= 1.5x). TP=420.00, SL dist=0.00",2521
2026-09-24 20:02:59,Account 2,GOLD Trader Dan,London session sell trade! 1/5 RR!  XAUUSD SMASHED TP 480 PIPS ,SELL GOLD @ 480.0,REJECTED,"R:R too low: 0.00x (need >= 1.5x). TP=480.00, SL dist=0.00",2522
2026-09-24 20:06:33,Account 2,Swift Gold Forex,XAUUSD BUY 4260  TP 4263 TP 4266 TP 4269 TP 4272  SL 4250,BUY GOLD @ 4260.0,REJECTED,"R:R too low: 0.30x (need >= 1.5x). TP=4263.00, SL dist=10.00",2523
2026-09-24 20:07:32,Account 2,GOLD Trader Dan,NY session buy trade! 1/5 RR trade  XAUUSD SMASHED TP 460 PIPS,BUY GOLD @ 460.0,REJECTED,Price sanity fail: entry 460.0 is 89.2% from live 4261.62000,2524
2026-09-24 20:09:14,Account 2,Sureshot FX VIP,EURAUD BUY 1.6204  SL:  1.6154 TP:  1.6304 --Trade by David,BUY EURAUD @ 1.6204,REJECTED,Gold Lock: Symbol 'EURAUD' rejected. Gold only.,2525
2026-09-24 20:14:07,Account 2,Vault Gold Forex™, XAUUSD SEEL NOW   TP  TP  SL     5    https://t.me/+D6LT1w5cj4lkODk0 https://t.me/+D6LT1w5cj4lkODk0,SELL GOLD @ 4047.0,REJECTED,"R:R too low: 0.27x (need >= 1.5x). TP=4044.00, SL dist=11.00",2526
2026-09-24 20:14:20,Account 2,Vault Gold Forex™,GOLD / XAUUSD  BIG SIGNAL  TARGET 200 PIPS  SL TP  8k https://t.me/+dNO8hIh8bUNkN2I8 FAST OPEN FOR 3 MINUTES  ok my,BUY GOLD @ 8000.0,REJECTED,SL too wide: 1000.00 > 13.65 (1.5x ATR=9.10). Max risk exceeded.,2527
2026-09-24 20:24:38,Account 2,XAUUSD GOLD MASTER,XAUUSD BUY 4280  TP 4283 TP 4286 TP 4289 TP4292  SL. 4270 http://t.me/+E70go98g7Go1MmU0,BUY GOLD @ 4280,REJECTED,"R:R too low: 0.30x (need >= 1.5x). TP=4283.00, SL dist=10.00",2528
2026-09-24 20:37:56,Account 2,Vault Gold Forex™,XAUUSD BUY 4247,BUY GOLD @ 4247.0,SUCCESS,Trade executed successfully on MT5,2529
2026-09-24 20:39:35,Account 2,Vault Gold Forex™,GOLD BUY 4247  TP 4250 TP 4253 TP 4256 TP 4259  SL 4237,BUY GOLD @ 4247.0,REJECTED,"R:R too low: 0.30x (need >= 1.5x). TP=4250.00, SL dist=10.00",2530
2026-09-24 20:40:22,Account 2,Vault Gold Forex™,GOLD BUY 4247  TP 4250 TP 4253 TP 4256 TP 4259  SL 4237,BUY GOLD @ 4247.0,REJECTED,"R:R too low: 0.30x (need >= 1.5x). TP=4250.00, SL dist=10.00",2531
2026-09-24 20:45:30,Account 2,Vault Gold Forex™,GOLD BUY 4244  TP 4247 TP 4250 TP 4253 TP 4256 TP 4259  SL 4234,BUY GOLD @ 4244.0,REJECTED,"R:R too low: 0.30x (need >= 1.5x). TP=4247.00, SL dist=10.00",2532
2026-09-24 20:46:00,Account 2,Vault Gold Forex™,GOLD BUY 4244  TP 4247 TP 4250 TP 4253 TP 4256 TP 4259  SL 4234,BUY GOLD @ 4244.0,REJECTED,"R:R too low: 0.30x (need >= 1.5x). TP=4247.00, SL dist=10.00",2533
2026-09-24 20:50:09,Account 2,JOSEFINA TRADER0⚔️,GOLD / XAUUSD  BIG SIGNAL  TARGET 200 PIPS  SL TP  https://t.me/+-LEAkZR8XKZkNjg0 https://t.me/+c9V3Amx1ehI0NDBk,BUY GOLD @ None,FAILED,MT5 execution failed — check broker logs,2534
2026-09-24 20:56:38,Account 2,Vault Gold Forex™,Gold Sell @ 4268 Sl: @ 4278 TP: @ 4258 lot size 0.11 Confirm 94% https://t.me/+mkOOI0LWKOQ1ZDFk,SELL GOLD @ 4268.0,REJECTED,"R:R too low: 1.00x (need >= 1.5x). TP=4258.00, SL dist=10.00",2535
2026-09-24 20:58:55,Account 2,Vault Gold Forex™,Gold Sell @ 4268 Sl: @ 4278 TP: @ 4258 lot size 0.11 Confirm 94% https://t.me/+mkOOI0LWKOQ1ZDFk,SELL GOLD @ 4268.0,REJECTED,"R:R too low: 1.00x (need >= 1.5x). TP=4258.00, SL dist=10.00",2536
2026-09-24 20:59:11,Account 1,XAUUSD ACCURATE SiGNALS,Gold again buy 4250/4245/limit   Sl 4237  Tp 4257  Tp 4265 Tp 4275/4285/4300//opn /opn  @Proazam1978,BUY GOLD @ 4250.0,REJECTED,"R:R too low: 0.54x (need >= 1.5x). TP=4257.00, SL dist=13.00",2537
2026-09-24 21:04:21,Account 2,JOSEFINA TRADER0⚔️,GOLD / XAUUSD  BIG SIGNAL  TARGET 200 PIPS  SL TP  https://t.me/+-LEAkZR8XKZkNjg0 https://t.me/+c9V3Amx1ehI0NDBk,BUY GOLD @ None,FAILED,MT5 execution failed — check broker logs,2538
2026-09-24 21:33:32,Account 2,JOSEFINA TRADER0⚔️,GOLD / XAUUSD  BIG SIGNAL  TARGET 200 PIPS  SL TP  https://t.me/+-LEAkZR8XKZkNjg0 https://t.me/+c9V3Amx1ehI0NDBk,BUY GOLD @ 4063.0,REJECTED,"R:R too low: 1.00x (need >= 1.5x). TP=4073.00, SL dist=10.00",2539
2026-09-24 21:34:44,Account 2,RIAOGOLDFOREX,XAUUSD SURE CALL ,SELL GOLD @ 4047.0,REJECTED,"R:R too low: 0.27x (need >= 1.5x). TP=4044.00, SL dist=11.00",2540
2026-09-24 21:58:08,Account 2,JOSEFINA TRADER0⚔️,XAUUSD SELL 4277,SELL GOLD @ 4277.0,SUCCESS,Trade executed successfully on MT5,2541
2026-09-24 22:05:18,Account 2,JOSEFINA TRADER0⚔️,XAUUSD SELL 4277 TP 4274 TP 4271 TP 4268 TP 4265 TP 4262 SL 4287 ,SELL GOLD @ 4277.0,REJECTED,"R:R too low: 0.30x (need >= 1.5x). TP=4274.00, SL dist=10.00",2542
2026-09-24 22:07:35,Account 2,JOSEFINA TRADER0⚔️,XAUUSD SELL 4277 TP 4274 TP 4271 TP 4268 TP 4265 TP 4262 SL 4287 Use proper risk management Guys,SELL GOLD @ 4277.0,REJECTED,"R:R too low: 0.30x (need >= 1.5x). TP=4274.00, SL dist=10.00",2543
2026-09-24 22:27:29,Account 2,JOSEFINA TRADER0🎖,GOLD BUY NOW        SL  TP  HERE,BUY GOLD @ None,SUCCESS,Trade executed successfully on MT5,2544
2026-09-24 22:28:09,Account 2,Vault Gold Forex™,GOLD BUY NOW  SL TP HERE   https://t.me/+2aXiD74-tFhjODM0,BUY GOLD @ None,FAILED,MT5 execution failed — check broker logs,2545
2026-09-24 22:40:46,Account 2,GOLD Snipers,S1/XAUUSD SMASH / TPS 330 180 PIPS!,SMASH GOLD @ None,SUCCESS,Trade executed successfully on MT5,2546
2026-09-24 22:41:38,Account 2,GOLD Snipers,S3/XAUUSD SMASH / TPS 530 PIPS!,SMASH GOLD @ None,FAILED,MT5 execution failed — check broker logs,2547
2026-09-24 22:41:47,Account 2,GOLD Snipers,S5/XAUUSD SMASH / TPS 380 PIPS!,N/A,FAILED,Trigger could not parse a valid trade structure from this signal,2548
2026-09-24 22:41:50,Account 2,GOLD Snipers,S4/XAUUSD SMASH / TPS 120 PIPS!,N/A,FAILED,Trigger could not parse a valid trade structure from this signal,2549
2026-09-24 22:41:54,Account 2,GOLD Snipers,S6/XAUUSD SMASH / TPS 260 PIPS!,N/A,FAILED,Trigger could not parse a valid trade structure from this signal,2550
2026-09-24 22:41:58,Account 2,GOLD Snipers,S2 /XAUUSD SMASH / TPS 200 PIPS!,N/A,FAILED,Trigger could not parse a valid trade structure from this signal,2551
2026-09-24 23:25:12,Account 2,JOSEFINA TRADER0🎖,GOLD Confirm Signal  Sell or buy???  Ask to me for confirm TP & SL https://t.me/+fUR5POaYm4UyY2Fk https://t.me/+fUR5POaYm4UyY2Fk,SELL GOLD @ 4068,REJECTED,"R:R too low: 0.20x (need >= 1.5x). TP=4065.00, SL dist=15.00",2552
2026-09-24 23:25:40,Account 2,Vault Gold Forex™,GOLD BUY NOW  SL TP HERE   https://t.me/+2aXiD74-tFhjODM0,BUY GOLD @ None,SUCCESS,Trade executed successfully on MT5,2553
2026-09-24 23:36:16,Account 2,JOSEFINA TRADER0🎖,GOLD / XAUUSD  BIG SIGNAL  TARGET 200 PIPS  SL TP  https://t.me/+-LEAkZR8XKZkNjg0 https://t.me/+c9V3Amx1ehI0NDBk,BUY GOLD @ None,SUCCESS,Trade executed successfully on MT5,2554
2026-09-24 23:40:15,Account 2,JOSEFINA TRADER0🎖,GOLD BUY NOW        SL  TP  HERE,BUY GOLD @ None,FAILED,MT5 execution failed — check broker logs,2555
2026-09-24 23:44:26,Account 2,JOSEFINA TRADER0🎖,GOLD SELL  4287  XAU USD SIGNAL  TARGET 500 PIPS  SL TP .             Please check  signal. https://t.me/+lrODnXvudd40MGM0 https://t.me/+lrODnXvudd40M...,SELL GOLD @ 4287.0,SUCCESS,Trade executed successfully on MT5,2556
2026-09-24 23:49:07,Account 2,JOSEFINA TRADER0🎖,GOLD BUY NOW        SL  TP  HERE,BUY GOLD @ None,SUCCESS,Trade executed successfully on MT5,2557
2026-09-25 00:17:33,Account 2,Vault Gold Forex™,GOLD BUY NOW  SL TP HERE   https://t.me/+2aXiD74-tFhjODM0,BUY GOLD @ None,SUCCESS,Trade executed successfully on MT5,2558
2026-09-25 00:33:52,Account 2,Vault Gold Forex™,GOLD BUY NOW  SL TP HERE   https://t.me/+2aXiD74-tFhjODM0,BUY GOLD @ None,FAILED,MT5 execution failed — check broker logs,2559
2026-09-25 00:40:07,Account 1,"Mr.DAVID, XAU/USD CLUB",XAUUSD  BUY  ENTR. 4268.4265 tp1:4380 tp2 4390 tp3 4300 tp4 4310 tp5 4320 SL: 4252,BUY GOLD @ 4268.4265,SUCCESS,Trade executed successfully on MT5,2560
2026-09-25 06:31:31,Account 2,JOSEFINA TRADER0🎖,XAUUSD SELL 4280,SELL GOLD @ 4280.0,FAILED,MT5 execution failed — check broker logs,2561
2026-09-25 06:31:42,Account 2,JOSEFINA TRADER0🎖,XAUUSD SELL 4280,SELL GOLD @ 4280.0,FAILED,MT5 execution failed — check broker logs,2562
2026-09-25 06:34:48,Account 2,JOSEFINA TRADER0🎖,XAUUSD SELL 4283,SELL GOLD @ 4283.0,FAILED,MT5 execution failed — check broker logs,2563
2026-09-25 06:36:29,Account 2,JOSEFINA TRADER0🎖,XAUUSD SELL 4283 TP 4280 TP 4277 TP 4274 TP 4271 TP 4268 SL 4294 Use proper risk management Guys,SELL GOLD @ 4283.0,REJECTED,SL too wide: 11.00 > 8.52 (1.5x ATR=5.68). Max risk exceeded.,2564
2026-09-25 06:41:49,Account 2,Vault Gold Forex™,Gold Sell @ 4296 Sl: @ 4306 TP: @ 4276 lot size 0.11 Confirm 94% https://t.me/+izItJfSEfjY3NWU0 https://t.me/+izItJfSEfjY3NWU0,SELL GOLD @ 4296.0,REJECTED,SL too wide: 10.00 > 8.98 (1.5x ATR=5.99). Max risk exceeded.,2565
2026-09-25 06:52:05,Account 1,BEST FX XAUUSD GOLD TRADER,XAUUSD BUY 4287-84  TP 4290 TP 4293 TP 4296 TP 4299 TP 4302 TP 4305 TP 4308  SL. 4280,BUY GOLD @ 4287,REJECTED,"R:R too low: 0.43x (need >= 1.5x). TP=4290.00, SL dist=7.00",2566
2026-09-25 06:58:53,Account 2,JOSEFINA TRADER0🎖,GOLD NOW 4280  TP1 TP2 TP3 TP4 TP 5  SL  POSTED IN CHANNEL  JOIN FOR TP AND SL   https://t.me/+YAqd3o4mDiAyMWU0,SELL GOLD @ 4280.0,FAILED,MT5 execution failed — check broker logs,2567
2026-09-25 07:01:11,Account 2,JOSEFINA TRADER0🎖,GOLD / XAUUSD BIG SIGNAL  TARGET 200 PIPS  SL TP  https://t.me/+m4JqqkalkI04ZDc0,BUY GOLD @ None,FAILED,MT5 execution failed — check broker logs,2568
2026-09-25 07:04:10,Account 2,THE FOREX BLUEPRINT,XAUUSD BUY 4290,BUY GOLD @ 4290.0,FAILED,MT5 execution failed — check broker logs,2569
2026-09-25 07:05:18,Account 2,THE FOREX BLUEPRINT, GOLD BUY NOW ZONE 42-90 42-85  TP1  42-95 TP2 43-00 TP3  43-05 TP4 43-10 TP5. 43-15 TP6. 43-20   SL  :42-78  Everybody Use according to Money Managem...,BUY GOLD @ 42.0,REJECTED,Price sanity fail: entry 42.0 is 99.0% from live 4291.86000,2570
2026-09-25 07:12:58,Account 2,XAUUSD GOLD MASTER,XAUUSD BUY 4293,BUY GOLD @ 4293.0,FAILED,MT5 execution failed — check broker logs,2571
2026-09-25 07:13:17,Account 2,XAUUSD GOLD MASTER,XAUUSD BUY 4293  TP 4296 TP 4299 TP 4302 TP 4305 TP 4308  SL 4281,BUY GOLD @ 4293.0,REJECTED,SL too wide: 12.00 > 9.09 (1.5x ATR=6.06). Max risk exceeded.,2572
2026-09-25 07:13:43,Account 2,THE FOREX BLUEPRINT, GPYJPY BUY NOW ZONE 209-600 209-00  TP1  209-800 TP2 210-000 TP3  210-200 TP4 210-400 TP5. 210-600 TP6. 210-800   SL  :208-600  Everybody Use accordi...,BUY EURJPY @ 209,REJECTED,Gold Lock: Symbol 'EURJPY' rejected. Gold only.,2573
2026-09-25 07:16:51,Account 2,Market Trader Crypto Forex,US30 Long Trade   👇👇👇👇  https://affs.click/xnqPA PATNER CODE (663WF),"BUY US30Cash @ 51337.5 (SL: 51322.5, TP: 51362.5)",BUY,US30Cash,51337.5,51322.5,51362.5,SUCCESS,Executed Market Trader Setup
2026-09-25 07:17:04,Account 2,XAUUSD GOLD MASTER,GOLD NOW 4280  TP1 TP2 TP3 TP4 TP 5  SL  POSTED IN CHANNEL  JOIN FOR TP AND SL   https://t.me/+YAqd3o4mDiAyMWU0,SELL GOLD @ 4280.0,FAILED,MT5 execution failed — check broker logs,2575
2026-09-25 07:17:36,Account 2,THE FOREX BLUEPRINT, EURJPY JPY BUY NOW ZONE 180-400 180-00  TP1  180-600 TP2 180-800 TP3  181-000 TP4 181-200 TP5. 181-400 TP6. 181-600   SL  :179-600  Everybody Use acc...,BUY EURJPY @ 180.0,REJECTED,Gold Lock: Symbol 'EURJPY' rejected. Gold only.,2576
2026-09-25 07:19:17,Account 2,JOSEFINA TRADER0🎖,GOLD NOW 4280  TP1 TP2 TP3 TP4 TP 5  SL  POSTED IN CHANNEL  JOIN FOR TP AND SL   https://t.me/+YAqd3o4mDiAyMWU0,SELL GOLD @ 4280.0,FAILED,MT5 execution failed — check broker logs,2577
2026-09-25 07:19:47,Account 2,THE FOREX BLUEPRINT, USDJPY JPY BUY NOW ZONE 158-600 158-00  TP1  158-800 TP2 159-000 TP3  159-200 TP4 159-400 TP5. 159-600 TP6. 159-800   SL  :157-600  Everybody Use acc...,BUY USDJPY @ 158,REJECTED,Gold Lock: Symbol 'USDJPY' rejected. Gold only.,2578
2026-09-25 07:25:24,Account 2,JOSEFINA TRADER0🎖,XAUUSD SELL 4287,SELL GOLD @ 4287.0,FAILED,MT5 execution failed — check broker logs,2579
2026-09-25 07:26:21,Account 2,JOSEFINA TRADER0🎖,XAUUSD SELL 4287 TP 4284 TP 4281 TP 4278 TP 4275 TP 4272 SL 4298 Use proper risk management Guys,SELL GOLD @ 4287.0,REJECTED,SL too wide: 11.00 > 9.36 (1.5x ATR=6.24). Max risk exceeded.,2580
2026-09-25 07:26:55,Account 2,Vault Gold Forex™,XAUUSD / Gold  BIG SIGNAL  TARGET 200 PIPS  SL TP  https://t.me/+R7OUvYvKuRIzZTE0 https://t.me/+R7OUvYvKuRIzZTE0,SELL GOLD @ 4068.0,REJECTED,SL too wide: 15.00 > 9.36 (1.5x ATR=6.24). Max risk exceeded.,2581
2026-09-25 07:29:44,Account 2,XAUUSD GOLD MASTER,GOLD NOW 4280  TP1 TP2 TP3 TP4 TP 5  SL  POSTED IN CHANNEL  JOIN FOR TP AND SL   https://t.me/+YAqd3o4mDiAyMWU0,SELL GOLD @ 4280.0,FAILED,MT5 execution failed — check broker logs,2582
2026-09-25 07:29:44,Account 2,Perfect Management,GOLD BUY 4287  SL 4276  TP 4292 TP 4297 TP 4302 TP 4307 TP 4312 TP 4317,"BUY GOLD @ 4288.75 (SL: 4276.0, TP: 4317.0)",BUY,GOLD,4288.75,4276.0,4317.0,SUCCESS,Executed with AI Runner TSL
2026-09-25 07:32:21,Account 2,JOSEFINA TRADER0🎖,XAUUSD sell. 4365-4368 I will delete the link after two minutes  https://t.me/+KcIXNcTUFf1kOGJk https://t.me/+KcIXNcTUFf1kOGJk 600+ PIPS TARGET ,SELL GOLD @ 4365.0,REJECTED,"R:R too low: 0.00x (need >= 1.5x). TP=4365.00, SL dist=3.00",2584
2026-09-25 07:33:36,Account 2,𝐗𝐀𝐔𝐔𝐒𝐃 𝐓𝐑𝐀𝐃𝐈𝐍𝐆 𝐌𝐀𝐒𝐓𝐄𝐑,XAUUSD BUY NOW 4286-4283  TP1 4289 TP2 4292 TP3 4295 TP4 4298 TP5 4301 TP6 4304 TP7 4307   SL4277 use Proper money management,BUY GOLD @ 4286,REJECTED,"R:R too low: 0.33x (need >= 1.5x). TP=4289.00, SL dist=9.00",2585
2026-09-25 07:36:35,Account 2,JOSEFINA TRADER0🎖,XAUUSD SELL 4287 TP 4284 TP 4281 TP 4278 TP 4275 TP 4272 SL 4298 Use proper risk management Guys,SELL GOLD @ 4287.0,REJECTED,SL too wide: 11.00 > 9.39 (1.5x ATR=6.26). Max risk exceeded.,2586
2026-09-25 07:42:49,Account 2,JOSEFINA TRADER0🎖,GOLD BUY NOW        SL  TP  HERE,BUY GOLD @ None,FAILED,MT5 execution failed — check broker logs,2587
2026-09-25 07:44:07,Account 2,Vault Gold Forex™,GOLD SELL 4270/4275 TP1 4265 TP2 4255 TP3 4240 TP4 4220 Sl....4280  GOOD LUCK VIP FREE SINGLE  https://t.me/+rqRzFZE5U5phOTdk  1 Year FREE JOIN  https...,SELL GOLD @ 4270.0,REJECTED,SL too wide: 10.00 > 9.66 (1.5x ATR=6.44). Max risk exceeded.,2588
2026-09-25 07:50:07,Account 2,RIAOGOLDFOREX,XAUUSD SELL 4290,SELL GOLD @ 4290.0,FAILED,MT5 execution failed — check broker logs,2589
2026-09-25 07:51:10,Account 2,RIAOGOLDFOREX,XAUUSD BUY 4290,BUY GOLD @ 4290.0,FAILED,MT5 execution failed — check broker logs,2590
2026-09-25 07:51:23,Account 2,RIAOGOLDFOREX,XAUUSD BUY 4290,BUY GOLD @ 4290.0,FAILED,MT5 execution failed — check broker logs,2591
2026-09-25 07:52:45,Account 2,RIAOGOLDFOREX,XAUUSD BUY 4290  TP 4293  TP 4296  TP 4299  TP 4302  TP 4305  TP 4308  SL 4279,BUY GOLD @ 4290.0,REJECTED,SL too wide: 11.00 > 9.66 (1.5x ATR=6.44). Max risk exceeded.,2592
2026-09-25 07:55:27,Account 2,Vault Gold Forex™,GOLD SELL 4270/4275 TP1 4265 TP2 4255 TP3 4240 TP4 4220 Sl....4280  GOOD LUCK VIP FREE SINGLE  https://t.me/+rqRzFZE5U5phOTdk  1 Year FREE JOIN  https...,SELL GOLD @ 4270.0,REJECTED,SL too wide: 10.00 > 9.66 (1.5x ATR=6.44). Max risk exceeded.,2593
2026-09-25 08:01:57,Account 2,Vault Gold Forex™,GOLD NOW Confirmed signal   TP  TP  SL     3   ,BUY GOLD @ None,FAILED,MT5 execution failed — check broker logs,2594
2026-09-25 08:03:51,Account 2,Vault Gold Forex™, #XAUUSD SELL         Click to see    https://t.me/+TneYtn768WVjYzI0 https://t.me/+7hHmArUC1TkzNWE0 ,SELL GOLD @ 4053.0,REJECTED,SL too wide: 10.00 > 9.56 (1.5x ATR=6.37). Max risk exceeded.,2595
2026-09-25 08:07:04,Account 2,Vault Gold Forex™, XAUUSD BUY         Click to see     https://t.me/+KkunQU3cswM2MDlk https://t.me/+KkunQU3cswM2MDlk,BUY GOLD @ None,FAILED,MT5 execution failed — check broker logs,2596
2026-09-25 08:07:27,Account 2,Grade Profit forex,XAUUSD SEEL 4290,SELL GOLD @ 4290.0,FAILED,MT5 execution failed — check broker logs,2597
2026-09-25 08:07:43,Account 2,RIAOGOLDFOREX,GOLD BUY NOW        SL  TP  HERE,BUY GOLD @ None,FAILED,MT5 execution failed — check broker logs,2598
2026-09-25 08:08:28,Account 2,Grade Profit forex,XAUUSD SEEL 4290  TP 4287 TP 4284 TP 4281 TP 4278 TP 4275  SL 4300,SELL GOLD @ 4290.0,REJECTED,SL too wide: 10.00 > 9.88 (1.5x ATR=6.58). Max risk exceeded.,2599
2026-09-25 08:10:09,Account 2,RIAOGOLDFOREX, GOLD SELL NOW   TP  TP  SL     3   ,SELL GOLD @ None,FAILED,MT5 execution failed — check broker logs,2600
2026-09-25 08:21:49,Account 2,RIAOGOLDFOREX,GOLD SET-UP  XAU USD SIGNAL  TARGET 400 PIPS  SL TP ,BUY GOLD @ 400.0,REJECTED,Price sanity fail: entry 400.0 is 90.7% from live 4278.43000,2601
2026-09-25 08:22:16,Account 2,Grade Profit forex,XAUUSD / Gold  BIG SIGNAL  TARGET 200 PIPS  SL TP  https://t.me/+R7OUvYvKuRIzZTE0 https://t.me/+R7OUvYvKuRIzZTE0,SELL GOLD @ 4068.0,REJECTED,SL too wide: 15.00 > 10.65 (1.5x ATR=7.10). Max risk exceeded.,2602
2026-09-25 08:23:13,Account 2,RIAOGOLDFOREX,XAUUSD SELL 4283,SELL GOLD @ 4283.0,FAILED,MT5 execution failed — check broker logs,2603
2026-09-25 08:24:03,Account 2,RIAOGOLDFOREX,XAUUSD SELL 4283  TP 4280 TP 4277 TP 4274 TP 4271 TP 4268 TP 4265  SL 4293,SELL GOLD @ 4283.0,REJECTED,"R:R too low: 0.30x (need >= 1.5x). TP=4280.00, SL dist=10.00",2604
2026-09-25 08:24:22,Account 2,Vault Gold Forex™,XAUUSD BUY 4277/4274  TP 4280  TP 4283  TP 4286  TP 4289  TP 4292  SL 4267,BUY GOLD @ 4277.0,REJECTED,"R:R too low: 0.30x (need >= 1.5x). TP=4280.00, SL dist=10.00",2605
2026-09-25 08:26:21,Account 2,JOSEFINA TRADER0🎖,Gold Sell @ 4292 Sl: @ 4302 TP: @ 4282 lot size 0.11 Confirm 99 %https://t.me/+7gxLki0gAT00MThk,SELL GOLD @ 4292.0,REJECTED,"R:R too low: 1.00x (need >= 1.5x). TP=4282.00, SL dist=10.00",2606
2026-09-25 08:30:35,Account 2,JOSEFINA TRADER0🎖,Gold Sell @ 4290 Sl: @ 4300 TP: @ 4270 lot size 0.11 Confirm 94% https://t.me/+3nbpH6VANps3NjA0,SELL GOLD @ 4290.0,FAILED,MT5 execution failed — check broker logs,2607
2026-09-25 08:31:43,Account 2,JOSEFINA TRADER0🎖,Gold Sell @ 4290 Sl: @ 4300 TP: @ 4270 lot size 0.11 Confirm 94% https://t.me/+3nbpH6VANps3NjA0,SELL GOLD @ 4290.0,FAILED,MT5 execution failed — check broker logs,2608
2026-09-25 08:32:29,Account 2,Swift Gold Forex,XAUUSD BUY 4280  TP 4283 TP 4286 TP 4289 TP 4292  SL 4270,BUY GOLD @ 4280,REJECTED,"R:R too low: 0.30x (need >= 1.5x). TP=4283.00, SL dist=10.00",2609
2026-09-25 08:33:17,Account 2,JOSEFINA TRADER0🎖,XAUUSD sell. 4365-4368 I will delete the link after two minutes  https://t.me/+KcIXNcTUFf1kOGJk https://t.me/+KcIXNcTUFf1kOGJk 600+ PIPS TARGET ,SELL GOLD @ 4365.0,REJECTED,"R:R too low: 0.00x (need >= 1.5x). TP=4365.00, SL dist=3.00",2610
2026-09-25 08:35:53,Account 2,𝐗𝐀𝐔𝐔𝐒𝐃 𝐓𝐑𝐀𝐃𝐈𝐍𝐆 𝐌𝐀𝐒𝐓𝐄𝐑,GOLD SELL NOW 4285,SELL GOLD @ 4285.0,FAILED,MT5 execution failed — check broker logs,2611
2026-09-25 08:40:06,Account 2,Vault Gold Forex™,GOLD BUY NOW  SL TP HERE   https://t.me/+2aXiD74-tFhjODM0,BUY GOLD @ None,FAILED,MT5 execution failed — check broker logs,2612
2026-09-25 08:40:37,Account 2,𝐗𝐀𝐔𝐔𝐒𝐃 𝐓𝐑𝐀𝐃𝐈𝐍𝐆 𝐌𝐀𝐒𝐓𝐄𝐑,XAUUSD SELL NOW 4285-4288  TP1 4282 TP2 4279 TP3 4276 TP4 4273 TP5 4270   SL4294 use Proper money management,SELL GOLD @ 4285.0,REJECTED,"R:R too low: 1.00x (need >= 1.5x). TP=4282.00, SL dist=3.00",2613
2026-09-25 08:45:36,Account 2,THE FOREX BLUEPRINT, GOLD SEELL NOW ZONE 42-90 42-95  TP1  42-85 TP2 42-80 TP3  42-75 TP4 42-70 TP5. 42-65 TP6. 42-60   SL  :43-05  Everybody Use according to Money Manag...,SELL GOLD @ 42.0,REJECTED,"R:R too low: 0.81x (need >= 1.5x). TP=42.85, SL dist=1.05",2614
2026-09-25 08:46:28,Account 2,XAUUSD GOLD MASTER,Gold Sell @ 4290 Sl: @ 4300 TP: @ 4270 lot size 0.11 Confirm 94% https://t.me/+jOrrwLbzegk2MmJk,SELL GOLD @ 4290.0,REJECTED,SL too wide: 10.00 > 9.73 (1.5x ATR=6.48). Max risk exceeded.,2615
2026-09-25 08:57:50,Account 2,Vault Gold Forex™,GOLD BUY NOW  SL TP HERE   https://t.me/+2aXiD74-tFhjODM0,BUY GOLD @ None,FAILED,MT5 execution failed — check broker logs,2616
2026-09-25 08:58:44,Account 2,XAUUSD GOLD MASTER,XAUUSD SELL        Click to see    https://t.me/+TneYtn768WVjYzI0 https://t.me/+7hHmArUC1TkzNWE0 ,SELL GOLD @ 4047.0,REJECTED,SL too wide: 11.00 > 10.14 (1.5x ATR=6.76). Max risk exceeded.,2617
2026-09-25 09:01:14,Account 2,ALTO FX,XAUUSD BUY 4278 4275  TP 4281 TP 4284 TP 4287 TP 4290 Tp. 4294 SL 4264,BUY GOLD @ 4278.0,REJECTED,SL too wide: 14.00 > 9.72 (1.5x ATR=6.48). Max risk exceeded.,2618
2026-09-25 09:02:07,Account 2,JOSEFINA TRADER0🎖,XAUUSD sell. 4365-4368 I will delete the link after two minutes  https://t.me/+KcIXNcTUFf1kOGJk https://t.me/+KcIXNcTUFf1kOGJk 600+ PIPS TARGET ,SELL GOLD @ 4365.0,REJECTED,"R:R too low: 0.00x (need >= 1.5x). TP=4365.00, SL dist=3.00",2619
2026-09-25 09:02:21,Account 2,Vault Gold Forex™,XAUUSD SELL        Click to see    https://t.me/+TneYtn768WVjYzI0 https://t.me/+7hHmArUC1TkzNWE0 ,SELL GOLD @ 4047.0,REJECTED,SL too wide: 11.00 > 9.72 (1.5x ATR=6.48). Max risk exceeded.,2620
2026-09-25 09:03:50,Account 2,Vault Gold Forex™, XAUUSD BUY         Click to see     https://t.me/+KkunQU3cswM2MDlk https://t.me/+KkunQU3cswM2MDlk,BUY GOLD @ None,FAILED,MT5 execution failed — check broker logs,2621
2026-09-25 09:07:21,Account 2,XAUUSD GOLD MASTER,XAUUSD BUY 4277,BUY GOLD @ 4277.0,FAILED,MT5 execution failed — check broker logs,2622
2026-09-25 09:07:27,Account 2,Market Trader Crypto Forex,100 Pips Done. Sl ctc kar lijiye and Book some profit.,"MODIFY_BREAKEVEN ALL @ 0 (SL: 0, TP: 0)",MODIFY_BREAKEVEN,ALL,0,0,0,NO_OPEN_ORDER,"SL moved to entry, closed 40%"
2026-09-25 09:07:49,Account 2,XAUUSD GOLD MASTER,XAUUSD BUY 4277  TP 4280 TP 4283 TP 4286 TP 4289 TP 4292  SL 4265,BUY GOLD @ 4277.0,REJECTED,SL too wide: 12.00 > 10.07 (1.5x ATR=6.71). Max risk exceeded.,2624
2026-09-25 09:08:57,Account 2,JOSEFINA TRADER0🎖,XAUUSD gold 3982_3985 I will delete the two minutes   https://t.me/+QTS6BMc7cF81YjA8 https://t.me/+QTS6BMc7cF81YjA8  600+ PIPS TARGET ,SELL GOLD @ 3982.0,REJECTED,"R:R too low: 1.00x (need >= 1.5x). TP=3985.00, SL dist=3.00",2625
2026-09-25 09:11:35,Account 2,RIAOGOLDFOREX, GOLD SELL NOW   TP  TP  SL     3   ,SELL GOLD @ None,FAILED,MT5 execution failed — check broker logs,2626
2026-09-25 09:12:04,Account 2,RIAOGOLDFOREX,GOLD NOW 4289  PLEASE don't SHARE this link  once you join   https://t.me/+bb-D4NhANtY1Y2Vk https://t.me/+bb-D4NhANtY1Y2Vk  ITS A SECRET,SELL GOLD @ 4289.0,FAILED,MT5 execution failed — check broker logs,2627
2026-09-25 09:20:25,Account 2,XAUUSD GOLD MASTER,XAUUSD SELL        Click to see    https://t.me/+TneYtn768WVjYzI0 https://t.me/+7hHmArUC1TkzNWE0 ,SELL GOLD @ 4047.0,REJECTED,SL too wide: 11.00 > 9.75 (1.5x ATR=6.50). Max risk exceeded.,2628
2026-09-25 09:20:55,Account 2,XAUUSD GOLD MASTER,XAUUSD gold 4263 I will delete the link After two minutes   https://t.me/+tV9EU0LeynVkMDhk https://t.me/+tV9EU0LeynVkMDhk   500+ PIPS TARGET ,SELL GOLD @ 4263.0,FAILED,MT5 execution failed — check broker logs,2629
2026-09-25 09:26:48,Account 2,XAUUSD VIP SIGNAL,XAUUSD BUY NOW @ 4270 MORE BUY @ 4266  TP : 4274 TP : 4278 TP : 4282 TP : 4286 TP : 4290 TP : 4294 TP : 4298  SL : 4260,BUY GOLD @ 4270,REJECTED,SL too wide: 10.00 > 9.79 (1.5x ATR=6.53). Max risk exceeded.,2630
2026-09-25 09:31:50,Account 2,JOSEFINA TRADER0🎖,XAUUSD sell. 4365-4368 I will delete the link after two minutes  https://t.me/+KcIXNcTUFf1kOGJk https://t.me/+KcIXNcTUFf1kOGJk 600+ PIPS TARGET ,SELL GOLD @ 4365.0,REJECTED,"R:R too low: 0.00x (need >= 1.5x). TP=4365.00, SL dist=3.00",2631
2026-09-25 09:32:46,Account 2,Profitway Trading Official,NIFTY 150 MIN TIME FRAME RESISTANCE 23125 NOW AND SUPPORT 23050 BE CAREFUL GUYS ,SELL NIFTY 150 @ 23125.0,REJECTED,Gold Lock: Symbol 'NIFTY 150' rejected. Gold only.,2632
2026-09-25 09:34:33,Account 2,Vault Gold Forex™,XAUUSD BUY 4267/4264,BUY GOLD @ 4267.0,FAILED,MT5 execution failed — check broker logs,2633
2026-09-25 09:35:55,Account 2,Vault Gold Forex™,XAUUSD BUY 4267/4264  TP 4270  TP 4273  TP 4276  TP 4279  TP 4282  SL 4257,BUY GOLD @ 4267.0,REJECTED,SL too wide: 10.00 > 9.69 (1.5x ATR=6.46). Max risk exceeded.,2634
2026-09-25 09:36:48,Account 2,GOLD PRO TRADER ♨️,#GOLD BUY 4270 . 4266   TP1 : 4274 TP2 : 4278 TP3 : 4282 TP4: 4286 TP5...4290.4294   SL 4255,BUY GOLD @ 4270.0,REJECTED,SL too wide: 15.00 > 9.69 (1.5x ATR=6.46). Max risk exceeded.,2635
2026-09-25 09:39:32,Account 2,Vault Gold Forex™,GOLD BUY 4267  TP 4270 TP 4273 TP 4276 TP 4279 TP 4282  SL 4264,BUY GOLD @ 4267.0,REJECTED,"R:R too low: 1.00x (need >= 1.5x). TP=4270.00, SL dist=3.00",2636
2026-09-25 09:52:11,Account 2,JOSEFINA TRADER0🎖,XAUUSD BUY 4270,BUY GOLD @ 4270.0,FAILED,MT5 execution failed — check broker logs,2637
2026-09-25 09:54:07,Account 2,RIAOGOLDFOREX,GOLD BUY NOW        SL  TP  HERE,BUY GOLD @ None,FAILED,MT5 execution failed — check broker logs,2638
2026-09-25 09:54:32,Account 2,JOSEFINA TRADER0🎖,XAUUSD SELL 4270,SELL GOLD @ 4270.0,FAILED,MT5 execution failed — check broker logs,2639
2026-09-25 09:55:24,Account 2,JOSEFINA TRADER0🎖,XAUUSD SELL 4270 TP 4267 TP 4264 TP 4261 TP 4258 TP 4255 SL 4281 Use proper risk management Guys,SELL GOLD @ 4270.0,REJECTED,SL too wide: 11.00 > 9.00 (1.5x ATR=6.00). Max risk exceeded.,2640
2026-09-25 09:58:45,Account 2,Swift Gold Forex,GOLD SELL 4290  TP 4285 TP 4280 TP 4275  SL 4300    3    https://t.me/+TqMQA8tKgEE0OTQ0 https://t.me/+TqMQA8tKgEE0OTQ0,SELL GOLD @ 4290.0,REJECTED,SL too wide: 10.00 > 9.03 (1.5x ATR=6.02). Max risk exceeded.,2641
2026-09-25 09:59:25,Account 2,JOSEFINA TRADER0🎖,XAUUSD sell. 4365-4368 I will delete the link after two minutes  https://t.me/+KcIXNcTUFf1kOGJk https://t.me/+KcIXNcTUFf1kOGJk 600+ PIPS TARGET ,SELL GOLD @ 4365.0,REJECTED,"R:R too low: 0.00x (need >= 1.5x). TP=4365.00, SL dist=3.00",2642
2026-09-25 10:06:52,Account 2,Vault Gold Forex™, XAUUSD SELL    Click to see   ,SELL GOLD @ 4047.0,REJECTED,SL too wide: 11.00 > 7.82 (1.5x ATR=5.21). Max risk exceeded.,2643
2026-09-25 10:07:25,Account 2,Swift Gold Forex,Gold Sell @ 4296 Sl: @ 4306 TP: @ 4276 lot size 0.11 Confirm 94% https://t.me/+izItJfSEfjY3NWU0 https://t.me/+izItJfSEfjY3NWU0,SELL GOLD @ 4296.0,REJECTED,SL too wide: 10.00 > 7.82 (1.5x ATR=5.21). Max risk exceeded.,2644
2026-09-25 10:18:00,Account 2,JOSEFINA TRADER0🎖,#XAUUSD_BUY 4298/4295  TP. 4302 TP. 4306 TP. 4310 TP. 4314 TP. 4324 TP. OPEN SL. 4284   MANAGE RISK GUYS ,BUY EURUSD @ 4295.0,REJECTED,Gold Lock: Symbol 'EURUSD' rejected. Gold only.,2645
2026-09-25 10:30:10,Account 2,JOSEFINA TRADER0🎖, XAUUSD SELL. 4281-4279 I will delete the link after two minutes   https://t.me/+k9w2cjFXRKM5ODBk https://t.me/+k9w2cjFXRKM5ODBk 600+ PIPS TARGET ,SELL GOLD @ 4281.0,FAILED,MT5 execution failed — check broker logs,2646
2026-09-25 10:35:27,Account 2,Perfect Management,XAUUSD SELL 4278  SL 4289  TP 4274 TP 4270 TP 4266 TP 4262 TP 4258 TP 4254,"SELL GOLD @ 4262.35 (SL: 4289.0, TP: 4254.0)",SELL,GOLD,4262.35,4289.0,4254.0,SUCCESS,Executed with AI Runner TSL
2026-09-25 10:37:04,Account 2,Sureshot FX VIP,EURNZD BUY 2.0111  SL:  2.0061 TP:  2.0211 --Trade by David,BUY EURNZD @ 2.0111,REJECTED,Gold Lock: Symbol 'EURNZD' rejected. Gold only.,2648
2026-09-25 10:37:13,Account 2,Sureshot FX 🎯,EURNZD BUY 2.0111  SL:  2.0061 TP:  2.0211 --Trade by David,BUY EURNZD @ 2.0111,REJECTED,Gold Lock: Symbol 'EURNZD' rejected. Gold only.,2649
2026-09-25 10:42:15,Account 2,JOSEFINA TRADER0🎖, XAUUSD SELL. 4281-4279 I will delete the link after two minutes   https://t.me/+k9w2cjFXRKM5ODBk https://t.me/+k9w2cjFXRKM5ODBk 600+ PIPS TARGET ,SELL GOLD @ 4281.0,FAILED,MT5 execution failed — check broker logs,2650
2026-09-25 10:43:21,Account 2,XAUUSD GOLD MASTER,XAUUSD BUY 4260,BUY GOLD @ 4260.0,FAILED,MT5 execution failed — check broker logs,2651
2026-09-25 10:43:39,Account 2,XAUUSD GOLD MASTER,XAUUSD BUY 4260  TP 4263 TP 4266 TP 4269 TP 4272 TP 4275  SL 4248,BUY GOLD @ 4260,REJECTED,SL too wide: 12.00 > 8.90 (1.5x ATR=5.93). Max risk exceeded.,2652
2026-09-25 10:50:02,Account 2,Vault Gold Forex™,XAUUSD BUY 4255  TP 4258 TP 4261 TP 4264 TP 4267 TP 4270  SL 4245,BUY GOLD @ 4255.0,REJECTED,SL too wide: 10.00 > 8.69 (1.5x ATR=5.79). Max risk exceeded.,2653
2026-09-25 10:50:03,Account 2,Vault Gold Forex™,XAUUSD BUY 4255,BUY GOLD @ 4255.0,FAILED,MT5 execution failed — check broker logs,2654
2026-09-25 10:55:17,Account 2,XAUUSD GOLD MASTER,GOLD NOW 4260  TP1 TP2 TP3 TP4 TP 5  SL  POSTED IN CHANNEL  JOIN FOR TP AND SL   https://t.me/+YAqd3o4mDiAyMWU0,SELL GOLD @ 4260.0,FAILED,MT5 execution failed — check broker logs,2655
2026-09-25 10:56:53,Account 2,Vault Gold Forex™,#XAUUSD / #Gold  CONFIRM ENTRY   I will delete link after two minutes   https://t.me/SUPERGOLDSIGNALS1 https://t.me/SUPERGOLDSIGNALS1   600+ PIPS TARG...,SELL GOLD @ 4068.0,REJECTED,SL too wide: 15.00 > 8.80 (1.5x ATR=5.87). Max risk exceeded.,2656
2026-09-25 10:58:11,Account 1,𝐗𝐀𝐔𝐔𝐒𝐃 𝐕𝐈𝐏 𝐒𝐈𝐆𝐍𝐀𝐋𝐒,#GOLD BUY 4256/4252  TP 4262 TP 4268 TP 4275 TP 4280 Confim  SL 4243  Use According To Your Account Equity Leve,BUY GOLD @ 4256.0,REJECTED,SL too wide: 13.00 > 9.00 (1.5x ATR=6.00). Max risk exceeded.,2657
2026-09-25 11:01:42,Account 2,Swift Gold Forex,XAUUSD / Gold  BIG SIGNAL  TARGET 200 PIPS  SL TP  https://t.me/+R7OUvYvKuRIzZTE0 https://t.me/+R7OUvYvKuRIzZTE0,SELL GOLD @ 4068.0,REJECTED,SL too wide: 15.00 > 8.82 (1.5x ATR=5.88). Max risk exceeded.,2658
2026-09-25 11:08:31,Account 2,Vault Gold Forex™, XAUUSD SELL    Click to see   ,SELL GOLD @ 4047.0,REJECTED,SL too wide: 11.00 > 9.37 (1.5x ATR=6.25). Max risk exceeded.,2659
2026-09-25 11:08:57,Account 2,Swift Gold Forex,Gold Sell @ 4296 Sl: @ 4306 TP: @ 4276 lot size 0.11 Confirm 94% https://t.me/+izItJfSEfjY3NWU0 https://t.me/+izItJfSEfjY3NWU0,SELL GOLD @ 4296.0,REJECTED,SL too wide: 10.00 > 9.37 (1.5x ATR=6.25). Max risk exceeded.,2660
2026-09-25 11:09:06,Account 2,XAUUSD GOLD MASTER,Gold Sell @ 4296 Sl: @ 4306 TP: @ 4276 lot size 0.11 Confirm 94% https://t.me/+izItJfSEfjY3NWU0 https://t.me/+izItJfSEfjY3NWU0,SELL GOLD @ 4296.0,REJECTED,SL too wide: 10.00 > 9.37 (1.5x ATR=6.25). Max risk exceeded.,2661
2026-09-25 11:15:08,Account 2,JOSEFINA TRADER0🎖,XAUUSD SELL 4275,SELL GOLD @ 4275.0,FAILED,MT5 execution failed — check broker logs,2662
2026-09-25 11:16:18,Account 2,JOSEFINA TRADER0🎖,XAUUSD SELL 4275 TP 4272 TP 4269 TP 4266 TP 4263 TP 4260 SL 4286 Use proper risk management Guys,SELL GOLD @ 4275.0,REJECTED,SL too wide: 11.00 > 9.37 (1.5x ATR=6.25). Max risk exceeded.,2663
2026-09-25 11:16:50,Account 2,XAUUSD GOLD MASTER,Gold Sell @ 4296 Sl: @ 4306 TP: @ 4276 lot size 0.11 Confirm 94% https://t.me/+izItJfSEfjY3NWU0 https://t.me/+izItJfSEfjY3NWU0,SELL GOLD @ 4296.0,REJECTED,SL too wide: 10.00 > 9.37 (1.5x ATR=6.25). Max risk exceeded.,2664
2026-09-25 11:17:03,Account 2,Sureshot FX VIP,AUDUSD SELL 0.7017  SL:  0.7067 TP:  0.6917 --Trade by David,SELL AUDUSD @ 0.7017,REJECTED,Gold Lock: Symbol 'AUDUSD' rejected. Gold only.,2665
2026-09-25 11:18:56,Account 2,XAUUSD GOLD MASTER,GOLD NOW 4260  TP1 TP2 TP3 TP4 TP 5  SL  POSTED IN CHANNEL  JOIN FOR TP AND SL   https://t.me/+YAqd3o4mDiAyMWU0,SELL GOLD @ 4260.0,FAILED,MT5 execution failed — check broker logs,2666
2026-09-25 11:19:49,Account 2,Vault Gold Forex™, XAUUSD SELL    Click to see   ,SELL GOLD @ 4047.0,REJECTED,SL too wide: 11.00 > 9.70 (1.5x ATR=6.47). Max risk exceeded.,2667
2026-09-25 11:25:52,Account 2,Swift Gold Forex,XAUUSD BUY 4268  TP 4271 TP 4274 TP 4277 TP 4280  SL 4258,BUY GOLD @ 4268.0,REJECTED,"R:R too low: 0.30x (need >= 1.5x). TP=4271.00, SL dist=10.00",2668
2026-09-25 11:26:19,Account 2,XAUUSD GOLD MASTER,XAUUSD SURE CALL ,SELL GOLD @ 4047.0,REJECTED,SL too wide: 11.00 > 10.03 (1.5x ATR=6.69). Max risk exceeded.,2669
2026-09-25 11:26:45,Account 2,Vault Gold Forex™,GOLD NOW 4260  TP1 TP2 TP3 TP4 TP 5  SL  POSTED IN CHANNEL  JOIN FOR TP AND SL   https://t.me/+YAqd3o4mDiAyMWU0,SELL GOLD @ 4260.0,FAILED,MT5 execution failed — check broker logs,2670
2026-09-25 11:32:10,Account 2,Market Trader Crypto Forex,US30 Book 60% Profit.♥️,"BOOK_PROFIT US30Cash @ 0 (SL: 0, TP: 0)",BOOK_PROFIT,US30Cash,0,0,0,SUCCESS,Booked 60% profit on target hit
2026-09-25 11:32:20,Account 2,𝙂𝙡𝙤𝙗𝙖𝙡 𝙂𝙤𝙡𝙙 𝙄𝙣𝙨𝙞𝙜𝙝𝙩𝙨,XAUUSD SELL NOW 4265.00   TP 1: 4260.00 TP 2: 4255.00 TP 3: 4250.00 TP 4: 4245.00  SL + 4278.00,SELL GOLD @ 4265.0,REJECTED,SL too wide: 13.00 > 10.18 (1.5x ATR=6.78). Max risk exceeded.,2672
2026-09-25 11:32:48,Account 2,Forex with karol,GOLD SELL: Entry on 1min. green candle at entry level ,SELL GOLD @ 4068.0,REJECTED,SL too wide: 15.00 > 10.18 (1.5x ATR=6.79). Max risk exceeded.,2673
2026-09-25 11:34:12,Account 2,XAUUSD GOLD MASTER,GOLD NOW 4260  TP1 TP2 TP3 TP4 TP 5  SL  POSTED IN CHANNEL  JOIN FOR TP AND SL   https://t.me/+YAqd3o4mDiAyMWU0,SELL GOLD @ 4260.0,FAILED,MT5 execution failed — check broker logs,2674
2026-09-25 11:34:24,Account 2,XAUUSD GOLD MASTER, XAUUSD SELL    Click to see   ,SELL GOLD @ 4047.0,REJECTED,SL too wide: 11.00 > 10.18 (1.5x ATR=6.79). Max risk exceeded.,2675
2026-09-25 11:42:55,Account 2,XAUUSD GOLD MASTER, XAUUSD BUY         Click to see     https://t.me/+KkunQU3cswM2MDlk https://t.me/+KkunQU3cswM2MDlk,BUY GOLD @ None,FAILED,MT5 execution failed — check broker logs,2676
2026-09-25 11:43:55,Account 2,ALTO FX,XAUUSD BUY 4267 4265  TP 4270 TP 4272 TP 4275 TP 4277 Tp. 4279 SL 4255,BUY GOLD @ 4267.0,REJECTED,SL too wide: 12.00 > 10.56 (1.5x ATR=7.04). Max risk exceeded.,2677
2026-09-25 11:44:11,Account 2,XAUUSD GOLD MASTER,GOLD NOW 4260  TP1 TP2 TP3 TP4 TP 5  SL  POSTED IN CHANNEL  JOIN FOR TP AND SL   https://t.me/+YAqd3o4mDiAyMWU0,SELL GOLD @ 4260.0,FAILED,MT5 execution failed — check broker logs,2678
2026-09-25 11:44:21,Account 2,XAUUSD GOLD MASTER,XAUUSD BUY 4256  TP 4259 TP 4262 TP 4265 TP 4268 TP 4271  SL 4246    3    https://t.me/+SLk7Js413ZwwOGM8 https://t.me/+SLk7Js413ZwwOGM8,BUY GOLD @ 4256,REJECTED,"R:R too low: 0.30x (need >= 1.5x). TP=4259.00, SL dist=10.00",2679
2026-09-25 11:54:46,Account 1,Scalping Gold,"XAUUSD Consolidation Before Next Leg Up  Price has recovered off the 4,244 low along the rising trendline and pushed into resistance at the 4,2924,299...",SELL GOLD @ 4047.0,REJECTED,SL too wide: 11.00 > 10.40 (1.5x ATR=6.93). Max risk exceeded.,2680
2026-09-25 12:05:21,Account 1,𝐗𝐀𝐔𝐔𝐒𝐃 𝐕𝐈𝐏 𝐒𝐈𝐆𝐍𝐀𝐋𝐒,GOLD SELL NOW 4281,SELL GOLD @ 4281.0,FAILED,MT5 execution failed — check broker logs,2681
2026-09-25 12:05:39,Account 1,𝐗𝐀𝐔𝐔𝐒𝐃 𝐕𝐈𝐏 𝐒𝐈𝐆𝐍𝐀𝐋𝐒,#GOLD SELL 4281/4285  TP 4276 TP 4270 TP 4265 TP 4250 Confim  SL 4294  Use According To Your Account Equity Leve,SELL GOLD @ 4281.0,REJECTED,SL too wide: 13.00 > 10.29 (1.5x ATR=6.86). Max risk exceeded.,2682
2026-09-25 12:09:29,Account 2,JOSEFINA TRADER0🎖,XAUUSD (GOLD) NEXT MOVE CONFRIM ENTRY  ,SELL GOLD @ 4047.0,REJECTED,SL too wide: 11.00 > 10.30 (1.5x ATR=6.87). Max risk exceeded.,2683
2026-09-25 12:19:27,Account 1,Scalping Gold,Our Nearest Sell zone 4284-86,SELL GOLD @ 4286.0,REJECTED,"R:R too low: 0.00x (need >= 1.5x). TP=4286.00, SL dist=0.00",2684
2026-09-25 12:21:25,Account 2,🌕 PERO | Forex - Investing ™,A LITTLE PEEK AT TODAYS VIP PLAN.  Todays plan stayed with our VIP members - and the first sell zone has already come into play.   London is opening w...,SELL GOLD @ 42794281.0,REJECTED,SL too wide: 340034.00 > 9.97 (1.5x ATR=6.65). Max risk exceeded.,2685
2026-09-25 12:34:21,Account 2,RIAOGOLDFOREX,XAUUSD BUY 4273,BUY GOLD @ 4273.0,FAILED,MT5 execution failed — check broker logs,2686
2026-09-25 12:37:16,Account 2,RIAOGOLDFOREX,XAUUSD BUY 4273  TP 4276  TP 4279  TP 4282  TP 4285  TP 4388  TP 4291  SL 4263,BUY GOLD @ 4273.0,REJECTED,"R:R too low: 0.30x (need >= 1.5x). TP=4276.00, SL dist=10.00",2687
2026-09-25 12:45:33,Account 2,RIAOGOLDFOREX,GOLD NOW 4289  PLEASE don't SHARE this link  once you join   https://t.me/+bb-D4NhANtY1Y2Vk https://t.me/+bb-D4NhANtY1Y2Vk  ITS A SECRET,SELL GOLD @ 4289.0,FAILED,MT5 execution failed — check broker logs,2688
2026-09-25 12:51:33,Account 2,XAUUSD GOLD MASTER,Gold BUY NOW   GOLD CONFIRM ENTRY  PERFECT ANALYSIS CHART HERE NOW  https://t.me/+uzO3h0qpzvw1ZjQ0 https://t.me/+uzO3h0qpzvw1ZjQ0,BUY GOLD @ None,FAILED,MT5 execution failed — check broker logs,2689
2026-09-25 12:52:19,Account 2,GOLD Snipers,Thursday 24/09/2026 GOLD results:   GOLD SELL : +500 pips   GOLD SELL : +200 pips   GOLD BUY : +100 pips   GOLD SELL : +200 pips   GOLD BUY : -120 pip...,SELL GOLD @ 500.0,REJECTED,SL too wide: 100.00 > 10.36 (1.5x ATR=6.91). Max risk exceeded.,2690
2026-09-25 12:56:07,Account 2,GOLD Sniper Pips,GOLD SELL 4273.9 MORE SELL 4283.8  TP : 4258.9 TP : 4243.9 TP : 4223.9  SL : 4288.8,SELL GOLD @ 4273.9,REJECTED,SL too wide: 14.90 > 10.36 (1.5x ATR=6.91). Max risk exceeded.,2691
2026-09-25 12:58:16,Account 2,XAUUSD GOLD MASTER,Gold Sell @ 4296 Sl: @ 4306 TP: @ 4276 lot size 0.11 Confirm 94% https://t.me/+izItJfSEfjY3NWU0 https://t.me/+izItJfSEfjY3NWU0,SELL GOLD @ 4296.0,FAILED,MT5 execution failed — check broker logs,2692
2026-09-25 13:29:09,Account 1,Pump Dump Gold,"Dear Traders,  We are going to DUMP XAUUSD today.  DUMP XAUUSD  Level1  4280-4310 Risk  ??  Level2  ?? Risk  ??   Reason for SELL: Fundamental:  Gold ...",SELL GOLD @ 4280.0,REJECTED,SL too wide: 30.00 > 11.07 (1.5x ATR=7.38). Max risk exceeded.,2693
2026-09-25 13:41:58,Account 1,Scalping Gold,Gold Sell Now@4279-82 SL 4286 TP30 TP60 Tp100 TP 4269,SELL GOLD @ 4279.0,FAILED,MT5 execution failed — check broker logs,2694
2026-09-25 14:36:35,Account 1,𝐗𝐀𝐔𝐔𝐒𝐃 𝐕𝐈𝐏 𝐒𝐈𝐆𝐍𝐀𝐋𝐒,#GOLD SELL 4297/4301  TP 4290 TP 4285 TP 4280 TP 4250 Confim  SL 4310  Use According To Your Account Equity Leve,SELL GOLD @ 4297.0,REJECTED,SL too wide: 13.00 > 10.18 (1.5x ATR=6.78). Max risk exceeded.,2695
2026-09-25 15:11:45,Account 1,BEST FX XAUUSD GOLD TRADER,XAUUSD BUY 4287-84  TP 4290 TP 4293 TP 4296 TP 4299 TP 4302 TP 4305 TP 4308  SL. 4280,BUY GOLD @ 4287,REJECTED,"R:R too low: 0.43x (need >= 1.5x). TP=4290.00, SL dist=7.00",2696
2026-09-25 15:42:42,Account 1,XAUUSD ACCURATE SiGNALS,Gold sell entry 4304/4305/ limit   Sl 4311   Tp 4295 Tp 4285 Tp 4275/4265/4255/4245/4195/ opn   @Proazam1978,SELL GOLD @ 4304.0,REJECTED,"R:R too low: 1.29x (need >= 1.5x). TP=4295.00, SL dist=7.00",2697
2026-09-25 16:40:51,Account 1,Scalping Gold," XAUUSD Breakout Above Minor Resistance  Gold broke cleanly above 4,298.445, a level that was previously acting as minor resistance (0.382 fib) that l...",BUY GOLD @ 4298.445,FAILED,MT5 execution failed — check broker logs,2698
2026-09-25 17:03:13,Account 1,XAUUSD ACCURATE SiGNALS,Gold sell entry 4314/4317/limit   Sl 4328   Tp 4307 Tp 4302 Tp 4295/4275/4265/ opn   @Proazam1978,SELL GOLD @ 4317.0,REJECTED,SL too wide: 11.00 > 10.59 (1.5x ATR=7.06). Max risk exceeded.,2699
2026-09-25 17:12:38,Account 1,DUBAI CAPITAL FX GROUP 3,GOLD SELL 4305_4308  TP 4302 TP 4299 TP 4296 TP 4293 TP 4290 TP 4287 TP 4384 TP 4281  SL_4319,SELL GOLD @ 4305.0,REJECTED,SL too wide: 14.00 > 11.29 (1.5x ATR=7.53). Max risk exceeded.,2700
2026-09-25 20:35:04,Account 1,𝐗𝐀𝐔𝐔𝐒𝐃 𝐕𝐈𝐏 𝐒𝐈𝐆𝐍𝐀𝐋𝐒,#GOLD SELL 4281/4285  TP 4276 TP 4270 TP 4265 TP 4240 Confim  SL 4293  Use According To Your Account Equity Leve,SELL GOLD @ 4281.0,REJECTED,"R:R too low: 0.42x (need >= 1.5x). TP=4276.00, SL dist=12.00",2701
2026-09-25 20:37:10,Account 1,𝐗𝐀𝐔𝐔𝐒𝐃 𝐕𝐈𝐏 𝐒𝐈𝐆𝐍𝐀𝐋𝐒,#GOLD SELL 4282/4286  TP 4276 TP 4270 TP 4265 TP 4240 Confim  SL 4295  Use According To Your Account Equity Leve,SELL GOLD @ 4282.0,REJECTED,"R:R too low: 0.46x (need >= 1.5x). TP=4276.00, SL dist=13.00",2702
2026-09-25 23:32:04,Account 2,Perfect Management,#XAUUSD          SELL  TP¹ HIT DONE 40+ PIPS,"TP1_HIT GOLD @ 0 (SL: 0, TP: 0)",TP1_HIT,GOLD,0,0,0,SUCCESS,TP1 Hit -> Kept SL Fixed for TP2
2026-09-25 23:32:04,Account 2,Perfect Management,#XAUUSD          SELL  TP² HIT DONE 80+ PIPS,"TP2_HIT GOLD @ 0 (SL: 0, TP: 0)",TP2_HIT,GOLD,0,0,0,NO_OPEN_ORDER,TP2 Hit -> Put TSL at TP2 + 10-pip trail
2026-09-25 23:32:04,Account 2,Perfect Management,#XAUUSD         SELL  All TP⁶ HIT DONE 240+ PIPS,"BOOK_PROFIT_80% GOLD @ 0 (SL: 0, TP: 0)",BOOK_PROFIT_80%,GOLD,0,0,0,SUCCESS,All TPs hit -> Booked 80%
2026-09-25 23:32:05,Account 2,Market Trader Crypto Forex,US30 Book 100% Profit. 250 Pips Done 🫠🫠🫠🫠.,"ACTIVATED_10PIP_TSL US30Cash @ 0 (SL: 0, TP: 0)",ACTIVATED_10PIP_TSL,US30Cash,0,0,0,NO_OPEN_ORDER,Activated 10-pip jumping TSL on Book 100%
2026-09-25 23:32:06,Account 2,Market Trader Crypto Forex,GOLD LIVE TRADE ❤️,"BUY GOLD @ 4283.8 (SL: 4279.3, TP: 4294.8)",BUY,GOLD,4283.8,4279.3,4294.8,SUCCESS,Executed Market Trader Setup
2026-09-25 23:33:50,Account 2,SureShot GOLD (VIP),XAUUSD SELL 4285.93  SL:  4295.93 TP:  4265.93 --Trade by Matthew,SELL GOLD @ 4285.93,FAILED,MT5 execution failed — check broker logs,2708
2026-09-25 23:34:00,Account 2,SureShot GOLD (VIP),XAUUSD SELL 4293.19  SL:  4303.19 TP:  4273.19 --Trade by Liam,N/A,FAILED,Trigger could not parse a valid trade structure from this signal,2709
2026-09-25 23:34:05,Account 2,SureShot GOLD (VIP),XAUUSD SELL 4311.56  SL:  4321.56 TP:  4291.56 --Trade by Matthew,N/A,FAILED,Trigger could not parse a valid trade structure from this signal,2710
2026-09-25 23:34:10,Account 2,XAUUSD VIP SIGNAL,XAUUSD BUY NOW @ 4303 MORE BUY @ 4299  TP : 4307 TP : 4311 TP : 4315 TP : 4319 TP : 4323 TP : 4327 TP : 4331  SL : 4290,N/A,FAILED,Trigger could not parse a valid trade structure from this signal,2711
2026-09-25 23:39:06,Account 2,Swich Gold Forex™,Gold Buy @ 4280 Sl: @ 4270 TP: @ 4300 lot size 0.11 Confirm 99% https://t.me/+P7SIMUHvnYcyNWU9,BUY GOLD @ 4280.0,FAILED,MT5 execution failed — check broker logs,2712
2026-09-25 23:40:30,Account 2,Vault Gold Forex™,XAUUSD SELL now      Click to see ,SELL GOLD @ 4047.0,REJECTED,"R:R too low: 0.27x (need >= 1.5x). TP=4044.00, SL dist=11.00",2713
2026-09-25 23:43:50,Account 2,Vault Gold Forex™,XAUUSD  NOW 4284  PLEASE don't SHARE this link  once you join  https://t.me/+rR7njsGGb45hZmRk https://t.me/+rR7njsGGb45hZmRk ITS A SECRET,SELL GOLD @ 4284.0,FAILED,MT5 execution failed — check broker logs,2714
2026-09-25 23:49:36,Account 2,Vault Gold Forex™,XAUUSD  NOW 4286  PLEASE don't SHARE this link  once you join  https://t.me/+t5eiZFCMa8YxMjU0 https://t.me/+pzw60RL2X7Y1MmNk https://t.me/+t5eiZFCMa8Y...,SELL GOLD @ 4286.0,FAILED,MT5 execution failed — check broker logs,2715
2026-09-26 00:36:37,Account 2,Vault Gold Forex™,XAUUSD Buy now      Click to see ,BUY GOLD @ 4063.0,REJECTED,"R:R too low: 1.00x (need >= 1.5x). TP=4073.00, SL dist=10.00",2716
2026-09-26 00:41:55,Account 2,Vault Gold Forex™,XAUUSD  NOW 4293  PLEASE don't SHARE this link  once you join  https://t.me/+t5eiZFCMa8YxMjU0 https://t.me/+pzw60RL2X7Y1MmNk https://t.me/+t5eiZFCMa8Y...,SELL GOLD @ 4293.0,FAILED,MT5 execution failed — check broker logs,2717
2026-09-26 06:52:45,Account 2,XAUUSD GOLD MASTER, XAUUSD LIVE  START NOW,SELL GOLD @ 4047.0,REJECTED,SL too wide: 11.00 > 8.22 (1.5x ATR=5.48). Max risk exceeded.,2718
2026-09-26 06:54:26,Account 2,XAUUSD GOLD MASTER,Gold Sell @ 4296 Sl: @ 4306 TP: @ 4276 lot size 0.11 Confirm 94% https://t.me/+izItJfSEfjY3NWU0 https://t.me/+izItJfSEfjY3NWU0,SELL GOLD @ 4296.0,REJECTED,SL too wide: 10.00 > 8.22 (1.5x ATR=5.48). Max risk exceeded.,2719
2026-09-26 07:15:47,Account 2,RIAOGOLDFOREX,GOLD SELL  4267  GOLD SELL OR BUY NAXT TARGET CHECK THE COMMENT   https://t.me/+nNkJNr53CVdiOWVk,SELL GOLD @ 4267.0,FAILED,MT5 execution failed — check broker logs,2720
2026-09-26 07:16:55,Account 2,RIAOGOLDFOREX,GOLD BUY NOW        SL  TP  HERE,BUY GOLD @ None,FAILED,MT5 execution failed — check broker logs,2721
2026-09-26 07:38:55,Account 2,Vault Gold Forex™,BTCUSD BUY   TARGET 200 PIPS  SL TP    https://t.me/+Jvj6Vp4rdmwwOGQ8,BUY BTCUSD @ 200.0,REJECTED,Gold Lock: Symbol 'BTCUSD' rejected. Gold only.,2722
2026-09-26 08:15:51,Account 2,Vault Gold Forex™, BTCUSD SELL NOW   TP  TP  SL     3   ,SELL BTCUSD @ None,REJECTED,Gold Lock: Symbol 'BTCUSD' rejected. Gold only.,2723
2026-09-26 10:30:23,Account 2,𝙂𝙡𝙤𝙗𝙖𝙡 𝙂𝙤𝙡𝙙 𝙄𝙣𝙨𝙞𝙜𝙝𝙩𝙨,XAUUSD SELL NOW 4285.00   TP 1: 4280.00 TP 2: 4275.00 TP 3: 4270.00 TP 4: 4265.00  SL + 4295.00,SELL GOLD @ 4285.0,REJECTED,SL too wide: 10.00 > 8.22 (1.5x ATR=5.48). Max risk exceeded.,2724
2026-09-26 10:34:40,Account 2,XAUUSD GOLD MASTER,GOLD SELL  4267  GOLD SELL OR BUY NAXT TARGET CHECK THE COMMENT   https://t.me/+nNkJNr53CVdiOWVk,SELL GOLD @ 4267.0,FAILED,MT5 execution failed — check broker logs,2725
2026-09-26 15:20:09,Account 2,Vault Gold Forex™, BTCUSD SELL NOW   TP  TP  SL     3   ,SELL BTCUSD @ None,REJECTED,Gold Lock: Symbol 'BTCUSD' rejected. Gold only.,2726
2026-09-26 16:10:12,Account 2,RIAOGOLDFOREX,BTCUSD SELL 83940  TP 83840 TP 83740 TP 83640 TP 83540 TP 83440 TP 83340 TP 83240 TP 83140 SL 84470  +700% daily profit   https://t.me/+nLP4ceUUsiBhOD...,SELL BTCUSD @ 83940,REJECTED,Gold Lock: Symbol 'BTCUSD' rejected. Gold only.,2727
2026-09-26 16:18:45,Account 2,Perfect Management,#BTCUSD    SELL   84200  Sl        85300  ¹TP     83800 ²TP     83400 ³TP     83000 ⁴TP     82600 ⁵T,"SELL BTCUSD @ 84123.65 (SL: 85300.0, TP: 81800.0)",SELL,BTCUSD,84123.65,85300.0,81800.0,SUCCESS,Executed with AI Runner TSL
2026-09-26 16:22:54,Account 2,RIAOGOLDFOREX,BTCUSD BIG SIGNAL  TARGET 200 PIPS  SL TP  11k https://t.me/+2V4Qj483zaczYTk0,BUY BTCUSD @ 20000.0,REJECTED,Gold Lock: Symbol 'BTCUSD' rejected. Gold only.,2729
2026-09-26 16:41:25,Account 2,XAUUSD GOLD MASTER, XAUUSD LIVE  START NOW,BUY GOLD @ 4063.0,REJECTED,SL too wide: 10.00 > 8.22 (1.5x ATR=5.48). Max risk exceeded.,2730
2026-09-26 16:42:04,Account 2,Grade Profit forex,BTCUSD BIG SIGNAL  TARGET 200 PIPS  SL TP   https://t.me/+jOrrwLbzegk2MmJk,SELL BTCUSD @ 200.0,REJECTED,Gold Lock: Symbol 'BTCUSD' rejected. Gold only.,2731
2026-09-26 16:42:23,Account 2,Grade Profit forex,BTCUSD BIG SIGNAL  TARGET 200 PIPS  SL TP   https://t.me/+jOrrwLbzegk2MmJk,SELL BTCUSD @ 200.0,REJECTED,Gold Lock: Symbol 'BTCUSD' rejected. Gold only.,2732
2026-09-26 17:13:10,Account 2,Swich Gold Forex™,BTCUSD BUY   TARGET 200 PIPS  SL TP    https://t.me/+Jvj6Vp4rdmwwOGQ8,BUY BTCUSD @ 200.0,REJECTED,Gold Lock: Symbol 'BTCUSD' rejected. Gold only.,2733
2026-09-26 18:44:55,Account 2,XAUUSD GOLD MASTER, XAUUSD LIVE  START NOW,BUY GOLD @ 4063.0,REJECTED,SL too wide: 10.00 > 8.22 (1.5x ATR=5.48). Max risk exceeded.,2734
2026-09-27 06:50:25,Account 2,Perfect Management,#BTCUSD           SELL  TP¹ HIT DONE 40+ PIPS,"TP1_HIT GOLD @ 0 (SL: 0, TP: 0)",TP1_HIT,GOLD,0,0,0,SUCCESS,TP1 Hit -> Kept SL Fixed for TP2
2026-09-27 06:50:31,Account 2,Perfect Management,#BTCUSD          SELL  TP² HIT DONE 80+ PIPS,"TP2_HIT GOLD @ 0 (SL: 0, TP: 0)",TP2_HIT,GOLD,0,0,0,NO_OPEN_ORDER,TP2 Hit -> Put TSL at TP2 + 10-pip trail
2026-09-27 07:43:12,Account 2,Perfect Management,#BTCUSD    SELL   84600  Sl        85400  ¹TP     84200 ²TP     83800 ³TP     83400 ⁴TP     83000 ⁵T,"SELL BTCUSD @ 84458.05 (SL: 85400.0, TP: 82600.0)",SELL,BTCUSD,84458.05,85400.0,82600.0,FAILED,Broker rejected order
2026-09-27 07:53:46,Account 1,Scalping Gold," BTCUSD Consolidation Above Support, Bullish Continuation Eyed  BTC ran a strong impulsive leg off the lows around 68,800, climbing through the 76,000...",BUY EURUSD @ 81.3,REJECTED,Gold Lock: Symbol 'EURUSD' rejected. Gold only.,2738
2026-09-27 12:41:38,Account 2,RIAOGOLDFOREX,GOLD SELL NOW   SL   TP   HERE  https://t.me/+kKUiTpEc-GwzZWM0,SELL GOLD @ None,FAILED,MT5 execution failed — check broker logs,2739
2026-09-27 13:01:22,Account 2,XAUUSD GOLD MASTER,BTCUSD Confirm Signal  Sell or buy???  Ask to me for confirm TP & SL https://t.me/+fUR5POaYm4UyY2Fk https://t.me/+fUR5POaYm4UyY2Fk,SELL BTCUSD @ None,REJECTED,Gold Lock: Symbol 'BTCUSD' rejected. Gold only.,2740
2026-09-27 15:16:20,Account 2,Perfect Management,#BTCUSD           SELL  TP¹ HIT DONE 40+ PIPS,"TP1_HIT GOLD @ 0 (SL: 0, TP: 0)",TP1_HIT,GOLD,0,0,0,SUCCESS,TP1 Hit -> Kept SL Fixed for TP2
2026-09-27 15:16:54,Account 2,Perfect Management,#BTCUSD           SELL  TP² HIT DONE 80+ PIPS,"TP2_HIT GOLD @ 0 (SL: 0, TP: 0)",TP2_HIT,GOLD,0,0,0,NO_OPEN_ORDER,TP2 Hit -> Put TSL at TP2 + 10-pip trail
2026-09-27 15:45:36,Account 2,RIAOGOLDFOREX,GOLD BUY NOW        SL  TP  HERE,BUY GOLD @ None,FAILED,MT5 execution failed — check broker logs,2743
2026-09-27 18:23:06,Account 2,RIAOGOLDFOREX,GOLD BUY NOW        SL  TP  HERE,BUY GOLD @ None,FAILED,MT5 execution failed — check broker logs,2744
2026-09-27 19:04:04,Account 2,Vault Gold Forex, BTCUSD SELL NOW   TP  TP  SL     3   ,SELL BTCUSD @ None,REJECTED,Gold Lock: Symbol 'BTCUSD' rejected. Gold only.,2745
2026-09-28 03:50:37,Account 2,Vault Gold Forex, XAUUSD SELL    Click to see   ,SELL GOLD @ 4047.0,REJECTED,SL too wide: 11.00 > 9.48 (1.5x ATR=6.32). Max risk exceeded.,2746
2026-09-28 03:51:06,Account 2,GOLD Sniper Pips,GOLD BUY 4268 MORE BUY 4264  TP : 4278 TP : 4288 TP : 4318  SL : 4251,BUY GOLD @ 4268.0,REJECTED,SL too wide: 17.00 > 9.48 (1.5x ATR=6.32). Max risk exceeded.,2747
2026-09-28 04:05:54,Account 2,Vault Gold Forex, XAUUSD BUY         Click to see     https://t.me/+KkunQU3cswM2MDlk https://t.me/+KkunQU3cswM2MDlk,BUY GOLD @ 4041.0,FAILED,MT5 execution failed — check broker logs,2748
2026-09-28 04:09:11,Account 2,Vault Gold Forex,XAUUSDNOW   Confirm   Signals   Click to see   ,SELL GOLD @ 4047.0,REJECTED,SL too wide: 11.00 > 9.93 (1.5x ATR=6.62). Max risk exceeded.,2749
2026-09-28 04:33:57,Account 2,Vault Gold Forex, #XAUUSD SELL NOW 4255   SL :#see in channal   TP: #see in channal   https://t.me/+nI2yEZTsycEyYWNk https://t.me/+nI2yEZTsycEyYWNk  LINK EXPIRE IN 5 M...,SELL GOLD @ 4255.0,FAILED,MT5 execution failed — check broker logs,2750
2026-09-28 04:41:49,Account 2,Vault Gold Forex, XAUUSD SELL    Click to see   ,SELL GOLD @ 4047.0,REJECTED,SL too wide: 11.00 > 10.02 (1.5x ATR=6.68). Max risk exceeded.,2751
2026-09-28 04:55:34,Account 2,Vault Gold Forex, XAUUSD BUY         Click to see     https://t.me/+KkunQU3cswM2MDlk https://t.me/+KkunQU3cswM2MDlk,BUY GOLD @ 4041.0,FAILED,MT5 execution failed — check broker logs,2752
2026-09-28 04:57:48,Account 2,Vault Gold Forex,XAUUSD SELL 4266/4269  TP 4263  TP 4260  TP 4257  TP 4254  TP 4251  SL 4276,SELL GOLD @ 4266.0,REJECTED,SL too wide: 10.00 > 9.67 (1.5x ATR=6.45). Max risk exceeded.,2753
2026-09-28 04:58:17,Account 2,Vault Gold Forex, #XAUUSD SELL NOW 4255   SL :#see in channal   TP: #see in channal   https://t.me/+nI2yEZTsycEyYWNk https://t.me/+nI2yEZTsycEyYWNk  LINK EXPIRE IN 5 M...,SELL GOLD @ 4255.0,FAILED,MT5 execution failed — check broker logs,2754
2026-09-28 05:11:26,Account 2,Vault Gold Forex,GOLD BUY NOW  SL TP HERE   https://t.me/+2aXiD74-tFhjODM0,BUY GOLD @ None,FAILED,MT5 execution failed — check broker logs,2755
2026-09-28 05:30:35,Account 2,Vault Gold Forex,GOLD BUY NOW  SL TP HERE   https://t.me/+2aXiD74-tFhjODM0,BUY GOLD @ None,FAILED,MT5 execution failed — check broker logs,2756
2026-09-28 05:31:54,Account 2,Vault Gold Forex, XAUUSD BUY         Click to see     https://t.me/+KkunQU3cswM2MDlk https://t.me/+KkunQU3cswM2MDlk,BUY GOLD @ 4041.0,FAILED,MT5 execution failed — check broker logs,2757
2026-09-28 05:53:04,Account 2,JOSEFINA TRADER0🎖,XAUUSD SELL 4256,SELL GOLD @ 4256.0,FAILED,MT5 execution failed — check broker logs,2758
2026-09-28 05:54:19,Account 2,JOSEFINA TRADER0🎖,XAUUSD SELL 4256 TP 4253 TP 4250 TP 4247 TP 4244 TP 4241 SL 4267 Use proper risk management Guys,SELL GOLD @ 4256.0,REJECTED,SL too wide: 11.00 > 9.15 (1.5x ATR=6.10). Max risk exceeded.,2759
2026-09-28 06:04:45,Account 2,GOLD Sniper Pips,GOLD BUY 4239 MORE BUY 4235  TP : 4249 TP : 4259 TP : 4289  SL : 4222,BUY GOLD @ 4239.0,REJECTED,SL too wide: 17.00 > 11.51 (1.5x ATR=7.67). Max risk exceeded.,2760
2026-09-28 06:10:13,Account 2,JOSEFINA TRADER0🎖,Wow Check gold 4251,BUY GOLD @ 4251.0,SUCCESS,Trade executed successfully on MT5,2761
2026-09-28 06:11:31,Account 2,JOSEFINA TRADER0🎖,Wow Check gold 4240,SELL GOLD @ 4240.0,SUCCESS,Trade executed successfully on MT5,2762
2026-09-28 06:12:11,Account 2,XAUUSD GOLD MASTER,XAUUSD BUY 4267,BUY GOLD @ 4267.0,SUCCESS,Trade executed successfully on MT5,2763
2026-09-28 06:12:29,Account 2,XAUUSD GOLD MASTER,XAUUSD BUY 4267  TP 4270 TP 4273 TP 4276 TP 4279 TP 4282  SL 4255,BUY GOLD @ 4267.0,REJECTED,SL too wide: 12.00 > 11.51 (1.5x ATR=7.67). Max risk exceeded.,2764
2026-09-28 06:13:38,Account 2,JOSEFINA TRADER0🎖,Wow Check gold 4240,SELL GOLD @ 4240.0,SUCCESS,Trade executed successfully on MT5,2765
2026-09-28 06:14:21,Account 2,RIAOGOLDFOREX,XAUUSD SELL 4340,SELL GOLD @ 4340.0,SUCCESS,Trade executed successfully on MT5,2766
2026-09-28 06:15:17,Account 2,RIAOGOLDFOREX,XAUUSD BUY 4234,BUY GOLD @ 4234.0,SUCCESS,Trade executed successfully on MT5,2767
2026-09-28 06:16:31,Account 2,RIAOGOLDFOREX,XAUUSD BUY 4234  TP 4237  TP 4240  TP 4243  TP 4246  TP 4249  TP 4252  SL 4223,BUY GOLD @ 4234.0,REJECTED,"R:R too low: 0.27x (need >= 1.5x). TP=4237.00, SL dist=11.00",2768
2026-09-28 06:16:47,Account 2,XAUUSD GOLD MASTER,XAUUSD BUY 4237,BUY GOLD @ 4237.0,SUCCESS,Trade executed successfully on MT5,2769
2026-09-28 06:17:05,Account 2,XAUUSD GOLD MASTER,XAUUSD BUY 4237  TP 4240 TP 4243 TP 4246 TP 4249 TP 4252  SL 4225,BUY GOLD @ 4237.0,REJECTED,SL too wide: 12.00 > 11.69 (1.5x ATR=7.79). Max risk exceeded.,2770
2026-09-28 06:21:54,Account 2,Vault Gold Forex, #XAUUSD SELL NOW 4255   SL :#see in channal   TP: #see in channal   https://t.me/+nI2yEZTsycEyYWNk https://t.me/+nI2yEZTsycEyYWNk  LINK EXPIRE IN 5 M...,SELL GOLD @ 4255.0,FAILED,MT5 execution failed — check broker logs,2771
2026-09-28 06:23:37,Account 2,JOSEFINA TRADER0🎖,XAUUSD SELL 4234,SELL GOLD @ 4234.0,FAILED,MT5 execution failed — check broker logs,2772
2026-09-28 06:25:05,Account 2,JOSEFINA TRADER0🎖,XAUUSD SELL 4234 TP 4231 TP 4229 TP 4226 TP 4223 TP 4220 SL 4245 Use proper risk management Guys,SELL GOLD @ 4234.0,REJECTED,"R:R too low: 0.27x (need >= 1.5x). TP=4231.00, SL dist=11.00",2773
2026-09-28 06:28:20,Account 2,Vault Gold Forex,#XAUUSD SELL NOW Confirm Entry Target 300+ pips Sl ------------ TP ------------ See at  channel  https://t.me/+TqMQA8tKgEE0OTQ0,SELL GOLD @ 3000.0,REJECTED,Price sanity fail: entry 3000.0 is 29.1% from live 4230.86000,2774
2026-09-28 06:29:44,Account 2,Vault Gold Forex, #XAUUSD SELL NOW 4255   SL :#see in channal   TP: #see in channal   https://t.me/+zjIlcHd0lhxhZTM8  LINK EXPIRE IN 5 MN ,SELL GOLD @ 4255.0,SUCCESS,Trade executed successfully on MT5,2775
2026-09-28 06:30:43,Account 2,Vault Gold Forex, #XAUUSD SELL NOW 4255   SL :#see in channal   TP: #see in channal   https://t.me/+nI2yEZTsycEyYWNk https://t.me/+nI2yEZTsycEyYWNk  LINK EXPIRE IN 5 M...,SELL GOLD @ 4255.0,SUCCESS,Trade executed successfully on MT5,2776
2026-09-28 06:36:33,Account 2,RIAOGOLDFOREX,XAUUSD BUY 4217,BUY GOLD @ 4217.0,SUCCESS,Trade executed successfully on MT5,2777
2026-09-28 06:37:35,Account 2,Vault Gold Forex,XAUUSD 101% CONFIRM SIGNAL ,SELL GOLD @ 101.0,REJECTED,Price sanity fail: entry 101.0 is 97.6% from live 4225.70000,2778
2026-09-28 06:38:11,Account 2,RIAOGOLDFOREX,XAUUSD BUY 4217  TP 4220  TP 4223  TP 4226  TP 4229  TP 4232  TP 4235  SL 4207,BUY GOLD @ 4217.0,REJECTED,"R:R too low: 0.30x (need >= 1.5x). TP=4220.00, SL dist=10.00",2779
2026-09-28 06:49:32,Account 2,Market Trader Crypto Forex,GBPJPY Long Trade   👇👇👇👇  https://affs.click/xnqPA PATNER CODE (663WF),"BUY GBPJPY @ 208.96 (SL: 208.61, TP: 209.56)",BUY,GBPJPY,208.96,208.61,209.56,SUCCESS,Executed Market Trader Setup
2026-09-28 06:50:15,Account 2,JOSEFINA TRADER0🎖,Gold Sell @ 4296 Sl: @ 4306 TP: @ 4276 lot size 0.11 Confirm 94% https://t.me/+izItJfSEfjY3NWU0 https://t.me/+izItJfSEfjY3NWU0,SELL GOLD @ 4296.0,SUCCESS,Trade executed successfully on MT5,2781
2026-09-28 06:50:44,Account 2,Vault Gold Forex, XAUUSDBUY         Click to see      https://t.me/+QrZxqPPnelRlNDlk https://t.me/+QrZxqPPnelRlNDlk,BUY GOLD @ None,SUCCESS,Trade executed successfully on MT5,2782
2026-09-28 06:56:13,Account 2,XAUUSD GOLD MASTER,Gold Sell @ 4296 Sl: @ 4306 TP: @ 4276 lot size 0.11 Confirm 94% https://t.me/+izItJfSEfjY3NWU0 https://t.me/+izItJfSEfjY3NWU0,SELL GOLD @ 4296.0,FAILED,MT5 execution failed — check broker logs,2783
2026-09-28 06:56:30,Account 2,XAUUSD GOLD MASTER,XAUUSD gold 4217 I will delete the link After two minutes   https://t.me/+CMCsuzK5XC5lNjVk https://t.me/+CMCsuzK5XC5lNjVk   500+ PIPS TARGET ,SELL GOLD @ 4217.0,FAILED,MT5 execution failed — check broker logs,2784
2026-09-28 06:57:00,Account 2,XAUUSD GOLD MASTER,XAUUSD 101% CONFIRM SIGNAL ,SELL GOLD @ 101.0,REJECTED,Price sanity fail: entry 101.0 is 97.6% from live 4221.46000,2785
2026-09-28 07:00:58,Account 1,"Mr.DAVID, XAU/USD CLUB",XAUUSD  BUY  ENTR. 4218.4215 tp1:4223 tp2 4229 tp3 4234 tp4 4238 tp5 4244 SL: 4202,BUY GOLD @ 4218.4215,REJECTED,SL too wide: 16.42 > 12.72 (1.5x ATR=8.48). Max risk exceeded.,2786
2026-09-28 07:03:23,Account 2,Grade Profit forex,XAUUSD BUY 4220  TP 4223 TP 4226 TP 4229 TP 4232 TP 4235  SL 4210,BUY GOLD @ 4220.0,REJECTED,"R:R too low: 0.30x (need >= 1.5x). TP=4223.00, SL dist=10.00",2787
2026-09-28 07:03:44,Account 2,Grade Profit forex,XAUUSD BUY 4220  TP 4223 TP 4226 TP 4229 TP 4232 TP 4235  SL 4210,BUY GOLD @ 4220,REJECTED,"R:R too low: 0.30x (need >= 1.5x). TP=4223.00, SL dist=10.00",2788
2026-09-28 07:05:08,Account 2,Grade Profit forex,XAUUSD BUY 4217  TP 4220 TP 4223 TP 4226 TP 4229 TP 4232  SL 4207,BUY GOLD @ 4217.0,REJECTED,"R:R too low: 0.30x (need >= 1.5x). TP=4220.00, SL dist=10.00",2789
2026-09-28 07:08:33,Account 2,Grade Profit forex,XAUUSD BUY 4210  TP 4213 TP 4216 TP 4219 TP 4222 TP 4225  SL 4200,BUY GOLD @ 4210.0,REJECTED,"R:R too low: 0.30x (need >= 1.5x). TP=4213.00, SL dist=10.00",2790
2026-09-28 07:09:34,Account 2,XAUUSD VIP SIGNAL,XAUUSD BUY NOW @ 4211 MORE BUY @ 4207  TP : 4215 TP : 4219 TP : 4223 TP : 4227 TP : 4231 TP : 4235 TP : 4240  SL : 4200,BUY GOLD @ 4211.0,REJECTED,"R:R too low: 0.36x (need >= 1.5x). TP=4215.00, SL dist=11.00",2791
2026-09-28 07:10:53,Account 2,XAUUSD GOLD MASTER,Gold Sell @ 4296 Sl: @ 4306 TP: @ 4276 lot size 0.11 Confirm 94% https://t.me/+izItJfSEfjY3NWU0 https://t.me/+izItJfSEfjY3NWU0,SELL GOLD @ 4296.0,SUCCESS,Trade executed successfully on MT5,2792
2026-09-28 07:15:06,Account 2,Vault Gold Forex, #XAUUSD SELL NOW 4255   SL :#see in channal   TP: #see in channal   https://t.me/+zjIlcHd0lhxhZTM8  LINK EXPIRE IN 5 MN ,SELL GOLD @ 4255.0,SUCCESS,Trade executed successfully on MT5,2793
2026-09-28 07:15:55,Account 2,JOSEFINA TRADER0🎖,Gold Sell @ 4296 Sl: @ 4306 TP: @ 4276 lot size 0.11 Confirm 94% https://t.me/+izItJfSEfjY3NWU0 https://t.me/+izItJfSEfjY3NWU0,SELL GOLD @ 4296.0,SUCCESS,Trade executed successfully on MT5,2794
2026-09-28 07:18:28,Account 2,Vault Gold Forex,XAUUSD BUY 4204/4201  TP 4207  TP 4210  TP 4213  TP 4216  TP 4219  SL 4194,BUY GOLD @ 4204.0,REJECTED,"R:R too low: 0.30x (need >= 1.5x). TP=4207.00, SL dist=10.00",2795
2026-09-28 07:18:44,Account 2,Grade Profit forex,XAUUSD SELL    Click to see   ,SELL GOLD @ 4047.0,REJECTED,"R:R too low: 0.27x (need >= 1.5x). TP=4044.00, SL dist=11.00",2796
2026-09-28 07:19:15,Account 2,JOSEFINA TRADER0🎖,XAUUSD SELL 4213,SELL GOLD @ 4213.0,SUCCESS,Trade executed successfully on MT5,2797
2026-09-28 07:19:30,Account 1,XAUUSD ACCURATE SiGNALS,BTC USD 120+ PP drop,BUY BTC USD @ 120.0,REJECTED,Gold Lock: Symbol 'BTC USD' rejected. Gold only.,2798
2026-09-28 07:20:46,Account 2,JOSEFINA TRADER0🎖,XAUUSD SELL 4213 TP 4210 TP 4207 TP 4204 TP 4201 TP 4198 SL 4224 Use proper risk management Guys,SELL GOLD @ 4213.0,REJECTED,"R:R too low: 0.27x (need >= 1.5x). TP=4210.00, SL dist=11.00",2799
2026-09-28 07:22:02,Account 2,RIAOGOLDFOREX,XAUUSD BUY 4209,BUY GOLD @ 4209.0,SUCCESS,Trade executed successfully on MT5,2800
2026-09-28 07:22:21,Account 2,XAUUSD GOLD MASTER,#GOLDSELL 4214-4216  TP 4210 TP 4207 TP 4204 TP 4200 TP 4190  SL4222,SELL GOLD @ 4214.0,REJECTED,"R:R too low: 0.50x (need >= 1.5x). TP=4210.00, SL dist=8.00",2801
2026-09-28 07:22:45,Account 2,RIAOGOLDFOREX,XAUUSD BUY 4209  TP 4212  TP 4215  TP 4218  TP 4221  TP 4224  TP 4227  SL 4199,BUY GOLD @ 4209.0,REJECTED,"R:R too low: 0.30x (need >= 1.5x). TP=4212.00, SL dist=10.00",2802
2026-09-28 07:26:25,Account 2,Perfect Management,#XAUUSD     SELL   4225   Sl       4237  ¹TP      4221 ²TP      4217 ³TP      4213 ⁴TP      4209 ⁵TP,"SELL GOLD @ 4213.98 (SL: 4237.0, TP: 4201.0)",SELL,GOLD,4213.98,4237.0,4201.0,SUCCESS,Executed with AI Runner TSL
2026-09-28 07:33:22,Account 2,Vault Gold Forex,Gold Sell @ 4296 Sl: @ 4306 TP: @ 4276 lot size 0.11 Confirm 94% https://t.me/+izItJfSEfjY3NWU0 https://t.me/+izItJfSEfjY3NWU0,SELL GOLD @ 4296.0,FAILED,MT5 execution failed — check broker logs,2804
2026-09-28 07:36:56,Account 2,𝐆𝐨𝐥𝐝 𝐒𝐢𝐠𝐧𝐚𝐥𝐬 𝐒𝐞𝐫𝐯𝐢𝐜𝐞™,#XAUUSD BUY NOW 4212/ 4210  TP. 4215 TP. 4218 TP. 4221 TP. 4235 SL. 4200,SELL GOLD @ 4047.0,REJECTED,"R:R too low: 0.27x (need >= 1.5x). TP=4044.00, SL dist=11.00",2805
2026-09-28 07:39:39,Account 2,RIAOGOLDFOREX, GOLD SELL NOW   TP  TP  SL     3   ,SELL GOLD @ None,FAILED,MT5 execution failed — check broker logs,2806
2026-09-28 07:51:43,Account 2,Grade Profit forex,GOLD SELL NOW   SL   TP   HERE  https://t.me/+kKUiTpEc-GwzZWM0,SELL GOLD @ None,FAILED,MT5 execution failed — check broker logs,2807
2026-09-28 07:58:24,Account 2,JOSEFINA TRADER0🎖,XAUUSD SELL    Click to see   ,SELL GOLD @ 4047.0,REJECTED,"R:R too low: 0.27x (need >= 1.5x). TP=4044.00, SL dist=11.00",2808
2026-09-28 08:06:03,Account 2,THE FOREX BLUEPRINT,XAUUSD SELL 4210,SELL GOLD @ 4210.0,FAILED,MT5 execution failed — check broker logs,2809
2026-09-28 08:07:11,Account 2,Vault Gold Forex, #XAUUSD SELL NOW 4255   SL :#see in channal   TP: #see in channal   https://t.me/+zjIlcHd0lhxhZTM8  LINK EXPIRE IN 5 MN ,SELL GOLD @ 4255.0,FAILED,MT5 execution failed — check broker logs,2810
2026-09-28 08:07:55,Account 2,XAUUSD GOLD MASTER,Gold Sell @ 4296 Sl: @ 4306 TP: @ 4276 lot size 0.11 Confirm 94% https://t.me/+izItJfSEfjY3NWU0 https://t.me/+izItJfSEfjY3NWU0,SELL GOLD @ 4296.0,FAILED,MT5 execution failed — check broker logs,2811
2026-09-28 08:08:13,Account 2,THE FOREX BLUEPRINT, GOLD SEELL NOW ZONE 42-12 42-20  TP1  42-05 TP2 42-00 TP3  41-95 TP4 41-90 TP5. 41-85 TP6.   SL  :42-25  Everybody Use according to Money Management ...,SELL GOLD @ 42,REJECTED,"R:R too low: 0.20x (need >= 1.5x). TP=42.05, SL dist=0.25",2812
2026-09-28 08:13:10,Account 2,RIAOGOLDFOREX,XAUUSD SELL 4228/4231  TP 4225  TP 4222  TP 4219  TP 4216  TP 4213  SL 4238 https://t.me/+A7uPR7WBXphlMmM0,SELL GOLD @ 4228.0,REJECTED,"R:R too low: 0.30x (need >= 1.5x). TP=4225.00, SL dist=10.00",2813
2026-09-28 08:13:39,Account 2,XAUUSD GOLD MASTER, #XAUUSD SELL         Click to see    https://t.me/+TneYtn768WVjYzI0 https://t.me/+7hHmArUC1TkzNWE0 ,SELL GOLD @ 4053.0,REJECTED,"R:R too low: 0.30x (need >= 1.5x). TP=4050.00, SL dist=10.00",2814
2026-09-28 08:16:40,Account 2,JOSEFINA TRADER0🎖,Gold Sell @ 4296 Sl: @ 4306 TP: @ 4276 lot size 0.11 Confirm 94% https://t.me/+izItJfSEfjY3NWU0 https://t.me/+izItJfSEfjY3NWU0,SELL GOLD @ 4296.0,FAILED,MT5 execution failed — check broker logs,2815
2026-09-28 08:17:53,Account 2,Perfect Management,#XAUUSD          SELL  TP¹ HIT DONE 40+ PIPS,"TP1_HIT GOLD @ 0 (SL: 0, TP: 0)",TP1_HIT,GOLD,0,0,0,SUCCESS,TP1 Hit -> Kept SL Fixed for TP2
2026-09-28 08:18:08,Account 2,Perfect Management,#XAUUSD          SELL  TP² HIT DONE 80+ PIPS,"TP2_HIT GOLD @ 0 (SL: 0, TP: 0)",TP2_HIT,GOLD,0,0,0,NO_OPEN_ORDER,TP2 Hit -> Put TSL at TP2 + 10-pip trail
2026-09-28 08:18:44,Account 2,XAUUSD GOLD MASTER, XAUUSD BUY         Click to see     https://t.me/+KkunQU3cswM2MDlk https://t.me/+KkunQU3cswM2MDlk,BUY GOLD @ 4041.0,FAILED,MT5 execution failed — check broker logs,2818
2026-09-28 08:23:47,Account 2,JOSEFINA TRADER0🎖,Gold Sell @ 4296 Sl: @ 4306 TP: @ 4276 lot size 0.11 Confirm 94% https://t.me/+IaTRIjAjFzNjNDY8 https://t.me/+IaTRIjAjFzNjNDY8,SELL GOLD @ 4296.0,SUCCESS,Trade executed successfully on MT5,2819
2026-09-28 08:32:26,Account 2,RIAOGOLDFOREX,XAUUSD SELL 4198,SELL GOLD @ 4198.0,SUCCESS,Trade executed successfully on MT5,2820
2026-09-28 08:33:02,Account 2,RIAOGOLDFOREX,XAUUSD BUY 4195,BUY GOLD @ 4195.0,FAILED,MT5 execution failed — check broker logs,2821
2026-09-28 08:33:38,Account 2,𝐗𝐀𝐔𝐔𝐒𝐃 𝐓𝐑𝐀𝐃𝐈𝐍𝐆 𝐌𝐀𝐒𝐓𝐄𝐑,XAUUSD BUY NOW 4193-4190  TP1 4196 TP2 4199 TP3 4202 TP4 4205 TP5 4208 TP6 4211 TP7 4214   SL4184 use Proper money management,BUY GOLD @ 4193.0,REJECTED,"R:R too low: 0.33x (need >= 1.5x). TP=4196.00, SL dist=9.00",2822
2026-09-28 08:34:19,Account 2,RIAOGOLDFOREX,XAUUSD BUY 4195  TP 4198  TP 4201  TP 4204  TP 4207  TP 4210  TP 4213  SL 4185,BUY GOLD @ 4195.0,REJECTED,"R:R too low: 0.30x (need >= 1.5x). TP=4198.00, SL dist=10.00",2823
2026-09-28 08:37:57,Account 2,Vault Gold Forex,GOLD / XAUUSD BIG SIGNAL  TARGET 200 PIPS  SL TP  https://t.me/+6TuV6ThJDzFiODU0 https://t.me/+6TuV6ThJDzFiODU0,BUY GOLD @ 4063.0,REJECTED,"R:R too low: 1.00x (need >= 1.5x). TP=4073.00, SL dist=10.00",2824
2026-09-28 08:38:37,Account 2,Vault Gold Forex, XAUUSDBUY         Click to see      https://t.me/+QrZxqPPnelRlNDlk https://t.me/+QrZxqPPnelRlNDlk,BUY GOLD @ None,SUCCESS,Trade executed successfully on MT5,2825
2026-09-28 08:40:13,Account 2,JOSEFINA TRADER0🎖,Gold Sell @ 4213 Sl: @ 4223 TP: @ 4193 lot size 0.11 Confirm 94% https://t.me/+izItJfSEfjY3NWU0 https://t.me/+izItJfSEfjY3NWU0,SELL GOLD @ 4213.0,FAILED,MT5 execution failed — check broker logs,2826
2026-09-28 08:42:16,Account 2,Swich Gold Forex™,Gold Sell @ 4213 Sl: @ 4223 TP: @ 4193 lot size 0.11 Confirm 94% https://t.me/+izItJfSEfjY3NWU0 https://t.me/+izItJfSEfjY3NWU0,SELL GOLD @ 4213.0,FAILED,MT5 execution failed — check broker logs,2827
2026-09-28 08:50:41,Account 2,Vault Gold Forex,GOLD / XAUUSD BIG SIGNAL  TARGET 200 PIPS  SL TP  https://t.me/+6TuV6ThJDzFiODU0 https://t.me/+6TuV6ThJDzFiODU0,BUY GOLD @ 4063.0,REJECTED,"R:R too low: 1.00x (need >= 1.5x). TP=4073.00, SL dist=10.00",2828
2026-09-28 08:51:47,Account 2,JOSEFINA TRADER0🎖,XAUUSDSELL NOW 4232   Confirm   Signals   Click to see    https://t.me/+nfQkXuHkhjQwY2Vk  https://t.me/+cBqnN3P-m-hkMTJk,SELL GOLD @ 4232.0,SUCCESS,Trade executed successfully on MT5,2829
2026-09-28 08:52:12,Account 2,RIAOGOLDFOREX,GOLD SELL NOW  SL TP HERE  https://t.me/+JbEmhgjJ-QA5NDI0 https://t.me/+JbEmhgjJ-QA5NDI0,SELL GOLD @ None,SUCCESS,Trade executed successfully on MT5,2830
2026-09-28 08:55:40,Account 1,XAUUSD ACCURATE SiGNALS,170+ PP btcusd sell,SELL BTCUSDT @ 170.0,REJECTED,Gold Lock: Symbol 'BTCUSDT' rejected. Gold only.,2831
2026-09-28 08:57:41,Account 2,JOSEFINA TRADER0🎖, #XAUUSD SELL NOW 4255   SL :#see in channal   TP: #see in channal   https://t.me/+zjIlcHd0lhxhZTM8  LINK EXPIRE IN 5 MN ,SELL GOLD @ 4255.0,SUCCESS,Trade executed successfully on MT5,2832
2026-09-28 08:59:39,Account 2,Swich Gold Forex™, XAUUSD SELL    Click to see   ,SELL GOLD @ 4047.0,REJECTED,"R:R too low: 0.27x (need >= 1.5x). TP=4044.00, SL dist=11.00",2833
2026-09-28 09:01:07,Account 2,Swich Gold Forex™,XAUUSD BUY 4194  TP 4197 TP 4200 TP 4203 TP 4206  SL 4184,BUY GOLD @ 4194.0,REJECTED,"R:R too low: 0.30x (need >= 1.5x). TP=4197.00, SL dist=10.00",2834
2026-09-28 09:22:58,Account 2,𝐆𝐨𝐥𝐝 𝐒𝐢𝐠𝐧𝐚𝐥𝐬 𝐒𝐞𝐫𝐯𝐢𝐜𝐞™,#XAUUSD BUY NOW 4195/4193  TP. 4198 TP. 4201 TP. 4204 TP. 4214 SL. 4283,SELL GOLD @ 4047.0,REJECTED,"R:R too low: 0.27x (need >= 1.5x). TP=4044.00, SL dist=11.00",2835
2026-09-28 09:24:38,Account 2,JOSEFINA TRADER0🎖,XAUUSD SELL 4196,SELL GOLD @ 4196.0,SUCCESS,Trade executed successfully on MT5,2836
2026-09-28 09:24:52,Account 2,JOSEFINA TRADER0🎖,XAUUSD SELL 4196 TP 4193 TP 4190 TP 4187 TP 4184 TP 4181 SL 4207 Use proper risk management Guys,SELL GOLD @ 4196.0,REJECTED,"R:R too low: 0.27x (need >= 1.5x). TP=4193.00, SL dist=11.00",2837
2026-09-28 09:25:15,Account 2,JOSEFINA TRADER0🎖, #XAUUSD SELL NOW 4255   SL :#see in channal   TP: #see in channal   https://t.me/+zjIlcHd0lhxhZTM8  LINK EXPIRE IN 5 MN ,SELL GOLD @ 4255.0,SUCCESS,Trade executed successfully on MT5,2838
2026-09-28 09:33:10,Account 2,Swich Gold Forex™,Gold Buy @ 4213 Sl: @ 4203 TP: @ 4233 lot size 0.11 Confirm 99% https://t.me/+cvdBaVMQ1FRmZDRk https://t.me/+cvdBaVMQ1FRmZDRk,BUY GOLD @ 4213.0,FAILED,MT5 execution failed — check broker logs,2839
2026-09-28 09:36:17,Account 2,XAUUSD GOLD MASTER,XAUUSD SELL 4228/4231  TP 4225  TP 4222  TP 4219  TP 4216  TP 4213  SL 4238 https://t.me/+A7uPR7WBXphlMmM0,SELL GOLD @ 4228.0,REJECTED,"R:R too low: 0.30x (need >= 1.5x). TP=4225.00, SL dist=10.00",2840
2026-09-28 09:37:27,Account 2,GOLD PRO TRADER ♨️,#GOLD BUY 4194 . 4190   TP1 : 4198 TP2 : 4202 TP3 : 4206 TP4: 4208 TP5...4210.4214   SL 4179,BUY GOLD @ 4194.0,REJECTED,SL too wide: 15.00 > 14.21 (1.5x ATR=9.47). Max risk exceeded.,2841
2026-09-28 09:43:54,Account 2,XAU DIAMOND FX,XAUUSD BUY 4198 4194  TP 4202 TP 4204 TP 4206 TP 4208 Tp. 4210 SL 4284,BUY GOLD @ 4198.0,REJECTED,SL too wide: 86.00 > 14.40 (1.5x ATR=9.60). Max risk exceeded.,2842
2026-09-28 09:52:34,Account 2,JOSEFINA TRADER0🎖, #XAUUSD SELL NOW 4255   SL :#see in channal   TP: #see in channal   https://t.me/+zjIlcHd0lhxhZTM8  LINK EXPIRE IN 5 MN ,SELL GOLD @ 4255.0,FAILED,MT5 execution failed — check broker logs,2843
2026-09-28 09:53:02,Account 2,XAUUSD GOLD MASTER, #XAUUSD SELL NOW 4274   SL :#see in channal   TP: #see in channal   https://t.me/+xiPqpkV1dw00Mjlk https://t.me/+xiPqpkV1dw00Mjlk  LINK EXPIRE IN 5 M...,SELL GOLD @ 4274.0,FAILED,MT5 execution failed — check broker logs,2844
2026-09-28 09:56:22,Account 2,XAUUSD GOLD MASTER,Gold Sell @ 4213 Sl: @ 4223 TP: @ 4193 lot size 0.11 Confirm 94% https://t.me/+izItJfSEfjY3NWU0 https://t.me/+izItJfSEfjY3NWU0,SELL GOLD @ 4213.0,FAILED,MT5 execution failed — check broker logs,2845
2026-09-28 10:00:29,Account 2,Market Trader Crypto Forex,Market is totally sideways so aap sabhi sl ctc kar lijiye.,"MODIFY_BREAKEVEN MARKET @ 0 (SL: 0, TP: 0)",MODIFY_BREAKEVEN,MARKET,0,0,0,NO_OPEN_ORDER,"SL moved to entry, closed 40%"
2026-09-28 10:02:25,Account 2,JOSEFINA TRADER0🎖, #XAUUSD SELL NOW 4255   SL :#see in channal   TP: #see in channal   https://t.me/+zjIlcHd0lhxhZTM8  LINK EXPIRE IN 5 MN ,SELL GOLD @ 4255.0,SUCCESS,Trade executed successfully on MT5,2847
2026-09-28 10:03:16,Account 2,JOSEFINA TRADER0🎖, BTCUSD SELL NOW   TP  TP  SL     3   ,SELL BTCUSD @ None,REJECTED,Gold Lock: Symbol 'BTCUSD' rejected. Gold only.,2848
2026-09-28 10:26:25,Account 2,RIAOGOLDFOREX,Gold Buy @ 4190 Sl: @ 4180 TP: @ 4200 lot size 0.11 Confirm 99% https://t.me/+I8DdYRf4c5pmNTE0 https://t.me/+I8DdYRf4c5pmNTE0,BUY GOLD @ 4190.0,REJECTED,"R:R too low: 1.00x (need >= 1.5x). TP=4200.00, SL dist=10.00",2849
2026-09-28 10:27:27,Account 2,XAUUSD GOLD MASTER, #XAUUSD SELL         Click to see    https://t.me/+TneYtn768WVjYzI0 https://t.me/+7hHmArUC1TkzNWE0 ,SELL GOLD @ 4053.0,REJECTED,"R:R too low: 0.30x (need >= 1.5x). TP=4050.00, SL dist=10.00",2850
2026-09-28 10:27:47,Account 2,XAUUSD GOLD MASTER,XAUUSD BUY 4196  TP 4200 TP 4204 TP 4208 TP 4212  SL conform here  https://t.me/Adgruophub112,BUY GOLD @ 4196.0,REJECTED,"R:R too low: 0.65x (need >= 1.5x). TP=4200.00, SL dist=6.17",2851
2026-09-28 10:29:53,Account 2,Swich Gold Forex™, #XAUUSD SELL NOW 4200   SL :#see in channal   TP: #see in channal   https://t.me/+xBq59WbLo9w0YWQ0 https://t.me/+xBq59WbLo9w0YWQ0  LINK EXPIRE IN 5 M...,SELL GOLD @ 4200.0,SUCCESS,Trade executed successfully on MT5,2852
2026-09-28 10:34:02,Account 2,Swich Gold Forex™, #XAUUSD SELL NOW 4274   SL :#see in channal   TP: #see in channal   https://t.me/+xiPqpkV1dw00Mjlk https://t.me/+xiPqpkV1dw00Mjlk  LINK EXPIRE IN 5 M...,SELL GOLD @ 4274.0,SUCCESS,Trade executed successfully on MT5,2853
2026-09-28 10:35:08,Account 1,DUBAI CAPITAL FX GROUP 3,GOLD SELL  4197/4202 SL _4212  TP 4194 TP 4191 TP 4188 TP 4185 TP 4182 TP 4179,SELL GOLD @ 4197.0,REJECTED,SL too wide: 15.00 > 10.42 (1.5x ATR=6.95). Max risk exceeded.,2854
2026-09-28 10:36:15,Account 2,Swich Gold Forex™,Gold Buy @ 4213 Sl: @ 4203 TP: @ 4233 lot size 0.11 Confirm 99% https://t.me/+cvdBaVMQ1FRmZDRk https://t.me/+cvdBaVMQ1FRmZDRk,BUY GOLD @ 4213.0,SUCCESS,Trade executed successfully on MT5,2855
2026-09-28 10:37:08,Account 2,Perfect Management,#XAUUSD         SELL  All TP⁶ HIT DONE 240+ PIPS,"BOOK_PROFIT_80% GOLD @ 0 (SL: 0, TP: 0)",BOOK_PROFIT_80%,GOLD,0,0,0,NO_OPEN_ORDER,All TPs hit -> Booked 80%
2026-09-28 11:06:53,Account 2,Vault Gold Forex,XAUUSD BUY 4182/4179  TP 4185  TP 4188  TP 4191  TP 4194  TP 4197  SL 4172,BUY GOLD @ 4182.0,REJECTED,"R:R too low: 0.30x (need >= 1.5x). TP=4185.00, SL dist=10.00",2857
2026-09-28 11:08:03,Account 2,XAUUSD GOLD MASTER, #XAUUSD SELL NOW 4274   SL :#see in channal   TP: #see in channal   https://t.me/+xiPqpkV1dw00Mjlk https://t.me/+xiPqpkV1dw00Mjlk  LINK EXPIRE IN 5 M...,SELL GOLD @ 4274.0,SUCCESS,Trade executed successfully on MT5,2858
2026-09-28 11:14:43,Account 2,GOLD PRO TRADER ♨️,#GOLD BUY 4180 . 4176   TP1 : 4184 TP2 : 4188 TP3 : 4192 TP4: 4196 TP5...4200.4204   SL 4165,BUY GOLD @ 4180.0,REJECTED,SL too wide: 15.00 > 11.09 (1.5x ATR=7.40). Max risk exceeded.,2859
2026-09-28 11:15:51,Account 2,JOSEFINA TRADER0🎖,Wow Check gold 4181,SELL GOLD @ 4181.0,SUCCESS,Trade executed successfully on MT5,2860
2026-09-28 11:21:30,Account 2,RIAOGOLDFOREX,XAUUSD BUY 4179,BUY GOLD @ 4179.0,FAILED,MT5 execution failed — check broker logs,2861
2026-09-28 11:23:07,Account 2,RIAOGOLDFOREX,XAUUSD BUY 4179  TP 4182  TP 4185  TP 4188  TP 4191  TP 4194  TP 4197  SL 4169,BUY GOLD @ 4179.0,REJECTED,"R:R too low: 0.30x (need >= 1.5x). TP=4182.00, SL dist=10.00",2862
2026-09-28 11:25:57,Account 2,XAUUSD GOLD MASTER, XAUUSD BUY         Click to see     https://t.me/+KkunQU3cswM2MDlk https://t.me/+KkunQU3cswM2MDlk,BUY GOLD @ 4041.0,SUCCESS,Trade executed successfully on MT5,2863
2026-09-28 11:31:39,Account 2,Vault Gold Forex,GOLD SELL   XAU USD SIGNAL  TARGET 500 PIPS  SL TP  https://t.me/+HV6ibKxRn3cxNzM0 https://t.me/+HV6ibKxRn3cxNzM0 https://t.me/+HV6ibKxRn3cxNzM0,SELL GOLD @ 500.0,REJECTED,"R:R too low: 0.00x (need >= 1.5x). TP=500.00, SL dist=5.70",2864
2026-09-28 11:36:51,Account 2,𝐗𝐀𝐔𝐔𝐒𝐃 𝐓𝐑𝐀𝐃𝐈𝐍𝐆 𝐌𝐀𝐒𝐓𝐄𝐑,GOLD BUY NOW 4174,BUY GOLD @ 4174.0,SUCCESS,Trade executed successfully on MT5,2865
2026-09-28 11:37:57,Account 2,𝐗𝐀𝐔𝐔𝐒𝐃 𝐓𝐑𝐀𝐃𝐈𝐍𝐆 𝐌𝐀𝐒𝐓𝐄𝐑, XAUUSD BUY : 4174-4171  TP : 4177 TP : 4180 TP : 4183 TP : 4186 TP : 4189 TP : 4192 TP : 4195 TP : 4198 TP : 4201 TP: 4204_OPEN   SL : 4165  Use Prop...,BUY GOLD @ 4174.0,REJECTED,"R:R too low: 0.33x (need >= 1.5x). TP=4177.00, SL dist=9.00",2866
2026-09-28 11:43:20,Account 2,Grade Profit forex,XAUUSD BUY 4180  TP 4183 TP 4186 TP 4189 TP 4192 TP 4195  SL 4170,BUY GOLD @ 4180.0,REJECTED,"R:R too low: 0.30x (need >= 1.5x). TP=4183.00, SL dist=10.00",2867
2026-09-28 11:46:49,Account 2,Grade Profit forex,XAUUSD BUY 4177  TP 4180 TP 4183 TP 4186 TP 4189 TP 4192  SL 4167,BUY GOLD @ 4177.0,REJECTED,SL too wide: 10.00 > 9.59 (1.5x ATR=6.39). Max risk exceeded.,2868
2026-09-28 11:50:24,Account 2,Vault Gold Forex,GOLD SELL   XAU USD SIGNAL  TARGET 500 PIPS  SL TP  https://t.me/+HV6ibKxRn3cxNzM0 https://t.me/+HV6ibKxRn3cxNzM0 https://t.me/+HV6ibKxRn3cxNzM0,SELL GOLD @ 500.0,REJECTED,"R:R too low: 0.00x (need >= 1.5x). TP=500.00, SL dist=5.34",2869
2026-09-28 11:51:24,Account 2,RIAOGOLDFOREX,GOLD SELL   XAU USD SIGNAL  TARGET 500 PIPS  SL TP  https://t.me/+HV6ibKxRn3cxNzM0 https://t.me/+HV6ibKxRn3cxNzM0 https://t.me/+HV6ibKxRn3cxNzM0,SELL GOLD @ 500.0,REJECTED,"R:R too low: 0.00x (need >= 1.5x). TP=500.00, SL dist=5.34",2870
2026-09-28 11:55:46,Account 2,Vault Gold Forex, #XAUUSD SELL NOW 4255   SL :#see in channal   TP: #see in channal   https://t.me/+zjIlcHd0lhxhZTM8  LINK EXPIRE IN 5 MN ,SELL GOLD @ 4255.0,FAILED,MT5 execution failed — check broker logs,2871
2026-09-28 11:56:46,Account 2,SureShot GOLD (VIP),XAUUSD BUY 4173.51  SL:  4163.51 TP:  4193.51 --Trade by William,BUY GOLD @ 4173.51,FAILED,MT5 execution failed — check broker logs,2872
2026-09-28 11:58:29,Account 2,Vault Gold Forex, XAUUSD BUY         Click to see     https://t.me/+KkunQU3cswM2MDlk https://t.me/+KkunQU3cswM2MDlk,BUY GOLD @ 4041.0,FAILED,MT5 execution failed — check broker logs,2873
2026-09-28 12:02:06,Account 2,Vault Gold Forex,GOLD / XAUUSD BIG SIGNAL  TARGET 200 PIPS  SL TP  https://t.me/+6TuV6ThJDzFiODU0 https://t.me/+6TuV6ThJDzFiODU0,BUY GOLD @ 4063.0,REJECTED,"R:R too low: 1.00x (need >= 1.5x). TP=4073.00, SL dist=10.00",2874
2026-09-28 12:03:12,Account 2,Swich Gold Forex™,XAUUSD BUY 4170  TP 4173 TP 4176 TP 4179 TP 4182  SL 4160,BUY GOLD @ 4170.0,REJECTED,"R:R too low: 0.30x (need >= 1.5x). TP=4173.00, SL dist=10.00",2875
2026-09-28 12:08:12,Account 2,RIAOGOLDFOREX,XAUUSD BUY 4170,BUY GOLD @ 4170.0,FAILED,MT5 execution failed — check broker logs,2876
2026-09-28 12:09:46,Account 2,RIAOGOLDFOREX,XAUUSD BUY 4172  TP 4175  TP 4178  TP 4181  TP 4184  TP 4187  TP 4190  SL 4160,BUY GOLD @ 4172.0,REJECTED,SL too wide: 12.00 > 10.60 (1.5x ATR=7.07). Max risk exceeded.,2877
2026-09-28 12:33:00,Account 2,GOLD PRO TRADER ♨️,#GOLD BUY 4161 . 4157   TP1 : 4165 TP2 : 4169 TP3 : 4173 TP4: 4177 TP5...4181.4185   SL 4145,BUY GOLD @ 4161.0,REJECTED,SL too wide: 16.00 > 11.19 (1.5x ATR=7.46). Max risk exceeded.,2878
2026-09-28 12:35:33,Account 2,𝙂𝙡𝙤𝙗𝙖𝙡 𝙂𝙤𝙡𝙙 𝙄𝙣𝙨𝙞𝙜𝙝𝙩𝙨,XAUUSD BUY NOW 4164.00   TP 1: 4169.00 TP 2: 4174.00 TP 3: 4179.00 TP 4: 4184.00  SL + 4150.00,BUY GOLD @ 4164.0,REJECTED,SL too wide: 14.00 > 11.23 (1.5x ATR=7.49). Max risk exceeded.,2879
2026-09-28 12:37:51,Account 2,Swich Gold Forex™, #XAUUSD SELL NOW 4274   SL :#see in channal   TP: #see in channal   https://t.me/+xiPqpkV1dw00Mjlk https://t.me/+xiPqpkV1dw00Mjlk  LINK EXPIRE IN 5 M...,SELL GOLD @ 4274.0,SUCCESS,Trade executed successfully on MT5,2880
2026-09-28 12:41:57,Account 2,Swich Gold Forex™,Gold Buy @ 4170 Sl: @ 4160 TP: @ 4180 lot size 0.11 Confirm 99% https://t.me/+cvdBaVMQ1FRmZDRk https://t.me/+cvdBaVMQ1FRmZDRk,BUY GOLD @ 4170.0,REJECTED,"R:R too low: 1.00x (need >= 1.5x). TP=4180.00, SL dist=10.00",2881
2026-09-28 12:44:15,Account 2,JOSEFINA TRADER0🎖,XAUUSD SELL 4163,SELL GOLD @ 4163.0,SUCCESS,Trade executed successfully on MT5,2882
2026-09-28 12:45:19,Account 2,JOSEFINA TRADER0🎖,XAUUSD SELL 4163 TP 4160 TP 4157 TP 4154 TP 4151 TP 4148 SL 4174 Use proper risk management Guys,SELL GOLD @ 4163.0,REJECTED,SL too wide: 11.00 > 10.64 (1.5x ATR=7.09). Max risk exceeded.,2883
2026-09-28 12:51:22,Account 2,Gold VIP,Planning a New Trade in Gold ,BUY GOLD @ None,FAILED,MT5 execution failed — check broker logs,2884
2026-09-28 12:51:42,Account 2,Swich Gold Forex™, XAUUSD SELL    Click to see   ,SELL GOLD @ 4047.0,REJECTED,"R:R too low: 0.27x (need >= 1.5x). TP=4044.00, SL dist=11.00",2885
2026-09-28 12:53:23,Account 2,PipXpert - Forex Signals,XAU/USD  Direction: SELL  Entry Price:  4158.00  TP1       4155.00 TP2       4148.00 TP3       4138.00  SL        4176.00,SELL GOLD @ 4158.0,REJECTED,SL too wide: 18.00 > 11.37 (1.5x ATR=7.58). Max risk exceeded.,2886
2026-09-28 12:54:07,Account 2,PipXpert - Forex Signals, XAU/USD Market Alert   Current market bias: Bearish  Pair: XAU/USD  Timeframes reviewed: 30M / 1H / 5H   Key reaction zone: 4158.00   This is the are...,SELL GOLD @ 4158.0,FAILED,MT5 execution failed — check broker logs,2887
2026-09-28 12:58:18,Account 2,XAU DIAMOND FX,XAUUSD BUY limit 4154 4152  TP 4157 TP 4161 TP 4165 TP 4267 Tp. 4172 SL 4239,BUY GOLD @ 4154.0,REJECTED,SL too wide: 85.00 > 11.37 (1.5x ATR=7.58). Max risk exceeded.,2888
2026-09-28 13:04:27,Account 2,SureShot GOLD (VIP),XAUUSD BUY 4158.57  SL:  4148.57 TP:  4178.57 --Trade by Flynn,BUY GOLD @ 4158.57,SUCCESS,Trade executed successfully on MT5,2889
2026-09-28 13:04:39,Account 2,SureShot GOLD (VIP),XAUUSD BUY 4158.65  SL:  4148.65 TP:  4178.65 --Trade by Mark,BUY GOLD @ 4158.65,SUCCESS,Trade executed successfully on MT5,2890
2026-09-28 13:15:18,Account 2,JOSEFINA TRADER0🎖, #XAUUSD SELL NOW 4255   SL :#see in channal   TP: #see in channal   https://t.me/+zjIlcHd0lhxhZTM8  LINK EXPIRE IN 5 MN ,SELL GOLD @ 4255.0,FAILED,MT5 execution failed — check broker logs,2891
2026-09-28 13:16:13,Account 2,🌕 PERO | Forex - Investing ™,"41614158 IS NOW IN PLAY.  Gold reached the support marked in todays plan after a very aggressive selloff.  With momentum this strong, were keeping the...",SELL GOLD @ 4068,REJECTED,SL too wide: 15.00 > 11.46 (1.5x ATR=7.64). Max risk exceeded.,2892
2026-09-28 13:16:53,Account 2,SureShot GOLD (VIP),XAUUSD BUY 4154.99  SL:  4144.99 TP:  4174.99 --Trade by Mark,BUY GOLD @ 4154.99,FAILED,MT5 execution failed — check broker logs,2893
2026-09-28 13:22:43,Account 2,𝐗𝐀𝐔𝐔𝐒𝐃 𝐓𝐑𝐀𝐃𝐈𝐍𝐆 𝐌𝐀𝐒𝐓𝐄𝐑, XAUUSD SELL : 4159-4162  TP : 4156 TP : 4153 TP : 4150 TP : 4147 TP : 4144 TP : 4141 TP : 4138_OPEN   SL : 4168  Use Proper Money Management. ,SELL GOLD @ 4159,REJECTED,"R:R too low: 0.33x (need >= 1.5x). TP=4156.00, SL dist=9.00",2894
2026-09-28 13:32:58,Account 2,SureShot GOLD (VIP),XAUUSD SELL 4157.57  SL:  4167.57 TP:  4137.57 --Trade by Matthew,SELL GOLD @ 4157.57,FAILED,MT5 execution failed — check broker logs,2895
2026-09-28 13:38:59,Account 2,Grade Profit forex, XAUUSD BIG SELL. @4180 I will delete the link after two minutes   https://t.me/+ViSUaelHtco5NTVk https://t.me/+ViSUaelHtco5NTVk 600+ PIPS TARGET ,SELL GOLD @ 4180.0,FAILED,MT5 execution failed — check broker logs,2896
2026-09-28 13:45:58,Account 1,"Mr.DAVID, XAU/USD CLUB",XAUUSD  BUY  ENTR. 4155.4152 tp1:4160 tp2 4164 tp3 4168 tp4 4172 tp5 4178 SL: 4144,BUY GOLD @ 4155.4152,REJECTED,"R:R too low: 0.40x (need >= 1.5x). TP=4160.00, SL dist=11.42",2897
2026-09-28 13:46:58,Account 2,RIAOGOLDFOREX,XAUUSD SELL 4157,SELL GOLD @ 4157.0,FAILED,MT5 execution failed — check broker logs,2898
2026-09-28 13:55:52,Account 2,RIAOGOLDFOREX,XAUUSD SELL 4157  TP 4154 TP 4151 TP 4148 TP 4145 TP 4142 TP 4139  SL 4167,SELL GOLD @ 4157.0,REJECTED,"R:R too low: 0.30x (need >= 1.5x). TP=4154.00, SL dist=10.00",2899
2026-09-28 13:57:01,Account 2,Swich Gold Forex™,XAUUSD gold 4290_4295 I will delete the link after two minutes   https://t.me/+oaQ0_NFtyNE5OTNk https://t.me/+oaQ0_NFtyNE5OTNk   600+ PIPS TARGET ,SELL GOLD @ 4295.0,REJECTED,"R:R too low: 1.00x (need >= 1.5x). TP=4290.00, SL dist=5.00",2900
2026-09-28 13:58:35,Account 2,Swich Gold Forex™,Gold Buy @ 4150 Sl: @ 4140 TP: @ 4160 lot size 0.11 Confirm 99% https://t.me/+tNEcPugUo_Q5ZWE1,BUY GOLD @ 4150.0,REJECTED,"R:R too low: 1.00x (need >= 1.5x). TP=4160.00, SL dist=10.00",2901
2026-09-28 13:58:56,Account 2,Vault Gold Forex,XAUUSD BUY 4146/4143  TP 4149  TP 4152  TP 4155  TP 4158  TP 4161  SL 4136,BUY GOLD @ 4146.0,REJECTED,"R:R too low: 0.30x (need >= 1.5x). TP=4149.00, SL dist=10.00",2902
2026-09-28 14:03:58,Account 2,Vault Gold Forex,XAUUSD SELL 4150/4153  TP 4147  TP 4144  TP 4141  TP 4138  TP 4135  SL 4160,SELL GOLD @ 4150.0,REJECTED,"R:R too low: 0.30x (need >= 1.5x). TP=4147.00, SL dist=10.00",2903
2026-09-28 14:09:02,Account 2,Swich Gold Forex™,Gold Sell @ 4213 Sl: @ 4223 TP: @ 4193 lot size 0.11 Confirm 94% https://t.me/+izItJfSEfjY3NWU0 https://t.me/+izItJfSEfjY3NWU0,SELL GOLD @ 4213.0,SUCCESS,Trade executed successfully on MT5,2904
2026-09-28 14:14:33,Account 2,RIAOGOLDFOREX,XAUUSDSELL NOW 4232   Confirm   Signals   Click to see    https://t.me/+nfQkXuHkhjQwY2Vk  https://t.me/+cBqnN3P-m-hkMTJk,SELL GOLD @ 4232.0,SUCCESS,Trade executed successfully on MT5,2905
2026-09-28 14:23:33,Account 1,"Mr.DAVID, XAU/USD CLUB",XAUUSD  SELL  ENTR. 4149.800.4152 tp1:4144 tp2 4140 tp3 4136 tp4 4132 tp5 4126 SL: 4161,SELL GOLD @ 4149.8,REJECTED,"R:R too low: 0.52x (need >= 1.5x). TP=4144.00, SL dist=11.20",2906
2026-09-28 14:24:35,Account 2,Vault Gold Forex,XAUUSD (GOLD) NEXT MOVE CONFRIM ENTRY  ,SELL GOLD @ 4068.0,REJECTED,SL too wide: 15.00 > 13.52 (1.5x ATR=9.02). Max risk exceeded.,2907
2026-09-28 14:27:13,Account 2,SureShot GOLD (VIP),XAUUSD SELL 4146.11  SL:  4156.11 TP:  4126.11 --Trade by Toby,SELL GOLD @ 4146.11,SUCCESS,Trade executed successfully on MT5,2908
2026-09-28 14:37:08,Account 2,Swich Gold Forex™, #XAUUSD SELL NOW 4274   SL :#see in channal   TP: #see in channal   https://t.me/+xiPqpkV1dw00Mjlk https://t.me/+xiPqpkV1dw00Mjlk  LINK EXPIRE IN 5 M...,SELL GOLD @ 4274.0,FAILED,MT5 execution failed — check broker logs,2909
2026-09-28 14:38:52,Account 2,Vault Gold Forex,XAUUSD gold 4137_4147 I will delete the link after two minutes   https://t.me/+2TRU1AJjqTJhZmJk   600+ PIPS TARGET ,SELL GOLD @ 4137.0,REJECTED,"R:R too low: 1.00x (need >= 1.5x). TP=4147.00, SL dist=10.00",2910
2026-09-28 14:39:47,Account 2,Vault Gold Forex, #XAUUSD SELL NOW 4255   SL :#see in channal   TP: #see in channal   https://t.me/+zjIlcHd0lhxhZTM8  LINK EXPIRE IN 5 MN ,SELL GOLD @ 4255.0,FAILED,MT5 execution failed — check broker logs,2911
2026-09-28 14:42:34,Account 2,XAUUSD GOLD MASTER, #XAUUSD SELL NOW 4274   SL :#see in channal   TP: #see in channal   https://t.me/+xiPqpkV1dw00Mjlk https://t.me/+xiPqpkV1dw00Mjlk  LINK EXPIRE IN 5 M...,SELL GOLD @ 4274.0,FAILED,MT5 execution failed — check broker logs,2912
2026-09-28 14:42:50,Account 2,XAUUSD GOLD MASTER,XAUUSD BUY 4151  TP 4154 TP 4157 TP 4160 TP 4163 TP 4166 TP 4169  SL 4138  https://t.me/+eYQ4aPQ703RjNmU0 https://t.me/+eYQ4aPQ703RjNmU0 VIP GROUP OPE...,BUY GOLD @ 4151,REJECTED,"R:R too low: 0.23x (need >= 1.5x). TP=4154.00, SL dist=13.00",2913
2026-09-28 14:44:29,Account 2,Vault Gold Forex,XAUUSD (GOLD) NEXT MOVE CONFRIM ENTRY  ,SELL GOLD @ 4068.0,REJECTED,SL too wide: 15.00 > 13.15 (1.5x ATR=8.76). Max risk exceeded.,2914
2026-09-28 14:49:11,Account 2,Vault Gold Forex, XAUUSD BUY 4138-4148  TP SL  CLICK TO SEE   https://t.me/+gljMhFVwmDEzMzg0,BUY GOLD @ 4138.0,FAILED,MT5 execution failed — check broker logs,2915
2026-09-28 14:54:01,Account 2,XAUUSD GOLD MASTER,Gold Sell @ 4213 Sl: @ 4223 TP: @ 4193 lot size 0.11 Confirm 94% https://t.me/+izItJfSEfjY3NWU0 https://t.me/+izItJfSEfjY3NWU0,SELL GOLD @ 4213.0,FAILED,MT5 execution failed — check broker logs,2916
2026-09-28 14:56:46,Account 2,Swich Gold Forex™,XAUUSD gold 4290_4295 I will delete the link after two minutes   https://t.me/+oaQ0_NFtyNE5OTNk https://t.me/+oaQ0_NFtyNE5OTNk   600+ PIPS TARGET ,SELL GOLD @ 4295.0,REJECTED,"R:R too low: 1.00x (need >= 1.5x). TP=4290.00, SL dist=5.00",2917
2026-09-28 14:58:37,Account 2,Swich Gold Forex™,Gold Buy @ 4150 Sl: @ 4140 TP: @ 4160 lot size 0.11 Confirm 99% https://t.me/+tNEcPugUo_Q5ZWE1,BUY GOLD @ 4150.0,REJECTED,"R:R too low: 1.00x (need >= 1.5x). TP=4160.00, SL dist=10.00",2918
2026-09-28 15:08:06,Account 2,XAUUSD GOLD MASTER,XAUUSD 101% CONFIRM SIGNAL ,SELL GOLD @ 101.0,REJECTED,Price sanity fail: entry 101.0 is 97.6% from live 4145.74000,2919
2026-09-28 15:13:51,Account 2,GOLD PRO TRADER ♨️,#GOLD BUY 4144 . 4140   TP1 : 4148 TP2 : 4152 TP3 : 4156 TP4: 4160 TP5...4164.4168   SL 4128,BUY GOLD @ 4144.0,REJECTED,SL too wide: 16.00 > 13.58 (1.5x ATR=9.05). Max risk exceeded.,2920
2026-09-28 15:15:21,Account 2,Gold VIP,Plan a new Trade in Gold ,BUY GOLD @ None,SUCCESS,Trade executed successfully on MT5,2921
2026-09-28 15:15:33,Account 2,Forex with karol,GOLD BUY: ENTRY ON 1MIN. GREEN CANDLE ,BUY GOLD @ 1.0,REJECTED,Price sanity fail: entry 1.0 is 100.0% from live 4151.93000,2922
2026-09-28 15:18:07,Account 2,Perfect Management,#XAUUSD     BUY   4143   Sl       4131  ¹TP      4147 ²TP      4151 ³TP      4155 ⁴TP      4159 ⁵TP ,"BUY GOLD @ 4152.33 (SL: 4131.0, TP: 4167.0)",BUY,GOLD,4152.33,4131.0,4167.0,SUCCESS,Executed with AI Runner TSL
2026-09-28 15:19:11,Account 2,Market Trader Crypto Forex,GOLD  BUY - 4155  SL -  90 PIPS   TARGET - 200 PIPS    👇👇 https://affs.click/xnqPA PATNER CODE (663W,"BUY GOLD @ 4153.64 (SL: 4144.64, TP: 4173.64)",BUY,GOLD,4153.64,4144.64,4173.64,SUCCESS,Executed Market Trader Setup
2026-09-28 15:19:44,Account 2,XAUUSD VIP SIGNAL,XAUUSD BUY NOW @ 4151 MORE BUY @ 4147  TP : 4155 TP : 4159 TP : 4163 TP : 4167 TP : 4171 TP : 4175 TP : 4180  SL : 4140,BUY GOLD @ 4151,REJECTED,"R:R too low: 0.36x (need >= 1.5x). TP=4155.00, SL dist=11.00",2925
2026-09-28 15:33:17,Account 2,Swich Gold Forex™,#XAUUSDSELL4154-4157  TP 4151 TP 4148 TP 4144 TP 4139 TP 4134 TP 4129 TP 4119  SL 4167,SELL GOLD @ 4154.0,REJECTED,SL too wide: 13.00 > 12.74 (1.5x ATR=8.50). Max risk exceeded.,2926
2026-09-28 15:43:05,Account 2,SureShot GOLD (VIP),XAUUSD BUY 4155.61  SL:  4145.61 TP:  4175.61 --Trade by William,BUY GOLD @ 4155.61,SUCCESS,Trade executed successfully on MT5,2927
2026-09-28 15:58:19,Account 2,Vault Gold Forex, #XAUUSD SELL NOW 4255   SL :#see in channal   TP: #see in channal   https://t.me/+zjIlcHd0lhxhZTM8  LINK EXPIRE IN 5 MN ,SELL GOLD @ 4255.0,FAILED,MT5 execution failed — check broker logs,2928
2026-09-28 15:58:47,Account 2,Vault Gold Forex,XAUUSD 101% CONFIRM SIGNAL ,SELL GOLD @ 101.0,REJECTED,Price sanity fail: entry 101.0 is 97.6% from live 4156.71000,2929
2026-09-28 16:15:47,Account 1,Pump Dump Gold,"Dear Traders,  We are going to DUMP XAUUSD today.  DUMP XAUUSD  Level1  4180-4210 Risk  ??  Level2  ?? Risk  ??   Reason for SELL: Fundamental:  Octob...",SELL GOLD @ 4180.0,REJECTED,SL too wide: 30.00 > 11.23 (1.5x ATR=7.49). Max risk exceeded.,2930
2026-09-28 16:16:26,Account 1,"Mr.DAVID, XAU/USD CLUB",XAUUSD  SELL  ENTR. 4158.600.4161 tp1:4154 tp2 4150 tp3 4145 tp4 4140 tp5 4136 SL: 4173,SELL GOLD @ 4158.6,REJECTED,SL too wide: 14.40 > 11.25 (1.5x ATR=7.50). Max risk exceeded.,2931
2026-09-28 16:20:03,Account 2,Sureshot FX VIP,GBPCHF SELL 1.1023  SL:  1.1073 TP:  1.0923 --Trade by Flynn,SELL GBPCHF @ 1.1023,REJECTED,Gold Lock: Symbol 'GBPCHF' rejected. Gold only.,2932
2026-09-28 16:20:29,Account 2,Sureshot FX 🎯,GBPCHF SELL 1.1023  SL:  1.1073 TP:  1.0923 --Trade by Flynn,SELL GBPCHF @ 1.1023,REJECTED,Gold Lock: Symbol 'GBPCHF' rejected. Gold only.,2933
2026-09-28 16:23:04,Account 2,RIAOGOLDFOREX, GOLD SELL NOW   TP  TP  SL     3    https://t.me/+I8DdYRf4c5pmNTE0 https://t.me/+I8DdYRf4c5pmNTE0,SELL GOLD @ None,FAILED,MT5 execution failed — check broker logs,2934
2026-09-28 16:25:24,Account 2,Vault Gold Forex,XAUUSD SELL 4160/4163  TP 4157  TP 4154  TP 4151  TP 4148  TP 4145  SL 4170,SELL GOLD @ 4160.0,REJECTED,"R:R too low: 0.30x (need >= 1.5x). TP=4157.00, SL dist=10.00",2935
2026-09-28 16:31:09,Account 2,Market Trader Crypto Forex,GBPNZD Short Trade   👇👇👇👇  https://affs.click/xnqPA PATNER CODE (663WF),"SELL GBPNZD @ 2.34215 (SL: 2.34565, TP: 2.33615)",SELL,GBPNZD,2.34215,2.34565,2.33615,SUCCESS,Executed Market Trader Setup
2026-09-28 16:42:08,Account 2,Grade Profit forex,XAUUSD SELL 4228/4231  TP 4225  TP 4222  TP 4219  TP 4216  TP 4213  SL 4238 https://t.me/+A7uPR7WBXphlMmM0,SELL GOLD @ 4228.0,REJECTED,"R:R too low: 0.30x (need >= 1.5x). TP=4225.00, SL dist=10.00",2937
2026-09-28 16:50:03,Account 2,Perfect Management,#XAUUSD          BUY  TP¹ HIT DONE 40+ PIPS,"TP1_HIT GOLD @ 0 (SL: 0, TP: 0)",TP1_HIT,GOLD,0,0,0,SUCCESS,TP1 Hit -> Kept SL Fixed for TP2
2026-09-28 16:50:12,Account 2,Perfect Management,#XAUUSD          BUY  TP² HIT DONE 80+ PIPS,"TP2_HIT GOLD @ 0 (SL: 0, TP: 0)",TP2_HIT,GOLD,0,0,0,NO_OPEN_ORDER,TP2 Hit -> Put TSL at TP2 + 10-pip trail
2026-09-28 16:52:18,Account 2,𝐆𝐨𝐥𝐝 𝐒𝐢𝐠𝐧𝐚𝐥𝐬 𝐒𝐞𝐫𝐯𝐢𝐜𝐞™,#XAUUSD BUY NOW 4150/4144  TP. 4154 TP. 4158 TP. 4162 TP. 4166  SL. 4135,SELL GOLD @ 4047.0,REJECTED,"R:R too low: 0.27x (need >= 1.5x). TP=4044.00, SL dist=11.00",2940
2026-09-28 17:01:24,Account 1,Scalping Gold," XAUUSD Sharp Breakdown, Relief Bounce Expected  Gold broke down through the 4,244.27 support and the ascending trendline in a strong impulsive leg, t...",SELL GOLD @ 4068.0,REJECTED,SL too wide: 15.00 > 11.44 (1.5x ATR=7.63). Max risk exceeded.,2941
2026-09-28 17:01:58,Account 2,Gold VIP,"GOLD DAILY , OPEN FOR DOWNSIDE",SELL GOLD @ 4068.0,REJECTED,SL too wide: 15.00 > 11.44 (1.5x ATR=7.63). Max risk exceeded.,2942
2026-09-28 17:06:23,Account 2,JOSEFINA TRADER0🎖,XAUUSD SELL 4150,SELL GOLD @ 4150.0,FAILED,MT5 execution failed — check broker logs,2943
2026-09-28 17:07:31,Account 2,JOSEFINA TRADER0🎖,XAUUSD SELL 4150 TP 4147 TP 4144 TP 4141 TP 4138 TP 4135 SL 4162 Use proper risk management Guys,SELL GOLD @ 4150.0,REJECTED,SL too wide: 12.00 > 11.77 (1.5x ATR=7.85). Max risk exceeded.,2944
2026-09-28 17:09:28,Account 2,Vault Gold Forex,XAUUSD 101% CONFIRM SIGNAL ,SELL GOLD @ 101.0,REJECTED,Price sanity fail: entry 101.0 is 97.6% from live 4149.68000,2945
2026-09-28 17:09:43,Account 2,Vault Gold Forex,XAUUSD Buy4163  TP 4165  TP 4167  TP 4169  TP4171  SL4153  https://t.me/+rDUi2NuS-mhiMDY0,BUY GOLD @ 4163.0,REJECTED,"R:R too low: 0.20x (need >= 1.5x). TP=4165.00, SL dist=10.00",2946
2026-09-28 17:14:57,Account 2,Vault Gold Forex,XAUUSD gold 4137_4147 I will delete the link after two minutes   https://t.me/+2TRU1AJjqTJhZmJk   600+ PIPS TARGET ,SELL GOLD @ 4137.0,REJECTED,"R:R too low: 1.00x (need >= 1.5x). TP=4147.00, SL dist=10.00",2947
2026-09-28 17:15:57,Account 2,Vault Gold Forex, #XAUUSD SELL NOW 4255   SL :#see in channal   TP: #see in channal   https://t.me/+zjIlcHd0lhxhZTM8  LINK EXPIRE IN 5 MN ,SELL GOLD @ 4255.0,FAILED,MT5 execution failed — check broker logs,2948
2026-09-28 17:16:41,Account 2,XAUUSD GOLD MASTER,XAUUSD 101% CONFIRM SIGNAL ,SELL GOLD @ 101.0,REJECTED,Price sanity fail: entry 101.0 is 97.6% from live 4153.82000,2949
2026-09-28 17:21:17,Account 2,XAUUSD GOLD MASTER,XAUUSD 101% CONFIRM SIGNAL ,SELL GOLD @ 101.0,REJECTED,Price sanity fail: entry 101.0 is 97.6% from live 4150.20000,2950
2026-09-28 17:25:46,Account 2,XAUUSD GOLD MASTER, #XAUUSD SELL NOW 4274   SL :#see in channal   TP: #see in channal   https://t.me/+xiPqpkV1dw00Mjlk https://t.me/+xiPqpkV1dw00Mjlk  LINK EXPIRE IN 5 M...,SELL GOLD @ 4274.0,FAILED,MT5 execution failed — check broker logs,2951
2026-09-28 17:30:28,Account 2,XAUUSD GOLD MASTER,GOLD SELL NOW        SL  TP  HERE,SELL GOLD @ None,FAILED,MT5 execution failed — check broker logs,2952
2026-09-28 17:31:26,Account 2,XAUUSD GOLD MASTER,XAUUSD 101% CONFIRM SIGNAL ,SELL GOLD @ 101.0,REJECTED,Price sanity fail: entry 101.0 is 97.6% from live 4147.06000,2953
2026-09-28 17:33:23,Account 2,XAUUSD GOLD MASTER, #XAUUSD SELL NOW 4274   SL :#see in channal   TP: #see in channal   https://t.me/+xiPqpkV1dw00Mjlk https://t.me/+xiPqpkV1dw00Mjlk  LINK EXPIRE IN 5 M...,SELL GOLD @ 4274.0,FAILED,MT5 execution failed — check broker logs,2954
2026-09-28 17:35:43,Account 2,XAUUSD GOLD MASTER, #XAUUSD SELL NOW 4274   SL :#see in channal   TP: #see in channal   https://t.me/+xiPqpkV1dw00Mjlk https://t.me/+xiPqpkV1dw00Mjlk  LINK EXPIRE IN 5 M...,SELL GOLD @ 4274.0,FAILED,MT5 execution failed — check broker logs,2955
2026-09-28 17:40:24,Account 2,Market Trader Crypto Forex,GBPNZD Book 80% Profit. 400 Pips Done 🫠🫠🫠🫠.,"ACTIVATED_10PIP_TSL GBPNZD @ 0 (SL: 0, TP: 0)",ACTIVATED_10PIP_TSL,GBPNZD,0,0,0,SUCCESS,Activated 10-pip jumping TSL on Book 80%
2026-09-28 17:41:28,Account 2,JOSEFINA TRADER0🎖,XAUUSD SELL 4163,SELL GOLD @ 4163.0,SUCCESS,Trade executed successfully on MT5,2957
2026-09-28 17:42:36,Account 2,XAUUSD GOLD MASTER, XAUUSD BIG SELL. @4158 _62 I will delete the link after two minutes   https://t.me/+ViSUaelHtco5NTVk https://t.me/+ViSUaelHtco5NTVk 600+ PIPS TARGET ,SELL GOLD @ 4158,FAILED,MT5 execution failed — check broker logs,2958
2026-09-28 17:44:03,Account 2,JOSEFINA TRADER0🎖,XAUUSD SELL 4163 TP 4160 TP 4157 TP 4154 TP 4151 TP 4148 TP 4145 TP 4142 TP 4139 TP 4136 TP 4133 TP 4130 SL 4176 Use proper risk management Guys,SELL GOLD @ 4163.0,REJECTED,SL too wide: 13.00 > 12.30 (1.5x ATR=8.20). Max risk exceeded.,2959
2026-09-28 17:53:21,Account 2,XAUUSD GOLD MASTER,XAUUSD 101% CONFIRM SIGNAL ,SELL GOLD @ 101.0,REJECTED,Price sanity fail: entry 101.0 is 97.6% from live 4163.60000,2960
2026-09-28 18:04:46,Account 2,SureShot GOLD (VIP),XAUUSD SELL 4150.81  SL:  4160.81 TP:  4130.81 --Trade by Mark,SELL GOLD @ 4150.81,SUCCESS,Trade executed successfully on MT5,2961
2026-09-28 18:07:13,Account 1,XAUUSD ACCURATE SiGNALS,Gold again buy 4150/4147/limit   Sl 4141  Tp 4165  Tp 4175 Tp 4195/4225/4275/4285/opn /opn  @Proazam1978,BUY GOLD @ 4150.0,FAILED,MT5 execution failed — check broker logs,2962
2026-09-28 18:27:43,Account 2,Gold VIP,PLANNING A NEW TRADE IN GOLD,BUY GOLD @ None,SUCCESS,Trade executed successfully on MT5,2963
2026-09-28 18:29:24,Account 1,XAUUSD ACCURATE SiGNALS,130+ PP done Gold buy flying,BUY GOLD @ None,SUCCESS,Trade executed successfully on MT5,2964
2026-09-28 18:49:15,Account 2,XAUUSD GOLD MASTER, #XAUUSD SELL NOW 4274   SL :#see in channal   TP: #see in channal   https://t.me/+xiPqpkV1dw00Mjlk https://t.me/+xiPqpkV1dw00Mjlk  LINK EXPIRE IN 5 M...,SELL GOLD @ 4274.0,SUCCESS,Trade executed successfully on MT5,2965
2026-09-28 18:54:09,Account 2,XAUUSD GOLD MASTER,Gold Buy @ 4171 Sl: @ 4161 TP: @ 4181 lot size 0.11 Confirm 99% https://t.me/+IaTRIjAjFzNjNDY8 https://t.me/+IaTRIjAjFzNjNDY8,BUY GOLD @ 4171.0,REJECTED,"R:R too low: 1.00x (need >= 1.5x). TP=4181.00, SL dist=10.00",2966
2026-09-28 19:12:29,Account 1,𝐗𝐀𝐔𝐔𝐒𝐃 𝐕𝐈𝐏 𝐒𝐈𝐆𝐍𝐀𝐋𝐒,#GOLD BUY 4140/4135  TP 4145 TP 4150 TP 4160 TP 4180 Confim  SL 4127  Use According To Your Account Equity Leve,BUY GOLD @ 4140.0,REJECTED,"R:R too low: 0.38x (need >= 1.5x). TP=4145.00, SL dist=13.00",2967
2026-09-28 19:13:45,Account 2,GOLD Snipers,NEW XAUUSD TRADE COMING: https://t.me/+kpDe_PXbkbZiOTE0,SELL GOLD @ 4047.0,REJECTED,"R:R too low: 0.27x (need >= 1.5x). TP=4044.00, SL dist=11.00",2968
2026-09-28 19:13:56,Account 2,GOLD Snipers,NEW XAUUSD TRADE COMING: https://t.me/+kpDe_PXbkbZiOTE0,SELL GOLD @ 4047.0,REJECTED,"R:R too low: 0.27x (need >= 1.5x). TP=4044.00, SL dist=11.00",2969
2026-09-28 19:14:06,Account 2,GOLD Snipers,NEW XAUUSD TRADE COMING: https://t.me/+kpDe_PXbkbZiOTE0,SELL GOLD @ 4047.0,REJECTED,"R:R too low: 0.27x (need >= 1.5x). TP=4044.00, SL dist=11.00",2970
2026-09-28 19:18:42,Account 2,Easy Forex 👑 OFFICIAL CHANNEL,NEW XAUUSD TRADE COMING: https://t.me/+kpDe_PXbkbZiOTE0,SELL GOLD @ 4047.0,REJECTED,"R:R too low: 0.27x (need >= 1.5x). TP=4044.00, SL dist=11.00",2971
2026-09-28 19:25:18,Account 2,Easy Forex 👑 OFFICIAL CHANNEL,NEW XAUUSD TRADE COMING: https://t.me/+kpDe_PXbkbZiOTE0,SELL GOLD @ 4047.0,REJECTED,"R:R too low: 0.27x (need >= 1.5x). TP=4044.00, SL dist=11.00",2972
2026-09-28 19:25:42,Account 2,RIAOGOLDFOREX,GOLD BUY NOW  SL TP HERE   https://t.me/+uJiZKAOC4UJiMTJk,BUY GOLD @ None,SUCCESS,Trade executed successfully on MT5,2973
2026-09-28 19:26:59,Account 2,Sureshot FX VIP,AUDJPY SELL 110.37  SL:  110.87 TP:  109.37 --Trade by David,SELL AUDJPY @ 110.37,REJECTED,Gold Lock: Symbol 'AUDJPY' rejected. Gold only.,2974
2026-09-28 19:32:24,Account 2,Grade Profit forex,Gold Buy @ 4171 Sl: @ 4161 TP: @ 4181 lot size 0.11 Confirm 99%  https://t.me/+SPDyPRvpJ-ZiYTA0 https://t.me/+SPDyPRvpJ-ZiYTA0,BUY GOLD @ 4171.0,REJECTED,"R:R too low: 1.00x (need >= 1.5x). TP=4181.00, SL dist=10.00",2975
2026-09-28 19:53:44,Account 2,Perfect Management,#XAUUSD          BUY  All TP⁶ HIT DONE 240+ PIPS,"BOOK_PROFIT_80% GOLD @ 0 (SL: 0, TP: 0)",BOOK_PROFIT_80%,GOLD,0,0,0,SUCCESS,All TPs hit -> Booked 80%
2026-09-28 19:54:14,Account 2,Perfect Management,#XAUUSD     SELL   4143   Sl       4155  ¹TP      4139 ²TP      4135 ³TP      4131 ⁴TP      4127 ⁵TP,"SELL GOLD @ 4141.91 (SL: 4155.0, TP: 4119.0)",SELL,GOLD,4141.91,4155.0,4119.0,SUCCESS,Executed with AI Runner TSL
2026-09-28 20:06:59,Account 2,XAUUSD GOLD MASTER,#GOLDBUY 4137-4135  TP 4141 TP 4144 TP 4147 TP 4150 TP 4153  SL4130,BUY GOLD @ 4137.0,REJECTED,"R:R too low: 0.57x (need >= 1.5x). TP=4141.00, SL dist=7.00",2978
2026-09-28 20:21:45,Account 2,👑 Profitway Crypto MCX Forex 👑,CHEK   300 PIPES IN 15 MIN,SELL EURUSD @ 300.0,REJECTED,Gold Lock: Symbol 'EURUSD' rejected. Gold only.,2979
2026-09-28 20:39:28,Account 2,XAUUSD GOLD MASTER, XAUUSD LIVE  START NOW,SELL GOLD @ 4047.0,REJECTED,"R:R too low: 0.27x (need >= 1.5x). TP=4044.00, SL dist=11.00",2980
2026-09-28 21:04:18,Account 2,SureShot GOLD (VIP),XAUUSD BUY 4122.3  SL:  4112.3 TP:  4142.3 --Trade by William,BUY GOLD @ 4122.3,SUCCESS,Trade executed successfully on MT5,2981
2026-09-28 21:12:56,Account 2,Swich Gold Forex™, #XAUUSD BUY NOW 4120   SL :#see in channal   TP: #see in channal   https://t.me/+eEV0YdYcLhExZTY8 https://t.me/+eEV0YdYcLhExZTY8  LINK EXPIRE IN 5 MN...,SELL GOLD @ 4047.0,REJECTED,"R:R too low: 0.27x (need >= 1.5x). TP=4044.00, SL dist=11.00",2982
2026-09-28 21:14:06,Account 2,Vault Gold Forex,GOLD SELL NOW   TP  TP  SL     3   ,SELL GOLD @ None,FAILED,MT5 execution failed — check broker logs,2983
2026-09-28 21:15:26,Account 2,Vault Gold Forex,XAUUSD 101% CONFIRM SIGNAL ,SELL GOLD @ 101.0,REJECTED,Price sanity fail: entry 101.0 is 97.5% from live 4119.38000,2984
2026-09-28 21:16:58,Account 2,XAUUSD GOLD MASTER, #XAUUSD SELL NOW 4120   SL :#see in channal   TP: #see in channal   https://t.me/+eEV0YdYcLhExZTY8 https://t.me/+eEV0YdYcLhExZTY8  LINK EXPIRE IN 5 M...,SELL GOLD @ 4120.0,FAILED,MT5 execution failed — check broker logs,2985
2026-09-28 21:20:25,Account 2,XAUUSD GOLD MASTER,XAUUSD (GOLD) NEXT MOVE CONFRIM ENTRY  ,SELL GOLD @ 4068,REJECTED,"R:R too low: 0.20x (need >= 1.5x). TP=4065.00, SL dist=15.00",2986
2026-09-28 21:33:16,Account 2,XAUUSD GOLD MASTER, #XAUUSD SELL NOW 4120   SL :#see in channal   TP: #see in channal   https://t.me/+eEV0YdYcLhExZTY8 https://t.me/+eEV0YdYcLhExZTY8  LINK EXPIRE IN 5 M...,SELL GOLD @ 4120.0,FAILED,MT5 execution failed — check broker logs,2987
2026-09-28 21:33:47,Account 2,GOLD Trader Dan,London session buy trade! 1/6 RR  XAUUSD SMASHED TP 320 PIPS ,BUY GOLD @ 320.0,REJECTED,Price sanity fail: entry 320.0 is 92.2% from live 4121.36000,2988
2026-09-28 21:34:14,Account 2,XAUUSD GOLD MASTER,XAUUSD 101% CONFIRM SIGNAL ,SELL GOLD @ 101.0,REJECTED,Price sanity fail: entry 101.0 is 97.5% from live 4120.90000,2989
2026-09-28 21:44:53,Account 2,Vault Gold Forex,XAUUSD 101% CONFIRM SIGNAL ,SELL GOLD @ 101.0,REJECTED,Price sanity fail: entry 101.0 is 97.5% from live 4117.45000,2990
2026-09-28 21:54:19,Account 2,Vault Gold Forex,GOLD SELL NOW   TP  TP  SL     3   ,SELL GOLD @ None,SUCCESS,Trade executed successfully on MT5,2991
2026-09-28 21:55:31,Account 2,Swich Gold Forex™,Gold Sell @ 4123 Sl: @ 4136 TP: @ 4103 lot size 0.11 Confirm 94% https://t.me/+I9A4Q1wPr7I1NjNk https://t.me/+I9A4Q1wPr7I1NjNk,SELL GOLD @ 4123.0,SUCCESS,Trade executed successfully on MT5,2992
2026-09-28 22:01:02,Account 2,Vault Gold Forex,XAUUSD 101% CONFIRM SIGNAL ,SELL GOLD @ 101.0,REJECTED,Price sanity fail: entry 101.0 is 97.6% from live 4141.10000,2993
2026-09-28 22:25:23,Account 2,Vault Gold Forex,XAUUSD 101% CONFIRM SIGNAL ,SELL GOLD @ 101.0,REJECTED,Price sanity fail: entry 101.0 is 97.6% from live 4131.43000,2994
2026-09-28 22:37:32,Account 1,𝐗𝐀𝐔𝐔𝐒𝐃 𝐕𝐈𝐏 𝐒𝐈𝐆𝐍𝐀𝐋𝐒,#GOLD BUY 4128/4124  TP 4133 TP 4140 TP 4155 TP 4170 Confim  SL 4115  Use According To Your Account Equity Leve,BUY GOLD @ 4128.0,REJECTED,"R:R too low: 0.38x (need >= 1.5x). TP=4133.00, SL dist=13.00",2995
2026-09-28 23:00:33,Account 2,Vault Gold Forex,XAUUSD 101% CONFIRM SIGNAL ,SELL GOLD @ 101.0,REJECTED,Price sanity fail: entry 101.0 is 97.6% from live 4137.38000,2996
2026-09-28 23:06:13,Account 2,Vault Gold Forex,#XAUUSD SELL NOW Confirm Entry Target 300+ pips Sl ------------ TP ------------ See at  channel  https://t.me/+KcIXNcTUFf1kOGJk https://t.me/+KcIXNcTU...,SELL GOLD @ 4068.0,REJECTED,"R:R too low: 0.20x (need >= 1.5x). TP=4065.00, SL dist=15.00",2997
2026-09-28 23:14:23,Account 2,Vault Gold Forex,XAUUSD 101% CONFIRM SIGNAL ,SELL GOLD @ 101.0,REJECTED,Price sanity fail: entry 101.0 is 97.6% from live 4137.49000,2998
2026-09-28 23:46:07,Account 2,Swich Gold Forex™,XAUUSD gold 4290_4295 I will delete the link after two minutes   https://t.me/+oaQ0_NFtyNE5OTNk https://t.me/+oaQ0_NFtyNE5OTNk   600+ PIPS TARGET ,SELL GOLD @ 4295.0,REJECTED,"R:R too low: 1.00x (need >= 1.5x). TP=4290.00, SL dist=5.00",2999
2026-09-28 23:47:36,Account 2,Swich Gold Forex™,Gold Buy @ 4110 Sl: @ 4100 TP: @ 4130 lot size 0.11 Confirm 99% https://t.me/+tNEcPugUo_Q5ZWE1,BUY GOLD @ 4110.0,SUCCESS,Trade executed successfully on MT5,3000
2026-09-29 00:27:17,Account 2,Perfect Management,XAUUSD          SELL  TP¹ HIT DONE 40+ PIPS,"TP1_HIT GOLD @ 0 (SL: 0, TP: 0)",TP1_HIT,GOLD,0,0,0,SUCCESS,TP1 Hit -> Kept SL Fixed for TP2
2026-09-29 00:27:30,Account 2,Perfect Management,XAUUSD          SELL  TP² HIT DONE 80+ PIPS,"TP2_HIT GOLD @ 0 (SL: 0, TP: 0)",TP2_HIT,GOLD,0,0,0,NO_OPEN_ORDER,TP2 Hit -> Put TSL at TP2 + 10-pip trail
2026-09-29 00:29:00,Account 2,Perfect Management,#XAUUSD          BUY  All TP⁶ HIT DONE 240+ PIPS,"BOOK_PROFIT_80% GOLD @ 0 (SL: 0, TP: 0)",BOOK_PROFIT_80%,GOLD,0,0,0,NO_OPEN_ORDER,All TPs hit -> Booked 80%
2026-09-29 01:03:17,Account 2,GOLD Snipers,S1/XAUUSD SMASH / TPS 240 PIPS!,SELL GOLD @ 4068.0,REJECTED,SL too wide: 15.00 > 14.06 (1.5x ATR=9.38). Max risk exceeded.,3004
2026-09-29 01:03:30,Account 2,GOLD Snipers,S2/XAUUSD SMASH / TPS 470 PIPS!,SMASH GOLD @ None,SUCCESS,Trade executed successfully on MT5,3005
2026-09-29 01:39:30,Account 2,Vault Gold Forex,GOLD SELL NOW  SL TP HERE   https://t.me/+iYdY04fLyehjMWRk,SELL GOLD @ None,FAILED,MT5 execution failed — check broker logs,3006
2026-09-29 01:42:03,Account 2,XAUUSD GOLD MASTER,Gold Sell @ 4213 Sl: @ 4223 TP: @ 4193 lot size 0.11 Confirm 94% https://t.me/+izItJfSEfjY3NWU0 https://t.me/+izItJfSEfjY3NWU0,SELL GOLD @ 4213.0,FAILED,MT5 execution failed — check broker logs,3007
2026-09-29 01:46:15,Account 2,XAUUSD GOLD MASTER,GOLD SELL   XAU USD SIGNAL  TARGET 500 PIPS  SL TP  https://t.me/+HV6ibKxRn3cxNzM0 https://t.me/+HV6ibKxRn3cxNzM0 https://t.me/+HV6ibKxRn3cxNzM0,SELL GOLD @ 500.0,REJECTED,"R:R too low: 0.00x (need >= 1.5x). TP=500.00, SL dist=5.50",3008
2026-09-29 01:52:58,Account 2,XAUUSD GOLD MASTER,GOLD SELL   XAU USD SIGNAL  TARGET 500 PIPS  SL TP  https://t.me/+HV6ibKxRn3cxNzM0 https://t.me/+HV6ibKxRn3cxNzM0 https://t.me/+HV6ibKxRn3cxNzM0,SELL GOLD @ 500.0,REJECTED,"R:R too low: 0.00x (need >= 1.5x). TP=500.00, SL dist=5.58",3009
2026-09-29 01:56:15,Account 2,XAUUSD GOLD MASTER,XAUUSD Sell 4125 TP 4075 SL 4130 Use 0.15 lot https://t.me/+dGFSh0QpQ1RkZTJk https://t.me/+dGFSh0QpQ1RkZTJk King of gold,SELL GOLD @ 4125.0,FAILED,MT5 execution failed — check broker logs,3010
2026-09-29 06:47:30,Account 2,Vault Gold Forex,XAUUSD SELL 4127/4130  TP 4124  TP 4121  TP 4118  TP 4115  TP 4112  SL 4137,SELL GOLD @ 4127.0,REJECTED,SL too wide: 10.00 > 9.55 (1.5x ATR=6.36). Max risk exceeded.,3011
2026-09-29 07:08:38,Account 2,JOSEFINA TRADER0🎖,XAUUSD BUY 4127,BUY GOLD @ 4127.0,SUCCESS,Trade executed successfully on MT5,3012
2026-09-29 07:08:52,Account 2,XAU DIAMOND FX,XAUUSD BUY 4125 4123  TP 4129 TP 4132 TP 4134 TP 4136 Tp. 4140 SL 4110,BUY GOLD @ 4125.0,REJECTED,SL too wide: 15.00 > 10.15 (1.5x ATR=6.77). Max risk exceeded.,3013
2026-09-29 07:09:37,Account 2,JOSEFINA TRADER0🎖,XAUUSD BUY 4127 TP 4130 TP 4133 TP 4136 TP 4139 TP 4142 SL 4116 ,BUY GOLD @ 4127.0,REJECTED,SL too wide: 11.00 > 10.21 (1.5x ATR=6.80). Max risk exceeded.,3014
2026-09-29 07:20:49,Account 2,RIAOGOLDFOREX,XAUUSD SELL 4138,SELL GOLD @ 4138.0,SUCCESS,Trade executed successfully on MT5,3015
2026-09-29 07:22:04,Account 2,RIAOGOLDFOREX,XAUUSD SELL 4135  TP 4132 TP 4129 TP 4126 TP 4123 TP 4120 TP 4117  SL 4146,SELL GOLD @ 4135.0,REJECTED,SL too wide: 11.00 > 10.80 (1.5x ATR=7.20). Max risk exceeded.,3016
2026-09-29 07:22:26,Account 2,Grade Profit forex,XAUUSD SEEL 4135  TP 4132 TP 4129 TP 4126 TP 4123 TP 4120  SL 4145,SELL GOLD @ 4135.0,REJECTED,"R:R too low: 0.30x (need >= 1.5x). TP=4132.00, SL dist=10.00",3017
2026-09-29 07:24:34,Account 2,Vault Gold Forex,GOLD SELL NOW   TP  TP  SL     3   ,SELL GOLD @ None,SUCCESS,Trade executed successfully on MT5,3018
2026-09-29 07:25:04,Account 2,Grade Profit forex,XAUUSD SURE CALL ,BUY GOLD @ 4053.0,FAILED,MT5 execution failed — check broker logs,3019
2026-09-29 07:28:51,Account 2,XAUUSD GOLD MASTER,#GOLD BUY 4127-4123  TP 4135 TP 4139 TP 4142 TP 4145 TP 4146  SL4114,BUY GOLD @ 4127.0,REJECTED,SL too wide: 13.00 > 10.83 (1.5x ATR=7.22). Max risk exceeded.,3020
2026-09-29 07:31:40,Account 2,Perfect Management,XAUUSD     BUY   4123   Sl       4109  ¹TP      4127 ²TP      4131 ³TP      4135 ⁴TP      4139 ⁵TP  ,"BUY GOLD @ 4133.01 (SL: 4109.0, TP: 4147.0)",BUY,GOLD,4133.01,4109.0,4147.0,SUCCESS,Executed with AI Runner TSL
2026-09-29 07:31:49,Account 2,Grade Profit forex,XAUUSD SURE CALL ,BUY GOLD @ 4053.0,FAILED,MT5 execution failed — check broker logs,3022
2026-09-29 07:32:31,Account 2,Market Trader Crypto Forex,GBPJPY Short Trade   👇👇👇👇  https://affs.click/xnqPA PATNER CODE (663WF),"SELL GBPJPY @ 208.604 (SL: 208.954, TP: 208.004)",SELL,GBPJPY,208.604,208.954,208.004,SUCCESS,Executed Market Trader Setup
2026-09-29 07:34:05,Account 2,Grade Profit forex,XAUUSD SURE CALL ,BUY GOLD @ 4053.0,FAILED,MT5 execution failed — check broker logs,3024
2026-09-29 07:34:18,Account 2,XAUUSD GOLD MASTER,XAUUSD SURE CALL ,BUY GOLD @ 4053.0,FAILED,MT5 execution failed — check broker logs,3025
2026-09-29 07:37:25,Account 1,DUBAI CAPITAL FX GROUP 3,GOLD SELL 4133- 4136  TP 4130 TP 4127 TP 4124 TP 4121 TP 4118 TP 4115 TP 4112 TP 4109  SL_4147,SELL GOLD @ 4133.0,REJECTED,SL too wide: 14.00 > 11.18 (1.5x ATR=7.45). Max risk exceeded.,3026
2026-09-29 07:37:42,Account 2,Grade Profit forex, XAUUSD BIG SELL. @4135 I will delete the link after two minutes   https://t.me/+ViSUaelHtco5NTVk https://t.me/+ViSUaelHtco5NTVk 600+ PIPS TARGET ,SELL GOLD @ 4135.0,FAILED,MT5 execution failed — check broker logs,3027
2026-09-29 07:39:33,Account 1,DUBAI CAPITAL FX GROUP 3,GOLD SELL 4133- 4136  TP 4130 TP 4127 TP 4124 TP 4121 TP 4118 TP 4115 TP 4112 TP 4109  SL_4147,SELL GOLD @ 4133.0,REJECTED,SL too wide: 14.00 > 11.41 (1.5x ATR=7.60). Max risk exceeded.,3028
2026-09-29 07:47:03,Account 2,JOSEFINA TRADER0🎖, XAUUSD SELL. 4154-4152 I will delete the link after two minutes   https://t.me/+2Lf6oBd4Cdc1Zjdk  600+ PIPS TARGET ,SELL GOLD @ 4154.0,REJECTED,"R:R too low: 1.00x (need >= 1.5x). TP=4152.00, SL dist=2.00",3029
2026-09-29 07:51:03,Account 2,Grade Profit forex,XAUUSD SURE CALL ,BUY GOLD @ 4053.0,SUCCESS,Trade executed successfully on MT5,3030
2026-09-29 07:56:02,Account 2,Vault Gold Forex,XAUUSD SELL 4137/4140  TP 4134  TP 4131  TP 4128  TP 4125  TP 4122  SL 4147,SELL GOLD @ 4137.0,REJECTED,"R:R too low: 0.30x (need >= 1.5x). TP=4134.00, SL dist=10.00",3031
2026-09-29 07:56:23,Account 2,JOSEFINA TRADER0🎖, XAUUSD SELL. 4154-4152 I will delete the link after two minutes   https://t.me/+2Lf6oBd4Cdc1Zjdk  600+ PIPS TARGET ,SELL GOLD @ 4154.0,REJECTED,"R:R too low: 1.00x (need >= 1.5x). TP=4152.00, SL dist=2.00",3032
2026-09-29 07:56:58,Account 2,JOSEFINA TRADER0🎖, XAUUSD BIG SELL. @4135 I will delete the link after two minutes   https://t.me/+ViSUaelHtco5NTVk https://t.me/+ViSUaelHtco5NTVk 600+ PIPS TARGET ,SELL GOLD @ 4135.0,SUCCESS,Trade executed successfully on MT5,3033
2026-09-29 07:58:02,Account 1,XAUUSD ACCURATE SiGNALS,Gold sell entry 4136/4141/limit   Sl 4146   Tp 4130 Tp 4125 Tp 4120/4105/4065/3995/ opn   @Proazam1978,SELL GOLD @ 4136.0,REJECTED,"R:R too low: 0.60x (need >= 1.5x). TP=4130.00, SL dist=10.00",3034
2026-09-29 08:03:31,Account 2,𝐆𝐨𝐥𝐝 𝐒𝐢𝐠𝐧𝐚𝐥𝐬 𝐒𝐞𝐫𝐯𝐢𝐜𝐞™,#XAUUSD BUY NOW 4132/4130  TP. 4135 TP. 4138 TP. 4141 TP. 4152 SL. 4122,SELL GOLD @ 4047.0,REJECTED,"R:R too low: 0.27x (need >= 1.5x). TP=4044.00, SL dist=11.00",3035
2026-09-29 08:03:40,Account 2,Market Trader Crypto Forex,GBPJPY sl ctc kar lijiye and Book 50% Profit.,"MODIFY_BREAKEVEN GBPJPY @ 0 (SL: 0, TP: 0)",MODIFY_BREAKEVEN,GBPJPY,0,0,0,SUCCESS,"SL moved to entry, closed 50%"
2026-09-29 08:12:16,Account 2,JOSEFINA TRADER0🎖, XAUUSD SELL. 4154-4152 I will delete the link after two minutes   https://t.me/+4DiJxXysGVxlYzVk https://t.me/+4DiJxXysGVxlYzVk  600+ PIPS TARGET ,SELL GOLD @ 4154.0,REJECTED,"R:R too low: 1.00x (need >= 1.5x). TP=4152.00, SL dist=2.00",3037
2026-09-29 08:17:05,Account 1,"Mr.DAVID, XAU/USD CLUB",XAUUSD  SELL  ENTR. 4136.4139 tp1:4132 tp2 4128 tp3 4124 tp4 4120 tp5 4116 SL: 4147,SELL GOLD @ 4136.4139,REJECTED,"R:R too low: 0.42x (need >= 1.5x). TP=4132.00, SL dist=10.59",3038
2026-09-29 08:17:45,Account 2,JOSEFINA TRADER0🎖,XAUUSD SELL    Click to see   ,SELL GOLD @ 4047.0,REJECTED,"R:R too low: 0.27x (need >= 1.5x). TP=4044.00, SL dist=11.00",3039
2026-09-29 08:19:57,Account 2,JOSEFINA TRADER0🎖,Gold Buy @ 4116 Sl: @ 4106 TP: @ 4126 lot size 0.11 Confirm 99 %https://t.me/+7gxLki0gAT00MThk,BUY GOLD @ 4116.0,REJECTED,"R:R too low: 1.00x (need >= 1.5x). TP=4126.00, SL dist=10.00",3040
2026-09-29 08:20:52,Account 2,Swich Gold Forex™,XAUUD buy 4130 TP 4133 TP 4136 TP 4139 TP 4142 TP 4145  https://t.me/+mlzkhwdMoz45M2Rk https://t.me/+mlzkhwdMoz45M2Rk,BUY GOLD @ 4130,REJECTED,"R:R too low: 0.50x (need >= 1.5x). TP=4133.00, SL dist=6.05",3041
2026-09-29 08:25:04,Account 2,XAUUSD VIP SIGNAL,XAUUSD SELL NOW @ 4138 MORE SELL @ 4142  TP : 4134 TP : 4130 TP : 4126 TP : 4122 TP : 4118 TP : 4114 TP : 4110  SL : 4155,SELL GOLD @ 4138.0,REJECTED,SL too wide: 17.00 > 11.34 (1.5x ATR=7.56). Max risk exceeded.,3042
2026-09-29 08:27:41,Account 2,Grade Profit forex,XAUUSD SURE CALL ,BUY GOLD @ 4053.0,FAILED,MT5 execution failed — check broker logs,3043
2026-09-29 08:38:18,Account 2,RIAOGOLDFOREX,GOLD NOW 4262  PLEASE don't SHARE this link  once you join  https://t.me/+bb-D4NhANtY1Y2Vk https://t.me/+bb-D4NhANtY1Y2Vk  ITS A SECRET,SELL GOLD @ 4262.0,FAILED,MT5 execution failed — check broker logs,3044
2026-09-29 08:39:21,Account 2,RIAOGOLDFOREX,GOLD SELL NOW  SL TP HERE  https://t.me/+JbEmhgjJ-QA5NDI0 https://t.me/+JbEmhgjJ-QA5NDI0,SELL GOLD @ None,FAILED,MT5 execution failed — check broker logs,3045
2026-09-29 08:44:36,Account 2,THE FOREX BLUEPRINT,XAUUSD BUY 4133,BUY GOLD @ 4133.0,FAILED,MT5 execution failed — check broker logs,3046
2026-09-29 08:47:30,Account 2,THE FOREX BLUEPRINT, GOLD BUY NOW ZONE 41-33 41-27  TP1  41-38 TP2 41-43 TP3  41-48 TP4 41-53 TP5. 41-58 TP6.. 41-63   SL  :41-20  Everybody Use according to Money Manage...,BUY GOLD @ 41,REJECTED,SL too wide: 21.00 > 11.22 (1.5x ATR=7.48). Max risk exceeded.,3047
2026-09-29 08:51:42,Account 2,Market Trader Crypto Forex,GBPJPY Book 90% Profit. 500 Pips Done 🫠🫠🫠🫠.,"ACTIVATED_10PIP_TSL GBPJPY @ 0 (SL: 0, TP: 0)",ACTIVATED_10PIP_TSL,GBPJPY,0,0,0,SUCCESS,Activated 10-pip jumping TSL on Book 90%
2026-09-29 08:54:45,Account 2,RIAOGOLDFOREX,XAUUSD SELL 4135  TP 4132 TP 4129 TP 4126 TP 4123 TP 4120 TP 4117  SL 41 VIP MY GROUP OPEN 3 MEMBERS JOlN FAST  https://t.me/+B-XpeDycPkdiMWI0 https:/...,SELL GOLD @ 4135.0,REJECTED,SL too wide: 4094.00 > 11.45 (1.5x ATR=7.63). Max risk exceeded.,3049
2026-09-29 08:55:19,Account 2,RIAOGOLDFOREX,XAUUSD SURE CALL ,BUY GOLD @ 4053.0,FAILED,MT5 execution failed — check broker logs,3050
2026-09-29 09:05:50,Account 2,🌕 PERO | Forex - Investing ™,"PERO TREND FORECAST  Gold remains under heavy selling pressure after another strong bearish extension.  Price is now trading around 4139, below 414441...",BUY GOLD @ 4139.0,REJECTED,SL too wide: 47.00 > 11.33 (1.5x ATR=7.56). Max risk exceeded.,3051
2026-09-29 09:18:55,Account 2,JOSEFINA TRADER0🎖,#XAUUSD SELL NOW Confirm Entry Target 300+ pips Sl ------------ TP ------------ See at  channel  https://t.me/+8cFBw--yVbxhNzBk,SELL GOLD @ 3000.0,REJECTED,SL too wide: 1058.00 > 10.72 (1.5x ATR=7.15). Max risk exceeded.,3052
2026-09-29 09:50:01,Account 2,RIAOGOLDFOREX,GOLD BUY NOW        SL  TP  HERE,BUY GOLD @ None,FAILED,MT5 execution failed — check broker logs,3053
2026-09-29 09:55:57,Account 2,Swich Gold Forex™,XAUUSD BUY 4127  TP 4130 TP 4133 TP 4136 TP 4139  SL 4117,BUY GOLD @ 4127.0,REJECTED,"R:R too low: 0.30x (need >= 1.5x). TP=4130.00, SL dist=10.00",3054
2026-09-29 10:00:54,Account 2,𝐗𝐀𝐔𝐔𝐒𝐃 𝐓𝐑𝐀𝐃𝐈𝐍𝐆 𝐌𝐀𝐒𝐓𝐄𝐑,XAUUSD BUY NOW 4128-4125  TP1 4131 TP2 4134 TP3 4137 TP4 4140 TP5 4143 TP6 4146 TP7 4149   SL4119 use Proper money management,BUY GOLD @ 4128.0,REJECTED,"R:R too low: 0.33x (need >= 1.5x). TP=4131.00, SL dist=9.00",3055
2026-09-29 10:08:23,Account 2,JOSEFINA TRADER0🎖,Please tell me about your service,SELL GOLD @ 4068.0,REJECTED,SL too wide: 15.00 > 9.85 (1.5x ATR=6.57). Max risk exceeded.,3056
2026-09-29 10:08:41,Account 2,RIAOGOLDFOREX,XAUUSD SELL4137 41340 TP 4120 TP 4115 TP 4110 TP 4105 TP 4100 TP 4095 SL 4141 https://t.me/+FfyxfBxDg8BjMzI0,SELL GOLD @ 4137.0,SUCCESS,Trade executed successfully on MT5,3057
2026-09-29 10:10:06,Account 2,SureShot GOLD (VIP),XAUUSD BUY 4125.74  SL:  4115.74 TP:  4145.74 --Trade by Liam,BUY GOLD @ 4125.74,REJECTED,SL too wide: 10.00 > 9.85 (1.5x ATR=6.57). Max risk exceeded.,3058
2026-09-29 10:12:47,Account 2,Swich Gold Forex™,XAUUSD BUY 4135_4130  TP AND SL   CLICK TO SEE    https://t.me/+krWif8YHtt05NjZk https://t.me/+krWif8YHtt05NjZk,BUY GOLD @ 4135.0,SUCCESS,Trade executed successfully on MT5,3059
2026-09-29 10:14:08,Account 2,XAUUSD GOLD MASTER, #XAUUSD SELL NOW 4200   SL :#see in channal   TP: #see in channal  https://t.me/+gXO_6Z7xh4RmOGU0 https://t.me/+gXO_6Z7xh4RmOGU0  LINK EXPIRE IN 5 MN...,SELL GOLD @ 4200.0,SUCCESS,Trade executed successfully on MT5,3060
2026-09-29 10:17:52,Account 2,JOSEFINA TRADER0🎖,XAUUSD BUY 4125,BUY GOLD @ 4125.0,SUCCESS,Trade executed successfully on MT5,3061
2026-09-29 10:23:39,Account 2,JOSEFINA TRADER0🎖,XAUUSD BUY 4125 TP 4128 TP 4131 TP 4134 TP 4138 TP 4141 TP 4144 TP 4147 TP 4150 TP 4153 TP 4156 TP 4159 TP 4162 SL 4114 ,BUY GOLD @ 4125.0,REJECTED,SL too wide: 11.00 > 8.54 (1.5x ATR=5.69). Max risk exceeded.,3062
2026-09-29 10:41:17,Account 2,RIAOGOLDFOREX,GOLD BUY NOW        SL  TP  HERE,BUY GOLD @ None,SUCCESS,Trade executed successfully on MT5,3063
2026-09-29 10:50:16,Account 2,Vault Gold Forex, XAUUSDBUY         Click to see      https://t.me/+kwC34og-RN4yNGQ0 https://t.me/+DBBSFOmH5TQwMzk0,BUY GOLD @ None,FAILED,MT5 execution failed — check broker logs,3064
2026-09-29 10:59:04,Account 2,Gold VIP,Plan a new trade in Gold ,BUY GOLD @ None,FAILED,MT5 execution failed — check broker logs,3065
2026-09-29 10:59:35,Account 2,GOLD PRO TRADER ♨️,#GOLD Sell 4132 . 4136   TP1 : 4128 TP2 : 4124 TP3 : 4120 TP4: 4116 TP5...4112.4108   SL 4148,SELL GOLD @ 4132.0,REJECTED,SL too wide: 16.00 > 7.94 (1.5x ATR=5.29). Max risk exceeded.,3066
2026-09-29 10:59:54,Account 2,JOSEFINA TRADER0🎖,#XAUUSD SELL 4210  BIG  TP 4205 TP 4200 TP 4195 TP 4190 TP 4185    SL In Chanel Click To See      3   ,SELL EURUSD @ 4210.0,REJECTED,Gold Lock: Symbol 'EURUSD' rejected. Gold only.,3067
2026-09-29 11:05:23,Account 2,🌕 PERO | Forex - Investing ™,BUY GOLD now 4122 - 4120   Stop Loss 4115   Take Profit 1 : 50 ~ 100 pips  Take Profit 2 : 200 pips  Take Profit 3 : 500Pips - Opense,BUY GOLD @ 4122.0,REJECTED,"R:R too low: 0.29x (need >= 1.5x). TP=4120.00, SL dist=7.00",3068
2026-09-29 11:16:39,Account 2,Perfect Management,XAUUSD          BUY  TP¹ HIT DONE 40+ PIPS,"TP1_HIT GOLD @ 0 (SL: 0, TP: 0)",TP1_HIT,GOLD,0,0,0,SUCCESS,TP1 Hit -> Kept SL Fixed for TP2
2026-09-29 11:16:54,Account 2,Perfect Management,XAUUSD          BUY  TP² HIT DONE 80+ PIPS,"TP2_HIT GOLD @ 0 (SL: 0, TP: 0)",TP2_HIT,GOLD,0,0,0,NO_OPEN_ORDER,TP2 Hit -> Put TSL at TP2 + 10-pip trail
2026-09-29 11:17:50,Account 2,Perfect Management,XAUUSD     SELL   4136   Sl       4147  ¹TP      4132 ²TP      4128 ³TP      4124 ⁴TP      4120 ⁵TP ,"SELL GOLD @ 4136.15 (SL: 4147.0, TP: 4112.0)",SELL,GOLD,4136.15,4147.0,4112.0,SUCCESS,Executed with AI Runner TSL
2026-09-29 11:25:58,Account 2,Sureshot FX VIP,"AUDJPY just took a serious dive!   Clean move, clean execution. ",SELL AUDJPY @ None,REJECTED,Gold Lock: Symbol 'AUDJPY' rejected. Gold only.,3072
2026-09-29 11:26:37,Account 2,Sureshot FX 🎯,"AUDJPY just took a serious dive and secured 55+ pips!   Clean move, clean execution. ",SELL AUDJPY @ 0.0,REJECTED,Gold Lock: Symbol 'AUDJPY' rejected. Gold only.,3073
2026-09-29 11:50:23,Account 2,SureShot GOLD (VIP),XAUUSD BUY 4143.03  SL:  4133.03 TP:  4163.03 --Trade by Matthew,BUY GOLD @ 4143.03,SUCCESS,Trade executed successfully on MT5,3074
2026-09-29 12:07:18,Account 2,Vault Gold Forex,GOLD SELL NOW   TP  TP  SL     3   ,SELL GOLD @ None,FAILED,MT5 execution failed — check broker logs,3075
2026-09-29 12:08:43,Account 2,Vault Gold Forex, XAUUSD BUY         Click to see     https://t.me/+KkunQU3cswM2MDlk https://t.me/+KkunQU3cswM2MDlk,BUY GOLD @ 4041.0,FAILED,MT5 execution failed — check broker logs,3076
2026-09-29 12:15:57,Account 2,XAUUSD GOLD MASTER,#GOLD BUY 4140-4138  TP 4148 TP 4155 TP 4158 TP 4160 TP 4165  SL4125,BUY GOLD @ 4140.0,REJECTED,SL too wide: 15.00 > 9.61 (1.5x ATR=6.40). Max risk exceeded.,3077
2026-09-29 12:20:10,Account 2,XAUUSD GOLD MASTER, XAUUSD BUY         Click to see     https://t.me/+KkunQU3cswM2MDlk https://t.me/+KkunQU3cswM2MDlk,BUY GOLD @ 4041.0,FAILED,MT5 execution failed — check broker logs,3078
2026-09-29 12:20:30,Account 2,XAUUSD GOLD MASTER,XAUUSD (GOLD) NEXT MOVE CONFRIM ENTRY  ,SELL GOLD @ 4068,REJECTED,SL too wide: 15.00 > 9.72 (1.5x ATR=6.48). Max risk exceeded.,3079
2026-09-29 12:23:11,Account 2,SureShot GOLD (VIP),XAUUSD BUY 4141.32  SL:  4131.32 TP:  4161.32 --Trade by Matthew,BUY GOLD @ 4141.32,REJECTED,SL too wide: 10.00 > 9.91 (1.5x ATR=6.61). Max risk exceeded.,3080
2026-09-29 12:24:39,Account 2,RIAOGOLDFOREX, XAUUSD SELL. 4154-4152 I will delete the link after two minutes   https://t.me/+2Lf6oBd4Cdc1Zjdk  600+ PIPS TARGET ,SELL GOLD @ 4154.0,REJECTED,"R:R too low: 1.00x (need >= 1.5x). TP=4152.00, SL dist=2.00",3081
2026-09-29 12:33:20,Account 2,JOSEFINA TRADER0🎖,#XAUUSD_BUY 4120/4117  TP. 4124 TP. 4128 TP. 4132 TP. 4136 TP. 4146 TP. OPEN SL. 4106   MANAGE RISK GUYS   https://t.me/+wFwFr8YRBVI3MGU0,SELL GOLD @ 4047.0,REJECTED,SL too wide: 11.00 > 10.11 (1.5x ATR=6.74). Max risk exceeded.,3082
2026-09-29 12:43:00,Account 2,Vault Gold Forex,GOLD BUY 4124  TP 4127 TP 4130 TP 4133 TP 4136 TP 4139 TP 4142 TP 4145 TP 4148  SL 4110https://t.me/+ypdPd5bJD88yZTg0,BUY GOLD @ 4124.0,REJECTED,SL too wide: 14.00 > 10.56 (1.5x ATR=7.04). Max risk exceeded.,3083
2026-09-29 12:47:07,Account 2,Swich Gold Forex™,Gold Buy @ 4110 Sl: @ 4100 TP: @ 4130 lot size 0.11 Confirm 99% https://t.me/+tNEcPugUo_Q5ZWE1,BUY GOLD @ 4110.0,SUCCESS,Trade executed successfully on MT5,3084
2026-09-29 12:48:03,Account 2,JOSEFINA TRADER0🎖,#XAUUSD_BUY 4120/4117  TP. 4124 TP. 4128 TP. 4132 TP. 4136 TP. 4146 TP. OPEN SL. 4106   MANAGE RISK GUYS   https://t.me/+wFwFr8YRBVI3MGU0,SELL GOLD @ 4047.0,REJECTED,SL too wide: 11.00 > 10.27 (1.5x ATR=6.85). Max risk exceeded.,3085
2026-09-29 12:58:22,Account 2,👑 Profitway Crypto MCX Forex 👑,90 Pips !!  in Live,SELL EURUSD @ 4047.0,REJECTED,Gold Lock: Symbol 'EURUSD' rejected. Gold only.,3086
2026-09-29 13:02:13,Account 1,Pump Dump Gold,"Dear Traders,  We are going to DUMP XAUUSD today.  DUMP XAUUSD  Level1  4285-4315 Risk  ??  Level2  ?? Risk  ??   Reason for SELL: Fundamental:  Gold ...",SELL GOLD @ 4068.0,REJECTED,SL too wide: 15.00 > 10.79 (1.5x ATR=7.19). Max risk exceeded.,3087
2026-09-29 13:03:18,Account 2,Forex with karol,GOLD SELL: ENTRY ON 1MIN. RED CANDLE ,SELL GOLD @ 4068.0,REJECTED,SL too wide: 15.00 > 10.79 (1.5x ATR=7.19). Max risk exceeded.,3088
2026-09-29 13:05:07,Account 2,GOLD Sniper Pips,GOLD SELL 4144.3 MORE SELL 4154.3  TP : 4129.3 TP : 4114.3 TP : 4094.3  SL : 4158.3,SELL GOLD @ 4144.3,REJECTED,SL too wide: 14.00 > 10.79 (1.5x ATR=7.19). Max risk exceeded.,3089
2026-09-29 13:14:43,Account 2,XAUUSD GOLD MASTER, XAUUSD SELL. 4154-4152 I will delete the link after two minutes   https://t.me/+2Lf6oBd4Cdc1Zjdk  600+ PIPS TARGET ,SELL GOLD @ 4154.0,REJECTED,"R:R too low: 1.00x (need >= 1.5x). TP=4152.00, SL dist=2.00",3090
2026-09-29 13:17:29,Account 2,RIAOGOLDFOREX,GOLD BUY NOW        SL  TP  HERE,BUY GOLD @ None,SUCCESS,Trade executed successfully on MT5,3091
2026-09-29 13:17:43,Account 2,XAUUSD GOLD MASTER,GOLD BUY 4124  TP 4127 TP 4130 TP 4133 TP 4136 TP 4139 TP 4142 TP 4145 TP 4148  SL 4110https://t.me/+ypdPd5bJD88yZTg0,BUY GOLD @ 4124.0,REJECTED,SL too wide: 14.00 > 10.74 (1.5x ATR=7.16). Max risk exceeded.,3092
2026-09-29 13:18:39,Account 2,XAUUSD GOLD MASTER,GOLD BUY 4124  TP 4127 TP 4130 TP 4133 TP 4136 TP 4139 TP 4142 TP 4145 TP 4148  SL 4110https://t.me/+ypdPd5bJD88yZTg0,BUY GOLD @ 4124.0,REJECTED,SL too wide: 14.00 > 10.74 (1.5x ATR=7.16). Max risk exceeded.,3093
2026-09-29 13:20:13,Account 2,XAUUSD GOLD MASTER, XAUUSD BUY         Click to see     https://t.me/+KkunQU3cswM2MDlk https://t.me/+KkunQU3cswM2MDlk,BUY GOLD @ 4041.0,SUCCESS,Trade executed successfully on MT5,3094
2026-09-29 13:25:45,Account 2,Sureshot FX 🎯,AUDNZD SELL 1.2364  SL:  1.2414 TP:  1.2264 --Trade by David,SELL AUDNZD @ 1.2364,REJECTED,Gold Lock: Symbol 'AUDNZD' rejected. Gold only.,3095
2026-09-29 13:32:17,Account 2,Sureshot FX VIP,AUDNZD SELL 1.2364  SL:  1.2414 TP:  1.2264 --Trade by David,SELL AUDNZD @ 1.2364,REJECTED,Gold Lock: Symbol 'AUDNZD' rejected. Gold only.,3096
2026-09-29 13:50:31,Account 2,Perfect Management,XAUUSD          SELL  TP¹ HIT DONE 40+ PIPS,"TP1_HIT GOLD @ 0 (SL: 0, TP: 0)",TP1_HIT,GOLD,0,0,0,SUCCESS,TP1 Hit -> Kept SL Fixed for TP2
2026-09-29 13:51:03,Account 2,XAUUSD GOLD MASTER,XAUUSD SELL 4140,SELL GOLD @ 4140.0,SUCCESS,Trade executed successfully on MT5,3098
2026-09-29 13:51:24,Account 2,XAUUSD GOLD MASTER,XAUUSD SELL 4140  TP 4137 TP 4134 TP 4131 TP 4128 TP 4125  SL 4152,SELL GOLD @ 4140.0,REJECTED,SL too wide: 12.00 > 11.18 (1.5x ATR=7.45). Max risk exceeded.,3099
2026-09-29 13:51:46,Account 2,XAUUSD GOLD MASTER,GOLD SELL ALERT  https://t.me/+IqEJZuAclVYxMDdk  https://t.me/+IqEJZuAclVYxMDdk  XAUUSD  Check,SELL GOLD @ 4063.0,REJECTED,"R:R too low: 1.00x (need >= 1.5x). TP=4073.00, SL dist=10.00",3100
2026-09-29 14:08:11,Account 2,THE FOREX BLUEPRINT,BIg lots XUUSD BUY,BUY EURUSD @ 4041.0,REJECTED,Gold Lock: Symbol 'EURUSD' rejected. Gold only.,3101
2026-09-29 14:09:09,Account 2,XAUUSD GOLD MASTER,GOLD BUY 4124  TP 4127 TP 4130 TP 4133 TP 4136 TP 4139 TP 4142 TP 4145 TP 4148  SL 4110https://t.me/+ypdPd5bJD88yZTg0,BUY GOLD @ 4124.0,REJECTED,SL too wide: 14.00 > 11.34 (1.5x ATR=7.56). Max risk exceeded.,3102
2026-09-29 14:16:09,Account 2,XAU DIAMOND FX,XAUUSD BUY 4139 4135  TP 4142 TP 4144 TP 4146 TP 4149 Tp. 4155 SL 4125,BUY GOLD @ 4139.0,REJECTED,SL too wide: 14.00 > 10.81 (1.5x ATR=7.20). Max risk exceeded.,3103
2026-09-29 14:21:10,Account 1,BEST FX XAUUSD GOLD TRADER,XAUUSDBUY NOW ( 4140 )  TARGET 1 ( 4145 ) TARGET 2( 4150 ) TARGET 3 ( 4155 ) TARGET 4 ( 4160 )   STOP LOSS ( 4130 )   RISK MANAGEMENT IS IMPORTANT,BUY GOLD @ 4140,REJECTED,"R:R too low: 0.50x (need >= 1.5x). TP=4145.00, SL dist=10.00",3104
2026-09-29 14:35:11,Account 2,Swich Gold Forex™,XAUUSD BUY 4140  TP 4143 TP 4146 TP 4149 TP 4152  SL 4130,BUY GOLD @ 4140.0,REJECTED,SL too wide: 10.00 > 9.70 (1.5x ATR=6.46). Max risk exceeded.,3105
2026-09-29 14:37:35,Account 2,Market Trader Crypto Forex,GOLD LIVE TRADE.  MAUJ LO ROJ LO NA MILE TO MARKET TRADER KO KHOJ LO  🌚🌚,"BUY GOLD @ 4141.03 (SL: 4136.53, TP: 4152.03)",BUY,GOLD,4141.03,4136.53,4152.03,SUCCESS,Executed Market Trader Setup
2026-09-29 14:41:32,Account 2,𝙂𝙡𝙤𝙗𝙖𝙡 𝙂𝙤𝙡𝙙 𝙄𝙣𝙨𝙞𝙜𝙝𝙩𝙨,XAUUSD SELL NOW 4140.00   TP 1: 4135.00 TP 2: 4130.00 TP 3: 4125.00 TP 4: 4120.00  SL + 4152.00,SELL GOLD @ 4140.0,REJECTED,SL too wide: 12.00 > 9.78 (1.5x ATR=6.52). Max risk exceeded.,3107
2026-09-29 14:44:49,Account 1,𝐗𝐀𝐔𝐔𝐒𝐃 𝐕𝐈𝐏 𝐒𝐈𝐆𝐍𝐀𝐋𝐒,GOLD SELL NOW 4144,SELL GOLD @ 4144.0,FAILED,MT5 execution failed — check broker logs,3108
2026-09-29 14:45:22,Account 1,𝐗𝐀𝐔𝐔𝐒𝐃 𝐕𝐈𝐏 𝐒𝐈𝐆𝐍𝐀𝐋𝐒,#GOLD SELL 4144/4148  TP 4140 TP 4135 TP 4130 TP 4100 Confim  SL 4157  Use According To Your Account Equity Leve,SELL GOLD @ 4144.0,REJECTED,SL too wide: 13.00 > 8.69 (1.5x ATR=5.79). Max risk exceeded.,3109
2026-09-29 14:49:05,Account 2,Vault Gold Forex,XAUUSD SELL NOW 4142/50  TP  4130 TP  4120 TP  4110  SLjoin channel  https://t.me/+KkunQU3cswM2MDlk https://t.me/+KkunQU3cswM2MDlk,SELL GOLD @ 4142.0,REJECTED,SL too wide: 4092.00 > 8.99 (1.5x ATR=5.99). Max risk exceeded.,3110
2026-09-29 14:54:08,Account 2,JOSEFINA TRADER0🎖,#XAUUSD SELL NOW Confirm Entry Target 300+ pips Sl ------------ TP ------------ See at  channel  https://t.me/+8cFBw--yVbxhNzBk,SELL GOLD @ 3000.0,REJECTED,SL too wide: 1058.00 > 9.05 (1.5x ATR=6.03). Max risk exceeded.,3111
2026-09-29 14:54:27,Account 2,JOSEFINA TRADER0🎖,XAUUSD BUY  NOW    CLICK TO SEE,BUY GOLD @ 4063.0,REJECTED,SL too wide: 10.00 > 9.05 (1.5x ATR=6.03). Max risk exceeded.,3112
2026-09-29 15:13:39,Account 2,Perfect Management,XAUUSD     SELL   4142   Sl       4153  ¹TP      4138 ²TP      4134 ³TP      4130 ⁴TP      4126 ⁵TP ,"SELL GOLD @ 4143.57 (SL: 4153.0, TP: 4118.0)",SELL,GOLD,4143.57,4153.0,4118.0,SUCCESS,Executed with AI Runner TSL
2026-09-29 15:16:55,Account 2,Vault Gold Forex,XAUUSD SELL 4148/4151  TP 4145  TP 4142  TP 4139  TP 4136  TP 4133  SL 4158,SELL GOLD @ 4148.0,REJECTED,SL too wide: 10.00 > 8.18 (1.5x ATR=5.45). Max risk exceeded.,3114
2026-09-29 15:17:45,Account 2,JOSEFINA TRADER0🎖,GOLD BUY NOW        SL  TP  HERE,BUY GOLD @ None,SUCCESS,Trade executed successfully on MT5,3115
2026-09-29 15:34:10,Account 2,JOSEFINA TRADER0🎖,GOLD SELL ALERT  https://t.me/+IqEJZuAclVYxMDdk  https://t.me/+IqEJZuAclVYxMDdk  XAUUSD  Check,SELL GOLD @ 4063.0,REJECTED,SL too wide: 10.00 > 8.57 (1.5x ATR=5.71). Max risk exceeded.,3116
2026-09-29 15:35:06,Account 2,XAUUSD GOLO MASTER,XAUUSD SELL NOW 4142/50  TP  4130 TP  4120 TP  4110  SLjoin channel  https://t.me/+KkunQU3cswM2MDlk https://t.me/+KkunQU3cswM2MDlk,SELL GOLD @ 4142.0,REJECTED,SL too wide: 4092.00 > 8.57 (1.5x ATR=5.71). Max risk exceeded.,3117
2026-09-29 15:35:39,Account 2,XAUUSD GOLO MASTER,Ready for XAUUSD Sell Now   TP & SL     https://t.me/+CMCsuzK5XC5lNjVk https://t.me/+CMCsuzK5XC5lNjVk,SELL GOLD @ 4047.0,REJECTED,SL too wide: 11.00 > 8.69 (1.5x ATR=5.79). Max risk exceeded.,3118
2026-09-29 15:36:41,Account 1,"Mr.DAVID, XAU/USD CLUB",XAUUSD  BUY  ENTR. 4145.800.4141 tp1:4155 tp2 4165 tp3 4175 tp4 4185 tp5 4195 SL: 4133,BUY GOLD @ 4145.8,REJECTED,SL too wide: 12.80 > 8.74 (1.5x ATR=5.83). Max risk exceeded.,3119
2026-09-29 15:42:17,Account 2,Vault Gold Forex,XAUUSD SELL now      Click to see ,SELL GOLD @ 4047.0,REJECTED,SL too wide: 11.00 > 9.03 (1.5x ATR=6.02). Max risk exceeded.,3120
2026-09-29 15:48:24,Account 2,Vault Gold Forex,XAUUSD  NOW 4149  PLEASE don't SHARE this link  once you join  https://t.me/+t5eiZFCMa8YxMjU0 https://t.me/+pzw60RL2X7Y1MmNk https://t.me/+t5eiZFCMa8Y...,SELL GOLD @ 4149.0,SUCCESS,Trade executed successfully on MT5,3121
2026-09-29 15:50:12,Account 2,RIAOGOLDFOREX,XAUUSD BUY 4147,BUY GOLD @ 4147.0,FAILED,MT5 execution failed — check broker logs,3122
2026-09-29 15:51:14,Account 2,RIAOGOLDFOREX,XAUUSD BUY 4147  TP 4150  TP 4153  TP 4156  TP 4159  TP 4162  TP 4165  SL 4137,BUY GOLD @ 4147.0,REJECTED,SL too wide: 10.00 > 8.73 (1.5x ATR=5.82). Max risk exceeded.,3123
2026-09-29 15:57:03,Account 2,RIAOGOLDFOREX,GOLD BUY NOW        SL  TP  HERE,BUY GOLD @ None,FAILED,MT5 execution failed — check broker logs,3124
2026-09-29 16:08:02,Account 2,🌕 PERO | Forex - Investing ™,"Consumer Confidence + JOLTS.  Expectations are little changed from the previous readings, so theres not much to work with beforehand.   Gold is now te...",SELL GOLD @ 4068.0,REJECTED,SL too wide: 15.00 > 8.29 (1.5x ATR=5.52). Max risk exceeded.,3125
2026-09-29 16:11:11,Account 2,RIAOGOLDFOREX,#XAUUSD SELL 4210  BIG  TP 4205 TP 4200 TP 4195 TP 4190 TP 4185    SL In Chanel Click To See      3   ,SELL EURUSD @ 4210,REJECTED,Gold Lock: Symbol 'EURUSD' rejected. Gold only.,3126
2026-09-29 16:11:41,Account 2,RIAOGOLDFOREX,GOLD BUY NOW        SL  TP  HERE,BUY GOLD @ None,FAILED,MT5 execution failed — check broker logs,3127
2026-09-29 16:15:55,Account 2,XAUUSD GOLO MASTER,XAUUSD SELL 4149,SELL GOLD @ 4149.0,FAILED,MT5 execution failed — check broker logs,3128
2026-09-29 16:16:21,Account 2,XAUUSD GOLO MASTER,XAUUSD SELL 4149  TP 4146 TP 4143 TP 4140 TP 4137 TP 4134  SL 4161,SELL GOLD @ 4149.0,REJECTED,SL too wide: 12.00 > 7.86 (1.5x ATR=5.24). Max risk exceeded.,3129
2026-09-29 16:20:25,Account 2,GOLD Snipers,XAUUSD BUY TRADE COMING,BUY GOLD @ 4053.0,REJECTED,"R:R too low: 0.00x (need >= 1.5x). TP=4073.00, SL dist=0.00",3130
2026-09-29 16:25:28,Account 2,Sureshot FX VIP,GBPAUD BUY 1.8917  SL:  1.8867 TP:  1.9017 --Trade by David,BUY GBPAUD @ 1.8917,REJECTED,Gold Lock: Symbol 'GBPAUD' rejected. Gold only.,3131
2026-09-29 16:32:50,Account 2,Sureshot FX VIP,GBPAUD SELL 1.8917  SL:  1.8967 TP:  1.8817 --Trade by Flynn,SELL GBPAUD @ 1.8917,REJECTED,Gold Lock: Symbol 'GBPAUD' rejected. Gold only.,3132
2026-09-29 16:34:24,Account 2,Sureshot FX VIP,USDCAD SELL 1.4193  SL:  1.4243 TP:  1.4093 --Trade by Flynn,SELL USDCAD @ 1.4193,REJECTED,Gold Lock: Symbol 'USDCAD' rejected. Gold only.,3133
2026-09-29 16:35:07,Account 1,𝐗𝐀𝐔𝐔𝐒𝐃 𝐕𝐈𝐏 𝐒𝐈𝐆𝐍𝐀𝐋𝐒,#GOLD SELL 4156/4160  TP 4150 TP 4145 TP 4140 TP 4110 Confim  SL 4169  Use According To Your Account Equity Leve,SELL GOLD @ 4156.0,REJECTED,SL too wide: 13.00 > 7.70 (1.5x ATR=5.13). Max risk exceeded.,3134
2026-09-29 16:35:28,Account 2,XAUUSD GOLO MASTER,Ready for XAUUSD Sell Now   TP & SL     https://t.me/+CMCsuzK5XC5lNjVk https://t.me/+CMCsuzK5XC5lNjVk,SELL GOLD @ 4047.0,REJECTED,SL too wide: 11.00 > 7.70 (1.5x ATR=5.13). Max risk exceeded.,3135
2026-09-29 16:39:06,Account 1,XAU MARKET INSIGHT,"XAU/USD Latest Signal  BUY 4154 - 4156  Take Profit : 4161 Take Profit : 4168 Take Profit : 4185   Stoploss : 4150  "" My analysis ""  Buyers are gradua...",BUY GOLD @ 4154.0,SUCCESS,Trade executed successfully on MT5,3136
2026-09-29 16:46:37,Account 2,Grade Profit forex,Gold Sell @ 4270 Sl: @ 4280 TP: @ 4250 lot size 0.11 Confirm 94%  https://t.me/+jOrrwLbzegk2MmJk,SELL GOLD @ 4270.0,REJECTED,SL too wide: 10.00 > 7.44 (1.5x ATR=4.96). Max risk exceeded.,3137
2026-09-29 16:48:35,Account 1,XAUUSD ACCURATE SiGNALS,Gold sell entry 4160/4164/limit   Sl 4171.   Tp 4150 Tp 4145 Tp 4135/25/15/4100/opn   @Proazam1978,SELL GOLD @ 4160.0,REJECTED,SL too wide: 11.00 > 7.49 (1.5x ATR=4.99). Max risk exceeded.,3138
2026-09-29 17:35:59,Account 2,Market Trader Crypto Forex,USDCHF Short Trade   👇👇👇👇  https://affs.click/xnqPA PATNER CODE (663WF),"SELL USDCHF @ 0.83272 (SL: 0.83572, TP: 0.82772)",SELL,USDCHF,0.83272,0.83572,0.82772,FAILED,Broker rejected
2026-09-29 17:42:02,Account 2,Vault Gold Forex,XAUUSD SELL 4157/4160  TP 4154  TP 4151  TP 4148  TP 4145  TP 4142  SL 4167,SELL GOLD @ 4157.0,REJECTED,SL too wide: 10.00 > 8.85 (1.5x ATR=5.90). Max risk exceeded.,3140
2026-09-29 17:47:44,Account 2,SureShot GOLD (VIP),XAUUSD BUY 4154.98  SL:  4144.98 TP:  4174.98 --Trade by Mark,BUY GOLD @ 4154.98,REJECTED,SL too wide: 10.00 > 8.94 (1.5x ATR=5.96). Max risk exceeded.,3141
2026-09-29 17:48:54,Account 2,🌕 PERO | Forex - Investing ™,GOLD TRADING RESULTS LONDON + TOKYO   10/10 WIN RATE   BUY GOLD 4128  +120 pips  SELL GOLD 4139  +60 pips  SELL GOLD 4140  +140 pips  BUY GOLD 4126  +...,BUY GOLD @ 4128.0,REJECTED,SL too wide: 11.00 > 8.94 (1.5x ATR=5.96). Max risk exceeded.,3142
2026-09-29 18:01:08,Account 2,XAUUSD GOLO MASTER,XAUUSD SELL 4153,SELL GOLD @ 4153.0,SUCCESS,Trade executed successfully on MT5,3143
2026-09-29 18:01:58,Account 2,XAUUSD GOLO MASTER,XAUUSD SELL 4153  TP 4150 TP 4147 TP 4144 TP 4141 TP 4138  SL 4165,SELL GOLD @ 4153.0,REJECTED,SL too wide: 12.00 > 8.96 (1.5x ATR=5.97). Max risk exceeded.,3144
2026-09-29 18:03:36,Account 2,XAUUSD GOLO MASTER,XAUUSD SURE CALL ,BUY GOLD @ 4053.0,SUCCESS,Trade executed successfully on MT5,3145
2026-09-29 19:03:37,Account 2,JOSEFINA TRADER0🎖,XAUUSD SELL 4156,SELL GOLD @ 4156.0,SUCCESS,Trade executed successfully on MT5,3146
2026-09-29 19:04:51,Account 2,JOSEFINA TRADER0🎖,XAUUSD SELL 4156 TP 4153 TP 4150 TP 4147 TP 4144 TP 4141 SL 4167 Use proper risk management Guys,SELL GOLD @ 4156.0,REJECTED,SL too wide: 11.00 > 10.05 (1.5x ATR=6.70). Max risk exceeded.,3147
2026-09-29 19:05:59,Account 2,GOLD Snipers,NEW XAUUSD TRADE COMING,SELL GOLD @ 4047.0,REJECTED,SL too wide: 11.00 > 10.05 (1.5x ATR=6.70). Max risk exceeded.,3148
2026-09-29 19:14:10,Account 2,XAUUSD GOLO MASTER,Gold Sell @ 4160 Sl: @ 4170 TP: @ 4140 lot size 0.11 Confirm 94% https://t.me/+xG3yIoWK331jZWU0 https://t.me/+xG3yIoWK331jZWU0 https://t.me/+xG3yIoWK3...,SELL GOLD @ 4160.0,SUCCESS,Trade executed successfully on MT5,3149
2026-09-29 19:30:37,Account 1,DUBAI CAPITAL FX GROUP 3,GOLD SELL 4161 MORE SELL 4164  TP 4158 TP 4155 TP 4152 TP 4148 TP 4145 TP 4142 TP 4139 TP 4136  SL_4174,SELL GOLD @ 4161.0,REJECTED,SL too wide: 13.00 > 11.62 (1.5x ATR=7.74). Max risk exceeded.,3150
2026-09-29 19:42:11,Account 1,XAUUSD ACCURATE SiGNALS,Gold sell entry 4169/4174/limit   Sl 4178   Tp 4160 Tp 4155 Tp 4135/30/4125/15/opn   @Proazam1978,SELL GOLD @ 4169.0,REJECTED,"R:R too low: 1.00x (need >= 1.5x). TP=4160.00, SL dist=9.00",3151
2026-09-29 19:42:42,Account 2,GOLD Snipers, XAUUSD BUY BOOM BOOM RUNNING 270+ PIPS ,BUY GOLD @ None,FAILED,MT5 execution failed — check broker logs,3152
2026-09-29 19:58:39,Account 2,Vault Gold Forex,XAUUSD SELL 4175/4178  TP 4172  TP 4169  TP 4166  TP 4163  TP 4160  SL 4185,SELL GOLD @ 4175.0,REJECTED,"R:R too low: 0.30x (need >= 1.5x). TP=4172.00, SL dist=10.00",3153
2026-09-29 20:03:36,Account 2,JOSEFINA TRADER0🎖,XAUUSD SELL 4173,SELL GOLD @ 4173.0,SUCCESS,Trade executed successfully on MT5,3154
2026-09-29 20:07:02,Account 2,GOLD Snipers, XAUUSD BUY BOOM BOOM RUNNING 270+ PIPS ,BUY GOLD @ None,SUCCESS,Trade executed successfully on MT5,3155
2026-09-29 20:09:54,Account 2,JOSEFINA TRADER0🎖,XAUUSD SELL 4163,SELL GOLD @ 4163.0,FAILED,MT5 execution failed — check broker logs,3156
2026-09-29 20:10:35,Account 2,XAUUSD GOLO MASTER,XAUUSD BUY 4138  TP 4170  Use 0.11 lot CONFIRM SL SEE IN MY CHANNEL  https://t.me/+VC4hMO3L76M1Y2Jk https://t.me/+b5s-pnnW25lmY2E0 KING OFF GOLD,BUY GOLD @ 4138.0,FAILED,MT5 execution failed — check broker logs,3157
2026-09-29 20:11:14,Account 2,JOSEFINA TRADER0🎖,XAUUSD SELL 4163 TP 4160 TP 4157 TP 4154 TP 4151 TP 4148 SL 4176 Use proper risk management Guys,SELL GOLD @ 4163.0,REJECTED,"R:R too low: 0.23x (need >= 1.5x). TP=4160.00, SL dist=13.00",3158
2026-09-29 20:11:49,Account 2,XAUUSD GOLO MASTER,Gold Buy @ 4171 Sl: @ 4161 TP: @ 4181 lot size 0.11 Confirm 99% https://t.me/+IaTRIjAjFzNjNDY8 https://t.me/+IaTRIjAjFzNjNDY8,BUY GOLD @ 4171.0,REJECTED,"R:R too low: 1.00x (need >= 1.5x). TP=4181.00, SL dist=10.00",3159
2026-09-29 20:18:35,Account 2,Swich Gold Forex™,XAUUSD SURE CALL ,BUY GOLD @ 4053.0,FAILED,MT5 execution failed — check broker logs,3160
2026-09-29 20:21:53,Account 2,XAUUSD GOLO MASTER,GOLD SELL NOW   TP  TP  SL     3   ,SELL GOLD @ None,FAILED,MT5 execution failed — check broker logs,3161
2026-09-29 20:24:11,Account 2,XAUUSD GOLO MASTER,Gold Buy @ 4171 Sl: @ 4161 TP: @ 4181 lot size 0.11 Confirm 99% https://t.me/+IaTRIjAjFzNjNDY8 https://t.me/+IaTRIjAjFzNjNDY8,BUY GOLD @ 4171.0,REJECTED,"R:R too low: 1.00x (need >= 1.5x). TP=4181.00, SL dist=10.00",3162
2026-09-29 20:25:44,Account 2,Vault Gold Forex,GOLD SELL 4154/4160 TP1 4157 TP2 4160 TP3 4163 TP4 4166 Sl....4142  GOOD LUCK VIP FREE SINGLE  https://t.me/+rqRzFZE5U5phOTdk  1 Year FREE JOIN  https...,SELL GOLD @ 4154.0,REJECTED,"R:R too low: 0.25x (need >= 1.5x). TP=4157.00, SL dist=12.00",3163
2026-09-29 20:55:16,Account 2,XAU DIAMOND FX,XAUUSD BUY 4154 4151  TP 4157 TP 4160 TP 4163 TP 4165 Tp. 4170 SL 4142,BUY GOLD @ 4154.0,REJECTED,"R:R too low: 0.25x (need >= 1.5x). TP=4157.00, SL dist=12.00",3164
2026-09-29 21:20:44,Account 2,Vault Gold Forex,XAUUSD SELL NOW 4160/65  TP 4150 TP 4140 TP 4130  SLjoin channel  https://t.me/+KkunQU3cswM2MDlk https://t.me/+KkunQU3cswM2MDlk,SELL GOLD @ 4160.0,SUCCESS,Trade executed successfully on MT5,3165
2026-09-29 21:32:13,Account 2,JOSEFINA TRADER0🎖,XAUUSD SELL 4156,SELL GOLD @ 4156.0,SUCCESS,Trade executed successfully on MT5,3166
2026-09-29 21:32:35,Account 2,JOSEFINA TRADER0🎖,XAUUSD SELL 4156 TP 4153 TP 4150 TP 4147 TP 4144 TP 4141 SL 4167 Use proper risk management Guys,SELL GOLD @ 4156.0,REJECTED,"R:R too low: 0.27x (need >= 1.5x). TP=4153.00, SL dist=11.00",3167
2026-09-29 21:43:19,Account 2,RIAOGOLDFOREX, GOLD SELL NOW   TP  TP  SL     3    https://t.me/+I8DdYRf4c5pmNTE0 https://t.me/+I8DdYRf4c5pmNTE0,SELL GOLD @ None,SUCCESS,Trade executed successfully on MT5,3168
2026-09-29 21:48:56,Account 2,Vault Gold Forex,XAUUSD SELL NOW 4160/65  TP 4150 TP 4140 TP 4130  SLjoin channel  https://t.me/+KkunQU3cswM2MDlk https://t.me/+KkunQU3cswM2MDlk,SELL GOLD @ 4160.0,FAILED,MT5 execution failed — check broker logs,3169
2026-09-29 21:51:45,Account 1,DUBAI CAPITAL FX GROUP 3,GOLD SELL 4153 MORE SELL 4156  TP 4150 TP 4147 TP 4144 TP 4141 TP 4138 TP 4135 TP 4132 TP 4129  SL_4166,SELL GOLD @ 4153.0,REJECTED,"R:R too low: 0.23x (need >= 1.5x). TP=4150.00, SL dist=13.00",3170
2026-09-29 21:53:56,Account 2,GOLD Trader Dan,London session buy trade! 1/4 RR!  XAUUSD SMASHED TP 320 PIPS ,SELL GOLD @ 320.0,REJECTED,Price sanity fail: entry 320.0 is 92.3% from live 4152.13000,3171
2026-09-29 21:54:17,Account 2,GOLD Trader Dan,Asia session buy trade! 1/6 RR  XAUUSD SMASHED TP 510 PIPS ,BUY GOLD @ 510,REJECTED,Price sanity fail: entry 510 is 87.7% from live 4152.70000,3172
2026-09-29 22:01:50,Account 2,GOLD Trader Dan,"What an entry, huh? Dan Airlines!   Sell limit activated and sniper entry!",SELL GOLD @ 4068,REJECTED,SL too wide: 15.00 > 13.45 (1.5x ATR=8.96). Max risk exceeded.,3173
2026-09-29 22:02:25,Account 2,GOLD Trader Dan,"What an entry, huh? Dan Airlines!   Sell limit activated and sniper entry! 3of3 today once again guys! Enjoy ",SELL GOLD @ 4068.0,REJECTED,SL too wide: 15.00 > 13.45 (1.5x ATR=8.96). Max risk exceeded.,3174
2026-09-29 22:03:48,Account 1,𝐗𝐀𝐔𝐔𝐒𝐃 𝐕𝐈𝐏 𝐒𝐈𝐆𝐍𝐀𝐋𝐒,GOLD BUY NOW 4150,BUY GOLD @ 4150.0,FAILED,MT5 execution failed — check broker logs,3175
2026-09-29 22:04:46,Account 1,𝐗𝐀𝐔𝐔𝐒𝐃 𝐕𝐈𝐏 𝐒𝐈𝐆𝐍𝐀𝐋𝐒,#GOLD BUY 4150/4145  TP 4155 TP 4160 TP 4165 TP 4190 Confim  SL 4137  Use According To Your Account Equity Leve,BUY GOLD @ 4150.0,REJECTED,"R:R too low: 0.38x (need >= 1.5x). TP=4155.00, SL dist=13.00",3176
2026-09-29 22:12:26,Account 2,JOSEFINA TRADER0🎖, GOLD SELL NOW   TP  TP  SL     3    https://t.me/+I8DdYRf4c5pmNTE0 https://t.me/+I8DdYRf4c5pmNTE0,SELL GOLD @ None,FAILED,MT5 execution failed — check broker logs,3177
2026-09-29 22:20:48,Account 2,JOSEFINA TRADER0🎖,gold? Check it now. 4144,BUY GOLD @ 4144.0,SUCCESS,Trade executed successfully on MT5,3178
2026-09-29 22:51:31,Account 2,Swich Gold Forex™,GOLD SELL NOW   TP  TP  SL     3   ,SELL GOLD @ None,SUCCESS,Trade executed successfully on MT5,3179
2026-09-29 22:53:12,Account 2,JOSEFINA TRADER0🎖, GOLD SELL NOW   TP  TP  SL     3    https://t.me/+I8DdYRf4c5pmNTE0 https://t.me/+I8DdYRf4c5pmNTE0,SELL GOLD @ None,FAILED,MT5 execution failed — check broker logs,3180
2026-09-29 23:02:12,Account 2,Grade Profit forex,  XAUUSD  30     10 .,SELL GOLD @ 30.0,REJECTED,SL too wide: 20.00 > 11.56 (1.5x ATR=7.71). Max risk exceeded.,3181
2026-09-30 00:15:01,Account 2,GOLD Snipers,XAUUSD SMASH / TPS 260 PIPS!,SMASH GOLD @ None,FAILED,MT5 execution failed — check broker logs,3182
2026-09-30 00:15:29,Account 2,GOLD Snipers,XAUUSD SMASH / TPS 200 PIPS!,SMASH GOLD @ None,FAILED,MT5 execution failed — check broker logs,3183
2026-09-30 00:15:43,Account 2,GOLD Snipers,XAUUSD SMASH / TPS 100 PIPS!,SMASH GOLD @ None,FAILED,MT5 execution failed — check broker logs,3184
2026-09-30 04:58:43,Account 2,Vault Gold Forex,Gold Buy @ 4136 Sl: @ 4126 TP: @ 4146 lot size 0.11 Confirm 99% https://t.me/+ysp2VUkbtBhkNTA0,BUY GOLD @ 4136.0,REJECTED,SL too wide: 10.00 > 7.33 (1.5x ATR=4.89). Max risk exceeded.,3185
2026-09-30 04:58:59,Account 2,Vault Gold Forex,GOLD / XAUUSD  BIG SIGNAL  TARGET 200 PIPS  SL TP  8k https://t.me/+dNO8hIh8bUNkN2I8 FAST OPEN FOR 3 MINUTES  ok my,BUY GOLD @ 8000.0,REJECTED,SL too wide: 1000.00 > 7.33 (1.5x ATR=4.89). Max risk exceeded.,3186
2026-09-30 05:02:16,Account 2,Vault Gold Forex,XAUUSD SURE CALL ,SELL GOLD @ 4047.0,REJECTED,SL too wide: 11.00 > 6.94 (1.5x ATR=4.63). Max risk exceeded.,3187
2026-09-30 05:03:31,Account 2,Vault Gold Forex,Gold Buy @ 4136 Sl: @ 4126 TP: @ 4146 lot size 0.11 Confirm 99% https://t.me/+ysp2VUkbtBhkNTA0,BUY GOLD @ 4136.0,REJECTED,SL too wide: 10.00 > 6.95 (1.5x ATR=4.63). Max risk exceeded.,3188
2026-09-30 05:18:29,Account 2,Vault Gold Forex,GOLD / XAUUSD  BIG SIGNAL  TARGET 200 PIPS  SL TP  8k https://t.me/+dNO8hIh8bUNkN2I8 FAST OPEN FOR 3 MINUTES  ok my,BUY GOLD @ 8000.0,REJECTED,SL too wide: 1000.00 > 7.04 (1.5x ATR=4.69). Max risk exceeded.,3189
2026-09-30 05:54:01,Account 2,Vault Gold Forex,GOLD SELL 4154/4160 TP1 4157 TP2 4160 TP3 4163 TP4 4166 Sl....4142  GOOD LUCK VIP FREE SINGLE  https://t.me/+rqRzFZE5U5phOTdk  1 Year FREE JOIN  https...,SELL GOLD @ 4154.0,REJECTED,SL too wide: 12.00 > 6.97 (1.5x ATR=4.65). Max risk exceeded.,3190
2026-09-30 06:17:13,Account 2,XAUUSD GOLO MASTER,Gold Buy @ 4136 Sl: @ 4126 TP: @ 4146 lot size 0.11 Confirm 99% https://t.me/+ysp2VUkbtBhkNTA0,BUY GOLD @ 4136.0,REJECTED,SL too wide: 10.00 > 6.80 (1.5x ATR=4.53). Max risk exceeded.,3191
2026-09-30 06:17:34,Account 2,Market Trader Crypto Forex,GBPNZD Short Trade   👇👇👇👇  https://affs.click/xnqPA PATNER CODE (663WF),"SELL GBPNZD @ 2.34483 (SL: 2.34833, TP: 2.33883)",SELL,GBPNZD,2.34483,2.34833,2.33883,SUCCESS,Executed Market Trader Setup
2026-09-30 06:19:57,Account 2,Vault Gold Forex,Gold Buy @ 4136 Sl: @ 4126 TP: @ 4146 lot size 0.11 Confirm 99% https://t.me/+ysp2VUkbtBhkNTA0,BUY GOLD @ 4136.0,REJECTED,SL too wide: 10.00 > 6.84 (1.5x ATR=4.56). Max risk exceeded.,3193
2026-09-30 06:20:20,Account 2,Vault Gold Forex,GOLD / XAUUSD BIG SIGNAL  TARGET 200 PIPS  SL TP   https://t.me/+8tA46f6LExQyMDE0 https://t.me/+8tA46f6LExQyMDE0,SELL GOLD @ 4068.0,REJECTED,SL too wide: 15.00 > 6.88 (1.5x ATR=4.58). Max risk exceeded.,3194
2026-09-30 06:20:38,Account 2,XAUUSD GOLO MASTER,XAUUSD  NOW 4179  PLEASE don't SHARE this link  once you join  https://t.me/+t5eiZFCMa8YxMjU0 https://t.me/+pzw60RL2X7Y1MmNk https://t.me/+t5eiZFCMa8Y...,SELL GOLD @ 4179.0,SUCCESS,Trade executed successfully on MT5,3195
2026-09-30 06:29:09,Account 2,XAUUSD GOLO MASTER,GOLD SELL 4154/4160 TP1 4157 TP2 4160 TP3 4163 TP4 4166 Sl....4142  GOOD LUCK VIP FREE SINGLE  https://t.me/+rqRzFZE5U5phOTdk  1 Year FREE JOIN  https...,SELL GOLD @ 4154.0,REJECTED,SL too wide: 12.00 > 6.95 (1.5x ATR=4.64). Max risk exceeded.,3196
2026-09-30 06:35:12,Account 2,XAUUSD GOLO MASTER,Gold Buy @ 4136 Sl: @ 4126 TP: @ 4146 lot size 0.11 Confirm 99% https://t.me/+ysp2VUkbtBhkNTA0,BUY GOLD @ 4136.0,REJECTED,SL too wide: 10.00 > 6.57 (1.5x ATR=4.38). Max risk exceeded.,3197
2026-09-30 06:47:29,Account 2,Perfect Management,XAUUSD     SELL   4180   Sl       4195  ¹TP      4176 ²TP      4172 ³TP      4168 ⁴TP      4164 ⁵TP ,"SELL GOLD @ 4173.36 (SL: 4195.0, TP: 4156.0)",SELL,GOLD,4173.36,4195.0,4156.0,SUCCESS,Executed with AI Runner TSL
2026-09-30 06:48:54,Account 2,Vault Gold Forex, XAUUSD BUY         Click to see     https://t.me/+KkunQU3cswM2MDlk https://t.me/+KkunQU3cswM2MDlk,BUY GOLD @ 4041.0,SUCCESS,Trade executed successfully on MT5,3199
2026-09-30 07:05:58,Account 2,Market Trader Crypto Forex,200 Pips Done sl ctc kar lijiye and Book 40% Profit.,"MODIFY_BREAKEVEN GBPNZD @ 0 (SL: 0, TP: 0)",MODIFY_BREAKEVEN,GBPNZD,0,0,0,SUCCESS,"SL moved to entry, closed 40%"
2026-09-30 07:10:22,Account 2,THE FOREX BLUEPRINT,XAUUSD SELL 4174,SELL GOLD @ 4174.0,SUCCESS,Trade executed successfully on MT5,3201
2026-09-30 07:11:37,Account 2,THE FOREX BLUEPRINT, GOLD SEELL NOW ZONE 41-74 41-80  TP1  41-68 TP2 41-63 TP3  41-58 TP4 41-53 TP5. 41-48 TP6.. 41-43   SL  :41-85  Everybody Use according to Money Mana...,SELL GOLD @ 41,REJECTED,SL too wide: 44.00 > 7.23 (1.5x ATR=4.82). Max risk exceeded.,3202
2026-09-30 07:12:31,Account 2,XAUUSD GOLO MASTER, XAUUSD SELL        Click to see    https://t.me/+07hPd3q8Di5jYzg0 https://t.me/+07hPd3q8Di5jYzg0  https://t.me/+C42cyGRpx2swYzQ0,SELL GOLD @ 4047.0,REJECTED,SL too wide: 11.00 > 7.23 (1.5x ATR=4.82). Max risk exceeded.,3203
2026-09-30 07:18:23,Account 2,Market Trader Crypto Forex,GBPNZD Book 50% Profit. 300 Pips Done 🫠🫠🫠🫠.,"BOOK_PROFIT GBPNZD @ 0 (SL: 0, TP: 0)",BOOK_PROFIT,GBPNZD,0,0,0,SUCCESS,Booked 50% profit on target hit
2026-09-30 07:19:00,Account 2,Swich Gold Forex™, XAUUSD SELL. 4178-4176 I will delete the link after two minutes   https://t.me/+HZ7GDTALh7I3YTE0  600+ PIPS TARGET ,SELL GOLD @ 4178.0,REJECTED,"R:R too low: 1.00x (need >= 1.5x). TP=4176.00, SL dist=2.00",3205
2026-09-30 07:19:39,Account 2,JOSEFINA TRADER0🎖,XAUUSD SELL 4173,SELL GOLD @ 4173.0,SUCCESS,Trade executed successfully on MT5,3206
2026-09-30 07:20:41,Account 2,JOSEFINA TRADER0🎖,XAUUSD SELL 4173 TP 4170 TP 4167 TP 4164 TP 4161 TP 4158 SL 4184 Use proper risk management Guys,SELL GOLD @ 4173.0,REJECTED,SL too wide: 11.00 > 7.35 (1.5x ATR=4.90). Max risk exceeded.,3207
2026-09-30 07:28:06,Account 2,Vault Gold Forex, XAUUSD BUY         Click to see     https://t.me/+KkunQU3cswM2MDlk https://t.me/+KkunQU3cswM2MDlk,BUY GOLD @ None,FAILED,MT5 execution failed — check broker logs,3208
2026-09-30 07:31:05,Account 2,Sureshot FX VIP,EURNZD SELL 2.0085  SL:  2.0135 TP:  1.9985 --Trade by David,SELL EURNZD @ 2.0085,REJECTED,Gold Lock: Symbol 'EURNZD' rejected. Gold only.,3209
2026-09-30 07:31:19,Account 2,Sureshot FX 🎯,EURNZD SELL 2.0085  SL:  2.0135 TP:  1.9985 --Trade by David,SELL EURNZD @ 2.0085,REJECTED,Gold Lock: Symbol 'EURNZD' rejected. Gold only.,3210
2026-09-30 07:35:18,Account 2,Vault Gold Forex, #XAUUSD SELL NOW 4173   SL :#see in channal   TP: #see in channal   https://t.me/+eEV0YdYcLhExZTY8 https://t.me/+eEV0YdYcLhExZTY8  LINK EXPIRE IN 5 M...,SELL GOLD @ 4173.0,FAILED,MT5 execution failed — check broker logs,3211
2026-09-30 07:35:42,Account 2,Sureshot FX VIP,NZDUSD BUY 0.5643  SL:  0.5593 TP:  0.5743 --Trade by David,BUY NZDUSD @ 0.5643,REJECTED,Gold Lock: Symbol 'NZDUSD' rejected. Gold only.,3212
2026-09-30 07:36:00,Account 2,Vault Gold Forex,XAUUSD SELL 4175/4178  TP 4172  TP 4169  TP 4166  TP 4163  TP 4160  SL 4185,SELL GOLD @ 4175.0,REJECTED,SL too wide: 10.00 > 7.47 (1.5x ATR=4.98). Max risk exceeded.,3213
2026-09-30 07:45:40,Account 2,XAUUSD VIP SIGNAL,XAUUSD SELL NOW @ 4178 MORE SELL @ 4182  TP : 4174 TP : 4170 TP : 4166 TP : 4162 TP : 4158 TP : 4154 TP : 4150  SL : 4195,SELL GOLD @ 4178.0,REJECTED,SL too wide: 17.00 > 7.62 (1.5x ATR=5.08). Max risk exceeded.,3214
2026-09-30 07:46:47,Account 2,Vault Gold Forex,Gold Buy @ 4136 Sl: @ 4126 TP: @ 4146 lot size 0.11 Confirm 99% https://t.me/+ysp2VUkbtBhkNTA0,BUY GOLD @ 4136.0,REJECTED,SL too wide: 10.00 > 7.67 (1.5x ATR=5.11). Max risk exceeded.,3215
2026-09-30 07:48:38,Account 2,Sureshot FX VIP,NZDJPY BUY 88.31  SL:  87.81 TP:  89.31 --Trade by David,BUY NZDJPY @ 88.31,REJECTED,Gold Lock: Symbol 'NZDJPY' rejected. Gold only.,3216
2026-09-30 07:50:29,Account 2,XAUUSD GOLO MASTER,XAUUSD 101% CONFIRM SIGNAL ,SELL GOLD @ 101.0,REJECTED,"R:R too low: 1.00x (need >= 1.5x). TP=100.00, SL dist=1.00",3217
2026-09-30 07:51:00,Account 2,XAUUSD GOLO MASTER, XAUUSD BUY         Click to see     https://t.me/+KkunQU3cswM2MDlk https://t.me/+KkunQU3cswM2MDlk,BUY GOLD @ None,SUCCESS,Trade executed successfully on MT5,3218
2026-09-30 07:53:55,Account 2,Perfect Management,XAUUSD          SELL  TP¹ HIT DONE 40+ PIPS,"TP1_HIT GOLD @ 0 (SL: 0, TP: 0)",TP1_HIT,GOLD,0,0,0,SUCCESS,TP1 Hit -> Kept SL Fixed for TP2
2026-09-30 07:54:25,Account 2,Grade Profit forex,XAUUSD BUY 4175  TP 4178 TP 4181 TP 4184 TP 4187 TP 4190  SL 4165,BUY GOLD @ 4175.0,REJECTED,SL too wide: 10.00 > 7.96 (1.5x ATR=5.31). Max risk exceeded.,3220
2026-09-30 07:55:04,Account 2,𝐗𝐀𝐔𝐔𝐒𝐃 𝐓𝐑𝐀𝐃𝐈𝐍𝐆 𝐌𝐀𝐒𝐓𝐄𝐑,XAUUSD SELL NOW 4180-4183  TP1 4177 TP2 4174 TP3 4171 TP4 4168 TP5 4165 TP6 4162 TP7 4159   SL4189 use Proper money management,SELL GOLD @ 4180.0,REJECTED,SL too wide: 9.00 > 7.96 (1.5x ATR=5.31). Max risk exceeded.,3221
2026-09-30 07:55:33,Account 2,Perfect Management,XAUUSD          SELL  TP² HIT DONE 80+ PIPS,"TP2_HIT GOLD @ 0 (SL: 0, TP: 0)",TP2_HIT,GOLD,0,0,0,NO_OPEN_ORDER,TP2 Hit -> Put TSL at TP2 + 10-pip trail
2026-09-30 08:05:04,Account 2,Vault Gold Forex,#XAUUSD SELL 4176  BIG  TP 4168 TP 4159 TP 4147 TP 4139 TP 4126    SL In Chanel Click To See      3   ,SELL EURUSD @ 4176.0,REJECTED,Gold Lock: Symbol 'EURUSD' rejected. Gold only.,3223
2026-09-30 08:05:27,Account 2,Vault Gold Forex,Gold Buy @ 4136 Sl: @ 4126 TP: @ 4146 lot size 0.11 Confirm 99% https://t.me/+ysp2VUkbtBhkNTA0,BUY GOLD @ 4136.0,REJECTED,SL too wide: 10.00 > 8.24 (1.5x ATR=5.49). Max risk exceeded.,3224
2026-09-30 08:22:25,Account 2,Sureshot FX VIP,GBPUSD BUY 1.3233  SL:  1.3183 TP:  1.3333 --Trade by David,BUY GBPUSD @ 1.3233,REJECTED,Gold Lock: Symbol 'GBPUSD' rejected. Gold only.,3225
2026-09-30 08:30:44,Account 2,Sureshot FX VIP,GBPJPY BUY 207.34  SL:  206.84 TP:  208.34 --Trade by David,BUY GBPJPY @ 207.34,REJECTED,Gold Lock: Symbol 'GBPJPY' rejected. Gold only.,3226
2026-09-30 08:30:59,Account 2,RIAOGOLDFOREX,XAUUSD BUY 4175,BUY GOLD @ 4175.0,SUCCESS,Trade executed successfully on MT5,3227
2026-09-30 08:31:31,Account 2,RIAOGOLDFOREX,XAUUSD BUY 4178,BUY GOLD @ 4178.0,SUCCESS,Trade executed successfully on MT5,3228
2026-09-30 08:33:20,Account 2,RIAOGOLDFOREX,XAUUSD BUY 4178  TP 4181  TP 4184  TP 4187  TP 4190  TP 4183  TP 4196  SL 4168,BUY GOLD @ 4178.0,REJECTED,SL too wide: 10.00 > 8.84 (1.5x ATR=5.89). Max risk exceeded.,3229
2026-09-30 08:40:01,Account 2,RIAOGOLDFOREX, XAUUSD SELL. 4188-4186 I will delete the link after two minutes   https://t.me/+dMLuBjjZ6hpmZWRk  600+ PIPS TARGET ,SELL GOLD @ 4188.0,REJECTED,"R:R too low: 1.00x (need >= 1.5x). TP=4186.00, SL dist=2.00",3230
2026-09-30 08:43:09,Account 2,XAUUSD GOLO MASTER,#GOLD BUY 4178-4178  TP 4183 TP 4186 TP 4188 TP 4190 TP 4194  SL4174,BUY GOLD @ 4178.0,REJECTED,"R:R too low: 1.25x (need >= 1.5x). TP=4183.00, SL dist=4.00",3231
2026-09-30 08:46:27,Account 2,SureShot GOLD (VIP),XAUUSD BUY 4178.57  SL:  4168.57 TP:  4198.57 --Trade by William,BUY GOLD @ 4178.57,REJECTED,SL too wide: 10.00 > 8.30 (1.5x ATR=5.54). Max risk exceeded.,3232
2026-09-30 08:52:21,Account 2,RIAOGOLDFOREX,GOLD BUY NOW        SL  TP  HERE,BUY GOLD @ None,FAILED,MT5 execution failed — check broker logs,3233
2026-09-30 08:59:33,Account 2,XAUUSD GOLO MASTER,Gold Buy @ 4136 Sl: @ 4126 TP: @ 4146 lot size 0.11 Confirm 99% https://t.me/+ysp2VUkbtBhkNTA0,BUY GOLD @ 4136.0,REJECTED,SL too wide: 10.00 > 8.55 (1.5x ATR=5.70). Max risk exceeded.,3234
2026-09-30 09:00:02,Account 2,XAUUSD GOLO MASTER,#XAUUSDSELL NOW  Confirm Entry Target 300+ pips Sl ------------ TP ------------ See at  channel  https://t.me/+V8PqfJ6prIFjYTM0 https://t.me/+x5OxGDBH...,SELL EURUSD @ 3000.0,REJECTED,Gold Lock: Symbol 'EURUSD' rejected. Gold only.,3235
2026-09-30 09:04:36,Account 2,JOSEFINA TRADER0🎖,XAUUSD SELL 4176,SELL GOLD @ 4176.0,FAILED,MT5 execution failed — check broker logs,3236
2026-09-30 09:05:37,Account 2,JOSEFINA TRADER0🎖,XAUUSD SELL 4176 TP 4173 TP 4170 TP 4167 TP 4164 TP 4161 SL 4187 Use proper risk management Guys,SELL GOLD @ 4176.0,REJECTED,SL too wide: 11.00 > 8.76 (1.5x ATR=5.84). Max risk exceeded.,3237
2026-09-30 09:09:34,Account 2,XAUUSD GOLO MASTER,Gold Buy @ 4171 Sl: @ 4161 TP: @ 4181 lot size 0.11 Confirm 99% https://t.me/+IaTRIjAjFzNjNDY8 https://t.me/+IaTRIjAjFzNjNDY8,BUY GOLD @ 4171.0,REJECTED,SL too wide: 10.00 > 8.85 (1.5x ATR=5.90). Max risk exceeded.,3238
2026-09-30 09:10:37,Account 2,XAUUSD GOLO MASTER, XAUUSD BUY         Click to see     https://t.me/+KkunQU3cswM2MDlk https://t.me/+KkunQU3cswM2MDlk,BUY GOLD @ None,FAILED,MT5 execution failed — check broker logs,3239
2026-09-30 09:13:28,Account 2,Vault Gold Forex,Gold Buy @ 4176 Sl: @ 4166 TP: @ 4186 lot size 0.11 Confirm 99% https://t.me/+syW1-sOtKPNhNmY0 https://t.me/+syW1-sOtKPNhNmY0,BUY GOLD @ 4176.0,REJECTED,SL too wide: 10.00 > 8.85 (1.5x ATR=5.90). Max risk exceeded.,3240
2026-09-30 09:14:39,Account 2,Vault Gold Forex,GOLD / XAUUSD BIG SIGNAL   TARGET 200 PIPS  SL TP .   https://t.me/+8tA46f6LExQyMDE0 https://t.me/+8tA46f6LExQyMDE0,SELL GOLD @ 4068.0,REJECTED,SL too wide: 15.00 > 8.85 (1.5x ATR=5.90). Max risk exceeded.,3241
2026-09-30 09:16:31,Account 2,Vault Gold Forex,Gold Buy @ 4136 Sl: @ 4126 TP: @ 4146 lot size 0.11 Confirm 99% https://t.me/+ysp2VUkbtBhkNTA0,BUY GOLD @ 4136.0,REJECTED,SL too wide: 10.00 > 8.67 (1.5x ATR=5.78). Max risk exceeded.,3242
2026-09-30 09:19:00,Account 2,Market Trader Crypto Forex,GBPNZD Book 100% Profit. 600 Pips Done 🫠🫠🫠🫠.,"ACTIVATED_10PIP_TSL GBPNZD @ 0 (SL: 0, TP: 0)",ACTIVATED_10PIP_TSL,GBPNZD,0,0,0,NO_OPEN_ORDER,Activated 10-pip jumping TSL on Book 100%
2026-09-30 09:20:55,Account 2,Swich Gold Forex™,Gold Buy @ 4165 Sl: @ 4155 TP: @ 4175 lot size 0.11 Confirm 99% https://t.me/+tNEcPugUo_Q5ZWE1,BUY GOLD @ 4165.0,REJECTED,SL too wide: 10.00 > 8.74 (1.5x ATR=5.83). Max risk exceeded.,3244
2026-09-30 09:21:46,Account 2,JOSEFINA TRADER0🎖,Gold Buy @ 4340 Sl: @ 4330 TP: @ 4360 lot size 0.11 Confirm 99% https://t.me/+jOrrwLbzegk2MmJk,BUY GOLD @ 4340.0,REJECTED,SL too wide: 10.00 > 8.77 (1.5x ATR=5.85). Max risk exceeded.,3245
2026-09-30 09:22:20,Account 2,Profitway Trading Official,NIFTY 22750 MAJOR HURDLE NOW AND 22600 IS IMPORTANT SUPPORT LABEL BE CAREFUL IN BREAKOUT TRADE GUYS ,BUY NIFTY @ None,REJECTED,Gold Lock: Symbol 'NIFTY' rejected. Gold only.,3246
2026-09-30 09:26:46,Account 2,Vault Gold Forex,XAUUSD SELL NOW   TP /SL  https://t.me/+6JiuB-8FitkzYjY0  New Entry ,SELL GOLD @ 4047.0,REJECTED,SL too wide: 11.00 > 8.90 (1.5x ATR=5.93). Max risk exceeded.,3247
2026-09-30 09:29:09,Account 2,XAUUSD GOLO MASTER,Gold Buy @ 4176 Sl: @ 4166 TP: @ 4186 lot size 0.11 Confirm 99% https://t.me/+syW1-sOtKPNhNmY0 https://t.me/+syW1-sOtKPNhNmY0,BUY GOLD @ 4176.0,REJECTED,SL too wide: 10.00 > 8.90 (1.5x ATR=5.93). Max risk exceeded.,3248
2026-09-30 09:29:25,Account 2,XAUUSD GOLO MASTER,#XAUUSDSELL NOW  Confirm Entry Target 300+ pips Sl ------------ TP ------------ See at  channel  https://t.me/+V8PqfJ6prIFjYTM0 https://t.me/+x5OxGDBH...,SELL EURUSD @ 3000.0,REJECTED,Gold Lock: Symbol 'EURUSD' rejected. Gold only.,3249
2026-09-30 09:29:55,Account 2,XAUUSD GOLO MASTER, XAUUSD BUY         Click to see     https://t.me/+KkunQU3cswM2MDlk https://t.me/+KkunQU3cswM2MDlk,BUY GOLD @ None,FAILED,MT5 execution failed — check broker logs,3250
2026-09-30 09:31:42,Account 2,SureShot GOLD (VIP),XAUUSD SELL 4173.75  SL:  4183.75 TP:  4153.75 --Trade by William,SELL GOLD @ 4173.75,REJECTED,SL too wide: 10.00 > 8.39 (1.5x ATR=5.60). Max risk exceeded.,3251
2026-09-30 09:32:15,Account 2,XAUUSD GOLO MASTER,Gold Buy @ 4136 Sl: @ 4126 TP: @ 4146 lot size 0.11 Confirm 99% https://t.me/+ysp2VUkbtBhkNTA0,BUY GOLD @ 4136.0,REJECTED,SL too wide: 10.00 > 8.43 (1.5x ATR=5.62). Max risk exceeded.,3252
2026-09-30 09:37:39,Account 2,🌕 PERO | Forex - Investing ™,"PERO TREND FORECAST  Gold is recovering from the recent selloff, with price holding a short-term sequence of higher lows from the 4120 area.  Price is...",BUY GOLD @ 4120.0,REJECTED,SL too wide: 30.00 > 8.60 (1.5x ATR=5.73). Max risk exceeded.,3253
2026-09-30 09:41:20,Account 2,Swich Gold Forex™,GOLD / XAUUSD BIG SIGNAL   TARGET 200 PIPS  SL TP .   https://t.me/+8tA46f6LExQyMDE0 https://t.me/+8tA46f6LExQyMDE0,SELL GOLD @ 4068.0,REJECTED,SL too wide: 15.00 > 8.63 (1.5x ATR=5.75). Max risk exceeded.,3254
2026-09-30 09:49:32,Account 2,XAUUSD GOLO MASTER,Gold Buy @ 4176 Sl: @ 4166 TP: @ 4186 lot size 0.11 Confirm 99% https://t.me/+IaTRIjAjFzNjNDY8 https://t.me/+IaTRIjAjFzNjNDY8,BUY GOLD @ 4176.0,REJECTED,SL too wide: 10.00 > 8.72 (1.5x ATR=5.81). Max risk exceeded.,3255
2026-09-30 09:50:47,Account 2,Vault Gold Forex,Gold Buy @ 4176 Sl: @ 4166 TP: @ 4186 lot size 0.11 Confirm 99% https://t.me/+syW1-sOtKPNhNmY0 https://t.me/+syW1-sOtKPNhNmY0,BUY GOLD @ 4176.0,REJECTED,SL too wide: 10.00 > 8.72 (1.5x ATR=5.81). Max risk exceeded.,3256
2026-09-30 09:55:54,Account 2,Vault Gold Forex,Gold Buy @ 4136 Sl: @ 4126 TP: @ 4146 lot size 0.11 Confirm 99% https://t.me/+ysp2VUkbtBhkNTA0,BUY GOLD @ 4136.0,REJECTED,SL too wide: 10.00 > 8.75 (1.5x ATR=5.84). Max risk exceeded.,3257
2026-09-30 10:01:08,Account 2,XAUUSD GOLO MASTER, XAUUSD SEEL NOW   TP  TP  SL     5     https://t.me/+NeGiRPDZiAYyN2I8,SELL GOLD @ 4047.0,REJECTED,SL too wide: 11.00 > 7.89 (1.5x ATR=5.26). Max risk exceeded.,3258
2026-09-30 10:04:01,Account 2,JOSEFINA TRADER0🎖,GOLD / XAUUSD BIG SIGNAL   TARGET 200 PIPS  SL TP .   https://t.me/+8tA46f6LExQyMDE0 https://t.me/+8tA46f6LExQyMDE0,SELL GOLD @ 4068.0,REJECTED,SL too wide: 15.00 > 7.99 (1.5x ATR=5.33). Max risk exceeded.,3259
2026-09-30 10:05:39,Account 2,Swich Gold Forex™,GOLD / XAUUSD BIG SIGNAL   TARGET 200 PIPS  SL TP .   https://t.me/+8tA46f6LExQyMDE0 https://t.me/+8tA46f6LExQyMDE0,SELL GOLD @ 4068.0,REJECTED,SL too wide: 15.00 > 8.30 (1.5x ATR=5.53). Max risk exceeded.,3260
2026-09-30 10:07:38,Account 2,JOSEFINA TRADER0🎖,Gold Buy @ 4340 Sl: @ 4330 TP: @ 4360 lot size 0.11 Confirm 99% https://t.me/+jOrrwLbzegk2MmJk,BUY GOLD @ 4340.0,REJECTED,SL too wide: 10.00 > 8.34 (1.5x ATR=5.56). Max risk exceeded.,3261
2026-09-30 10:07:55,Account 2,GOLD PRO TRADER ♨️,#GOLD BUY 4178 . 4174   TP1 : 4182 TP2 : 4186 TP3 : 4190 TP4: 4194 TP5...4198.4202   SL 4162,BUY GOLD @ 4178.0,REJECTED,SL too wide: 16.00 > 8.34 (1.5x ATR=5.56). Max risk exceeded.,3262
2026-09-30 10:14:51,Account 2,SureShot GOLD (VIP),XAUUSD BUY 4181.77  SL:  4171.77 TP:  4201.77 --Trade by William,BUY GOLD @ 4181.77,REJECTED,SL too wide: 10.00 > 8.66 (1.5x ATR=5.78). Max risk exceeded.,3263
2026-09-30 10:18:35,Account 2,JOSEFINA TRADER0🎖, XAUUSD SELL. 4188-4186 I will delete the link after two minutes   https://t.me/+dMLuBjjZ6hpmZWRk  600+ PIPS TARGET ,SELL GOLD @ 4188.0,REJECTED,"R:R too low: 1.00x (need >= 1.5x). TP=4186.00, SL dist=2.00",3264
2026-09-30 10:23:24,Account 2,Vault Gold Forex,Gold Buy @ 4176 Sl: @ 4166 TP: @ 4186 lot size 0.11 Confirm 99% https://t.me/+syW1-sOtKPNhNmY0 https://t.me/+syW1-sOtKPNhNmY0,BUY GOLD @ 4176.0,REJECTED,SL too wide: 10.00 > 8.34 (1.5x ATR=5.56). Max risk exceeded.,3265
2026-09-30 10:24:13,Account 2,JOSEFINA TRADER0🎖,Gold Buy @ 4340 Sl: @ 4330 TP: @ 4360 lot size 0.11 Confirm 99% https://t.me/+jOrrwLbzegk2MmJk,BUY GOLD @ 4340.0,REJECTED,SL too wide: 10.00 > 8.34 (1.5x ATR=5.56). Max risk exceeded.,3266
2026-09-30 10:26:03,Account 2,Vault Gold Forex,Gold Buy @ 4136 Sl: @ 4126 TP: @ 4146 lot size 0.11 Confirm 99% https://t.me/+ysp2VUkbtBhkNTA0,BUY GOLD @ 4136.0,REJECTED,SL too wide: 10.00 > 8.34 (1.5x ATR=5.56). Max risk exceeded.,3267
2026-09-30 10:27:08,Account 2,THE FOREX BLUEPRINT, GOLD BUY NOW ZONE 41-74 41-68  TP1  41-79 TP2 41-84 TP3  41-89 TP4 41-94 TP5. 41-99 TP6.. 42-05   SL  :41-60  Everybody Use according to Money Manage...,BUY GOLD @ 41.0,REJECTED,"R:R too low: 0.00x (need >= 1.5x). TP=41.00, SL dist=0.00",3268
2026-09-30 10:27:18,Account 2,THE FOREX BLUEPRINT, GOLD BUY NOW ZONE 41-74 41-68  TP1  41-79 TP2 41-84 TP3  41-89 TP4 41-94 TP5. 41-99 TP6.. 42-05   SL  :41-60  Everybody Use according to Money Manage...,BUY GOLD @ 41.0,REJECTED,"R:R too low: 0.00x (need >= 1.5x). TP=41.00, SL dist=0.00",3269
2026-09-30 10:29:03,Account 2,JOSEFINA TRADER0🎖, XAUUSD SELL. 4188-4186 I will delete the link after two minutes   https://t.me/+dMLuBjjZ6hpmZWRk  600+ PIPS TARGET ,SELL GOLD @ 4188.0,REJECTED,"R:R too low: 1.00x (need >= 1.5x). TP=4186.00, SL dist=2.00",3270
2026-09-30 10:30:39,Account 2,Swich Gold Forex™,XAUUSD SELL 4180  TP 4177 TP 4174 TP 4171 TP 4168  SL 4190,SELL GOLD @ 4180.0,REJECTED,SL too wide: 10.00 > 7.80 (1.5x ATR=5.20). Max risk exceeded.,3271
2026-09-30 10:42:55,Account 2,JOSEFINA TRADER0🎖, XAUUSD SELL. 4188-4186 I will delete the link after two minutes   https://t.me/+dMLuBjjZ6hpmZWRk  600+ PIPS TARGET ,SELL GOLD @ 4188.0,REJECTED,"R:R too low: 1.00x (need >= 1.5x). TP=4186.00, SL dist=2.00",3272
2026-09-30 10:52:25,Account 2,GOLD PRO TRADER ♨️,#GOLD BUY 4166 . 4162   TP1 : 4170 TP2 : 4174 TP3 : 4178 TP4: 4182 TP5...4186.4190   SL 4150,BUY GOLD @ 4166.0,REJECTED,SL too wide: 16.00 > 8.87 (1.5x ATR=5.91). Max risk exceeded.,3273
2026-09-30 11:03:33,Account 1,DUBAI CAPITAL FX GROUP 3,GOLD SELL 4176 MORE SELL 4180  TP 4173 TP 4170 TP 4167 TP 4164 TP 4161 TP 4158 TP 4155 TP 4152  SL_4188,SELL GOLD @ 4176.0,REJECTED,SL too wide: 12.00 > 9.23 (1.5x ATR=6.15). Max risk exceeded.,3274
2026-09-30 11:14:14,Account 2,XAU DIAMOND FX,XAUUSD BUY 4176 4173  TP 4179 TP 4181 TP 4183 TP 4185 Tp. 4190 SL 4160,BUY GOLD @ 4176.0,REJECTED,SL too wide: 16.00 > 9.24 (1.5x ATR=6.16). Max risk exceeded.,3275
2026-09-30 11:18:54,Account 2,Vault Gold Forex,Gold Buy @ 4136 Sl: @ 4126 TP: @ 4146 lot size 0.11 Confirm 99% https://t.me/+ysp2VUkbtBhkNTA0,BUY GOLD @ 4136.0,REJECTED,SL too wide: 10.00 > 8.98 (1.5x ATR=5.99). Max risk exceeded.,3276
2026-09-30 11:27:10,Account 2,Forex with karol,GOLD BUY:Entry on 1min. green candle at entry level,BUY GOLD @ 1.0,REJECTED,Price sanity fail: entry 1.0 is 100.0% from live 4175.54000,3277
2026-09-30 11:35:09,Account 2,Vault Gold Forex, #XAUUSD SELL NOW 4173   SL :#see in channal   TP: #see in channal   https://t.me/+eEV0YdYcLhExZTY8 https://t.me/+eEV0YdYcLhExZTY8  LINK EXPIRE IN 5 M...,SELL GOLD @ 4173.0,SUCCESS,Trade executed successfully on MT5,3278
2026-09-30 11:37:30,Account 2,JOSEFINA TRADER0🎖, XAUUSD SELL. 4188-4186 I will delete the link after two minutes   https://t.me/+dMLuBjjZ6hpmZWRk  600+ PIPS TARGET ,SELL GOLD @ 4188.0,REJECTED,"R:R too low: 1.00x (need >= 1.5x). TP=4186.00, SL dist=2.00",3279
2026-09-30 11:43:39,Account 2,Swich Gold Forex™, #XAUUSD SELL NOW 4173   SL :#see in channal   TP: #see in channal   https://t.me/+eEV0YdYcLhExZTY8 https://t.me/+eEV0YdYcLhExZTY8  LINK EXPIRE IN 5 M...,SELL GOLD @ 4173.0,SUCCESS,Trade executed successfully on MT5,3280
2026-09-30 11:47:48,Account 2,JOSEFINA TRADER0🎖,XAUUSD live signals strategy  1000% Confirm Trade   1500+ pips Target   8.8k ,SELL GOLD @ 4068.0,REJECTED,SL too wide: 15.00 > 9.14 (1.5x ATR=6.09). Max risk exceeded.,3281
2026-09-30 11:55:35,Account 2,RIAOGOLDFOREX, GOLD SELL NOW   TP  TP  SL     3    https://t.me/+I8DdYRf4c5pmNTE0 https://t.me/+I8DdYRf4c5pmNTE0,SELL GOLD @ None,SUCCESS,Trade executed successfully on MT5,3282
2026-09-30 11:57:42,Account 1,XAUUSD ACCURATE SiGNALS,Gold sell entry 4183/4186/limit   Sl 4192   Tp 4175 Tp 4165 Tp 4155/45/4135//opn   @Proazam1978,SELL GOLD @ 4186.0,FAILED,MT5 execution failed — check broker logs,3283
2026-09-30 11:59:27,Account 2,🌕 PERO | Forex - Investing ™,"Gold continues to hold the recovery structure from yesterdays selloff, now trading back near the intraday highs.  41964200 remains the first resistanc...",BUY GOLD @ None,FAILED,MT5 execution failed — check broker logs,3284
2026-09-30 12:00:15,Account 2,Vault Gold Forex,Gold Buy @ 4136 Sl: @ 4126 TP: @ 4146 lot size 0.11 Confirm 99% https://t.me/+ysp2VUkbtBhkNTA0,BUY GOLD @ 4136.0,REJECTED,SL too wide: 10.00 > 9.15 (1.5x ATR=6.10). Max risk exceeded.,3285
2026-09-30 12:00:34,Account 2,Vault Gold Forex, #XAUUSD SELL NOW 4173   SL :#see in channal   TP: #see in channal   https://t.me/+eEV0YdYcLhExZTY8 https://t.me/+eEV0YdYcLhExZTY8  LINK EXPIRE IN 5 M...,SELL GOLD @ 4173.0,FAILED,MT5 execution failed — check broker logs,3286
2026-09-30 12:10:19,Account 2,Vault Gold Forex, XAUUSDBUY         Click to see      https://t.me/+kwC34og-RN4yNGQ0 https://t.me/+DBBSFOmH5TQwMzk0,BUY GOLD @ 4041.0,SUCCESS,Trade executed successfully on MT5,3287
2026-09-30 12:11:48,Account 2,𝙂𝙡𝙤𝙗𝙖𝙡 𝙂𝙤𝙡𝙙 𝙄𝙣𝙨𝙞𝙜𝙝𝙩𝙨,XAUUSD BUY NOW 4180.00   TP 1: 4183.00 TP 2: 4186.00 TP 3: 4189.00 TP 4: 4192.00  SL + 4170.00,BUY GOLD @ 4180.0,REJECTED,SL too wide: 10.00 > 9.57 (1.5x ATR=6.38). Max risk exceeded.,3288
2026-09-30 12:19:23,Account 2,RIAOGOLDFOREX,XAUUSD live signals strategy  1000% Confirm Trade   1500+ pips Target   8.8k ,SELL GOLD @ 4068.0,REJECTED,SL too wide: 15.00 > 9.50 (1.5x ATR=6.34). Max risk exceeded.,3289
2026-09-30 12:25:18,Account 2,JOSEFINA TRADER0🎖, XAUUSD SELL. 4188-4186 I will delete the link after two minutes   https://t.me/+dMLuBjjZ6hpmZWRk  600+ PIPS TARGET ,SELL GOLD @ 4188.0,REJECTED,"R:R too low: 1.00x (need >= 1.5x). TP=4186.00, SL dist=2.00",3290
2026-09-30 12:28:46,Account 2,JOSEFINA TRADER0🎖,XAUUSD SELL 4190,SELL GOLD @ 4190.0,SUCCESS,Trade executed successfully on MT5,3291
2026-09-30 12:29:10,Account 2,JOSEFINA TRADER0🎖,XAUUSD SELL 4190 TP 4193 TP 4196 TP 4199 TP 4202 TP 4205 SL 4179 Use proper risk management Guys,SELL GOLD @ 4190.0,REJECTED,SL too wide: 11.00 > 10.81 (1.5x ATR=7.21). Max risk exceeded.,3292
2026-09-30 12:31:05,Account 2,SureShot GOLD (VIP),XAUUSD SELL 4190.36  SL:  4200.36 TP:  4170.36 --Trade by Matthew,SELL GOLD @ 4190.36,FAILED,MT5 execution failed — check broker logs,3293
2026-09-30 12:32:59,Account 1,XAUUSD ACCURATE SiGNALS,Gold buy entry 4189/85   Sl 4179  Tp 4195 Tp 4200 Tp 4205/4215/4255/4280/opn   @Proazam1978   @Proazam1978,BUY GOLD @ 4189.0,REJECTED,"R:R too low: 0.60x (need >= 1.5x). TP=4195.00, SL dist=10.00",3294
2026-09-30 12:35:40,Account 2,THE FOREX BLUEPRINT, GOLD BUY NOW ZONE 41-88 41-80  TP1  41-95 TP2 42-00 TP3  42-05 TP4 42-10 TP5. 42-15 TP6.. 42-20   SL  :41-72  Everybody Use according to Money Manage...,BUY GOLD @ 41,REJECTED,SL too wide: 31.00 > 10.66 (1.5x ATR=7.11). Max risk exceeded.,3295
2026-09-30 12:38:45,Account 1,XAUUSD ACCURATE SiGNALS,Hit tp 1 65+ PP done H1 Full bullish now,SELL GOLD @ 4068.0,REJECTED,SL too wide: 15.00 > 10.97 (1.5x ATR=7.31). Max risk exceeded.,3296
2026-09-30 12:39:50,Account 2,𝐗𝐀𝐔𝐔𝐒𝐃 𝐓𝐑𝐀𝐃𝐈𝐍𝐆 𝐌𝐀𝐒𝐓𝐄𝐑,GOLD SELL NOW 4197,SELL GOLD @ 4197.0,SUCCESS,Trade executed successfully on MT5,3297
2026-09-30 12:41:41,Account 2,🌕 PERO | Forex - Investing ™,SELL 41964200: +50 PIPS   First resistance reacted cleanly.  London opens shortly.,SELL GOLD @ 41964200.0,REJECTED,Price sanity fail: entry 41964200.0 is 1000868.4% from live 4192.36000,3298
2026-09-30 12:44:36,Account 2,JOSEFINA TRADER0🎖,XAUUSD BUY 4190,BUY GOLD @ 4190.0,SUCCESS,Trade executed successfully on MT5,3299
2026-09-30 12:45:22,Account 2,𝐗𝐀𝐔𝐔𝐒𝐃 𝐓𝐑𝐀𝐃𝐈𝐍𝐆 𝐌𝐀𝐒𝐓𝐄𝐑,XAUUSD BUY  NOW    CLICK TO SEE,BUY GOLD @ 4063.0,REJECTED,"R:R too low: 1.00x (need >= 1.5x). TP=4073.00, SL dist=10.00",3300
2026-09-30 12:49:08,Account 2,Gold VIP,Planning a new trade in Gold ,BUY GOLD @ None,FAILED,MT5 execution failed — check broker logs,3301
2026-09-30 12:55:01,Account 2,JOSEFINA TRADER0🎖,XAUUSD BUY 4183  TP 4186 TP 4189 TP 4192 TP4195 TP4198 TP4201 TP4204 TP4207 TP4210 TP4213 TP4216 TP4219 TP4222 http://t.me/+E70go98g7Go1MmU0       417...,BUY GOLD @ 4183,REJECTED,"R:R too low: 0.50x (need >= 1.5x). TP=4186.00, SL dist=6.00",3302
2026-09-30 12:59:03,Account 2,RIAOGOLDFOREX,XAUUSD live signals strategy  1000% Confirm Trade   1500+ pips Target   8.8k ,SELL GOLD @ 4068.0,REJECTED,SL too wide: 15.00 > 11.24 (1.5x ATR=7.50). Max risk exceeded.,3303
2026-09-30 13:04:17,Account 2,JOSEFINA TRADER0🎖,XAUUSD live signals strategy  1000% Confirm Trade   1500+ pips Target   8.8k ,SELL GOLD @ 4068.0,REJECTED,SL too wide: 15.00 > 11.09 (1.5x ATR=7.40). Max risk exceeded.,3304
2026-09-30 13:04:51,Account 2,XAUUSD GOLO MASTER,Gold Buy @ 4136 Sl: @ 4126 TP: @ 4146 lot size 0.11 Confirm 99% https://t.me/+ysp2VUkbtBhkNTA0,BUY GOLD @ 4136.0,REJECTED,"R:R too low: 1.00x (need >= 1.5x). TP=4146.00, SL dist=10.00",3305
2026-09-30 13:07:38,Account 2,𝐗𝐀𝐔𝐔𝐒𝐃 𝐓𝐑𝐀𝐃𝐈𝐍𝐆 𝐌𝐀𝐒𝐓𝐄𝐑,GOLD BUY NOW 4193,BUY GOLD @ 4193.0,FAILED,MT5 execution failed — check broker logs,3306
2026-09-30 13:08:08,Account 2,XAUUSD GOLO MASTER, #XAUUSD SELL NOW 4173   SL :#see in channal   TP: #see in channal   https://t.me/+eEV0YdYcLhExZTY8 https://t.me/+eEV0YdYcLhExZTY8  LINK EXPIRE IN 5 M...,SELL GOLD @ 4173.0,FAILED,MT5 execution failed — check broker logs,3307
2026-09-30 13:09:41,Account 2,𝐗𝐀𝐔𝐔𝐒𝐃 𝐓𝐑𝐀𝐃𝐈𝐍𝐆 𝐌𝐀𝐒𝐓𝐄𝐑, XAUUSD BUY : 4193-4190  TP : 4196 TP : 4199 TP : 4202 TP : 4205 TP : 4208 TP : 4211 TP : 4214_OPEN   SL : 4184  Use Proper Money Management. ,BUY GOLD @ 4193.0,REJECTED,"R:R too low: 0.33x (need >= 1.5x). TP=4196.00, SL dist=9.00",3308
2026-09-30 13:10:07,Account 1,𝐗𝐀𝐔𝐔𝐒𝐃 𝐕𝐈𝐏 𝐒𝐈𝐆𝐍𝐀𝐋𝐒,#GOLD SELL 4200/4205  TP 4195 TP 4190 TP 4185 TP 4170 Confim  SL 4213  Use According To Your Account Equity Leve,SELL GOLD @ 4200.0,REJECTED,SL too wide: 13.00 > 11.37 (1.5x ATR=7.58). Max risk exceeded.,3309
2026-09-30 13:14:42,Account 2,XAUUSD GOLO MASTER,XAUUSD live signals strategy  1000% Confirm Trade   1500+ pips Target   8.8k ,SELL GOLD @ 4068.0,REJECTED,SL too wide: 15.00 > 11.63 (1.5x ATR=7.75). Max risk exceeded.,3310
2026-09-30 13:16:17,Account 2,XAUUSD GOLO MASTER,GOLD BUY NOW USE BIG LOT  SL & TP ,BUY GOLD @ None,FAILED,MT5 execution failed — check broker logs,3311
2026-09-30 13:18:37,Account 2,XAUUSD GOLO MASTER, #XAUUSD SELL NOW 4173   SL :#see in channal   TP: #see in channal   https://t.me/+eEV0YdYcLhExZTY8 https://t.me/+eEV0YdYcLhExZTY8  LINK EXPIRE IN 5 M...,SELL GOLD @ 4173.0,FAILED,MT5 execution failed — check broker logs,3312
2026-09-30 13:20:14,Account 1,Scalping Gold,Stanby Our Sell Zone 4196-98 Buy zone 4187-85,SELL EURUSD @ 4198.0,REJECTED,Gold Lock: Symbol 'EURUSD' rejected. Gold only.,3313
2026-09-30 13:22:54,Account 2,Vault Gold Forex,XAUUSD SELL 4198/4201  TP 4195  TP 4192  TP 4189  TP 4186  TP 4183  SL 4208,SELL GOLD @ 4198.0,REJECTED,"R:R too low: 0.30x (need >= 1.5x). TP=4195.00, SL dist=10.00",3314
2026-09-30 13:27:28,Account 2,XAUUSD GOLO MASTER, XAUUSD BUY         Click to see     https://t.me/+KkunQU3cswM2MDlk https://t.me/+KkunQU3cswM2MDlk,BUY GOLD @ None,FAILED,MT5 execution failed — check broker logs,3315
2026-09-30 13:28:28,Account 2,XAUUSD GOLO MASTER, XAUUSD 101% sure call,SELL GOLD @ 4047.0,REJECTED,"R:R too low: 0.27x (need >= 1.5x). TP=4044.00, SL dist=11.00",3316
2026-09-30 13:29:45,Account 2,Sureshot FX VIP,USOIL BUY 92.08  SL:  90.98 TP:  95.08 --Trade by Flynn,N/A,FAILED,Trigger could not parse a valid trade structure from this signal,3317
2026-09-30 13:37:04,Account 2,XAUUSD GOLO MASTER,Gold Buy @ 4172 Sl: @ 4162 TP: @ 4182 lot size 0.11 Confirm 99% https://t.me/+IaTRIjAjFzNjNDY8 https://t.me/+IaTRIjAjFzNjNDY8,BUY GOLD @ 4172.0,REJECTED,"R:R too low: 1.00x (need >= 1.5x). TP=4182.00, SL dist=10.00",3318
2026-09-30 13:37:20,Account 2,XAUUSD GOLO MASTER, XAUUSD SELL        Click to see    https://t.me/+07hPd3q8Di5jYzg0 https://t.me/+07hPd3q8Di5jYzg0  https://t.me/+C42cyGRpx2swYzQ0,SELL GOLD @ 4047.0,REJECTED,"R:R too low: 0.27x (need >= 1.5x). TP=4044.00, SL dist=11.00",3319
2026-09-30 13:44:11,Account 2,GOLD Sniper Pips,GOLD BUY 4194 MORE BUY 4190  TP : 4198 TP : 4205 TP : 4215  SL : 4186,BUY GOLD @ 4194.0,REJECTED,"R:R too low: 0.50x (need >= 1.5x). TP=4198.00, SL dist=8.00",3320
2026-09-30 13:44:53,Account 1,Pump Dump Gold,"Dear Traders,  We are going to DUMP XAUUSD today.  DUMP XAUUSD  Level1  4195-4235 Risk  ??  Level2  ?? Risk  ??   Reason for SELL: Fundamental: * Gold...",SELL GOLD @ 4195.0,REJECTED,SL too wide: 40.00 > 11.27 (1.5x ATR=7.51). Max risk exceeded.,3321
2026-09-30 13:48:30,Account 2,SureShot GOLD (VIP),XAUUSD SELL 4196.88  SL:  4206.88 TP:  4176.88 --Trade by Matthew,SELL GOLD @ 4196.88,FAILED,MT5 execution failed — check broker logs,3322
2026-09-30 13:55:42,Account 2,Perfect Management,XAUUSD     BUY    4193   Sl       4181  ¹TP      4197 ²TP      4201 ³TP      4205 ⁴TP      4209 ⁵TP ,"BUY GOLD @ 4201.68 (SL: 4181.0, TP: 4217.0)",BUY,GOLD,4201.68,4181.0,4217.0,SUCCESS,Executed with AI Runner TSL
2026-09-30 13:59:23,Account 2,XAUUSD GOLO MASTER, XAUUSD SELL. 4188-4186 I will delete the link after two minutes   https://t.me/+dMLuBjjZ6hpmZWRk  600+ PIPS TARGET ,SELL GOLD @ 4188.0,REJECTED,"R:R too low: 1.00x (need >= 1.5x). TP=4186.00, SL dist=2.00",3324
2026-09-30 14:10:20,Account 2,Vault Gold Forex, #XAUUSD SELL NOW 4199   SL :#see in channal   TP: #see in channal   https://t.me/+eEV0YdYcLhExZTY8 https://t.me/+eEV0YdYcLhExZTY8  LINK EXPIRE IN 5 M...,SELL GOLD @ 4199.0,FAILED,MT5 execution failed — check broker logs,3325
2026-09-30 14:11:07,Account 2,JOSEFINA TRADER0🎖, XAUUSD SELL. 4188-4186 I will delete the link after two minutes   https://t.me/+dMLuBjjZ6hpmZWRk  600+ PIPS TARGET ,SELL GOLD @ 4188.0,REJECTED,"R:R too low: 1.00x (need >= 1.5x). TP=4186.00, SL dist=2.00",3326
2026-09-30 14:15:05,Account 2,🏅 GoldSignals.io 🏅,A perfect trade to start the day off right    Full target smashed  340+ pips gained   0% drawdown   Check the timestamps and verify for yourselves   @...,SELL GOLD @ 4068,REJECTED,SL too wide: 15.00 > 10.18 (1.5x ATR=6.79). Max risk exceeded.,3327
2026-09-30 14:17:31,Account 2,JOSEFINA TRADER0🎖, #XAUUSD SELL NOW 4199   SL :#see in channal   TP: #see in channal   https://t.me/+1kS_InE0hogzMTQ0 https://t.me/+1kS_InE0hogzMTQ0  LINK EXPIRE IN 5 M...,SELL GOLD @ 4199.0,FAILED,MT5 execution failed — check broker logs,3328
2026-09-30 14:17:46,Account 2,Vault Gold Forex, #XAUUSD SELL NOW 4199   SL :#see in channal   TP: #see in channal   https://t.me/+eEV0YdYcLhExZTY8 https://t.me/+eEV0YdYcLhExZTY8  LINK EXPIRE IN 5 M...,SELL GOLD @ 4199.0,FAILED,MT5 execution failed — check broker logs,3329
2026-09-30 14:18:23,Account 1,"Mr.DAVID, XAU/USD CLUB",XAUUSD 550+Pips up,SELL GOLD @ 550.0,REJECTED,SL too wide: 3508.00 > 10.35 (1.5x ATR=6.90). Max risk exceeded.,3330
2026-09-30 14:19:57,Account 2,JOSEFINA TRADER0🎖, XAUUSD SELL. 4188-4186 I will delete the link after two minutes   https://t.me/+dMLuBjjZ6hpmZWRk  600+ PIPS TARGET ,SELL GOLD @ 4188.0,REJECTED,"R:R too low: 1.00x (need >= 1.5x). TP=4186.00, SL dist=2.00",3331
2026-09-30 14:21:51,Account 2,Vault Gold Forex,Gold Buy @ 4136 Sl: @ 4126 TP: @ 4146 lot size 0.11 Confirm 99% https://t.me/+ysp2VUkbtBhkNTA0,BUY GOLD @ 4136.0,REJECTED,"R:R too low: 1.00x (need >= 1.5x). TP=4146.00, SL dist=10.00",3332
2026-09-30 14:22:06,Account 2,JOSEFINA TRADER0🎖, #XAUUSD SELL NOW 4199   SL :#see in channal   TP: #see in channal   https://t.me/+1kS_InE0hogzMTQ0 https://t.me/+1kS_InE0hogzMTQ0  LINK EXPIRE IN 5 M...,SELL GOLD @ 4199.0,FAILED,MT5 execution failed — check broker logs,3333
2026-09-30 14:29:48,Account 2,Vault Gold Forex,Gold Buy @ 4136 Sl: @ 4126 TP: @ 4146 lot size 0.11 Confirm 99% https://t.me/+ysp2VUkbtBhkNTA0,BUY GOLD @ 4136.0,REJECTED,"R:R too low: 1.00x (need >= 1.5x). TP=4146.00, SL dist=10.00",3334
2026-09-30 14:36:37,Account 2,PipXpert - Forex Signals,XAU/USD  Direction: BUY  Entry Price:  4193.00  TP1       4196.00 TP2       4208.00 TP3       4223.00  SL        4174.00,BUY GOLD @ 4193.0,REJECTED,SL too wide: 19.00 > 10.55 (1.5x ATR=7.03). Max risk exceeded.,3335
2026-09-30 14:37:15,Account 2,PipXpert - Forex Signals, XAU/USD Market Alert   Current market bias: Bullish  Pair: XAU/USD  Timeframes reviewed: 30M / 1H / 5H   Key reaction zone: 4193.00   This is the are...,SELL GOLD @ 4193.0,FAILED,MT5 execution failed — check broker logs,3336
2026-09-30 14:42:10,Account 2,Swich Gold Forex™,GOLD / XAUUSD BIG SIGNAL   TARGET 200 PIPS  SL TP .   https://t.me/+8tA46f6LExQyMDE0 https://t.me/+8tA46f6LExQyMDE0,SELL GOLD @ 4068.0,REJECTED,SL too wide: 15.00 > 11.00 (1.5x ATR=7.33). Max risk exceeded.,3337
2026-09-30 14:50:50,Account 2,Swich Gold Forex™,XAUUSD BUY 4187  TP 4190 TP 4193 TP 4196 TP 4199  SL 4176,BUY GOLD @ 4187.0,REJECTED,SL too wide: 11.00 > 10.59 (1.5x ATR=7.06). Max risk exceeded.,3338
2026-09-30 14:52:11,Account 2,Swich Gold Forex™,GOLD / XAUUSD  BIG SIGNAL  TARGET 300 PIPS  SL TP ,SELL GOLD @ 4068.0,REJECTED,SL too wide: 15.00 > 10.67 (1.5x ATR=7.12). Max risk exceeded.,3339
2026-09-30 14:52:27,Account 2,Grade Profit forex,#XAUUSD SELL 4188  BIG  TP 4177 TP 4168 TP 4156 TP 4149 TP 4135    SL In Chanel Click To See      3    https://t.me/+rqRzFZE5U5phOTdk https://t.me/+rq...,SELL EURUSD @ 4188,REJECTED,Gold Lock: Symbol 'EURUSD' rejected. Gold only.,3340
2026-09-30 14:56:27,Account 2,Vault Gold Forex,#XAUUSD SELL 4188  BIG  TP 4177 TP 4168 TP 4156 TP 4149 TP 4135    SL In Chanel Click To See      3    https://t.me/+rqRzFZE5U5phOTdk https://t.me/+rq...,SELL EURUSD @ 4188,REJECTED,Gold Lock: Symbol 'EURUSD' rejected. Gold only.,3341
2026-09-30 15:24:06,Account 2,Vault Gold Forex,#XAUUSD SELL 4188  BIG  TP 4177 TP 4168 TP 4156 TP 4149 TP 4135    SL In Chanel Click To See      3    https://t.me/+rqRzFZE5U5phOTdk https://t.me/+rq...,SELL EURUSD @ 4188,REJECTED,Gold Lock: Symbol 'EURUSD' rejected. Gold only.,3342
2026-09-30 15:24:18,Account 2,Vault Gold Forex, XAUUSDBUY         Click to see      https://t.me/+kwC34og-RN4yNGQ0 https://t.me/+DBBSFOmH5TQwMzk0,BUY GOLD @ 4041.0,FAILED,MT5 execution failed — check broker logs,3343
2026-09-30 15:34:09,Account 2,XAUUSD GOLO MASTER,#XAUUSDSELL NOW  Confirm Entry Target 300+ pips Sl ------------ TP ------------ See at  channel   https://t.me/+g-Lr-cukypRjMTU0,SELL GOLD @ 3000.0,REJECTED,SL too wide: 1058.00 > 10.40 (1.5x ATR=6.93). Max risk exceeded.,3344
2026-09-30 15:41:12,Account 2,Market Trader Crypto Forex,GOLD  BUY - 4185  SL -  90 PIPS   TARGET - 200 PIPS    👇👇 https://affs.click/xnqPA PATNER CODE (663W,"BUY GOLD @ 4187.75 (SL: 4178.75, TP: 4207.75)",BUY,GOLD,4187.75,4178.75,4207.75,SUCCESS,Executed Market Trader Setup
2026-09-30 15:42:24,Account 2,Vault Gold Forex,GOLD NOW 4181_4191  PLEASE don't SHARE this link  once you join   https://t.me/+gljMhFVwmDEzMzg0  ITS A SECRET,SELL GOLD @ 4181.0,FAILED,MT5 execution failed — check broker logs,3346
2026-09-30 15:44:25,Account 2,XAUUSD GOLO MASTER,XAUUSD live signals strategy  1000% Confirm Trade   1500+ pips Target   8.8k ,SELL GOLD @ 4068.0,REJECTED,SL too wide: 15.00 > 10.52 (1.5x ATR=7.01). Max risk exceeded.,3347
2026-09-30 15:47:28,Account 2,XAUUSD GOLO MASTER,XAUUSD gold 4197 I will delete the link After two minutes   https://t.me/+CMCsuzK5XC5lNjVk https://t.me/+CMCsuzK5XC5lNjVk   500+ PIPS TARGET ,SELL GOLD @ 4197.0,FAILED,MT5 execution failed — check broker logs,3348
2026-09-30 15:49:07,Account 2,XAUUSD GOLO MASTER, XAUUSD SELL        Click to see    https://t.me/+07hPd3q8Di5jYzg0 https://t.me/+07hPd3q8Di5jYzg0  https://t.me/+C42cyGRpx2swYzQ0,SELL GOLD @ 4047.0,REJECTED,SL too wide: 11.00 > 9.22 (1.5x ATR=6.15). Max risk exceeded.,3349
2026-09-30 15:50:13,Account 2,XAUUSD GOLO MASTER,Gold Buy @ 4136 Sl: @ 4126 TP: @ 4146 lot size 0.11 Confirm 99% https://t.me/+ysp2VUkbtBhkNTA0,BUY GOLD @ 4136.0,REJECTED,SL too wide: 10.00 > 9.28 (1.5x ATR=6.18). Max risk exceeded.,3350
2026-09-30 16:03:19,Account 2,XAUUSD GOLO MASTER, XAUUSD BUY         Click to see     https://t.me/+KkunQU3cswM2MDlk https://t.me/+KkunQU3cswM2MDlk,BUY GOLD @ None,FAILED,MT5 execution failed — check broker logs,3351
2026-09-30 16:04:31,Account 2,Market Trader Crypto Forex,GOLD 4185 TO 4190  50 PIPS DONE 🧿🥂  SL CTC KAR DIJIYE,"MODIFY_BREAKEVEN GOLD @ 0 (SL: 0, TP: 0)",MODIFY_BREAKEVEN,GOLD,0,0,0,SUCCESS,"SL moved to entry, closed 40%"
2026-09-30 16:17:16,Account 2,Vault Gold Forex, #XAUUSD SELL NOW 4199   SL :#see in channal   TP: #see in channal   https://t.me/+eEV0YdYcLhExZTY8 https://t.me/+eEV0YdYcLhExZTY8  LINK EXPIRE IN 5 M...,SELL GOLD @ 4199.0,FAILED,MT5 execution failed — check broker logs,3353
2026-09-30 16:19:18,Account 2,Market Trader Crypto Forex,GBPCAD Short Trade   👇👇👇👇  https://affs.click/xnqPA PATNER CODE (663WF),"SELL GBPCAD @ 1.88441 (SL: 1.88741, TP: 1.87941)",SELL,GBPCAD,1.88441,1.88741,1.87941,SUCCESS,Executed Market Trader Setup
2026-09-30 16:22:21,Account 2,Vault Gold Forex,XAUUSD gold 4380_4190 I will delete the link after two minutes   https://t.me/+WRdm5XdhF2U3OWI0 https://t.me/+WRdm5XdhF2U3OWI0   600+ PIPS TARGET ,SELL GOLD @ 4190.0,REJECTED,SL too wide: 190.00 > 8.86 (1.5x ATR=5.91). Max risk exceeded.,3355
2026-09-30 16:25:18,Account 2,Vault Gold Forex,Gold Buy @ 4136 Sl: @ 4126 TP: @ 4146 lot size 0.11 Confirm 99% https://t.me/+ysp2VUkbtBhkNTA0,BUY GOLD @ 4136.0,REJECTED,SL too wide: 10.00 > 8.92 (1.5x ATR=5.95). Max risk exceeded.,3356
2026-09-30 16:30:25,Account 2,XAUUSD GOLO MASTER, XAUUSD SELL        Click to see    https://t.me/+07hPd3q8Di5jYzg0 https://t.me/+07hPd3q8Di5jYzg0  https://t.me/+C42cyGRpx2swYzQ0,SELL GOLD @ 4047.0,REJECTED,SL too wide: 11.00 > 8.25 (1.5x ATR=5.50). Max risk exceeded.,3357
2026-09-30 16:33:24,Account 1,"Mr.DAVID, XAU/USD CLUB",XAUUSD  BUY  ENTR. 4185.4181 tp1:4190 tp2 4196 tp3 4200 tp4 4208 tp5 4220 SL: 4170,BUY GOLD @ 4185.4181,REJECTED,SL too wide: 15.42 > 8.32 (1.5x ATR=5.55). Max risk exceeded.,3358
2026-09-30 16:36:37,Account 2,Swich Gold Forex™, XAUUSD SELL. 4200-4198 I will delete the link after two minutes   https://t.me/+Rp2ILbounKg1YmRk  600+ PIPS TARGET ,SELL GOLD @ 4200.0,REJECTED,"R:R too low: 0.00x (need >= 1.5x). TP=4200.00, SL dist=2.00",3359
2026-09-30 16:40:02,Account 2,Sureshot FX VIP,NZDJPY BUY 88.75  SL:  88.25 TP:  89.75 --Trade by David,BUY NZDJPY @ 88.75,REJECTED,Gold Lock: Symbol 'NZDJPY' rejected. Gold only.,3360
2026-09-30 16:43:28,Account 2,Market Trader Crypto Forex,GBPCAD sl ctc kar lijiye and Book 50% Profit.,"MODIFY_BREAKEVEN GBPCAD @ 0 (SL: 0, TP: 0)",MODIFY_BREAKEVEN,GBPCAD,0,0,0,SUCCESS,"SL moved to entry, closed 50%"
2026-09-30 16:44:30,Account 1,Scalping Gold," XAUUSD Structure Mapping (1H) Gold is recovering off the 4,113 low, currently testing the 0.382 retracement zone (4,184) as price attempts a correcti...",SELL GOLD @ 4184.0,REJECTED,SL too wide: 126.00 > 8.83 (1.5x ATR=5.89). Max risk exceeded.,3362
2026-09-30 16:48:33,Account 2,Vault Gold Forex,Gold Buy @ 4136 Sl: @ 4126 TP: @ 4146 lot size 0.11 Confirm 99% https://t.me/+ysp2VUkbtBhkNTA0,BUY GOLD @ 4136.0,REJECTED,SL too wide: 10.00 > 8.45 (1.5x ATR=5.63). Max risk exceeded.,3363
2026-09-30 16:49:02,Account 1,XAUUSD ACCURATE SiGNALS,Gold buy entry 4178/73   Sl 4165  Tp 4185 Tp 4195 Tp 4200/4205/4215/4285/opn   @Proazam1978   @Proazam1978,BUY GOLD @ 4178.0,REJECTED,SL too wide: 13.00 > 8.45 (1.5x ATR=5.63). Max risk exceeded.,3364
2026-09-30 16:58:00,Account 2,Sureshot FX VIP,NZDUSD BUY 0.5649  SL:  0.5599 TP:  0.5749 --Trade by Flynn,BUY NZDUSD @ 0.5649,REJECTED,Gold Lock: Symbol 'NZDUSD' rejected. Gold only.,3365
2026-09-30 17:12:33,Account 2,Vault Gold Forex, #XAUUSD SELL NOW 4199   SL :#see in channal   TP: #see in channal   https://t.me/+eEV0YdYcLhExZTY8 https://t.me/+eEV0YdYcLhExZTY8  LINK EXPIRE IN 5 M...,SELL GOLD @ 4199.0,FAILED,MT5 execution failed — check broker logs,3366
2026-09-30 17:21:05,Account 2,𝐆𝐨𝐥𝐝 𝐒𝐢𝐠𝐧𝐚𝐥𝐬 𝐒𝐞𝐫𝐯𝐢𝐜𝐞™,#XAUUSD SELL NOW 4186/4190  TP. 4182 TP. 4178 TP. 4174 TP. 4165 SL. 4200,SELL GOLD @ 4186.0,REJECTED,SL too wide: 14.00 > 9.24 (1.5x ATR=6.16). Max risk exceeded.,3367
2026-09-30 17:32:00,Account 2,XAUUSD GOLO MASTER,GOLD NOW 4185 4195  PLEASE don't SHARE this link  once you join  https://t.me/+syW1-sOtKPNhNmY0 https://t.me/+syW1-sOtKPNhNmY0 ITS A SECRET,SELL GOLD @ 4185.0,REJECTED,SL too wide: 10.00 > 9.01 (1.5x ATR=6.01). Max risk exceeded.,3368
2026-09-30 17:33:35,Account 2,Perfect Management,XAUUSD          BUY  TP¹ HIT DONE 40+ PIPS,"TP1_HIT GOLD @ 0 (SL: 0, TP: 0)",TP1_HIT,GOLD,0,0,0,SUCCESS,TP1 Hit -> Kept SL Fixed for TP2
2026-09-30 17:37:01,Account 2,Vault Gold Forex, #XAUUSD SELL NOW 4199   SL :#see in channal   TP: #see in channal   https://t.me/+eEV0YdYcLhExZTY8 https://t.me/+eEV0YdYcLhExZTY8  LINK EXPIRE IN 5 M...,SELL GOLD @ 4199.0,FAILED,MT5 execution failed — check broker logs,3370
2026-09-30 17:47:33,Account 2,XAU DIAMOND FX,XAUUSD BUY 4191 4188  TP 4193 TP 4195 TP 4197 TP 4200 Tp. 4210 SL 4178,BUY GOLD @ 4191.0,REJECTED,SL too wide: 13.00 > 9.35 (1.5x ATR=6.24). Max risk exceeded.,3371
2026-09-30 17:56:56,Account 2,XAUUSD GOLO MASTER,XAUUSD SURE CALL ,SELL GOLD @ 4047.0,REJECTED,SL too wide: 11.00 > 10.12 (1.5x ATR=6.75). Max risk exceeded.,3372
2026-09-30 17:57:19,Account 2,Vault Gold Forex, #XAUUSD SELL NOW 4199   SL :#see in channal   TP: #see in channal   https://t.me/+eEV0YdYcLhExZTY8 https://t.me/+eEV0YdYcLhExZTY8  LINK EXPIRE IN 5 M...,SELL GOLD @ 4199.0,FAILED,MT5 execution failed — check broker logs,3373
2026-09-30 18:02:00,Account 2,Gold VIP,PLAN A NEW TRADE IN GOLD ,BUY GOLD @ None,SUCCESS,Trade executed successfully on MT5,3374
2026-09-30 18:02:22,Account 2,XAUUSD GOLO MASTER,XAUUSD SURE CALL ,SELL GOLD @ 4047.0,REJECTED,"R:R too low: 0.27x (need >= 1.5x). TP=4044.00, SL dist=11.00",3375
2026-09-30 18:03:16,Account 2,GOLD Snipers, XAUUSD BUY BOOM BOOM RUNNING 350+ PIPS ,BUY GOLD @ 350,REJECTED,Price sanity fail: entry 350 is 91.7% from live 4212.84000,3376
2026-09-30 18:04:12,Account 1,𝐗𝐀𝐔𝐔𝐒𝐃 𝐕𝐈𝐏 𝐒𝐈𝐆𝐍𝐀𝐋𝐒,GOLD SELL NOW 4228,SELL GOLD @ 4228.0,SUCCESS,Trade executed successfully on MT5,3377
2026-09-30 18:04:47,Account 2,XAUUSD GOLO MASTER, XAUUSD SELL. 4200-4198 I will delete the link after two minutes   https://t.me/+Rp2ILbounKg1YmRk  600+ PIPS TARGET ,SELL GOLD @ 4200.0,REJECTED,"R:R too low: 0.00x (need >= 1.5x). TP=4200.00, SL dist=2.00",3378
2026-09-30 18:05:21,Account 1,𝐗𝐀𝐔𝐔𝐒𝐃 𝐕𝐈𝐏 𝐒𝐈𝐆𝐍𝐀𝐋𝐒,#GOLD SELL 4218/4222  TP 4203 TP 4198 TP 4190 TP 4170 Confim  SL 4230  Use According To Your Account Equity Leve,SELL GOLD @ 4218.0,REJECTED,"R:R too low: 1.25x (need >= 1.5x). TP=4203.00, SL dist=12.00",3379
2026-09-30 18:06:02,Account 2,Vault Gold Forex, #XAUUSD SELL NOW 4199   SL :#see in channal   TP: #see in channal   https://t.me/+eEV0YdYcLhExZTY8 https://t.me/+eEV0YdYcLhExZTY8  LINK EXPIRE IN 5 M...,SELL GOLD @ 4199.0,SUCCESS,Trade executed successfully on MT5,3380
2026-09-30 18:13:20,Account 2,Vault Gold Forex,Gold Buy @ 4136 Sl: @ 4126 TP: @ 4146 lot size 0.11 Confirm 99% https://t.me/+ysp2VUkbtBhkNTA0,BUY GOLD @ 4136.0,REJECTED,"R:R too low: 1.00x (need >= 1.5x). TP=4146.00, SL dist=10.00",3381
2026-09-30 18:16:06,Account 2,XAUUSD GOLO MASTER, #XAUUSD SELL NOW 4199   SL :#see in channal   TP: #see in channal   https://t.me/+eEV0YdYcLhExZTY8 https://t.me/+eEV0YdYcLhExZTY8  LINK EXPIRE IN 5 M...,SELL GOLD @ 4199.0,SUCCESS,Trade executed successfully on MT5,3382
2026-09-30 18:17:25,Account 2,Perfect Management,XAUUSD          BUY  TP² HIT DONE 80+ PIPS,"TP2_HIT GOLD @ 0 (SL: 0, TP: 0)",TP2_HIT,GOLD,0,0,0,NO_OPEN_ORDER,TP2 Hit -> Put TSL at TP2 + 10-pip trail
2026-09-30 18:21:35,Account 2,Perfect Management,#XAUUSD          BUY  All TP⁶ HIT DONE 240+ PIPS,"BOOK_PROFIT_80% GOLD @ 0 (SL: 0, TP: 0)",BOOK_PROFIT_80%,GOLD,0,0,0,NO_OPEN_ORDER,All TPs hit -> Booked 80%
2026-09-30 18:22:36,Account 2,🌕 PERO | Forex - Investing ™,"US data came in mixed - ADP and GDP beat expectations, while Core PCE came in softer. Gold spiked higher as the market absorbed the conflicting signal...",SELL EURUSD @ 42114213.0,REJECTED,Gold Lock: Symbol 'EURUSD' rejected. Gold only.,3385
2026-09-30 18:30:50,Account 1,XAU MARKET INSIGHT,"XAU/USD Latest Signal  BUY 4191 - 4189  Take Profit : 4197 Take Profit : 4206 Take Profit : 4220   Stoploss : 4185  "" My analysis ""  FVG Rebalance: Th...",BUY GOLD @ 4191,REJECTED,"R:R too low: 1.00x (need >= 1.5x). TP=4197.00, SL dist=6.00",3386
2026-09-30 18:32:55,Account 2,XAUUSD GOLO MASTER, #XAUUSD SELL NOW 4220   SL :#see in channal   TP: #see in channal   https://t.me/+eEV0YdYcLhExZTY8 https://t.me/+eEV0YdYcLhExZTY8  LINK EXPIRE IN 5 M...,SELL GOLD @ 4220.0,SUCCESS,Trade executed successfully on MT5,3387
2026-09-30 18:33:21,Account 2,XAUUSD GOLO MASTER,XAUUSD gold 4207 I will delete the link After two minutes   https://t.me/+CMCsuzK5XC5lNjVk https://t.me/+CMCsuzK5XC5lNjVk   500+ PIPS TARGET ,SELL GOLD @ 4207.0,SUCCESS,Trade executed successfully on MT5,3388
2026-09-30 18:33:34,Account 2,XAUUSD GOLO MASTER,Gold Buy @ 4192 Sl: @ 4182 TP: @ 4202 lot size 0.11 Confirm 99% https://t.me/+IaTRIjAjFzNjNDY8 https://t.me/+IaTRIjAjFzNjNDY8,BUY GOLD @ 4192.0,REJECTED,"R:R too low: 1.00x (need >= 1.5x). TP=4202.00, SL dist=10.00",3389
2026-09-30 19:00:42,Account 2,Sureshot FX VIP,AUDUSD BUY 0.6964  SL:  0.6914 TP:  0.7064 --Trade by David,BUY AUDUSD @ 0.6964,REJECTED,Gold Lock: Symbol 'AUDUSD' rejected. Gold only.,3390
2026-09-30 19:05:17,Account 2,XAUUSD GOLO MASTER,#XAUUSDSELL NOW  Confirm Entry Target 300+ pips Sl ------------ TP ------------ See at  channel  https://t.me/+6Z0lD_X-y48xNmE0 https://t.me/+6Z0lD_X-...,SELL EURUSD @ 3000.0,REJECTED,Gold Lock: Symbol 'EURUSD' rejected. Gold only.,3391
2026-09-30 19:16:24,Account 1,Pump Dump Gold,"US Chicago PMI Actual 58.8 (Forecast 51, Previous 47.1)  XAUUSD Trading Lower to 4180",SELL GOLD @ 4180.0,SUCCESS,Trade executed successfully on MT5,3392
2026-09-30 19:18:13,Account 2,SureShot GOLD (VIP),XAUUSD BUY 4180.5  SL:  4170.5 TP:  4200.5 --Trade by Mark,BUY GOLD @ 4180.5,FAILED,MT5 execution failed — check broker logs,3393
2026-09-30 19:19:34,Account 2,𝐗𝐀𝐔𝐔𝐒𝐃 𝐓𝐑𝐀𝐃𝐈𝐍𝐆 𝐌𝐀𝐒𝐓𝐄𝐑, XAUUSD BUY : 4177-4174  TP : 4180 TP : 4183 TP : 4186 TP : 4189 TP : 4192_OPEN   SL : 4168  Use Proper Money Management. ,BUY GOLD @ 4177.0,REJECTED,"R:R too low: 0.33x (need >= 1.5x). TP=4180.00, SL dist=9.00",3394
2026-09-30 19:21:48,Account 2,JOSEFINA TRADER0🎖,XAUUSD SELL 4180,SELL GOLD @ 4180.0,FAILED,MT5 execution failed — check broker logs,3395
2026-09-30 19:22:27,Account 2,𝐆𝐨𝐥𝐝 𝐒𝐢𝐠𝐧𝐚𝐥𝐬 𝐒𝐞𝐫𝐯𝐢𝐜𝐞™,#XAUUSD BUY NOW 4180/4176  TP. 4183 TP. 4186 TP. 4189 TP. 4200 SL. 4170,SELL GOLD @ 4047.0,REJECTED,"R:R too low: 0.27x (need >= 1.5x). TP=4044.00, SL dist=11.00",3396
2026-09-30 19:23:22,Account 2,JOSEFINA TRADER0🎖,XAUUSD SELL 4180 TP 4177 TP 4174 TP 4171 TP 4168 TP 4165 SL 4191 Use proper risk management Guys,SELL GOLD @ 4180.0,REJECTED,"R:R too low: 0.27x (need >= 1.5x). TP=4177.00, SL dist=11.00",3397
2026-09-30 19:31:37,Account 2,SureShot GOLD (VIP),XAUUSD BUY 4176.59  SL:  4166.59 TP:  4196.59 --Trade by Mark,BUY GOLD @ 4176.59,FAILED,MT5 execution failed — check broker logs,3398
2026-09-30 19:34:42,Account 2,Sureshot FX VIP,AUDJPY BUY 109.12  SL:  108.62 TP:  110.12 --Trade by David,BUY AUDJPY @ 109.12,REJECTED,Gold Lock: Symbol 'AUDJPY' rejected. Gold only.,3399
2026-09-30 19:59:06,Account 2,Vault Gold Forex,#XAUUSD SELL 4188  BIG  TP 4177 TP 4168 TP 4156 TP 4149 TP 4135    SL In Chanel Click To See      3    https://t.me/+rqRzFZE5U5phOTdk https://t.me/+rq...,SELL EURUSD @ 4188,REJECTED,Gold Lock: Symbol 'EURUSD' rejected. Gold only.,3400
2026-09-30 20:00:45,Account 2,Sureshot FX 🎯,XAUUSD BUY 4176.59  SL:  4166.59 TP:  4196.59 --Trade by Mark,BUY GOLD @ 4176.59,FAILED,MT5 execution failed — check broker logs,3401
2026-09-30 20:09:57,Account 2,Perfect Management,XAUUSD     BUY    4170   Sl       4157  ¹TP      4174 ²TP      4178 ³TP      4182 ⁴TP      4186 ⁵TP ,"BUY GOLD @ 4168.38 (SL: 4157.0, TP: 4194.0)",BUY,GOLD,4168.38,4157.0,4194.0,SUCCESS,Executed with AI Runner TSL
2026-09-30 20:13:28,Account 2,𝐗𝐀𝐔𝐔𝐒𝐃 𝐓𝐑𝐀𝐃𝐈𝐍𝐆 𝐌𝐀𝐒𝐓𝐄𝐑, XAUUSD BUY : 4164-4161  TP : 4167 TP : 4170 TP : 4173 TP : 4176 TP : 4179_OPEN   SL : 4155  Use Proper Money Management. ,BUY GOLD @ 4161.0,REJECTED,"R:R too low: 1.00x (need >= 1.5x). TP=4167.00, SL dist=6.00",3403
2026-09-30 20:17:55,Account 2,Vault Gold Forex,XAUUSD SELL 4175/4178  TP 4172  TP 4169  TP 4166  TP 4163  TP 4160  SL 4185,SELL GOLD @ 4175.0,REJECTED,"R:R too low: 0.30x (need >= 1.5x). TP=4172.00, SL dist=10.00",3404
2026-09-30 20:19:11,Account 2,JOSEFINA TRADER0🎖,XAUUSD SELL 4175,SELL GOLD @ 4175.0,SUCCESS,Trade executed successfully on MT5,3405
2026-09-30 20:20:35,Account 2,JOSEFINA TRADER0🎖,XAUUSD SELL 4175 TP 4172 TP 4169 TP 4166 TP 4163 TP 4160 SL 4186 Use proper risk management Guys,SELL GOLD @ 4175.0,REJECTED,"R:R too low: 0.27x (need >= 1.5x). TP=4172.00, SL dist=11.00",3406
2026-09-30 20:35:09,Account 1,𝐗𝐀𝐔𝐔𝐒𝐃 𝐕𝐈𝐏 𝐒𝐈𝐆𝐍𝐀𝐋𝐒,#GOLD BUY 4162/4158  TP 4168 TP 4175 TP 4180 TP 4200 Confim  SL 4150  Use According To Your Account Equity Leve,BUY GOLD @ 4162.0,REJECTED,Macro Trend Filter: Counter-trend BUY from '𝐗𝐀𝐔𝐔𝐒𝐃 𝐕𝐈𝐏 𝐒𝐈𝐆𝐍𝐀𝐋𝐒' (Conviction=0.65) blocked during H1 BEARISH trend.,3407
2026-09-30 20:47:24,Account 2,JOSEFINA TRADER0🎖,XAUUSD SELL 4163,SELL GOLD @ 4163.0,SUCCESS,Trade executed successfully on MT5,3408
2026-09-30 20:49:00,Account 2,JOSEFINA TRADER0🎖,XAUUSD SELL 4163 TP 4160 TP 4157 TP 4154 TP 4151 TP 4148 SL 4174 Use proper risk management Guys,SELL GOLD @ 4163.0,REJECTED,"R:R too low: 0.27x (need >= 1.5x). TP=4160.00, SL dist=11.00",3409
2026-09-30 21:32:32,Account 2,Swich Gold Forex™,XAUUSD BUY 4154  TP 4157 TP 4160 TP 4163 TP 4166  SL 4144,BUY GOLD @ 4154.0,REJECTED,"R:R too low: 0.30x (need >= 1.5x). TP=4157.00, SL dist=10.00",3410
2026-09-30 21:37:44,Account 2,GOLD Trader Dan,And we did it again! 1/8 RR baby  XAUUSD SMASHED TP 640 PIPS ,SELL GOLD @ 640.0,REJECTED,Price sanity fail: entry 640.0 is 84.6% from live 4156.90000,3411
2026-09-30 21:42:00,Account 2,Market Trader Crypto Forex,GOLD  BUY - 4163  SL -  90 PIPS   TARGET - 200 PIPS    👇👇 https://affs.click/xnqPA PATNER CODE (663W,"BUY GOLD @ 4158.86 (SL: 4149.86, TP: 4178.86)",BUY,GOLD,4158.86,4149.86,4178.86,SUCCESS,Executed Market Trader Setup
2026-09-30 22:21:16,Account 2,JOSEFINA TRADER0🎖,XAUUSD SELL 4160,SELL GOLD @ 4160.0,SUCCESS,Trade executed successfully on MT5,3413
2026-09-30 22:21:57,Account 2,JOSEFINA TRADER0🎖,XAUUSD SELL 4160 TP 4157 TP 4154 TP 4151 TP 4148 TP 4145 SL 4171 Use proper risk management Guys,SELL GOLD @ 4160.0,REJECTED,"R:R too low: 0.27x (need >= 1.5x). TP=4157.00, SL dist=11.00",3414
2026-09-30 22:49:10,Account 1,𝐗𝐀𝐔𝐔𝐒𝐃 𝐕𝐈𝐏 𝐒𝐈𝐆𝐍𝐀𝐋𝐒,#GOLD BUY 4150/4145  TP 4155 TP 4160 TP 4175 TP 4190 Confim  SL 4137  Use According To Your Account Equity Leve,BUY GOLD @ 4150.0,REJECTED,Macro Trend Filter: Counter-trend BUY from '𝐗𝐀𝐔𝐔𝐒𝐃 𝐕𝐈𝐏 𝐒𝐈𝐆𝐍𝐀𝐋𝐒' (Conviction=0.65) blocked during H1 BEARISH trend.,3415
2026-09-30 23:43:06,Account 2,Swich Gold Forex™,Gold Buy @ 4150 Sl: @ 4140 TP: @ 4160 lot size 0.11 Confirm 99% https://t.me/+tNEcPugUo_Q5ZWE1,BUY GOLD @ 4150.0,REJECTED,"R:R too low: 1.00x (need >= 1.5x). TP=4160.00, SL dist=10.00",3416
2026-10-01 03:34:16,Account 2,GOLD Snipers,S2 XAUUSD SMASH / TPS 330 PIPS!,BUY GOLD @ None,REJECTED,Macro Trend Filter: Counter-trend BUY from 'GOLD Snipers' (Conviction=0.65) blocked during H1 BEARISH trend.,3417
2026-10-01 03:34:27,Account 2,GOLD Snipers,S1XAUUSD SMASH / TPS 100 PIPS!,SMASH GOLD @ None,FAILED,MT5 execution failed — check broker logs,3418
2026-10-01 05:08:19,Account 2,JOSEFINA TRADER0🎖,XAUUSD BUY 4153,BUY GOLD @ 4153.0,SUCCESS,Trade executed successfully on MT5,3419
2026-10-01 05:12:42,Account 2,JOSEFINA TRADER0🎖,XAUUSD BUY 4153 TP 4156 TP 4159 TP 4163 TP 4166 TP 4169 SL 4142 Use proper risk management Guys,BUY GOLD @ 4153.0,REJECTED,SL too wide: 11.00 > 5.82 (1.5x ATR=3.88). Max risk exceeded.,3420
2026-10-01 05:59:31,Account 2,𝐆𝐨𝐥𝐝 𝐒𝐢𝐠𝐧𝐚𝐥𝐬 𝐒𝐞𝐫𝐯𝐢𝐜𝐞™,#XAUUSD BUY NOW 4142/4140  TP. 4145 TP. 4148 TP. 4151 TP. 4165 SL. 4132,SELL GOLD @ 4047.0,REJECTED,SL too wide: 11.00 > 5.88 (1.5x ATR=3.92). Max risk exceeded.,3421
2026-10-01 06:17:41,Account 2,JOSEFINA TRADER0🎖,XAUUSD BUY 4143,BUY GOLD @ 4143.0,SUCCESS,Trade executed successfully on MT5,3422
2026-10-01 06:18:49,Account 2,JOSEFINA TRADER0🎖,XAUUSD BUY 4143 TP 4146 TP 4149 TP 4152 TP 4155 TP 4158 SL 4132 Use proper risk management Guys,BUY GOLD @ 4143.0,REJECTED,SL too wide: 11.00 > 5.85 (1.5x ATR=3.90). Max risk exceeded.,3423
2026-10-01 06:25:18,Account 2,Perfect Management,XAUUSD     BUY    4151   Sl       4141  ¹TP      4155 ²TP      4159 ³TP      4163 ⁴TP      4167 ⁵TP ,"BUY GOLD @ 4142.89 (SL: 4139.39, TP: 4175.0)",BUY,GOLD,4142.89,4139.39,4175.0,SUCCESS,Executed with AI Runner TSL
2026-10-01 06:28:50,Account 2,Market Trader Crypto Forex,GBPNZD Short Trade   👇👇👇👇  https://affs.click/xnqPA PATNER CODE (663WF),"SELL GBPNZD @ 2.35426 (SL: 2.35776, TP: 2.34826)",SELL,GBPNZD,2.35426,2.35776,2.34826,SUCCESS,Executed Market Trader Setup
2026-10-01 06:49:16,Account 2,JOSEFINA TRADER0🎖,XAUUSD BUY 4160,BUY GOLD @ 4160.0,SUCCESS,Trade executed successfully on MT5,3426
2026-10-01 06:50:18,Account 2,JOSEFINA TRADER0🎖,XAUUSD BUY 4160 TP 4163 TP 4166 TP 4169 TP 4172 TP 4175 SL 4149 Use proper risk management Guys,BUY GOLD @ 4160.0,REJECTED,SL too wide: 11.00 > 7.80 (1.5x ATR=5.20). Max risk exceeded.,3427
2026-10-01 06:51:09,Account 2,RIAOGOLDFOREX,XAUUSD BUY 4160,BUY GOLD @ 4160.0,REJECTED,Macro Trend Filter: Counter-trend BUY from 'RIAOGOLDFOREX' (Conviction=0.45) blocked during H1 BEARISH trend.,3428
2026-10-01 06:51:35,Account 2,Vault Gold Forex,XAUUSD SELL 4165/4168  TP 4162  TP 4159  TP 4156  TP 4153  TP 4150  SL 4175,SELL GOLD @ 4165.0,REJECTED,SL too wide: 10.00 > 7.87 (1.5x ATR=5.25). Max risk exceeded.,3429
2026-10-01 06:51:57,Account 2,RIAOGOLDFOREX,XAUUSD BUY 4160  TP 4163  TP 4166  TP 4169  TP 4172  TP 4175  TP 4178  SL 4149,BUY GOLD @ 4160.0,REJECTED,Macro Trend Filter: Counter-trend BUY from 'RIAOGOLDFOREX' (Conviction=0.45) blocked during H1 BEARISH trend.,3430
2026-10-01 07:01:06,Account 2,RIAOGOLDFOREX,Gold Buy @ 4136 Sl: @ 4126 TP: @ 4146 lot size 0.11 Confirm 99% https://t.me/+ysp2VUkbtBhkNTA0,BUY GOLD @ 4136.0,REJECTED,Macro Trend Filter: Counter-trend BUY from 'RIAOGOLDFOREX' (Conviction=0.45) blocked during H1 BEARISH trend.,3431
2026-10-01 07:10:30,Account 2,THE FOREX BLUEPRINT,XAUUSD BUY 4160,BUY GOLD @ 4160.0,REJECTED,Macro Trend Filter: Counter-trend BUY from 'THE FOREX BLUEPRINT' (Conviction=0.65) blocked during H1 BEARISH trend.,3432
2026-10-01 07:11:16,Account 2,THE FOREX BLUEPRINT, GOLD BUY NOW ZONE 41-60  41-55  TP1  41-65 TP2 41-70 TP3  41-75 TP4 41-80 TP5. 41-85 TP6.. 41-90   SL  :41-48  Everybody Use according to Money Manag...,BUY GOLD @ 41.0,REJECTED,Macro Trend Filter: Counter-trend BUY from 'THE FOREX BLUEPRINT' (Conviction=0.65) blocked during H1 BEARISH trend.,3433
2026-10-01 07:12:50,Account 2,RIAOGOLDFOREX,GOLD BUY NOW        SL  TP  HERE,BUY GOLD @ None,REJECTED,Macro Trend Filter: Counter-trend BUY from 'RIAOGOLDFOREX' (Conviction=0.45) blocked during H1 BEARISH trend.,3434
2026-10-01 07:19:10,Account 2,RIAOGOLDFOREX,Gold Buy @ 4136 Sl: @ 4126 TP: @ 4146 lot size 0.11 Confirm 99% https://t.me/+ysp2VUkbtBhkNTA0,BUY GOLD @ 4136.0,REJECTED,Macro Trend Filter: Counter-trend BUY from 'RIAOGOLDFOREX' (Conviction=0.45) blocked during H1 BEARISH trend.,3435
2026-10-01 07:21:07,Account 2,RIAOGOLDFOREX,XAUUSD BUY confirm,BUY GOLD @ 4053.0,REJECTED,Macro Trend Filter: Counter-trend BUY from 'RIAOGOLDFOREX' (Conviction=0.45) blocked during H1 BEARISH trend.,3436
2026-10-01 07:26:50,Account 2,RIAOGOLDFOREX,XAUUSD live signals strategy  1000% Confirm Trade   1500+ pips Target   8.8k ,SELL GOLD @ 4068.0,REJECTED,SL too wide: 15.00 > 7.89 (1.5x ATR=5.26). Max risk exceeded.,3437
2026-10-01 07:27:08,Account 2,RIAOGOLDFOREX,GOLD BUY NOW        SL  TP  HERE,BUY GOLD @ None,REJECTED,Macro Trend Filter: Counter-trend BUY from 'RIAOGOLDFOREX' (Conviction=0.45) blocked during H1 BEARISH trend.,3438
2026-10-01 07:31:55,Account 2,XAUUSD GOLO MASTER,#GOLDSELL 4164-4167  TP 4160 TP 4156 TP 4150 TP 4146 TP 4140  SL4177,SELL GOLD @ 4164.0,REJECTED,SL too wide: 13.00 > 8.30 (1.5x ATR=5.53). Max risk exceeded.,3439
2026-10-01 07:38:20,Account 2,RIAOGOLDFOREX,XAUUSD live signals strategy  1000% Confirm Trade   1500+ pips Target   8.8k ,SELL GOLD @ 4068.0,REJECTED,SL too wide: 15.00 > 8.72 (1.5x ATR=5.81). Max risk exceeded.,3440
2026-10-01 07:39:28,Account 2,RIAOGOLDFOREX,XAUUSD BUY confirm,BUY GOLD @ 4053.0,REJECTED,Macro Trend Filter: Counter-trend BUY from 'RIAOGOLDFOREX' (Conviction=0.45) blocked during H1 BEARISH trend.,3441
2026-10-01 07:40:29,Account 1,DUBAI CAPITAL FX GROUP 3,GOLD SELL 4158 MORE SELL 4163  TP 4155 TP 4152 TP 4149 TP 4146 TP 4143 TP 4140 TP 4137 TP 4134  SL_4173,SELL GOLD @ 4158.0,REJECTED,SL too wide: 15.00 > 8.72 (1.5x ATR=5.81). Max risk exceeded.,3442
2026-10-01 07:43:15,Account 2,𝐗𝐀𝐔𝐔𝐒𝐃 𝐓𝐑𝐀𝐃𝐈𝐍𝐆 𝐌𝐀𝐒𝐓𝐄𝐑,XAUUSD BUY NOW 4151-4148  TP1 4154 TP2 4157 TP3 4160 TP4 4163 TP5 4166 TP6 4169 TP7 4172   SL4142 use Proper money management,BUY GOLD @ 4151.0,REJECTED,Macro Trend Filter: Counter-trend BUY from '𝐗𝐀𝐔𝐔𝐒𝐃 𝐓𝐑𝐀𝐃𝐈𝐍𝐆 𝐌𝐀𝐒𝐓𝐄𝐑' (Conviction=0.65) blocked during H1 BEARISH trend.,3443
2026-10-01 07:49:14,Account 2,RIAOGOLDFOREX,XAUUSD live signals strategy  1000% Confirm Trade   1500+ pips Target   8.8k ,SELL GOLD @ 4068.0,REJECTED,SL too wide: 15.00 > 9.03 (1.5x ATR=6.02). Max risk exceeded.,3444
2026-10-01 07:55:26,Account 2,RIAOGOLDFOREX, GOLD SELL NOW   TP  TP  SL     3    https://t.me/+I8DdYRf4c5pmNTE0 https://t.me/+I8DdYRf4c5pmNTE0,SELL GOLD @ None,SUCCESS,Trade executed successfully on MT5,3445
2026-10-01 07:55:43,Account 2,RIAOGOLDFOREX,XAUUSD BUY                 Click to see     https://t.me/+nLP4ceUUsiBhODg0  https://t.me/+J37hQVD_RQY0NDlk,BUY GOLD @ 4041.0,REJECTED,Macro Trend Filter: Counter-trend BUY from 'RIAOGOLDFOREX' (Conviction=0.45) blocked during H1 BEARISH trend.,3446
2026-10-01 08:03:38,Account 2,Perfect Management,XAUUSD          BUY  TP¹ HIT DONE 40+ PIPS,"TP1_HIT GOLD @ 0 (SL: 0, TP: 0)",TP1_HIT,GOLD,0,0,0,SUCCESS,TP1 Hit -> Kept SL Fixed for TP2
2026-10-01 08:42:58,Account 2,Grade Profit forex,XAUUSD BUY 4165  TP 4168 TP 4171 TP 4174 TP 4177 TP 4180  SL 4155,BUY GOLD @ 4165.0,REJECTED,Macro Trend Filter: Counter-trend BUY from 'Grade Profit forex' (Conviction=0.65) blocked during H1 BEARISH trend.,3448
2026-10-01 08:49:03,Account 2,Market Trader Crypto Forex,60 Pips running sl ctc kar lijiye,"MODIFY_BREAKEVEN ALL @ 0 (SL: 0, TP: 0)",MODIFY_BREAKEVEN,ALL,0,0,0,NO_OPEN_ORDER,"SL moved to entry, closed 40%"
2026-10-01 08:52:20,Account 2,Vault Gold Forex,#XAUUSD SELL 4188  BIG  TP 4177 TP 4168 TP 4156 TP 4149 TP 4135    SL In Chanel Click To See      3    https://t.me/+rqRzFZE5U5phOTdk https://t.me/+rq...,SELL EURUSD @ 4188,REJECTED,Gold Lock: Symbol 'EURUSD' rejected. Gold only.,3450
2026-10-01 08:52:47,Account 2,Vault Gold Forex,Gold Buy @ 4136 Sl: @ 4126 TP: @ 4146 lot size 0.11 Confirm 99% https://t.me/+ysp2VUkbtBhkNTA0,BUY GOLD @ 4136.0,REJECTED,Macro Trend Filter: Counter-trend BUY from 'Vault Gold Forex' (Conviction=0.55) blocked during H1 BEARISH trend.,3451
2026-10-01 08:56:26,Account 2,Perfect Management,XAUUSD          BUY  TP² HIT DONE 80+ PIPS,"TP2_HIT GOLD @ 0 (SL: 0, TP: 0)",TP2_HIT,GOLD,0,0,0,NO_OPEN_ORDER,TP2 Hit -> Put TSL at TP2 + 10-pip trail
2026-10-01 09:26:22,Account 2,Vault Gold Forex,XAUUSD BUY confirm,BUY GOLD @ 4053.0,REJECTED,Macro Trend Filter: Counter-trend BUY from 'Vault Gold Forex' (Conviction=0.55) blocked during H1 BEARISH trend.,3453
2026-10-01 09:31:58,Account 2,Market Trader Crypto Forex,Gold 140 Pips Running. Sl ctc kar lijiye and Book 80% Profit.,"MODIFY_BREAKEVEN GOLD @ 0 (SL: 0, TP: 0)",MODIFY_BREAKEVEN,GOLD,0,0,0,NO_OPEN_ORDER,"SL moved to entry, closed 80%"
2026-10-01 09:32:41,Account 2,🌕 PERO | Forex - Investing ™,"PERO TREND FORECAST  Gold is recovering from the 41524156 support area after the sharp rejection from 42154218.  Price is now trading around 4175, jus...",BUY GOLD @ 41524156.0,REJECTED,SL too wide: 41520012.00 > 10.22 (1.5x ATR=6.81). Max risk exceeded.,3455
2026-10-01 09:36:16,Account 2,Swich Gold Forex™,GOLD / XAUUSD BIG SIGNAL  TARGET 200 PIPS  SL TP  https://t.me/+ZL0MjsXk4Ew0Zjc0,BUY GOLD @ None,SUCCESS,Trade executed successfully on MT5,3456
2026-10-01 09:37:46,Account 2,Swich Gold Forex™,GOLD BUY 4173  TP. 4176 TP. 4179 TP. 4182 TP. 4185 TP 4188 TP. 4191  SL. 4160,BUY GOLD @ 4173.0,REJECTED,SL too wide: 13.00 > 10.25 (1.5x ATR=6.84). Max risk exceeded.,3457
2026-10-01 09:51:56,Account 2,Sureshot FX VIP,GBPNZD SELL 2.3572  SL:  2.3622 TP:  2.3472 --Trade by David,SELL GBPNZD @ 2.3572,REJECTED,Gold Lock: Symbol 'GBPNZD' rejected. Gold only.,3458
2026-10-01 09:52:04,Account 2,Sureshot FX 🎯,GBPNZD SELL 2.3572  SL:  2.3622 TP:  2.3472 --Trade by David,SELL GBPNZD @ 2.3572,REJECTED,Gold Lock: Symbol 'GBPNZD' rejected. Gold only.,3459
2026-10-01 10:03:56,Account 2,Swich Gold Forex™,XAUUSD BUY 4172  TP 4175 TP 4178 TP 4181 TP 4184  SL 4161,BUY GOLD @ 4172.0,REJECTED,SL too wide: 11.00 > 9.00 (1.5x ATR=6.00). Max risk exceeded.,3460
2026-10-01 10:05:42,Account 2,Swich Gold Forex™, XAUUSD SELL. 4188-4186 I will delete the link after two minutes   https://t.me/+dMLuBjjZ6hpmZWRk  600+ PIPS TARGET ,SELL GOLD @ 4188.0,REJECTED,"R:R too low: 1.00x (need >= 1.5x). TP=4186.00, SL dist=2.00",3461
2026-10-01 10:49:24,Account 2,Market Trader Crypto Forex,Gold Book 100% Profit. All targets done and dusted ♥️,"ACTIVATED_10PIP_TSL GOLD @ 0 (SL: 0, TP: 0)",ACTIVATED_10PIP_TSL,GOLD,0,0,0,NO_OPEN_ORDER,Activated 10-pip jumping TSL on Book 100%
2026-10-01 11:20:24,Account 2,Grade Profit forex, XAUUSD Sell. @4160 I will delete the link after two minutes   https://t.me/+ViSUaelHtco5NTVk https://t.me/+ViSUaelHtco5NTVk 600+ PIPS TARGET ,SELL GOLD @ 4160.0,SUCCESS,Trade executed successfully on MT5,3463
2026-10-01 11:22:12,Account 2,Forex with karol,GOLD SELL: Entry on 1min red candle,SELL GOLD @ 4068,REJECTED,SL too wide: 15.00 > 8.75 (1.5x ATR=5.83). Max risk exceeded.,3464
2026-10-01 11:23:48,Account 2,Grade Profit forex,GOLD BUY 4173  TP. 4176 TP. 4179 TP. 4182 TP. 4185 TP 4188 TP. 4191  SL. 4160,BUY GOLD @ 4173.0,REJECTED,SL too wide: 13.00 > 8.85 (1.5x ATR=5.90). Max risk exceeded.,3465
2026-10-01 11:25:04,Account 2,Perfect Management,#XAUUSD          BUY  All TP⁶ HIT DONE 240+ PIPS,"BOOK_PROFIT_80% GOLD @ 0 (SL: 0, TP: 0)",BOOK_PROFIT_80%,GOLD,0,0,0,NO_OPEN_ORDER,All TPs hit -> Booked 80%
2026-10-01 11:47:29,Account 2,Grade Profit forex,  XAUUSD  30     10 .,SELL GOLD @ 30.0,REJECTED,SL too wide: 20.00 > 8.37 (1.5x ATR=5.58). Max risk exceeded.,3467
2026-10-01 12:15:18,Account 2,RIAOGOLDFOREX,Gold Buy @ 4136 Sl: @ 4126 TP: @ 4146 lot size 0.11 Confirm 99% https://t.me/+ysp2VUkbtBhkNTA0,BUY GOLD @ 4136.0,REJECTED,SL too wide: 10.00 > 8.16 (1.5x ATR=5.44). Max risk exceeded.,3468
2026-10-01 12:22:31,Account 2,XAU DIAMOND FX,XAUUSD BUY 4180 4176  TP 4183 TP 4186 TP 4188 TP 4190 Tp. 4194 SL 4166,BUY GOLD @ 4180.0,REJECTED,SL too wide: 14.00 > 8.61 (1.5x ATR=5.74). Max risk exceeded.,3469
2026-10-01 12:33:31,Account 1,Pump Dump Gold,"Dear Traders,  We are going to DUMP XAUUSD today.  DUMP XAUUSD  Level1  4185-4225  Risk  ??  Level2  ?? Risk  ??   Reason for SELL: Fundamental:  Boun...",SELL GOLD @ 4185.0,REJECTED,SL too wide: 40.00 > 8.25 (1.5x ATR=5.50). Max risk exceeded.,3470
2026-10-01 12:34:26,Account 2,XAUUSD GOLO MASTER,#GOLD BUY 4186-4187  TP 4192 TP 4196 TP 4200 TP 4203 TP 4205  SL4173,BUY GOLD @ 4186.0,REJECTED,SL too wide: 13.00 > 8.25 (1.5x ATR=5.50). Max risk exceeded.,3471
2026-10-01 12:38:33,Account 2,Vault Gold Forex,XAUUSD BUY 4177/4174  TP 4180  TP 4183  TP 4186  TP 4189  TP 4192  SL 4167,BUY GOLD @ 4177.0,REJECTED,SL too wide: 10.00 > 8.32 (1.5x ATR=5.54). Max risk exceeded.,3472
2026-10-01 12:42:07,Account 2,Vault Gold Forex,#XAUUSD SELL 4188  BIG  TP 4177 TP 4168 TP 4156 TP 4149 TP 4135    SL In Chanel Click To See      3    https://t.me/+rqRzFZE5U5phOTdk https://t.me/+rq...,SELL EURUSD @ 4188,REJECTED,Gold Lock: Symbol 'EURUSD' rejected. Gold only.,3473
2026-10-01 12:46:44,Account 2,XAUUSD GOLO MASTER,Gold Buy @ 4181 Sl: @ 4171 TP: @ 4191 lot size 0.11 Confirm 99% https://t.me/+IaTRIjAjFzNjNDY8 https://t.me/+IaTRIjAjFzNjNDY8,BUY GOLD @ 4181.0,REJECTED,SL too wide: 10.00 > 8.54 (1.5x ATR=5.69). Max risk exceeded.,3474
2026-10-01 12:47:23,Account 2,SureShot GOLD (VIP),XAUUSD BUY 4173.38  SL:  4163.38 TP:  4193.38 --Trade by Matthew,BUY GOLD @ 4173.38,REJECTED,SL too wide: 10.00 > 8.54 (1.5x ATR=5.69). Max risk exceeded.,3475
2026-10-01 12:50:44,Account 2,GOLD PRO TRADER ♨️,#GOLD BUY 4171 . 4167   TP1 : 4175 TP2 : 4179 TP3 : 4183 TP4: 4187 TP5...4191.4195   SL 4155,BUY GOLD @ 4171.0,REJECTED,SL too wide: 16.00 > 8.81 (1.5x ATR=5.87). Max risk exceeded.,3476
2026-10-01 12:51:05,Account 2,Forex with karol,GOLD BUY:Entry on 1min. green candle ,BUY GOLD @ 1.0,REJECTED,Price sanity fail: entry 1.0 is 100.0% from live 4168.26000,3477
2026-10-01 12:53:57,Account 2,Vault Gold Forex,GOLD SET-UP  XAU USD SIGNAL  TARGET 400 PIPS  SL TP ,BUY GOLD @ 400.0,REJECTED,Price sanity fail: entry 400.0 is 90.4% from live 4162.47000,3478
2026-10-01 12:56:27,Account 2,👑 Profitway Crypto MCX Forex 👑,BTCUSD - 800 POINT CAPTURED,BUY BTCUSD @ 800.0,REJECTED,Gold Lock: Symbol 'BTCUSD' rejected. Gold only.,3479
2026-10-01 12:58:25,Account 2,XAUUSD VIP SIGNAL,XAUUSD BUY NOW @ 4156 MORE BUY @ 4152  TP : 4160 TP : 4164 TP : 4168 TP : 4172 TP : 4176 TP : 4180 TP : 4184  SL : 4140,BUY GOLD @ 4156.0,REJECTED,SL too wide: 16.00 > 10.26 (1.5x ATR=6.84). Max risk exceeded.,3480
2026-10-01 13:00:09,Account 2,Vault Gold Forex, #XAUUSD SELL NOW 4168   SL :#see in channal   TP: #see in channal   https://t.me/+KNX4hQFoPU4wYzQ0 https://t.me/+KNX4hQFoPU4wYzQ0  LINK EXPIRE IN 5 M...,SELL GOLD @ 4168.0,FAILED,MT5 execution failed — check broker logs,3481
2026-10-01 13:00:36,Account 2,Vault Gold Forex,XAUUSD BUY confirm,BUY GOLD @ 4053.0,FAILED,MT5 execution failed — check broker logs,3482
2026-10-01 13:02:30,Account 2,GOLD PRO TRADER ♨️,#GOLD BUY 4155 . 4151   TP1 : 4159 TP2 : 4163 TP3 : 4167 TP4: 4171 TP5...4175.4179   SL 4139,BUY GOLD @ 4155.0,REJECTED,SL too wide: 16.00 > 10.74 (1.5x ATR=7.16). Max risk exceeded.,3483
2026-10-01 13:02:42,Account 2,Swich Gold Forex™,GOLD SET-UP  XAU USD SIGNAL  TARGET 400 PIPS  SL TP ,BUY GOLD @ 400.0,REJECTED,Price sanity fail: entry 400.0 is 90.4% from live 4162.86000,3484
2026-10-01 13:03:57,Account 2,Vault Gold Forex,Gold Buy @ 4136 Sl: @ 4126 TP: @ 4146 lot size 0.11 Confirm 99% https://t.me/+ysp2VUkbtBhkNTA0,BUY GOLD @ 4136.0,REJECTED,"R:R too low: 1.00x (need >= 1.5x). TP=4146.00, SL dist=10.00",3485
2026-10-01 13:05:38,Account 2,SureShot GOLD (VIP),XAUUSD SELL 4164.63  SL:  4174.63 TP:  4144.63 --Trade by William,SELL GOLD @ 4164.63,SUCCESS,Trade executed successfully on MT5,3486
2026-10-01 13:09:22,Account 2,SureShot GOLD (VIP),XAUUSD BUY 4162.56  SL:  4152.56 TP:  4182.56 --Trade by Matthew,BUY GOLD @ 4162.56,SUCCESS,Trade executed successfully on MT5,3487
2026-10-01 13:14:42,Account 2,XAUUSD GOLO MASTER,#XAUUSD SELL 4188  BIG  TP 4177 TP 4168 TP 4156 TP 4149 TP 4135    SL In Chanel Click To See      3    https://t.me/+rqRzFZE5U5phOTdk https://t.me/+rq...,SELL EURUSD @ 4188,REJECTED,Gold Lock: Symbol 'EURUSD' rejected. Gold only.,3488
2026-10-01 13:15:15,Account 2,XAUUSD GOLO MASTER,Gold Buy @ 4192 Sl: @ 4182 TP: @ 4202 lot size 0.11 Confirm 99% https://t.me/+IaTRIjAjFzNjNDY8,BUY GOLD @ 4192.0,REJECTED,"R:R too low: 1.00x (need >= 1.5x). TP=4202.00, SL dist=10.00",3489
2026-10-01 13:18:29,Account 2,XAUUSD GOLO MASTER,Gold Buy @ 4192 Sl: @ 4182 TP: @ 4202 lot size 0.11 Confirm 99% https://t.me/+IaTRIjAjFzNjNDY8,BUY GOLD @ 4192.0,REJECTED,"R:R too low: 1.00x (need >= 1.5x). TP=4202.00, SL dist=10.00",3490
2026-10-01 13:21:30,Account 2,Swich Gold Forex™,GOLD SET-UP  XAU USD SIGNAL  TARGET 400 PIPS  SL TP ,BUY GOLD @ 400.0,REJECTED,Price sanity fail: entry 400.0 is 90.4% from live 4165.76000,3491
2026-10-01 13:23:03,Account 2,🌕 PERO | Forex - Investing ™,TODAYS PLAN IS DOING THE WORK  SELL 41874188: +320 PIPS BUY 41564152: +120 PIPS  From resistance straight into support - both sides mapped before the ...,SELL EURUSD @ 41874188.0,REJECTED,Gold Lock: Symbol 'EURUSD' rejected. Gold only.,3492
2026-10-01 13:24:29,Account 2,XAU DIAMOND FX,XAUUSD SELL 4165 4170  TP 4161 TP 4157 TP 4155 TP 4153 Tp. 4150 SL 4180,SELL GOLD @ 4165.0,REJECTED,SL too wide: 15.00 > 10.95 (1.5x ATR=7.30). Max risk exceeded.,3493
2026-10-01 13:29:21,Account 2,Sureshot FX VIP,EURNZD SELL 2.0146  SL:  2.0196 TP:  2.0046 --Trade by David,SELL EURNZD @ 2014.6,REJECTED,Gold Lock: Symbol 'EURNZD' rejected. Gold only.,3494
2026-10-01 13:29:49,Account 2,SureShot GOLD (VIP),XAUUSD BUY 4164.34  SL:  4154.34 TP:  4184.34 --Trade by Matthew,BUY GOLD @ 4164.34,FAILED,MT5 execution failed — check broker logs,3495
2026-10-01 13:31:00,Account 2,Perfect Management,XAUUSD     SELL   4166   Sl       4177  ¹TP      4162 ²TP      4158 ³TP      4154 ⁴TP      4150 ⁵TP ,"SELL GOLD @ 4165.19 (SL: 4177.0, TP: 4142.0)",SELL,GOLD,4165.19,4177.0,4142.0,SUCCESS,Executed with AI Runner TSL
2026-10-01 13:31:12,Account 2,Sureshot FX VIP,NZDUSD BUY 0.5613  SL:  0.5563 TP:  0.5713 --Trade by David,BUY NZDUSD @ 0.5613,REJECTED,Gold Lock: Symbol 'NZDUSD' rejected. Gold only.,3497
2026-10-01 13:34:15,Account 2,Sureshot FX VIP,GBPUSD BUY 1.3235  SL:  1.3185 TP:  1.3335 --Trade by David,BUY GBPUSD @ 1.3235,REJECTED,Gold Lock: Symbol 'GBPUSD' rejected. Gold only.,3498
2026-10-01 13:42:01,Account 2,SureShot GOLD (VIP),XAUUSD BUY 4163.83  SL:  4153.83 TP:  4183.83 --Trade by Matthew,BUY GOLD @ 4163.83,REJECTED,Macro Trend Filter: Counter-trend BUY from 'SureShot GOLD (VIP)' (Conviction=0.55) blocked during H1 BEARISH trend.,3499
2026-10-01 14:19:48,Account 2,Gold VIP,Plan a NEW TRADE IN GOLD ,BUY GOLD @ None,SUCCESS,Trade executed successfully on MT5,3500
2026-10-01 14:27:00,Account 1,XAUUSD ACCURATE SiGNALS,Gold buy entry 4150/45   Sl 4140  Tp 4160 Tp 4165 Tp 4175/4185/4195/4215//opn   @Proazam1978   @Proazam1978,BUY GOLD @ 4150.0,REJECTED,Macro Trend Filter: Counter-trend BUY from 'XAUUSD ACCURATE SiGNALS' (Conviction=0.65) blocked during H1 BEARISH trend.,3501
2026-10-01 14:42:11,Account 2,Vault Gold Forex,Gold Buy @ 4136 Sl: @ 4126 TP: @ 4146 lot size 0.11 Confirm 99% https://t.me/+ysp2VUkbtBhkNTA0,BUY GOLD @ 4136.0,REJECTED,Macro Trend Filter: Counter-trend BUY from 'Vault Gold Forex' (Conviction=0.55) blocked during H1 BEARISH trend.,3502
2026-10-01 14:47:47,Account 2,Vault Gold Forex,XAUUSD SELL NOW 4162/70  TP 4150 TP 4140 TP 4130  SLjoin channel  https://t.me/+KkunQU3cswM2MDlk https://t.me/+KkunQU3cswM2MDlk,SELL GOLD @ 4162.0,SUCCESS,Trade executed successfully on MT5,3503
2026-10-01 14:50:20,Account 2,Vault Gold Forex,XAUUSD BUY                 https://t.me/+zjIlcHd0lhxhZTM8 https://t.me/+zjIlcHd0lhxhZTM8,BUY GOLD @ 4041.0,REJECTED,Macro Trend Filter: Counter-trend BUY from 'Vault Gold Forex' (Conviction=0.55) blocked during H1 BEARISH trend.,3504
2026-10-01 14:51:33,Account 2,Vault Gold Forex,Gold Buy @ 4136 Sl: @ 4126 TP: @ 4146 lot size 0.11 Confirm 99% https://t.me/+ysp2VUkbtBhkNTA0,BUY GOLD @ 4136.0,REJECTED,Macro Trend Filter: Counter-trend BUY from 'Vault Gold Forex' (Conviction=0.55) blocked during H1 BEARISH trend.,3505
2026-10-01 14:58:20,Account 1,XAU MARKET INSIGHT,"XAU/USD Latest Signal  SELL 4161 - 4163  Take Profit : 4155 Take Profit : 4148 Take Profit : 4130   Stoploss : 4169  "" My analysis ""  Downside Liquidi...",SELL GOLD @ 4161.0,REJECTED,"R:R too low: 0.75x (need >= 1.5x). TP=4155.00, SL dist=8.00",3506
2026-10-01 15:16:05,Account 2,𝐆𝐨𝐥𝐝 𝐒𝐢𝐠𝐧𝐚𝐥𝐬 𝐒𝐞𝐫𝐯𝐢𝐜𝐞™,#XAUUSD BUY NOW 4160/4158  TP. 4163 TP. 4166 TP. 4169 TP. 4200 SL. 4148,SELL GOLD @ 4047.0,REJECTED,"R:R too low: 0.27x (need >= 1.5x). TP=4044.00, SL dist=11.00",3507
2026-10-01 15:18:43,Account 2,Vault Gold Forex, XAUUSD BUY         Click to see                https://t.me/+KkunQU3cswM2MDlk https://t.me/+KkunQU3cswM2MDlk,BUY GOLD @ 4041.0,REJECTED,Macro Trend Filter: Counter-trend BUY from 'Vault Gold Forex' (Conviction=0.55) blocked during H1 BEARISH trend.,3508
2026-10-01 15:24:48,Account 2,Vault Gold Forex,XAUUSD 101% CONFIRM SIGNAL ,SELL GOLD @ 101.0,REJECTED,Price sanity fail: entry 101.0 is 97.6% from live 4158.90000,3509
2026-10-01 15:29:31,Account 2,Vault Gold Forex,XAUUSD BUY 4153/4150  TP 4156  TP 4159  TP 4162  TP 4165  TP 4168  SL 4143,BUY GOLD @ 4153.0,REJECTED,Macro Trend Filter: Counter-trend BUY from 'Vault Gold Forex' (Conviction=0.55) blocked during H1 BEARISH trend.,3510
2026-10-01 15:33:34,Account 2,Vault Gold Forex,Gold Buy @ 4136 Sl: @ 4126 TP: @ 4146 lot size 0.11 Confirm 99% https://t.me/+ysp2VUkbtBhkNTA0,BUY GOLD @ 4136.0,REJECTED,Macro Trend Filter: Counter-trend BUY from 'Vault Gold Forex' (Conviction=0.55) blocked during H1 BEARISH trend.,3511
2026-10-01 15:36:45,Account 1,𝐗𝐀𝐔𝐔𝐒𝐃 𝐕𝐈𝐏 𝐒𝐈𝐆𝐍𝐀𝐋𝐒,#GOLD BUY 4150/4145  TP 4155 TP 4160 TP 4175 TP 4180 Confim  SL 4137  Use According To Your Account Equity Leve,BUY GOLD @ 4150.0,REJECTED,Macro Trend Filter: Counter-trend BUY from '𝐗𝐀𝐔𝐔𝐒𝐃 𝐕𝐈𝐏 𝐒𝐈𝐆𝐍𝐀𝐋𝐒' (Conviction=0.65) blocked during H1 BEARISH trend.,3512
2026-10-01 15:42:36,Account 2,SureShot GOLD (VIP),XAUUSD SELL 4156.27  SL:  4166.27 TP:  4136.27 --Trade by William,SELL GOLD @ 4156.27,FAILED,MT5 execution failed — check broker logs,3513
2026-10-01 15:48:24,Account 2,Market Trader Crypto Forex,US30 Long Trade   👇👇👇👇  https://affs.click/xnqPA PATNER CODE (663WF),"BUY US30Cash @ 50870.5 (SL: 50855.5, TP: 50895.5)",BUY,US30Cash,50870.5,50855.5,50895.5,SUCCESS,Executed Market Trader Setup
2026-10-01 15:49:42,Account 1,XAUUSD ACCURATE SiGNALS,Hit tp 1 Gold buy on 4148 area  Up 4164 area  155+ PP again done,BUY GOLD @ 4148,REJECTED,Macro Trend Filter: Counter-trend BUY from 'XAUUSD ACCURATE SiGNALS' (Conviction=0.65) blocked during H1 BEARISH trend.,3515
2026-10-01 15:50:14,Account 2,Sureshot FX VIP,EURUSD BUY 1.1281  SL:  1.1231 TP:  1.1381 --Trade by Flynn,BUY EURUSD @ 11281.0,REJECTED,Gold Lock: Symbol 'EURUSD' rejected. Gold only.,3516
2026-10-01 15:52:12,Account 2,Sureshot FX VIP,GBPUSD BUY 1.321  SL:  1.316 TP:  1.331 --Trade by Flynn,BUY GBPUSD @ 1.321,REJECTED,Gold Lock: Symbol 'GBPUSD' rejected. Gold only.,3517
2026-10-01 15:55:48,Account 2,Swich Gold Forex™,Gold Buy @ 4155 Sl: @ 4150 TP: @ 4180 lot size 0.11 Confirm 99% https://t.me/+JhVxxZagaYU5M2U1,BUY GOLD @ 4155.0,FAILED,MT5 execution failed — check broker logs,3518
2026-10-01 16:15:52,Account 2,Swich Gold Forex™,GOLD SET-UP  XAU USD SIGNAL  TARGET 400 PIPS  SL TP ,BUY GOLD @ 400.0,REJECTED,Price sanity fail: entry 400.0 is 90.4% from live 4172.90000,3519
2026-10-01 16:16:47,Account 2,JOSEFINA TRADER0🎖,XAUUSD BUY 4170,BUY GOLD @ 4170.0,SUCCESS,Trade executed successfully on MT5,3520
2026-10-01 16:17:39,Account 2,JOSEFINA TRADER0🎖,XAUUSD BUY 4170 TP 4173 TP 4176 TP 4179 TP 4182 TP 4185 SL 4159 Use proper risk management Guys,BUY GOLD @ 4170.0,REJECTED,"R:R too low: 0.27x (need >= 1.5x). TP=4173.00, SL dist=11.00",3521
2026-10-01 16:25:33,Account 2,JOSEFINA TRADER0🎖,"My dear brother, gold will go up, this is my confirmed signal. 4200",BUY GOLD @ 4200.0,SUCCESS,Trade executed successfully on MT5,3522
2026-10-01 16:26:11,Account 2,JOSEFINA TRADER0🎖,"My dear brother, gold will go up, this is my confirmed signal. 4200",BUY GOLD @ 4200.0,SUCCESS,Trade executed successfully on MT5,3523
2026-10-01 16:27:28,Account 2,Market Trader Crypto Forex,US30 Book 80% Profit. 200 Pips Done.,"ACTIVATED_10PIP_TSL US30Cash @ 0 (SL: 0, TP: 0)",ACTIVATED_10PIP_TSL,US30Cash,0,0,0,NO_OPEN_ORDER,Activated 10-pip jumping TSL on Book 80%
2026-10-01 16:29:36,Account 2,JOSEFINA TRADER0🎖,XAUUSD BUY                 https://t.me/+zjIlcHd0lhxhZTM8 https://t.me/+zjIlcHd0lhxhZTM8,BUY GOLD @ 4041.0,SUCCESS,Trade executed successfully on MT5,3525
2026-10-01 16:31:38,Account 2,SureShot GOLD (VIP),XAUUSD BUY 4173.46  SL:  4163.46 TP:  4193.46 --Trade by William,BUY GOLD @ 4173.46,SUCCESS,Trade executed successfully on MT5,3526
2026-10-01 16:42:05,Account 2,Perfect Management,XAUUSD          SELL  TP¹ HIT DONE 40+ PIPS,"TP1_HIT GOLD @ 0 (SL: 0, TP: 0)",TP1_HIT,GOLD,0,0,0,SUCCESS,TP1 Hit -> Kept SL Fixed for TP2
2026-10-01 16:44:47,Account 2,Perfect Management,XAUUSD          SELL  TP² HIT DONE 80+ PIPS,"TP2_HIT GOLD @ 0 (SL: 0, TP: 0)",TP2_HIT,GOLD,0,0,0,NO_OPEN_ORDER,TP2 Hit -> Put TSL at TP2 + 10-pip trail
2026-10-01 16:55:16,Account 2,Vault Gold Forex,#XAUUSD SELL 4170  BIG  TP 4160 TP 4150 TP 4140 TP 4130 TP 4120    SL In Chanel Click To See      3    https://t.me/+rqRzFZE5U5phOTdk https://t.me/+rq...,SELL EURUSD @ 4160.0,REJECTED,Gold Lock: Symbol 'EURUSD' rejected. Gold only.,3529
2026-10-01 16:55:56,Account 2,Vault Gold Forex,Gold Buy @ 4136 Sl: @ 4126 TP: @ 4146 lot size 0.11 Confirm 99% https://t.me/+ysp2VUkbtBhkNTA0,BUY GOLD @ 4136.0,REJECTED,"R:R too low: 1.00x (need >= 1.5x). TP=4146.00, SL dist=10.00",3530
2026-10-01 16:58:54,Account 2,Forex with karol,GOLD SELL: Entry on 1 min. breakdown at entry level,SELL GOLD @ 4068.0,REJECTED,SL too wide: 15.00 > 11.36 (1.5x ATR=7.58). Max risk exceeded.,3531
2026-10-01 17:00:56,Account 2,Vault Gold Forex,XAUUSD 101% CONFIRM SIGNAL ,SELL GOLD @ 101.0,REJECTED,"R:R too low: 1.00x (need >= 1.5x). TP=100.00, SL dist=1.00",3532
2026-10-01 17:09:14,Account 2,JOSEFINA TRADER0🎖,XAUUSD BUY                 https://t.me/+zjIlcHd0lhxhZTM8 https://t.me/+zjIlcHd0lhxhZTM8,BUY GOLD @ 4041.0,FAILED,MT5 execution failed — check broker logs,3533
2026-10-01 17:10:06,Account 2,Vault Gold Forex,#XAUUSD SELL 4170  BIG  TP 4160 TP 4150 TP 4140 TP 4130 TP 4120    SL In Chanel Click To See      3    https://t.me/+rqRzFZE5U5phOTdk https://t.me/+rq...,SELL EURUSD @ 4160.0,REJECTED,Gold Lock: Symbol 'EURUSD' rejected. Gold only.,3534
2026-10-01 17:11:33,Account 2,Vault Gold Forex,Gold Buy @ 4136 Sl: @ 4126 TP: @ 4146 lot size 0.11 Confirm 99% https://t.me/+ysp2VUkbtBhkNTA0,BUY GOLD @ 4136.0,REJECTED,"R:R too low: 1.00x (need >= 1.5x). TP=4146.00, SL dist=10.00",3535
2026-10-01 17:17:11,Account 2,Vault Gold Forex,XAUUSD BUY                 https://t.me/+zjIlcHd0lhxhZTM8 https://t.me/+zjIlcHd0lhxhZTM8,BUY GOLD @ 4041.0,SUCCESS,Trade executed successfully on MT5,3536
2026-10-01 17:30:59,Account 2,Market Trader Crypto Forex,US30 Book 100% Profit. All targets done and dusted ♥️,"ACTIVATED_10PIP_TSL US30Cash @ 0 (SL: 0, TP: 0)",ACTIVATED_10PIP_TSL,US30Cash,0,0,0,NO_OPEN_ORDER,Activated 10-pip jumping TSL on Book 100%
2026-10-01 17:33:47,Account 2,JOSEFINA TRADER0🎖,XAUUSD BUY 4183,BUY GOLD @ 4183.0,SUCCESS,Trade executed successfully on MT5,3538
2026-10-01 17:34:57,Account 2,JOSEFINA TRADER0🎖,XAUUSD BUY 4183 TP 4186 TP 4189 TP 4192 TP 4195 TP 4198 SL 4172 Use proper risk management Guys,BUY GOLD @ 4183.0,REJECTED,SL too wide: 11.00 > 10.83 (1.5x ATR=7.22). Max risk exceeded.,3539
2026-10-01 17:40:18,Account 2,Forex with karol,GOLD SELL: Entry on 1min. red candle at entry level,SELL GOLD @ 4068.0,REJECTED,SL too wide: 15.00 > 11.26 (1.5x ATR=7.51). Max risk exceeded.,3540
2026-10-01 17:57:42,Account 2,JOSEFINA TRADER0🎖,GOLD / XAUUSD BIG SIGNAL  TARGET 200 PIPS  SL TP  https://t.me/+ZL0MjsXk4Ew0Zjc0,BUY GOLD @ None,SUCCESS,Trade executed successfully on MT5,3541
2026-10-01 17:59:24,Account 2,Gold VIP,PLAN A NEW TRADE IN GOLD,BUY GOLD @ None,FAILED,MT5 execution failed — check broker logs,3542
2026-10-01 17:59:25,Account 2,Perfect Management,XAUUSD     SELL   4180   Sl       4193  ¹TP      4176 ²TP      4172 ³TP      4168 ⁴TP      4164 ⁵TP ,"SELL GOLD @ 4177.87 (SL: 4193.0, TP: 4156.0)",SELL,GOLD,4177.87,4193.0,4156.0,SUCCESS,Executed with AI Runner TSL
2026-10-01 18:01:27,Account 2,XAU DIAMOND FX,XAUUSD SELL 4179 4182  TP 4175 TP 4172 TP 4170 TP 4165 Tp. 4160 SL 4190,SELL GOLD @ 4179.0,REJECTED,SL too wide: 11.00 > 10.70 (1.5x ATR=7.13). Max risk exceeded.,3544
2026-10-01 18:05:21,Account 2,Swich Gold Forex™,GOLD / XAUUSD  BIG SIGNAL  TARGET 300 PIPS  SL TP ,SELL GOLD @ 4068.0,REJECTED,SL too wide: 15.00 > 10.87 (1.5x ATR=7.24). Max risk exceeded.,3545
2026-10-01 18:06:10,Account 2,GOLD KILLER PRO🔰🔰,XAUUSD SELL 4179-4182  TP 4176 TP 4173 TP 4170 TP 4167 TP 4164 TP 4161  SL 4193,SELL GOLD @ 4179.0,REJECTED,SL too wide: 14.00 > 10.93 (1.5x ATR=7.28). Max risk exceeded.,3546
2026-10-01 18:09:04,Account 2,GOLD KILLER PRO🔰🔰,XAUUSD BUY 4183  TP 4186 TP 4189 TP 4192 TP4195 TP4198 TP4201 TP4204 TP4207 TP4210 TP4213 TP4216 TP4219 TP4222 http://t.me/+E70go98g7Go1MmU0       417...,BUY GOLD @ 4183,REJECTED,"R:R too low: 0.51x (need >= 1.5x). TP=4186.00, SL dist=5.83",3547
2026-10-01 18:09:55,Account 2,Swich Gold Forex™,GOLD SET-UP  XAU USD SIGNAL  TARGET 400 PIPS  SL TP ,BUY GOLD @ 400.0,REJECTED,Price sanity fail: entry 400.0 is 90.4% from live 4185.09000,3548
2026-10-01 18:13:13,Account 2,SureShot GOLD (VIP),XAUUSD SELL 4184.21  SL:  4194.21 TP:  4164.21 --Trade by Mark,SELL GOLD @ 4184.21,SUCCESS,Trade executed successfully on MT5,3549
2026-10-01 18:14:40,Account 2,SureShot GOLD (VIP),XAUUSD BUY 4182.45  SL:  4172.45 TP:  4202.45 --Trade by Mark,BUY GOLD @ 4182.45,FAILED,MT5 execution failed — check broker logs,3550
2026-10-01 18:19:36,Account 2,JOSEFINA TRADER0🎖,Gold Buy @ 4181 Sl: @ 4171 TP: @ 4191 lot size 0.11 Confirm 99% https://t.me/+IaTRIjAjFzNjNDY8 https://t.me/+IaTRIjAjFzNjNDY8,BUY GOLD @ 4181.0,REJECTED,"R:R too low: 1.00x (need >= 1.5x). TP=4191.00, SL dist=10.00",3551
2026-10-01 18:20:45,Account 2,GOLD KILLER PRO🔰🔰,XAUUSD BUY 4183  TP 4186 TP 4189 TP 4192 TP4195 TP4198 TP4201 TP4204 TP4207 TP4210 TP4213 TP4216 TP4219 TP4222 http://t.me/+E70go98g7Go1MmU0       417...,BUY GOLD @ 4183,REJECTED,"R:R too low: 0.50x (need >= 1.5x). TP=4186.00, SL dist=5.98",3552
2026-10-01 18:21:44,Account 2,JOSEFINA TRADER0🎖,GOLD / XAUUSD BIG SIGNAL  TARGET 200 PIPS  SL TP  https://t.me/+ZL0MjsXk4Ew0Zjc0,BUY GOLD @ None,FAILED,MT5 execution failed — check broker logs,3553
2026-10-01 18:39:24,Account 2,JOSEFINA TRADER0🎖,Gold Buy @ 4165 Sl: @ 4155 TP: @ 4175 lot size 0.11 Confirm 99% https://t.me/+nJOGa9mvZOczMmE0,BUY GOLD @ 4165.0,REJECTED,"R:R too low: 1.00x (need >= 1.5x). TP=4175.00, SL dist=10.00",3554
2026-10-01 18:56:56,Account 2,Sureshot FX VIP,GBPJPY BUY 208.91  SL:  208.41 TP:  209.91 --Trade by David,BUY GBPJPY @ 208.91,REJECTED,Gold Lock: Symbol 'GBPJPY' rejected. Gold only.,3555
2026-10-01 19:00:38,Account 2,JOSEFINA TRADER0🎖,XAUUSD SELL 4170,SELL GOLD @ 4170.0,SUCCESS,Trade executed successfully on MT5,3556
2026-10-01 19:01:11,Account 2,JOSEFINA TRADER0🎖,XAUUSD SELL 4170,SELL GOLD @ 4170.0,SUCCESS,Trade executed successfully on MT5,3557
2026-10-01 19:02:18,Account 2,JOSEFINA TRADER0🎖,XAUUSD SELL 4170 TP 4167 TP 4164 TP 4161 TP 4158 TP 4155 SL 4181 Use proper risk management Guys,SELL GOLD @ 4170.0,REJECTED,"R:R too low: 0.27x (need >= 1.5x). TP=4167.00, SL dist=11.00",3558
2026-10-01 19:05:22,Account 2,Perfect Management,XAUUSD          SELL  TP¹ HIT DONE 40+ PIPS,"TP1_HIT GOLD @ 0 (SL: 0, TP: 0)",TP1_HIT,GOLD,0,0,0,SUCCESS,TP1 Hit -> Kept SL Fixed for TP2
2026-10-01 19:05:40,Account 2,Perfect Management,XAUUSD          SELL  TP² HIT DONE 80+ PIPS,"TP2_HIT GOLD @ 0 (SL: 0, TP: 0)",TP2_HIT,GOLD,0,0,0,NO_OPEN_ORDER,TP2 Hit -> Put TSL at TP2 + 10-pip trail
2026-10-01 19:28:39,Account 1,DUBAI CAPITAL FX GROUP 3,GOLD SELL 4175 MORE SELL 4178  TP 4172 TP 4169 TP 4166 TP 4163 TP 4160 TP 4157 TP 4154 TP 4151  SL_4190,SELL GOLD @ 4175.0,REJECTED,SL too wide: 15.00 > 11.87 (1.5x ATR=7.92). Max risk exceeded.,3561
2026-10-01 19:54:49,Account 2,Perfect Management,#XAUUSD         SELL  All TP⁶ HIT DONE 240+ PIPS,"BOOK_PROFIT_80% GOLD @ 0 (SL: 0, TP: 0)",BOOK_PROFIT_80%,GOLD,0,0,0,SUCCESS,All TPs hit -> Booked 80%
2026-10-01 19:54:51,Account 2,GOLD Trader Dan,After the buyers failed to push the price above resistance of 4193 the price fell down to the previous buy zone of 4151 then the zone got activated ag...,SELL GOLD @ 4068,REJECTED,SL too wide: 15.00 > 12.86 (1.5x ATR=8.58). Max risk exceeded.,3563
2026-10-01 19:55:50,Account 2,JOSEFINA TRADER0🎖,XAUUSD BUY 4160,BUY GOLD @ 4160.0,FAILED,MT5 execution failed — check broker logs,3564
2026-10-01 19:56:21,Account 2,JOSEFINA TRADER0🎖,XAUUSD SELL 4163,SELL GOLD @ 4163.0,FAILED,MT5 execution failed — check broker logs,3565
2026-10-01 19:57:39,Account 2,JOSEFINA TRADER0🎖,XAUUSD SELL 4163 TP 4160 TP 4157 TP 4154 TP 4151 TP 4148 SL 4174 Use proper risk management Guys,SELL GOLD @ 4163.0,REJECTED,"R:R too low: 0.27x (need >= 1.5x). TP=4160.00, SL dist=11.00",3566
2026-10-01 19:59:56,Account 2,Swich Gold Forex™,GOLD BUY NOW   USE BIG LOT   SL & TP ,BUY GOLD @ None,FAILED,MT5 execution failed — check broker logs,3567
2026-10-01 20:07:55,Account 2,🌕 PERO | Forex - Investing ™," Claims passed quietly earlier with little reaction from Gold.  The real volatility came around ISM and Waller, with price spiking toward 4187 before ...",SELL GOLD @ 4187.0,REJECTED,SL too wide: 41519969.00 > 13.80 (1.5x ATR=9.20). Max risk exceeded.,3568
2026-10-01 20:24:31,Account 1,"Mr.DAVID, XAU/USD CLUB",XAUUSD  BUY  ENTR. 4163.4156 tp1:4170 tp2 4177 tp3 4186 tp4 4190 tp5 4195 SL: 4146,BUY GOLD @ 4163.4156,REJECTED,"Macro Trend Filter: Counter-trend BUY from 'Mr.DAVID, XAU/USD CLUB' (Conviction=0.50) blocked during H1 BEARISH trend.",3569
2026-10-01 20:34:53,Account 2,Vault Gold Forex,XAUUSD BUY 4155  TP 4158 TP 4161 TP 4164 TP 4167 TP 4170  SL 4145    3     https://t.me/+uYHWCaLTV6QwY2Ex https://t.me/+uYHWCaLTV6QwY2Ex,BUY GOLD @ 4155,REJECTED,Macro Trend Filter: Counter-trend BUY from 'Vault Gold Forex' (Conviction=0.55) blocked during H1 BEARISH trend.,3570
2026-10-01 20:38:26,Account 2,Vault Gold Forex,XAUUSD BUY                 https://t.me/+zjIlcHd0lhxhZTM8 https://t.me/+zjIlcHd0lhxhZTM8,BUY GOLD @ 4041.0,REJECTED,Macro Trend Filter: Counter-trend BUY from 'Vault Gold Forex' (Conviction=0.55) blocked during H1 BEARISH trend.,3571
2026-10-01 20:41:16,Account 2,Vault Gold Forex,Gold Buy @ 4136 Sl: @ 4126 TP: @ 4146 lot size 0.11 Confirm 99% https://t.me/+ysp2VUkbtBhkNTA0,BUY GOLD @ 4136.0,REJECTED,Macro Trend Filter: Counter-trend BUY from 'Vault Gold Forex' (Conviction=0.55) blocked during H1 BEARISH trend.,3572
2026-10-01 20:42:01,Account 2,Vault Gold Forex,GOLD BUY NOW   USE BIG LOT   SL & TP ,BUY GOLD @ None,REJECTED,Macro Trend Filter: Counter-trend BUY from 'Vault Gold Forex' (Conviction=0.55) blocked during H1 BEARISH trend.,3573
2026-10-01 20:55:47,Account 2,Sureshot FX VIP,AUDJPY BUY 109.03  SL:  108.53 TP:  110.03 --Trade by David,BUY AUDJPY @ 109.03,REJECTED,Gold Lock: Symbol 'AUDJPY' rejected. Gold only.,3574
2026-10-01 20:56:26,Account 2,Swich Gold Forex™, XAUUSD SELL 4176-4179 I will delete the link after two minutes   https://t.me/+aU2fRjGYE9s1NTU8  600+ PIPS TARGET ,SELL GOLD @ 4176.0,REJECTED,"R:R too low: 0.67x (need >= 1.5x). TP=4178.00, SL dist=3.00",3575
2026-10-01 20:57:46,Account 2,Market Trader Crypto Forex,GOLD HOLDING  FOR BIG TP           SL CTC     BOOKED SOME PROFIT,"MODIFY_BREAKEVEN GOLD @ 0 (SL: 0, TP: 0)",MODIFY_BREAKEVEN,GOLD,0,0,0,SUCCESS,"SL moved to entry, closed 40%"
2026-10-01 21:05:02,Account 2,Vault Gold Forex,XAUUSD (GOLD) NEXT MOVE CONFRIM ENTRY  ,SELL GOLD @ 4047.0,REJECTED,"R:R too low: 0.27x (need >= 1.5x). TP=4044.00, SL dist=11.00",3577
2026-10-01 21:06:52,Account 2,Sureshot FX VIP,GBPJPY BUY 207.73  SL:  207.23 TP:  208.73 --Trade by David,BUY GBPJPY @ 207.73,REJECTED,Gold Lock: Symbol 'GBPJPY' rejected. Gold only.,3578
2026-10-01 21:09:01,Account 2,Sureshot FX VIP,GBPAUD SELL LIMIT 1.9110  SL:  1.916 TP:  1.901 --Trade by Flynn,SELL GBPAUD @ 1.911,REJECTED,Gold Lock: Symbol 'GBPAUD' rejected. Gold only.,3579
2026-10-01 21:10:28,Account 2,Sureshot FX VIP,AUDUSD BUY 0.6915  SL:  0.6865 TP:  0.7015 --Trade by David,BUY AUDUSD @ 0.6915,REJECTED,Gold Lock: Symbol 'AUDUSD' rejected. Gold only.,3580
2026-10-01 21:19:12,Account 2,SureShot GOLD (VIP),XAUUSD BUY 4168.39  SL:  4158.39 TP:  4188.39 --Trade by William,BUY GOLD @ 4168.39,REJECTED,Macro Trend Filter: Counter-trend BUY from 'SureShot GOLD (VIP)' (Conviction=0.55) blocked during H1 BEARISH trend.,3581
2026-10-01 21:23:53,Account 2,Vault Gold Forex,GOLD BUY NOW   USE BIG LOT   SL & TP ,BUY GOLD @ None,REJECTED,Macro Trend Filter: Counter-trend BUY from 'Vault Gold Forex' (Conviction=0.55) blocked during H1 BEARISH trend.,3582
2026-10-01 21:48:39,Account 2,Vault Gold Forex,GOLD BUY NOW   USE BIG LOT   SL & TP ,BUY GOLD @ None,SUCCESS,Trade executed successfully on MT5,3583
2026-10-01 21:54:29,Account 2,Swich Gold Forex™,XAUUSD BUY 4155  TP 4158 TP 4161 TP 4164 TP 4167 TP 4170  SL 4145    3     https://t.me/+uYHWCaLTV6QwY2Ex https://t.me/+uYHWCaLTV6QwY2Ex,BUY GOLD @ 4155.0,REJECTED,"R:R too low: 0.30x (need >= 1.5x). TP=4158.00, SL dist=10.00",3584
2026-10-01 22:00:47,Account 2,Vault Gold Forex,GOLD BUY NOW   USE BIG LOT   SL & TP ,BUY GOLD @ None,SUCCESS,Trade executed successfully on MT5,3585
2026-10-01 22:01:26,Account 2,Swich Gold Forex™,GOLD BUY NOW   USE BIG LOT   SL & TP ,BUY GOLD @ None,FAILED,MT5 execution failed — check broker logs,3586
2026-10-01 22:16:43,Account 2,Vault Gold Forex,GOLD BUY NOW   USE BIG LOT   SL & TP ,BUY GOLD @ None,SUCCESS,Trade executed successfully on MT5,3587
2026-10-01 22:24:59,Account 2,Vault Gold Forex, XAUUSD BUY         Click to see                https://t.me/+KkunQU3cswM2MDlk https://t.me/+KkunQU3cswM2MDlk,BUY GOLD @ 4041.0,SUCCESS,Trade executed successfully on MT5,3588
2026-10-01 22:52:28,Account 2,Grade Profit forex,XAUUSD BUY 4158/4155  TP 4161  TP 4164  TP 4167  TP 4170  TP 4173  SL 4147 https://t.me/+WOBpstq41NI4MTA0,BUY GOLD @ 4158.0,REJECTED,Macro Trend Filter: Counter-trend BUY from 'Grade Profit forex' (Conviction=0.65) blocked during H1 BEARISH trend.,3589
2026-10-01 23:05:29,Account 2,GOLD Trader Dan,Asia session buy limit! 1/6 RR!  XAUUSD SMASHED TP 500 PIPS ,BUY LIMIT GOLD @ 500.0,REJECTED,Price sanity fail: entry 500.0 is 88.0% from live 4174.64000,3590
2026-10-01 23:23:01,Account 2,GOLD Trader Dan,London session sell trade! 1/5 RR!  XAUUSD SMASHED TP 430 PIPS ,SELL GOLD @ 430.0,REJECTED,"R:R too low: 0.00x (need >= 1.5x). TP=430.00, SL dist=0.00",3591
2026-10-01 23:26:49,Account 2,GOLD Trader Dan,New York sell trade! 1/5 RR beauty!  XAUUSD SMASHED TP 350 PIPS ,N/A,FAILED,Trigger could not parse a valid trade structure from this signal,3592
2026-10-01 23:26:52,Account 2,GOLD Snipers,S1/XAUUSD SMASH / TPS 160 PIPS!,N/A,FAILED,Trigger could not parse a valid trade structure from this signal,3593
2026-10-01 23:26:56,Account 2,GOLD Snipers,S4/XAUUSD SMASH / TPS 160 PIPS!,N/A,FAILED,Trigger could not parse a valid trade structure from this signal,3594
2026-10-01 23:27:00,Account 2,GOLD Snipers,S5/XAUUSD SMASH / TPS 120 PIPS!,N/A,FAILED,Trigger could not parse a valid trade structure from this signal,3595
2026-10-01 23:27:03,Account 2,GOLD Snipers,S2/XAUUSD SMASH / TPS 130 PIPS!,N/A,FAILED,Trigger could not parse a valid trade structure from this signal,3596
2026-10-01 23:27:07,Account 2,GOLD Snipers,S3/XAUUSD SMASH / TPS 130 PIPS!,N/A,FAILED,Trigger could not parse a valid trade structure from this signal,3597
2026-10-02 02:07:54,Account 2,XAUUSD GOLO MASTER, XAUUSD SELL. 4188-4186 I will delete the link after two minutes   https://t.me/+HZ7GDTALh7I3YTE0  600+ PIPS TARGET ,SELL GOLD @ 4188.0,REJECTED,"R:R too low: 1.00x (need >= 1.5x). TP=4186.00, SL dist=2.00",3598
2026-10-02 05:41:31,Account 2,Vault Gold Forex,Gold Buy @ 4136 Sl: @ 4126 TP: @ 4146 lot size 0.11 Confirm 99% https://t.me/+ysp2VUkbtBhkNTA0,BUY GOLD @ 4136.0,REJECTED,SL too wide: 10.00 > 6.88 (1.5x ATR=4.59). Max risk exceeded.,3599
2026-10-02 05:46:13,Account 2,XAUUSD GOLO MASTER,Gold Buy @ 4136 Sl: @ 4126 TP: @ 4146 lot size 0.11 Confirm 99% https://t.me/+ysp2VUkbtBhkNTA0,BUY GOLD @ 4136.0,REJECTED,SL too wide: 10.00 > 7.11 (1.5x ATR=4.74). Max risk exceeded.,3600
2026-10-02 05:56:23,Account 2,XAUUSD GOLO MASTER,Gold Buy @ 4136 Sl: @ 4126 TP: @ 4146 lot size 0.11 Confirm 99% https://t.me/+ysp2VUkbtBhkNTA0,BUY GOLD @ 4136.0,REJECTED,SL too wide: 10.00 > 7.41 (1.5x ATR=4.94). Max risk exceeded.,3601
2026-10-02 06:00:18,Account 2,Vault Gold Forex,Gold Buy @ 4136 Sl: @ 4126 TP: @ 4146 lot size 0.11 Confirm 99% https://t.me/+ysp2VUkbtBhkNTA0,BUY GOLD @ 4136.0,REJECTED,SL too wide: 10.00 > 7.30 (1.5x ATR=4.86). Max risk exceeded.,3602
2026-10-02 06:01:43,Account 2,XAUUSD GOLO MASTER,Gold Buy @ 4136 Sl: @ 4126 TP: @ 4146 lot size 0.11 Confirm 99% https://t.me/+ysp2VUkbtBhkNTA0,BUY GOLD @ 4136.0,REJECTED,SL too wide: 10.00 > 7.50 (1.5x ATR=5.00). Max risk exceeded.,3603
2026-10-02 06:14:39,Account 2,XAUUSD GOLO MASTER,Gold Buy @ 4136 Sl: @ 4126 TP: @ 4146 lot size 0.11 Confirm 99% https://t.me/+ysp2VUkbtBhkNTA0,BUY GOLD @ 4136.0,REJECTED,SL too wide: 10.00 > 8.05 (1.5x ATR=5.36). Max risk exceeded.,3604
2026-10-02 06:29:22,Account 2,XAUUSD GOLO MASTER,Gold Buy @ 4136 Sl: @ 4126 TP: @ 4146 lot size 0.11 Confirm 99% https://t.me/+ysp2VUkbtBhkNTA0,BUY GOLD @ 4136.0,REJECTED,SL too wide: 10.00 > 8.33 (1.5x ATR=5.56). Max risk exceeded.,3605
2026-10-02 06:37:50,Account 2,Vault Gold Forex,GOLD SELL 4154/4160 TP1 4157 TP2 4160 TP3 4163 TP4 4166 Sl....4142  GOOD LUCK VIP FREE SINGLE  https://t.me/+rqRzFZE5U5phOTdk  1 Year FREE JOIN  https...,SELL GOLD @ 4154.0,REJECTED,SL too wide: 12.00 > 9.35 (1.5x ATR=6.24). Max risk exceeded.,3606
2026-10-02 06:38:07,Account 2,Vault Gold Forex,GOLD SELL 4154/4160 TP1 4157 TP2 4160 TP3 4163 TP4 4166 Sl....4142  GOOD LUCK VIP FREE SINGLE  https://t.me/+rqRzFZE5U5phOTdk  1 Year FREE JOIN  https...,SELL GOLD @ 4154.0,REJECTED,SL too wide: 12.00 > 9.35 (1.5x ATR=6.24). Max risk exceeded.,3607
2026-10-02 06:38:50,Account 2,Vault Gold Forex,GOLD / XAUUSD BIG SIGNAL  TARGET 200 PIPS  SL TP  https://t.me/+ZL0MjsXk4Ew0Zjc0,BUY GOLD @ None,SUCCESS,Trade executed successfully on MT5,3608
2026-10-02 06:43:14,Account 2,RIAOGOLDFOREX,XAUUSD BUY 4133,BUY GOLD @ 4133.0,SUCCESS,Trade executed successfully on MT5,3609
2026-10-02 06:45:32,Account 2,RIAOGOLDFOREX,XAUUSD BUY 4135  TP 4138  TP 4141  TP 4144  TP 4147  TP 4150  TP 4153  SL 4125,BUY GOLD @ 4135.0,REJECTED,"R:R too low: 0.60x (need >= 1.5x). TP=4141.00, SL dist=10.00",3610
2026-10-02 06:49:35,Account 2,Vault Gold Forex,GOLD BUY NOW   USE BIG LOT   SL & TP ,BUY GOLD @ None,SUCCESS,Trade executed successfully on MT5,3611
2026-10-02 06:50:29,Account 2,Perfect Management,XAUUSD     BUY    4138   Sl       4127  ¹TP      4142 ²TP      4146 ³TP      4150 ⁴TP      4154 ⁵TP ,"BUY GOLD @ 4143.6 (SL: 4127.0, TP: 4162.0)",BUY,GOLD,4143.6,4127.0,4162.0,SUCCESS,Executed with AI Runner TSL
2026-10-02 06:53:35,Account 2,JOSEFINA TRADER0🎖,XAUUSD BUY 4143,BUY GOLD @ 4143.0,FAILED,MT5 execution failed — check broker logs,3613
2026-10-02 06:54:43,Account 2,JOSEFINA TRADER0🎖,XAUUSD BUY 4143 TP 4146 TP 4149 TP 4152 TP 4155 TP 4158 SL 4132 Use proper risk management Guys,BUY GOLD @ 4143.0,REJECTED,SL too wide: 11.00 > 10.74 (1.5x ATR=7.16). Max risk exceeded.,3614
2026-10-02 06:55:22,Account 2,JOSEFINA TRADER0🎖,XAUUSD BUY                 https://t.me/+zjIlcHd0lhxhZTM8 https://t.me/+zjIlcHd0lhxhZTM8,BUY GOLD @ 4041.0,FAILED,MT5 execution failed — check broker logs,3615
2026-10-02 07:03:53,Account 2,Vault Gold Forex, #XAUUSD SELL NOW 4090   SL :#see in channal   TP: #see in channal  https://t.me/+4i_GvOpyt1U0Y2I8 https://t.me/+4i_GvOpyt1U0Y2I8  LINK EXPIRE IN 5 MN...,SELL GOLD @ 4090.0,SUCCESS,Trade executed successfully on MT5,3616
2026-10-02 07:04:14,Account 2,Vault Gold Forex,XAUUSD BUY                 https://t.me/+zjIlcHd0lhxhZTM8 https://t.me/+zjIlcHd0lhxhZTM8,BUY GOLD @ 4041.0,SUCCESS,Trade executed successfully on MT5,3617
2026-10-02 07:05:51,Account 2,Market Trader Crypto Forex,BTCUSDT Short Trade   👇👇👇👇  https://affs.click/xnqPA PATNER CODE (663WF),"SELL BTCUSD @ 84595.25 (SL: 84635.25, TP: 84515.25)",SELL,BTCUSD,84595.25,84635.25,84515.25,SUCCESS,Executed Market Trader Setup
2026-10-02 07:10:20,Account 2,Vault Gold Forex,Gold Buy @ 4136 Sl: @ 4126 TP: @ 4146 lot size 0.11 Confirm 99% https://t.me/+ysp2VUkbtBhkNTA0,BUY GOLD @ 4136.0,REJECTED,"R:R too low: 1.00x (need >= 1.5x). TP=4146.00, SL dist=10.00",3619
2026-10-02 07:11:03,Account 2,Vault Gold Forex,GOLD BUY NOW   USE BIG LOT   SL & TP ,BUY GOLD @ None,SUCCESS,Trade executed successfully on MT5,3620
2026-10-02 07:13:19,Account 2,Vault Gold Forex,XAUUSD BUY 41504147  TP 4153  TP 4156  TP 4159  TP 4162  TP 4165  SL 4140,BUY GOLD @ 41504147.0,REJECTED,SL too wide: 41500007.00 > 11.16 (1.5x ATR=7.44). Max risk exceeded.,3621
2026-10-02 07:17:33,Account 2,Vault Gold Forex,XAUUSD BUY 4146/4143  TP 4149  TP 4152  TP 4155  TP 4158  TP 4161  SL 4136,BUY GOLD @ 4146.0,REJECTED,"R:R too low: 0.30x (need >= 1.5x). TP=4149.00, SL dist=10.00",3622
2026-10-02 07:20:04,Account 2,Vault Gold Forex, #XAUUSD SELL NOW 4150   SL :#see in channal   TP: #see in channal   https://t.me/+KNX4hQFoPU4wYzQ0 https://t.me/+KNX4hQFoPU4wYzQ0  LINK EXPIRE IN 5 M...,SELL GOLD @ 4150.0,SUCCESS,Trade executed successfully on MT5,3623
2026-10-02 07:20:14,Account 2,XAUUSD GOLO MASTER, #XAUUSD SELL NOW 4150   SL :#see in channal   TP: #see in channal   https://t.me/+KNX4hQFoPU4wYzQ0 https://t.me/+KNX4hQFoPU4wYzQ0  LINK EXPIRE IN 5 M...,SELL GOLD @ 4150.0,SUCCESS,Trade executed successfully on MT5,3624
2026-10-02 07:23:17,Account 2,XAUUSD GOLO MASTER,XAUUSD SELL 4149,SELL GOLD @ 4149.0,SUCCESS,Trade executed successfully on MT5,3625
2026-10-02 07:23:40,Account 2,Vault Gold Forex, #XAUUSD SELL NOW 4090   SL :#see in channal   TP: #see in channal  https://t.me/+4i_GvOpyt1U0Y2I8 https://t.me/+4i_GvOpyt1U0Y2I8  LINK EXPIRE IN 5 MN...,SELL GOLD @ 4090.0,SUCCESS,Trade executed successfully on MT5,3626
2026-10-02 07:23:54,Account 2,XAUUSD GOLO MASTER,XAUUSD SELL 4149  TP 4146 TP 4143 TP 4140 TP 4137 TP 4134  SL 4161,SELL GOLD @ 4149.0,REJECTED,SL too wide: 12.00 > 11.45 (1.5x ATR=7.63). Max risk exceeded.,3627
2026-10-02 07:33:19,Account 2,Vault Gold Forex,GOLD BUY NOW   USE BIG LOT   SL & TP ,BUY GOLD @ None,FAILED,MT5 execution failed — check broker logs,3628
2026-10-02 07:33:36,Account 2,JOSEFINA TRADER0🎖,GOLD / XAUUSD BIG SIGNAL  TARGET 200 PIPS  SL TP  https://t.me/+ZL0MjsXk4Ew0Zjc0,BUY GOLD @ None,FAILED,MT5 execution failed — check broker logs,3629
2026-10-02 07:34:13,Account 2,Vault Gold Forex,GOLD / XAUUSD BIG SIGNAL  TARGET 200 PIPS  SL TP  https://t.me/+ZL0MjsXk4Ew0Zjc0,BUY GOLD @ None,FAILED,MT5 execution failed — check broker logs,3630
2026-10-02 07:36:02,Account 2,Vault Gold Forex, #XAUUSD SELL NOW 4150   SL :#see in channal   TP: #see in channal   https://t.me/+KNX4hQFoPU4wYzQ0 https://t.me/+KNX4hQFoPU4wYzQ0  LINK EXPIRE IN 5 M...,SELL GOLD @ 4150.0,FAILED,MT5 execution failed — check broker logs,3631
2026-10-02 07:36:31,Account 2,Vault Gold Forex, #XAUUSD SELL NOW 4150   SL :#see in channal   TP: #see in channal   https://t.me/+KNX4hQFoPU4wYzQ0 https://t.me/+KNX4hQFoPU4wYzQ0  LINK EXPIRE IN 5 M...,SELL GOLD @ 4150.0,FAILED,MT5 execution failed — check broker logs,3632
2026-10-02 07:39:11,Account 2,Market Trader Crypto Forex,Exit kar dijiye sabhi,"EXIT BTCUSD @ 0 (SL: 0, TP: 0)",EXIT,BTCUSD,0,0,0,SUCCESS,Manual exit requested by trader
2026-10-02 07:40:58,Account 2,Vault Gold Forex,GOLD / XAUUSD BIG SIGNAL  TARGET 200 PIPS  SL TP  https://t.me/+ZL0MjsXk4Ew0Zjc0,BUY GOLD @ None,SUCCESS,Trade executed successfully on MT5,3634
2026-10-02 07:45:04,Account 2,JOSEFINA TRADER0🎖,GOLD / XAUUSD BIG SIGNAL  TARGET 200 PIPS  SL TP  https://t.me/+ZL0MjsXk4Ew0Zjc0,BUY GOLD @ None,SUCCESS,Trade executed successfully on MT5,3635
2026-10-02 07:54:58,Account 2,JOSEFINA TRADER0🎖,XAUUSD BUY 4156,BUY GOLD @ 4156.0,SUCCESS,Trade executed successfully on MT5,3636
2026-10-02 07:55:49,Account 2,𝐗𝐀𝐔𝐔𝐒𝐃 𝐓𝐑𝐀𝐃𝐈𝐍𝐆 𝐌𝐀𝐒𝐓𝐄𝐑,XAUUSD SELL NOW 4160-4163  TP1 4157 TP2 4154 TP3 4151 TP4 4148 TP5 4145 TP6 4142 TP7 4139   SL4169 use Proper money management,SELL GOLD @ 4160.0,REJECTED,"R:R too low: 0.33x (need >= 1.5x). TP=4157.00, SL dist=9.00",3637
2026-10-02 07:56:17,Account 2,JOSEFINA TRADER0🎖,XAUUSD BUY 4156 TP 4159 TP 4162 TP 4165 TP 4166 TP 4169 SL 4145 Use proper risk management Guys,BUY GOLD @ 4156.0,REJECTED,"R:R too low: 0.27x (need >= 1.5x). TP=4159.00, SL dist=11.00",3638
2026-10-02 08:12:58,Account 2,JOSEFINA TRADER0🎖,XAUUSD BUY 4156 TP 4159 TP 4162 TP 4165 TP 4168 TP 4171 SL 4145 Use proper risk management Guys,BUY GOLD @ 4156.0,REJECTED,"R:R too low: 0.27x (need >= 1.5x). TP=4159.00, SL dist=11.00",3639
2026-10-02 08:13:21,Account 2,Swich Gold Forex™,XAUUSD SELL 4158  TP 4155 TP 4152 TP 4148 TP 4145  SL 4172,SELL GOLD @ 4158.0,REJECTED,SL too wide: 14.00 > 13.23 (1.5x ATR=8.82). Max risk exceeded.,3640
2026-10-02 08:27:42,Account 2,XAUUSD GOLO MASTER,XAUUSD SELL 4160,SELL GOLD @ 4160.0,SUCCESS,Trade executed successfully on MT5,3641
2026-10-02 08:27:58,Account 2,XAUUSD GOLO MASTER,XAUUSD SELL 4160  TP 4157 TP 4154 TP 4151 TP 4148 TP 4145  SL 4172,SELL GOLD @ 4160.0,REJECTED,"R:R too low: 0.25x (need >= 1.5x). TP=4157.00, SL dist=12.00",3642
2026-10-02 08:34:43,Account 2,Vault Gold Forex, XAUUSD BUY         Click to see                https://t.me/+KkunQU3cswM2MDlk https://t.me/+KkunQU3cswM2MDlk,BUY GOLD @ 4041.0,SUCCESS,Trade executed successfully on MT5,3643
2026-10-02 08:35:12,Account 2,Vault Gold Forex, #XAUUSD SELL NOW 4090   SL :#see in channal   TP: #see in channal  https://t.me/+4i_GvOpyt1U0Y2I8 https://t.me/+4i_GvOpyt1U0Y2I8  LINK EXPIRE IN 5 MN...,SELL GOLD @ 4090.0,SUCCESS,Trade executed successfully on MT5,3644
2026-10-02 08:43:35,Account 2,Vault Gold Forex, #XAUUSD SELL NOW 4090   SL :#see in channal   TP: #see in channal  https://t.me/+4i_GvOpyt1U0Y2I8 https://t.me/+4i_GvOpyt1U0Y2I8  LINK EXPIRE IN 5 MN...,SELL GOLD @ 4090.0,SUCCESS,Trade executed successfully on MT5,3645
2026-10-02 08:46:41,Account 2,𝐗𝐀𝐔𝐔𝐒𝐃 𝐓𝐑𝐀𝐃𝐈𝐍𝐆 𝐌𝐀𝐒𝐓𝐄𝐑,GOLD SELL NOW 4173,SELL GOLD @ 4173.0,SUCCESS,Trade executed successfully on MT5,3646
2026-10-02 08:48:53,Account 2,𝐗𝐀𝐔𝐔𝐒𝐃 𝐓𝐑𝐀𝐃𝐈𝐍𝐆 𝐌𝐀𝐒𝐓𝐄𝐑,XAUUSD SELL NOW 4173-4176  TP1 4170 TP2 4167 TP3 4164 TP4 4161 TP5 4158 TP6 4155 TP7 4152   SL4182 use Proper money management,SELL GOLD @ 4173.0,REJECTED,"R:R too low: 0.33x (need >= 1.5x). TP=4170.00, SL dist=9.00",3647
2026-10-02 08:54:38,Account 2,Perfect Management,XAUUSD          BUY  TP¹ HIT DONE 40+ PIPS,"TP1_HIT GOLD @ 0 (SL: 0, TP: 0)",TP1_HIT,GOLD,0,0,0,SUCCESS,TP1 Hit -> Kept SL Fixed for TP2
2026-10-02 08:54:47,Account 2,Perfect Management,XAUUSD          BUY  TP² HIT DONE 80+ PIPS,"TP2_HIT GOLD @ 0 (SL: 0, TP: 0)",TP2_HIT,GOLD,0,0,0,NO_OPEN_ORDER,TP2 Hit -> Put TSL at TP2 + 10-pip trail
2026-10-02 08:55:56,Account 2,Perfect Management,XAUUSD          BUY  All TP⁶ HIT DONE 240+ PIPS,"BOOK_PROFIT_80% GOLD @ 0 (SL: 0, TP: 0)",BOOK_PROFIT_80%,GOLD,0,0,0,SUCCESS,All TPs hit -> Booked 80%
2026-10-02 09:04:07,Account 2,XAUUSD VIP SIGNAL,XAUUSD SELL NOW @ 4174 MORE SELL @ 4178  TP : 4170 TP : 4166 TP : 4162 TP : 4158 TP : 4154 TP : 4150 TP : 4146  SL : 4190,SELL GOLD @ 4174.0,REJECTED,SL too wide: 16.00 > 13.43 (1.5x ATR=8.95). Max risk exceeded.,3651
2026-10-02 09:10:16,Account 2,XAUUSD GOLO MASTER, XAUUSD SELL 4182-4184 I will delete the link after two minutes   https://t.me/+aU2fRjGYE9s1NTU8  600+ PIPS TARGET ,SELL GOLD @ 4182.0,REJECTED,"R:R too low: 0.50x (need >= 1.5x). TP=4183.00, SL dist=2.00",3652
2026-10-02 09:22:40,Account 2,𝐗𝐀𝐔𝐔𝐒𝐃 𝐓𝐑𝐀𝐃𝐈𝐍𝐆 𝐌𝐀𝐒𝐓𝐄𝐑,GOLD BUY NOW 4170,BUY GOLD @ 4170.0,FAILED,MT5 execution failed — check broker logs,3653
2026-10-02 09:24:29,Account 2,𝐗𝐀𝐔𝐔𝐒𝐃 𝐓𝐑𝐀𝐃𝐈𝐍𝐆 𝐌𝐀𝐒𝐓𝐄𝐑, XAUUSD BUY : 4170-4167  TP : 4173 TP : 4176 TP : 4179 TP : 4182 TP : 4185 TP : 4188 TP : 4191_OPEN   SL : 4161  Use Proper Money Management. ,BUY GOLD @ 4170.0,REJECTED,"R:R too low: 0.33x (need >= 1.5x). TP=4173.00, SL dist=9.00",3654
2026-10-02 09:34:34,Account 1,𝐗𝐀𝐔𝐔𝐒𝐃 𝐕𝐈𝐏 𝐒𝐈𝐆𝐍𝐀𝐋𝐒,#GOLD SELL 4184/4188  TP 4178 TP 4172 TP 4166 TP 4140 Confim  SL 4196  Use According To Your Account Equity Leve,SELL GOLD @ 4184.0,REJECTED,Macro Trend Filter: Counter-trend SELL from '𝐗𝐀𝐔𝐔𝐒𝐃 𝐕𝐈𝐏 𝐒𝐈𝐆𝐍𝐀𝐋𝐒' (Conviction=0.65) blocked during H1 BULLISH trend.,3655
2026-10-02 09:44:21,Account 1,DUBAI CAPITAL FX GROUP 3,GOLD SELL 4185 MORE SELL 4188  TP 4181 TP 4178 TP 4175 TP 4172 TP 4169 TP 4166 TP 4163  SL_4196,SELL GOLD @ 4185.0,REJECTED,Macro Trend Filter: Counter-trend SELL from 'DUBAI CAPITAL FX GROUP 3' (Conviction=0.45) blocked during H1 BULLISH trend.,3656
2026-10-02 09:46:54,Account 2,Vault Gold Forex, XAUUSD SELL 4183-4186  I will delete the link after two minutes       TP& SL Here  https://t.me/+WvX-5zzaD85jZTBk  https://t.me/+B8N7hWl9VFw1MGY0 600...,SELL GOLD @ 4183.0,REJECTED,Macro Trend Filter: Counter-trend SELL from 'Vault Gold Forex' (Conviction=0.55) blocked during H1 BULLISH trend.,3657
2026-10-02 09:47:08,Account 2,Vault Gold Forex,Gold Buy @ 4136 Sl: @ 4126 TP: @ 4146 lot size 0.11 Confirm 99% https://t.me/+ysp2VUkbtBhkNTA0,BUY GOLD @ 4136.0,REJECTED,"R:R too low: 1.00x (need >= 1.5x). TP=4146.00, SL dist=10.00",3658
2026-10-02 09:47:45,Account 2,Swich Gold Forex™, XAUUSD SELL 4183-4186  I will delete the link after two minutes       TP& SL Here  https://t.me/+WvX-5zzaD85jZTBk  https://t.me/+B8N7hWl9VFw1MGY0 600...,SELL GOLD @ 4183.0,REJECTED,"R:R too low: 0.67x (need >= 1.5x). TP=4185.00, SL dist=3.00",3659
2026-10-02 09:48:41,Account 2,Vault Gold Forex, XAUUSD BUY         Click to see                https://t.me/+KkunQU3cswM2MDlk https://t.me/+KkunQU3cswM2MDlk,BUY GOLD @ 4041.0,SUCCESS,Trade executed successfully on MT5,3660
2026-10-02 09:56:42,Account 2,Vault Gold Forex, XAUUSD BUY         Click to see                https://t.me/+KkunQU3cswM2MDlk https://t.me/+KkunQU3cswM2MDlk,BUY GOLD @ 4041.0,SUCCESS,Trade executed successfully on MT5,3661
2026-10-02 09:57:26,Account 2,XAUUSD GOLO MASTER, XAUUSD SELL 4182-4184 I will delete the link after two minutes   https://t.me/+aU2fRjGYE9s1NTU8  600+ PIPS TARGET ,SELL GOLD @ 4182.0,REJECTED,Macro Trend Filter: Counter-trend SELL from 'XAUUSD GOLO MASTER' (Conviction=0.65) blocked during H1 BULLISH trend.,3662
2026-10-02 10:01:09,Account 2,XAUUSD GOLO MASTER, XAUUSD SELL 4190-4193 I will delete the link after two minutes   https://t.me/+aU2fRjGYE9s1NTU8  600+ PIPS TARGET ,SELL GOLD @ 4190.0,REJECTED,Macro Trend Filter: Counter-trend SELL from 'XAUUSD GOLO MASTER' (Conviction=0.65) blocked during H1 BULLISH trend.,3663
2026-10-02 10:01:22,Account 2,Vault Gold Forex,GOLD / XAUUSD BIG SIGNAL  TARGET 200 PIPS  SL TP  https://t.me/+ZL0MjsXk4Ew0Zjc0,BUY GOLD @ None,SUCCESS,Trade executed successfully on MT5,3664
2026-10-02 10:06:49,Account 2,XAUUSD GOLO MASTER,Gold Buy @ 4136 Sl: @ 4126 TP: @ 4146 lot size 0.11 Confirm 99% https://t.me/+ysp2VUkbtBhkNTA0,BUY GOLD @ 4136.0,REJECTED,"R:R too low: 1.00x (need >= 1.5x). TP=4146.00, SL dist=10.00",3665
2026-10-02 10:14:28,Account 2,XAUUSD GOLO MASTER,Gold Buy @ 4136 Sl: @ 4126 TP: @ 4146 lot size 0.11 Confirm 99% https://t.me/+ysp2VUkbtBhkNTA0,BUY GOLD @ 4136.0,REJECTED,"R:R too low: 1.00x (need >= 1.5x). TP=4146.00, SL dist=10.00",3666
2026-10-02 10:16:47,Account 2,SureShot GOLD (VIP),XAUUSD BUY 4182.88  SL:  4172.88 TP:  4202.88 --Trade by William,BUY GOLD @ 4182.88,SUCCESS,Trade executed successfully on MT5,3667
2026-10-02 10:25:47,Account 2,Gold VIP,Plan a new trade in Gold ,BUY GOLD @ None,FAILED,MT5 execution failed — check broker logs,3668
2026-10-02 10:30:50,Account 2,Sureshot FX 🎯,"+141.77% on a single LONG   Same plan, same discipline, another green close.  Next signal drops soon   Send ""CRYPTO"" to @ssf_crypto_support",SELL GOLD @ 4068.0,REJECTED,Macro Trend Filter: Counter-trend SELL from 'Sureshot FX 🎯' (Conviction=0.65) blocked during H1 BULLISH trend.,3669
2026-10-02 10:44:48,Account 2,Swich Gold Forex™,XAUUSD SELL 4192  TP 4189 TP 4186 TP 4183 TP 4180  SL 4202,SELL GOLD @ 4192.0,REJECTED,"R:R too low: 0.30x (need >= 1.5x). TP=4189.00, SL dist=10.00",3670
2026-10-02 10:50:17,Account 2,Swich Gold Forex™,GOLD BUY NOW   USE BIG LOT   SL & TP ,BUY GOLD @ None,FAILED,MT5 execution failed — check broker logs,3671
2026-10-02 10:51:04,Account 1,"Mr.DAVID, XAU/USD CLUB",XAUUSD  BUY  ENTR. 4187.400.4182 tp1:4197 tp2 4206 tp3 4210 tp4 4215 tp5 4220 SL: 4175,BUY GOLD @ 4187.4,REJECTED,SL too wide: 12.40 > 11.04 (1.5x ATR=7.36). Max risk exceeded.,3672
2026-10-02 10:57:37,Account 2,XAUUSD GOLO MASTER, GOLD SELL NOW   TP  TP  SL     3   ,SELL GOLD @ 0,REJECTED,Macro Trend Filter: Counter-trend SELL from 'XAUUSD GOLO MASTER' (Conviction=0.65) blocked during H1 BULLISH trend.,3673
2026-10-02 10:59:41,Account 2,Swich Gold Forex™, XAUUSD SELL 4190-4193 I will delete the link after two minutes   https://t.me/+aU2fRjGYE9s1NTU8  600+ PIPS TARGET ,SELL GOLD @ 4190.0,REJECTED,"R:R too low: 0.00x (need >= 1.5x). TP=4190.00, SL dist=3.00",3674
2026-10-02 11:01:16,Account 2,SureShot GOLD (VIP),XAUUSD BUY 4186.64  SL:  4176.64 TP:  4206.64 --Trade by William,BUY GOLD @ 4186.64,FAILED,MT5 execution failed — check broker logs,3675
2026-10-02 11:01:54,Account 2,XAUUSD GOLO MASTER,XAUUSD (GOLD) NEXT MOVE CONFRIM ENTRY  ,SELL GOLD @ 4047.0,REJECTED,Macro Trend Filter: Counter-trend SELL from 'XAUUSD GOLO MASTER' (Conviction=0.65) blocked during H1 BULLISH trend.,3676
2026-10-02 11:02:29,Account 2,Swich Gold Forex™,GOLD / XAUUSD BIG SIGNAL  TARGET 200 PIPS  SL TP  https://t.me/+ZL0MjsXk4Ew0Zjc0,BUY GOLD @ None,FAILED,MT5 execution failed — check broker logs,3677
2026-10-02 11:10:16,Account 2,XAUUSD GOLO MASTER,XAUUSD (GOLD) NEXT MOVE CONFRIM ENTRY  ,SELL GOLD @ 4047.0,REJECTED,Macro Trend Filter: Counter-trend SELL from 'XAUUSD GOLO MASTER' (Conviction=0.65) blocked during H1 BULLISH trend.,3678
2026-10-02 11:12:42,Account 2,Swich Gold Forex™,GOLD BUY NOW   USE BIG LOT   SL & TP ,BUY GOLD @ None,FAILED,MT5 execution failed — check broker logs,3679
2026-10-02 11:16:16,Account 2,JOSEFINA TRADER0🎖,XAUUSD BUY 4187,BUY GOLD @ 4187.0,FAILED,MT5 execution failed — check broker logs,3680
2026-10-02 11:17:11,Account 2,Vault Gold Forex, XAUUSD BUY         Click to see                https://t.me/+KkunQU3cswM2MDlk https://t.me/+KkunQU3cswM2MDlk,BUY GOLD @ 4041.0,FAILED,MT5 execution failed — check broker logs,3681
2026-10-02 11:17:46,Account 2,JOSEFINA TRADER0🎖,XAUUSD BUY 4187 TP 4190 TP 4193 TP 4196 TP 4199 TP 4202 SL 4176 Use proper risk management Guys,BUY GOLD @ 4187.0,REJECTED,SL too wide: 11.00 > 9.89 (1.5x ATR=6.59). Max risk exceeded.,3682
2026-10-02 11:26:38,Account 2,Vault Gold Forex,Gold Buy @ 4136 Sl: @ 4126 TP: @ 4146 lot size 0.11 Confirm 99% https://t.me/+ysp2VUkbtBhkNTA0,BUY GOLD @ 4136.0,REJECTED,"R:R too low: 1.00x (need >= 1.5x). TP=4146.00, SL dist=10.00",3683
2026-10-02 11:29:56,Account 2,XAUUSD GOLO MASTER,XAUUSD GOLD BUY NOW   SL TP HERE  https://t.me/+J7Q6OAuCaxxlYWI0 https://t.me/+J7Q6OAuCaxxlYWI0,BUY GOLD @ 4063.0,REJECTED,"R:R too low: 1.00x (need >= 1.5x). TP=4073.00, SL dist=10.00",3684
2026-10-02 11:30:55,Account 2,XAUUSD GOLO MASTER,GOLD BUY NOW   USE BIG LOT   SL & TP ,BUY GOLD @ None,FAILED,MT5 execution failed — check broker logs,3685
2026-10-02 11:31:32,Account 2,XAUUSD GOLO MASTER, GOLD SELL NOW   TP  TP  SL     3   ,SELL GOLD @ 0,REJECTED,Macro Trend Filter: Counter-trend SELL from 'XAUUSD GOLO MASTER' (Conviction=0.65) blocked during H1 BULLISH trend.,3686
2026-10-02 11:32:02,Account 2,XAUUSD GOLO MASTER,GOLD BUY NOW   USE BIG LOT   SL & TP ,BUY GOLD @ None,FAILED,MT5 execution failed — check broker logs,3687
2026-10-02 11:36:43,Account 1,𝐗𝐀𝐔𝐔𝐒𝐃 𝐕𝐈𝐏 𝐒𝐈𝐆𝐍𝐀𝐋𝐒,#GOLD SELL 4196/4200  TP 4190 TP 4185 TP 4180 TP 4150 Confim  SL 4210  Use According To Your Account Equity Leve,SELL GOLD @ 4196.0,REJECTED,Macro Trend Filter: Counter-trend SELL from '𝐗𝐀𝐔𝐔𝐒𝐃 𝐕𝐈𝐏 𝐒𝐈𝐆𝐍𝐀𝐋𝐒' (Conviction=0.65) blocked during H1 BULLISH trend.,3688
2026-10-02 11:51:06,Account 2,Swich Gold Forex™, XAUUSD SELL. 4198-4196 I will delete the link after two minutes   https://t.me/+HZ7GDTALh7I3YTE0  #NFP 600+ PIPS TARGET ,SELL GOLD @ 4198.0,REJECTED,"R:R too low: 0.00x (need >= 1.5x). TP=4198.00, SL dist=2.00",3689
2026-10-02 12:02:03,Account 2,XAUUSD GOLO MASTER,XAUUSD SELL 4189,SELL GOLD @ 4189.0,REJECTED,Macro Trend Filter: Counter-trend SELL from 'XAUUSD GOLO MASTER' (Conviction=0.65) blocked during H1 BULLISH trend.,3690
2026-10-02 12:02:23,Account 2,JOSEFINA TRADER0🎖,XAUUSD gold 4190_4195 I will delete the link after two minutes   https://t.me/+1kS_InE0hogzMTQ0 https://t.me/+1kS_InE0hogzMTQ0   600+ PIPS TARGET ,SELL GOLD @ 4195.0,REJECTED,"R:R too low: 0.00x (need >= 1.5x). TP=4195.00, SL dist=5.00",3691
2026-10-02 12:02:44,Account 2,XAUUSD GOLO MASTER,XAUUSD SELL 4189  TP 4186 TP 4183 TP 4180 TP 4177 TP 4174  SL 4201,SELL GOLD @ 4189.0,REJECTED,Macro Trend Filter: Counter-trend SELL from 'XAUUSD GOLO MASTER' (Conviction=0.65) blocked during H1 BULLISH trend.,3692
2026-10-02 12:04:34,Account 2,XAUUSD GOLO MASTER, XAUUSD SEEL NOW   TP  TP  SL     5     https://t.me/+NeGiRPDZiAYyN2I8,SELL GOLD @ 4047.0,REJECTED,Macro Trend Filter: Counter-trend SELL from 'XAUUSD GOLO MASTER' (Conviction=0.65) blocked during H1 BULLISH trend.,3693
2026-10-02 12:08:33,Account 2,JOSEFINA TRADER0🎖,XAUUSD gold 4190_4195 I will delete the link after two minutes   https://t.me/+1kS_InE0hogzMTQ0 https://t.me/+1kS_InE0hogzMTQ0   600+ PIPS TARGET ,SELL GOLD @ 4195.0,REJECTED,"R:R too low: 0.00x (need >= 1.5x). TP=4195.00, SL dist=5.00",3694
2026-10-02 12:09:43,Account 2,SureShot GOLD (VIP),XAUUSD BUY 4184.38  SL:  4174.38 TP:  4204.38 --Trade by Matthew,BUY GOLD @ 4184.38,REJECTED,SL too wide: 10.00 > 9.98 (1.5x ATR=6.66). Max risk exceeded.,3695
2026-10-02 12:12:39,Account 2,Vault Gold Forex,Gold Buy @ 4136 Sl: @ 4126 TP: @ 4146 lot size 0.11 Confirm 99% https://t.me/+ysp2VUkbtBhkNTA0,BUY GOLD @ 4136.0,REJECTED,"R:R too low: 1.00x (need >= 1.5x). TP=4146.00, SL dist=10.00",3696
2026-10-02 12:14:48,Account 2,Grade Profit forex,XAUUSD SELL 4182,SELL GOLD @ 4182.0,REJECTED,Macro Trend Filter: Counter-trend SELL from 'Grade Profit forex' (Conviction=0.65) blocked during H1 BULLISH trend.,3697
2026-10-02 12:15:27,Account 2,Grade Profit forex,XAUUSD SELL 4182  TP 4179 TP 4176 TP 4173 TP 4170 TP 4167  SL 4192,SELL GOLD @ 4182.0,REJECTED,Macro Trend Filter: Counter-trend SELL from 'Grade Profit forex' (Conviction=0.65) blocked during H1 BULLISH trend.,3698
2026-10-02 12:16:08,Account 2,🌕 PERO | Forex - Investing ™,"Gold pushed into the 4190s before pulling back ahead of London.  For the next move, PERO keeping 42134215 above and 41384135 below on the radar.  Lond...",BUY GOLD @ None,FAILED,MT5 execution failed — check broker logs,3699
2026-10-02 12:18:26,Account 2,XAUUSD VIP SIGNAL,XAUUSD SELL NOW @ 4181 MORE SELL @ 4185  TP : 4177 TP : 4173 TP : 4169 TP : 4165 TP : 4161 TP : 4157 TP : 4153  SL : 4190,SELL GOLD @ 4181,REJECTED,Macro Trend Filter: Counter-trend SELL from 'XAUUSD VIP SIGNAL' (Conviction=0.65) blocked during H1 BULLISH trend.,3700
2026-10-02 12:19:09,Account 2,Vault Gold Forex, #XAUUSD SELL NOW 4179   SL :#see in channal   TP: #see in channal   https://t.me/+KNX4hQFoPU4wYzQ0 https://t.me/+KNX4hQFoPU4wYzQ0  LINK EXPIRE IN 5 M...,SELL GOLD @ 4179.0,REJECTED,Macro Trend Filter: Counter-trend SELL from 'Vault Gold Forex' (Conviction=0.55) blocked during H1 BULLISH trend.,3701
2026-10-02 12:21:54,Account 2,JOSEFINA TRADER0🎖,XAUUSD gold 4190_4195 I will delete the link after two minutes   https://t.me/+1kS_InE0hogzMTQ0 https://t.me/+1kS_InE0hogzMTQ0   600+ PIPS TARGET ,SELL GOLD @ 4195.0,REJECTED,"R:R too low: 0.00x (need >= 1.5x). TP=4195.00, SL dist=5.00",3702
2026-10-02 12:22:34,Account 2,Vault Gold Forex,GOLD / XAUUSD  BIG SIGNAL  TARGET 300 PIPS  SL TP ,SELL GOLD @ 4068.0,REJECTED,Macro Trend Filter: Counter-trend SELL from 'Vault Gold Forex' (Conviction=0.55) blocked during H1 BULLISH trend.,3703
2026-10-02 12:24:44,Account 1,XAUUSD ACCURATE SiGNALS,Next Gold buy zoon 4177/72/   Sl 4165  Tp 4185/ Tp 4190/ Tp 4195/4202//opn  @Proazam1978,BUY GOLD @ 4177.0,REJECTED,SL too wide: 12.00 > 10.00 (1.5x ATR=6.67). Max risk exceeded.,3704
2026-10-02 12:26:38,Account 2,SureShot GOLD (VIP),XAUUSD BUY 4180.57  SL:  4170.57 TP:  4200.57 --Trade by Toby,BUY GOLD @ 4180.57,FAILED,MT5 execution failed — check broker logs,3705
2026-10-02 12:26:45,Account 2,Vault Gold Forex,GOLD / XAUUSD BIG SIGNAL  TARGET 200 PIPS  SL TP  https://t.me/+ZL0MjsXk4Ew0Zjc0,BUY GOLD @ None,FAILED,MT5 execution failed — check broker logs,3706
2026-10-02 12:35:52,Account 2,XAUUSD GOLO MASTER,XAUUSD SELL 4180  TP 4177 TP 4174 TP 4171 TP 4168 TP 4165 TP 4162 TP 4159 TP 4156 TP 4153  Confirm SL here ,SELL GOLD @ 4180.0,REJECTED,Macro Trend Filter: Counter-trend SELL from 'XAUUSD GOLO MASTER' (Conviction=0.65) blocked during H1 BULLISH trend.,3707
2026-10-02 12:45:10,Account 1,XAUUSD ACCURATE SiGNALS,Touch and tp 1  70+ PP ,SELL GOLD @ 4068.0,REJECTED,Macro Trend Filter: Counter-trend SELL from 'XAUUSD ACCURATE SiGNALS' (Conviction=0.65) blocked during H1 BULLISH trend.,3708
2026-10-02 13:11:44,Account 1,Pump Dump Gold,"Dear Traders,  We are going to DUMP XAUUSD today.  DUMP XAUUSD  Level1  4185-4225 Risk  ??  Level2  ?? Risk  ??   Reason for SELL: Fundamental:  Gold ...",SELL GOLD @ 4185.0,REJECTED,Macro Trend Filter: Counter-trend SELL from 'Pump Dump Gold' (Conviction=0.65) blocked during H1 BULLISH trend.,3709
2026-10-02 13:14:40,Account 2,GOLD KILLER PRO🔰🔰,XAUUSD BUY 4183-4179  TP 4187 TP 4191 TP 4195 TP 4199 TP 4203 TP 4207  SL 4170,BUY GOLD @ 4183.0,REJECTED,SL too wide: 13.00 > 10.00 (1.5x ATR=6.67). Max risk exceeded.,3710
2026-10-02 13:19:24,Account 2,Vault Gold Forex,Gold Buy @ 4136 Sl: @ 4126 TP: @ 4146 lot size 0.11 Confirm 99% https://t.me/+ysp2VUkbtBhkNTA0,BUY GOLD @ 4136.0,REJECTED,SL too wide: 10.00 > 9.70 (1.5x ATR=6.47). Max risk exceeded.,3711
2026-10-02 13:23:52,Account 2,Vault Gold Forex,Gold Buy @ 4136 Sl: @ 4126 TP: @ 4146 lot size 0.11 Confirm 99% https://t.me/+ysp2VUkbtBhkNTA0,BUY GOLD @ 4136.0,REJECTED,SL too wide: 10.00 > 9.95 (1.5x ATR=6.64). Max risk exceeded.,3712
2026-10-02 13:33:45,Account 2,SureShot GOLD (VIP),XAUUSD BUY 4188.54  SL:  4178.54 TP:  4208.54 --Trade by Matthew,BUY GOLD @ 4188.54,FAILED,MT5 execution failed — check broker logs,3713
2026-10-02 13:41:59,Account 2,XAUUSD GOLO MASTER, GOLD SELL NOW   TP  TP  SL     3   ,SELL GOLD @ 0,REJECTED,Macro Trend Filter: Counter-trend SELL from 'XAUUSD GOLO MASTER' (Conviction=0.65) blocked during H1 BULLISH trend.,3714
2026-10-02 13:45:55,Account 2,Sureshot FX VIP,EURUSD BUY 1.1261  SL:  1.1211 TP:  1.1361 --Trade by Flynn,BUY EURUSD @ 1126.1,REJECTED,Gold Lock: Symbol 'EURUSD' rejected. Gold only.,3715
2026-10-02 13:46:20,Account 2,Sureshot FX 🎯,EURUSD BUY 1.1261  SL:  1.1211 TP:  1.1361 --Trade by Flynn,BUY EURUSD @ 1126.1,REJECTED,Gold Lock: Symbol 'EURUSD' rejected. Gold only.,3716
2026-10-02 13:51:41,Account 2,XAUUSD GOLO MASTER,Gold Buy @ 4192 Sl: @ 4182 TP: @ 4202 lot size 0.11 Confirm 99% https://t.me/+IaTRIjAjFzNjNDY8 https://t.me/+IaTRIjAjFzNjNDY8,BUY GOLD @ 4192.0,REJECTED,"R:R too low: 1.00x (need >= 1.5x). TP=4202.00, SL dist=10.00",3717
2026-10-02 13:52:12,Account 2,XAUUSD GOLO MASTER,Gold Buy @ 4136 Sl: @ 4126 TP: @ 4146 lot size 0.11 Confirm 99% https://t.me/+ysp2VUkbtBhkNTA0,BUY GOLD @ 4136.0,REJECTED,"R:R too low: 1.00x (need >= 1.5x). TP=4146.00, SL dist=10.00",3718
2026-10-02 14:16:31,Account 1,XAU MARKET INSIGHT,"XAU/USD Latest Signal  BUY 4178 - 4181  Take Profit : 4186 Take Profit : 4195 Take Profit : 4207   Stoploss : 4174  "" My analysis ""  Resistance-to-Sup...",BUY GOLD @ 4178,FAILED,MT5 execution failed — check broker logs,3719
2026-10-02 14:54:10,Account 2,Vault Gold Forex,XAUUSD SELL 4190  TP 4187 TP 4184 TP 4181 TP4179 https://t.me/+4i_GvOpyt1U0Y2I8 SL. 4200,SELL GOLD @ 4190.0,REJECTED,Macro Trend Filter: Counter-trend SELL from 'Vault Gold Forex' (Conviction=0.55) blocked during H1 BULLISH trend.,3720
2026-10-02 14:56:47,Account 2,SureShot GOLD (VIP),XAUUSD BUY 4187.09  SL:  4177.09 TP:  4207.09 --Trade by Toby,BUY GOLD @ 4187.09,FAILED,MT5 execution failed — check broker logs,3721
2026-10-02 14:58:21,Account 2,Vault Gold Forex, XAUUSD BUY 4183_4180  I will delete the link after two minutes    TP& SL Here  https://t.me/+B8N7hWl9VFw1MGY0 https://t.me/+WvX-5zzaD85jZTBk  600+ PI...,BUY GOLD @ 4183.0,FAILED,MT5 execution failed — check broker logs,3722
2026-10-02 15:06:57,Account 2,Vault Gold Forex,GOLD BUY NOW  SL TP HERE   https://t.me/+FFQslwel9RE4YTg0,BUY GOLD @ None,FAILED,MT5 execution failed — check broker logs,3723
2026-10-02 15:09:36,Account 2,Vault Gold Forex,XAUUSD SELL 4190  TP 4187 TP 4184 TP 4181 TP4179 https://t.me/+4i_GvOpyt1U0Y2I8 SL. 4200,SELL GOLD @ 4190.0,REJECTED,Macro Trend Filter: Counter-trend SELL from 'Vault Gold Forex' (Conviction=0.55) blocked during H1 BULLISH trend.,3724
2026-10-02 15:24:17,Account 2,PipXpert - Forex Signals,XAU/USD  Direction: BUY  Entry Price:  4186.00  TP1       4189.00 TP2       4199.00 TP3       4216.00  SL        4169.00,BUY GOLD @ 4186.0,REJECTED,SL too wide: 17.00 > 11.60 (1.5x ATR=7.73). Max risk exceeded.,3725
2026-10-02 15:24:36,Account 2,PipXpert - Forex Signals, XAU/USD Market Alert   Current market bias: Bullish  Pair: XAU/USD  Timeframes reviewed: 30M / 1H / 5H   Key reaction zone: 4186.00   This is the are...,SELL GOLD @ 4186.0,REJECTED,Macro Trend Filter: Counter-trend SELL from 'PipXpert - Forex Signals' (Conviction=0.65) blocked during H1 BULLISH trend.,3726
2026-10-02 15:34:10,Account 2,Market Trader Crypto Forex,GBPCAD Long Trade   👇👇👇👇  https://affs.click/xnqPA PATNER CODE (663WF),"BUY GBPCAD @ 1.8810799999999999 (SL: 1.87808, TP: 1.88608)",BUY,GBPCAD,1.8810799999999999,1.87808,1.88608,SUCCESS,Executed Market Trader Setup
2026-10-02 15:41:47,Account 2,Vault Gold Forex,GOLD BUY NOW  SL TP HERE   https://t.me/+FFQslwel9RE4YTg0,BUY GOLD @ None,FAILED,MT5 execution failed — check broker logs,3728
2026-10-02 15:43:20,Account 1,XAUUSD ACCURATE SiGNALS,Next Gold buy zoon 4174/70/   Sl 4162  Tp 4185/ Tp 4190/ Tp 4195/4205/4275/opn/opn  @Proazam1978,BUY GOLD @ 4174.0,REJECTED,"R:R too low: 0.92x (need >= 1.5x). TP=4185.00, SL dist=12.00",3729
2026-10-02 15:44:01,Account 2,Perfect Management,XAUUSD     SELL   4186   Sl       4197  ¹TP      4182 ²TP      4178 ³TP      4174 ⁴TP      4170 ⁵TP ,"SELL GOLD @ 4171.2 (SL: 4197.0, TP: 4162.0)",SELL,GOLD,4171.2,4197.0,4162.0,SUCCESS,Executed with AI Runner TSL
2026-10-02 15:59:33,Account 2,XAUUSD GOLO MASTER,Check XAUUSD Done 4174,SELL GOLD @ 4174.0,REJECTED,Macro Trend Filter: Counter-trend SELL from 'XAUUSD GOLO MASTER' (Conviction=0.65) blocked during H1 BULLISH trend.,3731
2026-10-02 16:10:58,Account 1,XAUUSD ACCURATE SiGNALS,Gold buy  4165/upp 4179 150+ PP done,BUY GOLD @ 4165.0,SUCCESS,Trade executed successfully on MT5,3732
2026-10-02 16:12:33,Account 2,JOSEFINA TRADER0🎖,XAUUSD BUY 4180,BUY GOLD @ 4180.0,SUCCESS,Trade executed successfully on MT5,3733
2026-10-02 16:21:51,Account 2,Sureshot FX VIP,GBPUSD BUY 1.3211  SL:  1.3161 TP:  1.3311 --Trade by Flynn,BUY GBPUSD @ 1.3211,REJECTED,Gold Lock: Symbol 'GBPUSD' rejected. Gold only.,3734
2026-10-02 16:22:51,Account 2,XAUUSD GOLO MASTER,Gold Buy @ 4136 Sl: @ 4126 TP: @ 4146 lot size 0.11 Confirm 99% https://t.me/+ysp2VUkbtBhkNTA0,BUY GOLD @ 4136.0,REJECTED,"R:R too low: 1.00x (need >= 1.5x). TP=4146.00, SL dist=10.00",3735
2026-10-02 16:25:22,Account 2,XAUUSD GOLO MASTER,XAUUSD gold 4189 I will delete the link After two minutes   https://t.me/+CMCsuzK5XC5lNjVk https://t.me/+CMCsuzK5XC5lNjVk   500+ PIPS TARGET ,SELL GOLD @ 4189.0,REJECTED,Macro Trend Filter: Counter-trend SELL from 'XAUUSD GOLO MASTER' (Conviction=0.65) blocked during H1 BULLISH trend.,3736
2026-10-02 16:25:44,Account 2,JOSEFINA TRADER0🎖,XAUUSD BUY 4180,BUY GOLD @ 4180.0,FAILED,MT5 execution failed — check broker logs,3737
2026-10-02 16:26:12,Account 2,Swich Gold Forex™,Gold Buy @ 4170 Sl: @ 4160 TP: @ 4200 lot size 0.11 Confirm 94% https://t.me/+FfqXFB31jN45OTRk https://t.me/+FfqXFB31jN45OTRk,BUY GOLD @ 4170.0,FAILED,MT5 execution failed — check broker logs,3738
2026-10-02 16:26:45,Account 2,JOSEFINA TRADER0🎖,XAUUSD BUY 4180 TP 4183 TP 4186 TP 4189 TP 4192 TP 4195 SL 4169 Use proper risk management Guys,BUY GOLD @ 4180.0,REJECTED,"R:R too low: 0.27x (need >= 1.5x). TP=4183.00, SL dist=11.00",3739
2026-10-02 16:29:39,Account 2,RIAOGOLDFOREX,XAUUSD BUY 4179,BUY GOLD @ 4179.0,FAILED,MT5 execution failed — check broker logs,3740
2026-10-02 16:31:25,Account 2,RIAOGOLDFOREX,XAUUSD BUY 4179  TP 4182  TP 4185  TP 4188  TP 4191  TP 4194  TP 4197  SL 4168,BUY GOLD @ 4179.0,REJECTED,"R:R too low: 0.27x (need >= 1.5x). TP=4182.00, SL dist=11.00",3741
2026-10-02 16:40:37,Account 2,JOSEFINA TRADER0🎖,Gold Buy @ 4170 Sl: @ 4160 TP: @ 4200 lot size 0.11 Confirm 94% https://t.me/+me4TXIrz8i42YzY0 https://t.me/+me4TXIrz8i42YzY0,BUY GOLD @ 4170.0,SUCCESS,Trade executed successfully on MT5,3742
2026-10-02 16:51:23,Account 2,Perfect Management,XAUUSD     SELL   4187   Sl       4205  ¹TP      4183 ²TP      4179 ³TP      4175 ⁴TP      4171 ⁵TP ,"SELL GOLD @ 4184.78 (SL: 4205.0, TP: 4151.0)",SELL,GOLD,4184.78,4205.0,4151.0,SUCCESS,Executed with AI Runner TSL
2026-10-02 16:59:14,Account 2,SureShot GOLD (VIP),XAUUSD BUY 4183.03  SL:  4173.03 TP:  4203.03 --Trade by Toby,BUY GOLD @ 4183.03,SUCCESS,Trade executed successfully on MT5,3744
2026-10-02 17:03:34,Account 2,Forex with karol,GOLD BUY: Entry on 1min. strong green candle ,BUY GOLD @ 1.0,REJECTED,Price sanity fail: entry 1.0 is 100.0% from live 4180.12000,3745
2026-10-02 17:07:12,Account 2,Swich Gold Forex™,XAUUSD gold 4190_4195 I will delete the link after two minutes   https://t.me/+bo_jDAb6Aow4Nzlk https://t.me/+bo_jDAb6Aow4Nzlk   600+ PIPS TARGET ,SELL GOLD @ 4195.0,REJECTED,"R:R too low: 0.00x (need >= 1.5x). TP=4195.00, SL dist=5.00",3746
2026-10-02 17:10:51,Account 2,Swich Gold Forex™,Gold Sell @ 4190 Sl: @ 4200 TP: @ 4170 lot size 0.11 Confirm 94% https://t.me/+tNEcPugUo_Q5ZWE1,SELL GOLD @ 4190.0,FAILED,MT5 execution failed — check broker logs,3747
2026-10-02 17:11:17,Account 2,Vault Gold Forex,Gold Sell @ 4186 Sl: @ 4190 TP: @ 4165 lot size 0.11 Confirm 99% https://t.me/+9NlgwofkdG5kMmJk,SELL GOLD @ 4186.0,REJECTED,Macro Trend Filter: Counter-trend SELL from 'Vault Gold Forex' (Conviction=0.55) blocked during H1 BULLISH trend.,3748
2026-10-02 17:22:08,Account 2,Market Trader Crypto Forex,GBPCAD sl ctc kar lijiye because at 6 pm there is npf news in market.,"MODIFY_BREAKEVEN GBPCAD @ 0 (SL: 0, TP: 0)",MODIFY_BREAKEVEN,GBPCAD,0,0,0,SUCCESS,"SL moved to entry, closed 40%"
2026-10-02 17:23:16,Account 2,XAUUSD GOLO MASTER,XAUUSD SELL 4179,SELL GOLD @ 4179.0,REJECTED,Macro Trend Filter: Counter-trend SELL from 'XAUUSD GOLO MASTER' (Conviction=0.65) blocked during H1 BULLISH trend.,3750
2026-10-02 17:23:36,Account 2,XAUUSD GOLO MASTER,XAUUSD SELL 4179  TP 4176 TP 4173 TP 4170 TP 4167 TP 4164  SL 4191,SELL GOLD @ 4179.0,REJECTED,Macro Trend Filter: Counter-trend SELL from 'XAUUSD GOLO MASTER' (Conviction=0.65) blocked during H1 BULLISH trend.,3751
2026-10-02 17:26:59,Account 2,SureShot GOLD (VIP),XAUUSD BUY 4182.71  SL:  4172.71 TP:  4202.71 --Trade by William,BUY GOLD @ 4182.71,FAILED,MT5 execution failed — check broker logs,3752
2026-10-02 17:29:03,Account 2,Vault Gold Forex,Gold Buy @ 4136 Sl: @ 4126 TP: @ 4146 lot size 0.11 Confirm 99% https://t.me/+ysp2VUkbtBhkNTA0,BUY GOLD @ 4136.0,REJECTED,"R:R too low: 1.00x (need >= 1.5x). TP=4146.00, SL dist=10.00",3753
2026-10-02 17:37:02,Account 2,ROCKΞY GOLD FX 👑,XAUUSD SELL 4183 TP. 4180 TP. 4175 TP. 4160  SL 4197,SELL GOLD @ 4183.0,REJECTED,Macro Trend Filter: Counter-trend SELL from 'ROCKΞY GOLD FX 👑' (Conviction=0.65) blocked during H1 BULLISH trend.,3754
2026-10-02 17:38:51,Account 2,XAUUSD GOLO MASTER,Gold Buy @ 4136 Sl: @ 4126 TP: @ 4146 lot size 0.11 Confirm 99% https://t.me/+ysp2VUkbtBhkNTA0,BUY GOLD @ 4136.0,REJECTED,"R:R too low: 1.00x (need >= 1.5x). TP=4146.00, SL dist=10.00",3755
2026-10-02 17:40:42,Account 2,Vault Gold Forex,Gold Buy @ 4136 Sl: @ 4126 TP: @ 4146 lot size 0.11 Confirm 99% https://t.me/+ysp2VUkbtBhkNTA0,BUY GOLD @ 4136.0,REJECTED,"R:R too low: 1.00x (need >= 1.5x). TP=4146.00, SL dist=10.00",3756
2026-10-02 17:47:27,Account 2,𝐆𝐨𝐥𝐝 𝐒𝐢𝐠𝐧𝐚𝐥𝐬 𝐒𝐞𝐫𝐯𝐢𝐜𝐞™,GOLD BUY 4174-4168  TP 4180 TP 4185 TP 4190 TP 4200  SL 4160   Use Proper Money Management,BUY GOLD @ 4174.0,REJECTED,SL too wide: 14.00 > 10.97 (1.5x ATR=7.31). Max risk exceeded.,3757
2026-10-02 17:48:28,Account 2,XAUUSD GOLO MASTER, #NFP XAUUSD BUY 4183_4180  I will delete the link after two minutes NFP confirm signal posted here    TP& SL Here  https://t.me/+B8N7hWl9VFw1MGY0 htt...,BUY GOLD @ 4183.0,FAILED,MT5 execution failed — check broker logs,3758
2026-10-02 17:52:46,Account 1,𝕀𝕟𝕕𝕖𝕩 𝕋𝕣𝕒𝕕𝕚𝕟𝕘 𝕊𝕔𝕙𝕠𝕠𝕝 (𝔸𝕟𝕒𝕝𝕪𝕤𝕚𝕤 & 𝕀𝕟𝕕𝕚𝕔𝕖𝕔 𝐼𝓃𝒹𝑒𝓍 𝒯𝓇𝒶𝒹𝒾𝓃𝑔 𝒮𝒸𝒽𝑜𝑜𝓁 (,$XAUUSD BUY 4178    TP 4185 TP 4190 TP 4195 TP 4200 TP 4207  SL. 4160.00   Use Proper Money Management,BUY GOLD @ 4178.0,REJECTED,SL too wide: 18.00 > 11.47 (1.5x ATR=7.65). Max risk exceeded.,3759
2026-10-02 17:57:11,Account 2,👑 Profitway Crypto MCX Forex 👑,btc buy only 86300 above,BUY GOLD @ 86300.0,REJECTED,Price sanity fail: entry 86300.0 is 1964.0% from live 4181.13000,3760
2026-10-02 17:58:47,Account 2,SureShot GOLD (VIP),XAUUSD BUY 4180.02  SL:  4170.02 TP:  4200.02 --Trade by Mark,BUY GOLD @ 4180.02,FAILED,MT5 execution failed — check broker logs,3761
2026-10-02 18:02:22,Account 2,Vault Gold Forex,GOLD / XAUUSD  BIG SIGNAL  TARGET 200 PIPS  SL TP   https://t.me/+la4xEW7QXos2YmE0 https://t.me/+la4xEW7QXos2YmE0,SELL GOLD @ 4068.0,REJECTED,Macro Trend Filter: Counter-trend SELL from 'Vault Gold Forex' (Conviction=0.55) blocked during H1 BULLISH trend.,3762
2026-10-02 18:02:48,Account 2,XAUUSD GOLO MASTER,XAUUSD SELL 4223,SELL GOLD @ 4223.0,REJECTED,Macro Trend Filter: Counter-trend SELL from 'XAUUSD GOLO MASTER' (Conviction=0.65) blocked during H1 BULLISH trend.,3763
2026-10-02 18:03:11,Account 2,XAUUSD GOLO MASTER,XAUUSD SELL 4223  TP 4220 TP 4217 TP 4214 TP 4211 TP 4208  SL 4235,SELL GOLD @ 4223.0,REJECTED,Macro Trend Filter: Counter-trend SELL from 'XAUUSD GOLO MASTER' (Conviction=0.65) blocked during H1 BULLISH trend.,3764
2026-10-02 18:04:31,Account 1,XAUUSD ACCURATE SiGNALS,Gold sell entry 4225/4228/limit   Sl 4232   Tp 4205 Tp 4195 Tp 4175/4165/4155/4115/opn   @Proazam1978,SELL GOLD @ 4225.0,REJECTED,Macro Trend Filter: Counter-trend SELL from 'XAUUSD ACCURATE SiGNALS' (Conviction=0.65) blocked during H1 BULLISH trend.,3765
2026-10-02 18:05:01,Account 2,Sureshot FX 🎯,NFP Crushed   Just look at the video 3 out of 3 TP smashed   +600 pips booked ,SELL GOLD @ 4068.0,REJECTED,Macro Trend Filter: Counter-trend SELL from 'Sureshot FX 🎯' (Conviction=0.65) blocked during H1 BULLISH trend.,3766
2026-10-02 18:08:13,Account 1,𝐗𝐀𝐔𝐔𝐒𝐃 𝐕𝐈𝐏 𝐒𝐈𝐆𝐍𝐀𝐋𝐒,GOLD SELL NOW 4226,SELL GOLD @ 4226.0,REJECTED,Macro Trend Filter: Counter-trend SELL from '𝐗𝐀𝐔𝐔𝐒𝐃 𝐕𝐈𝐏 𝐒𝐈𝐆𝐍𝐀𝐋𝐒' (Conviction=0.65) blocked during H1 BULLISH trend.,3767
2026-10-02 18:09:28,Account 1,𝐗𝐀𝐔𝐔𝐒𝐃 𝐕𝐈𝐏 𝐒𝐈𝐆𝐍𝐀𝐋𝐒,#GOLD SELL 4225/4230  TP 4220 TP 4215 TP 4210 TP 4180 Confim  SL 4238  Use According To Your Account Equity Leve,SELL GOLD @ 4225.0,REJECTED,Macro Trend Filter: Counter-trend SELL from '𝐗𝐀𝐔𝐔𝐒𝐃 𝐕𝐈𝐏 𝐒𝐈𝐆𝐍𝐀𝐋𝐒' (Conviction=0.65) blocked during H1 BULLISH trend.,3768
2026-10-02 18:10:19,Account 2,Perfect Management,XAUUSD          SELL  TP¹ HIT DONE 40+ PIPS,"TP1_HIT GOLD @ 0 (SL: 0, TP: 0)",TP1_HIT,GOLD,0,0,0,SUCCESS,TP1 Hit -> Kept SL Fixed for TP2
2026-10-02 18:10:35,Account 2,Perfect Management,XAUUSD          SELL  TP² HIT DONE 80+ PIPS,"TP2_HIT GOLD @ 0 (SL: 0, TP: 0)",TP2_HIT,GOLD,0,0,0,NO_OPEN_ORDER,TP2 Hit -> Put TSL at TP2 + 10-pip trail
2026-10-02 18:10:49,Account 2,Vault Gold Forex,     XAUUSD BUY LIMIT   BTCUSD 2000 PIPS  450 pip guaranteed move  Big money trade setup  https://t.me/+cVWMX68xKdQ2Y2I8,BUY GOLD @ 2000,REJECTED,Price sanity fail: entry 2000 is 52.5% from live 4212.44000,3771
2026-10-02 18:11:38,Account 2,Perfect Management,XAUUSD     SELL   4226   Sl       4237  ¹TP      4222 ²TP      4218 ³TP      4214 ⁴TP      4210 ⁵TP ,"SELL GOLD @ 4209.98 (SL: 4237.0, TP: 4202.0)",SELL,GOLD,4209.98,4237.0,4202.0,SUCCESS,Executed with AI Runner TSL
2026-10-02 18:15:21,Account 2,XAUUSD GOLO MASTER,XAUUSD (GOLD) NEXT MOVE CONFRIM ENTRY  ,SELL GOLD @ 4047.0,REJECTED,Macro Trend Filter: Counter-trend SELL from 'XAUUSD GOLO MASTER' (Conviction=0.65) blocked during H1 BULLISH trend.,3773
2026-10-02 18:15:46,Account 2,🌕 PERO | Forex - Investing ™, THERES THE SURPRISE.  NFP 29K vs 89K expected Unemployment 4.2% vs 4.1% Wages 0.1% vs 0.3%  All three came in softer than expected.  Gold reacted imm...,SELL GOLD @ 4068.0,REJECTED,Macro Trend Filter: Counter-trend SELL from '🌕 PERO | Forex - Investing ™' (Conviction=0.65) blocked during H1 BULLISH trend.,3774
2026-10-02 18:21:01,Account 1,XAUUSD ACCURATE SiGNALS,785+ PP done buy ,BUY GOLD @ None,FAILED,MT5 execution failed — check broker logs,3775
2026-10-02 18:22:01,Account 2,Sureshot FX VIP,AUDUSD BUY 0.6959  SL:  0.6909 TP:  0.7059 --Trade by Flynn,BUY AUDUSD @ 0.6959,REJECTED,Gold Lock: Symbol 'AUDUSD' rejected. Gold only.,3776
2026-10-02 18:31:22,Account 2,XAUUSD GOLO MASTER,Gold Buy @ 4136 Sl: @ 4126 TP: @ 4146 lot size 0.11 Confirm 99% https://t.me/+ysp2VUkbtBhkNTA0,BUY GOLD @ 4136.0,REJECTED,"R:R too low: 1.00x (need >= 1.5x). TP=4146.00, SL dist=10.00",3777
2026-10-02 18:33:48,Account 2,JOSEFINA TRADER0🎖,XAUUSD BUY 4220,BUY GOLD @ 4220.0,FAILED,MT5 execution failed — check broker logs,3778
2026-10-02 18:35:36,Account 2,JOSEFINA TRADER0🎖,XAUUSD BUY 4220 TP 4223 TP 4226 TP 4229 TP 4232 TP 4235 SL 4209 Use proper risk management Guys,BUY GOLD @ 4220.0,REJECTED,"R:R too low: 0.27x (need >= 1.5x). TP=4223.00, SL dist=11.00",3779
2026-10-02 18:43:12,Account 2,XAUUSD GOLO MASTER,Gold Buy @ 4136 Sl: @ 4126 TP: @ 4146 lot size 0.11 Confirm 99% https://t.me/+ysp2VUkbtBhkNTA0,BUY GOLD @ 4136.0,REJECTED,"R:R too low: 1.00x (need >= 1.5x). TP=4146.00, SL dist=10.00",3780
2026-10-02 18:44:05,Account 2,JOSEFINA TRADER0🎖,XAUUSD SELL 4203,SELL GOLD @ 4203.0,FAILED,MT5 execution failed — check broker logs,3781
2026-10-02 18:46:00,Account 2,JOSEFINA TRADER0🎖,XAUUSD SELL 4203 TP 4200 TP 4197 TP 4194 TP 4191 TP 4188 SL 4213 Use proper risk management Guys,SELL GOLD @ 4203.0,REJECTED,"R:R too low: 0.30x (need >= 1.5x). TP=4200.00, SL dist=10.00",3782
2026-10-02 18:54:24,Account 2,Sureshot FX VIP,GBPUSD BUY 1.322  SL:  1.317 TP:  1.332 --Trade by David,BUY GBPUSD @ 1.322,REJECTED,Gold Lock: Symbol 'GBPUSD' rejected. Gold only.,3783
2026-10-02 18:59:51,Account 2,XAUUSD GOLO MASTER, #XAUUSD  LIVE TRADE NOW    XAUUSD  US30 NAS100 GBPUSD  EURUSD  GBPJPY   ALL SIGNALS AVAILABLE ,BUY GOLD @ None,SUCCESS,Trade executed successfully on MT5,3784
2026-10-02 19:02:28,Account 2,XAUUSD GOLO MASTER,Gold Buy @ 4136 Sl: @ 4126 TP: @ 4146 lot size 0.11 Confirm 99% https://t.me/+ysp2VUkbtBhkNTA0,BUY GOLD @ 4136.0,REJECTED,"R:R too low: 1.00x (need >= 1.5x). TP=4146.00, SL dist=10.00",3785
2026-10-02 19:03:52,Account 2,JOSEFINA TRADER0🎖,XAUUSD SELL 4196,SELL GOLD @ 4196.0,SUCCESS,Trade executed successfully on MT5,3786
2026-10-02 19:05:14,Account 2,JOSEFINA TRADER0🎖,XAUUSD SELL 4196 TP 4193 TP 4190 TP 4187 TP 4184 TP 4181 SL 4207 Use proper risk management Guys,SELL GOLD @ 4196.0,REJECTED,"R:R too low: 0.27x (need >= 1.5x). TP=4193.00, SL dist=11.00",3787
2026-10-02 19:22:07,Account 2,Perfect Management,XAUUSD     SELL   4190   Sl       4199  ¹TP      4186 ²TP      4182 ³TP      4178 ⁴TP      4174 ⁵TP ,"SELL GOLD @ 4191.41 (SL: 4199.0, TP: 4166.0)",SELL,GOLD,4191.41,4199.0,4166.0,SUCCESS,Executed with AI Runner TSL
2026-10-02 19:33:50,Account 1,𝗠𝗿𝗚𝗼𝗹𝗱𝗲𝗻𝗪𝗮𝘆 𝗧𝗿𝗮𝗱𝗲𝗿,XAUUSD INSTANT BUY  Entry: 4188/4185 TP1: 4192 TP2: 4195 TP3: 4198 TP4: 4210  SL : 4179  Use proper mm,BUY GOLD @ 4188.0,REJECTED,"R:R too low: 0.44x (need >= 1.5x). TP=4192.00, SL dist=9.00",3789
2026-10-02 19:40:42,Account 2,XAUUSD GOLO MASTER,XAUUSD gold 4229 I will delete the link After two minutes   https://t.me/+CMCsuzK5XC5lNjVk https://t.me/+CMCsuzK5XC5lNjVk   500+ PIPS TARGET ,SELL GOLD @ 4229.0,REJECTED,Macro Trend Filter: Counter-trend SELL from 'XAUUSD GOLO MASTER' (Conviction=0.65) blocked during H1 BULLISH trend.,3790
2026-10-02 19:44:37,Account 2,XAUUSD GOLO MASTER,XAUUSD SELL 4183,SELL GOLD @ 4183.0,REJECTED,Macro Trend Filter: Counter-trend SELL from 'XAUUSD GOLO MASTER' (Conviction=0.65) blocked during H1 BULLISH trend.,3791
2026-10-02 19:45:03,Account 2,XAUUSD GOLO MASTER,XAUUSD SELL 4183  TP 4180 TP 4177 TP 4174 TP 4171 TP 4168  SL 4195,SELL GOLD @ 4183.0,REJECTED,Macro Trend Filter: Counter-trend SELL from 'XAUUSD GOLO MASTER' (Conviction=0.65) blocked during H1 BULLISH trend.,3792
2026-10-02 19:51:46,Account 2,JOSEFINA TRADER0🎖,XAUUSD SELL 4190,SELL GOLD @ 4190.0,SUCCESS,Trade executed successfully on MT5,3793
2026-10-02 19:52:58,Account 2,JOSEFINA TRADER0🎖,XAUUSD SELL 4190 TP 4187 TP 4184 TP 4181 TP 4178 TP 4175 SL 4201 Use proper risk management Guys,SELL GOLD @ 4190.0,REJECTED,"R:R too low: 0.27x (need >= 1.5x). TP=4187.00, SL dist=11.00",3794
2026-10-02 19:54:42,Account 2,XAUUSD GOLO MASTER,XAUUSD gold 4183 I will delete the link After two minutes   https://t.me/+CMCsuzK5XC5lNjVk https://t.me/+CMCsuzK5XC5lNjVk   500+ PIPS TARGET ,SELL GOLD @ 4183.0,REJECTED,Macro Trend Filter: Counter-trend SELL from 'XAUUSD GOLO MASTER' (Conviction=0.65) blocked during H1 BULLISH trend.,3795
2026-10-02 19:55:12,Account 2,XAUUSD GOLO MASTER,Gold Buy @ 4136 Sl: @ 4126 TP: @ 4146 lot size 0.11 Confirm 99% https://t.me/+ysp2VUkbtBhkNTA0,BUY GOLD @ 4136.0,REJECTED,"R:R too low: 1.00x (need >= 1.5x). TP=4146.00, SL dist=10.00",3796
2026-10-02 19:56:32,Account 2,XAUUSD GOLO MASTER,GOLD / XAUUSD  BIG SIGNAL  TARGET 300 PIPS  SL TP ,SELL GOLD @ 4068.0,REJECTED,Macro Trend Filter: Counter-trend SELL from 'XAUUSD GOLO MASTER' (Conviction=0.65) blocked during H1 BULLISH trend.,3797
2026-10-02 20:32:42,Account 2,Swich Gold Forex™, XAUUSD SELL. 4203-4201 I will delete the link after two minutes   https://t.me/+HZ7GDTALh7I3YTE0   600+ PIPS TARGET ,SELL GOLD @ 4203.0,REJECTED,"R:R too low: 1.00x (need >= 1.5x). TP=4201.00, SL dist=2.00",3798
2026-10-02 20:33:18,Account 1,𝗠𝗿𝗚𝗼𝗹𝗱𝗲𝗻𝗪𝗮𝘆 𝗧𝗿𝗮𝗱𝗲𝗿,XAUUSD Buy 4153/4150,BUY GOLD @ 4153.0,SUCCESS,Trade executed successfully on MT5,3799
2026-10-02 20:34:50,Account 2,Vault Gold Forex,     XAUUSD BUY LIMIT   BTCUSD 2000 PIPS  450 pip guaranteed move  Big money trade setup  https://t.me/+cVWMX68xKdQ2Y2I8,BUY GOLD @ 2000,REJECTED,Price sanity fail: entry 2000 is 51.8% from live 4152.77000,3800
2026-10-02 20:47:12,Account 2,Swich Gold Forex™,Gold Buy @ 4200 Sl: @ 4190 TP: @ 4220 lot size 0.11 Confirm 94% https://t.me/+FfqXFB31jN45OTRk https://t.me/+FfqXFB31jN45OTRk,BUY GOLD @ 4200.0,SUCCESS,Trade executed successfully on MT5,3801
2026-10-02 20:49:40,Account 2,Vault Gold Forex,GOLD / XAUUSD  BIG SIGNAL  TARGET 300 PIPS  SL TP ,SELL GOLD @ 4068.0,REJECTED,"R:R too low: 0.20x (need >= 1.5x). TP=4065.00, SL dist=15.00",3802
2026-10-02 20:54:19,Account 2,XAUUSD GOLO MASTER,Gold Buy @ 4136 Sl: @ 4126 TP: @ 4146 lot size 0.11 Confirm 99% https://t.me/+ysp2VUkbtBhkNTA0,BUY GOLD @ 4136.0,REJECTED,"R:R too low: 1.00x (need >= 1.5x). TP=4146.00, SL dist=10.00",3803
2026-10-02 20:56:59,Account 2,Swich Gold Forex™,XAUUSD BUY 4135  TP 4138 TP 4141 TP 4144 TP 4147  SL 4125,BUY GOLD @ 4135.0,REJECTED,"R:R too low: 0.30x (need >= 1.5x). TP=4138.00, SL dist=10.00",3804
2026-10-02 21:07:03,Account 2,XAUUSD GOLO MASTER,GOLD SELL NOW   TP  TP  SL     3   ,SELL GOLD @ None,SUCCESS,Trade executed successfully on MT5,3805
2026-10-02 21:07:23,Account 2,Vault Gold Forex,Gold Sell @ 4186 Sl: @ 4190 TP: @ 4165 lot size 0.11 Confirm 99% https://t.me/+9NlgwofkdG5kMmJk,SELL GOLD @ 4186.0,FAILED,MT5 execution failed — check broker logs,3806
2026-10-02 21:07:55,Account 2,GOLD Trader Dan,Asia session sell trade! 1/4 RR!  XAUUSD SMASHED TP 370 PIPS ,SELL GOLD @ 370.0,REJECTED,"R:R too low: 0.00x (need >= 1.5x). TP=370.00, SL dist=0.00",3807
2026-10-02 21:08:08,Account 2,🌕 PERO | Forex - Investing ™,"ONE LAST ONE BEFORE WE CALL IT A WEEK?  BUY 41384135  +100 PIPS  Straight from todays VIP plan.  NFP gave us the fireworks, the levels did their job.",BUY EURUSD @ 41384135.0,REJECTED,Gold Lock: Symbol 'EURUSD' rejected. Gold only.,3808
2026-10-02 21:09:03,Account 2,Sureshot FX VIP,EURUSD BUY 1.1261  SL:  1.1211 TP:  1.1361 --Trade by Flynn,BUY EURUSD @ 1126.1,REJECTED,Gold Lock: Symbol 'EURUSD' rejected. Gold only.,3809
2026-10-02 21:10:00,Account 2,GOLD Trader Dan,NY session buy trade! 1/4 RR   XAUUSD SMASHED 170 PIPS ,BUY GOLD @ 170.0,REJECTED,Price sanity fail: entry 170.0 is 95.9% from live 4140.35000,3810
2026-10-02 21:10:30,Account 2,GOLD Trader Dan,Damn that one was a good zone  NFP ZONE WAS ACTIVATED!  XAUUSD SMASHED 820 PIPS ,SELL GOLD @ 820.0,REJECTED,Price sanity fail: entry 820.0 is 80.2% from live 4139.26000,3811
2026-10-02 21:16:58,Account 2,Sureshot FX VIP,GBPUSD BUY 1.3226  SL:  1.3176 TP:  1.3326 --Trade by Flynn,BUY GBPUSD @ 1.3226,REJECTED,Gold Lock: Symbol 'GBPUSD' rejected. Gold only.,3812
2026-10-02 21:24:28,Account 2,GOLD Snipers,S2/XAUUSD SMASH / TPS 80 PIPS!,SMASH GOLD @ None,FAILED,MT5 execution failed — check broker logs,3813
2026-10-02 21:24:40,Account 2,GOLD Snipers,S3/XAUUSD SMASH / TPS 100 PIPS!,SMASH GOLD @ None,FAILED,MT5 execution failed — check broker logs,3814
2026-10-02 21:24:53,Account 2,GOLD Snipers,S1//XAUUSD SMASH / TPS 150 PIPS!,SELL EURUSD @ 4047.0,REJECTED,Gold Lock: Symbol 'EURUSD' rejected. Gold only.,3815
2026-10-02 21:31:28,Account 2,Vault Gold Forex,Gold Buy @ 4136 Sl: @ 4126 TP: @ 4146 lot size 0.11 Confirm 99% https://t.me/+ysp2VUkbtBhkNTA0,BUY GOLD @ 4136.0,REJECTED,"R:R too low: 1.00x (need >= 1.5x). TP=4146.00, SL dist=10.00",3816
2026-10-02 21:33:30,Account 1,𝗠𝗿𝗚𝗼𝗹𝗱𝗲𝗻𝗪𝗮𝘆 𝗧𝗿𝗮𝗱𝗲𝗿,XAUUSD INSTANT BUY  Entry: 4126/4123 TP1: 4129 TP2: 4132 TP3: 4135 TP4: 4160  SL : 4117  Use proper mm,BUY GOLD @ 4126.0,REJECTED,"R:R too low: 0.33x (need >= 1.5x). TP=4129.00, SL dist=9.00",3817
2026-10-02 21:35:28,Account 1,"Mr.DAVID, XAU/USD CLUB",XAUUSD  BUY  ENTR. 4130.4125 tp1:4137 tp2 4146 tp3 4150 tp4 4155 tp5 4160 SL: 4115,BUY GOLD @ 4130.4125,REJECTED,"R:R too low: 0.43x (need >= 1.5x). TP=4137.00, SL dist=15.41",3818
2026-10-02 21:36:48,Account 2,Market Trader Crypto Forex,GBPCAD Book 100% Profit. 600 Pips Done.,"ACTIVATED_10PIP_TSL GBPCAD @ 0 (SL: 0, TP: 0)",ACTIVATED_10PIP_TSL,GBPCAD,0,0,0,SUCCESS,Activated 10-pip jumping TSL on Book 100%
2026-10-02 21:40:21,Account 2,Market Trader Crypto Forex,GOLD  BUY - 4136  SL -  120 PIPS   TARGET - 280 PIPS    👇👇 https://affs.click/xnqPA PATNER CODE (663,"BUY GOLD @ 4134.34 (SL: 4122.34, TP: 4162.34)",BUY,GOLD,4134.34,4122.34,4162.34,SUCCESS,Executed Market Trader Setup
2026-10-02 22:15:32,Account 2,Swich Gold Forex™,XAUUSD BUY 4155  TP 4158 TP 4161 TP 4164 TP 4167 TP 4170  SL 4145    3     https://t.me/+uYHWCaLTV6QwY2Ex https://t.me/+uYHWCaLTV6QwY2Ex,BUY GOLD @ 4155,REJECTED,"R:R too low: 0.30x (need >= 1.5x). TP=4158.00, SL dist=10.00",3821
2026-10-02 22:17:36,Account 2,Swich Gold Forex™,XAUUSD BUY 4155  TP 4158 TP 4161 TP 4164 TP 4167 TP 4170  SL 4145    3     https://t.me/+uYHWCaLTV6QwY2Ex https://t.me/+uYHWCaLTV6QwY2Ex,BUY GOLD @ 4155,REJECTED,"R:R too low: 0.30x (need >= 1.5x). TP=4158.00, SL dist=10.00",3822
2026-10-02 22:20:09,Account 2,Swich Gold Forex™,XAUUSD BUY 4155  TP 4158 TP 4161 TP 4164 TP 4167 TP 4170  SL 4145    3     https://t.me/+uYHWCaLTV6QwY2Ex https://t.me/+uYHWCaLTV6QwY2Ex,BUY GOLD @ 4155,REJECTED,"R:R too low: 0.30x (need >= 1.5x). TP=4158.00, SL dist=10.00",3823
2026-10-02 23:01:49,Account 2,Perfect Management,XAUUSD          SELL  TP² HIT DONE 80+ PIPS,"TP2_HIT GOLD @ 0 (SL: 0, TP: 0)",TP2_HIT,GOLD,0,0,0,NO_OPEN_ORDER,TP2 Hit -> Put TSL at TP2 + 10-pip trail
2026-10-02 23:01:49,Account 2,Perfect Management,XAUUSD          SELL  TP¹ HIT DONE 40+ PIPS,"TP1_HIT GOLD @ 0 (SL: 0, TP: 0)",TP1_HIT,GOLD,0,0,0,SUCCESS,TP1 Hit -> Kept SL Fixed for TP2
2026-10-02 23:03:09,Account 2,Perfect Management,XAUUSD          SELL  TP² HIT DONE 80+ PIPS,"TP2_HIT GOLD @ 0 (SL: 0, TP: 0)",TP2_HIT,GOLD,0,0,0,NO_OPEN_ORDER,TP2 Hit -> Put TSL at TP2 + 10-pip trail
2026-10-02 23:28:00,Account 2,Perfect Management,#XAUUSD         SELL  All TP⁶ HIT DONE 240+ PIPS,"BOOK_PROFIT_80% GOLD @ 0 (SL: 0, TP: 0)",BOOK_PROFIT_80%,GOLD,0,0,0,SUCCESS,All TPs hit -> Booked 80%
