date,strategy,direction,regime,confidence,lots,entry_time,entry_price,exit_price,exit_time,exit_reason,pnl_pts,pnl_rs,won,armed_reason,index
2025-02-03,MOMENTUM_BURST,CE,TRENDING_BEAR,0.826,2,2025-02-03 13:01:00,474.5,485.5,2025-02-03 14:30:00,TIME,10.2,776.0,True,ARMED(conf=0.83),FINNIFTY
2025-02-03,BOLLINGER_SQUEEZE,CE,TRENDING_BEAR,0.826,2,2025-02-03 13:01:00,474.5,485.5,2025-02-03 14:30:00,TIME,10.2,776.0,True,ARMED(conf=0.83),FINNIFTY
2025-02-03,MACD_DIVERGENCE,PE,TRENDING_BEAR,0.837,3,2025-02-03 13:16:00,346.25,341.15,2025-02-03 14:30:00,TIME,-5.9,-748.0,False,ARMED(conf=0.84),FINNIFTY
2025-02-05,MOMENTUM_BURST,CE,RANGE_BOUND,0.828,2,2025-02-05 13:01:00,421.55,432.6784,2025-02-05 13:13:00,TSL,10.33,786.27,True,ARMED(conf=0.83),FINNIFTY
2025-02-05,VWAP_BOUNCE,CE,RANGE_BOUND,0.828,2,2025-02-05 13:01:00,421.55,433.73199999999997,2025-02-05 13:13:00,TSL,11.38,870.56,True,ARMED(conf=0.83),FINNIFTY
2025-02-05,MACD_DIVERGENCE,PE,RANGE_BOUND,0.839,3,2025-02-05 14:01:00,352.85,336.35,2025-02-05 14:30:00,TIME,-17.3,-2116.0,False,ARMED(conf=0.84),FINNIFTY
2025-02-06,BEAR_TREND_FOLLOWER,PE,RANGE_BOUND,0.88,6,2025-02-06 12:46:00,333.7,338.67199999999997,2025-02-06 12:55:00,TSL,4.17,961.28,True,ARMED(conf=0.88),FINNIFTY
2025-02-06,MOMENTUM_BURST,PE,RANGE_BOUND,0.826,3,2025-02-06 12:46:00,333.7,342.0032,2025-02-06 12:52:00,TSL,7.5,860.38,True,ARMED(conf=0.83),FINNIFTY
2025-02-06,ULTIMATE_DAY_HIGH_LOW,CE,RANGE_BOUND,0.831,3,2025-02-06 14:16:00,425.35,434.4,2025-02-06 14:30:00,TIME,8.25,950.0,True,ARMED(conf=0.83),FINNIFTY
2025-02-06,VWAP_BOUNCE,CE,RANGE_BOUND,0.831,2,2025-02-06 14:16:00,425.35,434.71999999999997,2025-02-06 14:20:00,TSL,8.57,645.6,True,ARMED(conf=0.83),FINNIFTY
2025-02-07,BEAR_TREND_FOLLOWER,PE,TRENDING_BEAR,0.895,7,2025-02-07 12:46:00,304.4,299.1,2025-02-07 14:30:00,TIME,-6.1,-1748.0,False,ARMED(conf=0.90),FINNIFTY
2025-02-07,MOMENTUM_BURST,PE,TRENDING_BEAR,0.825,3,2025-02-07 13:46:00,306.25,299.1,2025-02-07 14:30:00,TIME,-7.95,-994.0,False,ARMED(conf=0.82),FINNIFTY
2025-02-13,ATR_BREAK,PE,TRENDING_BEAR,0.827,4,2025-02-13 13:01:00,257.7,276.0901,2025-02-13 13:16:00,TSL,17.59,2774.42,True,ARMED(conf=0.83),FINNIFTY
2025-02-13,EMA_CROSSOVER,PE,TRENDING_BEAR,0.824,3,2025-02-13 13:31:00,284.0,276.15,2025-02-13 14:30:00,TIME,-8.65,-1078.0,False,ARMED(conf=0.82),FINNIFTY
2025-02-13,ATR_BREAK,PE,TRENDING_BEAR,0.824,3,2025-02-13 13:31:00,284.0,276.15,2025-02-13 14:30:00,TIME,-8.65,-1078.0,False,ARMED(conf=0.82),FINNIFTY
2025-02-14,TREND_FOLLOWING,PE,TRENDING_BULL,0.829,4,2025-02-14 13:31:00,258.15,275.8195,2025-02-14 13:40:00,TSL,16.87,2659.12,True,ARMED(conf=0.83),FINNIFTY
2025-02-14,MOMENTUM_BURST,PE,TRENDING_BULL,0.827,4,2025-02-14 13:46:00,272.85,253.65,2025-02-14 14:30:00,TIME,-20.0,-3240.0,False,ARMED(conf=0.83),FINNIFTY
2025-02-14,MACD_DIVERGENCE,CE,TRENDING_BULL,0.83,3,2025-02-14 14:01:00,362.65,353.05,2025-02-14 14:30:00,TIME,-10.4,-1288.0,False,ARMED(conf=0.83),FINNIFTY
2025-02-14,OPTIONS_GREEKS,CE,TRENDING_BULL,0.839,4,2025-02-14 14:16:00,323.25,353.05,2025-02-14 14:30:00,TIME,29.0,4600.0,True,ARMED(conf=0.84),FINNIFTY
2025-02-17,VWAP_BOUNCE,CE,TRENDING_BULL,0.837,3,2025-02-17 13:16:00,333.85,337.6,2025-02-17 14:30:00,TIME,2.95,314.0,True,ARMED(conf=0.84),FINNIFTY
2025-02-17,RESIST_BREAK,CE,TRENDING_BULL,0.827,4,2025-02-17 13:31:00,345.3,337.6,2025-02-17 14:30:00,TIME,-8.5,-1400.0,False,ARMED(conf=0.83),FINNIFTY
2025-02-19,MACD_DIVERGENCE,CE,TRENDING_BULL,0.837,4,2025-02-19 12:46:00,272.45,251.6,2025-02-19 14:29:00,SPOT_SL,-21.65,-3504.0,False,ARMED(conf=0.84),FINNIFTY
2025-02-19,MOMENTUM_BURST,CE,TRENDING_BULL,0.836,4,2025-02-19 13:16:00,253.45,276.08959999999996,2025-02-19 13:55:00,TSL,21.84,3454.34,True,ARMED(conf=0.84),FINNIFTY
2025-02-19,MACD_DIVERGENCE,PE,TRENDING_BULL,0.838,4,2025-02-19 13:46:00,228.8,230.65,2025-02-19 14:30:00,TIME,1.05,128.0,True,ARMED(conf=0.84),FINNIFTY
2025-02-19,EMA_CROSSOVER,PE,TRENDING_BULL,0.827,4,2025-02-19 14:16:00,234.5,230.65,2025-02-19 14:30:00,TIME,-4.65,-784.0,False,ARMED(conf=0.83),FINNIFTY
2025-02-20,TREND_FOLLOWING,PE,TRENDING_BEAR,0.842,6,2025-02-20 13:01:00,175.95,186.1915,2025-02-20 13:30:00,TSL,9.44,2225.96,True,ARMED(conf=0.84),FINNIFTY
2025-02-20,ATR_BREAK,CE,TRENDING_BEAR,0.832,4,2025-02-20 13:31:00,248.1,239.6,2025-02-20 14:30:00,TIME,-9.3,-1528.0,False,ARMED(conf=0.83),FINNIFTY
2025-02-20,VWAP_BOUNCE,CE,TRENDING_BEAR,0.831,4,2025-02-20 13:46:00,238.5,239.6,2025-02-20 14:30:00,TIME,0.3,8.0,True,ARMED(conf=0.83),FINNIFTY
2025-02-21,MACD_DIVERGENCE,PE,TRENDING_BEAR,0.838,6,2025-02-21 12:46:00,166.5,181.90679999999998,2025-02-21 13:20:00,TSL,14.61,3465.63,True,ARMED(conf=0.84),FINNIFTY
2025-02-21,MOMENTUM_BURST,PE,TRENDING_BEAR,0.836,6,2025-02-21 13:01:00,171.75,171.0,2025-02-21 14:30:00,TIME,-1.55,-412.0,False,ARMED(conf=0.84),FINNIFTY
2025-02-21,OPTIONS_GREEKS,CE,TRENDING_BEAR,0.835,7,2025-02-21 13:46:00,191.45,183.2,2025-02-21 14:30:00,TIME,-9.05,-2574.0,False,ARMED(conf=0.84),FINNIFTY
2025-02-21,MACD_DIVERGENCE,CE,TRENDING_BEAR,0.835,5,2025-02-21 13:46:00,191.45,183.2,2025-02-21 14:30:00,TIME,-9.05,-1850.0,False,ARMED(conf=0.84),FINNIFTY
2025-02-24,MACD_DIVERGENCE,PE,TRENDING_BEAR,0.835,10,2025-02-24 13:16:00,108.65,120.741,2025-02-24 13:20:00,TSL,11.29,4476.4,True,ARMED(conf=0.84),FINNIFTY
2025-02-24,MACD_DIVERGENCE,CE,TRENDING_BEAR,0.833,7,2025-02-24 13:46:00,150.65,164.362,2025-02-24 13:57:00,TSL,12.91,3575.36,True,ARMED(conf=0.83),FINNIFTY
2025-02-28,AI_ENHANCED,CE,NORMAL,0.835,3,2025-02-28 12:01:00,440.15,457.6,2025-02-28 12:49:00,SPOT_SL,16.65,1958.0,True,ARMED(conf=0.83),FINNIFTY
2025-02-28,AI_ENHANCED,CE,NORMAL,0.83,3,2025-02-28 12:16:00,447.75,461.6,2025-02-28 12:43:00,SPOT_SL,13.05,1526.0,True,ARMED(conf=0.83),FINNIFTY
2025-02-28,BEAR_TREND_FOLLOWER,PE,NORMAL,0.88,6,2025-02-28 12:46:00,341.95,351.31199999999995,2025-02-28 13:56:00,TSL,8.56,2014.88,True,ARMED(conf=0.88),FINNIFTY
2025-02-28,LONG_UNWIND,PE,NORMAL,0.825,4,2025-02-28 13:01:00,353.0,348.05,2025-02-28 14:30:00,TIME,-5.75,-960.0,False,ARMED(conf=0.83),FINNIFTY
2025-03-07,VWAP_BOUNCE,PE,RANGE_BOUND,0.835,3,2025-03-07 12:46:00,288.75,297.6844,2025-03-07 12:47:00,TSL,8.13,936.13,True,ARMED(conf=0.84),FINNIFTY
2025-03-07,EMA_CROSSOVER,PE,RANGE_BOUND,0.835,3,2025-03-07 12:46:00,288.75,295.8766,2025-03-07 12:47:00,TSL,6.33,719.19,True,ARMED(conf=0.84),FINNIFTY
2025-03-07,MACD_DIVERGENCE,PE,RANGE_BOUND,0.835,3,2025-03-07 12:46:00,288.75,296.96128000000004,2025-03-07 12:47:00,TSL,7.41,849.35,True,ARMED(conf=0.84),FINNIFTY
2025-03-07,ATR_BREAK,PE,RANGE_BOUND,0.832,3,2025-03-07 13:46:00,293.75,291.95,2025-03-07 14:30:00,TIME,-2.6,-352.0,False,ARMED(conf=0.83),FINNIFTY
2025-03-10,OPTIONS_GREEKS,CE,TRENDING_BEAR,0.833,4,2025-03-10 13:46:00,321.35,332.95,2025-03-10 14:23:00,SPOT_SL,10.8,1688.0,True,ARMED(conf=0.83),FINNIFTY
2025-03-12,SCALPING,CE,RANGE_BOUND,0.832,5,2025-03-12 13:16:00,292.55,299.91808000000003,2025-03-12 13:26:00,TSL,6.57,1273.62,True,ARMED(conf=0.83),FINNIFTY
2025-03-12,VWAP_BOUNCE,CE,RANGE_BOUND,0.832,3,2025-03-12 13:16:00,292.55,298.8206,2025-03-12 13:22:00,TSL,5.47,616.47,True,ARMED(conf=0.83),FINNIFTY
2025-03-12,MACD_DIVERGENCE,PE,RANGE_BOUND,0.836,4,2025-03-12 13:31:00,260.8,281.98016,2025-03-12 13:32:00,TSL,20.38,3220.83,True,ARMED(conf=0.84),FINNIFTY
2025-03-13,ATR_BREAK,PE,NORMAL,0.824,4,2025-03-13 13:01:00,241.1,240.4,2025-03-13 14:30:00,TIME,-1.5,-280.0,False,ARMED(conf=0.82),FINNIFTY
2025-03-13,MACD_DIVERGENCE,PE,NORMAL,0.824,4,2025-03-13 13:01:00,241.1,240.4,2025-03-13 14:30:00,TIME,-1.5,-280.0,False,ARMED(conf=0.82),FINNIFTY
2025-03-13,MOMENTUM_BURST,PE,NORMAL,0.822,4,2025-03-13 13:16:00,237.3,240.4,2025-03-13 14:30:00,TIME,2.3,328.0,True,ARMED(conf=0.82),FINNIFTY
2025-03-17,MACD_DIVERGENCE,CE,TRENDING_BULL,0.839,4,2025-03-17 13:01:00,249.9,228.0,2025-03-17 14:30:00,TIME,-22.7,-3672.0,False,ARMED(conf=0.84),FINNIFTY
2025-03-17,VWAP_BOUNCE,CE,TRENDING_BULL,0.817,5,2025-03-17 13:46:00,248.9,228.0,2025-03-17 14:30:00,TIME,-21.7,-4380.0,False,ARMED(conf=0.82),FINNIFTY
2025-03-17,MACD_DIVERGENCE,PE,TRENDING_BULL,0.837,5,2025-03-17 14:16:00,204.95,214.7,2025-03-17 14:30:00,TIME,8.95,1750.0,True,ARMED(conf=0.84),FINNIFTY
2025-03-18,ZERO_HERO,CE,TRENDING_BULL,0.84,9,2025-03-18 10:01:00,159.9,174.08799999999997,2025-03-18 10:29:00,TSL,13.39,4779.68,True,ARMED(conf=0.84),FINNIFTY
2025-03-18,ZERO_HERO,CE,TRENDING_BULL,0.84,9,2025-03-18 10:16:00,174.2,152.1,2025-03-18 13:30:00,TIME,-22.9,-8284.0,False,ARMED(conf=0.84),FINNIFTY
2025-03-19,MOMENTUM_BURST,CE,TRENDING_BULL,0.825,4,2025-03-19 12:46:00,229.0,220.75,2025-03-19 14:30:00,TIME,-9.05,-1488.0,False,ARMED(conf=0.82),FINNIFTY
2025-03-19,OPTIONS_GREEKS,PE,TRENDING_BULL,0.837,7,2025-03-19 13:01:00,188.0,183.6,2025-03-19 14:30:00,TIME,-5.2,-1496.0,False,ARMED(conf=0.84),FINNIFTY
2025-03-19,MACD_DIVERGENCE,PE,TRENDING_BULL,0.836,5,2025-03-19 13:46:00,175.5,183.6,2025-03-19 14:30:00,TIME,7.3,1420.0,True,ARMED(conf=0.84),FINNIFTY
2025-03-20,ULTIMATE_DAY_HIGH_LOW,CE,NORMAL,0.831,8,2025-03-20 12:46:00,184.7,191.136,2025-03-20 13:03:00,TSL,5.64,1763.52,True,ARMED(conf=0.83),FINNIFTY
2025-03-20,SCALPING,CE,NORMAL,0.826,7,2025-03-20 13:01:00,196.1,170.5,2025-03-20 14:30:00,TIME,-26.4,-7432.0,False,ARMED(conf=0.83),FINNIFTY
2025-03-20,MACD_DIVERGENCE,PE,NORMAL,0.827,7,2025-03-20 14:01:00,157.05,173.92319999999998,2025-03-20 14:06:00,TSL,16.07,4460.5,True,ARMED(conf=0.83),FINNIFTY
2025-03-21,OPTIONS_GREEKS,PE,TRENDING_BULL,0.835,9,2025-03-21 13:01:00,154.7,131.95,2025-03-21 14:30:00,TIME,-23.55,-8518.0,False,ARMED(conf=0.83),FINNIFTY
2025-03-21,VWAP_BOUNCE,CE,TRENDING_BULL,0.838,6,2025-03-21 14:01:00,169.6,166.6,2025-03-21 14:30:00,TIME,-3.8,-952.0,False,ARMED(conf=0.84),FINNIFTY
2025-03-24,MACD_DIVERGENCE,CE,TRENDING_BULL,0.828,7,2025-03-24 13:01:00,152.8,171.10999999999999,2025-03-24 13:34:00,TSL,17.51,4862.8,True,ARMED(conf=0.83),FINNIFTY
2025-03-24,OPTIONS_GREEKS,PE,TRENDING_BULL,0.832,8,2025-03-24 13:16:00,168.0,174.8,2025-03-24 14:30:00,TIME,6.0,1880.0,True,ARMED(conf=0.83),FINNIFTY
2025-03-24,MACD_DIVERGENCE,PE,TRENDING_BULL,0.832,6,2025-03-24 13:16:00,168.0,174.8,2025-03-24 14:30:00,TIME,6.0,1400.0,True,ARMED(conf=0.83),FINNIFTY
2025-03-24,MOMENTUM_BURST,CE,TRENDING_BULL,0.833,6,2025-03-24 13:46:00,166.75,149.55,2025-03-24 14:30:00,TIME,-18.0,-4360.0,False,ARMED(conf=0.83),FINNIFTY
2025-03-25,ZERO_HERO,CE,NORMAL,0.84,12,2025-03-25 10:16:00,102.15,109.056,2025-03-25 10:20:00,TSL,6.11,2890.88,True,ARMED(conf=0.84),FINNIFTY
2025-03-25,ZERO_HERO,CE,NORMAL,0.84,16,2025-03-25 11:46:00,109.3,114.672,2025-03-25 12:17:00,TSL,4.57,2886.08,True,ARMED(conf=0.84),FINNIFTY
2025-03-28,AI_ENHANCED,CE,NORMAL,0.834,3,2025-03-28 12:01:00,418.45,432.768,2025-03-28 12:08:00,TSL,13.52,1582.16,True,ARMED(conf=0.83),FINNIFTY
2025-03-28,ULTIMATE_DAY_HIGH_LOW,CE,NORMAL,0.84,3,2025-03-28 13:01:00,437.45,394.8,2025-03-28 14:30:00,TIME,-43.45,-5254.0,False,ARMED(conf=0.84),FINNIFTY
2025-03-28,MACD_DIVERGENCE,PE,NORMAL,0.84,3,2025-03-28 13:01:00,308.2,319.6888,2025-03-28 13:33:00,TSL,10.69,1242.66,True,ARMED(conf=0.84),FINNIFTY
2025-04-03,MACD_DIVERGENCE,PE,TRENDING_BULL,0.84,3,2025-04-03 14:01:00,313.95,290.45,2025-04-03 14:30:00,TIME,-24.3,-2956.0,False,ARMED(conf=0.84),FINNIFTY
2025-04-04,AI_ENHANCED,CE,NORMAL,0.834,4,2025-04-04 12:01:00,369.75,374.1,2025-04-04 13:46:00,SPOT_SL,3.55,528.0,True,ARMED(conf=0.83),FINNIFTY
2025-04-04,AI_ENHANCED,CE,NORMAL,0.834,4,2025-04-04 12:16:00,370.55,374.1,2025-04-04 13:46:00,SPOT_SL,2.75,400.0,True,ARMED(conf=0.83),FINNIFTY
2025-04-04,LONG_UNWIND,PE,NORMAL,0.833,4,2025-04-04 14:16:00,306.55,320.45,2025-04-04 14:30:00,TIME,13.1,2056.0,True,ARMED(conf=0.83),FINNIFTY
2025-04-16,TREND_FOLLOWING,PE,NORMAL,0.847,4,2025-04-16 13:16:00,247.25,254.75099999999998,2025-04-16 13:18:00,TSL,6.7,1032.16,True,ARMED(conf=0.85),FINNIFTY
2025-04-16,ATR_BREAK,PE,NORMAL,0.833,4,2025-04-16 13:16:00,247.25,257.72540000000004,2025-04-16 13:24:00,TSL,9.68,1508.06,True,ARMED(conf=0.83),FINNIFTY
2025-04-16,MACD_DIVERGENCE,PE,NORMAL,0.833,4,2025-04-16 13:16:00,247.25,259.128,2025-04-16 13:21:00,TSL,11.08,1732.48,True,ARMED(conf=0.83),FINNIFTY
2025-04-16,SCALPING,CE,NORMAL,0.829,6,2025-04-16 13:46:00,235.85,255.956,2025-04-16 13:48:00,TSL,19.31,4593.44,True,ARMED(conf=0.83),FINNIFTY
2025-04-16,EMA_CROSSOVER,CE,NORMAL,0.829,4,2025-04-16 13:46:00,235.85,254.3825,2025-04-16 13:49:00,TSL,17.73,2797.2,True,ARMED(conf=0.83),FINNIFTY
2025-04-21,MOMENTUM_BURST,CE,TRENDING_BULL,0.823,7,2025-04-21 12:46:00,151.7,151.4,2025-04-21 13:45:00,SPOT_SL,-1.1,-348.0,False,ARMED(conf=0.82),FINNIFTY
2025-04-21,ATR_BREAK,CE,TRENDING_BULL,0.823,7,2025-04-21 12:46:00,151.7,151.4,2025-04-21 13:45:00,SPOT_SL,-1.1,-348.0,False,ARMED(conf=0.82),FINNIFTY
2025-04-21,OPTIONS_GREEKS,PE,TRENDING_BULL,0.834,9,2025-04-21 13:16:00,154.0,163.278,2025-04-21 13:33:00,TSL,8.48,3012.08,True,ARMED(conf=0.83),FINNIFTY
2025-04-22,ZERO_HERO,CE,TRENDING_BULL,0.84,19,2025-04-22 10:01:00,77.35,86.05699999999999,2025-04-22 10:16:00,TSL,7.91,5969.32,True,ARMED(conf=0.84),FINNIFTY
2025-04-22,ZERO_HERO,CE,TRENDING_BULL,0.84,19,2025-04-22 10:16:00,76.85,82.062,2025-04-22 10:21:00,TSL,4.41,3313.12,True,ARMED(conf=0.84),FINNIFTY
2025-04-28,OPTIONS_GREEKS,PE,TRENDING_BULL,0.829,3,2025-04-28 13:01:00,467.1,455.15,2025-04-28 14:30:00,TIME,-12.75,-1570.0,False,ARMED(conf=0.83),FINNIFTY
2025-04-28,MACD_DIVERGENCE,PE,TRENDING_BULL,0.837,2,2025-04-28 13:46:00,448.0,455.15,2025-04-28 14:30:00,TIME,6.35,468.0,True,ARMED(conf=0.84),FINNIFTY
2025-04-30,MACD_DIVERGENCE,CE,TRENDING_BEAR,0.835,1,2025-04-30 13:31:00,567.45,554.3,2025-04-30 14:30:00,TIME,-13.95,-598.0,False,ARMED(conf=0.84),FINNIFTY
2025-05-02,BEAR_TREND_FOLLOWER,PE,TRENDING_BEAR,0.903,4,2025-05-02 12:46:00,506.7,484.15,2025-05-02 14:30:00,TIME,-23.35,-3776.0,False,ARMED(conf=0.90),FINNIFTY
2025-05-02,MACD_DIVERGENCE,PE,TRENDING_BEAR,0.828,2,2025-05-02 13:01:00,507.7,481.35,2025-05-02 13:33:00,SPOT_SL,-27.15,-2212.0,False,ARMED(conf=0.83),FINNIFTY
2025-05-02,TREND_FOLLOWING,PE,TRENDING_BEAR,0.837,2,2025-05-02 14:16:00,480.8,484.15,2025-05-02 14:30:00,TIME,2.55,164.0,True,ARMED(conf=0.84),FINNIFTY
2026-01-05,MACD_DIVERGENCE,CE,NORMAL,0.84,3,2026-01-05 12:46:00,355.15,369.8,2026-01-05 13:50:00,SPOT_SL,13.85,1622.0,True,ARMED(conf=0.84),FINNIFTY
2026-01-05,VWAP_BOUNCE,PE,NORMAL,0.832,4,2026-01-05 13:01:00,233.45,249.018,2026-01-05 13:15:00,TSL,14.77,2322.88,True,ARMED(conf=0.83),FINNIFTY
2026-01-05,EMA_CROSSOVER,PE,NORMAL,0.832,4,2026-01-05 13:01:00,233.45,246.47699999999998,2026-01-05 13:15:00,TSL,12.23,1916.32,True,ARMED(conf=0.83),FINNIFTY
2026-01-05,VWAP_BOUNCE,PE,NORMAL,0.809,4,2026-01-05 13:16:00,251.0,247.1,2026-01-05 14:30:00,TIME,-4.7,-792.0,False,ARMED(conf=0.81),FINNIFTY
2026-01-05,ATR_BREAK,PE,NORMAL,0.809,4,2026-01-05 13:16:00,251.0,247.1,2026-01-05 14:30:00,TIME,-4.7,-792.0,False,ARMED(conf=0.81),FINNIFTY
2026-01-05,MOMENTUM_BURST,PE,NORMAL,0.818,4,2026-01-05 14:01:00,245.1,247.1,2026-01-05 14:30:00,TIME,1.2,152.0,True,ARMED(conf=0.82),FINNIFTY
2026-01-07,DAY_LOW_BULLISH,CE,RANGE_BOUND,0.883,6,2026-01-07 12:46:00,327.45,334.1,2026-01-07 13:00:00,TIME,5.85,1364.0,True,ARMED(conf=0.88),FINNIFTY
2026-01-07,DAY_LOW_BULLISH,CE,RANGE_BOUND,0.884,6,2026-01-07 13:01:00,336.7,337.55,2026-01-07 13:02:00,TIME,0.05,-28.0,False,ARMED(conf=0.88),FINNIFTY
2026-01-07,LONG_UNWIND,PE,RANGE_BOUND,0.835,7,2026-01-07 13:01:00,207.85,214.232,2026-01-07 13:25:00,TSL,5.58,1522.96,True,ARMED(conf=0.84),FINNIFTY
2026-01-07,LONG_UNWIND,PE,RANGE_BOUND,0.826,7,2026-01-07 13:16:00,208.9,214.232,2026-01-07 13:25:00,TSL,4.53,1228.96,True,ARMED(conf=0.83),FINNIFTY
2026-01-07,LONG_UNWIND,PE,RANGE_BOUND,0.826,7,2026-01-07 13:31:00,222.35,206.05,2026-01-07 14:30:00,TIME,-17.1,-4828.0,False,ARMED(conf=0.83),FINNIFTY
2026-01-07,LONG_UNWIND,PE,RANGE_BOUND,0.837,6,2026-01-07 13:46:00,218.8,206.05,2026-01-07 14:30:00,TIME,-13.55,-3292.0,False,ARMED(conf=0.84),FINNIFTY
2026-01-08,OPTIONS_GREEKS,CE,TRENDING_BEAR,0.833,4,2026-01-08 13:01:00,329.55,317.25,2026-01-08 14:30:00,TIME,-13.1,-2136.0,False,ARMED(conf=0.83),FINNIFTY
2026-01-08,TREND_FOLLOWING,PE,TRENDING_BEAR,0.851,5,2026-01-08 13:16:00,200.35,217.6195,2026-01-08 13:24:00,TSL,16.47,3253.9,True,ARMED(conf=0.85),FINNIFTY
2026-01-08,OPTIONS_GREEKS,CE,TRENDING_BEAR,0.839,4,2026-01-08 13:46:00,306.55,317.25,2026-01-08 14:30:00,TIME,9.9,1544.0,True,ARMED(conf=0.84),FINNIFTY
2026-01-08,TREND_FOLLOWING,PE,TRENDING_BEAR,0.859,5,2026-01-08 14:16:00,211.0,225.0885,2026-01-08 14:23:00,TSL,13.29,2617.7,True,ARMED(conf=0.86),FINNIFTY
2026-01-09,RSI_REVERSAL,CE,TRENDING_BEAR,0.821,3,2026-01-09 12:46:00,337.7,350.0,2026-01-09 13:30:00,TIME,11.5,1340.0,True,ARMED(conf=0.82),FINNIFTY
2026-01-09,MOMENTUM_BURST,PE,TRENDING_BEAR,0.824,5,2026-01-09 13:31:00,190.0,203.8,2026-01-09 14:30:00,TIME,13.0,2560.0,True,ARMED(conf=0.82),FINNIFTY
2026-01-14,VWAP_BOUNCE,CE,NORMAL,0.816,4,2026-01-14 12:46:00,287.2,293.35,2026-01-14 14:20:00,SPOT_SL,5.35,816.0,True,ARMED(conf=0.82),FINNIFTY
2026-01-14,MACD_DIVERGENCE,PE,NORMAL,0.838,6,2026-01-14 13:16:00,176.45,184.5616,2026-01-14 13:21:00,TSL,7.31,1714.78,True,ARMED(conf=0.84),FINNIFTY
2026-01-14,TREND_FOLLOWING,PE,NORMAL,0.844,5,2026-01-14 13:46:00,194.75,191.8,2026-01-14 14:30:00,TIME,-3.75,-790.0,False,ARMED(conf=0.84),FINNIFTY
2026-01-14,MACD_DIVERGENCE,CE,NORMAL,0.813,4,2026-01-14 14:01:00,276.45,292.8,2026-01-14 14:05:00,TSL,15.55,2448.0,True,ARMED(conf=0.81),FINNIFTY
2026-01-16,ULTIMATE_DAY_HIGH_LOW,CE,RANGE_BOUND,0.84,5,2026-01-16 10:01:00,251.3,254.1992,2026-01-16 10:03:00,TSL,2.1,379.84,True,ARMED(conf=0.84),FINNIFTY
2026-01-16,VWAP_BOUNCE,PE,RANGE_BOUND,0.833,5,2026-01-16 12:46:00,193.1,197.7976,2026-01-16 12:50:00,TSL,3.9,739.52,True,ARMED(conf=0.83),FINNIFTY
2026-01-16,EMA_CROSSOVER,PE,RANGE_BOUND,0.833,5,2026-01-16 12:46:00,193.1,196.5964,2026-01-16 12:50:00,TSL,2.7,499.28,True,ARMED(conf=0.83),FINNIFTY
2026-01-16,PUT_WRITER_SUPPORT,CE,RANGE_BOUND,0.83,6,2026-01-16 13:31:00,236.0,248.61144000000002,2026-01-16 13:32:00,TSL,11.81,2794.75,True,ARMED(conf=0.83),FINNIFTY
2026-01-19,SCALPING,CE,RANGE_BOUND,0.827,7,2026-01-19 12:46:00,202.1,227.27936,2026-01-19 12:49:00,TSL,24.38,6786.22,True,ARMED(conf=0.83),FINNIFTY
2026-01-19,VWAP_BOUNCE,CE,RANGE_BOUND,0.827,5,2026-01-19 12:46:00,202.1,227.8328,2026-01-19 12:49:00,TSL,24.93,4946.56,True,ARMED(conf=0.83),FINNIFTY
2026-01-20,ZERO_HERO,CE,TRENDING_BEAR,0.83,9,2026-01-20 11:31:00,149.7,145.0,2026-01-20 13:30:00,TIME,-5.5,-2020.0,False,ARMED(conf=0.83),FINNIFTY
2026-01-20,ZERO_HERO,CE,TRENDING_BEAR,0.811,9,2026-01-20 11:46:00,156.9,145.0,2026-01-20 13:30:00,TIME,-12.7,-4612.0,False,ARMED(conf=0.81),FINNIFTY
2026-01-20,GAMMA_BLAST,PE,TRENDING_BEAR,0.827,9,2026-01-20 13:31:00,155.7,155.7,2026-01-20 13:32:00,TIME,-0.8,-328.0,False,ARMED(conf=0.83),FINNIFTY
2026-01-21,EMA_CROSSOVER,CE,TRENDING_BEAR,0.827,4,2026-01-21 12:46:00,236.9,284.399,2026-01-21 13:10:00,TSL,46.7,7431.84,True,ARMED(conf=0.83),FINNIFTY
2026-01-21,ATR_BREAK,CE,TRENDING_BEAR,0.827,4,2026-01-21 12:46:00,236.9,281.7188,2026-01-21 13:10:00,TSL,44.02,7003.01,True,ARMED(conf=0.83),FINNIFTY
2026-01-21,TREND_FOLLOWING,PE,TRENDING_BEAR,0.863,7,2026-01-21 14:16:00,163.55,181.875,2026-01-21 14:17:00,TSL,17.52,4867.0,True,ARMED(conf=0.86),FINNIFTY
2026-01-21,ATR_BREAK,PE,TRENDING_BEAR,0.832,7,2026-01-21 14:16:00,163.55,177.375,2026-01-21 14:17:00,TSL,13.02,3607.0,True,ARMED(conf=0.83),FINNIFTY
2026-01-22,BEAR_TREND_FOLLOWER,PE,NORMAL,0.918,15,2026-01-22 12:46:00,144.5,147.696,2026-01-22 13:01:00,TSL,2.4,1397.6,True,ARMED(conf=0.92),FINNIFTY
2026-01-22,MACD_DIVERGENCE,PE,NORMAL,0.834,7,2026-01-22 12:46:00,144.5,150.1576,2026-01-22 13:00:00,TSL,4.86,1320.13,True,ARMED(conf=0.83),FINNIFTY
2026-01-22,MACD_DIVERGENCE,CE,NORMAL,0.814,5,2026-01-22 13:16:00,194.1,215.1104,2026-01-22 13:17:00,TSL,20.21,4002.08,True,ARMED(conf=0.81),FINNIFTY
2026-01-22,OPTIONS_GREEKS,CE,NORMAL,0.84,7,2026-01-22 13:31:00,190.55,197.712,2026-01-22 13:33:00,TSL,6.36,1741.36,True,ARMED(conf=0.84),FINNIFTY
2026-01-22,TREND_FOLLOWING,PE,NORMAL,0.869,8,2026-01-22 14:01:00,140.85,116.9,2026-01-22 14:30:00,TIME,-24.75,-7960.0,False,ARMED(conf=0.87),FINNIFTY
2026-01-22,MACD_DIVERGENCE,PE,NORMAL,0.834,8,2026-01-22 14:01:00,140.85,116.9,2026-01-22 14:30:00,TIME,-24.75,-7960.0,False,ARMED(conf=0.83),FINNIFTY
2026-01-23,BEAR_TREND_FOLLOWER,PE,TRENDING_BEAR,0.916,21,2026-01-23 12:46:00,97.85,112.001,2026-01-23 12:47:00,TSL,13.35,11174.84,True,ARMED(conf=0.92),FINNIFTY
2026-01-23,MACD_DIVERGENCE,PE,TRENDING_BEAR,0.832,10,2026-01-23 12:46:00,97.85,114.8606,2026-01-23 12:47:00,TSL,16.21,6444.24,True,ARMED(conf=0.83),FINNIFTY
2026-01-23,OPTIONS_GREEKS,CE,TRENDING_BEAR,0.829,8,2026-01-23 14:01:00,148.7,157.63799999999998,2026-01-23 14:02:00,TSL,8.14,2564.16,True,ARMED(conf=0.83),FINNIFTY
2026-01-23,MACD_DIVERGENCE,CE,TRENDING_BEAR,0.829,6,2026-01-23 14:01:00,148.7,161.66279999999998,2026-01-23 14:02:00,TSL,12.16,2879.07,True,ARMED(conf=0.83),FINNIFTY
2026-01-28,ULTIMATE_DAY_HIGH_LOW,CE,RANGE_BOUND,0.84,2,2026-01-28 10:46:00,510.3,527.5767999999999,2026-01-28 12:10:00,TSL,16.48,1278.14,True,ARMED(conf=0.84),FINNIFTY
2026-01-28,VWAP_BOUNCE,PE,RANGE_BOUND,0.833,2,2026-01-28 12:46:00,406.3,380.0,2026-01-28 14:30:00,TIME,-27.1,-2208.0,False,ARMED(conf=0.83),FINNIFTY
2026-01-28,MOMENTUM_BURST,PE,RANGE_BOUND,0.829,2,2026-01-28 13:16:00,401.0,380.0,2026-01-28 14:30:00,TIME,-21.8,-1784.0,False,ARMED(conf=0.83),FINNIFTY
2026-01-28,ATR_BREAK,PE,RANGE_BOUND,0.829,2,2026-01-28 13:16:00,401.0,380.0,2026-01-28 14:30:00,TIME,-21.8,-1784.0,False,ARMED(conf=0.83),FINNIFTY
2026-01-28,MACD_DIVERGENCE,PE,RANGE_BOUND,0.829,2,2026-01-28 13:16:00,401.0,380.0,2026-01-28 14:30:00,TIME,-21.8,-1784.0,False,ARMED(conf=0.83),FINNIFTY
2026-01-29,MOMENTUM_BURST,CE,TRENDING_BULL,0.825,2,2026-01-29 12:46:00,479.0,477.75,2026-01-29 14:30:00,TIME,-2.05,-204.0,False,ARMED(conf=0.83),FINNIFTY
2026-01-29,ATR_BREAK,CE,TRENDING_BULL,0.825,2,2026-01-29 12:46:00,479.0,477.75,2026-01-29 14:30:00,TIME,-2.05,-204.0,False,ARMED(conf=0.83),FINNIFTY
2026-01-29,OPTIONS_GREEKS,PE,TRENDING_BULL,0.827,3,2026-01-29 14:01:00,381.4,372.9,2026-01-29 14:30:00,TIME,-9.3,-1156.0,False,ARMED(conf=0.83),FINNIFTY
2026-01-30,VWAP_BOUNCE,PE,RANGE_BOUND,0.827,2,2026-01-30 13:16:00,390.0,399.399,2026-01-30 13:18:00,TSL,8.6,647.92,True,ARMED(conf=0.83),FINNIFTY
2026-01-30,EMA_CROSSOVER,PE,RANGE_BOUND,0.827,2,2026-01-30 13:16:00,390.0,396.9735,2026-01-30 13:18:00,TSL,6.17,453.88,True,ARMED(conf=0.83),FINNIFTY
2026-01-30,ATR_BREAK,PE,RANGE_BOUND,0.827,2,2026-01-30 13:16:00,390.0,395.51820000000004,2026-01-30 13:18:00,TSL,4.72,337.46,True,ARMED(conf=0.83),FINNIFTY
2026-01-30,MACD_DIVERGENCE,CE,RANGE_BOUND,0.838,2,2026-01-30 13:31:00,503.0,502.3,2026-01-30 14:30:00,TIME,-1.5,-160.0,False,ARMED(conf=0.84),FINNIFTY
2026-02-02,MACD_DIVERGENCE,CE,TRENDING_BEAR,0.836,2,2026-02-02 12:46:00,493.3,483.2,2026-02-02 14:30:00,TIME,-10.9,-912.0,False,ARMED(conf=0.84),FINNIFTY
2026-02-02,MACD_DIVERGENCE,PE,TRENDING_BEAR,0.839,3,2026-02-02 13:01:00,355.85,346.15,2026-02-02 14:30:00,TIME,-10.5,-1300.0,False,ARMED(conf=0.84),FINNIFTY
2026-02-02,TREND_FOLLOWING,PE,TRENDING_BEAR,0.87,3,2026-02-02 13:16:00,350.0,346.15,2026-02-02 14:30:00,TIME,-4.65,-598.0,False,ARMED(conf=0.87),FINNIFTY
2026-02-04,MACD_DIVERGENCE,CE,NORMAL,0.834,2,2026-02-04 13:01:00,408.2,388.7,2026-02-04 14:30:00,TIME,-20.3,-1664.0,False,ARMED(conf=0.83),FINNIFTY
2026-02-04,SCALPING,CE,NORMAL,0.828,3,2026-02-04 13:16:00,389.6,388.7,2026-02-04 14:30:00,TIME,-1.7,-244.0,False,ARMED(conf=0.83),FINNIFTY
2026-02-05,ULTIMATE_DAY_HIGH_LOW,CE,RANGE_BOUND,0.839,4,2026-02-05 13:01:00,394.65,374.0,2026-02-05 14:30:00,TIME,-21.45,-3472.0,False,ARMED(conf=0.84),FINNIFTY
2026-02-05,VWAP_BOUNCE,PE,RANGE_BOUND,0.839,3,2026-02-05 13:01:00,282.8,297.4868,2026-02-05 13:26:00,TSL,13.89,1626.42,True,ARMED(conf=0.84),FINNIFTY
2026-02-05,MACD_DIVERGENCE,PE,RANGE_BOUND,0.839,3,2026-02-05 13:01:00,282.8,296.76416,2026-02-05 13:26:00,TSL,13.16,1539.7,True,ARMED(conf=0.84),FINNIFTY
2026-02-05,MACD_DIVERGENCE,CE,RANGE_BOUND,0.835,2,2026-02-05 13:31:00,384.0,395.52128000000005,2026-02-05 14:01:00,TSL,10.72,817.7,True,ARMED(conf=0.83),FINNIFTY
2026-02-06,MACD_DIVERGENCE,PE,NORMAL,0.838,4,2026-02-06 13:01:00,264.6,278.15999999999997,2026-02-06 13:39:00,TSL,12.76,2001.6,True,ARMED(conf=0.84),FINNIFTY
2026-02-06,VWAP_BOUNCE,PE,NORMAL,0.819,4,2026-02-06 13:31:00,260.0,279.3,2026-02-06 13:39:00,TSL,18.5,2920.0,True,ARMED(conf=0.82),FINNIFTY
2026-02-06,SCALPING,CE,NORMAL,0.831,4,2026-02-06 13:46:00,355.55,351.1,2026-02-06 14:30:00,TIME,-5.25,-880.0,False,ARMED(conf=0.83),FINNIFTY
2026-02-06,VWAP_BOUNCE,CE,NORMAL,0.831,3,2026-02-06 13:46:00,355.55,351.1,2026-02-06 14:30:00,TIME,-5.25,-670.0,False,ARMED(conf=0.83),FINNIFTY
2026-02-09,ULTIMATE_DAY_HIGH_LOW,CE,RANGE_BOUND,0.827,5,2026-02-09 12:16:00,286.7,302.56,2026-02-09 12:55:00,TSL,15.06,2972.0,True,ARMED(conf=0.83),FINNIFTY
2026-02-09,OPTIONS_GREEKS,PE,RANGE_BOUND,0.834,5,2026-02-09 12:46:00,255.0,258.24960000000004,2026-02-09 12:56:00,TSL,2.45,449.92,True,ARMED(conf=0.83),FINNIFTY
2026-02-09,MOMENTUM_BURST,CE,RANGE_BOUND,0.832,3,2026-02-09 13:01:00,289.55,306.47232,2026-02-09 13:29:00,TSL,16.12,1894.68,True,ARMED(conf=0.83),FINNIFTY
2026-02-09,VOLUME_CLIMAX,PE,RANGE_BOUND,0.832,4,2026-02-09 13:01:00,257.15,257.25,2026-02-09 13:02:00,TIME,-0.7,-152.0,False,ARMED(conf=0.83),FINNIFTY
2026-02-11,SCALPING,CE,RANGE_BOUND,0.836,6,2026-02-11 12:46:00,238.65,246.4,2026-02-11 12:57:00,TSL,6.95,1628.0,True,ARMED(conf=0.84),FINNIFTY
2026-02-11,VWAP_BOUNCE,CE,RANGE_BOUND,0.836,4,2026-02-11 12:46:00,238.65,244.1842,2026-02-11 12:51:00,TSL,4.73,717.47,True,ARMED(conf=0.84),FINNIFTY
2026-02-11,MACD_DIVERGENCE,PE,RANGE_BOUND,0.831,5,2026-02-11 13:46:00,220.45,226.24448,2026-02-11 13:51:00,TSL,4.99,958.9,True,ARMED(conf=0.83),FINNIFTY
2026-02-11,OPTIONS_GREEKS,PE,RANGE_BOUND,0.834,6,2026-02-11 14:16:00,233.3,225.0,2026-02-11 14:30:00,TIME,-9.1,-2224.0,False,ARMED(conf=0.83),FINNIFTY
2026-02-11,MACD_DIVERGENCE,PE,RANGE_BOUND,0.834,4,2026-02-11 14:16:00,233.3,225.0,2026-02-11 14:30:00,TIME,-9.1,-1496.0,False,ARMED(conf=0.83),FINNIFTY
2026-02-12,SCALPING,CE,RANGE_BOUND,0.823,6,2026-02-12 12:46:00,230.0,245.6608,2026-02-12 12:48:00,TSL,14.86,3526.59,True,ARMED(conf=0.82),FINNIFTY
2026-02-12,MOMENTUM_BURST,CE,RANGE_BOUND,0.823,4,2026-02-12 12:46:00,230.0,245.6608,2026-02-12 12:48:00,TSL,14.86,2337.73,True,ARMED(conf=0.82),FINNIFTY
2026-02-12,OPTIONS_GREEKS,PE,RANGE_BOUND,0.831,6,2026-02-12 13:01:00,228.45,231.55599999999998,2026-02-12 13:18:00,TSL,2.31,513.44,True,ARMED(conf=0.83),FINNIFTY
2026-02-12,OPTIONS_GREEKS,PE,RANGE_BOUND,0.836,6,2026-02-12 13:46:00,229.0,208.0,2026-02-12 14:30:00,TIME,-21.8,-5272.0,False,ARMED(conf=0.84),FINNIFTY
2026-02-13,BEAR_TREND_FOLLOWER,PE,TRENDING_BEAR,0.871,11,2026-02-13 12:46:00,194.15,207.646,2026-02-13 13:13:00,TSL,12.7,5546.24,True,ARMED(conf=0.87),FINNIFTY
2026-02-13,OPTIONS_GREEKS,CE,TRENDING_BEAR,0.839,6,2026-02-13 13:01:00,244.6,253.6,2026-02-13 14:30:00,TIME,8.2,1928.0,True,ARMED(conf=0.84),FINNIFTY
2026-02-13,TREND_FOLLOWING,PE,TRENDING_BEAR,0.85,5,2026-02-13 13:16:00,191.1,210.005,2026-02-13 13:20:00,TSL,18.11,3581.0,True,ARMED(conf=0.85),FINNIFTY
2026-02-13,MOMENTUM_BURST,PE,TRENDING_BEAR,0.833,5,2026-02-13 13:46:00,188.0,199.7,2026-02-13 14:30:00,TIME,10.9,2140.0,True,ARMED(conf=0.83),FINNIFTY
2026-02-16,MOMENTUM_BURST,CE,TRENDING_BULL,0.828,5,2026-02-16 13:01:00,224.95,204.2,2026-02-16 14:30:00,TIME,-21.55,-4350.0,False,ARMED(conf=0.83),FINNIFTY
2026-02-16,VWAP_BOUNCE,CE,TRENDING_BULL,0.828,5,2026-02-16 13:01:00,224.95,204.2,2026-02-16 14:30:00,TIME,-21.55,-4350.0,False,ARMED(conf=0.83),FINNIFTY
2026-02-16,OPTIONS_GREEKS,PE,TRENDING_BULL,0.837,7,2026-02-16 13:46:00,202.25,218.85,2026-02-16 14:30:00,TIME,15.8,4384.0,True,ARMED(conf=0.84),FINNIFTY
2026-02-18,MACD_DIVERGENCE,PE,NORMAL,0.836,7,2026-02-18 13:16:00,155.85,181.3896,2026-02-18 13:23:00,TSL,24.74,6887.09,True,ARMED(conf=0.84),FINNIFTY
2026-02-18,SCALPING,CE,NORMAL,0.816,9,2026-02-18 13:46:00,166.4,178.55919999999998,2026-02-18 13:55:00,TSL,11.36,4049.31,True,ARMED(conf=0.82),FINNIFTY
2026-02-18,VWAP_BOUNCE,CE,NORMAL,0.816,6,2026-02-18 13:46:00,166.4,179.291,2026-02-18 13:54:00,TSL,12.09,2861.84,True,ARMED(conf=0.82),FINNIFTY
2026-02-19,OPTIONS_GREEKS,CE,TRENDING_BEAR,0.833,9,2026-02-19 13:01:00,164.0,173.571,2026-02-19 14:04:00,TSL,8.77,3117.56,True,ARMED(conf=0.83),FINNIFTY
2026-02-19,MOMENTUM_BURST,PE,TRENDING_BEAR,0.825,6,2026-02-19 13:46:00,163.05,151.15,2026-02-19 14:30:00,TIME,-12.7,-3088.0,False,ARMED(conf=0.83),FINNIFTY
2026-02-19,ATR_BREAK,PE,TRENDING_BEAR,0.825,6,2026-02-19 13:46:00,163.05,151.15,2026-02-19 14:30:00,TIME,-12.7,-3088.0,False,ARMED(conf=0.83),FINNIFTY
2026-02-19,TREND_FOLLOWING,PE,TRENDING_BEAR,0.821,6,2026-02-19 14:16:00,163.8,151.15,2026-02-19 14:30:00,TIME,-13.45,-3268.0,False,ARMED(conf=0.82),FINNIFTY
2026-02-20,OPTIONS_GREEKS,PE,TRENDING_BULL,0.839,10,2026-02-20 12:46:00,148.0,159.98799999999997,2026-02-20 12:49:00,TSL,11.19,4435.2,True,ARMED(conf=0.84),FINNIFTY
2026-02-20,OPTIONS_GREEKS,PE,TRENDING_BULL,0.837,10,2026-02-20 14:16:00,147.9,159.283,2026-02-20 14:19:00,TSL,10.58,4193.2,True,ARMED(conf=0.84),FINNIFTY
2026-02-20,MACD_DIVERGENCE,PE,TRENDING_BULL,0.837,7,2026-02-20 14:16:00,147.9,163.3498,2026-02-20 14:19:00,TSL,14.65,4061.94,True,ARMED(conf=0.84),FINNIFTY
2026-02-23,MOMENTUM_BURST,PE,TRENDING_BULL,0.83,8,2026-02-23 12:46:00,137.85,114.5,2026-02-23 14:30:00,TIME,-24.15,-7768.0,False,ARMED(conf=0.83),FINNIFTY
2026-02-23,MACD_DIVERGENCE,PE,TRENDING_BULL,0.83,8,2026-02-23 12:46:00,137.85,114.5,2026-02-23 14:30:00,TIME,-24.15,-7768.0,False,ARMED(conf=0.83),FINNIFTY
2026-02-24,ZERO_HERO,PE,TRENDING_BEAR,0.84,9,2026-02-24 10:01:00,153.3,114.97500000000001,2026-02-24 10:44:00,SL,-39.12,-14125.0,False,ARMED(conf=0.84),FINNIFTY
2026-02-25,MOMENTUM_BURST,PE,RANGE_BOUND,0.818,3,2026-02-25 12:46:00,375.85,387.14368,2026-02-25 12:50:00,TSL,10.49,1219.24,True,ARMED(conf=0.82),FINNIFTY
2026-02-25,BOLLINGER_SQUEEZE,PE,RANGE_BOUND,0.818,3,2026-02-25 12:46:00,375.85,387.14368,2026-02-25 12:50:00,TSL,10.49,1219.24,True,ARMED(conf=0.82),FINNIFTY
2026-02-25,ATR_BREAK,PE,RANGE_BOUND,0.818,3,2026-02-25 12:46:00,375.85,384.31552000000005,2026-02-25 12:50:00,TSL,7.67,879.86,True,ARMED(conf=0.82),FINNIFTY
2026-02-25,LONG_UNWIND,PE,RANGE_BOUND,0.818,4,2026-02-25 13:01:00,367.9,386.984,2026-02-25 13:13:00,TSL,18.28,2885.44,True,ARMED(conf=0.82),FINNIFTY
2026-02-25,LONG_UNWIND,PE,RANGE_BOUND,0.825,4,2026-02-25 13:16:00,368.3,383.22639999999996,2026-02-25 13:19:00,TSL,14.13,2220.22,True,ARMED(conf=0.83),FINNIFTY
2026-02-25,MACD_DIVERGENCE,CE,RANGE_BOUND,0.825,2,2026-02-25 13:16:00,504.0,518.22848,2026-02-25 14:19:00,TSL,13.43,1034.28,True,ARMED(conf=0.83),FINNIFTY
2026-02-25,LONG_UNWIND,PE,RANGE_BOUND,0.824,3,2026-02-25 13:31:00,379.6,383.9584,2026-02-25 13:53:00,TSL,3.56,387.01,True,ARMED(conf=0.82),FINNIFTY
2026-02-25,MOMENTUM_BURST,PE,RANGE_BOUND,0.824,2,2026-02-25 13:31:00,379.6,387.73503999999997,2026-02-25 13:50:00,TSL,7.34,546.8,True,ARMED(conf=0.82),FINNIFTY
2026-02-25,LONG_UNWIND,PE,RANGE_BOUND,0.805,4,2026-02-25 14:01:00,390.0,379.0,2026-02-25 14:30:00,TIME,-11.8,-1928.0,False,ARMED(conf=0.81),FINNIFTY
2026-02-25,MACD_DIVERGENCE,PE,RANGE_BOUND,0.808,2,2026-02-25 14:16:00,395.55,379.0,2026-02-25 14:30:00,TIME,-17.35,-1428.0,False,ARMED(conf=0.81),FINNIFTY
2026-02-26,BEAR_TREND_FOLLOWER,PE,NORMAL,0.881,6,2026-02-26 12:46:00,380.2,381.85,2026-02-26 14:30:00,TIME,0.85,164.0,True,ARMED(conf=0.88),FINNIFTY
2026-02-26,MOMENTUM_BURST,PE,NORMAL,0.826,3,2026-02-26 13:01:00,370.05,382.8848,2026-02-26 13:32:00,TSL,12.03,1404.18,True,ARMED(conf=0.83),FINNIFTY
2026-02-26,LONG_UNWIND,PE,NORMAL,0.827,3,2026-02-26 13:46:00,366.9,374.4,2026-02-26 14:13:00,TSL,6.7,764.0,True,ARMED(conf=0.83),FINNIFTY
2026-02-26,LONG_UNWIND,PE,NORMAL,0.834,3,2026-02-26 14:16:00,355.7,374.4,2026-02-26 14:18:00,TSL,17.9,2108.0,True,ARMED(conf=0.83),FINNIFTY
2026-02-27,BEAR_TREND_FOLLOWER,PE,TRENDING_BEAR,0.875,6,2026-02-27 12:46:00,374.9,372.55,2026-02-27 14:30:00,TIME,-3.15,-796.0,False,ARMED(conf=0.88),FINNIFTY
2026-02-27,MOMENTUM_BURST,PE,TRENDING_BEAR,0.824,3,2026-02-27 12:46:00,374.9,372.55,2026-02-27 14:30:00,TIME,-3.15,-418.0,False,ARMED(conf=0.82),FINNIFTY
2026-03-02,OPTIONS_GREEKS,CE,TRENDING_BEAR,0.823,2,2026-03-02 13:31:00,562.6,596.0,2026-03-02 14:30:00,TIME,32.6,2568.0,True,ARMED(conf=0.82),FINNIFTY
2026-03-02,MOMENTUM_BURST,PE,TRENDING_BEAR,0.818,2,2026-03-02 13:46:00,427.85,431.35,2026-03-02 14:12:00,SPOT_SL,2.7,176.0,True,ARMED(conf=0.82),FINNIFTY
2026-03-02,ATR_BREAK,PE,TRENDING_BEAR,0.818,2,2026-03-02 13:46:00,427.85,431.35,2026-03-02 14:12:00,SPOT_SL,2.7,176.0,True,ARMED(conf=0.82),FINNIFTY
2026-03-02,MACD_DIVERGENCE,CE,TRENDING_BEAR,0.835,1,2026-03-02 14:01:00,604.25,596.0,2026-03-02 14:30:00,TIME,-9.05,-402.0,False,ARMED(conf=0.84),FINNIFTY
2026-03-02,VWAP_BOUNCE,PE,TRENDING_BEAR,0.84,2,2026-03-02 14:16:00,432.2,427.25,2026-03-02 14:30:00,TIME,-5.75,-500.0,False,ARMED(conf=0.84),FINNIFTY
2026-03-04,EMA_CROSSOVER,CE,NORMAL,0.827,1,2026-03-04 13:01:00,667.05,657.55,2026-03-04 14:30:00,TIME,-10.3,-452.0,False,ARMED(conf=0.83),FINNIFTY
2026-03-04,ATR_BREAK,CE,NORMAL,0.827,1,2026-03-04 13:01:00,667.05,657.55,2026-03-04 14:30:00,TIME,-10.3,-452.0,False,ARMED(conf=0.83),FINNIFTY
2026-03-04,OPTIONS_GREEKS,PE,NORMAL,0.829,3,2026-03-04 13:16:00,498.9,508.0,2026-03-04 14:14:00,SPOT_SL,8.3,956.0,True,ARMED(conf=0.83),FINNIFTY
2026-03-04,OPTIONS_GREEKS,PE,NORMAL,0.831,2,2026-03-04 14:16:00,508.0,491.6,2026-03-04 14:30:00,TIME,-17.2,-1416.0,False,ARMED(conf=0.83),FINNIFTY
2026-03-05,AI_ENHANCED,CE,TRENDING_BULL,0.839,2,2026-03-05 12:16:00,605.4,620.45,2026-03-05 14:09:00,SPOT_SL,14.25,1100.0,True,ARMED(conf=0.84),FINNIFTY
2026-03-05,AI_ENHANCED,CE,TRENDING_BULL,0.839,2,2026-03-05 12:46:00,619.0,615.75,2026-03-05 13:57:00,SPOT_SL,-4.05,-364.0,False,ARMED(conf=0.84),FINNIFTY
2026-03-05,BOLLINGER_SQUEEZE,PE,TRENDING_BULL,0.822,2,2026-03-05 13:46:00,445.15,461.05,2026-03-05 14:30:00,TIME,15.1,1168.0,True,ARMED(conf=0.82),FINNIFTY
2026-03-05,LONG_UNWIND,PE,TRENDING_BULL,0.821,3,2026-03-05 14:01:00,439.05,461.05,2026-03-05 14:30:00,TIME,21.2,2504.0,True,ARMED(conf=0.82),FINNIFTY
2026-03-05,LONG_UNWIND,PE,TRENDING_BULL,0.836,3,2026-03-05 14:16:00,463.55,461.05,2026-03-05 14:30:00,TIME,-3.3,-436.0,False,ARMED(conf=0.84),FINNIFTY
2026-03-06,BEAR_TREND_FOLLOWER,PE,TRENDING_BEAR,0.882,4,2026-03-06 12:46:00,478.15,485.25,2026-03-06 14:30:00,TIME,6.3,968.0,True,ARMED(conf=0.88),FINNIFTY
2026-03-06,MACD_DIVERGENCE,PE,TRENDING_BEAR,0.825,2,2026-03-06 13:01:00,476.75,485.25,2026-03-06 14:30:00,TIME,7.7,576.0,True,ARMED(conf=0.83),FINNIFTY
2026-03-06,MACD_DIVERGENCE,CE,TRENDING_BEAR,0.829,1,2026-03-06 13:16:00,615.6,619.8,2026-03-06 14:30:00,TIME,3.4,96.0,True,ARMED(conf=0.83),FINNIFTY
2026-04-24,PUT_WRITER_SUPPORT,CE,TRENDING_BULL,0.838,6,2026-04-24 12:46:00,242.15,244.2,2026-04-24 14:30:00,TIME,1.25,260.0,True,ARMED(conf=0.84),FINNIFTY
2026-04-24,LONG_UNWIND,PE,TRENDING_BULL,0.834,7,2026-04-24 13:01:00,192.8,203.087,2026-04-24 13:48:00,TSL,9.49,2616.36,True,ARMED(conf=0.83),FINNIFTY
2026-04-24,TREND_FOLLOWING,PE,TRENDING_BULL,0.834,5,2026-04-24 13:31:00,192.35,205.6885,2026-04-24 13:40:00,TSL,12.54,2467.7,True,ARMED(conf=0.83),FINNIFTY
2026-04-24,OPTIONS_GREEKS,CE,TRENDING_BULL,0.836,6,2026-04-24 14:01:00,265.25,244.2,2026-04-24 14:30:00,TIME,-21.85,-5284.0,False,ARMED(conf=0.84),FINNIFTY
2026-04-28,ZERO_HERO,PE,TRENDING_BEAR,0.828,11,2026-04-28 11:01:00,96.45,106.267,2026-04-28 11:05:00,TSL,9.02,3927.48,True,ARMED(conf=0.83),FINNIFTY
2026-04-28,ZERO_HERO,PE,TRENDING_BEAR,0.819,12,2026-04-28 11:16:00,91.65,101.52,2026-04-28 11:17:00,TSL,9.07,4313.6,True,ARMED(conf=0.82),FINNIFTY
2026-04-28,ZERO_HERO,PE,TRENDING_BEAR,0.818,12,2026-04-28 11:46:00,126.2,94.65,2026-04-28 12:01:00,SL,-32.35,-15568.0,False,ARMED(conf=0.82),FINNIFTY
2026-04-28,ZERO_HERO,PE,TRENDING_BEAR,0.817,11,2026-04-28 12:01:00,113.4,122.717,2026-04-28 12:02:00,TSL,8.52,3707.48,True,ARMED(conf=0.82),FINNIFTY
2026-04-28,ZERO_HERO,PE,TRENDING_BEAR,0.816,13,2026-04-28 12:16:00,105.7,132.587,2026-04-28 12:18:00,TSL,26.09,13525.24,True,ARMED(conf=0.82),FINNIFTY
2026-04-28,ZERO_HERO,PE,TRENDING_BEAR,0.824,15,2026-04-28 12:46:00,94.4,101.661,2026-04-28 12:48:00,TSL,6.46,3836.6,True,ARMED(conf=0.82),FINNIFTY
2026-04-28,ZERO_HERO,PE,TRENDING_BEAR,0.827,14,2026-04-28 13:16:00,101.7,121.82399999999998,2026-04-28 13:24:00,TSL,19.32,10781.44,True,ARMED(conf=0.83),FINNIFTY
2026-04-28,ZERO_HERO,PE,TRENDING_BEAR,0.824,12,2026-04-28 13:31:00,121.85,115.55,2026-04-28 13:32:00,TIME,-7.1,-3448.0,False,ARMED(conf=0.82),FINNIFTY
2026-04-28,ZERO_HERO,PE,TRENDING_BEAR,0.824,11,2026-04-28 14:01:00,127.35,124.0,2026-04-28 14:02:00,TIME,-4.15,-1866.0,False,ARMED(conf=0.82),FINNIFTY
2026-04-29,OPTIONS_GREEKS,PE,TRENDING_BULL,0.832,3,2026-04-29 13:16:00,465.75,515.3,2026-04-29 14:41:00,TIME,48.75,5810.0,True,ARMED(conf=0.83),FINNIFTY
2026-04-29,OPTIONS_GREEKS,PE,TRENDING_BULL,0.839,3,2026-04-29 13:31:00,469.95,515.3,2026-04-29 14:41:00,TIME,44.55,5306.0,True,ARMED(conf=0.84),FINNIFTY
2026-05-21,MOMENTUM_BURST,PE,TRENDING_BEAR,0.82,4,2026-05-21 12:46:00,250.55,187.91250000000002,2026-05-21 12:57:00,SL,-63.44,-10190.0,False,ARMED(conf=0.82),FINNIFTY
2026-05-21,ATR_BREAK,PE,TRENDING_BEAR,0.82,4,2026-05-21 12:46:00,250.55,187.91250000000002,2026-05-21 12:57:00,SL,-63.44,-10190.0,False,ARMED(conf=0.82),FINNIFTY
2026-05-22,MOMENTUM_BURST,CE,TRENDING_BULL,0.827,5,2026-05-22 12:46:00,229.3,215.7,2026-05-22 14:30:00,TIME,-14.4,-2920.0,False,ARMED(conf=0.83),FINNIFTY
2026-05-22,ATR_BREAK,CE,TRENDING_BULL,0.827,5,2026-05-22 12:46:00,229.3,215.7,2026-05-22 14:30:00,TIME,-14.4,-2920.0,False,ARMED(conf=0.83),FINNIFTY
2026-05-22,MACD_DIVERGENCE,PE,TRENDING_BULL,0.834,6,2026-05-22 13:46:00,168.7,166.75,2026-05-22 14:30:00,TIME,-2.75,-700.0,False,ARMED(conf=0.83),FINNIFTY
2026-05-26,ZERO_HERO,CE,NORMAL,0.84,36,2026-05-26 10:16:00,40.2,30.150000000000002,2026-05-26 10:20:00,SL,-10.85,-15664.0,False,ARMED(conf=0.84),FINNIFTY
2026-05-27,ULTIMATE_DAY_HIGH_LOW,CE,NORMAL,0.84,2,2026-05-27 10:16:00,624.95,639.456,2026-05-27 10:49:00,TSL,13.71,1056.48,True,ARMED(conf=0.84),FINNIFTY
2026-05-27,TREND_FOLLOWING,PE,NORMAL,0.829,2,2026-05-27 13:01:00,500.55,500.5,2026-05-27 14:31:00,TIME,-0.85,-108.0,False,ARMED(conf=0.83),FINNIFTY
2026-05-27,MOMENTUM_BURST,PE,NORMAL,0.828,2,2026-05-27 13:01:00,500.55,500.5,2026-05-27 14:31:00,TIME,-0.85,-108.0,False,ARMED(conf=0.83),FINNIFTY
2026-05-27,ATR_BREAK,PE,NORMAL,0.828,2,2026-05-27 13:01:00,500.55,500.5,2026-05-27 14:31:00,TIME,-0.85,-108.0,False,ARMED(conf=0.83),FINNIFTY
2026-05-27,MACD_DIVERGENCE,CE,NORMAL,0.832,1,2026-05-27 13:31:00,605.0,619.25,2026-05-27 14:31:00,TIME,13.45,498.0,True,ARMED(conf=0.83),FINNIFTY
2025-02-03,MACD_DIVERGENCE,CE,TRENDING_BULL,0.817,2,2025-02-03 12:46:00,1042.0,1049.6,2025-02-03 14:30:00,TIME,6.1,143.0,True,ARMED(conf=0.82),BANKNIFTY
2025-02-03,MOMENTUM_BURST,CE,TRENDING_BULL,0.826,2,2025-02-03 13:01:00,1058.4,1049.6,2025-02-03 14:30:00,TIME,-10.3,-349.0,False,ARMED(conf=0.83),BANKNIFTY
2025-02-03,MACD_DIVERGENCE,PE,TRENDING_BULL,0.839,4,2025-02-03 13:16:00,735.25,735.1,2025-02-03 14:30:00,TIME,-1.65,-139.0,False,ARMED(conf=0.84),BANKNIFTY
2025-02-04,MOMENTUM_BURST,CE,TRENDING_BULL,0.823,3,2025-02-04 12:46:00,939.0,895.9,2025-02-04 14:30:00,TIME,-44.6,-2047.0,False,ARMED(conf=0.82),BANKNIFTY
2025-02-04,ATR_BREAK,CE,TRENDING_BULL,0.823,3,2025-02-04 12:46:00,939.0,895.9,2025-02-04 14:30:00,TIME,-44.6,-2047.0,False,ARMED(conf=0.82),BANKNIFTY
2025-02-04,OPTIONS_GREEKS,PE,TRENDING_BULL,0.802,4,2025-02-04 13:01:00,759.3,792.25,2025-02-04 14:30:00,TIME,31.45,1847.0,True,ARMED(conf=0.80),BANKNIFTY
2025-02-06,VWAP_BOUNCE,PE,RANGE_BOUND,0.838,4,2025-02-06 13:46:00,670.7,713.9782,2025-02-06 13:59:00,TSL,41.78,2466.69,True,ARMED(conf=0.84),BANKNIFTY
2025-02-06,VWAP_BOUNCE,CE,RANGE_BOUND,0.833,3,2025-02-06 14:16:00,930.3,960.6818000000001,2025-02-06 14:21:00,TSL,28.88,1259.68,True,ARMED(conf=0.83),BANKNIFTY
2025-02-06,EMA_CROSSOVER,CE,RANGE_BOUND,0.833,3,2025-02-06 14:16:00,930.3,957.76475,2025-02-06 14:21:00,TSL,25.96,1128.41,True,ARMED(conf=0.83),BANKNIFTY
2025-02-07,BEAR_TREND_FOLLOWER,PE,TRENDING_BEAR,0.891,9,2025-02-07 12:46:00,614.85,640.4,2025-02-07 14:30:00,TIME,24.05,3206.75,True,ARMED(conf=0.89),BANKNIFTY
2025-02-07,MACD_DIVERGENCE,CE,TRENDING_BEAR,0.831,3,2025-02-07 13:16:00,859.0,853.05,2025-02-07 14:19:00,SPOT_SL,-7.45,-375.25,False,ARMED(conf=0.83),BANKNIFTY
2025-02-10,MACD_DIVERGENCE,CE,NORMAL,0.839,3,2025-02-10 13:16:00,853.75,839.0,2025-02-10 14:30:00,TIME,-16.25,-771.25,False,ARMED(conf=0.84),BANKNIFTY
2025-02-10,TREND_FOLLOWING,PE,NORMAL,0.866,4,2025-02-10 14:01:00,608.45,629.846,2025-02-10 14:17:00,TSL,19.9,1153.76,True,ARMED(conf=0.87),BANKNIFTY
2025-02-10,MOMENTUM_BURST,PE,NORMAL,0.835,4,2025-02-10 14:01:00,608.45,623.85,2025-02-10 14:30:00,TIME,13.9,794.0,True,ARMED(conf=0.84),BANKNIFTY
2025-02-10,VWAP_BOUNCE,PE,NORMAL,0.835,4,2025-02-10 14:01:00,608.45,623.85,2025-02-10 14:30:00,TIME,13.9,794.0,True,ARMED(conf=0.84),BANKNIFTY
2025-02-11,BEAR_TREND_FOLLOWER,PE,TRENDING_BEAR,0.888,10,2025-02-11 12:46:00,583.15,604.25,2025-02-11 14:30:00,TIME,19.6,2900.0,True,ARMED(conf=0.89),BANKNIFTY
2025-02-11,MOMENTUM_BURST,PE,TRENDING_BEAR,0.828,5,2025-02-11 12:46:00,583.15,604.25,2025-02-11 14:30:00,TIME,19.6,1430.0,True,ARMED(conf=0.83),BANKNIFTY
2025-02-13,EMA_CROSSOVER,PE,TRENDING_BEAR,0.823,5,2025-02-13 13:01:00,572.75,578.6,2025-02-13 14:30:00,TIME,4.35,286.25,True,ARMED(conf=0.82),BANKNIFTY
2025-02-13,BOLLINGER_SQUEEZE,PE,TRENDING_BEAR,0.823,5,2025-02-13 13:01:00,572.75,578.6,2025-02-13 14:30:00,TIME,4.35,286.25,True,ARMED(conf=0.82),BANKNIFTY
2025-02-13,ATR_BREAK,PE,TRENDING_BEAR,0.823,5,2025-02-13 13:01:00,572.75,578.6,2025-02-13 14:30:00,TIME,4.35,286.25,True,ARMED(conf=0.82),BANKNIFTY
2025-02-14,MACD_DIVERGENCE,PE,TRENDING_BEAR,0.821,5,2025-02-14 12:46:00,540.3,505.5,2025-02-14 14:30:00,TIME,-36.3,-2762.5,False,ARMED(conf=0.82),BANKNIFTY
2025-02-14,TREND_FOLLOWING,PE,TRENDING_BEAR,0.824,5,2025-02-14 13:31:00,565.55,505.5,2025-02-14 14:30:00,TIME,-61.55,-4656.25,False,ARMED(conf=0.82),BANKNIFTY
2025-02-14,MACD_DIVERGENCE,CE,TRENDING_BEAR,0.827,3,2025-02-14 14:01:00,733.45,783.1,2025-02-14 14:30:00,TIME,48.15,2126.75,True,ARMED(conf=0.83),BANKNIFTY
2025-02-17,RESIST_BREAK,CE,TRENDING_BULL,0.826,5,2025-02-17 13:31:00,738.05,729.35,2025-02-17 14:30:00,TIME,-10.2,-805.0,False,ARMED(conf=0.83),BANKNIFTY
2025-02-17,ATR_BREAK,CE,TRENDING_BULL,0.826,4,2025-02-17 13:31:00,738.05,729.35,2025-02-17 14:30:00,TIME,-10.2,-652.0,False,ARMED(conf=0.83),BANKNIFTY
2025-02-18,MACD_DIVERGENCE,CE,TRENDING_BEAR,0.839,4,2025-02-18 13:01:00,628.3,641.95,2025-02-18 14:30:00,TIME,12.15,689.0,True,ARMED(conf=0.84),BANKNIFTY
2025-02-18,MACD_DIVERGENCE,PE,TRENDING_BEAR,0.837,5,2025-02-18 13:46:00,507.05,503.8,2025-02-18 14:30:00,TIME,-4.75,-396.25,False,ARMED(conf=0.84),BANKNIFTY
2025-02-20,SCALPING,CE,NORMAL,0.829,7,2025-02-20 13:31:00,512.75,541.058,2025-02-20 13:44:00,TSL,26.81,2774.84,True,ARMED(conf=0.83),BANKNIFTY
2025-02-20,MOMENTUM_BURST,CE,NORMAL,0.829,5,2025-02-20 13:31:00,512.75,541.058,2025-02-20 13:44:00,TSL,26.81,1970.6,True,ARMED(conf=0.83),BANKNIFTY
2025-02-20,MACD_DIVERGENCE,PE,NORMAL,0.833,7,2025-02-20 14:01:00,394.45,383.9,2025-02-20 14:30:00,TIME,-12.05,-1305.25,False,ARMED(conf=0.83),BANKNIFTY
2025-02-21,TREND_FOLLOWING,PE,TRENDING_BEAR,0.825,8,2025-02-21 13:16:00,348.15,376.06899999999996,2025-02-21 13:28:00,TSL,26.42,3130.28,True,ARMED(conf=0.82),BANKNIFTY
2025-02-21,TREND_FOLLOWING,PE,TRENDING_BEAR,0.822,7,2025-02-21 13:31:00,383.45,334.95,2025-02-21 14:30:00,TIME,-50.0,-5290.0,False,ARMED(conf=0.82),BANKNIFTY
2025-02-21,OPTIONS_GREEKS,CE,TRENDING_BEAR,0.834,8,2025-02-21 13:46:00,448.8,426.85,2025-02-21 14:30:00,TIME,-23.45,-2854.0,False,ARMED(conf=0.83),BANKNIFTY
2025-02-21,MACD_DIVERGENCE,CE,TRENDING_BEAR,0.834,6,2025-02-21 13:46:00,448.8,426.85,2025-02-21 14:30:00,TIME,-23.45,-2150.5,False,ARMED(conf=0.83),BANKNIFTY
2025-02-24,MACD_DIVERGENCE,CE,TRENDING_BEAR,0.834,8,2025-02-24 13:46:00,359.85,375.45,2025-02-24 14:30:00,TIME,14.1,1652.0,True,ARMED(conf=0.83),BANKNIFTY
2025-02-25,MACD_DIVERGENCE,CE,NORMAL,0.838,13,2025-02-25 13:01:00,157.7,221.333,2025-02-25 13:05:00,TSL,62.13,12075.94,True,ARMED(conf=0.84),BANKNIFTY
2025-02-28,AI_ENHANCED,CE,NORMAL,0.835,4,2025-02-28 12:16:00,956.55,918.15,2025-02-28 12:38:00,SPOT_SL,-39.9,-2434.0,False,ARMED(conf=0.84),BANKNIFTY
2025-02-28,LONG_UNWIND,PE,NORMAL,0.827,5,2025-02-28 13:01:00,744.4,675.2,2025-02-28 14:15:00,SPOT_SL,-70.7,-5342.5,False,ARMED(conf=0.83),BANKNIFTY
2025-02-28,LONG_UNWIND,PE,NORMAL,0.829,5,2025-02-28 13:16:00,704.45,718.032,2025-02-28 13:40:00,TSL,12.08,866.15,True,ARMED(conf=0.83),BANKNIFTY
2025-02-28,LONG_UNWIND,PE,NORMAL,0.836,5,2025-02-28 13:46:00,713.85,694.15,2025-02-28 14:30:00,TIME,-21.2,-1630.0,False,ARMED(conf=0.84),BANKNIFTY
2025-03-03,AI_ENHANCED,CE,TRENDING_BEAR,0.829,4,2025-03-03 12:31:00,927.55,891.0,2025-03-03 14:30:00,TIME,-38.05,-2323.0,False,ARMED(conf=0.83),BANKNIFTY
2025-03-03,MACD_DIVERGENCE,PE,TRENDING_BEAR,0.837,4,2025-03-03 13:16:00,653.8,666.45,2025-03-03 14:30:00,TIME,11.15,629.0,True,ARMED(conf=0.84),BANKNIFTY
2025-03-03,AI_ENHANCED,CE,TRENDING_BEAR,0.837,4,2025-03-03 14:01:00,958.95,891.0,2025-03-03 14:30:00,TIME,-69.45,-4207.0,False,ARMED(conf=0.84),BANKNIFTY
2025-03-04,AI_ENHANCED,CE,TRENDING_BULL,0.836,4,2025-03-04 12:16:00,842.0,849.2,2025-03-04 14:30:00,TIME,5.7,302.0,True,ARMED(conf=0.84),BANKNIFTY
2025-03-04,AI_ENHANCED,CE,TRENDING_BULL,0.835,4,2025-03-04 12:31:00,887.0,849.2,2025-03-04 14:30:00,TIME,-39.3,-2398.0,False,ARMED(conf=0.84),BANKNIFTY
2025-03-04,MACD_DIVERGENCE,PE,TRENDING_BULL,0.835,4,2025-03-04 13:31:00,668.9,668.25,2025-03-04 14:30:00,TIME,-2.15,-169.0,False,ARMED(conf=0.83),BANKNIFTY
2025-03-06,MACD_DIVERGENCE,PE,TRENDING_BEAR,0.837,4,2025-03-06 13:31:00,636.0,626.0,2025-03-06 14:30:00,TIME,-11.5,-730.0,False,ARMED(conf=0.84),BANKNIFTY
2025-03-06,MACD_DIVERGENCE,PE,TRENDING_BEAR,0.836,4,2025-03-06 13:46:00,632.1,626.0,2025-03-06 14:30:00,TIME,-7.6,-496.0,False,ARMED(conf=0.84),BANKNIFTY
2025-03-06,VWAP_BOUNCE,CE,TRENDING_BEAR,0.831,3,2025-03-06 14:01:00,765.85,784.45,2025-03-06 14:30:00,TIME,17.1,729.5,True,ARMED(conf=0.83),BANKNIFTY
2025-03-06,ATR_BREAK,CE,TRENDING_BEAR,0.831,3,2025-03-06 14:01:00,765.85,784.45,2025-03-06 14:30:00,TIME,17.1,729.5,True,ARMED(conf=0.83),BANKNIFTY
2025-03-07,MACD_DIVERGENCE,PE,RANGE_BOUND,0.833,5,2025-03-07 12:46:00,593.0,610.4852,2025-03-07 12:50:00,TSL,15.99,1158.89,True,ARMED(conf=0.83),BANKNIFTY
2025-03-10,AI_ENHANCED,CE,NORMAL,0.84,5,2025-03-10 13:46:00,671.0,690.72,2025-03-10 14:19:00,TSL,18.22,1326.5,True,ARMED(conf=0.84),BANKNIFTY
2025-03-10,MACD_DIVERGENCE,CE,NORMAL,0.82,4,2025-03-10 14:01:00,689.85,703.9,2025-03-10 14:21:00,SPOT_SL,12.55,713.0,True,ARMED(conf=0.82),BANKNIFTY
2025-03-10,BREAKOUT,PE,NORMAL,0.819,6,2025-03-10 14:16:00,629.15,647.424,2025-03-10 14:20:00,TSL,16.77,1469.66,True,ARMED(conf=0.82),BANKNIFTY
2025-03-11,MACD_DIVERGENCE,PE,RANGE_BOUND,0.837,5,2025-03-11 12:46:00,576.1,592.059,2025-03-11 12:52:00,TSL,14.46,1044.42,True,ARMED(conf=0.84),BANKNIFTY
2025-03-11,LONG_UNWIND,PE,RANGE_BOUND,0.837,7,2025-03-11 13:01:00,558.0,587.0152,2025-03-11 13:05:00,TSL,27.52,2849.1,True,ARMED(conf=0.84),BANKNIFTY
2025-03-11,SCALPING,CE,RANGE_BOUND,0.835,5,2025-03-11 13:16:00,660.05,677.768,2025-03-11 13:25:00,TSL,16.22,1176.35,True,ARMED(conf=0.83),BANKNIFTY
2025-03-11,VWAP_BOUNCE,CE,RANGE_BOUND,0.835,4,2025-03-11 13:16:00,660.05,677.768,2025-03-11 13:25:00,TSL,16.22,933.08,True,ARMED(conf=0.83),BANKNIFTY
2025-03-11,VOLUME_CLIMAX,PE,RANGE_BOUND,0.828,5,2025-03-11 14:01:00,579.15,571.55,2025-03-11 14:02:00,TIME,-9.1,-722.5,False,ARMED(conf=0.83),BANKNIFTY
2025-03-11,MACD_DIVERGENCE,PE,RANGE_BOUND,0.837,5,2025-03-11 14:16:00,580.0,551.0,2025-03-11 14:30:00,TIME,-30.5,-2327.5,False,ARMED(conf=0.84),BANKNIFTY
2025-03-13,AI_ENHANCED,CE,NORMAL,0.838,6,2025-03-13 12:31:00,572.2,565.2,2025-03-13 14:30:00,TIME,-8.5,-805.0,False,ARMED(conf=0.84),BANKNIFTY
2025-03-13,LONG_UNWIND,PE,NORMAL,0.832,8,2025-03-13 13:01:00,473.45,482.88,2025-03-13 13:09:00,TSL,7.93,911.6,True,ARMED(conf=0.83),BANKNIFTY
2025-03-13,LONG_UNWIND,PE,NORMAL,0.829,8,2025-03-13 13:16:00,477.9,494.4,2025-03-13 13:44:00,TSL,15.0,1760.0,True,ARMED(conf=0.83),BANKNIFTY
2025-03-13,LONG_UNWIND,PE,NORMAL,0.814,8,2025-03-13 13:46:00,464.9,487.68,2025-03-13 13:57:00,TSL,21.28,2513.6,True,ARMED(conf=0.81),BANKNIFTY
2025-03-13,LONG_UNWIND,PE,NORMAL,0.832,8,2025-03-13 14:01:00,510.0,490.9,2025-03-13 14:30:00,TIME,-20.6,-2512.0,False,ARMED(conf=0.83),BANKNIFTY
2025-03-17,MACD_DIVERGENCE,CE,RANGE_BOUND,0.838,6,2025-03-17 13:01:00,547.0,493.15,2025-03-17 14:30:00,TIME,-55.35,-5021.5,False,ARMED(conf=0.84),BANKNIFTY
2025-03-17,MACD_DIVERGENCE,PE,RANGE_BOUND,0.838,6,2025-03-17 13:31:00,435.3,448.25559999999996,2025-03-17 13:35:00,TSL,11.46,991.0,True,ARMED(conf=0.84),BANKNIFTY
2025-03-17,SCALPING,CE,RANGE_BOUND,0.835,8,2025-03-17 14:01:00,484.95,540.0902,2025-03-17 14:05:00,TSL,53.64,6396.82,True,ARMED(conf=0.83),BANKNIFTY
2025-03-18,MACD_DIVERGENCE,CE,TRENDING_BULL,0.838,6,2025-03-18 12:46:00,442.65,486.746,2025-03-18 12:49:00,TSL,42.6,3793.64,True,ARMED(conf=0.84),BANKNIFTY
2025-03-18,MACD_DIVERGENCE,PE,TRENDING_BULL,0.83,7,2025-03-18 14:01:00,414.7,403.15,2025-03-18 14:30:00,TIME,-13.05,-1410.25,False,ARMED(conf=0.83),BANKNIFTY
2025-03-20,ULTIMATE_DAY_HIGH_LOW,CE,RANGE_BOUND,0.833,10,2025-03-20 12:46:00,375.65,386.44719999999995,2025-03-20 12:53:00,TSL,9.3,1354.58,True,ARMED(conf=0.83),BANKNIFTY
2025-03-20,SCALPING,CE,RANGE_BOUND,0.827,10,2025-03-20 13:01:00,384.0,406.068,2025-03-20 13:10:00,TSL,20.57,3045.2,True,ARMED(conf=0.83),BANKNIFTY
2025-03-20,MACD_DIVERGENCE,PE,RANGE_BOUND,0.831,8,2025-03-20 14:01:00,339.15,352.2714,2025-03-20 14:10:00,TSL,11.62,1354.57,True,ARMED(conf=0.83),BANKNIFTY
2025-03-21,OPTIONS_GREEKS,PE,TRENDING_BULL,0.833,12,2025-03-21 13:01:00,317.8,299.0,2025-03-21 14:30:00,TIME,-20.3,-3694.0,False,ARMED(conf=0.83),BANKNIFTY
2025-03-21,MOMENTUM_BURST,CE,TRENDING_BULL,0.828,8,2025-03-21 13:16:00,341.9,385.6235,2025-03-21 13:49:00,TSL,42.22,5026.82,True,ARMED(conf=0.83),BANKNIFTY
2025-03-21,MOMENTUM_BURST,CE,TRENDING_BULL,0.832,8,2025-03-21 14:16:00,341.1,318.45,2025-03-21 14:30:00,TIME,-24.15,-2938.0,False,ARMED(conf=0.83),BANKNIFTY
2025-03-24,OPTIONS_GREEKS,PE,TRENDING_BULL,0.832,11,2025-03-24 12:46:00,359.45,319.5,2025-03-24 14:30:00,TIME,-41.45,-6879.25,False,ARMED(conf=0.83),BANKNIFTY
2025-03-24,OPTIONS_GREEKS,PE,TRENDING_BULL,0.833,11,2025-03-24 13:16:00,354.05,319.5,2025-03-24 14:30:00,TIME,-36.05,-5988.25,False,ARMED(conf=0.83),BANKNIFTY
2025-03-25,MOMENTUM_BURST,PE,TRENDING_BEAR,0.827,12,2025-03-25 13:16:00,237.3,264.325,2025-03-25 13:17:00,TSL,25.52,4554.5,True,ARMED(conf=0.83),BANKNIFTY
2025-03-25,ATR_BREAK,PE,TRENDING_BEAR,0.827,12,2025-03-25 13:16:00,237.3,260.2375,2025-03-25 13:17:00,TSL,21.44,3818.75,True,ARMED(conf=0.83),BANKNIFTY
2025-03-25,MACD_DIVERGENCE,CE,TRENDING_BEAR,0.836,10,2025-03-25 13:31:00,295.85,336.8325,2025-03-25 13:37:00,TSL,39.48,5882.37,True,ARMED(conf=0.84),BANKNIFTY
2025-03-25,TREND_FOLLOWING,PE,TRENDING_BEAR,0.846,12,2025-03-25 14:16:00,200.75,214.4185,2025-03-25 14:18:00,TSL,12.17,2150.33,True,ARMED(conf=0.85),BANKNIFTY
2025-03-25,MACD_DIVERGENCE,PE,TRENDING_BEAR,0.835,12,2025-03-25 14:16:00,200.75,224.36100000000002,2025-03-25 14:19:00,TSL,22.11,3939.98,True,ARMED(conf=0.84),BANKNIFTY
2025-03-28,TREND_FOLLOWING,PE,NORMAL,0.844,4,2025-03-28 13:01:00,609.0,627.298,2025-03-28 13:05:00,TSL,16.8,967.88,True,ARMED(conf=0.84),BANKNIFTY
2025-03-28,MACD_DIVERGENCE,PE,NORMAL,0.832,4,2025-03-28 13:01:00,609.0,640.626,2025-03-28 13:26:00,TSL,30.13,1767.56,True,ARMED(conf=0.83),BANKNIFTY
2025-03-28,TREND_FOLLOWING,PE,NORMAL,0.863,4,2025-03-28 13:46:00,645.5,663.0189999999999,2025-03-28 14:15:00,TSL,16.02,921.14,True,ARMED(conf=0.86),BANKNIFTY
2025-03-28,MACD_DIVERGENCE,CE,NORMAL,0.835,3,2025-03-28 14:01:00,906.65,836.15,2025-03-28 14:30:00,TIME,-72.0,-3280.0,False,ARMED(conf=0.83),BANKNIFTY
2025-03-28,ULTIMATE_DAY_HIGH_LOW,CE,NORMAL,0.828,4,2025-03-28 14:16:00,838.0,836.15,2025-03-28 14:30:00,TIME,-3.35,-241.0,False,ARMED(conf=0.83),BANKNIFTY
2025-04-03,MACD_DIVERGENCE,CE,TRENDING_BULL,0.832,3,2025-04-03 12:46:00,852.6,836.35,2025-04-03 14:30:00,TIME,-17.75,-838.75,False,ARMED(conf=0.83),BANKNIFTY
2025-04-03,OPTIONS_GREEKS,PE,TRENDING_BULL,0.836,6,2025-04-03 13:01:00,637.75,634.0,2025-04-03 14:30:00,TIME,-5.25,-512.5,False,ARMED(conf=0.84),BANKNIFTY
2025-04-03,MOMENTUM_BURST,CE,TRENDING_BULL,0.824,3,2025-04-03 13:31:00,823.05,836.35,2025-04-03 14:30:00,TIME,11.8,491.0,True,ARMED(conf=0.82),BANKNIFTY
2025-04-04,MACD_DIVERGENCE,CE,NORMAL,0.817,4,2025-04-04 12:46:00,741.45,787.92,2025-04-04 12:53:00,TSL,44.97,2658.2,True,ARMED(conf=0.82),BANKNIFTY
2025-04-04,MACD_DIVERGENCE,PE,NORMAL,0.836,4,2025-04-04 13:01:00,668.5,643.1,2025-04-04 14:30:00,TIME,-26.9,-1654.0,False,ARMED(conf=0.84),BANKNIFTY
2025-04-04,VWAP_BOUNCE,CE,NORMAL,0.839,3,2025-04-04 13:16:00,765.0,773.5,2025-04-04 14:30:00,TIME,7.0,275.0,True,ARMED(conf=0.84),BANKNIFTY
2025-04-04,VWAP_BOUNCE,PE,NORMAL,0.828,4,2025-04-04 13:31:00,642.0,673.6519999999999,2025-04-04 13:53:00,TSL,30.15,1769.12,True,ARMED(conf=0.83),BANKNIFTY
2025-04-04,TREND_FOLLOWING,PE,NORMAL,0.843,4,2025-04-04 14:16:00,648.0,666.4,2025-04-04 14:23:00,TSL,16.9,974.0,True,ARMED(conf=0.84),BANKNIFTY
2025-04-15,MACD_DIVERGENCE,CE,TRENDING_BULL,0.834,4,2025-04-15 13:01:00,611.15,611.85,2025-04-15 14:30:00,TIME,-0.8,-88.0,False,ARMED(conf=0.83),BANKNIFTY
2025-04-15,OPTIONS_GREEKS,PE,TRENDING_BULL,0.815,6,2025-04-15 13:31:00,572.8,563.0,2025-04-15 14:30:00,TIME,-11.3,-1057.0,False,ARMED(conf=0.82),BANKNIFTY
2025-04-15,MACD_DIVERGENCE,PE,TRENDING_BULL,0.834,4,2025-04-15 14:16:00,603.0,563.0,2025-04-15 14:30:00,TIME,-41.5,-2530.0,False,ARMED(conf=0.83),BANKNIFTY
2025-04-21,OPTIONS_GREEKS,PE,TRENDING_BULL,0.829,13,2025-04-21 13:01:00,354.55,315.45,2025-04-21 14:30:00,TIME,-40.6,-7957.0,False,ARMED(conf=0.83),BANKNIFTY
2025-04-21,OPTIONS_GREEKS,PE,TRENDING_BULL,0.836,12,2025-04-21 13:16:00,317.45,341.314,2025-04-21 13:45:00,TSL,22.36,3985.52,True,ARMED(conf=0.84),BANKNIFTY
2025-04-21,VWAP_BOUNCE,CE,TRENDING_BULL,0.84,9,2025-04-21 13:46:00,273.05,305.1135,2025-04-21 13:52:00,TSL,30.56,4086.07,True,ARMED(conf=0.84),BANKNIFTY
2025-04-22,MACD_DIVERGENCE,PE,TRENDING_BULL,0.835,10,2025-04-22 13:31:00,285.95,240.45,2025-04-22 14:30:00,TIME,-47.0,-7090.0,False,ARMED(conf=0.83),BANKNIFTY
2025-04-22,VWAP_BOUNCE,CE,TRENDING_BULL,0.839,12,2025-04-22 14:01:00,244.05,266.2165,2025-04-22 14:06:00,TSL,20.67,3679.97,True,ARMED(conf=0.84),BANKNIFTY
2025-04-23,ZERO_HERO,PE,TRENDING_BEAR,0.821,14,2025-04-23 11:01:00,286.1,327.073,2025-04-23 11:03:00,TSL,39.47,8249.33,True,ARMED(conf=0.82),BANKNIFTY
2025-04-23,ZERO_HERO,PE,TRENDING_BEAR,0.83,14,2025-04-23 11:46:00,281.65,304.79499999999996,2025-04-23 11:49:00,TSL,21.64,4505.45,True,ARMED(conf=0.83),BANKNIFTY
2025-04-23,ZERO_HERO,PE,TRENDING_BEAR,0.828,14,2025-04-23 12:01:00,270.15,293.89099999999996,2025-04-23 12:14:00,TSL,22.24,4630.61,True,ARMED(conf=0.83),BANKNIFTY
2025-04-23,ZERO_HERO,PE,TRENDING_BEAR,0.826,17,2025-04-23 12:16:00,231.7,252.249,2025-04-23 12:20:00,TSL,19.05,4817.5,True,ARMED(conf=0.83),BANKNIFTY
2025-04-23,ZERO_HERO,PE,TRENDING_BEAR,0.836,15,2025-04-23 13:01:00,264.65,310.57599999999996,2025-04-23 13:04:00,TSL,44.43,9955.85,True,ARMED(conf=0.84),BANKNIFTY
2025-04-23,ZERO_HERO,PE,TRENDING_BEAR,0.835,15,2025-04-23 14:01:00,258.2,255.45,2025-04-23 14:02:00,TIME,-4.25,-996.25,False,ARMED(conf=0.83),BANKNIFTY
2025-04-23,ZERO_HERO,PE,TRENDING_BEAR,0.816,14,2025-04-23 14:16:00,276.95,272.85,2025-04-23 14:17:00,TIME,-5.6,-1216.0,False,ARMED(conf=0.82),BANKNIFTY
2025-04-23,ZERO_HERO,PE,TRENDING_BEAR,0.84,14,2025-04-23 14:31:00,274.65,266.6,2025-04-23 14:32:00,TIME,-9.55,-2045.5,False,ARMED(conf=0.84),BANKNIFTY
2025-04-28,MOMENTUM_BURST,CE,TRENDING_BULL,0.823,2,2025-04-28 12:46:00,1174.5,1219.5,2025-04-28 14:30:00,TIME,43.5,1265.0,True,ARMED(conf=0.82),BANKNIFTY
2025-04-28,ATR_BREAK,CE,TRENDING_BULL,0.823,2,2025-04-28 12:46:00,1174.5,1219.5,2025-04-28 14:30:00,TIME,43.5,1265.0,True,ARMED(conf=0.82),BANKNIFTY
2025-04-28,OPTIONS_GREEKS,PE,TRENDING_BULL,0.826,4,2025-04-28 13:01:00,956.9,984.75,2025-04-28 14:30:00,TIME,26.35,1541.0,True,ARMED(conf=0.83),BANKNIFTY
2025-04-29,TREND_FOLLOWING,PE,TRENDING_BEAR,0.85,2,2025-04-29 13:01:00,1035.0,1046.1,2025-04-29 14:30:00,TIME,9.6,248.0,True,ARMED(conf=0.85),BANKNIFTY
2025-04-29,VWAP_BOUNCE,PE,TRENDING_BEAR,0.84,2,2025-04-29 13:01:00,1035.0,1046.1,2025-04-29 14:30:00,TIME,9.6,248.0,True,ARMED(conf=0.84),BANKNIFTY
2025-04-29,MACD_DIVERGENCE,PE,TRENDING_BEAR,0.84,2,2025-04-29 13:01:00,1035.0,1046.1,2025-04-29 14:30:00,TIME,9.6,248.0,True,ARMED(conf=0.84),BANKNIFTY
2025-05-02,BEAR_TREND_FOLLOWER,PE,NORMAL,0.876,5,2025-05-02 12:46:00,1078.5,1027.6,2025-05-02 14:30:00,TIME,-52.4,-3970.0,False,ARMED(conf=0.88),BANKNIFTY
2025-05-02,MACD_DIVERGENCE,PE,NORMAL,0.824,2,2025-05-02 12:46:00,1078.5,1027.6,2025-05-02 14:30:00,TIME,-52.4,-1612.0,False,ARMED(conf=0.82),BANKNIFTY
2025-05-02,MACD_DIVERGENCE,PE,NORMAL,0.823,2,2025-05-02 13:01:00,1052.6,1027.6,2025-05-02 14:30:00,TIME,-26.5,-835.0,False,ARMED(conf=0.82),BANKNIFTY
2026-01-02,MACD_DIVERGENCE,CE,TRENDING_BULL,0.811,4,2026-01-02 13:01:00,742.25,714.0,2026-01-02 14:30:00,TIME,-29.75,-1825.0,False,ARMED(conf=0.81),BANKNIFTY
2026-01-02,MACD_DIVERGENCE,PE,TRENDING_BULL,0.814,5,2026-01-02 13:31:00,505.0,512.0,2026-01-02 14:30:00,TIME,5.5,372.5,True,ARMED(conf=0.81),BANKNIFTY
2026-01-02,OPTIONS_GREEKS,PE,TRENDING_BULL,0.817,7,2026-01-02 13:46:00,505.5,512.0,2026-01-02 14:30:00,TIME,5.0,485.0,True,ARMED(conf=0.82),BANKNIFTY
2026-01-05,BOLLINGER_SQUEEZE,PE,TRENDING_BEAR,0.824,5,2026-01-05 13:01:00,505.7,496.05,2026-01-05 14:30:00,TIME,-11.15,-876.25,False,ARMED(conf=0.82),BANKNIFTY
2026-01-05,ATR_BREAK,PE,TRENDING_BEAR,0.824,5,2026-01-05 13:01:00,505.7,496.05,2026-01-05 14:30:00,TIME,-11.15,-876.25,False,ARMED(conf=0.82),BANKNIFTY
2026-01-05,OPTIONS_GREEKS,CE,TRENDING_BEAR,0.803,5,2026-01-05 13:16:00,689.95,651.1,2026-01-05 14:05:00,SPOT_SL,-40.35,-3066.25,False,ARMED(conf=0.80),BANKNIFTY
2026-01-06,MACD_DIVERGENCE,CE,RANGE_BOUND,0.84,4,2026-01-06 12:46:00,722.1,652.1,2026-01-06 14:30:00,TIME,-71.5,-4330.0,False,ARMED(conf=0.84),BANKNIFTY
2026-01-06,MACD_DIVERGENCE,PE,RANGE_BOUND,0.825,6,2026-01-06 14:01:00,489.35,527.2956,2026-01-06 14:02:00,TSL,36.45,3240.1,True,ARMED(conf=0.82),BANKNIFTY
2026-01-06,BOLLINGER_SQUEEZE,PE,RANGE_BOUND,0.824,5,2026-01-06 14:16:00,508.4,507.15,2026-01-06 14:30:00,TIME,-2.75,-246.25,False,ARMED(conf=0.82),BANKNIFTY
2026-01-08,BEAR_TREND_FOLLOWER,PE,NORMAL,0.894,12,2026-01-08 12:46:00,482.35,443.3,2026-01-08 14:30:00,TIME,-40.55,-7339.0,False,ARMED(conf=0.89),BANKNIFTY
2026-01-08,TREND_FOLLOWING,PE,NORMAL,0.83,6,2026-01-08 13:16:00,464.25,477.064,2026-01-08 13:27:00,TSL,11.31,978.26,True,ARMED(conf=0.83),BANKNIFTY
2026-01-08,ULTIMATE_DAY_HIGH_LOW,CE,NORMAL,0.84,5,2026-01-08 13:46:00,676.25,671.1,2026-01-08 14:30:00,TIME,-6.65,-538.75,False,ARMED(conf=0.84),BANKNIFTY
2026-01-09,OPTIONS_GREEKS,CE,TRENDING_BEAR,0.825,5,2026-01-09 12:46:00,679.8,708.35,2026-01-09 14:30:00,TIME,27.05,1988.75,True,ARMED(conf=0.83),BANKNIFTY
2026-01-09,TREND_FOLLOWING,PE,TRENDING_BEAR,0.822,7,2026-01-09 13:31:00,425.45,412.0,2026-01-09 14:30:00,TIME,-14.95,-1609.75,False,ARMED(conf=0.82),BANKNIFTY
2026-01-12,ULTIMATE_DAY_HIGH_LOW,CE,NORMAL,0.824,5,2026-01-12 12:16:00,663.3,676.8,2026-01-12 12:17:00,TSL,12.0,860.0,True,ARMED(conf=0.82),BANKNIFTY
2026-01-13,BEAR_TREND_FOLLOWER,PE,NORMAL,0.879,13,2026-01-13 12:46:00,434.15,454.128,2026-01-13 12:48:00,TSL,18.48,3563.21,True,ARMED(conf=0.88),BANKNIFTY
2026-01-13,MOMENTUM_BURST,PE,NORMAL,0.825,6,2026-01-13 12:46:00,434.15,463.589,2026-01-13 12:48:00,TSL,27.94,2474.51,True,ARMED(conf=0.82),BANKNIFTY
2026-01-13,OPTIONS_GREEKS,CE,NORMAL,0.828,6,2026-01-13 13:01:00,647.1,594.25,2026-01-13 14:30:00,TIME,-54.35,-4931.5,False,ARMED(conf=0.83),BANKNIFTY
2026-01-13,PUT_WRITER_SUPPORT,CE,NORMAL,0.828,6,2026-01-13 13:01:00,647.1,594.25,2026-01-13 14:30:00,TIME,-54.35,-4931.5,False,ARMED(conf=0.83),BANKNIFTY
2026-01-16,MACD_DIVERGENCE,CE,TRENDING_BULL,0.839,5,2026-01-16 13:01:00,533.0,527.25,2026-01-16 14:30:00,TIME,-7.25,-583.75,False,ARMED(conf=0.84),BANKNIFTY
2026-01-16,VWAP_BOUNCE,CE,TRENDING_BULL,0.837,5,2026-01-16 13:16:00,523.9,527.25,2026-01-16 14:30:00,TIME,1.85,98.75,True,ARMED(conf=0.84),BANKNIFTY
2026-01-19,SCALPING,CE,RANGE_BOUND,0.827,9,2026-01-19 12:46:00,406.2,432.003,2026-01-19 13:10:00,TSL,24.3,3240.9,True,ARMED(conf=0.83),BANKNIFTY
2026-01-19,VWAP_BOUNCE,CE,RANGE_BOUND,0.827,7,2026-01-19 12:46:00,406.2,432.003,2026-01-19 13:10:00,TSL,24.3,2511.81,True,ARMED(conf=0.83),BANKNIFTY
2026-01-20,TREND_FOLLOWING,PE,TRENDING_BEAR,0.828,8,2026-01-20 13:31:00,334.45,370.055,2026-01-20 14:04:00,TSL,34.11,4052.6,True,ARMED(conf=0.83),BANKNIFTY
2026-01-20,MOMENTUM_BURST,PE,TRENDING_BEAR,0.827,8,2026-01-20 13:31:00,334.45,370.055,2026-01-20 14:04:00,TSL,34.11,4052.6,True,ARMED(conf=0.83),BANKNIFTY
2026-01-20,BOLLINGER_SQUEEZE,PE,TRENDING_BEAR,0.827,8,2026-01-20 13:31:00,334.45,370.055,2026-01-20 14:04:00,TSL,34.11,4052.6,True,ARMED(conf=0.83),BANKNIFTY
2026-01-20,OPTIONS_GREEKS,CE,TRENDING_BEAR,0.834,9,2026-01-20 14:16:00,422.4,383.85,2026-01-20 14:30:00,TIME,-40.05,-5446.75,False,ARMED(conf=0.83),BANKNIFTY
2026-01-20,MACD_DIVERGENCE,CE,TRENDING_BEAR,0.834,7,2026-01-20 14:16:00,422.4,383.85,2026-01-20 14:30:00,TIME,-40.05,-4245.25,False,ARMED(conf=0.83),BANKNIFTY
2026-01-22,ULTIMATE_DAY_HIGH_LOW,CE,NORMAL,0.839,9,2026-01-22 12:16:00,415.2,425.472,2026-01-22 12:17:00,TSL,8.77,1144.22,True,ARMED(conf=0.84),BANKNIFTY
2026-01-22,BEAR_TREND_FOLLOWER,PE,NORMAL,0.917,19,2026-01-22 12:46:00,304.65,316.46399999999994,2026-01-22 12:47:00,TSL,10.31,2899.49,True,ARMED(conf=0.92),BANKNIFTY
2026-01-22,MACD_DIVERGENCE,CE,NORMAL,0.834,7,2026-01-22 13:16:00,411.0,469.76300000000003,2026-01-22 13:17:00,TSL,57.26,5972.62,True,ARMED(conf=0.83),BANKNIFTY
2026-01-22,TREND_FOLLOWING,PE,NORMAL,0.859,10,2026-01-22 14:01:00,291.3,305.95599999999996,2026-01-22 14:08:00,TSL,13.16,1933.4,True,ARMED(conf=0.86),BANKNIFTY
2026-01-22,MACD_DIVERGENCE,PE,NORMAL,0.837,10,2026-01-22 14:01:00,291.3,305.95599999999996,2026-01-22 14:08:00,TSL,13.16,1933.4,True,ARMED(conf=0.84),BANKNIFTY
2026-01-23,MACD_DIVERGENCE,PE,TRENDING_BEAR,0.833,13,2026-01-23 12:46:00,209.5,242.8395,2026-01-23 12:47:00,TSL,31.84,6168.7,True,ARMED(conf=0.83),BANKNIFTY
2026-01-23,MOMENTUM_BURST,PE,TRENDING_BEAR,0.818,12,2026-01-23 14:16:00,233.9,277.2745,2026-01-23 14:21:00,TSL,41.87,7497.41,True,ARMED(conf=0.82),BANKNIFTY
2026-01-29,MOMENTUM_BURST,CE,TRENDING_BULL,0.822,2,2026-01-29 12:46:00,993.3,948.7,2026-01-29 14:30:00,TIME,-46.1,-1423.0,False,ARMED(conf=0.82),BANKNIFTY
2026-01-29,ATR_BREAK,CE,TRENDING_BULL,0.822,2,2026-01-29 12:46:00,993.3,948.7,2026-01-29 14:30:00,TIME,-46.1,-1423.0,False,ARMED(conf=0.82),BANKNIFTY
2026-01-29,MACD_DIVERGENCE,PE,TRENDING_BULL,0.831,4,2026-01-29 13:16:00,746.25,771.6,2026-01-29 14:30:00,TIME,23.85,1391.0,True,ARMED(conf=0.83),BANKNIFTY
2026-01-29,MACD_DIVERGENCE,PE,TRENDING_BULL,0.826,3,2026-01-29 14:01:00,778.5,771.6,2026-01-29 14:30:00,TIME,-8.4,-418.0,False,ARMED(conf=0.83),BANKNIFTY
2026-01-30,EMA_CROSSOVER,PE,RANGE_BOUND,0.828,3,2026-01-30 13:01:00,777.0,793.319,2026-01-30 13:06:00,TSL,14.82,626.85,True,ARMED(conf=0.83),BANKNIFTY
2026-01-30,BOLLINGER_SQUEEZE,PE,RANGE_BOUND,0.828,3,2026-01-30 13:01:00,777.0,795.7352,2026-01-30 13:06:00,TSL,17.24,735.58,True,ARMED(conf=0.83),BANKNIFTY
2026-01-30,ATR_BREAK,PE,RANGE_BOUND,0.828,3,2026-01-30 13:01:00,777.0,790.9028,2026-01-30 13:06:00,TSL,12.4,518.13,True,ARMED(conf=0.83),BANKNIFTY
2026-01-30,BOLLINGER_SQUEEZE,PE,RANGE_BOUND,0.824,3,2026-01-30 13:16:00,822.0,779.0,2026-01-30 14:07:00,SPOT_SL,-44.5,-2042.5,False,ARMED(conf=0.82),BANKNIFTY
2026-01-30,ATR_BREAK,PE,RANGE_BOUND,0.824,3,2026-01-30 13:16:00,822.0,779.0,2026-01-30 14:07:00,SPOT_SL,-44.5,-2042.5,False,ARMED(conf=0.82),BANKNIFTY
2026-01-30,MACD_DIVERGENCE,CE,RANGE_BOUND,0.839,2,2026-01-30 13:31:00,1074.0,1016.4,2026-01-30 14:30:00,TIME,-59.1,-1813.0,False,ARMED(conf=0.84),BANKNIFTY
2026-01-30,VWAP_BOUNCE,CE,RANGE_BOUND,0.836,2,2026-01-30 14:01:00,1036.0,1016.4,2026-01-30 14:30:00,TIME,-21.1,-673.0,False,ARMED(conf=0.84),BANKNIFTY
2026-01-30,MACD_DIVERGENCE,PE,RANGE_BOUND,0.84,3,2026-01-30 14:16:00,791.0,763.0,2026-01-30 14:30:00,TIME,-29.5,-1367.5,False,ARMED(conf=0.84),BANKNIFTY
2026-02-02,MACD_DIVERGENCE,CE,TRENDING_BULL,0.836,2,2026-02-02 12:46:00,1062.7,978.2,2026-02-02 14:30:00,TIME,-86.0,-2620.0,False,ARMED(conf=0.84),BANKNIFTY
2026-02-02,LONG_UNWIND,PE,TRENDING_BULL,0.839,5,2026-02-02 13:01:00,714.7,709.55,2026-02-02 14:30:00,TIME,-6.65,-538.75,False,ARMED(conf=0.84),BANKNIFTY
2026-02-02,MACD_DIVERGENCE,PE,TRENDING_BULL,0.839,4,2026-02-02 13:01:00,714.7,709.55,2026-02-02 14:30:00,TIME,-6.65,-439.0,False,ARMED(conf=0.84),BANKNIFTY
2026-02-03,MACD_DIVERGENCE,PE,TRENDING_BEAR,0.838,4,2026-02-03 13:16:00,698.2,699.95,2026-02-03 14:30:00,TIME,0.25,-25.0,False,ARMED(conf=0.84),BANKNIFTY
2026-02-03,VWAP_BOUNCE,CE,TRENDING_BEAR,0.835,3,2026-02-03 13:31:00,843.0,801.05,2026-02-03 14:30:00,TIME,-43.45,-1995.25,False,ARMED(conf=0.83),BANKNIFTY
2026-02-03,MACD_DIVERGENCE,CE,TRENDING_BEAR,0.835,3,2026-02-03 13:31:00,843.0,801.05,2026-02-03 14:30:00,TIME,-43.45,-1995.25,False,ARMED(conf=0.83),BANKNIFTY
2026-02-05,MACD_DIVERGENCE,PE,NORMAL,0.832,5,2026-02-05 13:01:00,552.65,588.3919999999999,2026-02-05 13:17:00,TSL,34.24,2528.15,True,ARMED(conf=0.83),BANKNIFTY
2026-02-05,TREND_FOLLOWING,PE,NORMAL,0.834,5,2026-02-05 13:16:00,558.8,588.3919999999999,2026-02-05 13:17:00,TSL,28.09,2066.9,True,ARMED(conf=0.83),BANKNIFTY
2026-02-05,MACD_DIVERGENCE,PE,NORMAL,0.829,5,2026-02-05 13:16:00,558.8,588.3919999999999,2026-02-05 13:17:00,TSL,28.09,2066.9,True,ARMED(conf=0.83),BANKNIFTY
2026-02-05,MACD_DIVERGENCE,CE,NORMAL,0.839,3,2026-02-05 13:31:00,758.1,797.475,2026-02-05 14:09:00,TSL,37.88,1664.38,True,ARMED(conf=0.84),BANKNIFTY
2026-02-05,TREND_FOLLOWING,PE,NORMAL,0.845,5,2026-02-05 13:46:00,555.0,574.329,2026-02-05 14:14:00,TSL,17.83,1297.17,True,ARMED(conf=0.84),BANKNIFTY
2026-02-05,TREND_FOLLOWING,PE,NORMAL,0.835,5,2026-02-05 14:01:00,563.65,534.25,2026-02-05 14:30:00,TIME,-30.9,-2357.5,False,ARMED(conf=0.83),BANKNIFTY
2026-02-05,TREND_FOLLOWING,PE,NORMAL,0.829,5,2026-02-05 14:16:00,535.05,534.25,2026-02-05 14:30:00,TIME,-2.3,-212.5,False,ARMED(conf=0.83),BANKNIFTY
2026-02-06,TREND_FOLLOWING,PE,NORMAL,0.868,5,2026-02-06 13:01:00,505.0,534.3939999999999,2026-02-06 13:07:00,TSL,27.89,2052.05,True,ARMED(conf=0.87),BANKNIFTY
2026-02-06,MACD_DIVERGENCE,PE,NORMAL,0.833,5,2026-02-06 13:01:00,505.0,534.3939999999999,2026-02-06 13:07:00,TSL,27.89,2052.05,True,ARMED(conf=0.83),BANKNIFTY
2026-02-06,VWAP_BOUNCE,PE,NORMAL,0.817,5,2026-02-06 13:31:00,500.45,527.387,2026-02-06 13:40:00,TSL,25.44,1867.77,True,ARMED(conf=0.82),BANKNIFTY
2026-02-06,EMA_CROSSOVER,CE,NORMAL,0.812,4,2026-02-06 14:01:00,657.75,702.7312499999999,2026-02-06 14:07:00,TSL,43.48,2568.87,True,ARMED(conf=0.81),BANKNIFTY
2026-02-09,MOMENTUM_BURST,PE,RANGE_BOUND,0.825,6,2026-02-09 12:46:00,486.85,499.43399999999997,2026-02-09 12:58:00,TSL,11.08,957.56,True,ARMED(conf=0.82),BANKNIFTY
2026-02-09,VWAP_BOUNCE,PE,RANGE_BOUND,0.825,6,2026-02-09 12:46:00,486.85,499.43399999999997,2026-02-09 12:58:00,TSL,11.08,957.56,True,ARMED(conf=0.82),BANKNIFTY
2026-02-09,BOLLINGER_SQUEEZE,PE,RANGE_BOUND,0.825,6,2026-02-09 12:46:00,486.85,499.43399999999997,2026-02-09 12:58:00,TSL,11.08,957.56,True,ARMED(conf=0.82),BANKNIFTY
2026-02-09,OPTIONS_GREEKS,CE,RANGE_BOUND,0.834,6,2026-02-09 13:01:00,578.6,587.9912,2026-02-09 13:11:00,TSL,7.89,670.21,True,ARMED(conf=0.83),BANKNIFTY
2026-02-09,MACD_DIVERGENCE,CE,RANGE_BOUND,0.839,5,2026-02-09 13:31:00,572.1,586.7238,2026-02-09 14:19:00,TSL,13.12,944.28,True,ARMED(conf=0.84),BANKNIFTY
2026-02-10,SCALPING,CE,NORMAL,0.827,7,2026-02-10 12:46:00,503.05,552.72,2026-02-10 13:00:00,TSL,48.17,5017.85,True,ARMED(conf=0.83),BANKNIFTY
2026-02-10,OPTIONS_GREEKS,PE,NORMAL,0.827,8,2026-02-10 12:46:00,484.3,478.25,2026-02-10 14:30:00,TIME,-7.55,-946.0,False,ARMED(conf=0.83),BANKNIFTY
2026-02-10,MOMENTUM_BURST,CE,NORMAL,0.827,5,2026-02-10 12:46:00,503.05,552.72,2026-02-10 13:00:00,TSL,48.17,3572.75,True,ARMED(conf=0.83),BANKNIFTY
2026-02-10,ATR_BREAK,PE,NORMAL,0.831,6,2026-02-10 13:16:00,485.15,478.25,2026-02-10 14:30:00,TIME,-8.4,-796.0,False,ARMED(conf=0.83),BANKNIFTY
2026-02-10,EMA_CROSSOVER,PE,NORMAL,0.826,6,2026-02-10 13:31:00,441.5,483.79499999999996,2026-02-10 13:32:00,TSL,40.79,3631.55,True,ARMED(conf=0.83),BANKNIFTY
2026-02-12,EMA_CROSSOVER,CE,RANGE_BOUND,0.836,6,2026-02-12 13:01:00,450.5,493.53425,2026-02-12 13:53:00,TSL,41.53,3698.08,True,ARMED(conf=0.84),BANKNIFTY
2026-02-12,VWAP_BOUNCE,CE,RANGE_BOUND,0.815,6,2026-02-12 13:16:00,434.55,460.2104,2026-02-12 13:18:00,TSL,24.16,2134.44,True,ARMED(conf=0.82),BANKNIFTY
2026-02-13,BEAR_TREND_FOLLOWER,PE,TRENDING_BEAR,0.886,14,2026-02-13 12:46:00,397.9,379.25,2026-02-13 14:30:00,TIME,-20.15,-4271.5,False,ARMED(conf=0.89),BANKNIFTY
2026-02-13,OPTIONS_GREEKS,CE,TRENDING_BEAR,0.839,7,2026-02-13 13:01:00,509.9,504.15,2026-02-13 14:30:00,TIME,-7.25,-801.25,False,ARMED(conf=0.84),BANKNIFTY
2026-02-16,MACD_DIVERGENCE,CE,TRENDING_BULL,0.821,6,2026-02-16 13:01:00,440.5,478.7435,2026-02-16 13:38:00,TSL,36.74,3266.91,True,ARMED(conf=0.82),BANKNIFTY
2026-02-16,OPTIONS_GREEKS,PE,TRENDING_BULL,0.828,9,2026-02-16 13:46:00,414.6,415.75,2026-02-16 14:30:00,TIME,-0.35,-87.25,False,ARMED(conf=0.83),BANKNIFTY
2026-02-16,MACD_DIVERGENCE,PE,TRENDING_BULL,0.828,7,2026-02-16 13:46:00,414.6,415.75,2026-02-16 14:30:00,TIME,-0.35,-76.75,False,ARMED(conf=0.83),BANKNIFTY
2026-02-16,MOMENTUM_BURST,CE,TRENDING_BULL,0.824,6,2026-02-16 14:16:00,438.3,437.5,2026-02-16 14:30:00,TIME,-2.3,-247.0,False,ARMED(conf=0.82),BANKNIFTY
2026-02-17,OPTIONS_GREEKS,PE,TRENDING_BULL,0.823,8,2026-02-17 13:01:00,448.9,421.9,2026-02-17 14:30:00,TIME,-28.5,-3460.0,False,ARMED(conf=0.82),BANKNIFTY
2026-02-17,MACD_DIVERGENCE,CE,TRENDING_BULL,0.821,7,2026-02-17 13:16:00,399.35,368.55,2026-02-17 14:30:00,TIME,-32.3,-3431.5,False,ARMED(conf=0.82),BANKNIFTY
2026-02-17,MOMENTUM_BURST,CE,TRENDING_BULL,0.8,8,2026-02-17 13:31:00,367.5,368.55,2026-02-17 14:30:00,TIME,-0.45,-94.0,False,ARMED(conf=0.80),BANKNIFTY
2026-02-18,ZERO_HERO,CE,TRENDING_BULL,0.84,17,2026-02-18 10:01:00,234.3,249.1,2026-02-18 10:07:00,TSL,13.3,3351.5,True,ARMED(conf=0.84),BANKNIFTY
2026-02-18,ZERO_HERO,CE,TRENDING_BULL,0.84,16,2026-02-18 10:16:00,249.35,187.0125,2026-02-18 12:38:00,SL,-63.84,-15361.0,False,ARMED(conf=0.84),BANKNIFTY
2026-02-19,RSI_REVERSAL,CE,TRENDING_BEAR,0.824,8,2026-02-19 12:46:00,346.4,377.33,2026-02-19 13:17:00,TSL,29.43,3491.6,True,ARMED(conf=0.82),BANKNIFTY
2026-02-19,MOMENTUM_BURST,PE,TRENDING_BEAR,0.824,9,2026-02-19 14:16:00,316.8,329.3,2026-02-19 14:30:00,TIME,11.0,1445.0,True,ARMED(conf=0.82),BANKNIFTY
2026-02-19,MACD_DIVERGENCE,PE,TRENDING_BEAR,0.824,9,2026-02-19 14:16:00,316.8,329.3,2026-02-19 14:30:00,TIME,11.0,1445.0,True,ARMED(conf=0.82),BANKNIFTY
2026-02-20,MACD_DIVERGENCE,PE,TRENDING_BULL,0.839,8,2026-02-20 14:16:00,350.5,329.45,2026-02-20 14:30:00,TIME,-22.55,-2746.0,False,ARMED(conf=0.84),BANKNIFTY
2026-02-23,MACD_DIVERGENCE,PE,NORMAL,0.829,11,2026-02-23 12:46:00,251.0,276.94800000000004,2026-02-23 12:47:00,TSL,24.45,3993.92,True,ARMED(conf=0.83),BANKNIFTY
2026-02-23,OPTIONS_GREEKS,CE,NORMAL,0.836,14,2026-02-23 13:16:00,280.65,210.48749999999998,2026-02-23 13:28:00,SL,-71.66,-15089.12,False,ARMED(conf=0.84),BANKNIFTY
2026-02-23,MACD_DIVERGENCE,CE,NORMAL,0.836,10,2026-02-23 13:16:00,280.65,210.48749999999998,2026-02-23 13:28:00,SL,-71.66,-10789.38,False,ARMED(conf=0.84),BANKNIFTY
2026-02-26,BEAR_TREND_FOLLOWER,PE,RANGE_BOUND,0.883,8,2026-02-26 12:46:00,689.8,709.2592000000001,2026-02-26 12:50:00,TSL,17.96,2115.1,True,ARMED(conf=0.88),BANKNIFTY
2026-02-26,MACD_DIVERGENCE,CE,RANGE_BOUND,0.839,2,2026-02-26 14:01:00,1023.15,975.0,2026-02-26 14:30:00,TIME,-49.65,-1529.5,False,ARMED(conf=0.84),BANKNIFTY
2026-02-26,ULTIMATE_DAY_HIGH_LOW,CE,RANGE_BOUND,0.84,4,2026-02-26 14:16:00,981.85,1017.968,2026-02-26 14:25:00,TSL,34.62,2037.08,True,ARMED(conf=0.84),BANKNIFTY
2026-02-26,VWAP_BOUNCE,PE,RANGE_BOUND,0.84,4,2026-02-26 14:16:00,708.0,715.35,2026-02-26 14:30:00,TIME,5.85,311.0,True,ARMED(conf=0.84),BANKNIFTY
2026-02-27,OPTIONS_GREEKS,CE,TRENDING_BEAR,0.835,3,2026-02-27 13:01:00,1034.35,1042.0,2026-02-27 14:30:00,TIME,6.15,236.75,True,ARMED(conf=0.83),BANKNIFTY
2026-02-27,OPTIONS_GREEKS,CE,TRENDING_BEAR,0.837,3,2026-02-27 13:31:00,1024.65,1042.0,2026-02-27 14:30:00,TIME,15.85,673.25,True,ARMED(conf=0.84),BANKNIFTY
2026-03-02,MOMENTUM_BURST,PE,TRENDING_BEAR,0.818,3,2026-03-02 13:46:00,759.6,758.45,2026-03-02 14:16:00,SPOT_SL,-2.65,-159.25,False,ARMED(conf=0.82),BANKNIFTY
2026-03-02,ATR_BREAK,PE,TRENDING_BEAR,0.818,3,2026-03-02 13:46:00,759.6,758.45,2026-03-02 14:16:00,SPOT_SL,-2.65,-159.25,False,ARMED(conf=0.82),BANKNIFTY
2026-03-02,MACD_DIVERGENCE,CE,TRENDING_BEAR,0.838,2,2026-03-02 14:01:00,1193.55,1239.0,2026-03-02 14:30:00,TIME,43.95,1278.5,True,ARMED(conf=0.84),BANKNIFTY
2026-03-05,TREND_FOLLOWING,PE,TRENDING_BULL,0.833,3,2026-03-05 13:31:00,860.15,853.0,2026-03-05 14:30:00,TIME,-8.65,-429.25,False,ARMED(conf=0.83),BANKNIFTY
2026-03-05,MOMENTUM_BURST,PE,TRENDING_BULL,0.829,3,2026-03-05 13:31:00,860.15,853.0,2026-03-05 14:30:00,TIME,-8.65,-429.25,False,ARMED(conf=0.83),BANKNIFTY
2026-03-05,BOLLINGER_SQUEEZE,PE,TRENDING_BULL,0.829,3,2026-03-05 13:31:00,860.15,853.0,2026-03-05 14:30:00,TIME,-8.65,-429.25,False,ARMED(conf=0.83),BANKNIFTY
2026-03-06,BEAR_TREND_FOLLOWER,PE,TRENDING_BEAR,0.89,6,2026-03-06 12:46:00,916.05,921.2,2026-03-06 14:30:00,TIME,3.65,288.5,True,ARMED(conf=0.89),BANKNIFTY
2026-03-06,TREND_FOLLOWING,PE,TRENDING_BEAR,0.826,3,2026-03-06 13:01:00,916.0,921.2,2026-03-06 14:30:00,TIME,3.7,126.5,True,ARMED(conf=0.83),BANKNIFTY
2026-04-23,OPTIONS_GREEKS,CE,TRENDING_BEAR,0.838,7,2026-04-23 13:16:00,585.55,560.0,2026-04-23 14:30:00,TIME,-27.05,-2880.25,False,ARMED(conf=0.84),BANKNIFTY
2026-04-23,TREND_FOLLOWING,PE,TRENDING_BEAR,0.834,5,2026-04-23 13:31:00,477.95,509.25,2026-04-23 13:38:00,TSL,29.8,2195.0,True,ARMED(conf=0.83),BANKNIFTY
2026-04-23,TREND_FOLLOWING,PE,TRENDING_BEAR,0.83,5,2026-04-23 14:01:00,485.0,520.793,2026-04-23 14:03:00,TSL,34.29,2531.98,True,ARMED(conf=0.83),BANKNIFTY
2026-04-24,TREND_FOLLOWING,PE,TRENDING_BEAR,0.831,7,2026-04-24 13:31:00,417.8,465.8425,2026-04-24 13:43:00,TSL,46.54,4846.96,True,ARMED(conf=0.83),BANKNIFTY
2026-04-24,OPTIONS_GREEKS,CE,TRENDING_BEAR,0.833,7,2026-04-24 14:01:00,526.1,541.4,2026-04-24 14:30:00,TIME,13.8,1409.0,True,ARMED(conf=0.83),BANKNIFTY
2026-05-07,ULTIMATE_DAY_HIGH_LOW,CE,NORMAL,0.836,3,2026-05-07 12:01:00,1002.0,1043.28,2026-05-07 12:05:00,TSL,39.78,1750.1,True,ARMED(conf=0.84),BANKNIFTY
2026-05-07,OPTIONS_GREEKS,PE,NORMAL,0.834,5,2026-05-07 12:46:00,795.15,825.216,2026-05-07 12:52:00,TSL,28.57,2102.45,True,ARMED(conf=0.83),BANKNIFTY
2026-05-08,BEAR_TREND_FOLLOWER,PE,TRENDING_BEAR,0.881,7,2026-05-08 12:46:00,855.05,874.1,2026-05-08 14:30:00,TIME,17.55,1802.75,True,ARMED(conf=0.88),BANKNIFTY
2026-05-08,TREND_FOLLOWING,PE,TRENDING_BEAR,0.865,3,2026-05-08 13:31:00,848.0,874.1,2026-05-08 14:30:00,TIME,24.6,1067.0,True,ARMED(conf=0.86),BANKNIFTY
2026-05-21,OPTIONS_GREEKS,CE,TRENDING_BEAR,0.831,7,2026-05-21 13:31:00,548.1,511.85,2026-05-21 14:30:00,TIME,-37.75,-4003.75,False,ARMED(conf=0.83),BANKNIFTY
2026-05-21,TREND_FOLLOWING,PE,TRENDING_BEAR,0.856,6,2026-05-21 13:46:00,455.5,489.5105,2026-05-21 14:17:00,TSL,32.51,2885.94,True,ARMED(conf=0.86),BANKNIFTY
2026-05-21,MOMENTUM_BURST,PE,TRENDING_BEAR,0.83,6,2026-05-21 13:46:00,455.5,463.75,2026-05-21 14:30:00,TIME,6.75,567.5,True,ARMED(conf=0.83),BANKNIFTY
2026-05-22,MOMENTUM_BURST,CE,TRENDING_BULL,0.826,6,2026-05-22 12:46:00,407.35,443.2415,2026-05-22 12:51:00,TSL,34.39,3055.23,True,ARMED(conf=0.83),BANKNIFTY
2026-05-22,BOLLINGER_SQUEEZE,CE,TRENDING_BULL,0.826,6,2026-05-22 12:46:00,407.35,443.2415,2026-05-22 12:51:00,TSL,34.39,3055.23,True,ARMED(conf=0.83),BANKNIFTY
2026-05-22,OPTIONS_GREEKS,PE,TRENDING_BULL,0.833,10,2026-05-22 13:46:00,368.7,356.55,2026-05-22 14:30:00,TIME,-13.65,-2087.5,False,ARMED(conf=0.83),BANKNIFTY
2026-05-22,MACD_DIVERGENCE,PE,TRENDING_BULL,0.833,8,2026-05-22 13:46:00,368.7,356.55,2026-05-22 14:30:00,TIME,-13.65,-1678.0,False,ARMED(conf=0.83),BANKNIFTY
2025-02-06,BEAR_TREND_FOLLOWER,PE,RANGE_BOUND,0.884,10,2025-02-06 12:46:00,844.9,844.65,2025-02-06 14:30:00,TIME,-2.75,-315.0,False,ARMED(conf=0.88),SENSEX
2025-02-06,OPTIONS_GREEKS,CE,RANGE_BOUND,0.833,4,2025-02-06 13:16:00,1279.85,1136.9,2025-02-06 14:30:00,TIME,-145.45,-5858.0,False,ARMED(conf=0.83),SENSEX
2025-02-10,ULTIMATE_DAY_HIGH_LOW,CE,RANGE_BOUND,0.819,5,2025-02-10 13:16:00,1002.0,1002.0,2025-02-10 14:30:00,TIME,-2.5,-165.0,False,ARMED(conf=0.82),SENSEX
2025-02-11,MOMENTUM_BURST,PE,TRENDING_BULL,0.821,6,2025-02-11 12:46:00,713.55,791.0835,2025-02-11 13:15:00,TSL,75.03,4462.01,True,ARMED(conf=0.82),SENSEX
2025-02-11,VWAP_BOUNCE,PE,TRENDING_BULL,0.821,6,2025-02-11 12:46:00,713.55,791.0835,2025-02-11 13:15:00,TSL,75.03,4462.01,True,ARMED(conf=0.82),SENSEX
2025-02-11,ATR_BREAK,PE,TRENDING_BULL,0.821,6,2025-02-11 12:46:00,713.55,778.85025,2025-02-11 13:15:00,TSL,62.8,3728.02,True,ARMED(conf=0.82),SENSEX
2025-02-11,RSI_REVERSAL,CE,TRENDING_BULL,0.818,4,2025-02-11 13:31:00,967.35,967.35,2025-02-11 13:32:00,TIME,-2.5,-140.0,False,ARMED(conf=0.82),SENSEX
2025-02-11,MACD_DIVERGENCE,CE,TRENDING_BULL,0.818,4,2025-02-11 13:31:00,967.35,1030.0,2025-02-11 14:30:00,TIME,60.15,2366.0,True,ARMED(conf=0.82),SENSEX
2025-02-11,MOMENTUM_BURST,PE,TRENDING_BULL,0.816,6,2025-02-11 13:46:00,746.45,692.2,2025-02-11 14:30:00,TIME,-56.75,-3445.0,False,ARMED(conf=0.82),SENSEX
2025-02-12,MOMENTUM_BURST,CE,TRENDING_BULL,0.827,4,2025-02-12 12:46:00,1009.5,979.65,2025-02-12 14:09:00,SPOT_SL,-32.35,-1334.0,False,ARMED(conf=0.83),SENSEX
2025-02-12,OPTIONS_GREEKS,PE,TRENDING_BULL,0.827,8,2025-02-12 13:31:00,676.1,693.5,2025-02-12 14:30:00,TIME,14.9,1152.0,True,ARMED(conf=0.83),SENSEX
2025-02-12,MACD_DIVERGENCE,PE,TRENDING_BULL,0.827,6,2025-02-12 13:31:00,676.1,693.5,2025-02-12 14:30:00,TIME,14.9,854.0,True,ARMED(conf=0.83),SENSEX
2025-02-13,EMA_CROSSOVER,PE,NORMAL,0.823,6,2025-02-13 13:31:00,661.8,690.3,2025-02-13 13:57:00,TSL,26.0,1520.0,True,ARMED(conf=0.82),SENSEX
2025-02-13,ATR_BREAK,PE,NORMAL,0.823,6,2025-02-13 13:31:00,661.8,686.76,2025-02-13 13:57:00,TSL,22.46,1307.6,True,ARMED(conf=0.82),SENSEX
2025-02-18,MACD_DIVERGENCE,PE,RANGE_BOUND,0.839,7,2025-02-18 12:46:00,578.85,600.6546000000001,2025-02-18 13:01:00,TSL,19.3,1311.32,True,ARMED(conf=0.84),SENSEX
2025-02-18,MACD_DIVERGENCE,CE,RANGE_BOUND,0.838,5,2025-02-18 13:01:00,708.0,725.439,2025-02-18 13:03:00,TSL,14.94,706.95,True,ARMED(conf=0.84),SENSEX
2025-02-18,SCALPING,CE,RANGE_BOUND,0.828,8,2025-02-18 13:31:00,708.75,731.12,2025-02-18 13:37:00,TSL,19.87,1549.6,True,ARMED(conf=0.83),SENSEX
2025-02-18,MACD_DIVERGENCE,PE,RANGE_BOUND,0.812,7,2025-02-18 14:01:00,563.0,602.7788,2025-02-18 14:03:00,TSL,37.28,2569.52,True,ARMED(conf=0.81),SENSEX
2025-02-19,MACD_DIVERGENCE,CE,TRENDING_BULL,0.838,6,2025-02-19 12:46:00,657.55,666.85,2025-02-19 14:29:00,SPOT_SL,6.8,368.0,True,ARMED(conf=0.84),SENSEX
2025-02-20,PUT_WRITER_SUPPORT,CE,RANGE_BOUND,0.833,11,2025-02-20 13:16:00,539.2,553.2097,2025-02-20 13:42:00,TSL,11.51,1226.07,True,ARMED(conf=0.83),SENSEX
2025-02-20,MOMENTUM_BURST,CE,RANGE_BOUND,0.835,8,2025-02-20 13:46:00,553.0,580.45,2025-02-20 13:49:00,TSL,24.95,1956.0,True,ARMED(conf=0.83),SENSEX
2025-02-21,GAMMA_BLAST,PE,TRENDING_BEAR,0.827,17,2025-02-21 13:16:00,346.65,323.3,2025-02-21 13:30:00,TIME,-25.85,-4434.5,False,ARMED(conf=0.83),SENSEX
2025-02-24,LONG_UNWIND,PE,NORMAL,0.816,29,2025-02-24 13:01:00,170.15,202.464,2025-02-24 13:03:00,TSL,29.81,8606.06,True,ARMED(conf=0.82),SENSEX
2025-02-24,LONG_UNWIND,PE,NORMAL,0.83,28,2025-02-24 13:46:00,210.95,217.248,2025-02-24 13:57:00,TSL,3.8,1023.44,True,ARMED(conf=0.83),SENSEX
2025-02-24,PUT_WRITER_SUPPORT,CE,NORMAL,0.83,16,2025-02-24 13:46:00,358.25,376.36,2025-02-24 13:51:00,TSL,15.61,2457.6,True,ARMED(conf=0.83),SENSEX
2025-02-24,LONG_UNWIND,PE,NORMAL,0.829,28,2025-02-24 14:01:00,215.1,172.08,2025-02-24 14:18:00,SL,-45.52,-12785.6,False,ARMED(conf=0.83),SENSEX
2025-02-24,LONG_UNWIND,PE,NORMAL,0.811,28,2025-02-24 14:16:00,177.05,192.67199999999997,2025-02-24 14:19:00,TSL,13.12,3634.16,True,ARMED(conf=0.81),SENSEX
2025-03-03,DAY_LOW_BULLISH,CE,TRENDING_BULL,0.876,7,2025-03-03 12:16:00,1200.0,1261.1,2025-03-03 13:30:00,TIME,58.6,4062.0,True,ARMED(conf=0.88),SENSEX
2025-03-03,LONG_UNWIND,PE,TRENDING_BULL,0.819,8,2025-03-03 13:01:00,730.0,584.0,2025-03-03 13:33:00,SL,-148.5,-11920.0,False,ARMED(conf=0.82),SENSEX
2025-03-03,LONG_UNWIND,PE,TRENDING_BULL,0.819,8,2025-03-03 13:31:00,730.0,584.0,2025-03-03 13:33:00,SL,-148.5,-11920.0,False,ARMED(conf=0.82),SENSEX
2025-03-04,ULTIMATE_DAY_HIGH_LOW,CE,RANGE_BOUND,0.84,5,2025-03-04 10:01:00,1150.0,1085.0,2025-03-04 14:30:00,TIME,-67.5,-3415.0,False,ARMED(conf=0.84),SENSEX
2025-03-04,MOMENTUM_BURST,CE,RANGE_BOUND,0.815,4,2025-03-04 14:01:00,1076.5,1085.0,2025-03-04 14:30:00,TIME,6.0,200.0,True,ARMED(conf=0.81),SENSEX
2025-03-04,MACD_DIVERGENCE,PE,RANGE_BOUND,0.833,6,2025-03-04 14:16:00,731.7,735.0,2025-03-04 14:30:00,TIME,0.8,8.0,True,ARMED(conf=0.83),SENSEX
2025-03-06,MOMENTUM_BURST,CE,TRENDING_BULL,0.829,4,2025-03-06 13:01:00,1001.45,965.3,2025-03-06 14:30:00,TIME,-38.65,-1586.0,False,ARMED(conf=0.83),SENSEX
2025-03-06,ATR_BREAK,CE,TRENDING_BULL,0.829,4,2025-03-06 13:01:00,1001.45,965.3,2025-03-06 14:30:00,TIME,-38.65,-1586.0,False,ARMED(conf=0.83),SENSEX
2025-03-06,MACD_DIVERGENCE,PE,TRENDING_BULL,0.825,6,2025-03-06 14:16:00,698.95,698.95,2025-03-06 14:30:00,TIME,-2.5,-190.0,False,ARMED(conf=0.83),SENSEX
2025-03-10,AI_ENHANCED,CE,NORMAL,0.815,6,2025-03-10 12:16:00,858.6,935.6,2025-03-10 14:26:00,SPOT_SL,74.5,4430.0,True,ARMED(conf=0.82),SENSEX
2025-03-10,VWAP_BOUNCE,CE,NORMAL,0.818,5,2025-03-10 12:46:00,847.0,935.6,2025-03-10 14:26:00,SPOT_SL,86.1,4265.0,True,ARMED(conf=0.82),SENSEX
2025-03-10,MACD_DIVERGENCE,PE,NORMAL,0.819,6,2025-03-10 13:16:00,681.75,667.5,2025-03-10 14:30:00,TIME,-16.75,-1045.0,False,ARMED(conf=0.82),SENSEX
2025-03-11,OPTIONS_GREEKS,PE,RANGE_BOUND,0.83,9,2025-03-11 12:46:00,663.55,692.716,2025-03-11 13:36:00,TSL,26.67,2359.94,True,ARMED(conf=0.83),SENSEX
2025-03-11,MOMENTUM_BURST,CE,RANGE_BOUND,0.829,5,2025-03-11 13:01:00,845.2,869.4399999999999,2025-03-11 13:45:00,TSL,21.74,1047.0,True,ARMED(conf=0.83),SENSEX
2025-03-11,VWAP_BOUNCE,CE,RANGE_BOUND,0.829,5,2025-03-11 13:01:00,845.2,869.4399999999999,2025-03-11 13:45:00,TSL,21.74,1047.0,True,ARMED(conf=0.83),SENSEX
2025-03-11,RSI_REVERSAL,PE,RANGE_BOUND,0.82,6,2025-03-11 14:16:00,693.6,691.05,2025-03-11 14:17:00,TIME,-5.05,-343.0,False,ARMED(conf=0.82),SENSEX
2025-03-17,BEAR_TREND_FOLLOWER,PE,RANGE_BOUND,0.882,19,2025-03-17 12:46:00,477.5,483.7544,2025-03-17 12:48:00,TSL,3.75,673.34,True,ARMED(conf=0.88),SENSEX
2025-03-17,MOMENTUM_BURST,PE,RANGE_BOUND,0.826,9,2025-03-17 12:46:00,477.5,489.70219999999995,2025-03-17 12:48:00,TSL,9.7,833.2,True,ARMED(conf=0.83),SENSEX
2025-03-17,MACD_DIVERGENCE,CE,RANGE_BOUND,0.836,7,2025-03-17 13:46:00,623.65,646.8436,2025-03-17 13:57:00,TSL,20.69,1408.55,True,ARMED(conf=0.84),SENSEX
2025-03-17,MACD_DIVERGENCE,PE,RANGE_BOUND,0.839,9,2025-03-17 14:16:00,484.65,500.0,2025-03-17 14:30:00,TIME,12.85,1116.5,True,ARMED(conf=0.84),SENSEX
2025-03-18,MACD_DIVERGENCE,CE,TRENDING_BULL,0.84,7,2025-03-18 12:46:00,612.5,568.1,2025-03-18 14:30:00,TIME,-46.9,-3323.0,False,ARMED(conf=0.84),SENSEX
2025-03-18,MOMENTUM_BURST,CE,TRENDING_BULL,0.835,8,2025-03-18 13:01:00,555.7,568.1,2025-03-18 14:30:00,TIME,9.9,752.0,True,ARMED(conf=0.83),SENSEX
2025-03-18,OPTIONS_GREEKS,PE,TRENDING_BULL,0.835,14,2025-03-18 14:01:00,419.3,421.25,2025-03-18 14:30:00,TIME,-0.55,-117.0,False,ARMED(conf=0.83),SENSEX
2025-03-19,SCALPING,CE,RANGE_BOUND,0.824,12,2025-03-19 12:46:00,496.55,538.1142,2025-03-19 12:49:00,TSL,39.06,4647.7,True,ARMED(conf=0.82),SENSEX
2025-03-19,MOMENTUM_BURST,CE,RANGE_BOUND,0.824,9,2025-03-19 12:46:00,496.55,538.1142,2025-03-19 12:49:00,TSL,39.06,3475.78,True,ARMED(conf=0.82),SENSEX
2025-03-20,ATR_BREAK,CE,TRENDING_BULL,0.825,10,2025-03-20 12:46:00,432.75,467.95,2025-03-20 13:19:00,TSL,32.7,3230.0,True,ARMED(conf=0.82),SENSEX
2025-03-20,MOMENTUM_BURST,CE,TRENDING_BULL,0.82,11,2025-03-20 13:01:00,400.9,447.849,2025-03-20 13:03:00,TSL,44.45,4849.39,True,ARMED(conf=0.82),SENSEX
2025-03-20,MACD_DIVERGENCE,PE,TRENDING_BULL,0.819,12,2025-03-20 14:01:00,347.75,319.5,2025-03-20 14:30:00,TIME,-30.75,-3730.0,False,ARMED(conf=0.82),SENSEX
2025-03-21,ZERO_HERO,CE,TRENDING_BULL,0.84,21,2025-03-21 10:16:00,284.05,308.085,2025-03-21 10:52:00,TSL,21.53,4482.35,True,ARMED(conf=0.84),SENSEX
2025-03-21,ZERO_HERO,CE,TRENDING_BULL,0.84,23,2025-03-21 10:31:00,257.25,271.613,2025-03-21 10:38:00,TSL,11.86,2688.49,True,ARMED(conf=0.84),SENSEX
2025-03-24,MACD_DIVERGENCE,CE,TRENDING_BULL,0.827,16,2025-03-24 13:01:00,328.55,262.84000000000003,2025-03-24 13:28:00,SL,-68.21,-10953.6,False,ARMED(conf=0.83),SENSEX
2025-03-27,OPTIONS_GREEKS,PE,NORMAL,0.817,7,2025-03-27 13:46:00,850.15,852.35,2025-03-27 14:30:00,TIME,-0.3,-61.0,False,ARMED(conf=0.82),SENSEX
2025-04-02,AI_ENHANCED,CE,NORMAL,0.825,4,2025-04-02 12:16:00,1245.0,1278.7679999999998,2025-04-02 12:48:00,TSL,31.27,1210.72,True,ARMED(conf=0.83),SENSEX
2025-04-02,OPTIONS_GREEKS,PE,NORMAL,0.833,7,2025-04-02 13:01:00,820.0,867.25,2025-04-02 14:30:00,TIME,44.75,3092.5,True,ARMED(conf=0.83),SENSEX
2025-04-02,OPTIONS_GREEKS,PE,NORMAL,0.833,7,2025-04-02 13:16:00,843.9,867.25,2025-04-02 14:30:00,TIME,20.85,1419.5,True,ARMED(conf=0.83),SENSEX
2025-04-03,LONG_UNWIND,PE,NORMAL,0.819,7,2025-04-03 14:16:00,820.0,820.0,2025-04-03 14:30:00,TIME,-2.5,-215.0,False,ARMED(conf=0.82),SENSEX
2025-04-03,VWAP_BOUNCE,PE,NORMAL,0.819,5,2025-04-03 14:16:00,820.0,820.0,2025-04-03 14:30:00,TIME,-2.5,-165.0,False,ARMED(conf=0.82),SENSEX
2025-04-03,EMA_CROSSOVER,PE,NORMAL,0.819,5,2025-04-03 14:16:00,820.0,820.0,2025-04-03 14:30:00,TIME,-2.5,-165.0,False,ARMED(conf=0.82),SENSEX
2025-04-21,OPTIONS_GREEKS,PE,TRENDING_BULL,0.831,8,2025-04-21 13:16:00,697.7,732.8,2025-04-21 14:30:00,TIME,32.6,2568.0,True,ARMED(conf=0.83),SENSEX
2025-04-22,MACD_DIVERGENCE,CE,RANGE_BOUND,0.837,7,2025-04-22 13:01:00,640.35,622.0,2025-04-22 14:30:00,TIME,-20.85,-1499.5,False,ARMED(conf=0.84),SENSEX
2025-04-22,MACD_DIVERGENCE,PE,RANGE_BOUND,0.836,7,2025-04-22 13:31:00,570.0,564.35,2025-04-22 14:30:00,TIME,-8.15,-610.5,False,ARMED(conf=0.84),SENSEX
2025-04-23,VWAP_BOUNCE,PE,NORMAL,0.84,8,2025-04-23 13:01:00,562.2,568.9,2025-04-23 14:30:00,TIME,4.2,296.0,True,ARMED(conf=0.84),SENSEX
2025-04-23,MACD_DIVERGENCE,PE,NORMAL,0.84,8,2025-04-23 13:01:00,562.2,568.9,2025-04-23 14:30:00,TIME,4.2,296.0,True,ARMED(conf=0.84),SENSEX
2025-04-23,SCALPING,CE,NORMAL,0.832,9,2025-04-23 13:31:00,622.7,653.072,2025-04-23 13:43:00,TSL,27.87,2468.48,True,ARMED(conf=0.83),SENSEX
2025-04-23,SCALPING,CE,NORMAL,0.828,9,2025-04-23 13:46:00,651.8,613.0,2025-04-23 14:30:00,TIME,-41.3,-3757.0,False,ARMED(conf=0.83),SENSEX
2025-04-28,OPTIONS_GREEKS,PE,TRENDING_BULL,0.825,19,2025-04-28 13:01:00,308.35,338.118,2025-04-28 13:09:00,TSL,27.27,5140.92,True,ARMED(conf=0.83),SENSEX
2025-04-28,OPTIONS_GREEKS,PE,TRENDING_BULL,0.829,19,2025-04-28 13:46:00,312.0,331.72599999999994,2025-04-28 13:57:00,TSL,17.23,3232.94,True,ARMED(conf=0.83),SENSEX
2025-04-28,MACD_DIVERGENCE,PE,TRENDING_BULL,0.829,14,2025-04-28 13:46:00,312.0,342.313,2025-04-28 13:56:00,TSL,27.81,3853.82,True,ARMED(conf=0.83),SENSEX
2025-04-28,OPTIONS_GREEKS,PE,TRENDING_BULL,0.84,18,2025-04-28 14:16:00,326.1,338.1,2025-04-28 14:30:00,TIME,9.5,1670.0,True,ARMED(conf=0.84),SENSEX
2025-04-30,DAY_LOW_BULLISH,CE,RANGE_BOUND,0.897,5,2025-04-30 12:01:00,1487.75,1553.25,2025-04-30 13:00:00,TIME,63.0,3110.0,True,ARMED(conf=0.90),SENSEX
2025-04-30,ATR_BREAK,CE,RANGE_BOUND,0.836,2,2025-04-30 13:31:00,1553.25,1555.0,2025-04-30 14:30:00,TIME,-0.75,-55.0,False,ARMED(conf=0.84),SENSEX
2026-01-05,MACD_DIVERGENCE,CE,RANGE_BOUND,0.839,4,2026-01-05 12:46:00,1100.0,1197.456,2026-01-05 13:13:00,TSL,94.96,3758.24,True,ARMED(conf=0.84),SENSEX
2026-01-05,VWAP_BOUNCE,PE,RANGE_BOUND,0.824,7,2026-01-05 13:16:00,618.45,633.061,2026-01-05 14:01:00,TSL,12.11,807.77,True,ARMED(conf=0.82),SENSEX
2026-01-05,ATR_BREAK,PE,RANGE_BOUND,0.824,7,2026-01-05 13:16:00,618.45,629.2165,2026-01-05 14:01:00,TSL,8.27,538.65,True,ARMED(conf=0.82),SENSEX
2026-01-05,BOLLINGER_SQUEEZE,PE,RANGE_BOUND,0.818,7,2026-01-05 13:46:00,626.65,651.092,2026-01-05 14:06:00,TSL,21.94,1495.94,True,ARMED(conf=0.82),SENSEX
2026-01-06,LONG_UNWIND,PE,RANGE_BOUND,0.835,10,2026-01-06 13:01:00,561.75,565.05,2026-01-06 14:30:00,TIME,0.8,40.0,True,ARMED(conf=0.84),SENSEX
2026-01-06,VWAP_BOUNCE,PE,RANGE_BOUND,0.835,7,2026-01-06 13:01:00,561.75,565.05,2026-01-06 14:30:00,TIME,0.8,16.0,True,ARMED(conf=0.84),SENSEX
2026-01-06,MACD_DIVERGENCE,PE,RANGE_BOUND,0.835,7,2026-01-06 13:01:00,561.75,565.05,2026-01-06 14:30:00,TIME,0.8,16.0,True,ARMED(conf=0.84),SENSEX
2026-01-07,MACD_DIVERGENCE,PE,RANGE_BOUND,0.828,8,2026-01-07 13:16:00,515.6,529.321,2026-01-07 13:20:00,TSL,11.22,857.68,True,ARMED(conf=0.83),SENSEX
2026-01-07,VWAP_BOUNCE,PE,RANGE_BOUND,0.837,8,2026-01-07 14:16:00,522.45,522.2,2026-01-07 14:30:00,TIME,-2.75,-260.0,False,ARMED(conf=0.84),SENSEX
2026-01-08,RSI_REVERSAL,CE,TRENDING_BEAR,0.82,4,2026-01-08 13:01:00,1035.0,1030.0,2026-01-08 13:30:00,TIME,-7.5,-340.0,False,ARMED(conf=0.82),SENSEX
2026-01-08,OPTIONS_GREEKS,CE,TRENDING_BEAR,0.826,5,2026-01-08 13:31:00,1030.0,1040.0,2026-01-08 14:30:00,TIME,7.5,335.0,True,ARMED(conf=0.83),SENSEX
2026-01-08,TREND_FOLLOWING,PE,TRENDING_BEAR,0.865,7,2026-01-08 14:01:00,560.0,516.75,2026-01-08 14:30:00,TIME,-45.75,-3242.5,False,ARMED(conf=0.86),SENSEX
2026-01-08,TREND_FOLLOWING,PE,TRENDING_BEAR,0.841,7,2026-01-08 14:16:00,571.15,516.75,2026-01-08 14:30:00,TIME,-56.9,-4023.0,False,ARMED(conf=0.84),SENSEX
2026-01-13,BEAR_TREND_FOLLOWER,PE,TRENDING_BULL,0.873,14,2026-01-13 12:46:00,585.0,588.15,2026-01-13 14:30:00,TIME,0.65,51.0,True,ARMED(conf=0.87),SENSEX
2026-01-13,MOMENTUM_BURST,PE,TRENDING_BULL,0.823,7,2026-01-13 12:46:00,585.0,588.15,2026-01-13 14:30:00,TIME,0.65,5.5,True,ARMED(conf=0.82),SENSEX
2026-01-14,VWAP_BOUNCE,PE,RANGE_BOUND,0.832,8,2026-01-14 13:16:00,557.55,571.558,2026-01-14 13:25:00,TSL,11.51,880.64,True,ARMED(conf=0.83),SENSEX
2026-01-14,EMA_CROSSOVER,PE,RANGE_BOUND,0.832,8,2026-01-14 13:16:00,557.55,569.8225,2026-01-14 13:25:00,TSL,9.77,741.8,True,ARMED(conf=0.83),SENSEX
2026-01-14,ATR_BREAK,PE,RANGE_BOUND,0.832,8,2026-01-14 13:16:00,557.55,568.087,2026-01-14 13:25:00,TSL,8.04,602.96,True,ARMED(conf=0.83),SENSEX
2026-01-14,ULTIMATE_DAY_HIGH_LOW,PE,RANGE_BOUND,0.824,11,2026-01-14 13:31:00,521.75,543.876,2026-01-14 13:36:00,TSL,19.63,2118.86,True,ARMED(conf=0.82),SENSEX
2026-01-14,MOMENTUM_BURST,PE,RANGE_BOUND,0.824,8,2026-01-14 13:31:00,521.75,543.4,2026-01-14 13:32:00,TSL,19.15,1492.0,True,ARMED(conf=0.82),SENSEX
2026-01-14,ATR_BREAK,PE,RANGE_BOUND,0.824,8,2026-01-14 13:31:00,521.75,540.1,2026-01-14 13:32:00,TSL,15.85,1228.0,True,ARMED(conf=0.82),SENSEX
2026-01-14,MACD_DIVERGENCE,CE,RANGE_BOUND,0.811,5,2026-01-14 14:01:00,870.55,837.3,2026-01-14 14:30:00,TIME,-35.75,-1827.5,False,ARMED(conf=0.81),SENSEX
2026-01-19,MAGIC_SQUARE,PE,RANGE_BOUND,0.861,15,2026-01-19 12:46:00,484.6,503.08959999999996,2026-01-19 12:48:00,TSL,15.99,2358.44,True,ARMED(conf=0.86),SENSEX
2026-01-19,MACD_DIVERGENCE,CE,RANGE_BOUND,0.831,6,2026-01-19 12:46:00,734.0,704.0,2026-01-19 14:30:00,TIME,-32.5,-1990.0,False,ARMED(conf=0.83),SENSEX
2026-01-19,LONG_UNWIND,PE,RANGE_BOUND,0.84,12,2026-01-19 13:01:00,496.85,525.576,2026-01-19 13:09:00,TSL,26.23,3107.12,True,ARMED(conf=0.84),SENSEX
2026-01-19,MACD_DIVERGENCE,PE,RANGE_BOUND,0.84,9,2026-01-19 13:01:00,496.85,532.038,2026-01-19 13:07:00,TSL,32.69,2901.92,True,ARMED(conf=0.84),SENSEX
2026-01-19,LONG_UNWIND,PE,RANGE_BOUND,0.819,11,2026-01-19 13:16:00,470.0,506.3,2026-01-19 13:19:00,TSL,33.8,3678.0,True,ARMED(conf=0.82),SENSEX
2026-01-19,SCALPING,CE,RANGE_BOUND,0.824,8,2026-01-19 13:46:00,715.15,704.0,2026-01-19 14:30:00,TIME,-13.65,-1132.0,False,ARMED(conf=0.82),SENSEX
2026-01-20,OPTIONS_GREEKS,CE,TRENDING_BEAR,0.83,8,2026-01-20 13:16:00,661.05,669.95,2026-01-20 14:30:00,TIME,6.4,472.0,True,ARMED(conf=0.83),SENSEX
2026-01-20,MOMENTUM_BURST,PE,TRENDING_BEAR,0.823,9,2026-01-20 13:31:00,477.15,519.2895,2026-01-20 14:04:00,TSL,39.64,3527.55,True,ARMED(conf=0.82),SENSEX
2026-01-20,BOLLINGER_SQUEEZE,PE,TRENDING_BEAR,0.823,9,2026-01-20 13:31:00,477.15,519.2895,2026-01-20 14:04:00,TSL,39.64,3527.55,True,ARMED(conf=0.82),SENSEX
2026-01-20,MACD_DIVERGENCE,CE,TRENDING_BEAR,0.832,6,2026-01-20 14:16:00,699.95,669.95,2026-01-20 14:30:00,TIME,-32.5,-1990.0,False,ARMED(conf=0.83),SENSEX
2026-01-21,OPTIONS_GREEKS,PE,TRENDING_BEAR,0.83,10,2026-01-21 13:01:00,597.95,541.2,2026-01-21 14:30:00,TIME,-59.25,-5965.0,False,ARMED(conf=0.83),SENSEX
2026-01-22,BEAR_TREND_FOLLOWER,PE,TRENDING_BEAR,0.893,16,2026-01-22 12:46:00,494.9,431.65,2026-01-22 14:30:00,TIME,-65.75,-10560.0,False,ARMED(conf=0.89),SENSEX
2026-01-23,GAMMA_BLAST,PE,TRENDING_BEAR,0.821,15,2026-01-23 13:16:00,398.75,463.25,2026-01-23 13:30:00,TIME,62.0,9260.0,True,ARMED(conf=0.82),SENSEX
2026-01-23,GAMMA_BLAST,PE,TRENDING_BEAR,0.817,12,2026-01-23 13:31:00,418.25,452.8,2026-01-23 13:32:00,TIME,32.05,3806.0,True,ARMED(conf=0.82),SENSEX
2026-01-27,MACD_DIVERGENCE,CE,TRENDING_BULL,0.838,8,2026-01-27 12:46:00,507.65,511.85,2026-01-27 14:30:00,TIME,1.7,96.0,True,ARMED(conf=0.84),SENSEX
2026-01-27,VWAP_BOUNCE,CE,TRENDING_BULL,0.834,8,2026-01-27 13:16:00,505.95,511.85,2026-01-27 14:30:00,TIME,3.4,232.0,True,ARMED(conf=0.83),SENSEX
2026-01-27,MACD_DIVERGENCE,PE,TRENDING_BULL,0.836,11,2026-01-27 13:31:00,375.45,335.65,2026-01-27 14:30:00,TIME,-42.3,-4693.0,False,ARMED(conf=0.84),SENSEX
2026-01-28,ATR_BREAK,PE,NORMAL,0.827,20,2026-01-28 13:16:00,219.15,250.55100000000002,2026-01-28 13:17:00,TSL,28.9,5740.2,True,ARMED(conf=0.83),SENSEX
2026-01-28,OPTIONS_GREEKS,CE,NORMAL,0.828,19,2026-01-28 13:46:00,311.6,352.08,2026-01-28 13:48:00,TSL,37.98,7176.2,True,ARMED(conf=0.83),SENSEX
2026-01-28,MACD_DIVERGENCE,CE,NORMAL,0.828,14,2026-01-28 13:46:00,311.6,359.415,2026-01-28 13:48:00,TSL,45.31,6304.1,True,ARMED(conf=0.83),SENSEX
2026-01-28,MOMENTUM_BURST,PE,NORMAL,0.826,16,2026-01-28 14:01:00,228.05,290.86400000000003,2026-01-28 14:02:00,TSL,60.31,9610.24,True,ARMED(conf=0.83),SENSEX
2026-02-02,MACD_DIVERGENCE,CE,TRENDING_BEAR,0.828,3,2026-02-02 12:46:00,1446.55,1353.85,2026-02-02 14:30:00,TIME,-95.2,-2896.0,False,ARMED(conf=0.83),SENSEX
2026-02-02,MOMENTUM_BURST,CE,TRENDING_BEAR,0.83,3,2026-02-02 13:31:00,1440.1,1353.85,2026-02-02 14:30:00,TIME,-88.75,-2702.5,False,ARMED(conf=0.83),SENSEX
2026-02-03,MACD_DIVERGENCE,PE,NORMAL,0.836,5,2026-02-03 13:01:00,900.0,875.75,2026-02-03 14:30:00,TIME,-26.75,-1377.5,False,ARMED(conf=0.84),SENSEX
2026-02-03,MACD_DIVERGENCE,CE,NORMAL,0.839,3,2026-02-03 13:31:00,1261.15,1422.568,2026-02-03 13:38:00,TSL,158.92,4727.54,True,ARMED(conf=0.84),SENSEX
2026-02-03,VWAP_BOUNCE,PE,NORMAL,0.835,5,2026-02-03 13:46:00,858.0,875.75,2026-02-03 14:30:00,TIME,15.25,722.5,True,ARMED(conf=0.83),SENSEX
2026-02-04,MOMENTUM_BURST,PE,RANGE_BOUND,0.83,6,2026-02-04 12:46:00,727.6,754.7332,2026-02-04 13:12:00,TSL,24.63,1437.99,True,ARMED(conf=0.83),SENSEX
2026-02-04,VWAP_BOUNCE,PE,RANGE_BOUND,0.83,6,2026-02-04 12:46:00,727.6,754.7332,2026-02-04 13:12:00,TSL,24.63,1437.99,True,ARMED(conf=0.83),SENSEX
2026-02-04,ATR_BREAK,PE,RANGE_BOUND,0.83,6,2026-02-04 12:46:00,727.6,750.1497999999999,2026-02-04 13:12:00,TSL,20.05,1162.99,True,ARMED(conf=0.83),SENSEX
2026-02-04,ULTIMATE_DAY_HIGH_LOW,CE,RANGE_BOUND,0.835,5,2026-02-04 13:16:00,1128.15,1140.9928,2026-02-04 13:30:00,TSL,10.34,477.14,True,ARMED(conf=0.83),SENSEX
2026-02-05,OPTIONS_GREEKS,CE,NORMAL,0.836,5,2026-02-05 12:46:00,1170.55,1165.0,2026-02-05 14:30:00,TIME,-8.05,-442.5,False,ARMED(conf=0.84),SENSEX
2026-02-05,TREND_FOLLOWING,PE,NORMAL,0.847,6,2026-02-05 13:01:00,703.15,675.85,2026-02-05 14:30:00,TIME,-29.8,-1828.0,False,ARMED(conf=0.85),SENSEX
2026-02-05,MACD_DIVERGENCE,PE,NORMAL,0.815,6,2026-02-05 13:01:00,703.15,675.85,2026-02-05 14:30:00,TIME,-29.8,-1828.0,False,ARMED(conf=0.81),SENSEX
2026-02-09,ULTIMATE_DAY_HIGH_LOW,CE,RANGE_BOUND,0.838,6,2026-02-09 12:16:00,954.9,943.25,2026-02-09 14:30:00,TIME,-14.15,-889.0,False,ARMED(conf=0.84),SENSEX
2026-02-09,EMA_CROSSOVER,PE,RANGE_BOUND,0.816,6,2026-02-09 12:46:00,657.55,632.45,2026-02-09 14:30:00,TIME,-27.6,-1696.0,False,ARMED(conf=0.82),SENSEX
2026-02-09,VWAP_BOUNCE,CE,RANGE_BOUND,0.836,4,2026-02-09 14:16:00,910.0,943.25,2026-02-09 14:30:00,TIME,30.75,1190.0,True,ARMED(conf=0.84),SENSEX
2026-02-10,SCALPING,CE,RANGE_BOUND,0.828,7,2026-02-10 12:46:00,828.15,855.8056,2026-02-10 13:00:00,TSL,25.16,1720.89,True,ARMED(conf=0.83),SENSEX
2026-02-10,MOMENTUM_BURST,CE,RANGE_BOUND,0.828,5,2026-02-10 12:46:00,828.15,855.8056,2026-02-10 13:00:00,TSL,25.16,1217.78,True,ARMED(conf=0.83),SENSEX
2026-02-10,VOLUME_CLIMAX,PE,RANGE_BOUND,0.828,6,2026-02-10 12:46:00,661.45,632.5,2026-02-10 13:00:00,TIME,-31.45,-1927.0,False,ARMED(conf=0.83),SENSEX
2026-02-10,VWAP_BOUNCE,PE,RANGE_BOUND,0.811,7,2026-02-10 14:16:00,640.0,634.9,2026-02-10 14:30:00,TIME,-7.6,-572.0,False,ARMED(conf=0.81),SENSEX
2026-02-11,OPTIONS_GREEKS,CE,RANGE_BOUND,0.833,7,2026-02-11 12:46:00,839.95,778.6,2026-02-11 14:30:00,TIME,-63.85,-4509.5,False,ARMED(conf=0.83),SENSEX
2026-02-11,DAY_LOW_BULLISH,CE,RANGE_BOUND,0.875,11,2026-02-11 13:16:00,762.5,762.5,2026-02-11 13:17:00,TIME,-2.5,-315.0,False,ARMED(conf=0.87),SENSEX
2026-02-11,MACD_DIVERGENCE,PE,RANGE_BOUND,0.835,8,2026-02-11 13:46:00,564.9,545.6,2026-02-11 14:30:00,TIME,-21.8,-1784.0,False,ARMED(conf=0.83),SENSEX
2026-02-11,VWAP_BOUNCE,PE,RANGE_BOUND,0.839,7,2026-02-11 14:16:00,576.75,545.6,2026-02-11 14:30:00,TIME,-33.65,-2395.5,False,ARMED(conf=0.84),SENSEX
2026-02-12,LONG_UNWIND,PE,NORMAL,0.837,11,2026-02-12 13:01:00,504.3,525.5039999999999,2026-02-12 13:04:00,TSL,18.7,2017.44,True,ARMED(conf=0.84),SENSEX
2026-02-12,MACD_DIVERGENCE,PE,NORMAL,0.837,8,2026-02-12 13:01:00,504.3,536.452,2026-02-12 13:04:00,TSL,29.65,2332.16,True,ARMED(conf=0.84),SENSEX
2026-02-12,MACD_DIVERGENCE,CE,NORMAL,0.835,5,2026-02-12 13:16:00,768.15,852.6,2026-02-12 13:49:00,TSL,81.95,4057.5,True,ARMED(conf=0.84),SENSEX
2026-02-12,LONG_UNWIND,PE,NORMAL,0.83,11,2026-02-12 13:46:00,506.9,497.35,2026-02-12 14:30:00,TIME,-12.05,-1365.5,False,ARMED(conf=0.83),SENSEX
2026-02-12,TREND_FOLLOWING,PE,NORMAL,0.837,8,2026-02-12 13:46:00,506.9,526.4069999999999,2026-02-12 14:27:00,TSL,17.01,1320.56,True,ARMED(conf=0.84),SENSEX
2026-02-12,MACD_DIVERGENCE,CE,NORMAL,0.836,5,2026-02-12 14:16:00,820.0,820.0,2026-02-12 14:30:00,TIME,-2.5,-165.0,False,ARMED(conf=0.84),SENSEX
2026-02-16,OPTIONS_GREEKS,PE,TRENDING_BULL,0.833,10,2026-02-16 12:46:00,565.4,576.4,2026-02-16 14:30:00,TIME,8.5,810.0,True,ARMED(conf=0.83),SENSEX
2026-02-16,MACD_DIVERGENCE,CE,TRENDING_BULL,0.83,6,2026-02-16 13:01:00,747.2,750.45,2026-02-16 14:30:00,TIME,0.75,5.0,True,ARMED(conf=0.83),SENSEX
2026-02-16,MOMENTUM_BURST,CE,TRENDING_BULL,0.827,5,2026-02-16 13:31:00,760.05,750.45,2026-02-16 14:30:00,TIME,-12.1,-645.0,False,ARMED(conf=0.83),SENSEX
2026-02-17,OPTIONS_GREEKS,PE,NORMAL,0.828,11,2026-02-17 12:46:00,544.2,557.952,2026-02-17 12:56:00,TSL,11.25,1197.72,True,ARMED(conf=0.83),SENSEX
2026-02-17,OPTIONS_GREEKS,PE,NORMAL,0.81,10,2026-02-17 13:01:00,560.55,535.0,2026-02-17 14:30:00,TIME,-28.05,-2845.0,False,ARMED(conf=0.81),SENSEX
2026-02-17,MACD_DIVERGENCE,PE,NORMAL,0.834,7,2026-02-17 13:46:00,527.55,548.653,2026-02-17 13:50:00,TSL,18.6,1262.21,True,ARMED(conf=0.83),SENSEX
2026-02-18,OPTIONS_GREEKS,PE,NORMAL,0.829,12,2026-02-18 13:01:00,464.05,473.328,2026-02-18 14:28:00,TSL,6.78,773.36,True,ARMED(conf=0.83),SENSEX
2026-02-18,OPTIONS_GREEKS,PE,NORMAL,0.829,13,2026-02-18 13:16:00,458.5,471.456,2026-02-18 14:18:00,TSL,10.46,1319.28,True,ARMED(conf=0.83),SENSEX
2026-02-23,MACD_DIVERGENCE,PE,NORMAL,0.83,10,2026-02-23 12:46:00,431.65,455.7,2026-02-23 12:49:00,TSL,21.55,2115.0,True,ARMED(conf=0.83),SENSEX
2026-02-23,MACD_DIVERGENCE,CE,NORMAL,0.84,9,2026-02-23 13:16:00,467.25,492.40099999999995,2026-02-23 13:19:00,TSL,22.65,1998.59,True,ARMED(conf=0.84),SENSEX
2026-02-23,TREND_FOLLOWING,PE,NORMAL,0.855,10,2026-02-23 13:31:00,443.15,460.50199999999995,2026-02-23 13:32:00,TSL,14.85,1445.2,True,ARMED(conf=0.85),SENSEX
2026-02-23,TREND_FOLLOWING,PE,NORMAL,0.844,10,2026-02-23 13:46:00,453.35,469.56699999999995,2026-02-23 14:04:00,TSL,13.72,1331.7,True,ARMED(conf=0.84),SENSEX
2026-02-23,MOMENTUM_BURST,PE,NORMAL,0.83,9,2026-02-23 14:01:00,461.85,482.209,2026-02-23 14:07:00,TSL,17.86,1567.31,True,ARMED(conf=0.83),SENSEX
2026-02-23,MACD_DIVERGENCE,CE,NORMAL,0.837,9,2026-02-23 14:16:00,506.1,459.95,2026-02-23 14:30:00,TIME,-48.65,-4418.5,False,ARMED(conf=0.84),SENSEX
2026-02-24,OPTIONS_GREEKS,CE,TRENDING_BEAR,0.828,13,2026-02-24 13:01:00,459.15,494.58099999999996,2026-02-24 13:37:00,TSL,32.93,4241.03,True,ARMED(conf=0.83),SENSEX
2026-02-24,MOMENTUM_BURST,PE,TRENDING_BEAR,0.802,10,2026-02-24 13:31:00,381.3,419.5735,2026-02-24 13:51:00,TSL,35.77,3537.35,True,ARMED(conf=0.80),SENSEX
2026-02-24,ATR_BREAK,PE,TRENDING_BEAR,0.802,10,2026-02-24 13:31:00,381.3,413.08525,2026-02-24 13:51:00,TSL,29.29,2888.52,True,ARMED(conf=0.80),SENSEX
2026-02-24,OPTIONS_GREEKS,CE,TRENDING_BEAR,0.833,13,2026-02-24 13:46:00,456.0,480.71599999999995,2026-02-24 14:07:00,TSL,22.22,2848.08,True,ARMED(conf=0.83),SENSEX
2026-02-24,TREND_FOLLOWING,PE,TRENDING_BEAR,0.867,11,2026-02-24 14:16:00,390.85,405.0,2026-02-24 14:30:00,TIME,11.65,1241.5,True,ARMED(conf=0.87),SENSEX
2026-02-24,MOMENTUM_BURST,PE,TRENDING_BEAR,0.835,11,2026-02-24 14:16:00,390.85,405.0,2026-02-24 14:30:00,TIME,11.65,1241.5,True,ARMED(conf=0.83),SENSEX
2026-02-25,PUT_WRITER_SUPPORT,CE,NORMAL,0.821,20,2026-02-25 13:46:00,292.25,301.08799999999997,2026-02-25 13:47:00,TSL,6.34,1227.6,True,ARMED(conf=0.82),SENSEX
2026-02-25,MOMENTUM_BURST,PE,NORMAL,0.819,17,2026-02-25 14:16:00,251.1,288.267,2026-02-25 14:17:00,TSL,34.67,5853.39,True,ARMED(conf=0.82),SENSEX
2026-02-25,MACD_DIVERGENCE,PE,NORMAL,0.819,17,2026-02-25 14:16:00,251.1,288.267,2026-02-25 14:17:00,TSL,34.67,5853.39,True,ARMED(conf=0.82),SENSEX
2026-04-08,ULTIMATE_DAY_HIGH_LOW,CE,NORMAL,0.82,5,2026-04-08 11:46:00,701.0,1506.624,2026-04-08 11:47:00,TSL,803.12,40116.2,True,ARMED(conf=0.82),SENSEX
2026-04-08,ULTIMATE_DAY_HIGH_LOW,CE,NORMAL,0.818,3,2026-04-08 13:31:00,1548.75,1239.0,2026-04-08 13:36:00,SL,-312.25,-9407.5,False,ARMED(conf=0.82),SENSEX
2026-04-13,OPTIONS_GREEKS,PE,TRENDING_BULL,0.828,4,2026-04-13 12:46:00,1260.05,1008.04,2026-04-13 13:03:00,SL,-254.51,-10220.4,False,ARMED(conf=0.83),SENSEX
2026-04-15,MACD_DIVERGENCE,CE,RANGE_BOUND,0.839,3,2026-04-15 13:01:00,1263.2,1237.7,2026-04-15 14:30:00,TIME,-28.0,-880.0,False,ARMED(conf=0.84),SENSEX
2026-04-15,VWAP_BOUNCE,PE,RANGE_BOUND,0.834,4,2026-04-15 13:16:00,1072.55,1110.9566,2026-04-15 13:37:00,TSL,35.91,1396.26,True,ARMED(conf=0.83),SENSEX
2026-04-15,EMA_CROSSOVER,PE,RANGE_BOUND,0.834,4,2026-04-15 13:16:00,1072.55,1107.5832500000001,2026-04-15 13:37:00,TSL,32.53,1261.33,True,ARMED(conf=0.83),SENSEX
2026-04-15,ULTIMATE_DAY_HIGH_LOW,CE,RANGE_BOUND,0.837,4,2026-04-15 13:46:00,1267.0,1237.7,2026-04-15 14:30:00,TIME,-31.8,-1312.0,False,ARMED(conf=0.84),SENSEX
2026-04-16,MOMENTUM_BURST,PE,TRENDING_BEAR,0.795,4,2026-04-16 13:16:00,1035.25,1030.0,2026-04-16 14:30:00,TIME,-7.75,-350.0,False,ARMED(conf=0.79),SENSEX
2026-04-16,OPTIONS_GREEKS,CE,TRENDING_BEAR,0.837,5,2026-04-16 13:46:00,1179.0,1127.05,2026-04-16 14:30:00,TIME,-54.45,-2762.5,False,ARMED(conf=0.84),SENSEX
2026-04-16,TREND_FOLLOWING,PE,TRENDING_BEAR,0.847,4,2026-04-16 14:01:00,1018.0,1030.0,2026-04-16 14:30:00,TIME,9.5,340.0,True,ARMED(conf=0.85),SENSEX
2026-04-20,VWAP_BOUNCE,PE,TRENDING_BULL,0.83,4,2026-04-20 13:16:00,1040.0,996.9,2026-04-20 14:30:00,TIME,-45.6,-1864.0,False,ARMED(conf=0.83),SENSEX
2026-04-20,EMA_CROSSOVER,PE,TRENDING_BULL,0.83,4,2026-04-20 13:16:00,1040.0,996.9,2026-04-20 14:30:00,TIME,-45.6,-1864.0,False,ARMED(conf=0.83),SENSEX
2026-04-20,ATR_BREAK,PE,TRENDING_BULL,0.83,4,2026-04-20 13:16:00,1040.0,996.9,2026-04-20 14:30:00,TIME,-45.6,-1864.0,False,ARMED(conf=0.83),SENSEX
2026-04-21,MACD_DIVERGENCE,CE,TRENDING_BEAR,0.834,4,2026-04-21 13:01:00,969.1,954.95,2026-04-21 14:30:00,TIME,-16.65,-706.0,False,ARMED(conf=0.83),SENSEX
2026-04-21,OPTIONS_GREEKS,PE,TRENDING_BEAR,0.84,6,2026-04-21 13:31:00,915.0,889.65,2026-04-21 14:30:00,TIME,-27.85,-1711.0,False,ARMED(conf=0.84),SENSEX
2026-04-21,MACD_DIVERGENCE,PE,TRENDING_BEAR,0.84,4,2026-04-21 13:31:00,915.0,889.65,2026-04-21 14:30:00,TIME,-27.85,-1154.0,False,ARMED(conf=0.84),SENSEX
2026-04-22,MACD_DIVERGENCE,PE,NORMAL,0.833,5,2026-04-22 13:16:00,879.4,850.65,2026-04-22 14:30:00,TIME,-31.25,-1602.5,False,ARMED(conf=0.83),SENSEX
2026-04-22,VWAP_BOUNCE,PE,NORMAL,0.837,5,2026-04-22 14:01:00,821.45,859.46,2026-04-22 14:10:00,TSL,35.51,1735.5,True,ARMED(conf=0.84),SENSEX
2026-04-22,EMA_CROSSOVER,PE,NORMAL,0.837,5,2026-04-22 14:01:00,821.45,855.0749999999999,2026-04-22 14:10:00,TSL,31.12,1516.25,True,ARMED(conf=0.84),SENSEX
2026-04-22,VWAP_BOUNCE,PE,NORMAL,0.835,5,2026-04-22 14:16:00,850.95,850.65,2026-04-22 14:30:00,TIME,-2.8,-180.0,False,ARMED(conf=0.83),SENSEX
2026-04-23,MACD_DIVERGENCE,PE,RANGE_BOUND,0.839,6,2026-04-23 13:01:00,744.55,765.7,2026-04-23 13:18:00,TSL,18.65,1079.0,True,ARMED(conf=0.84),SENSEX
2026-04-23,ATR_BREAK,CE,RANGE_BOUND,0.83,5,2026-04-23 13:16:00,776.1,792.1302999999999,2026-04-23 13:25:00,TSL,13.53,636.51,True,ARMED(conf=0.83),SENSEX
2026-04-23,MACD_DIVERGENCE,PE,RANGE_BOUND,0.837,6,2026-04-23 13:31:00,740.55,761.254,2026-04-23 14:20:00,TSL,18.2,1052.24,True,ARMED(conf=0.84),SENSEX
2026-04-27,SCALPING,CE,NORMAL,0.83,10,2026-04-27 13:01:00,555.2,596.3789999999999,2026-04-27 13:05:00,TSL,38.68,3827.9,True,ARMED(conf=0.83),SENSEX
2026-04-27,MOMENTUM_BURST,CE,NORMAL,0.83,8,2026-04-27 13:01:00,555.2,596.3789999999999,2026-04-27 13:05:00,TSL,38.68,3054.32,True,ARMED(conf=0.83),SENSEX
2026-04-27,OPTIONS_GREEKS,PE,NORMAL,0.828,11,2026-04-27 13:46:00,527.1,500.0,2026-04-27 14:30:00,TIME,-29.6,-3296.0,False,ARMED(conf=0.83),SENSEX
2026-04-27,MACD_DIVERGENCE,PE,NORMAL,0.828,8,2026-04-27 13:46:00,527.1,500.0,2026-04-27 14:30:00,TIME,-29.6,-2408.0,False,ARMED(conf=0.83),SENSEX
2026-04-28,BEAR_TREND_FOLLOWER,PE,NORMAL,0.882,22,2026-04-28 12:46:00,392.3,408.0,2026-04-28 12:49:00,TSL,13.2,2864.0,True,ARMED(conf=0.88),SENSEX
2026-04-28,OPTIONS_GREEKS,CE,NORMAL,0.809,13,2026-04-28 13:31:00,451.75,479.376,2026-04-28 13:35:00,TSL,25.13,3226.38,True,ARMED(conf=0.81),SENSEX
2026-04-28,OPTIONS_GREEKS,CE,NORMAL,0.831,13,2026-04-28 13:46:00,451.25,468.24,2026-04-28 13:57:00,TSL,14.49,1843.7,True,ARMED(conf=0.83),SENSEX
2026-04-29,OPTIONS_GREEKS,PE,TRENDING_BULL,0.84,20,2026-04-29 13:31:00,292.15,316.122,2026-04-29 13:48:00,TSL,21.47,4254.4,True,ARMED(conf=0.84),SENSEX
2026-05-04,DAY_LOW_BULLISH,CE,TRENDING_BULL,0.893,5,2026-05-04 13:31:00,1669.05,1687.6,2026-05-04 13:32:00,TIME,16.05,762.5,True,ARMED(conf=0.89),SENSEX
2026-05-04,OPTIONS_GREEKS,CE,TRENDING_BULL,0.833,3,2026-05-04 13:31:00,1669.05,1898.8,2026-05-04 13:57:00,TSL,227.25,6777.5,True,ARMED(conf=0.83),SENSEX
2026-05-05,MAGIC_SQUARE,PE,NORMAL,0.855,6,2026-05-05 12:46:00,1150.0,1355.0,2026-05-05 13:07:00,SPOT_SL,202.5,12110.0,True,ARMED(conf=0.86),SENSEX
2026-05-05,EMA_CROSSOVER,CE,NORMAL,0.824,2,2026-05-05 13:01:00,1474.95,1574.625,2026-05-05 13:18:00,TSL,97.17,1903.5,True,ARMED(conf=0.82),SENSEX
2026-05-05,ATR_BREAK,CE,NORMAL,0.824,2,2026-05-05 13:01:00,1474.95,1566.55,2026-05-05 13:18:00,TSL,89.1,1742.0,True,ARMED(conf=0.82),SENSEX
2026-05-06,OPTIONS_GREEKS,CE,TRENDING_BEAR,0.824,3,2026-05-06 13:01:00,1553.7,1242.96,2026-05-06 14:26:00,SL,-313.24,-9437.2,False,ARMED(conf=0.82),SENSEX
2026-05-07,VWAP_BOUNCE,CE,NORMAL,0.838,3,2026-05-07 13:46:00,1289.15,1349.019,2026-05-07 13:49:00,TSL,57.37,1681.07,True,ARMED(conf=0.84),SENSEX
2026-05-07,MACD_DIVERGENCE,CE,NORMAL,0.838,3,2026-05-07 13:46:00,1289.15,1349.019,2026-05-07 13:49:00,TSL,57.37,1681.07,True,ARMED(conf=0.84),SENSEX
2026-05-11,ULTIMATE_DAY_HIGH_LOW,CE,NORMAL,0.835,4,2026-05-11 11:16:00,1310.0,1348.8,2026-05-11 12:39:00,TSL,36.3,1412.0,True,ARMED(conf=0.84),SENSEX
2026-05-11,AI_ENHANCED,CE,NORMAL,0.833,4,2026-05-11 12:31:00,1313.4,1348.8,2026-05-11 12:39:00,TSL,32.9,1276.0,True,ARMED(conf=0.83),SENSEX
2026-05-12,OPTIONS_GREEKS,CE,TRENDING_BEAR,0.828,4,2026-05-12 13:01:00,1260.35,1256.0,2026-05-12 14:30:00,TIME,-6.85,-314.0,False,ARMED(conf=0.83),SENSEX
2026-05-12,TREND_FOLLOWING,PE,TRENDING_BEAR,0.824,4,2026-05-12 13:16:00,1022.9,1016.15,2026-05-12 14:30:00,TIME,-9.25,-410.0,False,ARMED(conf=0.82),SENSEX
2026-05-12,MOMENTUM_BURST,PE,TRENDING_BEAR,0.826,4,2026-05-12 13:16:00,1022.9,1016.15,2026-05-12 14:30:00,TIME,-9.25,-410.0,False,ARMED(conf=0.83),SENSEX
2026-05-13,MOMENTUM_BURST,CE,TRENDING_BEAR,0.828,3,2026-05-13 12:46:00,1155.9,1290.1,2026-05-13 13:20:00,TSL,131.7,3911.0,True,ARMED(conf=0.83),SENSEX
2026-05-13,ATR_BREAK,CE,TRENDING_BEAR,0.828,3,2026-05-13 12:46:00,1155.9,1270.1499999999999,2026-05-13 13:20:00,TSL,111.75,3312.5,True,ARMED(conf=0.83),SENSEX
2026-05-13,MACD_DIVERGENCE,PE,TRENDING_BEAR,0.839,4,2026-05-13 13:46:00,1042.6,1035.3,2026-05-13 14:30:00,TIME,-9.8,-432.0,False,ARMED(conf=0.84),SENSEX
2026-05-14,MOMENTUM_BURST,CE,TRENDING_BEAR,0.826,4,2026-05-14 13:01:00,1100.0,1106.5,2026-05-14 14:30:00,TIME,4.0,120.0,True,ARMED(conf=0.83),SENSEX
2026-05-14,ATR_BREAK,CE,TRENDING_BEAR,0.826,4,2026-05-14 13:01:00,1100.0,1106.5,2026-05-14 14:30:00,TIME,4.0,120.0,True,ARMED(conf=0.83),SENSEX
2026-05-14,VOLUME_CLIMAX,PE,TRENDING_BEAR,0.806,4,2026-05-14 13:16:00,929.45,955.0,2026-05-14 13:30:00,TIME,23.05,882.0,True,ARMED(conf=0.81),SENSEX
2026-05-14,MACD_DIVERGENCE,PE,TRENDING_BEAR,0.826,4,2026-05-14 14:01:00,957.95,917.7,2026-05-14 14:30:00,TIME,-42.75,-1750.0,False,ARMED(conf=0.83),SENSEX
2026-05-19,TREND_FOLLOWING,PE,NORMAL,0.859,5,2026-05-19 13:01:00,784.5,749.4,2026-05-19 14:30:00,TIME,-37.6,-1920.0,False,ARMED(conf=0.86),SENSEX
2026-05-19,MOMENTUM_BURST,PE,NORMAL,0.831,5,2026-05-19 13:01:00,784.5,749.4,2026-05-19 14:30:00,TIME,-37.6,-1920.0,False,ARMED(conf=0.83),SENSEX
2026-05-19,VWAP_BOUNCE,PE,NORMAL,0.831,5,2026-05-19 13:01:00,784.5,749.4,2026-05-19 14:30:00,TIME,-37.6,-1920.0,False,ARMED(conf=0.83),SENSEX
2026-05-20,OPTIONS_GREEKS,PE,TRENDING_BULL,0.83,7,2026-05-20 13:01:00,733.85,757.6,2026-05-20 14:30:00,TIME,21.25,1447.5,True,ARMED(conf=0.83),SENSEX
2026-05-20,MOMENTUM_BURST,CE,TRENDING_BULL,0.825,5,2026-05-20 14:16:00,777.0,779.9,2026-05-20 14:30:00,TIME,0.4,-20.0,False,ARMED(conf=0.82),SENSEX
2026-05-20,ATR_BREAK,CE,TRENDING_BULL,0.825,5,2026-05-20 14:16:00,777.0,779.9,2026-05-20 14:30:00,TIME,0.4,-20.0,False,ARMED(conf=0.82),SENSEX
2026-05-21,OPTIONS_GREEKS,CE,TRENDING_BEAR,0.838,9,2026-05-21 13:31:00,620.0,612.55,2026-05-21 14:30:00,TIME,-9.95,-935.5,False,ARMED(conf=0.84),SENSEX
2026-05-21,TREND_FOLLOWING,PE,TRENDING_BEAR,0.864,6,2026-05-21 13:46:00,659.55,676.15,2026-05-21 14:30:00,TIME,14.1,806.0,True,ARMED(conf=0.86),SENSEX
2026-05-22,GAMMA_BLAST,PE,NORMAL,0.835,11,2026-05-22 14:01:00,494.5,514.9,2026-05-22 14:02:00,TIME,17.9,1929.0,True,ARMED(conf=0.83),SENSEX
2026-05-22,GAMMA_BLAST,PE,NORMAL,0.827,11,2026-05-22 14:16:00,516.65,530.0,2026-05-22 14:17:00,TIME,10.85,1153.5,True,ARMED(conf=0.83),SENSEX
2026-05-25,VWAP_BOUNCE,PE,NORMAL,0.831,10,2026-05-25 12:46:00,376.85,411.99199999999996,2026-05-25 12:48:00,TSL,32.64,3224.2,True,ARMED(conf=0.83),SENSEX
2026-05-25,ATR_BREAK,PE,NORMAL,0.831,10,2026-05-25 12:46:00,376.85,407.78799999999995,2026-05-25 12:48:00,TSL,28.44,2803.8,True,ARMED(conf=0.83),SENSEX
2026-05-25,MACD_DIVERGENCE,CE,NORMAL,0.837,10,2026-05-25 13:01:00,428.8,457.51300000000003,2026-05-25 13:02:00,TSL,26.21,2581.3,True,ARMED(conf=0.84),SENSEX
2026-05-25,MACD_DIVERGENCE,PE,NORMAL,0.838,11,2026-05-25 13:31:00,426.0,379.05,2026-05-25 14:30:00,TIME,-49.45,-5479.5,False,ARMED(conf=0.84),SENSEX
2026-05-25,PUT_WRITER_SUPPORT,CE,NORMAL,0.818,15,2026-05-25 13:46:00,401.1,421.95,2026-05-25 14:21:00,TSL,18.35,2712.5,True,ARMED(conf=0.82),SENSEX
2026-05-26,MOMENTUM_BURST,PE,NORMAL,0.824,15,2026-05-26 12:46:00,283.75,300.125,2026-05-26 12:54:00,TSL,13.88,2041.25,True,ARMED(conf=0.82),SENSEX
2026-05-26,ATR_BREAK,PE,NORMAL,0.824,15,2026-05-26 12:46:00,283.75,297.0625,2026-05-26 12:54:00,TSL,10.81,1581.88,True,ARMED(conf=0.82),SENSEX
2026-05-26,MACD_DIVERGENCE,CE,NORMAL,0.828,16,2026-05-26 13:16:00,278.95,297.675,2026-05-26 13:17:00,TSL,16.23,2556.0,True,ARMED(conf=0.83),SENSEX
2026-05-26,MOMENTUM_BURST,PE,NORMAL,0.819,14,2026-05-26 14:01:00,264.9,283.31800000000004,2026-05-26 14:03:00,TSL,15.92,2188.52,True,ARMED(conf=0.82),SENSEX
2026-05-26,BOLLINGER_SQUEEZE,PE,NORMAL,0.819,14,2026-05-26 14:01:00,264.9,283.31800000000004,2026-05-26 14:03:00,TSL,15.92,2188.52,True,ARMED(conf=0.82),SENSEX
2026-05-26,ATR_BREAK,PE,NORMAL,0.819,14,2026-05-26 14:01:00,264.9,280.427,2026-05-26 14:03:00,TSL,13.03,1783.78,True,ARMED(conf=0.82),SENSEX
2026-05-26,MOMENTUM_BURST,PE,NORMAL,0.799,16,2026-05-26 14:16:00,272.25,297.185,2026-05-26 14:23:00,TSL,22.44,3549.6,True,ARMED(conf=0.80),SENSEX
2025-02-04,MOMENTUM_BURST,CE,TRENDING_BULL,0.821,1,2025-02-04 12:46:00,360.0,326.15,2025-02-04 14:30:00,TIME,-34.35,-2616.25,False,ARMED(conf=0.82),NIFTY
2025-02-04,ATR_BREAK,CE,TRENDING_BULL,0.821,1,2025-02-04 12:46:00,360.0,326.15,2025-02-04 14:30:00,TIME,-34.35,-2616.25,False,ARMED(conf=0.82),NIFTY
2025-02-04,OPTIONS_GREEKS,PE,TRENDING_BULL,0.829,2,2025-02-04 14:01:00,303.55,311.55,2025-02-04 14:30:00,TIME,7.5,1085.0,True,ARMED(conf=0.83),NIFTY
2025-02-04,MACD_DIVERGENCE,PE,TRENDING_BULL,0.829,1,2025-02-04 14:01:00,303.55,311.55,2025-02-04 14:30:00,TIME,7.5,522.5,True,ARMED(conf=0.83),NIFTY
2025-02-05,MOMENTUM_BURST,PE,NORMAL,0.829,2,2025-02-05 12:46:00,275.55,269.0,2025-02-05 14:30:00,TIME,-7.05,-1097.5,False,ARMED(conf=0.83),NIFTY
2025-02-05,VWAP_BOUNCE,PE,NORMAL,0.829,2,2025-02-05 12:46:00,275.55,269.0,2025-02-05 14:30:00,TIME,-7.05,-1097.5,False,ARMED(conf=0.83),NIFTY
2025-02-05,ATR_BREAK,PE,NORMAL,0.829,2,2025-02-05 12:46:00,275.55,269.0,2025-02-05 14:30:00,TIME,-7.05,-1097.5,False,ARMED(conf=0.83),NIFTY
2025-02-05,MACD_DIVERGENCE,CE,NORMAL,0.833,1,2025-02-05 13:46:00,333.9,346.1384,2025-02-05 14:08:00,TSL,11.74,840.38,True,ARMED(conf=0.83),NIFTY
2025-02-07,TREND_FOLLOWING,PE,TRENDING_BEAR,0.851,2,2025-02-07 13:01:00,236.7,249.67799999999997,2025-02-07 14:04:00,TSL,12.48,1831.7,True,ARMED(conf=0.85),NIFTY
2025-02-07,MACD_DIVERGENCE,CE,TRENDING_BEAR,0.835,1,2025-02-07 13:16:00,325.4,334.2,2025-02-07 14:11:00,SPOT_SL,8.3,582.5,True,ARMED(conf=0.84),NIFTY
2025-02-07,MOMENTUM_BURST,PE,TRENDING_BEAR,0.828,2,2025-02-07 13:47:00,229.45,248.13359999999997,2025-02-07 14:04:00,TSL,18.18,2687.54,True,ARMED(conf=0.83),NIFTY
2025-02-07,ATR_BREAK,PE,TRENDING_BEAR,0.828,2,2025-02-07 13:47:00,229.45,243.50039999999996,2025-02-07 14:04:00,TSL,13.55,1992.56,True,ARMED(conf=0.83),NIFTY
2025-02-10,OPTIONS_GREEKS,CE,TRENDING_BEAR,0.827,2,2025-02-10 13:16:00,318.75,322.0,2025-02-10 14:30:00,TIME,2.75,372.5,True,ARMED(conf=0.83),NIFTY
2025-02-10,MACD_DIVERGENCE,CE,TRENDING_BEAR,0.827,1,2025-02-10 13:16:00,318.75,322.0,2025-02-10 14:30:00,TIME,2.75,166.25,True,ARMED(conf=0.83),NIFTY
2025-02-10,MOMENTUM_BURST,PE,TRENDING_BEAR,0.806,2,2025-02-10 13:31:00,245.1,240.95,2025-02-10 14:30:00,TIME,-4.65,-737.5,False,ARMED(conf=0.81),NIFTY
2025-02-10,MACD_DIVERGENCE,PE,TRENDING_BEAR,0.826,2,2025-02-10 14:01:00,239.0,240.95,2025-02-10 14:30:00,TIME,1.45,177.5,True,ARMED(conf=0.83),NIFTY
2025-02-11,MOMENTUM_BURST,PE,TRENDING_BEAR,0.819,2,2025-02-11 12:46:00,233.5,256.0384,2025-02-11 13:14:00,TSL,22.04,3265.76,True,ARMED(conf=0.82),NIFTY
2025-02-11,BOLLINGER_SQUEEZE,PE,TRENDING_BEAR,0.819,2,2025-02-11 12:46:00,233.5,256.0384,2025-02-11 13:14:00,TSL,22.04,3265.76,True,ARMED(conf=0.82),NIFTY
2025-02-11,ATR_BREAK,PE,TRENDING_BEAR,0.819,2,2025-02-11 12:46:00,233.5,251.2576,2025-02-11 13:15:00,TSL,17.26,2548.64,True,ARMED(conf=0.82),NIFTY
2025-02-11,MOMENTUM_BURST,PE,TRENDING_BEAR,0.813,2,2025-02-11 13:01:00,235.65,256.0384,2025-02-11 13:14:00,TSL,19.89,2943.26,True,ARMED(conf=0.81),NIFTY
2025-02-11,MACD_DIVERGENCE,CE,TRENDING_BEAR,0.824,1,2025-02-11 13:31:00,313.85,333.1,2025-02-11 14:30:00,TIME,18.75,1366.25,True,ARMED(conf=0.82),NIFTY
2025-02-11,RSI_REVERSAL,CE,TRENDING_BEAR,0.824,1,2025-02-11 14:01:00,308.2,303.4,2025-02-11 14:02:00,TIME,-5.3,-437.5,False,ARMED(conf=0.82),NIFTY
2025-02-12,MOMENTUM_BURST,CE,TRENDING_BEAR,0.821,1,2025-02-12 13:16:00,308.45,323.85,2025-02-12 13:55:00,SPOT_SL,14.9,1077.5,True,ARMED(conf=0.82),NIFTY
2025-02-12,OPTIONS_GREEKS,PE,TRENDING_BEAR,0.827,3,2025-02-12 13:31:00,205.8,217.14,2025-02-12 13:34:00,TSL,10.84,2399.0,True,ARMED(conf=0.83),NIFTY
2025-02-12,MACD_DIVERGENCE,PE,TRENDING_BEAR,0.827,2,2025-02-12 13:31:00,205.8,222.684,2025-02-12 13:33:00,TSL,16.38,2417.6,True,ARMED(conf=0.83),NIFTY
2025-02-12,AI_ENHANCED,CE,TRENDING_BEAR,0.816,2,2025-02-12 14:01:00,315.65,318.45,2025-02-12 14:30:00,TIME,2.3,305.0,True,ARMED(conf=0.82),NIFTY
2025-02-14,VOLUME_CLIMAX,CE,TRENDING_BEAR,0.823,2,2025-02-14 13:01:00,295.45,286.7,2025-02-14 13:30:00,TIME,-9.25,-1427.5,False,ARMED(conf=0.82),NIFTY
2025-02-14,OPTIONS_GREEKS,CE,TRENDING_BEAR,0.832,2,2025-02-14 13:16:00,297.45,297.3,2025-02-14 14:30:00,TIME,-0.65,-137.5,False,ARMED(conf=0.83),NIFTY
2025-02-14,TREND_FOLLOWING,PE,TRENDING_BEAR,0.824,2,2025-02-14 13:31:00,215.35,227.31949999999998,2025-02-14 14:15:00,TSL,11.47,1680.42,True,ARMED(conf=0.82),NIFTY
2025-02-14,MOMENTUM_BURST,PE,TRENDING_BEAR,0.829,2,2025-02-14 13:31:00,215.35,198.35,2025-02-14 14:30:00,TIME,-17.5,-2665.0,False,ARMED(conf=0.83),NIFTY
2025-02-14,MOMENTUM_BURST,PE,TRENDING_BEAR,0.827,2,2025-02-14 13:46:00,207.2,225.9134,2025-02-14 14:15:00,TSL,18.21,2692.01,True,ARMED(conf=0.83),NIFTY
2025-02-17,AI_ENHANCED,CE,TRENDING_BULL,0.838,2,2025-02-17 12:31:00,294.0,283.1,2025-02-17 14:30:00,TIME,-11.4,-1750.0,False,ARMED(conf=0.84),NIFTY
2025-02-17,AI_ENHANCED,CE,TRENDING_BULL,0.837,2,2025-02-17 13:16:00,276.25,283.1,2025-02-17 14:30:00,TIME,6.35,912.5,True,ARMED(conf=0.84),NIFTY
2025-02-18,MACD_DIVERGENCE,PE,TRENDING_BEAR,0.837,2,2025-02-18 12:46:00,202.35,204.65,2025-02-18 14:30:00,TIME,1.8,230.0,True,ARMED(conf=0.84),NIFTY
2025-02-18,AI_ENHANCED,CE,TRENDING_BEAR,0.834,3,2025-02-18 13:16:00,236.05,250.27499999999998,2025-02-18 13:47:00,TSL,13.72,3048.12,True,ARMED(conf=0.83),NIFTY
2025-02-18,VWAP_BOUNCE,CE,TRENDING_BEAR,0.83,2,2025-02-18 13:31:00,243.55,228.15,2025-02-18 14:30:00,TIME,-15.9,-2425.0,False,ARMED(conf=0.83),NIFTY
2025-02-18,OPTIONS_GREEKS,PE,TRENDING_BEAR,0.811,4,2025-02-18 14:01:00,189.7,204.65,2025-02-18 14:30:00,TIME,14.45,4295.0,True,ARMED(conf=0.81),NIFTY
2025-02-19,AI_ENHANCED,CE,TRENDING_BULL,0.838,3,2025-02-19 12:46:00,222.8,230.0,2025-02-19 14:29:00,SPOT_SL,6.7,1467.5,True,ARMED(conf=0.84),NIFTY
2025-02-19,MACD_DIVERGENCE,CE,TRENDING_BULL,0.838,2,2025-02-19 12:46:00,222.8,230.0,2025-02-19 14:29:00,SPOT_SL,6.7,965.0,True,ARMED(conf=0.84),NIFTY
2025-02-19,MACD_DIVERGENCE,PE,TRENDING_BULL,0.835,3,2025-02-19 13:46:00,174.85,166.15,2025-02-19 14:30:00,TIME,-9.2,-2110.0,False,ARMED(conf=0.83),NIFTY
2025-02-21,MACD_DIVERGENCE,PE,TRENDING_BEAR,0.834,4,2025-02-21 12:46:00,128.05,145.082,2025-02-21 13:07:00,TSL,16.53,4919.6,True,ARMED(conf=0.83),NIFTY
2025-02-21,OPTIONS_GREEKS,CE,TRENDING_BEAR,0.832,4,2025-02-21 13:46:00,166.0,184.23999999999998,2025-02-21 13:49:00,TSL,17.74,5282.0,True,ARMED(conf=0.83),NIFTY
2025-02-21,MACD_DIVERGENCE,CE,TRENDING_BEAR,0.832,3,2025-02-21 13:46:00,166.0,188.944,2025-02-21 13:49:00,TSL,22.44,5009.9,True,ARMED(conf=0.83),NIFTY
2025-02-21,VWAP_BOUNCE,PE,TRENDING_BEAR,0.837,4,2025-02-21 14:16:00,134.55,129.45,2025-02-21 14:30:00,TIME,-5.6,-1720.0,False,ARMED(conf=0.84),NIFTY
2025-02-24,ULTIMATE_DAY_HIGH_LOW,CE,NORMAL,0.839,5,2025-02-24 11:46:00,145.0,147.79199999999997,2025-02-24 11:47:00,TSL,2.29,819.5,True,ARMED(conf=0.84),NIFTY
2025-02-24,PUT_WRITER_SUPPORT,CE,NORMAL,0.84,6,2025-02-24 12:46:00,155.6,141.45,2025-02-24 14:30:00,TIME,-14.65,-6632.5,False,ARMED(conf=0.84),NIFTY
2025-02-24,MACD_DIVERGENCE,PE,NORMAL,0.838,6,2025-02-24 13:01:00,75.5,94.184,2025-02-24 13:03:00,TSL,18.18,8142.8,True,ARMED(conf=0.84),NIFTY
2025-02-24,TREND_FOLLOWING,PE,NORMAL,0.835,7,2025-02-24 14:16:00,85.2,87.367,2025-02-24 14:17:00,TSL,1.67,835.18,True,ARMED(conf=0.84),NIFTY
2025-02-25,MACD_DIVERGENCE,CE,RANGE_BOUND,0.838,6,2025-02-25 12:46:00,86.0,88.2112,2025-02-25 12:49:00,TSL,1.71,730.04,True,ARMED(conf=0.84),NIFTY
2025-02-25,ATR_BREAK,CE,RANGE_BOUND,0.831,10,2025-02-25 13:01:00,56.45,75.0785,2025-02-25 13:05:00,TARGET,18.13,13556.38,True,ARMED(conf=0.83),NIFTY
2025-02-27,ZERO_HERO,PE,NORMAL,0.84,8,2025-02-27 10:46:00,98.5,101.184,2025-02-27 11:00:00,TSL,2.18,1270.4,True,ARMED(conf=0.84),NIFTY
2025-02-27,ZERO_HERO,PE,NORMAL,0.832,8,2025-02-27 11:16:00,91.0,103.056,2025-02-27 11:30:00,TSL,11.56,6893.6,True,ARMED(conf=0.83),NIFTY
2025-02-27,GAMMA_BLAST,CE,NORMAL,0.828,60,2025-02-27 14:16:00,6.9,6.15,2025-02-27 14:17:00,TIME,-1.25,-5665.0,False,ARMED(conf=0.83),NIFTY
2025-02-28,MOMENTUM_BURST,PE,TRENDING_BEAR,0.82,2,2025-02-28 12:46:00,261.2,265.45,2025-02-28 14:30:00,TIME,3.75,522.5,True,ARMED(conf=0.82),NIFTY
2025-02-28,BOLLINGER_SQUEEZE,PE,TRENDING_BEAR,0.82,2,2025-02-28 12:46:00,261.2,265.45,2025-02-28 14:30:00,TIME,3.75,522.5,True,ARMED(conf=0.82),NIFTY
2025-02-28,ATR_BREAK,PE,TRENDING_BEAR,0.82,2,2025-02-28 12:46:00,261.2,265.45,2025-02-28 14:30:00,TIME,3.75,522.5,True,ARMED(conf=0.82),NIFTY
2025-02-28,OPTIONS_GREEKS,CE,TRENDING_BEAR,0.827,1,2025-02-28 13:46:00,378.5,380.0,2025-02-28 14:30:00,TIME,1.0,35.0,True,ARMED(conf=0.83),NIFTY
2025-03-03,MACD_DIVERGENCE,PE,TRENDING_BEAR,0.835,2,2025-03-03 13:16:00,243.6,244.05,2025-03-03 14:30:00,TIME,-0.05,-47.5,False,ARMED(conf=0.84),NIFTY
2025-03-03,AI_ENHANCED,CE,TRENDING_BEAR,0.815,2,2025-03-03 13:31:00,383.5,363.6,2025-03-03 14:30:00,TIME,-20.4,-3100.0,False,ARMED(conf=0.82),NIFTY
2025-03-03,MACD_DIVERGENCE,CE,TRENDING_BEAR,0.835,1,2025-03-03 14:01:00,374.6,363.6,2025-03-03 14:30:00,TIME,-11.5,-902.5,False,ARMED(conf=0.84),NIFTY
2025-03-04,AI_ENHANCED,CE,NORMAL,0.833,2,2025-03-04 12:16:00,355.15,339.35,2025-03-04 14:30:00,TIME,-16.3,-2485.0,False,ARMED(conf=0.83),NIFTY
2025-03-04,MACD_DIVERGENCE,CE,NORMAL,0.84,1,2025-03-04 13:01:00,352.2,339.35,2025-03-04 14:30:00,TIME,-13.35,-1041.25,False,ARMED(conf=0.84),NIFTY
2025-03-05,OPTIONS_GREEKS,PE,TRENDING_BULL,0.828,3,2025-03-05 13:01:00,234.1,226.85,2025-03-05 14:30:00,TIME,-7.75,-1783.75,False,ARMED(conf=0.83),NIFTY
2025-03-05,OPTIONS_GREEKS,PE,TRENDING_BULL,0.837,3,2025-03-05 13:31:00,238.0,226.85,2025-03-05 14:30:00,TIME,-11.65,-2661.25,False,ARMED(conf=0.84),NIFTY
2025-03-07,MACD_DIVERGENCE,PE,TRENDING_BULL,0.835,2,2025-03-07 13:46:00,216.55,215.5,2025-03-07 14:30:00,TIME,-1.55,-272.5,False,ARMED(conf=0.83),NIFTY
2025-03-07,VWAP_BOUNCE,CE,TRENDING_BULL,0.836,1,2025-03-07 14:16:00,310.7,324.3,2025-03-07 14:30:00,TIME,13.1,942.5,True,ARMED(conf=0.84),NIFTY
2025-03-07,EMA_CROSSOVER,CE,TRENDING_BULL,0.836,1,2025-03-07 14:16:00,310.7,324.3,2025-03-07 14:30:00,TIME,13.1,942.5,True,ARMED(conf=0.84),NIFTY
2025-03-10,LONG_UNWIND,PE,NORMAL,0.835,3,2025-03-10 13:16:00,222.35,237.6,2025-03-10 14:29:00,TSL,14.75,3278.75,True,ARMED(conf=0.83),NIFTY
2025-03-10,MACD_DIVERGENCE,PE,NORMAL,0.835,2,2025-03-10 13:16:00,222.35,233.75199999999998,2025-03-10 14:24:00,TSL,10.9,1595.3,True,ARMED(conf=0.83),NIFTY
2025-03-10,LONG_UNWIND,PE,NORMAL,0.828,3,2025-03-10 13:31:00,224.35,237.6,2025-03-10 14:29:00,TSL,12.75,2828.75,True,ARMED(conf=0.83),NIFTY
2025-03-11,MACD_DIVERGENCE,CE,TRENDING_BULL,0.835,2,2025-03-11 13:01:00,284.5,294.9,2025-03-11 14:30:00,TIME,9.9,1445.0,True,ARMED(conf=0.83),NIFTY
2025-03-11,MOMENTUM_BURST,CE,TRENDING_BULL,0.829,2,2025-03-11 13:16:00,283.0,294.9,2025-03-11 14:30:00,TIME,11.4,1670.0,True,ARMED(conf=0.83),NIFTY
2025-03-11,RSI_REVERSAL,PE,TRENDING_BULL,0.822,2,2025-03-11 14:16:00,220.0,222.05,2025-03-11 14:17:00,TIME,1.55,192.5,True,ARMED(conf=0.82),NIFTY
2025-03-12,OPTIONS_GREEKS,CE,TRENDING_BEAR,0.834,3,2025-03-12 12:46:00,262.65,274.55,2025-03-12 14:30:00,TIME,11.4,2525.0,True,ARMED(conf=0.83),NIFTY
2025-03-12,VWAP_BOUNCE,CE,TRENDING_BEAR,0.828,2,2025-03-12 14:16:00,247.55,274.55,2025-03-12 14:30:00,TIME,26.5,3935.0,True,ARMED(conf=0.83),NIFTY
2025-03-17,ULTIMATE_DAY_HIGH_LOW,CE,RANGE_BOUND,0.839,3,2025-03-17 13:16:00,238.05,241.072,2025-03-17 14:09:00,TSL,2.52,527.45,True,ARMED(conf=0.84),NIFTY
2025-03-17,ULTIMATE_DAY_HIGH_LOW,CE,RANGE_BOUND,0.84,3,2025-03-17 13:31:00,216.2,219.4048,2025-03-17 13:45:00,TSL,2.7,568.58,True,ARMED(conf=0.84),NIFTY
2025-03-17,MACD_DIVERGENCE,PE,RANGE_BOUND,0.839,3,2025-03-17 14:16:00,152.0,167.94624000000002,2025-03-17 14:19:00,TSL,15.45,3435.4,True,ARMED(conf=0.84),NIFTY
2025-03-18,VWAP_BOUNCE,CE,TRENDING_BULL,0.839,2,2025-03-18 12:46:00,218.9,202.1,2025-03-18 14:30:00,TIME,-17.3,-2635.0,False,ARMED(conf=0.84),NIFTY
2025-03-18,MACD_DIVERGENCE,CE,TRENDING_BULL,0.839,2,2025-03-18 12:46:00,218.9,202.1,2025-03-18 14:30:00,TIME,-17.3,-2635.0,False,ARMED(conf=0.84),NIFTY
2025-03-18,OPTIONS_GREEKS,PE,TRENDING_BULL,0.834,5,2025-03-18 14:01:00,152.45,155.4,2025-03-18 14:30:00,TIME,2.45,878.75,True,ARMED(conf=0.83),NIFTY
2025-03-19,OPTIONS_GREEKS,PE,NORMAL,0.838,5,2025-03-19 13:01:00,149.65,155.904,2025-03-19 13:20:00,TSL,5.75,2117.75,True,ARMED(conf=0.84),NIFTY
2025-03-20,ZERO_HERO,CE,TRENDING_BULL,0.816,8,2025-03-20 13:46:00,99.2,120.95,2025-03-20 13:47:00,TIME,21.25,12710.0,True,ARMED(conf=0.82),NIFTY
2025-03-20,GAMMA_BLAST,CE,TRENDING_BULL,0.818,5,2025-03-20 14:16:00,145.9,165.2,2025-03-20 14:17:00,TIME,18.8,7010.0,True,ARMED(conf=0.82),NIFTY
2025-03-21,OPTIONS_GREEKS,PE,TRENDING_BULL,0.83,6,2025-03-21 13:01:00,127.65,107.7,2025-03-21 14:30:00,TIME,-20.45,-9242.5,False,ARMED(conf=0.83),NIFTY
2025-03-24,OPTIONS_GREEKS,PE,TRENDING_BULL,0.834,6,2025-03-24 12:46:00,132.75,141.188,2025-03-24 13:03:00,TSL,7.94,3532.1,True,ARMED(conf=0.83),NIFTY
2025-03-24,MACD_DIVERGENCE,CE,TRENDING_BULL,0.828,4,2025-03-24 13:01:00,156.6,139.3,2025-03-24 14:30:00,TIME,-17.8,-5380.0,False,ARMED(conf=0.83),NIFTY
2025-03-24,MACD_DIVERGENCE,PE,TRENDING_BULL,0.831,4,2025-03-24 13:31:00,127.5,138.67139999999998,2025-03-24 13:46:00,TSL,10.67,3161.42,True,ARMED(conf=0.83),NIFTY
2025-03-24,MOMENTUM_BURST,CE,TRENDING_BULL,0.828,4,2025-03-24 13:46:00,132.3,148.6488,2025-03-24 13:59:00,TSL,15.85,4714.64,True,ARMED(conf=0.83),NIFTY
2025-03-25,MACD_DIVERGENCE,PE,TRENDING_BEAR,0.836,6,2025-03-25 12:46:00,96.4,83.45,2025-03-25 14:30:00,TIME,-13.45,-6092.5,False,ARMED(conf=0.84),NIFTY
2025-03-25,AI_ENHANCED,CE,TRENDING_BEAR,0.833,5,2025-03-25 14:01:00,114.15,138.08599999999998,2025-03-25 14:02:00,TSL,23.44,8748.5,True,ARMED(conf=0.83),NIFTY
2025-03-26,MACD_DIVERGENCE,PE,TRENDING_BEAR,0.833,6,2025-03-26 12:46:00,67.25,88.9772,2025-03-26 12:47:00,TSL,21.23,9512.24,True,ARMED(conf=0.83),NIFTY
2025-03-26,MACD_DIVERGENCE,CE,TRENDING_BEAR,0.826,5,2025-03-26 13:46:00,118.95,95.5,2025-03-26 14:30:00,TIME,-23.95,-9021.25,False,ARMED(conf=0.83),NIFTY
2025-03-28,ULTIMATE_DAY_HIGH_LOW,CE,NORMAL,0.84,1,2025-03-28 10:31:00,418.0,431.03999999999996,2025-03-28 10:37:00,TSL,12.54,900.5,True,ARMED(conf=0.84),NIFTY
2025-03-28,LONG_UNWIND,PE,NORMAL,0.829,3,2025-03-28 13:01:00,268.25,277.488,2025-03-28 13:05:00,TSL,8.74,1926.05,True,ARMED(conf=0.83),NIFTY
2025-03-28,TREND_FOLLOWING,PE,NORMAL,0.826,2,2025-03-28 13:01:00,268.25,274.00800000000004,2025-03-28 13:02:00,TSL,5.26,748.7,True,ARMED(conf=0.83),NIFTY
2025-03-28,MOMENTUM_BURST,PE,NORMAL,0.829,2,2025-03-28 13:01:00,268.25,282.1128,2025-03-28 13:05:00,TSL,13.36,1964.42,True,ARMED(conf=0.83),NIFTY
2025-03-28,LONG_UNWIND,PE,NORMAL,0.828,2,2025-03-28 13:16:00,278.3,284.25600000000003,2025-03-28 14:13:00,TSL,5.46,778.4,True,ARMED(conf=0.83),NIFTY
2025-03-28,MOMENTUM_BURST,PE,NORMAL,0.828,2,2025-03-28 13:16:00,278.3,288.9936,2025-03-28 14:11:00,TSL,10.19,1489.04,True,ARMED(conf=0.83),NIFTY
2025-03-28,LONG_UNWIND,PE,NORMAL,0.827,2,2025-03-28 13:31:00,276.95,284.25600000000003,2025-03-28 14:13:00,TSL,6.81,980.9,True,ARMED(conf=0.83),NIFTY
2025-04-02,MACD_DIVERGENCE,PE,NORMAL,0.837,2,2025-04-02 13:31:00,268.1,267.7,2025-04-02 14:30:00,TIME,-0.9,-175.0,False,ARMED(conf=0.84),NIFTY
2025-04-04,MACD_DIVERGENCE,CE,TRENDING_BEAR,0.832,1,2025-04-04 13:17:00,365.3,364.95,2025-04-04 14:30:00,TIME,-0.85,-103.75,False,ARMED(conf=0.83),NIFTY
2025-04-04,MOMENTUM_BURST,PE,TRENDING_BEAR,0.804,2,2025-04-04 13:46:00,271.65,273.3,2025-04-04 14:30:00,TIME,1.15,132.5,True,ARMED(conf=0.80),NIFTY
2025-04-04,ATR_BREAK,PE,TRENDING_BEAR,0.804,2,2025-04-04 13:46:00,271.65,273.3,2025-04-04 14:30:00,TIME,1.15,132.5,True,ARMED(conf=0.80),NIFTY
2025-04-04,MACD_DIVERGENCE,CE,TRENDING_BEAR,0.829,1,2025-04-04 14:01:00,365.0,364.95,2025-04-04 14:30:00,TIME,-0.55,-81.25,False,ARMED(conf=0.83),NIFTY
2025-04-11,OPTIONS_GREEKS,PE,TRENDING_BULL,0.818,2,2025-04-11 13:16:00,345.0,367.4,2025-04-11 14:30:00,TIME,21.9,3245.0,True,ARMED(conf=0.82),NIFTY
2025-04-11,VWAP_BOUNCE,PE,TRENDING_BULL,0.806,1,2025-04-11 14:01:00,344.0,367.4,2025-04-11 14:30:00,TIME,22.9,1677.5,True,ARMED(conf=0.81),NIFTY
2025-04-11,EMA_CROSSOVER,PE,TRENDING_BULL,0.806,1,2025-04-11 14:01:00,344.0,367.4,2025-04-11 14:30:00,TIME,22.9,1677.5,True,ARMED(conf=0.81),NIFTY
2025-04-11,ATR_BREAK,PE,TRENDING_BULL,0.806,1,2025-04-11 14:01:00,344.0,367.4,2025-04-11 14:30:00,TIME,22.9,1677.5,True,ARMED(conf=0.81),NIFTY
2025-04-15,OPTIONS_GREEKS,PE,NORMAL,0.812,3,2025-04-15 13:16:00,263.35,249.7,2025-04-15 14:30:00,TIME,-14.15,-3223.75,False,ARMED(conf=0.81),NIFTY
2025-04-15,MACD_DIVERGENCE,PE,NORMAL,0.818,2,2025-04-15 14:16:00,267.9,249.7,2025-04-15 14:30:00,TIME,-18.7,-2845.0,False,ARMED(conf=0.82),NIFTY
2025-04-16,MACD_DIVERGENCE,CE,TRENDING_BULL,0.832,2,2025-04-16 13:01:00,280.0,304.57579999999996,2025-04-16 14:16:00,TSL,24.08,3571.37,True,ARMED(conf=0.83),NIFTY
2025-04-16,VWAP_BOUNCE,PE,TRENDING_BULL,0.83,2,2025-04-16 13:16:00,249.0,256.85,2025-04-16 14:14:00,SPOT_SL,7.35,1062.5,True,ARMED(conf=0.83),NIFTY
2025-04-16,EMA_CROSSOVER,PE,TRENDING_BULL,0.83,2,2025-04-16 13:16:00,249.0,256.85,2025-04-16 14:14:00,SPOT_SL,7.35,1062.5,True,ARMED(conf=0.83),NIFTY
2025-04-16,MOMENTUM_BURST,CE,TRENDING_BULL,0.826,1,2025-04-16 14:01:00,303.0,299.95,2025-04-16 14:30:00,TIME,-3.55,-306.25,False,ARMED(conf=0.83),NIFTY
2025-04-21,OPTIONS_GREEKS,PE,TRENDING_BULL,0.829,3,2025-04-21 13:16:00,204.0,223.5,2025-04-21 14:30:00,TIME,19.0,4235.0,True,ARMED(conf=0.83),NIFTY
2025-04-21,OPTIONS_GREEKS,PE,TRENDING_BULL,0.837,3,2025-04-21 13:31:00,212.7,223.5,2025-04-21 14:30:00,TIME,10.3,2277.5,True,ARMED(conf=0.84),NIFTY
2025-04-22,MACD_DIVERGENCE,CE,RANGE_BOUND,0.836,2,2025-04-22 13:01:00,213.0,235.01632,2025-04-22 13:09:00,TSL,21.52,3187.45,True,ARMED(conf=0.84),NIFTY
2025-04-22,SCALPING,CE,RANGE_BOUND,0.839,3,2025-04-22 13:16:00,214.2,218.8032,2025-04-22 13:23:00,TSL,4.1,883.22,True,ARMED(conf=0.84),NIFTY
2025-04-22,MACD_DIVERGENCE,PE,RANGE_BOUND,0.837,3,2025-04-22 13:31:00,194.25,199.09120000000001,2025-04-22 13:50:00,TSL,4.34,936.77,True,ARMED(conf=0.84),NIFTY
2025-04-23,MACD_DIVERGENCE,PE,TRENDING_BULL,0.838,3,2025-04-23 13:01:00,184.9,180.3,2025-04-23 14:30:00,TIME,-5.1,-1187.5,False,ARMED(conf=0.84),NIFTY
2025-04-23,VWAP_BOUNCE,CE,TRENDING_BULL,0.828,2,2025-04-23 13:46:00,231.05,222.9,2025-04-23 14:30:00,TIME,-8.65,-1337.5,False,ARMED(conf=0.83),NIFTY
2025-04-23,ATR_BREAK,CE,TRENDING_BULL,0.828,2,2025-04-23 13:46:00,231.05,222.9,2025-04-23 14:30:00,TIME,-8.65,-1337.5,False,ARMED(conf=0.83),NIFTY
2025-04-28,OPTIONS_GREEKS,PE,TRENDING_BULL,0.826,7,2025-04-28 13:01:00,100.55,106.596,2025-04-28 13:10:00,TSL,5.55,2871.65,True,ARMED(conf=0.83),NIFTY
2025-04-28,MACD_DIVERGENCE,PE,TRENDING_BULL,0.831,6,2025-04-28 13:46:00,100.1,110.0406,2025-04-28 13:56:00,TSL,9.44,4208.27,True,ARMED(conf=0.83),NIFTY
2025-04-28,OPTIONS_GREEKS,PE,TRENDING_BULL,0.839,7,2025-04-28 14:16:00,104.65,101.5,2025-04-28 14:30:00,TIME,-3.65,-1956.25,False,ARMED(conf=0.84),NIFTY
2025-04-29,MACD_DIVERGENCE,PE,NORMAL,0.817,8,2025-04-29 13:01:00,71.35,85.3512,2025-04-29 13:26:00,TSL,13.5,8060.72,True,ARMED(conf=0.82),NIFTY
2025-04-29,MACD_DIVERGENCE,PE,NORMAL,0.839,9,2025-04-29 13:31:00,61.25,63.44,2025-04-29 13:41:00,TSL,1.69,1100.75,True,ARMED(conf=0.84),NIFTY
2025-05-02,BEAR_TREND_FOLLOWER,PE,TRENDING_BEAR,0.874,2,2025-05-02 12:46:00,410.35,384.55,2025-05-02 13:31:00,SPOT_SL,-26.3,-3985.0,False,ARMED(conf=0.87),NIFTY
2026-01-02,RSI_REVERSAL,PE,NORMAL,0.806,3,2026-01-02 12:46:00,171.0,172.55,2026-01-02 13:00:00,TIME,1.05,196.25,True,ARMED(conf=0.81),NIFTY
2026-01-02,MACD_DIVERGENCE,CE,NORMAL,0.804,1,2026-01-02 13:01:00,306.95,308.65,2026-01-02 14:30:00,TIME,1.2,50.0,True,ARMED(conf=0.80),NIFTY
2026-01-02,OPTIONS_GREEKS,PE,NORMAL,0.811,4,2026-01-02 13:46:00,171.15,170.95,2026-01-02 14:30:00,TIME,-0.7,-250.0,False,ARMED(conf=0.81),NIFTY
2026-01-05,AI_ENHANCED,CE,NORMAL,0.838,2,2026-01-05 12:01:00,319.0,300.4,2026-01-05 14:03:00,SPOT_SL,-19.1,-2905.0,False,ARMED(conf=0.84),NIFTY
2026-01-05,MACD_DIVERGENCE,CE,NORMAL,0.838,2,2026-01-05 12:46:00,286.65,307.39119999999997,2026-01-05 13:10:00,TSL,20.24,2996.18,True,ARMED(conf=0.84),NIFTY
2026-01-05,ATR_BREAK,PE,NORMAL,0.83,3,2026-01-05 13:01:00,182.7,190.39,2026-01-05 14:06:00,TSL,7.19,1577.75,True,ARMED(conf=0.83),NIFTY
2026-01-05,ULTIMATE_DAY_HIGH_LOW,PE,NORMAL,0.826,4,2026-01-05 13:16:00,175.5,179.184,2026-01-05 14:03:00,TSL,3.18,915.2,True,ARMED(conf=0.83),NIFTY
2026-01-05,LONG_UNWIND,PE,NORMAL,0.797,4,2026-01-05 14:16:00,190.3,186.2,2026-01-05 14:30:00,TIME,-4.6,-1420.0,False,ARMED(conf=0.80),NIFTY
2026-01-06,LONG_UNWIND,PE,NORMAL,0.837,4,2026-01-06 13:01:00,168.55,162.05,2026-01-06 14:30:00,TIME,-7.0,-2140.0,False,ARMED(conf=0.84),NIFTY
2026-01-06,VWAP_BOUNCE,PE,NORMAL,0.837,3,2026-01-06 13:01:00,168.55,162.05,2026-01-06 14:30:00,TIME,-7.0,-1615.0,False,ARMED(conf=0.84),NIFTY
2026-01-06,MACD_DIVERGENCE,PE,NORMAL,0.837,3,2026-01-06 13:01:00,168.55,162.05,2026-01-06 14:30:00,TIME,-7.0,-1615.0,False,ARMED(conf=0.84),NIFTY
2026-01-07,DAY_LOW_BULLISH,CE,RANGE_BOUND,0.894,4,2026-01-07 12:46:00,267.5,271.1,2026-01-07 13:00:00,TIME,3.1,890.0,True,ARMED(conf=0.89),NIFTY
2026-01-07,OPTIONS_GREEKS,CE,RANGE_BOUND,0.832,2,2026-01-07 12:46:00,267.5,274.256,2026-01-07 13:14:00,TSL,6.26,898.4,True,ARMED(conf=0.83),NIFTY
2026-01-07,MOMENTUM_BURST,PE,RANGE_BOUND,0.827,3,2026-01-07 13:16:00,157.2,161.63840000000002,2026-01-07 13:25:00,TSL,3.94,846.14,True,ARMED(conf=0.83),NIFTY
2026-01-07,VWAP_BOUNCE,PE,RANGE_BOUND,0.827,3,2026-01-07 13:16:00,157.2,162.032,2026-01-07 13:25:00,TSL,4.33,934.7,True,ARMED(conf=0.83),NIFTY
2026-01-07,ATR_BREAK,PE,RANGE_BOUND,0.827,3,2026-01-07 13:16:00,157.2,160.4576,2026-01-07 13:25:00,TSL,2.76,580.46,True,ARMED(conf=0.83),NIFTY
2026-01-07,MACD_DIVERGENCE,PE,RANGE_BOUND,0.827,3,2026-01-07 13:16:00,157.2,161.63840000000002,2026-01-07 13:25:00,TSL,3.94,846.14,True,ARMED(conf=0.83),NIFTY
2026-01-09,RSI_REVERSAL,CE,TRENDING_BEAR,0.818,2,2026-01-09 12:46:00,265.0,282.755,2026-01-09 12:49:00,TSL,17.25,2548.25,True,ARMED(conf=0.82),NIFTY
2026-01-13,MACD_DIVERGENCE,CE,TRENDING_BEAR,0.825,2,2026-01-13 13:16:00,245.5,250.65,2026-01-13 14:30:00,TIME,4.65,657.5,True,ARMED(conf=0.82),NIFTY
2026-01-13,MOMENTUM_BURST,PE,TRENDING_BEAR,0.823,3,2026-01-13 14:16:00,185.3,166.2,2026-01-13 14:30:00,TIME,-19.6,-4450.0,False,ARMED(conf=0.82),NIFTY
2026-01-13,ATR_BREAK,PE,TRENDING_BEAR,0.823,3,2026-01-13 14:16:00,185.3,166.2,2026-01-13 14:30:00,TIME,-19.6,-4450.0,False,ARMED(conf=0.82),NIFTY
2026-01-14,ATR_BREAK,PE,RANGE_BOUND,0.832,3,2026-01-14 13:16:00,152.25,154.5872,2026-01-14 13:17:00,TSL,1.84,373.37,True,ARMED(conf=0.83),NIFTY
2026-01-14,LONG_UNWIND,PE,RANGE_BOUND,0.824,5,2026-01-14 13:31:00,147.9,152.9392,2026-01-14 13:33:00,TSL,4.54,1662.2,True,ARMED(conf=0.82),NIFTY
2026-01-14,MOMENTUM_BURST,PE,RANGE_BOUND,0.824,4,2026-01-14 13:31:00,147.9,153.70432,2026-01-14 13:32:00,TSL,5.3,1551.3,True,ARMED(conf=0.82),NIFTY
2026-01-14,EMA_CROSSOVER,PE,RANGE_BOUND,0.824,4,2026-01-14 13:31:00,147.9,153.1429,2026-01-14 13:32:00,TSL,4.74,1382.87,True,ARMED(conf=0.82),NIFTY
2026-01-14,LONG_UNWIND,PE,RANGE_BOUND,0.822,5,2026-01-14 13:46:00,157.5,162.26,2026-01-14 13:53:00,TSL,4.26,1557.5,True,ARMED(conf=0.82),NIFTY
2026-01-14,LONG_UNWIND,PE,RANGE_BOUND,0.83,5,2026-01-14 14:01:00,160.55,163.0896,2026-01-14 14:04:00,TSL,2.04,724.85,True,ARMED(conf=0.83),NIFTY
2026-01-14,MACD_DIVERGENCE,CE,RANGE_BOUND,0.83,2,2026-01-14 14:01:00,213.85,218.95104,2026-01-14 14:14:00,TSL,4.6,650.16,True,ARMED(conf=0.83),NIFTY
2026-01-14,LONG_UNWIND,PE,RANGE_BOUND,0.826,5,2026-01-14 14:16:00,155.25,157.136,2026-01-14 14:19:00,TSL,1.39,479.75,True,ARMED(conf=0.83),NIFTY
2026-01-14,MOMENTUM_BURST,PE,RANGE_BOUND,0.826,3,2026-01-14 14:16:00,155.25,158.6816,2026-01-14 14:19:00,TSL,2.93,619.61,True,ARMED(conf=0.83),NIFTY
2026-01-14,BOLLINGER_SQUEEZE,PE,RANGE_BOUND,0.826,3,2026-01-14 14:16:00,155.25,158.6816,2026-01-14 14:19:00,TSL,2.93,619.61,True,ARMED(conf=0.83),NIFTY
2026-01-16,LONG_UNWIND,PE,RANGE_BOUND,0.829,5,2026-01-16 13:01:00,145.45,148.4008,2026-01-16 13:02:00,TSL,2.45,879.05,True,ARMED(conf=0.83),NIFTY
2026-01-16,LONG_UNWIND,PE,RANGE_BOUND,0.828,6,2026-01-16 13:16:00,131.8,133.3704,2026-01-16 13:18:00,TSL,1.07,441.68,True,ARMED(conf=0.83),NIFTY
2026-01-16,ATR_BREAK,PE,RANGE_BOUND,0.828,4,2026-01-16 13:16:00,131.8,133.69836,2026-01-16 13:18:00,TSL,1.4,379.51,True,ARMED(conf=0.83),NIFTY
2026-01-16,LONG_UNWIND,PE,RANGE_BOUND,0.827,5,2026-01-16 13:31:00,144.35,147.2296,2026-01-16 13:35:00,TSL,2.38,852.35,True,ARMED(conf=0.83),NIFTY
2026-01-16,LONG_UNWIND,PE,RANGE_BOUND,0.825,5,2026-01-16 13:46:00,141.85,143.472,2026-01-16 13:52:00,TSL,1.12,380.75,True,ARMED(conf=0.83),NIFTY
2026-01-16,LONG_UNWIND,PE,RANGE_BOUND,0.827,5,2026-01-16 14:01:00,150.9,154.5984,2026-01-16 14:10:00,TSL,3.2,1159.4,True,ARMED(conf=0.83),NIFTY
2026-01-16,LONG_UNWIND,PE,RANGE_BOUND,0.831,5,2026-01-16 14:16:00,153.0,151.85,2026-01-16 14:30:00,TIME,-1.65,-658.75,False,ARMED(conf=0.83),NIFTY
2026-01-16,MACD_DIVERGENCE,CE,RANGE_BOUND,0.831,3,2026-01-16 14:16:00,196.7,224.61824000000001,2026-01-16 14:17:00,TSL,27.42,6129.1,True,ARMED(conf=0.83),NIFTY
2026-01-19,MACD_DIVERGENCE,CE,RANGE_BOUND,0.833,3,2026-01-19 12:46:00,166.65,192.192,2026-01-19 12:47:00,TSL,25.04,5594.45,True,ARMED(conf=0.83),NIFTY
2026-01-19,LONG_UNWIND,PE,RANGE_BOUND,0.839,5,2026-01-19 13:01:00,143.0,149.3768,2026-01-19 13:11:00,TSL,5.88,2163.8,True,ARMED(conf=0.84),NIFTY
2026-01-19,MACD_DIVERGENCE,PE,RANGE_BOUND,0.839,4,2026-01-19 13:01:00,143.0,150.84608000000003,2026-01-19 13:11:00,TSL,7.35,2163.82,True,ARMED(conf=0.84),NIFTY
2026-01-19,LONG_UNWIND,PE,RANGE_BOUND,0.817,5,2026-01-19 13:16:00,147.15,152.69519999999997,2026-01-19 13:49:00,TSL,5.05,1851.95,True,ARMED(conf=0.82),NIFTY
2026-01-19,ULTIMATE_DAY_HIGH_LOW,CE,RANGE_BOUND,0.826,4,2026-01-19 13:46:00,177.0,179.6328,2026-01-19 13:47:00,TSL,2.13,599.84,True,ARMED(conf=0.83),NIFTY
2026-01-19,OPTIONS_GREEKS,PE,RANGE_BOUND,0.829,5,2026-01-19 14:01:00,133.0,144.7408,2026-01-19 14:05:00,TSL,11.24,4175.3,True,ARMED(conf=0.83),NIFTY
2026-01-20,OPTIONS_GREEKS,CE,TRENDING_BEAR,0.83,4,2026-01-20 13:16:00,178.4,161.0,2026-01-20 14:30:00,TIME,-17.9,-5410.0,False,ARMED(conf=0.83),NIFTY
2026-01-20,MOMENTUM_BURST,PE,TRENDING_BEAR,0.822,4,2026-01-20 13:31:00,126.4,143.92520000000002,2026-01-20 13:36:00,TSL,17.03,5067.56,True,ARMED(conf=0.82),NIFTY
2026-01-20,BOLLINGER_SQUEEZE,PE,TRENDING_BEAR,0.822,4,2026-01-20 13:31:00,126.4,143.92520000000002,2026-01-20 13:36:00,TSL,17.03,5067.56,True,ARMED(conf=0.82),NIFTY
2026-01-20,OPTIONS_GREEKS,CE,TRENDING_BEAR,0.833,4,2026-01-20 14:16:00,179.55,161.0,2026-01-20 14:30:00,TIME,-19.05,-5755.0,False,ARMED(conf=0.83),NIFTY
2026-01-21,ATR_BREAK,CE,TRENDING_BEAR,0.823,3,2026-01-21 12:46:00,192.4,210.7215,2026-01-21 13:10:00,TSL,17.82,3969.84,True,ARMED(conf=0.82),NIFTY
2026-01-21,OPTIONS_GREEKS,PE,TRENDING_BEAR,0.83,5,2026-01-21 13:01:00,152.6,170.14,2026-01-21 14:17:00,TSL,17.04,6350.0,True,ARMED(conf=0.83),NIFTY
2026-01-22,GAMMA_BLAST,PE,NORMAL,0.831,6,2026-01-22 14:01:00,123.15,119.6,2026-01-22 14:02:00,TIME,-4.05,-1862.5,False,ARMED(conf=0.83),NIFTY
2026-01-23,BEAR_TREND_FOLLOWER,PE,TRENDING_BEAR,0.881,14,2026-01-23 12:46:00,82.25,94.0,2026-01-23 12:54:00,TSL,11.25,11772.5,True,ARMED(conf=0.88),NIFTY
2026-01-23,MACD_DIVERGENCE,PE,TRENDING_BEAR,0.828,7,2026-01-23 12:46:00,82.25,96.39999999999999,2026-01-23 12:54:00,TSL,13.65,7126.25,True,ARMED(conf=0.83),NIFTY
2026-01-27,MACD_DIVERGENCE,CE,TRENDING_BULL,0.838,9,2026-01-27 12:46:00,60.8,81.98819999999999,2026-01-27 12:48:00,TSL,20.69,13924.53,True,ARMED(conf=0.84),NIFTY
2026-01-27,ATR_BREAK,CE,TRENDING_BULL,0.833,10,2026-01-27 13:16:00,58.05,70.4297,2026-01-27 13:22:00,TSL,11.88,8869.77,True,ARMED(conf=0.83),NIFTY
2026-01-28,MACD_DIVERGENCE,PE,RANGE_BOUND,0.829,1,2026-01-28 13:16:00,310.55,318.3488,2026-01-28 13:22:00,TSL,7.3,507.41,True,ARMED(conf=0.83),NIFTY
2026-01-28,OPTIONS_GREEKS,CE,RANGE_BOUND,0.832,1,2026-01-28 13:46:00,434.3,427.7,2026-01-28 14:30:00,TIME,-7.1,-572.5,False,ARMED(conf=0.83),NIFTY
2026-01-30,ULTIMATE_DAY_HIGH_LOW,CE,NORMAL,0.814,1,2026-01-30 12:16:00,402.8,390.8,2026-01-30 14:30:00,TIME,-12.5,-977.5,False,ARMED(conf=0.81),NIFTY
2026-01-30,EMA_CROSSOVER,CE,NORMAL,0.835,1,2026-01-30 13:31:00,401.85,390.8,2026-01-30 14:30:00,TIME,-11.55,-906.25,False,ARMED(conf=0.83),NIFTY
2026-01-30,MACD_DIVERGENCE,PE,NORMAL,0.833,1,2026-01-30 14:16:00,307.95,314.55,2026-01-30 14:30:00,TIME,6.1,417.5,True,ARMED(conf=0.83),NIFTY
2026-02-02,AI_ENHANCED,CE,TRENDING_BULL,0.829,1,2026-02-02 12:01:00,405.0,391.7,2026-02-02 14:30:00,TIME,-13.8,-1075.0,False,ARMED(conf=0.83),NIFTY
2026-02-02,MACD_DIVERGENCE,CE,TRENDING_BULL,0.83,1,2026-02-02 13:31:00,369.35,391.7,2026-02-02 14:30:00,TIME,21.85,1598.75,True,ARMED(conf=0.83),NIFTY
2026-02-03,AI_ENHANCED,CE,NORMAL,0.82,2,2026-02-03 12:31:00,354.2,370.99199999999996,2026-02-03 12:37:00,TSL,16.29,2403.8,True,ARMED(conf=0.82),NIFTY
2026-02-03,LONG_UNWIND,PE,NORMAL,0.814,2,2026-02-03 13:16:00,269.9,261.25,2026-02-03 14:30:00,TIME,-9.15,-1412.5,False,ARMED(conf=0.81),NIFTY
2026-02-03,MACD_DIVERGENCE,PE,NORMAL,0.814,2,2026-02-03 13:16:00,269.9,261.25,2026-02-03 14:30:00,TIME,-9.15,-1412.5,False,ARMED(conf=0.81),NIFTY
2026-02-03,AI_ENHANCED,CE,NORMAL,0.818,2,2026-02-03 13:31:00,360.0,333.1,2026-02-03 14:30:00,TIME,-27.4,-4150.0,False,ARMED(conf=0.82),NIFTY
2026-02-04,VWAP_BOUNCE,CE,NORMAL,0.831,1,2026-02-04 13:46:00,318.15,311.45,2026-02-04 14:30:00,TIME,-7.2,-580.0,False,ARMED(conf=0.83),NIFTY
2026-02-04,MOMENTUM_BURST,CE,NORMAL,0.828,1,2026-02-04 14:01:00,318.85,311.45,2026-02-04 14:30:00,TIME,-7.9,-632.5,False,ARMED(conf=0.83),NIFTY
2026-02-04,VOLUME_CLIMAX,PE,NORMAL,0.807,2,2026-02-04 14:16:00,224.1,221.25,2026-02-04 14:17:00,TIME,-3.35,-542.5,False,ARMED(conf=0.81),NIFTY
2026-02-06,ULTIMATE_DAY_HIGH_LOW,CE,NORMAL,0.83,2,2026-02-06 11:16:00,282.9,272.55,2026-02-06 14:30:00,TIME,-10.85,-1667.5,False,ARMED(conf=0.83),NIFTY
2026-02-06,VWAP_BOUNCE,CE,NORMAL,0.837,2,2026-02-06 13:31:00,282.2,272.55,2026-02-06 14:30:00,TIME,-10.15,-1562.5,False,ARMED(conf=0.84),NIFTY
2026-02-06,MACD_DIVERGENCE,PE,NORMAL,0.832,3,2026-02-06 14:16:00,199.0,213.93919999999997,2026-02-06 14:22:00,TSL,14.44,3208.82,True,ARMED(conf=0.83),NIFTY
2026-02-09,VWAP_BOUNCE,CE,RANGE_BOUND,0.819,2,2026-02-09 12:46:00,248.05,270.218,2026-02-09 12:53:00,TSL,21.67,3210.2,True,ARMED(conf=0.82),NIFTY
2026-02-09,MACD_DIVERGENCE,CE,RANGE_BOUND,0.819,2,2026-02-09 12:46:00,248.05,269.5616,2026-02-09 12:53:00,TSL,21.01,3111.74,True,ARMED(conf=0.82),NIFTY
2026-02-09,MACD_DIVERGENCE,PE,RANGE_BOUND,0.839,3,2026-02-09 13:16:00,189.05,187.5,2026-02-09 14:30:00,TIME,-2.05,-501.25,False,ARMED(conf=0.84),NIFTY
2026-02-10,SCALPING,CE,RANGE_BOUND,0.825,3,2026-02-10 12:46:00,244.65,251.328,2026-02-10 13:00:00,TSL,6.18,1350.05,True,ARMED(conf=0.83),NIFTY
2026-02-10,MOMENTUM_BURST,CE,RANGE_BOUND,0.825,2,2026-02-10 12:46:00,244.65,251.328,2026-02-10 13:00:00,TSL,6.18,886.7,True,ARMED(conf=0.83),NIFTY
2026-02-10,VOLUME_CLIMAX,PE,RANGE_BOUND,0.825,3,2026-02-10 12:46:00,173.2,191.12859999999998,2026-02-10 12:48:00,TSL,17.43,3881.43,True,ARMED(conf=0.83),NIFTY
2026-02-10,ULTIMATE_DAY_HIGH_LOW,PE,RANGE_BOUND,0.828,4,2026-02-10 13:31:00,170.85,184.5128,2026-02-10 13:40:00,TSL,13.16,3908.84,True,ARMED(conf=0.83),NIFTY
2026-02-10,EMA_CROSSOVER,PE,RANGE_BOUND,0.828,3,2026-02-10 13:31:00,170.85,185.6471,2026-02-10 13:40:00,TSL,14.3,3176.85,True,ARMED(conf=0.83),NIFTY
2026-02-11,OPTIONS_GREEKS,CE,RANGE_BOUND,0.833,3,2026-02-11 12:46:00,220.55,224.0896,2026-02-11 12:53:00,TSL,3.04,643.91,True,ARMED(conf=0.83),NIFTY
2026-02-11,MACD_DIVERGENCE,PE,RANGE_BOUND,0.836,3,2026-02-11 13:46:00,156.8,162.42688,2026-02-11 13:50:00,TSL,5.13,1113.55,True,ARMED(conf=0.84),NIFTY
2026-02-11,MACD_DIVERGENCE,CE,RANGE_BOUND,0.836,3,2026-02-11 14:01:00,199.2,206.18752,2026-02-11 14:10:00,TSL,6.49,1419.69,True,ARMED(conf=0.84),NIFTY
2026-02-12,GAMMA_BLAST,PE,NORMAL,0.837,5,2026-02-12 13:01:00,150.0,154.944,2026-02-12 13:18:00,TSL,4.44,1626.5,True,ARMED(conf=0.84),NIFTY
2026-02-12,GAMMA_BLAST,PE,NORMAL,0.831,5,2026-02-12 13:46:00,148.95,150.05,2026-02-12 13:47:00,TIME,0.6,185.0,True,ARMED(conf=0.83),NIFTY
2026-02-13,AI_ENHANCED,CE,NORMAL,0.83,3,2026-02-13 12:16:00,217.95,224.832,2026-02-13 13:48:00,TSL,6.38,1395.95,True,ARMED(conf=0.83),NIFTY
2026-02-13,AI_ENHANCED,CE,NORMAL,0.831,4,2026-02-13 12:31:00,196.6,200.49599999999998,2026-02-13 12:36:00,TSL,3.4,978.8,True,ARMED(conf=0.83),NIFTY
2026-02-13,LONG_UNWIND,PE,NORMAL,0.835,4,2026-02-13 13:16:00,145.75,164.304,2026-02-13 13:20:00,TSL,18.05,5376.2,True,ARMED(conf=0.84),NIFTY
2026-02-13,LONG_UNWIND,PE,NORMAL,0.834,5,2026-02-13 13:31:00,153.45,157.44,2026-02-13 13:47:00,TSL,3.49,1268.75,True,ARMED(conf=0.83),NIFTY
2026-02-13,TREND_FOLLOWING,PE,NORMAL,0.852,3,2026-02-13 13:46:00,159.4,172.28400000000002,2026-02-13 13:57:00,TSL,12.38,2746.4,True,ARMED(conf=0.85),NIFTY
2026-02-13,LONG_UNWIND,PE,NORMAL,0.834,5,2026-02-13 14:01:00,153.7,171.456,2026-02-13 14:02:00,TSL,17.26,6431.0,True,ARMED(conf=0.83),NIFTY
2026-02-13,LONG_UNWIND,PE,NORMAL,0.833,4,2026-02-13 14:16:00,170.05,171.0,2026-02-13 14:30:00,TIME,0.45,95.0,True,ARMED(conf=0.83),NIFTY
2026-02-16,OPTIONS_GREEKS,PE,TRENDING_BULL,0.832,4,2026-02-16 12:46:00,151.15,164.265,2026-02-16 13:04:00,TSL,12.61,3744.5,True,ARMED(conf=0.83),NIFTY
2026-02-16,MACD_DIVERGENCE,CE,TRENDING_BULL,0.829,2,2026-02-16 13:01:00,178.95,204.4162,2026-02-16 13:09:00,TSL,24.97,3704.93,True,ARMED(conf=0.83),NIFTY
2026-02-16,OPTIONS_GREEKS,PE,TRENDING_BULL,0.836,4,2026-02-16 13:46:00,162.6,151.45,2026-02-16 14:30:00,TIME,-11.65,-3535.0,False,ARMED(conf=0.84),NIFTY
2026-02-16,MACD_DIVERGENCE,PE,TRENDING_BULL,0.836,3,2026-02-16 13:46:00,162.6,151.45,2026-02-16 14:30:00,TIME,-11.65,-2661.25,False,ARMED(conf=0.84),NIFTY
2026-02-16,MOMENTUM_BURST,CE,TRENDING_BULL,0.825,3,2026-02-16 14:16:00,185.3,200.36739999999998,2026-02-16 14:28:00,TSL,14.57,3237.66,True,ARMED(conf=0.83),NIFTY
2026-02-17,OPTIONS_GREEKS,PE,NORMAL,0.827,5,2026-02-17 12:46:00,156.5,156.0,2026-02-17 14:30:00,TIME,-1.0,-415.0,False,ARMED(conf=0.83),NIFTY
2026-02-17,MOMENTUM_BURST,CE,NORMAL,0.806,3,2026-02-17 13:01:00,158.05,182.6584,2026-02-17 13:04:00,TSL,24.11,5384.39,True,ARMED(conf=0.81),NIFTY
2026-02-17,MACD_DIVERGENCE,CE,NORMAL,0.806,3,2026-02-17 13:01:00,158.05,182.6584,2026-02-17 13:04:00,TSL,24.11,5384.39,True,ARMED(conf=0.81),NIFTY
2026-02-18,OPTIONS_GREEKS,PE,NORMAL,0.828,6,2026-02-18 13:01:00,124.1,128.976,2026-02-18 13:04:00,TSL,4.38,1929.2,True,ARMED(conf=0.83),NIFTY
2026-02-18,MACD_DIVERGENCE,PE,NORMAL,0.831,4,2026-02-18 13:16:00,122.85,127.368,2026-02-18 13:29:00,TSL,4.02,1165.4,True,ARMED(conf=0.83),NIFTY
2026-02-18,SCALPING,CE,NORMAL,0.823,6,2026-02-18 14:01:00,151.15,157.136,2026-02-18 14:19:00,TSL,5.49,2428.7,True,ARMED(conf=0.82),NIFTY
2026-02-18,VWAP_BOUNCE,CE,NORMAL,0.823,4,2026-02-18 14:01:00,151.15,157.78,2026-02-18 14:19:00,TSL,6.13,1799.0,True,ARMED(conf=0.82),NIFTY
2026-02-20,OPTIONS_GREEKS,PE,TRENDING_BULL,0.835,6,2026-02-20 12:46:00,115.75,124.87899999999999,2026-02-20 12:58:00,TSL,8.63,3843.05,True,ARMED(conf=0.83),NIFTY
2026-02-20,MOMENTUM_BURST,CE,TRENDING_BULL,0.834,4,2026-02-20 14:01:00,138.9,134.55,2026-02-20 14:30:00,TIME,-4.85,-1495.0,False,ARMED(conf=0.83),NIFTY
2026-02-20,VWAP_BOUNCE,CE,TRENDING_BULL,0.834,4,2026-02-20 14:01:00,138.9,150.059,2026-02-20 14:22:00,TSL,10.66,3157.7,True,ARMED(conf=0.83),NIFTY
2026-02-20,OPTIONS_GREEKS,PE,TRENDING_BULL,0.837,6,2026-02-20 14:16:00,116.8,127.276,2026-02-20 14:20:00,TSL,9.98,4449.2,True,ARMED(conf=0.84),NIFTY
2026-02-23,MOMENTUM_BURST,PE,NORMAL,0.831,6,2026-02-23 12:46:00,98.45,103.944,2026-02-23 13:00:00,TSL,4.99,2207.3,True,ARMED(conf=0.83),NIFTY
2026-02-23,ATR_BREAK,PE,NORMAL,0.831,6,2026-02-23 12:46:00,98.45,102.666,2026-02-23 13:00:00,TSL,3.72,1632.2,True,ARMED(conf=0.83),NIFTY
2026-02-23,MACD_DIVERGENCE,PE,NORMAL,0.831,6,2026-02-23 12:46:00,98.45,103.944,2026-02-23 13:00:00,TSL,4.99,2207.3,True,ARMED(conf=0.83),NIFTY
2026-02-23,MACD_DIVERGENCE,CE,NORMAL,0.839,7,2026-02-23 13:16:00,81.3,87.7424,2026-02-23 13:17:00,TSL,5.94,3079.76,True,ARMED(conf=0.84),NIFTY
2026-02-23,TREND_FOLLOWING,PE,NORMAL,0.855,5,2026-02-23 13:31:00,83.15,88.886,2026-02-23 13:32:00,TSL,5.24,1923.5,True,ARMED(conf=0.85),NIFTY
2026-02-23,TREND_FOLLOWING,PE,NORMAL,0.842,7,2026-02-23 13:46:00,81.2,85.40700000000001,2026-02-23 13:47:00,TSL,3.71,1906.18,True,ARMED(conf=0.84),NIFTY
2026-02-23,MACD_DIVERGENCE,PE,NORMAL,0.833,7,2026-02-23 13:46:00,81.2,85.0584,2026-02-23 13:47:00,TSL,3.36,1723.16,True,ARMED(conf=0.83),NIFTY
2026-02-23,TREND_FOLLOWING,PE,NORMAL,0.835,6,2026-02-23 14:01:00,94.2,103.78200000000001,2026-02-23 14:02:00,TSL,9.08,4046.9,True,ARMED(conf=0.84),NIFTY
2026-02-23,MACD_DIVERGENCE,CE,NORMAL,0.837,7,2026-02-23 14:16:00,106.5,79.875,2026-02-23 14:17:00,SL,-27.12,-14280.62,False,ARMED(conf=0.84),NIFTY
2026-02-25,ULTIMATE_DAY_HIGH_LOW,CE,NORMAL,0.84,1,2026-02-25 10:01:00,440.0,436.25,2026-02-25 12:36:00,SPOT_SL,-4.25,-358.75,False,ARMED(conf=0.84),NIFTY
2026-02-25,MOMENTUM_BURST,PE,NORMAL,0.818,2,2026-02-25 12:46:00,297.8,291.5,2026-02-25 14:30:00,TIME,-6.8,-1060.0,False,ARMED(conf=0.82),NIFTY
2026-02-25,BOLLINGER_SQUEEZE,PE,NORMAL,0.818,2,2026-02-25 12:46:00,297.8,291.5,2026-02-25 14:30:00,TIME,-6.8,-1060.0,False,ARMED(conf=0.82),NIFTY
2026-02-25,ATR_BREAK,PE,NORMAL,0.818,2,2026-02-25 12:46:00,297.8,291.5,2026-02-25 14:30:00,TIME,-6.8,-1060.0,False,ARMED(conf=0.82),NIFTY
2026-02-27,BEAR_TREND_FOLLOWER,PE,TRENDING_BEAR,0.885,3,2026-02-27 12:46:00,302.7,289.95,2026-02-27 14:30:00,TIME,-13.25,-3021.25,False,ARMED(conf=0.88),NIFTY
2026-02-27,ATR_BREAK,CE,TRENDING_BEAR,0.83,1,2026-02-27 13:46:00,426.5,419.25,2026-02-27 14:30:00,TIME,-7.75,-621.25,False,ARMED(conf=0.83),NIFTY
2026-02-27,VWAP_BOUNCE,PE,TRENDING_BEAR,0.836,2,2026-02-27 14:16:00,279.1,289.95,2026-02-27 14:30:00,TIME,10.35,1512.5,True,ARMED(conf=0.84),NIFTY
2026-03-02,MOMENTUM_BURST,PE,TRENDING_BEAR,0.822,1,2026-03-02 13:16:00,361.6,394.517,2026-03-02 14:03:00,TSL,32.42,2391.27,True,ARMED(conf=0.82),NIFTY
2026-03-02,ATR_BREAK,PE,TRENDING_BEAR,0.822,1,2026-03-02 13:16:00,361.6,387.15049999999997,2026-03-02 14:03:00,TSL,25.05,1838.79,True,ARMED(conf=0.82),NIFTY
2026-03-02,TREND_FOLLOWING,PE,TRENDING_BEAR,0.848,1,2026-03-02 14:16:00,382.75,380.4,2026-03-02 14:30:00,TIME,-2.85,-253.75,False,ARMED(conf=0.85),NIFTY
2026-03-04,OPTIONS_GREEKS,PE,TRENDING_BULL,0.809,1,2026-03-04 13:16:00,441.0,445.55,2026-03-04 14:13:00,SPOT_SL,4.05,263.75,True,ARMED(conf=0.81),NIFTY
2026-03-04,OPTIONS_GREEKS,PE,TRENDING_BULL,0.815,1,2026-03-04 13:46:00,448.55,445.55,2026-03-04 14:13:00,SPOT_SL,-3.5,-302.5,False,ARMED(conf=0.81),NIFTY
2026-03-06,TREND_FOLLOWING,PE,TRENDING_BEAR,0.87,1,2026-03-06 13:01:00,394.8,425.054,2026-03-06 14:01:00,TSL,29.75,2191.55,True,ARMED(conf=0.87),NIFTY
2026-03-06,MACD_DIVERGENCE,PE,TRENDING_BEAR,0.835,1,2026-03-06 13:01:00,394.8,406.45,2026-03-06 14:30:00,TIME,11.15,796.25,True,ARMED(conf=0.83),NIFTY
2026-03-06,MOMENTUM_BURST,PE,TRENDING_BEAR,0.834,1,2026-03-06 13:31:00,400.0,406.45,2026-03-06 14:30:00,TIME,5.95,406.25,True,ARMED(conf=0.83),NIFTY
2026-03-06,MACD_DIVERGENCE,PE,TRENDING_BEAR,0.834,1,2026-03-06 13:31:00,400.0,406.45,2026-03-06 14:30:00,TIME,5.95,406.25,True,ARMED(conf=0.83),NIFTY
2026-03-10,ULTIMATE_DAY_HIGH_LOW,CE,NORMAL,0.84,1,2026-03-10 10:16:00,512.5,486.9,2026-03-10 14:30:00,TIME,-26.1,-1997.5,False,ARMED(conf=0.84),NIFTY
2026-03-10,ATR_BREAK,CE,NORMAL,0.826,1,2026-03-10 14:01:00,512.55,486.9,2026-03-10 14:30:00,TIME,-26.15,-2001.25,False,ARMED(conf=0.83),NIFTY
2026-03-10,MACD_DIVERGENCE,PE,NORMAL,0.837,1,2026-03-10 14:16:00,378.0,391.5,2026-03-10 14:30:00,TIME,13.0,935.0,True,ARMED(conf=0.84),NIFTY
2026-03-18,MOMENTUM_BURST,CE,TRENDING_BULL,0.826,1,2026-03-18 13:16:00,325.25,300.95,2026-03-18 14:30:00,TIME,-24.8,-1900.0,False,ARMED(conf=0.83),NIFTY
2026-03-18,ATR_BREAK,CE,TRENDING_BULL,0.826,1,2026-03-18 13:16:00,325.25,300.95,2026-03-18 14:30:00,TIME,-24.8,-1900.0,False,ARMED(conf=0.83),NIFTY
2026-03-18,MACD_DIVERGENCE,PE,TRENDING_BULL,0.828,1,2026-03-18 13:46:00,305.0,303.3,2026-03-18 14:30:00,TIME,-2.2,-205.0,False,ARMED(conf=0.83),NIFTY
2026-03-18,OPTIONS_GREEKS,PE,TRENDING_BULL,0.834,2,2026-03-18 14:01:00,305.0,303.3,2026-03-18 14:30:00,TIME,-2.2,-370.0,False,ARMED(conf=0.83),NIFTY
2026-03-18,MACD_DIVERGENCE,PE,TRENDING_BULL,0.834,1,2026-03-18 14:01:00,305.0,303.3,2026-03-18 14:30:00,TIME,-2.2,-205.0,False,ARMED(conf=0.83),NIFTY
2026-04-08,ATR_BREAK,CE,TRENDING_BULL,0.809,1,2026-04-08 13:16:00,416.1,433.9,2026-04-08 14:30:00,TIME,17.3,1257.5,True,ARMED(conf=0.81),NIFTY
2026-04-08,OPTIONS_GREEKS,PE,TRENDING_BULL,0.816,2,2026-04-08 13:31:00,385.4,384.2,2026-04-08 14:30:00,TIME,-1.7,-295.0,False,ARMED(conf=0.82),NIFTY
2026-04-08,MACD_DIVERGENCE,PE,TRENDING_BULL,0.816,1,2026-04-08 13:31:00,385.4,384.2,2026-04-08 14:30:00,TIME,-1.7,-167.5,False,ARMED(conf=0.82),NIFTY
2026-04-10,MOMENTUM_BURST,CE,TRENDING_BULL,0.822,1,2026-04-10 13:46:00,417.45,390.3,2026-04-10 14:30:00,TIME,-27.65,-2113.75,False,ARMED(conf=0.82),NIFTY
2026-04-10,ATR_BREAK,CE,TRENDING_BULL,0.822,1,2026-04-10 13:46:00,417.45,390.3,2026-04-10 14:30:00,TIME,-27.65,-2113.75,False,ARMED(conf=0.82),NIFTY
2026-04-10,OPTIONS_GREEKS,PE,TRENDING_BULL,0.834,2,2026-04-10 14:01:00,356.5,377.25,2026-04-10 14:30:00,TIME,20.25,2997.5,True,ARMED(conf=0.83),NIFTY
2026-04-10,MACD_DIVERGENCE,PE,TRENDING_BULL,0.834,1,2026-04-10 14:01:00,356.5,377.25,2026-04-10 14:30:00,TIME,20.25,1478.75,True,ARMED(conf=0.83),NIFTY
2026-04-15,VWAP_BOUNCE,CE,RANGE_BOUND,0.818,1,2026-04-15 13:01:00,342.75,349.258,2026-04-15 13:13:00,TSL,6.01,410.6,True,ARMED(conf=0.82),NIFTY
2026-04-15,MACD_DIVERGENCE,CE,RANGE_BOUND,0.818,1,2026-04-15 13:01:00,342.75,351.3664,2026-04-15 13:22:00,TSL,8.12,568.73,True,ARMED(conf=0.82),NIFTY
2026-04-15,VWAP_BOUNCE,PE,RANGE_BOUND,0.815,2,2026-04-15 13:16:00,319.05,306.55,2026-04-15 14:30:00,TIME,-13.0,-1990.0,False,ARMED(conf=0.81),NIFTY
2026-04-15,EMA_CROSSOVER,PE,RANGE_BOUND,0.815,2,2026-04-15 13:16:00,319.05,306.55,2026-04-15 14:30:00,TIME,-13.0,-1990.0,False,ARMED(conf=0.81),NIFTY
2026-04-17,VWAP_BOUNCE,CE,TRENDING_BULL,0.834,1,2026-04-17 13:01:00,306.9,292.3,2026-04-17 14:30:00,TIME,-15.1,-1172.5,False,ARMED(conf=0.83),NIFTY
2026-04-17,MOMENTUM_BURST,CE,TRENDING_BULL,0.829,2,2026-04-17 13:31:00,287.0,292.3,2026-04-17 14:30:00,TIME,4.8,680.0,True,ARMED(conf=0.83),NIFTY
2026-04-17,OPTIONS_GREEKS,PE,TRENDING_BULL,0.828,2,2026-04-17 14:16:00,271.4,270.2,2026-04-17 14:30:00,TIME,-1.7,-295.0,False,ARMED(conf=0.83),NIFTY
2026-04-20,VOLUME_CLIMAX,PE,TRENDING_BULL,0.832,2,2026-04-20 12:46:00,272.55,291.0,2026-04-20 13:08:00,TSL,17.95,2652.5,True,ARMED(conf=0.83),NIFTY
2026-04-21,MOMENTUM_BURST,CE,TRENDING_BULL,0.835,2,2026-04-21 13:01:00,246.1,257.5,2026-04-21 14:30:00,TIME,10.9,1595.0,True,ARMED(conf=0.84),NIFTY
2026-04-21,VWAP_BOUNCE,CE,TRENDING_BULL,0.835,2,2026-04-21 13:01:00,246.1,257.5,2026-04-21 14:30:00,TIME,10.9,1595.0,True,ARMED(conf=0.84),NIFTY
2026-04-21,OPTIONS_GREEKS,PE,TRENDING_BULL,0.84,3,2026-04-21 13:31:00,238.5,229.05,2026-04-21 14:30:00,TIME,-9.95,-2278.75,False,ARMED(conf=0.84),NIFTY
2026-04-22,VWAP_BOUNCE,PE,NORMAL,0.837,2,2026-04-22 13:16:00,234.8,221.45,2026-04-22 14:30:00,TIME,-13.85,-2117.5,False,ARMED(conf=0.84),NIFTY
2026-04-22,EMA_CROSSOVER,PE,NORMAL,0.837,2,2026-04-22 13:16:00,234.8,221.45,2026-04-22 14:30:00,TIME,-13.85,-2117.5,False,ARMED(conf=0.84),NIFTY
2026-04-22,MACD_DIVERGENCE,CE,NORMAL,0.836,2,2026-04-22 13:31:00,217.0,216.0,2026-04-22 14:30:00,TIME,-1.5,-265.0,False,ARMED(conf=0.84),NIFTY
2026-04-22,MACD_DIVERGENCE,PE,NORMAL,0.837,2,2026-04-22 14:01:00,217.0,228.384,2026-04-22 14:03:00,TSL,10.88,1592.6,True,ARMED(conf=0.84),NIFTY
2026-04-24,TREND_FOLLOWING,PE,TRENDING_BEAR,0.82,3,2026-04-24 13:01:00,157.45,165.72449999999998,2026-04-24 13:05:00,TSL,7.77,1709.26,True,ARMED(conf=0.82),NIFTY
2026-04-24,TREND_FOLLOWING,PE,TRENDING_BEAR,0.826,3,2026-04-24 14:01:00,164.95,180.03199999999998,2026-04-24 14:07:00,TSL,14.58,3240.95,True,ARMED(conf=0.83),NIFTY
2026-04-27,SCALPING,CE,NORMAL,0.829,8,2026-04-27 13:01:00,92.75,96.0872,2026-04-27 13:04:00,TSL,2.84,1662.32,True,ARMED(conf=0.83),NIFTY
2026-04-27,MOMENTUM_BURST,CE,NORMAL,0.829,6,2026-04-27 13:01:00,92.75,96.0872,2026-04-27 13:04:00,TSL,2.84,1236.74,True,ARMED(conf=0.83),NIFTY
2026-04-27,OPTIONS_GREEKS,PE,NORMAL,0.827,9,2026-04-27 13:46:00,109.05,81.7875,2026-04-27 13:48:00,SL,-27.76,-18779.69,False,ARMED(conf=0.83),NIFTY
2026-04-29,OPTIONS_GREEKS,PE,TRENDING_BULL,0.83,2,2026-04-29 13:16:00,364.0,396.9,2026-04-29 14:30:00,TIME,32.4,4820.0,True,ARMED(conf=0.83),NIFTY
2026-04-29,OPTIONS_GREEKS,PE,TRENDING_BULL,0.838,2,2026-04-29 13:31:00,367.45,396.9,2026-04-29 14:30:00,TIME,28.95,4302.5,True,ARMED(conf=0.84),NIFTY
2026-05-04,BEAR_TREND_FOLLOWER,PE,TRENDING_BEAR,0.877,3,2026-05-04 12:46:00,375.0,384.65,2026-05-04 14:30:00,TIME,9.15,2018.75,True,ARMED(conf=0.88),NIFTY
2026-05-04,OPTIONS_GREEKS,CE,TRENDING_BEAR,0.833,1,2026-05-04 13:31:00,462.0,455.5,2026-05-04 14:30:00,TIME,-7.0,-565.0,False,ARMED(conf=0.83),NIFTY
2026-05-04,TREND_FOLLOWING,PE,TRENDING_BEAR,0.858,1,2026-05-04 13:46:00,388.0,384.65,2026-05-04 14:30:00,TIME,-3.85,-328.75,False,ARMED(conf=0.86),NIFTY
2026-05-05,EMA_CROSSOVER,CE,NORMAL,0.829,1,2026-05-05 12:46:00,452.0,427.85,2026-05-05 14:30:00,TIME,-24.65,-1888.75,False,ARMED(conf=0.83),NIFTY
2026-05-05,ATR_BREAK,CE,NORMAL,0.829,1,2026-05-05 12:46:00,452.0,427.85,2026-05-05 14:30:00,TIME,-24.65,-1888.75,False,ARMED(conf=0.83),NIFTY
2026-05-06,OPTIONS_GREEKS,CE,TRENDING_BULL,0.827,1,2026-05-06 13:01:00,434.3,448.3,2026-05-06 14:30:00,TIME,13.5,972.5,True,ARMED(conf=0.83),NIFTY
2026-05-06,OPTIONS_GREEKS,CE,TRENDING_BULL,0.839,1,2026-05-06 13:16:00,427.2,448.3,2026-05-06 14:30:00,TIME,20.6,1505.0,True,ARMED(conf=0.84),NIFTY
2026-05-08,ULTIMATE_DAY_HIGH_LOW,CE,RANGE_BOUND,0.835,2,2026-05-08 13:31:00,366.25,381.07919999999996,2026-05-08 13:40:00,TSL,14.33,2109.38,True,ARMED(conf=0.83),NIFTY
2026-05-08,VWAP_BOUNCE,PE,RANGE_BOUND,0.835,1,2026-05-08 13:31:00,327.5,333.9934,2026-05-08 13:59:00,TSL,5.99,409.51,True,ARMED(conf=0.83),NIFTY
2026-05-08,OPTIONS_GREEKS,CE,RANGE_BOUND,0.831,2,2026-05-08 14:01:00,371.85,376.736,2026-05-08 14:15:00,TSL,4.39,617.9,True,ARMED(conf=0.83),NIFTY
2026-05-11,AI_ENHANCED,CE,NORMAL,0.835,2,2026-05-11 12:01:00,359.2,374.4,2026-05-11 12:05:00,TSL,14.7,2165.0,True,ARMED(conf=0.84),NIFTY
2026-05-11,AI_ENHANCED,CE,NORMAL,0.832,2,2026-05-11 12:31:00,383.6,349.2,2026-05-11 14:30:00,TIME,-34.9,-5275.0,False,ARMED(conf=0.83),NIFTY
2026-05-11,MACD_DIVERGENCE,PE,NORMAL,0.834,1,2026-05-11 13:16:00,327.85,341.3,2026-05-11 14:30:00,TIME,12.95,931.25,True,ARMED(conf=0.83),NIFTY
2026-05-11,OPTIONS_GREEKS,PE,NORMAL,0.829,2,2026-05-11 13:46:00,327.05,341.3,2026-05-11 14:30:00,TIME,13.75,2022.5,True,ARMED(conf=0.83),NIFTY
2026-05-12,OPTIONS_GREEKS,CE,TRENDING_BEAR,0.827,2,2026-05-12 13:01:00,387.9,387.9,2026-05-12 14:30:00,TIME,-0.5,-115.0,False,ARMED(conf=0.83),NIFTY
2026-05-12,MOMENTUM_BURST,PE,TRENDING_BEAR,0.822,1,2026-05-12 13:31:00,327.5,315.45,2026-05-12 14:30:00,TIME,-12.55,-981.25,False,ARMED(conf=0.82),NIFTY
2026-05-12,MACD_DIVERGENCE,PE,TRENDING_BEAR,0.822,1,2026-05-12 13:31:00,327.5,315.45,2026-05-12 14:30:00,TIME,-12.55,-981.25,False,ARMED(conf=0.82),NIFTY
2026-05-12,MOMENTUM_BURST,PE,TRENDING_BEAR,0.82,1,2026-05-12 13:46:00,321.5,315.45,2026-05-12 14:30:00,TIME,-6.55,-531.25,False,ARMED(conf=0.82),NIFTY
2026-05-13,AI_ENHANCED,CE,TRENDING_BEAR,0.829,2,2026-05-13 12:01:00,357.4,348.15,2026-05-13 14:30:00,TIME,-9.75,-1502.5,False,ARMED(conf=0.83),NIFTY
2026-05-13,MACD_DIVERGENCE,CE,TRENDING_BEAR,0.828,1,2026-05-13 12:46:00,366.55,348.15,2026-05-13 14:30:00,TIME,-18.9,-1457.5,False,ARMED(conf=0.83),NIFTY
2026-05-13,MACD_DIVERGENCE,PE,TRENDING_BEAR,0.838,1,2026-05-13 13:46:00,305.45,325.3,2026-05-13 14:30:00,TIME,19.35,1411.25,True,ARMED(conf=0.84),NIFTY
2026-05-15,ULTIMATE_DAY_HIGH_LOW,CE,NORMAL,0.836,2,2026-05-15 12:46:00,299.8,287.0,2026-05-15 14:30:00,TIME,-13.3,-2035.0,False,ARMED(conf=0.84),NIFTY
2026-05-15,LONG_UNWIND,PE,NORMAL,0.834,2,2026-05-15 13:31:00,272.45,278.208,2026-05-15 13:47:00,TSL,5.26,748.7,True,ARMED(conf=0.83),NIFTY
2026-05-15,TREND_FOLLOWING,PE,NORMAL,0.868,2,2026-05-15 13:31:00,272.45,279.44699999999995,2026-05-15 13:38:00,TSL,6.5,934.55,True,ARMED(conf=0.87),NIFTY
2026-05-15,LONG_UNWIND,PE,NORMAL,0.83,2,2026-05-15 13:46:00,281.75,289.58399999999995,2026-05-15 13:56:00,TSL,7.33,1060.1,True,ARMED(conf=0.83),NIFTY
2026-05-15,OPTIONS_GREEKS,CE,NORMAL,0.833,2,2026-05-15 14:01:00,292.0,287.0,2026-05-15 14:30:00,TIME,-5.5,-865.0,False,ARMED(conf=0.83),NIFTY
2026-05-15,LONG_UNWIND,PE,NORMAL,0.833,2,2026-05-15 14:01:00,285.0,287.0,2026-05-15 14:30:00,TIME,1.5,185.0,True,ARMED(conf=0.83),NIFTY
2026-05-18,OPTIONS_GREEKS,PE,TRENDING_BULL,0.825,2,2026-05-18 13:01:00,276.1,275.8,2026-05-18 14:30:00,TIME,-0.8,-160.0,False,ARMED(conf=0.82),NIFTY
2026-05-18,MACD_DIVERGENCE,PE,TRENDING_BULL,0.827,2,2026-05-18 14:01:00,283.8,275.8,2026-05-18 14:30:00,TIME,-8.5,-1315.0,False,ARMED(conf=0.83),NIFTY
2026-05-19,TREND_FOLLOWING,PE,NORMAL,0.851,2,2026-05-19 13:01:00,233.95,211.45,2026-05-19 14:30:00,TIME,-23.0,-3490.0,False,ARMED(conf=0.85),NIFTY
2026-05-19,MOMENTUM_BURST,PE,NORMAL,0.83,2,2026-05-19 13:01:00,233.95,211.45,2026-05-19 14:30:00,TIME,-23.0,-3490.0,False,ARMED(conf=0.83),NIFTY
2026-05-19,VWAP_BOUNCE,PE,NORMAL,0.83,2,2026-05-19 13:01:00,233.95,211.45,2026-05-19 14:30:00,TIME,-23.0,-3490.0,False,ARMED(conf=0.83),NIFTY
2026-05-19,ATR_BREAK,PE,NORMAL,0.83,2,2026-05-19 13:01:00,233.95,211.45,2026-05-19 14:30:00,TIME,-23.0,-3490.0,False,ARMED(conf=0.83),NIFTY
2026-05-20,OPTIONS_GREEKS,PE,TRENDING_BULL,0.831,3,2026-05-20 13:01:00,212.5,225.45899999999997,2026-05-20 13:33:00,TSL,12.46,2763.27,True,ARMED(conf=0.83),NIFTY
2026-05-20,MOMENTUM_BURST,CE,TRENDING_BULL,0.835,2,2026-05-20 13:31:00,195.45,217.382,2026-05-20 13:38:00,TSL,21.43,3174.8,True,ARMED(conf=0.84),NIFTY
2026-05-20,VWAP_BOUNCE,CE,TRENDING_BULL,0.835,2,2026-05-20 13:31:00,195.45,210.005,2026-05-20 13:36:00,TSL,14.06,2068.25,True,ARMED(conf=0.84),NIFTY
2026-05-25,MACD_DIVERGENCE,CE,NORMAL,0.836,6,2026-05-25 13:01:00,93.6,110.8736,2026-05-25 13:03:00,TSL,16.77,7508.12,True,ARMED(conf=0.84),NIFTY
2026-05-25,SCALPING,CE,NORMAL,0.834,9,2026-05-25 13:16:00,80.7,83.93599999999999,2026-05-25 13:21:00,TSL,2.74,1806.8,True,ARMED(conf=0.83),NIFTY
2026-05-25,MACD_DIVERGENCE,PE,NORMAL,0.837,6,2026-05-25 13:31:00,95.8,71.85,2026-05-25 13:50:00,SL,-24.45,-11042.5,False,ARMED(conf=0.84),NIFTY
