date,strategy,direction,regime,confidence,lots,entry_time,entry_price,exit_price,exit_time,exit_reason,pnl_pts,pnl_rs,won,armed_reason,index
2025-03-21,MOMENTUM_BURST,CE,TRENDING_BULL,0.829,6,2025-03-21 12:46:00,125.0,140.05599999999998,2025-03-21 12:59:00,TSL,14.46,6465.2,True,ARMED(conf=0.83),MIDCPNIFTY
2025-03-21,OPTIONS_GREEKS,PE,TRENDING_BULL,0.836,8,2025-03-21 13:01:00,109.0,113.904,2025-03-21 13:14:00,TSL,4.3,2542.4,True,ARMED(conf=0.84),MIDCPNIFTY
2025-03-21,MACD_DIVERGENCE,CE,TRENDING_BULL,0.839,6,2025-03-21 14:01:00,122.75,128.832,2025-03-21 14:07:00,TSL,5.48,2426.9,True,ARMED(conf=0.84),MIDCPNIFTY
2026-01-02,OPTIONS_GREEKS,PE,TRENDING_BULL,0.817,5,2026-01-02 13:16:00,166.25,171.456,2026-01-02 13:35:00,TSL,4.61,1687.25,True,ARMED(conf=0.82),MIDCPNIFTY
2026-01-02,OPTIONS_GREEKS,PE,TRENDING_BULL,0.819,5,2026-01-02 13:46:00,165.75,163.9,2026-01-02 14:30:00,TIME,-2.45,-958.75,False,ARMED(conf=0.82),MIDCPNIFTY
2026-01-06,TREND_FOLLOWING,PE,NORMAL,0.846,4,2026-01-06 13:01:00,169.4,174.489,2026-01-06 13:12:00,TSL,4.49,1306.7,True,ARMED(conf=0.85),MIDCPNIFTY
2026-01-06,BREAKOUT,PE,NORMAL,0.826,5,2026-01-06 14:01:00,166.7,173.47199999999998,2026-01-06 14:09:00,TSL,6.17,2274.5,True,ARMED(conf=0.83),MIDCPNIFTY
2026-01-06,MOMENTUM_BURST,PE,NORMAL,0.826,4,2026-01-06 14:16:00,169.05,168.35,2026-01-06 14:30:00,TIME,-1.3,-430.0,False,ARMED(conf=0.83),MIDCPNIFTY
2026-01-07,MACD_DIVERGENCE,CE,TRENDING_BULL,0.839,3,2026-01-07 12:46:00,210.15,221.552,2026-01-07 13:00:00,TSL,10.8,2390.45,True,ARMED(conf=0.84),MIDCPNIFTY
2026-01-07,MACD_DIVERGENCE,PE,TRENDING_BULL,0.835,4,2026-01-07 13:16:00,162.95,169.9704,2026-01-07 13:36:00,TSL,6.42,1886.12,True,ARMED(conf=0.84),MIDCPNIFTY
2026-01-09,MACD_DIVERGENCE,PE,TRENDING_BEAR,0.831,4,2026-01-09 13:01:00,181.1,189.4416,2026-01-09 13:05:00,TSL,7.74,2282.48,True,ARMED(conf=0.83),MIDCPNIFTY
2026-01-09,TREND_FOLLOWING,PE,TRENDING_BEAR,0.828,4,2026-01-09 14:01:00,178.45,187.082,2026-01-09 14:03:00,TSL,8.03,2369.6,True,ARMED(conf=0.83),MIDCPNIFTY
2026-01-13,MOMENTUM_BURST,PE,TRENDING_BEAR,0.828,4,2026-01-13 12:46:00,175.15,184.3176,2026-01-13 13:00:00,TSL,8.57,2530.28,True,ARMED(conf=0.83),MIDCPNIFTY
2026-01-13,OPTIONS_GREEKS,CE,TRENDING_BEAR,0.83,4,2026-01-13 13:16:00,196.05,202.79999999999998,2026-01-13 13:24:00,TSL,6.15,1805.0,True,ARMED(conf=0.83),MIDCPNIFTY
2026-01-13,TREND_FOLLOWING,PE,TRENDING_BEAR,0.841,4,2026-01-13 13:46:00,169.6,176.59599999999998,2026-01-13 13:57:00,TSL,6.4,1878.8,True,ARMED(conf=0.84),MIDCPNIFTY
2026-01-14,MACD_DIVERGENCE,PE,TRENDING_BULL,0.84,4,2026-01-14 13:16:00,151.0,157.136,2026-01-14 13:20:00,TSL,5.54,1620.8,True,ARMED(conf=0.84),MIDCPNIFTY
2026-01-16,AI_ENHANCED,CE,TRENDING_BEAR,0.835,5,2026-01-16 12:01:00,160.05,163.92,2026-01-16 12:19:00,TSL,3.27,1186.25,True,ARMED(conf=0.84),MIDCPNIFTY
2026-01-16,MOMENTUM_BURST,PE,TRENDING_BEAR,0.822,5,2026-01-16 13:16:00,143.0,152.6464,2026-01-16 13:18:00,TSL,9.05,3352.4,True,ARMED(conf=0.82),MIDCPNIFTY
2026-01-16,MOMENTUM_BURST,PE,TRENDING_BEAR,0.821,5,2026-01-16 14:01:00,141.7,151.23119999999997,2026-01-16 14:15:00,TSL,8.93,3309.2,True,ARMED(conf=0.82),MIDCPNIFTY
2026-01-22,BEAR_TREND_FOLLOWER,PE,TRENDING_BULL,0.919,11,2026-01-22 12:46:00,106.2,110.304,2026-01-22 12:48:00,TSL,3.5,2850.8,True,ARMED(conf=0.92),MIDCPNIFTY
2026-01-22,TREND_FOLLOWING,PE,TRENDING_BULL,0.844,7,2026-01-22 13:16:00,110.5,116.375,2026-01-22 13:17:00,TSL,5.28,2729.38,True,ARMED(conf=0.84),MIDCPNIFTY
2026-01-22,OPTIONS_GREEKS,CE,TRENDING_BULL,0.839,9,2026-01-22 13:31:00,96.55,107.37599999999999,2026-01-22 13:33:00,TSL,10.23,6862.55,True,ARMED(conf=0.84),MIDCPNIFTY
2026-02-04,MACD_DIVERGENCE,CE,TRENDING_BULL,0.831,3,2026-02-04 13:01:00,253.35,269.864,2026-02-04 13:14:00,TSL,15.91,3540.65,True,ARMED(conf=0.83),MIDCPNIFTY
2026-02-04,MOMENTUM_BURST,CE,TRENDING_BULL,0.828,3,2026-02-04 13:31:00,242.7,265.56960000000004,2026-02-04 14:21:00,TSL,22.27,4970.66,True,ARMED(conf=0.83),MIDCPNIFTY
2026-02-05,VWAP_BOUNCE,CE,TRENDING_BEAR,0.83,3,2026-02-05 13:01:00,230.9,238.97299999999998,2026-02-05 13:15:00,TSL,7.47,1641.42,True,ARMED(conf=0.83),MIDCPNIFTY
2026-02-05,VOLUME_CLIMAX,PE,TRENDING_BEAR,0.825,3,2026-02-05 13:16:00,208.95,202.75,2026-02-05 13:30:00,TIME,-6.8,-1570.0,False,ARMED(conf=0.82),MIDCPNIFTY
2026-02-05,ATR_BREAK,CE,TRENDING_BEAR,0.825,3,2026-02-05 13:16:00,230.0,235.07139999999998,2026-02-05 13:17:00,TSL,4.47,966.06,True,ARMED(conf=0.82),MIDCPNIFTY
2026-02-05,OPTIONS_GREEKS,PE,TRENDING_BEAR,0.83,4,2026-02-05 14:01:00,204.65,213.31199999999998,2026-02-05 14:14:00,TSL,8.06,2378.6,True,ARMED(conf=0.83),MIDCPNIFTY
2026-02-06,MACD_DIVERGENCE,CE,TRENDING_BEAR,0.839,3,2026-02-06 13:31:00,219.95,230.33599999999998,2026-02-06 13:52:00,TSL,9.79,2161.85,True,ARMED(conf=0.84),MIDCPNIFTY
2026-02-06,EMA_CROSSOVER,CE,TRENDING_BEAR,0.829,3,2026-02-06 13:46:00,226.0,234.44899999999998,2026-02-06 13:58:00,TSL,7.85,1726.02,True,ARMED(conf=0.83),MIDCPNIFTY
2026-02-06,MACD_DIVERGENCE,PE,TRENDING_BEAR,0.83,4,2026-02-06 14:16:00,197.2,207.7,2026-02-06 14:30:00,TIME,9.9,2930.0,True,ARMED(conf=0.83),MIDCPNIFTY
2026-02-10,SCALPING,CE,RANGE_BOUND,0.827,5,2026-02-10 12:46:00,168.65,163.2,2026-02-10 14:30:00,TIME,-6.05,-2308.75,False,ARMED(conf=0.83),MIDCPNIFTY
2026-02-11,ULTIMATE_DAY_HIGH_LOW,CE,RANGE_BOUND,0.84,5,2026-02-11 10:31:00,170.25,161.1,2026-02-11 14:30:00,TIME,-9.75,-3696.25,False,ARMED(conf=0.84),MIDCPNIFTY
2026-02-12,EMA_CROSSOVER,PE,NORMAL,0.832,5,2026-02-12 13:01:00,157.6,163.2995,2026-02-12 13:06:00,TSL,5.1,1872.31,True,ARMED(conf=0.83),MIDCPNIFTY
2026-02-12,PUT_WRITER_SUPPORT,CE,NORMAL,0.839,5,2026-02-12 13:16:00,163.65,170.24239999999998,2026-02-12 13:18:00,TSL,5.99,2207.15,True,ARMED(conf=0.84),MIDCPNIFTY
2026-02-12,ULTIMATE_DAY_HIGH_LOW,CE,NORMAL,0.832,5,2026-02-12 13:31:00,158.6,168.95999999999998,2026-02-12 13:47:00,TSL,9.76,3620.0,True,ARMED(conf=0.83),MIDCPNIFTY
2026-02-13,MACD_DIVERGENCE,CE,TRENDING_BULL,0.835,4,2026-02-13 13:01:00,157.9,164.26080000000002,2026-02-13 13:09:00,TSL,5.76,1688.24,True,ARMED(conf=0.83),MIDCPNIFTY
2026-02-13,MACD_DIVERGENCE,CE,TRENDING_BULL,0.838,5,2026-02-13 14:01:00,171.4,169.5,2026-02-13 14:30:00,TIME,-2.5,-977.5,False,ARMED(conf=0.84),MIDCPNIFTY
2026-02-17,OPTIONS_GREEKS,PE,TRENDING_BULL,0.836,6,2026-02-17 12:46:00,137.6,143.47199999999998,2026-02-17 13:59:00,TSL,5.27,2332.4,True,ARMED(conf=0.84),MIDCPNIFTY
2026-02-18,ULTIMATE_DAY_HIGH_LOW,CE,NORMAL,0.836,8,2026-02-18 12:01:00,115.5,122.25599999999999,2026-02-18 12:15:00,TSL,6.16,3653.6,True,ARMED(conf=0.84),MIDCPNIFTY
2026-02-18,MACD_DIVERGENCE,PE,NORMAL,0.837,6,2026-02-18 13:16:00,115.3,119.41359999999999,2026-02-18 13:44:00,TSL,3.51,1541.12,True,ARMED(conf=0.84),MIDCPNIFTY
2026-02-18,SCALPING,CE,NORMAL,0.832,8,2026-02-18 13:46:00,110.05,114.3872,2026-02-18 14:14:00,TSL,3.74,2202.32,True,ARMED(conf=0.83),MIDCPNIFTY
2026-02-20,AI_ENHANCED,CE,NORMAL,0.836,8,2026-02-20 12:01:00,128.05,130.51199999999997,2026-02-20 12:17:00,TSL,1.86,1077.2,True,ARMED(conf=0.84),MIDCPNIFTY
2026-02-20,AI_ENHANCED,CE,NORMAL,0.838,8,2026-02-20 13:16:00,113.2,115.24799999999999,2026-02-20 13:17:00,TSL,1.45,828.8,True,ARMED(conf=0.84),MIDCPNIFTY
2026-02-20,MACD_DIVERGENCE,PE,NORMAL,0.84,8,2026-02-20 14:16:00,92.5,98.47840000000001,2026-02-20 14:23:00,TSL,5.38,3187.04,True,ARMED(conf=0.84),MIDCPNIFTY
2026-02-25,ULTIMATE_DAY_HIGH_LOW,PE,NORMAL,0.823,3,2026-02-25 12:46:00,256.8,261.888,2026-02-25 12:53:00,TSL,4.49,969.8,True,ARMED(conf=0.82),MIDCPNIFTY
2026-02-25,OPTIONS_GREEKS,CE,NORMAL,0.823,2,2026-02-25 13:01:00,304.35,324.096,2026-02-25 14:20:00,TSL,19.15,2831.9,True,ARMED(conf=0.82),MIDCPNIFTY
2026-02-25,MACD_DIVERGENCE,CE,NORMAL,0.826,2,2026-02-25 13:16:00,296.35,309.63599999999997,2026-02-25 13:30:00,TSL,12.69,1862.9,True,ARMED(conf=0.83),MIDCPNIFTY
2026-02-26,OPTIONS_GREEKS,CE,NORMAL,0.834,3,2026-02-26 13:16:00,293.05,305.328,2026-02-26 14:04:00,TSL,11.68,2587.55,True,ARMED(conf=0.83),MIDCPNIFTY
2026-02-26,VWAP_BOUNCE,PE,NORMAL,0.839,3,2026-02-26 14:16:00,238.55,245.637,2026-02-26 14:28:00,TSL,6.49,1419.57,True,ARMED(conf=0.84),MIDCPNIFTY
2026-02-27,VWAP_BOUNCE,PE,TRENDING_BEAR,0.837,2,2026-02-27 12:46:00,264.5,261.65,2026-02-27 14:30:00,TIME,-3.45,-557.5,False,ARMED(conf=0.84),MIDCPNIFTY
2026-02-27,MACD_DIVERGENCE,CE,TRENDING_BEAR,0.839,2,2026-02-27 13:16:00,293.65,304.512,2026-02-27 14:02:00,TSL,10.26,1499.3,True,ARMED(conf=0.84),MIDCPNIFTY
2026-05-07,OPTIONS_GREEKS,PE,TRENDING_BULL,0.833,3,2026-05-07 13:16:00,233.6,238.848,2026-05-07 13:46:00,TSL,4.65,1005.8,True,ARMED(conf=0.83),MIDCPNIFTY
2026-05-08,DAY_LOW_BULLISH,CE,NORMAL,0.895,4,2026-05-08 13:16:00,269.0,269.0,2026-05-08 13:17:00,TIME,-0.6,-220.0,False,ARMED(conf=0.90),MIDCPNIFTY
2026-05-08,ULTIMATE_DAY_HIGH_LOW,CE,NORMAL,0.833,3,2026-05-08 13:31:00,275.2,268.85,2026-05-08 14:30:00,TIME,-6.95,-1603.75,False,ARMED(conf=0.83),MIDCPNIFTY
2026-05-21,OPTIONS_GREEKS,CE,TRENDING_BULL,0.821,7,2026-05-21 13:01:00,129.0,134.4,2026-05-21 13:13:00,TSL,4.8,2480.0,True,ARMED(conf=0.82),MIDCPNIFTY
2026-05-21,OPTIONS_GREEKS,CE,TRENDING_BULL,0.84,7,2026-05-21 13:31:00,117.0,120.09599999999999,2026-05-21 13:32:00,TSL,2.5,1270.4,True,ARMED(conf=0.84),MIDCPNIFTY
2026-05-21,TREND_FOLLOWING,PE,TRENDING_BULL,0.863,6,2026-05-21 13:46:00,114.0,116.522,2026-05-21 13:47:00,TSL,1.92,824.9,True,ARMED(conf=0.86),MIDCPNIFTY
2026-05-22,SCALPING,CE,RANGE_BOUND,0.825,8,2026-05-22 13:16:00,109.5,120.1944,2026-05-22 13:17:00,TSL,10.09,6016.64,True,ARMED(conf=0.83),MIDCPNIFTY
2026-05-22,OPTIONS_GREEKS,PE,RANGE_BOUND,0.835,10,2026-05-22 13:46:00,88.8,95.904,2026-05-22 13:55:00,TSL,6.5,4838.0,True,ARMED(conf=0.83),MIDCPNIFTY
2026-05-25,ZERO_HERO,PE,NORMAL,0.84,19,2026-05-25 10:46:00,47.4,44.15,2026-05-25 13:30:00,TIME,-3.85,-5526.25,False,ARMED(conf=0.84),MIDCPNIFTY
2026-05-25,ZERO_HERO,PE,NORMAL,0.834,26,2026-05-25 13:31:00,35.2,35.2,2026-05-25 13:32:00,TIME,-0.6,-1210.0,False,ARMED(conf=0.83),MIDCPNIFTY
2026-05-25,ZERO_HERO,PE,NORMAL,0.834,24,2026-05-25 14:01:00,38.3,36.35,2026-05-25 14:02:00,TIME,-2.55,-4630.0,False,ARMED(conf=0.83),MIDCPNIFTY
2026-05-27,ULTIMATE_DAY_HIGH_LOW,CE,RANGE_BOUND,0.828,2,2026-05-27 11:01:00,354.85,315.05,2026-05-27 12:02:00,SPOT_SL,-40.4,-6100.0,False,ARMED(conf=0.83),MIDCPNIFTY
2026-05-27,ULTIMATE_DAY_HIGH_LOW,CE,RANGE_BOUND,0.836,2,2026-05-27 12:46:00,340.05,347.7,2026-05-27 14:30:00,TIME,7.05,1017.5,True,ARMED(conf=0.84),MIDCPNIFTY
2025-02-03,MOMENTUM_BURST,CE,TRENDING_BEAR,0.826,3,2025-02-03 13:01:00,474.5,499.66319999999996,2025-02-03 13:18:00,TSL,24.36,2883.58,True,ARMED(conf=0.83),FINNIFTY
2025-02-05,MOMENTUM_BURST,CE,RANGE_BOUND,0.828,3,2025-02-05 13:01:00,421.55,430.0,2025-02-05 14:30:00,TIME,7.65,878.0,True,ARMED(conf=0.83),FINNIFTY
2025-02-06,BEAR_TREND_FOLLOWER,PE,RANGE_BOUND,0.88,6,2025-02-06 12:46:00,333.7,314.55,2025-02-06 14:30:00,TIME,-19.95,-4828.0,False,ARMED(conf=0.88),FINNIFTY
2025-02-07,BEAR_TREND_FOLLOWER,PE,TRENDING_BEAR,0.895,7,2025-02-07 12:46:00,304.4,314.88,2025-02-07 13:51:00,TSL,9.68,2670.4,True,ARMED(conf=0.90),FINNIFTY
2025-02-13,ATR_BREAK,PE,TRENDING_BEAR,0.827,5,2025-02-13 13:01:00,257.7,295.8034,2025-02-13 13:14:00,TSL,37.3,7420.68,True,ARMED(conf=0.83),FINNIFTY
2025-02-13,EMA_CROSSOVER,PE,TRENDING_BEAR,0.824,5,2025-02-13 13:31:00,284.0,296.96549999999996,2025-02-13 13:35:00,TSL,12.17,2393.1,True,ARMED(conf=0.82),FINNIFTY
2025-02-14,TREND_FOLLOWING,PE,TRENDING_BULL,0.829,5,2025-02-14 13:31:00,258.15,264.551,2025-02-14 13:36:00,TSL,5.6,1080.2,True,ARMED(conf=0.83),FINNIFTY
2025-02-14,MOMENTUM_BURST,PE,TRENDING_BULL,0.827,5,2025-02-14 13:46:00,272.85,293.776,2025-02-14 13:54:00,TSL,20.13,3985.2,True,ARMED(conf=0.83),FINNIFTY
2025-02-14,MACD_DIVERGENCE,CE,TRENDING_BULL,0.83,4,2025-02-14 14:01:00,362.65,382.25039999999996,2025-02-14 14:16:00,TSL,18.8,2968.06,True,ARMED(conf=0.83),FINNIFTY
2025-02-17,VWAP_BOUNCE,CE,TRENDING_BULL,0.837,4,2025-02-17 13:16:00,333.85,352.8,2025-02-17 13:33:00,TSL,18.15,2864.0,True,ARMED(conf=0.84),FINNIFTY
2025-02-19,MACD_DIVERGENCE,CE,TRENDING_BULL,0.837,5,2025-02-19 12:46:00,272.45,284.69919999999996,2025-02-19 13:00:00,TSL,11.45,2249.84,True,ARMED(conf=0.84),FINNIFTY
2025-02-19,MOMENTUM_BURST,CE,TRENDING_BULL,0.836,5,2025-02-19 13:16:00,253.45,265.96,2025-02-19 13:35:00,TSL,11.71,2302.0,True,ARMED(conf=0.84),FINNIFTY
2025-02-19,MACD_DIVERGENCE,PE,TRENDING_BULL,0.838,6,2025-02-19 13:46:00,228.8,237.36319999999998,2025-02-19 13:57:00,TSL,7.76,1823.17,True,ARMED(conf=0.84),FINNIFTY
2025-02-19,EMA_CROSSOVER,PE,TRENDING_BULL,0.827,6,2025-02-19 14:16:00,234.5,250.842,2025-02-19 14:18:00,TSL,15.54,3690.08,True,ARMED(conf=0.83),FINNIFTY
2025-02-20,TREND_FOLLOWING,PE,TRENDING_BEAR,0.842,8,2025-02-20 13:01:00,175.95,183.505,2025-02-20 13:03:00,TSL,6.76,2121.6,True,ARMED(conf=0.84),FINNIFTY
2025-02-20,ATR_BREAK,CE,TRENDING_BEAR,0.832,6,2025-02-20 13:31:00,248.1,269.92,2025-02-20 13:49:00,TSL,21.02,5004.8,True,ARMED(conf=0.83),FINNIFTY
2025-02-21,MACD_DIVERGENCE,PE,TRENDING_BEAR,0.838,8,2025-02-21 12:46:00,166.5,172.84959999999998,2025-02-21 12:58:00,TSL,5.55,1735.87,True,ARMED(conf=0.84),FINNIFTY
2025-02-21,MOMENTUM_BURST,PE,TRENDING_BEAR,0.836,8,2025-02-21 13:01:00,171.75,185.5864,2025-02-21 13:39:00,TSL,13.04,4131.65,True,ARMED(conf=0.84),FINNIFTY
2025-02-21,OPTIONS_GREEKS,CE,TRENDING_BEAR,0.835,9,2025-02-21 13:46:00,191.45,203.51999999999998,2025-02-21 14:03:00,TSL,11.27,4017.2,True,ARMED(conf=0.84),FINNIFTY
2025-02-21,TREND_FOLLOWING,PE,TRENDING_BEAR,0.853,8,2025-02-21 14:16:00,174.35,178.55599999999998,2025-02-21 14:27:00,TSL,3.41,1049.92,True,ARMED(conf=0.85),FINNIFTY
2025-02-24,MACD_DIVERGENCE,PE,TRENDING_BEAR,0.835,13,2025-02-24 13:16:00,108.65,112.4352,2025-02-24 13:24:00,TSL,2.99,1512.3,True,ARMED(conf=0.84),FINNIFTY
2025-02-24,MACD_DIVERGENCE,CE,TRENDING_BEAR,0.833,9,2025-02-24 13:46:00,150.65,156.892,2025-02-24 13:50:00,TSL,5.44,1919.12,True,ARMED(conf=0.83),FINNIFTY
2025-02-28,AI_ENHANCED,CE,NORMAL,0.835,3,2025-02-28 12:01:00,440.15,401.0,2025-02-28 12:49:00,SPOT_SL,-39.95,-4834.0,False,ARMED(conf=0.83),FINNIFTY
2025-02-28,LONG_UNWIND,PE,NORMAL,0.825,4,2025-02-28 13:01:00,353.0,306.4,2025-02-28 14:30:00,TIME,-47.4,-7624.0,False,ARMED(conf=0.83),FINNIFTY
2025-03-07,VWAP_BOUNCE,PE,RANGE_BOUND,0.835,5,2025-03-07 12:46:00,288.75,298.851,2025-03-07 12:49:00,TSL,9.3,1820.2,True,ARMED(conf=0.84),FINNIFTY
2025-03-07,ATR_BREAK,PE,RANGE_BOUND,0.832,5,2025-03-07 13:46:00,293.75,303.65999999999997,2025-03-07 13:52:00,TSL,9.11,1782.0,True,ARMED(conf=0.83),FINNIFTY
2025-03-10,OPTIONS_GREEKS,CE,TRENDING_BEAR,0.833,5,2025-03-10 13:46:00,321.35,272.4,2025-03-10 14:23:00,SPOT_SL,-49.75,-9990.0,False,ARMED(conf=0.83),FINNIFTY
2025-03-12,SCALPING,CE,RANGE_BOUND,0.832,5,2025-03-12 13:16:00,292.55,317.0536,2025-03-12 14:16:00,TSL,23.7,4700.72,True,ARMED(conf=0.83),FINNIFTY
2025-03-13,ATR_BREAK,PE,NORMAL,0.824,6,2025-03-13 13:01:00,241.1,263.0274,2025-03-13 13:08:00,TSL,21.13,5030.58,True,ARMED(conf=0.82),FINNIFTY
2025-03-13,MOMENTUM_BURST,PE,NORMAL,0.822,6,2025-03-13 13:16:00,237.3,240.4,2025-03-13 14:30:00,TIME,2.3,512.0,True,ARMED(conf=0.82),FINNIFTY
2025-03-17,MACD_DIVERGENCE,CE,TRENDING_BULL,0.839,6,2025-03-17 13:01:00,249.9,259.9576,2025-03-17 14:06:00,TSL,9.26,2181.82,True,ARMED(conf=0.84),FINNIFTY
2025-03-17,MACD_DIVERGENCE,PE,TRENDING_BULL,0.837,7,2025-03-17 14:16:00,204.95,214.7,2025-03-17 14:30:00,TIME,8.95,2466.0,True,ARMED(conf=0.84),FINNIFTY
2025-03-18,ZERO_HERO,CE,TRENDING_BULL,0.84,10,2025-03-18 10:01:00,159.9,202.6,2025-03-18 13:30:00,TIME,41.9,16720.0,True,ARMED(conf=0.84),FINNIFTY
2025-03-18,ZERO_HERO,CE,TRENDING_BULL,0.826,11,2025-03-18 13:31:00,151.15,153.65,2025-03-18 13:32:00,TIME,1.7,708.0,True,ARMED(conf=0.83),FINNIFTY
2025-03-19,MOMENTUM_BURST,CE,TRENDING_BULL,0.825,6,2025-03-19 12:46:00,229.0,238.48559999999998,2025-03-19 13:02:00,TSL,8.69,2044.54,True,ARMED(conf=0.82),FINNIFTY
2025-03-19,MACD_DIVERGENCE,PE,TRENDING_BULL,0.836,7,2025-03-19 13:46:00,175.5,182.756,2025-03-19 14:17:00,TSL,6.46,1767.68,True,ARMED(conf=0.84),FINNIFTY
2025-03-20,ULTIMATE_DAY_HIGH_LOW,CE,NORMAL,0.831,9,2025-03-20 12:46:00,184.7,191.136,2025-03-20 13:03:00,TSL,5.64,1988.96,True,ARMED(conf=0.83),FINNIFTY
2025-03-20,SCALPING,CE,NORMAL,0.823,9,2025-03-20 13:16:00,183.05,189.8808,2025-03-20 13:19:00,TSL,6.03,2131.09,True,ARMED(conf=0.82),FINNIFTY
2025-03-20,MACD_DIVERGENCE,PE,NORMAL,0.827,9,2025-03-20 14:01:00,157.05,163.968,2025-03-20 14:19:00,TSL,6.12,2162.48,True,ARMED(conf=0.83),FINNIFTY
2025-03-21,OPTIONS_GREEKS,PE,TRENDING_BULL,0.835,11,2025-03-21 13:01:00,154.7,164.736,2025-03-21 13:14:00,TSL,9.24,4023.84,True,ARMED(conf=0.83),FINNIFTY
2025-03-21,VWAP_BOUNCE,CE,TRENDING_BULL,0.838,8,2025-03-21 14:01:00,169.6,187.523,2025-03-21 14:10:00,TSL,17.12,5439.36,True,ARMED(conf=0.84),FINNIFTY
2025-03-21,MOMENTUM_BURST,CE,TRENDING_BULL,0.833,9,2025-03-21 14:16:00,155.65,163.968,2025-03-21 14:24:00,TSL,7.52,2666.48,True,ARMED(conf=0.83),FINNIFTY
2025-03-24,MACD_DIVERGENCE,CE,TRENDING_BULL,0.828,9,2025-03-24 13:01:00,152.8,159.4784,2025-03-24 13:11:00,TSL,5.88,2076.22,True,ARMED(conf=0.83),FINNIFTY
2025-03-24,OPTIONS_GREEKS,PE,TRENDING_BULL,0.832,10,2025-03-24 13:16:00,168.0,179.136,2025-03-24 13:36:00,TSL,10.34,4094.4,True,ARMED(conf=0.83),FINNIFTY
2025-03-24,MOMENTUM_BURST,CE,TRENDING_BULL,0.833,8,2025-03-24 13:46:00,166.75,175.68,2025-03-24 13:52:00,TSL,8.13,2561.6,True,ARMED(conf=0.83),FINNIFTY
2025-03-25,ZERO_HERO,CE,NORMAL,0.84,14,2025-03-25 10:16:00,102.15,76.61250000000001,2025-03-25 11:18:00,SL,-26.34,-14789.0,False,ARMED(conf=0.84),FINNIFTY
2025-03-25,ZERO_HERO,PE,NORMAL,0.829,17,2025-03-25 11:31:00,98.9,116.0,2025-03-25 13:30:00,TIME,16.3,11044.0,True,ARMED(conf=0.83),FINNIFTY
2025-03-25,GAMMA_BLAST,CE,NORMAL,0.837,11,2025-03-25 13:46:00,147.95,152.1,2025-03-25 13:47:00,TIME,3.35,1434.0,True,ARMED(conf=0.84),FINNIFTY
2025-03-25,ZERO_HERO,PE,NORMAL,0.837,22,2025-03-25 14:16:00,77.1,78.8,2025-03-25 14:17:00,TIME,0.9,752.0,True,ARMED(conf=0.84),FINNIFTY
2025-03-28,AI_ENHANCED,CE,NORMAL,0.834,4,2025-03-28 12:01:00,418.45,426.71999999999997,2025-03-28 12:56:00,TSL,7.47,1155.2,True,ARMED(conf=0.83),FINNIFTY
2025-03-28,ULTIMATE_DAY_HIGH_LOW,CE,NORMAL,0.84,4,2025-03-28 13:01:00,437.45,490.0,2025-03-28 14:30:00,TIME,51.75,8240.0,True,ARMED(conf=0.84),FINNIFTY
2025-04-03,MACD_DIVERGENCE,PE,TRENDING_BULL,0.84,4,2025-04-03 14:01:00,313.95,313.3,2025-04-03 14:30:00,TIME,-1.45,-272.0,False,ARMED(conf=0.84),FINNIFTY
2025-04-04,AI_ENHANCED,CE,NORMAL,0.834,4,2025-04-04 12:01:00,369.75,328.5,2025-04-04 13:46:00,SPOT_SL,-42.05,-6768.0,False,ARMED(conf=0.83),FINNIFTY
2025-04-04,MACD_DIVERGENCE,CE,NORMAL,0.84,4,2025-04-04 14:01:00,347.2,364.4872,2025-04-04 14:14:00,TSL,16.49,2597.95,True,ARMED(conf=0.84),FINNIFTY
2025-04-04,LONG_UNWIND,PE,NORMAL,0.833,5,2025-04-04 14:16:00,306.55,320.45,2025-04-04 14:30:00,TIME,13.1,2580.0,True,ARMED(conf=0.83),FINNIFTY
2025-04-16,TREND_FOLLOWING,PE,NORMAL,0.847,6,2025-04-16 13:16:00,247.25,254.75099999999998,2025-04-16 13:18:00,TSL,6.7,1568.24,True,ARMED(conf=0.85),FINNIFTY
2025-04-16,SCALPING,CE,NORMAL,0.829,7,2025-04-16 13:46:00,235.85,259.616,2025-04-16 13:57:00,TSL,22.97,6390.48,True,ARMED(conf=0.83),FINNIFTY
2025-04-16,ULTIMATE_DAY_HIGH_LOW,CE,NORMAL,0.824,6,2025-04-16 14:01:00,255.3,264.62399999999997,2025-04-16 14:15:00,TSL,8.52,2005.76,True,ARMED(conf=0.82),FINNIFTY
2025-04-21,MOMENTUM_BURST,CE,TRENDING_BULL,0.823,9,2025-04-21 12:46:00,151.7,113.77499999999999,2025-04-21 13:41:00,SL,-38.72,-13981.0,False,ARMED(conf=0.82),FINNIFTY
2025-04-22,ZERO_HERO,CE,TRENDING_BULL,0.84,22,2025-04-22 10:01:00,77.35,107.5,2025-04-22 13:30:00,TIME,29.35,25788.0,True,ARMED(conf=0.84),FINNIFTY
2025-04-22,ZERO_HERO,CE,TRENDING_BULL,0.84,23,2025-04-22 14:01:00,73.3,76.6,2025-04-22 14:02:00,TIME,2.5,2260.0,True,ARMED(conf=0.84),FINNIFTY
2025-04-28,OPTIONS_GREEKS,PE,TRENDING_BULL,0.829,3,2025-04-28 13:01:00,467.1,501.0,2025-04-28 14:30:00,TIME,33.1,3932.0,True,ARMED(conf=0.83),FINNIFTY
2025-04-30,MACD_DIVERGENCE,CE,TRENDING_BEAR,0.835,2,2025-04-30 13:31:00,567.45,554.3,2025-04-30 14:30:00,TIME,-13.95,-1156.0,False,ARMED(conf=0.84),FINNIFTY
2025-05-02,BEAR_TREND_FOLLOWER,PE,TRENDING_BEAR,0.903,4,2025-05-02 12:46:00,506.7,463.65,2025-05-02 13:38:00,SPOT_SL,-43.85,-7056.0,False,ARMED(conf=0.90),FINNIFTY
2025-05-02,TREND_FOLLOWING,PE,TRENDING_BEAR,0.837,3,2025-05-02 14:16:00,480.8,492.10699999999997,2025-05-02 14:23:00,TSL,10.51,1220.84,True,ARMED(conf=0.84),FINNIFTY
2026-01-05,MACD_DIVERGENCE,CE,NORMAL,0.84,4,2026-01-05 12:46:00,355.15,294.9,2026-01-05 13:50:00,SPOT_SL,-61.05,-9808.0,False,ARMED(conf=0.84),FINNIFTY
2026-01-05,MOMENTUM_BURST,PE,NORMAL,0.818,6,2026-01-05 14:01:00,245.1,247.1,2026-01-05 14:30:00,TIME,1.2,248.0,True,ARMED(conf=0.82),FINNIFTY
2026-01-07,DAY_LOW_BULLISH,CE,RANGE_BOUND,0.883,6,2026-01-07 12:46:00,327.45,334.1,2026-01-07 13:00:00,TIME,5.85,1364.0,True,ARMED(conf=0.88),FINNIFTY
2026-01-07,DAY_LOW_BULLISH,CE,RANGE_BOUND,0.884,6,2026-01-07 13:01:00,336.7,337.55,2026-01-07 13:02:00,TIME,0.05,-28.0,False,ARMED(conf=0.88),FINNIFTY
2026-01-07,LONG_UNWIND,PE,RANGE_BOUND,0.826,8,2026-01-07 13:16:00,208.9,215.088,2026-01-07 13:39:00,TSL,5.39,1684.16,True,ARMED(conf=0.83),FINNIFTY
2026-01-07,LONG_UNWIND,PE,RANGE_BOUND,0.837,7,2026-01-07 13:46:00,218.8,206.05,2026-01-07 14:30:00,TIME,-13.55,-3834.0,False,ARMED(conf=0.84),FINNIFTY
2026-01-08,OPTIONS_GREEKS,CE,TRENDING_BEAR,0.833,5,2026-01-08 13:01:00,329.55,338.4,2026-01-08 13:49:00,TSL,8.05,1570.0,True,ARMED(conf=0.83),FINNIFTY
2026-01-08,TREND_FOLLOWING,PE,TRENDING_BEAR,0.859,7,2026-01-08 14:16:00,211.0,216.972,2026-01-08 14:29:00,TSL,5.17,1408.16,True,ARMED(conf=0.86),FINNIFTY
2026-01-09,RSI_REVERSAL,CE,TRENDING_BEAR,0.821,4,2026-01-09 12:46:00,337.7,350.0,2026-01-09 13:30:00,TIME,11.5,1800.0,True,ARMED(conf=0.82),FINNIFTY
2026-01-09,MOMENTUM_BURST,PE,TRENDING_BEAR,0.824,7,2026-01-09 13:31:00,190.0,201.5928,2026-01-09 13:50:00,TSL,10.79,2981.98,True,ARMED(conf=0.82),FINNIFTY
2026-01-14,VWAP_BOUNCE,CE,NORMAL,0.816,5,2026-01-14 12:46:00,287.2,235.0,2026-01-14 14:20:00,SPOT_SL,-53.0,-10640.0,False,ARMED(conf=0.82),FINNIFTY
2026-01-16,ULTIMATE_DAY_HIGH_LOW,CE,RANGE_BOUND,0.84,6,2026-01-16 10:01:00,251.3,273.456,2026-01-16 10:15:00,TSL,21.36,5085.44,True,ARMED(conf=0.84),FINNIFTY
2026-01-16,VWAP_BOUNCE,PE,RANGE_BOUND,0.833,7,2026-01-16 12:46:00,193.1,202.85999999999999,2026-01-16 12:51:00,TSL,8.96,2468.8,True,ARMED(conf=0.83),FINNIFTY
2026-01-16,PUT_WRITER_SUPPORT,CE,RANGE_BOUND,0.83,7,2026-01-16 13:31:00,236.0,244.95239999999998,2026-01-16 13:32:00,TSL,8.15,2242.67,True,ARMED(conf=0.83),FINNIFTY
2026-01-19,SCALPING,CE,RANGE_BOUND,0.827,8,2026-01-19 12:46:00,202.1,212.8656,2026-01-19 13:50:00,TSL,9.97,3148.99,True,ARMED(conf=0.83),FINNIFTY
2026-01-20,ZERO_HERO,PE,TRENDING_BEAR,0.84,15,2026-01-20 10:31:00,117.25,114.55,2026-01-20 13:30:00,TIME,-3.5,-2140.0,False,ARMED(conf=0.84),FINNIFTY
2026-01-20,GAMMA_BLAST,PE,TRENDING_BEAR,0.827,11,2026-01-20 13:31:00,155.7,155.7,2026-01-20 13:32:00,TIME,-0.8,-392.0,False,ARMED(conf=0.83),FINNIFTY
2026-01-20,ZERO_HERO,PE,TRENDING_BEAR,0.825,15,2026-01-20 13:46:00,111.65,111.65,2026-01-20 13:47:00,TIME,-0.8,-520.0,False,ARMED(conf=0.83),FINNIFTY
2026-01-20,ZERO_HERO,PE,TRENDING_BEAR,0.822,15,2026-01-20 14:01:00,114.55,114.2,2026-01-20 14:02:00,TIME,-1.15,-730.0,False,ARMED(conf=0.82),FINNIFTY
2026-01-20,ZERO_HERO,PE,TRENDING_BEAR,0.829,15,2026-01-20 14:31:00,117.15,114.9,2026-01-20 14:32:00,TIME,-3.05,-1870.0,False,ARMED(conf=0.83),FINNIFTY
2026-01-21,EMA_CROSSOVER,CE,TRENDING_BEAR,0.827,6,2026-01-21 12:46:00,236.9,254.819,2026-01-21 12:49:00,TSL,17.12,4068.56,True,ARMED(conf=0.83),FINNIFTY
2026-01-21,TREND_FOLLOWING,PE,TRENDING_BEAR,0.863,9,2026-01-21 14:16:00,163.55,130.84,2026-01-21 14:18:00,SL,-33.51,-12103.6,False,ARMED(conf=0.86),FINNIFTY
2026-01-22,BEAR_TREND_FOLLOWER,PE,NORMAL,0.918,15,2026-01-22 12:46:00,144.5,153.6,2026-01-22 12:55:00,TSL,8.3,4940.0,True,ARMED(conf=0.92),FINNIFTY
2026-01-22,MACD_DIVERGENCE,CE,NORMAL,0.814,7,2026-01-22 13:16:00,194.1,201.00719999999998,2026-01-22 13:33:00,TSL,6.11,1670.02,True,ARMED(conf=0.81),FINNIFTY
2026-01-22,TREND_FOLLOWING,PE,NORMAL,0.869,10,2026-01-22 14:01:00,140.85,146.90200000000002,2026-01-22 14:08:00,TSL,5.25,2060.8,True,ARMED(conf=0.87),FINNIFTY
2026-01-22,MACD_DIVERGENCE,CE,NORMAL,0.835,8,2026-01-22 14:16:00,192.25,206.9608,2026-01-22 14:27:00,TSL,13.91,4411.46,True,ARMED(conf=0.84),FINNIFTY
2026-01-23,BEAR_TREND_FOLLOWER,PE,TRENDING_BEAR,0.916,21,2026-01-23 12:46:00,97.85,114.384,2026-01-23 12:47:00,TSL,15.73,13176.56,True,ARMED(conf=0.92),FINNIFTY
2026-01-23,OPTIONS_GREEKS,CE,TRENDING_BEAR,0.829,9,2026-01-23 14:01:00,148.7,160.992,2026-01-23 14:02:00,TSL,11.49,4097.12,True,ARMED(conf=0.83),FINNIFTY
2026-01-28,ULTIMATE_DAY_HIGH_LOW,CE,RANGE_BOUND,0.84,3,2026-01-28 10:46:00,510.3,555.4079999999999,2026-01-28 11:39:00,TSL,44.31,5276.96,True,ARMED(conf=0.84),FINNIFTY
2026-01-28,VWAP_BOUNCE,PE,RANGE_BOUND,0.833,3,2026-01-28 12:46:00,406.3,421.4,2026-01-28 13:22:00,TSL,14.3,1676.0,True,ARMED(conf=0.83),FINNIFTY
2026-01-28,MOMENTUM_BURST,PE,RANGE_BOUND,0.829,3,2026-01-28 13:16:00,401.0,419.68,2026-01-28 13:22:00,TSL,17.88,2105.6,True,ARMED(conf=0.83),FINNIFTY
2026-01-28,OPTIONS_GREEKS,CE,RANGE_BOUND,0.83,3,2026-01-28 13:46:00,526.55,525.2,2026-01-28 14:30:00,TIME,-2.15,-298.0,False,ARMED(conf=0.83),FINNIFTY
2026-01-29,MOMENTUM_BURST,CE,TRENDING_BULL,0.825,2,2026-01-29 12:46:00,479.0,516.6944,2026-01-29 13:18:00,TSL,36.89,2911.55,True,ARMED(conf=0.83),FINNIFTY
2026-01-29,ATR_BREAK,CE,TRENDING_BULL,0.825,2,2026-01-29 12:46:00,479.0,510.34159999999997,2026-01-29 13:20:00,TSL,30.54,2403.33,True,ARMED(conf=0.83),FINNIFTY
2026-01-29,OPTIONS_GREEKS,PE,TRENDING_BULL,0.827,4,2026-01-29 14:01:00,381.4,372.9,2026-01-29 14:30:00,TIME,-9.3,-1528.0,False,ARMED(conf=0.83),FINNIFTY
2026-01-30,VWAP_BOUNCE,PE,RANGE_BOUND,0.827,3,2026-01-30 13:16:00,390.0,328.9,2026-01-30 13:54:00,SPOT_SL,-61.9,-7468.0,False,ARMED(conf=0.83),FINNIFTY
2026-01-30,EMA_CROSSOVER,PE,RANGE_BOUND,0.827,3,2026-01-30 13:16:00,390.0,328.9,2026-01-30 13:54:00,SPOT_SL,-61.9,-7468.0,False,ARMED(conf=0.83),FINNIFTY
2026-02-02,MACD_DIVERGENCE,CE,TRENDING_BEAR,0.836,3,2026-02-02 12:46:00,493.3,524.6976,2026-02-02 13:12:00,TSL,30.6,3631.71,True,ARMED(conf=0.84),FINNIFTY
2026-02-02,TREND_FOLLOWING,PE,TRENDING_BEAR,0.87,4,2026-02-02 13:16:00,350.0,361.62,2026-02-02 13:19:00,TSL,10.82,1691.2,True,ARMED(conf=0.87),FINNIFTY
2026-02-02,MACD_DIVERGENCE,CE,TRENDING_BEAR,0.837,3,2026-02-02 13:31:00,490.0,517.9632,2026-02-02 13:43:00,TSL,27.16,3219.58,True,ARMED(conf=0.84),FINNIFTY
2026-02-04,MACD_DIVERGENCE,CE,NORMAL,0.834,3,2026-02-04 13:01:00,408.2,426.9512,2026-02-04 13:23:00,TSL,17.95,2114.14,True,ARMED(conf=0.83),FINNIFTY
2026-02-04,MOMENTUM_BURST,CE,NORMAL,0.828,3,2026-02-04 13:16:00,389.6,409.92,2026-02-04 13:45:00,TSL,19.52,2302.4,True,ARMED(conf=0.83),FINNIFTY
2026-02-05,ULTIMATE_DAY_HIGH_LOW,CE,RANGE_BOUND,0.839,4,2026-02-05 13:01:00,394.65,374.0,2026-02-05 14:30:00,TIME,-21.45,-3472.0,False,ARMED(conf=0.84),FINNIFTY
2026-02-06,MACD_DIVERGENCE,PE,NORMAL,0.838,5,2026-02-06 13:01:00,264.6,248.95,2026-02-06 14:30:00,TIME,-16.45,-3330.0,False,ARMED(conf=0.84),FINNIFTY
2026-02-09,ULTIMATE_DAY_HIGH_LOW,CE,RANGE_BOUND,0.827,6,2026-02-09 12:16:00,286.7,298.0,2026-02-09 14:30:00,TIME,10.5,2480.0,True,ARMED(conf=0.83),FINNIFTY
2026-02-11,SCALPING,CE,RANGE_BOUND,0.836,7,2026-02-11 12:46:00,238.65,251.17360000000002,2026-02-11 12:57:00,TSL,11.72,3242.61,True,ARMED(conf=0.84),FINNIFTY
2026-02-11,MACD_DIVERGENCE,PE,RANGE_BOUND,0.831,6,2026-02-11 13:46:00,220.45,225.0,2026-02-11 14:30:00,TIME,3.75,860.0,True,ARMED(conf=0.83),FINNIFTY
2026-02-12,SCALPING,CE,RANGE_BOUND,0.823,7,2026-02-12 12:46:00,230.0,206.15,2026-02-12 14:30:00,TIME,-24.65,-6942.0,False,ARMED(conf=0.82),FINNIFTY
2026-02-13,BEAR_TREND_FOLLOWER,PE,TRENDING_BEAR,0.871,11,2026-02-13 12:46:00,194.15,205.248,2026-02-13 13:08:00,TSL,10.3,4491.12,True,ARMED(conf=0.87),FINNIFTY
2026-02-13,TREND_FOLLOWING,PE,TRENDING_BEAR,0.85,6,2026-02-13 13:16:00,191.1,196.78400000000002,2026-02-13 13:25:00,TSL,4.88,1132.16,True,ARMED(conf=0.85),FINNIFTY
2026-02-13,MOMENTUM_BURST,PE,TRENDING_BEAR,0.833,7,2026-02-13 13:46:00,188.0,197.20080000000002,2026-02-13 13:47:00,TSL,8.4,2312.22,True,ARMED(conf=0.83),FINNIFTY
2026-02-16,MOMENTUM_BURST,CE,TRENDING_BULL,0.828,6,2026-02-16 13:01:00,224.95,234.24,2026-02-16 13:29:00,TSL,8.49,1997.6,True,ARMED(conf=0.83),FINNIFTY
2026-02-16,OPTIONS_GREEKS,PE,TRENDING_BULL,0.837,8,2026-02-16 13:46:00,202.25,209.28,2026-02-16 14:02:00,TSL,6.23,1953.6,True,ARMED(conf=0.84),FINNIFTY
2026-02-18,MACD_DIVERGENCE,PE,NORMAL,0.836,9,2026-02-18 13:16:00,155.85,163.04080000000002,2026-02-18 13:45:00,TSL,6.39,2260.69,True,ARMED(conf=0.84),FINNIFTY
2026-02-18,SCALPING,CE,NORMAL,0.816,10,2026-02-18 13:46:00,166.4,181.97519999999997,2026-02-18 14:19:00,TSL,14.78,5870.08,True,ARMED(conf=0.82),FINNIFTY
2026-02-19,OPTIONS_GREEKS,CE,TRENDING_BEAR,0.833,10,2026-02-19 13:01:00,164.0,170.304,2026-02-19 13:05:00,TSL,5.5,2161.6,True,ARMED(conf=0.83),FINNIFTY
2026-02-19,MOMENTUM_BURST,PE,TRENDING_BEAR,0.825,9,2026-02-19 13:46:00,163.05,171.23919999999998,2026-02-19 13:52:00,TSL,7.39,2620.11,True,ARMED(conf=0.83),FINNIFTY
2026-02-19,MACD_DIVERGENCE,CE,TRENDING_BEAR,0.829,8,2026-02-19 14:01:00,180.65,191.052,2026-02-19 14:20:00,TSL,9.6,3032.64,True,ARMED(conf=0.83),FINNIFTY
2026-02-20,OPTIONS_GREEKS,PE,TRENDING_BULL,0.839,11,2026-02-20 12:46:00,148.0,160.03199999999998,2026-02-20 12:59:00,TSL,11.23,4902.08,True,ARMED(conf=0.84),FINNIFTY
2026-02-20,OPTIONS_GREEKS,PE,TRENDING_BULL,0.837,11,2026-02-20 14:16:00,147.9,151.152,2026-02-20 14:26:00,TSL,2.45,1038.88,True,ARMED(conf=0.84),FINNIFTY
2026-02-23,MOMENTUM_BURST,PE,TRENDING_BULL,0.83,10,2026-02-23 12:46:00,137.85,149.7184,2026-02-23 12:47:00,TSL,11.07,4387.36,True,ARMED(conf=0.83),FINNIFTY
2026-02-23,MOMENTUM_BURST,PE,TRENDING_BULL,0.829,11,2026-02-23 13:01:00,135.4,140.39759999999998,2026-02-23 13:03:00,TSL,4.2,1806.94,True,ARMED(conf=0.83),FINNIFTY
2026-02-23,MACD_DIVERGENCE,CE,TRENDING_BULL,0.836,12,2026-02-23 13:16:00,117.4,125.95280000000001,2026-02-23 13:18:00,TSL,7.75,3681.34,True,ARMED(conf=0.84),FINNIFTY
2026-02-23,MOMENTUM_BURST,PE,TRENDING_BULL,0.834,12,2026-02-23 13:31:00,119.8,131.7112,2026-02-23 13:32:00,TSL,11.11,5293.38,True,ARMED(conf=0.83),FINNIFTY
2026-02-23,MOMENTUM_BURST,PE,TRENDING_BULL,0.829,11,2026-02-23 13:46:00,124.2,130.6376,2026-02-23 13:47:00,TSL,5.64,2440.54,True,ARMED(conf=0.83),FINNIFTY
2026-02-23,MOMENTUM_BURST,PE,TRENDING_BULL,0.827,12,2026-02-23 14:01:00,116.9,126.83119999999998,2026-02-23 14:02:00,TSL,9.13,4342.98,True,ARMED(conf=0.83),FINNIFTY
2026-02-23,MACD_DIVERGENCE,CE,TRENDING_BULL,0.836,14,2026-02-23 14:16:00,104.5,114.33840000000001,2026-02-23 14:29:00,TSL,9.04,5021.5,True,ARMED(conf=0.84),FINNIFTY
2026-02-24,ZERO_HERO,PE,TRENDING_BEAR,0.84,33,2026-02-24 10:01:00,53.15,39.8625,2026-02-24 10:32:00,SL,-14.09,-18635.5,False,ARMED(conf=0.84),FINNIFTY
2026-02-25,MOMENTUM_BURST,PE,RANGE_BOUND,0.818,4,2026-02-25 12:46:00,375.85,394.06,2026-02-25 13:09:00,TSL,17.41,2745.6,True,ARMED(conf=0.82),FINNIFTY
2026-02-25,LONG_UNWIND,PE,RANGE_BOUND,0.825,4,2026-02-25 13:16:00,368.3,359.8,2026-02-25 14:30:00,TIME,-9.3,-1528.0,False,ARMED(conf=0.83),FINNIFTY
2026-02-25,MACD_DIVERGENCE,CE,RANGE_BOUND,0.825,2,2026-02-25 13:16:00,504.0,539.9232000000001,2026-02-25 13:26:00,TSL,35.12,2769.86,True,ARMED(conf=0.83),FINNIFTY
2026-02-25,MACD_DIVERGENCE,CE,RANGE_BOUND,0.828,2,2026-02-25 13:46:00,504.55,564.4696,2026-02-25 14:00:00,TSL,59.12,4689.57,True,ARMED(conf=0.83),FINNIFTY
2026-02-26,BEAR_TREND_FOLLOWER,PE,NORMAL,0.881,6,2026-02-26 12:46:00,380.2,388.8,2026-02-26 14:17:00,TSL,7.8,1832.0,True,ARMED(conf=0.88),FINNIFTY
2026-02-27,BEAR_TREND_FOLLOWER,PE,TRENDING_BEAR,0.875,6,2026-02-27 12:46:00,374.9,372.55,2026-02-27 14:30:00,TIME,-3.15,-796.0,False,ARMED(conf=0.88),FINNIFTY
2026-03-02,OPTIONS_GREEKS,CE,TRENDING_BEAR,0.823,2,2026-03-02 13:31:00,562.6,632.3,2026-03-02 14:30:00,TIME,68.9,5472.0,True,ARMED(conf=0.82),FINNIFTY
2026-03-02,MOMENTUM_BURST,PE,TRENDING_BEAR,0.818,3,2026-03-02 13:46:00,427.85,469.7976,2026-03-02 14:01:00,TSL,41.15,4897.71,True,ARMED(conf=0.82),FINNIFTY
2026-03-02,VWAP_BOUNCE,PE,TRENDING_BEAR,0.84,3,2026-03-02 14:16:00,432.2,440.0,2026-03-02 14:30:00,TIME,7.0,800.0,True,ARMED(conf=0.84),FINNIFTY
2026-03-04,EMA_CROSSOVER,CE,NORMAL,0.827,2,2026-03-04 13:01:00,667.05,500.28749999999997,2026-03-04 14:14:00,SL,-167.56,-13445.0,False,ARMED(conf=0.83),FINNIFTY
2026-03-04,MACD_DIVERGENCE,PE,NORMAL,0.828,2,2026-03-04 13:31:00,499.45,453.3,2026-03-04 14:14:00,SPOT_SL,-46.95,-3796.0,False,ARMED(conf=0.83),FINNIFTY
2026-03-05,AI_ENHANCED,CE,TRENDING_BULL,0.839,2,2026-03-05 12:16:00,605.4,539.0,2026-03-05 14:09:00,SPOT_SL,-67.2,-5416.0,False,ARMED(conf=0.84),FINNIFTY
2026-03-05,LONG_UNWIND,PE,TRENDING_BULL,0.836,3,2026-03-05 14:16:00,463.55,434.9,2026-03-05 14:30:00,TIME,-29.45,-3574.0,False,ARMED(conf=0.84),FINNIFTY
2026-03-06,BEAR_TREND_FOLLOWER,PE,TRENDING_BEAR,0.882,4,2026-03-06 12:46:00,478.15,499.2,2026-03-06 14:12:00,TSL,20.25,3200.0,True,ARMED(conf=0.88),FINNIFTY
2026-04-24,PUT_WRITER_SUPPORT,CE,TRENDING_BULL,0.838,7,2026-04-24 12:46:00,242.15,276.4,2026-04-24 14:30:00,TIME,33.45,9326.0,True,ARMED(conf=0.84),FINNIFTY
2026-04-28,ZERO_HERO,PE,TRENDING_BEAR,0.828,65,2026-04-28 11:01:00,16.75,51.95,2026-04-28 13:24:00,TSL,34.4,89400.0,True,ARMED(conf=0.83),FINNIFTY
2026-04-28,ZERO_HERO,PE,TRENDING_BEAR,0.824,100,2026-04-28 12:46:00,11.05,8.287500000000001,2026-04-28 13:18:00,SL,-3.56,-14290.0,False,ARMED(conf=0.82),FINNIFTY
2026-04-28,ZERO_HERO,PE,TRENDING_BEAR,0.824,100,2026-04-28 13:31:00,15.7,14.55,2026-04-28 13:32:00,TIME,-1.95,-7840.0,False,ARMED(conf=0.82),FINNIFTY
2026-04-28,ZERO_HERO,PE,TRENDING_BEAR,0.824,100,2026-04-28 14:01:00,13.9,12.8,2026-04-28 14:02:00,TIME,-1.9,-7640.0,False,ARMED(conf=0.82),FINNIFTY
2026-04-29,OPTIONS_GREEKS,PE,TRENDING_BULL,0.832,3,2026-04-29 13:16:00,465.75,566.9,2026-04-29 14:41:00,TIME,100.35,12002.0,True,ARMED(conf=0.83),FINNIFTY
2026-04-29,EMA_CROSSOVER,PE,TRENDING_BULL,0.823,2,2026-04-29 14:16:00,515.55,515.3,2026-04-29 14:41:00,TIME,-1.05,-124.0,False,ARMED(conf=0.82),FINNIFTY
2026-05-21,MOMENTUM_BURST,PE,TRENDING_BEAR,0.82,6,2026-05-21 12:46:00,250.55,267.8144,2026-05-21 13:01:00,TSL,16.46,3911.46,True,ARMED(conf=0.82),FINNIFTY
2026-05-21,OPTIONS_GREEKS,CE,TRENDING_BEAR,0.837,6,2026-05-21 13:31:00,253.45,270.528,2026-05-21 13:37:00,TSL,16.28,3866.72,True,ARMED(conf=0.84),FINNIFTY
2026-05-21,TREND_FOLLOWING,PE,TRENDING_BEAR,0.863,6,2026-05-21 13:46:00,232.5,242.158,2026-05-21 13:50:00,TSL,8.86,2085.92,True,ARMED(conf=0.86),FINNIFTY
2026-05-22,MOMENTUM_BURST,CE,TRENDING_BULL,0.827,6,2026-05-22 12:46:00,229.3,250.1,2026-05-22 12:50:00,TSL,20.0,4760.0,True,ARMED(conf=0.83),FINNIFTY
2026-05-22,MACD_DIVERGENCE,PE,TRENDING_BULL,0.834,8,2026-05-22 13:46:00,168.7,176.60719999999998,2026-05-22 13:52:00,TSL,7.11,2234.3,True,ARMED(conf=0.83),FINNIFTY
2026-05-22,OPTIONS_GREEKS,PE,TRENDING_BULL,0.839,9,2026-05-22 14:01:00,180.0,191.23199999999997,2026-05-22 14:04:00,TSL,10.43,3715.52,True,ARMED(conf=0.84),FINNIFTY
2026-05-26,ZERO_HERO,CE,NORMAL,0.84,43,2026-05-26 10:16:00,40.2,30.150000000000002,2026-05-26 10:20:00,SL,-10.85,-18702.0,False,ARMED(conf=0.84),FINNIFTY
2026-05-27,ULTIMATE_DAY_HIGH_LOW,CE,NORMAL,0.84,2,2026-05-27 10:16:00,624.95,580.0,2026-05-27 12:59:00,SPOT_SL,-45.75,-3700.0,False,ARMED(conf=0.84),FINNIFTY
2026-05-27,TREND_FOLLOWING,PE,NORMAL,0.829,3,2026-05-27 13:01:00,500.55,500.5,2026-05-27 14:31:00,TIME,-0.85,-142.0,False,ARMED(conf=0.83),FINNIFTY
2025-02-03,MACD_DIVERGENCE,CE,TRENDING_BULL,0.817,3,2025-02-03 12:46:00,1042.0,1084.321,2025-02-03 13:06:00,TSL,40.82,1796.94,True,ARMED(conf=0.82),BANKNIFTY
2025-02-03,MOMENTUM_BURST,CE,TRENDING_BULL,0.826,3,2025-02-03 13:01:00,1058.4,1114.995,2025-02-03 13:09:00,TSL,55.09,2439.27,True,ARMED(conf=0.83),BANKNIFTY
2025-02-03,MACD_DIVERGENCE,PE,TRENDING_BULL,0.839,5,2025-02-03 13:16:00,735.25,778.904,2025-02-03 13:28:00,TSL,42.15,3121.55,True,ARMED(conf=0.84),BANKNIFTY
2025-02-04,MOMENTUM_BURST,CE,TRENDING_BULL,0.823,4,2025-02-04 12:46:00,939.0,984.753,2025-02-04 13:01:00,TSL,44.25,2615.18,True,ARMED(conf=0.82),BANKNIFTY
2025-02-04,OPTIONS_GREEKS,PE,TRENDING_BULL,0.83,6,2025-02-04 13:16:00,773.55,792.25,2025-02-04 14:30:00,TIME,17.2,1508.0,True,ARMED(conf=0.83),BANKNIFTY
2025-02-06,VWAP_BOUNCE,PE,RANGE_BOUND,0.838,5,2025-02-06 13:46:00,670.7,648.95,2025-02-06 14:30:00,TIME,-23.25,-1783.75,False,ARMED(conf=0.84),BANKNIFTY
2025-02-07,BEAR_TREND_FOLLOWER,PE,TRENDING_BEAR,0.891,9,2025-02-07 12:46:00,614.85,628.9920000000001,2025-02-07 13:14:00,TSL,12.64,1666.67,True,ARMED(conf=0.89),BANKNIFTY
2025-02-07,MACD_DIVERGENCE,CE,TRENDING_BEAR,0.831,4,2025-02-07 13:16:00,859.0,743.6,2025-02-07 14:19:00,SPOT_SL,-116.9,-7054.0,False,ARMED(conf=0.83),BANKNIFTY
2025-02-10,MACD_DIVERGENCE,CE,NORMAL,0.839,4,2025-02-10 13:16:00,853.75,921.298,2025-02-10 13:51:00,TSL,66.05,3922.88,True,ARMED(conf=0.84),BANKNIFTY
2025-02-10,TREND_FOLLOWING,PE,NORMAL,0.866,6,2025-02-10 14:01:00,608.45,638.9110000000001,2025-02-10 14:16:00,TSL,28.96,2566.49,True,ARMED(conf=0.87),BANKNIFTY
2025-02-11,BEAR_TREND_FOLLOWER,PE,TRENDING_BEAR,0.888,10,2025-02-11 12:46:00,583.15,611.712,2025-02-11 12:55:00,TSL,27.06,4019.3,True,ARMED(conf=0.89),BANKNIFTY
2025-02-11,MOMENTUM_BURST,PE,TRENDING_BEAR,0.821,6,2025-02-11 13:01:00,597.7,620.977,2025-02-11 13:05:00,TSL,21.78,1919.93,True,ARMED(conf=0.82),BANKNIFTY
2025-02-11,BOLLINGER_SQUEEZE,PE,TRENDING_BEAR,0.823,6,2025-02-11 13:16:00,578.55,628.7189999999999,2025-02-11 14:03:00,TSL,48.67,4340.21,True,ARMED(conf=0.82),BANKNIFTY
2025-02-13,EMA_CROSSOVER,PE,TRENDING_BEAR,0.823,6,2025-02-13 13:01:00,572.75,595.18875,2025-02-13 13:09:00,TSL,20.94,1844.49,True,ARMED(conf=0.82),BANKNIFTY
2025-02-13,BOLLINGER_SQUEEZE,PE,TRENDING_BEAR,0.823,6,2025-02-13 13:16:00,575.75,612.794,2025-02-13 13:26:00,TSL,35.54,3158.96,True,ARMED(conf=0.82),BANKNIFTY
2025-02-14,MACD_DIVERGENCE,PE,TRENDING_BEAR,0.821,7,2025-02-14 12:46:00,540.3,599.76,2025-02-14 12:59:00,TSL,57.96,6045.8,True,ARMED(conf=0.82),BANKNIFTY
2025-02-14,TREND_FOLLOWING,PE,TRENDING_BEAR,0.824,7,2025-02-14 13:31:00,565.55,589.862,2025-02-14 13:37:00,TSL,22.81,2355.26,True,ARMED(conf=0.82),BANKNIFTY
2025-02-14,MACD_DIVERGENCE,CE,TRENDING_BEAR,0.827,5,2025-02-14 14:01:00,733.45,779.1,2025-02-14 14:16:00,TSL,44.15,3271.25,True,ARMED(conf=0.83),BANKNIFTY
2025-02-17,RESIST_BREAK,CE,TRENDING_BULL,0.826,6,2025-02-17 13:31:00,738.05,769.2099999999999,2025-02-17 13:33:00,TSL,29.66,2629.4,True,ARMED(conf=0.83),BANKNIFTY
2025-02-17,MACD_DIVERGENCE,CE,TRENDING_BULL,0.83,5,2025-02-17 14:16:00,693.0,729.316,2025-02-17 14:19:00,TSL,34.82,2571.2,True,ARMED(conf=0.83),BANKNIFTY
2025-02-18,MACD_DIVERGENCE,CE,TRENDING_BEAR,0.839,5,2025-02-18 13:01:00,628.3,652.68,2025-02-18 13:21:00,TSL,22.88,1676.0,True,ARMED(conf=0.84),BANKNIFTY
2025-02-18,MACD_DIVERGENCE,PE,TRENDING_BEAR,0.837,7,2025-02-18 13:46:00,507.05,528.6610000000001,2025-02-18 13:47:00,TSL,20.11,2071.66,True,ARMED(conf=0.84),BANKNIFTY
2025-02-20,SCALPING,CE,NORMAL,0.829,9,2025-02-20 13:31:00,512.75,599.4169999999999,2025-02-20 13:45:00,TSL,85.17,11457.54,True,ARMED(conf=0.83),BANKNIFTY
2025-02-20,SCALPING,CE,NORMAL,0.828,8,2025-02-20 13:46:00,547.8,558.6,2025-02-20 14:30:00,TIME,9.3,1076.0,True,ARMED(conf=0.83),BANKNIFTY
2025-02-21,TREND_FOLLOWING,PE,TRENDING_BEAR,0.825,11,2025-02-21 13:16:00,348.15,358.68,2025-02-21 13:17:00,TSL,9.03,1449.95,True,ARMED(conf=0.82),BANKNIFTY
2025-02-21,OPTIONS_GREEKS,CE,TRENDING_BEAR,0.834,10,2025-02-21 13:46:00,448.8,470.78399999999993,2025-02-21 14:03:00,TSL,20.48,3032.6,True,ARMED(conf=0.83),BANKNIFTY
2025-02-21,MOMENTUM_BURST,PE,TRENDING_BEAR,0.836,12,2025-02-21 14:16:00,333.75,334.95,2025-02-21 14:30:00,TIME,-0.3,-94.0,False,ARMED(conf=0.84),BANKNIFTY
2025-02-24,MACD_DIVERGENCE,CE,TRENDING_BEAR,0.834,11,2025-02-24 13:46:00,359.85,378.966,2025-02-24 13:50:00,TSL,17.62,2866.64,True,ARMED(conf=0.83),BANKNIFTY
2025-02-25,MACD_DIVERGENCE,CE,NORMAL,0.838,17,2025-02-25 13:01:00,157.7,166.06099999999998,2025-02-25 13:38:00,TSL,6.86,1709.55,True,ARMED(conf=0.84),BANKNIFTY
2025-02-28,AI_ENHANCED,CE,NORMAL,0.835,4,2025-02-28 12:16:00,956.55,866.35,2025-02-28 12:38:00,SPOT_SL,-91.7,-5542.0,False,ARMED(conf=0.84),BANKNIFTY
2025-02-28,LONG_UNWIND,PE,NORMAL,0.827,6,2025-02-28 13:01:00,744.4,634.9,2025-02-28 14:15:00,SPOT_SL,-111.0,-10030.0,False,ARMED(conf=0.83),BANKNIFTY
2025-03-03,AI_ENHANCED,CE,TRENDING_BEAR,0.829,5,2025-03-03 12:31:00,927.55,957.7439999999999,2025-03-03 12:37:00,TSL,28.69,2112.05,True,ARMED(conf=0.83),BANKNIFTY
2025-03-03,MACD_DIVERGENCE,PE,TRENDING_BEAR,0.837,6,2025-03-03 13:16:00,653.8,686.0,2025-03-03 13:29:00,TSL,30.7,2723.0,True,ARMED(conf=0.84),BANKNIFTY
2025-03-03,AI_ENHANCED,CE,TRENDING_BEAR,0.835,5,2025-03-03 13:31:00,919.95,938.4,2025-03-03 13:55:00,TSL,16.95,1231.25,True,ARMED(conf=0.84),BANKNIFTY
2025-03-04,AI_ENHANCED,CE,TRENDING_BULL,0.836,5,2025-03-04 12:16:00,842.0,868.272,2025-03-04 12:48:00,TSL,24.77,1817.9,True,ARMED(conf=0.84),BANKNIFTY
2025-03-04,MACD_DIVERGENCE,CE,TRENDING_BULL,0.832,4,2025-03-04 13:01:00,869.8,913.164,2025-03-04 14:01:00,TSL,41.86,2471.84,True,ARMED(conf=0.83),BANKNIFTY
2025-03-04,MACD_DIVERGENCE,PE,TRENDING_BULL,0.832,6,2025-03-04 14:16:00,646.4,668.25,2025-03-04 14:30:00,TIME,20.35,1791.5,True,ARMED(conf=0.83),BANKNIFTY
2025-03-06,MACD_DIVERGENCE,PE,TRENDING_BEAR,0.837,6,2025-03-06 13:31:00,636.0,626.0,2025-03-06 14:30:00,TIME,-11.5,-1075.0,False,ARMED(conf=0.84),BANKNIFTY
2025-03-07,MACD_DIVERGENCE,PE,RANGE_BOUND,0.833,6,2025-03-07 12:46:00,593.0,622.153,2025-03-07 12:55:00,TSL,27.65,2448.77,True,ARMED(conf=0.83),BANKNIFTY
2025-03-10,AI_ENHANCED,CE,NORMAL,0.84,6,2025-03-10 13:46:00,671.0,586.45,2025-03-10 14:23:00,SPOT_SL,-86.05,-7784.5,False,ARMED(conf=0.84),BANKNIFTY
2025-03-11,MACD_DIVERGENCE,PE,RANGE_BOUND,0.837,6,2025-03-11 12:46:00,576.1,604.2189999999999,2025-03-11 13:08:00,TSL,26.62,2355.71,True,ARMED(conf=0.84),BANKNIFTY
2025-03-11,SCALPING,CE,RANGE_BOUND,0.835,6,2025-03-11 13:16:00,660.05,685.951,2025-03-11 13:32:00,TSL,24.4,2156.09,True,ARMED(conf=0.83),BANKNIFTY
2025-03-11,SCALPING,CE,RANGE_BOUND,0.827,6,2025-03-11 13:46:00,707.2,734.755,2025-03-11 14:03:00,TSL,26.05,2304.95,True,ARMED(conf=0.83),BANKNIFTY
2025-03-11,MACD_DIVERGENCE,PE,RANGE_BOUND,0.837,6,2025-03-11 14:16:00,580.0,594.0,2025-03-11 14:30:00,TIME,12.5,1085.0,True,ARMED(conf=0.84),BANKNIFTY
2025-03-13,AI_ENHANCED,CE,NORMAL,0.838,8,2025-03-13 12:31:00,572.2,512.25,2025-03-13 14:30:00,TIME,-61.45,-7414.0,False,ARMED(conf=0.84),BANKNIFTY
2025-03-17,MACD_DIVERGENCE,CE,RANGE_BOUND,0.838,8,2025-03-17 13:01:00,547.0,568.351,2025-03-17 14:10:00,TSL,19.85,2342.12,True,ARMED(conf=0.84),BANKNIFTY
2025-03-18,MACD_DIVERGENCE,CE,TRENDING_BULL,0.838,8,2025-03-18 12:46:00,442.65,462.805,2025-03-18 13:00:00,TSL,18.66,2198.6,True,ARMED(conf=0.84),BANKNIFTY
2025-03-18,MACD_DIVERGENCE,PE,TRENDING_BULL,0.83,9,2025-03-18 14:01:00,414.7,403.15,2025-03-18 14:30:00,TIME,-13.05,-1801.75,False,ARMED(conf=0.83),BANKNIFTY
2025-03-20,ULTIMATE_DAY_HIGH_LOW,CE,RANGE_BOUND,0.833,12,2025-03-20 12:46:00,375.65,449.28,2025-03-20 13:23:00,TSL,72.13,12943.4,True,ARMED(conf=0.83),BANKNIFTY
2025-03-20,SCALPING,CE,RANGE_BOUND,0.821,12,2025-03-20 13:31:00,382.9,401.506,2025-03-20 13:43:00,TSL,17.11,3039.08,True,ARMED(conf=0.82),BANKNIFTY
2025-03-20,MACD_DIVERGENCE,PE,RANGE_BOUND,0.831,11,2025-03-20 14:01:00,339.15,354.17199999999997,2025-03-20 14:14:00,TSL,13.52,2191.13,True,ARMED(conf=0.83),BANKNIFTY
2025-03-21,OPTIONS_GREEKS,PE,TRENDING_BULL,0.833,14,2025-03-21 13:01:00,317.8,335.23199999999997,2025-03-21 13:14:00,TSL,15.93,3305.72,True,ARMED(conf=0.83),BANKNIFTY
2025-03-21,MOMENTUM_BURST,CE,TRENDING_BULL,0.828,11,2025-03-21 13:16:00,341.9,357.945,2025-03-21 13:18:00,TSL,14.55,2359.93,True,ARMED(conf=0.83),BANKNIFTY
2025-03-21,OPTIONS_GREEKS,PE,TRENDING_BULL,0.84,15,2025-03-21 13:31:00,301.8,317.856,2025-03-21 13:33:00,TSL,14.56,3235.1,True,ARMED(conf=0.84),BANKNIFTY
2025-03-21,MOMENTUM_BURST,CE,TRENDING_BULL,0.832,11,2025-03-21 14:16:00,341.1,358.288,2025-03-21 14:21:00,TSL,15.69,2548.52,True,ARMED(conf=0.83),BANKNIFTY
2025-03-24,OPTIONS_GREEKS,PE,TRENDING_BULL,0.832,12,2025-03-24 12:46:00,359.45,377.28,2025-03-24 12:57:00,TSL,16.33,2899.4,True,ARMED(conf=0.83),BANKNIFTY
2025-03-24,OPTIONS_GREEKS,PE,TRENDING_BULL,0.833,13,2025-03-24 13:16:00,354.05,371.52,2025-03-24 13:20:00,TSL,15.97,3074.15,True,ARMED(conf=0.83),BANKNIFTY
2025-03-24,MOMENTUM_BURST,CE,TRENDING_BULL,0.83,12,2025-03-24 14:01:00,324.15,340.158,2025-03-24 14:13:00,TSL,14.51,2571.44,True,ARMED(conf=0.83),BANKNIFTY
2025-03-24,MOMENTUM_BURST,CE,TRENDING_BULL,0.828,11,2025-03-24 14:16:00,339.15,353.68199999999996,2025-03-24 14:25:00,TSL,13.03,2110.28,True,ARMED(conf=0.83),BANKNIFTY
2025-03-25,MOMENTUM_BURST,PE,TRENDING_BEAR,0.827,16,2025-03-25 13:16:00,237.3,267.05,2025-03-25 13:17:00,TSL,28.25,6740.0,True,ARMED(conf=0.83),BANKNIFTY
2025-03-25,MACD_DIVERGENCE,CE,TRENDING_BEAR,0.836,13,2025-03-25 13:31:00,295.85,307.965,2025-03-25 13:33:00,TSL,10.61,2029.92,True,ARMED(conf=0.84),BANKNIFTY
2025-03-25,TREND_FOLLOWING,PE,TRENDING_BEAR,0.846,16,2025-03-25 14:16:00,200.75,211.582,2025-03-25 14:17:00,TSL,9.33,2199.68,True,ARMED(conf=0.85),BANKNIFTY
2025-03-28,TREND_FOLLOWING,PE,NORMAL,0.844,6,2025-03-28 13:01:00,609.0,627.298,2025-03-28 13:05:00,TSL,16.8,1471.82,True,ARMED(conf=0.84),BANKNIFTY
2025-03-28,MACD_DIVERGENCE,CE,NORMAL,0.835,4,2025-03-28 14:01:00,906.65,963.8789999999999,2025-03-28 14:16:00,TSL,55.73,3303.74,True,ARMED(conf=0.83),BANKNIFTY
2025-04-03,MACD_DIVERGENCE,CE,TRENDING_BULL,0.832,4,2025-04-03 12:46:00,852.6,940.212,2025-04-03 13:39:00,TSL,86.11,5126.72,True,ARMED(conf=0.83),BANKNIFTY
2025-04-03,MOMENTUM_BURST,CE,TRENDING_BULL,0.823,4,2025-04-03 13:46:00,828.3,836.35,2025-04-03 14:30:00,TIME,6.55,353.0,True,ARMED(conf=0.82),BANKNIFTY
2025-04-04,MACD_DIVERGENCE,CE,NORMAL,0.817,5,2025-04-04 12:46:00,741.45,649.2,2025-04-04 13:47:00,SPOT_SL,-93.75,-7071.25,False,ARMED(conf=0.82),BANKNIFTY
2025-04-04,MACD_DIVERGENCE,CE,NORMAL,0.839,5,2025-04-04 14:01:00,775.55,807.4219999999999,2025-04-04 14:16:00,TSL,30.37,2237.9,True,ARMED(conf=0.84),BANKNIFTY
2025-04-15,MACD_DIVERGENCE,CE,TRENDING_BULL,0.834,6,2025-04-15 13:01:00,611.15,636.314,2025-04-15 13:12:00,TSL,23.66,2089.76,True,ARMED(conf=0.83),BANKNIFTY
2025-04-15,OPTIONS_GREEKS,PE,TRENDING_BULL,0.815,8,2025-04-15 13:31:00,572.8,563.0,2025-04-15 14:30:00,TIME,-11.3,-1396.0,False,ARMED(conf=0.82),BANKNIFTY
2025-04-21,OPTIONS_GREEKS,PE,TRENDING_BULL,0.829,15,2025-04-21 13:01:00,354.55,369.456,2025-04-21 13:18:00,TSL,13.41,2976.35,True,ARMED(conf=0.83),BANKNIFTY
2025-04-21,VWAP_BOUNCE,CE,TRENDING_BULL,0.84,12,2025-04-21 13:46:00,273.05,299.096,2025-04-21 13:50:00,TSL,24.55,4378.28,True,ARMED(conf=0.84),BANKNIFTY
2025-04-22,MACD_DIVERGENCE,PE,TRENDING_BULL,0.835,14,2025-04-22 13:31:00,285.95,297.871,2025-04-22 13:37:00,TSL,10.42,2148.41,True,ARMED(conf=0.83),BANKNIFTY
2025-04-22,VWAP_BOUNCE,CE,TRENDING_BULL,0.839,16,2025-04-22 14:01:00,244.05,259.994,2025-04-22 14:04:00,TSL,14.44,3426.56,True,ARMED(conf=0.84),BANKNIFTY
2025-04-23,ZERO_HERO,PE,TRENDING_BEAR,0.84,31,2025-04-23 10:01:00,150.1,182.85,2025-04-23 13:30:00,TIME,31.25,14491.25,True,ARMED(conf=0.84),BANKNIFTY
2025-04-23,ZERO_HERO,PE,TRENDING_BEAR,0.835,62,2025-04-23 14:01:00,74.35,76.3,2025-04-23 14:02:00,TIME,0.45,378.5,True,ARMED(conf=0.83),BANKNIFTY
2025-04-23,ZERO_HERO,PE,TRENDING_BEAR,0.816,54,2025-04-23 14:16:00,85.2,83.15,2025-04-23 14:17:00,TIME,-3.55,-2915.5,False,ARMED(conf=0.82),BANKNIFTY
2025-04-23,ZERO_HERO,PE,TRENDING_BEAR,0.84,57,2025-04-23 14:31:00,80.3,75.65,2025-04-23 14:32:00,TIME,-6.15,-5298.25,False,ARMED(conf=0.84),BANKNIFTY
2025-04-28,MOMENTUM_BURST,CE,TRENDING_BULL,0.823,3,2025-04-28 12:46:00,1174.5,1221.815,2025-04-28 12:56:00,TSL,45.82,2021.68,True,ARMED(conf=0.82),BANKNIFTY
2025-04-28,OPTIONS_GREEKS,PE,TRENDING_BULL,0.826,4,2025-04-28 13:01:00,956.9,1027.45,2025-04-28 14:30:00,TIME,69.05,4103.0,True,ARMED(conf=0.83),BANKNIFTY
2025-04-29,TREND_FOLLOWING,PE,TRENDING_BEAR,0.85,3,2025-04-29 13:01:00,1035.0,1046.1,2025-04-29 14:30:00,TIME,9.6,392.0,True,ARMED(conf=0.85),BANKNIFTY
2025-04-29,VWAP_BOUNCE,PE,TRENDING_BEAR,0.84,3,2025-04-29 13:01:00,1035.0,1046.1,2025-04-29 14:30:00,TIME,9.6,392.0,True,ARMED(conf=0.84),BANKNIFTY
2025-05-02,BEAR_TREND_FOLLOWER,PE,NORMAL,0.876,5,2025-05-02 12:46:00,1078.5,1119.9,2025-05-02 14:30:00,TIME,39.9,2952.5,True,ARMED(conf=0.88),BANKNIFTY
2026-01-02,MACD_DIVERGENCE,CE,TRENDING_BULL,0.811,5,2026-01-02 13:01:00,742.25,714.0,2026-01-02 14:30:00,TIME,-29.75,-2271.25,False,ARMED(conf=0.81),BANKNIFTY
2026-01-05,BOLLINGER_SQUEEZE,PE,TRENDING_BEAR,0.824,7,2026-01-05 13:01:00,505.7,534.296,2026-01-05 13:12:00,TSL,27.1,2805.08,True,ARMED(conf=0.82),BANKNIFTY
2026-01-05,OPTIONS_GREEKS,CE,TRENDING_BEAR,0.803,6,2026-01-05 13:16:00,689.95,545.2,2026-01-05 14:05:00,SPOT_SL,-146.25,-13202.5,False,ARMED(conf=0.80),BANKNIFTY
2026-01-06,MACD_DIVERGENCE,CE,RANGE_BOUND,0.84,5,2026-01-06 12:46:00,722.1,652.1,2026-01-06 14:30:00,TIME,-71.5,-5402.5,False,ARMED(conf=0.84),BANKNIFTY
2026-01-08,BEAR_TREND_FOLLOWER,PE,NORMAL,0.894,12,2026-01-08 12:46:00,482.35,443.3,2026-01-08 14:30:00,TIME,-40.55,-7339.0,False,ARMED(conf=0.89),BANKNIFTY
2026-01-09,OPTIONS_GREEKS,CE,TRENDING_BEAR,0.825,6,2026-01-09 12:46:00,679.8,694.4639999999999,2026-01-09 13:14:00,TSL,13.16,1144.76,True,ARMED(conf=0.83),BANKNIFTY
2026-01-09,TREND_FOLLOWING,PE,TRENDING_BEAR,0.822,9,2026-01-09 13:31:00,425.45,437.472,2026-01-09 13:49:00,TSL,10.52,1380.47,True,ARMED(conf=0.82),BANKNIFTY
2026-01-12,ULTIMATE_DAY_HIGH_LOW,CE,NORMAL,0.824,6,2026-01-12 12:16:00,663.3,676.8,2026-01-12 12:17:00,TSL,12.0,1040.0,True,ARMED(conf=0.82),BANKNIFTY
2026-01-13,BEAR_TREND_FOLLOWER,PE,NORMAL,0.879,13,2026-01-13 12:46:00,434.15,454.128,2026-01-13 12:48:00,TSL,18.48,3563.21,True,ARMED(conf=0.88),BANKNIFTY
2026-01-13,OPTIONS_GREEKS,CE,NORMAL,0.828,7,2026-01-13 13:01:00,647.1,695.568,2026-01-13 13:55:00,TSL,46.97,4891.64,True,ARMED(conf=0.83),BANKNIFTY
2026-01-13,TREND_FOLLOWING,PE,NORMAL,0.829,9,2026-01-13 14:01:00,425.0,441.686,2026-01-13 14:04:00,TSL,15.19,2010.11,True,ARMED(conf=0.83),BANKNIFTY
2026-01-16,MACD_DIVERGENCE,CE,TRENDING_BULL,0.839,7,2026-01-16 13:01:00,533.0,557.2769999999999,2026-01-16 13:31:00,TSL,22.78,2351.58,True,ARMED(conf=0.84),BANKNIFTY
2026-01-16,VWAP_BOUNCE,CE,TRENDING_BULL,0.817,7,2026-01-16 14:01:00,538.75,527.25,2026-01-16 14:30:00,TIME,-13.0,-1405.0,False,ARMED(conf=0.82),BANKNIFTY
2026-01-19,SCALPING,CE,RANGE_BOUND,0.827,11,2026-01-19 12:46:00,406.2,431.004,2026-01-19 12:53:00,TSL,23.3,3805.16,True,ARMED(conf=0.83),BANKNIFTY
2026-01-19,VWAP_BOUNCE,CE,RANGE_BOUND,0.833,9,2026-01-19 13:46:00,420.0,442.96,2026-01-19 13:49:00,TSL,21.46,2857.1,True,ARMED(conf=0.83),BANKNIFTY
2026-01-20,TREND_FOLLOWING,PE,TRENDING_BEAR,0.828,11,2026-01-20 13:31:00,334.45,352.506,2026-01-20 13:36:00,TSL,16.56,2691.74,True,ARMED(conf=0.83),BANKNIFTY
2026-01-20,MOMENTUM_BURST,PE,TRENDING_BEAR,0.826,12,2026-01-20 13:46:00,322.6,335.15999999999997,2026-01-20 13:48:00,TSL,11.06,1950.8,True,ARMED(conf=0.83),BANKNIFTY
2026-01-20,MOMENTUM_BURST,PE,TRENDING_BEAR,0.822,11,2026-01-20 14:01:00,346.0,368.62699999999995,2026-01-20 14:03:00,TSL,21.13,3445.95,True,ARMED(conf=0.82),BANKNIFTY
2026-01-20,OPTIONS_GREEKS,CE,TRENDING_BEAR,0.834,11,2026-01-20 14:16:00,422.4,438.75,2026-01-20 14:30:00,TIME,14.85,2410.25,True,ARMED(conf=0.83),BANKNIFTY
2026-01-22,ULTIMATE_DAY_HIGH_LOW,CE,NORMAL,0.839,11,2026-01-22 12:16:00,415.2,425.472,2026-01-22 12:17:00,TSL,8.77,1407.38,True,ARMED(conf=0.84),BANKNIFTY
2026-01-22,BEAR_TREND_FOLLOWER,PE,NORMAL,0.917,19,2026-01-22 12:46:00,304.65,316.46399999999994,2026-01-22 12:47:00,TSL,10.31,2899.49,True,ARMED(conf=0.92),BANKNIFTY
2026-01-22,MACD_DIVERGENCE,CE,NORMAL,0.834,9,2026-01-22 13:16:00,411.0,428.603,2026-01-22 13:28:00,TSL,16.1,2133.91,True,ARMED(conf=0.83),BANKNIFTY
2026-01-22,TREND_FOLLOWING,PE,NORMAL,0.859,13,2026-01-22 14:01:00,291.3,305.95599999999996,2026-01-22 14:08:00,TSL,13.16,2525.42,True,ARMED(conf=0.86),BANKNIFTY
2026-01-23,MACD_DIVERGENCE,PE,TRENDING_BEAR,0.833,18,2026-01-23 12:46:00,209.5,245.343,2026-01-23 12:47:00,TSL,34.34,9232.61,True,ARMED(conf=0.83),BANKNIFTY
2026-01-23,MOMENTUM_BURST,PE,TRENDING_BEAR,0.818,17,2026-01-23 14:16:00,233.9,266.02099999999996,2026-01-23 14:17:00,TSL,30.62,7768.35,True,ARMED(conf=0.82),BANKNIFTY
2026-01-29,MOMENTUM_BURST,CE,TRENDING_BULL,0.822,3,2026-01-29 12:46:00,993.3,1036.35,2026-01-29 12:59:00,TSL,41.55,1829.75,True,ARMED(conf=0.82),BANKNIFTY
2026-01-29,ATR_BREAK,CE,TRENDING_BULL,0.822,3,2026-01-29 12:46:00,993.3,1054.4869999999999,2026-01-29 13:17:00,TSL,59.69,2645.91,True,ARMED(conf=0.82),BANKNIFTY
2026-01-29,OPTIONS_GREEKS,PE,TRENDING_BULL,0.826,5,2026-01-29 14:01:00,778.5,771.6,2026-01-29 14:30:00,TIME,-8.4,-670.0,False,ARMED(conf=0.83),BANKNIFTY
2026-01-30,EMA_CROSSOVER,PE,RANGE_BOUND,0.828,5,2026-01-30 13:01:00,777.0,812.8087499999999,2026-01-30 13:11:00,TSL,34.31,2533.16,True,ARMED(conf=0.83),BANKNIFTY
2026-01-30,BOLLINGER_SQUEEZE,PE,RANGE_BOUND,0.824,5,2026-01-30 13:16:00,822.0,701.3,2026-01-30 14:07:00,SPOT_SL,-122.2,-9205.0,False,ARMED(conf=0.82),BANKNIFTY
2026-01-30,MACD_DIVERGENCE,PE,RANGE_BOUND,0.84,5,2026-01-30 14:16:00,791.0,807.0,2026-01-30 14:30:00,TIME,14.5,1047.5,True,ARMED(conf=0.84),BANKNIFTY
2026-02-02,MACD_DIVERGENCE,CE,TRENDING_BULL,0.836,3,2026-02-02 12:46:00,1062.7,1116.367,2026-02-02 13:04:00,TSL,52.17,2307.51,True,ARMED(conf=0.84),BANKNIFTY
2026-02-02,LONG_UNWIND,PE,TRENDING_BULL,0.837,6,2026-02-02 13:16:00,694.25,761.568,2026-02-02 13:23:00,TSL,65.82,5883.62,True,ARMED(conf=0.84),BANKNIFTY
2026-02-02,MACD_DIVERGENCE,CE,TRENDING_BULL,0.833,3,2026-02-02 13:31:00,1029.0,1082.214,2026-02-02 13:42:00,TSL,51.71,2287.13,True,ARMED(conf=0.83),BANKNIFTY
2026-02-02,MACD_DIVERGENCE,PE,TRENDING_BULL,0.814,5,2026-02-02 14:01:00,706.15,738.185,2026-02-02 14:10:00,TSL,30.53,2250.12,True,ARMED(conf=0.81),BANKNIFTY
2026-02-03,MACD_DIVERGENCE,PE,TRENDING_BEAR,0.838,5,2026-02-03 13:16:00,698.2,727.062,2026-02-03 13:27:00,TSL,27.36,2012.15,True,ARMED(conf=0.84),BANKNIFTY
2026-02-03,VWAP_BOUNCE,CE,TRENDING_BEAR,0.835,4,2026-02-03 13:31:00,843.0,857.65,2026-02-03 14:30:00,TIME,13.15,749.0,True,ARMED(conf=0.83),BANKNIFTY
2026-02-05,MACD_DIVERGENCE,PE,NORMAL,0.832,7,2026-02-05 13:01:00,552.65,581.14,2026-02-05 14:13:00,TSL,26.99,2793.95,True,ARMED(conf=0.83),BANKNIFTY
2026-02-05,TREND_FOLLOWING,PE,NORMAL,0.829,7,2026-02-05 14:16:00,535.05,534.25,2026-02-05 14:30:00,TIME,-2.3,-281.5,False,ARMED(conf=0.83),BANKNIFTY
2026-02-06,TREND_FOLLOWING,PE,NORMAL,0.868,7,2026-02-06 13:01:00,505.0,453.2,2026-02-06 14:30:00,TIME,-53.3,-5636.5,False,ARMED(conf=0.87),BANKNIFTY
2026-02-09,MOMENTUM_BURST,PE,RANGE_BOUND,0.825,8,2026-02-09 12:46:00,486.85,514.99,2026-02-09 12:55:00,TSL,26.64,3156.8,True,ARMED(conf=0.82),BANKNIFTY
2026-02-09,OPTIONS_GREEKS,CE,RANGE_BOUND,0.834,8,2026-02-09 13:01:00,578.6,596.0,2026-02-09 14:30:00,TIME,15.9,1868.0,True,ARMED(conf=0.83),BANKNIFTY
2026-02-10,SCALPING,CE,NORMAL,0.827,9,2026-02-10 12:46:00,503.05,405.4,2026-02-10 14:02:00,SPOT_SL,-99.15,-13425.25,False,ARMED(conf=0.83),BANKNIFTY
2026-02-10,ULTIMATE_DAY_HIGH_LOW,CE,NORMAL,0.816,9,2026-02-10 14:16:00,488.6,488.8,2026-02-10 14:30:00,TIME,-1.3,-215.5,False,ARMED(conf=0.82),BANKNIFTY
2026-02-12,EMA_CROSSOVER,CE,RANGE_BOUND,0.836,8,2026-02-12 13:01:00,450.5,433.8,2026-02-12 14:30:00,TIME,-18.2,-2224.0,False,ARMED(conf=0.84),BANKNIFTY
2026-02-13,BEAR_TREND_FOLLOWER,PE,TRENDING_BEAR,0.886,14,2026-02-13 12:46:00,397.9,412.032,2026-02-13 13:08:00,TSL,12.63,2612.72,True,ARMED(conf=0.89),BANKNIFTY
2026-02-13,TREND_FOLLOWING,PE,TRENDING_BEAR,0.844,11,2026-02-13 13:16:00,362.45,380.24,2026-02-13 13:32:00,TSL,16.29,2647.85,True,ARMED(conf=0.84),BANKNIFTY
2026-02-13,MOMENTUM_BURST,PE,TRENDING_BEAR,0.813,10,2026-02-13 13:46:00,381.0,400.918,2026-02-13 13:49:00,TSL,18.42,2722.7,True,ARMED(conf=0.81),BANKNIFTY
2026-02-13,MACD_DIVERGENCE,PE,TRENDING_BEAR,0.832,10,2026-02-13 14:16:00,378.75,379.25,2026-02-13 14:30:00,TIME,-1.0,-190.0,False,ARMED(conf=0.83),BANKNIFTY
2026-02-16,MACD_DIVERGENCE,CE,TRENDING_BULL,0.821,9,2026-02-16 13:01:00,440.5,469.028,2026-02-16 13:10:00,TSL,27.03,3608.78,True,ARMED(conf=0.82),BANKNIFTY
2026-02-16,OPTIONS_GREEKS,PE,TRENDING_BULL,0.828,11,2026-02-16 13:46:00,414.6,427.968,2026-02-16 14:00:00,TSL,11.87,1918.22,True,ARMED(conf=0.83),BANKNIFTY
2026-02-16,MOMENTUM_BURST,CE,TRENDING_BULL,0.824,9,2026-02-16 14:16:00,438.3,437.5,2026-02-16 14:30:00,TIME,-2.3,-350.5,False,ARMED(conf=0.82),BANKNIFTY
2026-02-17,OPTIONS_GREEKS,PE,TRENDING_BULL,0.823,10,2026-02-17 13:01:00,448.9,468.47999999999996,2026-02-17 14:13:00,TSL,18.08,2672.0,True,ARMED(conf=0.82),BANKNIFTY
2026-02-18,ZERO_HERO,CE,TRENDING_BULL,0.84,19,2026-02-18 10:01:00,234.3,259.0,2026-02-18 13:30:00,TIME,23.2,6572.0,True,ARMED(conf=0.84),BANKNIFTY
2026-02-18,ZERO_HERO,CE,TRENDING_BULL,0.832,21,2026-02-18 13:31:00,215.05,214.25,2026-02-18 13:32:00,TIME,-2.3,-764.5,False,ARMED(conf=0.83),BANKNIFTY
2026-02-19,RSI_REVERSAL,CE,TRENDING_BEAR,0.824,11,2026-02-19 12:46:00,346.4,369.754,2026-02-19 12:52:00,TSL,21.85,3565.91,True,ARMED(conf=0.82),BANKNIFTY
2026-02-19,MOMENTUM_BURST,PE,TRENDING_BEAR,0.824,12,2026-02-19 14:16:00,316.8,333.2,2026-02-19 14:27:00,TSL,14.9,2642.0,True,ARMED(conf=0.82),BANKNIFTY
2026-02-20,MACD_DIVERGENCE,PE,TRENDING_BULL,0.839,11,2026-02-20 14:16:00,350.5,365.54,2026-02-20 14:26:00,TSL,13.54,2194.1,True,ARMED(conf=0.84),BANKNIFTY
2026-02-23,MACD_DIVERGENCE,PE,NORMAL,0.829,15,2026-02-23 12:46:00,251.0,276.94800000000004,2026-02-23 12:47:00,TSL,24.45,5460.8,True,ARMED(conf=0.83),BANKNIFTY
2026-02-23,OPTIONS_GREEKS,CE,NORMAL,0.836,16,2026-02-23 13:16:00,280.65,301.58399999999995,2026-02-23 13:19:00,TSL,19.43,4624.16,True,ARMED(conf=0.84),BANKNIFTY
2026-02-23,VWAP_BOUNCE,PE,NORMAL,0.837,15,2026-02-23 13:31:00,251.6,281.995,2026-02-23 13:32:00,TSL,28.9,6461.38,True,ARMED(conf=0.84),BANKNIFTY
2026-02-23,MACD_DIVERGENCE,CE,NORMAL,0.839,16,2026-02-23 14:16:00,240.95,272.93,2026-02-23 14:29:00,TSL,30.48,7275.2,True,ARMED(conf=0.84),BANKNIFTY
2026-02-26,BEAR_TREND_FOLLOWER,PE,RANGE_BOUND,0.883,8,2026-02-26 12:46:00,689.8,676.6,2026-02-26 14:30:00,TIME,-14.7,-1804.0,False,ARMED(conf=0.88),BANKNIFTY
2026-02-27,OPTIONS_GREEKS,CE,TRENDING_BEAR,0.835,4,2026-02-27 13:01:00,1034.35,1054.032,2026-02-27 14:06:00,TSL,18.18,1050.92,True,ARMED(conf=0.83),BANKNIFTY
2026-03-02,MOMENTUM_BURST,PE,TRENDING_BEAR,0.818,5,2026-03-02 13:46:00,759.6,802.081,2026-03-02 13:52:00,TSL,40.98,3033.57,True,ARMED(conf=0.82),BANKNIFTY
2026-03-02,MACD_DIVERGENCE,CE,TRENDING_BEAR,0.838,3,2026-03-02 14:01:00,1193.55,1244.404,2026-03-02 14:03:00,TSL,49.35,2180.93,True,ARMED(conf=0.84),BANKNIFTY
2026-03-05,TREND_FOLLOWING,PE,TRENDING_BULL,0.833,4,2026-03-05 13:31:00,860.15,887.488,2026-03-05 13:33:00,TSL,25.84,1510.28,True,ARMED(conf=0.83),BANKNIFTY
2026-03-06,BEAR_TREND_FOLLOWER,PE,TRENDING_BEAR,0.89,6,2026-03-06 12:46:00,916.05,977.328,2026-03-06 14:01:00,TSL,59.78,5340.02,True,ARMED(conf=0.89),BANKNIFTY
2026-04-23,OPTIONS_GREEKS,CE,TRENDING_BEAR,0.838,8,2026-04-23 13:16:00,585.55,597.552,2026-04-23 13:19:00,TSL,10.5,1220.24,True,ARMED(conf=0.84),BANKNIFTY
2026-04-23,TREND_FOLLOWING,PE,TRENDING_BEAR,0.834,7,2026-04-23 13:31:00,477.95,507.05199999999996,2026-04-23 13:36:00,TSL,27.6,2858.21,True,ARMED(conf=0.83),BANKNIFTY
2026-04-24,TREND_FOLLOWING,PE,TRENDING_BEAR,0.831,9,2026-04-24 13:31:00,417.8,431.2,2026-04-24 13:34:00,TSL,11.9,1566.5,True,ARMED(conf=0.83),BANKNIFTY
2026-04-24,OPTIONS_GREEKS,CE,TRENDING_BEAR,0.833,8,2026-04-24 14:01:00,526.1,570.816,2026-04-24 14:24:00,TSL,43.22,5145.92,True,ARMED(conf=0.83),BANKNIFTY
2026-05-07,ULTIMATE_DAY_HIGH_LOW,CE,NORMAL,0.836,4,2026-05-07 12:01:00,1002.0,1050.24,2026-05-07 12:29:00,TSL,46.74,2764.4,True,ARMED(conf=0.84),BANKNIFTY
2026-05-07,OPTIONS_GREEKS,PE,NORMAL,0.834,5,2026-05-07 12:46:00,795.15,851.28,2026-05-07 12:51:00,TSL,54.63,4057.25,True,ARMED(conf=0.83),BANKNIFTY
2026-05-08,BEAR_TREND_FOLLOWER,PE,TRENDING_BEAR,0.881,7,2026-05-08 12:46:00,855.05,912.0,2026-05-08 14:01:00,TSL,55.45,5782.25,True,ARMED(conf=0.88),BANKNIFTY
2026-05-08,MACD_DIVERGENCE,CE,TRENDING_BEAR,0.831,3,2026-05-08 14:16:00,1097.6,1140.0,2026-05-08 14:30:00,TIME,40.9,1800.5,True,ARMED(conf=0.83),BANKNIFTY
2026-05-21,OPTIONS_GREEKS,CE,TRENDING_BEAR,0.831,8,2026-05-21 13:31:00,548.1,618.72,2026-05-21 13:41:00,TSL,69.12,8254.4,True,ARMED(conf=0.83),BANKNIFTY
2026-05-21,TREND_FOLLOWING,PE,TRENDING_BEAR,0.856,8,2026-05-21 13:46:00,455.5,495.537,2026-05-21 13:50:00,TSL,38.54,4584.44,True,ARMED(conf=0.86),BANKNIFTY
2026-05-22,MOMENTUM_BURST,CE,TRENDING_BULL,0.826,8,2026-05-22 12:46:00,407.35,427.721,2026-05-22 12:47:00,TSL,18.87,2224.52,True,ARMED(conf=0.83),BANKNIFTY
2026-05-22,OPTIONS_GREEKS,PE,TRENDING_BULL,0.833,12,2026-05-22 13:46:00,368.7,390.528,2026-05-22 13:55:00,TSL,20.33,3619.04,True,ARMED(conf=0.83),BANKNIFTY
2025-02-06,BEAR_TREND_FOLLOWER,PE,RANGE_BOUND,0.884,10,2025-02-06 12:46:00,844.9,844.65,2025-02-06 14:30:00,TIME,-2.75,-315.0,False,ARMED(conf=0.88),SENSEX
2025-02-10,ULTIMATE_DAY_HIGH_LOW,CE,RANGE_BOUND,0.819,6,2025-02-10 13:16:00,1002.0,1002.0,2025-02-10 14:30:00,TIME,-2.5,-190.0,False,ARMED(conf=0.82),SENSEX
2025-02-11,MOMENTUM_BURST,PE,TRENDING_BULL,0.821,8,2025-02-11 12:46:00,713.55,797.5239999999999,2025-02-11 12:56:00,TSL,81.47,6477.92,True,ARMED(conf=0.82),SENSEX
2025-02-11,MOMENTUM_BURST,PE,TRENDING_BULL,0.812,8,2025-02-11 13:01:00,724.65,579.72,2025-02-11 13:13:00,SL,-147.43,-11834.4,False,ARMED(conf=0.81),SENSEX
2025-02-11,RSI_REVERSAL,CE,TRENDING_BULL,0.818,6,2025-02-11 13:31:00,967.35,967.35,2025-02-11 13:32:00,TIME,-2.5,-190.0,False,ARMED(conf=0.82),SENSEX
2025-02-11,MOMENTUM_BURST,PE,TRENDING_BULL,0.816,8,2025-02-11 13:46:00,746.45,786.548,2025-02-11 13:57:00,TSL,37.6,2967.84,True,ARMED(conf=0.82),SENSEX
2025-02-11,RSI_REVERSAL,CE,TRENDING_BULL,0.82,6,2025-02-11 14:01:00,997.35,997.35,2025-02-11 14:02:00,TIME,-2.5,-190.0,False,ARMED(conf=0.82),SENSEX
2025-02-12,MOMENTUM_BURST,CE,TRENDING_BULL,0.827,5,2025-02-12 12:46:00,1009.5,1079.274,2025-02-12 12:51:00,TSL,67.27,3323.7,True,ARMED(conf=0.83),SENSEX
2025-02-12,OPTIONS_GREEKS,PE,TRENDING_BULL,0.827,10,2025-02-12 13:31:00,676.1,726.48,2025-02-12 13:44:00,TSL,47.88,4748.0,True,ARMED(conf=0.83),SENSEX
2025-02-13,EMA_CROSSOVER,PE,NORMAL,0.823,9,2025-02-13 13:31:00,661.8,695.37,2025-02-13 13:33:00,TSL,31.07,2756.3,True,ARMED(conf=0.82),SENSEX
2025-02-18,MACD_DIVERGENCE,PE,RANGE_BOUND,0.839,10,2025-02-18 12:46:00,578.85,604.905,2025-02-18 12:54:00,TSL,23.55,2315.5,True,ARMED(conf=0.84),SENSEX
2025-02-18,MACD_DIVERGENCE,CE,RANGE_BOUND,0.838,7,2025-02-18 13:01:00,708.0,745.78,2025-02-18 13:26:00,TSL,35.28,2429.6,True,ARMED(conf=0.84),SENSEX
2025-02-18,SCALPING,CE,RANGE_BOUND,0.828,9,2025-02-18 13:31:00,708.75,750.778,2025-02-18 13:44:00,TSL,39.53,3517.52,True,ARMED(conf=0.83),SENSEX
2025-02-18,MACD_DIVERGENCE,PE,RANGE_BOUND,0.812,10,2025-02-18 14:01:00,563.0,588.98,2025-02-18 14:04:00,TSL,23.48,2308.0,True,ARMED(conf=0.81),SENSEX
2025-02-19,MACD_DIVERGENCE,CE,TRENDING_BULL,0.838,9,2025-02-19 12:46:00,657.55,526.04,2025-02-19 14:29:00,SL,-134.01,-12100.9,False,ARMED(conf=0.84),SENSEX
2025-02-20,PUT_WRITER_SUPPORT,CE,RANGE_BOUND,0.833,12,2025-02-20 13:16:00,539.2,569.875,2025-02-20 13:49:00,TSL,28.17,3341.0,True,ARMED(conf=0.83),SENSEX
2025-02-21,ZERO_HERO,PE,TRENDING_BEAR,0.84,24,2025-02-21 10:01:00,281.35,323.3,2025-02-21 13:30:00,TIME,39.45,9428.0,True,ARMED(conf=0.84),SENSEX
2025-02-21,ZERO_HERO,PE,TRENDING_BEAR,0.825,28,2025-02-21 13:31:00,247.05,244.95,2025-02-21 13:32:00,TIME,-4.6,-1328.0,False,ARMED(conf=0.82),SENSEX
2025-02-21,ZERO_HERO,PE,TRENDING_BEAR,0.835,28,2025-02-21 14:16:00,250.0,249.0,2025-02-21 14:17:00,TIME,-3.5,-1020.0,False,ARMED(conf=0.84),SENSEX
2025-02-24,LONG_UNWIND,PE,NORMAL,0.816,34,2025-02-24 13:01:00,170.15,174.23999999999998,2025-02-24 13:21:00,TSL,1.59,500.6,True,ARMED(conf=0.82),SENSEX
2025-02-24,LONG_UNWIND,PE,NORMAL,0.83,33,2025-02-24 13:46:00,210.95,168.76,2025-02-24 14:18:00,SL,-44.69,-14787.7,False,ARMED(conf=0.83),SENSEX
2025-03-03,DAY_LOW_BULLISH,CE,TRENDING_BULL,0.876,7,2025-03-03 12:16:00,1200.0,1261.1,2025-03-03 13:30:00,TIME,58.6,4062.0,True,ARMED(conf=0.88),SENSEX
2025-03-03,LONG_UNWIND,PE,TRENDING_BULL,0.819,9,2025-03-03 13:31:00,730.0,584.0,2025-03-03 14:00:00,SL,-148.5,-13405.0,False,ARMED(conf=0.82),SENSEX
2025-03-03,LONG_UNWIND,PE,TRENDING_BULL,0.831,13,2025-03-03 14:01:00,511.25,753.3,2025-03-03 14:30:00,TIME,239.55,31101.5,True,ARMED(conf=0.83),SENSEX
2025-03-04,ULTIMATE_DAY_HIGH_LOW,CE,RANGE_BOUND,0.84,6,2025-03-04 10:01:00,1150.0,920.0,2025-03-04 10:02:00,SL,-232.5,-13990.0,False,ARMED(conf=0.84),SENSEX
2025-03-04,MOMENTUM_BURST,CE,RANGE_BOUND,0.815,5,2025-03-04 14:01:00,1076.5,1085.0,2025-03-04 14:30:00,TIME,6.0,260.0,True,ARMED(conf=0.81),SENSEX
2025-03-06,MOMENTUM_BURST,CE,TRENDING_BULL,0.829,5,2025-03-06 13:01:00,1001.45,1080.401,2025-03-06 13:56:00,TSL,76.45,3782.55,True,ARMED(conf=0.83),SENSEX
2025-03-06,MOMENTUM_BURST,CE,TRENDING_BULL,0.822,6,2025-03-06 14:01:00,984.3,965.3,2025-03-06 14:30:00,TIME,-21.5,-1330.0,False,ARMED(conf=0.82),SENSEX
2025-03-10,AI_ENHANCED,CE,NORMAL,0.815,8,2025-03-10 12:16:00,858.6,728.0,2025-03-10 14:24:00,SPOT_SL,-133.1,-10688.0,False,ARMED(conf=0.82),SENSEX
2025-03-11,OPTIONS_GREEKS,PE,RANGE_BOUND,0.83,10,2025-03-11 12:46:00,663.55,565.95,2025-03-11 14:30:00,TIME,-100.1,-10050.0,False,ARMED(conf=0.83),SENSEX
2025-03-17,BEAR_TREND_FOLLOWER,PE,RANGE_BOUND,0.882,19,2025-03-17 12:46:00,477.5,417.4,2025-03-17 14:30:00,TIME,-62.6,-11934.0,False,ARMED(conf=0.88),SENSEX
2025-03-18,MACD_DIVERGENCE,CE,TRENDING_BULL,0.84,9,2025-03-18 12:46:00,612.5,640.2339999999999,2025-03-18 12:54:00,TSL,25.23,2231.06,True,ARMED(conf=0.84),SENSEX
2025-03-18,MOMENTUM_BURST,CE,TRENDING_BULL,0.835,10,2025-03-18 13:01:00,555.7,578.837,2025-03-18 13:15:00,TSL,20.64,2023.7,True,ARMED(conf=0.83),SENSEX
2025-03-18,OPTIONS_GREEKS,PE,TRENDING_BULL,0.835,16,2025-03-18 14:01:00,419.3,429.984,2025-03-18 14:23:00,TSL,8.18,1269.44,True,ARMED(conf=0.83),SENSEX
2025-03-19,SCALPING,CE,RANGE_BOUND,0.824,14,2025-03-19 12:46:00,496.55,533.757,2025-03-19 12:49:00,TSL,34.71,4818.98,True,ARMED(conf=0.82),SENSEX
2025-03-20,ATR_BREAK,CE,TRENDING_BULL,0.825,13,2025-03-20 12:46:00,432.75,465.503,2025-03-20 12:48:00,TSL,30.25,3892.89,True,ARMED(conf=0.82),SENSEX
2025-03-20,MOMENTUM_BURST,CE,TRENDING_BULL,0.82,14,2025-03-20 13:01:00,400.9,417.38199999999995,2025-03-20 13:08:00,TSL,13.98,1917.48,True,ARMED(conf=0.82),SENSEX
2025-03-20,MACD_DIVERGENCE,PE,TRENDING_BULL,0.819,17,2025-03-20 14:01:00,347.75,364.217,2025-03-20 14:17:00,TSL,13.97,2334.39,True,ARMED(conf=0.82),SENSEX
2025-03-21,ZERO_HERO,CE,TRENDING_BULL,0.84,24,2025-03-21 10:16:00,284.05,573.25,2025-03-21 13:30:00,TIME,286.7,68768.0,True,ARMED(conf=0.84),SENSEX
2025-03-21,ZERO_HERO,CE,TRENDING_BULL,0.817,24,2025-03-21 14:01:00,292.95,244.6,2025-03-21 14:02:00,TIME,-50.85,-12244.0,False,ARMED(conf=0.82),SENSEX
2025-03-24,MACD_DIVERGENCE,CE,TRENDING_BULL,0.827,21,2025-03-24 13:01:00,328.55,342.559,2025-03-24 13:04:00,TSL,11.51,2376.89,True,ARMED(conf=0.83),SENSEX
2025-03-24,MACD_DIVERGENCE,PE,TRENDING_BULL,0.831,23,2025-03-24 13:31:00,254.95,266.56,2025-03-24 13:34:00,TSL,9.11,2055.3,True,ARMED(conf=0.83),SENSEX
2025-03-24,MOMENTUM_BURST,CE,TRENDING_BULL,0.827,20,2025-03-24 13:46:00,340.2,363.825,2025-03-24 13:52:00,TSL,21.12,4185.0,True,ARMED(conf=0.83),SENSEX
2025-03-27,OPTIONS_GREEKS,PE,NORMAL,0.817,8,2025-03-27 13:46:00,850.15,852.35,2025-03-27 14:30:00,TIME,-0.3,-64.0,False,ARMED(conf=0.82),SENSEX
2025-04-02,AI_ENHANCED,CE,NORMAL,0.825,5,2025-04-02 12:16:00,1245.0,1278.7679999999998,2025-04-02 12:48:00,TSL,31.27,1523.4,True,ARMED(conf=0.83),SENSEX
2025-04-02,OPTIONS_GREEKS,PE,NORMAL,0.833,8,2025-04-02 13:01:00,820.0,867.25,2025-04-02 14:30:00,TIME,44.75,3540.0,True,ARMED(conf=0.83),SENSEX
2025-04-03,LONG_UNWIND,PE,NORMAL,0.819,8,2025-04-03 14:16:00,820.0,862.032,2025-04-03 14:28:00,TSL,39.53,3122.56,True,ARMED(conf=0.82),SENSEX
2025-04-21,OPTIONS_GREEKS,PE,TRENDING_BULL,0.831,10,2025-04-21 13:16:00,697.7,715.1999999999999,2025-04-21 13:22:00,TSL,15.0,1460.0,True,ARMED(conf=0.83),SENSEX
2025-04-22,MACD_DIVERGENCE,CE,RANGE_BOUND,0.837,9,2025-04-22 13:01:00,640.35,622.0,2025-04-22 14:30:00,TIME,-20.85,-1916.5,False,ARMED(conf=0.84),SENSEX
2025-04-23,VWAP_BOUNCE,PE,NORMAL,0.84,10,2025-04-23 13:01:00,562.2,484.75,2025-04-23 14:30:00,TIME,-79.95,-8035.0,False,ARMED(conf=0.84),SENSEX
2025-04-28,OPTIONS_GREEKS,PE,TRENDING_BULL,0.825,22,2025-04-28 13:01:00,308.35,317.616,2025-04-28 13:02:00,TSL,6.77,1448.52,True,ARMED(conf=0.83),SENSEX
2025-04-28,OPTIONS_GREEKS,PE,TRENDING_BULL,0.829,22,2025-04-28 13:46:00,312.0,324.336,2025-04-28 13:51:00,TSL,9.84,2123.92,True,ARMED(conf=0.83),SENSEX
2025-04-28,OPTIONS_GREEKS,PE,TRENDING_BULL,0.84,21,2025-04-28 14:16:00,326.1,354.0,2025-04-28 14:20:00,TSL,25.4,5294.0,True,ARMED(conf=0.84),SENSEX
2025-04-30,DAY_LOW_BULLISH,CE,RANGE_BOUND,0.897,5,2025-04-30 12:01:00,1487.75,1553.25,2025-04-30 13:00:00,TIME,63.0,3110.0,True,ARMED(conf=0.90),SENSEX
2025-04-30,ATR_BREAK,CE,RANGE_BOUND,0.836,3,2025-04-30 13:31:00,1553.25,1555.0,2025-04-30 14:30:00,TIME,-0.75,-62.5,False,ARMED(conf=0.84),SENSEX
2026-01-05,MACD_DIVERGENCE,CE,RANGE_BOUND,0.839,5,2026-01-05 12:46:00,1100.0,880.0,2026-01-05 14:02:00,SL,-222.5,-11165.0,False,ARMED(conf=0.84),SENSEX
2026-01-06,LONG_UNWIND,PE,RANGE_BOUND,0.835,12,2026-01-06 13:01:00,561.75,611.0,2026-01-06 14:30:00,TIME,46.75,5570.0,True,ARMED(conf=0.84),SENSEX
2026-01-07,MACD_DIVERGENCE,PE,RANGE_BOUND,0.828,11,2026-01-07 13:16:00,515.6,545.321,2026-01-07 13:39:00,TSL,27.22,2954.31,True,ARMED(conf=0.83),SENSEX
2026-01-07,VWAP_BOUNCE,PE,RANGE_BOUND,0.837,11,2026-01-07 14:16:00,522.45,522.2,2026-01-07 14:30:00,TIME,-2.75,-342.5,False,ARMED(conf=0.84),SENSEX
2026-01-08,RSI_REVERSAL,CE,TRENDING_BEAR,0.82,5,2026-01-08 13:01:00,1035.0,1030.0,2026-01-08 13:30:00,TIME,-7.5,-415.0,False,ARMED(conf=0.82),SENSEX
2026-01-08,OPTIONS_GREEKS,CE,TRENDING_BEAR,0.826,6,2026-01-08 13:31:00,1030.0,1189.632,2026-01-08 13:56:00,TSL,157.13,9387.92,True,ARMED(conf=0.83),SENSEX
2026-01-08,TREND_FOLLOWING,PE,TRENDING_BEAR,0.865,10,2026-01-08 14:01:00,560.0,569.9,2026-01-08 14:30:00,TIME,7.4,700.0,True,ARMED(conf=0.86),SENSEX
2026-01-13,BEAR_TREND_FOLLOWER,PE,TRENDING_BULL,0.873,14,2026-01-13 12:46:00,585.0,608.544,2026-01-13 12:50:00,TSL,21.04,2906.16,True,ARMED(conf=0.87),SENSEX
2026-01-13,LONG_UNWIND,PE,TRENDING_BULL,0.823,11,2026-01-13 13:01:00,616.0,630.45,2026-01-13 14:30:00,TIME,11.95,1274.5,True,ARMED(conf=0.82),SENSEX
2026-01-14,VWAP_BOUNCE,PE,RANGE_BOUND,0.832,10,2026-01-14 13:16:00,557.55,593.88,2026-01-14 13:26:00,TSL,33.83,3343.0,True,ARMED(conf=0.83),SENSEX
2026-01-14,ULTIMATE_DAY_HIGH_LOW,PE,RANGE_BOUND,0.824,12,2026-01-14 13:31:00,521.75,583.6320000000001,2026-01-14 13:42:00,TSL,59.38,7085.84,True,ARMED(conf=0.82),SENSEX
2026-01-14,MACD_DIVERGENCE,CE,RANGE_BOUND,0.811,7,2026-01-14 14:01:00,870.55,837.3,2026-01-14 14:30:00,TIME,-35.75,-2542.5,False,ARMED(conf=0.81),SENSEX
2026-01-19,MAGIC_SQUARE,PE,RANGE_BOUND,0.861,16,2026-01-19 12:46:00,484.6,387.68000000000006,2026-01-19 13:51:00,SL,-99.42,-15947.2,False,ARMED(conf=0.86),SENSEX
2026-01-20,OPTIONS_GREEKS,CE,TRENDING_BEAR,0.83,10,2026-01-20 13:16:00,661.05,673.728,2026-01-20 13:33:00,TSL,10.18,977.8,True,ARMED(conf=0.83),SENSEX
2026-01-20,MOMENTUM_BURST,PE,TRENDING_BEAR,0.821,13,2026-01-20 14:01:00,460.85,480.2,2026-01-20 14:04:00,TSL,16.85,2150.5,True,ARMED(conf=0.82),SENSEX
2026-01-20,MACD_DIVERGENCE,CE,TRENDING_BEAR,0.832,8,2026-01-20 14:16:00,699.95,727.45,2026-01-20 14:30:00,TIME,25.0,1960.0,True,ARMED(conf=0.83),SENSEX
2026-01-21,OPTIONS_GREEKS,PE,TRENDING_BEAR,0.83,12,2026-01-21 13:01:00,597.95,670.1279999999999,2026-01-21 13:10:00,TSL,69.68,8321.36,True,ARMED(conf=0.83),SENSEX
2026-01-22,BEAR_TREND_FOLLOWER,PE,TRENDING_BEAR,0.893,16,2026-01-22 12:46:00,494.9,529.728,2026-01-22 12:55:00,TSL,32.33,5132.48,True,ARMED(conf=0.89),SENSEX
2026-01-22,MOMENTUM_BURST,PE,TRENDING_BEAR,0.828,12,2026-01-22 13:01:00,498.8,524.496,2026-01-22 13:02:00,TSL,23.2,2743.52,True,ARMED(conf=0.83),SENSEX
2026-01-22,OPTIONS_GREEKS,CE,TRENDING_BEAR,0.835,10,2026-01-22 13:31:00,645.9,696.0,2026-01-22 13:34:00,TSL,47.6,4720.0,True,ARMED(conf=0.84),SENSEX
2026-01-22,OPTIONS_GREEKS,CE,TRENDING_BEAR,0.839,10,2026-01-22 13:46:00,674.8,713.232,2026-01-22 13:51:00,TSL,35.93,3553.2,True,ARMED(conf=0.84),SENSEX
2026-01-22,TREND_FOLLOWING,PE,TRENDING_BEAR,0.844,13,2026-01-22 14:01:00,465.0,483.091,2026-01-22 14:06:00,TSL,15.59,1986.83,True,ARMED(conf=0.84),SENSEX
2026-01-23,ZERO_HERO,PE,TRENDING_BEAR,0.84,18,2026-01-23 10:01:00,341.7,614.55,2026-01-23 13:30:00,TIME,270.35,48623.0,True,ARMED(conf=0.84),SENSEX
2026-01-23,GAMMA_BLAST,PE,TRENDING_BEAR,0.817,15,2026-01-23 13:31:00,418.25,452.8,2026-01-23 13:32:00,TIME,32.05,4767.5,True,ARMED(conf=0.82),SENSEX
2026-01-23,ZERO_HERO,PE,TRENDING_BEAR,0.8,17,2026-01-23 14:01:00,396.6,392.05,2026-01-23 14:02:00,TIME,-7.05,-1238.5,False,ARMED(conf=0.80),SENSEX
2026-01-23,ZERO_HERO,PE,TRENDING_BEAR,0.822,20,2026-01-23 14:16:00,344.5,376.85,2026-01-23 14:17:00,TIME,29.85,5930.0,True,ARMED(conf=0.82),SENSEX
2026-01-27,MACD_DIVERGENCE,CE,TRENDING_BULL,0.838,11,2026-01-27 12:46:00,507.65,540.127,2026-01-27 13:22:00,TSL,29.98,3257.47,True,ARMED(conf=0.84),SENSEX
2026-01-27,MACD_DIVERGENCE,PE,TRENDING_BULL,0.836,15,2026-01-27 13:31:00,375.45,403.907,2026-01-27 13:35:00,TSL,25.96,3853.55,True,ARMED(conf=0.84),SENSEX
2026-01-28,ATR_BREAK,PE,NORMAL,0.827,27,2026-01-28 13:16:00,219.15,237.65,2026-01-28 13:20:00,TSL,16.0,4280.0,True,ARMED(conf=0.83),SENSEX
2026-01-28,OPTIONS_GREEKS,CE,NORMAL,0.828,22,2026-01-28 13:46:00,311.6,327.456,2026-01-28 13:55:00,TSL,13.36,2898.32,True,ARMED(conf=0.83),SENSEX
2026-01-28,MOMENTUM_BURST,PE,NORMAL,0.826,21,2026-01-28 14:01:00,228.05,245.09799999999998,2026-01-28 14:02:00,TSL,14.55,3015.08,True,ARMED(conf=0.83),SENSEX
2026-02-02,MACD_DIVERGENCE,CE,TRENDING_BEAR,0.828,4,2026-02-02 12:46:00,1446.55,1528.8,2026-02-02 12:58:00,TSL,79.75,3150.0,True,ARMED(conf=0.83),SENSEX
2026-02-02,MOMENTUM_BURST,CE,TRENDING_BEAR,0.83,4,2026-02-02 13:31:00,1440.1,1568.0,2026-02-02 13:47:00,TSL,125.4,4976.0,True,ARMED(conf=0.83),SENSEX
2026-02-03,MACD_DIVERGENCE,PE,NORMAL,0.836,6,2026-02-03 13:01:00,900.0,960.4,2026-02-03 13:27:00,TSL,57.9,3434.0,True,ARMED(conf=0.84),SENSEX
2026-02-03,MACD_DIVERGENCE,CE,NORMAL,0.839,4,2026-02-03 13:31:00,1261.15,1205.75,2026-02-03 14:30:00,TIME,-57.9,-2356.0,False,ARMED(conf=0.84),SENSEX
2026-02-04,MOMENTUM_BURST,PE,RANGE_BOUND,0.83,8,2026-02-04 12:46:00,727.6,769.3,2026-02-04 12:58:00,TSL,39.2,3096.0,True,ARMED(conf=0.83),SENSEX
2026-02-04,ULTIMATE_DAY_HIGH_LOW,CE,RANGE_BOUND,0.835,6,2026-02-04 13:16:00,1128.15,1166.3999999999999,2026-02-04 13:52:00,TSL,35.75,2105.0,True,ARMED(conf=0.83),SENSEX
2026-02-05,OPTIONS_GREEKS,CE,NORMAL,0.836,5,2026-02-05 12:46:00,1170.55,1110.0,2026-02-05 14:30:00,TIME,-63.05,-3192.5,False,ARMED(conf=0.84),SENSEX
2026-02-09,ULTIMATE_DAY_HIGH_LOW,CE,RANGE_BOUND,0.838,7,2026-02-09 12:16:00,954.9,943.25,2026-02-09 14:30:00,TIME,-14.15,-1030.5,False,ARMED(conf=0.84),SENSEX
2026-02-10,SCALPING,CE,RANGE_BOUND,0.828,8,2026-02-10 12:46:00,828.15,743.5,2026-02-10 14:30:00,TIME,-87.15,-7012.0,False,ARMED(conf=0.83),SENSEX
2026-02-11,OPTIONS_GREEKS,CE,RANGE_BOUND,0.833,8,2026-02-11 12:46:00,839.95,863.0,2026-02-11 14:30:00,TIME,20.55,1604.0,True,ARMED(conf=0.83),SENSEX
2026-02-12,LONG_UNWIND,PE,NORMAL,0.837,12,2026-02-12 13:01:00,504.3,537.15,2026-02-12 14:30:00,TIME,30.35,3602.0,True,ARMED(conf=0.84),SENSEX
2026-02-16,OPTIONS_GREEKS,PE,TRENDING_BULL,0.833,12,2026-02-16 12:46:00,565.4,499.05,2026-02-16 14:30:00,TIME,-68.85,-8302.0,False,ARMED(conf=0.83),SENSEX
2026-02-17,OPTIONS_GREEKS,PE,NORMAL,0.828,12,2026-02-17 12:46:00,544.2,559.68,2026-02-17 13:06:00,TSL,12.98,1517.6,True,ARMED(conf=0.83),SENSEX
2026-02-17,MACD_DIVERGENCE,PE,NORMAL,0.834,10,2026-02-17 13:46:00,527.55,548.653,2026-02-17 13:50:00,TSL,18.6,1820.3,True,ARMED(conf=0.83),SENSEX
2026-02-18,OPTIONS_GREEKS,PE,NORMAL,0.829,14,2026-02-18 13:01:00,464.05,479.08799999999997,2026-02-18 13:53:00,TSL,12.54,1715.32,True,ARMED(conf=0.83),SENSEX
2026-02-18,SCALPING,CE,NORMAL,0.826,12,2026-02-18 14:01:00,569.85,606.914,2026-02-18 14:11:00,TSL,34.56,4107.68,True,ARMED(conf=0.83),SENSEX
2026-02-18,SCALPING,CE,NORMAL,0.82,12,2026-02-18 14:16:00,575.0,605.493,2026-02-18 14:19:00,TSL,27.99,3319.16,True,ARMED(conf=0.82),SENSEX
2026-02-23,MACD_DIVERGENCE,PE,NORMAL,0.83,13,2026-02-23 12:46:00,431.65,455.7,2026-02-23 12:49:00,TSL,21.55,2761.5,True,ARMED(conf=0.83),SENSEX
2026-02-23,MACD_DIVERGENCE,CE,NORMAL,0.84,12,2026-02-23 13:16:00,467.25,492.40099999999995,2026-02-23 13:19:00,TSL,22.65,2678.12,True,ARMED(conf=0.84),SENSEX
2026-02-23,TREND_FOLLOWING,PE,NORMAL,0.855,13,2026-02-23 13:31:00,443.15,460.50199999999995,2026-02-23 13:32:00,TSL,14.85,1890.76,True,ARMED(conf=0.85),SENSEX
2026-02-23,MOMENTUM_BURST,PE,NORMAL,0.83,12,2026-02-23 14:01:00,461.85,483.434,2026-02-23 14:02:00,TSL,19.08,2250.08,True,ARMED(conf=0.83),SENSEX
2026-02-23,MACD_DIVERGENCE,CE,NORMAL,0.837,13,2026-02-23 14:16:00,506.1,529.8860000000001,2026-02-23 14:23:00,TSL,21.29,2727.18,True,ARMED(conf=0.84),SENSEX
2026-02-24,OPTIONS_GREEKS,CE,TRENDING_BEAR,0.828,15,2026-02-24 13:01:00,459.15,467.76,2026-02-24 13:05:00,TSL,6.11,876.5,True,ARMED(conf=0.83),SENSEX
2026-02-24,MOMENTUM_BURST,PE,TRENDING_BEAR,0.802,14,2026-02-24 13:31:00,381.3,412.678,2026-02-24 13:32:00,TSL,28.88,4002.92,True,ARMED(conf=0.80),SENSEX
2026-02-24,OPTIONS_GREEKS,CE,TRENDING_BEAR,0.833,15,2026-02-24 13:46:00,456.0,486.864,2026-02-24 13:55:00,TSL,28.36,4214.6,True,ARMED(conf=0.83),SENSEX
2026-02-24,TREND_FOLLOWING,PE,TRENDING_BEAR,0.867,15,2026-02-24 14:16:00,390.85,416.892,2026-02-24 14:17:00,TSL,23.54,3491.3,True,ARMED(conf=0.87),SENSEX
2026-02-25,PUT_WRITER_SUPPORT,CE,NORMAL,0.821,24,2026-02-25 13:46:00,292.25,301.08799999999997,2026-02-25 13:47:00,TSL,6.34,1481.12,True,ARMED(conf=0.82),SENSEX
2026-02-25,MOMENTUM_BURST,PE,NORMAL,0.819,23,2026-02-25 14:16:00,251.1,246.6,2026-02-25 14:30:00,TIME,-7.0,-1650.0,False,ARMED(conf=0.82),SENSEX
2026-04-08,ULTIMATE_DAY_HIGH_LOW,CE,NORMAL,0.82,6,2026-04-08 11:46:00,701.0,701.0,2026-04-08 14:30:00,TIME,-2.5,-190.0,False,ARMED(conf=0.82),SENSEX
2026-04-13,OPTIONS_GREEKS,PE,TRENDING_BULL,0.828,5,2026-04-13 12:46:00,1260.05,1250.0,2026-04-13 13:56:00,SPOT_SL,-12.55,-667.5,False,ARMED(conf=0.83),SENSEX
2026-04-13,OPTIONS_GREEKS,PE,TRENDING_BULL,0.829,5,2026-04-13 14:01:00,1225.85,1258.272,2026-04-13 14:27:00,TSL,29.92,1456.1,True,ARMED(conf=0.83),SENSEX
2026-04-15,MACD_DIVERGENCE,CE,RANGE_BOUND,0.839,4,2026-04-15 13:01:00,1263.2,1314.9,2026-04-15 14:30:00,TIME,49.2,1928.0,True,ARMED(conf=0.84),SENSEX
2026-04-15,VWAP_BOUNCE,CE,RANGE_BOUND,0.837,4,2026-04-15 13:46:00,1267.0,1314.9,2026-04-15 14:30:00,TIME,45.4,1776.0,True,ARMED(conf=0.84),SENSEX
2026-04-16,MOMENTUM_BURST,PE,TRENDING_BEAR,0.795,5,2026-04-16 13:16:00,1035.25,958.45,2026-04-16 14:30:00,TIME,-79.3,-4005.0,False,ARMED(conf=0.79),SENSEX
2026-04-20,VWAP_BOUNCE,PE,TRENDING_BULL,0.83,5,2026-04-20 13:16:00,1040.0,1081.92,2026-04-20 13:31:00,TSL,39.42,1931.0,True,ARMED(conf=0.83),SENSEX
2026-04-21,MACD_DIVERGENCE,CE,TRENDING_BEAR,0.834,6,2026-04-21 13:01:00,969.1,1007.4399999999999,2026-04-21 13:37:00,TSL,35.84,2110.4,True,ARMED(conf=0.83),SENSEX
2026-04-21,MOMENTUM_BURST,CE,TRENDING_BEAR,0.833,6,2026-04-21 14:16:00,987.65,1023.35,2026-04-21 14:30:00,TIME,33.2,1952.0,True,ARMED(conf=0.83),SENSEX
2026-04-22,MACD_DIVERGENCE,PE,NORMAL,0.833,6,2026-04-22 13:16:00,879.4,929.0889999999999,2026-04-22 13:22:00,TSL,47.19,2791.34,True,ARMED(conf=0.83),SENSEX
2026-04-22,VWAP_BOUNCE,PE,NORMAL,0.837,6,2026-04-22 14:01:00,821.45,884.597,2026-04-22 14:10:00,TSL,60.65,3598.82,True,ARMED(conf=0.84),SENSEX
2026-04-22,VWAP_BOUNCE,PE,NORMAL,0.835,7,2026-04-22 14:16:00,850.95,850.65,2026-04-22 14:30:00,TIME,-2.8,-236.0,False,ARMED(conf=0.83),SENSEX
2026-04-23,MACD_DIVERGENCE,PE,RANGE_BOUND,0.839,8,2026-04-23 13:01:00,744.55,771.5,2026-04-23 14:30:00,TIME,24.45,1916.0,True,ARMED(conf=0.84),SENSEX
2026-04-27,SCALPING,CE,NORMAL,0.83,12,2026-04-27 13:01:00,555.2,585.55,2026-04-27 13:15:00,TSL,27.85,3302.0,True,ARMED(conf=0.83),SENSEX
2026-04-27,SCALPING,CE,NORMAL,0.828,11,2026-04-27 13:16:00,542.2,569.2330000000001,2026-04-27 13:17:00,TSL,24.53,2658.63,True,ARMED(conf=0.83),SENSEX
2026-04-27,OPTIONS_GREEKS,PE,NORMAL,0.828,13,2026-04-27 13:46:00,527.1,546.9,2026-04-27 14:30:00,TIME,17.3,2209.0,True,ARMED(conf=0.83),SENSEX
2026-04-28,BEAR_TREND_FOLLOWER,PE,NORMAL,0.882,22,2026-04-28 12:46:00,392.3,408.0,2026-04-28 12:49:00,TSL,13.2,2864.0,True,ARMED(conf=0.88),SENSEX
2026-04-28,OPTIONS_GREEKS,CE,NORMAL,0.809,15,2026-04-28 13:31:00,451.75,467.08799999999997,2026-04-28 13:55:00,TSL,12.84,1885.7,True,ARMED(conf=0.81),SENSEX
2026-04-28,OPTIONS_GREEKS,CE,NORMAL,0.831,15,2026-04-28 14:16:00,457.35,487.68,2026-04-28 14:22:00,TSL,27.83,4134.5,True,ARMED(conf=0.83),SENSEX
2026-04-29,OPTIONS_GREEKS,PE,TRENDING_BULL,0.84,23,2026-04-29 13:31:00,292.15,309.888,2026-04-29 13:36:00,TSL,15.24,3464.74,True,ARMED(conf=0.84),SENSEX
2026-05-04,DAY_LOW_BULLISH,CE,TRENDING_BULL,0.893,5,2026-05-04 13:31:00,1669.05,1687.6,2026-05-04 13:32:00,TIME,16.05,762.5,True,ARMED(conf=0.89),SENSEX
2026-05-05,MAGIC_SQUARE,PE,NORMAL,0.855,6,2026-05-05 12:46:00,1150.0,1100.0,2026-05-05 13:07:00,SPOT_SL,-52.5,-3190.0,False,ARMED(conf=0.86),SENSEX
2026-05-05,ATR_BREAK,CE,NORMAL,0.831,3,2026-05-05 14:16:00,1499.55,1535.7,2026-05-05 14:30:00,TIME,33.65,969.5,True,ARMED(conf=0.83),SENSEX
2026-05-05,MACD_DIVERGENCE,CE,NORMAL,0.831,3,2026-05-05 14:16:00,1499.55,1535.7,2026-05-05 14:30:00,TIME,33.65,969.5,True,ARMED(conf=0.83),SENSEX
2026-05-06,OPTIONS_GREEKS,CE,TRENDING_BEAR,0.824,4,2026-05-06 13:01:00,1553.7,1242.96,2026-05-06 13:55:00,SL,-313.24,-12569.6,False,ARMED(conf=0.82),SENSEX
2026-05-06,EMA_CROSSOVER,CE,TRENDING_BEAR,0.818,4,2026-05-06 14:16:00,1465.0,1172.0,2026-05-06 14:25:00,SL,-295.5,-11860.0,False,ARMED(conf=0.82),SENSEX
2026-05-07,VWAP_BOUNCE,CE,NORMAL,0.838,4,2026-05-07 13:46:00,1289.15,1340.6,2026-05-07 14:30:00,TIME,48.95,1918.0,True,ARMED(conf=0.84),SENSEX
2026-05-11,ULTIMATE_DAY_HIGH_LOW,CE,NORMAL,0.835,5,2026-05-11 11:16:00,1310.0,1294.85,2026-05-11 14:30:00,TIME,-17.65,-922.5,False,ARMED(conf=0.84),SENSEX
2026-05-12,OPTIONS_GREEKS,CE,TRENDING_BEAR,0.828,5,2026-05-12 13:01:00,1260.35,1200.0,2026-05-12 14:30:00,TIME,-62.85,-3182.5,False,ARMED(conf=0.83),SENSEX
2026-05-13,MOMENTUM_BURST,CE,TRENDING_BEAR,0.828,5,2026-05-13 12:46:00,1155.9,1270.08,2026-05-13 12:54:00,TSL,111.68,5544.0,True,ARMED(conf=0.83),SENSEX
2026-05-13,MACD_DIVERGENCE,PE,TRENDING_BEAR,0.839,5,2026-05-13 13:46:00,1042.6,1114.8970000000002,2026-05-13 13:55:00,TSL,69.8,3449.85,True,ARMED(conf=0.84),SENSEX
2026-05-14,MOMENTUM_BURST,CE,TRENDING_BEAR,0.826,5,2026-05-14 13:01:00,1100.0,1160.222,2026-05-14 13:04:00,TSL,57.72,2846.1,True,ARMED(conf=0.83),SENSEX
2026-05-14,MOMENTUM_BURST,CE,TRENDING_BEAR,0.806,5,2026-05-14 13:16:00,1138.9,1180.3,2026-05-14 14:30:00,TIME,38.9,1905.0,True,ARMED(conf=0.81),SENSEX
2026-05-19,TREND_FOLLOWING,PE,NORMAL,0.859,7,2026-05-19 13:01:00,784.5,823.6899999999999,2026-05-19 13:38:00,TSL,36.69,2528.3,True,ARMED(conf=0.86),SENSEX
2026-05-19,MOMENTUM_BURST,PE,NORMAL,0.828,7,2026-05-19 13:46:00,770.8,802.62,2026-05-19 13:58:00,TSL,29.32,2012.4,True,ARMED(conf=0.83),SENSEX
2026-05-19,MACD_DIVERGENCE,CE,NORMAL,0.838,7,2026-05-19 14:01:00,794.7,831.187,2026-05-19 14:05:00,TSL,33.99,2339.09,True,ARMED(conf=0.84),SENSEX
2026-05-20,OPTIONS_GREEKS,PE,TRENDING_BULL,0.83,8,2026-05-20 13:01:00,733.85,754.3199999999999,2026-05-20 13:11:00,TSL,17.97,1397.6,True,ARMED(conf=0.83),SENSEX
2026-05-20,MOMENTUM_BURST,CE,TRENDING_BULL,0.825,7,2026-05-20 14:16:00,777.0,813.4,2026-05-20 14:23:00,TSL,33.9,2333.0,True,ARMED(conf=0.82),SENSEX
2026-05-21,OPTIONS_GREEKS,CE,TRENDING_BEAR,0.838,11,2026-05-21 13:31:00,620.0,636.9599999999999,2026-05-21 13:33:00,TSL,14.46,1550.6,True,ARMED(conf=0.84),SENSEX
2026-05-21,TREND_FOLLOWING,PE,TRENDING_BEAR,0.864,9,2026-05-21 13:46:00,659.55,689.332,2026-05-21 13:49:00,TSL,27.28,2415.38,True,ARMED(conf=0.86),SENSEX
2026-05-21,OPTIONS_GREEKS,CE,TRENDING_BEAR,0.835,10,2026-05-21 14:16:00,653.75,671.952,2026-05-21 14:27:00,TSL,15.7,1530.2,True,ARMED(conf=0.84),SENSEX
2026-05-22,GAMMA_BLAST,PE,NORMAL,0.835,12,2026-05-22 14:01:00,494.5,514.9,2026-05-22 14:02:00,TIME,17.9,2108.0,True,ARMED(conf=0.83),SENSEX
2026-05-22,GAMMA_BLAST,PE,NORMAL,0.827,13,2026-05-22 14:16:00,516.65,530.0,2026-05-22 14:17:00,TIME,10.85,1370.5,True,ARMED(conf=0.83),SENSEX
2026-05-25,VWAP_BOUNCE,PE,NORMAL,0.831,14,2026-05-25 12:46:00,376.85,411.99199999999996,2026-05-25 12:48:00,TSL,32.64,4529.88,True,ARMED(conf=0.83),SENSEX
2026-05-25,MACD_DIVERGENCE,CE,NORMAL,0.837,13,2026-05-25 13:01:00,428.8,457.51300000000003,2026-05-25 13:02:00,TSL,26.21,3367.69,True,ARMED(conf=0.84),SENSEX
2026-05-25,MACD_DIVERGENCE,PE,NORMAL,0.838,15,2026-05-25 13:31:00,426.0,446.92900000000003,2026-05-25 13:42:00,TSL,18.43,2724.35,True,ARMED(conf=0.84),SENSEX
2026-05-25,PUT_WRITER_SUPPORT,CE,NORMAL,0.818,17,2026-05-25 13:46:00,401.1,401.75,2026-05-25 14:30:00,TIME,-1.85,-354.5,False,ARMED(conf=0.82),SENSEX
2026-05-26,MOMENTUM_BURST,PE,NORMAL,0.824,20,2026-05-26 12:46:00,283.75,321.832,2026-05-26 12:50:00,TSL,35.58,7076.4,True,ARMED(conf=0.82),SENSEX
2026-05-26,MACD_DIVERGENCE,CE,NORMAL,0.828,21,2026-05-26 13:16:00,278.95,297.675,2026-05-26 13:17:00,TSL,16.23,3367.25,True,ARMED(conf=0.83),SENSEX
2026-05-26,MOMENTUM_BURST,PE,NORMAL,0.819,19,2026-05-26 14:01:00,264.9,283.31800000000004,2026-05-26 14:03:00,TSL,15.92,2984.42,True,ARMED(conf=0.82),SENSEX
2026-05-26,MOMENTUM_BURST,PE,NORMAL,0.799,22,2026-05-26 14:16:00,272.25,254.75,2026-05-26 14:30:00,TIME,-20.0,-4440.0,False,ARMED(conf=0.80),SENSEX
2025-02-04,MOMENTUM_BURST,CE,TRENDING_BULL,0.821,2,2025-02-04 12:46:00,360.0,395.62559999999996,2025-02-04 13:34:00,TSL,35.13,5228.84,True,ARMED(conf=0.82),NIFTY
2025-02-04,OPTIONS_GREEKS,PE,TRENDING_BULL,0.829,3,2025-02-04 14:01:00,303.55,311.55,2025-02-04 14:30:00,TIME,7.5,1647.5,True,ARMED(conf=0.83),NIFTY
2025-02-05,MOMENTUM_BURST,PE,NORMAL,0.829,2,2025-02-05 12:46:00,275.55,206.66250000000002,2025-02-05 12:56:00,SL,-69.39,-10448.12,False,ARMED(conf=0.83),NIFTY
2025-02-05,VWAP_BOUNCE,PE,NORMAL,0.829,2,2025-02-05 12:46:00,275.55,220.44000000000003,2025-02-05 12:56:00,SL,-55.61,-8381.5,False,ARMED(conf=0.83),NIFTY
2025-02-07,TREND_FOLLOWING,PE,TRENDING_BEAR,0.851,3,2025-02-07 13:01:00,236.7,189.36,2025-02-07 13:41:00,SL,-47.84,-10804.0,False,ARMED(conf=0.85),NIFTY
2025-02-07,MOMENTUM_BURST,PE,TRENDING_BEAR,0.828,3,2025-02-07 13:47:00,229.45,260.7138,2025-02-07 13:53:00,TSL,30.76,6881.86,True,ARMED(conf=0.83),NIFTY
2025-02-07,BREAKOUT,PE,TRENDING_BEAR,0.823,4,2025-02-07 14:01:00,217.65,234.55,2025-02-07 14:30:00,TIME,16.4,4880.0,True,ARMED(conf=0.82),NIFTY
2025-02-10,OPTIONS_GREEKS,CE,TRENDING_BEAR,0.827,2,2025-02-10 13:16:00,318.75,322.0,2025-02-10 14:30:00,TIME,2.75,372.5,True,ARMED(conf=0.83),NIFTY
2025-02-10,MACD_DIVERGENCE,CE,TRENDING_BEAR,0.827,2,2025-02-10 13:16:00,318.75,322.0,2025-02-10 14:30:00,TIME,2.75,372.5,True,ARMED(conf=0.83),NIFTY
2025-02-11,MOMENTUM_BURST,PE,TRENDING_BEAR,0.819,3,2025-02-11 12:46:00,233.5,255.84559999999996,2025-02-11 12:56:00,TSL,21.85,4875.26,True,ARMED(conf=0.82),NIFTY
2025-02-11,MOMENTUM_BURST,PE,TRENDING_BEAR,0.813,3,2025-02-11 13:01:00,235.65,259.0268,2025-02-11 13:10:00,TSL,22.88,5107.28,True,ARMED(conf=0.81),NIFTY
2025-02-11,MACD_DIVERGENCE,CE,TRENDING_BEAR,0.824,2,2025-02-11 13:31:00,313.85,304.2,2025-02-11 14:30:00,TIME,-10.15,-1562.5,False,ARMED(conf=0.82),NIFTY
2025-02-11,RSI_REVERSAL,CE,TRENDING_BEAR,0.824,2,2025-02-11 14:01:00,308.2,303.4,2025-02-11 14:02:00,TIME,-5.3,-835.0,False,ARMED(conf=0.82),NIFTY
2025-02-12,MOMENTUM_BURST,CE,TRENDING_BEAR,0.821,2,2025-02-12 13:16:00,308.45,267.25,2025-02-12 13:55:00,SPOT_SL,-41.7,-6295.0,False,ARMED(conf=0.82),NIFTY
2025-02-12,MACD_DIVERGENCE,PE,TRENDING_BEAR,0.827,3,2025-02-12 13:31:00,205.8,224.6602,2025-02-12 13:43:00,TSL,18.36,4091.04,True,ARMED(conf=0.83),NIFTY
2025-02-12,AI_ENHANCED,CE,TRENDING_BEAR,0.816,2,2025-02-12 14:01:00,315.65,318.45,2025-02-12 14:30:00,TIME,2.3,305.0,True,ARMED(conf=0.82),NIFTY
2025-02-14,VOLUME_CLIMAX,CE,TRENDING_BEAR,0.823,2,2025-02-14 13:01:00,295.45,311.05,2025-02-14 13:30:00,TIME,15.1,2225.0,True,ARMED(conf=0.82),NIFTY
2025-02-14,TREND_FOLLOWING,PE,TRENDING_BEAR,0.824,3,2025-02-14 13:31:00,215.35,229.7445,2025-02-14 13:40:00,TSL,13.89,3086.26,True,ARMED(conf=0.82),NIFTY
2025-02-14,MOMENTUM_BURST,PE,TRENDING_BEAR,0.829,3,2025-02-14 13:31:00,215.35,232.565,2025-02-14 13:52:00,TSL,16.72,3720.88,True,ARMED(conf=0.83),NIFTY
2025-02-14,MOMENTUM_BURST,PE,TRENDING_BEAR,0.827,3,2025-02-14 13:46:00,207.2,177.9,2025-02-14 14:30:00,TIME,-29.8,-6745.0,False,ARMED(conf=0.83),NIFTY
2025-02-14,MACD_DIVERGENCE,CE,TRENDING_BEAR,0.829,2,2025-02-14 14:01:00,286.6,316.3848,2025-02-14 14:20:00,TSL,29.28,4352.72,True,ARMED(conf=0.83),NIFTY
2025-02-17,AI_ENHANCED,CE,TRENDING_BULL,0.838,3,2025-02-17 12:31:00,294.0,316.78,2025-02-17 13:02:00,TSL,22.28,4973.0,True,ARMED(conf=0.84),NIFTY
2025-02-17,AI_ENHANCED,CE,TRENDING_BULL,0.837,3,2025-02-17 13:16:00,276.25,330.269,2025-02-17 13:41:00,TSL,53.52,12001.78,True,ARMED(conf=0.84),NIFTY
2025-02-18,MACD_DIVERGENCE,PE,TRENDING_BEAR,0.837,3,2025-02-18 12:46:00,202.35,219.02079999999998,2025-02-18 12:57:00,TSL,16.17,3598.43,True,ARMED(conf=0.84),NIFTY
2025-02-18,AI_ENHANCED,CE,TRENDING_BEAR,0.834,3,2025-02-18 13:16:00,236.05,250.27499999999998,2025-02-18 13:47:00,TSL,13.72,3048.12,True,ARMED(conf=0.83),NIFTY
2025-02-18,OPTIONS_GREEKS,PE,TRENDING_BEAR,0.811,4,2025-02-18 14:01:00,189.7,182.8,2025-02-18 14:30:00,TIME,-7.4,-2260.0,False,ARMED(conf=0.81),NIFTY
2025-02-19,AI_ENHANCED,CE,TRENDING_BULL,0.838,4,2025-02-19 12:46:00,222.8,178.0,2025-02-19 14:29:00,SPOT_SL,-45.3,-13630.0,False,ARMED(conf=0.84),NIFTY
2025-02-21,MACD_DIVERGENCE,PE,TRENDING_BEAR,0.834,6,2025-02-21 12:46:00,128.05,146.528,2025-02-21 13:00:00,TSL,17.98,8050.1,True,ARMED(conf=0.83),NIFTY
2025-02-21,OPTIONS_GREEKS,CE,TRENDING_BEAR,0.832,5,2025-02-21 13:46:00,166.0,180.527,2025-02-21 14:26:00,TSL,14.03,5220.12,True,ARMED(conf=0.83),NIFTY
2025-02-24,ULTIMATE_DAY_HIGH_LOW,CE,NORMAL,0.839,6,2025-02-24 11:46:00,145.0,147.79199999999997,2025-02-24 11:47:00,TSL,2.29,991.4,True,ARMED(conf=0.84),NIFTY
2025-02-24,PUT_WRITER_SUPPORT,CE,NORMAL,0.84,7,2025-02-24 12:46:00,155.6,159.73479999999998,2025-02-24 13:10:00,TSL,3.63,1868.27,True,ARMED(conf=0.84),NIFTY
2025-02-24,TREND_FOLLOWING,PE,NORMAL,0.835,9,2025-02-24 14:16:00,85.2,87.367,2025-02-24 14:17:00,TSL,1.67,1085.23,True,ARMED(conf=0.84),NIFTY
2025-02-25,MACD_DIVERGENCE,CE,RANGE_BOUND,0.838,9,2025-02-25 12:46:00,86.0,88.2112,2025-02-25 12:49:00,TSL,1.71,1115.06,True,ARMED(conf=0.84),NIFTY
2025-02-25,ATR_BREAK,CE,RANGE_BOUND,0.831,14,2025-02-25 13:01:00,56.45,57.481,2025-02-25 13:08:00,TSL,0.53,517.55,True,ARMED(conf=0.83),NIFTY
2025-02-27,ZERO_HERO,PE,NORMAL,0.84,100,2025-02-27 10:16:00,6.45,4.8375,2025-02-27 10:40:00,SL,-2.11,-15883.75,False,ARMED(conf=0.84),NIFTY
2025-02-28,MOMENTUM_BURST,PE,TRENDING_BEAR,0.82,3,2025-02-28 12:46:00,261.2,291.70640000000003,2025-02-28 12:55:00,TSL,30.01,6711.44,True,ARMED(conf=0.82),NIFTY
2025-02-28,OPTIONS_GREEKS,CE,TRENDING_BEAR,0.827,2,2025-02-28 13:46:00,378.5,380.0,2025-02-28 14:30:00,TIME,1.0,110.0,True,ARMED(conf=0.83),NIFTY
2025-03-03,MACD_DIVERGENCE,PE,TRENDING_BEAR,0.835,3,2025-03-03 13:16:00,243.6,263.12379999999996,2025-03-03 14:11:00,TSL,19.02,4240.35,True,ARMED(conf=0.84),NIFTY
2025-03-03,MACD_DIVERGENCE,CE,TRENDING_BEAR,0.831,2,2025-03-03 14:16:00,383.4,392.15,2025-03-03 14:30:00,TIME,8.25,1197.5,True,ARMED(conf=0.83),NIFTY
2025-03-04,AI_ENHANCED,CE,NORMAL,0.833,2,2025-03-04 12:16:00,355.15,266.36249999999995,2025-03-04 14:15:00,SL,-89.29,-13433.13,False,ARMED(conf=0.83),NIFTY
2025-03-05,OPTIONS_GREEKS,PE,TRENDING_BULL,0.828,3,2025-03-05 13:01:00,234.1,247.65,2025-03-05 14:30:00,TIME,13.05,2896.25,True,ARMED(conf=0.83),NIFTY
2025-03-07,MACD_DIVERGENCE,PE,TRENDING_BULL,0.835,3,2025-03-07 13:46:00,216.55,215.5,2025-03-07 14:30:00,TIME,-1.55,-388.75,False,ARMED(conf=0.83),NIFTY
2025-03-07,VWAP_BOUNCE,CE,TRENDING_BULL,0.836,2,2025-03-07 14:16:00,310.7,324.3,2025-03-07 14:30:00,TIME,13.1,1925.0,True,ARMED(conf=0.84),NIFTY
2025-03-10,LONG_UNWIND,PE,NORMAL,0.835,4,2025-03-10 13:16:00,222.35,247.2,2025-03-10 13:56:00,TSL,24.35,7265.0,True,ARMED(conf=0.83),NIFTY
2025-03-10,LONG_UNWIND,PE,NORMAL,0.805,4,2025-03-10 14:01:00,222.9,235.2,2025-03-10 14:19:00,TSL,11.8,3500.0,True,ARMED(conf=0.80),NIFTY
2025-03-11,MACD_DIVERGENCE,CE,TRENDING_BULL,0.835,2,2025-03-11 13:01:00,284.5,213.375,2025-03-11 14:28:00,SL,-71.62,-10783.75,False,ARMED(conf=0.83),NIFTY
2025-03-11,MOMENTUM_BURST,CE,TRENDING_BULL,0.829,2,2025-03-11 13:16:00,283.0,307.1304,2025-03-11 14:03:00,TSL,23.63,3504.56,True,ARMED(conf=0.83),NIFTY
2025-03-11,RSI_REVERSAL,PE,TRENDING_BULL,0.822,3,2025-03-11 14:16:00,220.0,222.05,2025-03-11 14:17:00,TIME,1.55,308.75,True,ARMED(conf=0.82),NIFTY
2025-03-12,OPTIONS_GREEKS,CE,TRENDING_BEAR,0.834,3,2025-03-12 12:46:00,262.65,292.763,2025-03-12 13:35:00,TSL,29.61,6622.92,True,ARMED(conf=0.83),NIFTY
2025-03-12,VWAP_BOUNCE,CE,TRENDING_BEAR,0.828,3,2025-03-12 14:16:00,247.55,274.55,2025-03-12 14:30:00,TIME,26.5,5922.5,True,ARMED(conf=0.83),NIFTY
2025-03-17,ULTIMATE_DAY_HIGH_LOW,CE,RANGE_BOUND,0.839,3,2025-03-17 13:16:00,238.05,243.21919999999997,2025-03-17 13:35:00,TSL,4.67,1010.57,True,ARMED(conf=0.84),NIFTY
2025-03-17,ULTIMATE_DAY_HIGH_LOW,CE,RANGE_BOUND,0.832,4,2025-03-17 14:01:00,231.75,236.3384,2025-03-17 14:06:00,TSL,4.09,1186.52,True,ARMED(conf=0.83),NIFTY
2025-03-17,MACD_DIVERGENCE,PE,RANGE_BOUND,0.839,5,2025-03-17 14:16:00,152.0,158.4,2025-03-17 14:30:00,TIME,5.9,2172.5,True,ARMED(conf=0.84),NIFTY
2025-03-18,VWAP_BOUNCE,CE,TRENDING_BULL,0.839,3,2025-03-18 12:46:00,218.9,237.068,2025-03-18 13:00:00,TSL,17.67,3935.3,True,ARMED(conf=0.84),NIFTY
2025-03-18,MACD_DIVERGENCE,CE,TRENDING_BULL,0.839,3,2025-03-18 12:46:00,218.9,257.388,2025-03-18 13:25:00,TSL,37.99,8507.3,True,ARMED(conf=0.84),NIFTY
2025-03-18,OPTIONS_GREEKS,PE,TRENDING_BULL,0.834,6,2025-03-18 14:01:00,152.45,155.4,2025-03-18 14:30:00,TIME,2.45,1062.5,True,ARMED(conf=0.83),NIFTY
2025-03-19,OPTIONS_GREEKS,PE,NORMAL,0.838,6,2025-03-19 13:01:00,149.65,162.23999999999998,2025-03-19 13:09:00,TSL,12.09,5400.5,True,ARMED(conf=0.84),NIFTY
2025-03-20,ZERO_HERO,PE,TRENDING_BULL,0.84,9,2025-03-20 10:31:00,94.9,71.17500000000001,2025-03-20 12:23:00,SL,-24.22,-16391.87,False,ARMED(conf=0.84),NIFTY
2025-03-21,OPTIONS_GREEKS,PE,TRENDING_BULL,0.83,7,2025-03-21 13:01:00,127.65,136.29999999999998,2025-03-21 13:14:00,TSL,8.15,4238.75,True,ARMED(conf=0.83),NIFTY
2025-03-24,OPTIONS_GREEKS,PE,TRENDING_BULL,0.834,7,2025-03-24 12:46:00,132.75,141.188,2025-03-24 13:03:00,TSL,7.94,4127.45,True,ARMED(conf=0.83),NIFTY
2025-03-24,MACD_DIVERGENCE,PE,TRENDING_BULL,0.831,6,2025-03-24 13:31:00,127.5,138.67139999999998,2025-03-24 13:46:00,TSL,10.67,4762.13,True,ARMED(conf=0.83),NIFTY
2025-03-24,MOMENTUM_BURST,CE,TRENDING_BULL,0.825,5,2025-03-24 14:01:00,155.9,171.54379999999998,2025-03-24 14:29:00,TSL,15.14,5638.92,True,ARMED(conf=0.83),NIFTY
2025-03-25,MACD_DIVERGENCE,PE,TRENDING_BEAR,0.836,8,2025-03-25 12:46:00,96.4,105.7026,2025-03-25 13:16:00,TSL,8.8,5241.56,True,ARMED(conf=0.84),NIFTY
2025-03-25,AI_ENHANCED,CE,TRENDING_BEAR,0.833,6,2025-03-25 14:01:00,114.15,103.3,2025-03-25 14:30:00,TIME,-11.35,-5147.5,False,ARMED(conf=0.83),NIFTY
2025-03-26,MACD_DIVERGENCE,PE,TRENDING_BEAR,0.833,8,2025-03-26 12:46:00,67.25,73.987,2025-03-26 13:03:00,TSL,6.24,3702.2,True,ARMED(conf=0.83),NIFTY
2025-03-26,MACD_DIVERGENCE,CE,TRENDING_BEAR,0.826,6,2025-03-26 13:46:00,118.95,130.6702,2025-03-26 13:55:00,TSL,11.22,5009.09,True,ARMED(conf=0.83),NIFTY
2025-03-28,ULTIMATE_DAY_HIGH_LOW,CE,NORMAL,0.84,2,2025-03-28 10:31:00,418.0,438.43199999999996,2025-03-28 11:04:00,TSL,19.93,2949.8,True,ARMED(conf=0.84),NIFTY
2025-03-28,LONG_UNWIND,PE,NORMAL,0.829,3,2025-03-28 13:01:00,268.25,277.488,2025-03-28 13:05:00,TSL,8.74,1926.05,True,ARMED(conf=0.83),NIFTY
2025-03-28,LONG_UNWIND,PE,NORMAL,0.828,3,2025-03-28 13:16:00,278.3,284.25600000000003,2025-03-28 14:13:00,TSL,5.46,1187.6,True,ARMED(conf=0.83),NIFTY
2025-04-02,MACD_DIVERGENCE,PE,NORMAL,0.837,2,2025-04-02 13:31:00,268.1,267.7,2025-04-02 14:30:00,TIME,-0.9,-175.0,False,ARMED(conf=0.84),NIFTY
2025-04-04,MACD_DIVERGENCE,CE,TRENDING_BEAR,0.832,2,2025-04-04 13:17:00,365.3,273.975,2025-04-04 13:42:00,SL,-91.82,-13813.75,False,ARMED(conf=0.83),NIFTY
2025-04-04,MOMENTUM_BURST,PE,TRENDING_BEAR,0.804,2,2025-04-04 13:46:00,271.65,273.3,2025-04-04 14:30:00,TIME,1.15,132.5,True,ARMED(conf=0.80),NIFTY
2025-04-04,ATR_BREAK,PE,TRENDING_BEAR,0.804,2,2025-04-04 13:46:00,271.65,273.3,2025-04-04 14:30:00,TIME,1.15,132.5,True,ARMED(conf=0.80),NIFTY
2025-04-11,OPTIONS_GREEKS,PE,TRENDING_BULL,0.818,2,2025-04-11 13:16:00,345.0,407.5,2025-04-11 14:30:00,TIME,62.0,9260.0,True,ARMED(conf=0.82),NIFTY
2025-04-15,OPTIONS_GREEKS,PE,NORMAL,0.812,3,2025-04-15 13:16:00,263.35,197.51250000000002,2025-04-15 13:48:00,SL,-66.34,-14965.94,False,ARMED(conf=0.81),NIFTY
2025-04-15,MACD_DIVERGENCE,PE,NORMAL,0.818,2,2025-04-15 14:16:00,267.9,269.5,2025-04-15 14:30:00,TIME,1.1,125.0,True,ARMED(conf=0.82),NIFTY
2025-04-16,MACD_DIVERGENCE,CE,TRENDING_BULL,0.832,2,2025-04-16 13:01:00,280.0,210.0,2025-04-16 13:45:00,SL,-70.5,-10615.0,False,ARMED(conf=0.83),NIFTY
2025-04-16,VWAP_BOUNCE,PE,TRENDING_BULL,0.83,3,2025-04-16 13:16:00,249.0,267.623,2025-04-16 13:36:00,TSL,18.12,4037.67,True,ARMED(conf=0.83),NIFTY
2025-04-16,MOMENTUM_BURST,CE,TRENDING_BULL,0.831,2,2025-04-16 13:46:00,290.9,320.86740000000003,2025-04-16 13:57:00,TSL,29.47,4380.11,True,ARMED(conf=0.83),NIFTY
2025-04-21,OPTIONS_GREEKS,PE,TRENDING_BULL,0.829,4,2025-04-21 13:16:00,204.0,223.015,2025-04-21 13:46:00,TSL,18.51,5514.5,True,ARMED(conf=0.83),NIFTY
2025-04-22,MACD_DIVERGENCE,CE,RANGE_BOUND,0.836,3,2025-04-22 13:01:00,213.0,218.8032,2025-04-22 13:23:00,TSL,5.3,1153.22,True,ARMED(conf=0.84),NIFTY
2025-04-22,MACD_DIVERGENCE,PE,RANGE_BOUND,0.837,4,2025-04-22 13:31:00,194.25,199.09120000000001,2025-04-22 13:50:00,TSL,4.34,1262.36,True,ARMED(conf=0.84),NIFTY
2025-04-23,MACD_DIVERGENCE,PE,TRENDING_BULL,0.838,4,2025-04-23 13:01:00,184.9,159.15,2025-04-23 14:30:00,TIME,-26.25,-7915.0,False,ARMED(conf=0.84),NIFTY
2025-04-28,OPTIONS_GREEKS,PE,TRENDING_BULL,0.826,9,2025-04-28 13:01:00,100.55,111.34299999999999,2025-04-28 13:07:00,TSL,10.29,6907.77,True,ARMED(conf=0.83),NIFTY
2025-04-28,MACD_DIVERGENCE,PE,TRENDING_BULL,0.831,8,2025-04-28 13:46:00,100.1,110.0406,2025-04-28 13:56:00,TSL,9.44,5624.36,True,ARMED(conf=0.83),NIFTY
2025-04-28,OPTIONS_GREEKS,PE,TRENDING_BULL,0.839,8,2025-04-28 14:16:00,104.65,114.49199999999999,2025-04-28 14:24:00,TSL,9.34,5565.2,True,ARMED(conf=0.84),NIFTY
2025-04-29,MACD_DIVERGENCE,PE,NORMAL,0.817,11,2025-04-29 13:01:00,71.35,53.512499999999996,2025-04-29 14:07:00,SL,-18.34,-15168.44,False,ARMED(conf=0.82),NIFTY
2025-05-02,BEAR_TREND_FOLLOWER,PE,TRENDING_BEAR,0.874,2,2025-05-02 12:46:00,410.35,348.75,2025-05-02 13:31:00,SPOT_SL,-62.1,-9355.0,False,ARMED(conf=0.87),NIFTY
2026-01-02,RSI_REVERSAL,PE,NORMAL,0.806,4,2026-01-02 12:46:00,171.0,172.55,2026-01-02 13:00:00,TIME,1.05,275.0,True,ARMED(conf=0.81),NIFTY
2026-01-02,MACD_DIVERGENCE,CE,NORMAL,0.804,2,2026-01-02 13:01:00,306.95,308.65,2026-01-02 14:30:00,TIME,1.2,140.0,True,ARMED(conf=0.80),NIFTY
2026-01-05,AI_ENHANCED,CE,NORMAL,0.838,3,2026-01-05 12:01:00,319.0,241.55,2026-01-05 14:03:00,SPOT_SL,-77.95,-17578.75,False,ARMED(conf=0.84),NIFTY
2026-01-06,LONG_UNWIND,PE,NORMAL,0.837,5,2026-01-06 13:01:00,168.55,176.976,2026-01-06 13:44:00,TSL,7.93,2932.25,True,ARMED(conf=0.84),NIFTY
2026-01-06,LONG_UNWIND,PE,NORMAL,0.83,5,2026-01-06 13:46:00,158.55,163.96800000000002,2026-01-06 14:24:00,TSL,4.92,1804.25,True,ARMED(conf=0.83),NIFTY
2026-01-07,DAY_LOW_BULLISH,CE,RANGE_BOUND,0.894,4,2026-01-07 12:46:00,267.5,271.1,2026-01-07 13:00:00,TIME,3.1,890.0,True,ARMED(conf=0.89),NIFTY
2026-01-07,ULTIMATE_DAY_HIGH_LOW,CE,RANGE_BOUND,0.834,3,2026-01-07 13:01:00,270.35,274.256,2026-01-07 13:14:00,TSL,3.41,726.35,True,ARMED(conf=0.83),NIFTY
2026-01-07,MOMENTUM_BURST,PE,RANGE_BOUND,0.827,5,2026-01-07 13:16:00,157.2,161.63840000000002,2026-01-07 13:25:00,TSL,3.94,1436.9,True,ARMED(conf=0.83),NIFTY
2026-01-09,RSI_REVERSAL,CE,TRENDING_BEAR,0.818,3,2026-01-09 12:46:00,265.0,275.5,2026-01-09 13:30:00,TIME,10.0,2210.0,True,ARMED(conf=0.82),NIFTY
2026-01-13,MACD_DIVERGENCE,CE,TRENDING_BEAR,0.825,3,2026-01-13 13:16:00,245.5,220.0,2026-01-13 14:30:00,TIME,-26.0,-5890.0,False,ARMED(conf=0.82),NIFTY
2026-01-14,ATR_BREAK,PE,RANGE_BOUND,0.832,5,2026-01-14 13:16:00,152.25,154.5872,2026-01-14 13:17:00,TSL,1.84,648.95,True,ARMED(conf=0.83),NIFTY
2026-01-14,LONG_UNWIND,PE,RANGE_BOUND,0.824,6,2026-01-14 13:31:00,147.9,152.9392,2026-01-14 13:33:00,TSL,4.54,2002.64,True,ARMED(conf=0.82),NIFTY
2026-01-14,LONG_UNWIND,PE,RANGE_BOUND,0.822,5,2026-01-14 13:46:00,157.5,162.26,2026-01-14 13:53:00,TSL,4.26,1557.5,True,ARMED(conf=0.82),NIFTY
2026-01-14,LONG_UNWIND,PE,RANGE_BOUND,0.83,5,2026-01-14 14:01:00,160.55,163.0896,2026-01-14 14:04:00,TSL,2.04,724.85,True,ARMED(conf=0.83),NIFTY
2026-01-14,LONG_UNWIND,PE,RANGE_BOUND,0.826,6,2026-01-14 14:16:00,155.25,157.136,2026-01-14 14:19:00,TSL,1.39,583.7,True,ARMED(conf=0.83),NIFTY
2026-01-16,LONG_UNWIND,PE,RANGE_BOUND,0.829,6,2026-01-16 13:01:00,145.45,148.4008,2026-01-16 13:02:00,TSL,2.45,1062.86,True,ARMED(conf=0.83),NIFTY
2026-01-16,LONG_UNWIND,PE,RANGE_BOUND,0.828,7,2026-01-16 13:16:00,131.8,133.3704,2026-01-16 13:18:00,TSL,1.07,521.96,True,ARMED(conf=0.83),NIFTY
2026-01-16,LONG_UNWIND,PE,RANGE_BOUND,0.827,6,2026-01-16 13:31:00,144.35,147.2296,2026-01-16 13:35:00,TSL,2.38,1030.82,True,ARMED(conf=0.83),NIFTY
2026-01-16,LONG_UNWIND,PE,RANGE_BOUND,0.825,6,2026-01-16 13:46:00,141.85,143.472,2026-01-16 13:52:00,TSL,1.12,464.9,True,ARMED(conf=0.83),NIFTY
2026-01-16,LONG_UNWIND,PE,RANGE_BOUND,0.827,6,2026-01-16 14:01:00,150.9,154.5008,2026-01-16 14:09:00,TSL,3.1,1355.36,True,ARMED(conf=0.83),NIFTY
2026-01-16,LONG_UNWIND,PE,RANGE_BOUND,0.831,6,2026-01-16 14:16:00,153.0,151.85,2026-01-16 14:30:00,TIME,-1.65,-782.5,False,ARMED(conf=0.83),NIFTY
2026-01-19,MACD_DIVERGENCE,CE,RANGE_BOUND,0.833,4,2026-01-19 12:46:00,166.65,173.31776,2026-01-19 12:53:00,TSL,6.17,1810.33,True,ARMED(conf=0.83),NIFTY
2026-01-19,LONG_UNWIND,PE,RANGE_BOUND,0.839,6,2026-01-19 13:01:00,143.0,149.3768,2026-01-19 13:11:00,TSL,5.88,2604.56,True,ARMED(conf=0.84),NIFTY
2026-01-19,LONG_UNWIND,PE,RANGE_BOUND,0.817,6,2026-01-19 13:16:00,147.15,110.36250000000001,2026-01-19 14:01:00,SL,-37.29,-16819.37,False,ARMED(conf=0.82),NIFTY
2026-01-20,OPTIONS_GREEKS,CE,TRENDING_BEAR,0.83,5,2026-01-20 13:16:00,178.4,161.0,2026-01-20 14:30:00,TIME,-17.9,-6752.5,False,ARMED(conf=0.83),NIFTY
2026-01-21,ATR_BREAK,CE,TRENDING_BEAR,0.823,4,2026-01-21 12:46:00,192.4,206.22799999999998,2026-01-21 12:55:00,TSL,13.33,3958.4,True,ARMED(conf=0.82),NIFTY
2026-01-21,OPTIONS_GREEKS,PE,TRENDING_BEAR,0.83,6,2026-01-21 13:01:00,152.6,173.42999999999998,2026-01-21 13:10:00,TSL,20.33,9108.5,True,ARMED(conf=0.83),NIFTY
2026-01-22,ZERO_HERO,PE,NORMAL,0.84,11,2026-01-22 10:01:00,81.95,192.75,2026-01-22 13:30:00,TIME,110.3,90957.5,True,ARMED(conf=0.84),NIFTY
2026-01-22,GAMMA_BLAST,PE,NORMAL,0.831,7,2026-01-22 14:01:00,123.15,119.6,2026-01-22 14:02:00,TIME,-4.05,-2166.25,False,ARMED(conf=0.83),NIFTY
2026-01-23,BEAR_TREND_FOLLOWER,PE,TRENDING_BEAR,0.881,14,2026-01-23 12:46:00,82.25,93.24799999999999,2026-01-23 12:47:00,TSL,10.5,10982.9,True,ARMED(conf=0.88),NIFTY
2026-01-27,MACD_DIVERGENCE,CE,TRENDING_BULL,0.838,13,2026-01-27 12:46:00,60.8,45.599999999999994,2026-01-27 12:49:00,SL,-15.7,-15347.5,False,ARMED(conf=0.84),NIFTY
2026-01-28,MACD_DIVERGENCE,PE,RANGE_BOUND,0.829,2,2026-01-28 13:16:00,310.55,319.72864,2026-01-28 13:21:00,TSL,8.68,1261.8,True,ARMED(conf=0.83),NIFTY
2026-01-28,OPTIONS_GREEKS,CE,RANGE_BOUND,0.832,2,2026-01-28 13:46:00,434.3,453.6,2026-01-28 14:30:00,TIME,18.8,2780.0,True,ARMED(conf=0.83),NIFTY
2026-01-30,ULTIMATE_DAY_HIGH_LOW,CE,NORMAL,0.814,2,2026-01-30 12:16:00,402.8,410.832,2026-01-30 13:54:00,TSL,7.53,1089.8,True,ARMED(conf=0.81),NIFTY
2026-01-30,EMA_CROSSOVER,CE,NORMAL,0.835,1,2026-01-30 13:31:00,401.85,425.054,2026-01-30 13:48:00,TSL,22.7,1662.8,True,ARMED(conf=0.83),NIFTY
2026-01-30,MACD_DIVERGENCE,PE,NORMAL,0.833,2,2026-01-30 14:16:00,307.95,314.55,2026-01-30 14:30:00,TIME,6.1,875.0,True,ARMED(conf=0.83),NIFTY
2026-02-02,AI_ENHANCED,CE,TRENDING_BULL,0.829,2,2026-02-02 12:01:00,405.0,430.144,2026-02-02 13:16:00,TSL,24.64,3656.6,True,ARMED(conf=0.83),NIFTY
2026-02-02,MACD_DIVERGENCE,CE,TRENDING_BULL,0.83,2,2026-02-02 13:31:00,369.35,409.16979999999995,2026-02-02 13:46:00,TSL,39.32,5857.97,True,ARMED(conf=0.83),NIFTY
2026-02-03,AI_ENHANCED,CE,NORMAL,0.82,2,2026-02-03 12:31:00,354.2,333.1,2026-02-03 14:30:00,TIME,-21.6,-3280.0,False,ARMED(conf=0.82),NIFTY
2026-02-03,MACD_DIVERGENCE,PE,NORMAL,0.814,2,2026-02-03 13:16:00,269.9,284.016,2026-02-03 13:27:00,TSL,13.62,2002.4,True,ARMED(conf=0.81),NIFTY
2026-02-04,VWAP_BOUNCE,CE,NORMAL,0.831,2,2026-02-04 13:46:00,318.15,343.98,2026-02-04 14:17:00,TSL,25.33,3759.5,True,ARMED(conf=0.83),NIFTY
2026-02-04,MOMENTUM_BURST,CE,NORMAL,0.828,2,2026-02-04 14:01:00,318.85,350.2376,2026-02-04 14:19:00,TSL,30.89,4593.14,True,ARMED(conf=0.83),NIFTY
2026-02-06,ULTIMATE_DAY_HIGH_LOW,CE,NORMAL,0.83,3,2026-02-06 11:16:00,282.9,298.56,2026-02-06 11:34:00,TSL,15.16,3371.0,True,ARMED(conf=0.83),NIFTY
2026-02-06,VWAP_BOUNCE,CE,NORMAL,0.837,2,2026-02-06 13:31:00,282.2,304.14300000000003,2026-02-06 13:52:00,TSL,21.44,3176.45,True,ARMED(conf=0.84),NIFTY
2026-02-06,MACD_DIVERGENCE,PE,NORMAL,0.832,4,2026-02-06 14:16:00,199.0,203.45,2026-02-06 14:30:00,TIME,3.95,1145.0,True,ARMED(conf=0.83),NIFTY
2026-02-09,VWAP_BOUNCE,CE,RANGE_BOUND,0.819,3,2026-02-09 12:46:00,248.05,254.657,2026-02-09 13:11:00,TSL,6.11,1334.07,True,ARMED(conf=0.82),NIFTY
2026-02-09,MACD_DIVERGENCE,PE,RANGE_BOUND,0.839,4,2026-02-09 13:16:00,189.05,187.5,2026-02-09 14:30:00,TIME,-2.05,-655.0,False,ARMED(conf=0.84),NIFTY
2026-02-10,SCALPING,CE,RANGE_BOUND,0.825,3,2026-02-10 12:46:00,244.65,253.69343999999998,2026-02-10 12:52:00,TSL,8.54,1882.27,True,ARMED(conf=0.83),NIFTY
2026-02-10,DAY_LOW_BULLISH,CE,RANGE_BOUND,0.893,4,2026-02-10 13:31:00,240.55,241.7,2026-02-10 13:32:00,TIME,0.65,155.0,True,ARMED(conf=0.89),NIFTY
2026-02-11,OPTIONS_GREEKS,CE,RANGE_BOUND,0.833,4,2026-02-11 12:46:00,220.55,224.0896,2026-02-11 12:53:00,TSL,3.04,871.88,True,ARMED(conf=0.83),NIFTY
2026-02-11,MACD_DIVERGENCE,PE,RANGE_BOUND,0.836,5,2026-02-11 13:46:00,156.8,162.42688,2026-02-11 13:50:00,TSL,5.13,1882.58,True,ARMED(conf=0.84),NIFTY
2026-02-11,MACD_DIVERGENCE,CE,RANGE_BOUND,0.836,4,2026-02-11 14:01:00,199.2,206.18752,2026-02-11 14:10:00,TSL,6.49,1906.26,True,ARMED(conf=0.84),NIFTY
2026-02-12,GAMMA_BLAST,PE,NORMAL,0.837,6,2026-02-12 13:01:00,150.0,147.05,2026-02-12 13:30:00,TIME,-3.45,-1592.5,False,ARMED(conf=0.84),NIFTY
2026-02-12,GAMMA_BLAST,PE,NORMAL,0.831,6,2026-02-12 13:46:00,148.95,150.05,2026-02-12 13:47:00,TIME,0.6,230.0,True,ARMED(conf=0.83),NIFTY
2026-02-13,AI_ENHANCED,CE,NORMAL,0.83,4,2026-02-13 12:16:00,217.95,225.696,2026-02-13 12:27:00,TSL,7.25,2133.8,True,ARMED(conf=0.83),NIFTY
2026-02-13,AI_ENHANCED,CE,NORMAL,0.831,4,2026-02-13 12:31:00,196.6,200.49599999999998,2026-02-13 12:36:00,TSL,3.4,978.8,True,ARMED(conf=0.83),NIFTY
2026-02-13,LONG_UNWIND,PE,NORMAL,0.835,5,2026-02-13 13:16:00,145.75,152.35199999999998,2026-02-13 13:37:00,TSL,6.1,2248.25,True,ARMED(conf=0.84),NIFTY
2026-02-13,LONG_UNWIND,PE,NORMAL,0.831,5,2026-02-13 13:46:00,159.4,166.848,2026-02-13 13:47:00,TSL,6.95,2565.5,True,ARMED(conf=0.83),NIFTY
2026-02-13,LONG_UNWIND,PE,NORMAL,0.834,6,2026-02-13 14:01:00,153.7,149.75,2026-02-13 14:30:00,TIME,-4.45,-2042.5,False,ARMED(conf=0.83),NIFTY
2026-02-16,OPTIONS_GREEKS,PE,TRENDING_BULL,0.832,5,2026-02-16 12:46:00,151.15,133.15,2026-02-16 14:30:00,TIME,-18.5,-6977.5,False,ARMED(conf=0.83),NIFTY
2026-02-17,OPTIONS_GREEKS,PE,NORMAL,0.827,5,2026-02-17 12:46:00,156.5,159.984,2026-02-17 13:04:00,TSL,2.98,1079.0,True,ARMED(conf=0.83),NIFTY
2026-02-17,MACD_DIVERGENCE,CE,NORMAL,0.826,4,2026-02-17 13:16:00,160.15,166.652,2026-02-17 13:34:00,TSL,6.0,1760.6,True,ARMED(conf=0.83),NIFTY
2026-02-17,VWAP_BOUNCE,CE,NORMAL,0.834,4,2026-02-17 14:16:00,160.95,169.54,2026-02-17 14:17:00,TSL,8.09,2387.0,True,ARMED(conf=0.83),NIFTY
2026-02-18,OPTIONS_GREEKS,PE,NORMAL,0.828,7,2026-02-18 13:01:00,124.1,128.976,2026-02-18 13:04:00,TSL,4.38,2257.4,True,ARMED(conf=0.83),NIFTY
2026-02-18,MACD_DIVERGENCE,PE,NORMAL,0.831,6,2026-02-18 13:16:00,122.85,127.368,2026-02-18 13:29:00,TSL,4.02,1768.1,True,ARMED(conf=0.83),NIFTY
2026-02-18,SCALPING,CE,NORMAL,0.823,7,2026-02-18 14:01:00,151.15,165.82240000000002,2026-02-18 14:11:00,TSL,14.17,7400.51,True,ARMED(conf=0.82),NIFTY
2026-02-18,SCALPING,CE,NORMAL,0.819,6,2026-02-18 14:16:00,145.85,152.8416,2026-02-18 14:18:00,TSL,6.49,2881.22,True,ARMED(conf=0.82),NIFTY
2026-02-20,OPTIONS_GREEKS,PE,TRENDING_BULL,0.835,8,2026-02-20 12:46:00,115.75,124.87899999999999,2026-02-20 12:58:00,TSL,8.63,5137.4,True,ARMED(conf=0.83),NIFTY
2026-02-20,MOMENTUM_BURST,CE,TRENDING_BULL,0.834,5,2026-02-20 14:01:00,138.9,134.55,2026-02-20 14:30:00,TIME,-4.85,-1858.75,False,ARMED(conf=0.83),NIFTY
2026-02-23,MOMENTUM_BURST,PE,NORMAL,0.831,8,2026-02-23 12:46:00,98.45,106.9208,2026-02-23 12:47:00,TSL,7.97,4742.48,True,ARMED(conf=0.83),NIFTY
2026-02-23,MACD_DIVERGENCE,CE,NORMAL,0.839,9,2026-02-23 13:16:00,81.3,87.7424,2026-02-23 13:17:00,TSL,5.94,3971.12,True,ARMED(conf=0.84),NIFTY
2026-02-23,TREND_FOLLOWING,PE,NORMAL,0.855,7,2026-02-23 13:31:00,83.15,88.886,2026-02-23 13:32:00,TSL,5.24,2708.9,True,ARMED(conf=0.85),NIFTY
2026-02-23,MACD_DIVERGENCE,PE,NORMAL,0.833,9,2026-02-23 13:46:00,81.2,85.0584,2026-02-23 13:47:00,TSL,3.36,2226.92,True,ARMED(conf=0.83),NIFTY
2026-02-23,MACD_DIVERGENCE,CE,NORMAL,0.837,10,2026-02-23 14:16:00,106.5,111.2152,2026-02-23 14:18:00,TSL,4.22,3121.4,True,ARMED(conf=0.84),NIFTY
2026-02-25,ULTIMATE_DAY_HIGH_LOW,CE,NORMAL,0.84,2,2026-02-25 10:01:00,440.0,449.952,2026-02-25 10:38:00,TSL,9.45,1377.8,True,ARMED(conf=0.84),NIFTY
2026-02-25,MOMENTUM_BURST,PE,NORMAL,0.818,2,2026-02-25 12:46:00,297.8,312.32,2026-02-25 13:00:00,TSL,14.02,2063.0,True,ARMED(conf=0.82),NIFTY
2026-02-25,BOLLINGER_SQUEEZE,PE,NORMAL,0.818,2,2026-02-25 12:46:00,297.8,312.32,2026-02-25 13:00:00,TSL,14.02,2063.0,True,ARMED(conf=0.82),NIFTY
2026-02-25,LONG_UNWIND,PE,NORMAL,0.797,3,2026-02-25 13:01:00,293.15,291.5,2026-02-25 14:30:00,TIME,-2.15,-523.75,False,ARMED(conf=0.80),NIFTY
2026-02-27,BEAR_TREND_FOLLOWER,PE,TRENDING_BEAR,0.885,3,2026-02-27 12:46:00,302.7,289.95,2026-02-27 14:30:00,TIME,-13.25,-3021.25,False,ARMED(conf=0.88),NIFTY
2026-03-02,MOMENTUM_BURST,PE,TRENDING_BEAR,0.822,2,2026-03-02 13:16:00,361.6,403.43399999999997,2026-03-02 14:03:00,TSL,41.33,6160.1,True,ARMED(conf=0.82),NIFTY
2026-03-02,TREND_FOLLOWING,PE,TRENDING_BEAR,0.848,2,2026-03-02 14:16:00,382.75,400.0,2026-03-02 14:30:00,TIME,16.75,2472.5,True,ARMED(conf=0.85),NIFTY
2026-03-04,OPTIONS_GREEKS,PE,TRENDING_BULL,0.809,2,2026-03-04 13:16:00,441.0,412.0,2026-03-04 14:13:00,SPOT_SL,-29.5,-4465.0,False,ARMED(conf=0.81),NIFTY
2026-03-06,TREND_FOLLOWING,PE,TRENDING_BEAR,0.87,2,2026-03-06 13:01:00,394.8,425.054,2026-03-06 14:01:00,TSL,29.75,4423.1,True,ARMED(conf=0.87),NIFTY
2026-03-10,ULTIMATE_DAY_HIGH_LOW,CE,NORMAL,0.84,1,2026-03-10 10:16:00,512.5,529.92,2026-03-10 14:16:00,TSL,16.92,1229.0,True,ARMED(conf=0.84),NIFTY
2026-03-10,ATR_BREAK,CE,NORMAL,0.826,1,2026-03-10 14:01:00,512.55,532.1279999999999,2026-03-10 14:13:00,TSL,19.08,1390.85,True,ARMED(conf=0.83),NIFTY
2026-03-10,MACD_DIVERGENCE,PE,NORMAL,0.837,2,2026-03-10 14:16:00,378.0,391.5,2026-03-10 14:30:00,TIME,13.0,1910.0,True,ARMED(conf=0.84),NIFTY
2026-03-18,MOMENTUM_BURST,CE,TRENDING_BULL,0.826,2,2026-03-18 13:16:00,325.25,331.0,2026-03-18 14:30:00,TIME,5.25,747.5,True,ARMED(conf=0.83),NIFTY
2026-03-18,ATR_BREAK,CE,TRENDING_BULL,0.826,2,2026-03-18 13:16:00,325.25,331.0,2026-03-18 14:30:00,TIME,5.25,747.5,True,ARMED(conf=0.83),NIFTY
2026-04-08,ATR_BREAK,CE,TRENDING_BULL,0.809,1,2026-04-08 13:16:00,416.1,433.9,2026-04-08 14:30:00,TIME,17.3,1257.5,True,ARMED(conf=0.81),NIFTY
2026-04-08,OPTIONS_GREEKS,PE,TRENDING_BULL,0.816,2,2026-04-08 13:31:00,385.4,384.2,2026-04-08 14:30:00,TIME,-1.7,-295.0,False,ARMED(conf=0.82),NIFTY
2026-04-10,MOMENTUM_BURST,CE,TRENDING_BULL,0.822,2,2026-04-10 13:46:00,417.45,390.3,2026-04-10 14:30:00,TIME,-27.65,-4187.5,False,ARMED(conf=0.82),NIFTY
2026-04-15,VWAP_BOUNCE,CE,RANGE_BOUND,0.818,2,2026-04-15 13:01:00,342.75,349.258,2026-04-15 13:13:00,TSL,6.01,861.2,True,ARMED(conf=0.82),NIFTY
2026-04-15,VWAP_BOUNCE,PE,RANGE_BOUND,0.815,2,2026-04-15 13:16:00,319.05,324.75559999999996,2026-04-15 13:23:00,TSL,5.21,740.84,True,ARMED(conf=0.81),NIFTY
2026-04-15,EMA_CROSSOVER,PE,RANGE_BOUND,0.815,2,2026-04-15 13:16:00,319.05,331.3268,2026-04-15 13:24:00,TSL,11.78,1726.52,True,ARMED(conf=0.81),NIFTY
2026-04-15,VWAP_BOUNCE,CE,RANGE_BOUND,0.819,2,2026-04-15 13:31:00,336.65,342.78659999999996,2026-04-15 13:32:00,TSL,5.64,805.49,True,ARMED(conf=0.82),NIFTY
2026-04-17,VWAP_BOUNCE,CE,TRENDING_BULL,0.834,2,2026-04-17 13:01:00,306.9,321.0,2026-04-17 14:30:00,TIME,13.6,2000.0,True,ARMED(conf=0.83),NIFTY
2026-04-17,MOMENTUM_BURST,CE,TRENDING_BULL,0.829,2,2026-04-17 13:31:00,287.0,292.3,2026-04-17 14:30:00,TIME,4.8,680.0,True,ARMED(conf=0.83),NIFTY
2026-04-20,VOLUME_CLIMAX,PE,TRENDING_BULL,0.832,2,2026-04-20 12:46:00,272.55,306.326,2026-04-20 13:11:00,TSL,33.28,4951.4,True,ARMED(conf=0.83),NIFTY
2026-04-21,MOMENTUM_BURST,CE,TRENDING_BULL,0.835,3,2026-04-21 13:01:00,246.1,257.5,2026-04-21 14:30:00,TIME,10.9,2412.5,True,ARMED(conf=0.84),NIFTY
2026-04-22,VWAP_BOUNCE,PE,NORMAL,0.837,3,2026-04-22 13:16:00,234.8,245.0,2026-04-22 13:19:00,TSL,9.7,2142.5,True,ARMED(conf=0.84),NIFTY
2026-04-22,MACD_DIVERGENCE,CE,NORMAL,0.836,3,2026-04-22 13:31:00,217.0,227.0176,2026-04-22 13:56:00,TSL,9.52,2101.46,True,ARMED(conf=0.84),NIFTY
2026-04-22,MACD_DIVERGENCE,PE,NORMAL,0.837,3,2026-04-22 14:01:00,217.0,228.384,2026-04-22 14:03:00,TSL,10.88,2408.9,True,ARMED(conf=0.84),NIFTY
2026-04-24,TREND_FOLLOWING,PE,TRENDING_BEAR,0.82,5,2026-04-24 13:01:00,157.45,165.72449999999998,2026-04-24 13:05:00,TSL,7.77,2875.44,True,ARMED(conf=0.82),NIFTY
2026-04-27,SCALPING,CE,NORMAL,0.829,10,2026-04-27 13:01:00,92.75,96.0872,2026-04-27 13:04:00,TSL,2.84,2087.9,True,ARMED(conf=0.83),NIFTY
2026-04-27,SCALPING,CE,NORMAL,0.808,8,2026-04-27 13:16:00,105.75,112.63040000000001,2026-04-27 13:17:00,TSL,6.38,3788.24,True,ARMED(conf=0.81),NIFTY
2026-04-27,OPTIONS_GREEKS,PE,NORMAL,0.827,11,2026-04-27 13:46:00,109.05,113.568,2026-04-27 13:52:00,TSL,4.02,3274.85,True,ARMED(conf=0.83),NIFTY
2026-04-29,OPTIONS_GREEKS,PE,TRENDING_BULL,0.83,2,2026-04-29 13:16:00,364.0,439.5,2026-04-29 14:30:00,TIME,75.0,11210.0,True,ARMED(conf=0.83),NIFTY
2026-05-04,BEAR_TREND_FOLLOWER,PE,TRENDING_BEAR,0.877,3,2026-05-04 12:46:00,375.0,413.97599999999994,2026-05-04 13:40:00,TSL,38.48,8617.1,True,ARMED(conf=0.88),NIFTY
2026-05-04,TREND_FOLLOWING,PE,TRENDING_BEAR,0.858,2,2026-05-04 13:46:00,388.0,359.55,2026-05-04 14:30:00,TIME,-28.95,-4382.5,False,ARMED(conf=0.86),NIFTY
2026-05-05,EMA_CROSSOVER,CE,NORMAL,0.829,1,2026-05-05 12:46:00,452.0,500.47150000000005,2026-05-05 13:13:00,TSL,47.97,3557.86,True,ARMED(conf=0.83),NIFTY
2026-05-05,ATR_BREAK,CE,NORMAL,0.829,1,2026-05-05 12:46:00,452.0,497.3758,2026-05-05 13:13:00,TSL,44.88,3325.69,True,ARMED(conf=0.83),NIFTY
2026-05-06,OPTIONS_GREEKS,CE,TRENDING_BULL,0.827,2,2026-05-06 13:01:00,434.3,325.725,2026-05-06 14:20:00,SL,-109.07,-16401.25,False,ARMED(conf=0.83),NIFTY
2026-05-08,ULTIMATE_DAY_HIGH_LOW,CE,RANGE_BOUND,0.835,2,2026-05-08 13:31:00,366.25,358.85,2026-05-08 14:30:00,TIME,-7.9,-1225.0,False,ARMED(conf=0.83),NIFTY
2026-05-11,AI_ENHANCED,CE,NORMAL,0.835,2,2026-05-11 12:01:00,359.2,372.43199999999996,2026-05-11 13:37:00,TSL,12.73,1869.8,True,ARMED(conf=0.84),NIFTY
2026-05-11,OPTIONS_GREEKS,PE,NORMAL,0.829,2,2026-05-11 13:46:00,327.05,362.75,2026-05-11 14:30:00,TIME,35.2,5240.0,True,ARMED(conf=0.83),NIFTY
2026-05-12,OPTIONS_GREEKS,CE,TRENDING_BEAR,0.827,2,2026-05-12 13:01:00,387.9,357.35,2026-05-12 14:30:00,TIME,-31.05,-4697.5,False,ARMED(conf=0.83),NIFTY
2026-05-13,AI_ENHANCED,CE,TRENDING_BEAR,0.829,2,2026-05-13 12:01:00,357.4,385.682,2026-05-13 13:06:00,TSL,27.78,4127.3,True,ARMED(conf=0.83),NIFTY
2026-05-13,MACD_DIVERGENCE,PE,TRENDING_BEAR,0.838,2,2026-05-13 13:46:00,305.45,325.3,2026-05-13 14:30:00,TIME,19.35,2862.5,True,ARMED(conf=0.84),NIFTY
2026-05-15,ULTIMATE_DAY_HIGH_LOW,CE,NORMAL,0.836,3,2026-05-15 12:46:00,299.8,259.15,2026-05-15 14:30:00,TIME,-41.15,-9298.75,False,ARMED(conf=0.84),NIFTY
2026-05-18,OPTIONS_GREEKS,PE,TRENDING_BULL,0.825,3,2026-05-18 13:01:00,276.1,291.494,2026-05-18 14:27:00,TSL,14.89,3311.15,True,ARMED(conf=0.82),NIFTY
2026-05-19,TREND_FOLLOWING,PE,NORMAL,0.851,3,2026-05-19 13:01:00,233.95,239.41400000000002,2026-05-19 13:07:00,TSL,4.96,1076.9,True,ARMED(conf=0.85),NIFTY
2026-05-19,MACD_DIVERGENCE,CE,NORMAL,0.836,3,2026-05-19 13:16:00,230.0,239.12,2026-05-19 13:18:00,TSL,8.62,1899.5,True,ARMED(conf=0.84),NIFTY
2026-05-19,MOMENTUM_BURST,PE,NORMAL,0.83,3,2026-05-19 13:31:00,224.25,234.728,2026-05-19 13:36:00,TSL,9.98,2205.05,True,ARMED(conf=0.83),NIFTY
2026-05-19,MOMENTUM_BURST,PE,NORMAL,0.829,3,2026-05-19 13:46:00,221.7,229.94559999999998,2026-05-19 13:59:00,TSL,7.75,1702.76,True,ARMED(conf=0.83),NIFTY
2026-05-19,VWAP_BOUNCE,PE,NORMAL,0.829,3,2026-05-19 13:46:00,221.7,230.88799999999998,2026-05-19 13:58:00,TSL,8.69,1914.8,True,ARMED(conf=0.83),NIFTY
2026-05-19,MACD_DIVERGENCE,CE,NORMAL,0.838,3,2026-05-19 14:01:00,215.6,224.48,2026-05-19 14:04:00,TSL,8.38,1845.5,True,ARMED(conf=0.84),NIFTY
2026-05-20,OPTIONS_GREEKS,PE,TRENDING_BULL,0.831,4,2026-05-20 13:01:00,212.5,230.159,2026-05-20 13:32:00,TSL,17.16,5107.7,True,ARMED(conf=0.83),NIFTY
2026-05-25,MACD_DIVERGENCE,CE,NORMAL,0.836,8,2026-05-25 13:01:00,93.6,131.04,2026-05-25 13:03:00,TARGET,36.94,22124.0,True,ARMED(conf=0.84),NIFTY
2026-05-25,SCALPING,CE,NORMAL,0.834,11,2026-05-25 13:16:00,80.7,83.93599999999999,2026-05-25 13:21:00,TSL,2.74,2217.2,True,ARMED(conf=0.83),NIFTY
2026-05-25,MACD_DIVERGENCE,PE,NORMAL,0.837,8,2026-05-25 13:31:00,95.8,101.50399999999999,2026-05-25 13:42:00,TSL,5.2,3082.4,True,ARMED(conf=0.84),NIFTY
