strategy,action,entry_time,entry_price,strike,option_type,premium,delta,theta,gamma,vega,confidence,reason,position_size,broker_charges,status,exit_time,exit_price,exit_reason,gross_pnl,net_pnl,pnl
multi_signal_momentum,BUY,2026-03-27 10:08:07.140822,23635.32,23650,ce,15.08,0.5231,-0.5322,0.0099,0.2216,0.67019769103791,Positive momentum,33,40,CLOSED,2026-03-27 10:29:07.140822,23632.53,Time Exit,-92.07000000002881,-172.0700000000288,-172.0700000000288
multi_signal_momentum,BUY,2026-03-27 10:13:07.140822,23640.98,23650,ce,15.08,0.5231,-0.5322,0.0099,0.2216,0.6942096070572831,Positive momentum,34,40,CLOSED,2026-03-27 10:34:07.140822,23731.33,Time Exit,3071.900000000074,2991.900000000074,2991.900000000074
multi_signal_momentum,BUY,2026-03-27 10:31:07.140822,23689.54,23700,ce,5.0,0.4517,-0.4641,0.0095,0.2271,0.6508223562405432,Positive momentum,32,40,CLOSED,2026-03-27 10:52:07.140822,23839.96,Time Exit,4813.439999999944,4733.439999999944,4733.439999999944
multi_signal_momentum,BUY,2026-03-27 10:36:07.140822,23786.74,23800,ce,13.31,0.5644,-0.4078,0.0108,0.2369,0.7,Positive momentum,35,40,CLOSED,2026-03-27 10:57:07.140822,23844.69,Time Exit,2028.2499999998981,1948.2499999998981,1948.2499999998981
multi_signal_momentum,BUY,2026-03-27 10:41:07.140822,23832.17,23800,ce,13.31,0.5644,-0.4078,0.0108,0.2369,0.7,Positive momentum,35,40,CLOSED,2026-03-27 11:02:07.140822,23897.74,Time Exit,2294.950000000117,2214.950000000117,2214.950000000117
multi_signal_momentum,BUY,2026-03-27 10:46:07.140822,23870.09,23800,ce,13.31,0.5644,-0.4078,0.0108,0.2369,0.7,Positive momentum,35,40,CLOSED,2026-03-27 11:07:07.140822,23828.92,Time Exit,-1440.9500000000662,-1520.9500000000662,-1520.9500000000662
multi_signal_momentum,BUY,2026-03-27 11:02:07.140822,23897.74,23800,ce,13.31,0.5644,-0.4078,0.0108,0.2369,0.6423661784667575,Positive momentum,32,40,CLOSED,2026-03-27 11:23:07.140822,23977.75,Time Exit,2560.319999999949,2480.319999999949,2480.319999999949
multi_signal_momentum,BUY,2026-03-27 11:12:07.140822,23881.67,23800,ce,13.31,0.5644,-0.4078,0.0108,0.2369,0.6213696634173923,Positive momentum,31,40,CLOSED,2026-03-27 11:33:07.140822,23995.23,Time Exit,3520.3600000000406,3440.3600000000406,3440.3600000000406
multi_signal_momentum,BUY,2026-03-27 11:17:07.140822,23934.93,23800,ce,13.31,0.5644,-0.4078,0.0108,0.2369,0.4444879583296265,ROC momentum,22,40,CLOSED,2026-03-27 11:38:07.140822,24099.61,Time Exit,3622.9600000000064,3542.9600000000064,3542.9600000000064
multi_signal_momentum,BUY,2026-03-27 11:27:07.140822,24005.72,23800,ce,13.31,0.5644,-0.4078,0.0108,0.2369,0.6957602132114046,Positive momentum,34,40,CLOSED,2026-03-27 11:48:07.140822,24153.22,Time Exit,5015.0,4935.0,4935.0
multi_signal_momentum,BUY,2026-03-27 11:37:07.140822,24100.35,23800,ce,13.31,0.5644,-0.4078,0.0108,0.2369,0.7,Positive momentum,35,40,CLOSED,2026-03-27 11:58:07.140822,24187.65,Time Exit,3055.500000000102,2975.500000000102,2975.500000000102
multi_signal_momentum,BUY,2026-03-27 11:43:07.140822,24163.78,23800,ce,13.31,0.5644,-0.4078,0.0108,0.2369,0.7,Positive momentum,35,40,CLOSED,2026-03-27 12:04:07.140822,24279.69,Time Exit,4056.849999999995,3976.849999999995,3976.849999999995
multi_signal_momentum,BUY,2026-03-27 12:00:07.140822,24189.78,23800,ce,13.31,0.5644,-0.4078,0.0108,0.2369,0.555347781118631,Positive momentum,27,40,CLOSED,2026-03-27 12:21:07.140822,24380.49,Time Exit,5149.170000000075,5069.170000000075,5069.170000000075
multi_signal_momentum,BUY,2026-03-27 12:06:07.140822,24293.02,23800,ce,13.31,0.5644,-0.4078,0.0108,0.2369,0.7,Positive momentum,35,40,CLOSED,2026-03-27 12:27:07.140822,24365.89,Time Exit,2550.4499999999643,2470.4499999999643,2470.4499999999643
multi_signal_momentum,BUY,2026-03-27 12:11:07.140822,24317.99,23800,ce,13.31,0.5644,-0.4078,0.0108,0.2369,0.4424983109698585,ROC momentum,22,40,CLOSED,2026-03-27 12:32:07.140822,24382.92,Time Exit,1428.4599999999264,1348.4599999999264,1348.4599999999264
multi_signal_momentum,BUY,2026-03-27 12:20:07.140822,24373.02,23800,ce,13.31,0.5644,-0.4078,0.0108,0.2369,0.5972453077158321,Positive momentum,29,40,CLOSED,2026-03-27 12:41:07.140822,24439.38,Time Exit,1924.4400000000169,1844.4400000000169,1844.4400000000169
multi_signal_momentum,BUY,2026-03-27 12:46:07.140822,24475.09,23800,ce,13.31,0.5644,-0.4078,0.0108,0.2369,0.7,Positive momentum,35,40,CLOSED,2026-03-27 13:07:07.140822,24514.08,Time Exit,1364.650000000056,1284.650000000056,1284.650000000056
multi_signal_momentum,BUY,2026-03-27 12:59:07.140822,24526.24,23800,ce,13.31,0.5644,-0.4078,0.0108,0.2369,0.4317153877302268,ROC momentum,21,40,CLOSED,2026-03-27 13:20:07.140822,24554.95,Time Exit,602.9099999999817,522.9099999999817,522.9099999999817
multi_signal_momentum,BUY,2026-03-27 13:04:07.140822,24555.66,23800,ce,13.31,0.5644,-0.4078,0.0108,0.2369,0.6187980189412686,Positive momentum,30,40,CLOSED,2026-03-27 13:25:07.140822,24558.96,Time Exit,98.99999999997817,18.999999999978172,18.999999999978172
multi_signal_momentum,BUY,2026-03-27 13:24:07.140822,24597.98,23800,ce,13.31,0.5644,-0.4078,0.0108,0.2369,0.6415367392988532,Positive momentum,32,40,CLOSED,2026-03-27 13:45:07.140822,24576.83,Time Exit,-676.7999999999302,-756.7999999999302,-756.7999999999302
multi_signal_momentum,BUY,2026-03-27 13:37:07.140822,24538.07,23800,ce,13.31,0.5644,-0.4078,0.0108,0.2369,0.5369952457711765,Positive momentum,26,40,CLOSED,2026-03-27 13:58:07.140822,24686.65,Time Exit,3863.0800000000454,3783.0800000000454,3783.0800000000454
multi_signal_momentum,BUY,2026-03-27 13:53:07.140822,24671.52,23800,ce,13.31,0.5644,-0.4078,0.0108,0.2369,0.43512279963896916,ROC momentum,21,40,CLOSED,2026-03-27 14:14:07.140822,24735.32,Time Exit,1339.7999999999847,1259.7999999999847,1259.7999999999847
multi_signal_momentum,BUY,2026-03-27 14:00:07.140822,24686.54,23800,ce,13.31,0.5644,-0.4078,0.0108,0.2369,0.6202393687310345,Positive momentum,31,40,CLOSED,2026-03-27 14:21:07.140822,24763.64,Time Exit,2390.099999999955,2310.099999999955,2310.099999999955
multi_signal_momentum,BUY,2026-03-27 14:06:07.140822,24726.72,23800,ce,13.31,0.5644,-0.4078,0.0108,0.2369,0.6644201429677473,Positive momentum,33,40,CLOSED,2026-03-27 14:27:07.140822,24792.01,Time Exit,2154.5699999999088,2074.5699999999088,2074.5699999999088
multi_signal_momentum,BUY,2026-03-27 14:21:07.140822,24763.64,23800,ce,13.31,0.5644,-0.4078,0.0108,0.2369,0.6981365352735521,Positive momentum,34,40,CLOSED,2026-03-27 14:42:07.140822,24741.56,Time Exit,-750.7199999999357,-830.7199999999357,-830.7199999999357
multi_signal_momentum,BUY,2026-03-27 14:46:07.140822,24742.1,23800,ce,13.31,0.5644,-0.4078,0.0108,0.2369,0.6771369700231619,Positive momentum,33,40,CLOSED,2026-03-27 15:07:07.140822,24733.18,Time Exit,-294.3599999999424,-374.3599999999424,-374.3599999999424
multi_signal_momentum,BUY,2026-03-27 14:51:07.140822,24814.17,23800,ce,13.31,0.5644,-0.4078,0.0108,0.2369,0.7,Positive momentum,35,40,CLOSED,2026-03-27 15:12:07.140822,24824.4,Time Exit,358.05000000011205,278.05000000011205,278.05000000011205
multi_signal_momentum,BUY,2026-03-27 15:13:07.140822,24850.45,23800,ce,13.31,0.5644,-0.4078,0.0108,0.2369,0.7,Positive momentum,35,40,CLOSED,2026-03-30 09:15:00.000000,23076.68,Stop Loss,-62081.95000000001,-62161.95000000001,-62161.95000000001
multi_signal_momentum,BUY,2026-03-27 15:19:07.140822,24887.61,23800,ce,13.31,0.5644,-0.4078,0.0108,0.2369,0.7,Positive momentum,35,40,CLOSED,2026-03-30 09:15:00.000000,23076.68,Stop Loss,-63382.55000000001,-63462.55000000001,-63462.55000000001
multi_signal_momentum,BUY,2026-03-30 09:24:00.000000,23124.23,23150,ce,5.0,0.4874,-0.4762,0.0107,0.2237,0.6056613642203775,Positive momentum,30,40,CLOSED,2026-03-30 09:45:00.000000,23246.91,Time Exit,3680.4000000000087,3600.4000000000087,3600.4000000000087
multi_signal_momentum,BUY,2026-03-30 09:33:00.000000,23170.13,23200,ce,7.28,0.5398,-0.5196,0.0093,0.1853,0.43138850176403365,ROC momentum,21,40,CLOSED,2026-03-30 09:54:00.000000,23301.16,Time Exit,2751.6299999999756,2671.6299999999756,2671.6299999999756
multi_signal_momentum,BUY,2026-03-30 09:38:00.000000,23209.79,23250,ce,15.71,0.5149,-0.4232,0.009,0.2097,0.7,Positive momentum,35,40,CLOSED,2026-03-30 09:59:00.000000,23321.51,Time Exit,3910.1999999999134,3830.1999999999134,3830.1999999999134
multi_signal_momentum,BUY,2026-03-30 09:45:00.000000,23246.91,23250,ce,15.71,0.5149,-0.4232,0.009,0.2097,0.4311719649082387,ROC momentum,21,40,CLOSED,2026-03-30 10:06:00.000000,23456.93,Time Exit,4410.420000000009,4330.420000000009,4330.420000000009
multi_signal_momentum,BUY,2026-03-30 09:50:00.000000,23288.1,23300,ce,14.11,0.6207,-0.4682,0.0106,0.1986,0.7,Positive momentum,35,40,CLOSED,2026-03-30 10:11:00.000000,23474.31,Time Exit,6517.350000000097,6437.350000000097,6437.350000000097
multi_signal_momentum,BUY,2026-03-30 09:55:00.000000,23310.46,23350,ce,14.16,0.5057,-0.497,0.0099,0.1943,0.6733696650436546,Positive momentum,33,40,CLOSED,2026-03-30 10:16:00.000000,23538.14,Time Exit,7513.44000000001,7433.44000000001,7433.44000000001
multi_signal_momentum,BUY,2026-03-30 10:02:00.000000,23362.38,23400,ce,9.0,0.4362,-0.4861,0.0101,0.176,0.7,Positive momentum,35,40,CLOSED,2026-03-30 10:23:00.000000,23636.69,Time Exit,9600.849999999919,9520.849999999919,9520.849999999919
multi_signal_momentum,BUY,2026-03-30 10:07:00.000000,23464.66,23500,ce,5.0,0.4449,-0.5647,0.0115,0.2303,0.46627147452314743,ROC momentum,23,40,CLOSED,2026-03-30 10:28:00.000000,23605.02,Time Exit,3228.2800000000134,3148.2800000000134,3148.2800000000134
multi_signal_momentum,BUY,2026-03-30 10:19:00.000000,23567.0,23600,ce,17.23,0.4768,-0.5425,0.011,0.1727,0.7,Positive momentum,35,40,CLOSED,2026-03-30 10:40:00.000000,23567.81,Time Exit,28.35000000004584,-51.64999999995416,-51.64999999995416
multi_signal_momentum,BUY,2026-03-30 10:24:00.000000,23653.68,23700,ce,5.0,0.4517,-0.4641,0.0095,0.2271,0.7,Positive momentum,35,40,CLOSED,2026-03-30 10:45:00.000000,23527.53,Time Exit,-4415.250000000051,-4495.250000000051,-4495.250000000051
multi_signal_momentum,BUY,2026-03-30 10:54:00.000000,23538.2,23550,ce,5.0,0.5088,-0.5384,0.0091,0.2329,0.5110918302421604,Positive momentum,25,40,CLOSED,2026-03-30 11:15:00.000000,23546.44,Time Exit,205.99999999994907,125.99999999994907,125.99999999994907
multi_signal_momentum,BUY,2026-03-30 10:59:00.000000,23572.4,23600,ce,17.23,0.4768,-0.5425,0.011,0.1727,0.6565489739742244,Positive momentum,32,40,CLOSED,2026-03-30 11:20:00.000000,23559.6,Time Exit,-409.60000000009313,-489.60000000009313,-489.60000000009313
multi_signal_momentum,BUY,2026-03-30 11:19:00.000000,23594.03,23600,ce,17.23,0.4768,-0.5425,0.011,0.1727,0.6683707536649705,Positive momentum,33,40,CLOSED,2026-03-30 11:40:00.000000,23692.27,Time Exit,3241.920000000053,3161.920000000053,3161.920000000053
multi_signal_momentum,BUY,2026-03-30 11:25:00.000000,23590.67,23600,ce,17.23,0.4768,-0.5425,0.011,0.1727,0.5878415590637062,Positive momentum,29,40,CLOSED,2026-03-30 11:46:00.000000,23740.41,Time Exit,4342.460000000046,4262.460000000046,4262.460000000046
multi_signal_momentum,BUY,2026-03-30 11:32:00.000000,23705.98,23750,ce,10.27,0.5047,-0.5444,0.0112,0.2151,0.7,Positive momentum,35,40,CLOSED,2026-03-30 11:53:00.000000,23788.26,Time Exit,2879.7999999999593,2799.7999999999593,2799.7999999999593
multi_signal_momentum,BUY,2026-03-30 11:39:00.000000,23726.44,23750,ce,10.27,0.5047,-0.5444,0.0112,0.2151,0.6373018981194575,Positive momentum,31,40,CLOSED,2026-03-30 12:00:00.000000,23767.89,Time Exit,1284.9500000000226,1204.9500000000226,1204.9500000000226
multi_signal_momentum,BUY,2026-03-30 11:44:00.000000,23763.09,23800,ce,13.31,0.5644,-0.4078,0.0108,0.2369,0.6506361881361885,Positive momentum,32,40,CLOSED,2026-03-30 12:05:00.000000,23787.75,Time Exit,789.1199999999953,709.1199999999953,709.1199999999953
multi_signal_momentum,BUY,2026-03-30 11:54:00.000000,23792.9,23800,ce,13.31,0.5644,-0.4078,0.0108,0.2369,0.6588968398910208,Positive momentum,32,40,CLOSED,2026-03-30 12:15:00.000000,23756.61,Time Exit,-1161.280000000028,-1241.280000000028,-1241.280000000028
multi_signal_momentum,BUY,2026-03-30 12:09:00.000000,23829.45,23800,ce,13.31,0.5644,-0.4078,0.0108,0.2369,0.53236434230679,Positive momentum,26,40,CLOSED,2026-03-30 12:30:00.000000,23951.77,Time Exit,3180.3199999999924,3100.3199999999924,3100.3199999999924
multi_signal_momentum,BUY,2026-03-30 12:23:00.000000,23835.85,23800,ce,13.31,0.5644,-0.4078,0.0108,0.2369,0.6181722471783498,Positive momentum,30,40,CLOSED,2026-03-30 12:44:00.000000,24042.34,Time Exit,6194.700000000048,6114.700000000048,6114.700000000048
multi_signal_momentum,BUY,2026-03-30 12:28:00.000000,23960.39,23800,ce,13.31,0.5644,-0.4078,0.0108,0.2369,0.7,Positive momentum,35,40,CLOSED,2026-03-30 12:49:00.000000,24034.78,Time Exit,2603.6499999999796,2523.6499999999796,2523.6499999999796
multi_signal_momentum,BUY,2026-03-30 12:35:00.000000,23967.35,23800,ce,13.31,0.5644,-0.4078,0.0108,0.2369,0.5439859540573574,Positive momentum,27,40,CLOSED,2026-03-30 12:56:00.000000,24056.27,Time Exit,2400.840000000051,2320.840000000051,2320.840000000051
multi_signal_momentum,BUY,2026-03-30 12:43:00.000000,24032.79,23800,ce,13.31,0.5644,-0.4078,0.0108,0.2369,0.7,Positive momentum,35,40,CLOSED,2026-03-30 13:04:00.000000,24085.47,Time Exit,1843.8000000000102,1763.8000000000102,1763.8000000000102
multi_signal_momentum,BUY,2026-03-30 12:57:00.000000,24065.72,23800,ce,13.31,0.5644,-0.4078,0.0108,0.2369,0.6665222327538741,Positive momentum,33,40,CLOSED,2026-03-30 13:18:00.000000,24057.14,Time Exit,-283.1400000000576,-363.1400000000576,-363.1400000000576
multi_signal_momentum,BUY,2026-03-30 13:04:00.000000,24085.47,23800,ce,13.31,0.5644,-0.4078,0.0108,0.2369,0.5399062524166661,Positive momentum,26,40,CLOSED,2026-03-30 13:25:00.000000,24169.29,Time Exit,2179.3199999999924,2099.3199999999924,2099.3199999999924
multi_signal_momentum,BUY,2026-03-30 13:20:00.000000,24115.34,23800,ce,13.31,0.5644,-0.4078,0.0108,0.2369,0.62334341855903,Positive momentum,31,40,CLOSED,2026-03-30 13:41:00.000000,24239.56,Time Exit,3850.820000000036,3770.820000000036,3770.820000000036
multi_signal_momentum,BUY,2026-03-30 13:25:00.000000,24169.29,23800,ce,13.31,0.5644,-0.4078,0.0108,0.2369,0.7,Positive momentum,35,40,CLOSED,2026-03-30 13:46:00.000000,24263.99,Time Exit,3314.5000000000255,3234.5000000000255,3234.5000000000255
multi_signal_momentum,BUY,2026-03-30 13:30:00.000000,24214.1,23800,ce,13.31,0.5644,-0.4078,0.0108,0.2369,0.7,Positive momentum,35,40,CLOSED,2026-03-30 13:51:00.000000,24160.66,Time Exit,-1870.3999999999542,-1950.3999999999542,-1950.3999999999542
multi_signal_momentum,BUY,2026-03-30 13:39:00.000000,24284.07,23800,ce,13.31,0.5644,-0.4078,0.0108,0.2369,0.7,Positive momentum,35,40,CLOSED,2026-03-30 14:00:00.000000,24103.03,Time Exit,-6336.400000000031,-6416.400000000031,-6416.400000000031
multi_signal_momentum,BUY,2026-03-30 14:06:00.000000,24212.56,23800,ce,13.31,0.5644,-0.4078,0.0108,0.2369,0.7,Positive momentum,35,40,CLOSED,2026-03-30 14:27:00.000000,24326.9,Time Exit,4001.900000000005,3921.900000000005,3921.900000000005
multi_signal_momentum,BUY,2026-03-30 14:11:00.000000,24244.98,23800,ce,13.31,0.5644,-0.4078,0.0108,0.2369,0.7,Positive momentum,35,40,CLOSED,2026-03-30 14:32:00.000000,24333.33,Time Exit,3092.2500000000764,3012.2500000000764,3012.2500000000764
multi_signal_momentum,BUY,2026-03-30 14:16:00.000000,24286.64,23800,ce,13.31,0.5644,-0.4078,0.0108,0.2369,0.43059569083153415,ROC momentum,21,40,CLOSED,2026-03-30 14:37:00.000000,24350.92,Time Exit,1349.8799999999756,1269.8799999999756,1269.8799999999756
multi_signal_momentum,BUY,2026-03-30 14:21:00.000000,24287.02,23800,ce,13.31,0.5644,-0.4078,0.0108,0.2369,0.5733967196508424,Positive momentum,28,40,CLOSED,2026-03-30 14:42:00.000000,24379.23,Time Exit,2581.8799999999756,2501.8799999999756,2501.8799999999756
multi_signal_momentum,BUY,2026-03-30 14:38:00.000000,24373.46,23800,ce,13.31,0.5644,-0.4078,0.0108,0.2369,0.5687050316840688,Positive momentum,28,40,CLOSED,2026-03-30 14:59:00.000000,24442.06,Time Exit,1920.8000000000611,1840.8000000000611,1840.8000000000611
multi_signal_momentum,BUY,2026-03-30 14:56:00.000000,24467.96,23800,ce,13.31,0.5644,-0.4078,0.0108,0.2369,0.7,Positive momentum,35,40,CLOSED,2026-03-30 15:17:00.000000,24512.23,Time Exit,1549.4500000000153,1469.4500000000153,1469.4500000000153
multi_signal_momentum,BUY,2026-03-30 15:01:00.000000,24489.71,23800,ce,13.31,0.5644,-0.4078,0.0108,0.2369,0.6679712711869398,Positive momentum,33,40,CLOSED,2026-03-30 15:22:00.000000,24566.07,Time Exit,2519.880000000019,2439.880000000019,2439.880000000019
multi_signal_momentum,BUY,2026-03-30 15:07:00.000000,24514.25,23800,ce,13.31,0.5644,-0.4078,0.0108,0.2369,0.5988096761127212,Positive momentum,29,40,CLOSED,2026-03-31 09:15:00.000000,22644.45,Stop Loss,-54224.19999999998,-54304.19999999998,-54304.19999999998
multi_signal_momentum,BUY,2026-03-30 15:18:00.000000,24531.59,23800,ce,13.31,0.5644,-0.4078,0.0108,0.2369,0.6023523356908363,Positive momentum,30,40,CLOSED,2026-03-31 09:15:00.000000,22644.45,Stop Loss,-56614.19999999998,-56694.19999999998,-56694.19999999998
multi_signal_momentum,BUY,2026-03-30 15:25:00.000000,24622.12,23800,ce,13.31,0.5644,-0.4078,0.0108,0.2369,0.7,Positive momentum,35,40,CLOSED,2026-03-31 09:15:00.000000,22644.45,Stop Loss,-69218.44999999994,-69298.44999999994,-69298.44999999994
multi_signal_momentum,BUY,2026-03-31 09:25:00.000000,22705.93,22750,ce,10.0,0.5455,-0.5909,0.0092,0.1822,0.6715014054216258,Positive momentum,33,40,CLOSED,2026-03-31 09:46:00.000000,22903.17,Time Exit,6508.919999999933,6428.919999999933,6428.919999999933
multi_signal_momentum,BUY,2026-03-31 09:30:00.000000,22750.97,22800,ce,10.0,0.4956,-0.5223,0.0096,0.2148,0.7,Positive momentum,35,40,CLOSED,2026-03-31 09:51:00.000000,22903.54,Time Exit,5339.94999999999,5259.94999999999,5259.94999999999
multi_signal_momentum,BUY,2026-03-31 09:47:00.000000,22896.03,22900,ce,5.0,0.5013,-0.4595,0.0096,0.2126,0.7,Positive momentum,35,40,CLOSED,2026-03-31 10:08:00.000000,22915.72,Time Exit,689.1500000000815,609.1500000000815,609.1500000000815
multi_signal_momentum,BUY,2026-03-31 09:53:00.000000,22900.68,22950,ce,5.0,0.4707,-0.5054,0.0093,0.2014,0.43233470028961574,ROC momentum,21,40,CLOSED,2026-03-31 10:14:00.000000,22922.15,Time Exit,450.87000000002445,370.87000000002445,370.87000000002445
multi_signal_momentum,BUY,2026-03-31 10:15:00.000000,22958.67,23000,ce,5.0,0.4732,-0.5163,0.0096,0.2091,0.7,Positive momentum,35,40,CLOSED,2026-03-31 10:36:00.000000,23062.76,Time Exit,3643.150000000005,3563.150000000005,3563.150000000005
multi_signal_momentum,BUY,2026-03-31 10:21:00.000000,22985.91,23000,ce,5.0,0.4732,-0.5163,0.0096,0.2091,0.6537538604999279,Positive momentum,32,40,CLOSED,2026-03-31 10:42:00.000000,23191.23,Time Exit,6570.239999999991,6490.239999999991,6490.239999999991
multi_signal_momentum,BUY,2026-03-31 10:29:00.000000,22997.44,23000,ce,5.0,0.4732,-0.5163,0.0096,0.2091,0.5622809577276785,Positive momentum,28,40,CLOSED,2026-03-31 10:50:00.000000,23235.38,Time Exit,6662.320000000065,6582.320000000065,6582.320000000065
multi_signal_momentum,BUY,2026-03-31 10:34:00.000000,23023.42,23050,ce,5.0,0.5291,-0.4788,0.0117,0.2132,0.6754333807487575,Positive momentum,33,40,CLOSED,2026-03-31 10:55:00.000000,23220.25,Time Exit,6495.390000000058,6415.390000000058,6415.390000000058
multi_signal_momentum,BUY,2026-03-31 10:40:00.000000,23167.9,23200,ce,7.28,0.5398,-0.5196,0.0093,0.1853,0.7,Positive momentum,35,40,CLOSED,2026-03-31 11:01:00.000000,23177.31,Time Exit,329.3499999999949,249.3499999999949,249.3499999999949
multi_signal_momentum,BUY,2026-03-31 10:47:00.000000,23204.81,23250,ce,15.71,0.5149,-0.4232,0.009,0.2097,0.46024054598441133,ROC momentum,23,40,CLOSED,2026-03-31 11:08:00.000000,23116.62,Time Exit,-2028.3700000000536,-2108.3700000000536,-2108.3700000000536
multi_signal_momentum,BUY,2026-03-31 11:12:00.000000,23178.75,23200,ce,7.28,0.5398,-0.5196,0.0093,0.1853,0.6207743185765665,Positive momentum,31,40,CLOSED,2026-03-31 11:33:00.000000,23275.59,Time Exit,3002.0400000000045,2922.0400000000045,2922.0400000000045
multi_signal_momentum,BUY,2026-03-31 11:20:00.000000,23231.9,23250,ce,15.71,0.5149,-0.4232,0.009,0.2097,0.7,Positive momentum,35,40,CLOSED,2026-03-31 11:41:00.000000,23249.22,Time Exit,606.1999999999898,526.1999999999898,526.1999999999898
multi_signal_momentum,BUY,2026-03-31 11:25:00.000000,23266.74,23300,ce,14.11,0.6207,-0.4682,0.0106,0.1986,0.670254779019008,Positive momentum,33,40,CLOSED,2026-03-31 11:46:00.000000,23278.22,Time Exit,378.8399999999856,298.8399999999856,298.8399999999856
multi_signal_momentum,BUY,2026-03-31 11:44:00.000000,23282.24,23300,ce,14.11,0.6207,-0.4682,0.0106,0.1986,0.604650890543423,Positive momentum,30,40,CLOSED,2026-03-31 12:05:00.000000,23341.94,Time Exit,1790.9999999999127,1710.9999999999127,1710.9999999999127
multi_signal_momentum,BUY,2026-03-31 11:50:00.000000,23295.2,23300,ce,14.11,0.6207,-0.4682,0.0106,0.1986,0.6120373003250853,Positive momentum,30,40,CLOSED,2026-03-31 12:11:00.000000,23338.94,Time Exit,1312.1999999999389,1232.1999999999389,1232.1999999999389
multi_signal_momentum,BUY,2026-03-31 11:56:00.000000,23338.49,23350,ce,14.16,0.5057,-0.497,0.0099,0.1943,0.6589115490789329,Positive momentum,32,40,CLOSED,2026-03-31 12:17:00.000000,23282.94,Time Exit,-1777.6000000000931,-1857.6000000000931,-1857.6000000000931
multi_signal_momentum,BUY,2026-03-31 12:22:00.000000,23361.82,23400,ce,9.0,0.4362,-0.4861,0.0101,0.176,0.7,Positive momentum,35,40,CLOSED,2026-03-31 12:43:00.000000,23478.01,Time Exit,4066.649999999954,3986.649999999954,3986.649999999954
multi_signal_momentum,BUY,2026-03-31 12:32:00.000000,23375.08,23400,ce,9.0,0.4362,-0.4861,0.0101,0.176,0.5194147478070118,Positive momentum,25,40,CLOSED,2026-03-31 12:53:00.000000,23575.36,Time Exit,5006.999999999971,4926.999999999971,4926.999999999971
multi_signal_momentum,BUY,2026-03-31 12:41:00.000000,23458.32,23500,ce,5.0,0.4449,-0.5647,0.0115,0.2303,0.7,Positive momentum,35,40,CLOSED,2026-03-31 13:02:00.000000,23666.75,Time Exit,7295.05000000001,7215.05000000001,7215.05000000001
multi_signal_momentum,BUY,2026-03-31 12:49:00.000000,23506.97,23550,ce,5.0,0.5088,-0.5384,0.0091,0.2329,0.7,Positive momentum,35,40,CLOSED,2026-03-31 13:10:00.000000,23745.53,Time Exit,8349.599999999919,8269.599999999919,8269.599999999919
multi_signal_momentum,BUY,2026-03-31 12:54:00.000000,23572.12,23600,ce,17.23,0.4768,-0.5425,0.011,0.1727,0.7,Positive momentum,35,40,CLOSED,2026-03-31 13:15:00.000000,23739.93,Time Exit,5873.350000000046,5793.350000000046,5793.350000000046
multi_signal_momentum,BUY,2026-03-31 13:02:00.000000,23666.75,23700,ce,5.0,0.4517,-0.4641,0.0095,0.2271,0.7,Positive momentum,35,40,CLOSED,2026-03-31 13:23:00.000000,23796.4,Time Exit,4537.750000000051,4457.750000000051,4457.750000000051
multi_signal_momentum,BUY,2026-03-31 13:10:00.000000,23745.53,23750,ce,10.27,0.5047,-0.5444,0.0112,0.2151,0.7,Positive momentum,35,40,CLOSED,2026-03-31 13:31:00.000000,23780.33,Time Exit,1218.0000000001019,1138.0000000001019,1138.0000000001019
multi_signal_momentum,BUY,2026-03-31 13:16:00.000000,23764.08,23800,ce,13.31,0.5644,-0.4078,0.0108,0.2369,0.5366529508062042,Positive momentum,26,40,CLOSED,2026-03-31 13:37:00.000000,23833.94,Time Exit,1816.3599999999205,1736.3599999999205,1736.3599999999205
multi_signal_momentum,BUY,2026-03-31 13:22:00.000000,23807.53,23800,ce,13.31,0.5644,-0.4078,0.0108,0.2369,0.6553175361836635,Positive momentum,32,40,CLOSED,2026-03-31 13:43:00.000000,23834.15,Time Exit,851.8400000000838,771.8400000000838,771.8400000000838
multi_signal_momentum,BUY,2026-03-31 13:33:00.000000,23811.61,23800,ce,13.31,0.5644,-0.4078,0.0108,0.2369,0.6023268428554159,Positive momentum,30,40,CLOSED,2026-03-31 13:54:00.000000,23890.21,Time Exit,2357.9999999999563,2277.9999999999563,2277.9999999999563
multi_signal_momentum,BUY,2026-03-31 13:39:00.000000,23864.95,23800,ce,13.31,0.5644,-0.4078,0.0108,0.2369,0.7,Positive momentum,35,40,CLOSED,2026-03-31 14:00:00.000000,23932.34,Time Exit,2358.6499999999796,2278.6499999999796,2278.6499999999796
multi_signal_momentum,BUY,2026-03-31 13:47:00.000000,23855.5,23800,ce,13.31,0.5644,-0.4078,0.0108,0.2369,0.5121333110633449,Positive momentum,25,40,CLOSED,2026-03-31 14:08:00.000000,24061.71,Time Exit,5155.249999999978,5075.249999999978,5075.249999999978
multi_signal_momentum,BUY,2026-03-31 13:58:00.000000,23935.32,23800,ce,13.31,0.5644,-0.4078,0.0108,0.2369,0.7,Positive momentum,35,40,CLOSED,2026-03-31 14:19:00.000000,24113.29,Time Exit,6228.950000000041,6148.950000000041,6148.950000000041
multi_signal_momentum,BUY,2026-03-31 14:05:00.000000,24021.93,23800,ce,13.31,0.5644,-0.4078,0.0108,0.2369,0.7,Positive momentum,35,40,CLOSED,2026-03-31 14:26:00.000000,24157.93,Time Exit,4760.0,4680.0,4680.0
multi_signal_momentum,BUY,2026-03-31 14:10:00.000000,24096.35,23800,ce,13.31,0.5644,-0.4078,0.0108,0.2369,0.4685306994635715,ROC momentum,23,40,CLOSED,2026-03-31 14:31:00.000000,24150.09,Time Exit,1236.0200000000368,1156.0200000000368,1156.0200000000368
multi_signal_momentum,BUY,2026-03-31 14:18:00.000000,24117.91,23800,ce,13.31,0.5644,-0.4078,0.0108,0.2369,0.6335661098068265,Positive momentum,31,40,CLOSED,2026-03-31 14:39:00.000000,24082.02,Time Exit,-1112.589999999982,-1192.589999999982,-1192.589999999982
multi_signal_momentum,BUY,2026-03-31 14:26:00.000000,24157.93,23800,ce,13.31,0.5644,-0.4078,0.0108,0.2369,0.688145556472541,Positive momentum,34,40,CLOSED,2026-03-31 14:47:00.000000,24128.08,Time Exit,-1014.8999999999505,-1094.8999999999505,-1094.8999999999505
multi_signal_momentum,BUY,2026-03-31 14:44:00.000000,24146.13,23800,ce,13.31,0.5644,-0.4078,0.0108,0.2369,0.6662152095214587,Positive momentum,33,40,CLOSED,2026-03-31 15:05:00.000000,24202.71,Time Exit,1867.1399999999376,1787.1399999999376,1787.1399999999376
multi_signal_momentum,BUY,2026-03-31 14:55:00.000000,24140.42,23800,ce,13.31,0.5644,-0.4078,0.0108,0.2369,0.5238461487414577,Positive momentum,26,40,CLOSED,2026-03-31 15:16:00.000000,24215.41,Time Exit,1949.7400000000416,1869.7400000000416,1869.7400000000416
multi_signal_momentum,BUY,2026-03-31 15:00:00.000000,24153.6,23800,ce,13.31,0.5644,-0.4078,0.0108,0.2369,0.5785109926936368,Positive momentum,28,40,CLOSED,2026-03-31 15:21:00.000000,24178.85,Time Exit,707.0,627.0,627.0
multi_signal_momentum,BUY,2026-03-31 15:05:00.000000,24202.71,23800,ce,13.31,0.5644,-0.4078,0.0108,0.2369,0.6580319646468432,Positive momentum,32,40,CLOSED,2026-03-31 15:26:00.000000,24337.19,Time Exit,4303.359999999986,4223.359999999986,4223.359999999986
multi_signal_momentum,BUY,2026-03-31 15:25:00.000000,24291.28,23800,ce,13.31,0.5644,-0.4078,0.0108,0.2369,0.7,Positive momentum,35,40,CLOSED,2026-04-01 09:15:00.000000,22793.71,Stop Loss,-52414.94999999999,-52494.94999999999,-52494.94999999999
multi_signal_momentum,BUY,2026-04-01 09:34:00.000000,22845.08,22850,ce,5.0,0.46,-0.5721,0.0106,0.1963,0.6934379477957938,Positive momentum,34,40,CLOSED,2026-04-01 09:55:00.000000,22956.9,Time Exit,3801.87999999999,3721.87999999999,3721.87999999999
multi_signal_momentum,BUY,2026-04-01 09:39:00.000000,22884.32,22900,ce,5.0,0.5013,-0.4595,0.0096,0.2126,0.7,Positive momentum,35,40,CLOSED,2026-04-01 10:00:00.000000,22944.85,Time Exit,2118.5499999999593,2038.5499999999593,2038.5499999999593
multi_signal_momentum,BUY,2026-04-01 09:50:00.000000,22937.48,22950,ce,5.0,0.4707,-0.5054,0.0093,0.2014,0.6999709649095017,Positive momentum,34,40,CLOSED,2026-04-01 10:11:00.000000,23052.45,Time Exit,3908.9800000000396,3828.9800000000396,3828.9800000000396
multi_signal_momentum,BUY,2026-04-01 09:55:00.000000,22956.9,23000,ce,5.0,0.4732,-0.5163,0.0096,0.2091,0.43848898590573804,ROC momentum,21,40,CLOSED,2026-04-01 10:16:00.000000,23087.95,Time Exit,2752.0499999999847,2672.0499999999847,2672.0499999999847
multi_signal_momentum,BUY,2026-04-01 10:06:00.000000,22963.86,23000,ce,5.0,0.4732,-0.5163,0.0096,0.2091,0.5266633558333341,Positive momentum,26,40,CLOSED,2026-04-01 10:27:00.000000,23115.14,Time Exit,3933.2799999999697,3853.2799999999697,3853.2799999999697
multi_signal_momentum,BUY,2026-04-01 10:12:00.000000,23043.1,23050,ce,5.0,0.5291,-0.4788,0.0117,0.2132,0.7,Positive momentum,35,40,CLOSED,2026-04-01 10:33:00.000000,23099.35,Time Exit,1968.75,1888.75,1888.75
multi_signal_momentum,BUY,2026-04-01 10:20:00.000000,23123.31,23150,ce,5.0,0.4874,-0.4762,0.0107,0.2237,0.7,Positive momentum,35,40,CLOSED,2026-04-01 10:41:00.000000,23034.56,Time Exit,-3106.25,-3186.25,-3186.25
multi_signal_momentum,BUY,2026-04-01 10:29:00.000000,23132.96,23150,ce,5.0,0.4874,-0.4762,0.0107,0.2237,0.5238728308187831,Positive momentum,26,40,CLOSED,2026-04-01 10:50:00.000000,22975.74,Time Exit,-4087.7199999999357,-4167.719999999936,-4167.719999999936
multi_signal_momentum,BUY,2026-04-01 11:03:00.000000,22949.59,22950,ce,5.0,0.4707,-0.5054,0.0093,0.2014,0.6021543629757927,Positive momentum,30,40,CLOSED,2026-04-01 11:24:00.000000,23015.3,Time Exit,1971.2999999999738,1891.2999999999738,1891.2999999999738
multi_signal_momentum,BUY,2026-04-01 11:11:00.000000,23012.88,23050,ce,5.0,0.5291,-0.4788,0.0117,0.2132,0.7,Positive momentum,35,40,CLOSED,2026-04-01 11:32:00.000000,23049.02,Time Exit,1264.8999999999796,1184.8999999999796,1184.8999999999796
multi_signal_momentum,BUY,2026-04-01 11:25:00.000000,23037.8,23050,ce,5.0,0.5291,-0.4788,0.0117,0.2132,0.5599059519969082,Positive momentum,27,40,CLOSED,2026-04-01 11:46:00.000000,23160.27,Time Exit,3306.6900000000314,3226.6900000000314,3226.6900000000314
multi_signal_momentum,BUY,2026-04-01 11:30:00.000000,23039.85,23050,ce,5.0,0.5291,-0.4788,0.0117,0.2132,0.568818600218601,Positive momentum,28,40,CLOSED,2026-04-01 11:51:00.000000,23170.53,Time Exit,3659.040000000008,3579.040000000008,3579.040000000008
multi_signal_momentum,BUY,2026-04-01 11:35:00.000000,23070.73,23100,ce,5.0,0.5573,-0.5358,0.0098,0.1906,0.5429389959110683,Positive momentum,27,40,CLOSED,2026-04-01 11:56:00.000000,23204.92,Time Exit,3623.1299999999646,3543.1299999999646,3543.1299999999646
multi_signal_momentum,BUY,2026-04-01 11:44:00.000000,23143.27,23150,ce,5.0,0.4874,-0.4762,0.0107,0.2237,0.7,Positive momentum,35,40,CLOSED,2026-04-01 12:05:00.000000,23197.05,Time Exit,1882.2999999999593,1802.2999999999593,1802.2999999999593
multi_signal_momentum,BUY,2026-04-01 11:53:00.000000,23202.3,23250,ce,15.71,0.5149,-0.4232,0.009,0.2097,0.7,Positive momentum,35,40,CLOSED,2026-04-01 12:14:00.000000,23230.81,Time Exit,997.8500000000713,917.8500000000713,917.8500000000713
multi_signal_momentum,BUY,2026-04-01 12:07:00.000000,23211.65,23250,ce,15.71,0.5149,-0.4232,0.009,0.2097,0.5133041597765505,Positive momentum,25,40,CLOSED,2026-04-01 12:28:00.000000,23315.11,Time Exit,2586.499999999978,2506.499999999978,2506.499999999978
multi_signal_momentum,BUY,2026-04-01 12:12:00.000000,23261.98,23300,ce,14.11,0.6207,-0.4682,0.0106,0.1986,0.6986714359813903,Positive momentum,34,40,CLOSED,2026-04-01 12:33:00.000000,23322.23,Time Exit,2048.5,1968.5,1968.5
multi_signal_momentum,BUY,2026-04-01 12:25:00.000000,23309.83,23350,ce,14.16,0.5057,-0.497,0.0099,0.1943,0.7,Positive momentum,35,40,CLOSED,2026-04-01 12:46:00.000000,23374.4,Time Exit,2259.94999999999,2179.94999999999,2179.94999999999
multi_signal_momentum,BUY,2026-04-01 12:30:00.000000,23330.48,23350,ce,14.16,0.5057,-0.497,0.0099,0.1943,0.7,Positive momentum,35,40,CLOSED,2026-04-01 12:51:00.000000,23479.94,Time Exit,5231.099999999969,5151.099999999969,5151.099999999969
multi_signal_momentum,BUY,2026-04-01 12:45:00.000000,23373.25,23400,ce,9.0,0.4362,-0.4861,0.0101,0.176,0.6941036382774209,Positive momentum,34,40,CLOSED,2026-04-01 13:06:00.000000,23435.18,Time Exit,2105.62000000001,2025.62000000001,2025.62000000001
multi_signal_momentum,BUY,2026-04-01 12:52:00.000000,23469.4,23500,ce,5.0,0.4449,-0.5647,0.0115,0.2303,0.7,Positive momentum,35,40,CLOSED,2026-04-01 13:13:00.000000,23468.95,Time Exit,-15.750000000025466,-95.75000000002547,-95.75000000002547
multi_signal_momentum,BUY,2026-04-01 13:14:00.000000,23454.11,23500,ce,5.0,0.4449,-0.5647,0.0115,0.2303,0.7,Positive momentum,35,40,CLOSED,2026-04-01 13:35:00.000000,23548.95,Time Exit,3319.400000000005,3239.400000000005,3239.400000000005
multi_signal_momentum,BUY,2026-04-01 13:24:00.000000,23485.73,23500,ce,5.0,0.4449,-0.5647,0.0115,0.2303,0.6752199176218939,Positive momentum,33,40,CLOSED,2026-04-01 13:45:00.000000,23572.57,Time Exit,2865.720000000005,2785.720000000005,2785.720000000005
multi_signal_momentum,BUY,2026-04-01 13:29:00.000000,23528.05,23550,ce,5.0,0.5088,-0.5384,0.0091,0.2329,0.7,Positive momentum,35,40,CLOSED,2026-04-01 13:50:00.000000,23657.52,Time Exit,4531.450000000041,4451.450000000041,4451.450000000041
multi_signal_momentum,BUY,2026-04-01 13:34:00.000000,23558.03,23600,ce,17.23,0.4768,-0.5425,0.011,0.1727,0.4307846509348431,ROC momentum,21,40,CLOSED,2026-04-01 13:55:00.000000,23606.5,Time Exit,1017.8700000000244,937.8700000000244,937.8700000000244
multi_signal_momentum,BUY,2026-04-01 13:42:00.000000,23581.57,23600,ce,17.23,0.4768,-0.5425,0.011,0.1727,0.5900425035816111,Positive momentum,29,40,CLOSED,2026-04-01 14:03:00.000000,23575.81,Time Exit,-167.03999999995358,-247.03999999995358,-247.03999999995358
multi_signal_momentum,BUY,2026-04-01 13:50:00.000000,23657.52,23700,ce,5.0,0.4517,-0.4641,0.0095,0.2271,0.7,Positive momentum,35,40,CLOSED,2026-04-01 14:11:00.000000,23595.73,Time Exit,-2162.6500000000306,-2242.6500000000306,-2242.6500000000306
multi_signal_momentum,BUY,2026-04-01 14:12:00.000000,23601.69,23650,ce,15.08,0.5231,-0.5322,0.0099,0.2216,0.7,Positive momentum,35,40,CLOSED,2026-04-01 14:33:00.000000,23807.36,Time Exit,7198.450000000066,7118.450000000066,7118.450000000066
multi_signal_momentum,BUY,2026-04-01 14:18:00.000000,23684.99,23700,ce,5.0,0.4517,-0.4641,0.0095,0.2271,0.7,Positive momentum,35,40,CLOSED,2026-04-01 14:39:00.000000,23899.7,Time Exit,7514.849999999969,7434.849999999969,7434.849999999969
multi_signal_momentum,BUY,2026-04-01 14:26:00.000000,23758.59,23800,ce,13.31,0.5644,-0.4078,0.0108,0.2369,0.7,Positive momentum,35,40,CLOSED,2026-04-01 14:47:00.000000,23993.84,Time Exit,8233.75,8153.75,8153.75
multi_signal_momentum,BUY,2026-04-01 14:32:00.000000,23798.63,23800,ce,13.31,0.5644,-0.4078,0.0108,0.2369,0.7,Positive momentum,35,40,CLOSED,2026-04-01 14:53:00.000000,24003.54,Time Exit,7171.849999999995,7091.849999999995,7091.849999999995
multi_signal_momentum,BUY,2026-04-01 14:39:00.000000,23899.7,23800,ce,13.31,0.5644,-0.4078,0.0108,0.2369,0.7,Positive momentum,35,40,CLOSED,2026-04-01 15:00:00.000000,24068.53,Time Exit,5909.049999999934,5829.049999999934,5829.049999999934
multi_signal_momentum,BUY,2026-04-01 14:44:00.000000,23997.09,23800,ce,13.31,0.5644,-0.4078,0.0108,0.2369,0.7,Positive momentum,35,40,CLOSED,2026-04-01 15:05:00.000000,24028.49,Time Exit,1099.000000000051,1019.0000000000509,1019.0000000000509
multi_signal_momentum,BUY,2026-04-01 14:51:00.000000,24056.12,23800,ce,13.31,0.5644,-0.4078,0.0108,0.2369,0.7,Positive momentum,35,40,CLOSED,2026-04-01 15:12:00.000000,24025.24,Time Exit,-1080.7999999999083,-1160.7999999999083,-1160.7999999999083
multi_signal_momentum,BUY,2026-04-02 09:27:00.000000,22878.16,22900,ce,5.0,0.5013,-0.4595,0.0096,0.2126,0.7,Positive momentum,35,40,CLOSED,2026-04-02 09:48:00.000000,22904.94,Time Exit,937.2999999999593,857.2999999999593,857.2999999999593
multi_signal_momentum,BUY,2026-04-02 09:38:00.000000,22912.41,22950,ce,5.0,0.4707,-0.5054,0.0093,0.2014,0.5613516644444868,Positive momentum,28,40,CLOSED,2026-04-02 09:59:00.000000,22923.65,Time Exit,314.7200000000448,234.72000000004482,234.72000000004482
multi_signal_momentum,BUY,2026-04-02 09:58:00.000000,22924.16,22950,ce,5.0,0.4707,-0.5054,0.0093,0.2014,0.6046128594439534,Positive momentum,30,40,CLOSED,2026-04-02 10:19:00.000000,22916.5,Time Exit,-229.79999999999563,-309.79999999999563,-309.79999999999563
multi_signal_momentum,BUY,2026-04-02 10:14:00.000000,22949.54,22950,ce,5.0,0.4707,-0.5054,0.0093,0.2014,0.6442601912672649,Positive momentum,32,40,CLOSED,2026-04-02 10:35:00.000000,22898.05,Time Exit,-1647.6800000000512,-1727.6800000000512,-1727.6800000000512
multi_signal_momentum,BUY,2026-04-02 10:30:00.000000,22934.88,22950,ce,5.0,0.4707,-0.5054,0.0093,0.2014,0.5397204194407031,Positive momentum,26,40,CLOSED,2026-04-02 10:51:00.000000,23077.22,Time Exit,3700.840000000004,3620.840000000004,3620.840000000004
multi_signal_momentum,BUY,2026-04-02 10:41:00.000000,22995.76,23000,ce,5.0,0.4732,-0.5163,0.0096,0.2091,0.7,Positive momentum,35,40,CLOSED,2026-04-02 11:02:00.000000,23150.0,Time Exit,5398.400000000056,5318.400000000056,5318.400000000056
multi_signal_momentum,BUY,2026-04-02 10:48:00.000000,23052.39,23100,ce,5.0,0.5573,-0.5358,0.0098,0.1906,0.7,Positive momentum,35,40,CLOSED,2026-04-02 11:09:00.000000,23177.42,Time Exit,4376.049999999959,4296.049999999959,4296.049999999959
multi_signal_momentum,BUY,2026-04-02 11:01:00.000000,23151.39,23200,ce,7.28,0.5398,-0.5196,0.0093,0.1853,0.7,Positive momentum,35,40,CLOSED,2026-04-02 11:22:00.000000,23202.45,Time Exit,1787.1000000000458,1707.1000000000458,1707.1000000000458
multi_signal_momentum,BUY,2026-04-02 11:07:00.000000,23183.83,23200,ce,7.28,0.5398,-0.5196,0.0093,0.1853,0.7,Positive momentum,35,40,CLOSED,2026-04-02 11:28:00.000000,23175.72,Time Exit,-283.8500000000204,-363.8500000000204,-363.8500000000204
multi_signal_momentum,BUY,2026-04-02 11:12:00.000000,23205.08,23250,ce,15.71,0.5149,-0.4232,0.009,0.2097,0.6379265658747354,Positive momentum,31,40,CLOSED,2026-04-02 11:33:00.000000,23234.62,Time Exit,915.7399999999143,835.7399999999143,835.7399999999143
multi_signal_momentum,BUY,2026-04-02 11:22:00.000000,23202.45,23250,ce,15.71,0.5149,-0.4232,0.009,0.2097,0.53815016029044,Positive momentum,26,40,CLOSED,2026-04-02 11:43:00.000000,23332.34,Time Exit,3377.139999999985,3297.139999999985,3297.139999999985
multi_signal_momentum,BUY,2026-04-02 11:34:00.000000,23247.93,23250,ce,15.71,0.5149,-0.4232,0.009,0.2097,0.7,Positive momentum,35,40,CLOSED,2026-04-02 11:55:00.000000,23386.57,Time Exit,4852.39999999998,4772.39999999998,4772.39999999998
multi_signal_momentum,BUY,2026-04-02 11:41:00.000000,23336.37,23350,ce,14.16,0.5057,-0.497,0.0099,0.1943,0.7,Positive momentum,35,40,CLOSED,2026-04-02 12:02:00.000000,23357.02,Time Exit,722.7500000000509,642.7500000000509,642.7500000000509
multi_signal_momentum,BUY,2026-04-02 11:48:00.000000,23350.48,23400,ce,9.0,0.4362,-0.4861,0.0101,0.176,0.7,Positive momentum,35,40,CLOSED,2026-04-02 12:09:00.000000,23405.56,Time Exit,1927.8000000000611,1847.8000000000611,1847.8000000000611
multi_signal_momentum,BUY,2026-04-02 11:55:00.000000,23386.57,23400,ce,9.0,0.4362,-0.4861,0.0101,0.176,0.6653412608447425,Positive momentum,33,40,CLOSED,2026-04-02 12:16:00.000000,23406.46,Time Exit,656.3699999999808,576.3699999999808,576.3699999999808
multi_signal_momentum,BUY,2026-04-02 12:06:00.000000,23398.16,23400,ce,9.0,0.4362,-0.4861,0.0101,0.176,0.6576910980451652,Positive momentum,32,40,CLOSED,2026-04-02 12:27:00.000000,23450.82,Time Exit,1685.1199999999953,1605.1199999999953,1605.1199999999953
multi_signal_momentum,BUY,2026-04-02 12:23:00.000000,23442.14,23450,ce,6.26,0.5093,-0.4908,0.0115,0.1963,0.7,Positive momentum,35,40,CLOSED,2026-04-02 12:44:00.000000,23574.42,Time Exit,4629.799999999959,4549.799999999959,4549.799999999959
multi_signal_momentum,BUY,2026-04-02 12:29:00.000000,23456.21,23500,ce,5.0,0.4449,-0.5647,0.0115,0.2303,0.6491247085210979,Positive momentum,32,40,CLOSED,2026-04-02 12:50:00.000000,23624.97,Time Exit,5400.320000000065,5320.320000000065,5320.320000000065
multi_signal_momentum,BUY,2026-04-02 12:43:00.000000,23546.81,23550,ce,5.0,0.5088,-0.5384,0.0091,0.2329,0.7,Positive momentum,35,40,CLOSED,2026-04-02 13:04:00.000000,23641.15,Time Exit,3301.900000000005,3221.900000000005,3221.900000000005
multi_signal_momentum,BUY,2026-04-02 12:49:00.000000,23629.66,23650,ce,15.08,0.5231,-0.5322,0.0099,0.2216,0.7,Positive momentum,35,40,CLOSED,2026-04-02 13:10:00.000000,23734.57,Time Exit,3671.849999999995,3591.849999999995,3591.849999999995
multi_signal_momentum,BUY,2026-04-02 13:08:00.000000,23681.41,23700,ce,5.0,0.4517,-0.4641,0.0095,0.2271,0.5999648813263866,Positive momentum,29,40,CLOSED,2026-04-02 13:29:00.000000,23866.82,Time Exit,5376.889999999996,5296.889999999996,5296.889999999996
multi_signal_momentum,BUY,2026-04-02 13:14:00.000000,23834.55,23800,ce,13.31,0.5644,-0.4078,0.0108,0.2369,0.7,Positive momentum,35,40,CLOSED,2026-04-02 13:35:00.000000,23823.74,Time Exit,-378.3499999999185,-458.3499999999185,-458.3499999999185
multi_signal_momentum,BUY,2026-04-02 13:19:00.000000,23811.11,23800,ce,13.31,0.5644,-0.4078,0.0108,0.2369,0.7,Positive momentum,35,40,CLOSED,2026-04-02 13:40:00.000000,23870.0,Time Exit,2061.1499999999796,1981.1499999999796,1981.1499999999796
multi_signal_momentum,BUY,2026-04-02 13:24:00.000000,23842.8,23800,ce,13.31,0.5644,-0.4078,0.0108,0.2369,0.5330891336019047,Positive momentum,26,40,CLOSED,2026-04-02 13:45:00.000000,23915.52,Time Exit,1890.7200000000303,1810.7200000000303,1810.7200000000303
multi_signal_momentum,BUY,2026-04-02 13:41:00.000000,23902.0,23800,ce,13.31,0.5644,-0.4078,0.0108,0.2369,0.7,Positive momentum,35,40,CLOSED,2026-04-02 14:02:00.000000,24033.59,Time Exit,4605.650000000005,4525.650000000005,4525.650000000005
multi_signal_momentum,BUY,2026-04-02 13:46:00.000000,23949.74,23800,ce,13.31,0.5644,-0.4078,0.0108,0.2369,0.7,Positive momentum,35,40,CLOSED,2026-04-02 14:07:00.000000,24073.25,Time Exit,4322.849999999944,4242.849999999944,4242.849999999944
multi_signal_momentum,BUY,2026-04-02 14:00:00.000000,24022.77,23800,ce,13.31,0.5644,-0.4078,0.0108,0.2369,0.7,Positive momentum,35,40,CLOSED,2026-04-02 14:21:00.000000,24165.8,Time Exit,5006.049999999959,4926.049999999959,4926.049999999959
multi_signal_momentum,BUY,2026-04-02 14:05:00.000000,24072.27,23800,ce,13.31,0.5644,-0.4078,0.0108,0.2369,0.7,Positive momentum,35,40,CLOSED,2026-04-02 14:26:00.000000,24222.45,Time Exit,5256.30000000001,5176.30000000001,5176.30000000001
multi_signal_momentum,BUY,2026-04-02 14:12:00.000000,24154.3,23800,ce,13.31,0.5644,-0.4078,0.0108,0.2369,0.7,Positive momentum,35,40,CLOSED,2026-04-02 14:33:00.000000,24259.24,Time Exit,3672.9000000000815,3592.9000000000815,3592.9000000000815
multi_signal_momentum,BUY,2026-04-02 14:17:00.000000,24167.64,23800,ce,13.31,0.5644,-0.4078,0.0108,0.2369,0.7,Positive momentum,35,40,CLOSED,2026-04-02 14:38:00.000000,24371.01,Time Exit,7117.949999999964,7037.949999999964,7037.949999999964
multi_signal_momentum,BUY,2026-04-02 14:29:00.000000,24228.85,23800,ce,13.31,0.5644,-0.4078,0.0108,0.2369,0.7,Positive momentum,35,40,CLOSED,2026-04-02 14:50:00.000000,24496.48,Time Exit,9367.050000000036,9287.050000000036,9287.050000000036
multi_signal_momentum,BUY,2026-04-02 14:37:00.000000,24371.12,23800,ce,13.31,0.5644,-0.4078,0.0108,0.2369,0.44992981454875924,ROC momentum,22,40,CLOSED,2026-04-02 14:58:00.000000,24479.52,Time Exit,2384.800000000032,2304.800000000032,2304.800000000032
multi_signal_momentum,BUY,2026-04-02 14:45:00.000000,24452.15,23800,ce,13.31,0.5644,-0.4078,0.0108,0.2369,0.7,Positive momentum,35,40,CLOSED,2026-04-02 15:06:00.000000,24502.01,Time Exit,1745.099999999893,1665.099999999893,1665.099999999893
multi_signal_momentum,BUY,2026-04-02 14:52:00.000000,24487.75,23800,ce,13.31,0.5644,-0.4078,0.0108,0.2369,0.6829393586707863,Positive momentum,34,40,CLOSED,2026-04-02 15:13:00.000000,24557.93,Time Exit,2386.12000000001,2306.12000000001,2306.12000000001
multi_signal_momentum,BUY,2026-04-02 15:07:00.000000,24535.27,23800,ce,13.31,0.5644,-0.4078,0.0108,0.2369,0.7,Positive momentum,35,40,CLOSED,2026-04-02 15:28:00.000000,24694.44,Time Exit,5570.949999999939,5490.949999999939,5490.949999999939
multi_signal_momentum,BUY,2026-04-02 15:14:00.000000,24589.3,23800,ce,13.31,0.5644,-0.4078,0.0108,0.2369,0.4527713978042699,ROC momentum,22,40,CLOSED,2026-04-03 09:15:00.000000,22584.35,Stop Loss,-44108.900000000016,-44188.900000000016,-44188.900000000016
multi_signal_momentum,BUY,2026-04-02 15:20:00.000000,24647.58,23800,ce,13.31,0.5644,-0.4078,0.0108,0.2369,0.7,Positive momentum,35,40,CLOSED,2026-04-03 09:15:00.000000,22584.35,Stop Loss,-72213.0500000001,-72293.0500000001,-72293.0500000001
multi_signal_momentum,BUY,2026-04-02 15:26:00.000000,24690.47,23800,ce,13.31,0.5644,-0.4078,0.0108,0.2369,0.6753560032279223,Positive momentum,33,40,CLOSED,2026-04-03 09:15:00.000000,22584.35,Stop Loss,-69501.96000000008,-69581.96000000008,-69581.96000000008
multi_signal_momentum,BUY,2026-04-03 09:40:00.000000,22689.69,22700,ce,18.05,0.5321,-0.4435,0.009,0.2125,0.7,Positive momentum,35,40,CLOSED,2026-04-03 10:01:00.000000,22656.17,Time Exit,-1173.2000000000153,-1253.2000000000153,-1253.2000000000153
multi_signal_momentum,BUY,2026-04-03 09:54:00.000000,22706.61,22750,ce,10.0,0.5455,-0.5909,0.0092,0.1822,0.5720516631440239,Positive momentum,28,40,CLOSED,2026-04-03 10:15:00.000000,22696.4,Time Exit,-285.87999999997555,-365.87999999997555,-365.87999999997555
multi_signal_momentum,BUY,2026-04-03 10:14:00.000000,22701.32,22750,ce,10.0,0.5455,-0.5909,0.0092,0.1822,0.7,Positive momentum,35,40,CLOSED,2026-04-03 10:35:00.000000,22722.56,Time Exit,743.400000000056,663.400000000056,663.400000000056
multi_signal_momentum,BUY,2026-04-03 10:27:00.000000,22718.07,22750,ce,10.0,0.5455,-0.5909,0.0092,0.1822,0.6552489537837932,Positive momentum,32,40,CLOSED,2026-04-03 10:48:00.000000,22891.94,Time Exit,5563.839999999967,5483.839999999967,5483.839999999967
multi_signal_momentum,BUY,2026-04-03 10:42:00.000000,22830.07,22850,ce,5.0,0.46,-0.5721,0.0106,0.1963,0.7,Positive momentum,35,40,CLOSED,2026-04-03 11:03:00.000000,23033.12,Time Exit,7106.7499999999745,7026.7499999999745,7026.7499999999745
multi_signal_momentum,BUY,2026-04-03 10:49:00.000000,22907.75,22950,ce,5.0,0.4707,-0.5054,0.0093,0.2014,0.7,Positive momentum,35,40,CLOSED,2026-04-03 11:10:00.000000,23118.56,Time Exit,7378.350000000046,7298.350000000046,7298.350000000046
multi_signal_momentum,BUY,2026-04-03 10:58:00.000000,23025.87,23050,ce,5.0,0.5291,-0.4788,0.0117,0.2132,0.45850530798176214,ROC momentum,22,40,CLOSED,2026-04-03 11:19:00.000000,23212.41,Time Exit,4103.880000000019,4023.880000000019,4023.880000000019
multi_signal_momentum,BUY,2026-04-03 11:04:00.000000,23057.99,23100,ce,5.0,0.5573,-0.5358,0.0098,0.1906,0.4397182538075658,ROC momentum,21,40,CLOSED,2026-04-03 11:25:00.000000,23261.48,Time Exit,4273.289999999957,4193.289999999957,4193.289999999957
multi_signal_momentum,BUY,2026-04-03 11:10:00.000000,23118.56,23150,ce,5.0,0.4874,-0.4762,0.0107,0.2237,0.7,Positive momentum,35,40,CLOSED,2026-04-03 11:31:00.000000,23257.69,Time Exit,4869.549999999908,4789.549999999908,4789.549999999908
multi_signal_momentum,BUY,2026-04-03 11:17:00.000000,23195.05,23200,ce,7.28,0.5398,-0.5196,0.0093,0.1853,0.7,Positive momentum,35,40,CLOSED,2026-04-03 11:38:00.000000,23309.87,Time Exit,4018.69999999999,3938.69999999999,3938.69999999999
multi_signal_momentum,BUY,2026-04-03 11:22:00.000000,23232.37,23250,ce,15.71,0.5149,-0.4232,0.009,0.2097,0.7,Positive momentum,35,40,CLOSED,2026-04-03 11:43:00.000000,23385.76,Time Exit,5368.64999999998,5288.64999999998,5288.64999999998
multi_signal_momentum,BUY,2026-04-03 11:32:00.000000,23261.09,23300,ce,14.11,0.6207,-0.4682,0.0106,0.1986,0.5236206207115398,Positive momentum,26,40,CLOSED,2026-04-03 11:53:00.000000,23459.16,Time Exit,5149.819999999992,5069.819999999992,5069.819999999992
multi_signal_momentum,BUY,2026-04-03 11:37:00.000000,23305.96,23350,ce,14.16,0.5057,-0.497,0.0099,0.1943,0.7,Positive momentum,35,40,CLOSED,2026-04-03 11:58:00.000000,23489.22,Time Exit,6414.100000000071,6334.100000000071,6334.100000000071
multi_signal_momentum,BUY,2026-04-03 11:42:00.000000,23343.23,23350,ce,14.16,0.5057,-0.497,0.0099,0.1943,0.7,Positive momentum,35,40,CLOSED,2026-04-03 12:03:00.000000,23511.86,Time Exit,5902.050000000036,5822.050000000036,5822.050000000036
multi_signal_momentum,BUY,2026-04-03 11:49:00.000000,23429.19,23450,ce,6.26,0.5093,-0.4908,0.0115,0.1963,0.7,Positive momentum,35,40,CLOSED,2026-04-03 12:10:00.000000,23540.05,Time Exit,3880.1000000000204,3800.1000000000204,3800.1000000000204
multi_signal_momentum,BUY,2026-04-03 11:54:00.000000,23454.69,23500,ce,5.0,0.4449,-0.5647,0.0115,0.2303,0.7,Positive momentum,35,40,CLOSED,2026-04-03 12:15:00.000000,23566.16,Time Exit,3901.4500000000407,3821.4500000000407,3821.4500000000407
multi_signal_momentum,BUY,2026-04-03 12:01:00.000000,23512.09,23550,ce,5.0,0.5088,-0.5384,0.0091,0.2329,0.7,Positive momentum,35,40,CLOSED,2026-04-03 12:22:00.000000,23679.95,Time Exit,5875.10000000002,5795.10000000002,5795.10000000002
multi_signal_momentum,BUY,2026-04-03 12:13:00.000000,23566.63,23600,ce,17.23,0.4768,-0.5425,0.011,0.1727,0.632946266267331,Positive momentum,31,40,CLOSED,2026-04-03 12:34:00.000000,23813.75,Time Exit,7660.719999999968,7580.719999999968,7580.719999999968
multi_signal_momentum,BUY,2026-04-03 12:21:00.000000,23675.0,23700,ce,5.0,0.4517,-0.4641,0.0095,0.2271,0.7,Positive momentum,35,40,CLOSED,2026-04-03 12:42:00.000000,23829.23,Time Exit,5398.049999999985,5318.049999999985,5318.049999999985
multi_signal_momentum,BUY,2026-04-03 12:27:00.000000,23759.57,23800,ce,13.31,0.5644,-0.4078,0.0108,0.2369,0.7,Positive momentum,35,40,CLOSED,2026-04-03 12:48:00.000000,23807.86,Time Exit,1690.1500000000306,1610.1500000000306,1610.1500000000306
multi_signal_momentum,BUY,2026-04-03 12:32:00.000000,23777.05,23800,ce,13.31,0.5644,-0.4078,0.0108,0.2369,0.4410051541493961,ROC momentum,22,40,CLOSED,2026-04-03 12:53:00.000000,23896.57,Time Exit,2629.4400000000096,2549.4400000000096,2549.4400000000096
multi_signal_momentum,BUY,2026-04-03 12:38:00.000000,23827.06,23800,ce,13.31,0.5644,-0.4078,0.0108,0.2369,0.5816357815762393,Positive momentum,29,40,CLOSED,2026-04-03 12:59:00.000000,24004.67,Time Exit,5150.689999999911,5070.689999999911,5070.689999999911
multi_signal_momentum,BUY,2026-04-03 12:43:00.000000,23856.84,23800,ce,13.31,0.5644,-0.4078,0.0108,0.2369,0.7,Positive momentum,35,40,CLOSED,2026-04-03 13:04:00.000000,24013.31,Time Exit,5476.450000000041,5396.450000000041,5396.450000000041
multi_signal_momentum,BUY,2026-04-03 12:53:00.000000,23896.57,23800,ce,13.31,0.5644,-0.4078,0.0108,0.2369,0.7,Positive momentum,35,40,CLOSED,2026-04-03 13:14:00.000000,24074.24,Time Exit,6218.450000000066,6138.450000000066,6138.450000000066
multi_signal_momentum,BUY,2026-04-03 12:58:00.000000,24014.35,23800,ce,13.31,0.5644,-0.4078,0.0108,0.2369,0.7,Positive momentum,35,40,CLOSED,2026-04-03 13:19:00.000000,24149.18,Time Exit,4719.050000000061,4639.050000000061,4639.050000000061
multi_signal_momentum,BUY,2026-04-03 13:03:00.000000,24018.29,23800,ce,13.31,0.5644,-0.4078,0.0108,0.2369,0.7,Positive momentum,35,40,CLOSED,2026-04-03 13:24:00.000000,24202.02,Time Exit,6430.549999999985,6350.549999999985,6350.549999999985
multi_signal_momentum,BUY,2026-04-03 13:18:00.000000,24127.76,23800,ce,13.31,0.5644,-0.4078,0.0108,0.2369,0.7,Positive momentum,35,40,CLOSED,2026-04-03 13:39:00.000000,24302.12,Time Exit,6102.60000000002,6022.60000000002,6022.60000000002
multi_signal_momentum,BUY,2026-04-03 13:24:00.000000,24202.02,23800,ce,13.31,0.5644,-0.4078,0.0108,0.2369,0.7,Positive momentum,35,40,CLOSED,2026-04-03 13:45:00.000000,24388.72,Time Exit,6534.5000000000255,6454.5000000000255,6454.5000000000255
multi_signal_momentum,BUY,2026-04-03 13:29:00.000000,24281.44,23800,ce,13.31,0.5644,-0.4078,0.0108,0.2369,0.4547679051628247,ROC momentum,22,40,CLOSED,2026-04-03 13:50:00.000000,24400.2,Time Exit,2612.720000000045,2532.720000000045,2532.720000000045
multi_signal_momentum,BUY,2026-04-03 13:40:00.000000,24318.25,23800,ce,13.31,0.5644,-0.4078,0.0108,0.2369,0.5659942458074104,Positive momentum,28,40,CLOSED,2026-04-03 14:01:00.000000,24542.05,Time Exit,6266.39999999998,6186.39999999998,6186.39999999998
multi_signal_momentum,BUY,2026-04-03 13:47:00.000000,24427.37,23800,ce,13.31,0.5644,-0.4078,0.0108,0.2369,0.7,Positive momentum,35,40,CLOSED,2026-04-03 14:08:00.000000,24593.76,Time Exit,5823.64999999998,5743.64999999998,5743.64999999998
multi_signal_momentum,BUY,2026-04-03 13:52:00.000000,24448.47,23800,ce,13.31,0.5644,-0.4078,0.0108,0.2369,0.7,Positive momentum,35,40,CLOSED,2026-04-03 14:13:00.000000,24653.63,Time Exit,7180.599999999995,7100.599999999995,7100.599999999995
multi_signal_momentum,BUY,2026-04-03 13:57:00.000000,24461.82,23800,ce,13.31,0.5644,-0.4078,0.0108,0.2369,0.5870072935301837,Positive momentum,29,40,CLOSED,2026-04-03 14:18:00.000000,24705.83,Time Exit,7076.290000000059,6996.290000000059,6996.290000000059
multi_signal_momentum,BUY,2026-04-03 14:03:00.000000,24587.85,23800,ce,13.31,0.5644,-0.4078,0.0108,0.2369,0.4679966538079313,ROC momentum,23,40,CLOSED,2026-04-03 14:24:00.000000,24742.74,Time Exit,3562.4700000000703,3482.4700000000703,3482.4700000000703
multi_signal_momentum,BUY,2026-04-03 14:11:00.000000,24641.35,23800,ce,13.31,0.5644,-0.4078,0.0108,0.2369,0.7,Positive momentum,35,40,CLOSED,2026-04-03 14:32:00.000000,24773.41,Time Exit,4622.100000000046,4542.100000000046,4542.100000000046
multi_signal_momentum,BUY,2026-04-03 14:16:00.000000,24701.96,23800,ce,13.31,0.5644,-0.4078,0.0108,0.2369,0.7,Positive momentum,35,40,CLOSED,2026-04-03 14:37:00.000000,24787.22,Time Exit,2984.1000000000713,2904.1000000000713,2904.1000000000713
multi_signal_momentum,BUY,2026-04-03 14:21:00.000000,24740.82,23800,ce,13.31,0.5644,-0.4078,0.0108,0.2369,0.4403671065099931,ROC momentum,22,40,CLOSED,2026-04-03 14:42:00.000000,24742.79,Time Exit,43.34000000002561,-36.65999999997439,-36.65999999997439
multi_signal_momentum,BUY,2026-04-03 14:33:00.000000,24784.36,23800,ce,13.31,0.5644,-0.4078,0.0108,0.2369,0.5929932221944597,Positive momentum,29,40,CLOSED,2026-04-03 14:54:00.000000,24894.78,Time Exit,3202.1799999999494,3122.1799999999494,3122.1799999999494
multi_signal_momentum,BUY,2026-04-03 14:48:00.000000,24829.3,23800,ce,13.31,0.5644,-0.4078,0.0108,0.2369,0.7,Positive momentum,35,40,CLOSED,2026-04-03 15:09:00.000000,24894.94,Time Exit,2297.3999999999796,2217.3999999999796,2217.3999999999796
multi_signal_momentum,BUY,2026-04-03 14:53:00.000000,24917.97,23800,ce,13.31,0.5644,-0.4078,0.0108,0.2369,0.7,Positive momentum,35,40,CLOSED,2026-04-03 15:14:00.000000,24948.75,Time Exit,1077.2999999999593,997.2999999999593,997.2999999999593
multi_signal_momentum,BUY,2026-04-03 15:11:00.000000,24902.09,23800,ce,13.31,0.5644,-0.4078,0.0108,0.2369,0.5912728252975837,Positive momentum,29,40,CLOSED,2026-04-06 09:15:00.000000,22928.02,Stop Loss,-57248.02999999999,-57328.02999999999,-57328.02999999999
multi_signal_momentum,BUY,2026-04-03 15:17:00.000000,25034.49,23800,ce,13.31,0.5644,-0.4078,0.0108,0.2369,0.7,Positive momentum,35,40,CLOSED,2026-04-06 09:15:00.000000,22928.02,Stop Loss,-73726.45000000004,-73806.45000000004,-73806.45000000004
multi_signal_momentum,BUY,2026-04-06 09:28:00.000000,23013.85,23050,ce,5.0,0.5291,-0.4788,0.0117,0.2132,0.5777738311174782,Positive momentum,28,40,CLOSED,2026-04-06 09:49:00.000000,23102.93,Time Exit,2494.240000000049,2414.240000000049,2414.240000000049
multi_signal_momentum,BUY,2026-04-06 09:47:00.000000,23066.07,23100,ce,5.0,0.5573,-0.5358,0.0098,0.1906,0.699645695381523,Positive momentum,34,40,CLOSED,2026-04-06 10:08:00.000000,23293.4,Time Exit,7729.220000000059,7649.220000000059,7649.220000000059
multi_signal_momentum,BUY,2026-04-06 09:58:00.000000,23173.97,23200,ce,7.28,0.5398,-0.5196,0.0093,0.1853,0.7,Positive momentum,35,40,CLOSED,2026-04-06 10:19:00.000000,23358.08,Time Exit,6443.85000000002,6363.85000000002,6363.85000000002
multi_signal_momentum,BUY,2026-04-06 10:04:00.000000,23296.11,23300,ce,14.11,0.6207,-0.4682,0.0106,0.1986,0.7,Positive momentum,35,40,CLOSED,2026-04-06 10:25:00.000000,23392.1,Time Exit,3359.6499999999287,3279.6499999999287,3279.6499999999287
multi_signal_momentum,BUY,2026-04-06 10:11:00.000000,23300.21,23350,ce,14.16,0.5057,-0.497,0.0099,0.1943,0.6442409557277259,Positive momentum,32,40,CLOSED,2026-04-06 10:32:00.000000,23339.47,Time Exit,1256.3200000000652,1176.3200000000652,1176.3200000000652
multi_signal_momentum,BUY,2026-04-06 10:18:00.000000,23328.99,23350,ce,14.16,0.5057,-0.497,0.0099,0.1943,0.5527900607039001,Positive momentum,27,40,CLOSED,2026-04-06 10:39:00.000000,23319.84,Time Exit,-247.0500000000393,-327.0500000000393,-327.0500000000393
multi_signal_momentum,BUY,2026-04-06 10:35:00.000000,23349.06,23350,ce,14.16,0.5057,-0.497,0.0099,0.1943,0.5474607414727602,Positive momentum,27,40,CLOSED,2026-04-06 10:56:00.000000,23370.03,Time Exit,566.1899999999332,486.1899999999332,486.1899999999332
multi_signal_momentum,BUY,2026-04-06 10:44:00.000000,23376.43,23400,ce,9.0,0.4362,-0.4861,0.0101,0.176,0.7,Positive momentum,35,40,CLOSED,2026-04-06 11:05:00.000000,23432.08,Time Exit,1947.750000000051,1867.750000000051,1867.750000000051
multi_signal_momentum,BUY,2026-04-06 10:59:00.000000,23393.21,23400,ce,9.0,0.4362,-0.4861,0.0101,0.176,0.5462816965080771,Positive momentum,27,40,CLOSED,2026-04-06 11:20:00.000000,23464.11,Time Exit,1914.3000000000393,1834.3000000000393,1834.3000000000393
multi_signal_momentum,BUY,2026-04-06 11:04:00.000000,23464.51,23500,ce,5.0,0.4449,-0.5647,0.0115,0.2303,0.4426323245552074,ROC momentum,22,40,CLOSED,2026-04-06 11:25:00.000000,23487.65,Time Exit,509.08000000006723,429.08000000006723,429.08000000006723
multi_signal_momentum,BUY,2026-04-06 11:09:00.000000,23487.15,23500,ce,5.0,0.4449,-0.5647,0.0115,0.2303,0.7,Positive momentum,35,40,CLOSED,2026-04-06 11:30:00.000000,23535.87,Time Exit,1705.1999999999134,1625.1999999999134,1625.1999999999134
multi_signal_momentum,BUY,2026-04-06 11:28:00.000000,23502.13,23550,ce,5.0,0.5088,-0.5384,0.0091,0.2329,0.6026040936088825,Positive momentum,30,40,CLOSED,2026-04-06 11:49:00.000000,23443.75,Time Exit,-1751.4000000000306,-1831.4000000000306,-1831.4000000000306
multi_signal_momentum,BUY,2026-04-06 11:34:00.000000,23551.26,23600,ce,17.23,0.4768,-0.5425,0.011,0.1727,0.44527168127098415,ROC momentum,22,40,CLOSED,2026-04-06 11:55:00.000000,23451.16,Time Exit,-2202.199999999968,-2282.199999999968,-2282.199999999968
multi_signal_momentum,BUY,2026-04-06 11:59:00.000000,23470.92,23500,ce,5.0,0.4449,-0.5647,0.0115,0.2303,0.5872193950072987,Positive momentum,29,40,CLOSED,2026-04-06 12:20:00.000000,23561.3,Time Exit,2621.0200000000295,2541.0200000000295,2541.0200000000295
multi_signal_momentum,BUY,2026-04-06 12:07:00.000000,23511.92,23550,ce,5.0,0.5088,-0.5384,0.0091,0.2329,0.7,Positive momentum,35,40,CLOSED,2026-04-06 12:28:00.000000,23569.73,Time Exit,2023.3500000000458,1943.3500000000458,1943.3500000000458
multi_signal_momentum,BUY,2026-04-06 12:20:00.000000,23561.3,23600,ce,17.23,0.4768,-0.5425,0.011,0.1727,0.5896524597413629,Positive momentum,29,40,CLOSED,2026-04-06 12:41:00.000000,23559.46,Time Exit,-53.36000000000422,-133.36000000000422,-133.36000000000422
multi_signal_momentum,BUY,2026-04-06 12:42:00.000000,23567.83,23600,ce,17.23,0.4768,-0.5425,0.011,0.1727,0.6100906438442962,Positive momentum,30,40,CLOSED,2026-04-06 13:03:00.000000,23768.47,Time Exit,6019.1999999999825,5939.1999999999825,5939.1999999999825
multi_signal_momentum,BUY,2026-04-06 12:50:00.000000,23649.08,23650,ce,15.08,0.5231,-0.5322,0.0099,0.2216,0.7,Positive momentum,35,40,CLOSED,2026-04-06 13:11:00.000000,23795.79,Time Exit,5134.849999999969,5054.849999999969,5054.849999999969
multi_signal_momentum,BUY,2026-04-06 12:56:00.000000,23734.69,23750,ce,10.27,0.5047,-0.5444,0.0112,0.2151,0.7,Positive momentum,35,40,CLOSED,2026-04-06 13:17:00.000000,23811.22,Time Exit,2678.5500000000866,2598.5500000000866,2598.5500000000866
multi_signal_momentum,BUY,2026-04-06 13:01:00.000000,23797.96,23800,ce,13.31,0.5644,-0.4078,0.0108,0.2369,0.7,Positive momentum,35,40,CLOSED,2026-04-06 13:22:00.000000,23828.32,Time Exit,1062.6000000000204,982.6000000000204,982.6000000000204
multi_signal_momentum,BUY,2026-04-06 13:31:00.000000,23964.01,23800,ce,13.31,0.5644,-0.4078,0.0108,0.2369,0.7,Positive momentum,35,40,CLOSED,2026-04-06 13:52:00.000000,24047.45,Time Exit,2920.4000000000815,2840.4000000000815,2840.4000000000815
multi_signal_momentum,BUY,2026-04-06 13:51:00.000000,24035.24,23800,ce,13.31,0.5644,-0.4078,0.0108,0.2369,0.7,Positive momentum,35,40,CLOSED,2026-04-06 14:12:00.000000,24150.17,Time Exit,4022.549999999883,3942.549999999883,3942.549999999883
multi_signal_momentum,BUY,2026-04-06 13:56:00.000000,24088.09,23800,ce,13.31,0.5644,-0.4078,0.0108,0.2369,0.7,Positive momentum,35,40,CLOSED,2026-04-06 14:17:00.000000,24197.59,Time Exit,3832.5,3752.5,3752.5
multi_signal_momentum,BUY,2026-04-06 14:07:00.000000,24125.12,23800,ce,13.31,0.5644,-0.4078,0.0108,0.2369,0.5644973116605275,Positive momentum,28,40,CLOSED,2026-04-06 14:28:00.000000,24377.84,Time Exit,7076.160000000033,6996.160000000033,6996.160000000033
multi_signal_momentum,BUY,2026-04-06 14:16:00.000000,24201.81,23800,ce,13.31,0.5644,-0.4078,0.0108,0.2369,0.7,Positive momentum,35,40,CLOSED,2026-04-06 14:37:00.000000,24359.76,Time Exit,5528.249999999898,5448.249999999898,5448.249999999898
multi_signal_momentum,BUY,2026-04-06 14:22:00.000000,24266.0,23800,ce,13.31,0.5644,-0.4078,0.0108,0.2369,0.7,Positive momentum,35,40,CLOSED,2026-04-06 14:43:00.000000,24345.44,Time Exit,2780.399999999954,2700.399999999954,2700.399999999954
multi_signal_momentum,BUY,2026-04-06 14:41:00.000000,24386.48,23800,ce,13.31,0.5644,-0.4078,0.0108,0.2369,0.520786334639722,Positive momentum,26,40,CLOSED,2026-04-06 15:02:00.000000,24409.62,Time Exit,601.6399999999849,521.6399999999849,521.6399999999849
multi_signal_momentum,BUY,2026-04-06 14:50:00.000000,24443.31,23800,ce,13.31,0.5644,-0.4078,0.0108,0.2369,0.7,Positive momentum,35,40,CLOSED,2026-04-06 15:11:00.000000,24467.36,Time Exit,841.7499999999745,761.7499999999745,761.7499999999745
rsi_reversal_aggressive,SELL,2026-03-27 10:38:07.140822,23780.08,23300,pe,10.0,-0.5043,-0.4737,0.0106,0.1986,0.75,RSI overbought,37,40,CLOSED,2026-03-27 10:59:07.140822,23854.71,Time Exit,-2761.309999999903,-2841.309999999903,-2841.309999999903
rsi_reversal_aggressive,SELL,2026-03-27 10:47:07.140822,23857.82,23400,pe,18.67,-0.5113,-0.5347,0.0101,0.176,0.720446576859203,RSI overbought,36,40,CLOSED,2026-03-27 11:08:07.140822,23849.81,Time Exit,288.3599999999424,208.35999999994237,208.35999999994237
rsi_reversal_aggressive,SELL,2026-03-27 11:53:07.140822,24192.72,23700,pe,28.11,-0.49,-0.4562,0.0095,0.2271,0.6163479565055333,RSI overbought,30,40,CLOSED,2026-03-27 12:14:07.140822,24386.87,Time Exit,-5824.4999999999345,-5904.4999999999345,-5904.4999999999345
rsi_reversal_aggressive,SELL,2026-03-27 12:10:07.140822,24325.04,23800,pe,28.31,-0.494,-0.4574,0.0108,0.2369,0.75,RSI overbought,37,40,CLOSED,2026-03-27 12:31:07.140822,24375.62,Time Exit,-1871.45999999993,-1951.45999999993,-1951.45999999993
rsi_reversal_aggressive,SELL,2026-03-27 12:39:07.140822,24429.56,23800,pe,28.31,-0.494,-0.4574,0.0108,0.2369,0.3987264846508136,RSI overbought,19,40,CLOSED,2026-03-27 13:00:07.140822,24529.85,Time Exit,-1905.5099999999475,-1985.5099999999475,-1985.5099999999475
rsi_reversal_aggressive,SELL,2026-03-27 12:46:07.140822,24475.09,23800,pe,28.31,-0.494,-0.4574,0.0108,0.2369,0.6188962598185312,RSI overbought,30,40,CLOSED,2026-03-27 13:07:07.140822,24514.08,Time Exit,-1169.700000000048,-1249.700000000048,-1249.700000000048
rsi_reversal_aggressive,SELL,2026-03-27 13:48:07.140822,24615.09,23800,pe,28.31,-0.494,-0.4574,0.0108,0.2369,-0.08449580857816641,RSI overbought,-4,40,CLOSED,2026-03-27 14:09:07.140822,24756.67,Time Exit,566.3199999999924,486.31999999999243,486.31999999999243
rsi_reversal_aggressive,SELL,2026-03-27 13:56:07.140822,24661.51,23800,pe,28.31,-0.494,-0.4574,0.0108,0.2369,0.5387255199175108,RSI overbought,26,40,CLOSED,2026-03-27 14:17:07.140822,24695.64,Time Exit,-887.3800000000265,-967.3800000000265,-967.3800000000265
rsi_reversal_aggressive,SELL,2026-03-27 14:07:07.140822,24729.97,23800,pe,28.31,-0.494,-0.4574,0.0108,0.2369,0.6642711339480218,RSI overbought,33,40,CLOSED,2026-03-27 14:28:07.140822,24777.1,Time Exit,-1555.2899999999136,-1635.2899999999136,-1635.2899999999136
rsi_reversal_aggressive,BUY,2026-03-27 14:32:07.140822,24679.73,23800,ce,13.31,0.5644,-0.4078,0.0108,0.2369,0.75,RSI reversal,37,40,CLOSED,2026-03-27 14:53:07.140822,24794.85,Time Exit,4259.439999999962,4179.439999999962,4179.439999999962
rsi_reversal_aggressive,BUY,2026-03-30 09:17:00.000000,23058.85,23100,ce,5.0,0.5573,-0.5358,0.0098,0.1906,0.75,RSI reversal,37,40,CLOSED,2026-03-30 09:38:00.000000,23209.79,Time Exit,5584.780000000086,5504.780000000086,5504.780000000086
rsi_reversal_aggressive,SELL,2026-03-30 09:43:00.000000,23237.24,22750,pe,7.41,-0.4085,-0.4956,0.0092,0.1822,0.75,RSI overbought,37,40,CLOSED,2026-03-30 10:04:00.000000,23402.43,Time Exit,-6112.0299999999515,-6192.0299999999515,-6192.0299999999515
rsi_reversal_aggressive,SELL,2026-03-30 09:59:00.000000,23321.51,22850,pe,10.0,-0.4481,-0.4988,0.0106,0.1963,0.7463515636156317,RSI overbought,37,40,CLOSED,2026-03-30 10:19:00.000000,23567.0,Stop Loss,-9083.13000000006,-9163.13000000006,-9163.13000000006
rsi_reversal_aggressive,SELL,2026-03-30 10:11:00.000000,23474.31,23000,pe,10.0,-0.5428,-0.3889,0.0096,0.2091,0.75,RSI overbought,37,40,CLOSED,2026-03-30 10:32:00.000000,23607.4,Time Exit,-4924.330000000005,-5004.330000000005,-5004.330000000005
rsi_reversal_aggressive,SELL,2026-03-30 10:25:00.000000,23624.77,23150,pe,10.0,-0.4496,-0.5116,0.0107,0.2237,0.75,RSI overbought,37,40,CLOSED,2026-03-30 10:46:00.000000,23511.34,Time Exit,4196.910000000011,4116.910000000011,4116.910000000011
rsi_reversal_aggressive,BUY,2026-03-30 11:14:00.000000,23530.88,23550,ce,5.0,0.5088,-0.5384,0.0091,0.2329,0.75,RSI reversal,37,40,CLOSED,2026-03-30 11:35:00.000000,23672.92,Time Exit,5255.479999999898,5175.479999999898,5175.479999999898
rsi_reversal_aggressive,SELL,2026-03-30 11:34:00.000000,23703.68,23250,pe,10.0,-0.4141,-0.4268,0.009,0.2097,0.75,RSI overbought,37,40,CLOSED,2026-03-30 11:55:00.000000,23792.35,Time Exit,-3280.7899999999354,-3360.7899999999354,-3360.7899999999354
rsi_reversal_aggressive,BUY,2026-03-30 12:12:00.000000,23763.9,23800,ce,13.31,0.5644,-0.4078,0.0108,0.2369,0.487422853376464,RSI reversal,24,40,CLOSED,2026-03-30 12:33:00.000000,23951.5,Time Exit,4502.399999999965,4422.399999999965,4422.399999999965
rsi_reversal_aggressive,SELL,2026-03-30 12:29:00.000000,23941.72,23450,pe,12.11,-0.5202,-0.4949,0.0115,0.1963,0.75,RSI overbought,37,40,CLOSED,2026-03-30 12:50:00.000000,23997.54,Time Exit,-2065.3399999999892,-2145.3399999999892,-2145.3399999999892
rsi_reversal_aggressive,SELL,2026-03-30 12:45:00.000000,24038.5,23550,pe,10.0,-0.4594,-0.3765,0.0091,0.2329,0.75,RSI overbought,37,40,CLOSED,2026-03-30 13:06:00.000000,24092.67,Time Exit,-2004.2899999999354,-2084.2899999999354,-2084.2899999999354
rsi_reversal_aggressive,BUY,2026-03-30 13:50:00.000000,24175.3,23800,ce,13.31,0.5644,-0.4078,0.0108,0.2369,0.6643762807377098,RSI reversal,33,40,CLOSED,2026-03-30 14:11:00.000000,24244.98,Time Exit,2299.4400000000096,2219.4400000000096,2219.4400000000096
rsi_reversal_aggressive,BUY,2026-03-30 13:57:00.000000,24153.32,23800,ce,13.31,0.5644,-0.4078,0.0108,0.2369,0.5488573846804978,RSI reversal,27,40,CLOSED,2026-03-30 14:18:00.000000,24266.54,Time Exit,3056.9400000000314,2976.9400000000314,2976.9400000000314
rsi_reversal_aggressive,SELL,2026-03-30 14:08:00.000000,24242.44,23750,pe,28.54,-0.5996,-0.5608,0.0112,0.2151,0.4282223316508684,RSI overbought,21,40,CLOSED,2026-03-30 14:29:00.000000,24314.01,Time Exit,-1502.969999999994,-1582.969999999994,-1582.969999999994
rsi_reversal_aggressive,SELL,2026-03-30 14:57:00.000000,24465.61,23800,pe,28.31,-0.494,-0.4574,0.0108,0.2369,0.75,RSI overbought,37,40,CLOSED,2026-03-30 15:18:00.000000,24531.59,Time Exit,-2441.259999999984,-2521.259999999984,-2521.259999999984
rsi_reversal_aggressive,BUY,2026-03-31 09:17:00.000000,22621.1,22650,ce,10.0,0.5085,-0.5558,0.0101,0.1945,0.75,RSI reversal,37,40,CLOSED,2026-03-31 09:38:00.000000,22792.02,Time Exit,6324.04000000007,6244.04000000007,6244.04000000007
rsi_reversal_aggressive,SELL,2026-03-31 09:32:00.000000,22773.97,22300,pe,5.0,-0.546,-0.5365,0.0111,0.2032,0.72404157667386,RSI overbought,36,40,CLOSED,2026-03-31 09:53:00.000000,22900.68,Time Exit,-4561.559999999969,-4641.559999999969,-4641.559999999969
rsi_reversal_aggressive,SELL,2026-03-31 09:51:00.000000,22903.54,22450,pe,5.0,-0.4814,-0.404,0.0069,0.1836,0.4970266921950657,RSI overbought,24,40,CLOSED,2026-03-31 10:12:00.000000,22912.63,Time Exit,-218.1600000000035,-298.1600000000035,-298.1600000000035
rsi_reversal_aggressive,SELL,2026-03-31 09:59:00.000000,22917.98,22450,pe,5.0,-0.4814,-0.404,0.0069,0.1836,0.2526652939830763,RSI overbought,12,40,CLOSED,2026-03-31 10:20:00.000000,22963.25,Time Exit,-543.2400000000052,-623.2400000000052,-623.2400000000052
rsi_reversal_aggressive,SELL,2026-03-31 10:21:00.000000,22985.91,22500,pe,5.0,-0.5321,-0.5482,0.0105,0.2139,0.75,RSI overbought,37,40,CLOSED,2026-03-31 10:42:00.000000,23191.23,Time Exit,-7596.839999999989,-7676.839999999989,-7676.839999999989
rsi_reversal_aggressive,SELL,2026-03-31 10:34:00.000000,23023.42,22550,pe,5.0,-0.493,-0.4394,0.0099,0.2463,0.5523134527948437,RSI overbought,27,40,CLOSED,2026-03-31 10:52:00.000000,23264.95,Stop Loss,-6521.310000000067,-6601.310000000067,-6601.310000000067
rsi_reversal_aggressive,SELL,2026-03-31 10:46:00.000000,23201.98,22750,pe,7.41,-0.4085,-0.4956,0.0092,0.1822,0.6713551493071197,RSI overbought,33,40,CLOSED,2026-03-31 11:07:00.000000,23127.69,Time Exit,2451.570000000029,2371.570000000029,2371.570000000029
rsi_reversal_aggressive,BUY,2026-03-31 11:02:00.000000,23172.67,23200,ce,7.28,0.5398,-0.5196,0.0093,0.1853,0.5523109243697686,RSI reversal,27,40,CLOSED,2026-03-31 11:23:00.000000,23265.82,Time Exit,2515.0500000000393,2435.0500000000393,2435.0500000000393
rsi_reversal_aggressive,SELL,2026-03-31 11:25:00.000000,23266.74,22800,pe,5.0,-0.5112,-0.5026,0.0096,0.2148,0.6697030587184738,RSI overbought,33,40,CLOSED,2026-03-31 11:46:00.000000,23278.22,Time Exit,-378.8399999999856,-458.8399999999856,-458.8399999999856
rsi_reversal_aggressive,BUY,2026-03-31 11:40:00.000000,23245.91,23250,ce,15.71,0.5149,-0.4232,0.009,0.2097,0.6628559579762016,RSI reversal,33,40,CLOSED,2026-03-31 12:01:00.000000,23308.98,Time Exit,2081.3099999999904,2001.3099999999904,2001.3099999999904
rsi_reversal_aggressive,SELL,2026-03-31 11:59:00.000000,23338.75,22850,pe,10.0,-0.4481,-0.4988,0.0106,0.1963,0.4360727417271122,RSI overbought,21,40,CLOSED,2026-03-31 12:20:00.000000,23300.89,Time Exit,795.0600000000122,715.0600000000122,715.0600000000122
rsi_reversal_aggressive,BUY,2026-03-31 12:16:00.000000,23286.41,23300,ce,14.11,0.6207,-0.4682,0.0106,0.1986,0.5557936576514411,RSI reversal,27,40,CLOSED,2026-03-31 12:37:00.000000,23418.98,Time Exit,3579.389999999992,3499.389999999992,3499.389999999992
rsi_reversal_aggressive,SELL,2026-03-31 12:48:00.000000,23496.88,23000,pe,10.0,-0.5428,-0.3889,0.0096,0.2091,0.75,RSI overbought,37,40,CLOSED,2026-03-31 13:06:00.000000,23744.58,Stop Loss,-9164.900000000027,-9244.900000000027,-9244.900000000027
rsi_reversal_aggressive,SELL,2026-03-31 12:58:00.000000,23600.07,23150,pe,10.0,-0.4496,-0.5116,0.0107,0.2237,0.75,RSI overbought,37,40,CLOSED,2026-03-31 13:19:00.000000,23754.59,Time Exit,-5717.240000000016,-5797.240000000016,-5797.240000000016
rsi_reversal_aggressive,SELL,2026-03-31 13:11:00.000000,23756.91,23300,pe,10.0,-0.5043,-0.4737,0.0106,0.1986,0.75,RSI overbought,37,40,CLOSED,2026-03-31 13:32:00.000000,23796.26,Time Exit,-1455.9499999999462,-1535.9499999999462,-1535.9499999999462
rsi_reversal_aggressive,BUY,2026-03-31 13:27:00.000000,23749.23,23750,ce,10.27,0.5047,-0.5444,0.0112,0.2151,0.6402985074627405,RSI reversal,32,40,CLOSED,2026-03-31 13:48:00.000000,23858.23,Time Exit,3488.0,3408.0,3408.0
rsi_reversal_aggressive,SELL,2026-03-31 13:40:00.000000,23859.05,23400,pe,18.67,-0.5113,-0.5347,0.0101,0.176,0.749732461355508,RSI overbought,37,40,CLOSED,2026-03-31 14:01:00.000000,23966.56,Time Exit,-3977.8700000000754,-4057.8700000000754,-4057.8700000000754
rsi_reversal_aggressive,SELL,2026-03-31 13:47:00.000000,23855.5,23400,pe,18.67,-0.5113,-0.5347,0.0101,0.176,0.10316622691294025,RSI overbought,5,40,CLOSED,2026-03-31 14:08:00.000000,24061.71,Time Exit,-1031.0499999999956,-1111.0499999999956,-1111.0499999999956
rsi_reversal_aggressive,SELL,2026-03-31 13:54:00.000000,23890.21,23400,pe,18.67,-0.5113,-0.5347,0.0101,0.176,0.3717099271402582,RSI overbought,18,40,CLOSED,2026-03-31 14:15:00.000000,24096.4,Time Exit,-3711.420000000042,-3791.420000000042,-3791.420000000042
rsi_reversal_aggressive,SELL,2026-03-31 14:24:00.000000,24158.02,23700,pe,28.11,-0.49,-0.4562,0.0095,0.2271,0.50496385320258,RSI overbought,25,40,CLOSED,2026-03-31 14:45:00.000000,24139.82,Time Exit,455.0000000000182,375.0000000000182,375.0000000000182
rsi_reversal_aggressive,BUY,2026-03-31 14:36:00.000000,24100.34,23800,ce,13.31,0.5644,-0.4078,0.0108,0.2369,0.75,RSI reversal,37,40,CLOSED,2026-03-31 14:57:00.000000,24132.73,Time Exit,1198.4299999999785,1118.4299999999785,1118.4299999999785
rsi_reversal_aggressive,BUY,2026-03-31 15:17:00.000000,24188.71,23800,ce,13.31,0.5644,-0.4078,0.0108,0.2369,0.75,RSI reversal,37,40,CLOSED,2026-04-01 09:15:00.000000,22793.71,Stop Loss,-51615.0,-51695.0,-51695.0
rsi_reversal_aggressive,SELL,2026-03-31 15:29:00.000000,24307.13,23800,pe,28.31,-0.494,-0.4574,0.0108,0.2369,0.4498648102682159,RSI overbought,22,40,CLOSED,2026-04-01 09:15:00.000000,22793.71,Take Profit,33295.24000000004,33215.24000000004,33215.24000000004
rsi_reversal_aggressive,BUY,2026-04-01 09:17:00.000000,22780.98,22800,ce,10.0,0.4956,-0.5223,0.0096,0.2148,0.75,RSI reversal,37,40,CLOSED,2026-04-01 09:38:00.000000,22863.06,Time Exit,3036.9600000000646,2956.9600000000646,2956.9600000000646
rsi_reversal_aggressive,SELL,2026-04-01 09:28:00.000000,22784.93,22300,pe,5.0,-0.546,-0.5365,0.0111,0.2032,-1.0052402462569665,RSI overbought,-50,40,CLOSED,2026-04-01 09:49:00.000000,22921.48,Time Exit,6827.499999999964,6747.499999999964,6747.499999999964
rsi_reversal_aggressive,SELL,2026-04-01 09:35:00.000000,22851.66,22400,pe,11.74,-0.508,-0.4875,0.0112,0.2066,0.6549862623384624,RSI overbought,32,40,CLOSED,2026-04-01 09:56:00.000000,22974.69,Time Exit,-3936.9599999999627,-4016.9599999999627,-4016.9599999999627
rsi_reversal_aggressive,SELL,2026-04-01 09:51:00.000000,22924.35,22450,pe,5.0,-0.4814,-0.404,0.0069,0.1836,0.4593058212626231,RSI overbought,22,40,CLOSED,2026-04-01 10:12:00.000000,23043.1,Time Exit,-2612.5,-2692.5,-2692.5
rsi_reversal_aggressive,SELL,2026-04-01 09:59:00.000000,22960.35,22500,pe,5.0,-0.5321,-0.5482,0.0105,0.2139,0.4173978112430902,RSI overbought,20,40,CLOSED,2026-04-01 10:20:00.000000,23123.31,Time Exit,-3259.2000000000553,-3339.2000000000553,-3339.2000000000553
rsi_reversal_aggressive,SELL,2026-04-01 10:18:00.000000,23079.68,22600,pe,5.0,-0.5576,-0.5089,0.0093,0.2046,0.632185862020058,RSI overbought,31,40,CLOSED,2026-04-01 10:39:00.000000,23013.23,Time Exit,2059.9500000000226,1979.9500000000226,1979.9500000000226
rsi_reversal_aggressive,BUY,2026-04-01 10:37:00.000000,23060.89,23100,ce,5.0,0.5573,-0.5358,0.0098,0.1906,0.75,RSI reversal,37,40,CLOSED,2026-04-01 10:58:00.000000,22903.29,Time Exit,-5831.199999999946,-5911.199999999946,-5911.199999999946
rsi_reversal_aggressive,BUY,2026-04-01 10:51:00.000000,22974.16,23000,ce,5.0,0.4732,-0.5163,0.0096,0.2091,0.6150365630713157,RSI reversal,30,40,CLOSED,2026-04-01 11:12:00.000000,23002.6,Time Exit,853.1999999999607,773.1999999999607,773.1999999999607
rsi_reversal_aggressive,BUY,2026-04-01 10:58:00.000000,22903.29,22950,ce,5.0,0.4707,-0.5054,0.0093,0.2014,0.75,RSI reversal,37,40,CLOSED,2026-04-01 11:19:00.000000,22995.86,Time Exit,3425.0899999999892,3345.0899999999892,3345.0899999999892
rsi_reversal_aggressive,SELL,2026-04-01 11:08:00.000000,22957.95,22500,pe,5.0,-0.5321,-0.5482,0.0105,0.2139,0.17388535031850838,RSI overbought,8,40,CLOSED,2026-04-01 11:29:00.000000,23031.14,Time Exit,-585.5199999999895,-665.5199999999895,-665.5199999999895
rsi_reversal_aggressive,SELL,2026-04-01 11:43:00.000000,23106.15,22650,pe,5.0,-0.4991,-0.5064,0.0101,0.1945,0.749177984274582,RSI overbought,37,40,CLOSED,2026-04-01 12:04:00.000000,23185.38,Time Exit,-2931.509999999984,-3011.509999999984,-3011.509999999984
rsi_reversal_aggressive,SELL,2026-04-01 12:56:00.000000,23466.96,23000,pe,10.0,-0.5428,-0.3889,0.0096,0.2091,0.626359551722387,RSI overbought,31,40,CLOSED,2026-04-01 13:17:00.000000,23415.73,Time Exit,1588.1299999999865,1508.1299999999865,1508.1299999999865
rsi_reversal_aggressive,SELL,2026-04-01 13:35:00.000000,23548.95,23050,pe,10.0,-0.4792,-0.5086,0.0117,0.2132,0.75,RSI overbought,37,40,CLOSED,2026-04-01 13:56:00.000000,23598.71,Time Exit,-1841.1199999999408,-1921.1199999999408,-1921.1199999999408
rsi_reversal_aggressive,BUY,2026-04-01 14:06:00.000000,23522.6,23550,ce,5.0,0.5088,-0.5384,0.0091,0.2329,0.75,RSI reversal,37,40,CLOSED,2026-04-01 14:27:00.000000,23771.68,Time Exit,9215.960000000065,9135.960000000065,9135.960000000065
rsi_reversal_aggressive,SELL,2026-04-01 14:28:00.000000,23766.2,23300,pe,10.0,-0.5043,-0.4737,0.0106,0.1986,0.75,RSI overbought,37,40,CLOSED,2026-04-01 14:48:00.000000,24014.82,Stop Loss,-9198.939999999962,-9278.939999999962,-9278.939999999962
rsi_reversal_aggressive,BUY,2026-04-01 15:11:00.000000,24038.63,23800,ce,13.31,0.5644,-0.4078,0.0108,0.2369,0.43097600924943064,RSI reversal,21,40,CLOSED,2026-04-02 09:15:00.000000,22764.87,Stop Loss,-26748.960000000043,-26828.960000000043,-26828.960000000043
rsi_reversal_aggressive,BUY,2026-04-01 15:23:00.000000,23996.0,23800,ce,13.31,0.5644,-0.4078,0.0108,0.2369,0.5365929375242213,RSI reversal,26,40,CLOSED,2026-04-02 09:15:00.000000,22764.87,Stop Loss,-32009.380000000026,-32089.380000000026,-32089.380000000026
rsi_reversal_aggressive,BUY,2026-04-02 09:17:00.000000,22783.75,22800,ce,10.0,0.4956,-0.5223,0.0096,0.2148,0.75,RSI reversal,37,40,CLOSED,2026-04-02 09:38:00.000000,22912.41,Time Exit,4760.419999999995,4680.419999999995,4680.419999999995
rsi_reversal_aggressive,SELL,2026-04-02 09:28:00.000000,22875.5,22400,pe,11.74,-0.508,-0.4875,0.0112,0.2066,-0.8624464767929324,RSI overbought,-43,40,CLOSED,2026-04-02 09:49:00.000000,22878.53,Time Exit,130.28999999994994,50.28999999994994,50.28999999994994
rsi_reversal_aggressive,BUY,2026-04-02 09:49:00.000000,22878.53,22900,ce,5.0,0.5013,-0.4595,0.0096,0.2126,0.75,RSI reversal,37,40,CLOSED,2026-04-02 10:10:00.000000,22909.85,Time Exit,1158.8399999999892,1078.8399999999892,1078.8399999999892
rsi_reversal_aggressive,BUY,2026-04-02 10:22:00.000000,22884.14,22900,ce,5.0,0.5013,-0.4595,0.0096,0.2126,0.75,RSI reversal,37,40,CLOSED,2026-04-02 10:43:00.000000,23033.13,Time Exit,5512.630000000059,5432.630000000059,5432.630000000059
rsi_reversal_aggressive,SELL,2026-04-02 10:48:00.000000,23052.39,22600,pe,5.0,-0.5576,-0.5089,0.0093,0.2046,0.75,RSI overbought,37,40,CLOSED,2026-04-02 11:09:00.000000,23177.42,Time Exit,-4626.109999999957,-4706.109999999957,-4706.109999999957
rsi_reversal_aggressive,BUY,2026-04-02 11:15:00.000000,23148.9,23150,ce,5.0,0.4874,-0.4762,0.0107,0.2237,0.5436851276611897,RSI reversal,27,40,CLOSED,2026-04-02 11:36:00.000000,23271.55,Time Exit,3311.549999999941,3231.549999999941,3231.549999999941
rsi_reversal_aggressive,SELL,2026-04-02 11:47:00.000000,23344.37,22850,pe,10.0,-0.4481,-0.4988,0.0106,0.1963,0.6865383863272037,RSI overbought,34,40,CLOSED,2026-04-02 12:08:00.000000,23392.7,Time Exit,-1643.2200000000594,-1723.2200000000594,-1723.2200000000594
rsi_reversal_aggressive,SELL,2026-04-02 12:09:00.000000,23405.56,22950,pe,10.0,-0.5335,-0.5519,0.0093,0.2014,0.2918095465679107,RSI overbought,14,40,CLOSED,2026-04-02 12:30:00.000000,23468.46,Time Exit,-880.5999999999694,-960.5999999999694,-960.5999999999694
rsi_reversal_aggressive,SELL,2026-04-02 12:25:00.000000,23452.82,23000,pe,10.0,-0.5428,-0.3889,0.0096,0.2091,0.4906819517930554,RSI overbought,24,40,CLOSED,2026-04-02 12:46:00.000000,23583.96,Time Exit,-3147.359999999986,-3227.359999999986,-3227.359999999986
rsi_reversal_aggressive,SELL,2026-04-02 12:54:00.000000,23634.94,23150,pe,10.0,-0.4496,-0.5116,0.0107,0.2237,0.4337962556033883,RSI overbought,21,40,CLOSED,2026-04-02 13:15:00.000000,23826.03,Time Exit,-4012.890000000003,-4092.890000000003,-4092.890000000003
rsi_reversal_aggressive,SELL,2026-04-02 13:48:00.000000,23963.91,23500,pe,25.12,-0.4779,-0.4749,0.0115,0.2303,0.75,RSI overbought,37,40,CLOSED,2026-04-02 14:09:00.000000,24134.07,Time Exit,-6295.919999999995,-6375.919999999995,-6375.919999999995
rsi_reversal_aggressive,SELL,2026-04-02 14:14:00.000000,24150.07,23700,pe,28.11,-0.49,-0.4562,0.0095,0.2271,0.75,RSI overbought,37,40,CLOSED,2026-04-02 14:35:00.000000,24322.99,Time Exit,-6398.04000000007,-6478.04000000007,-6478.04000000007
rsi_reversal_aggressive,SELL,2026-04-02 14:21:00.000000,24165.8,23700,pe,28.11,-0.49,-0.4562,0.0095,0.2271,0.2707374433058986,RSI overbought,13,40,CLOSED,2026-04-02 14:42:00.000000,24418.66,Stop Loss,-3287.1800000000076,-3367.1800000000076,-3367.1800000000076
rsi_reversal_aggressive,SELL,2026-04-02 14:30:00.000000,24257.68,23800,pe,28.31,-0.494,-0.4574,0.0108,0.2369,0.5472779962740546,RSI overbought,27,40,CLOSED,2026-04-02 14:51:00.000000,24484.05,Time Exit,-6111.9899999999725,-6191.9899999999725,-6191.9899999999725
rsi_reversal_aggressive,SELL,2026-04-02 14:47:00.000000,24452.9,23800,pe,28.31,-0.494,-0.4574,0.0108,0.2369,0.75,RSI overbought,37,40,CLOSED,2026-04-02 15:08:00.000000,24543.19,Time Exit,-3340.7299999998977,-3420.7299999998977,-3420.7299999998977
rsi_reversal_aggressive,SELL,2026-04-02 14:54:00.000000,24486.77,23800,pe,28.31,-0.494,-0.4574,0.0108,0.2369,0.5603451545609197,RSI overbought,28,40,CLOSED,2026-04-02 15:15:00.000000,24582.52,Time Exit,-2681.0,-2761.0,-2761.0
rsi_reversal_aggressive,SELL,2026-04-02 15:01:00.000000,24500.13,23800,pe,28.31,-0.494,-0.4574,0.0108,0.2369,0.4303442028985332,RSI overbought,21,40,CLOSED,2026-04-02 15:22:00.000000,24660.92,Time Exit,-3376.589999999942,-3456.589999999942,-3456.589999999942
rsi_reversal_aggressive,SELL,2026-04-02 15:12:00.000000,24570.38,23800,pe,28.31,-0.494,-0.4574,0.0108,0.2369,0.6266451233842592,RSI overbought,31,40,CLOSED,2026-04-03 09:15:00.000000,22584.35,Take Profit,61566.93000000008,61486.93000000008,61486.93000000008
rsi_reversal_aggressive,SELL,2026-04-02 15:19:00.000000,24621.96,23800,pe,28.31,-0.494,-0.4574,0.0108,0.2369,0.6531606055876367,RSI overbought,32,40,CLOSED,2026-04-03 09:15:00.000000,22584.35,Take Profit,65203.52000000002,65123.52000000002,65123.52000000002
rsi_reversal_aggressive,BUY,2026-04-03 09:17:00.000000,22639.41,22650,ce,10.0,0.5085,-0.5558,0.0101,0.1945,0.75,RSI reversal,37,40,CLOSED,2026-04-03 09:38:00.000000,22677.14,Time Exit,1396.0099999999838,1316.0099999999838,1316.0099999999838
rsi_reversal_aggressive,BUY,2026-04-03 09:26:00.000000,22669.63,22700,ce,18.05,0.5321,-0.4435,0.009,0.2125,0.75,RSI reversal,37,40,CLOSED,2026-04-03 09:47:00.000000,22701.04,Time Exit,1162.1699999999946,1082.1699999999946,1082.1699999999946
rsi_reversal_aggressive,BUY,2026-04-03 09:33:00.000000,22636.75,22650,ce,10.0,0.5085,-0.5558,0.0101,0.1945,0.75,RSI reversal,37,40,CLOSED,2026-04-03 09:54:00.000000,22706.61,Time Exit,2584.8200000000215,2504.8200000000215,2504.8200000000215
rsi_reversal_aggressive,BUY,2026-04-03 10:06:00.000000,22632.27,22650,ce,10.0,0.5085,-0.5558,0.0101,0.1945,0.7157939332316176,RSI reversal,35,40,CLOSED,2026-04-03 10:27:00.000000,22718.07,Time Exit,3002.9999999999745,2922.9999999999745,2922.9999999999745
rsi_reversal_aggressive,SELL,2026-04-03 10:55:00.000000,22956.81,22500,pe,5.0,-0.5321,-0.5482,0.0105,0.2139,0.75,RSI overbought,37,40,CLOSED,2026-04-03 11:16:00.000000,23156.18,Time Exit,-7376.689999999962,-7456.689999999962,-7456.689999999962
rsi_reversal_aggressive,SELL,2026-04-03 11:03:00.000000,23033.12,22550,pe,5.0,-0.493,-0.4394,0.0099,0.2463,0.75,RSI overbought,37,40,CLOSED,2026-04-03 11:24:00.000000,23256.65,Time Exit,-8270.610000000092,-8350.610000000092,-8350.610000000092
rsi_reversal_aggressive,SELL,2026-04-03 11:24:00.000000,23256.65,22800,pe,5.0,-0.5112,-0.5026,0.0096,0.2148,0.75,RSI overbought,37,40,CLOSED,2026-04-03 11:45:00.000000,23398.5,Time Exit,-5248.449999999946,-5328.449999999946,-5328.449999999946
rsi_reversal_aggressive,SELL,2026-04-03 11:53:00.000000,23459.16,23000,pe,10.0,-0.5428,-0.3889,0.0096,0.2091,0.3908025990665232,RSI overbought,19,40,CLOSED,2026-04-03 12:14:00.000000,23560.14,Time Exit,-1918.6199999999917,-1998.6199999999917,-1998.6199999999917
rsi_reversal_aggressive,SELL,2026-04-03 12:03:00.000000,23511.86,23050,pe,10.0,-0.4792,-0.5086,0.0117,0.2132,0.6463138177801135,RSI overbought,32,40,CLOSED,2026-04-03 12:24:00.000000,23719.34,Time Exit,-6639.359999999986,-6719.359999999986,-6719.359999999986
rsi_reversal_aggressive,SELL,2026-04-03 12:17:00.000000,23598.11,23100,pe,10.0,-0.4436,-0.5271,0.0098,0.1906,0.7117282342520703,RSI overbought,35,40,CLOSED,2026-04-03 12:36:00.000000,23841.58,Stop Loss,-8521.45000000004,-8601.45000000004,-8601.45000000004
rsi_reversal_aggressive,SELL,2026-04-03 12:34:00.000000,23813.75,23350,pe,14.68,-0.5691,-0.5012,0.0099,0.1943,0.7427271136005527,RSI overbought,37,40,CLOSED,2026-04-03 12:55:00.000000,23992.21,Time Exit,-6603.019999999968,-6683.019999999968,-6683.019999999968
rsi_reversal_aggressive,BUY,2026-04-03 12:45:00.000000,23779.78,23800,ce,13.31,0.5644,-0.4078,0.0108,0.2369,0.6466568085380171,RSI reversal,32,40,CLOSED,2026-04-03 13:06:00.000000,24016.06,Time Exit,7560.960000000079,7480.960000000079,7480.960000000079
rsi_reversal_aggressive,SELL,2026-04-03 12:52:00.000000,23861.37,23400,pe,18.67,-0.5113,-0.5347,0.0101,0.176,0.17847910275108633,RSI overbought,8,40,CLOSED,2026-04-03 13:13:00.000000,24080.46,Time Exit,-1752.7200000000012,-1832.7200000000012,-1832.7200000000012
rsi_reversal_aggressive,SELL,2026-04-03 13:00:00.000000,24011.97,23550,pe,10.0,-0.4594,-0.3765,0.0091,0.2329,0.75,RSI overbought,37,40,CLOSED,2026-04-03 13:21:00.000000,24177.08,Time Exit,-6109.0700000000215,-6189.0700000000215,-6189.0700000000215
rsi_reversal_aggressive,BUY,2026-04-03 13:10:00.000000,23993.02,23800,ce,13.31,0.5644,-0.4078,0.0108,0.2369,0.5992604181482002,RSI reversal,29,40,CLOSED,2026-04-03 13:31:00.000000,24313.27,Time Exit,9287.25,9207.25,9207.25
rsi_reversal_aggressive,SELL,2026-04-03 13:17:00.000000,24099.38,23600,pe,19.34,-0.5095,-0.5284,0.011,0.1727,0.5727488843475126,RSI overbought,28,40,CLOSED,2026-04-03 13:38:00.000000,24319.96,Time Exit,-6176.239999999947,-6256.239999999947,-6256.239999999947
rsi_reversal_aggressive,SELL,2026-04-03 13:24:00.000000,24202.02,23750,pe,28.54,-0.5996,-0.5608,0.0112,0.2151,0.7298107966063718,RSI overbought,36,40,CLOSED,2026-04-03 13:45:00.000000,24388.72,Time Exit,-6721.200000000026,-6801.200000000026,-6801.200000000026
rsi_reversal_aggressive,SELL,2026-04-03 13:32:00.000000,24282.65,23800,pe,28.31,-0.494,-0.4574,0.0108,0.2369,0.46409763069651755,RSI overbought,23,40,CLOSED,2026-04-03 13:53:00.000000,24421.79,Time Exit,-3200.2199999999866,-3280.2199999999866,-3280.2199999999866
rsi_reversal_aggressive,SELL,2026-04-03 13:48:00.000000,24401.93,23800,pe,28.31,-0.494,-0.4574,0.0108,0.2369,0.7063106600620508,RSI overbought,35,40,CLOSED,2026-04-03 14:09:00.000000,24609.8,Time Exit,-7275.449999999964,-7355.449999999964,-7355.449999999964
rsi_reversal_aggressive,SELL,2026-04-03 14:07:00.000000,24598.34,23800,pe,28.31,-0.494,-0.4574,0.0108,0.2369,0.75,RSI overbought,37,40,CLOSED,2026-04-03 14:28:00.000000,24736.62,Time Exit,-5116.359999999957,-5196.359999999957,-5196.359999999957
rsi_reversal_aggressive,SELL,2026-04-03 14:24:00.000000,24742.74,23800,pe,28.31,-0.494,-0.4574,0.0108,0.2369,0.75,RSI overbought,37,40,CLOSED,2026-04-03 14:45:00.000000,24750.87,Time Exit,-300.8099999999031,-380.8099999999031,-380.8099999999031
rsi_reversal_aggressive,BUY,2026-04-03 15:03:00.000000,24838.12,23800,ce,13.31,0.5644,-0.4078,0.0108,0.2369,0.7149728781110525,RSI reversal,35,40,CLOSED,2026-04-03 15:24:00.000000,25004.74,Time Exit,5831.700000000092,5751.700000000092,5751.700000000092
rsi_reversal_aggressive,BUY,2026-04-06 09:17:00.000000,22961.54,23000,ce,5.0,0.4732,-0.5163,0.0096,0.2091,0.75,RSI reversal,37,40,CLOSED,2026-04-06 09:38:00.000000,23006.06,Time Exit,1647.2400000000162,1567.2400000000162,1567.2400000000162
rsi_reversal_aggressive,SELL,2026-04-06 09:46:00.000000,23051.85,22600,pe,5.0,-0.5576,-0.5089,0.0093,0.2046,0.3302978834595731,RSI overbought,16,40,CLOSED,2026-04-06 10:02:00.000000,23292.65,Stop Loss,-3852.8000000000466,-3932.8000000000466,-3932.8000000000466
rsi_reversal_aggressive,SELL,2026-04-06 09:53:00.000000,23149.36,22650,pe,5.0,-0.4991,-0.5064,0.0101,0.1945,0.6709733154156072,RSI overbought,33,40,CLOSED,2026-04-06 10:14:00.000000,23301.56,Time Exit,-5022.600000000024,-5102.600000000024,-5102.600000000024
rsi_reversal_aggressive,SELL,2026-04-06 10:07:00.000000,23305.12,22850,pe,10.0,-0.4481,-0.4988,0.0106,0.1963,0.75,RSI overbought,37,40,CLOSED,2026-04-06 10:28:00.000000,23316.39,Time Exit,-416.99000000001615,-496.99000000001615,-496.99000000001615
rsi_reversal_aggressive,BUY,2026-04-06 10:29:00.000000,23296.47,23300,ce,14.11,0.6207,-0.4682,0.0106,0.1986,0.75,RSI reversal,37,40,CLOSED,2026-04-06 10:50:00.000000,23341.04,Time Exit,1649.0899999999892,1569.0899999999892,1569.0899999999892
rsi_reversal_aggressive,SELL,2026-04-06 10:43:00.000000,23340.88,22850,pe,10.0,-0.4481,-0.4988,0.0106,0.1963,0.1315730142212898,RSI overbought,6,40,CLOSED,2026-04-06 11:04:00.000000,23464.51,Time Exit,-741.7799999999843,-821.7799999999843,-821.7799999999843
rsi_reversal_aggressive,SELL,2026-04-06 10:54:00.000000,23364.9,22900,pe,10.0,-0.4691,-0.4382,0.0096,0.2126,-0.07258979206047939,RSI overbought,-3,40,CLOSED,2026-04-06 11:15:00.000000,23458.13,Time Exit,279.6899999999987,199.6899999999987,199.6899999999987
rsi_reversal_aggressive,BUY,2026-04-06 11:38:00.000000,23496.46,23500,ce,5.0,0.4449,-0.5647,0.0115,0.2303,0.75,RSI reversal,37,40,CLOSED,2026-04-06 11:59:00.000000,23470.92,Time Exit,-944.9800000000323,-1024.9800000000323,-1024.9800000000323
rsi_reversal_aggressive,BUY,2026-04-06 11:51:00.000000,23423.52,23450,ce,6.26,0.5093,-0.4908,0.0115,0.1963,0.75,RSI reversal,37,40,CLOSED,2026-04-06 12:12:00.000000,23536.98,Time Exit,4198.019999999968,4118.019999999968,4118.019999999968
rsi_reversal_aggressive,SELL,2026-04-06 12:05:00.000000,23496.01,23000,pe,10.0,-0.5428,-0.3889,0.0096,0.2091,0.48088369545371673,RSI overbought,24,40,CLOSED,2026-04-06 12:26:00.000000,23554.35,Time Exit,-1400.1600000000035,-1480.1600000000035,-1480.1600000000035
rsi_reversal_aggressive,SELL,2026-04-06 12:12:00.000000,23536.98,23050,pe,10.0,-0.4792,-0.5086,0.0117,0.2132,0.5789187177220484,RSI overbought,28,40,CLOSED,2026-04-06 12:33:00.000000,23542.5,Time Exit,-154.56000000001222,-234.56000000001222,-234.56000000001222
rsi_reversal_aggressive,SELL,2026-04-06 13:12:00.000000,23815.09,23350,pe,14.68,-0.5691,-0.5012,0.0099,0.1943,0.5361601591643851,RSI overbought,26,40,CLOSED,2026-04-06 13:33:00.000000,23941.05,Time Exit,-3274.9599999999773,-3354.9599999999773,-3354.9599999999773
rsi_reversal_aggressive,SELL,2026-04-06 13:32:00.000000,23959.41,23500,pe,25.12,-0.4779,-0.4749,0.0115,0.2303,0.5534914361001242,RSI overbought,27,40,CLOSED,2026-04-06 13:53:00.000000,24062.74,Time Exit,-2789.910000000047,-2869.910000000047,-2869.910000000047
rsi_reversal_aggressive,SELL,2026-04-06 13:55:00.000000,24098.05,23600,pe,19.34,-0.5095,-0.5284,0.011,0.1727,0.6323501838897994,RSI overbought,31,40,CLOSED,2026-04-06 14:16:00.000000,24201.81,Time Exit,-3216.560000000063,-3296.560000000063,-3296.560000000063
rsi_reversal_aggressive,SELL,2026-04-06 14:33:00.000000,24399.26,23800,pe,28.31,-0.494,-0.4574,0.0108,0.2369,0.41694993534085634,RSI overbought,20,40,CLOSED,2026-04-06 14:54:00.000000,24452.72,Time Exit,-1069.2000000000553,-1149.2000000000553,-1149.2000000000553
rsi_reversal_aggressive,SELL,2026-04-06 14:47:00.000000,24416.83,23800,pe,28.31,-0.494,-0.4574,0.0108,0.2369,0.2388918120370903,RSI overbought,11,40,CLOSED,2026-04-06 15:08:00.000000,24423.04,Time Exit,-68.3099999999904,-148.3099999999904,-148.3099999999904
macd_variants_aggressive,BUY,2026-03-27 10:31:07.140822,23689.54,23700,ce,5.0,0.4517,-0.4641,0.0095,0.2271,0.6,Regular MACD crossover,30,40,CLOSED,2026-03-27 10:52:07.140822,23839.96,Time Exit,4512.599999999948,4432.599999999948,4432.599999999948
macd_variants_aggressive,BUY,2026-03-27 11:35:07.140822,24056.97,23800,ce,13.31,0.5644,-0.4078,0.0108,0.2369,0.6,Regular MACD crossover,30,40,CLOSED,2026-03-27 11:56:07.140822,24157.9,Time Exit,3027.9000000000087,2947.9000000000087,2947.9000000000087
macd_variants_aggressive,BUY,2026-03-27 12:03:07.140822,24262.92,23800,ce,13.31,0.5644,-0.4078,0.0108,0.2369,0.6,Regular MACD crossover,30,40,CLOSED,2026-03-27 12:24:07.140822,24380.89,Time Exit,3539.100000000035,3459.100000000035,3459.100000000035
macd_variants_aggressive,BUY,2026-03-27 12:59:07.140822,24526.24,23800,ce,13.31,0.5644,-0.4078,0.0108,0.2369,0.6,Regular MACD crossover,30,40,CLOSED,2026-03-27 13:20:07.140822,24554.95,Time Exit,861.2999999999738,781.2999999999738,781.2999999999738
macd_variants_aggressive,BUY,2026-03-27 13:23:07.140822,24615.25,23800,ce,13.31,0.5644,-0.4078,0.0108,0.2369,0.7,Fast MACD crossover,35,40,CLOSED,2026-03-27 13:44:07.140822,24565.18,Time Exit,-1752.4499999999898,-1832.4499999999898,-1832.4499999999898
macd_variants_aggressive,BUY,2026-03-27 13:37:07.140822,24538.07,23800,ce,13.31,0.5644,-0.4078,0.0108,0.2369,0.7,Fast MACD crossover,35,40,CLOSED,2026-03-27 13:58:07.140822,24686.65,Time Exit,5200.300000000061,5120.300000000061,5120.300000000061
macd_variants_aggressive,BUY,2026-03-27 14:06:07.140822,24726.72,23800,ce,13.31,0.5644,-0.4078,0.0108,0.2369,0.6,Regular MACD crossover,30,40,CLOSED,2026-03-27 14:27:07.140822,24792.01,Time Exit,1958.699999999917,1878.699999999917,1878.699999999917
macd_variants_aggressive,BUY,2026-03-27 14:23:07.140822,24771.21,23800,ce,13.31,0.5644,-0.4078,0.0108,0.2369,0.6,Regular MACD crossover,30,40,CLOSED,2026-03-27 14:44:07.140822,24743.48,Time Exit,-831.8999999999869,-911.8999999999869,-911.8999999999869
macd_variants_aggressive,BUY,2026-03-30 09:24:00.000000,23124.23,23150,ce,5.0,0.4874,-0.4762,0.0107,0.2237,0.7,Fast MACD crossover,35,40,CLOSED,2026-03-30 09:45:00.000000,23246.91,Time Exit,4293.80000000001,4213.80000000001,4213.80000000001
macd_variants_aggressive,BUY,2026-03-30 11:19:00.000000,23594.03,23600,ce,17.23,0.4768,-0.5425,0.011,0.1727,0.6,Regular MACD crossover,30,40,CLOSED,2026-03-30 11:40:00.000000,23692.27,Time Exit,2947.200000000048,2867.200000000048,2867.200000000048
macd_variants_aggressive,BUY,2026-03-30 11:44:00.000000,23763.09,23800,ce,13.31,0.5644,-0.4078,0.0108,0.2369,0.7,Fast MACD crossover,35,40,CLOSED,2026-03-30 12:05:00.000000,23787.75,Time Exit,863.0999999999949,783.0999999999949,783.0999999999949
macd_variants_aggressive,BUY,2026-03-30 11:54:00.000000,23792.9,23800,ce,13.31,0.5644,-0.4078,0.0108,0.2369,0.7,Fast MACD crossover,35,40,CLOSED,2026-03-30 12:15:00.000000,23756.61,Time Exit,-1270.1500000000306,-1350.1500000000306,-1350.1500000000306
macd_variants_aggressive,BUY,2026-03-30 11:54:00.000000,23792.9,23800,ce,13.31,0.5644,-0.4078,0.0108,0.2369,0.6,Regular MACD crossover,30,40,CLOSED,2026-03-30 12:15:00.000000,23756.61,Time Exit,-1088.7000000000262,-1168.7000000000262,-1168.7000000000262
macd_variants_aggressive,BUY,2026-03-30 12:19:00.000000,23812.57,23800,ce,13.31,0.5644,-0.4078,0.0108,0.2369,0.7,Fast MACD crossover,35,40,CLOSED,2026-03-30 12:40:00.000000,24018.06,Time Exit,7192.150000000056,7112.150000000056,7112.150000000056
macd_variants_aggressive,BUY,2026-03-30 13:20:00.000000,24115.34,23800,ce,13.31,0.5644,-0.4078,0.0108,0.2369,0.7,Fast MACD crossover,35,40,CLOSED,2026-03-30 13:41:00.000000,24239.56,Time Exit,4347.700000000041,4267.700000000041,4267.700000000041
macd_variants_aggressive,BUY,2026-03-30 13:39:00.000000,24284.07,23800,ce,13.31,0.5644,-0.4078,0.0108,0.2369,0.7,Fast MACD crossover,35,40,CLOSED,2026-03-30 14:00:00.000000,24103.03,Time Exit,-6336.400000000031,-6416.400000000031,-6416.400000000031
macd_variants_aggressive,BUY,2026-03-30 13:39:00.000000,24284.07,23800,ce,13.31,0.5644,-0.4078,0.0108,0.2369,0.6,Regular MACD crossover,30,40,CLOSED,2026-03-30 14:00:00.000000,24103.03,Time Exit,-5431.200000000026,-5511.200000000026,-5511.200000000026
macd_variants_aggressive,BUY,2026-03-30 14:38:00.000000,24373.46,23800,ce,13.31,0.5644,-0.4078,0.0108,0.2369,0.7,Fast MACD crossover,35,40,CLOSED,2026-03-30 14:59:00.000000,24442.06,Time Exit,2401.0000000000764,2321.0000000000764,2321.0000000000764
macd_variants_aggressive,BUY,2026-03-30 15:01:00.000000,24489.71,23800,ce,13.31,0.5644,-0.4078,0.0108,0.2369,0.7,Fast MACD crossover,35,40,CLOSED,2026-03-30 15:22:00.000000,24566.07,Time Exit,2672.6000000000204,2592.6000000000204,2592.6000000000204
macd_variants_aggressive,BUY,2026-03-30 15:07:00.000000,24514.25,23800,ce,13.31,0.5644,-0.4078,0.0108,0.2369,0.7,Fast MACD crossover,35,40,CLOSED,2026-03-31 09:15:00.000000,22644.45,Stop Loss,-65442.99999999997,-65522.99999999997,-65522.99999999997
macd_variants_aggressive,BUY,2026-03-30 15:18:00.000000,24531.59,23800,ce,13.31,0.5644,-0.4078,0.0108,0.2369,0.7,Fast MACD crossover,35,40,CLOSED,2026-03-31 09:15:00.000000,22644.45,Stop Loss,-66049.89999999998,-66129.89999999998,-66129.89999999998
macd_variants_aggressive,BUY,2026-03-31 09:28:00.000000,22736.75,22750,ce,10.0,0.5455,-0.5909,0.0092,0.1822,0.6,Regular MACD crossover,30,40,CLOSED,2026-03-31 09:49:00.000000,22866.4,Time Exit,3889.5000000000437,3809.5000000000437,3809.5000000000437
macd_variants_aggressive,BUY,2026-03-31 10:29:00.000000,22997.44,23000,ce,5.0,0.4732,-0.5163,0.0096,0.2091,0.7,Fast MACD crossover,35,40,CLOSED,2026-03-31 10:50:00.000000,23235.38,Time Exit,8327.900000000081,8247.900000000081,8247.900000000081
macd_variants_aggressive,BUY,2026-03-31 11:45:00.000000,23291.28,23300,ce,14.11,0.6207,-0.4682,0.0106,0.1986,0.7,Fast MACD crossover,35,40,CLOSED,2026-03-31 12:06:00.000000,23329.0,Time Exit,1320.2000000000407,1240.2000000000407,1240.2000000000407
macd_variants_aggressive,BUY,2026-03-31 12:22:00.000000,23361.82,23400,ce,9.0,0.4362,-0.4861,0.0101,0.176,0.6,Regular MACD crossover,30,40,CLOSED,2026-03-31 12:43:00.000000,23478.01,Time Exit,3485.6999999999607,3405.6999999999607,3405.6999999999607
macd_variants_aggressive,BUY,2026-03-31 12:32:00.000000,23375.08,23400,ce,9.0,0.4362,-0.4861,0.0101,0.176,0.7,Fast MACD crossover,35,40,CLOSED,2026-03-31 12:53:00.000000,23575.36,Time Exit,7009.799999999959,6929.799999999959,6929.799999999959
macd_variants_aggressive,BUY,2026-03-31 12:52:00.000000,23535.37,23550,ce,5.0,0.5088,-0.5384,0.0091,0.2329,0.7,Fast MACD crossover,35,40,CLOSED,2026-03-31 13:13:00.000000,23731.65,Time Exit,6869.800000000087,6789.800000000087,6789.800000000087
macd_variants_aggressive,BUY,2026-03-31 13:02:00.000000,23666.75,23700,ce,5.0,0.4517,-0.4641,0.0095,0.2271,0.7,Fast MACD crossover,35,40,CLOSED,2026-03-31 13:23:00.000000,23796.4,Time Exit,4537.750000000051,4457.750000000051,4457.750000000051
macd_variants_aggressive,BUY,2026-03-31 13:33:00.000000,23811.61,23800,ce,13.31,0.5644,-0.4078,0.0108,0.2369,0.7,Fast MACD crossover,35,40,CLOSED,2026-03-31 13:54:00.000000,23890.21,Time Exit,2750.999999999949,2670.999999999949,2670.999999999949
macd_variants_aggressive,BUY,2026-03-31 14:58:00.000000,24167.48,23800,ce,13.31,0.5644,-0.4078,0.0108,0.2369,0.6,Regular MACD crossover,30,40,CLOSED,2026-03-31 15:19:00.000000,24171.2,Time Exit,111.60000000003492,31.600000000034925,31.600000000034925
macd_variants_aggressive,BUY,2026-03-31 15:25:00.000000,24291.28,23800,ce,13.31,0.5644,-0.4078,0.0108,0.2369,0.6,Regular MACD crossover,30,40,CLOSED,2026-04-01 09:15:00.000000,22793.71,Stop Loss,-44927.09999999999,-45007.09999999999,-45007.09999999999
macd_variants_aggressive,BUY,2026-04-01 09:29:00.000000,22803.13,22850,ce,5.0,0.46,-0.5721,0.0106,0.1963,0.6,Regular MACD crossover,30,40,CLOSED,2026-04-01 09:50:00.000000,22937.48,Time Exit,4030.4999999999563,3950.4999999999563,3950.4999999999563
macd_variants_aggressive,BUY,2026-04-01 11:00:00.000000,22936.56,22950,ce,5.0,0.4707,-0.5054,0.0093,0.2014,0.7,Fast MACD crossover,35,40,CLOSED,2026-04-01 11:21:00.000000,23008.69,Time Exit,2524.5499999999083,2444.5499999999083,2444.5499999999083
macd_variants_aggressive,BUY,2026-04-01 11:25:00.000000,23037.8,23050,ce,5.0,0.5291,-0.4788,0.0117,0.2132,0.7,Fast MACD crossover,35,40,CLOSED,2026-04-01 11:46:00.000000,23160.27,Time Exit,4286.450000000041,4206.450000000041,4206.450000000041
macd_variants_aggressive,BUY,2026-04-01 11:53:00.000000,23202.3,23250,ce,15.71,0.5149,-0.4232,0.009,0.2097,0.7,Fast MACD crossover,35,40,CLOSED,2026-04-01 12:14:00.000000,23230.81,Time Exit,997.8500000000713,917.8500000000713,917.8500000000713
macd_variants_aggressive,BUY,2026-04-01 12:45:00.000000,23373.25,23400,ce,9.0,0.4362,-0.4861,0.0101,0.176,0.6,Regular MACD crossover,30,40,CLOSED,2026-04-01 13:06:00.000000,23435.18,Time Exit,1857.9000000000087,1777.9000000000087,1777.9000000000087
macd_variants_aggressive,BUY,2026-04-01 14:10:00.000000,23571.54,23600,ce,17.23,0.4768,-0.5425,0.011,0.1727,0.7,Fast MACD crossover,35,40,CLOSED,2026-04-01 14:31:00.000000,23771.8,Time Exit,7009.099999999944,6929.099999999944,6929.099999999944
macd_variants_aggressive,BUY,2026-04-01 14:33:00.000000,23807.36,23800,ce,13.31,0.5644,-0.4078,0.0108,0.2369,0.7,Fast MACD crossover,35,40,CLOSED,2026-04-01 14:54:00.000000,23999.09,Time Exit,6710.549999999985,6630.549999999985,6630.549999999985
macd_variants_aggressive,BUY,2026-04-01 15:17:00.000000,24045.9,23800,ce,13.31,0.5644,-0.4078,0.0108,0.2369,0.7,Fast MACD crossover,35,40,CLOSED,2026-04-02 09:15:00.000000,22764.87,Stop Loss,-44836.05000000009,-44916.05000000009,-44916.05000000009
macd_variants_aggressive,BUY,2026-04-02 09:28:00.000000,22875.5,22900,ce,5.0,0.5013,-0.4595,0.0096,0.2126,0.6,Regular MACD crossover,30,40,CLOSED,2026-04-02 09:49:00.000000,22878.53,Time Exit,90.89999999996508,10.899999999965075,10.899999999965075
macd_variants_aggressive,BUY,2026-04-02 09:55:00.000000,22899.78,22900,ce,5.0,0.5013,-0.4595,0.0096,0.2126,0.7,Fast MACD crossover,35,40,CLOSED,2026-04-02 10:16:00.000000,22946.21,Time Exit,1625.0500000000102,1545.0500000000102,1545.0500000000102
macd_variants_aggressive,BUY,2026-04-02 10:06:00.000000,22905.16,22950,ce,5.0,0.4707,-0.5054,0.0093,0.2014,0.7,Fast MACD crossover,35,40,CLOSED,2026-04-02 10:27:00.000000,22925.57,Time Exit,714.3499999999949,634.3499999999949,634.3499999999949
macd_variants_aggressive,BUY,2026-04-02 11:34:00.000000,23247.93,23250,ce,15.71,0.5149,-0.4232,0.009,0.2097,0.6,Regular MACD crossover,30,40,CLOSED,2026-04-02 11:55:00.000000,23386.57,Time Exit,4159.1999999999825,4079.1999999999825,4079.1999999999825
macd_variants_aggressive,BUY,2026-04-02 12:05:00.000000,23402.71,23450,ce,6.26,0.5093,-0.4908,0.0115,0.1963,0.6,Regular MACD crossover,30,40,CLOSED,2026-04-02 12:26:00.000000,23458.03,Time Exit,1659.5999999999913,1579.5999999999913,1579.5999999999913
macd_variants_aggressive,BUY,2026-04-02 12:35:00.000000,23487.82,23500,ce,5.0,0.4449,-0.5647,0.0115,0.2303,0.6,Regular MACD crossover,30,40,CLOSED,2026-04-02 12:56:00.000000,23638.52,Time Exit,4521.000000000022,4441.000000000022,4441.000000000022
macd_variants_aggressive,BUY,2026-04-02 13:08:00.000000,23681.41,23700,ce,5.0,0.4517,-0.4641,0.0095,0.2271,0.7,Fast MACD crossover,35,40,CLOSED,2026-04-02 13:29:00.000000,23866.82,Time Exit,6489.349999999995,6409.349999999995,6409.349999999995
macd_variants_aggressive,BUY,2026-04-02 13:42:00.000000,23916.83,23800,ce,13.31,0.5644,-0.4078,0.0108,0.2369,0.6,Regular MACD crossover,30,40,CLOSED,2026-04-02 14:03:00.000000,24053.37,Time Exit,4096.199999999917,4016.199999999917,4016.199999999917
macd_variants_aggressive,BUY,2026-04-02 14:30:00.000000,24257.68,23800,ce,13.31,0.5644,-0.4078,0.0108,0.2369,0.7,Fast MACD crossover,35,40,CLOSED,2026-04-02 14:51:00.000000,24484.05,Time Exit,7922.949999999964,7842.949999999964,7842.949999999964
macd_variants_aggressive,BUY,2026-04-02 15:07:00.000000,24535.27,23800,ce,13.31,0.5644,-0.4078,0.0108,0.2369,0.7,Fast MACD crossover,35,40,CLOSED,2026-04-02 15:28:00.000000,24694.44,Time Exit,5570.949999999939,5490.949999999939,5490.949999999939
macd_variants_aggressive,BUY,2026-04-03 09:29:00.000000,22680.35,22700,ce,18.05,0.5321,-0.4435,0.009,0.2125,0.6,Regular MACD crossover,30,40,CLOSED,2026-04-03 09:50:00.000000,22688.52,Time Exit,245.10000000005675,165.10000000005675,165.10000000005675
macd_variants_aggressive,BUY,2026-04-03 11:10:00.000000,23118.56,23150,ce,5.0,0.4874,-0.4762,0.0107,0.2237,0.7,Fast MACD crossover,35,40,CLOSED,2026-04-03 11:31:00.000000,23257.69,Time Exit,4869.549999999908,4789.549999999908,4789.549999999908
macd_variants_aggressive,BUY,2026-04-03 11:17:00.000000,23195.05,23200,ce,7.28,0.5398,-0.5196,0.0093,0.1853,0.7,Fast MACD crossover,35,40,CLOSED,2026-04-03 11:38:00.000000,23309.87,Time Exit,4018.69999999999,3938.69999999999,3938.69999999999
macd_variants_aggressive,BUY,2026-04-03 11:17:00.000000,23195.05,23200,ce,7.28,0.5398,-0.5196,0.0093,0.1853,0.6,Regular MACD crossover,30,40,CLOSED,2026-04-03 11:38:00.000000,23309.87,Time Exit,3444.5999999999913,3364.5999999999913,3364.5999999999913
macd_variants_aggressive,BUY,2026-04-03 11:43:00.000000,23385.76,23400,ce,9.0,0.4362,-0.4861,0.0101,0.176,0.6,Regular MACD crossover,30,40,CLOSED,2026-04-03 12:04:00.000000,23529.61,Time Exit,4315.5000000000655,4235.5000000000655,4235.5000000000655
macd_variants_aggressive,BUY,2026-04-03 13:18:00.000000,24127.76,23800,ce,13.31,0.5644,-0.4078,0.0108,0.2369,0.6,Regular MACD crossover,30,40,CLOSED,2026-04-03 13:39:00.000000,24302.12,Time Exit,5230.8000000000175,5150.8000000000175,5150.8000000000175
macd_variants_aggressive,BUY,2026-04-03 13:58:00.000000,24486.94,23800,ce,13.31,0.5644,-0.4078,0.0108,0.2369,0.7,Fast MACD crossover,35,40,CLOSED,2026-04-03 14:19:00.000000,24734.89,Time Exit,8678.250000000025,8598.250000000025,8598.250000000025
macd_variants_aggressive,BUY,2026-04-03 14:16:00.000000,24701.96,23800,ce,13.31,0.5644,-0.4078,0.0108,0.2369,0.7,Fast MACD crossover,35,40,CLOSED,2026-04-03 14:37:00.000000,24787.22,Time Exit,2984.1000000000713,2904.1000000000713,2904.1000000000713
macd_variants_aggressive,BUY,2026-04-03 14:16:00.000000,24701.96,23800,ce,13.31,0.5644,-0.4078,0.0108,0.2369,0.6,Regular MACD crossover,30,40,CLOSED,2026-04-03 14:37:00.000000,24787.22,Time Exit,2557.800000000061,2477.800000000061,2477.800000000061
macd_variants_aggressive,BUY,2026-04-03 14:35:00.000000,24796.7,23800,ce,13.31,0.5644,-0.4078,0.0108,0.2369,0.7,Fast MACD crossover,35,40,CLOSED,2026-04-03 14:56:00.000000,24864.01,Time Exit,2355.8499999999185,2275.8499999999185,2275.8499999999185
macd_variants_aggressive,BUY,2026-04-03 14:48:00.000000,24829.3,23800,ce,13.31,0.5644,-0.4078,0.0108,0.2369,0.7,Fast MACD crossover,35,40,CLOSED,2026-04-03 15:09:00.000000,24894.94,Time Exit,2297.3999999999796,2217.3999999999796,2217.3999999999796
macd_variants_aggressive,BUY,2026-04-03 15:12:00.000000,24911.84,23800,ce,13.31,0.5644,-0.4078,0.0108,0.2369,0.6,Regular MACD crossover,30,40,CLOSED,2026-04-06 09:15:00.000000,22928.02,Stop Loss,-59514.59999999999,-59594.59999999999,-59594.59999999999
macd_variants_aggressive,BUY,2026-04-06 09:29:00.000000,23036.66,23050,ce,5.0,0.5291,-0.4788,0.0117,0.2132,0.6,Regular MACD crossover,30,40,CLOSED,2026-04-06 09:50:00.000000,23142.96,Time Exit,3188.999999999978,3108.999999999978,3108.999999999978
macd_variants_aggressive,BUY,2026-04-06 10:44:00.000000,23376.43,23400,ce,9.0,0.4362,-0.4861,0.0101,0.176,0.6,Regular MACD crossover,30,40,CLOSED,2026-04-06 11:05:00.000000,23432.08,Time Exit,1669.5000000000437,1589.5000000000437,1589.5000000000437
macd_variants_aggressive,BUY,2026-04-06 10:56:00.000000,23370.03,23400,ce,9.0,0.4362,-0.4861,0.0101,0.176,0.7,Fast MACD crossover,35,40,CLOSED,2026-04-06 11:17:00.000000,23477.75,Time Exit,3770.2000000000407,3690.2000000000407,3690.2000000000407
macd_variants_aggressive,BUY,2026-04-06 11:28:00.000000,23502.13,23550,ce,5.0,0.5088,-0.5384,0.0091,0.2329,0.6,Regular MACD crossover,30,40,CLOSED,2026-04-06 11:49:00.000000,23443.75,Time Exit,-1751.4000000000306,-1831.4000000000306,-1831.4000000000306
macd_variants_aggressive,BUY,2026-04-06 11:55:00.000000,23451.16,23500,ce,5.0,0.4449,-0.5647,0.0115,0.2303,0.7,Fast MACD crossover,35,40,CLOSED,2026-04-06 12:16:00.000000,23539.06,Time Exit,3076.500000000051,2996.500000000051,2996.500000000051
macd_variants_aggressive,BUY,2026-04-06 12:20:00.000000,23561.3,23600,ce,17.23,0.4768,-0.5425,0.011,0.1727,0.7,Fast MACD crossover,35,40,CLOSED,2026-04-06 12:41:00.000000,23559.46,Time Exit,-64.4000000000051,-144.4000000000051,-144.4000000000051
macd_variants_aggressive,BUY,2026-04-06 12:41:00.000000,23559.46,23600,ce,17.23,0.4768,-0.5425,0.011,0.1727,0.7,Fast MACD crossover,35,40,CLOSED,2026-04-06 13:02:00.000000,23784.01,Time Exit,7859.2499999999745,7779.2499999999745,7779.2499999999745
macd_variants_aggressive,BUY,2026-04-06 14:09:00.000000,24167.92,23800,ce,13.31,0.5644,-0.4078,0.0108,0.2369,0.7,Fast MACD crossover,35,40,CLOSED,2026-04-06 14:30:00.000000,24372.89,Time Exit,7173.950000000041,7093.950000000041,7093.950000000041
macd_variants_aggressive,BUY,2026-04-06 14:09:00.000000,24167.92,23800,ce,13.31,0.5644,-0.4078,0.0108,0.2369,0.6,Regular MACD crossover,30,40,CLOSED,2026-04-06 14:30:00.000000,24372.89,Time Exit,6149.100000000035,6069.100000000035,6069.100000000035
macd_variants_aggressive,BUY,2026-04-06 14:16:00.000000,24201.81,23800,ce,13.31,0.5644,-0.4078,0.0108,0.2369,0.7,Fast MACD crossover,35,40,CLOSED,2026-04-06 14:37:00.000000,24359.76,Time Exit,5528.249999999898,5448.249999999898,5448.249999999898
macd_variants_aggressive,BUY,2026-04-06 14:47:00.000000,24416.83,23800,ce,13.31,0.5644,-0.4078,0.0108,0.2369,0.7,Fast MACD crossover,35,40,CLOSED,2026-04-06 15:08:00.000000,24423.04,Time Exit,217.34999999996944,137.34999999996944,137.34999999996944
ema_crossover_aggressive,BUY,2026-03-27 10:28:07.140822,23630.27,23650,ce,15.08,0.5231,-0.5322,0.0099,0.2216,0.30005555839759485,EMA 5/10 crossover,15,40,CLOSED,2026-03-27 10:49:07.140822,23859.45,Time Exit,3437.7000000000044,3357.7000000000044,3357.7000000000044
ema_crossover_aggressive,BUY,2026-03-27 12:32:07.140822,24382.92,23800,ce,13.31,0.5644,-0.4078,0.0108,0.2369,0.31202528367201626,EMA 5/10 crossover,15,40,CLOSED,2026-03-27 12:53:07.140822,24469.43,Time Exit,1297.6500000000306,1217.6500000000306,1217.6500000000306
ema_crossover_aggressive,BUY,2026-03-30 09:38:00.000000,23209.79,23250,ce,15.71,0.5149,-0.4232,0.009,0.2097,0.31319442296991185,EMA 5/10 crossover,15,40,CLOSED,2026-03-30 09:59:00.000000,23321.51,Time Exit,1675.799999999963,1595.799999999963,1595.799999999963
ema_crossover_aggressive,BUY,2026-03-30 11:19:00.000000,23594.03,23600,ce,17.23,0.4768,-0.5425,0.011,0.1727,0.30802542567427055,EMA 10/20 crossover,15,40,CLOSED,2026-03-30 11:40:00.000000,23692.27,Time Exit,1473.600000000024,1393.600000000024,1393.600000000024
ema_crossover_aggressive,BUY,2026-03-30 12:19:00.000000,23812.57,23800,ce,13.31,0.5644,-0.4078,0.0108,0.2369,0.31288363942690856,EMA 5/10 crossover,15,40,CLOSED,2026-03-30 12:40:00.000000,24018.06,Time Exit,3082.350000000024,3002.350000000024,3002.350000000024
ema_crossover_aggressive,BUY,2026-03-30 12:19:00.000000,23812.57,23800,ce,13.31,0.5644,-0.4078,0.0108,0.2369,0.30853574143866996,EMA 10/20 crossover,15,40,CLOSED,2026-03-30 12:40:00.000000,24018.06,Time Exit,3082.350000000024,3002.350000000024,3002.350000000024
ema_crossover_aggressive,BUY,2026-03-30 12:53:00.000000,24045.47,23800,ce,13.31,0.5644,-0.4078,0.0108,0.2369,0.317257863633755,EMA 5/10 crossover,15,40,CLOSED,2026-03-30 13:14:00.000000,24071.1,Time Exit,384.4499999999607,304.4499999999607,304.4499999999607
ema_crossover_aggressive,BUY,2026-03-30 13:15:00.000000,24069.91,23800,ce,13.31,0.5644,-0.4078,0.0108,0.2369,0.30109910033700016,EMA 5/10 crossover,15,40,CLOSED,2026-03-30 13:36:00.000000,24217.32,Time Exit,2211.149999999998,2131.149999999998,2131.149999999998
ema_crossover_aggressive,BUY,2026-03-30 13:19:00.000000,24075.76,23800,ce,13.31,0.5644,-0.4078,0.0108,0.2369,0.30434296634557473,EMA 5/10 crossover,15,40,CLOSED,2026-03-30 13:40:00.000000,24261.45,Time Exit,2785.350000000035,2705.350000000035,2705.350000000035
ema_crossover_aggressive,BUY,2026-03-30 14:06:00.000000,24212.56,23800,ce,13.31,0.5644,-0.4078,0.0108,0.2369,0.3064832294429171,EMA 10/20 crossover,15,40,CLOSED,2026-03-30 14:27:00.000000,24326.9,Time Exit,1715.1000000000022,1635.1000000000022,1635.1000000000022
ema_crossover_aggressive,BUY,2026-03-30 14:48:00.000000,24376.01,23800,ce,13.31,0.5644,-0.4078,0.0108,0.2369,0.30039715627483266,EMA 5/10 crossover,15,40,CLOSED,2026-03-30 15:09:00.000000,24532.37,Time Exit,2345.4000000000087,2265.4000000000087,2265.4000000000087
ema_crossover_aggressive,BUY,2026-03-31 09:59:00.000000,22917.98,22950,ce,5.0,0.4707,-0.5054,0.0093,0.2014,0.30610126256482395,EMA 10/20 crossover,15,40,CLOSED,2026-03-31 10:20:00.000000,22963.25,Time Exit,679.0500000000065,599.0500000000065,599.0500000000065
ema_crossover_aggressive,BUY,2026-03-31 11:12:00.000000,23178.75,23200,ce,7.28,0.5398,-0.5196,0.0093,0.1853,0.30908030473156806,EMA 5/10 crossover,15,40,CLOSED,2026-03-31 11:33:00.000000,23275.59,Time Exit,1452.6000000000022,1372.6000000000022,1372.6000000000022
ema_crossover_aggressive,BUY,2026-03-31 11:44:00.000000,23282.24,23300,ce,14.11,0.6207,-0.4682,0.0106,0.1986,0.3100615661415623,EMA 5/10 crossover,15,40,CLOSED,2026-03-31 12:05:00.000000,23341.94,Time Exit,895.4999999999563,815.4999999999563,815.4999999999563
ema_crossover_aggressive,BUY,2026-03-31 12:22:00.000000,23361.82,23400,ce,9.0,0.4362,-0.4861,0.0101,0.176,0.31798512175441457,EMA 10/20 crossover,15,40,CLOSED,2026-03-31 12:43:00.000000,23478.01,Time Exit,1742.8499999999804,1662.8499999999804,1662.8499999999804
ema_crossover_aggressive,BUY,2026-03-31 14:53:00.000000,24127.24,23800,ce,13.31,0.5644,-0.4078,0.0108,0.2369,0.300996436947109,EMA 10/20 crossover,15,40,CLOSED,2026-03-31 15:14:00.000000,24247.39,Time Exit,1802.2499999999673,1722.2499999999673,1722.2499999999673
ema_crossover_aggressive,BUY,2026-04-01 09:38:00.000000,22863.06,22900,ce,5.0,0.5013,-0.4595,0.0096,0.2126,0.3051394220602098,EMA 5/10 crossover,15,40,CLOSED,2026-04-01 09:59:00.000000,22960.35,Time Exit,1459.3499999999585,1379.3499999999585,1379.3499999999585
ema_crossover_aggressive,BUY,2026-04-01 09:54:00.000000,22956.29,23000,ce,5.0,0.4732,-0.5163,0.0096,0.2091,0.30639367041087817,EMA 10/20 crossover,15,40,CLOSED,2026-04-01 10:15:00.000000,23088.09,Time Exit,1976.999999999989,1896.999999999989,1896.999999999989
ema_crossover_aggressive,BUY,2026-04-01 11:11:00.000000,23012.88,23050,ce,5.0,0.5291,-0.4788,0.0117,0.2132,0.3075209546303941,EMA 10/20 crossover,15,40,CLOSED,2026-04-01 11:32:00.000000,23049.02,Time Exit,542.0999999999913,462.09999999999127,462.09999999999127
ema_crossover_aggressive,BUY,2026-04-01 15:17:00.000000,24045.9,23800,ce,13.31,0.5644,-0.4078,0.0108,0.2369,0.3038526024806359,EMA 5/10 crossover,15,40,CLOSED,2026-04-02 09:15:00.000000,22764.87,Stop Loss,-19215.450000000037,-19295.450000000037,-19295.450000000037
ema_crossover_aggressive,BUY,2026-04-02 09:39:00.000000,22919.73,22950,ce,5.0,0.4707,-0.5054,0.0093,0.2014,0.31031518145464704,EMA 5/10 crossover,15,40,CLOSED,2026-04-02 10:00:00.000000,22904.11,Time Exit,-234.29999999998472,-314.2999999999847,-314.2999999999847
ema_crossover_aggressive,BUY,2026-04-02 10:27:00.000000,22925.57,22950,ce,5.0,0.4707,-0.5054,0.0093,0.2014,0.30064783395030065,EMA 10/20 crossover,15,40,CLOSED,2026-04-02 10:48:00.000000,23052.39,Time Exit,1902.2999999999956,1822.2999999999956,1822.2999999999956
ema_crossover_aggressive,BUY,2026-04-02 11:32:00.000000,23211.22,23250,ce,15.71,0.5149,-0.4232,0.009,0.2097,0.3122166382325009,EMA 5/10 crossover,15,40,CLOSED,2026-04-02 11:53:00.000000,23323.23,Time Exit,1680.149999999976,1600.149999999976,1600.149999999976
ema_crossover_aggressive,BUY,2026-04-02 15:06:00.000000,24502.01,23800,ce,13.31,0.5644,-0.4078,0.0108,0.2369,0.3119795963727773,EMA 5/10 crossover,15,40,CLOSED,2026-04-02 15:27:00.000000,24685.14,Time Exit,2746.9500000000153,2666.9500000000153,2666.9500000000153
ema_crossover_aggressive,BUY,2026-04-03 09:41:00.000000,22686.9,22700,ce,18.05,0.5321,-0.4435,0.009,0.2125,0.30078282154368347,EMA 5/10 crossover,15,40,CLOSED,2026-04-03 10:02:00.000000,22637.67,Time Exit,-738.450000000048,-818.450000000048,-818.450000000048
ema_crossover_aggressive,BUY,2026-04-03 10:12:00.000000,22665.76,22700,ce,18.05,0.5321,-0.4435,0.009,0.2125,0.30119416741840743,EMA 5/10 crossover,15,40,CLOSED,2026-04-03 10:33:00.000000,22740.2,Time Exit,1116.600000000035,1036.600000000035,1036.600000000035
ema_crossover_aggressive,BUY,2026-04-03 12:50:00.000000,23825.96,23800,ce,13.31,0.5644,-0.4078,0.0108,0.2369,0.30629656598164146,EMA 5/10 crossover,15,40,CLOSED,2026-04-03 13:11:00.000000,24016.93,Time Exit,2864.5500000000175,2784.5500000000175,2784.5500000000175
ema_crossover_aggressive,BUY,2026-04-03 15:08:00.000000,24872.69,23800,ce,13.31,0.5644,-0.4078,0.0108,0.2369,0.30707878076023193,EMA 5/10 crossover,15,40,CLOSED,2026-04-03 15:29:00.000000,25004.57,Time Exit,1978.2000000000153,1898.2000000000153,1898.2000000000153
ema_crossover_aggressive,BUY,2026-04-06 10:35:00.000000,23349.06,23350,ce,14.16,0.5057,-0.497,0.0099,0.1943,0.3031381185788716,EMA 5/10 crossover,15,40,CLOSED,2026-04-06 10:56:00.000000,23370.03,Time Exit,314.5499999999629,234.5499999999629,234.5499999999629
ema_crossover_aggressive,BUY,2026-04-06 10:44:00.000000,23376.43,23400,ce,9.0,0.4362,-0.4861,0.0101,0.176,0.31701406340737665,EMA 10/20 crossover,15,40,CLOSED,2026-04-06 11:05:00.000000,23432.08,Time Exit,834.7500000000218,754.7500000000218,754.7500000000218
ema_crossover_aggressive,BUY,2026-04-06 10:54:00.000000,23364.9,23400,ce,9.0,0.4362,-0.4861,0.0101,0.176,0.3046675750539752,EMA 5/10 crossover,15,40,CLOSED,2026-04-06 11:15:00.000000,23458.13,Time Exit,1398.4499999999935,1318.4499999999935,1318.4499999999935
ema_crossover_aggressive,BUY,2026-04-06 12:41:00.000000,23559.46,23600,ce,17.23,0.4768,-0.5425,0.011,0.1727,0.3065417284524439,EMA 5/10 crossover,15,40,CLOSED,2026-04-06 13:02:00.000000,23784.01,Time Exit,3368.249999999989,3288.249999999989,3288.249999999989
ema_crossover_aggressive,BUY,2026-04-06 12:41:00.000000,23559.46,23600,ce,17.23,0.4768,-0.5425,0.011,0.1727,0.30320760601219027,EMA 10/20 crossover,15,40,CLOSED,2026-04-06 13:02:00.000000,23784.01,Time Exit,3368.249999999989,3288.249999999989,3288.249999999989
