strategy,action,entry_time,entry_price,strike,option_type,premium,delta,theta,gamma,vega,confidence,reason,status,exit_time,exit_price,exit_reason,pnl
enhanced_day_high_low,SELL,2026-03-30 09:15:00.000000,23076.68,23100,pe,10.0,-0.4436,-0.5271,0.0098,0.1906,0.7,,CLOSED,2026-03-30 09:21:00.000000,23107.41,Time Exit,-1536.4999999999782
enhanced_day_high_low,SELL,2026-03-31 09:15:00.000000,22644.45,22650,pe,5.0,-0.4991,-0.5064,0.0101,0.1945,0.7,,CLOSED,2026-03-31 09:21:00.000000,22650.7,Time Exit,-312.5
enhanced_day_high_low,SELL,2026-04-01 09:15:00.000000,22793.71,22800,pe,5.0,-0.5112,-0.5026,0.0096,0.2148,0.7,,CLOSED,2026-04-01 09:21:00.000000,22772.26,Time Exit,1072.5000000000364
enhanced_day_high_low,SELL,2026-04-02 09:15:00.000000,22764.87,22750,pe,7.41,-0.4085,-0.4956,0.0092,0.1822,0.7,,CLOSED,2026-04-02 09:21:00.000000,22810.6,Time Exit,-2286.499999999978
enhanced_day_high_low,SELL,2026-04-03 09:15:00.000000,22584.35,22600,pe,5.0,-0.5576,-0.5089,0.0093,0.2046,0.7,,CLOSED,2026-04-03 09:21:00.000000,22679.29,Time Exit,-4747.000000000116
enhanced_day_high_low,SELL,2026-04-06 09:15:00.000000,22928.02,22950,pe,10.0,-0.5335,-0.5519,0.0093,0.2014,0.7,,CLOSED,2026-04-06 09:21:00.000000,22963.28,Time Exit,-1762.99999999992
rsi_oversold,BUY,2026-03-30 09:15:00.000000,23076.68,23100,ce,5.0,0.5573,-0.5358,0.0098,0.1906,0.748497234106379,,CLOSED,2026-03-30 09:21:00.000000,23107.41,Time Exit,1536.4999999999782
rsi_oversold,BUY,2026-03-30 09:16:00.000000,23081.19,23100,ce,5.0,0.5573,-0.5358,0.0098,0.1906,0.7762773883077875,,CLOSED,2026-03-30 09:22:00.000000,23117.2,Time Exit,1800.5000000001019
rsi_oversold,BUY,2026-03-30 09:17:00.000000,23058.85,23050,ce,5.0,0.5291,-0.4788,0.0117,0.2132,0.8127912460131966,,CLOSED,2026-03-30 09:23:00.000000,23097.63,Time Exit,1939.0000000001237
rsi_oversold,BUY,2026-03-30 09:18:00.000000,23086.34,23100,ce,5.0,0.5573,-0.5358,0.0098,0.1906,0.7928969237694105,,CLOSED,2026-03-30 09:24:00.000000,23124.23,Time Exit,1894.499999999971
rsi_oversold,BUY,2026-03-30 09:19:00.000000,23076.77,23100,ce,5.0,0.5573,-0.5358,0.0098,0.1906,0.8352809673813663,,CLOSED,2026-03-30 09:25:00.000000,23129.33,Time Exit,2628.0000000000655
rsi_oversold,BUY,2026-03-30 09:20:00.000000,23093.39,23100,ce,5.0,0.5573,-0.5358,0.0098,0.1906,0.8301536817507824,,CLOSED,2026-03-30 09:26:00.000000,23154.5,Time Exit,3055.500000000029
rsi_oversold,BUY,2026-03-30 09:21:00.000000,23107.41,23100,ce,5.0,0.5573,-0.5358,0.0098,0.1906,0.8238917295263212,,CLOSED,2026-03-30 09:27:00.000000,23122.23,Time Exit,740.9999999999854
rsi_oversold,BUY,2026-03-30 09:22:00.000000,23117.2,23100,ce,5.0,0.5573,-0.5358,0.0098,0.1906,0.8106333674458795,,CLOSED,2026-03-30 09:28:00.000000,23125.06,Time Exit,393.0000000000291
rsi_oversold,BUY,2026-03-30 09:23:00.000000,23097.63,23100,ce,5.0,0.5573,-0.5358,0.0098,0.1906,0.8184622053282656,,CLOSED,2026-03-30 09:29:00.000000,23124.11,Time Exit,1323.9999999999782
rsi_oversold,BUY,2026-03-30 09:24:00.000000,23124.23,23100,ce,5.0,0.5573,-0.5358,0.0098,0.1906,0.7976661300686999,,CLOSED,2026-03-30 09:30:00.000000,23117.11,Time Exit,-355.99999999994907
rsi_oversold,BUY,2026-03-30 09:25:00.000000,23129.33,23150,ce,5.0,0.4874,-0.4762,0.0107,0.2237,0.789234341206201,,CLOSED,2026-03-30 09:31:00.000000,23130.35,Time Exit,50.99999999983993
rsi_oversold,BUY,2026-03-30 09:26:00.000000,23154.5,23150,ce,5.0,0.4874,-0.4762,0.0107,0.2237,0.750651016108561,,CLOSED,2026-03-30 09:32:00.000000,23140.17,Time Exit,-716.5000000000873
rsi_oversold,BUY,2026-03-30 09:27:00.000000,23122.23,23100,ce,5.0,0.5573,-0.5358,0.0098,0.1906,0.7724817595089448,,CLOSED,2026-03-30 09:33:00.000000,23170.13,Time Exit,2395.0000000000728
rsi_oversold,BUY,2026-03-30 09:28:00.000000,23125.06,23150,ce,5.0,0.4874,-0.4762,0.0107,0.2237,0.785133508960222,,CLOSED,2026-03-30 09:34:00.000000,23171.52,Time Exit,2322.9999999999563
rsi_oversold,BUY,2026-03-30 10:38:00.000000,23553.46,23550,ce,5.0,0.5088,-0.5384,0.0091,0.2329,0.09368171886380973,,CLOSED,2026-03-30 10:44:00.000000,23539.12,Time Exit,-717.0000000000073
rsi_oversold,BUY,2026-03-30 10:40:00.000000,23567.81,23550,ce,5.0,0.5088,-0.5384,0.0091,0.2329,0.0189742761232741,,CLOSED,2026-03-30 10:46:00.000000,23511.34,Time Exit,-2823.500000000058
rsi_oversold,BUY,2026-03-30 10:41:00.000000,23564.33,23550,ce,5.0,0.5088,-0.5384,0.0091,0.2329,0.007482474301674339,,CLOSED,2026-03-30 10:47:00.000000,23512.18,Time Exit,-2607.5000000000728
rsi_oversold,BUY,2026-03-30 10:44:00.000000,23539.12,23550,ce,5.0,0.5088,-0.5384,0.0091,0.2329,0.18338382597776265,,CLOSED,2026-03-30 10:50:00.000000,23530.44,Time Exit,-434.00000000001455
rsi_oversold,BUY,2026-03-30 10:45:00.000000,23527.53,23550,ce,5.0,0.5088,-0.5384,0.0091,0.2329,0.359902441555721,,CLOSED,2026-03-30 10:51:00.000000,23532.64,Time Exit,255.5000000000291
rsi_oversold,BUY,2026-03-30 10:46:00.000000,23511.34,23500,ce,5.0,0.4449,-0.5647,0.0115,0.2303,0.4457569019825835,,CLOSED,2026-03-30 10:52:00.000000,23508.52,Time Exit,-140.99999999998545
rsi_oversold,BUY,2026-03-30 10:47:00.000000,23512.18,23500,ce,5.0,0.4449,-0.5647,0.0115,0.2303,0.6193218170185327,,CLOSED,2026-03-30 10:53:00.000000,23529.61,Time Exit,871.5000000000146
rsi_oversold,BUY,2026-03-30 10:48:00.000000,23508.93,23500,ce,5.0,0.4449,-0.5647,0.0115,0.2303,0.6342315008788584,,CLOSED,2026-03-30 10:54:00.000000,23538.2,Time Exit,1463.5000000000218
rsi_oversold,BUY,2026-03-30 10:49:00.000000,23512.08,23500,ce,5.0,0.4449,-0.5647,0.0115,0.2303,0.5471269476750602,,CLOSED,2026-03-30 10:55:00.000000,23551.26,Time Exit,1958.9999999998327
rsi_oversold,BUY,2026-03-30 11:14:00.000000,23530.88,23550,ce,5.0,0.5088,-0.5384,0.0091,0.2329,0.0038285033340433945,,CLOSED,2026-03-30 11:20:00.000000,23559.6,Time Exit,1435.9999999998763
rsi_oversold,BUY,2026-03-31 09:15:00.000000,22644.45,22650,ce,10.0,0.5085,-0.5558,0.0101,0.1945,0.6541974364403401,,CLOSED,2026-03-31 09:21:00.000000,22650.7,Time Exit,312.5
rsi_oversold,BUY,2026-03-31 09:16:00.000000,22631.83,22650,ce,10.0,0.5085,-0.5558,0.0101,0.1945,0.6606149820085013,,CLOSED,2026-03-31 09:22:00.000000,22659.59,Time Exit,1387.99999999992
rsi_oversold,BUY,2026-03-31 09:17:00.000000,22621.1,22600,ce,10.0,0.5529,-0.5208,0.0093,0.2046,0.6909139931455167,,CLOSED,2026-03-31 09:23:00.000000,22659.91,Time Exit,1940.5000000000655
rsi_oversold,BUY,2026-03-31 09:18:00.000000,22632.83,22650,ce,10.0,0.5085,-0.5558,0.0101,0.1945,0.6860424943858974,,CLOSED,2026-03-31 09:24:00.000000,22687.76,Time Exit,2746.4999999998327
rsi_oversold,BUY,2026-03-31 09:19:00.000000,22639.72,22650,ce,10.0,0.5085,-0.5558,0.0101,0.1945,0.7023905149369137,,CLOSED,2026-03-31 09:25:00.000000,22705.93,Time Exit,3310.4999999999563
rsi_oversold,BUY,2026-03-31 09:20:00.000000,22655.06,22650,ce,10.0,0.5085,-0.5558,0.0101,0.1945,0.6806713459723662,,CLOSED,2026-03-31 09:26:00.000000,22751.24,Time Exit,4809.000000000015
rsi_oversold,BUY,2026-03-31 09:21:00.000000,22650.7,22650,ce,10.0,0.5085,-0.5558,0.0101,0.1945,0.6926393576250841,,CLOSED,2026-03-31 09:27:00.000000,22759.57,Time Exit,5443.499999999949
rsi_oversold,BUY,2026-03-31 09:22:00.000000,22659.59,22650,ce,10.0,0.5085,-0.5558,0.0101,0.1945,0.722744972458734,,CLOSED,2026-03-31 09:28:00.000000,22736.75,Time Exit,3857.9999999999927
rsi_oversold,BUY,2026-03-31 09:23:00.000000,22659.91,22650,ce,10.0,0.5085,-0.5558,0.0101,0.1945,0.7304999472258336,,CLOSED,2026-03-31 09:29:00.000000,22742.85,Time Exit,4146.9999999999345
rsi_oversold,BUY,2026-03-31 09:24:00.000000,22687.76,22700,ce,18.05,0.5321,-0.4435,0.009,0.2125,0.7042763439969411,,CLOSED,2026-03-31 09:30:00.000000,22750.97,Time Exit,3160.5000000001382
rsi_oversold,BUY,2026-03-31 09:25:00.000000,22705.93,22700,ce,18.05,0.5321,-0.4435,0.009,0.2125,0.7086400777813632,,CLOSED,2026-03-31 09:31:00.000000,22733.73,Time Exit,1389.9999999999636
rsi_oversold,BUY,2026-03-31 09:26:00.000000,22751.24,22750,ce,10.0,0.5455,-0.5909,0.0092,0.1822,0.683689024390236,,CLOSED,2026-03-31 09:32:00.000000,22773.97,Time Exit,1136.4999999999782
rsi_oversold,BUY,2026-03-31 09:27:00.000000,22759.57,22750,ce,10.0,0.5455,-0.5909,0.0092,0.1822,0.7740805994781274,,CLOSED,2026-03-31 09:33:00.000000,22793.49,Time Exit,1696.0000000000946
rsi_oversold,BUY,2026-03-31 09:28:00.000000,22736.75,22750,ce,10.0,0.5455,-0.5909,0.0092,0.1822,0.7889300201715675,,CLOSED,2026-03-31 09:34:00.000000,22815.82,Time Exit,3953.4999999999854
rsi_oversold,BUY,2026-03-31 11:05:00.000000,23131.67,23150,ce,5.0,0.4874,-0.4762,0.0107,0.2237,0.05120046282906448,,CLOSED,2026-03-31 11:11:00.000000,23173.63,Time Exit,2098.0000000001382
rsi_oversold,BUY,2026-03-31 11:06:00.000000,23149.11,23150,ce,5.0,0.4874,-0.4762,0.0107,0.2237,0.02325138174194829,,CLOSED,2026-03-31 11:12:00.000000,23178.75,Time Exit,1481.999999999971
rsi_oversold,BUY,2026-03-31 11:08:00.000000,23116.62,23100,ce,5.0,0.5573,-0.5358,0.0098,0.1906,0.15350450383011255,,CLOSED,2026-03-31 11:14:00.000000,23185.42,Time Exit,3439.9999999999636
rsi_oversold,BUY,2026-04-01 09:15:00.000000,22793.71,22800,ce,10.0,0.4956,-0.5223,0.0096,0.2148,0.6347844554538838,,CLOSED,2026-04-01 09:21:00.000000,22772.26,Time Exit,-1072.5000000000364
rsi_oversold,BUY,2026-04-01 09:16:00.000000,22785.8,22800,ce,10.0,0.4956,-0.5223,0.0096,0.2148,0.6309759675596283,,CLOSED,2026-04-01 09:22:00.000000,22783.5,Time Exit,-114.99999999996362
rsi_oversold,BUY,2026-04-01 09:17:00.000000,22780.98,22800,ce,10.0,0.4956,-0.5223,0.0096,0.2148,0.6278510956639844,,CLOSED,2026-04-01 09:23:00.000000,22767.15,Time Exit,-691.4999999999054
rsi_oversold,BUY,2026-04-01 09:18:00.000000,22780.08,22800,ce,10.0,0.4956,-0.5223,0.0096,0.2148,0.6320860407797487,,CLOSED,2026-04-01 09:24:00.000000,22778.24,Time Exit,-92.00000000000728
rsi_oversold,BUY,2026-04-01 09:19:00.000000,22759.62,22750,ce,10.0,0.5455,-0.5909,0.0092,0.1822,0.6592086586561464,,CLOSED,2026-04-01 09:25:00.000000,22764.32,Time Exit,235.00000000003638
rsi_oversold,BUY,2026-04-01 09:20:00.000000,22758.72,22750,ce,10.0,0.5455,-0.5909,0.0092,0.1822,0.6581976404647439,,CLOSED,2026-04-01 09:26:00.000000,22782.06,Time Exit,1167.0000000000073
rsi_oversold,BUY,2026-04-01 09:21:00.000000,22772.26,22750,ce,10.0,0.5455,-0.5909,0.0092,0.1822,0.6569590152468986,,CLOSED,2026-04-01 09:27:00.000000,22790.88,Time Exit,931.000000000131
rsi_oversold,BUY,2026-04-01 09:22:00.000000,22783.5,22800,ce,10.0,0.4956,-0.5223,0.0096,0.2148,0.66066119900208,,CLOSED,2026-04-01 09:28:00.000000,22784.93,Time Exit,71.50000000001455
rsi_oversold,BUY,2026-04-01 09:23:00.000000,22767.15,22750,ce,10.0,0.5455,-0.5909,0.0092,0.1822,0.7515408467228956,,CLOSED,2026-04-01 09:29:00.000000,22803.13,Time Exit,1798.9999999999782
rsi_oversold,BUY,2026-04-01 09:24:00.000000,22778.24,22800,ce,10.0,0.4956,-0.5223,0.0096,0.2148,0.7941068566684085,,CLOSED,2026-04-01 09:30:00.000000,22823.95,Time Exit,2285.4999999999563
rsi_oversold,BUY,2026-04-01 09:25:00.000000,22764.32,22750,ce,10.0,0.5455,-0.5909,0.0092,0.1822,0.8805413413129874,,CLOSED,2026-04-01 09:31:00.000000,22802.84,Time Exit,1926.0000000000218
rsi_oversold,BUY,2026-04-01 09:26:00.000000,22782.06,22800,ce,10.0,0.4956,-0.5223,0.0096,0.2148,0.8449207902200891,,CLOSED,2026-04-01 09:32:00.000000,22815.06,Time Exit,1650.0
rsi_oversold,BUY,2026-04-01 09:27:00.000000,22790.88,22800,ce,10.0,0.4956,-0.5223,0.0096,0.2148,0.8754205529148351,,CLOSED,2026-04-01 09:33:00.000000,22846.32,Time Exit,2771.9999999999345
rsi_oversold,BUY,2026-04-01 09:28:00.000000,22784.93,22800,ce,10.0,0.4956,-0.5223,0.0096,0.2148,0.8736536616759556,,CLOSED,2026-04-01 09:34:00.000000,22845.08,Time Exit,3007.5000000000728
rsi_oversold,BUY,2026-04-01 10:38:00.000000,23039.6,23050,ce,5.0,0.5291,-0.4788,0.0117,0.2132,0.06168820492586112,,CLOSED,2026-04-01 10:44:00.000000,23014.86,Time Exit,-1236.9999999998981
rsi_oversold,BUY,2026-04-01 10:39:00.000000,23013.23,23000,ce,5.0,0.4732,-0.5163,0.0096,0.2091,0.07577450646973698,,CLOSED,2026-04-01 10:45:00.000000,23025.79,Time Exit,628.0000000000655
rsi_oversold,BUY,2026-04-01 10:40:00.000000,23014.84,23000,ce,5.0,0.4732,-0.5163,0.0096,0.2091,0.3589604372534315,,CLOSED,2026-04-01 10:46:00.000000,23030.75,Time Exit,795.4999999999927
rsi_oversold,BUY,2026-04-01 10:41:00.000000,23034.56,23050,ce,5.0,0.5291,-0.4788,0.0117,0.2132,0.036990464214602524,,CLOSED,2026-04-01 10:47:00.000000,23022.24,Time Exit,-615.9999999999854
rsi_oversold,BUY,2026-04-01 10:42:00.000000,23012.83,23000,ce,5.0,0.4732,-0.5163,0.0096,0.2091,0.1291988439854009,,CLOSED,2026-04-01 10:48:00.000000,23002.95,Time Exit,-494.00000000005093
rsi_oversold,BUY,2026-04-01 10:43:00.000000,23035.75,23050,ce,5.0,0.5291,-0.4788,0.0117,0.2132,0.08812796024537448,,CLOSED,2026-04-01 10:49:00.000000,23021.41,Time Exit,-717.0000000000073
rsi_oversold,BUY,2026-04-01 10:44:00.000000,23014.86,23000,ce,5.0,0.4732,-0.5163,0.0096,0.2091,0.09671266171337152,,CLOSED,2026-04-01 10:50:00.000000,22975.74,Time Exit,-1955.999999999949
rsi_oversold,BUY,2026-04-01 10:45:00.000000,23025.79,23050,ce,5.0,0.5291,-0.4788,0.0117,0.2132,0.06724413038524754,,CLOSED,2026-04-01 10:51:00.000000,22974.16,Time Exit,-2581.500000000051
rsi_oversold,BUY,2026-04-01 10:55:00.000000,22940.71,22950,ce,5.0,0.4707,-0.5054,0.0093,0.2014,0.04903530847255079,,CLOSED,2026-04-01 11:01:00.000000,22956.6,Time Exit,794.4999999999709
rsi_oversold,BUY,2026-04-01 10:56:00.000000,22929.49,22950,ce,5.0,0.4707,-0.5054,0.0093,0.2014,0.0009933987054106788,,CLOSED,2026-04-01 11:02:00.000000,22967.52,Time Exit,1901.4999999999418
rsi_oversold,BUY,2026-04-01 10:57:00.000000,22906.05,22900,ce,5.0,0.5013,-0.4595,0.0096,0.2126,0.36980565145125677,,CLOSED,2026-04-01 11:03:00.000000,22949.59,Time Exit,2177.0000000000437
rsi_oversold,BUY,2026-04-01 10:58:00.000000,22903.29,22900,ce,5.0,0.5013,-0.4595,0.0096,0.2126,0.30980762834990827,,CLOSED,2026-04-01 11:04:00.000000,22951.48,Time Exit,2409.4999999999345
rsi_oversold,BUY,2026-04-01 10:59:00.000000,22928.48,22950,ce,5.0,0.4707,-0.5054,0.0093,0.2014,0.1256697119221376,,CLOSED,2026-04-01 11:05:00.000000,22942.87,Time Exit,719.4999999999709
rsi_oversold,BUY,2026-04-01 11:00:00.000000,22936.56,22950,ce,5.0,0.4707,-0.5054,0.0093,0.2014,0.08875094236723745,,CLOSED,2026-04-01 11:06:00.000000,22934.76,Time Exit,-90.00000000014552
rsi_oversold,BUY,2026-04-01 13:07:00.000000,23410.73,23400,ce,9.0,0.4362,-0.4861,0.0101,0.176,0.07265157081470666,,CLOSED,2026-04-01 13:13:00.000000,23468.95,Time Exit,2911.000000000058
rsi_oversold,BUY,2026-04-01 13:08:00.000000,23398.0,23400,ce,9.0,0.4362,-0.4861,0.0101,0.176,0.10838524607713017,,CLOSED,2026-04-01 13:14:00.000000,23454.11,Time Exit,2805.500000000029
rsi_oversold,BUY,2026-04-01 13:09:00.000000,23377.19,23400,ce,9.0,0.4362,-0.4861,0.0101,0.176,0.11694864945090823,,CLOSED,2026-04-01 13:15:00.000000,23417.5,Time Exit,2015.5000000000655
rsi_oversold,BUY,2026-04-01 14:03:00.000000,23575.81,23600,ce,17.23,0.4768,-0.5425,0.011,0.1727,0.2149571325276246,,CLOSED,2026-04-01 14:09:00.000000,23553.51,Time Exit,-1115.0000000001455
rsi_oversold,BUY,2026-04-01 14:04:00.000000,23542.0,23550,ce,5.0,0.5088,-0.5384,0.0091,0.2329,0.33862433862434027,,CLOSED,2026-04-01 14:10:00.000000,23571.54,Time Exit,1477.0000000000437
rsi_oversold,BUY,2026-04-01 14:05:00.000000,23527.2,23550,ce,5.0,0.5088,-0.5384,0.0091,0.2329,0.3671729283240069,,CLOSED,2026-04-01 14:11:00.000000,23595.73,Time Exit,3426.499999999942
rsi_oversold,BUY,2026-04-01 14:06:00.000000,23522.6,23500,ce,5.0,0.4449,-0.5647,0.0115,0.2303,0.3557465710458961,,CLOSED,2026-04-01 14:12:00.000000,23601.69,Time Exit,3954.5000000000073
rsi_oversold,BUY,2026-04-01 14:07:00.000000,23522.5,23500,ce,5.0,0.4449,-0.5647,0.0115,0.2303,0.39800712478703415,,CLOSED,2026-04-01 14:13:00.000000,23605.73,Time Exit,4161.499999999978
rsi_oversold,BUY,2026-04-01 14:08:00.000000,23518.86,23500,ce,5.0,0.4449,-0.5647,0.0115,0.2303,0.3810054679619938,,CLOSED,2026-04-01 14:14:00.000000,23609.59,Time Exit,4536.499999999978
rsi_oversold,BUY,2026-04-02 09:15:00.000000,22764.87,22750,ce,10.0,0.5455,-0.5909,0.0092,0.1822,0.8394336689228903,,CLOSED,2026-04-02 09:21:00.000000,22810.6,Time Exit,2286.499999999978
rsi_oversold,BUY,2026-04-02 09:16:00.000000,22768.05,22750,ce,10.0,0.5455,-0.5909,0.0092,0.1822,0.8550072282040536,,CLOSED,2026-04-02 09:22:00.000000,22815.42,Time Exit,2368.499999999949
rsi_oversold,BUY,2026-04-02 09:17:00.000000,22783.75,22800,ce,10.0,0.4956,-0.5223,0.0096,0.2148,0.818854463825302,,CLOSED,2026-04-02 09:23:00.000000,22859.52,Time Exit,3788.500000000022
rsi_oversold,BUY,2026-04-02 09:18:00.000000,22791.6,22800,ce,10.0,0.4956,-0.5223,0.0096,0.2148,0.8357209443905447,,CLOSED,2026-04-02 09:24:00.000000,22866.54,Time Exit,3747.0000000001164
rsi_oversold,BUY,2026-04-02 09:19:00.000000,22798.9,22800,ce,10.0,0.4956,-0.5223,0.0096,0.2148,0.8626260300649482,,CLOSED,2026-04-02 09:25:00.000000,22852.45,Time Exit,2677.4999999999636
rsi_oversold,BUY,2026-04-02 09:20:00.000000,22806.26,22800,ce,10.0,0.4956,-0.5223,0.0096,0.2148,0.8440884335036302,,CLOSED,2026-04-02 09:26:00.000000,22868.45,Time Exit,3109.5000000001164
rsi_oversold,BUY,2026-04-02 09:21:00.000000,22810.6,22800,ce,10.0,0.4956,-0.5223,0.0096,0.2148,0.8307770810641169,,CLOSED,2026-04-02 09:27:00.000000,22878.16,Time Exit,3378.0000000000655
rsi_oversold,BUY,2026-04-02 09:22:00.000000,22815.42,22800,ce,10.0,0.4956,-0.5223,0.0096,0.2148,0.8147841407038304,,CLOSED,2026-04-02 09:28:00.000000,22875.5,Time Exit,3004.0000000000873
rsi_oversold,BUY,2026-04-02 09:23:00.000000,22859.52,22850,ce,5.0,0.46,-0.5721,0.0106,0.1963,0.7540216984661455,,CLOSED,2026-04-02 09:29:00.000000,22902.17,Time Exit,2132.499999999891
rsi_oversold,BUY,2026-04-02 09:24:00.000000,22866.54,22850,ce,5.0,0.46,-0.5721,0.0106,0.1963,0.736850521944297,,CLOSED,2026-04-02 09:30:00.000000,22904.19,Time Exit,1882.4999999998909
rsi_oversold,BUY,2026-04-02 09:25:00.000000,22852.45,22850,ce,5.0,0.46,-0.5721,0.0106,0.1963,0.7500775739273399,,CLOSED,2026-04-02 09:31:00.000000,22868.16,Time Exit,785.4999999999563
rsi_oversold,BUY,2026-04-02 09:26:00.000000,22868.45,22850,ce,5.0,0.46,-0.5721,0.0106,0.1963,0.7100223568865076,,CLOSED,2026-04-02 09:32:00.000000,22886.34,Time Exit,894.4999999999709
rsi_oversold,BUY,2026-04-02 09:27:00.000000,22878.16,22900,ce,5.0,0.5013,-0.4595,0.0096,0.2126,0.6898126164298479,,CLOSED,2026-04-02 09:33:00.000000,22883.67,Time Exit,275.49999999991996
rsi_oversold,BUY,2026-04-02 09:28:00.000000,22875.5,22900,ce,5.0,0.5013,-0.4595,0.0096,0.2126,0.6832619690572433,,CLOSED,2026-04-02 09:34:00.000000,22901.42,Time Exit,1295.9999999999127
rsi_oversold,BUY,2026-04-03 09:15:00.000000,22584.35,22600,ce,10.0,0.5529,-0.5208,0.0093,0.2046,0.8445029640371364,,CLOSED,2026-04-03 09:21:00.000000,22679.29,Time Exit,4747.000000000116
rsi_oversold,BUY,2026-04-03 09:16:00.000000,22607.27,22600,ce,10.0,0.5529,-0.5208,0.0093,0.2046,0.8122998736817308,,CLOSED,2026-04-03 09:22:00.000000,22688.53,Time Exit,4062.99999999992
rsi_oversold,BUY,2026-04-03 09:17:00.000000,22639.41,22650,ce,10.0,0.5085,-0.5558,0.0101,0.1945,0.7666008484853744,,CLOSED,2026-04-03 09:23:00.000000,22700.26,Time Exit,3042.4999999999272
rsi_oversold,BUY,2026-04-03 09:18:00.000000,22618.67,22600,ce,10.0,0.5529,-0.5208,0.0093,0.2046,0.7935828300101567,,CLOSED,2026-04-03 09:24:00.000000,22708.03,Time Exit,4468.000000000029
rsi_oversold,BUY,2026-04-03 09:19:00.000000,22617.04,22600,ce,10.0,0.5529,-0.5208,0.0093,0.2046,0.8291402944261743,,CLOSED,2026-04-03 09:25:00.000000,22678.23,Time Exit,3059.4999999999345
rsi_oversold,BUY,2026-04-03 09:20:00.000000,22641.88,22650,ce,10.0,0.5085,-0.5558,0.0101,0.1945,0.8207896364803844,,CLOSED,2026-04-03 09:26:00.000000,22669.63,Time Exit,1387.5
rsi_oversold,BUY,2026-04-03 09:21:00.000000,22679.29,22700,ce,18.05,0.5321,-0.4435,0.009,0.2125,0.7690661357375806,,CLOSED,2026-04-03 09:27:00.000000,22674.62,Time Exit,-233.5000000000946
rsi_oversold,BUY,2026-04-03 09:22:00.000000,22688.53,22700,ce,18.05,0.5321,-0.4435,0.009,0.2125,0.7564952413962421,,CLOSED,2026-04-03 09:28:00.000000,22689.54,Time Exit,50.50000000010186
rsi_oversold,BUY,2026-04-03 09:23:00.000000,22700.26,22700,ce,18.05,0.5321,-0.4435,0.009,0.2125,0.7739020058063962,,CLOSED,2026-04-03 09:29:00.000000,22680.35,Time Exit,-995.4999999999927
rsi_oversold,BUY,2026-04-03 09:24:00.000000,22708.03,22700,ce,18.05,0.5321,-0.4435,0.009,0.2125,0.769413832559637,,CLOSED,2026-04-03 09:30:00.000000,22651.51,Time Exit,-2826.000000000022
rsi_oversold,BUY,2026-04-03 09:25:00.000000,22678.23,22700,ce,18.05,0.5321,-0.4435,0.009,0.2125,0.7749684053061903,,CLOSED,2026-04-03 09:31:00.000000,22655.41,Time Exit,-1140.9999999999854
rsi_oversold,BUY,2026-04-03 09:26:00.000000,22669.63,22650,ce,10.0,0.5085,-0.5558,0.0101,0.1945,0.7752842750503309,,CLOSED,2026-04-03 09:32:00.000000,22653.87,Time Exit,-788.0000000001019
rsi_oversold,BUY,2026-04-03 09:27:00.000000,22674.62,22650,ce,10.0,0.5085,-0.5558,0.0101,0.1945,0.7810461732536325,,CLOSED,2026-04-03 09:33:00.000000,22636.75,Time Exit,-1893.499999999949
rsi_oversold,BUY,2026-04-03 09:28:00.000000,22689.54,22700,ce,18.05,0.5321,-0.4435,0.009,0.2125,0.7634401245232036,,CLOSED,2026-04-03 09:34:00.000000,22619.84,Time Exit,-3485.0000000000364
rsi_oversold,BUY,2026-04-03 09:35:00.000000,22606.37,22600,ce,10.0,0.5529,-0.5208,0.0093,0.2046,0.01602816162979555,,CLOSED,2026-04-03 09:41:00.000000,22686.9,Time Exit,4026.5000000001237
rsi_oversold,BUY,2026-04-03 10:07:00.000000,22626.47,22650,ce,10.0,0.5085,-0.5558,0.0101,0.1945,0.17067521824328888,,CLOSED,2026-04-03 10:13:00.000000,22698.94,Time Exit,3623.4999999998763
rsi_oversold,BUY,2026-04-03 10:08:00.000000,22597.83,22600,ce,10.0,0.5529,-0.5208,0.0093,0.2046,0.37901334256157876,,CLOSED,2026-04-03 10:14:00.000000,22701.32,Time Exit,5174.499999999898
rsi_oversold,BUY,2026-04-06 09:15:00.000000,22928.02,22950,ce,5.0,0.4707,-0.5054,0.0093,0.2014,0.8303145325158766,,CLOSED,2026-04-06 09:21:00.000000,22963.28,Time Exit,1762.99999999992
rsi_oversold,BUY,2026-04-06 09:16:00.000000,22942.89,22950,ce,5.0,0.4707,-0.5054,0.0093,0.2014,0.8832590827308806,,CLOSED,2026-04-06 09:22:00.000000,22983.46,Time Exit,2028.4999999999854
rsi_oversold,BUY,2026-04-06 09:17:00.000000,22961.54,22950,ce,5.0,0.4707,-0.5054,0.0093,0.2014,0.8565285264056997,,CLOSED,2026-04-06 09:23:00.000000,23023.27,Time Exit,3086.499999999978
rsi_oversold,BUY,2026-04-06 09:18:00.000000,22973.01,22950,ce,5.0,0.4707,-0.5054,0.0093,0.2014,0.8710113602909109,,CLOSED,2026-04-06 09:24:00.000000,22998.96,Time Exit,1297.5000000000364
rsi_oversold,BUY,2026-04-06 09:19:00.000000,22944.07,22950,ce,5.0,0.4707,-0.5054,0.0093,0.2014,0.877811133933749,,CLOSED,2026-04-06 09:25:00.000000,22990.94,Time Exit,2343.499999999949
rsi_oversold,BUY,2026-04-06 09:20:00.000000,22973.95,22950,ce,5.0,0.4707,-0.5054,0.0093,0.2014,0.8346630275036768,,CLOSED,2026-04-06 09:26:00.000000,22996.71,Time Exit,1137.99999999992
rsi_oversold,BUY,2026-04-06 09:21:00.000000,22963.28,22950,ce,5.0,0.4707,-0.5054,0.0093,0.2014,0.8339738662567285,,CLOSED,2026-04-06 09:27:00.000000,22995.99,Time Exit,1635.5000000001382
rsi_oversold,BUY,2026-04-06 09:22:00.000000,22983.46,23000,ce,5.0,0.4732,-0.5163,0.0096,0.2091,0.8265763397134833,,CLOSED,2026-04-06 09:28:00.000000,23013.85,Time Exit,1519.499999999971
rsi_oversold,BUY,2026-04-06 09:23:00.000000,23023.27,23000,ce,5.0,0.4732,-0.5163,0.0096,0.2091,0.7700869388672605,,CLOSED,2026-04-06 09:29:00.000000,23036.66,Time Exit,669.4999999999709
rsi_oversold,BUY,2026-04-06 09:24:00.000000,22998.96,23000,ce,5.0,0.4732,-0.5163,0.0096,0.2091,0.7762414190437629,,CLOSED,2026-04-06 09:30:00.000000,23023.31,Time Exit,1217.5000000001091
rsi_oversold,BUY,2026-04-06 09:25:00.000000,22990.94,23000,ce,5.0,0.4732,-0.5163,0.0096,0.2091,0.7763224036652479,,CLOSED,2026-04-06 09:31:00.000000,23010.44,Time Exit,975.0
rsi_oversold,BUY,2026-04-06 09:26:00.000000,22996.71,23000,ce,5.0,0.4732,-0.5163,0.0096,0.2091,0.7919833251777969,,CLOSED,2026-04-06 09:32:00.000000,22995.06,Time Exit,-82.49999999989086
rsi_oversold,BUY,2026-04-06 09:27:00.000000,22995.99,23000,ce,5.0,0.4732,-0.5163,0.0096,0.2091,0.7905365728870507,,CLOSED,2026-04-06 09:33:00.000000,22981.47,Time Exit,-726.0000000000218
rsi_oversold,BUY,2026-04-06 09:28:00.000000,23013.85,23000,ce,5.0,0.4732,-0.5163,0.0096,0.2091,0.7710707630974591,,CLOSED,2026-04-06 09:34:00.000000,22981.74,Time Exit,-1605.4999999998472
rsi_oversold,BUY,2026-04-06 11:46:00.000000,23471.13,23450,ce,6.26,0.5093,-0.4908,0.0115,0.1963,0.044960128408686253,,CLOSED,2026-04-06 11:52:00.000000,23429.78,Time Exit,-2067.500000000109
rsi_oversold,BUY,2026-04-06 11:47:00.000000,23469.25,23450,ce,6.26,0.5093,-0.4908,0.0115,0.1963,0.08263161497910877,,CLOSED,2026-04-06 11:53:00.000000,23397.02,Time Exit,-3611.499999999978
rsi_oversold,BUY,2026-04-06 11:48:00.000000,23461.62,23450,ce,6.26,0.5093,-0.4908,0.0115,0.1963,0.09232540811486227,,CLOSED,2026-04-06 11:54:00.000000,23443.68,Time Exit,-896.9999999999345
rsi_oversold,BUY,2026-04-06 11:50:00.000000,23436.94,23450,ce,6.26,0.5093,-0.4908,0.0115,0.1963,0.10041318343422413,,CLOSED,2026-04-06 11:56:00.000000,23427.06,Time Exit,-493.99999999986903
rsi_oversold,BUY,2026-04-06 11:51:00.000000,23423.52,23400,ce,9.0,0.4362,-0.4861,0.0101,0.176,0.060888755140918724,,CLOSED,2026-04-06 11:57:00.000000,23447.87,Time Exit,1217.4999999999272
rsi_oversold,BUY,2026-04-06 11:53:00.000000,23397.02,23400,ce,9.0,0.4362,-0.4861,0.0101,0.176,0.364910413340435,,CLOSED,2026-04-06 11:59:00.000000,23470.92,Time Exit,3694.999999999891
rsi_overbought,SELL,2026-03-27 09:29:07.140822,23254.81,23250,pe,10.0,-0.4141,-0.4268,0.009,0.2097,0.5036124794745557,,CLOSED,2026-03-27 09:35:07.140822,23292.91,Time Exit,-1904.9999999999272
rsi_overbought,SELL,2026-03-27 09:30:07.140822,23280.17,23300,pe,10.0,-0.5043,-0.4737,0.0106,0.1986,0.5206380920666684,,CLOSED,2026-03-27 09:36:07.140822,23287.85,Time Exit,-384.00000000001455
rsi_overbought,SELL,2026-03-27 09:31:07.140822,23308.38,23300,pe,10.0,-0.5043,-0.4737,0.0106,0.1986,0.5361291411560771,,CLOSED,2026-03-27 09:37:07.140822,23304.67,Time Exit,185.50000000013824
rsi_overbought,SELL,2026-03-27 09:32:07.140822,23329.48,23350,pe,14.68,-0.5691,-0.5012,0.0099,0.1943,0.6114224259919709,,CLOSED,2026-03-27 09:38:07.140822,23332.03,Time Exit,-127.49999999996362
rsi_overbought,SELL,2026-03-27 09:33:07.140822,23298.62,23300,pe,10.0,-0.5043,-0.4737,0.0106,0.1986,0.23782639378969322,,CLOSED,2026-03-27 09:39:07.140822,23338.09,Time Exit,-1973.5000000000582
rsi_overbought,SELL,2026-03-27 09:35:07.140822,23292.91,23300,pe,10.0,-0.5043,-0.4737,0.0106,0.1986,0.004286054448758137,,CLOSED,2026-03-27 09:41:07.140822,23395.77,Time Exit,-5143.000000000029
rsi_overbought,SELL,2026-03-27 09:37:07.140822,23304.67,23300,pe,10.0,-0.5043,-0.4737,0.0106,0.1986,0.11165509584386465,,CLOSED,2026-03-27 09:43:07.140822,23444.58,Time Exit,-6995.500000000175
rsi_overbought,SELL,2026-03-27 09:38:07.140822,23332.03,23350,pe,14.68,-0.5691,-0.5012,0.0099,0.1943,0.19043787790130484,,CLOSED,2026-03-27 09:44:07.140822,23444.65,Time Exit,-5631.000000000131
rsi_overbought,SELL,2026-03-27 09:39:07.140822,23338.09,23350,pe,14.68,-0.5691,-0.5012,0.0099,0.1943,0.10236135328386667,,CLOSED,2026-03-27 09:45:07.140822,23428.86,Time Exit,-4538.500000000022
rsi_overbought,SELL,2026-03-27 09:40:07.140822,23370.34,23350,pe,14.68,-0.5691,-0.5012,0.0099,0.1943,0.21155712078197883,,CLOSED,2026-03-27 09:46:07.140822,23434.89,Time Exit,-3227.4999999999636
rsi_overbought,SELL,2026-03-27 09:41:07.140822,23395.77,23400,pe,18.67,-0.5113,-0.5347,0.0101,0.176,0.2374530793827399,,CLOSED,2026-03-27 09:47:07.140822,23449.73,Time Exit,-2697.9999999999563
rsi_overbought,SELL,2026-03-27 09:42:07.140822,23426.7,23450,pe,12.11,-0.5202,-0.4949,0.0115,0.1963,0.40942276607976047,,CLOSED,2026-03-27 09:48:07.140822,23446.89,Time Exit,-1009.4999999999345
rsi_overbought,SELL,2026-03-27 09:43:07.140822,23444.58,23450,pe,12.11,-0.5202,-0.4949,0.0115,0.1963,0.392376806741432,,CLOSED,2026-03-27 09:49:07.140822,23449.98,Time Exit,-269.99999999989086
rsi_overbought,SELL,2026-03-27 09:44:07.140822,23444.65,23450,pe,12.11,-0.5202,-0.4949,0.0115,0.1963,0.3361623256267587,,CLOSED,2026-03-27 09:50:07.140822,23475.12,Time Exit,-1523.4999999998763
rsi_overbought,SELL,2026-03-27 09:45:07.140822,23428.86,23450,pe,12.11,-0.5202,-0.4949,0.0115,0.1963,0.10285889476505995,,CLOSED,2026-03-27 09:51:07.140822,23503.27,Time Exit,-3720.4999999999927
rsi_overbought,SELL,2026-03-27 09:46:07.140822,23434.89,23450,pe,12.11,-0.5202,-0.4949,0.0115,0.1963,0.04787082604626581,,CLOSED,2026-03-27 09:52:07.140822,23521.03,Time Exit,-4306.999999999971
rsi_overbought,SELL,2026-03-27 09:47:07.140822,23449.73,23450,pe,12.11,-0.5202,-0.4949,0.0115,0.1963,0.4290479298092725,,CLOSED,2026-03-27 09:53:07.140822,23527.92,Time Exit,-3909.4999999999345
rsi_overbought,SELL,2026-03-27 09:48:07.140822,23446.89,23450,pe,12.11,-0.5202,-0.4949,0.0115,0.1963,0.6312897853729638,,CLOSED,2026-03-27 09:54:07.140822,23561.75,Time Exit,-5743.000000000029
rsi_overbought,SELL,2026-03-27 09:49:07.140822,23449.98,23450,pe,12.11,-0.5202,-0.4949,0.0115,0.1963,0.6137604956386757,,CLOSED,2026-03-27 09:55:07.140822,23574.01,Time Exit,-6201.499999999942
rsi_overbought,SELL,2026-03-27 09:50:07.140822,23475.12,23500,pe,25.12,-0.4779,-0.4749,0.0115,0.2303,0.7234222598316364,,CLOSED,2026-03-27 09:56:07.140822,23574.21,Time Exit,-4954.500000000007
rsi_overbought,SELL,2026-03-27 09:51:07.140822,23503.27,23500,pe,25.12,-0.4779,-0.4749,0.0115,0.2303,0.7367082167387338,,CLOSED,2026-03-27 09:57:07.140822,23603.76,Time Exit,-5024.499999999898
rsi_overbought,SELL,2026-03-27 09:52:07.140822,23521.03,23500,pe,25.12,-0.4779,-0.4749,0.0115,0.2303,0.7255369928400829,,CLOSED,2026-03-27 09:58:07.140822,23593.6,Time Exit,-3628.4999999999854
rsi_overbought,SELL,2026-03-27 09:53:07.140822,23527.92,23550,pe,10.0,-0.4594,-0.3765,0.0091,0.2329,0.7265401382711555,,CLOSED,2026-03-27 09:59:07.140822,23585.8,Time Exit,-2894.000000000051
rsi_overbought,SELL,2026-03-27 09:54:07.140822,23561.75,23550,pe,10.0,-0.4594,-0.3765,0.0091,0.2329,0.7284296147286355,,CLOSED,2026-03-27 10:00:07.140822,23590.39,Time Exit,-1431.999999999971
rsi_overbought,SELL,2026-03-27 09:55:07.140822,23574.01,23550,pe,10.0,-0.4594,-0.3765,0.0091,0.2329,0.7118329466357153,,CLOSED,2026-03-27 10:01:07.140822,23553.84,Time Exit,1008.4999999999127
rsi_overbought,SELL,2026-03-27 09:56:07.140822,23574.21,23550,pe,10.0,-0.4594,-0.3765,0.0091,0.2329,0.6639064783243858,,CLOSED,2026-03-27 10:02:07.140822,23558.59,Time Exit,780.9999999999491
rsi_overbought,SELL,2026-03-27 09:57:07.140822,23603.76,23600,pe,19.34,-0.5095,-0.5284,0.011,0.1727,0.6838729383017522,,CLOSED,2026-03-27 10:03:07.140822,23571.63,Time Exit,1606.499999999869
rsi_overbought,SELL,2026-03-27 09:58:07.140822,23593.6,23600,pe,19.34,-0.5095,-0.5284,0.011,0.1727,0.5353378847302082,,CLOSED,2026-03-27 10:04:07.140822,23568.71,Time Exit,1244.499999999971
rsi_overbought,SELL,2026-03-27 09:59:07.140822,23585.8,23600,pe,19.34,-0.5095,-0.5284,0.011,0.1727,0.6507840569490687,,CLOSED,2026-03-27 10:05:07.140822,23574.91,Time Exit,544.4999999999709
rsi_overbought,SELL,2026-03-27 10:00:07.140822,23590.39,23600,pe,19.34,-0.5095,-0.5284,0.011,0.1727,0.6482327075934478,,CLOSED,2026-03-27 10:06:07.140822,23605.93,Time Exit,-777.0000000000437
rsi_overbought,SELL,2026-03-27 10:01:07.140822,23553.84,23550,pe,10.0,-0.4594,-0.3765,0.0091,0.2329,0.12633487195894208,,CLOSED,2026-03-27 10:07:07.140822,23603.89,Time Exit,-2502.4999999999636
rsi_overbought,SELL,2026-03-27 10:02:07.140822,23558.59,23550,pe,10.0,-0.4594,-0.3765,0.0091,0.2329,0.1767850670532951,,CLOSED,2026-03-27 10:08:07.140822,23635.32,Time Exit,-3836.499999999978
rsi_overbought,SELL,2026-03-27 10:03:07.140822,23571.63,23550,pe,10.0,-0.4594,-0.3765,0.0091,0.2329,0.21229462001995927,,CLOSED,2026-03-27 10:09:07.140822,23614.11,Time Exit,-2123.999999999978
rsi_overbought,SELL,2026-03-27 10:04:07.140822,23568.71,23550,pe,10.0,-0.4594,-0.3765,0.0091,0.2329,0.0816342848005102,,CLOSED,2026-03-27 10:10:07.140822,23617.5,Time Exit,-2439.5000000000437
rsi_overbought,SELL,2026-03-27 10:06:07.140822,23605.93,23600,pe,19.34,-0.5095,-0.5284,0.011,0.1727,0.041683353357367045,,CLOSED,2026-03-27 10:12:07.140822,23639.22,Time Exit,-1664.5000000000437
rsi_overbought,SELL,2026-03-27 10:35:07.140822,23762.42,23750,pe,28.54,-0.5996,-0.5608,0.0112,0.2151,0.009212565765060769,,CLOSED,2026-03-27 10:41:07.140822,23832.17,Time Exit,-3487.5
rsi_overbought,SELL,2026-03-27 10:36:07.140822,23786.74,23800,pe,28.31,-0.494,-0.4574,0.0108,0.2369,0.3769141768189172,,CLOSED,2026-03-27 10:42:07.140822,23823.82,Time Exit,-1853.9999999999054
rsi_overbought,SELL,2026-03-27 10:37:07.140822,23786.98,23800,pe,28.31,-0.494,-0.4574,0.0108,0.2369,0.547365251430341,,CLOSED,2026-03-27 10:43:07.140822,23845.31,Time Exit,-2916.5000000000873
rsi_overbought,SELL,2026-03-27 10:38:07.140822,23780.08,23800,pe,28.31,-0.494,-0.4574,0.0108,0.2369,0.39067658461082144,,CLOSED,2026-03-27 10:44:07.140822,23836.47,Time Exit,-2819.499999999971
rsi_overbought,SELL,2026-03-27 10:39:07.140822,23786.98,23800,pe,28.31,-0.494,-0.4574,0.0108,0.2369,0.4061256642367634,,CLOSED,2026-03-27 10:45:07.140822,23862.97,Time Exit,-3799.50000000008
rsi_overbought,SELL,2026-03-27 10:40:07.140822,23808.36,23800,pe,28.31,-0.494,-0.4574,0.0108,0.2369,0.43216779645877634,,CLOSED,2026-03-27 10:46:07.140822,23870.09,Time Exit,-3086.499999999978
rsi_overbought,SELL,2026-03-27 10:41:07.140822,23832.17,23800,pe,28.31,-0.494,-0.4574,0.0108,0.2369,0.7156914961069797,,CLOSED,2026-03-27 10:47:07.140822,23857.82,Time Exit,-1282.5000000000728
rsi_overbought,SELL,2026-03-27 10:42:07.140822,23823.82,23800,pe,28.31,-0.494,-0.4574,0.0108,0.2369,0.5979196884760294,,CLOSED,2026-03-27 10:48:07.140822,23870.52,Time Exit,-2335.0000000000364
rsi_overbought,SELL,2026-03-27 10:43:07.140822,23845.31,23800,pe,28.31,-0.494,-0.4574,0.0108,0.2369,0.6261057645572757,,CLOSED,2026-03-27 10:49:07.140822,23859.45,Time Exit,-706.9999999999709
rsi_overbought,SELL,2026-03-27 10:44:07.140822,23836.47,23800,pe,28.31,-0.494,-0.4574,0.0108,0.2369,0.45629495415369425,,CLOSED,2026-03-27 10:50:07.140822,23859.7,Time Exit,-1161.4999999999782
rsi_overbought,SELL,2026-03-27 10:45:07.140822,23862.97,23800,pe,28.31,-0.494,-0.4574,0.0108,0.2369,0.47740616135635133,,CLOSED,2026-03-27 10:51:07.140822,23854.51,Time Exit,423.00000000013824
rsi_overbought,SELL,2026-03-27 10:46:07.140822,23870.09,23800,pe,28.31,-0.494,-0.4574,0.0108,0.2369,0.459101461149866,,CLOSED,2026-03-27 10:52:07.140822,23839.96,Time Exit,1506.500000000051
rsi_overbought,SELL,2026-03-27 10:47:07.140822,23857.82,23800,pe,28.31,-0.494,-0.4574,0.0108,0.2369,0.19464754187434608,,CLOSED,2026-03-27 10:53:07.140822,23842.37,Time Exit,772.5000000000364
rsi_overbought,SELL,2026-03-27 10:48:07.140822,23870.52,23800,pe,28.31,-0.494,-0.4574,0.0108,0.2369,0.4280590816856493,,CLOSED,2026-03-27 10:54:07.140822,23866.18,Time Exit,217.00000000000728
rsi_overbought,SELL,2026-03-27 10:49:07.140822,23859.45,23800,pe,28.31,-0.494,-0.4574,0.0108,0.2369,0.17609046849761684,,CLOSED,2026-03-27 10:55:07.140822,23850.85,Time Exit,430.00000000010914
rsi_overbought,SELL,2026-03-27 10:50:07.140822,23859.7,23800,pe,28.31,-0.494,-0.4574,0.0108,0.2369,0.05791919914196152,,CLOSED,2026-03-27 10:56:07.140822,23839.07,Time Exit,1031.500000000051
rsi_overbought,SELL,2026-03-30 09:33:00.000000,23170.13,23150,pe,10.0,-0.4496,-0.5116,0.0107,0.2237,0.0640556025171378,,CLOSED,2026-03-30 09:39:00.000000,23201.55,Time Exit,-1570.9999999999127
rsi_overbought,SELL,2026-03-30 09:37:00.000000,23185.25,23200,pe,10.0,-0.5073,-0.5043,0.0093,0.1853,0.15642730996131224,,CLOSED,2026-03-30 09:43:00.000000,23237.24,Time Exit,-2599.50000000008
rsi_overbought,SELL,2026-03-30 09:38:00.000000,23209.79,23200,pe,10.0,-0.5073,-0.5043,0.0093,0.1853,0.14651763990270297,,CLOSED,2026-03-30 09:44:00.000000,23227.4,Time Exit,-880.5000000000291
rsi_overbought,SELL,2026-03-30 09:39:00.000000,23201.55,23200,pe,10.0,-0.5073,-0.5043,0.0093,0.1853,0.007656395891680745,,CLOSED,2026-03-30 09:45:00.000000,23246.91,Time Exit,-2268.000000000029
rsi_overbought,SELL,2026-03-30 09:41:00.000000,23180.02,23200,pe,10.0,-0.5073,-0.5043,0.0093,0.1853,0.008813147252054895,,CLOSED,2026-03-30 09:47:00.000000,23235.46,Time Exit,-2771.9999999999345
rsi_overbought,SELL,2026-03-30 09:42:00.000000,23204.36,23200,pe,10.0,-0.5073,-0.5043,0.0093,0.1853,0.13873654275849817,,CLOSED,2026-03-30 09:48:00.000000,23270.31,Time Exit,-3297.5000000000364
rsi_overbought,SELL,2026-03-30 09:43:00.000000,23237.24,23250,pe,10.0,-0.4141,-0.4268,0.009,0.2097,0.29517590844941943,,CLOSED,2026-03-30 09:49:00.000000,23264.72,Time Exit,-1373.9999999999782
rsi_overbought,SELL,2026-03-30 09:44:00.000000,23227.4,23250,pe,10.0,-0.4141,-0.4268,0.009,0.2097,0.2576389936474702,,CLOSED,2026-03-30 09:50:00.000000,23288.1,Time Exit,-3034.9999999998545
rsi_overbought,SELL,2026-03-30 09:45:00.000000,23246.91,23250,pe,10.0,-0.4141,-0.4268,0.009,0.2097,0.2803288810893676,,CLOSED,2026-03-30 09:51:00.000000,23285.02,Time Exit,-1905.500000000029
rsi_overbought,SELL,2026-03-30 09:46:00.000000,23242.97,23250,pe,10.0,-0.4141,-0.4268,0.009,0.2097,0.19318143798726622,,CLOSED,2026-03-30 09:52:00.000000,23290.84,Time Exit,-2393.499999999949
rsi_overbought,SELL,2026-03-30 09:48:00.000000,23270.31,23250,pe,10.0,-0.4141,-0.4268,0.009,0.2097,0.11637418557095126,,CLOSED,2026-03-30 09:54:00.000000,23301.16,Time Exit,-1542.4999999999272
rsi_overbought,SELL,2026-03-30 09:49:00.000000,23264.72,23250,pe,10.0,-0.4141,-0.4268,0.009,0.2097,0.03891056681243062,,CLOSED,2026-03-30 09:55:00.000000,23310.46,Time Exit,-2286.999999999898
rsi_overbought,SELL,2026-03-30 09:50:00.000000,23288.1,23300,pe,10.0,-0.5043,-0.4737,0.0106,0.1986,0.18398801549916471,,CLOSED,2026-03-30 09:56:00.000000,23297.94,Time Exit,-492.0000000000073
rsi_overbought,SELL,2026-03-30 09:51:00.000000,23285.02,23300,pe,10.0,-0.5043,-0.4737,0.0106,0.1986,0.09182137481184612,,CLOSED,2026-03-30 09:57:00.000000,23310.18,Time Exit,-1257.9999999999927
rsi_overbought,SELL,2026-03-30 09:52:00.000000,23290.84,23300,pe,10.0,-0.5043,-0.4737,0.0106,0.1986,0.00703206822602264,,CLOSED,2026-03-30 09:58:00.000000,23312.42,Time Exit,-1078.9999999999054
rsi_overbought,SELL,2026-03-30 09:53:00.000000,23303.87,23300,pe,10.0,-0.5043,-0.4737,0.0106,0.1986,0.16398766033448547,,CLOSED,2026-03-30 09:59:00.000000,23321.51,Time Exit,-881.9999999999709
rsi_overbought,SELL,2026-03-30 09:54:00.000000,23301.16,23300,pe,10.0,-0.5043,-0.4737,0.0106,0.1986,0.2056653295696563,,CLOSED,2026-03-30 10:00:00.000000,23347.24,Time Exit,-2304.0000000000873
rsi_overbought,SELL,2026-03-30 09:55:00.000000,23310.46,23300,pe,10.0,-0.5043,-0.4737,0.0106,0.1986,0.4437634079068502,,CLOSED,2026-03-30 10:01:00.000000,23339.2,Time Exit,-1437.00000000008
rsi_overbought,SELL,2026-03-30 09:56:00.000000,23297.94,23300,pe,10.0,-0.5043,-0.4737,0.0106,0.1986,0.18116257157353413,,CLOSED,2026-03-30 10:02:00.000000,23362.38,Time Exit,-3222.0000000001164
rsi_overbought,SELL,2026-03-30 09:57:00.000000,23310.18,23300,pe,10.0,-0.5043,-0.4737,0.0106,0.1986,0.07767981059678798,,CLOSED,2026-03-30 10:03:00.000000,23372.39,Time Exit,-3110.4999999999563
rsi_overbought,SELL,2026-03-30 09:58:00.000000,23312.42,23300,pe,10.0,-0.5043,-0.4737,0.0106,0.1986,0.2432999400633629,,CLOSED,2026-03-30 10:04:00.000000,23402.43,Time Exit,-4500.500000000102
rsi_overbought,SELL,2026-03-30 09:59:00.000000,23321.51,23300,pe,10.0,-0.5043,-0.4737,0.0106,0.1986,0.18903418215187884,,CLOSED,2026-03-30 10:05:00.000000,23412.88,Time Exit,-4568.500000000131
rsi_overbought,SELL,2026-03-30 10:00:00.000000,23347.24,23350,pe,14.68,-0.5691,-0.5012,0.0099,0.1943,0.3733915853731555,,CLOSED,2026-03-30 10:06:00.000000,23456.93,Time Exit,-5484.4999999999345
rsi_overbought,SELL,2026-03-30 10:01:00.000000,23339.2,23350,pe,14.68,-0.5691,-0.5012,0.0099,0.1943,0.36483315435709945,,CLOSED,2026-03-30 10:07:00.000000,23464.66,Time Exit,-6272.999999999956
rsi_overbought,SELL,2026-03-30 10:02:00.000000,23362.38,23350,pe,14.68,-0.5691,-0.5012,0.0099,0.1943,0.31730255423748444,,CLOSED,2026-03-30 10:08:00.000000,23461.55,Time Exit,-4958.499999999913
rsi_overbought,SELL,2026-03-30 10:03:00.000000,23372.39,23350,pe,14.68,-0.5691,-0.5012,0.0099,0.1943,0.45230820394505805,,CLOSED,2026-03-30 10:09:00.000000,23487.49,Time Exit,-5755.000000000109
rsi_overbought,SELL,2026-03-30 10:04:00.000000,23402.43,23400,pe,18.67,-0.5113,-0.5347,0.0101,0.176,0.4741463609331911,,CLOSED,2026-03-30 10:10:00.000000,23491.54,Time Exit,-4455.500000000029
rsi_overbought,SELL,2026-03-30 10:05:00.000000,23412.88,23400,pe,18.67,-0.5113,-0.5347,0.0101,0.176,0.5552370030580993,,CLOSED,2026-03-30 10:11:00.000000,23474.31,Time Exit,-3071.5000000000146
rsi_overbought,SELL,2026-03-30 10:06:00.000000,23456.93,23450,pe,12.11,-0.5202,-0.4949,0.0115,0.1963,0.6352035617426149,,CLOSED,2026-03-30 10:12:00.000000,23460.1,Time Exit,-158.4999999999127
rsi_overbought,SELL,2026-03-30 10:07:00.000000,23464.66,23450,pe,12.11,-0.5202,-0.4949,0.0115,0.1963,0.625878229553526,,CLOSED,2026-03-30 10:13:00.000000,23468.18,Time Exit,-176.00000000002183
rsi_overbought,SELL,2026-03-30 10:08:00.000000,23461.55,23450,pe,12.11,-0.5202,-0.4949,0.0115,0.1963,0.6201800413998697,,CLOSED,2026-03-30 10:14:00.000000,23495.82,Time Exit,-1713.5000000000218
rsi_overbought,SELL,2026-03-30 10:09:00.000000,23487.49,23500,pe,25.12,-0.4779,-0.4749,0.0115,0.2303,0.6483487097205327,,CLOSED,2026-03-30 10:15:00.000000,23518.36,Time Exit,-1543.499999999949
rsi_overbought,SELL,2026-03-30 10:10:00.000000,23491.54,23500,pe,25.12,-0.4779,-0.4749,0.0115,0.2303,0.8278524008028223,,CLOSED,2026-03-30 10:16:00.000000,23538.14,Time Exit,-2329.9999999999272
rsi_overbought,SELL,2026-03-30 10:11:00.000000,23474.31,23450,pe,12.11,-0.5202,-0.4949,0.0115,0.1963,0.5717325365566476,,CLOSED,2026-03-30 10:17:00.000000,23547.4,Time Exit,-3654.5000000000073
rsi_overbought,SELL,2026-03-30 10:12:00.000000,23460.1,23450,pe,12.11,-0.5202,-0.4949,0.0115,0.1963,0.39033467892006163,,CLOSED,2026-03-30 10:18:00.000000,23548.03,Time Exit,-4396.500000000015
rsi_overbought,SELL,2026-03-30 10:13:00.000000,23468.18,23450,pe,12.11,-0.5202,-0.4949,0.0115,0.1963,0.3876788153259715,,CLOSED,2026-03-30 10:19:00.000000,23567.0,Time Exit,-4940.999999999985
rsi_overbought,SELL,2026-03-30 10:14:00.000000,23495.82,23500,pe,25.12,-0.4779,-0.4749,0.0115,0.2303,0.3926819530001888,,CLOSED,2026-03-30 10:20:00.000000,23579.36,Time Exit,-4177.000000000044
rsi_overbought,SELL,2026-03-30 10:15:00.000000,23518.36,23500,pe,25.12,-0.4779,-0.4749,0.0115,0.2303,0.5361046214989377,,CLOSED,2026-03-30 10:21:00.000000,23598.06,Time Exit,-3985.0000000000364
rsi_overbought,SELL,2026-03-30 10:16:00.000000,23538.14,23550,pe,10.0,-0.4594,-0.3765,0.0091,0.2329,0.5296632089084606,,CLOSED,2026-03-30 10:22:00.000000,23627.9,Time Exit,-4488.000000000102
rsi_overbought,SELL,2026-03-30 10:17:00.000000,23547.4,23550,pe,10.0,-0.4594,-0.3765,0.0091,0.2329,0.5282181530184232,,CLOSED,2026-03-30 10:23:00.000000,23636.69,Time Exit,-4464.499999999862
rsi_overbought,SELL,2026-03-30 10:18:00.000000,23548.03,23550,pe,10.0,-0.4594,-0.3765,0.0091,0.2329,0.46359260984315775,,CLOSED,2026-03-30 10:24:00.000000,23653.68,Time Exit,-5282.500000000073
rsi_overbought,SELL,2026-03-30 10:19:00.000000,23567.0,23550,pe,10.0,-0.4594,-0.3765,0.0091,0.2329,0.4840665412298454,,CLOSED,2026-03-30 10:25:00.000000,23624.77,Time Exit,-2888.500000000022
rsi_overbought,SELL,2026-03-30 10:20:00.000000,23579.36,23600,pe,19.34,-0.5095,-0.5284,0.011,0.1727,0.3987016829391076,,CLOSED,2026-03-30 10:26:00.000000,23644.2,Time Exit,-3242.0000000000073
rsi_overbought,SELL,2026-03-30 10:21:00.000000,23598.06,23600,pe,19.34,-0.5095,-0.5284,0.011,0.1727,0.4312757201645818,,CLOSED,2026-03-30 10:27:00.000000,23638.57,Time Exit,-2025.49999999992
rsi_overbought,SELL,2026-03-30 10:22:00.000000,23627.9,23650,pe,23.06,-0.5576,-0.5072,0.0099,0.2216,0.5428172577760128,,CLOSED,2026-03-30 10:28:00.000000,23605.02,Time Exit,1144.000000000051
rsi_overbought,SELL,2026-03-30 10:23:00.000000,23636.69,23650,pe,23.06,-0.5576,-0.5072,0.0099,0.2216,0.505846850245158,,CLOSED,2026-03-30 10:29:00.000000,23576.68,Time Exit,3000.49999999992
rsi_overbought,SELL,2026-03-30 10:24:00.000000,23653.68,23650,pe,23.06,-0.5576,-0.5072,0.0099,0.2216,0.5342636210114396,,CLOSED,2026-03-30 10:30:00.000000,23601.41,Time Exit,2613.500000000022
rsi_overbought,SELL,2026-03-30 10:25:00.000000,23624.77,23600,pe,19.34,-0.5095,-0.5284,0.011,0.1727,0.39276158287562546,,CLOSED,2026-03-30 10:31:00.000000,23606.66,Time Exit,905.5000000000291
rsi_overbought,SELL,2026-03-30 10:26:00.000000,23644.2,23650,pe,23.06,-0.5576,-0.5072,0.0099,0.2216,0.6016589506172891,,CLOSED,2026-03-30 10:32:00.000000,23607.4,Time Exit,1839.9999999999636
rsi_overbought,SELL,2026-03-30 10:27:00.000000,23638.57,23650,pe,23.06,-0.5576,-0.5072,0.0099,0.2216,0.5192160465472265,,CLOSED,2026-03-30 10:33:00.000000,23616.7,Time Exit,1093.499999999949
rsi_overbought,SELL,2026-03-30 10:28:00.000000,23605.02,23600,pe,19.34,-0.5095,-0.5284,0.011,0.1727,0.07504007389898865,,CLOSED,2026-03-30 10:34:00.000000,23616.98,Time Exit,-597.9999999999563
rsi_overbought,SELL,2026-03-30 11:00:00.000000,23583.77,23600,pe,19.34,-0.5095,-0.5284,0.011,0.1727,0.12830644276150782,,CLOSED,2026-03-30 11:06:00.000000,23558.43,Time Exit,1267.0000000000073
rsi_overbought,SELL,2026-03-30 11:01:00.000000,23589.36,23600,pe,19.34,-0.5095,-0.5284,0.011,0.1727,0.15474670072372304,,CLOSED,2026-03-30 11:07:00.000000,23551.68,Time Exit,1884.0000000000146
rsi_overbought,SELL,2026-03-30 11:02:00.000000,23588.66,23600,pe,19.34,-0.5095,-0.5284,0.011,0.1727,0.19593205669154987,,CLOSED,2026-03-30 11:08:00.000000,23552.59,Time Exit,1803.4999999999854
rsi_overbought,SELL,2026-03-30 11:03:00.000000,23597.94,23600,pe,19.34,-0.5095,-0.5284,0.011,0.1727,0.22670329212967413,,CLOSED,2026-03-30 11:09:00.000000,23549.1,Time Exit,2442.0000000000073
rsi_overbought,SELL,2026-03-30 11:04:00.000000,23598.4,23600,pe,19.34,-0.5095,-0.5284,0.011,0.1727,0.1294161746790555,,CLOSED,2026-03-30 11:10:00.000000,23570.9,Time Exit,1375.0
rsi_overbought,SELL,2026-03-30 11:28:00.000000,23640.96,23650,pe,23.06,-0.5576,-0.5072,0.0099,0.2216,0.24682998074754417,,CLOSED,2026-03-30 11:34:00.000000,23703.68,Time Exit,-3136.000000000058
rsi_overbought,SELL,2026-03-30 11:29:00.000000,23670.27,23650,pe,23.06,-0.5576,-0.5072,0.0099,0.2216,0.29508986128589215,,CLOSED,2026-03-30 11:35:00.000000,23672.92,Time Exit,-132.49999999989086
rsi_overbought,SELL,2026-03-30 11:30:00.000000,23694.72,23700,pe,28.11,-0.49,-0.4562,0.0095,0.2271,0.4393379721100719,,CLOSED,2026-03-30 11:36:00.000000,23698.83,Time Exit,-205.5000000000291
rsi_overbought,SELL,2026-03-30 11:31:00.000000,23704.82,23700,pe,28.11,-0.49,-0.4562,0.0095,0.2271,0.411932543436806,,CLOSED,2026-03-30 11:37:00.000000,23727.16,Time Exit,-1117.0000000000073
rsi_overbought,SELL,2026-03-30 11:32:00.000000,23705.98,23700,pe,28.11,-0.49,-0.4562,0.0095,0.2271,0.3993772910627432,,CLOSED,2026-03-30 11:38:00.000000,23722.59,Time Exit,-830.5000000000291
rsi_overbought,SELL,2026-03-30 11:34:00.000000,23703.68,23700,pe,28.11,-0.49,-0.4562,0.0095,0.2271,0.41971287248161104,,CLOSED,2026-03-30 11:40:00.000000,23692.27,Time Exit,570.4999999999927
rsi_overbought,SELL,2026-03-30 11:35:00.000000,23672.92,23650,pe,23.06,-0.5576,-0.5072,0.0099,0.2216,0.04867894975473064,,CLOSED,2026-03-30 11:41:00.000000,23707.31,Time Exit,-1719.5000000001528
rsi_overbought,SELL,2026-03-30 11:36:00.000000,23698.83,23700,pe,28.11,-0.49,-0.4562,0.0095,0.2271,0.13486768123547488,,CLOSED,2026-03-30 11:42:00.000000,23723.09,Time Exit,-1212.99999999992
rsi_overbought,SELL,2026-03-30 11:37:00.000000,23727.16,23750,pe,28.54,-0.5996,-0.5608,0.0112,0.2151,0.1986111111111029,,CLOSED,2026-03-30 11:43:00.000000,23730.83,Time Exit,-183.5000000000946
rsi_overbought,SELL,2026-03-30 11:38:00.000000,23722.59,23700,pe,28.11,-0.49,-0.4562,0.0095,0.2271,0.12049283858820227,,CLOSED,2026-03-30 11:44:00.000000,23763.09,Time Exit,-2025.0
rsi_overbought,SELL,2026-03-30 11:39:00.000000,23726.44,23750,pe,28.54,-0.5996,-0.5608,0.0112,0.2151,0.1318206946845862,,CLOSED,2026-03-30 11:45:00.000000,23752.65,Time Exit,-1310.5000000001382
rsi_overbought,SELL,2026-03-30 11:54:00.000000,23792.9,23800,pe,28.31,-0.494,-0.4574,0.0108,0.2369,0.21805489616851523,,CLOSED,2026-03-30 12:00:00.000000,23767.89,Time Exit,1250.5000000001019
rsi_overbought,SELL,2026-03-30 11:55:00.000000,23792.35,23800,pe,28.31,-0.494,-0.4574,0.0108,0.2369,0.1428680222374022,,CLOSED,2026-03-30 12:01:00.000000,23791.85,Time Exit,25.0
rsi_overbought,SELL,2026-03-30 11:56:00.000000,23805.61,23800,pe,28.31,-0.494,-0.4574,0.0108,0.2369,0.13035079585840967,,CLOSED,2026-03-30 12:02:00.000000,23800.72,Time Exit,244.4999999999709
rsi_overbought,SELL,2026-03-30 11:57:00.000000,23808.48,23800,pe,28.31,-0.494,-0.4574,0.0108,0.2369,0.10509471842879776,,CLOSED,2026-03-30 12:03:00.000000,23808.95,Time Exit,-23.500000000058208
rsi_overbought,SELL,2026-03-30 11:59:00.000000,23818.05,23800,pe,28.31,-0.494,-0.4574,0.0108,0.2369,0.08755420241713191,,CLOSED,2026-03-30 12:05:00.000000,23787.75,Time Exit,1514.9999999999636
rsi_overbought,SELL,2026-03-31 09:29:00.000000,22742.85,22750,pe,7.41,-0.4085,-0.4956,0.0092,0.1822,0.1555533273170596,,CLOSED,2026-03-31 09:35:00.000000,22803.61,Time Exit,-3038.000000000102
rsi_overbought,SELL,2026-03-31 09:30:00.000000,22750.97,22750,pe,7.41,-0.4085,-0.4956,0.0092,0.1822,0.351832854602615,,CLOSED,2026-03-31 09:36:00.000000,22789.3,Time Exit,-1916.4999999999054
rsi_overbought,SELL,2026-03-31 09:31:00.000000,22733.73,22750,pe,7.41,-0.4085,-0.4956,0.0092,0.1822,0.2650684138250388,,CLOSED,2026-03-31 09:37:00.000000,22779.0,Time Exit,-2263.500000000022
rsi_overbought,SELL,2026-03-31 09:32:00.000000,22773.97,22750,pe,7.41,-0.4085,-0.4956,0.0092,0.1822,0.35617589935354865,,CLOSED,2026-03-31 09:38:00.000000,22792.02,Time Exit,-902.4999999999636
rsi_overbought,SELL,2026-03-31 09:33:00.000000,22793.49,22800,pe,5.0,-0.5112,-0.5026,0.0096,0.2148,0.3896926480084479,,CLOSED,2026-03-31 09:39:00.000000,22793.37,Time Exit,6.000000000130967
rsi_overbought,SELL,2026-03-31 09:34:00.000000,22815.82,22800,pe,5.0,-0.5112,-0.5026,0.0096,0.2148,0.40678418803416794,,CLOSED,2026-03-31 09:40:00.000000,22815.76,Time Exit,3.0000000000654836
rsi_overbought,SELL,2026-03-31 09:35:00.000000,22803.61,22800,pe,5.0,-0.5112,-0.5026,0.0096,0.2148,0.32323428497442513,,CLOSED,2026-03-31 09:41:00.000000,22847.15,Time Exit,-2177.0000000000437
rsi_overbought,SELL,2026-03-31 09:36:00.000000,22789.3,22800,pe,5.0,-0.5112,-0.5026,0.0096,0.2148,0.15572970162689945,,CLOSED,2026-03-31 09:42:00.000000,22854.24,Time Exit,-3247.0000000001164
rsi_overbought,SELL,2026-03-31 09:37:00.000000,22779.0,22800,pe,5.0,-0.5112,-0.5026,0.0096,0.2148,0.06077820536313728,,CLOSED,2026-03-31 09:43:00.000000,22826.87,Time Exit,-2393.499999999949
rsi_overbought,SELL,2026-03-31 09:38:00.000000,22792.02,22800,pe,5.0,-0.5112,-0.5026,0.0096,0.2148,0.00679533886262315,,CLOSED,2026-03-31 09:44:00.000000,22845.61,Time Exit,-2679.5000000000073
rsi_overbought,SELL,2026-03-31 09:42:00.000000,22854.24,22850,pe,10.0,-0.4481,-0.4988,0.0106,0.1963,0.20127653916049346,,CLOSED,2026-03-31 09:48:00.000000,22890.27,Time Exit,-1801.4999999999418
rsi_overbought,SELL,2026-03-31 09:45:00.000000,22886.92,22900,pe,10.0,-0.4691,-0.4382,0.0096,0.2126,0.2400942335239127,,CLOSED,2026-03-31 09:51:00.000000,22903.54,Time Exit,-831.000000000131
rsi_overbought,SELL,2026-03-31 09:46:00.000000,22903.17,22900,pe,10.0,-0.4691,-0.4382,0.0096,0.2126,0.1693195641483309,,CLOSED,2026-03-31 09:52:00.000000,22910.8,Time Exit,-381.50000000005093
rsi_overbought,SELL,2026-03-31 09:47:00.000000,22896.03,22900,pe,10.0,-0.4691,-0.4382,0.0096,0.2126,0.030315388798238984,,CLOSED,2026-03-31 09:53:00.000000,22900.68,Time Exit,-232.50000000007276
rsi_overbought,SELL,2026-03-31 09:51:00.000000,22903.54,22900,pe,10.0,-0.4691,-0.4382,0.0096,0.2126,0.15433905545447998,,CLOSED,2026-03-31 09:57:00.000000,22887.28,Time Exit,813.0000000001019
rsi_overbought,SELL,2026-03-31 09:52:00.000000,22910.8,22900,pe,10.0,-0.4691,-0.4382,0.0096,0.2126,0.13462316846110223,,CLOSED,2026-03-31 09:58:00.000000,22897.37,Time Exit,671.5000000000146
rsi_overbought,SELL,2026-03-31 09:53:00.000000,22900.68,22900,pe,10.0,-0.4691,-0.4382,0.0096,0.2126,0.03243038997252133,,CLOSED,2026-03-31 09:59:00.000000,22917.98,Time Exit,-864.9999999999636
rsi_overbought,SELL,2026-03-31 10:15:00.000000,22958.67,22950,pe,10.0,-0.5335,-0.5519,0.0093,0.2014,0.002054593483986385,,CLOSED,2026-03-31 10:21:00.000000,22985.91,Time Exit,-1362.00000000008
rsi_overbought,SELL,2026-03-31 10:16:00.000000,22967.29,22950,pe,10.0,-0.5335,-0.5519,0.0093,0.2014,0.436683430456912,,CLOSED,2026-03-31 10:22:00.000000,22971.16,Time Exit,-193.49999999994907
rsi_overbought,SELL,2026-03-31 10:17:00.000000,22984.15,23000,pe,10.0,-0.5428,-0.3889,0.0096,0.2091,0.4796735977978074,,CLOSED,2026-03-31 10:23:00.000000,22961.09,Time Exit,1153.0000000000655
rsi_overbought,SELL,2026-03-31 10:18:00.000000,22975.68,23000,pe,10.0,-0.5428,-0.3889,0.0096,0.2091,0.3928350245342964,,CLOSED,2026-03-31 10:24:00.000000,22960.18,Time Exit,775.0
rsi_overbought,SELL,2026-03-31 10:19:00.000000,22967.16,22950,pe,10.0,-0.5335,-0.5519,0.0093,0.2014,0.2700514080342126,,CLOSED,2026-03-31 10:25:00.000000,22968.34,Time Exit,-59.00000000001455
rsi_overbought,SELL,2026-03-31 10:20:00.000000,22963.25,22950,pe,10.0,-0.5335,-0.5519,0.0093,0.2014,0.18367346938775503,,CLOSED,2026-03-31 10:26:00.000000,22991.34,Time Exit,-1404.5000000000073
rsi_overbought,SELL,2026-03-31 10:21:00.000000,22985.91,23000,pe,10.0,-0.5428,-0.3889,0.0096,0.2091,0.1959260251943263,,CLOSED,2026-03-31 10:27:00.000000,22988.37,Time Exit,-122.99999999995634
rsi_overbought,SELL,2026-03-31 10:26:00.000000,22991.34,23000,pe,10.0,-0.5428,-0.3889,0.0096,0.2091,0.0961601829776375,,CLOSED,2026-03-31 10:32:00.000000,23028.84,Time Exit,-1875.0
rsi_overbought,SELL,2026-03-31 10:27:00.000000,22988.37,23000,pe,10.0,-0.5428,-0.3889,0.0096,0.2091,0.014171287738728229,,CLOSED,2026-03-31 10:33:00.000000,23030.59,Time Exit,-2111.000000000058
rsi_overbought,SELL,2026-03-31 10:36:00.000000,23062.76,23050,pe,10.0,-0.4792,-0.5086,0.0117,0.2132,0.14160666384297163,,CLOSED,2026-03-31 10:42:00.000000,23191.23,Time Exit,-6423.500000000058
rsi_overbought,SELL,2026-03-31 10:37:00.000000,23065.86,23050,pe,10.0,-0.4792,-0.5086,0.0117,0.2132,0.29324024700856055,,CLOSED,2026-03-31 10:43:00.000000,23177.98,Time Exit,-5605.999999999949
rsi_overbought,SELL,2026-03-31 10:38:00.000000,23102.75,23100,pe,10.0,-0.4436,-0.5271,0.0098,0.1906,0.4238683127571657,,CLOSED,2026-03-31 10:44:00.000000,23198.21,Time Exit,-4772.999999999956
rsi_overbought,SELL,2026-03-31 10:39:00.000000,23137.87,23150,pe,10.0,-0.4496,-0.5116,0.0107,0.2237,0.487305152814613,,CLOSED,2026-03-31 10:45:00.000000,23222.09,Time Exit,-4211.000000000058
rsi_overbought,SELL,2026-03-31 10:40:00.000000,23167.9,23150,pe,10.0,-0.4496,-0.5116,0.0107,0.2237,0.5016145254353627,,CLOSED,2026-03-31 10:46:00.000000,23201.98,Time Exit,-1703.9999999999054
rsi_overbought,SELL,2026-03-31 10:41:00.000000,23156.46,23150,pe,10.0,-0.4496,-0.5116,0.0107,0.2237,0.40938480250940423,,CLOSED,2026-03-31 10:47:00.000000,23204.81,Time Exit,-2417.500000000109
rsi_overbought,SELL,2026-03-31 10:42:00.000000,23191.23,23200,pe,10.0,-0.5073,-0.5043,0.0093,0.1853,0.5573279465031656,,CLOSED,2026-03-31 10:48:00.000000,23211.43,Time Exit,-1010.0000000000364
rsi_overbought,SELL,2026-03-31 10:43:00.000000,23177.98,23200,pe,10.0,-0.5073,-0.5043,0.0093,0.1853,0.39545828921046206,,CLOSED,2026-03-31 10:49:00.000000,23211.71,Time Exit,-1686.4999999999782
rsi_overbought,SELL,2026-03-31 10:44:00.000000,23198.21,23200,pe,10.0,-0.5073,-0.5043,0.0093,0.1853,0.6260695045948713,,CLOSED,2026-03-31 10:50:00.000000,23235.38,Time Exit,-1858.5000000000946
rsi_overbought,SELL,2026-03-31 10:45:00.000000,23222.09,23200,pe,10.0,-0.5073,-0.5043,0.0093,0.1853,0.6300940438871104,,CLOSED,2026-03-31 10:51:00.000000,23250.79,Time Exit,-1435.0000000000364
rsi_overbought,SELL,2026-03-31 10:46:00.000000,23201.98,23200,pe,10.0,-0.5073,-0.5043,0.0093,0.1853,0.374789471151495,,CLOSED,2026-03-31 10:52:00.000000,23264.95,Time Exit,-3148.500000000058
rsi_overbought,SELL,2026-03-31 10:47:00.000000,23204.81,23200,pe,10.0,-0.5073,-0.5043,0.0093,0.1853,0.37721694947748574,,CLOSED,2026-03-31 10:53:00.000000,23233.95,Time Exit,-1456.999999999971
rsi_overbought,SELL,2026-03-31 10:48:00.000000,23211.43,23200,pe,10.0,-0.5073,-0.5043,0.0093,0.1853,0.4620750933563675,,CLOSED,2026-03-31 10:54:00.000000,23248.1,Time Exit,-1833.4999999999127
rsi_overbought,SELL,2026-03-31 10:49:00.000000,23211.71,23200,pe,10.0,-0.5073,-0.5043,0.0093,0.1853,0.4386386988446702,,CLOSED,2026-03-31 10:55:00.000000,23220.25,Time Exit,-427.00000000004366
rsi_overbought,SELL,2026-03-31 10:50:00.000000,23235.38,23250,pe,10.0,-0.4141,-0.4268,0.009,0.2097,0.4305036483359842,,CLOSED,2026-03-31 10:56:00.000000,23232.92,Time Exit,123.00000000013824
rsi_overbought,SELL,2026-03-31 10:51:00.000000,23250.79,23250,pe,10.0,-0.4141,-0.4268,0.009,0.2097,0.45604001991279736,,CLOSED,2026-03-31 10:57:00.000000,23238.99,Time Exit,589.9999999999636
rsi_overbought,SELL,2026-03-31 10:52:00.000000,23264.95,23250,pe,10.0,-0.4141,-0.4268,0.009,0.2097,0.406936722266326,,CLOSED,2026-03-31 10:58:00.000000,23216.71,Time Exit,2412.00000000008
rsi_overbought,SELL,2026-03-31 11:21:00.000000,23237.51,23250,pe,10.0,-0.4141,-0.4268,0.009,0.2097,0.1818884252820368,,CLOSED,2026-03-31 11:27:00.000000,23288.74,Time Exit,-2561.50000000016
rsi_overbought,SELL,2026-03-31 11:22:00.000000,23258.41,23250,pe,10.0,-0.4141,-0.4268,0.009,0.2097,0.3811614123767834,,CLOSED,2026-03-31 11:28:00.000000,23289.76,Time Exit,-1567.4999999999272
rsi_overbought,SELL,2026-03-31 11:23:00.000000,23265.82,23250,pe,10.0,-0.4141,-0.4268,0.009,0.2097,0.3547840290940561,,CLOSED,2026-03-31 11:29:00.000000,23294.31,Time Exit,-1424.50000000008
rsi_overbought,SELL,2026-03-31 11:24:00.000000,23290.29,23300,pe,10.0,-0.5043,-0.4737,0.0106,0.1986,0.34509564700547674,,CLOSED,2026-03-31 11:30:00.000000,23279.14,Time Exit,557.5000000000728
rsi_overbought,SELL,2026-03-31 11:25:00.000000,23266.74,23250,pe,10.0,-0.4141,-0.4268,0.009,0.2097,0.026270744957965064,,CLOSED,2026-03-31 11:31:00.000000,23267.06,Time Exit,-15.999999999985448
rsi_overbought,SELL,2026-03-31 11:26:00.000000,23290.21,23300,pe,10.0,-0.5043,-0.4737,0.0106,0.1986,0.10001375705049612,,CLOSED,2026-03-31 11:32:00.000000,23260.01,Time Exit,1510.0000000000364
rsi_overbought,SELL,2026-03-31 11:27:00.000000,23288.74,23300,pe,10.0,-0.5043,-0.4737,0.0106,0.1986,0.08032227905188734,,CLOSED,2026-03-31 11:33:00.000000,23275.59,Time Exit,657.5000000000728
rsi_overbought,SELL,2026-03-31 11:28:00.000000,23289.76,23300,pe,10.0,-0.5043,-0.4737,0.0106,0.1986,0.06363738171232854,,CLOSED,2026-03-31 11:34:00.000000,23278.3,Time Exit,572.9999999999563
rsi_overbought,SELL,2026-03-31 11:29:00.000000,23294.31,23300,pe,10.0,-0.5043,-0.4737,0.0106,0.1986,0.004879645333131558,,CLOSED,2026-03-31 11:35:00.000000,23285.7,Time Exit,430.5000000000291
rsi_overbought,SELL,2026-03-31 11:30:00.000000,23279.14,23300,pe,10.0,-0.5043,-0.4737,0.0106,0.1986,0.15550277117974645,,CLOSED,2026-03-31 11:36:00.000000,23277.8,Time Exit,67.00000000000728
rsi_overbought,SELL,2026-03-31 11:31:00.000000,23267.06,23250,pe,10.0,-0.4141,-0.4268,0.009,0.2097,0.001815989867107722,,CLOSED,2026-03-31 11:37:00.000000,23264.54,Time Exit,126.00000000002183
rsi_overbought,SELL,2026-03-31 11:32:00.000000,23260.01,23250,pe,10.0,-0.4141,-0.4268,0.009,0.2097,0.06878904900943941,,CLOSED,2026-03-31 11:38:00.000000,23256.23,Time Exit,188.9999999999418
rsi_overbought,SELL,2026-03-31 11:33:00.000000,23275.59,23300,pe,10.0,-0.5043,-0.4737,0.0106,0.1986,0.07150012521913425,,CLOSED,2026-03-31 11:39:00.000000,23234.69,Time Exit,2045.0000000000728
rsi_overbought,SELL,2026-03-31 11:57:00.000000,23355.08,23350,pe,14.68,-0.5691,-0.5012,0.0099,0.1943,0.26671406953640114,,CLOSED,2026-03-31 12:03:00.000000,23307.0,Time Exit,2404.0000000000873
rsi_overbought,SELL,2026-03-31 11:58:00.000000,23367.65,23350,pe,14.68,-0.5691,-0.5012,0.0099,0.1943,0.19163903125316514,,CLOSED,2026-03-31 12:04:00.000000,23331.78,Time Exit,1793.500000000131
rsi_overbought,SELL,2026-03-31 12:31:00.000000,23373.19,23350,pe,14.68,-0.5691,-0.5012,0.0099,0.1943,0.009941073276085415,,CLOSED,2026-03-31 12:37:00.000000,23418.98,Time Exit,-2289.5000000000437
rsi_overbought,SELL,2026-03-31 12:41:00.000000,23458.32,23450,pe,12.11,-0.5202,-0.4949,0.0115,0.1963,0.2630522088353293,,CLOSED,2026-03-31 12:47:00.000000,23506.83,Time Exit,-2425.500000000102
rsi_overbought,SELL,2026-03-31 12:42:00.000000,23468.9,23450,pe,12.11,-0.5202,-0.4949,0.0115,0.1963,0.2016532521209527,,CLOSED,2026-03-31 12:48:00.000000,23496.88,Time Exit,-1398.9999999999782
rsi_overbought,SELL,2026-03-31 12:43:00.000000,23478.01,23500,pe,25.12,-0.4779,-0.4749,0.0115,0.2303,0.5168388825104666,,CLOSED,2026-03-31 12:49:00.000000,23506.97,Time Exit,-1448.0000000001382
rsi_overbought,SELL,2026-03-31 12:44:00.000000,23477.19,23500,pe,25.12,-0.4779,-0.4749,0.0115,0.2303,0.49526630655742376,,CLOSED,2026-03-31 12:50:00.000000,23493.56,Time Exit,-818.500000000131
rsi_overbought,SELL,2026-03-31 12:45:00.000000,23470.05,23450,pe,12.11,-0.5202,-0.4949,0.0115,0.1963,0.32202351788335953,,CLOSED,2026-03-31 12:51:00.000000,23519.29,Time Exit,-2462.00000000008
rsi_overbought,SELL,2026-03-31 12:46:00.000000,23483.07,23500,pe,25.12,-0.4779,-0.4749,0.0115,0.2303,0.36528868757521354,,CLOSED,2026-03-31 12:52:00.000000,23535.37,Time Exit,-2614.9999999999636
rsi_overbought,SELL,2026-03-31 12:47:00.000000,23506.83,23500,pe,25.12,-0.4779,-0.4749,0.0115,0.2303,0.5730923057948928,,CLOSED,2026-03-31 12:53:00.000000,23575.36,Time Exit,-3426.499999999942
rsi_overbought,SELL,2026-03-31 12:48:00.000000,23496.88,23500,pe,25.12,-0.4779,-0.4749,0.0115,0.2303,0.4144954348459109,,CLOSED,2026-03-31 12:54:00.000000,23572.12,Time Exit,-3761.999999999898
rsi_overbought,SELL,2026-03-31 12:49:00.000000,23506.97,23500,pe,25.12,-0.4779,-0.4749,0.0115,0.2303,0.42230334989689877,,CLOSED,2026-03-31 12:55:00.000000,23561.27,Time Exit,-2714.9999999999636
rsi_overbought,SELL,2026-03-31 12:50:00.000000,23493.56,23500,pe,25.12,-0.4779,-0.4749,0.0115,0.2303,0.18936413034221478,,CLOSED,2026-03-31 12:56:00.000000,23585.02,Time Exit,-4572.999999999956
rsi_overbought,SELL,2026-03-31 12:51:00.000000,23519.29,23500,pe,25.12,-0.4779,-0.4749,0.0115,0.2303,0.18853479291353778,,CLOSED,2026-03-31 12:57:00.000000,23597.8,Time Exit,-3925.49999999992
rsi_overbought,SELL,2026-03-31 12:52:00.000000,23535.37,23550,pe,10.0,-0.4594,-0.3765,0.0091,0.2329,0.22466601498858788,,CLOSED,2026-03-31 12:58:00.000000,23600.07,Time Exit,-3235.0000000000364
rsi_overbought,SELL,2026-03-31 12:53:00.000000,23575.36,23600,pe,19.34,-0.5095,-0.5284,0.011,0.1727,0.5427470217239,,CLOSED,2026-03-31 12:59:00.000000,23594.35,Time Exit,-949.4999999998981
rsi_overbought,SELL,2026-03-31 12:54:00.000000,23572.12,23550,pe,10.0,-0.4594,-0.3765,0.0091,0.2329,0.43332185547737795,,CLOSED,2026-03-31 13:00:00.000000,23592.0,Time Exit,-994.0000000000509
rsi_overbought,SELL,2026-03-31 12:55:00.000000,23561.27,23550,pe,10.0,-0.4594,-0.3765,0.0091,0.2329,0.21883332473207512,,CLOSED,2026-03-31 13:01:00.000000,23617.45,Time Exit,-2809.0000000000146
rsi_overbought,SELL,2026-03-31 12:56:00.000000,23585.02,23600,pe,19.34,-0.5095,-0.5284,0.011,0.1727,0.268548049354078,,CLOSED,2026-03-31 13:02:00.000000,23666.75,Time Exit,-4086.499999999978
rsi_overbought,SELL,2026-03-31 12:57:00.000000,23597.8,23600,pe,19.34,-0.5095,-0.5284,0.011,0.1727,0.2812940189608005,,CLOSED,2026-03-31 13:03:00.000000,23677.17,Time Exit,-3968.499999999949
rsi_overbought,SELL,2026-03-31 12:58:00.000000,23600.07,23600,pe,19.34,-0.5095,-0.5284,0.011,0.1727,0.29909773963343916,,CLOSED,2026-03-31 13:04:00.000000,23676.29,Time Exit,-3811.000000000058
rsi_overbought,SELL,2026-03-31 12:59:00.000000,23594.35,23600,pe,19.34,-0.5095,-0.5284,0.011,0.1727,0.31684390429166265,,CLOSED,2026-03-31 13:05:00.000000,23704.76,Time Exit,-5520.499999999993
rsi_overbought,SELL,2026-03-31 13:00:00.000000,23592.0,23600,pe,19.34,-0.5095,-0.5284,0.011,0.1727,0.24121951626076973,,CLOSED,2026-03-31 13:06:00.000000,23744.58,Time Exit,-7629.000000000087
rsi_overbought,SELL,2026-03-31 13:01:00.000000,23617.45,23600,pe,19.34,-0.5095,-0.5284,0.011,0.1727,0.24757843234486313,,CLOSED,2026-03-31 13:07:00.000000,23735.9,Time Exit,-5922.500000000036
rsi_overbought,SELL,2026-03-31 13:02:00.000000,23666.75,23650,pe,23.06,-0.5576,-0.5072,0.0099,0.2216,0.5080425431863138,,CLOSED,2026-03-31 13:08:00.000000,23733.92,Time Exit,-3358.4999999999127
rsi_overbought,SELL,2026-03-31 13:03:00.000000,23677.17,23700,pe,28.11,-0.49,-0.4562,0.0095,0.2271,0.5087152288610781,,CLOSED,2026-03-31 13:09:00.000000,23724.57,Time Exit,-2370.0000000000728
rsi_overbought,SELL,2026-03-31 13:04:00.000000,23676.29,23700,pe,28.11,-0.49,-0.4562,0.0095,0.2271,0.6643503343385656,,CLOSED,2026-03-31 13:10:00.000000,23745.53,Time Exit,-3461.999999999898
rsi_overbought,SELL,2026-03-31 13:05:00.000000,23704.76,23700,pe,28.11,-0.49,-0.4562,0.0095,0.2271,0.6683221766357443,,CLOSED,2026-03-31 13:11:00.000000,23756.91,Time Exit,-2607.5000000000728
rsi_overbought,SELL,2026-03-31 13:06:00.000000,23744.58,23750,pe,28.54,-0.5996,-0.5608,0.0112,0.2151,0.6991656547456164,,CLOSED,2026-03-31 13:12:00.000000,23757.19,Time Exit,-630.4999999998472
rsi_overbought,SELL,2026-03-31 13:07:00.000000,23735.9,23750,pe,28.54,-0.5996,-0.5608,0.0112,0.2151,0.5279340417299446,,CLOSED,2026-03-31 13:13:00.000000,23731.65,Time Exit,212.5
rsi_overbought,SELL,2026-03-31 13:08:00.000000,23733.92,23750,pe,28.54,-0.5996,-0.5608,0.0112,0.2151,0.5441211685823836,,CLOSED,2026-03-31 13:14:00.000000,23734.54,Time Exit,-31.000000000130967
rsi_overbought,SELL,2026-03-31 13:09:00.000000,23724.57,23700,pe,28.11,-0.49,-0.4562,0.0095,0.2271,0.5636319802308492,,CLOSED,2026-03-31 13:15:00.000000,23739.93,Time Exit,-768.0000000000291
rsi_overbought,SELL,2026-03-31 13:10:00.000000,23745.53,23750,pe,28.54,-0.5996,-0.5608,0.0112,0.2151,0.5580582642799438,,CLOSED,2026-03-31 13:16:00.000000,23764.08,Time Exit,-927.5000000001455
rsi_overbought,SELL,2026-03-31 13:11:00.000000,23756.91,23750,pe,28.54,-0.5996,-0.5608,0.0112,0.2151,0.5552074214010465,,CLOSED,2026-03-31 13:17:00.000000,23746.9,Time Exit,500.49999999991996
rsi_overbought,SELL,2026-03-31 13:12:00.000000,23757.19,23750,pe,28.54,-0.5996,-0.5608,0.0112,0.2151,0.5510912698412777,,CLOSED,2026-03-31 13:18:00.000000,23744.03,Time Exit,657.9999999999927
rsi_overbought,SELL,2026-03-31 13:13:00.000000,23731.65,23750,pe,28.54,-0.5996,-0.5608,0.0112,0.2151,0.3076726560504615,,CLOSED,2026-03-31 13:19:00.000000,23754.59,Time Exit,-1146.9999999999345
rsi_overbought,SELL,2026-03-31 13:14:00.000000,23734.54,23750,pe,28.54,-0.5996,-0.5608,0.0112,0.2151,0.3425375247805467,,CLOSED,2026-03-31 13:20:00.000000,23782.08,Time Exit,-2377.0000000000437
rsi_overbought,SELL,2026-03-31 13:15:00.000000,23739.93,23750,pe,28.54,-0.5996,-0.5608,0.0112,0.2151,0.2812916008792579,,CLOSED,2026-03-31 13:21:00.000000,23783.6,Time Exit,-2183.4999999999127
rsi_overbought,SELL,2026-03-31 13:16:00.000000,23764.08,23750,pe,28.54,-0.5996,-0.5608,0.0112,0.2151,0.18625234414711828,,CLOSED,2026-03-31 13:22:00.000000,23807.53,Time Exit,-2172.4999999998545
rsi_overbought,SELL,2026-03-31 13:22:00.000000,23807.53,23800,pe,28.31,-0.494,-0.4574,0.0108,0.2369,0.0019437934855796848,,CLOSED,2026-03-31 13:28:00.000000,23771.43,Time Exit,1804.9999999999272
rsi_overbought,SELL,2026-03-31 13:39:00.000000,23864.95,23800,pe,28.31,-0.494,-0.4574,0.0108,0.2369,0.0010160218835276662,,CLOSED,2026-03-31 13:45:00.000000,23850.76,Time Exit,709.5000000001164
rsi_overbought,SELL,2026-03-31 13:40:00.000000,23859.05,23800,pe,28.31,-0.494,-0.4574,0.0108,0.2369,0.13297661514067727,,CLOSED,2026-03-31 13:46:00.000000,23869.57,Time Exit,-526.0000000000218
rsi_overbought,SELL,2026-03-31 13:44:00.000000,23855.57,23800,pe,28.31,-0.494,-0.4574,0.0108,0.2369,0.15225282938285148,,CLOSED,2026-03-31 13:50:00.000000,23859.06,Time Exit,-174.50000000008004
rsi_overbought,SELL,2026-03-31 13:45:00.000000,23850.76,23800,pe,28.31,-0.494,-0.4574,0.0108,0.2369,0.0028327534743482373,,CLOSED,2026-03-31 13:51:00.000000,23864.71,Time Exit,-697.5000000000364
rsi_overbought,SELL,2026-03-31 13:46:00.000000,23869.57,23800,pe,28.31,-0.494,-0.4574,0.0108,0.2369,0.018947683444598813,,CLOSED,2026-03-31 13:52:00.000000,23855.68,Time Exit,694.4999999999709
rsi_overbought,SELL,2026-04-01 09:33:00.000000,22846.32,22850,pe,10.0,-0.4481,-0.4988,0.0106,0.1963,0.044595392793863674,,CLOSED,2026-04-01 09:39:00.000000,22884.32,Time Exit,-1900.0
rsi_overbought,SELL,2026-04-01 09:34:00.000000,22845.08,22850,pe,10.0,-0.4481,-0.4988,0.0106,0.1963,0.04062244062244531,,CLOSED,2026-04-01 09:40:00.000000,22878.92,Time Exit,-1691.9999999998254
rsi_overbought,SELL,2026-04-01 09:35:00.000000,22851.66,22850,pe,10.0,-0.4481,-0.4988,0.0106,0.1963,0.006648349784616414,,CLOSED,2026-04-01 09:41:00.000000,22871.4,Time Exit,-987.00000000008
rsi_overbought,SELL,2026-04-01 09:38:00.000000,22863.06,22850,pe,10.0,-0.4481,-0.4988,0.0106,0.1963,0.04186714782142123,,CLOSED,2026-04-01 09:44:00.000000,22828.74,Time Exit,1715.9999999999854
rsi_overbought,SELL,2026-04-01 09:39:00.000000,22884.32,22900,pe,10.0,-0.4691,-0.4382,0.0096,0.2126,0.30017080795384693,,CLOSED,2026-04-01 09:45:00.000000,22868.88,Time Exit,771.9999999999345
rsi_overbought,SELL,2026-04-01 09:40:00.000000,22878.92,22900,pe,10.0,-0.4691,-0.4382,0.0096,0.2126,0.16323942696549382,,CLOSED,2026-04-01 09:46:00.000000,22892.92,Time Exit,-700.0
rsi_overbought,SELL,2026-04-01 09:41:00.000000,22871.4,22850,pe,10.0,-0.4481,-0.4988,0.0106,0.1963,0.027878411482605732,,CLOSED,2026-04-01 09:47:00.000000,22895.11,Time Exit,-1185.4999999999563
rsi_overbought,SELL,2026-04-01 09:42:00.000000,22879.08,22900,pe,10.0,-0.4691,-0.4382,0.0096,0.2126,0.13824057450630817,,CLOSED,2026-04-01 09:48:00.000000,22926.85,Time Exit,-2388.49999999984
rsi_overbought,SELL,2026-04-01 09:56:00.000000,22974.69,22950,pe,10.0,-0.5335,-0.5519,0.0093,0.2014,0.016388757912169656,,CLOSED,2026-04-01 10:02:00.000000,22939.8,Time Exit,1744.499999999971
rsi_overbought,SELL,2026-04-01 09:58:00.000000,22945.8,22950,pe,10.0,-0.5335,-0.5519,0.0093,0.2014,0.25431143001006734,,CLOSED,2026-04-01 10:04:00.000000,22943.23,Time Exit,128.49999999998545
rsi_overbought,SELL,2026-04-01 09:59:00.000000,22960.35,22950,pe,10.0,-0.5335,-0.5519,0.0093,0.2014,0.15185682326621286,,CLOSED,2026-04-01 10:05:00.000000,22948.9,Time Exit,572.4999999998545
rsi_overbought,SELL,2026-04-01 10:11:00.000000,23052.45,23050,pe,10.0,-0.4792,-0.5086,0.0117,0.2132,0.20557123289928872,,CLOSED,2026-04-01 10:17:00.000000,23075.76,Time Exit,-1165.4999999998836
rsi_overbought,SELL,2026-04-01 10:12:00.000000,23043.1,23050,pe,10.0,-0.4792,-0.5086,0.0117,0.2132,0.10408745247145863,,CLOSED,2026-04-01 10:18:00.000000,23079.68,Time Exit,-1829.0000000000873
rsi_overbought,SELL,2026-04-01 10:13:00.000000,23055.91,23050,pe,10.0,-0.4792,-0.5086,0.0117,0.2132,0.09661650531964293,,CLOSED,2026-04-01 10:19:00.000000,23104.34,Time Exit,-2421.5000000000146
rsi_overbought,SELL,2026-04-01 10:14:00.000000,23068.74,23050,pe,10.0,-0.4792,-0.5086,0.0117,0.2132,0.33572827159892665,,CLOSED,2026-04-01 10:20:00.000000,23123.31,Time Exit,-2728.4999999999854
rsi_overbought,SELL,2026-04-01 10:15:00.000000,23088.09,23100,pe,10.0,-0.4436,-0.5271,0.0098,0.1906,0.5198947205449106,,CLOSED,2026-04-01 10:21:00.000000,23096.04,Time Exit,-397.5000000000364
rsi_overbought,SELL,2026-04-01 10:16:00.000000,23087.95,23100,pe,10.0,-0.4436,-0.5271,0.0098,0.1906,0.5066128138116198,,CLOSED,2026-04-01 10:22:00.000000,23119.64,Time Exit,-1584.4999999999345
rsi_overbought,SELL,2026-04-01 10:17:00.000000,23075.76,23100,pe,10.0,-0.4436,-0.5271,0.0098,0.1906,0.2813676234060499,,CLOSED,2026-04-01 10:23:00.000000,23115.6,Time Exit,-1992.0000000000073
rsi_overbought,SELL,2026-04-01 10:18:00.000000,23079.68,23100,pe,10.0,-0.4436,-0.5271,0.0098,0.1906,0.5509628598453512,,CLOSED,2026-04-01 10:24:00.000000,23128.2,Time Exit,-2426.000000000022
rsi_overbought,SELL,2026-04-01 10:19:00.000000,23104.34,23100,pe,10.0,-0.4436,-0.5271,0.0098,0.1906,0.592405391394415,,CLOSED,2026-04-01 10:25:00.000000,23104.92,Time Exit,-28.999999999905413
rsi_overbought,SELL,2026-04-01 10:20:00.000000,23123.31,23100,pe,10.0,-0.4436,-0.5271,0.0098,0.1906,0.6001970412037736,,CLOSED,2026-04-01 10:26:00.000000,23128.18,Time Exit,-243.49999999994907
rsi_overbought,SELL,2026-04-01 10:21:00.000000,23096.04,23100,pe,10.0,-0.4436,-0.5271,0.0098,0.1906,0.18660212851773442,,CLOSED,2026-04-01 10:27:00.000000,23115.14,Time Exit,-954.9999999999272
rsi_overbought,SELL,2026-04-01 10:22:00.000000,23119.64,23100,pe,10.0,-0.4436,-0.5271,0.0098,0.1906,0.2001891599163353,,CLOSED,2026-04-01 10:28:00.000000,23113.62,Time Exit,301.0000000000218
rsi_overbought,SELL,2026-04-01 10:23:00.000000,23115.6,23100,pe,10.0,-0.4436,-0.5271,0.0098,0.1906,0.19371281629916362,,CLOSED,2026-04-01 10:29:00.000000,23132.96,Time Exit,-868.0000000000291
rsi_overbought,SELL,2026-04-01 10:24:00.000000,23128.2,23150,pe,10.0,-0.4496,-0.5116,0.0107,0.2237,0.08475395961791131,,CLOSED,2026-04-01 10:30:00.000000,23114.11,Time Exit,704.5000000000073
rsi_overbought,SELL,2026-04-01 11:11:00.000000,23012.88,23000,pe,10.0,-0.5428,-0.3889,0.0096,0.2091,0.3135150013762811,,CLOSED,2026-04-01 11:17:00.000000,23005.67,Time Exit,360.50000000013824
rsi_overbought,SELL,2026-04-01 11:12:00.000000,23002.6,23000,pe,10.0,-0.5428,-0.3889,0.0096,0.2091,0.20829588905917737,,CLOSED,2026-04-01 11:18:00.000000,23000.44,Time Exit,107.99999999999272
rsi_overbought,SELL,2026-04-01 11:13:00.000000,23009.38,23000,pe,10.0,-0.5428,-0.3889,0.0096,0.2091,0.12294057937062774,,CLOSED,2026-04-01 11:19:00.000000,22995.86,Time Exit,676.0000000000218
rsi_overbought,SELL,2026-04-01 11:14:00.000000,23019.55,23000,pe,10.0,-0.5428,-0.3889,0.0096,0.2091,0.13354546331110934,,CLOSED,2026-04-01 11:20:00.000000,23001.02,Time Exit,926.4999999999418
rsi_overbought,SELL,2026-04-01 11:20:00.000000,23001.02,23000,pe,10.0,-0.5428,-0.3889,0.0096,0.2091,0.056253818626179945,,CLOSED,2026-04-01 11:26:00.000000,23018.88,Time Exit,-893.0000000000291
rsi_overbought,SELL,2026-04-01 11:21:00.000000,23008.69,23000,pe,10.0,-0.5428,-0.3889,0.0096,0.2091,0.018539950529870928,,CLOSED,2026-04-01 11:27:00.000000,23047.14,Time Exit,-1922.5000000000364
rsi_overbought,SELL,2026-04-01 11:22:00.000000,23017.39,23000,pe,10.0,-0.5428,-0.3889,0.0096,0.2091,0.012151112329258732,,CLOSED,2026-04-01 11:28:00.000000,23026.99,Time Exit,-480.00000000010914
rsi_overbought,SELL,2026-04-01 11:38:00.000000,23100.64,23100,pe,10.0,-0.4436,-0.5271,0.0098,0.1906,0.10575286919377902,,CLOSED,2026-04-01 11:44:00.000000,23143.27,Time Exit,-2131.500000000051
rsi_overbought,SELL,2026-04-01 11:40:00.000000,23095.83,23100,pe,10.0,-0.4436,-0.5271,0.0098,0.1906,0.19355199320330171,,CLOSED,2026-04-01 11:46:00.000000,23160.27,Time Exit,-3221.9999999999345
rsi_overbought,SELL,2026-04-01 11:41:00.000000,23112.74,23100,pe,10.0,-0.4436,-0.5271,0.0098,0.1906,0.12709936595528196,,CLOSED,2026-04-01 11:47:00.000000,23176.53,Time Exit,-3189.4999999998618
rsi_overbought,SELL,2026-04-01 11:42:00.000000,23118.77,23100,pe,10.0,-0.4436,-0.5271,0.0098,0.1906,0.5707274982474208,,CLOSED,2026-04-01 11:48:00.000000,23186.38,Time Exit,-3380.500000000029
rsi_overbought,SELL,2026-04-01 11:43:00.000000,23106.15,23100,pe,10.0,-0.4436,-0.5271,0.0098,0.1906,0.2797839856664415,,CLOSED,2026-04-01 11:49:00.000000,23173.76,Time Exit,-3380.499999999847
rsi_overbought,SELL,2026-04-01 11:44:00.000000,23143.27,23150,pe,10.0,-0.4496,-0.5116,0.0107,0.2237,0.4072689511942774,,CLOSED,2026-04-01 11:50:00.000000,23169.63,Time Exit,-1318.000000000029
rsi_overbought,SELL,2026-04-01 11:45:00.000000,23156.31,23150,pe,10.0,-0.4496,-0.5116,0.0107,0.2237,0.48296624325065807,,CLOSED,2026-04-01 11:51:00.000000,23170.53,Time Exit,-710.9999999998763
rsi_overbought,SELL,2026-04-01 11:46:00.000000,23160.27,23150,pe,10.0,-0.4496,-0.5116,0.0107,0.2237,0.460554846292645,,CLOSED,2026-04-01 11:52:00.000000,23187.72,Time Exit,-1372.5000000000364
rsi_overbought,SELL,2026-04-01 11:47:00.000000,23176.53,23200,pe,10.0,-0.5073,-0.5043,0.0093,0.1853,0.6477892538006917,,CLOSED,2026-04-01 11:53:00.000000,23202.3,Time Exit,-1288.5000000000218
rsi_overbought,SELL,2026-04-01 11:48:00.000000,23186.38,23200,pe,10.0,-0.5073,-0.5043,0.0093,0.1853,0.6267601303573306,,CLOSED,2026-04-01 11:54:00.000000,23203.63,Time Exit,-862.5
rsi_overbought,SELL,2026-04-01 11:49:00.000000,23173.76,23150,pe,10.0,-0.4496,-0.5116,0.0107,0.2237,0.37599935231851683,,CLOSED,2026-04-01 11:55:00.000000,23183.06,Time Exit,-465.0000000001455
rsi_overbought,SELL,2026-04-01 11:50:00.000000,23169.63,23150,pe,10.0,-0.4496,-0.5116,0.0107,0.2237,0.3019029932706933,,CLOSED,2026-04-01 11:56:00.000000,23204.92,Time Exit,-1764.4999999998618
rsi_overbought,SELL,2026-04-01 11:51:00.000000,23170.53,23150,pe,10.0,-0.4496,-0.5116,0.0107,0.2237,0.2388417156543113,,CLOSED,2026-04-01 11:57:00.000000,23204.4,Time Exit,-1693.500000000131
rsi_overbought,SELL,2026-04-01 11:52:00.000000,23187.72,23200,pe,10.0,-0.5073,-0.5043,0.0093,0.1853,0.2577494692144986,,CLOSED,2026-04-01 11:58:00.000000,23188.91,Time Exit,-59.499999999934516
rsi_overbought,SELL,2026-04-01 11:53:00.000000,23202.3,23200,pe,10.0,-0.5073,-0.5043,0.0093,0.1853,0.31772053083534124,,CLOSED,2026-04-01 11:59:00.000000,23161.56,Time Exit,2036.9999999998981
rsi_overbought,SELL,2026-04-01 11:54:00.000000,23203.63,23200,pe,10.0,-0.5073,-0.5043,0.0093,0.1853,0.4121532364597201,,CLOSED,2026-04-01 12:00:00.000000,23172.6,Time Exit,1551.5000000001237
rsi_overbought,SELL,2026-04-01 11:55:00.000000,23183.06,23200,pe,10.0,-0.5073,-0.5043,0.0093,0.1853,0.02193497845672662,,CLOSED,2026-04-01 12:01:00.000000,23193.98,Time Exit,-545.9999999999127
rsi_overbought,SELL,2026-04-01 11:56:00.000000,23204.92,23200,pe,10.0,-0.5073,-0.5043,0.0093,0.1853,0.10516224981633826,,CLOSED,2026-04-01 12:02:00.000000,23192.71,Time Exit,610.4999999999563
rsi_overbought,SELL,2026-04-01 11:57:00.000000,23204.4,23200,pe,10.0,-0.5073,-0.5043,0.0093,0.1853,0.2748040399394772,,CLOSED,2026-04-01 12:03:00.000000,23194.66,Time Exit,487.00000000008004
rsi_overbought,SELL,2026-04-01 12:27:00.000000,23308.43,23300,pe,10.0,-0.5043,-0.4737,0.0106,0.1986,0.012808332453670346,,CLOSED,2026-04-01 12:33:00.000000,23322.23,Time Exit,-689.9999999999636
rsi_overbought,SELL,2026-04-01 12:28:00.000000,23315.11,23300,pe,10.0,-0.5043,-0.4737,0.0106,0.1986,0.051048903419152226,,CLOSED,2026-04-01 12:34:00.000000,23309.21,Time Exit,295.00000000007276
rsi_overbought,SELL,2026-04-01 12:30:00.000000,23330.48,23350,pe,14.68,-0.5691,-0.5012,0.0099,0.1943,0.0036460524470588967,,CLOSED,2026-04-01 12:36:00.000000,23296.37,Time Exit,1705.500000000029
rsi_overbought,SELL,2026-04-01 12:31:00.000000,23328.94,23350,pe,14.68,-0.5691,-0.5012,0.0099,0.1943,0.28201506591333614,,CLOSED,2026-04-01 12:37:00.000000,23302.14,Time Exit,1339.9999999999636
rsi_overbought,SELL,2026-04-01 12:33:00.000000,23322.23,23300,pe,10.0,-0.5043,-0.4737,0.0106,0.1986,0.20146954645050574,,CLOSED,2026-04-01 12:39:00.000000,23300.23,Time Exit,1100.0
rsi_overbought,SELL,2026-04-01 12:46:00.000000,23374.4,23350,pe,14.68,-0.5691,-0.5012,0.0099,0.1943,0.04095885239710858,,CLOSED,2026-04-01 12:52:00.000000,23469.4,Time Exit,-4750.0
rsi_overbought,SELL,2026-04-01 12:47:00.000000,23393.17,23400,pe,18.67,-0.5113,-0.5347,0.0101,0.176,0.01850564055010011,,CLOSED,2026-04-01 12:53:00.000000,23477.14,Time Exit,-4198.500000000058
rsi_overbought,SELL,2026-04-01 12:49:00.000000,23420.93,23400,pe,18.67,-0.5113,-0.5347,0.0101,0.176,0.14483964847386185,,CLOSED,2026-04-01 12:55:00.000000,23451.11,Time Exit,-1509.0000000000146
rsi_overbought,SELL,2026-04-01 12:50:00.000000,23453.08,23450,pe,12.11,-0.5202,-0.4949,0.0115,0.1963,0.3644151435000424,,CLOSED,2026-04-01 12:56:00.000000,23466.96,Time Exit,-693.999999999869
rsi_overbought,SELL,2026-04-01 12:51:00.000000,23479.94,23500,pe,25.12,-0.4779,-0.4749,0.0115,0.2303,0.4132653061224242,,CLOSED,2026-04-01 12:57:00.000000,23452.96,Time Exit,1348.9999999999782
rsi_overbought,SELL,2026-04-01 12:52:00.000000,23469.4,23450,pe,12.11,-0.5202,-0.4949,0.0115,0.1963,0.30638563732597673,,CLOSED,2026-04-01 12:58:00.000000,23469.67,Time Exit,-13.499999999839929
rsi_overbought,SELL,2026-04-01 12:53:00.000000,23477.14,23500,pe,25.12,-0.4779,-0.4749,0.0115,0.2303,0.3627296954462518,,CLOSED,2026-04-01 12:59:00.000000,23478.76,Time Exit,-80.99999999994907
rsi_overbought,SELL,2026-04-01 12:54:00.000000,23470.41,23450,pe,12.11,-0.5202,-0.4949,0.0115,0.1963,0.23465641063939227,,CLOSED,2026-04-01 13:00:00.000000,23466.69,Time Exit,186.0000000000582
rsi_overbought,SELL,2026-04-01 12:55:00.000000,23451.11,23450,pe,12.11,-0.5202,-0.4949,0.0115,0.1963,0.16026105873824104,,CLOSED,2026-04-01 13:01:00.000000,23459.74,Time Exit,-431.50000000005093
rsi_overbought,SELL,2026-04-01 12:56:00.000000,23466.96,23450,pe,12.11,-0.5202,-0.4949,0.0115,0.1963,0.2919517411701122,,CLOSED,2026-04-01 13:02:00.000000,23445.17,Time Exit,1089.5000000000437
rsi_overbought,SELL,2026-04-01 12:57:00.000000,23452.96,23450,pe,12.11,-0.5202,-0.4949,0.0115,0.1963,0.12732424296088946,,CLOSED,2026-04-01 13:03:00.000000,23444.79,Time Exit,408.4999999999127
rsi_overbought,SELL,2026-04-01 12:58:00.000000,23469.67,23450,pe,12.11,-0.5202,-0.4949,0.0115,0.1963,0.13692248415008143,,CLOSED,2026-04-01 13:04:00.000000,23443.18,Time Exit,1324.4999999998981
rsi_overbought,SELL,2026-04-01 12:59:00.000000,23478.76,23500,pe,25.12,-0.4779,-0.4749,0.0115,0.2303,0.027432405762802148,,CLOSED,2026-04-01 13:05:00.000000,23440.06,Time Exit,1934.9999999998545
rsi_overbought,SELL,2026-04-01 13:23:00.000000,23493.78,23500,pe,25.12,-0.4779,-0.4749,0.0115,0.2303,0.04114911545792855,,CLOSED,2026-04-01 13:29:00.000000,23528.05,Time Exit,-1713.5000000000218
rsi_overbought,SELL,2026-04-01 13:29:00.000000,23528.05,23550,pe,10.0,-0.4594,-0.3765,0.0091,0.2329,0.21791732680398088,,CLOSED,2026-04-01 13:35:00.000000,23548.95,Time Exit,-1045.0000000000728
rsi_overbought,SELL,2026-04-01 13:30:00.000000,23543.15,23550,pe,10.0,-0.4594,-0.3765,0.0091,0.2329,0.40771804174717374,,CLOSED,2026-04-01 13:36:00.000000,23548.38,Time Exit,-261.4999999999782
rsi_overbought,SELL,2026-04-01 13:31:00.000000,23556.75,23550,pe,10.0,-0.4594,-0.3765,0.0091,0.2329,0.4192385880613661,,CLOSED,2026-04-01 13:37:00.000000,23536.84,Time Exit,995.4999999999927
rsi_overbought,SELL,2026-04-01 13:32:00.000000,23550.48,23550,pe,10.0,-0.4594,-0.3765,0.0091,0.2329,0.5538324852596853,,CLOSED,2026-04-01 13:38:00.000000,23560.75,Time Exit,-513.5000000000218
rsi_overbought,SELL,2026-04-01 13:33:00.000000,23563.51,23550,pe,10.0,-0.4594,-0.3765,0.0091,0.2329,0.5337924515562833,,CLOSED,2026-04-01 13:39:00.000000,23558.68,Time Exit,241.4999999999054
rsi_overbought,SELL,2026-04-01 13:34:00.000000,23558.03,23550,pe,10.0,-0.4594,-0.3765,0.0091,0.2329,0.45284734275560795,,CLOSED,2026-04-01 13:40:00.000000,23526.83,Time Exit,1559.9999999998545
rsi_overbought,SELL,2026-04-01 13:35:00.000000,23548.95,23550,pe,10.0,-0.4594,-0.3765,0.0091,0.2329,0.3006019002139373,,CLOSED,2026-04-01 13:41:00.000000,23550.25,Time Exit,-64.99999999996362
rsi_overbought,SELL,2026-04-01 13:36:00.000000,23548.38,23550,pe,10.0,-0.4594,-0.3765,0.0091,0.2329,0.17753665012125025,,CLOSED,2026-04-01 13:42:00.000000,23581.57,Time Exit,-1659.4999999999345
rsi_overbought,SELL,2026-04-01 13:38:00.000000,23560.75,23550,pe,10.0,-0.4594,-0.3765,0.0091,0.2329,0.07980099502489632,,CLOSED,2026-04-01 13:44:00.000000,23575.54,Time Exit,-739.5000000000437
rsi_overbought,SELL,2026-04-01 13:39:00.000000,23558.68,23550,pe,10.0,-0.4594,-0.3765,0.0091,0.2329,0.15191014920481932,,CLOSED,2026-04-01 13:45:00.000000,23572.57,Time Exit,-694.4999999999709
rsi_overbought,SELL,2026-04-01 13:49:00.000000,23661.16,23650,pe,23.06,-0.5576,-0.5072,0.0099,0.2216,0.15665125834618815,,CLOSED,2026-04-01 13:55:00.000000,23606.5,Time Exit,2732.9999999999927
rsi_overbought,SELL,2026-04-01 13:50:00.000000,23657.52,23650,pe,23.06,-0.5576,-0.5072,0.0099,0.2216,0.12344713752064915,,CLOSED,2026-04-01 13:56:00.000000,23598.71,Time Exit,2940.5000000000655
rsi_overbought,SELL,2026-04-01 13:51:00.000000,23651.36,23650,pe,23.06,-0.5576,-0.5072,0.0099,0.2216,0.18223329182236322,,CLOSED,2026-04-01 13:57:00.000000,23596.17,Time Exit,2759.5000000001164
rsi_overbought,SELL,2026-04-01 13:53:00.000000,23646.23,23650,pe,23.06,-0.5576,-0.5072,0.0099,0.2216,0.028075354314473108,,CLOSED,2026-04-01 13:59:00.000000,23589.75,Time Exit,2823.999999999978
rsi_overbought,SELL,2026-04-01 13:54:00.000000,23637.27,23650,pe,23.06,-0.5576,-0.5072,0.0099,0.2216,0.3169106907484699,,CLOSED,2026-04-01 14:00:00.000000,23617.15,Time Exit,1005.9999999999491
rsi_overbought,SELL,2026-04-01 14:17:00.000000,23678.84,23700,pe,28.11,-0.49,-0.4562,0.0095,0.2271,0.07595611872736659,,CLOSED,2026-04-01 14:23:00.000000,23734.68,Time Exit,-2792.0000000000073
rsi_overbought,SELL,2026-04-01 14:18:00.000000,23684.99,23700,pe,28.11,-0.49,-0.4562,0.0095,0.2271,0.5040199112508332,,CLOSED,2026-04-01 14:24:00.000000,23722.89,Time Exit,-1894.9999999998909
rsi_overbought,SELL,2026-04-01 14:19:00.000000,23671.52,23650,pe,23.06,-0.5576,-0.5072,0.0099,0.2216,0.5226793248944815,,CLOSED,2026-04-01 14:25:00.000000,23723.7,Time Exit,-2609.0000000000146
rsi_overbought,SELL,2026-04-01 14:20:00.000000,23690.09,23700,pe,28.11,-0.49,-0.4562,0.0095,0.2271,0.6244392026270712,,CLOSED,2026-04-01 14:26:00.000000,23758.59,Time Exit,-3425.0
rsi_overbought,SELL,2026-04-01 14:21:00.000000,23709.87,23700,pe,28.11,-0.49,-0.4562,0.0095,0.2271,0.6571848460440359,,CLOSED,2026-04-01 14:27:00.000000,23771.68,Time Exit,-3090.5000000000655
rsi_overbought,SELL,2026-04-01 14:22:00.000000,23717.17,23700,pe,28.11,-0.49,-0.4562,0.0095,0.2271,0.7130731232171101,,CLOSED,2026-04-01 14:28:00.000000,23766.2,Time Exit,-2451.5000000001237
rsi_overbought,SELL,2026-04-01 14:23:00.000000,23734.68,23750,pe,28.54,-0.5996,-0.5608,0.0112,0.2151,0.6909611378384971,,CLOSED,2026-04-01 14:29:00.000000,23787.43,Time Exit,-2637.5
rsi_overbought,SELL,2026-04-01 14:24:00.000000,23722.89,23700,pe,28.11,-0.49,-0.4562,0.0095,0.2271,0.5002390094215561,,CLOSED,2026-04-01 14:30:00.000000,23773.85,Time Exit,-2547.9999999999563
rsi_overbought,SELL,2026-04-01 14:25:00.000000,23723.7,23700,pe,28.11,-0.49,-0.4562,0.0095,0.2271,0.43963206943648314,,CLOSED,2026-04-01 14:31:00.000000,23771.8,Time Exit,-2404.9999999999272
rsi_overbought,SELL,2026-04-01 14:26:00.000000,23758.59,23750,pe,28.54,-0.5996,-0.5608,0.0112,0.2151,0.5127488123157998,,CLOSED,2026-04-01 14:32:00.000000,23798.63,Time Exit,-2002.0000000000437
rsi_overbought,SELL,2026-04-01 14:27:00.000000,23771.68,23750,pe,28.54,-0.5996,-0.5608,0.0112,0.2151,0.5318571160318005,,CLOSED,2026-04-01 14:33:00.000000,23807.36,Time Exit,-1784.0000000000146
rsi_overbought,SELL,2026-04-01 14:28:00.000000,23766.2,23750,pe,28.54,-0.5996,-0.5608,0.0112,0.2151,0.4565170618356793,,CLOSED,2026-04-01 14:34:00.000000,23836.99,Time Exit,-3539.5000000000437
rsi_overbought,SELL,2026-04-01 14:29:00.000000,23787.43,23800,pe,28.31,-0.494,-0.4574,0.0108,0.2369,0.5842631287107153,,CLOSED,2026-04-01 14:35:00.000000,23877.69,Time Exit,-4512.99999999992
rsi_overbought,SELL,2026-04-01 14:30:00.000000,23773.85,23750,pe,28.54,-0.5996,-0.5608,0.0112,0.2151,0.3456177651783274,,CLOSED,2026-04-01 14:36:00.000000,23865.92,Time Exit,-4603.499999999985
rsi_overbought,SELL,2026-04-01 14:31:00.000000,23771.8,23750,pe,28.54,-0.5996,-0.5608,0.0112,0.2151,0.16765392209654426,,CLOSED,2026-04-01 14:37:00.000000,23885.92,Time Exit,-5705.999999999949
rsi_overbought,SELL,2026-04-01 14:32:00.000000,23798.63,23800,pe,28.31,-0.494,-0.4574,0.0108,0.2369,0.25105791904897784,,CLOSED,2026-04-01 14:38:00.000000,23909.83,Time Exit,-5560.000000000036
rsi_overbought,SELL,2026-04-01 14:33:00.000000,23807.36,23800,pe,28.31,-0.494,-0.4574,0.0108,0.2369,0.45612642994113345,,CLOSED,2026-04-01 14:39:00.000000,23899.7,Time Exit,-4617.000000000007
rsi_overbought,SELL,2026-04-01 14:34:00.000000,23836.99,23800,pe,28.31,-0.494,-0.4574,0.0108,0.2369,0.4844068327848177,,CLOSED,2026-04-01 14:40:00.000000,23947.78,Time Exit,-5539.499999999862
rsi_overbought,SELL,2026-04-01 14:36:00.000000,23865.92,23800,pe,28.31,-0.494,-0.4574,0.0108,0.2369,0.37460624133729303,,CLOSED,2026-04-01 14:42:00.000000,23960.81,Time Exit,-4744.500000000153
rsi_overbought,SELL,2026-04-02 09:29:00.000000,22902.17,22900,pe,10.0,-0.4691,-0.4382,0.0096,0.2126,0.6731069476971101,,CLOSED,2026-04-02 09:35:00.000000,22880.95,Time Exit,1060.9999999998763
rsi_overbought,SELL,2026-04-02 09:30:00.000000,22904.19,22900,pe,10.0,-0.4691,-0.4382,0.0096,0.2126,0.6708716497681351,,CLOSED,2026-04-02 09:36:00.000000,22912.74,Time Exit,-427.5000000001455
rsi_overbought,SELL,2026-04-02 09:31:00.000000,22868.16,22850,pe,10.0,-0.4481,-0.4988,0.0106,0.1963,0.07388885964451361,,CLOSED,2026-04-02 09:37:00.000000,22880.22,Time Exit,-603.0000000000655
rsi_overbought,SELL,2026-04-02 09:32:00.000000,22886.34,22900,pe,10.0,-0.4691,-0.4382,0.0096,0.2126,0.12165085704777805,,CLOSED,2026-04-02 09:38:00.000000,22912.41,Time Exit,-1303.4999999999854
rsi_overbought,SELL,2026-04-02 09:33:00.000000,22883.67,22900,pe,10.0,-0.4691,-0.4382,0.0096,0.2126,0.055382361458898306,,CLOSED,2026-04-02 09:39:00.000000,22919.73,Time Exit,-1803.0000000000655
rsi_overbought,SELL,2026-04-02 09:34:00.000000,22901.42,22900,pe,10.0,-0.4691,-0.4382,0.0096,0.2126,0.10301206768254616,,CLOSED,2026-04-02 09:40:00.000000,22936.98,Time Exit,-1778.0000000000655
rsi_overbought,SELL,2026-04-02 10:15:00.000000,22952.15,22950,pe,10.0,-0.5335,-0.5519,0.0093,0.2014,0.16002126528449498,,CLOSED,2026-04-02 10:21:00.000000,22902.75,Time Exit,2470.0000000000728
rsi_overbought,SELL,2026-04-02 10:16:00.000000,22946.21,22950,pe,10.0,-0.5335,-0.5519,0.0093,0.2014,0.0121312597037227,,CLOSED,2026-04-02 10:22:00.000000,22884.14,Time Exit,3103.4999999999854
rsi_overbought,SELL,2026-04-02 10:42:00.000000,23012.18,23000,pe,10.0,-0.5428,-0.3889,0.0096,0.2091,0.004950426784704595,,CLOSED,2026-04-02 10:48:00.000000,23052.39,Time Exit,-2010.4999999999563
rsi_overbought,SELL,2026-04-02 10:44:00.000000,23047.12,23050,pe,10.0,-0.4792,-0.5086,0.0117,0.2132,0.08022571801217993,,CLOSED,2026-04-02 10:50:00.000000,23074.76,Time Exit,-1381.999999999971
rsi_overbought,SELL,2026-04-02 10:45:00.000000,23058.08,23050,pe,10.0,-0.4792,-0.5086,0.0117,0.2132,0.05171585779168974,,CLOSED,2026-04-02 10:51:00.000000,23077.22,Time Exit,-956.9999999999709
rsi_overbought,SELL,2026-04-02 10:48:00.000000,23052.39,23050,pe,10.0,-0.4792,-0.5086,0.0117,0.2132,0.20632186383015066,,CLOSED,2026-04-02 10:54:00.000000,23062.65,Time Exit,-513.0000000001019
rsi_overbought,SELL,2026-04-02 10:49:00.000000,23072.25,23050,pe,10.0,-0.4792,-0.5086,0.0117,0.2132,0.6568806224167076,,CLOSED,2026-04-02 10:55:00.000000,23064.88,Time Exit,368.49999999994907
rsi_overbought,SELL,2026-04-02 10:50:00.000000,23074.76,23050,pe,10.0,-0.4792,-0.5086,0.0117,0.2132,0.6468509047685819,,CLOSED,2026-04-02 10:56:00.000000,23063.53,Time Exit,561.4999999999782
rsi_overbought,SELL,2026-04-02 10:51:00.000000,23077.22,23100,pe,10.0,-0.4436,-0.5271,0.0098,0.1906,0.648352332897258,,CLOSED,2026-04-02 10:57:00.000000,23065.3,Time Exit,596.0000000000946
rsi_overbought,SELL,2026-04-02 10:52:00.000000,23081.42,23100,pe,10.0,-0.4436,-0.5271,0.0098,0.1906,0.6400446357404509,,CLOSED,2026-04-02 10:58:00.000000,23070.7,Time Exit,535.9999999998763
rsi_overbought,SELL,2026-04-02 10:53:00.000000,23072.13,23050,pe,10.0,-0.4792,-0.5086,0.0117,0.2132,0.4959989878862771,,CLOSED,2026-04-02 10:59:00.000000,23105.72,Time Exit,-1679.5000000000073
rsi_overbought,SELL,2026-04-02 10:54:00.000000,23062.65,23050,pe,10.0,-0.4792,-0.5086,0.0117,0.2132,0.20502172492022955,,CLOSED,2026-04-02 11:00:00.000000,23111.38,Time Exit,-2436.499999999978
rsi_overbought,SELL,2026-04-02 10:55:00.000000,23064.88,23050,pe,10.0,-0.4792,-0.5086,0.0117,0.2132,0.0921266411979398,,CLOSED,2026-04-02 11:01:00.000000,23151.39,Time Exit,-4325.49999999992
rsi_overbought,SELL,2026-04-02 11:00:00.000000,23111.38,23100,pe,10.0,-0.4436,-0.5271,0.0098,0.1906,0.3659496696190241,,CLOSED,2026-04-02 11:06:00.000000,23190.47,Time Exit,-3954.5000000000073
rsi_overbought,SELL,2026-04-02 11:01:00.000000,23151.39,23150,pe,10.0,-0.4496,-0.5116,0.0107,0.2237,0.46942424884121436,,CLOSED,2026-04-02 11:07:00.000000,23183.83,Time Exit,-1622.0000000001164
rsi_overbought,SELL,2026-04-02 11:02:00.000000,23150.0,23150,pe,10.0,-0.4496,-0.5116,0.0107,0.2237,0.49015146128140497,,CLOSED,2026-04-02 11:08:00.000000,23173.83,Time Exit,-1191.5000000000873
rsi_overbought,SELL,2026-04-02 11:03:00.000000,23141.11,23150,pe,10.0,-0.4496,-0.5116,0.0107,0.2237,0.21846881587745628,,CLOSED,2026-04-02 11:09:00.000000,23177.42,Time Exit,-1815.4999999998836
rsi_overbought,SELL,2026-04-02 11:04:00.000000,23171.59,23150,pe,10.0,-0.4496,-0.5116,0.0107,0.2237,0.35714436761195384,,CLOSED,2026-04-02 11:10:00.000000,23177.98,Time Exit,-319.4999999999709
rsi_overbought,SELL,2026-04-02 11:05:00.000000,23190.44,23200,pe,10.0,-0.5073,-0.5043,0.0093,0.1853,0.41769145308970224,,CLOSED,2026-04-02 11:11:00.000000,23189.93,Time Exit,25.499999999919964
rsi_overbought,SELL,2026-04-02 11:06:00.000000,23190.47,23200,pe,10.0,-0.5073,-0.5043,0.0093,0.1853,0.4033951525856528,,CLOSED,2026-04-02 11:12:00.000000,23205.08,Time Exit,-730.5000000000291
rsi_overbought,SELL,2026-04-02 11:07:00.000000,23183.83,23200,pe,10.0,-0.5073,-0.5043,0.0093,0.1853,0.4467703349282322,,CLOSED,2026-04-02 11:13:00.000000,23199.49,Time Exit,-782.9999999999927
rsi_overbought,SELL,2026-04-02 11:08:00.000000,23173.83,23150,pe,10.0,-0.4496,-0.5116,0.0107,0.2237,0.43815088639795996,,CLOSED,2026-04-02 11:14:00.000000,23213.45,Time Exit,-1980.999999999949
rsi_overbought,SELL,2026-04-02 11:09:00.000000,23177.42,23200,pe,10.0,-0.5073,-0.5043,0.0093,0.1853,0.4426701364245574,,CLOSED,2026-04-02 11:15:00.000000,23148.9,Time Exit,1425.99999999984
rsi_overbought,SELL,2026-04-02 11:10:00.000000,23177.98,23200,pe,10.0,-0.5073,-0.5043,0.0093,0.1853,0.4667934319726129,,CLOSED,2026-04-02 11:16:00.000000,23183.4,Time Exit,-271.0000000000946
rsi_overbought,SELL,2026-04-02 11:11:00.000000,23189.93,23200,pe,10.0,-0.5073,-0.5043,0.0093,0.1853,0.49720774733384443,,CLOSED,2026-04-02 11:17:00.000000,23170.44,Time Exit,974.50000000008
rsi_overbought,SELL,2026-04-02 11:12:00.000000,23205.08,23200,pe,10.0,-0.5073,-0.5043,0.0093,0.1853,0.5232529309673325,,CLOSED,2026-04-02 11:18:00.000000,23171.74,Time Exit,1667.0000000000073
rsi_overbought,SELL,2026-04-02 11:13:00.000000,23199.49,23200,pe,10.0,-0.5073,-0.5043,0.0093,0.1853,0.3175472846736994,,CLOSED,2026-04-02 11:19:00.000000,23183.08,Time Exit,820.4999999999927
rsi_overbought,SELL,2026-04-02 11:14:00.000000,23213.45,23200,pe,10.0,-0.5073,-0.5043,0.0093,0.1853,0.35144732379757265,,CLOSED,2026-04-02 11:20:00.000000,23187.92,Time Exit,1276.5000000001237
rsi_overbought,SELL,2026-04-02 11:41:00.000000,23336.37,23350,pe,14.68,-0.5691,-0.5012,0.0099,0.1943,0.10847422030874346,,CLOSED,2026-04-02 11:47:00.000000,23344.37,Time Exit,-400.0
rsi_overbought,SELL,2026-04-02 11:42:00.000000,23362.0,23350,pe,14.68,-0.5691,-0.5012,0.0099,0.1943,0.4282993581152747,,CLOSED,2026-04-02 11:48:00.000000,23350.48,Time Exit,576.0000000000218
rsi_overbought,SELL,2026-04-02 11:43:00.000000,23332.34,23350,pe,14.68,-0.5691,-0.5012,0.0099,0.1943,0.3563013086937251,,CLOSED,2026-04-02 11:49:00.000000,23312.95,Time Exit,969.4999999999709
rsi_overbought,SELL,2026-04-02 11:44:00.000000,23332.99,23350,pe,14.68,-0.5691,-0.5012,0.0099,0.1943,0.24988992514912856,,CLOSED,2026-04-02 11:50:00.000000,23350.91,Time Exit,-895.9999999999127
rsi_overbought,SELL,2026-04-02 11:45:00.000000,23349.01,23350,pe,14.68,-0.5691,-0.5012,0.0099,0.1943,0.27669921648849066,,CLOSED,2026-04-02 11:51:00.000000,23323.91,Time Exit,1254.9999999999272
rsi_overbought,SELL,2026-04-02 11:46:00.000000,23332.26,23350,pe,14.68,-0.5691,-0.5012,0.0099,0.1943,0.08894548905037046,,CLOSED,2026-04-02 11:52:00.000000,23324.68,Time Exit,378.9999999999054
rsi_overbought,SELL,2026-04-02 11:47:00.000000,23344.37,23350,pe,14.68,-0.5691,-0.5012,0.0099,0.1943,0.04871784843627154,,CLOSED,2026-04-02 11:53:00.000000,23323.23,Time Exit,1056.999999999971
rsi_overbought,SELL,2026-04-02 11:48:00.000000,23350.48,23350,pe,14.68,-0.5691,-0.5012,0.0099,0.1943,0.021154439481143563,,CLOSED,2026-04-02 11:54:00.000000,23340.21,Time Exit,513.5000000000218
rsi_overbought,SELL,2026-04-02 12:26:00.000000,23458.03,23450,pe,12.11,-0.5202,-0.4949,0.0115,0.1963,0.13590592310161612,,CLOSED,2026-04-02 12:32:00.000000,23430.33,Time Exit,1384.9999999998545
rsi_overbought,SELL,2026-04-02 12:42:00.000000,23528.5,23550,pe,10.0,-0.4594,-0.3765,0.0091,0.2329,0.19058832324141406,,CLOSED,2026-04-02 12:48:00.000000,23627.5,Time Exit,-4950.0
rsi_overbought,SELL,2026-04-02 12:43:00.000000,23546.81,23550,pe,10.0,-0.4594,-0.3765,0.0091,0.2329,0.18538163487946663,,CLOSED,2026-04-02 12:49:00.000000,23629.66,Time Exit,-4142.499999999927
rsi_overbought,SELL,2026-04-02 12:44:00.000000,23574.42,23550,pe,10.0,-0.4594,-0.3765,0.0091,0.2329,0.2503548308928079,,CLOSED,2026-04-02 12:50:00.000000,23624.97,Time Exit,-2527.5000000001455
rsi_overbought,SELL,2026-04-02 12:45:00.000000,23582.57,23600,pe,19.34,-0.5095,-0.5284,0.011,0.1727,0.7789640173981733,,CLOSED,2026-04-02 12:51:00.000000,23633.46,Time Exit,-2544.499999999971
rsi_overbought,SELL,2026-04-02 12:46:00.000000,23583.96,23600,pe,19.34,-0.5095,-0.5284,0.011,0.1727,0.8947090269731821,,CLOSED,2026-04-02 12:52:00.000000,23630.8,Time Exit,-2342.0000000000073
rsi_overbought,SELL,2026-04-02 12:47:00.000000,23609.11,23600,pe,19.34,-0.5095,-0.5284,0.011,0.1727,0.8969523354818126,,CLOSED,2026-04-02 12:53:00.000000,23671.56,Time Exit,-3122.5000000000364
rsi_overbought,SELL,2026-04-02 12:48:00.000000,23627.5,23650,pe,23.06,-0.5576,-0.5072,0.0099,0.2216,0.8968661649344914,,CLOSED,2026-04-02 12:54:00.000000,23634.94,Time Exit,-371.9999999999345
rsi_overbought,SELL,2026-04-02 12:49:00.000000,23629.66,23650,pe,23.06,-0.5576,-0.5072,0.0099,0.2216,0.8865527814279398,,CLOSED,2026-04-02 12:55:00.000000,23640.37,Time Exit,-535.4999999999563
rsi_overbought,SELL,2026-04-02 12:50:00.000000,23624.97,23600,pe,19.34,-0.5095,-0.5284,0.011,0.1727,0.7878103837471992,,CLOSED,2026-04-02 12:56:00.000000,23638.52,Time Exit,-677.4999999999636
rsi_overbought,SELL,2026-04-02 12:51:00.000000,23633.46,23650,pe,23.06,-0.5576,-0.5072,0.0099,0.2216,0.7748734090598224,,CLOSED,2026-04-02 12:57:00.000000,23627.08,Time Exit,318.99999999986903
rsi_overbought,SELL,2026-04-02 12:52:00.000000,23630.8,23650,pe,23.06,-0.5576,-0.5072,0.0099,0.2216,0.6945094597230579,,CLOSED,2026-04-02 12:58:00.000000,23650.62,Time Exit,-990.9999999999854
rsi_overbought,SELL,2026-04-02 12:53:00.000000,23671.56,23650,pe,23.06,-0.5576,-0.5072,0.0099,0.2216,0.7541835873894248,,CLOSED,2026-04-02 12:59:00.000000,23614.61,Time Exit,2847.5000000000364
rsi_overbought,SELL,2026-04-02 12:54:00.000000,23634.94,23650,pe,23.06,-0.5576,-0.5072,0.0099,0.2216,0.27208012581738783,,CLOSED,2026-04-02 13:00:00.000000,23633.02,Time Exit,95.99999999991269
rsi_overbought,SELL,2026-04-02 12:55:00.000000,23640.37,23650,pe,23.06,-0.5576,-0.5072,0.0099,0.2216,0.2910580116732641,,CLOSED,2026-04-02 13:01:00.000000,23622.6,Time Exit,888.5000000000218
rsi_overbought,SELL,2026-04-02 12:56:00.000000,23638.52,23650,pe,23.06,-0.5576,-0.5072,0.0099,0.2216,0.2426195907302765,,CLOSED,2026-04-02 13:02:00.000000,23633.7,Time Exit,240.99999999998545
rsi_overbought,SELL,2026-04-02 12:57:00.000000,23627.08,23650,pe,23.06,-0.5576,-0.5072,0.0099,0.2216,0.02014134880299802,,CLOSED,2026-04-02 13:03:00.000000,23645.32,Time Exit,-911.9999999998981
rsi_overbought,SELL,2026-04-02 13:10:00.000000,23734.57,23750,pe,28.54,-0.5996,-0.5608,0.0112,0.2151,0.017070288586126026,,CLOSED,2026-04-02 13:16:00.000000,23822.95,Time Exit,-4419.000000000051
rsi_overbought,SELL,2026-04-02 13:11:00.000000,23738.69,23750,pe,28.54,-0.5996,-0.5608,0.0112,0.2151,0.15347647810943008,,CLOSED,2026-04-02 13:17:00.000000,23784.22,Time Exit,-2276.5000000001237
rsi_overbought,SELL,2026-04-02 13:12:00.000000,23769.33,23750,pe,28.54,-0.5996,-0.5608,0.0112,0.2151,0.1791714762088186,,CLOSED,2026-04-02 13:18:00.000000,23803.38,Time Exit,-1702.4999999999636
rsi_overbought,SELL,2026-04-02 13:13:00.000000,23795.64,23800,pe,28.31,-0.494,-0.4574,0.0108,0.2369,0.679021155761708,,CLOSED,2026-04-02 13:19:00.000000,23811.11,Time Exit,-773.5000000000582
rsi_overbought,SELL,2026-04-02 13:14:00.000000,23834.55,23800,pe,28.31,-0.494,-0.4574,0.0108,0.2369,0.7059103973410676,,CLOSED,2026-04-02 13:20:00.000000,23825.7,Time Exit,442.49999999992724
rsi_overbought,SELL,2026-04-02 13:15:00.000000,23826.03,23800,pe,28.31,-0.494,-0.4574,0.0108,0.2369,0.7296926266079253,,CLOSED,2026-04-02 13:21:00.000000,23839.36,Time Exit,-666.5000000000873
rsi_overbought,SELL,2026-04-02 13:16:00.000000,23822.95,23800,pe,28.31,-0.494,-0.4574,0.0108,0.2369,0.676732399165248,,CLOSED,2026-04-02 13:22:00.000000,23833.41,Time Exit,-522.9999999999563
rsi_overbought,SELL,2026-04-02 13:17:00.000000,23784.22,23800,pe,28.31,-0.494,-0.4574,0.0108,0.2369,0.2172584956090399,,CLOSED,2026-04-02 13:23:00.000000,23830.79,Time Exit,-2328.4999999999854
rsi_overbought,SELL,2026-04-02 13:18:00.000000,23803.38,23800,pe,28.31,-0.494,-0.4574,0.0108,0.2369,0.3098342301997306,,CLOSED,2026-04-02 13:24:00.000000,23842.8,Time Exit,-1970.9999999999127
rsi_overbought,SELL,2026-04-02 13:19:00.000000,23811.11,23800,pe,28.31,-0.494,-0.4574,0.0108,0.2369,0.39569675575728286,,CLOSED,2026-04-02 13:25:00.000000,23856.52,Time Exit,-2270.4999999999927
rsi_overbought,SELL,2026-04-02 13:20:00.000000,23825.7,23800,pe,28.31,-0.494,-0.4574,0.0108,0.2369,0.4041318889480981,,CLOSED,2026-04-02 13:26:00.000000,23851.76,Time Exit,-1302.9999999998836
rsi_overbought,SELL,2026-04-02 13:21:00.000000,23839.36,23800,pe,28.31,-0.494,-0.4574,0.0108,0.2369,0.426046299464034,,CLOSED,2026-04-02 13:27:00.000000,23872.53,Time Exit,-1658.4999999999127
rsi_overbought,SELL,2026-04-02 13:22:00.000000,23833.41,23800,pe,28.31,-0.494,-0.4574,0.0108,0.2369,0.2908980949501142,,CLOSED,2026-04-02 13:28:00.000000,23898.01,Time Exit,-3229.9999999999272
rsi_overbought,SELL,2026-04-02 13:23:00.000000,23830.79,23800,pe,28.31,-0.494,-0.4574,0.0108,0.2369,0.17162426339255557,,CLOSED,2026-04-02 13:29:00.000000,23866.82,Time Exit,-1801.4999999999418
rsi_overbought,SELL,2026-04-02 13:24:00.000000,23842.8,23800,pe,28.31,-0.494,-0.4574,0.0108,0.2369,0.1313837396215978,,CLOSED,2026-04-02 13:30:00.000000,23858.81,Time Exit,-800.5000000001019
rsi_overbought,SELL,2026-04-02 13:25:00.000000,23856.52,23800,pe,28.31,-0.494,-0.4574,0.0108,0.2369,0.16677276521101636,,CLOSED,2026-04-02 13:31:00.000000,23844.63,Time Exit,594.4999999999709
rsi_overbought,SELL,2026-04-03 09:29:00.000000,22680.35,22700,pe,5.0,-0.4388,-0.4632,0.009,0.2125,0.011529331976946366,,CLOSED,2026-04-03 09:35:00.000000,22606.37,Time Exit,3698.999999999978
rsi_overbought,SELL,2026-04-03 10:30:00.000000,22753.18,22750,pe,7.41,-0.4085,-0.4956,0.0092,0.1822,0.12743406457974135,,CLOSED,2026-04-03 10:36:00.000000,22729.74,Time Exit,1171.9999999999345
rsi_overbought,SELL,2026-04-03 10:31:00.000000,22737.32,22750,pe,7.41,-0.4085,-0.4956,0.0092,0.1822,0.12395134658380916,,CLOSED,2026-04-03 10:37:00.000000,22737.68,Time Exit,-18.000000000029104
rsi_overbought,SELL,2026-04-03 10:32:00.000000,22744.72,22750,pe,7.41,-0.4085,-0.4956,0.0092,0.1822,0.3264747088221327,,CLOSED,2026-04-03 10:38:00.000000,22748.16,Time Exit,-171.99999999993452
rsi_overbought,SELL,2026-04-03 10:33:00.000000,22740.2,22750,pe,7.41,-0.4085,-0.4956,0.0092,0.1822,0.21198858638519197,,CLOSED,2026-04-03 10:39:00.000000,22759.03,Time Exit,-941.4999999999054
rsi_overbought,SELL,2026-04-03 10:34:00.000000,22725.95,22750,pe,7.41,-0.4085,-0.4956,0.0092,0.1822,0.06459697631176056,,CLOSED,2026-04-03 10:40:00.000000,22786.28,Time Exit,-3016.4999999999054
rsi_overbought,SELL,2026-04-03 10:36:00.000000,22729.74,22750,pe,7.41,-0.4085,-0.4956,0.0092,0.1822,0.05627067131492775,,CLOSED,2026-04-03 10:42:00.000000,22830.07,Time Exit,-5016.499999999905
rsi_overbought,SELL,2026-04-03 10:37:00.000000,22737.68,22750,pe,7.41,-0.4085,-0.4956,0.0092,0.1822,0.1710816055115752,,CLOSED,2026-04-03 10:43:00.000000,22843.8,Time Exit,-5305.999999999949
rsi_overbought,SELL,2026-04-03 10:38:00.000000,22748.16,22750,pe,7.41,-0.4085,-0.4956,0.0092,0.1822,0.18104469574581686,,CLOSED,2026-04-03 10:44:00.000000,22838.47,Time Exit,-4515.5000000000655
rsi_overbought,SELL,2026-04-03 10:39:00.000000,22759.03,22750,pe,7.41,-0.4085,-0.4956,0.0092,0.1822,0.17351419503498988,,CLOSED,2026-04-03 10:45:00.000000,22848.92,Time Exit,-4494.499999999971
rsi_overbought,SELL,2026-04-03 10:40:00.000000,22786.28,22800,pe,5.0,-0.5112,-0.5026,0.0096,0.2148,0.22506216623863223,,CLOSED,2026-04-03 10:46:00.000000,22843.67,Time Exit,-2869.499999999971
rsi_overbought,SELL,2026-04-03 10:41:00.000000,22797.73,22800,pe,5.0,-0.5112,-0.5026,0.0096,0.2148,0.18604153286233657,,CLOSED,2026-04-03 10:47:00.000000,22872.22,Time Exit,-3724.50000000008
rsi_overbought,SELL,2026-04-03 10:42:00.000000,22830.07,22850,pe,10.0,-0.4481,-0.4988,0.0106,0.1963,0.28204547171235866,,CLOSED,2026-04-03 10:48:00.000000,22891.94,Time Exit,-3093.499999999949
rsi_overbought,SELL,2026-04-03 10:43:00.000000,22843.8,22850,pe,10.0,-0.4481,-0.4988,0.0106,0.1963,0.29471126198822567,,CLOSED,2026-04-03 10:49:00.000000,22907.75,Time Exit,-3197.5000000000364
rsi_overbought,SELL,2026-04-03 10:44:00.000000,22838.47,22850,pe,10.0,-0.4481,-0.4988,0.0106,0.1963,0.15983487412060668,,CLOSED,2026-04-03 10:50:00.000000,22935.49,Time Exit,-4851.000000000022
rsi_overbought,SELL,2026-04-03 10:45:00.000000,22848.92,22850,pe,10.0,-0.4481,-0.4988,0.0106,0.1963,0.44991395525675604,,CLOSED,2026-04-03 10:51:00.000000,22942.93,Time Exit,-4700.500000000102
rsi_overbought,SELL,2026-04-03 10:46:00.000000,22843.67,22850,pe,10.0,-0.4481,-0.4988,0.0106,0.1963,0.33629305276816174,,CLOSED,2026-04-03 10:52:00.000000,22935.46,Time Exit,-4589.500000000044
rsi_overbought,SELL,2026-04-03 10:47:00.000000,22872.22,22850,pe,10.0,-0.4481,-0.4988,0.0106,0.1963,0.500866673741586,,CLOSED,2026-04-03 10:53:00.000000,22958.45,Time Exit,-4311.499999999978
rsi_overbought,SELL,2026-04-03 10:48:00.000000,22891.94,22900,pe,10.0,-0.4691,-0.4382,0.0096,0.2126,0.7598789941388124,,CLOSED,2026-04-03 10:54:00.000000,22966.77,Time Exit,-3741.5000000000873
rsi_overbought,SELL,2026-04-03 10:49:00.000000,22907.75,22900,pe,10.0,-0.4691,-0.4382,0.0096,0.2126,0.829092965027084,,CLOSED,2026-04-03 10:55:00.000000,22956.81,Time Exit,-2453.0000000000655
rsi_overbought,SELL,2026-04-03 10:50:00.000000,22935.49,22950,pe,10.0,-0.5335,-0.5519,0.0093,0.2014,0.8445786141348511,,CLOSED,2026-04-03 10:56:00.000000,22977.17,Time Exit,-2083.9999999998327
rsi_overbought,SELL,2026-04-03 10:51:00.000000,22942.93,22950,pe,10.0,-0.5335,-0.5519,0.0093,0.2014,0.8442353841850585,,CLOSED,2026-04-03 10:57:00.000000,22995.29,Time Exit,-2618.000000000029
rsi_overbought,SELL,2026-04-03 10:52:00.000000,22935.46,22950,pe,10.0,-0.5335,-0.5519,0.0093,0.2014,0.7306774097284474,,CLOSED,2026-04-03 10:58:00.000000,23025.87,Time Exit,-4520.499999999993
rsi_overbought,SELL,2026-04-03 10:53:00.000000,22958.45,22950,pe,10.0,-0.5335,-0.5519,0.0093,0.2014,0.7445369112318948,,CLOSED,2026-04-03 10:59:00.000000,23036.45,Time Exit,-3900.0
rsi_overbought,SELL,2026-04-03 10:54:00.000000,22966.77,22950,pe,10.0,-0.5335,-0.5519,0.0093,0.2014,0.7222093971713183,,CLOSED,2026-04-03 11:00:00.000000,23047.55,Time Exit,-4038.999999999942
rsi_overbought,SELL,2026-04-03 10:55:00.000000,22956.81,22950,pe,10.0,-0.5335,-0.5519,0.0093,0.2014,0.5659383232605208,,CLOSED,2026-04-03 11:01:00.000000,23040.69,Time Exit,-4193.999999999869
rsi_overbought,SELL,2026-04-03 10:56:00.000000,22977.17,23000,pe,10.0,-0.5428,-0.3889,0.0096,0.2091,0.5403374031771193,,CLOSED,2026-04-03 11:02:00.000000,23031.7,Time Exit,-2726.5000000001237
rsi_overbought,SELL,2026-04-03 10:57:00.000000,22995.29,23000,pe,10.0,-0.5428,-0.3889,0.0096,0.2091,0.5500618444091269,,CLOSED,2026-04-03 11:03:00.000000,23033.12,Time Exit,-1891.4999999999054
rsi_overbought,SELL,2026-04-03 10:58:00.000000,23025.87,23050,pe,10.0,-0.4792,-0.5086,0.0117,0.2132,0.6752019247293286,,CLOSED,2026-04-03 11:04:00.000000,23057.99,Time Exit,-1606.000000000131
rsi_overbought,SELL,2026-04-03 10:59:00.000000,23036.45,23050,pe,10.0,-0.4792,-0.5086,0.0117,0.2132,0.6753832281334539,,CLOSED,2026-04-03 11:05:00.000000,23061.25,Time Exit,-1239.9999999999636
rsi_overbought,SELL,2026-04-03 11:00:00.000000,23047.55,23050,pe,10.0,-0.4792,-0.5086,0.0117,0.2132,0.7566390215296953,,CLOSED,2026-04-03 11:06:00.000000,23054.77,Time Exit,-361.0000000000582
rsi_overbought,SELL,2026-04-03 11:01:00.000000,23040.69,23050,pe,10.0,-0.4792,-0.5086,0.0117,0.2132,0.6269676725792682,,CLOSED,2026-04-03 11:07:00.000000,23092.4,Time Exit,-2585.5000000001382
rsi_overbought,SELL,2026-04-03 11:02:00.000000,23031.7,23050,pe,10.0,-0.4792,-0.5086,0.0117,0.2132,0.4623238981517564,,CLOSED,2026-04-03 11:08:00.000000,23087.51,Time Exit,-2790.4999999998836
rsi_overbought,SELL,2026-04-03 11:03:00.000000,23033.12,23050,pe,10.0,-0.4792,-0.5086,0.0117,0.2132,0.4220114972472705,,CLOSED,2026-04-03 11:09:00.000000,23113.15,Time Exit,-4001.5000000001237
rsi_overbought,SELL,2026-04-03 11:04:00.000000,23057.99,23050,pe,10.0,-0.4792,-0.5086,0.0117,0.2132,0.4132374202193442,,CLOSED,2026-04-03 11:10:00.000000,23118.56,Time Exit,-3028.4999999999854
rsi_overbought,SELL,2026-04-03 11:05:00.000000,23061.25,23050,pe,10.0,-0.4792,-0.5086,0.0117,0.2132,0.399971152459265,,CLOSED,2026-04-03 11:11:00.000000,23142.89,Time Exit,-4081.999999999971
rsi_overbought,SELL,2026-04-03 11:06:00.000000,23054.77,23050,pe,10.0,-0.4792,-0.5086,0.0117,0.2132,0.41468631609480344,,CLOSED,2026-04-03 11:12:00.000000,23134.71,Time Exit,-3996.9999999999345
rsi_overbought,SELL,2026-04-03 11:07:00.000000,23092.4,23100,pe,10.0,-0.4436,-0.5271,0.0098,0.1906,0.4578485199550357,,CLOSED,2026-04-03 11:13:00.000000,23134.86,Time Exit,-2122.9999999999563
rsi_overbought,SELL,2026-04-03 11:08:00.000000,23087.51,23100,pe,10.0,-0.4436,-0.5271,0.0098,0.1906,0.3647702033145298,,CLOSED,2026-04-03 11:14:00.000000,23162.17,Time Exit,-3732.9999999999927
rsi_overbought,SELL,2026-04-03 11:09:00.000000,23113.15,23100,pe,10.0,-0.4436,-0.5271,0.0098,0.1906,0.5695353765379252,,CLOSED,2026-04-03 11:15:00.000000,23157.02,Time Exit,-2193.499999999949
rsi_overbought,SELL,2026-04-03 11:10:00.000000,23118.56,23100,pe,10.0,-0.4436,-0.5271,0.0098,0.1906,0.5366729646461995,,CLOSED,2026-04-03 11:16:00.000000,23156.18,Time Exit,-1880.999999999949
rsi_overbought,SELL,2026-04-03 11:11:00.000000,23142.89,23150,pe,10.0,-0.4496,-0.5116,0.0107,0.2237,0.550914010426961,,CLOSED,2026-04-03 11:17:00.000000,23195.05,Time Exit,-2607.9999999999927
rsi_overbought,SELL,2026-04-03 11:12:00.000000,23134.71,23150,pe,10.0,-0.4496,-0.5116,0.0107,0.2237,0.3431307058561411,,CLOSED,2026-04-03 11:18:00.000000,23198.39,Time Exit,-3184.0000000000146
rsi_overbought,SELL,2026-04-03 11:13:00.000000,23134.86,23150,pe,10.0,-0.4496,-0.5116,0.0107,0.2237,0.30264168784349105,,CLOSED,2026-04-03 11:19:00.000000,23212.41,Time Exit,-3877.4999999999636
rsi_overbought,SELL,2026-04-03 11:14:00.000000,23162.17,23150,pe,10.0,-0.4496,-0.5116,0.0107,0.2237,0.36360694639195545,,CLOSED,2026-04-03 11:20:00.000000,23230.35,Time Exit,-3409.0000000000146
rsi_overbought,SELL,2026-04-03 11:15:00.000000,23157.02,23150,pe,10.0,-0.4496,-0.5116,0.0107,0.2237,0.38871046758480127,,CLOSED,2026-04-03 11:21:00.000000,23246.47,Time Exit,-4472.500000000036
rsi_overbought,SELL,2026-04-03 11:16:00.000000,23156.18,23150,pe,10.0,-0.4496,-0.5116,0.0107,0.2237,0.5150755677071336,,CLOSED,2026-04-03 11:22:00.000000,23232.37,Time Exit,-3809.4999999999345
rsi_overbought,SELL,2026-04-03 11:17:00.000000,23195.05,23200,pe,10.0,-0.5073,-0.5043,0.0093,0.1853,0.6003317528128472,,CLOSED,2026-04-03 11:23:00.000000,23219.91,Time Exit,-1243.000000000029
rsi_overbought,SELL,2026-04-03 11:18:00.000000,23198.39,23200,pe,10.0,-0.5073,-0.5043,0.0093,0.1853,0.555393078476413,,CLOSED,2026-04-03 11:24:00.000000,23256.65,Time Exit,-2913.000000000102
rsi_overbought,SELL,2026-04-03 11:19:00.000000,23212.41,23200,pe,10.0,-0.5073,-0.5043,0.0093,0.1853,0.5790479957805795,,CLOSED,2026-04-03 11:25:00.000000,23261.48,Time Exit,-2453.4999999999854
rsi_overbought,SELL,2026-04-03 11:20:00.000000,23230.35,23250,pe,10.0,-0.4141,-0.4268,0.009,0.2097,0.7026984869754912,,CLOSED,2026-04-03 11:26:00.000000,23247.25,Time Exit,-845.0000000000728
rsi_overbought,SELL,2026-04-03 11:21:00.000000,23246.47,23250,pe,10.0,-0.4141,-0.4268,0.009,0.2097,0.6694243543715231,,CLOSED,2026-04-03 11:27:00.000000,23234.55,Time Exit,596.0000000000946
rsi_overbought,SELL,2026-04-03 11:22:00.000000,23232.37,23250,pe,10.0,-0.4141,-0.4268,0.009,0.2097,0.5321085733200889,,CLOSED,2026-04-03 11:28:00.000000,23220.34,Time Exit,601.4999999999418
rsi_overbought,SELL,2026-04-03 11:23:00.000000,23219.91,23200,pe,10.0,-0.5073,-0.5043,0.0093,0.1853,0.2786809761626448,,CLOSED,2026-04-03 11:29:00.000000,23237.94,Time Exit,-901.4999999999418
rsi_overbought,SELL,2026-04-03 11:24:00.000000,23256.65,23250,pe,10.0,-0.4141,-0.4268,0.009,0.2097,0.38161390723449906,,CLOSED,2026-04-03 11:30:00.000000,23253.6,Time Exit,152.50000000014552
rsi_overbought,SELL,2026-04-03 11:25:00.000000,23261.48,23250,pe,10.0,-0.4141,-0.4268,0.009,0.2097,0.32133633258352556,,CLOSED,2026-04-03 11:31:00.000000,23257.69,Time Exit,189.50000000004366
rsi_overbought,SELL,2026-04-03 11:26:00.000000,23247.25,23250,pe,10.0,-0.4141,-0.4268,0.009,0.2097,0.24340934821285506,,CLOSED,2026-04-03 11:32:00.000000,23261.09,Time Exit,-692.0000000000073
rsi_overbought,SELL,2026-04-03 11:27:00.000000,23234.55,23250,pe,10.0,-0.4141,-0.4268,0.009,0.2097,0.09322356886957645,,CLOSED,2026-04-03 11:33:00.000000,23271.23,Time Exit,-1834.0000000000146
rsi_overbought,SELL,2026-04-03 11:30:00.000000,23253.6,23250,pe,10.0,-0.4141,-0.4268,0.009,0.2097,0.030724737279145133,,CLOSED,2026-04-03 11:36:00.000000,23306.34,Time Exit,-2637.00000000008
rsi_overbought,SELL,2026-04-03 11:36:00.000000,23306.34,23300,pe,10.0,-0.5043,-0.4737,0.0106,0.1986,0.013817593052582804,,CLOSED,2026-04-03 11:42:00.000000,23343.23,Time Exit,-1844.499999999971
rsi_overbought,SELL,2026-04-03 11:37:00.000000,23305.96,23300,pe,10.0,-0.5043,-0.4737,0.0106,0.1986,0.18150097581169006,,CLOSED,2026-04-03 11:43:00.000000,23385.76,Time Exit,-3989.9999999999636
rsi_overbought,SELL,2026-04-03 11:39:00.000000,23320.32,23300,pe,10.0,-0.5043,-0.4737,0.0106,0.1986,0.024527769946430075,,CLOSED,2026-04-03 11:45:00.000000,23398.5,Time Exit,-3909.0000000000146
rsi_overbought,SELL,2026-04-03 11:40:00.000000,23334.73,23350,pe,14.68,-0.5691,-0.5012,0.0099,0.1943,0.3596602374583365,,CLOSED,2026-04-03 11:46:00.000000,23438.11,Time Exit,-5169.000000000051
rsi_overbought,SELL,2026-04-03 11:41:00.000000,23345.74,23350,pe,14.68,-0.5691,-0.5012,0.0099,0.1943,0.6535347058963245,,CLOSED,2026-04-03 11:47:00.000000,23415.27,Time Exit,-3476.499999999942
rsi_overbought,SELL,2026-04-03 11:42:00.000000,23343.23,23350,pe,14.68,-0.5691,-0.5012,0.0099,0.1943,0.9,,CLOSED,2026-04-03 11:48:00.000000,23423.96,Time Exit,-4036.499999999978
rsi_overbought,SELL,2026-04-03 11:43:00.000000,23385.76,23400,pe,18.67,-0.5113,-0.5347,0.0101,0.176,0.9,,CLOSED,2026-04-03 11:49:00.000000,23429.19,Time Exit,-2171.5000000000146
rsi_overbought,SELL,2026-04-03 11:44:00.000000,23379.54,23400,pe,18.67,-0.5113,-0.5347,0.0101,0.176,0.78935442101368,,CLOSED,2026-04-03 11:50:00.000000,23407.92,Time Exit,-1418.999999999869
rsi_overbought,SELL,2026-04-03 11:45:00.000000,23398.5,23400,pe,18.67,-0.5113,-0.5347,0.0101,0.176,0.8090507032216052,,CLOSED,2026-04-03 11:51:00.000000,23428.9,Time Exit,-1520.0000000000728
rsi_overbought,SELL,2026-04-03 11:46:00.000000,23438.11,23450,pe,12.11,-0.5202,-0.4949,0.0115,0.1963,0.844464932049435,,CLOSED,2026-04-03 11:52:00.000000,23432.85,Time Exit,263.00000000010186
rsi_overbought,SELL,2026-04-03 11:47:00.000000,23415.27,23400,pe,18.67,-0.5113,-0.5347,0.0101,0.176,0.4878330287582898,,CLOSED,2026-04-03 11:53:00.000000,23459.16,Time Exit,-2194.499999999971
rsi_overbought,SELL,2026-04-03 11:48:00.000000,23423.96,23400,pe,18.67,-0.5113,-0.5347,0.0101,0.176,0.4601307852182179,,CLOSED,2026-04-03 11:54:00.000000,23454.69,Time Exit,-1536.4999999999782
rsi_overbought,SELL,2026-04-03 11:49:00.000000,23429.19,23450,pe,12.11,-0.5202,-0.4949,0.0115,0.1963,0.45751833740829967,,CLOSED,2026-04-03 11:55:00.000000,23447.76,Time Exit,-928.4999999999854
rsi_overbought,SELL,2026-04-03 11:50:00.000000,23407.92,23400,pe,18.67,-0.5113,-0.5347,0.0101,0.176,0.14719738486682274,,CLOSED,2026-04-03 11:56:00.000000,23454.96,Time Exit,-2352.0000000000437
rsi_overbought,SELL,2026-04-03 11:51:00.000000,23428.9,23450,pe,12.11,-0.5202,-0.4949,0.0115,0.1963,0.22958038083574575,,CLOSED,2026-04-03 11:57:00.000000,23482.24,Time Exit,-2667.0000000000073
rsi_overbought,SELL,2026-04-03 11:52:00.000000,23432.85,23450,pe,12.11,-0.5202,-0.4949,0.0115,0.1963,0.2297151520452464,,CLOSED,2026-04-03 11:58:00.000000,23489.22,Time Exit,-2818.500000000131
rsi_overbought,SELL,2026-04-03 11:53:00.000000,23459.16,23450,pe,12.11,-0.5202,-0.4949,0.0115,0.1963,0.27967719068651414,,CLOSED,2026-04-03 11:59:00.000000,23487.26,Time Exit,-1404.9999999999272
rsi_overbought,SELL,2026-04-03 11:54:00.000000,23454.69,23450,pe,12.11,-0.5202,-0.4949,0.0115,0.1963,0.18563674084177534,,CLOSED,2026-04-03 12:00:00.000000,23533.23,Time Exit,-3927.0000000000437
rsi_overbought,SELL,2026-04-03 11:55:00.000000,23447.76,23450,pe,12.11,-0.5202,-0.4949,0.0115,0.1963,0.07100506146056963,,CLOSED,2026-04-03 12:01:00.000000,23512.09,Time Exit,-3216.5000000000873
rsi_overbought,SELL,2026-04-03 11:56:00.000000,23454.96,23450,pe,12.11,-0.5202,-0.4949,0.0115,0.1963,0.12510452541916617,,CLOSED,2026-04-03 12:02:00.000000,23505.09,Time Exit,-2506.500000000051
rsi_overbought,SELL,2026-04-03 11:57:00.000000,23482.24,23500,pe,25.12,-0.4779,-0.4749,0.0115,0.2303,0.06444181746538599,,CLOSED,2026-04-03 12:03:00.000000,23511.86,Time Exit,-1480.999999999949
rsi_overbought,SELL,2026-04-03 11:58:00.000000,23489.22,23500,pe,25.12,-0.4779,-0.4749,0.0115,0.2303,0.16160700800481892,,CLOSED,2026-04-03 12:04:00.000000,23529.61,Time Exit,-2019.499999999971
rsi_overbought,SELL,2026-04-03 11:59:00.000000,23487.26,23500,pe,25.12,-0.4779,-0.4749,0.0115,0.2303,0.0595647193584919,,CLOSED,2026-04-03 12:05:00.000000,23522.12,Time Exit,-1743.000000000029
rsi_overbought,SELL,2026-04-03 12:00:00.000000,23533.23,23550,pe,10.0,-0.4594,-0.3765,0.0091,0.2329,0.08803833825252383,,CLOSED,2026-04-03 12:06:00.000000,23552.9,Time Exit,-983.5000000000946
rsi_overbought,SELL,2026-04-03 12:01:00.000000,23512.09,23500,pe,25.12,-0.4779,-0.4749,0.0115,0.2303,0.10779420234206896,,CLOSED,2026-04-03 12:07:00.000000,23565.66,Time Exit,-2678.4999999999854
rsi_overbought,SELL,2026-04-03 12:04:00.000000,23529.61,23550,pe,10.0,-0.4594,-0.3765,0.0091,0.2329,0.3241812822642094,,CLOSED,2026-04-03 12:10:00.000000,23540.05,Time Exit,-521.9999999999345
rsi_overbought,SELL,2026-04-03 12:05:00.000000,23522.12,23500,pe,25.12,-0.4779,-0.4749,0.0115,0.2303,0.1459205020919948,,CLOSED,2026-04-03 12:11:00.000000,23570.24,Time Exit,-2406.000000000131
rsi_overbought,SELL,2026-04-03 12:06:00.000000,23552.9,23550,pe,10.0,-0.4594,-0.3765,0.0091,0.2329,0.2510205017657777,,CLOSED,2026-04-03 12:12:00.000000,23579.8,Time Exit,-1344.9999999998909
rsi_overbought,SELL,2026-04-03 12:07:00.000000,23565.66,23550,pe,10.0,-0.4594,-0.3765,0.0091,0.2329,0.20138888888884451,,CLOSED,2026-04-03 12:13:00.000000,23566.63,Time Exit,-48.50000000005821
rsi_overbought,SELL,2026-04-03 12:09:00.000000,23541.28,23550,pe,10.0,-0.4594,-0.3765,0.0091,0.2329,0.049566522684784786,,CLOSED,2026-04-03 12:15:00.000000,23566.16,Time Exit,-1244.000000000051
rsi_overbought,SELL,2026-04-03 12:10:00.000000,23540.05,23550,pe,10.0,-0.4594,-0.3765,0.0091,0.2329,0.0033860933931653867,,CLOSED,2026-04-03 12:16:00.000000,23573.43,Time Exit,-1669.000000000051
rsi_overbought,SELL,2026-04-03 12:11:00.000000,23570.24,23550,pe,10.0,-0.4594,-0.3765,0.0091,0.2329,0.0169028088491018,,CLOSED,2026-04-03 12:17:00.000000,23598.11,Time Exit,-1393.499999999949
rsi_overbought,SELL,2026-04-03 12:12:00.000000,23579.8,23600,pe,19.34,-0.5095,-0.5284,0.011,0.1727,0.028583709434749003,,CLOSED,2026-04-03 12:18:00.000000,23612.96,Time Exit,-1657.9999999999927
rsi_overbought,SELL,2026-04-03 12:17:00.000000,23598.11,23600,pe,19.34,-0.5095,-0.5284,0.011,0.1727,0.08230431233609371,,CLOSED,2026-04-03 12:23:00.000000,23717.01,Time Exit,-5944.999999999891
rsi_overbought,SELL,2026-04-03 12:18:00.000000,23612.96,23600,pe,19.34,-0.5095,-0.5284,0.011,0.1727,0.06822550212487499,,CLOSED,2026-04-03 12:24:00.000000,23719.34,Time Exit,-5319.000000000051
rsi_overbought,SELL,2026-04-03 12:19:00.000000,23679.16,23700,pe,28.11,-0.49,-0.4562,0.0095,0.2271,0.38981728155863776,,CLOSED,2026-04-03 12:25:00.000000,23740.24,Time Exit,-3054.0000000000873
rsi_overbought,SELL,2026-04-03 12:20:00.000000,23682.24,23700,pe,28.11,-0.49,-0.4562,0.0095,0.2271,0.3130036962976561,,CLOSED,2026-04-03 12:26:00.000000,23759.68,Time Exit,-3871.9999999999345
rsi_overbought,SELL,2026-04-03 12:21:00.000000,23675.0,23700,pe,28.11,-0.49,-0.4562,0.0095,0.2271,0.18282677605817574,,CLOSED,2026-04-03 12:27:00.000000,23759.57,Time Exit,-4228.499999999985
rsi_overbought,SELL,2026-04-03 12:22:00.000000,23679.95,23700,pe,28.11,-0.49,-0.4562,0.0095,0.2271,0.5191699570962048,,CLOSED,2026-04-03 12:28:00.000000,23785.07,Time Exit,-5255.999999999949
rsi_overbought,SELL,2026-04-03 12:23:00.000000,23717.01,23700,pe,28.11,-0.49,-0.4562,0.0095,0.2271,0.5958159116053736,,CLOSED,2026-04-03 12:29:00.000000,23806.63,Time Exit,-4481.000000000131
rsi_overbought,SELL,2026-04-03 12:24:00.000000,23719.34,23700,pe,28.11,-0.49,-0.4562,0.0095,0.2271,0.615313112245613,,CLOSED,2026-04-03 12:30:00.000000,23793.11,Time Exit,-3688.500000000022
rsi_overbought,SELL,2026-04-03 12:25:00.000000,23740.24,23750,pe,28.54,-0.5996,-0.5608,0.0112,0.2151,0.5993446529639395,,CLOSED,2026-04-03 12:31:00.000000,23793.57,Time Exit,-2666.4999999999054
rsi_overbought,SELL,2026-04-03 12:26:00.000000,23759.68,23750,pe,28.54,-0.5996,-0.5608,0.0112,0.2151,0.6162843774962766,,CLOSED,2026-04-03 12:32:00.000000,23777.05,Time Exit,-868.4999999999491
rsi_overbought,SELL,2026-04-03 12:27:00.000000,23759.57,23750,pe,28.54,-0.5996,-0.5608,0.0112,0.2151,0.7908923337261143,,CLOSED,2026-04-03 12:33:00.000000,23783.86,Time Exit,-1214.5000000000437
rsi_overbought,SELL,2026-04-03 12:28:00.000000,23785.07,23800,pe,28.31,-0.494,-0.4574,0.0108,0.2369,0.8977590451946469,,CLOSED,2026-04-03 12:34:00.000000,23813.75,Time Exit,-1434.0000000000146
rsi_overbought,SELL,2026-04-03 12:29:00.000000,23806.63,23800,pe,28.31,-0.494,-0.4574,0.0108,0.2369,0.9,,CLOSED,2026-04-03 12:35:00.000000,23819.14,Time Exit,-625.49999999992
rsi_overbought,SELL,2026-04-03 12:30:00.000000,23793.11,23800,pe,28.31,-0.494,-0.4574,0.0108,0.2369,0.7338892714150641,,CLOSED,2026-04-03 12:36:00.000000,23841.58,Time Exit,-2423.500000000058
rsi_overbought,SELL,2026-04-03 12:31:00.000000,23793.57,23800,pe,28.31,-0.494,-0.4574,0.0108,0.2369,0.7067172568858595,,CLOSED,2026-04-03 12:37:00.000000,23830.4,Time Exit,-1841.5000000000873
rsi_overbought,SELL,2026-04-03 12:32:00.000000,23777.05,23800,pe,28.31,-0.494,-0.4574,0.0108,0.2369,0.478237814152718,,CLOSED,2026-04-03 12:38:00.000000,23827.06,Time Exit,-2500.500000000102
rsi_overbought,SELL,2026-04-03 12:33:00.000000,23783.86,23800,pe,28.31,-0.494,-0.4574,0.0108,0.2369,0.30558650917462227,,CLOSED,2026-04-03 12:39:00.000000,23826.48,Time Exit,-2130.999999999949
rsi_overbought,SELL,2026-04-03 12:34:00.000000,23813.75,23800,pe,28.31,-0.494,-0.4574,0.0108,0.2369,0.3958343432384467,,CLOSED,2026-04-03 12:40:00.000000,23817.99,Time Exit,-212.00000000008004
rsi_overbought,SELL,2026-04-03 12:35:00.000000,23819.14,23800,pe,28.31,-0.494,-0.4574,0.0108,0.2369,0.5084132263744683,,CLOSED,2026-04-03 12:41:00.000000,23809.97,Time Exit,458.4999999999127
rsi_overbought,SELL,2026-04-03 12:36:00.000000,23841.58,23800,pe,28.31,-0.494,-0.4574,0.0108,0.2369,0.5471545081782404,,CLOSED,2026-04-03 12:42:00.000000,23829.23,Time Exit,617.5000000001091
rsi_overbought,SELL,2026-04-03 12:37:00.000000,23830.4,23800,pe,28.31,-0.494,-0.4574,0.0108,0.2369,0.29728810677547607,,CLOSED,2026-04-03 12:43:00.000000,23856.84,Time Exit,-1321.9999999999345
rsi_overbought,SELL,2026-04-03 12:38:00.000000,23827.06,23800,pe,28.31,-0.494,-0.4574,0.0108,0.2369,0.24439257079060894,,CLOSED,2026-04-03 12:44:00.000000,23824.44,Time Exit,131.00000000013097
rsi_overbought,SELL,2026-04-03 12:39:00.000000,23826.48,23800,pe,28.31,-0.494,-0.4574,0.0108,0.2369,0.14658066462973285,,CLOSED,2026-04-03 12:45:00.000000,23779.78,Time Exit,2335.0000000000364
rsi_overbought,SELL,2026-04-06 09:29:00.000000,23036.66,23050,pe,10.0,-0.4792,-0.5086,0.0117,0.2132,0.04630650496141016,,CLOSED,2026-04-06 09:35:00.000000,22987.49,Time Exit,2458.4999999999127
rsi_overbought,SELL,2026-04-06 09:47:00.000000,23066.07,23050,pe,10.0,-0.4792,-0.5086,0.0117,0.2132,0.19131069733475906,,CLOSED,2026-04-06 09:53:00.000000,23149.36,Time Exit,-4164.500000000044
rsi_overbought,SELL,2026-04-06 09:48:00.000000,23087.64,23100,pe,10.0,-0.4436,-0.5271,0.0098,0.1906,0.2840982546864547,,CLOSED,2026-04-06 09:54:00.000000,23174.66,Time Exit,-4351.000000000022
rsi_overbought,SELL,2026-04-06 09:49:00.000000,23102.93,23100,pe,10.0,-0.4436,-0.5271,0.0098,0.1906,0.3190900707039347,,CLOSED,2026-04-06 09:55:00.000000,23162.8,Time Exit,-2993.499999999949
rsi_overbought,SELL,2026-04-06 09:50:00.000000,23142.96,23150,pe,10.0,-0.4496,-0.5116,0.0107,0.2237,0.3915392363336447,,CLOSED,2026-04-06 09:56:00.000000,23161.3,Time Exit,-917.0000000000073
rsi_overbought,SELL,2026-04-06 09:51:00.000000,23124.87,23100,pe,10.0,-0.4436,-0.5271,0.0098,0.1906,0.261229056773729,,CLOSED,2026-04-06 09:57:00.000000,23152.05,Time Exit,-1359.0000000000146
rsi_overbought,SELL,2026-04-06 09:53:00.000000,23149.36,23150,pe,10.0,-0.4496,-0.5116,0.0107,0.2237,0.027964420554143034,,CLOSED,2026-04-06 09:59:00.000000,23170.97,Time Exit,-1080.500000000029
rsi_overbought,SELL,2026-04-06 09:54:00.000000,23174.66,23150,pe,10.0,-0.4496,-0.5116,0.0107,0.2237,0.2410577336032759,,CLOSED,2026-04-06 10:00:00.000000,23193.04,Time Exit,-919.0000000000509
rsi_overbought,SELL,2026-04-06 09:55:00.000000,23162.8,23150,pe,10.0,-0.4496,-0.5116,0.0107,0.2237,0.12596492476252857,,CLOSED,2026-04-06 10:01:00.000000,23243.44,Time Exit,-4031.999999999971
rsi_overbought,SELL,2026-04-06 09:56:00.000000,23161.3,23150,pe,10.0,-0.4496,-0.5116,0.0107,0.2237,0.11196911196909506,,CLOSED,2026-04-06 10:02:00.000000,23292.65,Time Exit,-6567.500000000109
rsi_overbought,SELL,2026-04-06 09:57:00.000000,23152.05,23150,pe,10.0,-0.4496,-0.5116,0.0107,0.2237,0.1509524494985688,,CLOSED,2026-04-06 10:03:00.000000,23284.4,Time Exit,-6617.500000000109
rsi_overbought,SELL,2026-04-06 09:58:00.000000,23173.97,23150,pe,10.0,-0.4496,-0.5116,0.0107,0.2237,0.2559554093319302,,CLOSED,2026-04-06 10:04:00.000000,23296.11,Time Exit,-6106.999999999971
rsi_overbought,SELL,2026-04-06 09:59:00.000000,23170.97,23150,pe,10.0,-0.4496,-0.5116,0.0107,0.2237,0.1677853972400584,,CLOSED,2026-04-06 10:05:00.000000,23264.13,Time Exit,-4657.999999999993
rsi_overbought,SELL,2026-04-06 10:00:00.000000,23193.04,23200,pe,10.0,-0.5073,-0.5043,0.0093,0.1853,0.17733701564984397,,CLOSED,2026-04-06 10:06:00.000000,23283.17,Time Exit,-4506.499999999869
rsi_overbought,SELL,2026-04-06 10:01:00.000000,23243.44,23250,pe,10.0,-0.4141,-0.4268,0.009,0.2097,0.27182873530375623,,CLOSED,2026-04-06 10:07:00.000000,23305.12,Time Exit,-3084.0000000000146
rsi_overbought,SELL,2026-04-06 10:02:00.000000,23292.65,23300,pe,10.0,-0.5043,-0.4737,0.0106,0.1986,0.33057039177343533,,CLOSED,2026-04-06 10:08:00.000000,23293.4,Time Exit,-37.5
rsi_overbought,SELL,2026-04-06 10:03:00.000000,23284.4,23300,pe,10.0,-0.5043,-0.4737,0.0106,0.1986,0.23458188066787405,,CLOSED,2026-04-06 10:09:00.000000,23311.38,Time Exit,-1348.9999999999782
rsi_overbought,SELL,2026-04-06 10:04:00.000000,23296.11,23300,pe,10.0,-0.5043,-0.4737,0.0106,0.1986,0.16403597270586895,,CLOSED,2026-04-06 10:10:00.000000,23290.08,Time Exit,301.4999999999418
rsi_overbought,SELL,2026-04-06 10:05:00.000000,23264.13,23250,pe,10.0,-0.4141,-0.4268,0.009,0.2097,0.05602607215510697,,CLOSED,2026-04-06 10:11:00.000000,23300.21,Time Exit,-1803.9999999999054
rsi_overbought,SELL,2026-04-06 10:06:00.000000,23283.17,23300,pe,10.0,-0.5043,-0.4737,0.0106,0.1986,0.3034794291578057,,CLOSED,2026-04-06 10:12:00.000000,23324.61,Time Exit,-2072.0000000001164
rsi_overbought,SELL,2026-04-06 10:07:00.000000,23305.12,23300,pe,10.0,-0.5043,-0.4737,0.0106,0.1986,0.2364783375081122,,CLOSED,2026-04-06 10:13:00.000000,23309.68,Time Exit,-228.00000000006548
rsi_overbought,SELL,2026-04-06 10:08:00.000000,23293.4,23300,pe,10.0,-0.5043,-0.4737,0.0106,0.1986,0.05596533508607138,,CLOSED,2026-04-06 10:14:00.000000,23301.56,Time Exit,-407.9999999999927
rsi_overbought,SELL,2026-04-06 10:09:00.000000,23311.38,23300,pe,10.0,-0.5043,-0.4737,0.0106,0.1986,0.2178012715194176,,CLOSED,2026-04-06 10:15:00.000000,23306.83,Time Exit,227.49999999996362
rsi_overbought,SELL,2026-04-06 10:10:00.000000,23290.08,23300,pe,10.0,-0.5043,-0.4737,0.0106,0.1986,0.049302822069542646,,CLOSED,2026-04-06 10:16:00.000000,23308.46,Time Exit,-918.999999999869
rsi_overbought,SELL,2026-04-06 10:11:00.000000,23300.21,23300,pe,10.0,-0.5043,-0.4737,0.0106,0.1986,0.15463757511254955,,CLOSED,2026-04-06 10:17:00.000000,23306.0,Time Exit,-289.50000000004366
rsi_overbought,SELL,2026-04-06 10:12:00.000000,23324.61,23300,pe,10.0,-0.5043,-0.4737,0.0106,0.1986,0.16155351762663722,,CLOSED,2026-04-06 10:18:00.000000,23328.99,Time Exit,-219.00000000005093
rsi_overbought,SELL,2026-04-06 10:13:00.000000,23309.68,23300,pe,10.0,-0.5043,-0.4737,0.0106,0.1986,0.06708562118472325,,CLOSED,2026-04-06 10:19:00.000000,23358.08,Time Exit,-2420.0000000000728
rsi_overbought,SELL,2026-04-06 10:19:00.000000,23358.08,23350,pe,14.68,-0.5691,-0.5012,0.0099,0.1943,0.07539927017680602,,CLOSED,2026-04-06 10:25:00.000000,23392.1,Time Exit,-1700.99999999984
rsi_overbought,SELL,2026-04-06 10:21:00.000000,23391.23,23400,pe,18.67,-0.5113,-0.5347,0.0101,0.176,0.022356650183264055,,CLOSED,2026-04-06 10:27:00.000000,23353.26,Time Exit,1898.5000000000582
rsi_overbought,SELL,2026-04-06 10:22:00.000000,23391.31,23400,pe,18.67,-0.5113,-0.5347,0.0101,0.176,0.1631494194423335,,CLOSED,2026-04-06 10:28:00.000000,23316.39,Time Exit,3746.0000000000946
rsi_overbought,SELL,2026-04-06 10:24:00.000000,23383.19,23400,pe,18.67,-0.5113,-0.5347,0.0101,0.176,0.24752086401569878,,CLOSED,2026-04-06 10:30:00.000000,23314.68,Time Exit,3425.49999999992
rsi_overbought,SELL,2026-04-06 10:25:00.000000,23392.1,23400,pe,18.67,-0.5113,-0.5347,0.0101,0.176,0.24207361696236138,,CLOSED,2026-04-06 10:31:00.000000,23305.05,Time Exit,4352.499999999964
rsi_overbought,SELL,2026-04-06 11:02:00.000000,23448.17,23450,pe,12.11,-0.5202,-0.4949,0.0115,0.1963,0.07947333522776225,,CLOSED,2026-04-06 11:08:00.000000,23480.09,Time Exit,-1596.0000000000946
rsi_overbought,SELL,2026-04-06 11:03:00.000000,23486.97,23500,pe,25.12,-0.4779,-0.4749,0.0115,0.2303,0.37651874684015924,,CLOSED,2026-04-06 11:09:00.000000,23487.15,Time Exit,-9.000000000014552
rsi_overbought,SELL,2026-04-06 11:04:00.000000,23464.51,23450,pe,12.11,-0.5202,-0.4949,0.0115,0.1963,0.31864974862334966,,CLOSED,2026-04-06 11:10:00.000000,23481.52,Time Exit,-850.5000000001019
rsi_overbought,SELL,2026-04-06 11:06:00.000000,23459.67,23450,pe,12.11,-0.5202,-0.4949,0.0115,0.1963,0.22725194330131918,,CLOSED,2026-04-06 11:12:00.000000,23481.15,Time Exit,-1074.00000000016
rsi_overbought,SELL,2026-04-06 11:07:00.000000,23478.99,23500,pe,25.12,-0.4779,-0.4749,0.0115,0.2303,0.23601693173879046,,CLOSED,2026-04-06 11:13:00.000000,23497.53,Time Exit,-926.9999999998618
rsi_overbought,SELL,2026-04-06 11:08:00.000000,23480.09,23500,pe,25.12,-0.4779,-0.4749,0.0115,0.2303,0.18008203590172514,,CLOSED,2026-04-06 11:14:00.000000,23479.12,Time Exit,48.50000000005821
rsi_overbought,SELL,2026-04-06 11:09:00.000000,23487.15,23500,pe,25.12,-0.4779,-0.4749,0.0115,0.2303,0.2144318978718611,,CLOSED,2026-04-06 11:15:00.000000,23458.13,Time Exit,1451.0000000000218
rsi_overbought,SELL,2026-04-06 11:10:00.000000,23481.52,23500,pe,25.12,-0.4779,-0.4749,0.0115,0.2303,0.13244169211141496,,CLOSED,2026-04-06 11:16:00.000000,23424.0,Time Exit,2876.000000000022
rsi_overbought,SELL,2026-04-06 11:13:00.000000,23497.53,23500,pe,25.12,-0.4779,-0.4749,0.0115,0.2303,0.03378723175676963,,CLOSED,2026-04-06 11:19:00.000000,23467.02,Time Exit,1525.49999999992
rsi_overbought,SELL,2026-04-06 11:30:00.000000,23535.87,23550,pe,10.0,-0.4594,-0.3765,0.0091,0.2329,0.14324602174824197,,CLOSED,2026-04-06 11:36:00.000000,23516.77,Time Exit,954.9999999999272
rsi_overbought,SELL,2026-04-06 11:33:00.000000,23556.81,23550,pe,10.0,-0.4594,-0.3765,0.0091,0.2329,0.21575564596968017,,CLOSED,2026-04-06 11:39:00.000000,23513.32,Time Exit,2174.50000000008
rsi_overbought,SELL,2026-04-06 11:34:00.000000,23551.26,23550,pe,10.0,-0.4594,-0.3765,0.0091,0.2329,0.1766823433779867,,CLOSED,2026-04-06 11:40:00.000000,23479.07,Time Exit,3609.4999999999345
rsi_overbought,SELL,2026-04-06 12:07:00.000000,23511.92,23500,pe,25.12,-0.4779,-0.4749,0.0115,0.2303,0.09707266491186364,,CLOSED,2026-04-06 12:13:00.000000,23525.44,Time Exit,-676.0000000000218
rsi_overbought,SELL,2026-04-06 12:09:00.000000,23549.03,23550,pe,10.0,-0.4594,-0.3765,0.0091,0.2329,0.03127807967139375,,CLOSED,2026-04-06 12:15:00.000000,23516.7,Time Exit,1616.4999999999054
rsi_overbought,SELL,2026-04-06 12:10:00.000000,23563.75,23550,pe,10.0,-0.4594,-0.3765,0.0091,0.2329,0.34887591197491663,,CLOSED,2026-04-06 12:16:00.000000,23539.06,Time Exit,1234.4999999999345
rsi_overbought,SELL,2026-04-06 12:11:00.000000,23555.01,23550,pe,10.0,-0.4594,-0.3765,0.0091,0.2329,0.17459719212285543,,CLOSED,2026-04-06 12:17:00.000000,23544.27,Time Exit,536.9999999998981
rsi_overbought,SELL,2026-04-06 12:16:00.000000,23539.06,23550,pe,10.0,-0.4594,-0.3765,0.0091,0.2329,0.10540591096147599,,CLOSED,2026-04-06 12:22:00.000000,23565.39,Time Exit,-1316.4999999999054
rsi_overbought,SELL,2026-04-06 12:17:00.000000,23544.27,23550,pe,10.0,-0.4594,-0.3765,0.0091,0.2329,0.2485586060402876,,CLOSED,2026-04-06 12:23:00.000000,23551.12,Time Exit,-342.49999999992724
rsi_overbought,SELL,2026-04-06 12:18:00.000000,23543.61,23550,pe,10.0,-0.4594,-0.3765,0.0091,0.2329,0.039015449070443256,,CLOSED,2026-04-06 12:24:00.000000,23552.46,Time Exit,-442.49999999992724
rsi_overbought,SELL,2026-04-06 12:20:00.000000,23561.3,23550,pe,10.0,-0.4594,-0.3765,0.0091,0.2329,0.006910619874268775,,CLOSED,2026-04-06 12:26:00.000000,23554.35,Time Exit,347.5000000000364
rsi_overbought,SELL,2026-04-06 12:44:00.000000,23638.18,23650,pe,23.06,-0.5576,-0.5072,0.0099,0.2216,0.21456213272180993,,CLOSED,2026-04-06 12:50:00.000000,23649.08,Time Exit,-545.0000000000728
rsi_overbought,SELL,2026-04-06 12:45:00.000000,23626.04,23650,pe,23.06,-0.5576,-0.5072,0.0099,0.2216,0.129604827660521,,CLOSED,2026-04-06 12:51:00.000000,23655.79,Time Exit,-1487.5
rsi_overbought,SELL,2026-04-06 12:47:00.000000,23632.58,23650,pe,23.06,-0.5576,-0.5072,0.0099,0.2216,0.08475141808472747,,CLOSED,2026-04-06 12:53:00.000000,23720.24,Time Exit,-4382.999999999993
rsi_overbought,SELL,2026-04-06 12:48:00.000000,23639.19,23650,pe,23.06,-0.5576,-0.5072,0.0099,0.2216,0.05377901962808949,,CLOSED,2026-04-06 12:54:00.000000,23696.77,Time Exit,-2879.0000000000873
rsi_overbought,SELL,2026-04-06 12:49:00.000000,23628.55,23650,pe,23.06,-0.5576,-0.5072,0.0099,0.2216,0.08874538422495183,,CLOSED,2026-04-06 12:55:00.000000,23748.01,Time Exit,-5972.999999999956
rsi_overbought,SELL,2026-04-06 12:50:00.000000,23649.08,23650,pe,23.06,-0.5576,-0.5072,0.0099,0.2216,0.2714786770249499,,CLOSED,2026-04-06 12:56:00.000000,23734.69,Time Exit,-4280.499999999847
rsi_overbought,SELL,2026-04-06 12:51:00.000000,23655.79,23650,pe,23.06,-0.5576,-0.5072,0.0099,0.2216,0.5140357210389709,,CLOSED,2026-04-06 12:57:00.000000,23741.0,Time Exit,-4260.499999999956
rsi_overbought,SELL,2026-04-06 12:52:00.000000,23671.53,23650,pe,23.06,-0.5576,-0.5072,0.0099,0.2216,0.5352240032881146,,CLOSED,2026-04-06 12:58:00.000000,23752.98,Time Exit,-4072.5000000000364
rsi_overbought,SELL,2026-04-06 12:53:00.000000,23720.24,23700,pe,28.11,-0.49,-0.4562,0.0095,0.2271,0.624912099138902,,CLOSED,2026-04-06 12:59:00.000000,23796.95,Time Exit,-3835.4999999999563
rsi_overbought,SELL,2026-04-06 12:54:00.000000,23696.77,23700,pe,28.11,-0.49,-0.4562,0.0095,0.2271,0.356635704604507,,CLOSED,2026-04-06 13:00:00.000000,23801.74,Time Exit,-5248.500000000058
rsi_overbought,SELL,2026-04-06 12:55:00.000000,23748.01,23750,pe,28.54,-0.5996,-0.5608,0.0112,0.2151,0.40942140647649033,,CLOSED,2026-04-06 13:01:00.000000,23797.96,Time Exit,-2497.5000000000364
rsi_overbought,SELL,2026-04-06 12:56:00.000000,23734.69,23750,pe,28.54,-0.5996,-0.5608,0.0112,0.2151,0.26976002873368116,,CLOSED,2026-04-06 13:02:00.000000,23784.01,Time Exit,-2465.9999999999854
rsi_overbought,SELL,2026-04-06 12:57:00.000000,23741.0,23750,pe,28.54,-0.5996,-0.5608,0.0112,0.2151,0.18526310516692537,,CLOSED,2026-04-06 13:03:00.000000,23768.47,Time Exit,-1373.5000000000582
rsi_overbought,SELL,2026-04-06 12:58:00.000000,23752.98,23750,pe,28.54,-0.5996,-0.5608,0.0112,0.2151,0.11454080243888048,,CLOSED,2026-04-06 13:04:00.000000,23763.71,Time Exit,-536.4999999999782
rsi_overbought,SELL,2026-04-06 12:59:00.000000,23796.95,23800,pe,28.31,-0.494,-0.4574,0.0108,0.2369,0.36260162601624585,,CLOSED,2026-04-06 13:05:00.000000,23754.14,Time Exit,2140.5000000000655
rsi_overbought,SELL,2026-04-06 13:00:00.000000,23801.74,23800,pe,28.31,-0.494,-0.4574,0.0108,0.2369,0.42727766708929804,,CLOSED,2026-04-06 13:06:00.000000,23772.05,Time Exit,1484.5000000001164
rsi_overbought,SELL,2026-04-06 13:01:00.000000,23797.96,23800,pe,28.31,-0.494,-0.4574,0.0108,0.2369,0.3625840179237959,,CLOSED,2026-04-06 13:07:00.000000,23796.55,Time Exit,70.49999999999272
rsi_overbought,SELL,2026-04-06 13:02:00.000000,23784.01,23800,pe,28.31,-0.494,-0.4574,0.0108,0.2369,0.21058370284216654,,CLOSED,2026-04-06 13:08:00.000000,23774.68,Time Exit,466.4999999999054
rsi_overbought,SELL,2026-04-06 13:03:00.000000,23768.47,23750,pe,28.54,-0.5996,-0.5608,0.0112,0.2151,0.16607151359329417,,CLOSED,2026-04-06 13:09:00.000000,23779.05,Time Exit,-528.9999999999054
rsi_overbought,SELL,2026-04-06 13:04:00.000000,23763.71,23750,pe,28.54,-0.5996,-0.5608,0.0112,0.2151,0.056268210542220726,,CLOSED,2026-04-06 13:10:00.000000,23793.96,Time Exit,-1512.5
rsi_overbought,SELL,2026-04-06 13:18:00.000000,23861.41,23800,pe,28.31,-0.494,-0.4574,0.0108,0.2369,0.14023785926660964,,CLOSED,2026-04-06 13:24:00.000000,23825.19,Time Exit,1811.0000000000582
mean_reversion,SELL,2026-03-27 09:40:07.140822,23370.34,23350,pe,14.68,-0.5691,-0.5012,0.0099,0.1943,0.42794188656632476,,CLOSED,2026-03-27 09:46:07.140822,23434.89,Time Exit,-3227.4999999999636
mean_reversion,SELL,2026-03-27 09:41:07.140822,23395.77,23400,pe,18.67,-0.5113,-0.5347,0.0101,0.176,0.46404063214020547,,CLOSED,2026-03-27 09:47:07.140822,23449.73,Time Exit,-2697.9999999999563
mean_reversion,SELL,2026-03-27 09:42:07.140822,23426.7,23450,pe,12.11,-0.5202,-0.4949,0.0115,0.1963,0.5044255456752561,,CLOSED,2026-03-27 09:48:07.140822,23446.89,Time Exit,-1009.4999999999345
mean_reversion,SELL,2026-03-27 09:43:07.140822,23444.58,23450,pe,12.11,-0.5202,-0.4949,0.0115,0.1963,0.4796761460162474,,CLOSED,2026-03-27 09:49:07.140822,23449.98,Time Exit,-269.99999999989086
mean_reversion,SELL,2026-03-27 09:44:07.140822,23444.65,23450,pe,12.11,-0.5202,-0.4949,0.0115,0.1963,0.4138830127743575,,CLOSED,2026-03-27 09:50:07.140822,23475.12,Time Exit,-1523.4999999998763
mean_reversion,SELL,2026-03-27 10:19:07.140822,23672.03,23650,pe,23.06,-0.5576,-0.5072,0.0099,0.2216,0.4498735752091344,,CLOSED,2026-03-27 10:25:07.140822,23626.28,Time Exit,2287.5
mean_reversion,SELL,2026-03-27 10:30:07.140822,23672.85,23650,pe,23.06,-0.5576,-0.5072,0.0099,0.2216,0.45605790673540303,,CLOSED,2026-03-27 10:36:07.140822,23786.74,Time Exit,-5694.500000000153
mean_reversion,SELL,2026-03-27 10:31:07.140822,23689.54,23700,pe,28.11,-0.49,-0.4562,0.0095,0.2271,0.5375446113484388,,CLOSED,2026-03-27 10:37:07.140822,23786.98,Time Exit,-4871.9999999999345
mean_reversion,SELL,2026-03-27 10:32:07.140822,23705.21,23700,pe,28.11,-0.49,-0.4562,0.0095,0.2271,0.5765172057694439,,CLOSED,2026-03-27 10:38:07.140822,23780.08,Time Exit,-3743.500000000131
mean_reversion,SELL,2026-03-27 10:33:07.140822,23746.85,23750,pe,28.54,-0.5996,-0.5608,0.0112,0.2151,0.7501740184964076,,CLOSED,2026-03-27 10:39:07.140822,23786.98,Time Exit,-2006.500000000051
mean_reversion,SELL,2026-03-27 10:34:07.140822,23731.33,23750,pe,28.54,-0.5996,-0.5608,0.0112,0.2151,0.46406256892062403,,CLOSED,2026-03-27 10:40:07.140822,23808.36,Time Exit,-3851.499999999942
mean_reversion,SELL,2026-03-27 10:35:07.140822,23762.42,23750,pe,28.54,-0.5996,-0.5608,0.0112,0.2151,0.5381964378067176,,CLOSED,2026-03-27 10:41:07.140822,23832.17,Time Exit,-3487.5
mean_reversion,SELL,2026-03-27 10:36:07.140822,23786.74,23800,pe,28.31,-0.494,-0.4574,0.0108,0.2369,0.5367232764046126,,CLOSED,2026-03-27 10:42:07.140822,23823.82,Time Exit,-1853.9999999999054
mean_reversion,SELL,2026-03-27 10:37:07.140822,23786.98,23800,pe,28.31,-0.494,-0.4574,0.0108,0.2369,0.4404167899083771,,CLOSED,2026-03-27 10:43:07.140822,23845.31,Time Exit,-2916.5000000000873
mean_reversion,BUY,2026-03-27 11:05:07.140822,23802.69,23800,ce,13.31,0.5644,-0.4078,0.0108,0.2369,0.6181085669443499,,CLOSED,2026-03-27 11:11:07.140822,23854.8,Time Exit,2605.500000000029
mean_reversion,BUY,2026-03-30 09:15:00.000000,23076.68,23100,ce,5.0,0.5573,-0.5358,0.0098,0.1906,0.8,,CLOSED,2026-03-30 09:21:00.000000,23107.41,Time Exit,1536.4999999999782
mean_reversion,BUY,2026-03-30 09:16:00.000000,23081.19,23100,ce,5.0,0.5573,-0.5358,0.0098,0.1906,0.8,,CLOSED,2026-03-30 09:22:00.000000,23117.2,Time Exit,1800.5000000001019
mean_reversion,BUY,2026-03-30 09:17:00.000000,23058.85,23050,ce,5.0,0.5291,-0.4788,0.0117,0.2132,0.5889071410118982,,CLOSED,2026-03-30 09:23:00.000000,23097.63,Time Exit,1939.0000000001237
mean_reversion,BUY,2026-03-30 09:18:00.000000,23086.34,23100,ce,5.0,0.5573,-0.5358,0.0098,0.1906,0.4581148788406108,,CLOSED,2026-03-30 09:24:00.000000,23124.23,Time Exit,1894.499999999971
mean_reversion,SELL,2026-03-30 09:38:00.000000,23209.79,23200,pe,10.0,-0.5073,-0.5043,0.0093,0.1853,0.5018994682644867,,CLOSED,2026-03-30 09:44:00.000000,23227.4,Time Exit,-880.5000000000291
mean_reversion,SELL,2026-03-30 09:43:00.000000,23237.24,23250,pe,10.0,-0.4141,-0.4268,0.009,0.2097,0.475893049156144,,CLOSED,2026-03-30 09:49:00.000000,23264.72,Time Exit,-1373.9999999999782
mean_reversion,SELL,2026-03-30 09:45:00.000000,23246.91,23250,pe,10.0,-0.4141,-0.4268,0.009,0.2097,0.42306438202143226,,CLOSED,2026-03-30 09:51:00.000000,23285.02,Time Exit,-1905.500000000029
mean_reversion,SELL,2026-03-30 09:48:00.000000,23270.31,23250,pe,10.0,-0.4141,-0.4268,0.009,0.2097,0.4100590250407542,,CLOSED,2026-03-30 09:54:00.000000,23301.16,Time Exit,-1542.4999999999272
mean_reversion,SELL,2026-03-30 09:50:00.000000,23288.1,23300,pe,10.0,-0.5043,-0.4737,0.0106,0.1986,0.41132931691567753,,CLOSED,2026-03-30 09:56:00.000000,23297.94,Time Exit,-492.0000000000073
mean_reversion,SELL,2026-03-30 10:02:00.000000,23362.38,23350,pe,14.68,-0.5691,-0.5012,0.0099,0.1943,0.41068629132400325,,CLOSED,2026-03-30 10:08:00.000000,23461.55,Time Exit,-4958.499999999913
mean_reversion,SELL,2026-03-30 10:03:00.000000,23372.39,23350,pe,14.68,-0.5691,-0.5012,0.0099,0.1943,0.42713357296825977,,CLOSED,2026-03-30 10:09:00.000000,23487.49,Time Exit,-5755.000000000109
mean_reversion,SELL,2026-03-30 10:04:00.000000,23402.43,23400,pe,18.67,-0.5113,-0.5347,0.0101,0.176,0.5194444065915916,,CLOSED,2026-03-30 10:10:00.000000,23491.54,Time Exit,-4455.500000000029
mean_reversion,SELL,2026-03-30 10:05:00.000000,23412.88,23400,pe,18.67,-0.5113,-0.5347,0.0101,0.176,0.4910230406885255,,CLOSED,2026-03-30 10:11:00.000000,23474.31,Time Exit,-3071.5000000000146
mean_reversion,SELL,2026-03-30 10:06:00.000000,23456.93,23450,pe,12.11,-0.5202,-0.4949,0.0115,0.1963,0.6006391855718843,,CLOSED,2026-03-30 10:12:00.000000,23460.1,Time Exit,-158.4999999999127
mean_reversion,SELL,2026-03-30 10:07:00.000000,23464.66,23450,pe,12.11,-0.5202,-0.4949,0.0115,0.1963,0.5145686007915934,,CLOSED,2026-03-30 10:13:00.000000,23468.18,Time Exit,-176.00000000002183
mean_reversion,SELL,2026-03-30 10:08:00.000000,23461.55,23450,pe,12.11,-0.5202,-0.4949,0.0115,0.1963,0.427713708541809,,CLOSED,2026-03-30 10:14:00.000000,23495.82,Time Exit,-1713.5000000000218
mean_reversion,SELL,2026-03-30 10:09:00.000000,23487.49,23500,pe,25.12,-0.4779,-0.4749,0.0115,0.2303,0.4511909986360337,,CLOSED,2026-03-30 10:15:00.000000,23518.36,Time Exit,-1543.499999999949
mean_reversion,SELL,2026-03-30 10:22:00.000000,23627.9,23650,pe,23.06,-0.5576,-0.5072,0.0099,0.2216,0.4316611783452167,,CLOSED,2026-03-30 10:28:00.000000,23605.02,Time Exit,1144.000000000051
mean_reversion,SELL,2026-03-30 10:23:00.000000,23636.69,23650,pe,23.06,-0.5576,-0.5072,0.0099,0.2216,0.413918801836878,,CLOSED,2026-03-30 10:29:00.000000,23576.68,Time Exit,3000.49999999992
mean_reversion,SELL,2026-03-30 10:24:00.000000,23653.68,23650,pe,23.06,-0.5576,-0.5072,0.0099,0.2216,0.42616184214235375,,CLOSED,2026-03-30 10:30:00.000000,23601.41,Time Exit,2613.500000000022
mean_reversion,BUY,2026-03-30 10:46:00.000000,23511.34,23500,ce,5.0,0.4449,-0.5647,0.0115,0.2303,0.42493615883978453,,CLOSED,2026-03-30 10:52:00.000000,23508.52,Time Exit,-140.99999999998545
mean_reversion,SELL,2026-03-30 10:58:00.000000,23584.74,23600,pe,19.34,-0.5095,-0.5284,0.011,0.1727,0.47485825973574125,,CLOSED,2026-03-30 11:04:00.000000,23598.4,Time Exit,-682.9999999999927
mean_reversion,SELL,2026-03-30 11:26:00.000000,23611.89,23600,pe,19.34,-0.5095,-0.5284,0.011,0.1727,0.592061582876079,,CLOSED,2026-03-30 11:32:00.000000,23705.98,Time Exit,-4704.500000000007
mean_reversion,SELL,2026-03-30 11:27:00.000000,23607.16,23600,pe,19.34,-0.5095,-0.5284,0.011,0.1727,0.42104569958091725,,CLOSED,2026-03-30 11:33:00.000000,23672.23,Time Exit,-3253.4999999999854
mean_reversion,SELL,2026-03-30 11:28:00.000000,23640.96,23650,pe,23.06,-0.5576,-0.5072,0.0099,0.2216,0.6691809178883944,,CLOSED,2026-03-30 11:34:00.000000,23703.68,Time Exit,-3136.000000000058
mean_reversion,SELL,2026-03-30 11:29:00.000000,23670.27,23650,pe,23.06,-0.5576,-0.5072,0.0099,0.2216,0.726762357600694,,CLOSED,2026-03-30 11:35:00.000000,23672.92,Time Exit,-132.49999999989086
mean_reversion,SELL,2026-03-30 11:30:00.000000,23694.72,23700,pe,28.11,-0.49,-0.4562,0.0095,0.2271,0.681333223044931,,CLOSED,2026-03-30 11:36:00.000000,23698.83,Time Exit,-205.5000000000291
mean_reversion,SELL,2026-03-30 11:31:00.000000,23704.82,23700,pe,28.11,-0.49,-0.4562,0.0095,0.2271,0.5612821040081383,,CLOSED,2026-03-30 11:37:00.000000,23727.16,Time Exit,-1117.0000000000073
mean_reversion,SELL,2026-03-30 11:32:00.000000,23705.98,23700,pe,28.11,-0.49,-0.4562,0.0095,0.2271,0.45644626587895765,,CLOSED,2026-03-30 11:38:00.000000,23722.59,Time Exit,-830.5000000000291
mean_reversion,SELL,2026-03-30 11:53:00.000000,23788.26,23800,pe,28.31,-0.494,-0.4574,0.0108,0.2369,0.5175338445605512,,CLOSED,2026-03-30 11:59:00.000000,23818.05,Time Exit,-1489.5000000000437
mean_reversion,SELL,2026-03-30 11:54:00.000000,23792.9,23800,pe,28.31,-0.494,-0.4574,0.0108,0.2369,0.4902130293370702,,CLOSED,2026-03-30 12:00:00.000000,23767.89,Time Exit,1250.5000000001019
mean_reversion,SELL,2026-03-30 11:55:00.000000,23792.35,23800,pe,28.31,-0.494,-0.4574,0.0108,0.2369,0.4065627229828091,,CLOSED,2026-03-30 12:01:00.000000,23791.85,Time Exit,25.0
mean_reversion,SELL,2026-03-30 11:56:00.000000,23805.61,23800,pe,28.31,-0.494,-0.4574,0.0108,0.2369,0.472075846658606,,CLOSED,2026-03-30 12:02:00.000000,23800.72,Time Exit,244.4999999999709
mean_reversion,SELL,2026-03-30 11:57:00.000000,23808.48,23800,pe,28.31,-0.494,-0.4574,0.0108,0.2369,0.4252614166203263,,CLOSED,2026-03-30 12:03:00.000000,23808.95,Time Exit,-23.500000000058208
mean_reversion,BUY,2026-03-30 12:15:00.000000,23756.61,23750,ce,10.27,0.5047,-0.5444,0.0112,0.2151,0.5138328048445262,,CLOSED,2026-03-30 12:21:00.000000,23825.29,Time Exit,3434.0000000000146
mean_reversion,BUY,2026-03-30 12:16:00.000000,23749.45,23750,ce,10.27,0.5047,-0.5444,0.0112,0.2151,0.5047563750374582,,CLOSED,2026-03-30 12:22:00.000000,23821.21,Time Exit,3587.99999999992
mean_reversion,SELL,2026-03-30 12:20:00.000000,23840.57,23800,pe,28.31,-0.494,-0.4574,0.0108,0.2369,0.4857554948244561,,CLOSED,2026-03-30 12:26:00.000000,23946.96,Time Exit,-5319.499999999971
mean_reversion,BUY,2026-03-31 09:15:00.000000,22644.45,22650,ce,10.0,0.5085,-0.5558,0.0101,0.1945,0.8,,CLOSED,2026-03-31 09:21:00.000000,22650.7,Time Exit,312.5
mean_reversion,BUY,2026-03-31 09:16:00.000000,22631.83,22650,ce,10.0,0.5085,-0.5558,0.0101,0.1945,0.8,,CLOSED,2026-03-31 09:22:00.000000,22659.59,Time Exit,1387.99999999992
mean_reversion,BUY,2026-03-31 09:17:00.000000,22621.1,22600,ce,10.0,0.5529,-0.5208,0.0093,0.2046,0.5867381264195747,,CLOSED,2026-03-31 09:23:00.000000,22659.91,Time Exit,1940.5000000000655
mean_reversion,BUY,2026-03-31 09:18:00.000000,22632.83,22650,ce,10.0,0.5085,-0.5558,0.0101,0.1945,0.46182886875628243,,CLOSED,2026-03-31 09:24:00.000000,22687.76,Time Exit,2746.4999999998327
mean_reversion,SELL,2026-03-31 09:45:00.000000,22886.92,22900,pe,10.0,-0.4691,-0.4382,0.0096,0.2126,0.4892617091732955,,CLOSED,2026-03-31 09:51:00.000000,22903.54,Time Exit,-831.000000000131
mean_reversion,SELL,2026-03-31 09:46:00.000000,22903.17,22900,pe,10.0,-0.4691,-0.4382,0.0096,0.2126,0.5065089630007606,,CLOSED,2026-03-31 09:52:00.000000,22910.8,Time Exit,-381.50000000005093
mean_reversion,SELL,2026-03-31 10:11:00.000000,22927.73,22950,pe,10.0,-0.5335,-0.5519,0.0093,0.2014,0.40211825576326177,,CLOSED,2026-03-31 10:17:00.000000,22984.15,Time Exit,-2821.0000000000946
mean_reversion,SELL,2026-03-31 10:15:00.000000,22958.67,22950,pe,10.0,-0.5335,-0.5519,0.0093,0.2014,0.6718913256585307,,CLOSED,2026-03-31 10:21:00.000000,22985.91,Time Exit,-1362.00000000008
mean_reversion,SELL,2026-03-31 10:16:00.000000,22967.29,22950,pe,10.0,-0.5335,-0.5519,0.0093,0.2014,0.5945876478440395,,CLOSED,2026-03-31 10:22:00.000000,22971.16,Time Exit,-193.49999999994907
mean_reversion,SELL,2026-03-31 10:17:00.000000,22984.15,23000,pe,10.0,-0.5428,-0.3889,0.0096,0.2091,0.6379023225079264,,CLOSED,2026-03-31 10:23:00.000000,22961.09,Time Exit,1153.0000000000655
mean_reversion,SELL,2026-03-31 10:18:00.000000,22975.68,23000,pe,10.0,-0.5428,-0.3889,0.0096,0.2091,0.43597927509412554,,CLOSED,2026-03-31 10:24:00.000000,22960.18,Time Exit,775.0
mean_reversion,SELL,2026-03-31 10:32:00.000000,23028.84,23050,pe,10.0,-0.4792,-0.5086,0.0117,0.2132,0.5007422334869261,,CLOSED,2026-03-31 10:38:00.000000,23102.75,Time Exit,-3695.4999999999927
mean_reversion,SELL,2026-03-31 10:33:00.000000,23030.59,23050,pe,10.0,-0.4792,-0.5086,0.0117,0.2132,0.46637762517697867,,CLOSED,2026-03-31 10:39:00.000000,23137.87,Time Exit,-5363.999999999942
mean_reversion,SELL,2026-03-31 10:35:00.000000,23035.29,23050,pe,10.0,-0.4792,-0.5086,0.0117,0.2132,0.4596393171022643,,CLOSED,2026-03-31 10:41:00.000000,23156.46,Time Exit,-6058.499999999913
mean_reversion,SELL,2026-03-31 10:36:00.000000,23062.76,23050,pe,10.0,-0.4792,-0.5086,0.0117,0.2132,0.6183301990785046,,CLOSED,2026-03-31 10:42:00.000000,23191.23,Time Exit,-6423.500000000058
mean_reversion,SELL,2026-03-31 10:37:00.000000,23065.86,23050,pe,10.0,-0.4792,-0.5086,0.0117,0.2132,0.5065078378719848,,CLOSED,2026-03-31 10:43:00.000000,23177.98,Time Exit,-5605.999999999949
mean_reversion,SELL,2026-03-31 10:38:00.000000,23102.75,23100,pe,10.0,-0.4436,-0.5271,0.0098,0.1906,0.6401860132132894,,CLOSED,2026-03-31 10:44:00.000000,23198.21,Time Exit,-4772.999999999956
mean_reversion,SELL,2026-03-31 10:39:00.000000,23137.87,23150,pe,10.0,-0.4496,-0.5116,0.0107,0.2237,0.6690824832198897,,CLOSED,2026-03-31 10:45:00.000000,23222.09,Time Exit,-4211.000000000058
mean_reversion,SELL,2026-03-31 10:40:00.000000,23167.9,23150,pe,10.0,-0.4496,-0.5116,0.0107,0.2237,0.6333670996444754,,CLOSED,2026-03-31 10:46:00.000000,23201.98,Time Exit,-1703.9999999999054
mean_reversion,SELL,2026-03-31 10:41:00.000000,23156.46,23150,pe,10.0,-0.4496,-0.5116,0.0107,0.2237,0.45587446671515985,,CLOSED,2026-03-31 10:47:00.000000,23204.81,Time Exit,-2417.500000000109
mean_reversion,SELL,2026-03-31 10:42:00.000000,23191.23,23200,pe,10.0,-0.5073,-0.5043,0.0093,0.1853,0.49074083060866264,,CLOSED,2026-03-31 10:48:00.000000,23211.43,Time Exit,-1010.0000000000364
mean_reversion,BUY,2026-03-31 11:03:00.000000,23144.55,23150,ce,5.0,0.4874,-0.4762,0.0107,0.2237,0.5244046331089588,,CLOSED,2026-03-31 11:09:00.000000,23133.25,Time Exit,-564.9999999999636
mean_reversion,BUY,2026-03-31 11:04:00.000000,23140.05,23150,ce,5.0,0.4874,-0.4762,0.0107,0.2237,0.4863233391361434,,CLOSED,2026-03-31 11:10:00.000000,23160.92,Time Exit,1043.499999999949
mean_reversion,BUY,2026-03-31 11:05:00.000000,23131.67,23150,ce,5.0,0.4874,-0.4762,0.0107,0.2237,0.46051661492303675,,CLOSED,2026-03-31 11:11:00.000000,23173.63,Time Exit,2098.0000000001382
mean_reversion,SELL,2026-03-31 11:20:00.000000,23231.9,23250,pe,10.0,-0.4141,-0.4268,0.009,0.2097,0.5408616375991933,,CLOSED,2026-03-31 11:26:00.000000,23290.21,Time Exit,-2915.4999999998836
mean_reversion,SELL,2026-03-31 11:21:00.000000,23237.51,23250,pe,10.0,-0.4141,-0.4268,0.009,0.2097,0.5150730163463735,,CLOSED,2026-03-31 11:27:00.000000,23288.74,Time Exit,-2561.50000000016
mean_reversion,SELL,2026-03-31 11:22:00.000000,23258.41,23250,pe,10.0,-0.4141,-0.4268,0.009,0.2097,0.5581086751608377,,CLOSED,2026-03-31 11:28:00.000000,23289.76,Time Exit,-1567.4999999999272
mean_reversion,SELL,2026-03-31 11:23:00.000000,23265.82,23250,pe,10.0,-0.4141,-0.4268,0.009,0.2097,0.4897675996724181,,CLOSED,2026-03-31 11:29:00.000000,23294.31,Time Exit,-1424.50000000008
mean_reversion,SELL,2026-03-31 11:24:00.000000,23290.29,23300,pe,10.0,-0.5043,-0.4737,0.0106,0.1986,0.5227153059021499,,CLOSED,2026-03-31 11:30:00.000000,23279.14,Time Exit,557.5000000000728
mean_reversion,SELL,2026-03-31 11:52:00.000000,23315.72,23300,pe,10.0,-0.5043,-0.4737,0.0106,0.1986,0.49368609446888545,,CLOSED,2026-03-31 11:58:00.000000,23367.65,Time Exit,-2596.5000000000146
mean_reversion,SELL,2026-03-31 11:53:00.000000,23319.14,23300,pe,10.0,-0.5043,-0.4737,0.0106,0.1986,0.44381211873136317,,CLOSED,2026-03-31 11:59:00.000000,23338.75,Time Exit,-980.5000000000291
mean_reversion,SELL,2026-03-31 11:56:00.000000,23338.49,23350,pe,14.68,-0.5691,-0.5012,0.0099,0.1943,0.47290469724596323,,CLOSED,2026-03-31 12:02:00.000000,23303.96,Time Exit,1726.5000000001237
mean_reversion,SELL,2026-03-31 11:57:00.000000,23355.08,23350,pe,14.68,-0.5691,-0.5012,0.0099,0.1943,0.5143088204957731,,CLOSED,2026-03-31 12:03:00.000000,23307.0,Time Exit,2404.0000000000873
mean_reversion,SELL,2026-03-31 11:58:00.000000,23367.65,23350,pe,14.68,-0.5691,-0.5012,0.0099,0.1943,0.5011427567693594,,CLOSED,2026-03-31 12:04:00.000000,23331.78,Time Exit,1793.500000000131
mean_reversion,BUY,2026-03-31 12:16:00.000000,23286.41,23300,ce,14.11,0.6207,-0.4682,0.0106,0.1986,0.4012234177803296,,CLOSED,2026-03-31 12:22:00.000000,23361.82,Time Exit,3770.4999999999927
mean_reversion,SELL,2026-03-31 12:22:00.000000,23361.82,23350,pe,14.68,-0.5691,-0.5012,0.0099,0.1943,0.5535911534063684,,CLOSED,2026-03-31 12:28:00.000000,23373.1,Time Exit,-563.9999999999418
mean_reversion,SELL,2026-03-31 12:23:00.000000,23360.35,23350,pe,14.68,-0.5691,-0.5012,0.0099,0.1943,0.43202933219076656,,CLOSED,2026-03-31 12:29:00.000000,23354.31,Time Exit,301.99999999986176
mean_reversion,SELL,2026-03-31 12:24:00.000000,23366.01,23350,pe,14.68,-0.5691,-0.5012,0.0099,0.1943,0.41946760281467055,,CLOSED,2026-03-31 12:30:00.000000,23357.16,Time Exit,442.49999999992724
mean_reversion,SELL,2026-03-31 12:25:00.000000,23371.32,23350,pe,14.68,-0.5691,-0.5012,0.0099,0.1943,0.41112469033682986,,CLOSED,2026-03-31 12:31:00.000000,23373.19,Time Exit,-93.49999999994907
mean_reversion,SELL,2026-03-31 12:26:00.000000,23384.19,23400,pe,18.67,-0.5113,-0.5347,0.0101,0.176,0.46498425702250235,,CLOSED,2026-03-31 12:32:00.000000,23375.08,Time Exit,455.4999999998472
mean_reversion,SELL,2026-03-31 12:37:00.000000,23418.98,23400,pe,18.67,-0.5113,-0.5347,0.0101,0.176,0.4283533745460845,,CLOSED,2026-03-31 12:43:00.000000,23478.01,Time Exit,-2951.499999999942
mean_reversion,SELL,2026-03-31 12:38:00.000000,23425.95,23450,pe,12.11,-0.5202,-0.4949,0.0115,0.1963,0.4491602075189653,,CLOSED,2026-03-31 12:44:00.000000,23477.19,Time Exit,-2561.999999999898
mean_reversion,SELL,2026-03-31 12:40:00.000000,23437.95,23450,pe,12.11,-0.5202,-0.4949,0.0115,0.1963,0.4752842257207487,,CLOSED,2026-03-31 12:46:00.000000,23483.07,Time Exit,-2255.999999999949
mean_reversion,SELL,2026-03-31 12:41:00.000000,23458.32,23450,pe,12.11,-0.5202,-0.4949,0.0115,0.1963,0.6002019693907747,,CLOSED,2026-03-31 12:47:00.000000,23506.83,Time Exit,-2425.500000000102
mean_reversion,SELL,2026-03-31 12:42:00.000000,23468.9,23450,pe,12.11,-0.5202,-0.4949,0.0115,0.1963,0.5586808123868159,,CLOSED,2026-03-31 12:48:00.000000,23496.88,Time Exit,-1398.9999999999782
mean_reversion,SELL,2026-03-31 12:43:00.000000,23478.01,23500,pe,25.12,-0.4779,-0.4749,0.0115,0.2303,0.502233981074535,,CLOSED,2026-03-31 12:49:00.000000,23506.97,Time Exit,-1448.0000000001382
mean_reversion,SELL,2026-03-31 12:44:00.000000,23477.19,23500,pe,25.12,-0.4779,-0.4749,0.0115,0.2303,0.4124623329923393,,CLOSED,2026-03-31 12:50:00.000000,23493.56,Time Exit,-818.500000000131
mean_reversion,SELL,2026-03-31 12:47:00.000000,23506.83,23500,pe,25.12,-0.4779,-0.4749,0.0115,0.2303,0.40117093114730595,,CLOSED,2026-03-31 12:53:00.000000,23575.36,Time Exit,-3426.499999999942
mean_reversion,SELL,2026-03-31 12:53:00.000000,23575.36,23600,pe,19.34,-0.5095,-0.5284,0.011,0.1727,0.46692103108024874,,CLOSED,2026-03-31 12:59:00.000000,23594.35,Time Exit,-949.4999999998981
mean_reversion,SELL,2026-03-31 13:02:00.000000,23666.75,23650,pe,23.06,-0.5576,-0.5072,0.0099,0.2216,0.5036536748685553,,CLOSED,2026-03-31 13:08:00.000000,23733.92,Time Exit,-3358.4999999999127
mean_reversion,SELL,2026-03-31 13:03:00.000000,23677.17,23700,pe,28.11,-0.49,-0.4562,0.0095,0.2271,0.4606755971438338,,CLOSED,2026-03-31 13:09:00.000000,23724.57,Time Exit,-2370.0000000000728
mean_reversion,SELL,2026-03-31 13:05:00.000000,23704.76,23700,pe,28.11,-0.49,-0.4562,0.0095,0.2271,0.4327913404421464,,CLOSED,2026-03-31 13:11:00.000000,23756.91,Time Exit,-2607.5000000000728
mean_reversion,SELL,2026-03-31 13:06:00.000000,23744.58,23750,pe,28.54,-0.5996,-0.5608,0.0112,0.2151,0.4983163457170804,,CLOSED,2026-03-31 13:12:00.000000,23757.19,Time Exit,-630.4999999998472
mean_reversion,SELL,2026-03-31 13:22:00.000000,23807.53,23800,pe,28.31,-0.494,-0.4574,0.0108,0.2369,0.44878086590295635,,CLOSED,2026-03-31 13:28:00.000000,23771.43,Time Exit,1804.9999999999272
mean_reversion,SELL,2026-03-31 13:34:00.000000,23819.31,23800,pe,28.31,-0.494,-0.4574,0.0108,0.2369,0.4133445152694244,,CLOSED,2026-03-31 13:40:00.000000,23859.05,Time Exit,-1986.9999999998981
mean_reversion,SELL,2026-03-31 13:35:00.000000,23841.15,23800,pe,28.31,-0.494,-0.4574,0.0108,0.2369,0.5559175639250522,,CLOSED,2026-03-31 13:41:00.000000,23829.33,Time Exit,590.9999999999854
mean_reversion,SELL,2026-03-31 13:38:00.000000,23847.22,23800,pe,28.31,-0.494,-0.4574,0.0108,0.2369,0.413089653364305,,CLOSED,2026-03-31 13:44:00.000000,23855.57,Time Exit,-417.49999999992724
mean_reversion,SELL,2026-03-31 13:39:00.000000,23864.95,23800,pe,28.31,-0.494,-0.4574,0.0108,0.2369,0.48975266324540073,,CLOSED,2026-03-31 13:45:00.000000,23850.76,Time Exit,709.5000000001164
mean_reversion,BUY,2026-04-01 09:15:00.000000,22793.71,22800,ce,10.0,0.4956,-0.5223,0.0096,0.2148,0.8,,CLOSED,2026-04-01 09:21:00.000000,22772.26,Time Exit,-1072.5000000000364
mean_reversion,BUY,2026-04-01 09:16:00.000000,22785.8,22800,ce,10.0,0.4956,-0.5223,0.0096,0.2148,0.8,,CLOSED,2026-04-01 09:22:00.000000,22783.5,Time Exit,-114.99999999996362
mean_reversion,BUY,2026-04-01 09:17:00.000000,22780.98,22800,ce,10.0,0.4956,-0.5223,0.0096,0.2148,0.5844803549805115,,CLOSED,2026-04-01 09:23:00.000000,22767.15,Time Exit,-691.4999999999054
mean_reversion,BUY,2026-04-01 09:18:00.000000,22780.08,22800,ce,10.0,0.4956,-0.5223,0.0096,0.2148,0.46421557839360317,,CLOSED,2026-04-01 09:24:00.000000,22778.24,Time Exit,-92.00000000000728
mean_reversion,SELL,2026-04-01 09:35:00.000000,22851.66,22850,pe,10.0,-0.4481,-0.4988,0.0106,0.1963,0.4796046346483565,,CLOSED,2026-04-01 09:41:00.000000,22871.4,Time Exit,-987.00000000008
mean_reversion,SELL,2026-04-01 09:39:00.000000,22884.32,22900,pe,10.0,-0.4691,-0.4382,0.0096,0.2126,0.4607208375083526,,CLOSED,2026-04-01 09:45:00.000000,22868.88,Time Exit,771.9999999999345
mean_reversion,SELL,2026-04-01 09:48:00.000000,22926.85,22950,pe,10.0,-0.5335,-0.5519,0.0093,0.2014,0.48327361708129146,,CLOSED,2026-04-01 09:54:00.000000,22956.29,Time Exit,-1472.0000000001164
mean_reversion,SELL,2026-04-01 09:50:00.000000,22937.48,22950,pe,10.0,-0.5335,-0.5519,0.0093,0.2014,0.4526970676251236,,CLOSED,2026-04-01 09:56:00.000000,22974.69,Time Exit,-1860.4999999999563
mean_reversion,SELL,2026-04-01 09:53:00.000000,22950.56,22950,pe,10.0,-0.5335,-0.5519,0.0093,0.2014,0.41758441498645016,,CLOSED,2026-04-01 09:59:00.000000,22960.35,Time Exit,-489.49999999986176
mean_reversion,SELL,2026-04-01 10:07:00.000000,22986.04,23000,pe,10.0,-0.5428,-0.3889,0.0096,0.2091,0.4753415196508824,,CLOSED,2026-04-01 10:13:00.000000,23055.91,Time Exit,-3493.499999999949
mean_reversion,SELL,2026-04-01 10:08:00.000000,23005.99,23000,pe,10.0,-0.5428,-0.3889,0.0096,0.2091,0.7009441973557322,,CLOSED,2026-04-01 10:14:00.000000,23068.74,Time Exit,-3137.5
mean_reversion,SELL,2026-04-01 10:09:00.000000,23002.51,23000,pe,10.0,-0.5428,-0.3889,0.0096,0.2091,0.49875255222359083,,CLOSED,2026-04-01 10:15:00.000000,23088.09,Time Exit,-4279.000000000087
mean_reversion,SELL,2026-04-01 10:10:00.000000,23041.19,23050,pe,10.0,-0.4792,-0.5086,0.0117,0.2132,0.7767227890889303,,CLOSED,2026-04-01 10:16:00.000000,23087.95,Time Exit,-2338.000000000102
mean_reversion,SELL,2026-04-01 10:11:00.000000,23052.45,23050,pe,10.0,-0.4792,-0.5086,0.0117,0.2132,0.6384628228120335,,CLOSED,2026-04-01 10:17:00.000000,23075.76,Time Exit,-1165.4999999998836
mean_reversion,SELL,2026-04-01 10:12:00.000000,23043.1,23050,pe,10.0,-0.4792,-0.5086,0.0117,0.2132,0.4470351756717565,,CLOSED,2026-04-01 10:18:00.000000,23079.68,Time Exit,-1829.0000000000873
mean_reversion,SELL,2026-04-01 10:13:00.000000,23055.91,23050,pe,10.0,-0.4792,-0.5086,0.0117,0.2132,0.4512050345244044,,CLOSED,2026-04-01 10:19:00.000000,23104.34,Time Exit,-2421.5000000000146
mean_reversion,SELL,2026-04-01 10:14:00.000000,23068.74,23050,pe,10.0,-0.4792,-0.5086,0.0117,0.2132,0.4445316635602353,,CLOSED,2026-04-01 10:20:00.000000,23123.31,Time Exit,-2728.4999999999854
mean_reversion,SELL,2026-04-01 10:15:00.000000,23088.09,23100,pe,10.0,-0.4436,-0.5271,0.0098,0.1906,0.46262867947126196,,CLOSED,2026-04-01 10:21:00.000000,23096.04,Time Exit,-397.5000000000364
mean_reversion,BUY,2026-04-01 10:35:00.000000,23067.8,23050,ce,5.0,0.5291,-0.4788,0.0117,0.2132,0.4398602412483875,,CLOSED,2026-04-01 10:41:00.000000,23034.56,Time Exit,-1661.9999999998981
mean_reversion,BUY,2026-04-01 10:36:00.000000,23058.89,23050,ce,5.0,0.5291,-0.4788,0.0117,0.2132,0.4850118703720976,,CLOSED,2026-04-01 10:42:00.000000,23012.83,Time Exit,-2302.9999999998836
mean_reversion,BUY,2026-04-01 10:38:00.000000,23039.6,23050,ce,5.0,0.5291,-0.4788,0.0117,0.2132,0.5587442505586662,,CLOSED,2026-04-01 10:44:00.000000,23014.86,Time Exit,-1236.9999999998981
mean_reversion,BUY,2026-04-01 10:39:00.000000,23013.23,23000,ce,5.0,0.4732,-0.5163,0.0096,0.2091,0.666151785106441,,CLOSED,2026-04-01 10:45:00.000000,23025.79,Time Exit,628.0000000000655
mean_reversion,BUY,2026-04-01 10:40:00.000000,23014.84,23000,ce,5.0,0.4732,-0.5163,0.0096,0.2091,0.4972547683711454,,CLOSED,2026-04-01 10:46:00.000000,23030.75,Time Exit,795.4999999999927
mean_reversion,BUY,2026-04-01 10:53:00.000000,22950.16,22950,ce,5.0,0.4707,-0.5054,0.0093,0.2014,0.4625413116686503,,CLOSED,2026-04-01 10:59:00.000000,22928.48,Time Exit,-1084.0000000000146
mean_reversion,BUY,2026-04-01 10:54:00.000000,22938.39,22950,ce,5.0,0.4707,-0.5054,0.0093,0.2014,0.4888604732902614,,CLOSED,2026-04-01 11:00:00.000000,22936.56,Time Exit,-91.49999999990541
mean_reversion,BUY,2026-04-01 10:55:00.000000,22940.71,22950,ce,5.0,0.4707,-0.5054,0.0093,0.2014,0.4140752843728488,,CLOSED,2026-04-01 11:01:00.000000,22956.6,Time Exit,794.4999999999709
mean_reversion,BUY,2026-04-01 10:56:00.000000,22929.49,22950,ce,5.0,0.4707,-0.5054,0.0093,0.2014,0.42773444548729567,,CLOSED,2026-04-01 11:02:00.000000,22967.52,Time Exit,1901.4999999999418
mean_reversion,BUY,2026-04-01 10:57:00.000000,22906.05,22900,ce,5.0,0.5013,-0.4595,0.0096,0.2126,0.49660102661561467,,CLOSED,2026-04-01 11:03:00.000000,22949.59,Time Exit,2177.0000000000437
mean_reversion,BUY,2026-04-01 10:58:00.000000,22903.29,22900,ce,5.0,0.5013,-0.4595,0.0096,0.2126,0.43865621229180213,,CLOSED,2026-04-01 11:04:00.000000,22951.48,Time Exit,2409.4999999999345
mean_reversion,SELL,2026-04-01 11:10:00.000000,23004.84,23000,pe,10.0,-0.5428,-0.3889,0.0096,0.2091,0.5581021601257956,,CLOSED,2026-04-01 11:16:00.000000,23026.35,Time Exit,-1075.49999999992
mean_reversion,SELL,2026-04-01 11:11:00.000000,23012.88,23000,pe,10.0,-0.5428,-0.3889,0.0096,0.2091,0.5444537194153629,,CLOSED,2026-04-01 11:17:00.000000,23005.67,Time Exit,360.50000000013824
mean_reversion,SELL,2026-04-01 11:14:00.000000,23019.55,23000,pe,10.0,-0.5428,-0.3889,0.0096,0.2091,0.4084556925990139,,CLOSED,2026-04-01 11:20:00.000000,23001.02,Time Exit,926.4999999999418
mean_reversion,SELL,2026-04-01 11:32:00.000000,23049.02,23050,pe,10.0,-0.4792,-0.5086,0.0117,0.2132,0.41183678134603596,,CLOSED,2026-04-01 11:38:00.000000,23100.64,Time Exit,-2580.999999999949
mean_reversion,SELL,2026-04-01 11:34:00.000000,23060.17,23050,pe,10.0,-0.4792,-0.5086,0.0117,0.2132,0.47091074129089067,,CLOSED,2026-04-01 11:40:00.000000,23095.83,Time Exit,-1783.0000000001746
mean_reversion,SELL,2026-04-01 11:35:00.000000,23070.73,23050,pe,10.0,-0.4792,-0.5086,0.0117,0.2132,0.5126255501337813,,CLOSED,2026-04-01 11:41:00.000000,23112.74,Time Exit,-2100.500000000102
mean_reversion,SELL,2026-04-01 11:36:00.000000,23072.62,23050,pe,10.0,-0.4792,-0.5086,0.0117,0.2132,0.4397438888463194,,CLOSED,2026-04-01 11:42:00.000000,23118.77,Time Exit,-2307.5000000000728
mean_reversion,SELL,2026-04-01 11:37:00.000000,23087.35,23100,pe,10.0,-0.4436,-0.5271,0.0098,0.1906,0.5033106967474142,,CLOSED,2026-04-01 11:43:00.000000,23106.15,Time Exit,-940.0000000001455
mean_reversion,SELL,2026-04-01 11:38:00.000000,23100.64,23100,pe,10.0,-0.4436,-0.5271,0.0098,0.1906,0.523992612434925,,CLOSED,2026-04-01 11:44:00.000000,23143.27,Time Exit,-2131.500000000051
mean_reversion,SELL,2026-04-01 11:39:00.000000,23101.42,23100,pe,10.0,-0.4436,-0.5271,0.0098,0.1906,0.44252582072616536,,CLOSED,2026-04-01 11:45:00.000000,23156.31,Time Exit,-2744.500000000153
mean_reversion,SELL,2026-04-01 11:41:00.000000,23112.74,23100,pe,10.0,-0.4436,-0.5271,0.0098,0.1906,0.42631150974251747,,CLOSED,2026-04-01 11:47:00.000000,23176.53,Time Exit,-3189.4999999998618
mean_reversion,SELL,2026-04-01 11:42:00.000000,23118.77,23100,pe,10.0,-0.4436,-0.5271,0.0098,0.1906,0.4094113675072271,,CLOSED,2026-04-01 11:48:00.000000,23186.38,Time Exit,-3380.500000000029
mean_reversion,SELL,2026-04-01 11:44:00.000000,23143.27,23150,pe,10.0,-0.4496,-0.5116,0.0107,0.2237,0.4745529677842842,,CLOSED,2026-04-01 11:50:00.000000,23169.63,Time Exit,-1318.000000000029
mean_reversion,SELL,2026-04-01 11:45:00.000000,23156.31,23150,pe,10.0,-0.4496,-0.5116,0.0107,0.2237,0.47948329903098064,,CLOSED,2026-04-01 11:51:00.000000,23170.53,Time Exit,-710.9999999998763
mean_reversion,SELL,2026-04-01 11:46:00.000000,23160.27,23150,pe,10.0,-0.4496,-0.5116,0.0107,0.2237,0.4221375606287842,,CLOSED,2026-04-01 11:52:00.000000,23187.72,Time Exit,-1372.5000000000364
mean_reversion,SELL,2026-04-01 11:47:00.000000,23176.53,23200,pe,10.0,-0.5073,-0.5043,0.0093,0.1853,0.44742262440928754,,CLOSED,2026-04-01 11:53:00.000000,23202.3,Time Exit,-1288.5000000000218
mean_reversion,SELL,2026-04-01 11:48:00.000000,23186.38,23200,pe,10.0,-0.5073,-0.5043,0.0093,0.1853,0.4232526691555381,,CLOSED,2026-04-01 11:54:00.000000,23203.63,Time Exit,-862.5
mean_reversion,SELL,2026-04-01 12:10:00.000000,23241.03,23250,pe,10.0,-0.4141,-0.4268,0.009,0.2097,0.7221015114261117,,CLOSED,2026-04-01 12:16:00.000000,23254.0,Time Exit,-648.5000000000582
mean_reversion,SELL,2026-04-01 12:11:00.000000,23253.99,23250,pe,10.0,-0.4141,-0.4268,0.009,0.2097,0.7029993927886187,,CLOSED,2026-04-01 12:17:00.000000,23232.22,Time Exit,1088.5000000000218
mean_reversion,SELL,2026-04-01 12:12:00.000000,23261.98,23250,pe,10.0,-0.4141,-0.4268,0.009,0.2097,0.6153938791227513,,CLOSED,2026-04-01 12:18:00.000000,23234.49,Time Exit,1374.4999999998981
mean_reversion,SELL,2026-04-01 12:22:00.000000,23279.25,23300,pe,10.0,-0.5043,-0.4737,0.0106,0.1986,0.45602570404929554,,CLOSED,2026-04-01 12:28:00.000000,23315.11,Time Exit,-1793.000000000029
mean_reversion,SELL,2026-04-01 12:23:00.000000,23291.75,23300,pe,10.0,-0.5043,-0.4737,0.0106,0.1986,0.4857377479433326,,CLOSED,2026-04-01 12:29:00.000000,23314.0,Time Exit,-1112.5
mean_reversion,SELL,2026-04-01 12:24:00.000000,23309.7,23300,pe,10.0,-0.5043,-0.4737,0.0106,0.1986,0.5358970669788309,,CLOSED,2026-04-01 12:30:00.000000,23330.48,Time Exit,-1038.9999999999418
mean_reversion,SELL,2026-04-01 12:25:00.000000,23309.83,23300,pe,10.0,-0.5043,-0.4737,0.0106,0.1986,0.45300832379864986,,CLOSED,2026-04-01 12:31:00.000000,23328.94,Time Exit,-955.4999999998472
mean_reversion,SELL,2026-04-01 12:26:00.000000,23324.73,23300,pe,10.0,-0.5043,-0.4737,0.0106,0.1986,0.4790124505305817,,CLOSED,2026-04-01 12:32:00.000000,23299.42,Time Exit,1265.5000000000655
mean_reversion,SELL,2026-04-01 12:45:00.000000,23373.25,23350,pe,14.68,-0.5691,-0.5012,0.0099,0.1943,0.8,,CLOSED,2026-04-01 12:51:00.000000,23479.94,Time Exit,-5334.4999999999345
mean_reversion,SELL,2026-04-01 12:46:00.000000,23374.4,23350,pe,14.68,-0.5691,-0.5012,0.0099,0.1943,0.6698672608395206,,CLOSED,2026-04-01 12:52:00.000000,23469.4,Time Exit,-4750.0
mean_reversion,SELL,2026-04-01 12:47:00.000000,23393.17,23400,pe,18.67,-0.5113,-0.5347,0.0101,0.176,0.6880745953788556,,CLOSED,2026-04-01 12:53:00.000000,23477.14,Time Exit,-4198.500000000058
mean_reversion,SELL,2026-04-01 12:49:00.000000,23420.93,23400,pe,18.67,-0.5113,-0.5347,0.0101,0.176,0.6584998025266497,,CLOSED,2026-04-01 12:55:00.000000,23451.11,Time Exit,-1509.0000000000146
mean_reversion,SELL,2026-04-01 12:50:00.000000,23453.08,23450,pe,12.11,-0.5202,-0.4949,0.0115,0.1963,0.6838200586429111,,CLOSED,2026-04-01 12:56:00.000000,23466.96,Time Exit,-693.999999999869
mean_reversion,SELL,2026-04-01 12:51:00.000000,23479.94,23500,pe,25.12,-0.4779,-0.4749,0.0115,0.2303,0.635877748579303,,CLOSED,2026-04-01 12:57:00.000000,23452.96,Time Exit,1348.9999999999782
mean_reversion,SELL,2026-04-01 12:52:00.000000,23469.4,23450,pe,12.11,-0.5202,-0.4949,0.0115,0.1963,0.4532182257923719,,CLOSED,2026-04-01 12:58:00.000000,23469.67,Time Exit,-13.499999999839929
mean_reversion,SELL,2026-04-01 12:53:00.000000,23477.14,23500,pe,25.12,-0.4779,-0.4749,0.0115,0.2303,0.4097391708414385,,CLOSED,2026-04-01 12:59:00.000000,23478.76,Time Exit,-80.99999999994907
mean_reversion,BUY,2026-04-01 13:09:00.000000,23377.19,23400,ce,9.0,0.4362,-0.4861,0.0101,0.176,0.6571317454019483,,CLOSED,2026-04-01 13:15:00.000000,23417.5,Time Exit,2015.5000000000655
mean_reversion,SELL,2026-04-01 13:23:00.000000,23493.78,23500,pe,25.12,-0.4779,-0.4749,0.0115,0.2303,0.5973664563560896,,CLOSED,2026-04-01 13:29:00.000000,23528.05,Time Exit,-1713.5000000000218
mean_reversion,SELL,2026-04-01 13:24:00.000000,23485.73,23500,pe,25.12,-0.4779,-0.4749,0.0115,0.2303,0.4239534947169483,,CLOSED,2026-04-01 13:30:00.000000,23543.15,Time Exit,-2871.0000000000946
mean_reversion,SELL,2026-04-01 13:29:00.000000,23528.05,23550,pe,10.0,-0.4594,-0.3765,0.0091,0.2329,0.48315170064241747,,CLOSED,2026-04-01 13:35:00.000000,23548.95,Time Exit,-1045.0000000000728
mean_reversion,SELL,2026-04-01 13:30:00.000000,23543.15,23550,pe,10.0,-0.4594,-0.3765,0.0091,0.2329,0.5060012408503904,,CLOSED,2026-04-01 13:36:00.000000,23548.38,Time Exit,-261.4999999999782
mean_reversion,SELL,2026-04-01 13:31:00.000000,23556.75,23550,pe,10.0,-0.4594,-0.3765,0.0091,0.2329,0.48900944184376716,,CLOSED,2026-04-01 13:37:00.000000,23536.84,Time Exit,995.4999999999927
mean_reversion,SELL,2026-04-01 13:46:00.000000,23615.46,23600,pe,19.34,-0.5095,-0.5284,0.011,0.1727,0.4618589355202702,,CLOSED,2026-04-01 13:52:00.000000,23643.21,Time Exit,-1387.5
mean_reversion,SELL,2026-04-01 13:47:00.000000,23613.02,23600,pe,19.34,-0.5095,-0.5284,0.011,0.1727,0.41354485644889716,,CLOSED,2026-04-01 13:53:00.000000,23646.23,Time Exit,-1660.4999999999563
mean_reversion,SELL,2026-04-01 13:48:00.000000,23613.94,23600,pe,19.34,-0.5095,-0.5284,0.011,0.1727,0.4070809638806299,,CLOSED,2026-04-01 13:54:00.000000,23637.27,Time Exit,-1166.5000000000873
mean_reversion,SELL,2026-04-01 13:49:00.000000,23661.16,23650,pe,23.06,-0.5576,-0.5072,0.0099,0.2216,0.7372971750784318,,CLOSED,2026-04-01 13:55:00.000000,23606.5,Time Exit,2732.9999999999927
mean_reversion,SELL,2026-04-01 13:50:00.000000,23657.52,23650,pe,23.06,-0.5576,-0.5072,0.0099,0.2216,0.529566942745632,,CLOSED,2026-04-01 13:56:00.000000,23598.71,Time Exit,2940.5000000000655
mean_reversion,SELL,2026-04-01 13:51:00.000000,23651.36,23650,pe,23.06,-0.5576,-0.5072,0.0099,0.2216,0.4009325341400912,,CLOSED,2026-04-01 13:57:00.000000,23596.17,Time Exit,2759.5000000001164
mean_reversion,BUY,2026-04-01 14:04:00.000000,23542.0,23550,ce,5.0,0.5088,-0.5384,0.0091,0.2329,0.5240506086683311,,CLOSED,2026-04-01 14:10:00.000000,23571.54,Time Exit,1477.0000000000437
mean_reversion,BUY,2026-04-01 14:05:00.000000,23527.2,23550,ce,5.0,0.5088,-0.5384,0.0091,0.2329,0.5530182816229092,,CLOSED,2026-04-01 14:11:00.000000,23595.73,Time Exit,3426.499999999942
mean_reversion,BUY,2026-04-01 14:06:00.000000,23522.6,23500,ce,5.0,0.4449,-0.5647,0.0115,0.2303,0.4966853989501434,,CLOSED,2026-04-01 14:12:00.000000,23601.69,Time Exit,3954.5000000000073
mean_reversion,BUY,2026-04-01 14:07:00.000000,23522.5,23500,ce,5.0,0.4449,-0.5647,0.0115,0.2303,0.41222346478602956,,CLOSED,2026-04-01 14:13:00.000000,23605.73,Time Exit,4161.499999999978
mean_reversion,SELL,2026-04-01 14:17:00.000000,23678.84,23700,pe,28.11,-0.49,-0.4562,0.0095,0.2271,0.5408475245973872,,CLOSED,2026-04-01 14:23:00.000000,23734.68,Time Exit,-2792.0000000000073
mean_reversion,SELL,2026-04-01 14:18:00.000000,23684.99,23700,pe,28.11,-0.49,-0.4562,0.0095,0.2271,0.4730323733007367,,CLOSED,2026-04-01 14:24:00.000000,23722.89,Time Exit,-1894.9999999998909
mean_reversion,SELL,2026-04-01 14:21:00.000000,23709.87,23700,pe,28.11,-0.49,-0.4562,0.0095,0.2271,0.4072862042866346,,CLOSED,2026-04-01 14:27:00.000000,23771.68,Time Exit,-3090.5000000000655
mean_reversion,BUY,2026-04-02 09:15:00.000000,22764.87,22750,ce,10.0,0.5455,-0.5909,0.0092,0.1822,0.8,,CLOSED,2026-04-02 09:21:00.000000,22810.6,Time Exit,2286.499999999978
mean_reversion,BUY,2026-04-02 09:16:00.000000,22768.05,22750,ce,10.0,0.5455,-0.5909,0.0092,0.1822,0.8,,CLOSED,2026-04-02 09:22:00.000000,22815.42,Time Exit,2368.499999999949
mean_reversion,BUY,2026-04-02 09:17:00.000000,22783.75,22800,ce,10.0,0.4956,-0.5223,0.0096,0.2148,0.5745064483176067,,CLOSED,2026-04-02 09:23:00.000000,22859.52,Time Exit,3788.500000000022
mean_reversion,BUY,2026-04-02 09:18:00.000000,22791.6,22800,ce,10.0,0.4956,-0.5223,0.0096,0.2148,0.4547984955518321,,CLOSED,2026-04-02 09:24:00.000000,22866.54,Time Exit,3747.0000000001164
mean_reversion,SELL,2026-04-02 09:41:00.000000,22945.24,22950,pe,10.0,-0.5335,-0.5519,0.0093,0.2014,0.4058716266073999,,CLOSED,2026-04-02 09:47:00.000000,22909.19,Time Exit,1802.5000000001455
mean_reversion,SELL,2026-04-02 09:42:00.000000,22956.18,22950,pe,10.0,-0.5335,-0.5519,0.0093,0.2014,0.4526167369024881,,CLOSED,2026-04-02 09:48:00.000000,22904.94,Time Exit,2562.00000000008
mean_reversion,BUY,2026-04-02 09:54:00.000000,22845.34,22850,ce,5.0,0.46,-0.5721,0.0106,0.1963,0.5184013032114879,,CLOSED,2026-04-02 10:00:00.000000,22904.11,Time Exit,2938.500000000022
mean_reversion,SELL,2026-04-02 10:12:00.000000,22945.71,22950,pe,10.0,-0.5335,-0.5519,0.0093,0.2014,0.4054813859371607,,CLOSED,2026-04-02 10:18:00.000000,22921.83,Time Exit,1193.999999999869
mean_reversion,SELL,2026-04-02 10:13:00.000000,22955.09,22950,pe,10.0,-0.5335,-0.5519,0.0093,0.2014,0.4444591975914321,,CLOSED,2026-04-02 10:19:00.000000,22916.5,Time Exit,1929.5000000000073
mean_reversion,SELL,2026-04-02 10:40:00.000000,22971.97,22950,pe,10.0,-0.5335,-0.5519,0.0093,0.2014,0.4799782350933507,,CLOSED,2026-04-02 10:46:00.000000,23037.93,Time Exit,-3297.9999999999563
mean_reversion,SELL,2026-04-02 10:41:00.000000,22995.76,23000,pe,10.0,-0.5428,-0.3889,0.0096,0.2091,0.6093629709394389,,CLOSED,2026-04-02 10:47:00.000000,23054.82,Time Exit,-2953.0000000000655
mean_reversion,SELL,2026-04-02 10:42:00.000000,23012.18,23000,pe,10.0,-0.5428,-0.3889,0.0096,0.2091,0.602531226730936,,CLOSED,2026-04-02 10:48:00.000000,23052.39,Time Exit,-2010.4999999999563
mean_reversion,SELL,2026-04-02 10:43:00.000000,23033.13,23050,pe,10.0,-0.4792,-0.5086,0.0117,0.2132,0.6297953268623879,,CLOSED,2026-04-02 10:49:00.000000,23072.25,Time Exit,-1955.999999999949
mean_reversion,SELL,2026-04-02 10:44:00.000000,23047.12,23050,pe,10.0,-0.4792,-0.5086,0.0117,0.2132,0.5656061413931744,,CLOSED,2026-04-02 10:50:00.000000,23074.76,Time Exit,-1381.999999999971
mean_reversion,SELL,2026-04-02 10:45:00.000000,23058.08,23050,pe,10.0,-0.4792,-0.5086,0.0117,0.2132,0.5054147348014283,,CLOSED,2026-04-02 10:51:00.000000,23077.22,Time Exit,-956.9999999999709
mean_reversion,SELL,2026-04-02 11:01:00.000000,23151.39,23150,pe,10.0,-0.4496,-0.5116,0.0107,0.2237,0.6671349101116502,,CLOSED,2026-04-02 11:07:00.000000,23183.83,Time Exit,-1622.0000000001164
mean_reversion,SELL,2026-04-02 11:02:00.000000,23150.0,23150,pe,10.0,-0.4496,-0.5116,0.0107,0.2237,0.5475116530653359,,CLOSED,2026-04-02 11:08:00.000000,23173.83,Time Exit,-1191.5000000000873
mean_reversion,SELL,2026-04-02 11:03:00.000000,23141.11,23150,pe,10.0,-0.4496,-0.5116,0.0107,0.2237,0.4117006735886687,,CLOSED,2026-04-02 11:09:00.000000,23177.42,Time Exit,-1815.4999999998836
mean_reversion,SELL,2026-04-02 11:04:00.000000,23171.59,23150,pe,10.0,-0.4496,-0.5116,0.0107,0.2237,0.5419620559702435,,CLOSED,2026-04-02 11:10:00.000000,23177.98,Time Exit,-319.4999999999709
mean_reversion,SELL,2026-04-02 11:05:00.000000,23190.44,23200,pe,10.0,-0.5073,-0.5043,0.0093,0.1853,0.5419603499578145,,CLOSED,2026-04-02 11:11:00.000000,23189.93,Time Exit,25.499999999919964
mean_reversion,SELL,2026-04-02 11:06:00.000000,23190.47,23200,pe,10.0,-0.5073,-0.5043,0.0093,0.1853,0.4408912082349474,,CLOSED,2026-04-02 11:12:00.000000,23205.08,Time Exit,-730.5000000000291
mean_reversion,BUY,2026-04-02 11:29:00.000000,23153.65,23150,ce,5.0,0.4874,-0.4762,0.0107,0.2237,0.4247720951104884,,CLOSED,2026-04-02 11:35:00.000000,23246.61,Time Exit,4647.999999999956
mean_reversion,SELL,2026-04-02 11:33:00.000000,23234.62,23250,pe,10.0,-0.4141,-0.4268,0.009,0.2097,0.4326706096818257,,CLOSED,2026-04-02 11:39:00.000000,23263.72,Time Exit,-1455.0000000001091
mean_reversion,SELL,2026-04-02 11:34:00.000000,23247.93,23250,pe,10.0,-0.4141,-0.4268,0.009,0.2097,0.49579446100781643,,CLOSED,2026-04-02 11:40:00.000000,23268.85,Time Exit,-1045.9999999999127
mean_reversion,SELL,2026-04-02 11:35:00.000000,23246.61,23250,pe,10.0,-0.4141,-0.4268,0.009,0.2097,0.4145572001060641,,CLOSED,2026-04-02 11:41:00.000000,23336.37,Time Exit,-4487.99999999992
mean_reversion,SELL,2026-04-02 11:36:00.000000,23271.55,23250,pe,10.0,-0.4141,-0.4268,0.009,0.2097,0.5779163600290457,,CLOSED,2026-04-02 11:42:00.000000,23362.0,Time Exit,-4522.500000000036
mean_reversion,SELL,2026-04-02 11:41:00.000000,23336.37,23350,pe,14.68,-0.5691,-0.5012,0.0099,0.1943,0.7290474582141157,,CLOSED,2026-04-02 11:47:00.000000,23344.37,Time Exit,-400.0
mean_reversion,SELL,2026-04-02 11:42:00.000000,23362.0,23350,pe,14.68,-0.5691,-0.5012,0.0099,0.1943,0.6657703517117837,,CLOSED,2026-04-02 11:48:00.000000,23350.48,Time Exit,576.0000000000218
mean_reversion,SELL,2026-04-02 12:04:00.000000,23401.53,23400,pe,18.67,-0.5113,-0.5347,0.0101,0.176,0.7426032079820051,,CLOSED,2026-04-02 12:10:00.000000,23399.15,Time Exit,118.99999999986903
mean_reversion,SELL,2026-04-02 12:05:00.000000,23402.71,23400,pe,18.67,-0.5113,-0.5347,0.0101,0.176,0.5542580714403902,,CLOSED,2026-04-02 12:11:00.000000,23359.65,Time Exit,2152.9999999998836
mean_reversion,SELL,2026-04-02 12:06:00.000000,23398.16,23400,pe,18.67,-0.5113,-0.5347,0.0101,0.176,0.4118769833837484,,CLOSED,2026-04-02 12:12:00.000000,23343.1,Time Exit,2753.0000000000655
mean_reversion,SELL,2026-04-02 12:17:00.000000,23432.16,23450,pe,12.11,-0.5202,-0.4949,0.0115,0.1963,0.4509973656921752,,CLOSED,2026-04-02 12:23:00.000000,23442.14,Time Exit,-498.9999999999782
mean_reversion,SELL,2026-04-02 12:22:00.000000,23457.37,23450,pe,12.11,-0.5202,-0.4949,0.0115,0.1963,0.5864674458565383,,CLOSED,2026-04-02 12:28:00.000000,23436.76,Time Exit,1030.500000000029
mean_reversion,SELL,2026-04-02 12:24:00.000000,23465.22,23450,pe,12.11,-0.5202,-0.4949,0.0115,0.1963,0.4978802904528412,,CLOSED,2026-04-02 12:30:00.000000,23468.46,Time Exit,-161.99999999989814
mean_reversion,SELL,2026-04-02 12:37:00.000000,23507.06,23500,pe,25.12,-0.4779,-0.4749,0.0115,0.2303,0.46635495687286077,,CLOSED,2026-04-02 12:43:00.000000,23546.81,Time Exit,-1987.5
mean_reversion,SELL,2026-04-02 12:38:00.000000,23519.14,23500,pe,25.12,-0.4779,-0.4749,0.0115,0.2303,0.4728925534943523,,CLOSED,2026-04-02 12:44:00.000000,23574.42,Time Exit,-2763.999999999942
mean_reversion,SELL,2026-04-02 12:39:00.000000,23526.71,23550,pe,10.0,-0.4594,-0.3765,0.0091,0.2329,0.45765752094949974,,CLOSED,2026-04-02 12:45:00.000000,23582.57,Time Exit,-2793.000000000029
mean_reversion,SELL,2026-04-02 12:43:00.000000,23546.81,23550,pe,10.0,-0.4594,-0.3765,0.0091,0.2329,0.41915216979547065,,CLOSED,2026-04-02 12:49:00.000000,23629.66,Time Exit,-4142.499999999927
mean_reversion,SELL,2026-04-02 12:44:00.000000,23574.42,23550,pe,10.0,-0.4594,-0.3765,0.0091,0.2329,0.5139088877783038,,CLOSED,2026-04-02 12:50:00.000000,23624.97,Time Exit,-2527.5000000001455
mean_reversion,SELL,2026-04-02 12:45:00.000000,23582.57,23600,pe,19.34,-0.5095,-0.5284,0.011,0.1727,0.4614066011948701,,CLOSED,2026-04-02 12:51:00.000000,23633.46,Time Exit,-2544.499999999971
mean_reversion,SELL,2026-04-02 12:47:00.000000,23609.11,23600,pe,19.34,-0.5095,-0.5284,0.011,0.1727,0.44463521630106717,,CLOSED,2026-04-02 12:53:00.000000,23671.56,Time Exit,-3122.5000000000364
mean_reversion,SELL,2026-04-02 12:48:00.000000,23627.5,23650,pe,23.06,-0.5576,-0.5072,0.0099,0.2216,0.44816851993895357,,CLOSED,2026-04-02 12:54:00.000000,23634.94,Time Exit,-371.9999999999345
mean_reversion,SELL,2026-04-02 13:08:00.000000,23681.41,23700,pe,28.11,-0.49,-0.4562,0.0095,0.2271,0.7384063325649071,,CLOSED,2026-04-02 13:14:00.000000,23834.55,Time Exit,-7656.999999999971
mean_reversion,SELL,2026-04-02 13:09:00.000000,23711.58,23700,pe,28.11,-0.49,-0.4562,0.0095,0.2271,0.8,,CLOSED,2026-04-02 13:15:00.000000,23826.03,Time Exit,-5722.4999999998545
mean_reversion,SELL,2026-04-02 13:10:00.000000,23734.57,23750,pe,28.54,-0.5996,-0.5608,0.0112,0.2151,0.8,,CLOSED,2026-04-02 13:16:00.000000,23822.95,Time Exit,-4419.000000000051
mean_reversion,SELL,2026-04-02 13:11:00.000000,23738.69,23750,pe,28.54,-0.5996,-0.5608,0.0112,0.2151,0.6038532399126603,,CLOSED,2026-04-02 13:17:00.000000,23784.22,Time Exit,-2276.5000000001237
mean_reversion,SELL,2026-04-02 13:12:00.000000,23769.33,23750,pe,28.54,-0.5996,-0.5608,0.0112,0.2151,0.6464241810939158,,CLOSED,2026-04-02 13:18:00.000000,23803.38,Time Exit,-1702.4999999999636
mean_reversion,SELL,2026-04-02 13:13:00.000000,23795.64,23800,pe,28.31,-0.494,-0.4574,0.0108,0.2369,0.6188176105484856,,CLOSED,2026-04-02 13:19:00.000000,23811.11,Time Exit,-773.5000000000582
mean_reversion,SELL,2026-04-02 13:14:00.000000,23834.55,23800,pe,28.31,-0.494,-0.4574,0.0108,0.2369,0.6321779734005053,,CLOSED,2026-04-02 13:20:00.000000,23825.7,Time Exit,442.49999999992724
mean_reversion,SELL,2026-04-02 13:15:00.000000,23826.03,23800,pe,28.31,-0.494,-0.4574,0.0108,0.2369,0.46395199731395714,,CLOSED,2026-04-02 13:21:00.000000,23839.36,Time Exit,-666.5000000000873
mean_reversion,BUY,2026-04-03 09:15:00.000000,22584.35,22600,ce,10.0,0.5529,-0.5208,0.0093,0.2046,0.8,,CLOSED,2026-04-03 09:21:00.000000,22679.29,Time Exit,4747.000000000116
mean_reversion,BUY,2026-04-03 09:16:00.000000,22607.27,22600,ce,10.0,0.5529,-0.5208,0.0093,0.2046,0.8,,CLOSED,2026-04-03 09:22:00.000000,22688.53,Time Exit,4062.99999999992
mean_reversion,BUY,2026-04-03 09:17:00.000000,22639.41,22650,ce,10.0,0.5085,-0.5558,0.0101,0.1945,0.5695759771930826,,CLOSED,2026-04-03 09:23:00.000000,22700.26,Time Exit,3042.4999999999272
mean_reversion,BUY,2026-04-03 09:18:00.000000,22618.67,22600,ce,10.0,0.5529,-0.5208,0.0093,0.2046,0.46109728572209685,,CLOSED,2026-04-03 09:24:00.000000,22708.03,Time Exit,4468.000000000029
mean_reversion,BUY,2026-04-03 10:01:00.000000,22656.17,22650,ce,10.0,0.5085,-0.5558,0.0101,0.1945,0.5352034088986931,,CLOSED,2026-04-03 10:07:00.000000,22626.47,Time Exit,-1484.9999999998545
mean_reversion,BUY,2026-04-03 10:02:00.000000,22637.67,22650,ce,10.0,0.5085,-0.5558,0.0101,0.1945,0.6853132164275131,,CLOSED,2026-04-03 10:08:00.000000,22597.83,Time Exit,-1991.9999999998254
mean_reversion,BUY,2026-04-03 10:06:00.000000,22632.27,22650,ce,10.0,0.5085,-0.5558,0.0101,0.1945,0.531542058726801,,CLOSED,2026-04-03 10:12:00.000000,22665.76,Time Exit,1674.4999999998981
mean_reversion,BUY,2026-04-03 10:07:00.000000,22626.47,22650,ce,10.0,0.5085,-0.5558,0.0101,0.1945,0.4892491306972362,,CLOSED,2026-04-03 10:13:00.000000,22698.94,Time Exit,3623.4999999998763
mean_reversion,BUY,2026-04-03 10:08:00.000000,22597.83,22600,ce,10.0,0.5529,-0.5208,0.0093,0.2046,0.6649659890454025,,CLOSED,2026-04-03 10:14:00.000000,22701.32,Time Exit,5174.499999999898
mean_reversion,SELL,2026-04-03 10:27:00.000000,22718.07,22700,pe,5.0,-0.4388,-0.4632,0.009,0.2125,0.4106097038710984,,CLOSED,2026-04-03 10:33:00.000000,22740.2,Time Exit,-1106.500000000051
mean_reversion,SELL,2026-04-03 10:28:00.000000,22729.59,22750,pe,7.41,-0.4085,-0.4956,0.0092,0.1822,0.43998849817804164,,CLOSED,2026-04-03 10:34:00.000000,22725.95,Time Exit,181.9999999999709
mean_reversion,SELL,2026-04-03 10:29:00.000000,22740.15,22750,pe,7.41,-0.4085,-0.4956,0.0092,0.1822,0.495661354419583,,CLOSED,2026-04-03 10:35:00.000000,22722.56,Time Exit,879.5000000000073
mean_reversion,SELL,2026-04-03 10:30:00.000000,22753.18,22750,pe,7.41,-0.4085,-0.4956,0.0092,0.1822,0.5170146068030819,,CLOSED,2026-04-03 10:36:00.000000,22729.74,Time Exit,1171.9999999999345
mean_reversion,SELL,2026-04-03 10:40:00.000000,22786.28,22800,pe,5.0,-0.5112,-0.5026,0.0096,0.2148,0.41562623626346024,,CLOSED,2026-04-03 10:46:00.000000,22843.67,Time Exit,-2869.499999999971
mean_reversion,SELL,2026-04-03 10:41:00.000000,22797.73,22800,pe,5.0,-0.5112,-0.5026,0.0096,0.2148,0.4378726249085395,,CLOSED,2026-04-03 10:47:00.000000,22872.22,Time Exit,-3724.50000000008
mean_reversion,SELL,2026-04-03 10:42:00.000000,22830.07,22850,pe,10.0,-0.4481,-0.4988,0.0106,0.1963,0.5550914805634644,,CLOSED,2026-04-03 10:48:00.000000,22891.94,Time Exit,-3093.499999999949
mean_reversion,SELL,2026-04-03 10:43:00.000000,22843.8,22850,pe,10.0,-0.4481,-0.4988,0.0106,0.1963,0.5327940497946301,,CLOSED,2026-04-03 10:49:00.000000,22907.75,Time Exit,-3197.5000000000364
mean_reversion,SELL,2026-04-03 10:44:00.000000,22838.47,22850,pe,10.0,-0.4481,-0.4988,0.0106,0.1963,0.4318609693191452,,CLOSED,2026-04-03 10:50:00.000000,22935.49,Time Exit,-4851.000000000022
mean_reversion,SELL,2026-04-03 10:45:00.000000,22848.92,22850,pe,10.0,-0.4481,-0.4988,0.0106,0.1963,0.43096896575915133,,CLOSED,2026-04-03 10:51:00.000000,22942.93,Time Exit,-4700.500000000102
mean_reversion,SELL,2026-04-03 10:47:00.000000,22872.22,22850,pe,10.0,-0.4481,-0.4988,0.0106,0.1963,0.4403224969549859,,CLOSED,2026-04-03 10:53:00.000000,22958.45,Time Exit,-4311.499999999978
mean_reversion,SELL,2026-04-03 10:48:00.000000,22891.94,22900,pe,10.0,-0.4691,-0.4382,0.0096,0.2126,0.4552144568543607,,CLOSED,2026-04-03 10:54:00.000000,22966.77,Time Exit,-3741.5000000000873
mean_reversion,SELL,2026-04-03 10:49:00.000000,22907.75,22900,pe,10.0,-0.4691,-0.4382,0.0096,0.2126,0.44309594992282586,,CLOSED,2026-04-03 10:55:00.000000,22956.81,Time Exit,-2453.0000000000655
mean_reversion,SELL,2026-04-03 10:50:00.000000,22935.49,22950,pe,10.0,-0.5335,-0.5519,0.0093,0.2014,0.46792026301240935,,CLOSED,2026-04-03 10:56:00.000000,22977.17,Time Exit,-2083.9999999998327
mean_reversion,SELL,2026-04-03 10:51:00.000000,22942.93,22950,pe,10.0,-0.5335,-0.5519,0.0093,0.2014,0.4149192866281169,,CLOSED,2026-04-03 10:57:00.000000,22995.29,Time Exit,-2618.000000000029
mean_reversion,SELL,2026-04-03 11:11:00.000000,23142.89,23150,pe,10.0,-0.4496,-0.5116,0.0107,0.2237,0.4149437185881206,,CLOSED,2026-04-03 11:17:00.000000,23195.05,Time Exit,-2607.9999999999927
mean_reversion,SELL,2026-04-03 11:17:00.000000,23195.05,23200,pe,10.0,-0.5073,-0.5043,0.0093,0.1853,0.4258435625568543,,CLOSED,2026-04-03 11:23:00.000000,23219.91,Time Exit,-1243.000000000029
mean_reversion,SELL,2026-04-03 11:20:00.000000,23230.35,23250,pe,10.0,-0.4141,-0.4268,0.009,0.2097,0.4071408755349265,,CLOSED,2026-04-03 11:26:00.000000,23247.25,Time Exit,-845.0000000000728
mean_reversion,SELL,2026-04-03 11:21:00.000000,23246.47,23250,pe,10.0,-0.4141,-0.4268,0.009,0.2097,0.4057463906741364,,CLOSED,2026-04-03 11:27:00.000000,23234.55,Time Exit,596.0000000000946
mean_reversion,SELL,2026-04-03 11:36:00.000000,23306.34,23300,pe,10.0,-0.5043,-0.4737,0.0106,0.1986,0.4047432046652217,,CLOSED,2026-04-03 11:42:00.000000,23343.23,Time Exit,-1844.499999999971
mean_reversion,SELL,2026-04-03 11:39:00.000000,23320.32,23300,pe,10.0,-0.5043,-0.4737,0.0106,0.1986,0.41096060412388535,,CLOSED,2026-04-03 11:45:00.000000,23398.5,Time Exit,-3909.0000000000146
mean_reversion,SELL,2026-04-03 11:40:00.000000,23334.73,23350,pe,14.68,-0.5691,-0.5012,0.0099,0.1943,0.4536794654628865,,CLOSED,2026-04-03 11:46:00.000000,23438.11,Time Exit,-5169.000000000051
mean_reversion,SELL,2026-04-03 11:41:00.000000,23345.74,23350,pe,14.68,-0.5691,-0.5012,0.0099,0.1943,0.4502739815499761,,CLOSED,2026-04-03 11:47:00.000000,23415.27,Time Exit,-3476.499999999942
mean_reversion,SELL,2026-04-03 11:43:00.000000,23385.76,23400,pe,18.67,-0.5113,-0.5347,0.0101,0.176,0.5371180693347065,,CLOSED,2026-04-03 11:49:00.000000,23429.19,Time Exit,-2171.5000000000146
mean_reversion,SELL,2026-04-03 11:44:00.000000,23379.54,23400,pe,18.67,-0.5113,-0.5347,0.0101,0.176,0.4204738674227012,,CLOSED,2026-04-03 11:50:00.000000,23407.92,Time Exit,-1418.999999999869
mean_reversion,SELL,2026-04-03 11:45:00.000000,23398.5,23400,pe,18.67,-0.5113,-0.5347,0.0101,0.176,0.4394237017813591,,CLOSED,2026-04-03 11:51:00.000000,23428.9,Time Exit,-1520.0000000000728
mean_reversion,SELL,2026-04-03 11:46:00.000000,23438.11,23450,pe,12.11,-0.5202,-0.4949,0.0115,0.1963,0.5238625081949937,,CLOSED,2026-04-03 11:52:00.000000,23432.85,Time Exit,263.00000000010186
mean_reversion,SELL,2026-04-03 12:00:00.000000,23533.23,23550,pe,10.0,-0.4594,-0.3765,0.0091,0.2329,0.4812592145931915,,CLOSED,2026-04-03 12:06:00.000000,23552.9,Time Exit,-983.5000000000946
mean_reversion,SELL,2026-04-03 12:06:00.000000,23552.9,23550,pe,10.0,-0.4594,-0.3765,0.0091,0.2329,0.4151860942322335,,CLOSED,2026-04-03 12:12:00.000000,23579.8,Time Exit,-1344.9999999998909
mean_reversion,SELL,2026-04-03 12:07:00.000000,23565.66,23550,pe,10.0,-0.4594,-0.3765,0.0091,0.2329,0.4144218970034381,,CLOSED,2026-04-03 12:13:00.000000,23566.63,Time Exit,-48.50000000005821
mean_reversion,SELL,2026-04-03 12:17:00.000000,23598.11,23600,pe,19.34,-0.5095,-0.5284,0.011,0.1727,0.4007225498926661,,CLOSED,2026-04-03 12:23:00.000000,23717.01,Time Exit,-5944.999999999891
mean_reversion,SELL,2026-04-03 12:18:00.000000,23612.96,23600,pe,19.34,-0.5095,-0.5284,0.011,0.1727,0.4573776722100026,,CLOSED,2026-04-03 12:24:00.000000,23719.34,Time Exit,-5319.000000000051
mean_reversion,SELL,2026-04-03 12:19:00.000000,23679.16,23700,pe,28.11,-0.49,-0.4562,0.0095,0.2271,0.8,,CLOSED,2026-04-03 12:25:00.000000,23740.24,Time Exit,-3054.0000000000873
mean_reversion,SELL,2026-04-03 12:20:00.000000,23682.24,23700,pe,28.11,-0.49,-0.4562,0.0095,0.2271,0.6144409328570816,,CLOSED,2026-04-03 12:26:00.000000,23759.68,Time Exit,-3871.9999999999345
mean_reversion,SELL,2026-04-03 12:21:00.000000,23675.0,23700,pe,28.11,-0.49,-0.4562,0.0095,0.2271,0.4512800556533114,,CLOSED,2026-04-03 12:27:00.000000,23759.57,Time Exit,-4228.499999999985
mean_reversion,SELL,2026-04-03 12:22:00.000000,23679.95,23700,pe,28.11,-0.49,-0.4562,0.0095,0.2271,0.4042685297774812,,CLOSED,2026-04-03 12:28:00.000000,23785.07,Time Exit,-5255.999999999949
mean_reversion,SELL,2026-04-03 12:23:00.000000,23717.01,23700,pe,28.11,-0.49,-0.4562,0.0095,0.2271,0.48898047732341166,,CLOSED,2026-04-03 12:29:00.000000,23806.63,Time Exit,-4481.000000000131
mean_reversion,SELL,2026-04-03 12:24:00.000000,23719.34,23700,pe,28.11,-0.49,-0.4562,0.0095,0.2271,0.42156643397011473,,CLOSED,2026-04-03 12:30:00.000000,23793.11,Time Exit,-3688.500000000022
mean_reversion,SELL,2026-04-03 12:25:00.000000,23740.24,23750,pe,28.54,-0.5996,-0.5608,0.0112,0.2151,0.4286089095996882,,CLOSED,2026-04-03 12:31:00.000000,23793.57,Time Exit,-2666.4999999999054
mean_reversion,SELL,2026-04-03 12:26:00.000000,23759.68,23750,pe,28.54,-0.5996,-0.5608,0.0112,0.2151,0.4280645833852888,,CLOSED,2026-04-03 12:32:00.000000,23777.05,Time Exit,-868.4999999999491
mean_reversion,SELL,2026-04-03 12:52:00.000000,23861.37,23800,pe,28.31,-0.494,-0.4574,0.0108,0.2369,0.43605077385026636,,CLOSED,2026-04-03 12:58:00.000000,24014.35,Time Exit,-7648.999999999978
mean_reversion,BUY,2026-04-06 09:15:00.000000,22928.02,22950,ce,5.0,0.4707,-0.5054,0.0093,0.2014,0.8,,CLOSED,2026-04-06 09:21:00.000000,22963.28,Time Exit,1762.99999999992
mean_reversion,BUY,2026-04-06 09:16:00.000000,22942.89,22950,ce,5.0,0.4707,-0.5054,0.0093,0.2014,0.8,,CLOSED,2026-04-06 09:22:00.000000,22983.46,Time Exit,2028.4999999999854
mean_reversion,BUY,2026-04-06 09:17:00.000000,22961.54,22950,ce,5.0,0.4707,-0.5054,0.0093,0.2014,0.5755726050537985,,CLOSED,2026-04-06 09:23:00.000000,23023.27,Time Exit,3086.499999999978
mean_reversion,BUY,2026-04-06 09:18:00.000000,22973.01,22950,ce,5.0,0.4707,-0.5054,0.0093,0.2014,0.4559889718356228,,CLOSED,2026-04-06 09:24:00.000000,22998.96,Time Exit,1297.5000000000364
mean_reversion,SELL,2026-04-06 09:39:00.000000,23040.81,23050,pe,10.0,-0.4792,-0.5086,0.0117,0.2132,0.4227192159980043,,CLOSED,2026-04-06 09:45:00.000000,23032.98,Time Exit,391.5000000000873
mean_reversion,SELL,2026-04-06 09:46:00.000000,23051.85,23050,pe,10.0,-0.4792,-0.5086,0.0117,0.2132,0.4492030319858384,,CLOSED,2026-04-06 09:52:00.000000,23099.76,Time Exit,-2395.4999999999927
mean_reversion,SELL,2026-04-06 09:47:00.000000,23066.07,23050,pe,10.0,-0.4792,-0.5086,0.0117,0.2132,0.5222836533001597,,CLOSED,2026-04-06 09:53:00.000000,23149.36,Time Exit,-4164.500000000044
mean_reversion,SELL,2026-04-06 09:48:00.000000,23087.64,23100,pe,10.0,-0.4436,-0.5271,0.0098,0.1906,0.6187502344497624,,CLOSED,2026-04-06 09:54:00.000000,23174.66,Time Exit,-4351.000000000022
mean_reversion,SELL,2026-04-06 09:49:00.000000,23102.93,23100,pe,10.0,-0.4436,-0.5271,0.0098,0.1906,0.5931526972739002,,CLOSED,2026-04-06 09:55:00.000000,23162.8,Time Exit,-2993.499999999949
mean_reversion,SELL,2026-04-06 09:50:00.000000,23142.96,23150,pe,10.0,-0.4496,-0.5116,0.0107,0.2237,0.7174675904471335,,CLOSED,2026-04-06 09:56:00.000000,23161.3,Time Exit,-917.0000000000073
mean_reversion,SELL,2026-04-06 09:51:00.000000,23124.87,23100,pe,10.0,-0.4436,-0.5271,0.0098,0.1906,0.4464211070606553,,CLOSED,2026-04-06 09:57:00.000000,23152.05,Time Exit,-1359.0000000000146
mean_reversion,SELL,2026-04-06 09:53:00.000000,23149.36,23150,pe,10.0,-0.4496,-0.5116,0.0107,0.2237,0.44964301272720936,,CLOSED,2026-04-06 09:59:00.000000,23170.97,Time Exit,-1080.500000000029
mean_reversion,SELL,2026-04-06 09:54:00.000000,23174.66,23150,pe,10.0,-0.4496,-0.5116,0.0107,0.2237,0.4838925475821467,,CLOSED,2026-04-06 10:00:00.000000,23193.04,Time Exit,-919.0000000000509
mean_reversion,SELL,2026-04-06 10:01:00.000000,23243.44,23250,pe,10.0,-0.4141,-0.4268,0.009,0.2097,0.44340318707964216,,CLOSED,2026-04-06 10:07:00.000000,23305.12,Time Exit,-3084.0000000000146
mean_reversion,SELL,2026-04-06 10:02:00.000000,23292.65,23300,pe,10.0,-0.5043,-0.4737,0.0106,0.1986,0.5311930662220641,,CLOSED,2026-04-06 10:08:00.000000,23293.4,Time Exit,-37.5
mean_reversion,SELL,2026-04-06 10:03:00.000000,23284.4,23300,pe,10.0,-0.5043,-0.4737,0.0106,0.1986,0.41943351592733624,,CLOSED,2026-04-06 10:09:00.000000,23311.38,Time Exit,-1348.9999999999782
mean_reversion,SELL,2026-04-06 10:04:00.000000,23296.11,23300,pe,10.0,-0.5043,-0.4737,0.0106,0.1986,0.4014067687192058,,CLOSED,2026-04-06 10:10:00.000000,23290.08,Time Exit,301.4999999999418
mean_reversion,SELL,2026-04-06 10:21:00.000000,23391.23,23400,pe,18.67,-0.5113,-0.5347,0.0101,0.176,0.6648198536057657,,CLOSED,2026-04-06 10:27:00.000000,23353.26,Time Exit,1898.5000000000582
mean_reversion,SELL,2026-04-06 10:22:00.000000,23391.31,23400,pe,18.67,-0.5113,-0.5347,0.0101,0.176,0.549289511557562,,CLOSED,2026-04-06 10:28:00.000000,23316.39,Time Exit,3746.0000000000946
mean_reversion,SELL,2026-04-06 11:00:00.000000,23412.81,23400,pe,18.67,-0.5113,-0.5347,0.0101,0.176,0.4313573192503329,,CLOSED,2026-04-06 11:06:00.000000,23459.67,Time Exit,-2342.999999999847
mean_reversion,SELL,2026-04-06 11:01:00.000000,23439.96,23450,pe,12.11,-0.5202,-0.4949,0.0115,0.1963,0.6150721586933522,,CLOSED,2026-04-06 11:07:00.000000,23478.99,Time Exit,-1951.5000000001237
mean_reversion,SELL,2026-04-06 11:02:00.000000,23448.17,23450,pe,12.11,-0.5202,-0.4949,0.0115,0.1963,0.583952762263998,,CLOSED,2026-04-06 11:08:00.000000,23480.09,Time Exit,-1596.0000000000946
mean_reversion,SELL,2026-04-06 11:03:00.000000,23486.97,23500,pe,25.12,-0.4779,-0.4749,0.0115,0.2303,0.7317914489729425,,CLOSED,2026-04-06 11:09:00.000000,23487.15,Time Exit,-9.000000000014552
mean_reversion,SELL,2026-04-06 11:04:00.000000,23464.51,23450,pe,12.11,-0.5202,-0.4949,0.0115,0.1963,0.42743460953186646,,CLOSED,2026-04-06 11:10:00.000000,23481.52,Time Exit,-850.5000000001019
mean_reversion,SELL,2026-04-06 11:26:00.000000,23511.42,23500,pe,25.12,-0.4779,-0.4749,0.0115,0.2303,0.4680634654855558,,CLOSED,2026-04-06 11:32:00.000000,23554.48,Time Exit,-2153.0000000000655
mean_reversion,SELL,2026-04-06 11:29:00.000000,23530.93,23550,pe,10.0,-0.4594,-0.3765,0.0091,0.2329,0.5187712748908213,,CLOSED,2026-04-06 11:35:00.000000,23509.98,Time Exit,1047.5000000000364
mean_reversion,SELL,2026-04-06 11:30:00.000000,23535.87,23550,pe,10.0,-0.4594,-0.3765,0.0091,0.2329,0.47248762797702737,,CLOSED,2026-04-06 11:36:00.000000,23516.77,Time Exit,954.9999999999272
mean_reversion,SELL,2026-04-06 11:31:00.000000,23550.15,23550,pe,10.0,-0.4594,-0.3765,0.0091,0.2329,0.4982983891771927,,CLOSED,2026-04-06 11:37:00.000000,23496.05,Time Exit,2705.000000000109
mean_reversion,SELL,2026-04-06 11:32:00.000000,23554.48,23550,pe,10.0,-0.4594,-0.3765,0.0091,0.2329,0.4387579654350315,,CLOSED,2026-04-06 11:38:00.000000,23496.46,Time Exit,2901.000000000022
mean_reversion,BUY,2026-04-06 11:53:00.000000,23397.02,23400,ce,9.0,0.4362,-0.4861,0.0101,0.176,0.45127772114811904,,CLOSED,2026-04-06 11:59:00.000000,23470.92,Time Exit,3694.999999999891
mean_reversion,SELL,2026-04-06 12:05:00.000000,23496.01,23500,pe,25.12,-0.4779,-0.4749,0.0115,0.2303,0.43234176936748325,,CLOSED,2026-04-06 12:11:00.000000,23555.01,Time Exit,-2950.0
mean_reversion,SELL,2026-04-06 12:07:00.000000,23511.92,23500,pe,25.12,-0.4779,-0.4749,0.0115,0.2303,0.47738476603879176,,CLOSED,2026-04-06 12:13:00.000000,23525.44,Time Exit,-676.0000000000218
mean_reversion,SELL,2026-04-06 12:08:00.000000,23529.72,23550,pe,10.0,-0.4594,-0.3765,0.0091,0.2329,0.5350783169796955,,CLOSED,2026-04-06 12:14:00.000000,23523.25,Time Exit,323.5000000000582
mean_reversion,SELL,2026-04-06 12:09:00.000000,23549.03,23550,pe,10.0,-0.4594,-0.3765,0.0091,0.2329,0.5559682117070165,,CLOSED,2026-04-06 12:15:00.000000,23516.7,Time Exit,1616.4999999999054
mean_reversion,SELL,2026-04-06 12:10:00.000000,23563.75,23550,pe,10.0,-0.4594,-0.3765,0.0091,0.2329,0.5240902437835141,,CLOSED,2026-04-06 12:16:00.000000,23539.06,Time Exit,1234.4999999999345
mean_reversion,BUY,2026-04-06 12:37:00.000000,23518.42,23500,ce,5.0,0.4449,-0.5647,0.0115,0.2303,0.4476938203114635,,CLOSED,2026-04-06 12:43:00.000000,23604.94,Time Exit,4326.000000000022
mean_reversion,SELL,2026-04-06 12:43:00.000000,23604.94,23600,pe,19.34,-0.5095,-0.5284,0.011,0.1727,0.8,,CLOSED,2026-04-06 12:49:00.000000,23628.55,Time Exit,-1180.500000000029
mean_reversion,SELL,2026-04-06 12:44:00.000000,23638.18,23650,pe,23.06,-0.5576,-0.5072,0.0099,0.2216,0.8,,CLOSED,2026-04-06 12:50:00.000000,23649.08,Time Exit,-545.0000000000728
mean_reversion,SELL,2026-04-06 12:45:00.000000,23626.04,23650,pe,23.06,-0.5576,-0.5072,0.0099,0.2216,0.525993335109932,,CLOSED,2026-04-06 12:51:00.000000,23655.79,Time Exit,-1487.5
mean_reversion,SELL,2026-04-06 12:47:00.000000,23632.58,23650,pe,23.06,-0.5576,-0.5072,0.0099,0.2216,0.4102499765032966,,CLOSED,2026-04-06 12:53:00.000000,23720.24,Time Exit,-4382.999999999993
mean_reversion,SELL,2026-04-06 12:53:00.000000,23720.24,23700,pe,28.11,-0.49,-0.4562,0.0095,0.2271,0.5039346261806936,,CLOSED,2026-04-06 12:59:00.000000,23796.95,Time Exit,-3835.4999999999563
mean_reversion,SELL,2026-04-06 12:55:00.000000,23748.01,23750,pe,28.54,-0.5996,-0.5608,0.0112,0.2151,0.4640745976598405,,CLOSED,2026-04-06 13:01:00.000000,23797.96,Time Exit,-2497.5000000000364
mean_reversion,SELL,2026-04-06 12:59:00.000000,23796.95,23800,pe,28.31,-0.494,-0.4574,0.0108,0.2369,0.43037589844469126,,CLOSED,2026-04-06 13:05:00.000000,23754.14,Time Exit,2140.5000000000655
mean_reversion,SELL,2026-04-06 13:18:00.000000,23861.41,23800,pe,28.31,-0.494,-0.4574,0.0108,0.2369,0.6725364282754205,,CLOSED,2026-04-06 13:24:00.000000,23825.19,Time Exit,1811.0000000000582
breakout_scalping,BUY,2026-03-31 09:26:00.000000,22751.24,22750,ce,10.0,0.5455,-0.5909,0.0092,0.1822,0.6563805589085854,,CLOSED,2026-03-31 09:32:00.000000,22773.97,Time Exit,1136.4999999999782
breakout_scalping,BUY,2026-04-02 13:14:00.000000,23834.55,23800,ce,13.31,0.5644,-0.4078,0.0108,0.2369,0.5148521104233083,,CLOSED,2026-04-02 13:20:00.000000,23825.7,Time Exit,-442.49999999992724
trend_following,SELL,2026-03-30 09:19:00.000000,23076.77,23100,pe,10.0,-0.4436,-0.5271,0.0098,0.1906,0.75,,CLOSED,2026-03-30 09:25:00.000000,23129.33,Time Exit,-2628.0000000000655
trend_following,SELL,2026-03-30 09:20:00.000000,23093.39,23100,pe,10.0,-0.4436,-0.5271,0.0098,0.1906,0.75,,CLOSED,2026-03-30 09:26:00.000000,23154.5,Time Exit,-3055.500000000029
trend_following,SELL,2026-03-30 09:21:00.000000,23107.41,23100,pe,10.0,-0.4436,-0.5271,0.0098,0.1906,0.75,,CLOSED,2026-03-30 09:27:00.000000,23122.23,Time Exit,-740.9999999999854
trend_following,SELL,2026-03-30 09:22:00.000000,23117.2,23100,pe,10.0,-0.4436,-0.5271,0.0098,0.1906,0.75,,CLOSED,2026-03-30 09:28:00.000000,23125.06,Time Exit,-393.0000000000291
trend_following,SELL,2026-03-30 09:23:00.000000,23097.63,23100,pe,10.0,-0.4436,-0.5271,0.0098,0.1906,0.75,,CLOSED,2026-03-30 09:29:00.000000,23124.11,Time Exit,-1323.9999999999782
trend_following,SELL,2026-03-30 09:24:00.000000,23124.23,23100,pe,10.0,-0.4436,-0.5271,0.0098,0.1906,0.75,,CLOSED,2026-03-30 09:30:00.000000,23117.11,Time Exit,355.99999999994907
trend_following,SELL,2026-03-30 09:25:00.000000,23129.33,23150,pe,10.0,-0.4496,-0.5116,0.0107,0.2237,0.75,,CLOSED,2026-03-30 09:31:00.000000,23130.35,Time Exit,-50.99999999983993
trend_following,SELL,2026-03-30 09:26:00.000000,23154.5,23150,pe,10.0,-0.4496,-0.5116,0.0107,0.2237,0.75,,CLOSED,2026-03-30 09:32:00.000000,23140.17,Time Exit,716.5000000000873
trend_following,SELL,2026-03-30 09:27:00.000000,23122.23,23100,pe,10.0,-0.4436,-0.5271,0.0098,0.1906,0.75,,CLOSED,2026-03-30 09:33:00.000000,23170.13,Time Exit,-2395.0000000000728
trend_following,SELL,2026-03-30 09:28:00.000000,23125.06,23150,pe,10.0,-0.4496,-0.5116,0.0107,0.2237,0.75,,CLOSED,2026-03-30 09:34:00.000000,23171.52,Time Exit,-2322.9999999999563
trend_following,SELL,2026-03-30 09:29:00.000000,23124.11,23100,pe,10.0,-0.4436,-0.5271,0.0098,0.1906,0.75,,CLOSED,2026-03-30 09:35:00.000000,23174.67,Time Exit,-2527.9999999998836
trend_following,SELL,2026-03-30 09:30:00.000000,23117.11,23100,pe,10.0,-0.4436,-0.5271,0.0098,0.1906,0.75,,CLOSED,2026-03-30 09:36:00.000000,23169.99,Time Exit,-2644.000000000051
trend_following,SELL,2026-03-30 09:31:00.000000,23130.35,23150,pe,10.0,-0.4496,-0.5116,0.0107,0.2237,0.75,,CLOSED,2026-03-30 09:37:00.000000,23185.25,Time Exit,-2745.0000000000728
trend_following,SELL,2026-03-30 09:32:00.000000,23140.17,23150,pe,10.0,-0.4496,-0.5116,0.0107,0.2237,0.75,,CLOSED,2026-03-30 09:38:00.000000,23209.79,Time Exit,-3481.000000000131
trend_following,SELL,2026-03-30 09:33:00.000000,23170.13,23150,pe,10.0,-0.4496,-0.5116,0.0107,0.2237,0.75,,CLOSED,2026-03-30 09:39:00.000000,23201.55,Time Exit,-1570.9999999999127
trend_following,SELL,2026-03-30 09:34:00.000000,23171.52,23150,pe,10.0,-0.4496,-0.5116,0.0107,0.2237,0.75,,CLOSED,2026-03-30 09:40:00.000000,23195.47,Time Exit,-1197.5000000000364
trend_following,SELL,2026-03-30 09:35:00.000000,23174.67,23150,pe,10.0,-0.4496,-0.5116,0.0107,0.2237,0.75,,CLOSED,2026-03-30 09:41:00.000000,23180.02,Time Exit,-267.50000000010914
trend_following,SELL,2026-03-30 09:36:00.000000,23169.99,23150,pe,10.0,-0.4496,-0.5116,0.0107,0.2237,0.75,,CLOSED,2026-03-30 09:42:00.000000,23204.36,Time Exit,-1718.499999999949
trend_following,SELL,2026-03-30 09:37:00.000000,23185.25,23200,pe,10.0,-0.5073,-0.5043,0.0093,0.1853,0.75,,CLOSED,2026-03-30 09:43:00.000000,23237.24,Time Exit,-2599.50000000008
trend_following,SELL,2026-03-30 09:38:00.000000,23209.79,23200,pe,10.0,-0.5073,-0.5043,0.0093,0.1853,0.75,,CLOSED,2026-03-30 09:44:00.000000,23227.4,Time Exit,-880.5000000000291
trend_following,SELL,2026-03-30 09:39:00.000000,23201.55,23200,pe,10.0,-0.5073,-0.5043,0.0093,0.1853,0.75,,CLOSED,2026-03-30 09:45:00.000000,23246.91,Time Exit,-2268.000000000029
trend_following,SELL,2026-03-30 09:40:00.000000,23195.47,23200,pe,10.0,-0.5073,-0.5043,0.0093,0.1853,0.75,,CLOSED,2026-03-30 09:46:00.000000,23242.97,Time Exit,-2375.0
trend_following,SELL,2026-03-30 09:41:00.000000,23180.02,23200,pe,10.0,-0.5073,-0.5043,0.0093,0.1853,0.75,,CLOSED,2026-03-30 09:47:00.000000,23235.46,Time Exit,-2771.9999999999345
trend_following,SELL,2026-03-30 09:42:00.000000,23204.36,23200,pe,10.0,-0.5073,-0.5043,0.0093,0.1853,0.75,,CLOSED,2026-03-30 09:48:00.000000,23270.31,Time Exit,-3297.5000000000364
trend_following,SELL,2026-03-30 09:43:00.000000,23237.24,23250,pe,10.0,-0.4141,-0.4268,0.009,0.2097,0.75,,CLOSED,2026-03-30 09:49:00.000000,23264.72,Time Exit,-1373.9999999999782
trend_following,SELL,2026-03-30 09:44:00.000000,23227.4,23250,pe,10.0,-0.4141,-0.4268,0.009,0.2097,0.75,,CLOSED,2026-03-30 09:50:00.000000,23288.1,Time Exit,-3034.9999999998545
trend_following,SELL,2026-03-30 09:45:00.000000,23246.91,23250,pe,10.0,-0.4141,-0.4268,0.009,0.2097,0.75,,CLOSED,2026-03-30 09:51:00.000000,23285.02,Time Exit,-1905.500000000029
trend_following,SELL,2026-03-30 09:46:00.000000,23242.97,23250,pe,10.0,-0.4141,-0.4268,0.009,0.2097,0.75,,CLOSED,2026-03-30 09:52:00.000000,23290.84,Time Exit,-2393.499999999949
trend_following,SELL,2026-03-30 09:47:00.000000,23235.46,23250,pe,10.0,-0.4141,-0.4268,0.009,0.2097,0.75,,CLOSED,2026-03-30 09:53:00.000000,23303.87,Time Exit,-3420.4999999999927
trend_following,SELL,2026-03-31 09:18:00.000000,22632.83,22650,pe,5.0,-0.4991,-0.5064,0.0101,0.1945,0.75,,CLOSED,2026-03-31 09:24:00.000000,22687.76,Time Exit,-2746.4999999998327
trend_following,SELL,2026-03-31 09:19:00.000000,22639.72,22650,pe,5.0,-0.4991,-0.5064,0.0101,0.1945,0.75,,CLOSED,2026-03-31 09:25:00.000000,22705.93,Time Exit,-3310.4999999999563
trend_following,SELL,2026-03-31 09:20:00.000000,22655.06,22650,pe,5.0,-0.4991,-0.5064,0.0101,0.1945,0.75,,CLOSED,2026-03-31 09:26:00.000000,22751.24,Time Exit,-4809.000000000015
trend_following,SELL,2026-03-31 09:21:00.000000,22650.7,22650,pe,5.0,-0.4991,-0.5064,0.0101,0.1945,0.75,,CLOSED,2026-03-31 09:27:00.000000,22759.57,Time Exit,-5443.499999999949
trend_following,SELL,2026-03-31 09:22:00.000000,22659.59,22650,pe,5.0,-0.4991,-0.5064,0.0101,0.1945,0.75,,CLOSED,2026-03-31 09:28:00.000000,22736.75,Time Exit,-3857.9999999999927
trend_following,SELL,2026-03-31 09:23:00.000000,22659.91,22650,pe,5.0,-0.4991,-0.5064,0.0101,0.1945,0.75,,CLOSED,2026-03-31 09:29:00.000000,22742.85,Time Exit,-4146.9999999999345
trend_following,SELL,2026-03-31 09:24:00.000000,22687.76,22700,pe,5.0,-0.4388,-0.4632,0.009,0.2125,0.75,,CLOSED,2026-03-31 09:30:00.000000,22750.97,Time Exit,-3160.5000000001382
trend_following,SELL,2026-03-31 09:25:00.000000,22705.93,22700,pe,5.0,-0.4388,-0.4632,0.009,0.2125,0.75,,CLOSED,2026-03-31 09:31:00.000000,22733.73,Time Exit,-1389.9999999999636
trend_following,SELL,2026-03-31 09:26:00.000000,22751.24,22750,pe,7.41,-0.4085,-0.4956,0.0092,0.1822,0.75,,CLOSED,2026-03-31 09:32:00.000000,22773.97,Time Exit,-1136.4999999999782
trend_following,SELL,2026-03-31 09:27:00.000000,22759.57,22750,pe,7.41,-0.4085,-0.4956,0.0092,0.1822,0.75,,CLOSED,2026-03-31 09:33:00.000000,22793.49,Time Exit,-1696.0000000000946
trend_following,SELL,2026-03-31 09:28:00.000000,22736.75,22750,pe,7.41,-0.4085,-0.4956,0.0092,0.1822,0.75,,CLOSED,2026-03-31 09:34:00.000000,22815.82,Time Exit,-3953.4999999999854
trend_following,SELL,2026-03-31 09:29:00.000000,22742.85,22750,pe,7.41,-0.4085,-0.4956,0.0092,0.1822,0.75,,CLOSED,2026-03-31 09:35:00.000000,22803.61,Time Exit,-3038.000000000102
trend_following,SELL,2026-03-31 09:30:00.000000,22750.97,22750,pe,7.41,-0.4085,-0.4956,0.0092,0.1822,0.75,,CLOSED,2026-03-31 09:36:00.000000,22789.3,Time Exit,-1916.4999999999054
trend_following,SELL,2026-03-31 09:31:00.000000,22733.73,22750,pe,7.41,-0.4085,-0.4956,0.0092,0.1822,0.75,,CLOSED,2026-03-31 09:37:00.000000,22779.0,Time Exit,-2263.500000000022
trend_following,SELL,2026-03-31 09:32:00.000000,22773.97,22750,pe,7.41,-0.4085,-0.4956,0.0092,0.1822,0.75,,CLOSED,2026-03-31 09:38:00.000000,22792.02,Time Exit,-902.4999999999636
trend_following,SELL,2026-03-31 09:33:00.000000,22793.49,22800,pe,5.0,-0.5112,-0.5026,0.0096,0.2148,0.75,,CLOSED,2026-03-31 09:39:00.000000,22793.37,Time Exit,6.000000000130967
trend_following,SELL,2026-03-31 09:34:00.000000,22815.82,22800,pe,5.0,-0.5112,-0.5026,0.0096,0.2148,0.75,,CLOSED,2026-03-31 09:40:00.000000,22815.76,Time Exit,3.0000000000654836
trend_following,SELL,2026-03-31 09:35:00.000000,22803.61,22800,pe,5.0,-0.5112,-0.5026,0.0096,0.2148,0.75,,CLOSED,2026-03-31 09:41:00.000000,22847.15,Time Exit,-2177.0000000000437
trend_following,SELL,2026-03-31 09:36:00.000000,22789.3,22800,pe,5.0,-0.5112,-0.5026,0.0096,0.2148,0.75,,CLOSED,2026-03-31 09:42:00.000000,22854.24,Time Exit,-3247.0000000001164
trend_following,SELL,2026-03-31 09:37:00.000000,22779.0,22800,pe,5.0,-0.5112,-0.5026,0.0096,0.2148,0.75,,CLOSED,2026-03-31 09:43:00.000000,22826.87,Time Exit,-2393.499999999949
trend_following,SELL,2026-03-31 09:38:00.000000,22792.02,22800,pe,5.0,-0.5112,-0.5026,0.0096,0.2148,0.75,,CLOSED,2026-03-31 09:44:00.000000,22845.61,Time Exit,-2679.5000000000073
trend_following,SELL,2026-03-31 09:39:00.000000,22793.37,22800,pe,5.0,-0.5112,-0.5026,0.0096,0.2148,0.75,,CLOSED,2026-03-31 09:45:00.000000,22886.92,Time Exit,-4677.499999999964
trend_following,SELL,2026-03-31 09:40:00.000000,22815.76,22800,pe,5.0,-0.5112,-0.5026,0.0096,0.2148,0.75,,CLOSED,2026-03-31 09:46:00.000000,22903.17,Time Exit,-4370.499999999993
trend_following,SELL,2026-03-31 09:41:00.000000,22847.15,22850,pe,10.0,-0.4481,-0.4988,0.0106,0.1963,0.75,,CLOSED,2026-03-31 09:47:00.000000,22896.03,Time Exit,-2443.999999999869
trend_following,SELL,2026-03-31 09:42:00.000000,22854.24,22850,pe,10.0,-0.4481,-0.4988,0.0106,0.1963,0.75,,CLOSED,2026-03-31 09:48:00.000000,22890.27,Time Exit,-1801.4999999999418
trend_following,SELL,2026-03-31 09:43:00.000000,22826.87,22850,pe,10.0,-0.4481,-0.4988,0.0106,0.1963,0.75,,CLOSED,2026-03-31 09:49:00.000000,22866.4,Time Exit,-1976.5000000001237
trend_following,SELL,2026-03-31 09:44:00.000000,22845.61,22850,pe,10.0,-0.4481,-0.4988,0.0106,0.1963,0.75,,CLOSED,2026-03-31 09:50:00.000000,22869.61,Time Exit,-1200.0
trend_following,SELL,2026-03-31 09:45:00.000000,22886.92,22900,pe,10.0,-0.4691,-0.4382,0.0096,0.2126,0.75,,CLOSED,2026-03-31 09:51:00.000000,22903.54,Time Exit,-831.000000000131
trend_following,SELL,2026-03-31 09:46:00.000000,22903.17,22900,pe,10.0,-0.4691,-0.4382,0.0096,0.2126,0.75,,CLOSED,2026-03-31 09:52:00.000000,22910.8,Time Exit,-381.50000000005093
trend_following,SELL,2026-03-31 09:47:00.000000,22896.03,22900,pe,10.0,-0.4691,-0.4382,0.0096,0.2126,0.75,,CLOSED,2026-03-31 09:53:00.000000,22900.68,Time Exit,-232.50000000007276
trend_following,SELL,2026-03-31 09:48:00.000000,22890.27,22900,pe,10.0,-0.4691,-0.4382,0.0096,0.2126,0.75,,CLOSED,2026-03-31 09:54:00.000000,22896.19,Time Exit,-295.9999999999127
trend_following,SELL,2026-04-01 09:19:00.000000,22759.62,22750,pe,7.41,-0.4085,-0.4956,0.0092,0.1822,0.75,,CLOSED,2026-04-01 09:25:00.000000,22764.32,Time Exit,-235.00000000003638
trend_following,SELL,2026-04-01 09:20:00.000000,22758.72,22750,pe,7.41,-0.4085,-0.4956,0.0092,0.1822,0.75,,CLOSED,2026-04-01 09:26:00.000000,22782.06,Time Exit,-1167.0000000000073
trend_following,SELL,2026-04-01 09:21:00.000000,22772.26,22750,pe,7.41,-0.4085,-0.4956,0.0092,0.1822,0.75,,CLOSED,2026-04-01 09:27:00.000000,22790.88,Time Exit,-931.000000000131
trend_following,SELL,2026-04-01 09:22:00.000000,22783.5,22800,pe,5.0,-0.5112,-0.5026,0.0096,0.2148,0.75,,CLOSED,2026-04-01 09:28:00.000000,22784.93,Time Exit,-71.50000000001455
trend_following,SELL,2026-04-01 09:23:00.000000,22767.15,22750,pe,7.41,-0.4085,-0.4956,0.0092,0.1822,0.75,,CLOSED,2026-04-01 09:29:00.000000,22803.13,Time Exit,-1798.9999999999782
trend_following,SELL,2026-04-01 09:24:00.000000,22778.24,22800,pe,5.0,-0.5112,-0.5026,0.0096,0.2148,0.75,,CLOSED,2026-04-01 09:30:00.000000,22823.95,Time Exit,-2285.4999999999563
trend_following,SELL,2026-04-01 09:25:00.000000,22764.32,22750,pe,7.41,-0.4085,-0.4956,0.0092,0.1822,0.75,,CLOSED,2026-04-01 09:31:00.000000,22802.84,Time Exit,-1926.0000000000218
trend_following,SELL,2026-04-01 09:26:00.000000,22782.06,22800,pe,5.0,-0.5112,-0.5026,0.0096,0.2148,0.75,,CLOSED,2026-04-01 09:32:00.000000,22815.06,Time Exit,-1650.0
trend_following,SELL,2026-04-01 09:27:00.000000,22790.88,22800,pe,5.0,-0.5112,-0.5026,0.0096,0.2148,0.75,,CLOSED,2026-04-01 09:33:00.000000,22846.32,Time Exit,-2771.9999999999345
trend_following,SELL,2026-04-01 09:28:00.000000,22784.93,22800,pe,5.0,-0.5112,-0.5026,0.0096,0.2148,0.75,,CLOSED,2026-04-01 09:34:00.000000,22845.08,Time Exit,-3007.5000000000728
trend_following,SELL,2026-04-01 09:29:00.000000,22803.13,22800,pe,5.0,-0.5112,-0.5026,0.0096,0.2148,0.75,,CLOSED,2026-04-01 09:35:00.000000,22851.66,Time Exit,-2426.499999999942
trend_following,SELL,2026-04-01 09:30:00.000000,22823.95,22800,pe,5.0,-0.5112,-0.5026,0.0096,0.2148,0.75,,CLOSED,2026-04-01 09:36:00.000000,22851.01,Time Exit,-1352.9999999998836
trend_following,SELL,2026-04-01 09:31:00.000000,22802.84,22800,pe,5.0,-0.5112,-0.5026,0.0096,0.2148,0.75,,CLOSED,2026-04-01 09:37:00.000000,22836.53,Time Exit,-1684.4999999999345
trend_following,SELL,2026-04-01 09:32:00.000000,22815.06,22800,pe,5.0,-0.5112,-0.5026,0.0096,0.2148,0.75,,CLOSED,2026-04-01 09:38:00.000000,22863.06,Time Exit,-2400.0
trend_following,SELL,2026-04-01 09:33:00.000000,22846.32,22850,pe,10.0,-0.4481,-0.4988,0.0106,0.1963,0.75,,CLOSED,2026-04-01 09:39:00.000000,22884.32,Time Exit,-1900.0
trend_following,SELL,2026-04-01 09:34:00.000000,22845.08,22850,pe,10.0,-0.4481,-0.4988,0.0106,0.1963,0.75,,CLOSED,2026-04-01 09:40:00.000000,22878.92,Time Exit,-1691.9999999998254
trend_following,SELL,2026-04-01 09:35:00.000000,22851.66,22850,pe,10.0,-0.4481,-0.4988,0.0106,0.1963,0.75,,CLOSED,2026-04-01 09:41:00.000000,22871.4,Time Exit,-987.00000000008
trend_following,SELL,2026-04-01 09:36:00.000000,22851.01,22850,pe,10.0,-0.4481,-0.4988,0.0106,0.1963,0.75,,CLOSED,2026-04-01 09:42:00.000000,22879.08,Time Exit,-1403.5000000001673
trend_following,SELL,2026-04-01 09:37:00.000000,22836.53,22850,pe,10.0,-0.4481,-0.4988,0.0106,0.1963,0.75,,CLOSED,2026-04-01 09:43:00.000000,22870.7,Time Exit,-1708.5000000000946
trend_following,SELL,2026-04-01 09:38:00.000000,22863.06,22850,pe,10.0,-0.4481,-0.4988,0.0106,0.1963,0.75,,CLOSED,2026-04-01 09:44:00.000000,22828.74,Time Exit,1715.9999999999854
trend_following,SELL,2026-04-01 09:39:00.000000,22884.32,22900,pe,10.0,-0.4691,-0.4382,0.0096,0.2126,0.75,,CLOSED,2026-04-01 09:45:00.000000,22868.88,Time Exit,771.9999999999345
trend_following,SELL,2026-04-01 09:40:00.000000,22878.92,22900,pe,10.0,-0.4691,-0.4382,0.0096,0.2126,0.75,,CLOSED,2026-04-01 09:46:00.000000,22892.92,Time Exit,-700.0
trend_following,SELL,2026-04-01 09:41:00.000000,22871.4,22850,pe,10.0,-0.4481,-0.4988,0.0106,0.1963,0.75,,CLOSED,2026-04-01 09:47:00.000000,22895.11,Time Exit,-1185.4999999999563
trend_following,SELL,2026-04-01 09:42:00.000000,22879.08,22900,pe,10.0,-0.4691,-0.4382,0.0096,0.2126,0.75,,CLOSED,2026-04-01 09:48:00.000000,22926.85,Time Exit,-2388.49999999984
trend_following,SELL,2026-04-01 09:43:00.000000,22870.7,22850,pe,10.0,-0.4481,-0.4988,0.0106,0.1963,0.75,,CLOSED,2026-04-01 09:49:00.000000,22921.48,Time Exit,-2538.999999999942
trend_following,SELL,2026-04-01 09:44:00.000000,22828.74,22850,pe,10.0,-0.4481,-0.4988,0.0106,0.1963,0.75,,CLOSED,2026-04-01 09:50:00.000000,22937.48,Time Exit,-5436.999999999898
trend_following,SELL,2026-04-01 09:45:00.000000,22868.88,22850,pe,10.0,-0.4481,-0.4988,0.0106,0.1963,0.75,,CLOSED,2026-04-01 09:51:00.000000,22924.35,Time Exit,-2773.4999999998763
trend_following,SELL,2026-04-02 09:19:00.000000,22798.9,22800,pe,5.0,-0.5112,-0.5026,0.0096,0.2148,0.75,,CLOSED,2026-04-02 09:25:00.000000,22852.45,Time Exit,-2677.4999999999636
trend_following,SELL,2026-04-02 09:20:00.000000,22806.26,22800,pe,5.0,-0.5112,-0.5026,0.0096,0.2148,0.75,,CLOSED,2026-04-02 09:26:00.000000,22868.45,Time Exit,-3109.5000000001164
trend_following,SELL,2026-04-02 09:21:00.000000,22810.6,22800,pe,5.0,-0.5112,-0.5026,0.0096,0.2148,0.75,,CLOSED,2026-04-02 09:27:00.000000,22878.16,Time Exit,-3378.0000000000655
trend_following,SELL,2026-04-02 09:22:00.000000,22815.42,22800,pe,5.0,-0.5112,-0.5026,0.0096,0.2148,0.75,,CLOSED,2026-04-02 09:28:00.000000,22875.5,Time Exit,-3004.0000000000873
trend_following,SELL,2026-04-02 09:23:00.000000,22859.52,22850,pe,10.0,-0.4481,-0.4988,0.0106,0.1963,0.75,,CLOSED,2026-04-02 09:29:00.000000,22902.17,Time Exit,-2132.499999999891
trend_following,SELL,2026-04-02 09:24:00.000000,22866.54,22850,pe,10.0,-0.4481,-0.4988,0.0106,0.1963,0.75,,CLOSED,2026-04-02 09:30:00.000000,22904.19,Time Exit,-1882.4999999998909
trend_following,SELL,2026-04-02 09:25:00.000000,22852.45,22850,pe,10.0,-0.4481,-0.4988,0.0106,0.1963,0.75,,CLOSED,2026-04-02 09:31:00.000000,22868.16,Time Exit,-785.4999999999563
trend_following,SELL,2026-04-02 09:26:00.000000,22868.45,22850,pe,10.0,-0.4481,-0.4988,0.0106,0.1963,0.75,,CLOSED,2026-04-02 09:32:00.000000,22886.34,Time Exit,-894.4999999999709
trend_following,SELL,2026-04-02 09:27:00.000000,22878.16,22900,pe,10.0,-0.4691,-0.4382,0.0096,0.2126,0.75,,CLOSED,2026-04-02 09:33:00.000000,22883.67,Time Exit,-275.49999999991996
trend_following,SELL,2026-04-02 09:28:00.000000,22875.5,22900,pe,10.0,-0.4691,-0.4382,0.0096,0.2126,0.75,,CLOSED,2026-04-02 09:34:00.000000,22901.42,Time Exit,-1295.9999999999127
trend_following,SELL,2026-04-02 09:29:00.000000,22902.17,22900,pe,10.0,-0.4691,-0.4382,0.0096,0.2126,0.75,,CLOSED,2026-04-02 09:35:00.000000,22880.95,Time Exit,1060.9999999998763
trend_following,SELL,2026-04-02 09:30:00.000000,22904.19,22900,pe,10.0,-0.4691,-0.4382,0.0096,0.2126,0.75,,CLOSED,2026-04-02 09:36:00.000000,22912.74,Time Exit,-427.5000000001455
trend_following,SELL,2026-04-02 09:31:00.000000,22868.16,22850,pe,10.0,-0.4481,-0.4988,0.0106,0.1963,0.75,,CLOSED,2026-04-02 09:37:00.000000,22880.22,Time Exit,-603.0000000000655
trend_following,SELL,2026-04-02 09:32:00.000000,22886.34,22900,pe,10.0,-0.4691,-0.4382,0.0096,0.2126,0.75,,CLOSED,2026-04-02 09:38:00.000000,22912.41,Time Exit,-1303.4999999999854
trend_following,SELL,2026-04-02 09:33:00.000000,22883.67,22900,pe,10.0,-0.4691,-0.4382,0.0096,0.2126,0.75,,CLOSED,2026-04-02 09:39:00.000000,22919.73,Time Exit,-1803.0000000000655
trend_following,SELL,2026-04-02 09:34:00.000000,22901.42,22900,pe,10.0,-0.4691,-0.4382,0.0096,0.2126,0.75,,CLOSED,2026-04-02 09:40:00.000000,22936.98,Time Exit,-1778.0000000000655
trend_following,SELL,2026-04-02 09:35:00.000000,22880.95,22900,pe,10.0,-0.4691,-0.4382,0.0096,0.2126,0.75,,CLOSED,2026-04-02 09:41:00.000000,22945.24,Time Exit,-3214.5000000000437
trend_following,SELL,2026-04-02 09:36:00.000000,22912.74,22900,pe,10.0,-0.4691,-0.4382,0.0096,0.2126,0.75,,CLOSED,2026-04-02 09:42:00.000000,22956.18,Time Exit,-2171.9999999999345
trend_following,SELL,2026-04-02 09:37:00.000000,22880.22,22900,pe,10.0,-0.4691,-0.4382,0.0096,0.2126,0.75,,CLOSED,2026-04-02 09:43:00.000000,22928.23,Time Exit,-2400.49999999992
trend_following,SELL,2026-04-02 09:38:00.000000,22912.41,22900,pe,10.0,-0.4691,-0.4382,0.0096,0.2126,0.75,,CLOSED,2026-04-02 09:44:00.000000,22921.85,Time Exit,-471.9999999999345
trend_following,SELL,2026-04-02 09:39:00.000000,22919.73,22900,pe,10.0,-0.4691,-0.4382,0.0096,0.2126,0.75,,CLOSED,2026-04-02 09:45:00.000000,22890.96,Time Exit,1438.5000000000218
trend_following,SELL,2026-04-02 09:40:00.000000,22936.98,22950,pe,10.0,-0.5335,-0.5519,0.0093,0.2014,0.75,,CLOSED,2026-04-02 09:46:00.000000,22904.54,Time Exit,1621.9999999999345
trend_following,SELL,2026-04-02 09:41:00.000000,22945.24,22950,pe,10.0,-0.5335,-0.5519,0.0093,0.2014,0.75,,CLOSED,2026-04-02 09:47:00.000000,22909.19,Time Exit,1802.5000000001455
trend_following,SELL,2026-04-03 09:18:00.000000,22618.67,22600,pe,5.0,-0.5576,-0.5089,0.0093,0.2046,0.75,,CLOSED,2026-04-03 09:24:00.000000,22708.03,Time Exit,-4468.000000000029
trend_following,SELL,2026-04-03 09:19:00.000000,22617.04,22600,pe,5.0,-0.5576,-0.5089,0.0093,0.2046,0.75,,CLOSED,2026-04-03 09:25:00.000000,22678.23,Time Exit,-3059.4999999999345
trend_following,SELL,2026-04-03 09:20:00.000000,22641.88,22650,pe,5.0,-0.4991,-0.5064,0.0101,0.1945,0.75,,CLOSED,2026-04-03 09:26:00.000000,22669.63,Time Exit,-1387.5
trend_following,SELL,2026-04-03 09:21:00.000000,22679.29,22700,pe,5.0,-0.4388,-0.4632,0.009,0.2125,0.75,,CLOSED,2026-04-03 09:27:00.000000,22674.62,Time Exit,233.5000000000946
trend_following,SELL,2026-04-03 09:22:00.000000,22688.53,22700,pe,5.0,-0.4388,-0.4632,0.009,0.2125,0.75,,CLOSED,2026-04-03 09:28:00.000000,22689.54,Time Exit,-50.50000000010186
trend_following,SELL,2026-04-03 09:23:00.000000,22700.26,22700,pe,5.0,-0.4388,-0.4632,0.009,0.2125,0.75,,CLOSED,2026-04-03 09:29:00.000000,22680.35,Time Exit,995.4999999999927
trend_following,SELL,2026-04-03 09:24:00.000000,22708.03,22700,pe,5.0,-0.4388,-0.4632,0.009,0.2125,0.75,,CLOSED,2026-04-03 09:30:00.000000,22651.51,Time Exit,2826.000000000022
trend_following,SELL,2026-04-03 09:25:00.000000,22678.23,22700,pe,5.0,-0.4388,-0.4632,0.009,0.2125,0.75,,CLOSED,2026-04-03 09:31:00.000000,22655.41,Time Exit,1140.9999999999854
trend_following,SELL,2026-04-03 09:26:00.000000,22669.63,22650,pe,5.0,-0.4991,-0.5064,0.0101,0.1945,0.75,,CLOSED,2026-04-03 09:32:00.000000,22653.87,Time Exit,788.0000000001019
trend_following,SELL,2026-04-03 09:27:00.000000,22674.62,22650,pe,5.0,-0.4991,-0.5064,0.0101,0.1945,0.75,,CLOSED,2026-04-03 09:33:00.000000,22636.75,Time Exit,1893.499999999949
trend_following,SELL,2026-04-03 09:28:00.000000,22689.54,22700,pe,5.0,-0.4388,-0.4632,0.009,0.2125,0.75,,CLOSED,2026-04-03 09:34:00.000000,22619.84,Time Exit,3485.0000000000364
trend_following,SELL,2026-04-03 09:29:00.000000,22680.35,22700,pe,5.0,-0.4388,-0.4632,0.009,0.2125,0.75,,CLOSED,2026-04-03 09:35:00.000000,22606.37,Time Exit,3698.999999999978
trend_following,SELL,2026-04-03 09:30:00.000000,22651.51,22650,pe,5.0,-0.4991,-0.5064,0.0101,0.1945,0.75,,CLOSED,2026-04-03 09:36:00.000000,22634.89,Time Exit,830.9999999999491
trend_following,SELL,2026-04-03 09:31:00.000000,22655.41,22650,pe,5.0,-0.4991,-0.5064,0.0101,0.1945,0.75,,CLOSED,2026-04-03 09:37:00.000000,22655.43,Time Exit,-1.0000000000218279
trend_following,SELL,2026-04-03 09:32:00.000000,22653.87,22650,pe,5.0,-0.4991,-0.5064,0.0101,0.1945,0.75,,CLOSED,2026-04-03 09:38:00.000000,22677.14,Time Exit,-1163.5000000000218
trend_following,SELL,2026-04-03 09:33:00.000000,22636.75,22650,pe,5.0,-0.4991,-0.5064,0.0101,0.1945,0.75,,CLOSED,2026-04-03 09:39:00.000000,22665.36,Time Exit,-1430.500000000029
trend_following,SELL,2026-04-03 09:34:00.000000,22619.84,22600,pe,5.0,-0.5576,-0.5089,0.0093,0.2046,0.75,,CLOSED,2026-04-03 09:40:00.000000,22689.69,Time Exit,-3492.4999999999272
trend_following,SELL,2026-04-03 09:35:00.000000,22606.37,22600,pe,5.0,-0.5576,-0.5089,0.0093,0.2046,0.75,,CLOSED,2026-04-03 09:41:00.000000,22686.9,Time Exit,-4026.5000000001237
trend_following,SELL,2026-04-03 09:36:00.000000,22634.89,22650,pe,5.0,-0.4991,-0.5064,0.0101,0.1945,0.75,,CLOSED,2026-04-03 09:42:00.000000,22691.9,Time Exit,-2850.500000000102
trend_following,SELL,2026-04-03 09:37:00.000000,22655.43,22650,pe,5.0,-0.4991,-0.5064,0.0101,0.1945,0.75,,CLOSED,2026-04-03 09:43:00.000000,22712.83,Time Exit,-2870.0000000000728
trend_following,SELL,2026-04-03 09:38:00.000000,22677.14,22700,pe,5.0,-0.4388,-0.4632,0.009,0.2125,0.75,,CLOSED,2026-04-03 09:44:00.000000,22711.98,Time Exit,-1742.0000000000073
trend_following,SELL,2026-04-03 09:39:00.000000,22665.36,22650,pe,5.0,-0.4991,-0.5064,0.0101,0.1945,0.75,,CLOSED,2026-04-03 09:45:00.000000,22700.56,Time Exit,-1760.0000000000364
trend_following,SELL,2026-04-03 09:40:00.000000,22689.69,22700,pe,5.0,-0.4388,-0.4632,0.009,0.2125,0.75,,CLOSED,2026-04-03 09:46:00.000000,22686.81,Time Exit,143.99999999986903
trend_following,SELL,2026-04-03 09:41:00.000000,22686.9,22700,pe,5.0,-0.4388,-0.4632,0.009,0.2125,0.75,,CLOSED,2026-04-03 09:47:00.000000,22701.04,Time Exit,-706.9999999999709
trend_following,SELL,2026-04-03 09:42:00.000000,22691.9,22700,pe,5.0,-0.4388,-0.4632,0.009,0.2125,0.75,,CLOSED,2026-04-03 09:48:00.000000,22676.62,Time Exit,764.0000000001237
trend_following,SELL,2026-04-03 09:43:00.000000,22712.83,22700,pe,5.0,-0.4388,-0.4632,0.009,0.2125,0.75,,CLOSED,2026-04-03 09:49:00.000000,22667.61,Time Exit,2261.000000000058
trend_following,SELL,2026-04-03 09:44:00.000000,22711.98,22700,pe,5.0,-0.4388,-0.4632,0.009,0.2125,0.75,,CLOSED,2026-04-03 09:50:00.000000,22688.52,Time Exit,1172.9999999999563
trend_following,SELL,2026-04-03 09:45:00.000000,22700.56,22700,pe,5.0,-0.4388,-0.4632,0.009,0.2125,0.75,,CLOSED,2026-04-03 09:51:00.000000,22698.23,Time Exit,116.50000000008731
trend_following,SELL,2026-04-03 09:46:00.000000,22686.81,22700,pe,5.0,-0.4388,-0.4632,0.009,0.2125,0.75,,CLOSED,2026-04-03 09:52:00.000000,22687.13,Time Exit,-15.999999999985448
trend_following,SELL,2026-04-03 09:47:00.000000,22701.04,22700,pe,5.0,-0.4388,-0.4632,0.009,0.2125,0.75,,CLOSED,2026-04-03 09:53:00.000000,22701.67,Time Exit,-31.499999999869033
trend_following,SELL,2026-04-03 09:48:00.000000,22676.62,22700,pe,5.0,-0.4388,-0.4632,0.009,0.2125,0.75,,CLOSED,2026-04-03 09:54:00.000000,22706.61,Time Exit,-1499.50000000008
trend_following,SELL,2026-04-03 09:49:00.000000,22667.61,22650,pe,5.0,-0.4991,-0.5064,0.0101,0.1945,0.75,,CLOSED,2026-04-03 09:55:00.000000,22693.85,Time Exit,-1311.9999999998981
trend_following,SELL,2026-04-03 09:50:00.000000,22688.52,22700,pe,5.0,-0.4388,-0.4632,0.009,0.2125,0.75,,CLOSED,2026-04-03 09:56:00.000000,22686.66,Time Exit,93.0000000000291
trend_following,SELL,2026-04-03 09:51:00.000000,22698.23,22700,pe,5.0,-0.4388,-0.4632,0.009,0.2125,0.75,,CLOSED,2026-04-03 09:57:00.000000,22685.69,Time Exit,627.0000000000437
trend_following,SELL,2026-04-06 09:18:00.000000,22973.01,22950,pe,10.0,-0.5335,-0.5519,0.0093,0.2014,0.75,,CLOSED,2026-04-06 09:24:00.000000,22998.96,Time Exit,-1297.5000000000364
trend_following,SELL,2026-04-06 09:19:00.000000,22944.07,22950,pe,10.0,-0.5335,-0.5519,0.0093,0.2014,0.75,,CLOSED,2026-04-06 09:25:00.000000,22990.94,Time Exit,-2343.499999999949
trend_following,SELL,2026-04-06 09:20:00.000000,22973.95,22950,pe,10.0,-0.5335,-0.5519,0.0093,0.2014,0.75,,CLOSED,2026-04-06 09:26:00.000000,22996.71,Time Exit,-1137.99999999992
trend_following,SELL,2026-04-06 09:21:00.000000,22963.28,22950,pe,10.0,-0.5335,-0.5519,0.0093,0.2014,0.75,,CLOSED,2026-04-06 09:27:00.000000,22995.99,Time Exit,-1635.5000000001382
trend_following,SELL,2026-04-06 09:22:00.000000,22983.46,23000,pe,10.0,-0.5428,-0.3889,0.0096,0.2091,0.75,,CLOSED,2026-04-06 09:28:00.000000,23013.85,Time Exit,-1519.499999999971
trend_following,SELL,2026-04-06 09:23:00.000000,23023.27,23000,pe,10.0,-0.5428,-0.3889,0.0096,0.2091,0.75,,CLOSED,2026-04-06 09:29:00.000000,23036.66,Time Exit,-669.4999999999709
trend_following,SELL,2026-04-06 09:24:00.000000,22998.96,23000,pe,10.0,-0.5428,-0.3889,0.0096,0.2091,0.75,,CLOSED,2026-04-06 09:30:00.000000,23023.31,Time Exit,-1217.5000000001091
trend_following,SELL,2026-04-06 09:25:00.000000,22990.94,23000,pe,10.0,-0.5428,-0.3889,0.0096,0.2091,0.75,,CLOSED,2026-04-06 09:31:00.000000,23010.44,Time Exit,-975.0
trend_following,SELL,2026-04-06 09:26:00.000000,22996.71,23000,pe,10.0,-0.5428,-0.3889,0.0096,0.2091,0.75,,CLOSED,2026-04-06 09:32:00.000000,22995.06,Time Exit,82.49999999989086
trend_following,SELL,2026-04-06 09:27:00.000000,22995.99,23000,pe,10.0,-0.5428,-0.3889,0.0096,0.2091,0.75,,CLOSED,2026-04-06 09:33:00.000000,22981.47,Time Exit,726.0000000000218
trend_following,SELL,2026-04-06 09:28:00.000000,23013.85,23000,pe,10.0,-0.5428,-0.3889,0.0096,0.2091,0.75,,CLOSED,2026-04-06 09:34:00.000000,22981.74,Time Exit,1605.4999999998472
trend_following,SELL,2026-04-06 09:29:00.000000,23036.66,23050,pe,10.0,-0.4792,-0.5086,0.0117,0.2132,0.75,,CLOSED,2026-04-06 09:35:00.000000,22987.49,Time Exit,2458.4999999999127
trend_following,SELL,2026-04-06 09:30:00.000000,23023.31,23000,pe,10.0,-0.5428,-0.3889,0.0096,0.2091,0.75,,CLOSED,2026-04-06 09:36:00.000000,23004.28,Time Exit,951.5000000001237
trend_following,SELL,2026-04-06 09:31:00.000000,23010.44,23000,pe,10.0,-0.5428,-0.3889,0.0096,0.2091,0.75,,CLOSED,2026-04-06 09:37:00.000000,22997.16,Time Exit,663.9999999999418
trend_following,SELL,2026-04-06 09:32:00.000000,22995.06,23000,pe,10.0,-0.5428,-0.3889,0.0096,0.2091,0.75,,CLOSED,2026-04-06 09:38:00.000000,23006.06,Time Exit,-550.0
trend_following,SELL,2026-04-06 09:33:00.000000,22981.47,23000,pe,10.0,-0.5428,-0.3889,0.0096,0.2091,0.75,,CLOSED,2026-04-06 09:39:00.000000,23040.81,Time Exit,-2967.0000000000073
trend_following,SELL,2026-04-06 09:34:00.000000,22981.74,23000,pe,10.0,-0.5428,-0.3889,0.0096,0.2091,0.75,,CLOSED,2026-04-06 09:40:00.000000,23026.71,Time Exit,-2248.4999999998763
trend_following,SELL,2026-04-06 09:35:00.000000,22987.49,23000,pe,10.0,-0.5428,-0.3889,0.0096,0.2091,0.75,,CLOSED,2026-04-06 09:41:00.000000,23029.11,Time Exit,-2080.999999999949
trend_following,SELL,2026-04-06 09:36:00.000000,23004.28,23000,pe,10.0,-0.5428,-0.3889,0.0096,0.2091,0.75,,CLOSED,2026-04-06 09:42:00.000000,23029.41,Time Exit,-1256.500000000051
trend_following,SELL,2026-04-06 09:37:00.000000,22997.16,23000,pe,10.0,-0.5428,-0.3889,0.0096,0.2091,0.75,,CLOSED,2026-04-06 09:43:00.000000,23015.73,Time Exit,-928.4999999999854
trend_following,SELL,2026-04-06 09:38:00.000000,23006.06,23000,pe,10.0,-0.5428,-0.3889,0.0096,0.2091,0.75,,CLOSED,2026-04-06 09:44:00.000000,23010.76,Time Exit,-234.99999999985448
trend_following,SELL,2026-04-06 09:39:00.000000,23040.81,23050,pe,10.0,-0.4792,-0.5086,0.0117,0.2132,0.75,,CLOSED,2026-04-06 09:45:00.000000,23032.98,Time Exit,391.5000000000873
trend_following,SELL,2026-04-06 09:40:00.000000,23026.71,23050,pe,10.0,-0.4792,-0.5086,0.0117,0.2132,0.75,,CLOSED,2026-04-06 09:46:00.000000,23051.85,Time Exit,-1256.999999999971
trend_following,SELL,2026-04-06 09:41:00.000000,23029.11,23050,pe,10.0,-0.4792,-0.5086,0.0117,0.2132,0.75,,CLOSED,2026-04-06 09:47:00.000000,23066.07,Time Exit,-1847.9999999999563
trend_following,SELL,2026-04-06 09:42:00.000000,23029.41,23050,pe,10.0,-0.4792,-0.5086,0.0117,0.2132,0.75,,CLOSED,2026-04-06 09:48:00.000000,23087.64,Time Exit,-2911.499999999978
trend_following,SELL,2026-04-06 09:43:00.000000,23015.73,23000,pe,10.0,-0.5428,-0.3889,0.0096,0.2091,0.75,,CLOSED,2026-04-06 09:49:00.000000,23102.93,Time Exit,-4360.000000000036
trend_following,SELL,2026-04-06 09:44:00.000000,23010.76,23000,pe,10.0,-0.5428,-0.3889,0.0096,0.2091,0.75,,CLOSED,2026-04-06 09:50:00.000000,23142.96,Time Exit,-6610.000000000036
trend_following,SELL,2026-04-06 09:45:00.000000,23032.98,23050,pe,10.0,-0.4792,-0.5086,0.0117,0.2132,0.75,,CLOSED,2026-04-06 09:51:00.000000,23124.87,Time Exit,-4594.499999999971
trend_following,SELL,2026-04-06 09:46:00.000000,23051.85,23050,pe,10.0,-0.4792,-0.5086,0.0117,0.2132,0.75,,CLOSED,2026-04-06 09:52:00.000000,23099.76,Time Exit,-2395.4999999999927
trend_following,SELL,2026-04-06 09:47:00.000000,23066.07,23050,pe,10.0,-0.4792,-0.5086,0.0117,0.2132,0.75,,CLOSED,2026-04-06 09:53:00.000000,23149.36,Time Exit,-4164.500000000044
trend_following,SELL,2026-04-06 09:48:00.000000,23087.64,23100,pe,10.0,-0.4436,-0.5271,0.0098,0.1906,0.75,,CLOSED,2026-04-06 09:54:00.000000,23174.66,Time Exit,-4351.000000000022
trend_following,SELL,2026-04-06 09:49:00.000000,23102.93,23100,pe,10.0,-0.4436,-0.5271,0.0098,0.1906,0.75,,CLOSED,2026-04-06 09:55:00.000000,23162.8,Time Exit,-2993.499999999949
trend_following,SELL,2026-04-06 09:50:00.000000,23142.96,23150,pe,10.0,-0.4496,-0.5116,0.0107,0.2237,0.75,,CLOSED,2026-04-06 09:56:00.000000,23161.3,Time Exit,-917.0000000000073
macd_crossover,SELL,2026-03-27 10:01:07.140822,23553.84,23550,pe,10.0,-0.4594,-0.3765,0.0091,0.2329,0.8,,CLOSED,2026-03-27 10:07:07.140822,23603.89,Time Exit,-2502.4999999999636
macd_crossover,BUY,2026-03-27 10:31:07.140822,23689.54,23700,ce,5.0,0.4517,-0.4641,0.0095,0.2271,0.8,,CLOSED,2026-03-27 10:37:07.140822,23786.98,Time Exit,4871.9999999999345
macd_crossover,SELL,2026-03-27 10:50:07.140822,23859.7,23800,pe,28.31,-0.494,-0.4574,0.0108,0.2369,0.8,,CLOSED,2026-03-27 10:56:07.140822,23839.07,Time Exit,1031.500000000051
macd_crossover,SELL,2026-03-30 09:15:00.000000,23076.68,23100,pe,10.0,-0.4436,-0.5271,0.0098,0.1906,0.8,,CLOSED,2026-03-30 09:21:00.000000,23107.41,Time Exit,-1536.4999999999782
macd_crossover,BUY,2026-03-30 09:29:00.000000,23124.11,23100,ce,5.0,0.5573,-0.5358,0.0098,0.1906,0.8,,CLOSED,2026-03-30 09:35:00.000000,23174.67,Time Exit,2527.9999999998836
macd_crossover,SELL,2026-03-30 10:28:00.000000,23605.02,23600,pe,19.34,-0.5095,-0.5284,0.011,0.1727,0.8,,CLOSED,2026-03-30 10:34:00.000000,23616.98,Time Exit,-597.9999999999563
macd_crossover,BUY,2026-03-30 10:56:00.000000,23553.56,23550,ce,5.0,0.5088,-0.5384,0.0091,0.2329,0.8,,CLOSED,2026-03-30 11:02:00.000000,23588.66,Time Exit,1754.9999999999272
macd_crossover,SELL,2026-03-30 11:07:00.000000,23551.68,23550,pe,10.0,-0.4594,-0.3765,0.0091,0.2329,0.8,,CLOSED,2026-03-30 11:13:00.000000,23554.16,Time Exit,-123.99999999997817
macd_crossover,BUY,2026-03-30 11:19:00.000000,23594.03,23600,ce,17.23,0.4768,-0.5425,0.011,0.1727,0.8,,CLOSED,2026-03-30 11:25:00.000000,23590.67,Time Exit,-168.0000000000291
macd_crossover,SELL,2026-03-30 11:47:00.000000,23734.92,23750,pe,28.54,-0.5996,-0.5608,0.0112,0.2151,0.8,,CLOSED,2026-03-30 11:53:00.000000,23788.26,Time Exit,-2667.0000000000073
macd_crossover,BUY,2026-03-30 11:54:00.000000,23792.9,23800,ce,13.31,0.5644,-0.4078,0.0108,0.2369,0.8,,CLOSED,2026-03-30 12:00:00.000000,23767.89,Time Exit,-1250.5000000001019
macd_crossover,SELL,2026-03-30 12:00:00.000000,23767.89,23750,pe,28.54,-0.5996,-0.5608,0.0112,0.2151,0.8,,CLOSED,2026-03-30 12:06:00.000000,23797.95,Time Exit,-1503.0000000000655
macd_crossover,BUY,2026-03-30 12:20:00.000000,23840.57,23800,ce,13.31,0.5644,-0.4078,0.0108,0.2369,0.8,,CLOSED,2026-03-30 12:26:00.000000,23946.96,Time Exit,5319.499999999971
macd_crossover,SELL,2026-03-31 09:15:00.000000,22644.45,22650,pe,5.0,-0.4991,-0.5064,0.0101,0.1945,0.8,,CLOSED,2026-03-31 09:21:00.000000,22650.7,Time Exit,-312.5
macd_crossover,BUY,2026-03-31 09:28:00.000000,22736.75,22750,ce,10.0,0.5455,-0.5909,0.0092,0.1822,0.8,,CLOSED,2026-03-31 09:34:00.000000,22815.82,Time Exit,3953.4999999999854
macd_crossover,SELL,2026-03-31 10:54:00.000000,23248.1,23250,pe,10.0,-0.4141,-0.4268,0.009,0.2097,0.8,,CLOSED,2026-03-31 11:00:00.000000,23204.53,Time Exit,2178.4999999999854
macd_crossover,BUY,2026-03-31 11:15:00.000000,23204.03,23200,ce,7.28,0.5398,-0.5196,0.0093,0.1853,0.8,,CLOSED,2026-03-31 11:21:00.000000,23237.51,Time Exit,1673.9999999999782
macd_crossover,SELL,2026-03-31 11:18:00.000000,23166.31,23150,pe,10.0,-0.4496,-0.5116,0.0107,0.2237,0.8,,CLOSED,2026-03-31 11:24:00.000000,23290.29,Time Exit,-6198.999999999978
macd_crossover,BUY,2026-03-31 11:19:00.000000,23181.27,23200,ce,7.28,0.5398,-0.5196,0.0093,0.1853,0.8,,CLOSED,2026-03-31 11:25:00.000000,23266.74,Time Exit,4273.500000000058
macd_crossover,SELL,2026-03-31 11:32:00.000000,23260.01,23250,pe,10.0,-0.4141,-0.4268,0.009,0.2097,0.8,,CLOSED,2026-03-31 11:38:00.000000,23256.23,Time Exit,188.9999999999418
macd_crossover,BUY,2026-03-31 11:51:00.000000,23300.35,23300,ce,14.11,0.6207,-0.4682,0.0106,0.1986,0.8,,CLOSED,2026-03-31 11:57:00.000000,23355.08,Time Exit,2736.50000000016
macd_crossover,SELL,2026-03-31 12:01:00.000000,23308.98,23300,pe,10.0,-0.5043,-0.4737,0.0106,0.1986,0.8,,CLOSED,2026-03-31 12:07:00.000000,23323.98,Time Exit,-750.0
macd_crossover,BUY,2026-03-31 12:22:00.000000,23361.82,23350,ce,14.16,0.5057,-0.497,0.0099,0.1943,0.8,,CLOSED,2026-03-31 12:28:00.000000,23373.1,Time Exit,563.9999999999418
macd_crossover,SELL,2026-03-31 13:13:00.000000,23731.65,23750,pe,28.54,-0.5996,-0.5608,0.0112,0.2151,0.8,,CLOSED,2026-03-31 13:19:00.000000,23754.59,Time Exit,-1146.9999999999345
macd_crossover,BUY,2026-03-31 13:38:00.000000,23847.22,23800,ce,13.31,0.5644,-0.4078,0.0108,0.2369,0.8,,CLOSED,2026-03-31 13:44:00.000000,23855.57,Time Exit,417.49999999992724
macd_crossover,SELL,2026-03-31 13:41:00.000000,23829.33,23800,pe,28.31,-0.494,-0.4574,0.0108,0.2369,0.8,,CLOSED,2026-03-31 13:47:00.000000,23855.5,Time Exit,-1308.4999999999127
macd_crossover,SELL,2026-04-01 09:15:00.000000,22793.71,22800,pe,5.0,-0.5112,-0.5026,0.0096,0.2148,0.8,,CLOSED,2026-04-01 09:21:00.000000,22772.26,Time Exit,1072.5000000000364
macd_crossover,BUY,2026-04-01 09:29:00.000000,22803.13,22800,ce,10.0,0.4956,-0.5223,0.0096,0.2148,0.8,,CLOSED,2026-04-01 09:35:00.000000,22851.66,Time Exit,2426.499999999942
macd_crossover,SELL,2026-04-01 10:28:00.000000,23113.62,23100,pe,10.0,-0.4436,-0.5271,0.0098,0.1906,0.8,,CLOSED,2026-04-01 10:34:00.000000,23082.46,Time Exit,1557.9999999999927
macd_crossover,BUY,2026-04-01 11:02:00.000000,22967.52,22950,ce,5.0,0.4707,-0.5054,0.0093,0.2014,0.8,,CLOSED,2026-04-01 11:08:00.000000,22957.95,Time Exit,-478.49999999998545
macd_crossover,SELL,2026-04-01 11:58:00.000000,23188.91,23200,pe,10.0,-0.5073,-0.5043,0.0093,0.1853,0.8,,CLOSED,2026-04-01 12:04:00.000000,23185.38,Time Exit,176.4999999999418
macd_crossover,BUY,2026-04-01 12:11:00.000000,23253.99,23250,ce,15.71,0.5149,-0.4232,0.009,0.2097,0.8,,CLOSED,2026-04-01 12:17:00.000000,23232.22,Time Exit,-1088.5000000000218
macd_crossover,SELL,2026-04-01 12:17:00.000000,23232.22,23250,pe,10.0,-0.4141,-0.4268,0.009,0.2097,0.8,,CLOSED,2026-04-01 12:23:00.000000,23291.75,Time Exit,-2976.499999999942
macd_crossover,BUY,2026-04-01 12:23:00.000000,23291.75,23300,ce,14.11,0.6207,-0.4682,0.0106,0.1986,0.8,,CLOSED,2026-04-01 12:29:00.000000,23314.0,Time Exit,1112.5
macd_crossover,SELL,2026-04-01 12:33:00.000000,23322.23,23300,pe,10.0,-0.5043,-0.4737,0.0106,0.1986,0.8,,CLOSED,2026-04-01 12:39:00.000000,23300.23,Time Exit,1100.0
macd_crossover,BUY,2026-04-01 12:45:00.000000,23373.25,23350,ce,14.16,0.5057,-0.497,0.0099,0.1943,0.8,,CLOSED,2026-04-01 12:51:00.000000,23479.94,Time Exit,5334.4999999999345
macd_crossover,SELL,2026-04-01 13:00:00.000000,23466.69,23450,pe,12.11,-0.5202,-0.4949,0.0115,0.1963,0.8,,CLOSED,2026-04-01 13:06:00.000000,23435.18,Time Exit,1575.49999999992
macd_crossover,BUY,2026-04-01 13:23:00.000000,23493.78,23500,ce,5.0,0.4449,-0.5647,0.0115,0.2303,0.8,,CLOSED,2026-04-01 13:29:00.000000,23528.05,Time Exit,1713.5000000000218
macd_crossover,SELL,2026-04-01 13:40:00.000000,23526.83,23550,pe,10.0,-0.4594,-0.3765,0.0091,0.2329,0.8,,CLOSED,2026-04-01 13:46:00.000000,23615.46,Time Exit,-4431.499999999869
macd_crossover,BUY,2026-04-01 13:43:00.000000,23580.62,23600,ce,17.23,0.4768,-0.5425,0.011,0.1727,0.8,,CLOSED,2026-04-01 13:49:00.000000,23661.16,Time Exit,4027.0000000000437
macd_crossover,SELL,2026-04-01 13:44:00.000000,23575.54,23600,pe,19.34,-0.5095,-0.5284,0.011,0.1727,0.8,,CLOSED,2026-04-01 13:50:00.000000,23657.52,Time Exit,-4098.999999999978
macd_crossover,BUY,2026-04-01 13:46:00.000000,23615.46,23600,ce,17.23,0.4768,-0.5425,0.011,0.1727,0.8,,CLOSED,2026-04-01 13:52:00.000000,23643.21,Time Exit,1387.5
macd_crossover,SELL,2026-04-01 13:55:00.000000,23606.5,23600,pe,19.34,-0.5095,-0.5284,0.011,0.1727,0.8,,CLOSED,2026-04-01 14:01:00.000000,23620.3,Time Exit,-689.9999999999636
macd_crossover,BUY,2026-04-01 14:13:00.000000,23605.73,23600,ce,17.23,0.4768,-0.5425,0.011,0.1727,0.8,,CLOSED,2026-04-01 14:19:00.000000,23671.52,Time Exit,3289.5000000000437
macd_crossover,BUY,2026-04-02 09:28:00.000000,22875.5,22900,ce,5.0,0.5013,-0.4595,0.0096,0.2126,0.8,,CLOSED,2026-04-02 09:34:00.000000,22901.42,Time Exit,1295.9999999999127
macd_crossover,SELL,2026-04-02 10:21:00.000000,22902.75,22900,pe,10.0,-0.4691,-0.4382,0.0096,0.2126,0.8,,CLOSED,2026-04-02 10:27:00.000000,22925.57,Time Exit,-1140.9999999999854
macd_crossover,BUY,2026-04-02 10:26:00.000000,22925.58,22950,ce,5.0,0.4707,-0.5054,0.0093,0.2014,0.8,,CLOSED,2026-04-02 10:32:00.000000,22958.17,Time Exit,1629.4999999998254
macd_crossover,SELL,2026-04-02 10:36:00.000000,22906.79,22900,pe,10.0,-0.4691,-0.4382,0.0096,0.2126,0.8,,CLOSED,2026-04-02 10:42:00.000000,23012.18,Time Exit,-5269.499999999971
macd_crossover,BUY,2026-04-02 10:40:00.000000,22971.97,22950,ce,5.0,0.4707,-0.5054,0.0093,0.2014,0.8,,CLOSED,2026-04-02 10:46:00.000000,23037.93,Time Exit,3297.9999999999563
macd_crossover,SELL,2026-04-02 10:56:00.000000,23063.53,23050,pe,10.0,-0.4792,-0.5086,0.0117,0.2132,0.8,,CLOSED,2026-04-02 11:02:00.000000,23150.0,Time Exit,-4323.500000000058
macd_crossover,BUY,2026-04-02 11:00:00.000000,23111.38,23100,ce,5.0,0.5573,-0.5358,0.0098,0.1906,0.8,,CLOSED,2026-04-02 11:06:00.000000,23190.47,Time Exit,3954.5000000000073
macd_crossover,SELL,2026-04-02 11:13:00.000000,23199.49,23200,pe,10.0,-0.5073,-0.5043,0.0093,0.1853,0.8,,CLOSED,2026-04-02 11:19:00.000000,23183.08,Time Exit,820.4999999999927
macd_crossover,BUY,2026-04-02 11:34:00.000000,23247.93,23250,ce,15.71,0.5149,-0.4232,0.009,0.2097,0.8,,CLOSED,2026-04-02 11:40:00.000000,23268.85,Time Exit,1045.9999999999127
macd_crossover,SELL,2026-04-02 11:51:00.000000,23323.91,23300,pe,10.0,-0.5043,-0.4737,0.0106,0.1986,0.8,,CLOSED,2026-04-02 11:57:00.000000,23337.04,Time Exit,-656.5000000000509
macd_crossover,BUY,2026-04-02 12:05:00.000000,23402.71,23400,ce,9.0,0.4362,-0.4861,0.0101,0.176,0.8,,CLOSED,2026-04-02 12:11:00.000000,23359.65,Time Exit,-2152.9999999998836
macd_crossover,SELL,2026-04-02 12:11:00.000000,23359.65,23350,pe,14.68,-0.5691,-0.5012,0.0099,0.1943,0.8,,CLOSED,2026-04-02 12:17:00.000000,23432.16,Time Exit,-3625.49999999992
macd_crossover,BUY,2026-04-02 12:17:00.000000,23432.16,23450,ce,6.26,0.5093,-0.4908,0.0115,0.1963,0.8,,CLOSED,2026-04-02 12:23:00.000000,23442.14,Time Exit,498.9999999999782
macd_crossover,SELL,2026-04-02 12:18:00.000000,23401.8,23400,pe,18.67,-0.5113,-0.5347,0.0101,0.176,0.8,,CLOSED,2026-04-02 12:24:00.000000,23465.22,Time Exit,-3171.0000000000946
macd_crossover,BUY,2026-04-02 12:22:00.000000,23457.37,23450,ce,6.26,0.5093,-0.4908,0.0115,0.1963,0.8,,CLOSED,2026-04-02 12:28:00.000000,23436.76,Time Exit,-1030.500000000029
macd_crossover,SELL,2026-04-02 12:31:00.000000,23436.33,23450,pe,12.11,-0.5202,-0.4949,0.0115,0.1963,0.8,,CLOSED,2026-04-02 12:37:00.000000,23507.06,Time Exit,-3536.499999999978
macd_crossover,BUY,2026-04-02 12:35:00.000000,23487.82,23500,ce,5.0,0.4449,-0.5647,0.0115,0.2303,0.8,,CLOSED,2026-04-02 12:41:00.000000,23521.57,Time Exit,1687.5
macd_crossover,SELL,2026-04-02 12:56:00.000000,23638.52,23650,pe,23.06,-0.5576,-0.5072,0.0099,0.2216,0.8,,CLOSED,2026-04-02 13:02:00.000000,23633.7,Time Exit,240.99999999998545
macd_crossover,BUY,2026-04-02 13:09:00.000000,23711.58,23700,ce,5.0,0.4517,-0.4641,0.0095,0.2271,0.8,,CLOSED,2026-04-02 13:15:00.000000,23826.03,Time Exit,5722.4999999998545
macd_crossover,SELL,2026-04-02 13:24:00.000000,23842.8,23800,pe,28.31,-0.494,-0.4574,0.0108,0.2369,0.8,,CLOSED,2026-04-02 13:30:00.000000,23858.81,Time Exit,-800.5000000001019
macd_crossover,SELL,2026-04-02 13:29:00.000000,23866.82,23800,pe,28.31,-0.494,-0.4574,0.0108,0.2369,0.8,,CLOSED,2026-04-02 13:35:00.000000,23823.74,Time Exit,2153.9999999999054
macd_crossover,BUY,2026-04-03 09:29:00.000000,22680.35,22700,ce,18.05,0.5321,-0.4435,0.009,0.2125,0.8,,CLOSED,2026-04-03 09:35:00.000000,22606.37,Time Exit,-3698.999999999978
macd_crossover,SELL,2026-04-03 11:06:00.000000,23054.77,23050,pe,10.0,-0.4792,-0.5086,0.0117,0.2132,0.8,,CLOSED,2026-04-03 11:12:00.000000,23134.71,Time Exit,-3996.9999999999345
macd_crossover,BUY,2026-04-03 11:09:00.000000,23113.15,23100,ce,5.0,0.5573,-0.5358,0.0098,0.1906,0.8,,CLOSED,2026-04-03 11:15:00.000000,23157.02,Time Exit,2193.499999999949
macd_crossover,SELL,2026-04-03 11:16:00.000000,23156.18,23150,pe,10.0,-0.4496,-0.5116,0.0107,0.2237,0.8,,CLOSED,2026-04-03 11:22:00.000000,23232.37,Time Exit,-3809.4999999999345
macd_crossover,BUY,2026-04-03 11:17:00.000000,23195.05,23200,ce,7.28,0.5398,-0.5196,0.0093,0.1853,0.8,,CLOSED,2026-04-03 11:23:00.000000,23219.91,Time Exit,1243.000000000029
macd_crossover,SELL,2026-04-03 11:23:00.000000,23219.91,23200,pe,10.0,-0.5073,-0.5043,0.0093,0.1853,0.8,,CLOSED,2026-04-03 11:29:00.000000,23237.94,Time Exit,-901.4999999999418
macd_crossover,BUY,2026-04-03 11:43:00.000000,23385.76,23400,ce,9.0,0.4362,-0.4861,0.0101,0.176,0.8,,CLOSED,2026-04-03 11:49:00.000000,23429.19,Time Exit,2171.5000000000146
macd_crossover,SELL,2026-04-03 11:51:00.000000,23428.9,23450,pe,12.11,-0.5202,-0.4949,0.0115,0.1963,0.8,,CLOSED,2026-04-03 11:57:00.000000,23482.24,Time Exit,-2667.0000000000073
macd_crossover,BUY,2026-04-03 12:00:00.000000,23533.23,23550,ce,5.0,0.5088,-0.5384,0.0091,0.2329,0.8,,CLOSED,2026-04-03 12:06:00.000000,23552.9,Time Exit,983.5000000000946
macd_crossover,SELL,2026-04-03 12:02:00.000000,23505.09,23500,pe,25.12,-0.4779,-0.4749,0.0115,0.2303,0.8,,CLOSED,2026-04-03 12:08:00.000000,23541.2,Time Exit,-1805.500000000029
macd_crossover,BUY,2026-04-03 12:07:00.000000,23565.66,23550,ce,5.0,0.5088,-0.5384,0.0091,0.2329,0.8,,CLOSED,2026-04-03 12:13:00.000000,23566.63,Time Exit,48.50000000005821
macd_crossover,SELL,2026-04-03 12:08:00.000000,23541.2,23550,pe,10.0,-0.4594,-0.3765,0.0091,0.2329,0.8,,CLOSED,2026-04-03 12:14:00.000000,23560.14,Time Exit,-946.9999999999345
macd_crossover,BUY,2026-04-03 12:19:00.000000,23679.16,23700,ce,5.0,0.4517,-0.4641,0.0095,0.2271,0.8,,CLOSED,2026-04-03 12:25:00.000000,23740.24,Time Exit,3054.0000000000873
macd_crossover,SELL,2026-04-03 12:33:00.000000,23783.86,23800,pe,28.31,-0.494,-0.4574,0.0108,0.2369,0.8,,CLOSED,2026-04-03 12:39:00.000000,23826.48,Time Exit,-2130.999999999949
macd_crossover,BUY,2026-04-06 09:29:00.000000,23036.66,23050,ce,5.0,0.5291,-0.4788,0.0117,0.2132,0.8,,CLOSED,2026-04-06 09:35:00.000000,22987.49,Time Exit,-2458.4999999999127
macd_crossover,SELL,2026-04-06 10:27:00.000000,23353.26,23350,pe,14.68,-0.5691,-0.5012,0.0099,0.1943,0.8,,CLOSED,2026-04-06 10:33:00.000000,23337.24,Time Exit,800.9999999998399
macd_crossover,BUY,2026-04-06 10:44:00.000000,23376.43,23400,ce,9.0,0.4362,-0.4861,0.0101,0.176,0.8,,CLOSED,2026-04-06 10:50:00.000000,23341.04,Time Exit,-1769.499999999971
macd_crossover,SELL,2026-04-06 10:51:00.000000,23349.99,23350,pe,14.68,-0.5691,-0.5012,0.0099,0.1943,0.8,,CLOSED,2026-04-06 10:57:00.000000,23375.05,Time Exit,-1252.9999999998836
macd_crossover,BUY,2026-04-06 10:57:00.000000,23375.05,23400,ce,9.0,0.4362,-0.4861,0.0101,0.176,0.8,,CLOSED,2026-04-06 11:03:00.000000,23486.97,Time Exit,5596.000000000095
macd_crossover,SELL,2026-04-06 11:15:00.000000,23458.13,23450,pe,12.11,-0.5202,-0.4949,0.0115,0.1963,0.8,,CLOSED,2026-04-06 11:21:00.000000,23449.52,Time Exit,430.5000000000291
macd_crossover,BUY,2026-04-06 11:28:00.000000,23502.13,23500,ce,5.0,0.4449,-0.5647,0.0115,0.2303,0.8,,CLOSED,2026-04-06 11:34:00.000000,23551.26,Time Exit,2456.499999999869
macd_crossover,SELL,2026-04-06 11:36:00.000000,23516.77,23500,pe,25.12,-0.4779,-0.4749,0.0115,0.2303,0.8,,CLOSED,2026-04-06 11:42:00.000000,23454.18,Time Exit,3129.5000000000073
macd_crossover,BUY,2026-04-06 11:58:00.000000,23463.23,23450,ce,6.26,0.5093,-0.4908,0.0115,0.1963,0.8,,CLOSED,2026-04-06 12:04:00.000000,23473.54,Time Exit,515.5000000000655
macd_crossover,SELL,2026-04-06 12:25:00.000000,23535.83,23550,pe,10.0,-0.4594,-0.3765,0.0091,0.2329,0.8,,CLOSED,2026-04-06 12:31:00.000000,23522.59,Time Exit,662.00000000008
macd_crossover,BUY,2026-04-06 12:42:00.000000,23567.83,23550,ce,5.0,0.5088,-0.5384,0.0091,0.2329,0.8,,CLOSED,2026-04-06 12:48:00.000000,23639.19,Time Exit,3567.999999999847
macd_crossover,SELL,2026-04-06 13:05:00.000000,23754.14,23750,pe,28.54,-0.5996,-0.5608,0.0112,0.2151,0.8,,CLOSED,2026-04-06 13:11:00.000000,23795.79,Time Exit,-2082.5000000000728
bollinger_bands,SELL,2026-03-27 09:42:07.140822,23426.7,23450,pe,12.11,-0.5202,-0.4949,0.0115,0.1963,0.03344556817692128,,CLOSED,2026-03-27 09:48:07.140822,23446.89,Time Exit,-1009.4999999999345
bollinger_bands,SELL,2026-03-27 09:43:07.140822,23444.58,23450,pe,12.11,-0.5202,-0.4949,0.0115,0.1963,0.02002980649220713,,CLOSED,2026-03-27 09:49:07.140822,23449.98,Time Exit,-269.99999999989086
bollinger_bands,SELL,2026-03-27 10:31:07.140822,23689.54,23700,pe,28.11,-0.49,-0.4562,0.0095,0.2271,0.024177118225289954,,CLOSED,2026-03-27 10:37:07.140822,23786.98,Time Exit,-4871.9999999999345
bollinger_bands,SELL,2026-03-27 10:32:07.140822,23705.21,23700,pe,28.11,-0.49,-0.4562,0.0095,0.2271,0.03746046064921394,,CLOSED,2026-03-27 10:38:07.140822,23780.08,Time Exit,-3743.500000000131
bollinger_bands,SELL,2026-03-27 10:33:07.140822,23746.85,23750,pe,28.54,-0.5996,-0.5608,0.0112,0.2151,0.11630392889991957,,CLOSED,2026-03-27 10:39:07.140822,23786.98,Time Exit,-2006.500000000051
bollinger_bands,SELL,2026-03-27 10:35:07.140822,23762.42,23750,pe,28.54,-0.5996,-0.5608,0.0112,0.2151,0.03797234715452761,,CLOSED,2026-03-27 10:41:07.140822,23832.17,Time Exit,-3487.5
bollinger_bands,SELL,2026-03-27 10:36:07.140822,23786.74,23800,pe,28.31,-0.494,-0.4574,0.0108,0.2369,0.04616818193052915,,CLOSED,2026-03-27 10:42:07.140822,23823.82,Time Exit,-1853.9999999999054
bollinger_bands,BUY,2026-03-27 11:05:07.140822,23802.69,23800,ce,13.31,0.5644,-0.4078,0.0108,0.2369,0.03824600265404807,,CLOSED,2026-03-27 11:11:07.140822,23854.8,Time Exit,2605.500000000029
bollinger_bands,BUY,2026-03-30 09:15:00.000000,23076.68,23100,ce,5.0,0.5573,-0.5358,0.0098,0.1906,0.85,,CLOSED,2026-03-30 09:21:00.000000,23107.41,Time Exit,1536.4999999999782
bollinger_bands,BUY,2026-03-30 09:16:00.000000,23081.19,23100,ce,5.0,0.5573,-0.5358,0.0098,0.1906,0.85,,CLOSED,2026-03-30 09:22:00.000000,23117.2,Time Exit,1800.5000000001019
bollinger_bands,BUY,2026-03-30 09:17:00.000000,23058.85,23050,ce,5.0,0.5291,-0.4788,0.0117,0.2132,0.85,,CLOSED,2026-03-30 09:23:00.000000,23097.63,Time Exit,1939.0000000001237
bollinger_bands,SELL,2026-03-30 09:38:00.000000,23209.79,23200,pe,10.0,-0.5073,-0.5043,0.0093,0.1853,0.018393319455762797,,CLOSED,2026-03-30 09:44:00.000000,23227.4,Time Exit,-880.5000000000291
bollinger_bands,SELL,2026-03-30 09:43:00.000000,23237.24,23250,pe,10.0,-0.4141,-0.4268,0.009,0.2097,0.011693835646181535,,CLOSED,2026-03-30 09:49:00.000000,23264.72,Time Exit,-1373.9999999999782
bollinger_bands,SELL,2026-03-30 10:04:00.000000,23402.43,23400,pe,18.67,-0.5113,-0.5347,0.0101,0.176,0.040598185493876754,,CLOSED,2026-03-30 10:10:00.000000,23491.54,Time Exit,-4455.500000000029
bollinger_bands,SELL,2026-03-30 10:05:00.000000,23412.88,23400,pe,18.67,-0.5113,-0.5347,0.0101,0.176,0.016391260906597233,,CLOSED,2026-03-30 10:11:00.000000,23474.31,Time Exit,-3071.5000000000146
bollinger_bands,SELL,2026-03-30 10:06:00.000000,23456.93,23450,pe,12.11,-0.5202,-0.4949,0.0115,0.1963,0.1004009608841036,,CLOSED,2026-03-30 10:12:00.000000,23460.1,Time Exit,-158.4999999999127
bollinger_bands,SELL,2026-03-30 10:07:00.000000,23464.66,23450,pe,12.11,-0.5202,-0.4949,0.0115,0.1963,0.04802023629405545,,CLOSED,2026-03-30 10:13:00.000000,23468.18,Time Exit,-176.00000000002183
bollinger_bands,SELL,2026-03-30 10:58:00.000000,23584.74,23600,pe,19.34,-0.5095,-0.5284,0.011,0.1727,0.0044053052257120116,,CLOSED,2026-03-30 11:04:00.000000,23598.4,Time Exit,-682.9999999999927
bollinger_bands,SELL,2026-03-30 11:26:00.000000,23611.89,23600,pe,19.34,-0.5095,-0.5284,0.011,0.1727,0.028988456712479342,,CLOSED,2026-03-30 11:32:00.000000,23705.98,Time Exit,-4704.500000000007
bollinger_bands,SELL,2026-03-30 11:28:00.000000,23640.96,23650,pe,23.06,-0.5576,-0.5072,0.0099,0.2216,0.06279299871218293,,CLOSED,2026-03-30 11:34:00.000000,23703.68,Time Exit,-3136.000000000058
bollinger_bands,SELL,2026-03-30 11:29:00.000000,23670.27,23650,pe,23.06,-0.5576,-0.5072,0.0099,0.2216,0.10016872034423556,,CLOSED,2026-03-30 11:35:00.000000,23672.92,Time Exit,-132.49999999989086
bollinger_bands,SELL,2026-03-30 11:30:00.000000,23694.72,23700,pe,28.11,-0.49,-0.4562,0.0095,0.2271,0.10359505933704084,,CLOSED,2026-03-30 11:36:00.000000,23698.83,Time Exit,-205.5000000000291
bollinger_bands,SELL,2026-03-30 11:31:00.000000,23704.82,23700,pe,28.11,-0.49,-0.4562,0.0095,0.2271,0.05467451529511266,,CLOSED,2026-03-30 11:37:00.000000,23727.16,Time Exit,-1117.0000000000073
bollinger_bands,SELL,2026-03-30 11:53:00.000000,23788.26,23800,pe,28.31,-0.494,-0.4574,0.0108,0.2369,0.02970302419297097,,CLOSED,2026-03-30 11:59:00.000000,23818.05,Time Exit,-1489.5000000000437
bollinger_bands,SELL,2026-03-30 11:54:00.000000,23792.9,23800,pe,28.31,-0.494,-0.4574,0.0108,0.2369,0.0062867305587300274,,CLOSED,2026-03-30 12:00:00.000000,23767.89,Time Exit,1250.5000000001019
bollinger_bands,SELL,2026-03-30 11:56:00.000000,23805.61,23800,pe,28.31,-0.494,-0.4574,0.0108,0.2369,0.003765846078123852,,CLOSED,2026-03-30 12:02:00.000000,23800.72,Time Exit,244.4999999999709
bollinger_bands,BUY,2026-03-30 12:12:00.000000,23763.9,23750,ce,10.27,0.5047,-0.5444,0.0112,0.2151,0.014562095127059737,,CLOSED,2026-03-30 12:18:00.000000,23796.51,Time Exit,1630.4999999998472
bollinger_bands,BUY,2026-03-30 12:15:00.000000,23756.61,23750,ce,10.27,0.5047,-0.5444,0.0112,0.2151,0.009989855002570295,,CLOSED,2026-03-30 12:21:00.000000,23825.29,Time Exit,3434.0000000000146
bollinger_bands,BUY,2026-03-30 12:16:00.000000,23749.45,23750,ce,10.27,0.5047,-0.5444,0.0112,0.2151,0.007264646270404035,,CLOSED,2026-03-30 12:22:00.000000,23821.21,Time Exit,3587.99999999992
bollinger_bands,SELL,2026-03-30 12:20:00.000000,23840.57,23800,pe,28.31,-0.494,-0.4574,0.0108,0.2369,0.0038776805418068816,,CLOSED,2026-03-30 12:26:00.000000,23946.96,Time Exit,-5319.499999999971
bollinger_bands,BUY,2026-03-31 09:15:00.000000,22644.45,22650,ce,10.0,0.5085,-0.5558,0.0101,0.1945,0.85,,CLOSED,2026-03-31 09:21:00.000000,22650.7,Time Exit,312.5
bollinger_bands,BUY,2026-03-31 09:16:00.000000,22631.83,22650,ce,10.0,0.5085,-0.5558,0.0101,0.1945,0.85,,CLOSED,2026-03-31 09:22:00.000000,22659.59,Time Exit,1387.99999999992
bollinger_bands,BUY,2026-03-31 09:17:00.000000,22621.1,22600,ce,10.0,0.5529,-0.5208,0.0093,0.2046,0.85,,CLOSED,2026-03-31 09:23:00.000000,22659.91,Time Exit,1940.5000000000655
bollinger_bands,SELL,2026-03-31 09:45:00.000000,22886.92,22900,pe,10.0,-0.4691,-0.4382,0.0096,0.2126,0.028747959670453918,,CLOSED,2026-03-31 09:51:00.000000,22903.54,Time Exit,-831.000000000131
bollinger_bands,SELL,2026-03-31 09:46:00.000000,22903.17,22900,pe,10.0,-0.4691,-0.4382,0.0096,0.2126,0.022220580360223473,,CLOSED,2026-03-31 09:52:00.000000,22910.8,Time Exit,-381.50000000005093
bollinger_bands,SELL,2026-03-31 10:15:00.000000,22958.67,22950,pe,10.0,-0.5335,-0.5519,0.0093,0.2014,0.04924079234122607,,CLOSED,2026-03-31 10:21:00.000000,22985.91,Time Exit,-1362.00000000008
bollinger_bands,SELL,2026-03-31 10:16:00.000000,22967.29,22950,pe,10.0,-0.5335,-0.5519,0.0093,0.2014,0.044980602055727306,,CLOSED,2026-03-31 10:22:00.000000,22971.16,Time Exit,-193.49999999994907
bollinger_bands,SELL,2026-03-31 10:17:00.000000,22984.15,23000,pe,10.0,-0.5428,-0.3889,0.0096,0.2091,0.0582786802760796,,CLOSED,2026-03-31 10:23:00.000000,22961.09,Time Exit,1153.0000000000655
bollinger_bands,SELL,2026-03-31 10:32:00.000000,23028.84,23050,pe,10.0,-0.4792,-0.5086,0.0117,0.2132,0.027757573728001944,,CLOSED,2026-03-31 10:38:00.000000,23102.75,Time Exit,-3695.4999999999927
bollinger_bands,SELL,2026-03-31 10:33:00.000000,23030.59,23050,pe,10.0,-0.4792,-0.5086,0.0117,0.2132,0.013251101777646499,,CLOSED,2026-03-31 10:39:00.000000,23137.87,Time Exit,-5363.999999999942
bollinger_bands,SELL,2026-03-31 10:36:00.000000,23062.76,23050,pe,10.0,-0.4792,-0.5086,0.0117,0.2132,0.05338435723778543,,CLOSED,2026-03-31 10:42:00.000000,23191.23,Time Exit,-6423.500000000058
bollinger_bands,SELL,2026-03-31 10:37:00.000000,23065.86,23050,pe,10.0,-0.4792,-0.5086,0.0117,0.2132,0.012591671558186522,,CLOSED,2026-03-31 10:43:00.000000,23177.98,Time Exit,-5605.999999999949
bollinger_bands,SELL,2026-03-31 10:38:00.000000,23102.75,23100,pe,10.0,-0.4436,-0.5271,0.0098,0.1906,0.08276465491576389,,CLOSED,2026-03-31 10:44:00.000000,23198.21,Time Exit,-4772.999999999956
bollinger_bands,SELL,2026-03-31 10:39:00.000000,23137.87,23150,pe,10.0,-0.4496,-0.5116,0.0107,0.2237,0.11929495026569137,,CLOSED,2026-03-31 10:45:00.000000,23222.09,Time Exit,-4211.000000000058
bollinger_bands,SELL,2026-03-31 10:40:00.000000,23167.9,23150,pe,10.0,-0.4496,-0.5116,0.0107,0.2237,0.12076078110172635,,CLOSED,2026-03-31 10:46:00.000000,23201.98,Time Exit,-1703.9999999999054
bollinger_bands,SELL,2026-03-31 10:42:00.000000,23191.23,23200,pe,10.0,-0.5073,-0.5043,0.0093,0.1853,0.015515660756383085,,CLOSED,2026-03-31 10:48:00.000000,23211.43,Time Exit,-1010.0000000000364
bollinger_bands,BUY,2026-03-31 11:03:00.000000,23144.55,23150,ce,5.0,0.4874,-0.4762,0.0107,0.2237,0.03665158058560662,,CLOSED,2026-03-31 11:09:00.000000,23133.25,Time Exit,-564.9999999999636
bollinger_bands,BUY,2026-03-31 11:04:00.000000,23140.05,23150,ce,5.0,0.4874,-0.4762,0.0107,0.2237,0.008439144306622957,,CLOSED,2026-03-31 11:10:00.000000,23160.92,Time Exit,1043.499999999949
bollinger_bands,SELL,2026-03-31 11:20:00.000000,23231.9,23250,pe,10.0,-0.4141,-0.4268,0.009,0.2097,0.04512236571799381,,CLOSED,2026-03-31 11:26:00.000000,23290.21,Time Exit,-2915.4999999998836
bollinger_bands,SELL,2026-03-31 11:21:00.000000,23237.51,23250,pe,10.0,-0.4141,-0.4268,0.009,0.2097,0.01966340543243591,,CLOSED,2026-03-31 11:27:00.000000,23288.74,Time Exit,-2561.50000000016
bollinger_bands,SELL,2026-03-31 11:22:00.000000,23258.41,23250,pe,10.0,-0.4141,-0.4268,0.009,0.2097,0.0414645909981891,,CLOSED,2026-03-31 11:28:00.000000,23289.76,Time Exit,-1567.4999999999272
bollinger_bands,SELL,2026-03-31 11:23:00.000000,23265.82,23250,pe,10.0,-0.4141,-0.4268,0.009,0.2097,0.0072643652610701135,,CLOSED,2026-03-31 11:29:00.000000,23294.31,Time Exit,-1424.50000000008
bollinger_bands,SELL,2026-03-31 11:24:00.000000,23290.29,23300,pe,10.0,-0.5043,-0.4737,0.0106,0.1986,0.03145812768342057,,CLOSED,2026-03-31 11:30:00.000000,23279.14,Time Exit,557.5000000000728
bollinger_bands,SELL,2026-03-31 11:52:00.000000,23315.72,23300,pe,10.0,-0.5043,-0.4737,0.0106,0.1986,0.004295219900124487,,CLOSED,2026-03-31 11:58:00.000000,23367.65,Time Exit,-2596.5000000000146
bollinger_bands,SELL,2026-03-31 11:57:00.000000,23355.08,23350,pe,14.68,-0.5691,-0.5012,0.0099,0.1943,0.015845582444445894,,CLOSED,2026-03-31 12:03:00.000000,23307.0,Time Exit,2404.0000000000873
bollinger_bands,SELL,2026-03-31 11:58:00.000000,23367.65,23350,pe,14.68,-0.5691,-0.5012,0.0099,0.1943,0.013207218664610776,,CLOSED,2026-03-31 12:04:00.000000,23331.78,Time Exit,1793.500000000131
bollinger_bands,SELL,2026-03-31 12:22:00.000000,23361.82,23350,pe,14.68,-0.5691,-0.5012,0.0099,0.1943,0.019986776440505498,,CLOSED,2026-03-31 12:28:00.000000,23373.1,Time Exit,-563.9999999999418
bollinger_bands,SELL,2026-03-31 12:37:00.000000,23418.98,23400,pe,18.67,-0.5113,-0.5347,0.0101,0.176,0.0010531732346633154,,CLOSED,2026-03-31 12:43:00.000000,23478.01,Time Exit,-2951.499999999942
bollinger_bands,SELL,2026-03-31 12:38:00.000000,23425.95,23450,pe,12.11,-0.5202,-0.4949,0.0115,0.1963,0.0014076561492548892,,CLOSED,2026-03-31 12:44:00.000000,23477.19,Time Exit,-2561.999999999898
bollinger_bands,SELL,2026-03-31 12:40:00.000000,23437.95,23450,pe,12.11,-0.5202,-0.4949,0.0115,0.1963,0.027437500750634315,,CLOSED,2026-03-31 12:46:00.000000,23483.07,Time Exit,-2255.999999999949
bollinger_bands,SELL,2026-03-31 12:41:00.000000,23458.32,23450,pe,12.11,-0.5202,-0.4949,0.0115,0.1963,0.05757417242755067,,CLOSED,2026-03-31 12:47:00.000000,23506.83,Time Exit,-2425.500000000102
bollinger_bands,SELL,2026-03-31 12:42:00.000000,23468.9,23450,pe,12.11,-0.5202,-0.4949,0.0115,0.1963,0.03798395394491921,,CLOSED,2026-03-31 12:48:00.000000,23496.88,Time Exit,-1398.9999999999782
bollinger_bands,SELL,2026-03-31 12:43:00.000000,23478.01,23500,pe,25.12,-0.4779,-0.4749,0.0115,0.2303,0.014025130895968985,,CLOSED,2026-03-31 12:49:00.000000,23506.97,Time Exit,-1448.0000000001382
bollinger_bands,SELL,2026-03-31 12:53:00.000000,23575.36,23600,pe,19.34,-0.5095,-0.5284,0.011,0.1727,0.009912800360260288,,CLOSED,2026-03-31 12:59:00.000000,23594.35,Time Exit,-949.4999999998981
bollinger_bands,SELL,2026-03-31 13:02:00.000000,23666.75,23650,pe,23.06,-0.5576,-0.5072,0.0099,0.2216,0.028717024292926628,,CLOSED,2026-03-31 13:08:00.000000,23733.92,Time Exit,-3358.4999999999127
bollinger_bands,SELL,2026-03-31 13:06:00.000000,23744.58,23750,pe,28.54,-0.5996,-0.5608,0.0112,0.2151,0.034737192406431285,,CLOSED,2026-03-31 13:12:00.000000,23757.19,Time Exit,-630.4999999998472
bollinger_bands,SELL,2026-03-31 13:22:00.000000,23807.53,23800,pe,28.31,-0.494,-0.4574,0.0108,0.2369,0.006599553412722516,,CLOSED,2026-03-31 13:28:00.000000,23771.43,Time Exit,1804.9999999999272
bollinger_bands,SELL,2026-03-31 13:35:00.000000,23841.15,23800,pe,28.31,-0.494,-0.4574,0.0108,0.2369,0.0338512515353013,,CLOSED,2026-03-31 13:41:00.000000,23829.33,Time Exit,590.9999999999854
bollinger_bands,SELL,2026-03-31 13:39:00.000000,23864.95,23800,pe,28.31,-0.494,-0.4574,0.0108,0.2369,0.010587400576331781,,CLOSED,2026-03-31 13:45:00.000000,23850.76,Time Exit,709.5000000001164
bollinger_bands,BUY,2026-04-01 09:15:00.000000,22793.71,22800,ce,10.0,0.4956,-0.5223,0.0096,0.2148,0.85,,CLOSED,2026-04-01 09:21:00.000000,22772.26,Time Exit,-1072.5000000000364
bollinger_bands,BUY,2026-04-01 09:16:00.000000,22785.8,22800,ce,10.0,0.4956,-0.5223,0.0096,0.2148,0.85,,CLOSED,2026-04-01 09:22:00.000000,22783.5,Time Exit,-114.99999999996362
bollinger_bands,BUY,2026-04-01 09:17:00.000000,22780.98,22800,ce,10.0,0.4956,-0.5223,0.0096,0.2148,0.7439574462706282,,CLOSED,2026-04-01 09:23:00.000000,22767.15,Time Exit,-691.4999999999054
bollinger_bands,SELL,2026-04-01 09:34:00.000000,22845.08,22850,pe,10.0,-0.4481,-0.4988,0.0106,0.1963,0.015321612305539776,,CLOSED,2026-04-01 09:40:00.000000,22878.92,Time Exit,-1691.9999999998254
bollinger_bands,SELL,2026-04-01 09:35:00.000000,22851.66,22850,pe,10.0,-0.4481,-0.4988,0.0106,0.1963,0.001506075098193541,,CLOSED,2026-04-01 09:41:00.000000,22871.4,Time Exit,-987.00000000008
bollinger_bands,SELL,2026-04-01 09:48:00.000000,22926.85,22950,pe,10.0,-0.5335,-0.5519,0.0093,0.2014,0.021675879583283826,,CLOSED,2026-04-01 09:54:00.000000,22956.29,Time Exit,-1472.0000000001164
bollinger_bands,SELL,2026-04-01 10:07:00.000000,22986.04,23000,pe,10.0,-0.5428,-0.3889,0.0096,0.2091,0.021777071291550258,,CLOSED,2026-04-01 10:13:00.000000,23055.91,Time Exit,-3493.499999999949
bollinger_bands,SELL,2026-04-01 10:08:00.000000,23005.99,23000,pe,10.0,-0.5428,-0.3889,0.0096,0.2091,0.058783503810476194,,CLOSED,2026-04-01 10:14:00.000000,23068.74,Time Exit,-3137.5
bollinger_bands,SELL,2026-04-01 10:09:00.000000,23002.51,23000,pe,10.0,-0.5428,-0.3889,0.0096,0.2091,0.011734342181654485,,CLOSED,2026-04-01 10:15:00.000000,23088.09,Time Exit,-4279.000000000087
bollinger_bands,SELL,2026-04-01 10:10:00.000000,23041.19,23050,pe,10.0,-0.4792,-0.5086,0.0117,0.2132,0.09937023849118334,,CLOSED,2026-04-01 10:16:00.000000,23087.95,Time Exit,-2338.000000000102
bollinger_bands,SELL,2026-04-01 10:11:00.000000,23052.45,23050,pe,10.0,-0.4792,-0.5086,0.0117,0.2132,0.07513690941190532,,CLOSED,2026-04-01 10:17:00.000000,23075.76,Time Exit,-1165.4999999998836
bollinger_bands,BUY,2026-04-01 10:36:00.000000,23058.89,23050,ce,5.0,0.5291,-0.4788,0.0117,0.2132,0.008643693883362632,,CLOSED,2026-04-01 10:42:00.000000,23012.83,Time Exit,-2302.9999999998836
bollinger_bands,BUY,2026-04-01 10:38:00.000000,23039.6,23050,ce,5.0,0.5291,-0.4788,0.0117,0.2132,0.03795862674092786,,CLOSED,2026-04-01 10:44:00.000000,23014.86,Time Exit,-1236.9999999998981
bollinger_bands,BUY,2026-04-01 10:39:00.000000,23013.23,23000,ce,5.0,0.4732,-0.5163,0.0096,0.2091,0.07640070929049173,,CLOSED,2026-04-01 10:45:00.000000,23025.79,Time Exit,628.0000000000655
bollinger_bands,BUY,2026-04-01 10:40:00.000000,23014.84,23000,ce,5.0,0.4732,-0.5163,0.0096,0.2091,0.010658236876198868,,CLOSED,2026-04-01 10:46:00.000000,23030.75,Time Exit,795.4999999999927
bollinger_bands,BUY,2026-04-01 10:53:00.000000,22950.16,22950,ce,5.0,0.4707,-0.5054,0.0093,0.2014,0.0139769120372968,,CLOSED,2026-04-01 10:59:00.000000,22928.48,Time Exit,-1084.0000000000146
bollinger_bands,BUY,2026-04-01 10:54:00.000000,22938.39,22950,ce,5.0,0.4707,-0.5054,0.0093,0.2014,0.020909368379486787,,CLOSED,2026-04-01 11:00:00.000000,22936.56,Time Exit,-91.49999999990541
bollinger_bands,BUY,2026-04-01 10:57:00.000000,22906.05,22900,ce,5.0,0.5013,-0.4595,0.0096,0.2126,0.02246723892704112,,CLOSED,2026-04-01 11:03:00.000000,22949.59,Time Exit,2177.0000000000437
bollinger_bands,SELL,2026-04-01 11:10:00.000000,23004.84,23000,pe,10.0,-0.5428,-0.3889,0.0096,0.2091,0.03953322487639647,,CLOSED,2026-04-01 11:16:00.000000,23026.35,Time Exit,-1075.49999999992
bollinger_bands,SELL,2026-04-01 11:11:00.000000,23012.88,23000,pe,10.0,-0.5428,-0.3889,0.0096,0.2091,0.0352984334247182,,CLOSED,2026-04-01 11:17:00.000000,23005.67,Time Exit,360.50000000013824
bollinger_bands,SELL,2026-04-01 11:35:00.000000,23070.73,23050,pe,10.0,-0.4792,-0.5086,0.0117,0.2132,0.009496811796871407,,CLOSED,2026-04-01 11:41:00.000000,23112.74,Time Exit,-2100.500000000102
bollinger_bands,SELL,2026-04-01 11:37:00.000000,23087.35,23100,pe,10.0,-0.4436,-0.5271,0.0098,0.1906,0.010876238960571846,,CLOSED,2026-04-01 11:43:00.000000,23106.15,Time Exit,-940.0000000001455
bollinger_bands,SELL,2026-04-01 11:38:00.000000,23100.64,23100,pe,10.0,-0.4436,-0.5271,0.0098,0.1906,0.022646706761124936,,CLOSED,2026-04-01 11:44:00.000000,23143.27,Time Exit,-2131.500000000051
bollinger_bands,SELL,2026-04-01 11:44:00.000000,23143.27,23150,pe,10.0,-0.4496,-0.5116,0.0107,0.2237,0.005511046861611931,,CLOSED,2026-04-01 11:50:00.000000,23169.63,Time Exit,-1318.000000000029
bollinger_bands,SELL,2026-04-01 11:45:00.000000,23156.31,23150,pe,10.0,-0.4496,-0.5116,0.0107,0.2237,0.0020109386186851104,,CLOSED,2026-04-01 11:51:00.000000,23170.53,Time Exit,-710.9999999998763
bollinger_bands,SELL,2026-04-01 12:10:00.000000,23241.03,23250,pe,10.0,-0.4141,-0.4268,0.009,0.2097,0.05428630958169532,,CLOSED,2026-04-01 12:16:00.000000,23254.0,Time Exit,-648.5000000000582
bollinger_bands,SELL,2026-04-01 12:11:00.000000,23253.99,23250,pe,10.0,-0.4141,-0.4268,0.009,0.2097,0.060716721138343074,,CLOSED,2026-04-01 12:17:00.000000,23232.22,Time Exit,1088.5000000000218
bollinger_bands,SELL,2026-04-01 12:12:00.000000,23261.98,23250,pe,10.0,-0.4141,-0.4268,0.009,0.2097,0.04316097807564349,,CLOSED,2026-04-01 12:18:00.000000,23234.49,Time Exit,1374.4999999998981
bollinger_bands,SELL,2026-04-01 12:23:00.000000,23291.75,23300,pe,10.0,-0.5043,-0.4737,0.0106,0.1986,0.006903555687158457,,CLOSED,2026-04-01 12:29:00.000000,23314.0,Time Exit,-1112.5
bollinger_bands,SELL,2026-04-01 12:24:00.000000,23309.7,23300,pe,10.0,-0.5043,-0.4737,0.0106,0.1986,0.03511573984186827,,CLOSED,2026-04-01 12:30:00.000000,23330.48,Time Exit,-1038.9999999999418
bollinger_bands,SELL,2026-04-01 12:26:00.000000,23324.73,23300,pe,10.0,-0.5043,-0.4737,0.0106,0.1986,0.008580541779028119,,CLOSED,2026-04-01 12:32:00.000000,23299.42,Time Exit,1265.5000000000655
bollinger_bands,SELL,2026-04-01 12:45:00.000000,23373.25,23350,pe,14.68,-0.5691,-0.5012,0.0099,0.1943,0.0948295832875189,,CLOSED,2026-04-01 12:51:00.000000,23479.94,Time Exit,-5334.4999999999345
bollinger_bands,SELL,2026-04-01 12:46:00.000000,23374.4,23350,pe,14.68,-0.5691,-0.5012,0.0099,0.1943,0.052460923631099075,,CLOSED,2026-04-01 12:52:00.000000,23469.4,Time Exit,-4750.0
bollinger_bands,SELL,2026-04-01 12:47:00.000000,23393.17,23400,pe,18.67,-0.5113,-0.5347,0.0101,0.176,0.06801505935494324,,CLOSED,2026-04-01 12:53:00.000000,23477.14,Time Exit,-4198.500000000058
bollinger_bands,SELL,2026-04-01 12:49:00.000000,23420.93,23400,pe,18.67,-0.5113,-0.5347,0.0101,0.176,0.07845567633083535,,CLOSED,2026-04-01 12:55:00.000000,23451.11,Time Exit,-1509.0000000000146
bollinger_bands,SELL,2026-04-01 12:50:00.000000,23453.08,23450,pe,12.11,-0.5202,-0.4949,0.0115,0.1963,0.11086829669827518,,CLOSED,2026-04-01 12:56:00.000000,23466.96,Time Exit,-693.999999999869
bollinger_bands,SELL,2026-04-01 12:51:00.000000,23479.94,23500,pe,25.12,-0.4779,-0.4749,0.0115,0.2303,0.10718521337324415,,CLOSED,2026-04-01 12:57:00.000000,23452.96,Time Exit,1348.9999999999782
bollinger_bands,BUY,2026-04-01 13:08:00.000000,23398.0,23400,ce,9.0,0.4362,-0.4861,0.0101,0.176,0.03564573692150728,,CLOSED,2026-04-01 13:14:00.000000,23454.11,Time Exit,2805.500000000029
bollinger_bands,BUY,2026-04-01 13:09:00.000000,23377.19,23400,ce,9.0,0.4362,-0.4861,0.0101,0.176,0.07476475408703856,,CLOSED,2026-04-01 13:15:00.000000,23417.5,Time Exit,2015.5000000000655
bollinger_bands,SELL,2026-04-01 13:23:00.000000,23493.78,23500,pe,25.12,-0.4779,-0.4749,0.0115,0.2303,0.04814076217469444,,CLOSED,2026-04-01 13:29:00.000000,23528.05,Time Exit,-1713.5000000000218
bollinger_bands,SELL,2026-04-01 13:29:00.000000,23528.05,23550,pe,10.0,-0.4594,-0.3765,0.0091,0.2329,0.01869207092728615,,CLOSED,2026-04-01 13:35:00.000000,23548.95,Time Exit,-1045.0000000000728
bollinger_bands,SELL,2026-04-01 13:30:00.000000,23543.15,23550,pe,10.0,-0.4594,-0.3765,0.0091,0.2329,0.019504839874193318,,CLOSED,2026-04-01 13:36:00.000000,23548.38,Time Exit,-261.4999999999782
bollinger_bands,SELL,2026-04-01 13:31:00.000000,23556.75,23550,pe,10.0,-0.4594,-0.3765,0.0091,0.2329,0.0077291117334281605,,CLOSED,2026-04-01 13:37:00.000000,23536.84,Time Exit,995.4999999999927
bollinger_bands,SELL,2026-04-01 13:46:00.000000,23615.46,23600,pe,19.34,-0.5095,-0.5284,0.011,0.1727,0.018834746002919955,,CLOSED,2026-04-01 13:52:00.000000,23643.21,Time Exit,-1387.5
bollinger_bands,SELL,2026-04-01 13:47:00.000000,23613.02,23600,pe,19.34,-0.5095,-0.5284,0.011,0.1727,0.00018859509480005144,,CLOSED,2026-04-01 13:53:00.000000,23646.23,Time Exit,-1660.4999999999563
bollinger_bands,SELL,2026-04-01 13:49:00.000000,23661.16,23650,pe,23.06,-0.5576,-0.5072,0.0099,0.2216,0.10514141843658745,,CLOSED,2026-04-01 13:55:00.000000,23606.5,Time Exit,2732.9999999999927
bollinger_bands,SELL,2026-04-01 13:50:00.000000,23657.52,23650,pe,23.06,-0.5576,-0.5072,0.0099,0.2216,0.026780978305922336,,CLOSED,2026-04-01 13:56:00.000000,23598.71,Time Exit,2940.5000000000655
bollinger_bands,BUY,2026-04-01 14:04:00.000000,23542.0,23550,ce,5.0,0.5088,-0.5384,0.0091,0.2329,0.03749407895002401,,CLOSED,2026-04-01 14:10:00.000000,23571.54,Time Exit,1477.0000000000437
bollinger_bands,BUY,2026-04-01 14:05:00.000000,23527.2,23550,ce,5.0,0.5088,-0.5384,0.0091,0.2329,0.05300887191171182,,CLOSED,2026-04-01 14:11:00.000000,23595.73,Time Exit,3426.499999999942
bollinger_bands,BUY,2026-04-01 14:06:00.000000,23522.6,23500,ce,5.0,0.4449,-0.5647,0.0115,0.2303,0.01006070863452235,,CLOSED,2026-04-01 14:12:00.000000,23601.69,Time Exit,3954.5000000000073
bollinger_bands,SELL,2026-04-01 14:17:00.000000,23678.84,23700,pe,28.11,-0.49,-0.4562,0.0095,0.2271,0.039700141842412454,,CLOSED,2026-04-01 14:23:00.000000,23734.68,Time Exit,-2792.0000000000073
bollinger_bands,SELL,2026-04-01 14:18:00.000000,23684.99,23700,pe,28.11,-0.49,-0.4562,0.0095,0.2271,0.0011742494664349161,,CLOSED,2026-04-01 14:24:00.000000,23722.89,Time Exit,-1894.9999999998909
bollinger_bands,BUY,2026-04-02 09:15:00.000000,22764.87,22750,ce,10.0,0.5455,-0.5909,0.0092,0.1822,0.85,,CLOSED,2026-04-02 09:21:00.000000,22810.6,Time Exit,2286.499999999978
bollinger_bands,BUY,2026-04-02 09:16:00.000000,22768.05,22750,ce,10.0,0.5455,-0.5909,0.0092,0.1822,0.85,,CLOSED,2026-04-02 09:22:00.000000,22815.42,Time Exit,2368.499999999949
bollinger_bands,BUY,2026-04-02 09:17:00.000000,22783.75,22800,ce,10.0,0.4956,-0.5223,0.0096,0.2148,0.5821644946798726,,CLOSED,2026-04-02 09:23:00.000000,22859.52,Time Exit,3788.500000000022
bollinger_bands,SELL,2026-04-02 09:42:00.000000,22956.18,22950,pe,10.0,-0.5335,-0.5519,0.0093,0.2014,0.0154911733925362,,CLOSED,2026-04-02 09:48:00.000000,22904.94,Time Exit,2562.00000000008
bollinger_bands,BUY,2026-04-02 09:54:00.000000,22845.34,22850,ce,5.0,0.46,-0.5721,0.0106,0.1963,0.016921219708764493,,CLOSED,2026-04-02 10:00:00.000000,22904.11,Time Exit,2938.500000000022
bollinger_bands,SELL,2026-04-02 10:40:00.000000,22971.97,22950,pe,10.0,-0.5335,-0.5519,0.0093,0.2014,0.001478960117581789,,CLOSED,2026-04-02 10:46:00.000000,23037.93,Time Exit,-3297.9999999999563
bollinger_bands,SELL,2026-04-02 10:41:00.000000,22995.76,23000,pe,10.0,-0.5428,-0.3889,0.0096,0.2091,0.04848092755716882,,CLOSED,2026-04-02 10:47:00.000000,23054.82,Time Exit,-2953.0000000000655
bollinger_bands,SELL,2026-04-02 10:42:00.000000,23012.18,23000,pe,10.0,-0.5428,-0.3889,0.0096,0.2091,0.062083677674175865,,CLOSED,2026-04-02 10:48:00.000000,23052.39,Time Exit,-2010.4999999999563
bollinger_bands,SELL,2026-04-02 10:43:00.000000,23033.13,23050,pe,10.0,-0.4792,-0.5086,0.0117,0.2132,0.07229820357434873,,CLOSED,2026-04-02 10:49:00.000000,23072.25,Time Exit,-1955.999999999949
bollinger_bands,SELL,2026-04-02 10:44:00.000000,23047.12,23050,pe,10.0,-0.4792,-0.5086,0.0117,0.2132,0.05110235533865751,,CLOSED,2026-04-02 10:50:00.000000,23074.76,Time Exit,-1381.999999999971
bollinger_bands,SELL,2026-04-02 10:45:00.000000,23058.08,23050,pe,10.0,-0.4792,-0.5086,0.0117,0.2132,0.018939886508735643,,CLOSED,2026-04-02 10:51:00.000000,23077.22,Time Exit,-956.9999999999709
bollinger_bands,SELL,2026-04-02 11:01:00.000000,23151.39,23150,pe,10.0,-0.4496,-0.5116,0.0107,0.2237,0.10101003187750343,,CLOSED,2026-04-02 11:07:00.000000,23183.83,Time Exit,-1622.0000000001164
bollinger_bands,SELL,2026-04-02 11:02:00.000000,23150.0,23150,pe,10.0,-0.4496,-0.5116,0.0107,0.2237,0.046497661422982464,,CLOSED,2026-04-02 11:08:00.000000,23173.83,Time Exit,-1191.5000000000873
bollinger_bands,SELL,2026-04-02 11:04:00.000000,23171.59,23150,pe,10.0,-0.4496,-0.5116,0.0107,0.2237,0.03563715756520506,,CLOSED,2026-04-02 11:10:00.000000,23177.98,Time Exit,-319.4999999999709
bollinger_bands,SELL,2026-04-02 11:05:00.000000,23190.44,23200,pe,10.0,-0.5073,-0.5043,0.0093,0.1853,0.038635068646132205,,CLOSED,2026-04-02 11:11:00.000000,23189.93,Time Exit,25.499999999919964
bollinger_bands,SELL,2026-04-02 11:34:00.000000,23247.93,23250,pe,10.0,-0.4141,-0.4268,0.009,0.2097,0.01340383381632234,,CLOSED,2026-04-02 11:40:00.000000,23268.85,Time Exit,-1045.9999999999127
bollinger_bands,SELL,2026-04-02 11:36:00.000000,23271.55,23250,pe,10.0,-0.4141,-0.4268,0.009,0.2097,0.03818148902481434,,CLOSED,2026-04-02 11:42:00.000000,23362.0,Time Exit,-4522.500000000036
bollinger_bands,SELL,2026-04-02 11:41:00.000000,23336.37,23350,pe,14.68,-0.5691,-0.5012,0.0099,0.1943,0.12031662117978628,,CLOSED,2026-04-02 11:47:00.000000,23344.37,Time Exit,-400.0
bollinger_bands,SELL,2026-04-02 11:42:00.000000,23362.0,23350,pe,14.68,-0.5691,-0.5012,0.0099,0.1943,0.11494666030988931,,CLOSED,2026-04-02 11:48:00.000000,23350.48,Time Exit,576.0000000000218
bollinger_bands,SELL,2026-04-02 12:04:00.000000,23401.53,23400,pe,18.67,-0.5113,-0.5347,0.0101,0.176,0.06354566514580079,,CLOSED,2026-04-02 12:10:00.000000,23399.15,Time Exit,118.99999999986903
bollinger_bands,SELL,2026-04-02 12:05:00.000000,23402.71,23400,pe,18.67,-0.5113,-0.5347,0.0101,0.176,0.025659184669727823,,CLOSED,2026-04-02 12:11:00.000000,23359.65,Time Exit,2152.9999999998836
bollinger_bands,SELL,2026-04-02 12:22:00.000000,23457.37,23450,pe,12.11,-0.5202,-0.4949,0.0115,0.1963,0.043010289058768,,CLOSED,2026-04-02 12:28:00.000000,23436.76,Time Exit,1030.500000000029
bollinger_bands,SELL,2026-04-02 12:24:00.000000,23465.22,23450,pe,12.11,-0.5202,-0.4949,0.0115,0.1963,0.009161683340203508,,CLOSED,2026-04-02 12:30:00.000000,23468.46,Time Exit,-161.99999999989814
bollinger_bands,SELL,2026-04-02 12:38:00.000000,23519.14,23500,pe,25.12,-0.4779,-0.4749,0.0115,0.2303,0.006313756066692802,,CLOSED,2026-04-02 12:44:00.000000,23574.42,Time Exit,-2763.999999999942
bollinger_bands,SELL,2026-04-02 12:39:00.000000,23526.71,23550,pe,10.0,-0.4594,-0.3765,0.0091,0.2329,0.003415479489237488,,CLOSED,2026-04-02 12:45:00.000000,23582.57,Time Exit,-2793.000000000029
bollinger_bands,SELL,2026-04-02 12:44:00.000000,23574.42,23550,pe,10.0,-0.4594,-0.3765,0.0091,0.2329,0.019516788273394852,,CLOSED,2026-04-02 12:50:00.000000,23624.97,Time Exit,-2527.5000000001455
bollinger_bands,SELL,2026-04-02 13:08:00.000000,23681.41,23700,pe,28.11,-0.49,-0.4562,0.0095,0.2271,0.04700073484835918,,CLOSED,2026-04-02 13:14:00.000000,23834.55,Time Exit,-7656.999999999971
bollinger_bands,SELL,2026-04-02 13:09:00.000000,23711.58,23700,pe,28.11,-0.49,-0.4562,0.0095,0.2271,0.10038323208212797,,CLOSED,2026-04-02 13:15:00.000000,23826.03,Time Exit,-5722.4999999998545
bollinger_bands,SELL,2026-04-02 13:10:00.000000,23734.57,23750,pe,28.54,-0.5996,-0.5608,0.0112,0.2151,0.1109039569904352,,CLOSED,2026-04-02 13:16:00.000000,23822.95,Time Exit,-4419.000000000051
bollinger_bands,SELL,2026-04-02 13:11:00.000000,23738.69,23750,pe,28.54,-0.5996,-0.5608,0.0112,0.2151,0.05638738844345822,,CLOSED,2026-04-02 13:17:00.000000,23784.22,Time Exit,-2276.5000000001237
bollinger_bands,SELL,2026-04-02 13:12:00.000000,23769.33,23750,pe,28.54,-0.5996,-0.5608,0.0112,0.2151,0.09000627945673527,,CLOSED,2026-04-02 13:18:00.000000,23803.38,Time Exit,-1702.4999999999636
bollinger_bands,SELL,2026-04-02 13:13:00.000000,23795.64,23800,pe,28.31,-0.494,-0.4574,0.0108,0.2369,0.0951863930759878,,CLOSED,2026-04-02 13:19:00.000000,23811.11,Time Exit,-773.5000000000582
bollinger_bands,SELL,2026-04-02 13:14:00.000000,23834.55,23800,pe,28.31,-0.494,-0.4574,0.0108,0.2369,0.12209972129807159,,CLOSED,2026-04-02 13:20:00.000000,23825.7,Time Exit,442.49999999992724
bollinger_bands,BUY,2026-04-03 09:15:00.000000,22584.35,22600,ce,10.0,0.5529,-0.5208,0.0093,0.2046,0.85,,CLOSED,2026-04-03 09:21:00.000000,22679.29,Time Exit,4747.000000000116
bollinger_bands,BUY,2026-04-03 09:16:00.000000,22607.27,22600,ce,10.0,0.5529,-0.5208,0.0093,0.2046,0.85,,CLOSED,2026-04-03 09:22:00.000000,22688.53,Time Exit,4062.99999999992
bollinger_bands,BUY,2026-04-03 09:17:00.000000,22639.41,22650,ce,10.0,0.5085,-0.5558,0.0101,0.1945,0.85,,CLOSED,2026-04-03 09:23:00.000000,22700.26,Time Exit,3042.4999999999272
bollinger_bands,BUY,2026-04-03 10:01:00.000000,22656.17,22650,ce,10.0,0.5085,-0.5558,0.0101,0.1945,0.012887295082323898,,CLOSED,2026-04-03 10:07:00.000000,22626.47,Time Exit,-1484.9999999998545
bollinger_bands,BUY,2026-04-03 10:02:00.000000,22637.67,22650,ce,10.0,0.5085,-0.5558,0.0101,0.1945,0.04843340098078232,,CLOSED,2026-04-03 10:08:00.000000,22597.83,Time Exit,-1991.9999999998254
bollinger_bands,BUY,2026-04-03 10:06:00.000000,22632.27,22650,ce,10.0,0.5085,-0.5558,0.0101,0.1945,0.015014582218446343,,CLOSED,2026-04-03 10:12:00.000000,22665.76,Time Exit,1674.4999999998981
bollinger_bands,BUY,2026-04-03 10:07:00.000000,22626.47,22650,ce,10.0,0.5085,-0.5558,0.0101,0.1945,0.006095115483291117,,CLOSED,2026-04-03 10:13:00.000000,22698.94,Time Exit,3623.4999999998763
bollinger_bands,BUY,2026-04-03 10:08:00.000000,22597.83,22600,ce,10.0,0.5529,-0.5208,0.0093,0.2046,0.06633222019741959,,CLOSED,2026-04-03 10:14:00.000000,22701.32,Time Exit,5174.499999999898
bollinger_bands,SELL,2026-04-03 10:28:00.000000,22729.59,22750,pe,7.41,-0.4085,-0.4956,0.0092,0.1822,0.010210847071018292,,CLOSED,2026-04-03 10:34:00.000000,22725.95,Time Exit,181.9999999999709
bollinger_bands,SELL,2026-04-03 10:29:00.000000,22740.15,22750,pe,7.41,-0.4085,-0.4956,0.0092,0.1822,0.016575155131321965,,CLOSED,2026-04-03 10:35:00.000000,22722.56,Time Exit,879.5000000000073
bollinger_bands,SELL,2026-04-03 10:30:00.000000,22753.18,22750,pe,7.41,-0.4085,-0.4956,0.0092,0.1822,0.028883612393829923,,CLOSED,2026-04-03 10:36:00.000000,22729.74,Time Exit,1171.9999999999345
bollinger_bands,SELL,2026-04-03 10:42:00.000000,22830.07,22850,pe,10.0,-0.4481,-0.4988,0.0106,0.1963,0.05806059117173066,,CLOSED,2026-04-03 10:48:00.000000,22891.94,Time Exit,-3093.499999999949
bollinger_bands,SELL,2026-04-03 10:43:00.000000,22843.8,22850,pe,10.0,-0.4481,-0.4988,0.0106,0.1963,0.05364187706889281,,CLOSED,2026-04-03 10:49:00.000000,22907.75,Time Exit,-3197.5000000000364
bollinger_bands,SELL,2026-04-03 11:43:00.000000,23385.76,23400,pe,18.67,-0.5113,-0.5347,0.0101,0.176,0.04587475321418089,,CLOSED,2026-04-03 11:49:00.000000,23429.19,Time Exit,-2171.5000000000146
bollinger_bands,SELL,2026-04-03 11:46:00.000000,23438.11,23450,pe,12.11,-0.5202,-0.4949,0.0115,0.1963,0.04072680598458827,,CLOSED,2026-04-03 11:52:00.000000,23432.85,Time Exit,263.00000000010186
bollinger_bands,SELL,2026-04-03 12:00:00.000000,23533.23,23550,pe,10.0,-0.4594,-0.3765,0.0091,0.2329,0.024329903249753395,,CLOSED,2026-04-03 12:06:00.000000,23552.9,Time Exit,-983.5000000000946
bollinger_bands,SELL,2026-04-03 12:18:00.000000,23612.96,23600,pe,19.34,-0.5095,-0.5284,0.011,0.1727,0.0013626525811522975,,CLOSED,2026-04-03 12:24:00.000000,23719.34,Time Exit,-5319.000000000051
bollinger_bands,SELL,2026-04-03 12:19:00.000000,23679.16,23700,pe,28.11,-0.49,-0.4562,0.0095,0.2271,0.17026993860144163,,CLOSED,2026-04-03 12:25:00.000000,23740.24,Time Exit,-3054.0000000000873
bollinger_bands,SELL,2026-04-03 12:20:00.000000,23682.24,23700,pe,28.11,-0.49,-0.4562,0.0095,0.2271,0.08316346106945893,,CLOSED,2026-04-03 12:26:00.000000,23759.68,Time Exit,-3871.9999999999345
bollinger_bands,SELL,2026-04-03 12:23:00.000000,23717.01,23700,pe,28.11,-0.49,-0.4562,0.0095,0.2271,0.017499052314035746,,CLOSED,2026-04-03 12:29:00.000000,23806.63,Time Exit,-4481.000000000131
bollinger_bands,BUY,2026-04-06 09:15:00.000000,22928.02,22950,ce,5.0,0.4707,-0.5054,0.0093,0.2014,0.85,,CLOSED,2026-04-06 09:21:00.000000,22963.28,Time Exit,1762.99999999992
bollinger_bands,BUY,2026-04-06 09:16:00.000000,22942.89,22950,ce,5.0,0.4707,-0.5054,0.0093,0.2014,0.85,,CLOSED,2026-04-06 09:22:00.000000,22983.46,Time Exit,2028.4999999999854
bollinger_bands,BUY,2026-04-06 09:17:00.000000,22961.54,22950,ce,5.0,0.4707,-0.5054,0.0093,0.2014,0.85,,CLOSED,2026-04-06 09:23:00.000000,23023.27,Time Exit,3086.499999999978
bollinger_bands,SELL,2026-04-06 09:39:00.000000,23040.81,23050,pe,10.0,-0.4792,-0.5086,0.0117,0.2132,0.001029296455278219,,CLOSED,2026-04-06 09:45:00.000000,23032.98,Time Exit,391.5000000000873
bollinger_bands,SELL,2026-04-06 09:47:00.000000,23066.07,23050,pe,10.0,-0.4792,-0.5086,0.0117,0.2132,0.014685896408295136,,CLOSED,2026-04-06 09:53:00.000000,23149.36,Time Exit,-4164.500000000044
bollinger_bands,SELL,2026-04-06 09:48:00.000000,23087.64,23100,pe,10.0,-0.4436,-0.5271,0.0098,0.1906,0.04972712841726283,,CLOSED,2026-04-06 09:54:00.000000,23174.66,Time Exit,-4351.000000000022
bollinger_bands,SELL,2026-04-06 09:49:00.000000,23102.93,23100,pe,10.0,-0.4436,-0.5271,0.0098,0.1906,0.054505445076905794,,CLOSED,2026-04-06 09:55:00.000000,23162.8,Time Exit,-2993.499999999949
bollinger_bands,SELL,2026-04-06 09:50:00.000000,23142.96,23150,pe,10.0,-0.4496,-0.5116,0.0107,0.2237,0.1209241491384569,,CLOSED,2026-04-06 09:56:00.000000,23161.3,Time Exit,-917.0000000000073
bollinger_bands,SELL,2026-04-06 09:54:00.000000,23174.66,23150,pe,10.0,-0.4496,-0.5116,0.0107,0.2237,0.013187413218200628,,CLOSED,2026-04-06 10:00:00.000000,23193.04,Time Exit,-919.0000000000509
bollinger_bands,SELL,2026-04-06 10:02:00.000000,23292.65,23300,pe,10.0,-0.5043,-0.4737,0.0106,0.1986,0.06607776714744928,,CLOSED,2026-04-06 10:08:00.000000,23293.4,Time Exit,-37.5
bollinger_bands,SELL,2026-04-06 10:21:00.000000,23391.23,23400,pe,18.67,-0.5113,-0.5347,0.0101,0.176,0.09354635967255201,,CLOSED,2026-04-06 10:27:00.000000,23353.26,Time Exit,1898.5000000000582
bollinger_bands,SELL,2026-04-06 10:22:00.000000,23391.31,23400,pe,18.67,-0.5113,-0.5347,0.0101,0.176,0.032275222051279605,,CLOSED,2026-04-06 10:28:00.000000,23316.39,Time Exit,3746.0000000000946
bollinger_bands,SELL,2026-04-06 11:01:00.000000,23439.96,23450,pe,12.11,-0.5202,-0.4949,0.0115,0.1963,0.07121041072098153,,CLOSED,2026-04-06 11:07:00.000000,23478.99,Time Exit,-1951.5000000001237
bollinger_bands,SELL,2026-04-06 11:02:00.000000,23448.17,23450,pe,12.11,-0.5202,-0.4949,0.0115,0.1963,0.050737804245139836,,CLOSED,2026-04-06 11:08:00.000000,23480.09,Time Exit,-1596.0000000000946
bollinger_bands,SELL,2026-04-06 11:03:00.000000,23486.97,23500,pe,25.12,-0.4779,-0.4749,0.0115,0.2303,0.11818619016209439,,CLOSED,2026-04-06 11:09:00.000000,23487.15,Time Exit,-9.000000000014552
bollinger_bands,SELL,2026-04-06 11:29:00.000000,23530.93,23550,pe,10.0,-0.4594,-0.3765,0.0091,0.2329,0.01811964287948561,,CLOSED,2026-04-06 11:35:00.000000,23509.98,Time Exit,1047.5000000000364
bollinger_bands,SELL,2026-04-06 11:31:00.000000,23550.15,23550,pe,10.0,-0.4594,-0.3765,0.0091,0.2329,0.008574831002719947,,CLOSED,2026-04-06 11:37:00.000000,23496.05,Time Exit,2705.000000000109
bollinger_bands,BUY,2026-04-06 11:53:00.000000,23397.02,23400,ce,9.0,0.4362,-0.4861,0.0101,0.176,0.007965428727535901,,CLOSED,2026-04-06 11:59:00.000000,23470.92,Time Exit,3694.999999999891
bollinger_bands,SELL,2026-04-06 12:07:00.000000,23511.92,23500,pe,25.12,-0.4779,-0.4749,0.0115,0.2303,0.005329922819364761,,CLOSED,2026-04-06 12:13:00.000000,23525.44,Time Exit,-676.0000000000218
bollinger_bands,SELL,2026-04-06 12:08:00.000000,23529.72,23550,pe,10.0,-0.4594,-0.3765,0.0091,0.2329,0.026887927615154582,,CLOSED,2026-04-06 12:14:00.000000,23523.25,Time Exit,323.5000000000582
bollinger_bands,SELL,2026-04-06 12:09:00.000000,23549.03,23550,pe,10.0,-0.4594,-0.3765,0.0091,0.2329,0.03889133513093574,,CLOSED,2026-04-06 12:15:00.000000,23516.7,Time Exit,1616.4999999999054
bollinger_bands,SELL,2026-04-06 12:10:00.000000,23563.75,23550,pe,10.0,-0.4594,-0.3765,0.0091,0.2329,0.027373627612089352,,CLOSED,2026-04-06 12:16:00.000000,23539.06,Time Exit,1234.4999999999345
bollinger_bands,SELL,2026-04-06 12:43:00.000000,23604.94,23600,pe,19.34,-0.5095,-0.5284,0.011,0.1727,0.08095354024922691,,CLOSED,2026-04-06 12:49:00.000000,23628.55,Time Exit,-1180.500000000029
bollinger_bands,SELL,2026-04-06 12:44:00.000000,23638.18,23650,pe,23.06,-0.5576,-0.5072,0.0099,0.2216,0.12928993459868954,,CLOSED,2026-04-06 12:50:00.000000,23649.08,Time Exit,-545.0000000000728
bollinger_bands,SELL,2026-04-06 12:45:00.000000,23626.04,23650,pe,23.06,-0.5576,-0.5072,0.0099,0.2216,0.02111124631215138,,CLOSED,2026-04-06 12:51:00.000000,23655.79,Time Exit,-1487.5
bollinger_bands,SELL,2026-04-06 12:53:00.000000,23720.24,23700,pe,28.11,-0.49,-0.4562,0.0095,0.2271,0.022497616178742318,,CLOSED,2026-04-06 12:59:00.000000,23796.95,Time Exit,-3835.4999999999563
bollinger_bands,SELL,2026-04-06 13:18:00.000000,23861.41,23800,pe,28.31,-0.494,-0.4574,0.0108,0.2369,0.06843489044320511,,CLOSED,2026-04-06 13:24:00.000000,23825.19,Time Exit,1811.0000000000582
stochastic_oscillator,SELL,2026-03-27 09:54:07.140822,23561.75,23550,pe,10.0,-0.4594,-0.3765,0.0091,0.2329,0.19985377601928747,,CLOSED,2026-03-27 10:00:07.140822,23590.39,Time Exit,-1431.999999999971
stochastic_oscillator,SELL,2026-03-27 10:42:07.140822,23823.82,23800,pe,28.31,-0.494,-0.4574,0.0108,0.2369,0.6120727722335119,,CLOSED,2026-03-27 10:48:07.140822,23870.52,Time Exit,-2335.0000000000364
stochastic_oscillator,BUY,2026-03-30 09:18:00.000000,23086.34,23100,ce,5.0,0.5573,-0.5358,0.0098,0.1906,0.8,,CLOSED,2026-03-30 09:24:00.000000,23124.23,Time Exit,1894.499999999971
stochastic_oscillator,BUY,2026-03-30 09:24:00.000000,23124.23,23100,ce,5.0,0.5573,-0.5358,0.0098,0.1906,0.7070753748202951,,CLOSED,2026-03-30 09:30:00.000000,23117.11,Time Exit,-355.99999999994907
stochastic_oscillator,SELL,2026-03-30 09:45:00.000000,23246.91,23250,pe,10.0,-0.4141,-0.4268,0.009,0.2097,0.12725583215143743,,CLOSED,2026-03-30 09:51:00.000000,23285.02,Time Exit,-1905.500000000029
stochastic_oscillator,SELL,2026-03-30 10:06:00.000000,23456.93,23450,pe,12.11,-0.5202,-0.4949,0.0115,0.1963,0.012639735772356175,,CLOSED,2026-03-30 10:12:00.000000,23460.1,Time Exit,-158.4999999999127
stochastic_oscillator,SELL,2026-03-30 11:31:00.000000,23704.82,23700,pe,28.11,-0.49,-0.4562,0.0095,0.2271,0.0879732739420774,,CLOSED,2026-03-30 11:37:00.000000,23727.16,Time Exit,-1117.0000000000073
stochastic_oscillator,BUY,2026-03-31 09:17:00.000000,22621.1,22600,ce,10.0,0.5529,-0.5208,0.0093,0.2046,0.8,,CLOSED,2026-03-31 09:23:00.000000,22659.91,Time Exit,1940.5000000000655
stochastic_oscillator,SELL,2026-03-31 10:18:00.000000,22975.68,23000,pe,10.0,-0.5428,-0.3889,0.0096,0.2091,0.413011695906431,,CLOSED,2026-03-31 10:24:00.000000,22960.18,Time Exit,775.0
stochastic_oscillator,SELL,2026-03-31 10:34:00.000000,23023.42,23000,pe,10.0,-0.5428,-0.3889,0.0096,0.2091,0.14620424912294397,,CLOSED,2026-03-31 10:40:00.000000,23167.9,Time Exit,-7224.00000000016
stochastic_oscillator,SELL,2026-03-31 10:36:00.000000,23062.76,23050,pe,10.0,-0.4792,-0.5086,0.0117,0.2132,0.20109980470756383,,CLOSED,2026-03-31 10:42:00.000000,23191.23,Time Exit,-6423.500000000058
stochastic_oscillator,BUY,2026-03-31 11:04:00.000000,23140.05,23150,ce,5.0,0.4874,-0.4762,0.0107,0.2237,0.15291622481444983,,CLOSED,2026-03-31 11:10:00.000000,23160.92,Time Exit,1043.499999999949
stochastic_oscillator,BUY,2026-03-31 11:09:00.000000,23133.25,23150,ce,5.0,0.4874,-0.4762,0.0107,0.2237,0.21727457878171696,,CLOSED,2026-03-31 11:15:00.000000,23204.03,Time Exit,3538.999999999942
stochastic_oscillator,SELL,2026-03-31 12:44:00.000000,23477.19,23500,pe,25.12,-0.4779,-0.4749,0.0115,0.2303,0.09640315820251288,,CLOSED,2026-03-31 12:50:00.000000,23493.56,Time Exit,-818.500000000131
stochastic_oscillator,SELL,2026-03-31 12:49:00.000000,23506.97,23500,pe,25.12,-0.4779,-0.4749,0.0115,0.2303,0.40839694656492254,,CLOSED,2026-03-31 12:55:00.000000,23561.27,Time Exit,-2714.9999999999636
stochastic_oscillator,SELL,2026-03-31 13:07:00.000000,23735.9,23750,pe,28.54,-0.5996,-0.5608,0.0112,0.2151,0.6014768700950434,,CLOSED,2026-03-31 13:13:00.000000,23731.65,Time Exit,212.5
stochastic_oscillator,SELL,2026-03-31 13:11:00.000000,23756.91,23750,pe,28.54,-0.5996,-0.5608,0.0112,0.2151,0.23533578917539016,,CLOSED,2026-03-31 13:17:00.000000,23746.9,Time Exit,500.49999999991996
stochastic_oscillator,BUY,2026-04-01 09:18:00.000000,22780.08,22800,ce,10.0,0.4956,-0.5223,0.0096,0.2148,0.6902189643053245,,CLOSED,2026-04-01 09:24:00.000000,22778.24,Time Exit,-92.00000000000728
stochastic_oscillator,BUY,2026-04-01 09:21:00.000000,22772.26,22750,ce,10.0,0.5455,-0.5909,0.0092,0.1822,0.7133144710183889,,CLOSED,2026-04-01 09:27:00.000000,22790.88,Time Exit,931.000000000131
stochastic_oscillator,BUY,2026-04-01 09:24:00.000000,22778.24,22800,ce,10.0,0.4956,-0.5223,0.0096,0.2148,0.6956532011789848,,CLOSED,2026-04-01 09:30:00.000000,22823.95,Time Exit,2285.4999999999563
stochastic_oscillator,SELL,2026-04-01 11:11:00.000000,23012.88,23000,pe,10.0,-0.5428,-0.3889,0.0096,0.2091,0.09011602547330924,,CLOSED,2026-04-01 11:17:00.000000,23005.67,Time Exit,360.50000000013824
stochastic_oscillator,SELL,2026-04-01 11:39:00.000000,23101.42,23100,pe,10.0,-0.4436,-0.5271,0.0098,0.1906,0.019607843137180937,,CLOSED,2026-04-01 11:45:00.000000,23156.31,Time Exit,-2744.500000000153
stochastic_oscillator,SELL,2026-04-01 14:34:00.000000,23836.99,23800,pe,28.31,-0.494,-0.4574,0.0108,0.2369,0.26947791164663926,,CLOSED,2026-04-01 14:40:00.000000,23947.78,Time Exit,-5539.499999999862
stochastic_oscillator,SELL,2026-04-01 14:36:00.000000,23865.92,23800,pe,28.31,-0.494,-0.4574,0.0108,0.2369,0.4317318247065394,,CLOSED,2026-04-01 14:42:00.000000,23960.81,Time Exit,-4744.500000000153
stochastic_oscillator,BUY,2026-04-02 09:17:00.000000,22783.75,22800,ce,10.0,0.4956,-0.5223,0.0096,0.2148,0.6652242108506321,,CLOSED,2026-04-02 09:23:00.000000,22859.52,Time Exit,3788.500000000022
stochastic_oscillator,BUY,2026-04-02 09:26:00.000000,22868.45,22850,ce,5.0,0.46,-0.5721,0.0106,0.1963,0.3545893166492481,,CLOSED,2026-04-02 09:32:00.000000,22886.34,Time Exit,894.4999999999709
stochastic_oscillator,SELL,2026-04-02 09:30:00.000000,22904.19,22900,pe,10.0,-0.4691,-0.4382,0.0096,0.2126,0.18558698178998229,,CLOSED,2026-04-02 09:36:00.000000,22912.74,Time Exit,-427.5000000001455
stochastic_oscillator,SELL,2026-04-02 10:44:00.000000,23047.12,23050,pe,10.0,-0.4792,-0.5086,0.0117,0.2132,0.17659067710102647,,CLOSED,2026-04-02 10:50:00.000000,23074.76,Time Exit,-1381.999999999971
stochastic_oscillator,SELL,2026-04-02 10:50:00.000000,23074.76,23050,pe,10.0,-0.4792,-0.5086,0.0117,0.2132,0.06358407887524749,,CLOSED,2026-04-02 10:56:00.000000,23063.53,Time Exit,561.4999999999782
stochastic_oscillator,BUY,2026-04-03 09:17:00.000000,22639.41,22650,ce,10.0,0.5085,-0.5558,0.0101,0.1945,0.8,,CLOSED,2026-04-03 09:23:00.000000,22700.26,Time Exit,3042.4999999999272
stochastic_oscillator,BUY,2026-04-03 09:27:00.000000,22674.62,22650,ce,10.0,0.5085,-0.5558,0.0101,0.1945,0.5959370539442946,,CLOSED,2026-04-03 09:33:00.000000,22636.75,Time Exit,-1893.499999999949
stochastic_oscillator,SELL,2026-04-03 10:31:00.000000,22737.32,22750,pe,7.41,-0.4085,-0.4956,0.0092,0.1822,0.09248291571753668,,CLOSED,2026-04-03 10:37:00.000000,22737.68,Time Exit,-18.000000000029104
stochastic_oscillator,SELL,2026-04-03 10:44:00.000000,22838.47,22850,pe,10.0,-0.4481,-0.4988,0.0106,0.1963,0.6160792309932951,,CLOSED,2026-04-03 10:50:00.000000,22935.49,Time Exit,-4851.000000000022
stochastic_oscillator,SELL,2026-04-03 10:52:00.000000,22935.46,22950,pe,10.0,-0.5335,-0.5519,0.0093,0.2014,0.3596983514555987,,CLOSED,2026-04-03 10:58:00.000000,23025.87,Time Exit,-4520.499999999993
stochastic_oscillator,SELL,2026-04-03 10:54:00.000000,22966.77,22950,pe,10.0,-0.5335,-0.5519,0.0093,0.2014,0.5457763095799784,,CLOSED,2026-04-03 11:00:00.000000,23047.55,Time Exit,-4038.999999999942
stochastic_oscillator,SELL,2026-04-03 11:06:00.000000,23054.77,23050,pe,10.0,-0.4792,-0.5086,0.0117,0.2132,0.08064715836396204,,CLOSED,2026-04-03 11:12:00.000000,23134.71,Time Exit,-3996.9999999999345
stochastic_oscillator,SELL,2026-04-03 11:09:00.000000,23113.15,23100,pe,10.0,-0.4436,-0.5271,0.0098,0.1906,0.20976697416172171,,CLOSED,2026-04-03 11:15:00.000000,23157.02,Time Exit,-2193.499999999949
stochastic_oscillator,SELL,2026-04-03 12:21:00.000000,23675.0,23700,pe,28.11,-0.49,-0.4562,0.0095,0.2271,0.4624285923538821,,CLOSED,2026-04-03 12:27:00.000000,23759.57,Time Exit,-4228.499999999985
stochastic_oscillator,SELL,2026-04-03 12:24:00.000000,23719.34,23700,pe,28.11,-0.49,-0.4562,0.0095,0.2271,0.20120371781200247,,CLOSED,2026-04-03 12:30:00.000000,23793.11,Time Exit,-3688.500000000022
stochastic_oscillator,SELL,2026-04-03 12:27:00.000000,23759.57,23750,pe,28.54,-0.5996,-0.5608,0.0112,0.2151,0.5965808953119606,,CLOSED,2026-04-03 12:33:00.000000,23783.86,Time Exit,-1214.5000000000437
stochastic_oscillator,BUY,2026-04-06 09:17:00.000000,22961.54,22950,ce,5.0,0.4707,-0.5054,0.0093,0.2014,0.8,,CLOSED,2026-04-06 09:23:00.000000,23023.27,Time Exit,3086.499999999978
stochastic_oscillator,BUY,2026-04-06 09:26:00.000000,22996.71,23000,ce,5.0,0.4732,-0.5163,0.0096,0.2091,0.6767772003592645,,CLOSED,2026-04-06 09:32:00.000000,22995.06,Time Exit,-82.49999999989086
stochastic_oscillator,SELL,2026-04-06 09:51:00.000000,23124.87,23100,pe,10.0,-0.4436,-0.5271,0.0098,0.1906,0.25461658183648694,,CLOSED,2026-04-06 09:57:00.000000,23152.05,Time Exit,-1359.0000000000146
stochastic_oscillator,SELL,2026-04-06 09:56:00.000000,23161.3,23150,pe,10.0,-0.4496,-0.5116,0.0107,0.2237,0.0649797364029503,,CLOSED,2026-04-06 10:02:00.000000,23292.65,Time Exit,-6567.500000000109
stochastic_oscillator,SELL,2026-04-06 10:02:00.000000,23292.65,23300,pe,10.0,-0.5043,-0.4737,0.0106,0.1986,0.6372347707050317,,CLOSED,2026-04-06 10:08:00.000000,23293.4,Time Exit,-37.5
stochastic_oscillator,SELL,2026-04-06 10:46:00.000000,23375.56,23400,pe,18.67,-0.5113,-0.5347,0.0101,0.176,0.17185452162521103,,CLOSED,2026-04-06 10:52:00.000000,23330.64,Time Exit,2246.0000000000946
adx_trend,BUY,2026-03-27 10:05:07.140822,23574.91,23550,ce,5.0,0.5088,-0.5384,0.0091,0.2329,0.75,,CLOSED,2026-03-27 10:11:07.140822,23600.34,Time Exit,1271.5000000000146
adx_trend,BUY,2026-03-27 10:06:07.140822,23605.93,23600,ce,17.23,0.4768,-0.5425,0.011,0.1727,0.75,,CLOSED,2026-03-27 10:12:07.140822,23639.22,Time Exit,1664.5000000000437
adx_trend,BUY,2026-03-27 10:07:07.140822,23603.89,23600,ce,17.23,0.4768,-0.5425,0.011,0.1727,0.75,,CLOSED,2026-03-27 10:13:07.140822,23640.98,Time Exit,1854.5000000000073
adx_trend,BUY,2026-03-27 10:08:07.140822,23635.32,23650,ce,15.08,0.5231,-0.5322,0.0099,0.2216,0.75,,CLOSED,2026-03-27 10:14:07.140822,23621.9,Time Exit,-670.9999999999127
adx_trend,BUY,2026-03-27 10:09:07.140822,23614.11,23600,ce,17.23,0.4768,-0.5425,0.011,0.1727,0.75,,CLOSED,2026-03-27 10:15:07.140822,23633.07,Time Exit,947.9999999999563
adx_trend,BUY,2026-03-27 10:10:07.140822,23617.5,23600,ce,17.23,0.4768,-0.5425,0.011,0.1727,0.75,,CLOSED,2026-03-27 10:16:07.140822,23608.93,Time Exit,-428.49999999998545
adx_trend,BUY,2026-03-27 10:11:07.140822,23600.34,23600,ce,17.23,0.4768,-0.5425,0.011,0.1727,0.75,,CLOSED,2026-03-27 10:17:07.140822,23642.26,Time Exit,2095.9999999999127
adx_trend,BUY,2026-03-27 10:12:07.140822,23639.22,23650,ce,15.08,0.5231,-0.5322,0.0099,0.2216,0.75,,CLOSED,2026-03-27 10:18:07.140822,23646.49,Time Exit,363.5000000000218
adx_trend,BUY,2026-03-27 10:13:07.140822,23640.98,23650,ce,15.08,0.5231,-0.5322,0.0099,0.2216,0.75,,CLOSED,2026-03-27 10:19:07.140822,23672.03,Time Exit,1552.4999999999636
adx_trend,BUY,2026-03-27 10:14:07.140822,23621.9,23600,ce,17.23,0.4768,-0.5425,0.011,0.1727,0.75,,CLOSED,2026-03-27 10:20:07.140822,23647.45,Time Exit,1277.4999999999636
adx_trend,BUY,2026-03-27 10:15:07.140822,23633.07,23650,ce,15.08,0.5231,-0.5322,0.0099,0.2216,0.75,,CLOSED,2026-03-27 10:21:07.140822,23638.58,Time Exit,275.50000000010186
adx_trend,BUY,2026-03-27 10:16:07.140822,23608.93,23600,ce,17.23,0.4768,-0.5425,0.011,0.1727,0.75,,CLOSED,2026-03-27 10:22:07.140822,23602.74,Time Exit,-309.4999999999345
adx_trend,BUY,2026-03-27 10:17:07.140822,23642.26,23650,ce,15.08,0.5231,-0.5322,0.0099,0.2216,0.75,,CLOSED,2026-03-27 10:23:07.140822,23585.39,Time Exit,-2843.499999999949
adx_trend,BUY,2026-03-27 10:18:07.140822,23646.49,23650,ce,15.08,0.5231,-0.5322,0.0099,0.2216,0.75,,CLOSED,2026-03-27 10:24:07.140822,23625.71,Time Exit,-1039.0000000001237
adx_trend,BUY,2026-03-27 10:19:07.140822,23672.03,23650,ce,15.08,0.5231,-0.5322,0.0099,0.2216,0.75,,CLOSED,2026-03-27 10:25:07.140822,23626.28,Time Exit,-2287.5
adx_trend,BUY,2026-03-27 10:20:07.140822,23647.45,23650,ce,15.08,0.5231,-0.5322,0.0099,0.2216,0.75,,CLOSED,2026-03-27 10:26:07.140822,23636.21,Time Exit,-562.00000000008
adx_trend,BUY,2026-03-27 10:21:07.140822,23638.58,23650,ce,15.08,0.5231,-0.5322,0.0099,0.2216,0.75,,CLOSED,2026-03-27 10:27:07.140822,23614.15,Time Exit,-1221.5000000000146
adx_trend,BUY,2026-03-27 10:22:07.140822,23602.74,23600,ce,17.23,0.4768,-0.5425,0.011,0.1727,0.75,,CLOSED,2026-03-27 10:28:07.140822,23630.27,Time Exit,1376.4999999999418
adx_trend,BUY,2026-03-27 10:23:07.140822,23585.39,23600,ce,17.23,0.4768,-0.5425,0.011,0.1727,0.75,,CLOSED,2026-03-27 10:29:07.140822,23632.53,Time Exit,2356.999999999971
adx_trend,BUY,2026-03-27 10:24:07.140822,23625.71,23650,ce,15.08,0.5231,-0.5322,0.0099,0.2216,0.75,,CLOSED,2026-03-27 10:30:07.140822,23672.85,Time Exit,2356.999999999971
adx_trend,BUY,2026-03-27 10:25:07.140822,23626.28,23650,ce,15.08,0.5231,-0.5322,0.0099,0.2216,0.75,,CLOSED,2026-03-27 10:31:07.140822,23689.54,Time Exit,3163.000000000102
adx_trend,BUY,2026-03-27 10:26:07.140822,23636.21,23650,ce,15.08,0.5231,-0.5322,0.0099,0.2216,0.75,,CLOSED,2026-03-27 10:32:07.140822,23705.21,Time Exit,3450.0
adx_trend,BUY,2026-03-27 10:27:07.140822,23614.15,23600,ce,17.23,0.4768,-0.5425,0.011,0.1727,0.75,,CLOSED,2026-03-27 10:33:07.140822,23746.85,Time Exit,6634.9999999998545
adx_trend,BUY,2026-03-27 10:28:07.140822,23630.27,23650,ce,15.08,0.5231,-0.5322,0.0099,0.2216,0.75,,CLOSED,2026-03-27 10:34:07.140822,23731.33,Time Exit,5053.0000000000655
adx_trend,BUY,2026-03-27 10:29:07.140822,23632.53,23650,ce,15.08,0.5231,-0.5322,0.0099,0.2216,0.75,,CLOSED,2026-03-27 10:35:07.140822,23762.42,Time Exit,6494.499999999971
adx_trend,BUY,2026-03-27 10:30:07.140822,23672.85,23650,ce,15.08,0.5231,-0.5322,0.0099,0.2216,0.75,,CLOSED,2026-03-27 10:36:07.140822,23786.74,Time Exit,5694.500000000153
adx_trend,BUY,2026-03-27 10:31:07.140822,23689.54,23700,ce,5.0,0.4517,-0.4641,0.0095,0.2271,0.75,,CLOSED,2026-03-27 10:37:07.140822,23786.98,Time Exit,4871.9999999999345
adx_trend,BUY,2026-03-27 10:32:07.140822,23705.21,23700,ce,5.0,0.4517,-0.4641,0.0095,0.2271,0.75,,CLOSED,2026-03-27 10:38:07.140822,23780.08,Time Exit,3743.500000000131
adx_trend,BUY,2026-03-27 10:33:07.140822,23746.85,23750,ce,10.27,0.5047,-0.5444,0.0112,0.2151,0.75,,CLOSED,2026-03-27 10:39:07.140822,23786.98,Time Exit,2006.500000000051
adx_trend,BUY,2026-03-27 10:34:07.140822,23731.33,23750,ce,10.27,0.5047,-0.5444,0.0112,0.2151,0.75,,CLOSED,2026-03-27 10:40:07.140822,23808.36,Time Exit,3851.499999999942
adx_trend,BUY,2026-03-27 10:35:07.140822,23762.42,23750,ce,10.27,0.5047,-0.5444,0.0112,0.2151,0.75,,CLOSED,2026-03-27 10:41:07.140822,23832.17,Time Exit,3487.5
adx_trend,BUY,2026-03-27 10:36:07.140822,23786.74,23800,ce,13.31,0.5644,-0.4078,0.0108,0.2369,0.75,,CLOSED,2026-03-27 10:42:07.140822,23823.82,Time Exit,1853.9999999999054
adx_trend,BUY,2026-03-27 10:37:07.140822,23786.98,23800,ce,13.31,0.5644,-0.4078,0.0108,0.2369,0.75,,CLOSED,2026-03-27 10:43:07.140822,23845.31,Time Exit,2916.5000000000873
adx_trend,BUY,2026-03-27 10:38:07.140822,23780.08,23800,ce,13.31,0.5644,-0.4078,0.0108,0.2369,0.75,,CLOSED,2026-03-27 10:44:07.140822,23836.47,Time Exit,2819.499999999971
adx_trend,BUY,2026-03-27 10:39:07.140822,23786.98,23800,ce,13.31,0.5644,-0.4078,0.0108,0.2369,0.75,,CLOSED,2026-03-27 10:45:07.140822,23862.97,Time Exit,3799.50000000008
adx_trend,BUY,2026-03-27 10:40:07.140822,23808.36,23800,ce,13.31,0.5644,-0.4078,0.0108,0.2369,0.75,,CLOSED,2026-03-27 10:46:07.140822,23870.09,Time Exit,3086.499999999978
adx_trend,BUY,2026-03-27 10:41:07.140822,23832.17,23800,ce,13.31,0.5644,-0.4078,0.0108,0.2369,0.75,,CLOSED,2026-03-27 10:47:07.140822,23857.82,Time Exit,1282.5000000000728
adx_trend,BUY,2026-03-27 10:42:07.140822,23823.82,23800,ce,13.31,0.5644,-0.4078,0.0108,0.2369,0.75,,CLOSED,2026-03-27 10:48:07.140822,23870.52,Time Exit,2335.0000000000364
adx_trend,BUY,2026-03-27 10:43:07.140822,23845.31,23800,ce,13.31,0.5644,-0.4078,0.0108,0.2369,0.75,,CLOSED,2026-03-27 10:49:07.140822,23859.45,Time Exit,706.9999999999709
adx_trend,BUY,2026-03-27 10:44:07.140822,23836.47,23800,ce,13.31,0.5644,-0.4078,0.0108,0.2369,0.75,,CLOSED,2026-03-27 10:50:07.140822,23859.7,Time Exit,1161.4999999999782
adx_trend,BUY,2026-03-27 10:45:07.140822,23862.97,23800,ce,13.31,0.5644,-0.4078,0.0108,0.2369,0.75,,CLOSED,2026-03-27 10:51:07.140822,23854.51,Time Exit,-423.00000000013824
adx_trend,BUY,2026-03-27 10:46:07.140822,23870.09,23800,ce,13.31,0.5644,-0.4078,0.0108,0.2369,0.75,,CLOSED,2026-03-27 10:52:07.140822,23839.96,Time Exit,-1506.500000000051
adx_trend,BUY,2026-03-27 10:47:07.140822,23857.82,23800,ce,13.31,0.5644,-0.4078,0.0108,0.2369,0.75,,CLOSED,2026-03-27 10:53:07.140822,23842.37,Time Exit,-772.5000000000364
adx_trend,BUY,2026-03-27 10:48:07.140822,23870.52,23800,ce,13.31,0.5644,-0.4078,0.0108,0.2369,0.75,,CLOSED,2026-03-27 10:54:07.140822,23866.18,Time Exit,-217.00000000000728
adx_trend,BUY,2026-03-27 10:49:07.140822,23859.45,23800,ce,13.31,0.5644,-0.4078,0.0108,0.2369,0.75,,CLOSED,2026-03-27 10:55:07.140822,23850.85,Time Exit,-430.00000000010914
adx_trend,BUY,2026-03-27 10:50:07.140822,23859.7,23800,ce,13.31,0.5644,-0.4078,0.0108,0.2369,0.75,,CLOSED,2026-03-27 10:56:07.140822,23839.07,Time Exit,-1031.500000000051
adx_trend,BUY,2026-03-27 10:51:07.140822,23854.51,23800,ce,13.31,0.5644,-0.4078,0.0108,0.2369,0.75,,CLOSED,2026-03-27 10:57:07.140822,23844.69,Time Exit,-490.99999999998545
adx_trend,BUY,2026-03-27 10:52:07.140822,23839.96,23800,ce,13.31,0.5644,-0.4078,0.0108,0.2369,0.75,,CLOSED,2026-03-27 10:58:07.140822,23856.59,Time Exit,831.5000000000509
adx_trend,BUY,2026-03-27 10:53:07.140822,23842.37,23800,ce,13.31,0.5644,-0.4078,0.0108,0.2369,0.75,,CLOSED,2026-03-27 10:59:07.140822,23854.71,Time Exit,617.0000000000073
adx_trend,BUY,2026-03-27 10:54:07.140822,23866.18,23800,ce,13.31,0.5644,-0.4078,0.0108,0.2369,0.75,,CLOSED,2026-03-27 11:00:07.140822,23874.76,Time Exit,428.9999999999054
adx_trend,BUY,2026-03-27 10:55:07.140822,23850.85,23800,ce,13.31,0.5644,-0.4078,0.0108,0.2369,0.75,,CLOSED,2026-03-27 11:01:07.140822,23903.74,Time Exit,2644.500000000153
adx_trend,BUY,2026-03-27 10:56:07.140822,23839.07,23800,ce,13.31,0.5644,-0.4078,0.0108,0.2369,0.75,,CLOSED,2026-03-27 11:02:07.140822,23897.74,Time Exit,2933.5000000000946
adx_trend,BUY,2026-03-27 10:57:07.140822,23844.69,23800,ce,13.31,0.5644,-0.4078,0.0108,0.2369,0.75,,CLOSED,2026-03-27 11:03:07.140822,23836.18,Time Exit,-425.49999999991996
adx_trend,BUY,2026-03-27 10:58:07.140822,23856.59,23800,ce,13.31,0.5644,-0.4078,0.0108,0.2369,0.75,,CLOSED,2026-03-27 11:04:07.140822,23839.61,Time Exit,-848.9999999999782
adx_trend,BUY,2026-03-27 10:59:07.140822,23854.71,23800,ce,13.31,0.5644,-0.4078,0.0108,0.2369,0.75,,CLOSED,2026-03-27 11:05:07.140822,23802.69,Time Exit,-2601.000000000022
adx_trend,BUY,2026-03-27 11:00:07.140822,23874.76,23800,ce,13.31,0.5644,-0.4078,0.0108,0.2369,0.75,,CLOSED,2026-03-27 11:06:07.140822,23814.36,Time Exit,-3019.999999999891
adx_trend,BUY,2026-03-27 11:03:07.140822,23836.18,23800,ce,13.31,0.5644,-0.4078,0.0108,0.2369,0.75,,CLOSED,2026-03-27 11:09:07.140822,23837.63,Time Exit,72.50000000003638
adx_trend,BUY,2026-03-27 11:04:07.140822,23839.61,23800,ce,13.31,0.5644,-0.4078,0.0108,0.2369,0.75,,CLOSED,2026-03-27 11:10:07.140822,23848.42,Time Exit,440.4999999998836
adx_trend,BUY,2026-03-27 11:05:07.140822,23802.69,23800,ce,13.31,0.5644,-0.4078,0.0108,0.2369,0.75,,CLOSED,2026-03-27 11:11:07.140822,23854.8,Time Exit,2605.500000000029
adx_trend,BUY,2026-03-27 11:06:07.140822,23814.36,23800,ce,13.31,0.5644,-0.4078,0.0108,0.2369,0.75,,CLOSED,2026-03-27 11:12:07.140822,23881.67,Time Exit,3365.4999999998836
adx_trend,BUY,2026-03-27 11:07:07.140822,23828.92,23800,ce,13.31,0.5644,-0.4078,0.0108,0.2369,0.75,,CLOSED,2026-03-27 11:13:07.140822,23883.59,Time Exit,2733.5000000000946
adx_trend,BUY,2026-03-27 11:08:07.140822,23849.81,23800,ce,13.31,0.5644,-0.4078,0.0108,0.2369,0.75,,CLOSED,2026-03-27 11:14:07.140822,23859.58,Time Exit,488.5000000000218
adx_trend,BUY,2026-03-27 11:09:07.140822,23837.63,23800,ce,13.31,0.5644,-0.4078,0.0108,0.2369,0.75,,CLOSED,2026-03-27 11:15:07.140822,23885.6,Time Exit,2398.4999999998763
adx_trend,BUY,2026-03-27 11:10:07.140822,23848.42,23800,ce,13.31,0.5644,-0.4078,0.0108,0.2369,0.75,,CLOSED,2026-03-27 11:16:07.140822,23916.74,Time Exit,3416.0000000001673
adx_trend,BUY,2026-03-27 11:11:07.140822,23854.8,23800,ce,13.31,0.5644,-0.4078,0.0108,0.2369,0.75,,CLOSED,2026-03-27 11:17:07.140822,23934.93,Time Exit,4006.500000000051
adx_trend,BUY,2026-03-27 11:14:07.140822,23859.58,23800,ce,13.31,0.5644,-0.4078,0.0108,0.2369,0.75,,CLOSED,2026-03-27 11:20:07.140822,23977.78,Time Exit,5909.9999999998545
adx_trend,SELL,2026-03-30 09:15:00.000000,23076.68,23100,pe,10.0,-0.4436,-0.5271,0.0098,0.1906,0.75,,CLOSED,2026-03-30 09:21:00.000000,23107.41,Time Exit,-1536.4999999999782
adx_trend,SELL,2026-03-30 09:16:00.000000,23081.19,23100,pe,10.0,-0.4436,-0.5271,0.0098,0.1906,0.75,,CLOSED,2026-03-30 09:22:00.000000,23117.2,Time Exit,-1800.5000000001019
adx_trend,SELL,2026-03-30 09:17:00.000000,23058.85,23050,pe,10.0,-0.4792,-0.5086,0.0117,0.2132,0.75,,CLOSED,2026-03-30 09:23:00.000000,23097.63,Time Exit,-1939.0000000001237
adx_trend,SELL,2026-03-30 09:18:00.000000,23086.34,23100,pe,10.0,-0.4436,-0.5271,0.0098,0.1906,0.75,,CLOSED,2026-03-30 09:24:00.000000,23124.23,Time Exit,-1894.499999999971
adx_trend,SELL,2026-03-30 09:19:00.000000,23076.77,23100,pe,10.0,-0.4436,-0.5271,0.0098,0.1906,0.75,,CLOSED,2026-03-30 09:25:00.000000,23129.33,Time Exit,-2628.0000000000655
adx_trend,SELL,2026-03-30 09:20:00.000000,23093.39,23100,pe,10.0,-0.4436,-0.5271,0.0098,0.1906,0.75,,CLOSED,2026-03-30 09:26:00.000000,23154.5,Time Exit,-3055.500000000029
adx_trend,SELL,2026-03-30 09:21:00.000000,23107.41,23100,pe,10.0,-0.4436,-0.5271,0.0098,0.1906,0.75,,CLOSED,2026-03-30 09:27:00.000000,23122.23,Time Exit,-740.9999999999854
adx_trend,SELL,2026-03-30 09:22:00.000000,23117.2,23100,pe,10.0,-0.4436,-0.5271,0.0098,0.1906,0.75,,CLOSED,2026-03-30 09:28:00.000000,23125.06,Time Exit,-393.0000000000291
adx_trend,SELL,2026-03-30 09:23:00.000000,23097.63,23100,pe,10.0,-0.4436,-0.5271,0.0098,0.1906,0.75,,CLOSED,2026-03-30 09:29:00.000000,23124.11,Time Exit,-1323.9999999999782
adx_trend,SELL,2026-03-30 09:24:00.000000,23124.23,23100,pe,10.0,-0.4436,-0.5271,0.0098,0.1906,0.75,,CLOSED,2026-03-30 09:30:00.000000,23117.11,Time Exit,355.99999999994907
adx_trend,SELL,2026-03-30 09:25:00.000000,23129.33,23150,pe,10.0,-0.4496,-0.5116,0.0107,0.2237,0.75,,CLOSED,2026-03-30 09:31:00.000000,23130.35,Time Exit,-50.99999999983993
adx_trend,SELL,2026-03-30 09:26:00.000000,23154.5,23150,pe,10.0,-0.4496,-0.5116,0.0107,0.2237,0.75,,CLOSED,2026-03-30 09:32:00.000000,23140.17,Time Exit,716.5000000000873
adx_trend,SELL,2026-03-30 09:27:00.000000,23122.23,23100,pe,10.0,-0.4436,-0.5271,0.0098,0.1906,0.75,,CLOSED,2026-03-30 09:33:00.000000,23170.13,Time Exit,-2395.0000000000728
adx_trend,SELL,2026-03-30 09:28:00.000000,23125.06,23150,pe,10.0,-0.4496,-0.5116,0.0107,0.2237,0.75,,CLOSED,2026-03-30 09:34:00.000000,23171.52,Time Exit,-2322.9999999999563
adx_trend,SELL,2026-03-30 09:29:00.000000,23124.11,23100,pe,10.0,-0.4436,-0.5271,0.0098,0.1906,0.75,,CLOSED,2026-03-30 09:35:00.000000,23174.67,Time Exit,-2527.9999999998836
adx_trend,SELL,2026-03-30 09:30:00.000000,23117.11,23100,pe,10.0,-0.4436,-0.5271,0.0098,0.1906,0.75,,CLOSED,2026-03-30 09:36:00.000000,23169.99,Time Exit,-2644.000000000051
adx_trend,SELL,2026-03-30 09:31:00.000000,23130.35,23150,pe,10.0,-0.4496,-0.5116,0.0107,0.2237,0.75,,CLOSED,2026-03-30 09:37:00.000000,23185.25,Time Exit,-2745.0000000000728
adx_trend,SELL,2026-03-30 09:32:00.000000,23140.17,23150,pe,10.0,-0.4496,-0.5116,0.0107,0.2237,0.75,,CLOSED,2026-03-30 09:38:00.000000,23209.79,Time Exit,-3481.000000000131
adx_trend,SELL,2026-03-30 09:33:00.000000,23170.13,23150,pe,10.0,-0.4496,-0.5116,0.0107,0.2237,0.75,,CLOSED,2026-03-30 09:39:00.000000,23201.55,Time Exit,-1570.9999999999127
adx_trend,SELL,2026-03-30 09:34:00.000000,23171.52,23150,pe,10.0,-0.4496,-0.5116,0.0107,0.2237,0.75,,CLOSED,2026-03-30 09:40:00.000000,23195.47,Time Exit,-1197.5000000000364
adx_trend,SELL,2026-03-30 09:35:00.000000,23174.67,23150,pe,10.0,-0.4496,-0.5116,0.0107,0.2237,0.75,,CLOSED,2026-03-30 09:41:00.000000,23180.02,Time Exit,-267.50000000010914
adx_trend,SELL,2026-03-30 09:36:00.000000,23169.99,23150,pe,10.0,-0.4496,-0.5116,0.0107,0.2237,0.75,,CLOSED,2026-03-30 09:42:00.000000,23204.36,Time Exit,-1718.499999999949
adx_trend,SELL,2026-03-30 09:37:00.000000,23185.25,23200,pe,10.0,-0.5073,-0.5043,0.0093,0.1853,0.75,,CLOSED,2026-03-30 09:43:00.000000,23237.24,Time Exit,-2599.50000000008
adx_trend,SELL,2026-03-30 09:38:00.000000,23209.79,23200,pe,10.0,-0.5073,-0.5043,0.0093,0.1853,0.75,,CLOSED,2026-03-30 09:44:00.000000,23227.4,Time Exit,-880.5000000000291
adx_trend,SELL,2026-03-30 09:39:00.000000,23201.55,23200,pe,10.0,-0.5073,-0.5043,0.0093,0.1853,0.75,,CLOSED,2026-03-30 09:45:00.000000,23246.91,Time Exit,-2268.000000000029
adx_trend,SELL,2026-03-30 09:40:00.000000,23195.47,23200,pe,10.0,-0.5073,-0.5043,0.0093,0.1853,0.75,,CLOSED,2026-03-30 09:46:00.000000,23242.97,Time Exit,-2375.0
adx_trend,SELL,2026-03-30 09:41:00.000000,23180.02,23200,pe,10.0,-0.5073,-0.5043,0.0093,0.1853,0.75,,CLOSED,2026-03-30 09:47:00.000000,23235.46,Time Exit,-2771.9999999999345
adx_trend,SELL,2026-03-30 09:42:00.000000,23204.36,23200,pe,10.0,-0.5073,-0.5043,0.0093,0.1853,0.75,,CLOSED,2026-03-30 09:48:00.000000,23270.31,Time Exit,-3297.5000000000364
adx_trend,SELL,2026-03-30 09:43:00.000000,23237.24,23250,pe,10.0,-0.4141,-0.4268,0.009,0.2097,0.75,,CLOSED,2026-03-30 09:49:00.000000,23264.72,Time Exit,-1373.9999999999782
adx_trend,SELL,2026-03-30 09:44:00.000000,23227.4,23250,pe,10.0,-0.4141,-0.4268,0.009,0.2097,0.75,,CLOSED,2026-03-30 09:50:00.000000,23288.1,Time Exit,-3034.9999999998545
adx_trend,SELL,2026-03-30 09:45:00.000000,23246.91,23250,pe,10.0,-0.4141,-0.4268,0.009,0.2097,0.75,,CLOSED,2026-03-30 09:51:00.000000,23285.02,Time Exit,-1905.500000000029
adx_trend,SELL,2026-03-30 09:46:00.000000,23242.97,23250,pe,10.0,-0.4141,-0.4268,0.009,0.2097,0.75,,CLOSED,2026-03-30 09:52:00.000000,23290.84,Time Exit,-2393.499999999949
adx_trend,SELL,2026-03-30 09:47:00.000000,23235.46,23250,pe,10.0,-0.4141,-0.4268,0.009,0.2097,0.75,,CLOSED,2026-03-30 09:53:00.000000,23303.87,Time Exit,-3420.4999999999927
adx_trend,SELL,2026-03-30 09:48:00.000000,23270.31,23250,pe,10.0,-0.4141,-0.4268,0.009,0.2097,0.75,,CLOSED,2026-03-30 09:54:00.000000,23301.16,Time Exit,-1542.4999999999272
adx_trend,SELL,2026-03-30 09:49:00.000000,23264.72,23250,pe,10.0,-0.4141,-0.4268,0.009,0.2097,0.75,,CLOSED,2026-03-30 09:55:00.000000,23310.46,Time Exit,-2286.999999999898
adx_trend,SELL,2026-03-30 09:50:00.000000,23288.1,23300,pe,10.0,-0.5043,-0.4737,0.0106,0.1986,0.75,,CLOSED,2026-03-30 09:56:00.000000,23297.94,Time Exit,-492.0000000000073
adx_trend,SELL,2026-03-30 09:51:00.000000,23285.02,23300,pe,10.0,-0.5043,-0.4737,0.0106,0.1986,0.75,,CLOSED,2026-03-30 09:57:00.000000,23310.18,Time Exit,-1257.9999999999927
adx_trend,SELL,2026-03-30 09:52:00.000000,23290.84,23300,pe,10.0,-0.5043,-0.4737,0.0106,0.1986,0.75,,CLOSED,2026-03-30 09:58:00.000000,23312.42,Time Exit,-1078.9999999999054
adx_trend,SELL,2026-03-30 09:53:00.000000,23303.87,23300,pe,10.0,-0.5043,-0.4737,0.0106,0.1986,0.75,,CLOSED,2026-03-30 09:59:00.000000,23321.51,Time Exit,-881.9999999999709
adx_trend,SELL,2026-03-30 09:54:00.000000,23301.16,23300,pe,10.0,-0.5043,-0.4737,0.0106,0.1986,0.75,,CLOSED,2026-03-30 10:00:00.000000,23347.24,Time Exit,-2304.0000000000873
adx_trend,SELL,2026-03-30 09:55:00.000000,23310.46,23300,pe,10.0,-0.5043,-0.4737,0.0106,0.1986,0.75,,CLOSED,2026-03-30 10:01:00.000000,23339.2,Time Exit,-1437.00000000008
adx_trend,SELL,2026-03-30 09:56:00.000000,23297.94,23300,pe,10.0,-0.5043,-0.4737,0.0106,0.1986,0.75,,CLOSED,2026-03-30 10:02:00.000000,23362.38,Time Exit,-3222.0000000001164
adx_trend,SELL,2026-03-30 09:57:00.000000,23310.18,23300,pe,10.0,-0.5043,-0.4737,0.0106,0.1986,0.75,,CLOSED,2026-03-30 10:03:00.000000,23372.39,Time Exit,-3110.4999999999563
adx_trend,SELL,2026-03-30 09:58:00.000000,23312.42,23300,pe,10.0,-0.5043,-0.4737,0.0106,0.1986,0.75,,CLOSED,2026-03-30 10:04:00.000000,23402.43,Time Exit,-4500.500000000102
adx_trend,SELL,2026-03-30 09:59:00.000000,23321.51,23300,pe,10.0,-0.5043,-0.4737,0.0106,0.1986,0.75,,CLOSED,2026-03-30 10:05:00.000000,23412.88,Time Exit,-4568.500000000131
adx_trend,SELL,2026-03-30 10:00:00.000000,23347.24,23350,pe,14.68,-0.5691,-0.5012,0.0099,0.1943,0.75,,CLOSED,2026-03-30 10:06:00.000000,23456.93,Time Exit,-5484.4999999999345
adx_trend,BUY,2026-03-30 10:01:00.000000,23339.2,23350,ce,14.16,0.5057,-0.497,0.0099,0.1943,0.75,,CLOSED,2026-03-30 10:07:00.000000,23464.66,Time Exit,6272.999999999956
adx_trend,BUY,2026-03-30 10:02:00.000000,23362.38,23350,ce,14.16,0.5057,-0.497,0.0099,0.1943,0.75,,CLOSED,2026-03-30 10:08:00.000000,23461.55,Time Exit,4958.499999999913
adx_trend,BUY,2026-03-30 10:03:00.000000,23372.39,23350,ce,14.16,0.5057,-0.497,0.0099,0.1943,0.75,,CLOSED,2026-03-30 10:09:00.000000,23487.49,Time Exit,5755.000000000109
adx_trend,BUY,2026-03-30 10:04:00.000000,23402.43,23400,ce,9.0,0.4362,-0.4861,0.0101,0.176,0.75,,CLOSED,2026-03-30 10:10:00.000000,23491.54,Time Exit,4455.500000000029
adx_trend,BUY,2026-03-30 10:05:00.000000,23412.88,23400,ce,9.0,0.4362,-0.4861,0.0101,0.176,0.75,,CLOSED,2026-03-30 10:11:00.000000,23474.31,Time Exit,3071.5000000000146
adx_trend,BUY,2026-03-30 10:06:00.000000,23456.93,23450,ce,6.26,0.5093,-0.4908,0.0115,0.1963,0.75,,CLOSED,2026-03-30 10:12:00.000000,23460.1,Time Exit,158.4999999999127
adx_trend,BUY,2026-03-30 10:07:00.000000,23464.66,23450,ce,6.26,0.5093,-0.4908,0.0115,0.1963,0.75,,CLOSED,2026-03-30 10:13:00.000000,23468.18,Time Exit,176.00000000002183
adx_trend,BUY,2026-03-30 10:08:00.000000,23461.55,23450,ce,6.26,0.5093,-0.4908,0.0115,0.1963,0.75,,CLOSED,2026-03-30 10:14:00.000000,23495.82,Time Exit,1713.5000000000218
adx_trend,BUY,2026-03-30 10:09:00.000000,23487.49,23500,ce,5.0,0.4449,-0.5647,0.0115,0.2303,0.75,,CLOSED,2026-03-30 10:15:00.000000,23518.36,Time Exit,1543.499999999949
adx_trend,BUY,2026-03-30 10:10:00.000000,23491.54,23500,ce,5.0,0.4449,-0.5647,0.0115,0.2303,0.75,,CLOSED,2026-03-30 10:16:00.000000,23538.14,Time Exit,2329.9999999999272
adx_trend,BUY,2026-03-30 10:11:00.000000,23474.31,23450,ce,6.26,0.5093,-0.4908,0.0115,0.1963,0.75,,CLOSED,2026-03-30 10:17:00.000000,23547.4,Time Exit,3654.5000000000073
adx_trend,BUY,2026-03-30 10:12:00.000000,23460.1,23450,ce,6.26,0.5093,-0.4908,0.0115,0.1963,0.75,,CLOSED,2026-03-30 10:18:00.000000,23548.03,Time Exit,4396.500000000015
adx_trend,BUY,2026-03-30 10:13:00.000000,23468.18,23450,ce,6.26,0.5093,-0.4908,0.0115,0.1963,0.75,,CLOSED,2026-03-30 10:19:00.000000,23567.0,Time Exit,4940.999999999985
adx_trend,BUY,2026-03-30 10:14:00.000000,23495.82,23500,ce,5.0,0.4449,-0.5647,0.0115,0.2303,0.75,,CLOSED,2026-03-30 10:20:00.000000,23579.36,Time Exit,4177.000000000044
adx_trend,BUY,2026-03-30 10:15:00.000000,23518.36,23500,ce,5.0,0.4449,-0.5647,0.0115,0.2303,0.75,,CLOSED,2026-03-30 10:21:00.000000,23598.06,Time Exit,3985.0000000000364
adx_trend,BUY,2026-03-30 10:16:00.000000,23538.14,23550,ce,5.0,0.5088,-0.5384,0.0091,0.2329,0.75,,CLOSED,2026-03-30 10:22:00.000000,23627.9,Time Exit,4488.000000000102
adx_trend,BUY,2026-03-30 10:17:00.000000,23547.4,23550,ce,5.0,0.5088,-0.5384,0.0091,0.2329,0.75,,CLOSED,2026-03-30 10:23:00.000000,23636.69,Time Exit,4464.499999999862
adx_trend,BUY,2026-03-30 10:18:00.000000,23548.03,23550,ce,5.0,0.5088,-0.5384,0.0091,0.2329,0.75,,CLOSED,2026-03-30 10:24:00.000000,23653.68,Time Exit,5282.500000000073
adx_trend,BUY,2026-03-30 10:19:00.000000,23567.0,23550,ce,5.0,0.5088,-0.5384,0.0091,0.2329,0.75,,CLOSED,2026-03-30 10:25:00.000000,23624.77,Time Exit,2888.500000000022
adx_trend,BUY,2026-03-30 10:20:00.000000,23579.36,23600,ce,17.23,0.4768,-0.5425,0.011,0.1727,0.75,,CLOSED,2026-03-30 10:26:00.000000,23644.2,Time Exit,3242.0000000000073
adx_trend,BUY,2026-03-30 10:21:00.000000,23598.06,23600,ce,17.23,0.4768,-0.5425,0.011,0.1727,0.75,,CLOSED,2026-03-30 10:27:00.000000,23638.57,Time Exit,2025.49999999992
adx_trend,BUY,2026-03-30 10:22:00.000000,23627.9,23650,ce,15.08,0.5231,-0.5322,0.0099,0.2216,0.75,,CLOSED,2026-03-30 10:28:00.000000,23605.02,Time Exit,-1144.000000000051
adx_trend,BUY,2026-03-30 10:23:00.000000,23636.69,23650,ce,15.08,0.5231,-0.5322,0.0099,0.2216,0.75,,CLOSED,2026-03-30 10:29:00.000000,23576.68,Time Exit,-3000.49999999992
adx_trend,BUY,2026-03-30 10:24:00.000000,23653.68,23650,ce,15.08,0.5231,-0.5322,0.0099,0.2216,0.75,,CLOSED,2026-03-30 10:30:00.000000,23601.41,Time Exit,-2613.500000000022
adx_trend,BUY,2026-03-30 10:25:00.000000,23624.77,23600,ce,17.23,0.4768,-0.5425,0.011,0.1727,0.75,,CLOSED,2026-03-30 10:31:00.000000,23606.66,Time Exit,-905.5000000000291
adx_trend,BUY,2026-03-30 10:26:00.000000,23644.2,23650,ce,15.08,0.5231,-0.5322,0.0099,0.2216,0.75,,CLOSED,2026-03-30 10:32:00.000000,23607.4,Time Exit,-1839.9999999999636
adx_trend,BUY,2026-03-30 10:27:00.000000,23638.57,23650,ce,15.08,0.5231,-0.5322,0.0099,0.2216,0.75,,CLOSED,2026-03-30 10:33:00.000000,23616.7,Time Exit,-1093.499999999949
adx_trend,BUY,2026-03-30 10:28:00.000000,23605.02,23600,ce,17.23,0.4768,-0.5425,0.011,0.1727,0.75,,CLOSED,2026-03-30 10:34:00.000000,23616.98,Time Exit,597.9999999999563
adx_trend,BUY,2026-03-30 10:29:00.000000,23576.68,23600,ce,17.23,0.4768,-0.5425,0.011,0.1727,0.75,,CLOSED,2026-03-30 10:35:00.000000,23610.39,Time Exit,1685.4999999999563
adx_trend,BUY,2026-03-30 10:30:00.000000,23601.41,23600,ce,17.23,0.4768,-0.5425,0.011,0.1727,0.75,,CLOSED,2026-03-30 10:36:00.000000,23574.95,Time Exit,-1322.9999999999563
adx_trend,BUY,2026-03-30 10:31:00.000000,23606.66,23600,ce,17.23,0.4768,-0.5425,0.011,0.1727,0.75,,CLOSED,2026-03-30 10:37:00.000000,23559.97,Time Exit,-2334.4999999999345
adx_trend,BUY,2026-03-30 10:32:00.000000,23607.4,23600,ce,17.23,0.4768,-0.5425,0.011,0.1727,0.75,,CLOSED,2026-03-30 10:38:00.000000,23553.46,Time Exit,-2697.0000000001164
adx_trend,BUY,2026-03-30 10:33:00.000000,23616.7,23600,ce,17.23,0.4768,-0.5425,0.011,0.1727,0.75,,CLOSED,2026-03-30 10:39:00.000000,23557.18,Time Exit,-2976.000000000022
adx_trend,BUY,2026-03-30 10:34:00.000000,23616.98,23600,ce,17.23,0.4768,-0.5425,0.011,0.1727,0.75,,CLOSED,2026-03-30 10:40:00.000000,23567.81,Time Exit,-2458.4999999999127
adx_trend,BUY,2026-03-30 10:35:00.000000,23610.39,23600,ce,17.23,0.4768,-0.5425,0.011,0.1727,0.75,,CLOSED,2026-03-30 10:41:00.000000,23564.33,Time Exit,-2302.9999999998836
adx_trend,BUY,2026-03-30 10:36:00.000000,23574.95,23550,ce,5.0,0.5088,-0.5384,0.0091,0.2329,0.75,,CLOSED,2026-03-30 10:42:00.000000,23554.91,Time Exit,-1002.0000000000437
adx_trend,BUY,2026-03-30 10:37:00.000000,23559.97,23550,ce,5.0,0.5088,-0.5384,0.0091,0.2329,0.75,,CLOSED,2026-03-30 10:43:00.000000,23544.77,Time Exit,-760.0000000000364
adx_trend,BUY,2026-03-30 10:38:00.000000,23553.46,23550,ce,5.0,0.5088,-0.5384,0.0091,0.2329,0.75,,CLOSED,2026-03-30 10:44:00.000000,23539.12,Time Exit,-717.0000000000073
adx_trend,BUY,2026-03-30 10:39:00.000000,23557.18,23550,ce,5.0,0.5088,-0.5384,0.0091,0.2329,0.75,,CLOSED,2026-03-30 10:45:00.000000,23527.53,Time Exit,-1482.5000000000728
adx_trend,BUY,2026-03-30 10:40:00.000000,23567.81,23550,ce,5.0,0.5088,-0.5384,0.0091,0.2329,0.75,,CLOSED,2026-03-30 10:46:00.000000,23511.34,Time Exit,-2823.500000000058
adx_trend,BUY,2026-03-30 10:41:00.000000,23564.33,23550,ce,5.0,0.5088,-0.5384,0.0091,0.2329,0.75,,CLOSED,2026-03-30 10:47:00.000000,23512.18,Time Exit,-2607.5000000000728
adx_trend,BUY,2026-03-30 10:42:00.000000,23554.91,23550,ce,5.0,0.5088,-0.5384,0.0091,0.2329,0.75,,CLOSED,2026-03-30 10:48:00.000000,23508.93,Time Exit,-2298.999999999978
adx_trend,BUY,2026-03-30 10:43:00.000000,23544.77,23550,ce,5.0,0.5088,-0.5384,0.0091,0.2329,0.75,,CLOSED,2026-03-30 10:49:00.000000,23512.08,Time Exit,-1634.4999999999345
adx_trend,BUY,2026-03-30 10:44:00.000000,23539.12,23550,ce,5.0,0.5088,-0.5384,0.0091,0.2329,0.75,,CLOSED,2026-03-30 10:50:00.000000,23530.44,Time Exit,-434.00000000001455
adx_trend,BUY,2026-03-30 10:45:00.000000,23527.53,23550,ce,5.0,0.5088,-0.5384,0.0091,0.2329,0.75,,CLOSED,2026-03-30 10:51:00.000000,23532.64,Time Exit,255.5000000000291
adx_trend,BUY,2026-03-30 10:46:00.000000,23511.34,23500,ce,5.0,0.4449,-0.5647,0.0115,0.2303,0.75,,CLOSED,2026-03-30 10:52:00.000000,23508.52,Time Exit,-140.99999999998545
adx_trend,BUY,2026-03-30 10:47:00.000000,23512.18,23500,ce,5.0,0.4449,-0.5647,0.0115,0.2303,0.75,,CLOSED,2026-03-30 10:53:00.000000,23529.61,Time Exit,871.5000000000146
adx_trend,BUY,2026-03-30 10:48:00.000000,23508.93,23500,ce,5.0,0.4449,-0.5647,0.0115,0.2303,0.75,,CLOSED,2026-03-30 10:54:00.000000,23538.2,Time Exit,1463.5000000000218
adx_trend,BUY,2026-03-30 10:49:00.000000,23512.08,23500,ce,5.0,0.4449,-0.5647,0.0115,0.2303,0.75,,CLOSED,2026-03-30 10:55:00.000000,23551.26,Time Exit,1958.9999999998327
adx_trend,SELL,2026-03-30 10:50:00.000000,23530.44,23550,pe,10.0,-0.4594,-0.3765,0.0091,0.2329,0.75,,CLOSED,2026-03-30 10:56:00.000000,23553.56,Time Exit,-1156.000000000131
adx_trend,SELL,2026-03-30 10:51:00.000000,23532.64,23550,pe,10.0,-0.4594,-0.3765,0.0091,0.2329,0.75,,CLOSED,2026-03-30 10:57:00.000000,23559.05,Time Exit,-1320.4999999999927
adx_trend,SELL,2026-03-30 10:52:00.000000,23508.52,23500,pe,25.12,-0.4779,-0.4749,0.0115,0.2303,0.75,,CLOSED,2026-03-30 10:58:00.000000,23584.74,Time Exit,-3811.000000000058
adx_trend,SELL,2026-03-30 10:53:00.000000,23529.61,23550,pe,10.0,-0.4594,-0.3765,0.0091,0.2329,0.75,,CLOSED,2026-03-30 10:59:00.000000,23572.4,Time Exit,-2139.5000000000437
adx_trend,SELL,2026-03-30 10:54:00.000000,23538.2,23550,pe,10.0,-0.4594,-0.3765,0.0091,0.2329,0.75,,CLOSED,2026-03-30 11:00:00.000000,23583.77,Time Exit,-2278.4999999999854
adx_trend,SELL,2026-03-30 10:55:00.000000,23551.26,23550,pe,10.0,-0.4594,-0.3765,0.0091,0.2329,0.75,,CLOSED,2026-03-30 11:01:00.000000,23589.36,Time Exit,-1905.0000000001091
adx_trend,SELL,2026-03-30 10:56:00.000000,23553.56,23550,pe,10.0,-0.4594,-0.3765,0.0091,0.2329,0.75,,CLOSED,2026-03-30 11:02:00.000000,23588.66,Time Exit,-1754.9999999999272
adx_trend,SELL,2026-03-30 10:57:00.000000,23559.05,23550,pe,10.0,-0.4594,-0.3765,0.0091,0.2329,0.75,,CLOSED,2026-03-30 11:03:00.000000,23597.94,Time Exit,-1944.499999999971
adx_trend,SELL,2026-03-30 10:58:00.000000,23584.74,23600,pe,19.34,-0.5095,-0.5284,0.011,0.1727,0.75,,CLOSED,2026-03-30 11:04:00.000000,23598.4,Time Exit,-682.9999999999927
adx_trend,SELL,2026-03-30 10:59:00.000000,23572.4,23550,pe,10.0,-0.4594,-0.3765,0.0091,0.2329,0.75,,CLOSED,2026-03-30 11:05:00.000000,23577.2,Time Exit,-239.99999999996362
adx_trend,SELL,2026-03-30 11:00:00.000000,23583.77,23600,pe,19.34,-0.5095,-0.5284,0.011,0.1727,0.75,,CLOSED,2026-03-30 11:06:00.000000,23558.43,Time Exit,1267.0000000000073
adx_trend,SELL,2026-03-30 11:01:00.000000,23589.36,23600,pe,19.34,-0.5095,-0.5284,0.011,0.1727,0.75,,CLOSED,2026-03-30 11:07:00.000000,23551.68,Time Exit,1884.0000000000146
adx_trend,SELL,2026-03-30 11:02:00.000000,23588.66,23600,pe,19.34,-0.5095,-0.5284,0.011,0.1727,0.75,,CLOSED,2026-03-30 11:08:00.000000,23552.59,Time Exit,1803.4999999999854
adx_trend,BUY,2026-03-30 11:03:00.000000,23597.94,23600,ce,17.23,0.4768,-0.5425,0.011,0.1727,0.75,,CLOSED,2026-03-30 11:09:00.000000,23549.1,Time Exit,-2442.0000000000073
adx_trend,BUY,2026-03-30 11:04:00.000000,23598.4,23600,ce,17.23,0.4768,-0.5425,0.011,0.1727,0.75,,CLOSED,2026-03-30 11:10:00.000000,23570.9,Time Exit,-1375.0
adx_trend,BUY,2026-03-30 11:05:00.000000,23577.2,23600,ce,17.23,0.4768,-0.5425,0.011,0.1727,0.75,,CLOSED,2026-03-30 11:11:00.000000,23554.43,Time Exit,-1138.5000000000218
adx_trend,BUY,2026-03-30 11:06:00.000000,23558.43,23550,ce,5.0,0.5088,-0.5384,0.0091,0.2329,0.75,,CLOSED,2026-03-30 11:12:00.000000,23555.68,Time Exit,-137.5
adx_trend,BUY,2026-03-30 11:07:00.000000,23551.68,23550,ce,5.0,0.5088,-0.5384,0.0091,0.2329,0.75,,CLOSED,2026-03-30 11:13:00.000000,23554.16,Time Exit,123.99999999997817
adx_trend,BUY,2026-03-30 11:08:00.000000,23552.59,23550,ce,5.0,0.5088,-0.5384,0.0091,0.2329,0.75,,CLOSED,2026-03-30 11:14:00.000000,23530.88,Time Exit,-1085.4999999999563
adx_trend,BUY,2026-03-30 11:09:00.000000,23549.1,23550,ce,5.0,0.5088,-0.5384,0.0091,0.2329,0.75,,CLOSED,2026-03-30 11:15:00.000000,23546.44,Time Exit,-132.99999999999272
adx_trend,BUY,2026-03-30 11:10:00.000000,23570.9,23550,ce,5.0,0.5088,-0.5384,0.0091,0.2329,0.75,,CLOSED,2026-03-30 11:16:00.000000,23540.22,Time Exit,-1534.0000000000146
adx_trend,SELL,2026-03-30 11:11:00.000000,23554.43,23550,pe,10.0,-0.4594,-0.3765,0.0091,0.2329,0.75,,CLOSED,2026-03-30 11:17:00.000000,23561.17,Time Exit,-336.99999999989814
adx_trend,SELL,2026-03-30 11:12:00.000000,23555.68,23550,pe,10.0,-0.4594,-0.3765,0.0091,0.2329,0.75,,CLOSED,2026-03-30 11:18:00.000000,23566.97,Time Exit,-564.5000000000437
adx_trend,SELL,2026-03-30 11:13:00.000000,23554.16,23550,pe,10.0,-0.4594,-0.3765,0.0091,0.2329,0.75,,CLOSED,2026-03-30 11:19:00.000000,23594.03,Time Exit,-1993.499999999949
adx_trend,SELL,2026-03-30 11:14:00.000000,23530.88,23550,pe,10.0,-0.4594,-0.3765,0.0091,0.2329,0.75,,CLOSED,2026-03-30 11:20:00.000000,23559.6,Time Exit,-1435.9999999998763
adx_trend,SELL,2026-03-30 11:15:00.000000,23546.44,23550,pe,10.0,-0.4594,-0.3765,0.0091,0.2329,0.75,,CLOSED,2026-03-30 11:21:00.000000,23568.79,Time Exit,-1117.5000000001091
adx_trend,SELL,2026-03-30 11:16:00.000000,23540.22,23550,pe,10.0,-0.4594,-0.3765,0.0091,0.2329,0.75,,CLOSED,2026-03-30 11:22:00.000000,23570.53,Time Exit,-1515.4999999998836
adx_trend,SELL,2026-03-30 11:17:00.000000,23561.17,23550,pe,10.0,-0.4594,-0.3765,0.0091,0.2329,0.75,,CLOSED,2026-03-30 11:23:00.000000,23577.64,Time Exit,-823.5000000000582
adx_trend,SELL,2026-03-30 11:18:00.000000,23566.97,23550,pe,10.0,-0.4594,-0.3765,0.0091,0.2329,0.75,,CLOSED,2026-03-30 11:24:00.000000,23590.47,Time Exit,-1175.0
adx_trend,SELL,2026-03-30 11:19:00.000000,23594.03,23600,pe,19.34,-0.5095,-0.5284,0.011,0.1727,0.75,,CLOSED,2026-03-30 11:25:00.000000,23590.67,Time Exit,168.0000000000291
adx_trend,SELL,2026-03-30 11:20:00.000000,23559.6,23550,pe,10.0,-0.4594,-0.3765,0.0091,0.2329,0.75,,CLOSED,2026-03-30 11:26:00.000000,23611.89,Time Exit,-2614.5000000000437
adx_trend,SELL,2026-03-30 11:21:00.000000,23568.79,23550,pe,10.0,-0.4594,-0.3765,0.0091,0.2329,0.75,,CLOSED,2026-03-30 11:27:00.000000,23607.16,Time Exit,-1918.499999999949
adx_trend,BUY,2026-03-30 11:22:00.000000,23570.53,23550,ce,5.0,0.5088,-0.5384,0.0091,0.2329,0.75,,CLOSED,2026-03-30 11:28:00.000000,23640.96,Time Exit,3521.5000000000146
adx_trend,BUY,2026-03-30 11:23:00.000000,23577.64,23600,ce,17.23,0.4768,-0.5425,0.011,0.1727,0.75,,CLOSED,2026-03-30 11:29:00.000000,23670.27,Time Exit,4631.500000000051
adx_trend,BUY,2026-03-30 11:24:00.000000,23590.47,23600,ce,17.23,0.4768,-0.5425,0.011,0.1727,0.75,,CLOSED,2026-03-30 11:30:00.000000,23694.72,Time Exit,5212.5
adx_trend,BUY,2026-03-30 11:25:00.000000,23590.67,23600,ce,17.23,0.4768,-0.5425,0.011,0.1727,0.75,,CLOSED,2026-03-30 11:31:00.000000,23704.82,Time Exit,5707.500000000073
adx_trend,BUY,2026-03-30 11:26:00.000000,23611.89,23600,ce,17.23,0.4768,-0.5425,0.011,0.1727,0.75,,CLOSED,2026-03-30 11:32:00.000000,23705.98,Time Exit,4704.500000000007
adx_trend,BUY,2026-03-30 11:27:00.000000,23607.16,23600,ce,17.23,0.4768,-0.5425,0.011,0.1727,0.75,,CLOSED,2026-03-30 11:33:00.000000,23672.23,Time Exit,3253.4999999999854
adx_trend,BUY,2026-03-30 11:28:00.000000,23640.96,23650,ce,15.08,0.5231,-0.5322,0.0099,0.2216,0.75,,CLOSED,2026-03-30 11:34:00.000000,23703.68,Time Exit,3136.000000000058
adx_trend,BUY,2026-03-30 11:29:00.000000,23670.27,23650,ce,15.08,0.5231,-0.5322,0.0099,0.2216,0.75,,CLOSED,2026-03-30 11:35:00.000000,23672.92,Time Exit,132.49999999989086
adx_trend,BUY,2026-03-30 11:30:00.000000,23694.72,23700,ce,5.0,0.4517,-0.4641,0.0095,0.2271,0.75,,CLOSED,2026-03-30 11:36:00.000000,23698.83,Time Exit,205.5000000000291
adx_trend,BUY,2026-03-30 11:31:00.000000,23704.82,23700,ce,5.0,0.4517,-0.4641,0.0095,0.2271,0.75,,CLOSED,2026-03-30 11:37:00.000000,23727.16,Time Exit,1117.0000000000073
adx_trend,BUY,2026-03-30 11:32:00.000000,23705.98,23700,ce,5.0,0.4517,-0.4641,0.0095,0.2271,0.75,,CLOSED,2026-03-30 11:38:00.000000,23722.59,Time Exit,830.5000000000291
adx_trend,BUY,2026-03-30 11:33:00.000000,23672.23,23650,ce,15.08,0.5231,-0.5322,0.0099,0.2216,0.75,,CLOSED,2026-03-30 11:39:00.000000,23726.44,Time Exit,2710.4999999999563
adx_trend,BUY,2026-03-30 11:34:00.000000,23703.68,23700,ce,5.0,0.4517,-0.4641,0.0095,0.2271,0.75,,CLOSED,2026-03-30 11:40:00.000000,23692.27,Time Exit,-570.4999999999927
adx_trend,BUY,2026-03-30 11:35:00.000000,23672.92,23650,ce,15.08,0.5231,-0.5322,0.0099,0.2216,0.75,,CLOSED,2026-03-30 11:41:00.000000,23707.31,Time Exit,1719.5000000001528
adx_trend,BUY,2026-03-30 11:36:00.000000,23698.83,23700,ce,5.0,0.4517,-0.4641,0.0095,0.2271,0.75,,CLOSED,2026-03-30 11:42:00.000000,23723.09,Time Exit,1212.99999999992
adx_trend,BUY,2026-03-30 11:37:00.000000,23727.16,23750,ce,10.27,0.5047,-0.5444,0.0112,0.2151,0.75,,CLOSED,2026-03-30 11:43:00.000000,23730.83,Time Exit,183.5000000000946
adx_trend,BUY,2026-03-30 11:38:00.000000,23722.59,23700,ce,5.0,0.4517,-0.4641,0.0095,0.2271,0.75,,CLOSED,2026-03-30 11:44:00.000000,23763.09,Time Exit,2025.0
adx_trend,BUY,2026-03-30 11:39:00.000000,23726.44,23750,ce,10.27,0.5047,-0.5444,0.0112,0.2151,0.75,,CLOSED,2026-03-30 11:45:00.000000,23752.65,Time Exit,1310.5000000001382
adx_trend,BUY,2026-03-30 11:40:00.000000,23692.27,23700,ce,5.0,0.4517,-0.4641,0.0095,0.2271,0.75,,CLOSED,2026-03-30 11:46:00.000000,23740.41,Time Exit,2406.999999999971
adx_trend,BUY,2026-03-30 11:41:00.000000,23707.31,23700,ce,5.0,0.4517,-0.4641,0.0095,0.2271,0.75,,CLOSED,2026-03-30 11:47:00.000000,23734.92,Time Exit,1380.4999999998472
adx_trend,BUY,2026-03-30 11:42:00.000000,23723.09,23700,ce,5.0,0.4517,-0.4641,0.0095,0.2271,0.75,,CLOSED,2026-03-30 11:48:00.000000,23747.76,Time Exit,1233.4999999999127
adx_trend,BUY,2026-03-30 11:43:00.000000,23730.83,23750,ce,10.27,0.5047,-0.5444,0.0112,0.2151,0.75,,CLOSED,2026-03-30 11:49:00.000000,23743.07,Time Exit,611.9999999998981
adx_trend,BUY,2026-03-30 11:44:00.000000,23763.09,23750,ce,10.27,0.5047,-0.5444,0.0112,0.2151,0.75,,CLOSED,2026-03-30 11:50:00.000000,23737.81,Time Exit,-1263.9999999999418
adx_trend,BUY,2026-03-30 11:45:00.000000,23752.65,23750,ce,10.27,0.5047,-0.5444,0.0112,0.2151,0.75,,CLOSED,2026-03-30 11:51:00.000000,23731.46,Time Exit,-1059.5000000001164
adx_trend,BUY,2026-03-30 11:46:00.000000,23740.41,23750,ce,10.27,0.5047,-0.5444,0.0112,0.2151,0.75,,CLOSED,2026-03-30 11:52:00.000000,23741.5,Time Exit,54.500000000007276
adx_trend,BUY,2026-03-30 11:47:00.000000,23734.92,23750,ce,10.27,0.5047,-0.5444,0.0112,0.2151,0.75,,CLOSED,2026-03-30 11:53:00.000000,23788.26,Time Exit,2667.0000000000073
adx_trend,BUY,2026-03-30 11:48:00.000000,23747.76,23750,ce,10.27,0.5047,-0.5444,0.0112,0.2151,0.75,,CLOSED,2026-03-30 11:54:00.000000,23792.9,Time Exit,2257.000000000153
adx_trend,BUY,2026-03-30 11:49:00.000000,23743.07,23750,ce,10.27,0.5047,-0.5444,0.0112,0.2151,0.75,,CLOSED,2026-03-30 11:55:00.000000,23792.35,Time Exit,2463.999999999942
adx_trend,BUY,2026-03-30 11:50:00.000000,23737.81,23750,ce,10.27,0.5047,-0.5444,0.0112,0.2151,0.75,,CLOSED,2026-03-30 11:56:00.000000,23805.61,Time Exit,3389.9999999999636
adx_trend,BUY,2026-03-30 11:51:00.000000,23731.46,23750,ce,10.27,0.5047,-0.5444,0.0112,0.2151,0.75,,CLOSED,2026-03-30 11:57:00.000000,23808.48,Time Exit,3851.000000000022
adx_trend,BUY,2026-03-30 11:52:00.000000,23741.5,23750,ce,10.27,0.5047,-0.5444,0.0112,0.2151,0.75,,CLOSED,2026-03-30 11:58:00.000000,23803.5,Time Exit,3100.0
adx_trend,BUY,2026-03-30 11:53:00.000000,23788.26,23800,ce,13.31,0.5644,-0.4078,0.0108,0.2369,0.75,,CLOSED,2026-03-30 11:59:00.000000,23818.05,Time Exit,1489.5000000000437
adx_trend,BUY,2026-03-30 11:54:00.000000,23792.9,23800,ce,13.31,0.5644,-0.4078,0.0108,0.2369,0.75,,CLOSED,2026-03-30 12:00:00.000000,23767.89,Time Exit,-1250.5000000001019
adx_trend,BUY,2026-03-30 11:55:00.000000,23792.35,23800,ce,13.31,0.5644,-0.4078,0.0108,0.2369,0.75,,CLOSED,2026-03-30 12:01:00.000000,23791.85,Time Exit,-25.0
adx_trend,BUY,2026-03-30 11:56:00.000000,23805.61,23800,ce,13.31,0.5644,-0.4078,0.0108,0.2369,0.75,,CLOSED,2026-03-30 12:02:00.000000,23800.72,Time Exit,-244.4999999999709
adx_trend,BUY,2026-03-30 11:57:00.000000,23808.48,23800,ce,13.31,0.5644,-0.4078,0.0108,0.2369,0.75,,CLOSED,2026-03-30 12:03:00.000000,23808.95,Time Exit,23.500000000058208
adx_trend,BUY,2026-03-30 11:58:00.000000,23803.5,23800,ce,13.31,0.5644,-0.4078,0.0108,0.2369,0.75,,CLOSED,2026-03-30 12:04:00.000000,23802.5,Time Exit,-50.0
adx_trend,BUY,2026-03-30 11:59:00.000000,23818.05,23800,ce,13.31,0.5644,-0.4078,0.0108,0.2369,0.75,,CLOSED,2026-03-30 12:05:00.000000,23787.75,Time Exit,-1514.9999999999636
adx_trend,BUY,2026-03-30 12:00:00.000000,23767.89,23750,ce,10.27,0.5047,-0.5444,0.0112,0.2151,0.75,,CLOSED,2026-03-30 12:06:00.000000,23797.95,Time Exit,1503.0000000000655
adx_trend,BUY,2026-03-30 12:01:00.000000,23791.85,23800,ce,13.31,0.5644,-0.4078,0.0108,0.2369,0.75,,CLOSED,2026-03-30 12:07:00.000000,23813.9,Time Exit,1102.5000000001455
adx_trend,BUY,2026-03-30 12:02:00.000000,23800.72,23800,ce,13.31,0.5644,-0.4078,0.0108,0.2369,0.75,,CLOSED,2026-03-30 12:08:00.000000,23794.68,Time Exit,-302.00000000004366
adx_trend,BUY,2026-03-30 12:03:00.000000,23808.95,23800,ce,13.31,0.5644,-0.4078,0.0108,0.2369,0.75,,CLOSED,2026-03-30 12:09:00.000000,23829.45,Time Exit,1025.0
adx_trend,BUY,2026-03-30 12:04:00.000000,23802.5,23800,ce,13.31,0.5644,-0.4078,0.0108,0.2369,0.75,,CLOSED,2026-03-30 12:10:00.000000,23799.54,Time Exit,-147.99999999995634
adx_trend,BUY,2026-03-30 12:05:00.000000,23787.75,23800,ce,13.31,0.5644,-0.4078,0.0108,0.2369,0.75,,CLOSED,2026-03-30 12:11:00.000000,23789.95,Time Exit,110.00000000003638
adx_trend,BUY,2026-03-30 12:06:00.000000,23797.95,23800,ce,13.31,0.5644,-0.4078,0.0108,0.2369,0.75,,CLOSED,2026-03-30 12:12:00.000000,23763.9,Time Exit,-1702.4999999999636
adx_trend,BUY,2026-03-30 12:07:00.000000,23813.9,23800,ce,13.31,0.5644,-0.4078,0.0108,0.2369,0.75,,CLOSED,2026-03-30 12:13:00.000000,23783.96,Time Exit,-1497.0000000001164
adx_trend,BUY,2026-03-30 12:08:00.000000,23794.68,23800,ce,13.31,0.5644,-0.4078,0.0108,0.2369,0.75,,CLOSED,2026-03-30 12:14:00.000000,23782.48,Time Exit,-610.0000000000364
adx_trend,BUY,2026-03-30 12:09:00.000000,23829.45,23800,ce,13.31,0.5644,-0.4078,0.0108,0.2369,0.75,,CLOSED,2026-03-30 12:15:00.000000,23756.61,Time Exit,-3642.0000000000073
adx_trend,BUY,2026-03-30 12:10:00.000000,23799.54,23800,ce,13.31,0.5644,-0.4078,0.0108,0.2369,0.75,,CLOSED,2026-03-30 12:16:00.000000,23749.45,Time Exit,-2504.5000000000073
adx_trend,BUY,2026-03-30 12:11:00.000000,23789.95,23800,ce,13.31,0.5644,-0.4078,0.0108,0.2369,0.75,,CLOSED,2026-03-30 12:17:00.000000,23760.51,Time Exit,-1472.0000000001164
adx_trend,BUY,2026-03-30 12:12:00.000000,23763.9,23750,ce,10.27,0.5047,-0.5444,0.0112,0.2151,0.75,,CLOSED,2026-03-30 12:18:00.000000,23796.51,Time Exit,1630.4999999998472
adx_trend,BUY,2026-03-30 12:13:00.000000,23783.96,23800,ce,13.31,0.5644,-0.4078,0.0108,0.2369,0.75,,CLOSED,2026-03-30 12:19:00.000000,23812.57,Time Exit,1430.500000000029
adx_trend,BUY,2026-03-30 12:14:00.000000,23782.48,23800,ce,13.31,0.5644,-0.4078,0.0108,0.2369,0.75,,CLOSED,2026-03-30 12:20:00.000000,23840.57,Time Exit,2904.5000000000073
adx_trend,BUY,2026-03-30 12:15:00.000000,23756.61,23750,ce,10.27,0.5047,-0.5444,0.0112,0.2151,0.75,,CLOSED,2026-03-30 12:21:00.000000,23825.29,Time Exit,3434.0000000000146
adx_trend,BUY,2026-03-30 12:16:00.000000,23749.45,23750,ce,10.27,0.5047,-0.5444,0.0112,0.2151,0.75,,CLOSED,2026-03-30 12:22:00.000000,23821.21,Time Exit,3587.99999999992
adx_trend,BUY,2026-03-30 12:17:00.000000,23760.51,23750,ce,10.27,0.5047,-0.5444,0.0112,0.2151,0.75,,CLOSED,2026-03-30 12:23:00.000000,23835.85,Time Exit,3767.0000000000073
adx_trend,BUY,2026-03-30 12:18:00.000000,23796.51,23800,ce,13.31,0.5644,-0.4078,0.0108,0.2369,0.75,,CLOSED,2026-03-30 12:24:00.000000,23894.87,Time Exit,4918.000000000029
adx_trend,BUY,2026-03-30 12:19:00.000000,23812.57,23800,ce,13.31,0.5644,-0.4078,0.0108,0.2369,0.75,,CLOSED,2026-03-30 12:25:00.000000,23932.89,Time Exit,6015.999999999985
adx_trend,BUY,2026-03-30 12:20:00.000000,23840.57,23800,ce,13.31,0.5644,-0.4078,0.0108,0.2369,0.75,,CLOSED,2026-03-30 12:26:00.000000,23946.96,Time Exit,5319.499999999971
adx_trend,BUY,2026-03-30 12:21:00.000000,23825.29,23800,ce,13.31,0.5644,-0.4078,0.0108,0.2369,0.75,,CLOSED,2026-03-30 12:27:00.000000,23934.04,Time Exit,5437.5
adx_trend,BUY,2026-03-30 12:22:00.000000,23821.21,23800,ce,13.31,0.5644,-0.4078,0.0108,0.2369,0.75,,CLOSED,2026-03-30 12:28:00.000000,23960.39,Time Exit,6959.000000000015
adx_trend,BUY,2026-03-30 12:23:00.000000,23835.85,23800,ce,13.31,0.5644,-0.4078,0.0108,0.2369,0.75,,CLOSED,2026-03-30 12:29:00.000000,23941.72,Time Exit,5293.500000000131
adx_trend,SELL,2026-03-31 09:15:00.000000,22644.45,22650,pe,5.0,-0.4991,-0.5064,0.0101,0.1945,0.75,,CLOSED,2026-03-31 09:21:00.000000,22650.7,Time Exit,-312.5
adx_trend,SELL,2026-03-31 09:16:00.000000,22631.83,22650,pe,5.0,-0.4991,-0.5064,0.0101,0.1945,0.75,,CLOSED,2026-03-31 09:22:00.000000,22659.59,Time Exit,-1387.99999999992
adx_trend,SELL,2026-03-31 09:17:00.000000,22621.1,22600,pe,5.0,-0.5576,-0.5089,0.0093,0.2046,0.75,,CLOSED,2026-03-31 09:23:00.000000,22659.91,Time Exit,-1940.5000000000655
adx_trend,SELL,2026-03-31 09:18:00.000000,22632.83,22650,pe,5.0,-0.4991,-0.5064,0.0101,0.1945,0.75,,CLOSED,2026-03-31 09:24:00.000000,22687.76,Time Exit,-2746.4999999998327
adx_trend,SELL,2026-03-31 09:19:00.000000,22639.72,22650,pe,5.0,-0.4991,-0.5064,0.0101,0.1945,0.75,,CLOSED,2026-03-31 09:25:00.000000,22705.93,Time Exit,-3310.4999999999563
adx_trend,SELL,2026-03-31 09:20:00.000000,22655.06,22650,pe,5.0,-0.4991,-0.5064,0.0101,0.1945,0.75,,CLOSED,2026-03-31 09:26:00.000000,22751.24,Time Exit,-4809.000000000015
adx_trend,SELL,2026-03-31 09:21:00.000000,22650.7,22650,pe,5.0,-0.4991,-0.5064,0.0101,0.1945,0.75,,CLOSED,2026-03-31 09:27:00.000000,22759.57,Time Exit,-5443.499999999949
adx_trend,SELL,2026-03-31 09:22:00.000000,22659.59,22650,pe,5.0,-0.4991,-0.5064,0.0101,0.1945,0.75,,CLOSED,2026-03-31 09:28:00.000000,22736.75,Time Exit,-3857.9999999999927
adx_trend,SELL,2026-03-31 09:23:00.000000,22659.91,22650,pe,5.0,-0.4991,-0.5064,0.0101,0.1945,0.75,,CLOSED,2026-03-31 09:29:00.000000,22742.85,Time Exit,-4146.9999999999345
adx_trend,SELL,2026-03-31 09:24:00.000000,22687.76,22700,pe,5.0,-0.4388,-0.4632,0.009,0.2125,0.75,,CLOSED,2026-03-31 09:30:00.000000,22750.97,Time Exit,-3160.5000000001382
adx_trend,SELL,2026-03-31 09:25:00.000000,22705.93,22700,pe,5.0,-0.4388,-0.4632,0.009,0.2125,0.75,,CLOSED,2026-03-31 09:31:00.000000,22733.73,Time Exit,-1389.9999999999636
adx_trend,SELL,2026-03-31 09:26:00.000000,22751.24,22750,pe,7.41,-0.4085,-0.4956,0.0092,0.1822,0.75,,CLOSED,2026-03-31 09:32:00.000000,22773.97,Time Exit,-1136.4999999999782
adx_trend,SELL,2026-03-31 09:27:00.000000,22759.57,22750,pe,7.41,-0.4085,-0.4956,0.0092,0.1822,0.75,,CLOSED,2026-03-31 09:33:00.000000,22793.49,Time Exit,-1696.0000000000946
adx_trend,SELL,2026-03-31 09:28:00.000000,22736.75,22750,pe,7.41,-0.4085,-0.4956,0.0092,0.1822,0.75,,CLOSED,2026-03-31 09:34:00.000000,22815.82,Time Exit,-3953.4999999999854
adx_trend,SELL,2026-03-31 09:29:00.000000,22742.85,22750,pe,7.41,-0.4085,-0.4956,0.0092,0.1822,0.75,,CLOSED,2026-03-31 09:35:00.000000,22803.61,Time Exit,-3038.000000000102
adx_trend,SELL,2026-03-31 09:30:00.000000,22750.97,22750,pe,7.41,-0.4085,-0.4956,0.0092,0.1822,0.75,,CLOSED,2026-03-31 09:36:00.000000,22789.3,Time Exit,-1916.4999999999054
adx_trend,SELL,2026-03-31 09:31:00.000000,22733.73,22750,pe,7.41,-0.4085,-0.4956,0.0092,0.1822,0.75,,CLOSED,2026-03-31 09:37:00.000000,22779.0,Time Exit,-2263.500000000022
adx_trend,SELL,2026-03-31 09:32:00.000000,22773.97,22750,pe,7.41,-0.4085,-0.4956,0.0092,0.1822,0.75,,CLOSED,2026-03-31 09:38:00.000000,22792.02,Time Exit,-902.4999999999636
adx_trend,SELL,2026-03-31 09:33:00.000000,22793.49,22800,pe,5.0,-0.5112,-0.5026,0.0096,0.2148,0.75,,CLOSED,2026-03-31 09:39:00.000000,22793.37,Time Exit,6.000000000130967
adx_trend,SELL,2026-03-31 09:34:00.000000,22815.82,22800,pe,5.0,-0.5112,-0.5026,0.0096,0.2148,0.75,,CLOSED,2026-03-31 09:40:00.000000,22815.76,Time Exit,3.0000000000654836
adx_trend,SELL,2026-03-31 09:35:00.000000,22803.61,22800,pe,5.0,-0.5112,-0.5026,0.0096,0.2148,0.75,,CLOSED,2026-03-31 09:41:00.000000,22847.15,Time Exit,-2177.0000000000437
adx_trend,SELL,2026-03-31 09:36:00.000000,22789.3,22800,pe,5.0,-0.5112,-0.5026,0.0096,0.2148,0.75,,CLOSED,2026-03-31 09:42:00.000000,22854.24,Time Exit,-3247.0000000001164
adx_trend,SELL,2026-03-31 09:37:00.000000,22779.0,22800,pe,5.0,-0.5112,-0.5026,0.0096,0.2148,0.75,,CLOSED,2026-03-31 09:43:00.000000,22826.87,Time Exit,-2393.499999999949
adx_trend,SELL,2026-03-31 09:38:00.000000,22792.02,22800,pe,5.0,-0.5112,-0.5026,0.0096,0.2148,0.75,,CLOSED,2026-03-31 09:44:00.000000,22845.61,Time Exit,-2679.5000000000073
adx_trend,SELL,2026-03-31 09:39:00.000000,22793.37,22800,pe,5.0,-0.5112,-0.5026,0.0096,0.2148,0.75,,CLOSED,2026-03-31 09:45:00.000000,22886.92,Time Exit,-4677.499999999964
adx_trend,SELL,2026-03-31 09:40:00.000000,22815.76,22800,pe,5.0,-0.5112,-0.5026,0.0096,0.2148,0.75,,CLOSED,2026-03-31 09:46:00.000000,22903.17,Time Exit,-4370.499999999993
adx_trend,SELL,2026-03-31 09:41:00.000000,22847.15,22850,pe,10.0,-0.4481,-0.4988,0.0106,0.1963,0.75,,CLOSED,2026-03-31 09:47:00.000000,22896.03,Time Exit,-2443.999999999869
adx_trend,SELL,2026-03-31 09:42:00.000000,22854.24,22850,pe,10.0,-0.4481,-0.4988,0.0106,0.1963,0.75,,CLOSED,2026-03-31 09:48:00.000000,22890.27,Time Exit,-1801.4999999999418
adx_trend,SELL,2026-03-31 09:43:00.000000,22826.87,22850,pe,10.0,-0.4481,-0.4988,0.0106,0.1963,0.75,,CLOSED,2026-03-31 09:49:00.000000,22866.4,Time Exit,-1976.5000000001237
adx_trend,SELL,2026-03-31 09:44:00.000000,22845.61,22850,pe,10.0,-0.4481,-0.4988,0.0106,0.1963,0.75,,CLOSED,2026-03-31 09:50:00.000000,22869.61,Time Exit,-1200.0
adx_trend,SELL,2026-03-31 09:45:00.000000,22886.92,22900,pe,10.0,-0.4691,-0.4382,0.0096,0.2126,0.75,,CLOSED,2026-03-31 09:51:00.000000,22903.54,Time Exit,-831.000000000131
adx_trend,SELL,2026-03-31 09:46:00.000000,22903.17,22900,pe,10.0,-0.4691,-0.4382,0.0096,0.2126,0.75,,CLOSED,2026-03-31 09:52:00.000000,22910.8,Time Exit,-381.50000000005093
adx_trend,SELL,2026-03-31 09:47:00.000000,22896.03,22900,pe,10.0,-0.4691,-0.4382,0.0096,0.2126,0.75,,CLOSED,2026-03-31 09:53:00.000000,22900.68,Time Exit,-232.50000000007276
adx_trend,SELL,2026-03-31 09:48:00.000000,22890.27,22900,pe,10.0,-0.4691,-0.4382,0.0096,0.2126,0.75,,CLOSED,2026-03-31 09:54:00.000000,22896.19,Time Exit,-295.9999999999127
adx_trend,SELL,2026-03-31 09:49:00.000000,22866.4,22850,pe,10.0,-0.4481,-0.4988,0.0106,0.1963,0.75,,CLOSED,2026-03-31 09:55:00.000000,22893.76,Time Exit,-1367.9999999998472
adx_trend,SELL,2026-03-31 09:50:00.000000,22869.61,22850,pe,10.0,-0.4481,-0.4988,0.0106,0.1963,0.75,,CLOSED,2026-03-31 09:56:00.000000,22870.68,Time Exit,-53.49999999998545
adx_trend,SELL,2026-03-31 09:51:00.000000,22903.54,22900,pe,10.0,-0.4691,-0.4382,0.0096,0.2126,0.75,,CLOSED,2026-03-31 09:57:00.000000,22887.28,Time Exit,813.0000000001019
adx_trend,SELL,2026-03-31 09:52:00.000000,22910.8,22900,pe,10.0,-0.4691,-0.4382,0.0096,0.2126,0.75,,CLOSED,2026-03-31 09:58:00.000000,22897.37,Time Exit,671.5000000000146
adx_trend,SELL,2026-03-31 09:53:00.000000,22900.68,22900,pe,10.0,-0.4691,-0.4382,0.0096,0.2126,0.75,,CLOSED,2026-03-31 09:59:00.000000,22917.98,Time Exit,-864.9999999999636
adx_trend,SELL,2026-03-31 09:54:00.000000,22896.19,22900,pe,10.0,-0.4691,-0.4382,0.0096,0.2126,0.75,,CLOSED,2026-03-31 10:00:00.000000,22908.38,Time Exit,-609.5000000001164
adx_trend,SELL,2026-03-31 09:55:00.000000,22893.76,22900,pe,10.0,-0.4691,-0.4382,0.0096,0.2126,0.75,,CLOSED,2026-03-31 10:01:00.000000,22903.99,Time Exit,-511.50000000016007
adx_trend,SELL,2026-03-31 09:56:00.000000,22870.68,22850,pe,10.0,-0.4481,-0.4988,0.0106,0.1963,0.75,,CLOSED,2026-03-31 10:02:00.000000,22884.36,Time Exit,-684.0000000000146
adx_trend,SELL,2026-03-31 09:57:00.000000,22887.28,22900,pe,10.0,-0.4691,-0.4382,0.0096,0.2126,0.75,,CLOSED,2026-03-31 10:03:00.000000,22890.87,Time Exit,-179.50000000000728
adx_trend,SELL,2026-03-31 09:58:00.000000,22897.37,22900,pe,10.0,-0.4691,-0.4382,0.0096,0.2126,0.75,,CLOSED,2026-03-31 10:04:00.000000,22886.72,Time Exit,532.4999999998909
adx_trend,SELL,2026-03-31 09:59:00.000000,22917.98,22900,pe,10.0,-0.4691,-0.4382,0.0096,0.2126,0.75,,CLOSED,2026-03-31 10:05:00.000000,22884.8,Time Exit,1659.0000000000146
adx_trend,SELL,2026-03-31 10:00:00.000000,22908.38,22900,pe,10.0,-0.4691,-0.4382,0.0096,0.2126,0.75,,CLOSED,2026-03-31 10:06:00.000000,22888.25,Time Exit,1006.5000000000509
adx_trend,SELL,2026-03-31 10:01:00.000000,22903.99,22900,pe,10.0,-0.4691,-0.4382,0.0096,0.2126,0.75,,CLOSED,2026-03-31 10:07:00.000000,22908.67,Time Exit,-233.99999999983265
adx_trend,BUY,2026-03-31 10:02:00.000000,22884.36,22900,ce,5.0,0.5013,-0.4595,0.0096,0.2126,0.75,,CLOSED,2026-03-31 10:08:00.000000,22915.72,Time Exit,1568.000000000029
adx_trend,BUY,2026-03-31 10:03:00.000000,22890.87,22900,ce,5.0,0.5013,-0.4595,0.0096,0.2126,0.75,,CLOSED,2026-03-31 10:09:00.000000,22919.96,Time Exit,1454.5000000000073
adx_trend,BUY,2026-03-31 10:04:00.000000,22886.72,22900,ce,5.0,0.5013,-0.4595,0.0096,0.2126,0.75,,CLOSED,2026-03-31 10:10:00.000000,22922.4,Time Exit,1784.0000000000146
adx_trend,BUY,2026-03-31 10:05:00.000000,22884.8,22900,ce,5.0,0.5013,-0.4595,0.0096,0.2126,0.75,,CLOSED,2026-03-31 10:11:00.000000,22927.73,Time Exit,2146.5000000000146
adx_trend,BUY,2026-03-31 10:06:00.000000,22888.25,22900,ce,5.0,0.5013,-0.4595,0.0096,0.2126,0.75,,CLOSED,2026-03-31 10:12:00.000000,22912.63,Time Exit,1219.000000000051
adx_trend,BUY,2026-03-31 10:07:00.000000,22908.67,22900,ce,5.0,0.5013,-0.4595,0.0096,0.2126,0.75,,CLOSED,2026-03-31 10:13:00.000000,22919.86,Time Exit,559.5000000001164
adx_trend,BUY,2026-03-31 10:08:00.000000,22915.72,22900,ce,5.0,0.5013,-0.4595,0.0096,0.2126,0.75,,CLOSED,2026-03-31 10:14:00.000000,22922.15,Time Exit,321.50000000001455
adx_trend,BUY,2026-03-31 10:09:00.000000,22919.96,22900,ce,5.0,0.5013,-0.4595,0.0096,0.2126,0.75,,CLOSED,2026-03-31 10:15:00.000000,22958.67,Time Exit,1935.4999999999563
adx_trend,BUY,2026-03-31 10:10:00.000000,22922.4,22900,ce,5.0,0.5013,-0.4595,0.0096,0.2126,0.75,,CLOSED,2026-03-31 10:16:00.000000,22967.29,Time Exit,2244.499999999971
adx_trend,BUY,2026-03-31 10:11:00.000000,22927.73,22950,ce,5.0,0.4707,-0.5054,0.0093,0.2014,0.75,,CLOSED,2026-03-31 10:17:00.000000,22984.15,Time Exit,2821.0000000000946
adx_trend,BUY,2026-03-31 10:12:00.000000,22912.63,22900,ce,5.0,0.5013,-0.4595,0.0096,0.2126,0.75,,CLOSED,2026-03-31 10:18:00.000000,22975.68,Time Exit,3152.4999999999636
adx_trend,BUY,2026-03-31 10:13:00.000000,22919.86,22900,ce,5.0,0.5013,-0.4595,0.0096,0.2126,0.75,,CLOSED,2026-03-31 10:19:00.000000,22967.16,Time Exit,2364.9999999999636
adx_trend,BUY,2026-03-31 10:14:00.000000,22922.15,22900,ce,5.0,0.5013,-0.4595,0.0096,0.2126,0.75,,CLOSED,2026-03-31 10:20:00.000000,22963.25,Time Exit,2054.9999999999272
adx_trend,BUY,2026-03-31 10:15:00.000000,22958.67,22950,ce,5.0,0.4707,-0.5054,0.0093,0.2014,0.75,,CLOSED,2026-03-31 10:21:00.000000,22985.91,Time Exit,1362.00000000008
adx_trend,BUY,2026-03-31 10:16:00.000000,22967.29,22950,ce,5.0,0.4707,-0.5054,0.0093,0.2014,0.75,,CLOSED,2026-03-31 10:22:00.000000,22971.16,Time Exit,193.49999999994907
adx_trend,BUY,2026-03-31 10:17:00.000000,22984.15,23000,ce,5.0,0.4732,-0.5163,0.0096,0.2091,0.75,,CLOSED,2026-03-31 10:23:00.000000,22961.09,Time Exit,-1153.0000000000655
adx_trend,BUY,2026-03-31 10:18:00.000000,22975.68,23000,ce,5.0,0.4732,-0.5163,0.0096,0.2091,0.75,,CLOSED,2026-03-31 10:24:00.000000,22960.18,Time Exit,-775.0
adx_trend,BUY,2026-03-31 10:19:00.000000,22967.16,22950,ce,5.0,0.4707,-0.5054,0.0093,0.2014,0.75,,CLOSED,2026-03-31 10:25:00.000000,22968.34,Time Exit,59.00000000001455
adx_trend,BUY,2026-03-31 10:20:00.000000,22963.25,22950,ce,5.0,0.4707,-0.5054,0.0093,0.2014,0.75,,CLOSED,2026-03-31 10:26:00.000000,22991.34,Time Exit,1404.5000000000073
adx_trend,BUY,2026-03-31 10:21:00.000000,22985.91,23000,ce,5.0,0.4732,-0.5163,0.0096,0.2091,0.75,,CLOSED,2026-03-31 10:27:00.000000,22988.37,Time Exit,122.99999999995634
adx_trend,BUY,2026-03-31 10:22:00.000000,22971.16,22950,ce,5.0,0.4707,-0.5054,0.0093,0.2014,0.75,,CLOSED,2026-03-31 10:28:00.000000,22980.37,Time Exit,460.49999999995634
adx_trend,BUY,2026-03-31 10:23:00.000000,22961.09,22950,ce,5.0,0.4707,-0.5054,0.0093,0.2014,0.75,,CLOSED,2026-03-31 10:29:00.000000,22997.44,Time Exit,1817.4999999999272
adx_trend,BUY,2026-03-31 10:24:00.000000,22960.18,22950,ce,5.0,0.4707,-0.5054,0.0093,0.2014,0.75,,CLOSED,2026-03-31 10:30:00.000000,22977.92,Time Exit,886.9999999998981
adx_trend,BUY,2026-03-31 10:25:00.000000,22968.34,22950,ce,5.0,0.4707,-0.5054,0.0093,0.2014,0.75,,CLOSED,2026-03-31 10:31:00.000000,22998.71,Time Exit,1518.499999999949
adx_trend,BUY,2026-03-31 10:26:00.000000,22991.34,23000,ce,5.0,0.4732,-0.5163,0.0096,0.2091,0.75,,CLOSED,2026-03-31 10:32:00.000000,23028.84,Time Exit,1875.0
adx_trend,BUY,2026-03-31 10:27:00.000000,22988.37,23000,ce,5.0,0.4732,-0.5163,0.0096,0.2091,0.75,,CLOSED,2026-03-31 10:33:00.000000,23030.59,Time Exit,2111.000000000058
adx_trend,BUY,2026-03-31 10:28:00.000000,22980.37,23000,ce,5.0,0.4732,-0.5163,0.0096,0.2091,0.75,,CLOSED,2026-03-31 10:34:00.000000,23023.42,Time Exit,2152.4999999999636
adx_trend,BUY,2026-03-31 10:29:00.000000,22997.44,23000,ce,5.0,0.4732,-0.5163,0.0096,0.2091,0.75,,CLOSED,2026-03-31 10:35:00.000000,23035.29,Time Exit,1892.5000000001091
adx_trend,BUY,2026-03-31 10:30:00.000000,22977.92,23000,ce,5.0,0.4732,-0.5163,0.0096,0.2091,0.75,,CLOSED,2026-03-31 10:36:00.000000,23062.76,Time Exit,4242.000000000007
adx_trend,BUY,2026-03-31 10:31:00.000000,22998.71,23000,ce,5.0,0.4732,-0.5163,0.0096,0.2091,0.75,,CLOSED,2026-03-31 10:37:00.000000,23065.86,Time Exit,3357.5000000000728
adx_trend,BUY,2026-03-31 10:32:00.000000,23028.84,23050,ce,5.0,0.5291,-0.4788,0.0117,0.2132,0.75,,CLOSED,2026-03-31 10:38:00.000000,23102.75,Time Exit,3695.4999999999927
adx_trend,BUY,2026-03-31 10:33:00.000000,23030.59,23050,ce,5.0,0.5291,-0.4788,0.0117,0.2132,0.75,,CLOSED,2026-03-31 10:39:00.000000,23137.87,Time Exit,5363.999999999942
adx_trend,BUY,2026-03-31 10:34:00.000000,23023.42,23000,ce,5.0,0.4732,-0.5163,0.0096,0.2091,0.75,,CLOSED,2026-03-31 10:40:00.000000,23167.9,Time Exit,7224.00000000016
adx_trend,BUY,2026-03-31 10:35:00.000000,23035.29,23050,ce,5.0,0.5291,-0.4788,0.0117,0.2132,0.75,,CLOSED,2026-03-31 10:41:00.000000,23156.46,Time Exit,6058.499999999913
adx_trend,BUY,2026-03-31 10:36:00.000000,23062.76,23050,ce,5.0,0.5291,-0.4788,0.0117,0.2132,0.75,,CLOSED,2026-03-31 10:42:00.000000,23191.23,Time Exit,6423.500000000058
adx_trend,BUY,2026-03-31 10:37:00.000000,23065.86,23050,ce,5.0,0.5291,-0.4788,0.0117,0.2132,0.75,,CLOSED,2026-03-31 10:43:00.000000,23177.98,Time Exit,5605.999999999949
adx_trend,BUY,2026-03-31 10:38:00.000000,23102.75,23100,ce,5.0,0.5573,-0.5358,0.0098,0.1906,0.75,,CLOSED,2026-03-31 10:44:00.000000,23198.21,Time Exit,4772.999999999956
adx_trend,BUY,2026-03-31 10:39:00.000000,23137.87,23150,ce,5.0,0.4874,-0.4762,0.0107,0.2237,0.75,,CLOSED,2026-03-31 10:45:00.000000,23222.09,Time Exit,4211.000000000058
adx_trend,BUY,2026-03-31 10:40:00.000000,23167.9,23150,ce,5.0,0.4874,-0.4762,0.0107,0.2237,0.75,,CLOSED,2026-03-31 10:46:00.000000,23201.98,Time Exit,1703.9999999999054
adx_trend,BUY,2026-03-31 10:41:00.000000,23156.46,23150,ce,5.0,0.4874,-0.4762,0.0107,0.2237,0.75,,CLOSED,2026-03-31 10:47:00.000000,23204.81,Time Exit,2417.500000000109
adx_trend,BUY,2026-03-31 10:42:00.000000,23191.23,23200,ce,7.28,0.5398,-0.5196,0.0093,0.1853,0.75,,CLOSED,2026-03-31 10:48:00.000000,23211.43,Time Exit,1010.0000000000364
adx_trend,BUY,2026-03-31 10:43:00.000000,23177.98,23200,ce,7.28,0.5398,-0.5196,0.0093,0.1853,0.75,,CLOSED,2026-03-31 10:49:00.000000,23211.71,Time Exit,1686.4999999999782
adx_trend,BUY,2026-03-31 10:44:00.000000,23198.21,23200,ce,7.28,0.5398,-0.5196,0.0093,0.1853,0.75,,CLOSED,2026-03-31 10:50:00.000000,23235.38,Time Exit,1858.5000000000946
adx_trend,BUY,2026-03-31 10:45:00.000000,23222.09,23200,ce,7.28,0.5398,-0.5196,0.0093,0.1853,0.75,,CLOSED,2026-03-31 10:51:00.000000,23250.79,Time Exit,1435.0000000000364
adx_trend,BUY,2026-03-31 10:46:00.000000,23201.98,23200,ce,7.28,0.5398,-0.5196,0.0093,0.1853,0.75,,CLOSED,2026-03-31 10:52:00.000000,23264.95,Time Exit,3148.500000000058
adx_trend,BUY,2026-03-31 10:47:00.000000,23204.81,23200,ce,7.28,0.5398,-0.5196,0.0093,0.1853,0.75,,CLOSED,2026-03-31 10:53:00.000000,23233.95,Time Exit,1456.999999999971
adx_trend,BUY,2026-03-31 10:48:00.000000,23211.43,23200,ce,7.28,0.5398,-0.5196,0.0093,0.1853,0.75,,CLOSED,2026-03-31 10:54:00.000000,23248.1,Time Exit,1833.4999999999127
adx_trend,BUY,2026-03-31 10:49:00.000000,23211.71,23200,ce,7.28,0.5398,-0.5196,0.0093,0.1853,0.75,,CLOSED,2026-03-31 10:55:00.000000,23220.25,Time Exit,427.00000000004366
adx_trend,BUY,2026-03-31 10:50:00.000000,23235.38,23250,ce,15.71,0.5149,-0.4232,0.009,0.2097,0.75,,CLOSED,2026-03-31 10:56:00.000000,23232.92,Time Exit,-123.00000000013824
adx_trend,BUY,2026-03-31 10:51:00.000000,23250.79,23250,ce,15.71,0.5149,-0.4232,0.009,0.2097,0.75,,CLOSED,2026-03-31 10:57:00.000000,23238.99,Time Exit,-589.9999999999636
adx_trend,BUY,2026-03-31 10:52:00.000000,23264.95,23250,ce,15.71,0.5149,-0.4232,0.009,0.2097,0.75,,CLOSED,2026-03-31 10:58:00.000000,23216.71,Time Exit,-2412.00000000008
adx_trend,BUY,2026-03-31 10:53:00.000000,23233.95,23250,ce,15.71,0.5149,-0.4232,0.009,0.2097,0.75,,CLOSED,2026-03-31 10:59:00.000000,23172.86,Time Exit,-3054.5000000000073
adx_trend,BUY,2026-03-31 10:54:00.000000,23248.1,23250,ce,15.71,0.5149,-0.4232,0.009,0.2097,0.75,,CLOSED,2026-03-31 11:00:00.000000,23204.53,Time Exit,-2178.4999999999854
adx_trend,BUY,2026-03-31 10:55:00.000000,23220.25,23200,ce,7.28,0.5398,-0.5196,0.0093,0.1853,0.75,,CLOSED,2026-03-31 11:01:00.000000,23177.31,Time Exit,-2146.9999999999345
adx_trend,BUY,2026-03-31 10:56:00.000000,23232.92,23250,ce,15.71,0.5149,-0.4232,0.009,0.2097,0.75,,CLOSED,2026-03-31 11:02:00.000000,23172.67,Time Exit,-3012.5
adx_trend,BUY,2026-03-31 10:57:00.000000,23238.99,23250,ce,15.71,0.5149,-0.4232,0.009,0.2097,0.75,,CLOSED,2026-03-31 11:03:00.000000,23144.55,Time Exit,-4722.000000000116
adx_trend,BUY,2026-03-31 10:58:00.000000,23216.71,23200,ce,7.28,0.5398,-0.5196,0.0093,0.1853,0.75,,CLOSED,2026-03-31 11:04:00.000000,23140.05,Time Exit,-3832.9999999999927
adx_trend,BUY,2026-03-31 10:59:00.000000,23172.86,23150,ce,5.0,0.4874,-0.4762,0.0107,0.2237,0.75,,CLOSED,2026-03-31 11:05:00.000000,23131.67,Time Exit,-2059.5000000001164
adx_trend,BUY,2026-03-31 11:00:00.000000,23204.53,23200,ce,7.28,0.5398,-0.5196,0.0093,0.1853,0.75,,CLOSED,2026-03-31 11:06:00.000000,23149.11,Time Exit,-2770.9999999999127
adx_trend,BUY,2026-03-31 11:01:00.000000,23177.31,23200,ce,7.28,0.5398,-0.5196,0.0093,0.1853,0.75,,CLOSED,2026-03-31 11:07:00.000000,23127.69,Time Exit,-2481.000000000131
adx_trend,BUY,2026-03-31 11:02:00.000000,23172.67,23150,ce,5.0,0.4874,-0.4762,0.0107,0.2237,0.75,,CLOSED,2026-03-31 11:08:00.000000,23116.62,Time Exit,-2802.4999999999636
adx_trend,BUY,2026-03-31 11:03:00.000000,23144.55,23150,ce,5.0,0.4874,-0.4762,0.0107,0.2237,0.75,,CLOSED,2026-03-31 11:09:00.000000,23133.25,Time Exit,-564.9999999999636
adx_trend,BUY,2026-03-31 11:04:00.000000,23140.05,23150,ce,5.0,0.4874,-0.4762,0.0107,0.2237,0.75,,CLOSED,2026-03-31 11:10:00.000000,23160.92,Time Exit,1043.499999999949
adx_trend,BUY,2026-03-31 11:05:00.000000,23131.67,23150,ce,5.0,0.4874,-0.4762,0.0107,0.2237,0.75,,CLOSED,2026-03-31 11:11:00.000000,23173.63,Time Exit,2098.0000000001382
adx_trend,BUY,2026-03-31 11:06:00.000000,23149.11,23150,ce,5.0,0.4874,-0.4762,0.0107,0.2237,0.75,,CLOSED,2026-03-31 11:12:00.000000,23178.75,Time Exit,1481.999999999971
adx_trend,BUY,2026-03-31 11:07:00.000000,23127.69,23150,ce,5.0,0.4874,-0.4762,0.0107,0.2237,0.75,,CLOSED,2026-03-31 11:13:00.000000,23180.08,Time Exit,2619.500000000153
adx_trend,BUY,2026-03-31 11:08:00.000000,23116.62,23100,ce,5.0,0.5573,-0.5358,0.0098,0.1906,0.75,,CLOSED,2026-03-31 11:14:00.000000,23185.42,Time Exit,3439.9999999999636
adx_trend,BUY,2026-03-31 11:09:00.000000,23133.25,23150,ce,5.0,0.4874,-0.4762,0.0107,0.2237,0.75,,CLOSED,2026-03-31 11:15:00.000000,23204.03,Time Exit,3538.999999999942
adx_trend,BUY,2026-03-31 11:10:00.000000,23160.92,23150,ce,5.0,0.4874,-0.4762,0.0107,0.2237,0.75,,CLOSED,2026-03-31 11:16:00.000000,23175.3,Time Exit,719.0000000000509
adx_trend,BUY,2026-03-31 11:11:00.000000,23173.63,23150,ce,5.0,0.4874,-0.4762,0.0107,0.2237,0.75,,CLOSED,2026-03-31 11:17:00.000000,23179.45,Time Exit,290.99999999998545
adx_trend,BUY,2026-03-31 11:12:00.000000,23178.75,23200,ce,7.28,0.5398,-0.5196,0.0093,0.1853,0.75,,CLOSED,2026-03-31 11:18:00.000000,23166.31,Time Exit,-621.9999999999345
adx_trend,BUY,2026-03-31 11:13:00.000000,23180.08,23200,ce,7.28,0.5398,-0.5196,0.0093,0.1853,0.75,,CLOSED,2026-03-31 11:19:00.000000,23181.27,Time Exit,59.499999999934516
adx_trend,BUY,2026-03-31 11:14:00.000000,23185.42,23200,ce,7.28,0.5398,-0.5196,0.0093,0.1853,0.75,,CLOSED,2026-03-31 11:20:00.000000,23231.9,Time Exit,2324.00000000016
adx_trend,BUY,2026-03-31 11:15:00.000000,23204.03,23200,ce,7.28,0.5398,-0.5196,0.0093,0.1853,0.75,,CLOSED,2026-03-31 11:21:00.000000,23237.51,Time Exit,1673.9999999999782
adx_trend,BUY,2026-03-31 11:16:00.000000,23175.3,23200,ce,7.28,0.5398,-0.5196,0.0093,0.1853,0.75,,CLOSED,2026-03-31 11:22:00.000000,23258.41,Time Exit,4155.500000000029
adx_trend,BUY,2026-03-31 11:17:00.000000,23179.45,23200,ce,7.28,0.5398,-0.5196,0.0093,0.1853,0.75,,CLOSED,2026-03-31 11:23:00.000000,23265.82,Time Exit,4318.499999999949
adx_trend,BUY,2026-03-31 11:18:00.000000,23166.31,23150,ce,5.0,0.4874,-0.4762,0.0107,0.2237,0.75,,CLOSED,2026-03-31 11:24:00.000000,23290.29,Time Exit,6198.999999999978
adx_trend,BUY,2026-03-31 11:19:00.000000,23181.27,23200,ce,7.28,0.5398,-0.5196,0.0093,0.1853,0.75,,CLOSED,2026-03-31 11:25:00.000000,23266.74,Time Exit,4273.500000000058
adx_trend,BUY,2026-03-31 11:20:00.000000,23231.9,23250,ce,15.71,0.5149,-0.4232,0.009,0.2097,0.75,,CLOSED,2026-03-31 11:26:00.000000,23290.21,Time Exit,2915.4999999998836
adx_trend,BUY,2026-03-31 11:21:00.000000,23237.51,23250,ce,15.71,0.5149,-0.4232,0.009,0.2097,0.75,,CLOSED,2026-03-31 11:27:00.000000,23288.74,Time Exit,2561.50000000016
adx_trend,BUY,2026-03-31 11:22:00.000000,23258.41,23250,ce,15.71,0.5149,-0.4232,0.009,0.2097,0.75,,CLOSED,2026-03-31 11:28:00.000000,23289.76,Time Exit,1567.4999999999272
adx_trend,BUY,2026-03-31 11:23:00.000000,23265.82,23250,ce,15.71,0.5149,-0.4232,0.009,0.2097,0.75,,CLOSED,2026-03-31 11:29:00.000000,23294.31,Time Exit,1424.50000000008
adx_trend,BUY,2026-03-31 11:24:00.000000,23290.29,23300,ce,14.11,0.6207,-0.4682,0.0106,0.1986,0.75,,CLOSED,2026-03-31 11:30:00.000000,23279.14,Time Exit,-557.5000000000728
adx_trend,BUY,2026-03-31 11:25:00.000000,23266.74,23250,ce,15.71,0.5149,-0.4232,0.009,0.2097,0.75,,CLOSED,2026-03-31 11:31:00.000000,23267.06,Time Exit,15.999999999985448
adx_trend,BUY,2026-03-31 11:26:00.000000,23290.21,23300,ce,14.11,0.6207,-0.4682,0.0106,0.1986,0.75,,CLOSED,2026-03-31 11:32:00.000000,23260.01,Time Exit,-1510.0000000000364
adx_trend,BUY,2026-03-31 11:27:00.000000,23288.74,23300,ce,14.11,0.6207,-0.4682,0.0106,0.1986,0.75,,CLOSED,2026-03-31 11:33:00.000000,23275.59,Time Exit,-657.5000000000728
adx_trend,BUY,2026-03-31 11:28:00.000000,23289.76,23300,ce,14.11,0.6207,-0.4682,0.0106,0.1986,0.75,,CLOSED,2026-03-31 11:34:00.000000,23278.3,Time Exit,-572.9999999999563
adx_trend,BUY,2026-03-31 11:29:00.000000,23294.31,23300,ce,14.11,0.6207,-0.4682,0.0106,0.1986,0.75,,CLOSED,2026-03-31 11:35:00.000000,23285.7,Time Exit,-430.5000000000291
adx_trend,BUY,2026-03-31 11:30:00.000000,23279.14,23300,ce,14.11,0.6207,-0.4682,0.0106,0.1986,0.75,,CLOSED,2026-03-31 11:36:00.000000,23277.8,Time Exit,-67.00000000000728
adx_trend,BUY,2026-03-31 11:31:00.000000,23267.06,23250,ce,15.71,0.5149,-0.4232,0.009,0.2097,0.75,,CLOSED,2026-03-31 11:37:00.000000,23264.54,Time Exit,-126.00000000002183
adx_trend,BUY,2026-03-31 11:32:00.000000,23260.01,23250,ce,15.71,0.5149,-0.4232,0.009,0.2097,0.75,,CLOSED,2026-03-31 11:38:00.000000,23256.23,Time Exit,-188.9999999999418
adx_trend,BUY,2026-03-31 11:33:00.000000,23275.59,23300,ce,14.11,0.6207,-0.4682,0.0106,0.1986,0.75,,CLOSED,2026-03-31 11:39:00.000000,23234.69,Time Exit,-2045.0000000000728
adx_trend,BUY,2026-03-31 11:34:00.000000,23278.3,23300,ce,14.11,0.6207,-0.4682,0.0106,0.1986,0.75,,CLOSED,2026-03-31 11:40:00.000000,23245.91,Time Exit,-1619.499999999971
adx_trend,BUY,2026-03-31 11:35:00.000000,23285.7,23300,ce,14.11,0.6207,-0.4682,0.0106,0.1986,0.75,,CLOSED,2026-03-31 11:41:00.000000,23249.22,Time Exit,-1823.9999999999782
adx_trend,BUY,2026-03-31 11:36:00.000000,23277.8,23300,ce,14.11,0.6207,-0.4682,0.0106,0.1986,0.75,,CLOSED,2026-03-31 11:42:00.000000,23291.49,Time Exit,684.5000000001164
adx_trend,BUY,2026-03-31 11:37:00.000000,23264.54,23250,ce,15.71,0.5149,-0.4232,0.009,0.2097,0.75,,CLOSED,2026-03-31 11:43:00.000000,23252.69,Time Exit,-592.5000000001091
adx_trend,BUY,2026-03-31 11:38:00.000000,23256.23,23250,ce,15.71,0.5149,-0.4232,0.009,0.2097,0.75,,CLOSED,2026-03-31 11:44:00.000000,23282.24,Time Exit,1300.5000000001019
adx_trend,BUY,2026-03-31 11:39:00.000000,23234.69,23250,ce,15.71,0.5149,-0.4232,0.009,0.2097,0.75,,CLOSED,2026-03-31 11:45:00.000000,23291.28,Time Exit,2829.5000000000073
adx_trend,BUY,2026-03-31 11:40:00.000000,23245.91,23250,ce,15.71,0.5149,-0.4232,0.009,0.2097,0.75,,CLOSED,2026-03-31 11:46:00.000000,23278.22,Time Exit,1615.5000000000655
adx_trend,BUY,2026-03-31 11:41:00.000000,23249.22,23250,ce,15.71,0.5149,-0.4232,0.009,0.2097,0.75,,CLOSED,2026-03-31 11:47:00.000000,23278.07,Time Exit,1442.4999999999272
adx_trend,BUY,2026-03-31 11:42:00.000000,23291.49,23300,ce,14.11,0.6207,-0.4682,0.0106,0.1986,0.75,,CLOSED,2026-03-31 11:48:00.000000,23260.96,Time Exit,-1526.5000000001237
adx_trend,BUY,2026-03-31 11:43:00.000000,23252.69,23250,ce,15.71,0.5149,-0.4232,0.009,0.2097,0.75,,CLOSED,2026-03-31 11:49:00.000000,23272.83,Time Exit,1007.0000000001528
adx_trend,BUY,2026-03-31 11:44:00.000000,23282.24,23300,ce,14.11,0.6207,-0.4682,0.0106,0.1986,0.75,,CLOSED,2026-03-31 11:50:00.000000,23295.2,Time Exit,647.9999999999563
adx_trend,BUY,2026-03-31 11:45:00.000000,23291.28,23300,ce,14.11,0.6207,-0.4682,0.0106,0.1986,0.75,,CLOSED,2026-03-31 11:51:00.000000,23300.35,Time Exit,453.49999999998545
adx_trend,BUY,2026-03-31 11:46:00.000000,23278.22,23300,ce,14.11,0.6207,-0.4682,0.0106,0.1986,0.75,,CLOSED,2026-03-31 11:52:00.000000,23315.72,Time Exit,1875.0
adx_trend,BUY,2026-03-31 11:47:00.000000,23278.07,23300,ce,14.11,0.6207,-0.4682,0.0106,0.1986,0.75,,CLOSED,2026-03-31 11:53:00.000000,23319.14,Time Exit,2053.4999999999854
adx_trend,BUY,2026-03-31 11:48:00.000000,23260.96,23250,ce,15.71,0.5149,-0.4232,0.009,0.2097,0.75,,CLOSED,2026-03-31 11:54:00.000000,23309.24,Time Exit,2414.0000000001237
adx_trend,BUY,2026-03-31 11:49:00.000000,23272.83,23250,ce,15.71,0.5149,-0.4232,0.009,0.2097,0.75,,CLOSED,2026-03-31 11:55:00.000000,23313.64,Time Exit,2040.4999999998836
adx_trend,BUY,2026-03-31 11:50:00.000000,23295.2,23300,ce,14.11,0.6207,-0.4682,0.0106,0.1986,0.75,,CLOSED,2026-03-31 11:56:00.000000,23338.49,Time Exit,2164.5000000000437
adx_trend,BUY,2026-03-31 11:51:00.000000,23300.35,23300,ce,14.11,0.6207,-0.4682,0.0106,0.1986,0.75,,CLOSED,2026-03-31 11:57:00.000000,23355.08,Time Exit,2736.50000000016
adx_trend,BUY,2026-03-31 11:52:00.000000,23315.72,23300,ce,14.11,0.6207,-0.4682,0.0106,0.1986,0.75,,CLOSED,2026-03-31 11:58:00.000000,23367.65,Time Exit,2596.5000000000146
adx_trend,BUY,2026-03-31 11:53:00.000000,23319.14,23300,ce,14.11,0.6207,-0.4682,0.0106,0.1986,0.75,,CLOSED,2026-03-31 11:59:00.000000,23338.75,Time Exit,980.5000000000291
adx_trend,BUY,2026-03-31 11:54:00.000000,23309.24,23300,ce,14.11,0.6207,-0.4682,0.0106,0.1986,0.75,,CLOSED,2026-03-31 12:00:00.000000,23310.68,Time Exit,71.99999999993452
adx_trend,BUY,2026-03-31 11:55:00.000000,23313.64,23300,ce,14.11,0.6207,-0.4682,0.0106,0.1986,0.75,,CLOSED,2026-03-31 12:01:00.000000,23308.98,Time Exit,-232.99999999999272
adx_trend,BUY,2026-03-31 11:56:00.000000,23338.49,23350,ce,14.16,0.5057,-0.497,0.0099,0.1943,0.75,,CLOSED,2026-03-31 12:02:00.000000,23303.96,Time Exit,-1726.5000000001237
adx_trend,BUY,2026-03-31 11:57:00.000000,23355.08,23350,ce,14.16,0.5057,-0.497,0.0099,0.1943,0.75,,CLOSED,2026-03-31 12:03:00.000000,23307.0,Time Exit,-2404.0000000000873
adx_trend,BUY,2026-03-31 11:58:00.000000,23367.65,23350,ce,14.16,0.5057,-0.497,0.0099,0.1943,0.75,,CLOSED,2026-03-31 12:04:00.000000,23331.78,Time Exit,-1793.500000000131
adx_trend,BUY,2026-03-31 11:59:00.000000,23338.75,23350,ce,14.16,0.5057,-0.497,0.0099,0.1943,0.75,,CLOSED,2026-03-31 12:05:00.000000,23341.94,Time Exit,159.49999999993452
adx_trend,BUY,2026-03-31 12:00:00.000000,23310.68,23300,ce,14.11,0.6207,-0.4682,0.0106,0.1986,0.75,,CLOSED,2026-03-31 12:06:00.000000,23329.0,Time Exit,915.9999999999854
adx_trend,BUY,2026-03-31 12:01:00.000000,23308.98,23300,ce,14.11,0.6207,-0.4682,0.0106,0.1986,0.75,,CLOSED,2026-03-31 12:07:00.000000,23323.98,Time Exit,750.0
adx_trend,BUY,2026-03-31 12:02:00.000000,23303.96,23300,ce,14.11,0.6207,-0.4682,0.0106,0.1986,0.75,,CLOSED,2026-03-31 12:08:00.000000,23311.88,Time Exit,396.0000000000946
adx_trend,BUY,2026-03-31 12:03:00.000000,23307.0,23300,ce,14.11,0.6207,-0.4682,0.0106,0.1986,0.75,,CLOSED,2026-03-31 12:09:00.000000,23299.86,Time Exit,-356.9999999999709
adx_trend,BUY,2026-03-31 12:04:00.000000,23331.78,23350,ce,14.16,0.5057,-0.497,0.0099,0.1943,0.75,,CLOSED,2026-03-31 12:10:00.000000,23318.1,Time Exit,-684.0000000000146
adx_trend,BUY,2026-03-31 12:05:00.000000,23341.94,23350,ce,14.16,0.5057,-0.497,0.0099,0.1943,0.75,,CLOSED,2026-03-31 12:11:00.000000,23338.94,Time Exit,-150.0
adx_trend,BUY,2026-03-31 12:06:00.000000,23329.0,23350,ce,14.16,0.5057,-0.497,0.0099,0.1943,0.75,,CLOSED,2026-03-31 12:12:00.000000,23334.04,Time Exit,252.00000000004366
adx_trend,BUY,2026-03-31 12:07:00.000000,23323.98,23300,ce,14.11,0.6207,-0.4682,0.0106,0.1986,0.75,,CLOSED,2026-03-31 12:13:00.000000,23320.75,Time Exit,-161.49999999997817
adx_trend,BUY,2026-03-31 12:08:00.000000,23311.88,23300,ce,14.11,0.6207,-0.4682,0.0106,0.1986,0.75,,CLOSED,2026-03-31 12:14:00.000000,23306.17,Time Exit,-285.50000000013824
adx_trend,BUY,2026-03-31 12:09:00.000000,23299.86,23300,ce,14.11,0.6207,-0.4682,0.0106,0.1986,0.75,,CLOSED,2026-03-31 12:15:00.000000,23299.91,Time Exit,2.49999999996362
adx_trend,BUY,2026-03-31 12:10:00.000000,23318.1,23300,ce,14.11,0.6207,-0.4682,0.0106,0.1986,0.75,,CLOSED,2026-03-31 12:16:00.000000,23286.41,Time Exit,-1584.4999999999345
adx_trend,BUY,2026-03-31 12:11:00.000000,23338.94,23350,ce,14.16,0.5057,-0.497,0.0099,0.1943,0.75,,CLOSED,2026-03-31 12:17:00.000000,23282.94,Time Exit,-2800.0
adx_trend,BUY,2026-03-31 12:12:00.000000,23334.04,23350,ce,14.16,0.5057,-0.497,0.0099,0.1943,0.75,,CLOSED,2026-03-31 12:18:00.000000,23303.76,Time Exit,-1514.0000000001237
adx_trend,BUY,2026-03-31 12:13:00.000000,23320.75,23300,ce,14.11,0.6207,-0.4682,0.0106,0.1986,0.75,,CLOSED,2026-03-31 12:19:00.000000,23309.67,Time Exit,-554.0000000000873
adx_trend,BUY,2026-03-31 12:14:00.000000,23306.17,23300,ce,14.11,0.6207,-0.4682,0.0106,0.1986,0.75,,CLOSED,2026-03-31 12:20:00.000000,23300.89,Time Exit,-263.9999999999418
adx_trend,BUY,2026-03-31 12:15:00.000000,23299.91,23300,ce,14.11,0.6207,-0.4682,0.0106,0.1986,0.75,,CLOSED,2026-03-31 12:21:00.000000,23335.34,Time Exit,1771.5000000000146
adx_trend,BUY,2026-03-31 12:16:00.000000,23286.41,23300,ce,14.11,0.6207,-0.4682,0.0106,0.1986,0.75,,CLOSED,2026-03-31 12:22:00.000000,23361.82,Time Exit,3770.4999999999927
adx_trend,BUY,2026-03-31 12:17:00.000000,23282.94,23300,ce,14.11,0.6207,-0.4682,0.0106,0.1986,0.75,,CLOSED,2026-03-31 12:23:00.000000,23360.35,Time Exit,3870.4999999999927
adx_trend,BUY,2026-03-31 12:18:00.000000,23303.76,23300,ce,14.11,0.6207,-0.4682,0.0106,0.1986,0.75,,CLOSED,2026-03-31 12:24:00.000000,23366.01,Time Exit,3112.5
adx_trend,BUY,2026-03-31 12:19:00.000000,23309.67,23300,ce,14.11,0.6207,-0.4682,0.0106,0.1986,0.75,,CLOSED,2026-03-31 12:25:00.000000,23371.32,Time Exit,3082.5000000000728
adx_trend,BUY,2026-03-31 12:20:00.000000,23300.89,23300,ce,14.11,0.6207,-0.4682,0.0106,0.1986,0.75,,CLOSED,2026-03-31 12:26:00.000000,23384.19,Time Exit,4164.999999999964
adx_trend,BUY,2026-03-31 12:21:00.000000,23335.34,23350,ce,14.16,0.5057,-0.497,0.0099,0.1943,0.75,,CLOSED,2026-03-31 12:27:00.000000,23347.2,Time Exit,593.0000000000291
adx_trend,BUY,2026-03-31 12:22:00.000000,23361.82,23350,ce,14.16,0.5057,-0.497,0.0099,0.1943,0.75,,CLOSED,2026-03-31 12:28:00.000000,23373.1,Time Exit,563.9999999999418
adx_trend,BUY,2026-03-31 12:23:00.000000,23360.35,23350,ce,14.16,0.5057,-0.497,0.0099,0.1943,0.75,,CLOSED,2026-03-31 12:29:00.000000,23354.31,Time Exit,-301.99999999986176
adx_trend,BUY,2026-03-31 12:24:00.000000,23366.01,23350,ce,14.16,0.5057,-0.497,0.0099,0.1943,0.75,,CLOSED,2026-03-31 12:30:00.000000,23357.16,Time Exit,-442.49999999992724
adx_trend,BUY,2026-03-31 12:25:00.000000,23371.32,23350,ce,14.16,0.5057,-0.497,0.0099,0.1943,0.75,,CLOSED,2026-03-31 12:31:00.000000,23373.19,Time Exit,93.49999999994907
adx_trend,BUY,2026-03-31 12:26:00.000000,23384.19,23400,ce,9.0,0.4362,-0.4861,0.0101,0.176,0.75,,CLOSED,2026-03-31 12:32:00.000000,23375.08,Time Exit,-455.4999999998472
adx_trend,BUY,2026-03-31 12:27:00.000000,23347.2,23350,ce,14.16,0.5057,-0.497,0.0099,0.1943,0.75,,CLOSED,2026-03-31 12:33:00.000000,23366.1,Time Exit,944.9999999998909
adx_trend,BUY,2026-03-31 12:28:00.000000,23373.1,23350,ce,14.16,0.5057,-0.497,0.0099,0.1943,0.75,,CLOSED,2026-03-31 12:34:00.000000,23370.65,Time Exit,-122.49999999985448
adx_trend,BUY,2026-03-31 12:29:00.000000,23354.31,23350,ce,14.16,0.5057,-0.497,0.0099,0.1943,0.75,,CLOSED,2026-03-31 12:35:00.000000,23378.11,Time Exit,1189.9999999999636
adx_trend,BUY,2026-03-31 12:30:00.000000,23357.16,23350,ce,14.16,0.5057,-0.497,0.0099,0.1943,0.75,,CLOSED,2026-03-31 12:36:00.000000,23393.05,Time Exit,1794.499999999971
adx_trend,BUY,2026-03-31 12:31:00.000000,23373.19,23350,ce,14.16,0.5057,-0.497,0.0099,0.1943,0.75,,CLOSED,2026-03-31 12:37:00.000000,23418.98,Time Exit,2289.5000000000437
adx_trend,BUY,2026-03-31 12:32:00.000000,23375.08,23400,ce,9.0,0.4362,-0.4861,0.0101,0.176,0.75,,CLOSED,2026-03-31 12:38:00.000000,23425.95,Time Exit,2543.499999999949
adx_trend,BUY,2026-03-31 12:33:00.000000,23366.1,23350,ce,14.16,0.5057,-0.497,0.0099,0.1943,0.75,,CLOSED,2026-03-31 12:39:00.000000,23409.68,Time Exit,2179.0000000000873
adx_trend,BUY,2026-03-31 12:34:00.000000,23370.65,23350,ce,14.16,0.5057,-0.497,0.0099,0.1943,0.75,,CLOSED,2026-03-31 12:40:00.000000,23437.95,Time Exit,3364.9999999999636
adx_trend,BUY,2026-03-31 12:35:00.000000,23378.11,23400,ce,9.0,0.4362,-0.4861,0.0101,0.176,0.75,,CLOSED,2026-03-31 12:41:00.000000,23458.32,Time Exit,4010.4999999999563
adx_trend,BUY,2026-03-31 12:36:00.000000,23393.05,23400,ce,9.0,0.4362,-0.4861,0.0101,0.176,0.75,,CLOSED,2026-03-31 12:42:00.000000,23468.9,Time Exit,3792.500000000109
adx_trend,BUY,2026-03-31 12:37:00.000000,23418.98,23400,ce,9.0,0.4362,-0.4861,0.0101,0.176,0.75,,CLOSED,2026-03-31 12:43:00.000000,23478.01,Time Exit,2951.499999999942
adx_trend,BUY,2026-03-31 12:38:00.000000,23425.95,23450,ce,6.26,0.5093,-0.4908,0.0115,0.1963,0.75,,CLOSED,2026-03-31 12:44:00.000000,23477.19,Time Exit,2561.999999999898
adx_trend,BUY,2026-03-31 12:39:00.000000,23409.68,23400,ce,9.0,0.4362,-0.4861,0.0101,0.176,0.75,,CLOSED,2026-03-31 12:45:00.000000,23470.05,Time Exit,3018.499999999949
adx_trend,BUY,2026-03-31 12:40:00.000000,23437.95,23450,ce,6.26,0.5093,-0.4908,0.0115,0.1963,0.75,,CLOSED,2026-03-31 12:46:00.000000,23483.07,Time Exit,2255.999999999949
adx_trend,BUY,2026-03-31 12:41:00.000000,23458.32,23450,ce,6.26,0.5093,-0.4908,0.0115,0.1963,0.75,,CLOSED,2026-03-31 12:47:00.000000,23506.83,Time Exit,2425.500000000102
adx_trend,BUY,2026-03-31 12:42:00.000000,23468.9,23450,ce,6.26,0.5093,-0.4908,0.0115,0.1963,0.75,,CLOSED,2026-03-31 12:48:00.000000,23496.88,Time Exit,1398.9999999999782
adx_trend,BUY,2026-03-31 12:43:00.000000,23478.01,23500,ce,5.0,0.4449,-0.5647,0.0115,0.2303,0.75,,CLOSED,2026-03-31 12:49:00.000000,23506.97,Time Exit,1448.0000000001382
adx_trend,BUY,2026-03-31 12:44:00.000000,23477.19,23500,ce,5.0,0.4449,-0.5647,0.0115,0.2303,0.75,,CLOSED,2026-03-31 12:50:00.000000,23493.56,Time Exit,818.500000000131
adx_trend,BUY,2026-03-31 12:45:00.000000,23470.05,23450,ce,6.26,0.5093,-0.4908,0.0115,0.1963,0.75,,CLOSED,2026-03-31 12:51:00.000000,23519.29,Time Exit,2462.00000000008
adx_trend,BUY,2026-03-31 12:46:00.000000,23483.07,23500,ce,5.0,0.4449,-0.5647,0.0115,0.2303,0.75,,CLOSED,2026-03-31 12:52:00.000000,23535.37,Time Exit,2614.9999999999636
adx_trend,BUY,2026-03-31 12:47:00.000000,23506.83,23500,ce,5.0,0.4449,-0.5647,0.0115,0.2303,0.75,,CLOSED,2026-03-31 12:53:00.000000,23575.36,Time Exit,3426.499999999942
adx_trend,BUY,2026-03-31 12:48:00.000000,23496.88,23500,ce,5.0,0.4449,-0.5647,0.0115,0.2303,0.75,,CLOSED,2026-03-31 12:54:00.000000,23572.12,Time Exit,3761.999999999898
adx_trend,BUY,2026-03-31 12:49:00.000000,23506.97,23500,ce,5.0,0.4449,-0.5647,0.0115,0.2303,0.75,,CLOSED,2026-03-31 12:55:00.000000,23561.27,Time Exit,2714.9999999999636
adx_trend,BUY,2026-03-31 12:50:00.000000,23493.56,23500,ce,5.0,0.4449,-0.5647,0.0115,0.2303,0.75,,CLOSED,2026-03-31 12:56:00.000000,23585.02,Time Exit,4572.999999999956
adx_trend,BUY,2026-03-31 12:51:00.000000,23519.29,23500,ce,5.0,0.4449,-0.5647,0.0115,0.2303,0.75,,CLOSED,2026-03-31 12:57:00.000000,23597.8,Time Exit,3925.49999999992
adx_trend,BUY,2026-03-31 12:52:00.000000,23535.37,23550,ce,5.0,0.5088,-0.5384,0.0091,0.2329,0.75,,CLOSED,2026-03-31 12:58:00.000000,23600.07,Time Exit,3235.0000000000364
adx_trend,BUY,2026-03-31 12:53:00.000000,23575.36,23600,ce,17.23,0.4768,-0.5425,0.011,0.1727,0.75,,CLOSED,2026-03-31 12:59:00.000000,23594.35,Time Exit,949.4999999998981
adx_trend,BUY,2026-03-31 12:54:00.000000,23572.12,23550,ce,5.0,0.5088,-0.5384,0.0091,0.2329,0.75,,CLOSED,2026-03-31 13:00:00.000000,23592.0,Time Exit,994.0000000000509
adx_trend,BUY,2026-03-31 12:55:00.000000,23561.27,23550,ce,5.0,0.5088,-0.5384,0.0091,0.2329,0.75,,CLOSED,2026-03-31 13:01:00.000000,23617.45,Time Exit,2809.0000000000146
adx_trend,BUY,2026-03-31 12:56:00.000000,23585.02,23600,ce,17.23,0.4768,-0.5425,0.011,0.1727,0.75,,CLOSED,2026-03-31 13:02:00.000000,23666.75,Time Exit,4086.499999999978
adx_trend,BUY,2026-03-31 12:57:00.000000,23597.8,23600,ce,17.23,0.4768,-0.5425,0.011,0.1727,0.75,,CLOSED,2026-03-31 13:03:00.000000,23677.17,Time Exit,3968.499999999949
adx_trend,BUY,2026-03-31 12:58:00.000000,23600.07,23600,ce,17.23,0.4768,-0.5425,0.011,0.1727,0.75,,CLOSED,2026-03-31 13:04:00.000000,23676.29,Time Exit,3811.000000000058
adx_trend,BUY,2026-03-31 12:59:00.000000,23594.35,23600,ce,17.23,0.4768,-0.5425,0.011,0.1727,0.75,,CLOSED,2026-03-31 13:05:00.000000,23704.76,Time Exit,5520.499999999993
adx_trend,BUY,2026-03-31 13:00:00.000000,23592.0,23600,ce,17.23,0.4768,-0.5425,0.011,0.1727,0.75,,CLOSED,2026-03-31 13:06:00.000000,23744.58,Time Exit,7629.000000000087
adx_trend,BUY,2026-03-31 13:01:00.000000,23617.45,23600,ce,17.23,0.4768,-0.5425,0.011,0.1727,0.75,,CLOSED,2026-03-31 13:07:00.000000,23735.9,Time Exit,5922.500000000036
adx_trend,BUY,2026-03-31 13:02:00.000000,23666.75,23650,ce,15.08,0.5231,-0.5322,0.0099,0.2216,0.75,,CLOSED,2026-03-31 13:08:00.000000,23733.92,Time Exit,3358.4999999999127
adx_trend,BUY,2026-03-31 13:03:00.000000,23677.17,23700,ce,5.0,0.4517,-0.4641,0.0095,0.2271,0.75,,CLOSED,2026-03-31 13:09:00.000000,23724.57,Time Exit,2370.0000000000728
adx_trend,BUY,2026-03-31 13:04:00.000000,23676.29,23700,ce,5.0,0.4517,-0.4641,0.0095,0.2271,0.75,,CLOSED,2026-03-31 13:10:00.000000,23745.53,Time Exit,3461.999999999898
adx_trend,BUY,2026-03-31 13:05:00.000000,23704.76,23700,ce,5.0,0.4517,-0.4641,0.0095,0.2271,0.75,,CLOSED,2026-03-31 13:11:00.000000,23756.91,Time Exit,2607.5000000000728
adx_trend,BUY,2026-03-31 13:06:00.000000,23744.58,23750,ce,10.27,0.5047,-0.5444,0.0112,0.2151,0.75,,CLOSED,2026-03-31 13:12:00.000000,23757.19,Time Exit,630.4999999998472
adx_trend,BUY,2026-03-31 13:07:00.000000,23735.9,23750,ce,10.27,0.5047,-0.5444,0.0112,0.2151,0.75,,CLOSED,2026-03-31 13:13:00.000000,23731.65,Time Exit,-212.5
adx_trend,BUY,2026-03-31 13:08:00.000000,23733.92,23750,ce,10.27,0.5047,-0.5444,0.0112,0.2151,0.75,,CLOSED,2026-03-31 13:14:00.000000,23734.54,Time Exit,31.000000000130967
adx_trend,BUY,2026-03-31 13:09:00.000000,23724.57,23700,ce,5.0,0.4517,-0.4641,0.0095,0.2271,0.75,,CLOSED,2026-03-31 13:15:00.000000,23739.93,Time Exit,768.0000000000291
adx_trend,BUY,2026-03-31 13:10:00.000000,23745.53,23750,ce,10.27,0.5047,-0.5444,0.0112,0.2151,0.75,,CLOSED,2026-03-31 13:16:00.000000,23764.08,Time Exit,927.5000000001455
adx_trend,BUY,2026-03-31 13:11:00.000000,23756.91,23750,ce,10.27,0.5047,-0.5444,0.0112,0.2151,0.75,,CLOSED,2026-03-31 13:17:00.000000,23746.9,Time Exit,-500.49999999991996
adx_trend,BUY,2026-03-31 13:12:00.000000,23757.19,23750,ce,10.27,0.5047,-0.5444,0.0112,0.2151,0.75,,CLOSED,2026-03-31 13:18:00.000000,23744.03,Time Exit,-657.9999999999927
adx_trend,BUY,2026-03-31 13:13:00.000000,23731.65,23750,ce,10.27,0.5047,-0.5444,0.0112,0.2151,0.75,,CLOSED,2026-03-31 13:19:00.000000,23754.59,Time Exit,1146.9999999999345
adx_trend,BUY,2026-03-31 13:14:00.000000,23734.54,23750,ce,10.27,0.5047,-0.5444,0.0112,0.2151,0.75,,CLOSED,2026-03-31 13:20:00.000000,23782.08,Time Exit,2377.0000000000437
adx_trend,BUY,2026-03-31 13:15:00.000000,23739.93,23750,ce,10.27,0.5047,-0.5444,0.0112,0.2151,0.75,,CLOSED,2026-03-31 13:21:00.000000,23783.6,Time Exit,2183.4999999999127
adx_trend,BUY,2026-03-31 13:16:00.000000,23764.08,23750,ce,10.27,0.5047,-0.5444,0.0112,0.2151,0.75,,CLOSED,2026-03-31 13:22:00.000000,23807.53,Time Exit,2172.4999999998545
adx_trend,BUY,2026-03-31 13:17:00.000000,23746.9,23750,ce,10.27,0.5047,-0.5444,0.0112,0.2151,0.75,,CLOSED,2026-03-31 13:23:00.000000,23796.4,Time Exit,2475.0
adx_trend,BUY,2026-03-31 13:18:00.000000,23744.03,23750,ce,10.27,0.5047,-0.5444,0.0112,0.2151,0.75,,CLOSED,2026-03-31 13:24:00.000000,23791.7,Time Exit,2383.5000000000946
adx_trend,BUY,2026-03-31 13:19:00.000000,23754.59,23750,ce,10.27,0.5047,-0.5444,0.0112,0.2151,0.75,,CLOSED,2026-03-31 13:25:00.000000,23779.52,Time Exit,1246.5000000000146
adx_trend,BUY,2026-03-31 13:20:00.000000,23782.08,23800,ce,13.31,0.5644,-0.4078,0.0108,0.2369,0.75,,CLOSED,2026-03-31 13:26:00.000000,23762.21,Time Exit,-993.500000000131
adx_trend,BUY,2026-03-31 13:21:00.000000,23783.6,23800,ce,13.31,0.5644,-0.4078,0.0108,0.2369,0.75,,CLOSED,2026-03-31 13:27:00.000000,23749.23,Time Exit,-1718.499999999949
adx_trend,BUY,2026-03-31 13:22:00.000000,23807.53,23800,ce,13.31,0.5644,-0.4078,0.0108,0.2369,0.75,,CLOSED,2026-03-31 13:28:00.000000,23771.43,Time Exit,-1804.9999999999272
adx_trend,BUY,2026-03-31 13:23:00.000000,23796.4,23800,ce,13.31,0.5644,-0.4078,0.0108,0.2369,0.75,,CLOSED,2026-03-31 13:29:00.000000,23785.68,Time Exit,-536.0000000000582
adx_trend,BUY,2026-03-31 13:24:00.000000,23791.7,23800,ce,13.31,0.5644,-0.4078,0.0108,0.2369,0.75,,CLOSED,2026-03-31 13:30:00.000000,23763.53,Time Exit,-1408.5000000000946
adx_trend,BUY,2026-03-31 13:25:00.000000,23779.52,23800,ce,13.31,0.5644,-0.4078,0.0108,0.2369,0.75,,CLOSED,2026-03-31 13:31:00.000000,23780.33,Time Exit,40.500000000065484
adx_trend,BUY,2026-03-31 13:26:00.000000,23762.21,23750,ce,10.27,0.5047,-0.5444,0.0112,0.2151,0.75,,CLOSED,2026-03-31 13:32:00.000000,23796.26,Time Exit,1702.4999999999636
adx_trend,BUY,2026-03-31 13:27:00.000000,23749.23,23750,ce,10.27,0.5047,-0.5444,0.0112,0.2151,0.75,,CLOSED,2026-03-31 13:33:00.000000,23811.61,Time Exit,3119.000000000051
adx_trend,BUY,2026-03-31 13:28:00.000000,23771.43,23750,ce,10.27,0.5047,-0.5444,0.0112,0.2151,0.75,,CLOSED,2026-03-31 13:34:00.000000,23819.31,Time Exit,2394.000000000051
adx_trend,BUY,2026-03-31 13:29:00.000000,23785.68,23800,ce,13.31,0.5644,-0.4078,0.0108,0.2369,0.75,,CLOSED,2026-03-31 13:35:00.000000,23841.15,Time Exit,2773.500000000058
adx_trend,BUY,2026-03-31 13:30:00.000000,23763.53,23750,ce,10.27,0.5047,-0.5444,0.0112,0.2151,0.75,,CLOSED,2026-03-31 13:36:00.000000,23829.68,Time Exit,3307.5000000000728
adx_trend,BUY,2026-03-31 13:31:00.000000,23780.33,23800,ce,13.31,0.5644,-0.4078,0.0108,0.2369,0.75,,CLOSED,2026-03-31 13:37:00.000000,23833.94,Time Exit,2680.499999999847
adx_trend,BUY,2026-03-31 13:32:00.000000,23796.26,23800,ce,13.31,0.5644,-0.4078,0.0108,0.2369,0.75,,CLOSED,2026-03-31 13:38:00.000000,23847.22,Time Exit,2548.0000000001382
adx_trend,BUY,2026-03-31 13:33:00.000000,23811.61,23800,ce,13.31,0.5644,-0.4078,0.0108,0.2369,0.75,,CLOSED,2026-03-31 13:39:00.000000,23864.95,Time Exit,2667.0000000000073
adx_trend,BUY,2026-03-31 13:34:00.000000,23819.31,23800,ce,13.31,0.5644,-0.4078,0.0108,0.2369,0.75,,CLOSED,2026-03-31 13:40:00.000000,23859.05,Time Exit,1986.9999999998981
adx_trend,BUY,2026-03-31 13:35:00.000000,23841.15,23800,ce,13.31,0.5644,-0.4078,0.0108,0.2369,0.75,,CLOSED,2026-03-31 13:41:00.000000,23829.33,Time Exit,-590.9999999999854
adx_trend,BUY,2026-03-31 13:36:00.000000,23829.68,23800,ce,13.31,0.5644,-0.4078,0.0108,0.2369,0.75,,CLOSED,2026-03-31 13:42:00.000000,23828.78,Time Exit,-45.00000000007276
adx_trend,BUY,2026-03-31 13:37:00.000000,23833.94,23800,ce,13.31,0.5644,-0.4078,0.0108,0.2369,0.75,,CLOSED,2026-03-31 13:43:00.000000,23834.15,Time Exit,10.500000000138243
adx_trend,BUY,2026-03-31 13:38:00.000000,23847.22,23800,ce,13.31,0.5644,-0.4078,0.0108,0.2369,0.75,,CLOSED,2026-03-31 13:44:00.000000,23855.57,Time Exit,417.49999999992724
adx_trend,BUY,2026-03-31 13:39:00.000000,23864.95,23800,ce,13.31,0.5644,-0.4078,0.0108,0.2369,0.75,,CLOSED,2026-03-31 13:45:00.000000,23850.76,Time Exit,-709.5000000001164
adx_trend,BUY,2026-03-31 13:40:00.000000,23859.05,23800,ce,13.31,0.5644,-0.4078,0.0108,0.2369,0.75,,CLOSED,2026-03-31 13:46:00.000000,23869.57,Time Exit,526.0000000000218
adx_trend,BUY,2026-03-31 13:41:00.000000,23829.33,23800,ce,13.31,0.5644,-0.4078,0.0108,0.2369,0.75,,CLOSED,2026-03-31 13:47:00.000000,23855.5,Time Exit,1308.4999999999127
adx_trend,BUY,2026-03-31 13:42:00.000000,23828.78,23800,ce,13.31,0.5644,-0.4078,0.0108,0.2369,0.75,,CLOSED,2026-03-31 13:48:00.000000,23858.23,Time Exit,1472.5000000000364
adx_trend,BUY,2026-03-31 13:43:00.000000,23834.15,23800,ce,13.31,0.5644,-0.4078,0.0108,0.2369,0.75,,CLOSED,2026-03-31 13:49:00.000000,23873.14,Time Exit,1949.4999999998981
adx_trend,BUY,2026-03-31 13:44:00.000000,23855.57,23800,ce,13.31,0.5644,-0.4078,0.0108,0.2369,0.75,,CLOSED,2026-03-31 13:50:00.000000,23859.06,Time Exit,174.50000000008004
adx_trend,BUY,2026-03-31 13:45:00.000000,23850.76,23800,ce,13.31,0.5644,-0.4078,0.0108,0.2369,0.75,,CLOSED,2026-03-31 13:51:00.000000,23864.71,Time Exit,697.5000000000364
adx_trend,BUY,2026-03-31 13:46:00.000000,23869.57,23800,ce,13.31,0.5644,-0.4078,0.0108,0.2369,0.75,,CLOSED,2026-03-31 13:52:00.000000,23855.68,Time Exit,-694.4999999999709
adx_trend,BUY,2026-03-31 13:47:00.000000,23855.5,23800,ce,13.31,0.5644,-0.4078,0.0108,0.2369,0.75,,CLOSED,2026-03-31 13:53:00.000000,23880.63,Time Exit,1256.500000000051
adx_trend,BUY,2026-03-31 13:48:00.000000,23858.23,23800,ce,13.31,0.5644,-0.4078,0.0108,0.2369,0.75,,CLOSED,2026-03-31 13:54:00.000000,23890.21,Time Exit,1598.9999999999782
adx_trend,BUY,2026-03-31 13:49:00.000000,23873.14,23800,ce,13.31,0.5644,-0.4078,0.0108,0.2369,0.75,,CLOSED,2026-03-31 13:55:00.000000,23923.68,Time Exit,2527.0000000000437
adx_trend,BUY,2026-03-31 13:50:00.000000,23859.06,23800,ce,13.31,0.5644,-0.4078,0.0108,0.2369,0.75,,CLOSED,2026-03-31 13:56:00.000000,23947.37,Time Exit,4415.499999999884
adx_trend,BUY,2026-03-31 13:51:00.000000,23864.71,23800,ce,13.31,0.5644,-0.4078,0.0108,0.2369,0.75,,CLOSED,2026-03-31 13:57:00.000000,23922.32,Time Exit,2880.500000000029
adx_trend,BUY,2026-03-31 13:52:00.000000,23855.68,23800,ce,13.31,0.5644,-0.4078,0.0108,0.2369,0.75,,CLOSED,2026-03-31 13:58:00.000000,23935.32,Time Exit,3981.999999999971
adx_trend,SELL,2026-04-01 09:15:00.000000,22793.71,22800,pe,5.0,-0.5112,-0.5026,0.0096,0.2148,0.75,,CLOSED,2026-04-01 09:21:00.000000,22772.26,Time Exit,1072.5000000000364
adx_trend,SELL,2026-04-01 09:16:00.000000,22785.8,22800,pe,5.0,-0.5112,-0.5026,0.0096,0.2148,0.75,,CLOSED,2026-04-01 09:22:00.000000,22783.5,Time Exit,114.99999999996362
adx_trend,SELL,2026-04-01 09:17:00.000000,22780.98,22800,pe,5.0,-0.5112,-0.5026,0.0096,0.2148,0.75,,CLOSED,2026-04-01 09:23:00.000000,22767.15,Time Exit,691.4999999999054
adx_trend,SELL,2026-04-01 09:18:00.000000,22780.08,22800,pe,5.0,-0.5112,-0.5026,0.0096,0.2148,0.75,,CLOSED,2026-04-01 09:24:00.000000,22778.24,Time Exit,92.00000000000728
adx_trend,SELL,2026-04-01 09:19:00.000000,22759.62,22750,pe,7.41,-0.4085,-0.4956,0.0092,0.1822,0.75,,CLOSED,2026-04-01 09:25:00.000000,22764.32,Time Exit,-235.00000000003638
adx_trend,SELL,2026-04-01 09:20:00.000000,22758.72,22750,pe,7.41,-0.4085,-0.4956,0.0092,0.1822,0.75,,CLOSED,2026-04-01 09:26:00.000000,22782.06,Time Exit,-1167.0000000000073
adx_trend,SELL,2026-04-01 09:21:00.000000,22772.26,22750,pe,7.41,-0.4085,-0.4956,0.0092,0.1822,0.75,,CLOSED,2026-04-01 09:27:00.000000,22790.88,Time Exit,-931.000000000131
adx_trend,SELL,2026-04-01 09:22:00.000000,22783.5,22800,pe,5.0,-0.5112,-0.5026,0.0096,0.2148,0.75,,CLOSED,2026-04-01 09:28:00.000000,22784.93,Time Exit,-71.50000000001455
adx_trend,SELL,2026-04-01 09:23:00.000000,22767.15,22750,pe,7.41,-0.4085,-0.4956,0.0092,0.1822,0.75,,CLOSED,2026-04-01 09:29:00.000000,22803.13,Time Exit,-1798.9999999999782
adx_trend,SELL,2026-04-01 09:24:00.000000,22778.24,22800,pe,5.0,-0.5112,-0.5026,0.0096,0.2148,0.75,,CLOSED,2026-04-01 09:30:00.000000,22823.95,Time Exit,-2285.4999999999563
adx_trend,SELL,2026-04-01 09:25:00.000000,22764.32,22750,pe,7.41,-0.4085,-0.4956,0.0092,0.1822,0.75,,CLOSED,2026-04-01 09:31:00.000000,22802.84,Time Exit,-1926.0000000000218
adx_trend,SELL,2026-04-01 09:26:00.000000,22782.06,22800,pe,5.0,-0.5112,-0.5026,0.0096,0.2148,0.75,,CLOSED,2026-04-01 09:32:00.000000,22815.06,Time Exit,-1650.0
adx_trend,SELL,2026-04-01 09:27:00.000000,22790.88,22800,pe,5.0,-0.5112,-0.5026,0.0096,0.2148,0.75,,CLOSED,2026-04-01 09:33:00.000000,22846.32,Time Exit,-2771.9999999999345
adx_trend,SELL,2026-04-01 09:28:00.000000,22784.93,22800,pe,5.0,-0.5112,-0.5026,0.0096,0.2148,0.75,,CLOSED,2026-04-01 09:34:00.000000,22845.08,Time Exit,-3007.5000000000728
adx_trend,SELL,2026-04-01 09:29:00.000000,22803.13,22800,pe,5.0,-0.5112,-0.5026,0.0096,0.2148,0.75,,CLOSED,2026-04-01 09:35:00.000000,22851.66,Time Exit,-2426.499999999942
adx_trend,SELL,2026-04-01 09:30:00.000000,22823.95,22800,pe,5.0,-0.5112,-0.5026,0.0096,0.2148,0.75,,CLOSED,2026-04-01 09:36:00.000000,22851.01,Time Exit,-1352.9999999998836
adx_trend,SELL,2026-04-01 09:31:00.000000,22802.84,22800,pe,5.0,-0.5112,-0.5026,0.0096,0.2148,0.75,,CLOSED,2026-04-01 09:37:00.000000,22836.53,Time Exit,-1684.4999999999345
adx_trend,SELL,2026-04-01 09:32:00.000000,22815.06,22800,pe,5.0,-0.5112,-0.5026,0.0096,0.2148,0.75,,CLOSED,2026-04-01 09:38:00.000000,22863.06,Time Exit,-2400.0
adx_trend,SELL,2026-04-01 09:33:00.000000,22846.32,22850,pe,10.0,-0.4481,-0.4988,0.0106,0.1963,0.75,,CLOSED,2026-04-01 09:39:00.000000,22884.32,Time Exit,-1900.0
adx_trend,SELL,2026-04-01 09:34:00.000000,22845.08,22850,pe,10.0,-0.4481,-0.4988,0.0106,0.1963,0.75,,CLOSED,2026-04-01 09:40:00.000000,22878.92,Time Exit,-1691.9999999998254
adx_trend,SELL,2026-04-01 09:35:00.000000,22851.66,22850,pe,10.0,-0.4481,-0.4988,0.0106,0.1963,0.75,,CLOSED,2026-04-01 09:41:00.000000,22871.4,Time Exit,-987.00000000008
adx_trend,SELL,2026-04-01 09:36:00.000000,22851.01,22850,pe,10.0,-0.4481,-0.4988,0.0106,0.1963,0.75,,CLOSED,2026-04-01 09:42:00.000000,22879.08,Time Exit,-1403.5000000001673
adx_trend,SELL,2026-04-01 09:37:00.000000,22836.53,22850,pe,10.0,-0.4481,-0.4988,0.0106,0.1963,0.75,,CLOSED,2026-04-01 09:43:00.000000,22870.7,Time Exit,-1708.5000000000946
adx_trend,SELL,2026-04-01 09:38:00.000000,22863.06,22850,pe,10.0,-0.4481,-0.4988,0.0106,0.1963,0.75,,CLOSED,2026-04-01 09:44:00.000000,22828.74,Time Exit,1715.9999999999854
adx_trend,SELL,2026-04-01 09:39:00.000000,22884.32,22900,pe,10.0,-0.4691,-0.4382,0.0096,0.2126,0.75,,CLOSED,2026-04-01 09:45:00.000000,22868.88,Time Exit,771.9999999999345
adx_trend,SELL,2026-04-01 09:40:00.000000,22878.92,22900,pe,10.0,-0.4691,-0.4382,0.0096,0.2126,0.75,,CLOSED,2026-04-01 09:46:00.000000,22892.92,Time Exit,-700.0
adx_trend,SELL,2026-04-01 09:41:00.000000,22871.4,22850,pe,10.0,-0.4481,-0.4988,0.0106,0.1963,0.75,,CLOSED,2026-04-01 09:47:00.000000,22895.11,Time Exit,-1185.4999999999563
adx_trend,SELL,2026-04-01 09:42:00.000000,22879.08,22900,pe,10.0,-0.4691,-0.4382,0.0096,0.2126,0.75,,CLOSED,2026-04-01 09:48:00.000000,22926.85,Time Exit,-2388.49999999984
adx_trend,SELL,2026-04-01 09:43:00.000000,22870.7,22850,pe,10.0,-0.4481,-0.4988,0.0106,0.1963,0.75,,CLOSED,2026-04-01 09:49:00.000000,22921.48,Time Exit,-2538.999999999942
adx_trend,SELL,2026-04-01 09:44:00.000000,22828.74,22850,pe,10.0,-0.4481,-0.4988,0.0106,0.1963,0.75,,CLOSED,2026-04-01 09:50:00.000000,22937.48,Time Exit,-5436.999999999898
adx_trend,SELL,2026-04-01 09:45:00.000000,22868.88,22850,pe,10.0,-0.4481,-0.4988,0.0106,0.1963,0.75,,CLOSED,2026-04-01 09:51:00.000000,22924.35,Time Exit,-2773.4999999998763
adx_trend,SELL,2026-04-01 09:46:00.000000,22892.92,22900,pe,10.0,-0.4691,-0.4382,0.0096,0.2126,0.75,,CLOSED,2026-04-01 09:52:00.000000,22932.95,Time Exit,-2001.5000000001237
adx_trend,SELL,2026-04-01 09:47:00.000000,22895.11,22900,pe,10.0,-0.4691,-0.4382,0.0096,0.2126,0.75,,CLOSED,2026-04-01 09:53:00.000000,22950.56,Time Exit,-2772.5000000000364
adx_trend,SELL,2026-04-01 09:48:00.000000,22926.85,22950,pe,10.0,-0.5335,-0.5519,0.0093,0.2014,0.75,,CLOSED,2026-04-01 09:54:00.000000,22956.29,Time Exit,-1472.0000000001164
adx_trend,SELL,2026-04-01 09:49:00.000000,22921.48,22900,pe,10.0,-0.4691,-0.4382,0.0096,0.2126,0.75,,CLOSED,2026-04-01 09:55:00.000000,22956.9,Time Exit,-1771.0000000000946
adx_trend,SELL,2026-04-01 09:50:00.000000,22937.48,22950,pe,10.0,-0.5335,-0.5519,0.0093,0.2014,0.75,,CLOSED,2026-04-01 09:56:00.000000,22974.69,Time Exit,-1860.4999999999563
adx_trend,SELL,2026-04-01 09:51:00.000000,22924.35,22900,pe,10.0,-0.4691,-0.4382,0.0096,0.2126,0.75,,CLOSED,2026-04-01 09:57:00.000000,22946.74,Time Exit,-1119.5000000001528
adx_trend,SELL,2026-04-01 09:52:00.000000,22932.95,22950,pe,10.0,-0.5335,-0.5519,0.0093,0.2014,0.75,,CLOSED,2026-04-01 09:58:00.000000,22945.8,Time Exit,-642.4999999999272
adx_trend,SELL,2026-04-01 09:53:00.000000,22950.56,22950,pe,10.0,-0.5335,-0.5519,0.0093,0.2014,0.75,,CLOSED,2026-04-01 09:59:00.000000,22960.35,Time Exit,-489.49999999986176
adx_trend,SELL,2026-04-01 09:54:00.000000,22956.29,22950,pe,10.0,-0.5335,-0.5519,0.0093,0.2014,0.75,,CLOSED,2026-04-01 10:00:00.000000,22944.85,Time Exit,572.0000000001164
adx_trend,SELL,2026-04-01 09:55:00.000000,22956.9,22950,pe,10.0,-0.5335,-0.5519,0.0093,0.2014,0.75,,CLOSED,2026-04-01 10:01:00.000000,22934.81,Time Exit,1104.5000000000073
adx_trend,SELL,2026-04-01 09:56:00.000000,22974.69,22950,pe,10.0,-0.5335,-0.5519,0.0093,0.2014,0.75,,CLOSED,2026-04-01 10:02:00.000000,22939.8,Time Exit,1744.499999999971
adx_trend,SELL,2026-04-01 09:57:00.000000,22946.74,22950,pe,10.0,-0.5335,-0.5519,0.0093,0.2014,0.75,,CLOSED,2026-04-01 10:03:00.000000,22961.41,Time Exit,-733.4999999999127
adx_trend,SELL,2026-04-01 09:58:00.000000,22945.8,22950,pe,10.0,-0.5335,-0.5519,0.0093,0.2014,0.75,,CLOSED,2026-04-01 10:04:00.000000,22943.23,Time Exit,128.49999999998545
adx_trend,SELL,2026-04-01 09:59:00.000000,22960.35,22950,pe,10.0,-0.5335,-0.5519,0.0093,0.2014,0.75,,CLOSED,2026-04-01 10:05:00.000000,22948.9,Time Exit,572.4999999998545
adx_trend,SELL,2026-04-01 10:00:00.000000,22944.85,22950,pe,10.0,-0.5335,-0.5519,0.0093,0.2014,0.75,,CLOSED,2026-04-01 10:06:00.000000,22963.86,Time Exit,-950.5000000001019
adx_trend,BUY,2026-04-01 10:01:00.000000,22934.81,22950,ce,5.0,0.4707,-0.5054,0.0093,0.2014,0.75,,CLOSED,2026-04-01 10:07:00.000000,22986.04,Time Exit,2561.499999999978
adx_trend,BUY,2026-04-01 10:02:00.000000,22939.8,22950,ce,5.0,0.4707,-0.5054,0.0093,0.2014,0.75,,CLOSED,2026-04-01 10:08:00.000000,23005.99,Time Exit,3309.5000000001164
adx_trend,BUY,2026-04-01 10:03:00.000000,22961.41,22950,ce,5.0,0.4707,-0.5054,0.0093,0.2014,0.75,,CLOSED,2026-04-01 10:09:00.000000,23002.51,Time Exit,2054.9999999999272
adx_trend,BUY,2026-04-01 10:04:00.000000,22943.23,22950,ce,5.0,0.4707,-0.5054,0.0093,0.2014,0.75,,CLOSED,2026-04-01 10:10:00.000000,23041.19,Time Exit,4897.999999999956
adx_trend,BUY,2026-04-01 10:05:00.000000,22948.9,22950,ce,5.0,0.4707,-0.5054,0.0093,0.2014,0.75,,CLOSED,2026-04-01 10:11:00.000000,23052.45,Time Exit,5177.499999999964
adx_trend,BUY,2026-04-01 10:06:00.000000,22963.86,22950,ce,5.0,0.4707,-0.5054,0.0093,0.2014,0.75,,CLOSED,2026-04-01 10:12:00.000000,23043.1,Time Exit,3961.999999999898
adx_trend,BUY,2026-04-01 10:07:00.000000,22986.04,23000,ce,5.0,0.4732,-0.5163,0.0096,0.2091,0.75,,CLOSED,2026-04-01 10:13:00.000000,23055.91,Time Exit,3493.499999999949
adx_trend,BUY,2026-04-01 10:08:00.000000,23005.99,23000,ce,5.0,0.4732,-0.5163,0.0096,0.2091,0.75,,CLOSED,2026-04-01 10:14:00.000000,23068.74,Time Exit,3137.5
adx_trend,BUY,2026-04-01 10:09:00.000000,23002.51,23000,ce,5.0,0.4732,-0.5163,0.0096,0.2091,0.75,,CLOSED,2026-04-01 10:15:00.000000,23088.09,Time Exit,4279.000000000087
adx_trend,BUY,2026-04-01 10:10:00.000000,23041.19,23050,ce,5.0,0.5291,-0.4788,0.0117,0.2132,0.75,,CLOSED,2026-04-01 10:16:00.000000,23087.95,Time Exit,2338.000000000102
adx_trend,BUY,2026-04-01 10:11:00.000000,23052.45,23050,ce,5.0,0.5291,-0.4788,0.0117,0.2132,0.75,,CLOSED,2026-04-01 10:17:00.000000,23075.76,Time Exit,1165.4999999998836
adx_trend,BUY,2026-04-01 10:12:00.000000,23043.1,23050,ce,5.0,0.5291,-0.4788,0.0117,0.2132,0.75,,CLOSED,2026-04-01 10:18:00.000000,23079.68,Time Exit,1829.0000000000873
adx_trend,BUY,2026-04-01 10:13:00.000000,23055.91,23050,ce,5.0,0.5291,-0.4788,0.0117,0.2132,0.75,,CLOSED,2026-04-01 10:19:00.000000,23104.34,Time Exit,2421.5000000000146
adx_trend,BUY,2026-04-01 10:14:00.000000,23068.74,23050,ce,5.0,0.5291,-0.4788,0.0117,0.2132,0.75,,CLOSED,2026-04-01 10:20:00.000000,23123.31,Time Exit,2728.4999999999854
adx_trend,BUY,2026-04-01 10:15:00.000000,23088.09,23100,ce,5.0,0.5573,-0.5358,0.0098,0.1906,0.75,,CLOSED,2026-04-01 10:21:00.000000,23096.04,Time Exit,397.5000000000364
adx_trend,BUY,2026-04-01 10:16:00.000000,23087.95,23100,ce,5.0,0.5573,-0.5358,0.0098,0.1906,0.75,,CLOSED,2026-04-01 10:22:00.000000,23119.64,Time Exit,1584.4999999999345
adx_trend,BUY,2026-04-01 10:17:00.000000,23075.76,23100,ce,5.0,0.5573,-0.5358,0.0098,0.1906,0.75,,CLOSED,2026-04-01 10:23:00.000000,23115.6,Time Exit,1992.0000000000073
adx_trend,BUY,2026-04-01 10:18:00.000000,23079.68,23100,ce,5.0,0.5573,-0.5358,0.0098,0.1906,0.75,,CLOSED,2026-04-01 10:24:00.000000,23128.2,Time Exit,2426.000000000022
adx_trend,BUY,2026-04-01 10:19:00.000000,23104.34,23100,ce,5.0,0.5573,-0.5358,0.0098,0.1906,0.75,,CLOSED,2026-04-01 10:25:00.000000,23104.92,Time Exit,28.999999999905413
adx_trend,BUY,2026-04-01 10:20:00.000000,23123.31,23100,ce,5.0,0.5573,-0.5358,0.0098,0.1906,0.75,,CLOSED,2026-04-01 10:26:00.000000,23128.18,Time Exit,243.49999999994907
adx_trend,BUY,2026-04-01 10:21:00.000000,23096.04,23100,ce,5.0,0.5573,-0.5358,0.0098,0.1906,0.75,,CLOSED,2026-04-01 10:27:00.000000,23115.14,Time Exit,954.9999999999272
adx_trend,BUY,2026-04-01 10:22:00.000000,23119.64,23100,ce,5.0,0.5573,-0.5358,0.0098,0.1906,0.75,,CLOSED,2026-04-01 10:28:00.000000,23113.62,Time Exit,-301.0000000000218
adx_trend,BUY,2026-04-01 10:23:00.000000,23115.6,23100,ce,5.0,0.5573,-0.5358,0.0098,0.1906,0.75,,CLOSED,2026-04-01 10:29:00.000000,23132.96,Time Exit,868.0000000000291
adx_trend,BUY,2026-04-01 10:24:00.000000,23128.2,23150,ce,5.0,0.4874,-0.4762,0.0107,0.2237,0.75,,CLOSED,2026-04-01 10:30:00.000000,23114.11,Time Exit,-704.5000000000073
adx_trend,BUY,2026-04-01 10:25:00.000000,23104.92,23100,ce,5.0,0.5573,-0.5358,0.0098,0.1906,0.75,,CLOSED,2026-04-01 10:31:00.000000,23122.38,Time Exit,873.0000000001382
adx_trend,BUY,2026-04-01 10:26:00.000000,23128.18,23150,ce,5.0,0.4874,-0.4762,0.0107,0.2237,0.75,,CLOSED,2026-04-01 10:32:00.000000,23095.15,Time Exit,-1651.4999999999418
adx_trend,BUY,2026-04-01 10:27:00.000000,23115.14,23100,ce,5.0,0.5573,-0.5358,0.0098,0.1906,0.75,,CLOSED,2026-04-01 10:33:00.000000,23099.35,Time Exit,-789.5000000000437
adx_trend,BUY,2026-04-01 10:28:00.000000,23113.62,23100,ce,5.0,0.5573,-0.5358,0.0098,0.1906,0.75,,CLOSED,2026-04-01 10:34:00.000000,23082.46,Time Exit,-1557.9999999999927
adx_trend,BUY,2026-04-01 10:29:00.000000,23132.96,23150,ce,5.0,0.4874,-0.4762,0.0107,0.2237,0.75,,CLOSED,2026-04-01 10:35:00.000000,23067.8,Time Exit,-3257.9999999999927
adx_trend,BUY,2026-04-01 10:30:00.000000,23114.11,23100,ce,5.0,0.5573,-0.5358,0.0098,0.1906,0.75,,CLOSED,2026-04-01 10:36:00.000000,23058.89,Time Exit,-2761.000000000058
adx_trend,BUY,2026-04-01 10:31:00.000000,23122.38,23100,ce,5.0,0.5573,-0.5358,0.0098,0.1906,0.75,,CLOSED,2026-04-01 10:37:00.000000,23060.89,Time Exit,-3074.50000000008
adx_trend,BUY,2026-04-01 10:32:00.000000,23095.15,23100,ce,5.0,0.5573,-0.5358,0.0098,0.1906,0.75,,CLOSED,2026-04-01 10:38:00.000000,23039.6,Time Exit,-2777.5000000001455
adx_trend,BUY,2026-04-01 10:33:00.000000,23099.35,23100,ce,5.0,0.5573,-0.5358,0.0098,0.1906,0.75,,CLOSED,2026-04-01 10:39:00.000000,23013.23,Time Exit,-4305.999999999949
adx_trend,BUY,2026-04-01 10:34:00.000000,23082.46,23100,ce,5.0,0.5573,-0.5358,0.0098,0.1906,0.75,,CLOSED,2026-04-01 10:40:00.000000,23014.84,Time Exit,-3380.999999999949
adx_trend,BUY,2026-04-01 10:35:00.000000,23067.8,23050,ce,5.0,0.5291,-0.4788,0.0117,0.2132,0.75,,CLOSED,2026-04-01 10:41:00.000000,23034.56,Time Exit,-1661.9999999998981
adx_trend,BUY,2026-04-01 10:36:00.000000,23058.89,23050,ce,5.0,0.5291,-0.4788,0.0117,0.2132,0.75,,CLOSED,2026-04-01 10:42:00.000000,23012.83,Time Exit,-2302.9999999998836
adx_trend,BUY,2026-04-01 10:37:00.000000,23060.89,23050,ce,5.0,0.5291,-0.4788,0.0117,0.2132,0.75,,CLOSED,2026-04-01 10:43:00.000000,23035.75,Time Exit,-1256.999999999971
adx_trend,BUY,2026-04-01 10:38:00.000000,23039.6,23050,ce,5.0,0.5291,-0.4788,0.0117,0.2132,0.75,,CLOSED,2026-04-01 10:44:00.000000,23014.86,Time Exit,-1236.9999999998981
adx_trend,BUY,2026-04-01 10:39:00.000000,23013.23,23000,ce,5.0,0.4732,-0.5163,0.0096,0.2091,0.75,,CLOSED,2026-04-01 10:45:00.000000,23025.79,Time Exit,628.0000000000655
adx_trend,BUY,2026-04-01 10:40:00.000000,23014.84,23000,ce,5.0,0.4732,-0.5163,0.0096,0.2091,0.75,,CLOSED,2026-04-01 10:46:00.000000,23030.75,Time Exit,795.4999999999927
adx_trend,BUY,2026-04-01 10:41:00.000000,23034.56,23050,ce,5.0,0.5291,-0.4788,0.0117,0.2132,0.75,,CLOSED,2026-04-01 10:47:00.000000,23022.24,Time Exit,-615.9999999999854
adx_trend,BUY,2026-04-01 10:42:00.000000,23012.83,23000,ce,5.0,0.4732,-0.5163,0.0096,0.2091,0.75,,CLOSED,2026-04-01 10:48:00.000000,23002.95,Time Exit,-494.00000000005093
adx_trend,BUY,2026-04-01 10:43:00.000000,23035.75,23050,ce,5.0,0.5291,-0.4788,0.0117,0.2132,0.75,,CLOSED,2026-04-01 10:49:00.000000,23021.41,Time Exit,-717.0000000000073
adx_trend,SELL,2026-04-01 10:44:00.000000,23014.86,23000,pe,10.0,-0.5428,-0.3889,0.0096,0.2091,0.75,,CLOSED,2026-04-01 10:50:00.000000,22975.74,Time Exit,1955.999999999949
adx_trend,SELL,2026-04-01 10:45:00.000000,23025.79,23050,pe,10.0,-0.4792,-0.5086,0.0117,0.2132,0.75,,CLOSED,2026-04-01 10:51:00.000000,22974.16,Time Exit,2581.500000000051
adx_trend,SELL,2026-04-01 10:46:00.000000,23030.75,23050,pe,10.0,-0.4792,-0.5086,0.0117,0.2132,0.75,,CLOSED,2026-04-01 10:52:00.000000,22976.92,Time Exit,2691.5000000000873
adx_trend,SELL,2026-04-01 10:47:00.000000,23022.24,23000,pe,10.0,-0.5428,-0.3889,0.0096,0.2091,0.75,,CLOSED,2026-04-01 10:53:00.000000,22950.16,Time Exit,3604.0000000000873
adx_trend,SELL,2026-04-01 10:48:00.000000,23002.95,23000,pe,10.0,-0.5428,-0.3889,0.0096,0.2091,0.75,,CLOSED,2026-04-01 10:54:00.000000,22938.39,Time Exit,3228.0000000000655
adx_trend,SELL,2026-04-01 10:49:00.000000,23021.41,23000,pe,10.0,-0.5428,-0.3889,0.0096,0.2091,0.75,,CLOSED,2026-04-01 10:55:00.000000,22940.71,Time Exit,4035.0000000000364
adx_trend,SELL,2026-04-01 10:50:00.000000,22975.74,23000,pe,10.0,-0.5428,-0.3889,0.0096,0.2091,0.75,,CLOSED,2026-04-01 10:56:00.000000,22929.49,Time Exit,2312.5
adx_trend,SELL,2026-04-01 10:51:00.000000,22974.16,22950,pe,10.0,-0.5335,-0.5519,0.0093,0.2014,0.75,,CLOSED,2026-04-01 10:57:00.000000,22906.05,Time Exit,3405.500000000029
adx_trend,SELL,2026-04-01 10:52:00.000000,22976.92,23000,pe,10.0,-0.5428,-0.3889,0.0096,0.2091,0.75,,CLOSED,2026-04-01 10:58:00.000000,22903.29,Time Exit,3681.499999999869
adx_trend,SELL,2026-04-01 10:53:00.000000,22950.16,22950,pe,10.0,-0.5335,-0.5519,0.0093,0.2014,0.75,,CLOSED,2026-04-01 10:59:00.000000,22928.48,Time Exit,1084.0000000000146
adx_trend,SELL,2026-04-01 10:54:00.000000,22938.39,22950,pe,10.0,-0.5335,-0.5519,0.0093,0.2014,0.75,,CLOSED,2026-04-01 11:00:00.000000,22936.56,Time Exit,91.49999999990541
adx_trend,SELL,2026-04-01 10:55:00.000000,22940.71,22950,pe,10.0,-0.5335,-0.5519,0.0093,0.2014,0.75,,CLOSED,2026-04-01 11:01:00.000000,22956.6,Time Exit,-794.4999999999709
adx_trend,SELL,2026-04-01 10:56:00.000000,22929.49,22950,pe,10.0,-0.5335,-0.5519,0.0093,0.2014,0.75,,CLOSED,2026-04-01 11:02:00.000000,22967.52,Time Exit,-1901.4999999999418
adx_trend,SELL,2026-04-01 10:57:00.000000,22906.05,22900,pe,10.0,-0.4691,-0.4382,0.0096,0.2126,0.75,,CLOSED,2026-04-01 11:03:00.000000,22949.59,Time Exit,-2177.0000000000437
adx_trend,SELL,2026-04-01 10:58:00.000000,22903.29,22900,pe,10.0,-0.4691,-0.4382,0.0096,0.2126,0.75,,CLOSED,2026-04-01 11:04:00.000000,22951.48,Time Exit,-2409.4999999999345
adx_trend,SELL,2026-04-01 10:59:00.000000,22928.48,22950,pe,10.0,-0.5335,-0.5519,0.0093,0.2014,0.75,,CLOSED,2026-04-01 11:05:00.000000,22942.87,Time Exit,-719.4999999999709
adx_trend,SELL,2026-04-01 11:00:00.000000,22936.56,22950,pe,10.0,-0.5335,-0.5519,0.0093,0.2014,0.75,,CLOSED,2026-04-01 11:06:00.000000,22934.76,Time Exit,90.00000000014552
adx_trend,SELL,2026-04-01 11:01:00.000000,22956.6,22950,pe,10.0,-0.5335,-0.5519,0.0093,0.2014,0.75,,CLOSED,2026-04-01 11:07:00.000000,22948.3,Time Exit,414.9999999999636
adx_trend,SELL,2026-04-01 11:02:00.000000,22967.52,22950,pe,10.0,-0.5335,-0.5519,0.0093,0.2014,0.75,,CLOSED,2026-04-01 11:08:00.000000,22957.95,Time Exit,478.49999999998545
adx_trend,SELL,2026-04-01 11:03:00.000000,22949.59,22950,pe,10.0,-0.5335,-0.5519,0.0093,0.2014,0.75,,CLOSED,2026-04-01 11:09:00.000000,22968.13,Time Exit,-927.0000000000437
adx_trend,SELL,2026-04-01 11:04:00.000000,22951.48,22950,pe,10.0,-0.5335,-0.5519,0.0093,0.2014,0.75,,CLOSED,2026-04-01 11:10:00.000000,23004.84,Time Exit,-2668.000000000029
adx_trend,SELL,2026-04-01 11:05:00.000000,22942.87,22950,pe,10.0,-0.5335,-0.5519,0.0093,0.2014,0.75,,CLOSED,2026-04-01 11:11:00.000000,23012.88,Time Exit,-3500.500000000102
adx_trend,SELL,2026-04-01 11:06:00.000000,22934.76,22950,pe,10.0,-0.5335,-0.5519,0.0093,0.2014,0.75,,CLOSED,2026-04-01 11:12:00.000000,23002.6,Time Exit,-3392.0000000000073
adx_trend,SELL,2026-04-01 11:07:00.000000,22948.3,22950,pe,10.0,-0.5335,-0.5519,0.0093,0.2014,0.75,,CLOSED,2026-04-01 11:13:00.000000,23009.38,Time Exit,-3054.0000000000873
adx_trend,SELL,2026-04-01 11:08:00.000000,22957.95,22950,pe,10.0,-0.5335,-0.5519,0.0093,0.2014,0.75,,CLOSED,2026-04-01 11:14:00.000000,23019.55,Time Exit,-3079.9999999999272
adx_trend,SELL,2026-04-01 11:09:00.000000,22968.13,22950,pe,10.0,-0.5335,-0.5519,0.0093,0.2014,0.75,,CLOSED,2026-04-01 11:15:00.000000,23017.07,Time Exit,-2446.9999999999345
adx_trend,SELL,2026-04-01 11:10:00.000000,23004.84,23000,pe,10.0,-0.5428,-0.3889,0.0096,0.2091,0.75,,CLOSED,2026-04-01 11:16:00.000000,23026.35,Time Exit,-1075.49999999992
adx_trend,SELL,2026-04-01 11:11:00.000000,23012.88,23000,pe,10.0,-0.5428,-0.3889,0.0096,0.2091,0.75,,CLOSED,2026-04-01 11:17:00.000000,23005.67,Time Exit,360.50000000013824
adx_trend,SELL,2026-04-01 11:12:00.000000,23002.6,23000,pe,10.0,-0.5428,-0.3889,0.0096,0.2091,0.75,,CLOSED,2026-04-01 11:18:00.000000,23000.44,Time Exit,107.99999999999272
adx_trend,SELL,2026-04-01 11:13:00.000000,23009.38,23000,pe,10.0,-0.5428,-0.3889,0.0096,0.2091,0.75,,CLOSED,2026-04-01 11:19:00.000000,22995.86,Time Exit,676.0000000000218
adx_trend,SELL,2026-04-01 11:14:00.000000,23019.55,23000,pe,10.0,-0.5428,-0.3889,0.0096,0.2091,0.75,,CLOSED,2026-04-01 11:20:00.000000,23001.02,Time Exit,926.4999999999418
adx_trend,SELL,2026-04-01 11:15:00.000000,23017.07,23000,pe,10.0,-0.5428,-0.3889,0.0096,0.2091,0.75,,CLOSED,2026-04-01 11:21:00.000000,23008.69,Time Exit,419.00000000005093
adx_trend,SELL,2026-04-01 11:16:00.000000,23026.35,23050,pe,10.0,-0.4792,-0.5086,0.0117,0.2132,0.75,,CLOSED,2026-04-01 11:22:00.000000,23017.39,Time Exit,447.99999999995634
adx_trend,SELL,2026-04-01 11:17:00.000000,23005.67,23000,pe,10.0,-0.5428,-0.3889,0.0096,0.2091,0.75,,CLOSED,2026-04-01 11:23:00.000000,23018.39,Time Exit,-636.0000000000582
adx_trend,BUY,2026-04-01 11:18:00.000000,23000.44,23000,ce,5.0,0.4732,-0.5163,0.0096,0.2091,0.75,,CLOSED,2026-04-01 11:24:00.000000,23015.3,Time Exit,743.0000000000291
adx_trend,BUY,2026-04-01 11:19:00.000000,22995.86,23000,ce,5.0,0.4732,-0.5163,0.0096,0.2091,0.75,,CLOSED,2026-04-01 11:25:00.000000,23037.8,Time Exit,2096.9999999999345
adx_trend,BUY,2026-04-01 11:20:00.000000,23001.02,23000,ce,5.0,0.4732,-0.5163,0.0096,0.2091,0.75,,CLOSED,2026-04-01 11:26:00.000000,23018.88,Time Exit,893.0000000000291
adx_trend,BUY,2026-04-01 11:21:00.000000,23008.69,23000,ce,5.0,0.4732,-0.5163,0.0096,0.2091,0.75,,CLOSED,2026-04-01 11:27:00.000000,23047.14,Time Exit,1922.5000000000364
adx_trend,BUY,2026-04-01 11:22:00.000000,23017.39,23000,ce,5.0,0.4732,-0.5163,0.0096,0.2091,0.75,,CLOSED,2026-04-01 11:28:00.000000,23026.99,Time Exit,480.00000000010914
adx_trend,BUY,2026-04-01 11:23:00.000000,23018.39,23000,ce,5.0,0.4732,-0.5163,0.0096,0.2091,0.75,,CLOSED,2026-04-01 11:29:00.000000,23031.14,Time Exit,637.5
adx_trend,BUY,2026-04-01 11:24:00.000000,23015.3,23000,ce,5.0,0.4732,-0.5163,0.0096,0.2091,0.75,,CLOSED,2026-04-01 11:30:00.000000,23039.85,Time Exit,1227.4999999999636
adx_trend,BUY,2026-04-01 11:25:00.000000,23037.8,23050,ce,5.0,0.5291,-0.4788,0.0117,0.2132,0.75,,CLOSED,2026-04-01 11:31:00.000000,23037.93,Time Exit,6.500000000050932
adx_trend,BUY,2026-04-01 11:26:00.000000,23018.88,23000,ce,5.0,0.4732,-0.5163,0.0096,0.2091,0.75,,CLOSED,2026-04-01 11:32:00.000000,23049.02,Time Exit,1506.999999999971
adx_trend,BUY,2026-04-01 11:27:00.000000,23047.14,23050,ce,5.0,0.5291,-0.4788,0.0117,0.2132,0.75,,CLOSED,2026-04-01 11:33:00.000000,23040.61,Time Exit,-326.4999999999418
adx_trend,BUY,2026-04-01 11:28:00.000000,23026.99,23050,ce,5.0,0.5291,-0.4788,0.0117,0.2132,0.75,,CLOSED,2026-04-01 11:34:00.000000,23060.17,Time Exit,1658.9999999998327
adx_trend,BUY,2026-04-01 11:29:00.000000,23031.14,23050,ce,5.0,0.5291,-0.4788,0.0117,0.2132,0.75,,CLOSED,2026-04-01 11:35:00.000000,23070.73,Time Exit,1979.5000000000073
adx_trend,BUY,2026-04-01 11:30:00.000000,23039.85,23050,ce,5.0,0.5291,-0.4788,0.0117,0.2132,0.75,,CLOSED,2026-04-01 11:36:00.000000,23072.62,Time Exit,1638.5000000000218
adx_trend,BUY,2026-04-01 11:31:00.000000,23037.93,23050,ce,5.0,0.5291,-0.4788,0.0117,0.2132,0.75,,CLOSED,2026-04-01 11:37:00.000000,23087.35,Time Exit,2470.9999999999127
adx_trend,BUY,2026-04-01 11:32:00.000000,23049.02,23050,ce,5.0,0.5291,-0.4788,0.0117,0.2132,0.75,,CLOSED,2026-04-01 11:38:00.000000,23100.64,Time Exit,2580.999999999949
adx_trend,BUY,2026-04-01 11:33:00.000000,23040.61,23050,ce,5.0,0.5291,-0.4788,0.0117,0.2132,0.75,,CLOSED,2026-04-01 11:39:00.000000,23101.42,Time Exit,3040.4999999998836
adx_trend,BUY,2026-04-01 11:34:00.000000,23060.17,23050,ce,5.0,0.5291,-0.4788,0.0117,0.2132,0.75,,CLOSED,2026-04-01 11:40:00.000000,23095.83,Time Exit,1783.0000000001746
adx_trend,BUY,2026-04-01 11:35:00.000000,23070.73,23050,ce,5.0,0.5291,-0.4788,0.0117,0.2132,0.75,,CLOSED,2026-04-01 11:41:00.000000,23112.74,Time Exit,2100.500000000102
adx_trend,BUY,2026-04-01 11:36:00.000000,23072.62,23050,ce,5.0,0.5291,-0.4788,0.0117,0.2132,0.75,,CLOSED,2026-04-01 11:42:00.000000,23118.77,Time Exit,2307.5000000000728
adx_trend,BUY,2026-04-01 11:37:00.000000,23087.35,23100,ce,5.0,0.5573,-0.5358,0.0098,0.1906,0.75,,CLOSED,2026-04-01 11:43:00.000000,23106.15,Time Exit,940.0000000001455
adx_trend,BUY,2026-04-01 11:38:00.000000,23100.64,23100,ce,5.0,0.5573,-0.5358,0.0098,0.1906,0.75,,CLOSED,2026-04-01 11:44:00.000000,23143.27,Time Exit,2131.500000000051
adx_trend,BUY,2026-04-01 11:39:00.000000,23101.42,23100,ce,5.0,0.5573,-0.5358,0.0098,0.1906,0.75,,CLOSED,2026-04-01 11:45:00.000000,23156.31,Time Exit,2744.500000000153
adx_trend,BUY,2026-04-01 11:40:00.000000,23095.83,23100,ce,5.0,0.5573,-0.5358,0.0098,0.1906,0.75,,CLOSED,2026-04-01 11:46:00.000000,23160.27,Time Exit,3221.9999999999345
adx_trend,BUY,2026-04-01 11:41:00.000000,23112.74,23100,ce,5.0,0.5573,-0.5358,0.0098,0.1906,0.75,,CLOSED,2026-04-01 11:47:00.000000,23176.53,Time Exit,3189.4999999998618
adx_trend,BUY,2026-04-01 11:42:00.000000,23118.77,23100,ce,5.0,0.5573,-0.5358,0.0098,0.1906,0.75,,CLOSED,2026-04-01 11:48:00.000000,23186.38,Time Exit,3380.500000000029
adx_trend,BUY,2026-04-01 11:43:00.000000,23106.15,23100,ce,5.0,0.5573,-0.5358,0.0098,0.1906,0.75,,CLOSED,2026-04-01 11:49:00.000000,23173.76,Time Exit,3380.499999999847
adx_trend,BUY,2026-04-01 11:44:00.000000,23143.27,23150,ce,5.0,0.4874,-0.4762,0.0107,0.2237,0.75,,CLOSED,2026-04-01 11:50:00.000000,23169.63,Time Exit,1318.000000000029
adx_trend,BUY,2026-04-01 11:45:00.000000,23156.31,23150,ce,5.0,0.4874,-0.4762,0.0107,0.2237,0.75,,CLOSED,2026-04-01 11:51:00.000000,23170.53,Time Exit,710.9999999998763
adx_trend,BUY,2026-04-01 11:46:00.000000,23160.27,23150,ce,5.0,0.4874,-0.4762,0.0107,0.2237,0.75,,CLOSED,2026-04-01 11:52:00.000000,23187.72,Time Exit,1372.5000000000364
adx_trend,BUY,2026-04-01 11:47:00.000000,23176.53,23200,ce,7.28,0.5398,-0.5196,0.0093,0.1853,0.75,,CLOSED,2026-04-01 11:53:00.000000,23202.3,Time Exit,1288.5000000000218
adx_trend,BUY,2026-04-01 11:48:00.000000,23186.38,23200,ce,7.28,0.5398,-0.5196,0.0093,0.1853,0.75,,CLOSED,2026-04-01 11:54:00.000000,23203.63,Time Exit,862.5
adx_trend,BUY,2026-04-01 11:49:00.000000,23173.76,23150,ce,5.0,0.4874,-0.4762,0.0107,0.2237,0.75,,CLOSED,2026-04-01 11:55:00.000000,23183.06,Time Exit,465.0000000001455
adx_trend,BUY,2026-04-01 11:50:00.000000,23169.63,23150,ce,5.0,0.4874,-0.4762,0.0107,0.2237,0.75,,CLOSED,2026-04-01 11:56:00.000000,23204.92,Time Exit,1764.4999999998618
adx_trend,BUY,2026-04-01 11:51:00.000000,23170.53,23150,ce,5.0,0.4874,-0.4762,0.0107,0.2237,0.75,,CLOSED,2026-04-01 11:57:00.000000,23204.4,Time Exit,1693.500000000131
adx_trend,BUY,2026-04-01 11:52:00.000000,23187.72,23200,ce,7.28,0.5398,-0.5196,0.0093,0.1853,0.75,,CLOSED,2026-04-01 11:58:00.000000,23188.91,Time Exit,59.499999999934516
adx_trend,BUY,2026-04-01 11:53:00.000000,23202.3,23200,ce,7.28,0.5398,-0.5196,0.0093,0.1853,0.75,,CLOSED,2026-04-01 11:59:00.000000,23161.56,Time Exit,-2036.9999999998981
adx_trend,BUY,2026-04-01 11:54:00.000000,23203.63,23200,ce,7.28,0.5398,-0.5196,0.0093,0.1853,0.75,,CLOSED,2026-04-01 12:00:00.000000,23172.6,Time Exit,-1551.5000000001237
adx_trend,BUY,2026-04-01 11:55:00.000000,23183.06,23200,ce,7.28,0.5398,-0.5196,0.0093,0.1853,0.75,,CLOSED,2026-04-01 12:01:00.000000,23193.98,Time Exit,545.9999999999127
adx_trend,BUY,2026-04-01 11:56:00.000000,23204.92,23200,ce,7.28,0.5398,-0.5196,0.0093,0.1853,0.75,,CLOSED,2026-04-01 12:02:00.000000,23192.71,Time Exit,-610.4999999999563
adx_trend,BUY,2026-04-01 11:57:00.000000,23204.4,23200,ce,7.28,0.5398,-0.5196,0.0093,0.1853,0.75,,CLOSED,2026-04-01 12:03:00.000000,23194.66,Time Exit,-487.00000000008004
adx_trend,BUY,2026-04-01 11:58:00.000000,23188.91,23200,ce,7.28,0.5398,-0.5196,0.0093,0.1853,0.75,,CLOSED,2026-04-01 12:04:00.000000,23185.38,Time Exit,-176.4999999999418
adx_trend,BUY,2026-04-01 11:59:00.000000,23161.56,23150,ce,5.0,0.4874,-0.4762,0.0107,0.2237,0.75,,CLOSED,2026-04-01 12:05:00.000000,23197.05,Time Exit,1774.4999999998981
adx_trend,BUY,2026-04-01 12:00:00.000000,23172.6,23150,ce,5.0,0.4874,-0.4762,0.0107,0.2237,0.75,,CLOSED,2026-04-01 12:06:00.000000,23194.68,Time Exit,1104.0000000000873
adx_trend,BUY,2026-04-01 12:01:00.000000,23193.98,23200,ce,7.28,0.5398,-0.5196,0.0093,0.1853,0.75,,CLOSED,2026-04-01 12:07:00.000000,23211.65,Time Exit,883.5000000000946
adx_trend,BUY,2026-04-01 12:02:00.000000,23192.71,23200,ce,7.28,0.5398,-0.5196,0.0093,0.1853,0.75,,CLOSED,2026-04-01 12:08:00.000000,23195.3,Time Exit,129.50000000000728
adx_trend,BUY,2026-04-01 12:03:00.000000,23194.66,23200,ce,7.28,0.5398,-0.5196,0.0093,0.1853,0.75,,CLOSED,2026-04-01 12:09:00.000000,23207.22,Time Exit,628.0000000000655
adx_trend,BUY,2026-04-01 12:04:00.000000,23185.38,23200,ce,7.28,0.5398,-0.5196,0.0093,0.1853,0.75,,CLOSED,2026-04-01 12:10:00.000000,23241.03,Time Exit,2782.499999999891
adx_trend,BUY,2026-04-01 12:05:00.000000,23197.05,23200,ce,7.28,0.5398,-0.5196,0.0093,0.1853,0.75,,CLOSED,2026-04-01 12:11:00.000000,23253.99,Time Exit,2847.0000000001164
adx_trend,BUY,2026-04-01 12:06:00.000000,23194.68,23200,ce,7.28,0.5398,-0.5196,0.0093,0.1853,0.75,,CLOSED,2026-04-01 12:12:00.000000,23261.98,Time Exit,3364.9999999999636
adx_trend,BUY,2026-04-01 12:07:00.000000,23211.65,23200,ce,7.28,0.5398,-0.5196,0.0093,0.1853,0.75,,CLOSED,2026-04-01 12:13:00.000000,23231.19,Time Exit,976.9999999998618
adx_trend,BUY,2026-04-01 12:08:00.000000,23195.3,23200,ce,7.28,0.5398,-0.5196,0.0093,0.1853,0.75,,CLOSED,2026-04-01 12:14:00.000000,23230.81,Time Exit,1775.5000000001019
adx_trend,BUY,2026-04-01 12:09:00.000000,23207.22,23200,ce,7.28,0.5398,-0.5196,0.0093,0.1853,0.75,,CLOSED,2026-04-01 12:15:00.000000,23249.28,Time Exit,2102.9999999998836
adx_trend,BUY,2026-04-01 12:10:00.000000,23241.03,23250,ce,15.71,0.5149,-0.4232,0.009,0.2097,0.75,,CLOSED,2026-04-01 12:16:00.000000,23254.0,Time Exit,648.5000000000582
adx_trend,BUY,2026-04-01 12:11:00.000000,23253.99,23250,ce,15.71,0.5149,-0.4232,0.009,0.2097,0.75,,CLOSED,2026-04-01 12:17:00.000000,23232.22,Time Exit,-1088.5000000000218
adx_trend,BUY,2026-04-01 12:12:00.000000,23261.98,23250,ce,15.71,0.5149,-0.4232,0.009,0.2097,0.75,,CLOSED,2026-04-01 12:18:00.000000,23234.49,Time Exit,-1374.4999999998981
adx_trend,BUY,2026-04-01 12:13:00.000000,23231.19,23250,ce,15.71,0.5149,-0.4232,0.009,0.2097,0.75,,CLOSED,2026-04-01 12:19:00.000000,23216.84,Time Exit,-717.4999999999272
adx_trend,BUY,2026-04-01 12:14:00.000000,23230.81,23250,ce,15.71,0.5149,-0.4232,0.009,0.2097,0.75,,CLOSED,2026-04-01 12:20:00.000000,23234.3,Time Exit,174.49999999989814
adx_trend,BUY,2026-04-01 12:15:00.000000,23249.28,23250,ce,15.71,0.5149,-0.4232,0.009,0.2097,0.75,,CLOSED,2026-04-01 12:21:00.000000,23249.1,Time Exit,-9.000000000014552
adx_trend,BUY,2026-04-01 12:16:00.000000,23254.0,23250,ce,15.71,0.5149,-0.4232,0.009,0.2097,0.75,,CLOSED,2026-04-01 12:22:00.000000,23279.25,Time Exit,1262.5
adx_trend,BUY,2026-04-01 12:17:00.000000,23232.22,23250,ce,15.71,0.5149,-0.4232,0.009,0.2097,0.75,,CLOSED,2026-04-01 12:23:00.000000,23291.75,Time Exit,2976.499999999942
adx_trend,BUY,2026-04-01 12:18:00.000000,23234.49,23250,ce,15.71,0.5149,-0.4232,0.009,0.2097,0.75,,CLOSED,2026-04-01 12:24:00.000000,23309.7,Time Exit,3760.4999999999563
adx_trend,BUY,2026-04-01 12:19:00.000000,23216.84,23200,ce,7.28,0.5398,-0.5196,0.0093,0.1853,0.75,,CLOSED,2026-04-01 12:25:00.000000,23309.83,Time Exit,4649.50000000008
adx_trend,BUY,2026-04-01 12:20:00.000000,23234.3,23250,ce,15.71,0.5149,-0.4232,0.009,0.2097,0.75,,CLOSED,2026-04-01 12:26:00.000000,23324.73,Time Exit,4521.500000000015
adx_trend,BUY,2026-04-01 12:21:00.000000,23249.1,23250,ce,15.71,0.5149,-0.4232,0.009,0.2097,0.75,,CLOSED,2026-04-01 12:27:00.000000,23308.43,Time Exit,2966.5000000000873
adx_trend,BUY,2026-04-01 12:22:00.000000,23279.25,23300,ce,14.11,0.6207,-0.4682,0.0106,0.1986,0.75,,CLOSED,2026-04-01 12:28:00.000000,23315.11,Time Exit,1793.000000000029
adx_trend,BUY,2026-04-01 12:23:00.000000,23291.75,23300,ce,14.11,0.6207,-0.4682,0.0106,0.1986,0.75,,CLOSED,2026-04-01 12:29:00.000000,23314.0,Time Exit,1112.5
adx_trend,BUY,2026-04-01 12:24:00.000000,23309.7,23300,ce,14.11,0.6207,-0.4682,0.0106,0.1986,0.75,,CLOSED,2026-04-01 12:30:00.000000,23330.48,Time Exit,1038.9999999999418
adx_trend,BUY,2026-04-01 12:25:00.000000,23309.83,23300,ce,14.11,0.6207,-0.4682,0.0106,0.1986,0.75,,CLOSED,2026-04-01 12:31:00.000000,23328.94,Time Exit,955.4999999998472
adx_trend,BUY,2026-04-01 12:26:00.000000,23324.73,23300,ce,14.11,0.6207,-0.4682,0.0106,0.1986,0.75,,CLOSED,2026-04-01 12:32:00.000000,23299.42,Time Exit,-1265.5000000000655
adx_trend,BUY,2026-04-01 12:27:00.000000,23308.43,23300,ce,14.11,0.6207,-0.4682,0.0106,0.1986,0.75,,CLOSED,2026-04-01 12:33:00.000000,23322.23,Time Exit,689.9999999999636
adx_trend,BUY,2026-04-01 12:28:00.000000,23315.11,23300,ce,14.11,0.6207,-0.4682,0.0106,0.1986,0.75,,CLOSED,2026-04-01 12:34:00.000000,23309.21,Time Exit,-295.00000000007276
adx_trend,BUY,2026-04-01 12:29:00.000000,23314.0,23300,ce,14.11,0.6207,-0.4682,0.0106,0.1986,0.75,,CLOSED,2026-04-01 12:35:00.000000,23307.72,Time Exit,-313.9999999999418
adx_trend,BUY,2026-04-01 12:30:00.000000,23330.48,23350,ce,14.16,0.5057,-0.497,0.0099,0.1943,0.75,,CLOSED,2026-04-01 12:36:00.000000,23296.37,Time Exit,-1705.500000000029
adx_trend,BUY,2026-04-01 12:31:00.000000,23328.94,23350,ce,14.16,0.5057,-0.497,0.0099,0.1943,0.75,,CLOSED,2026-04-01 12:37:00.000000,23302.14,Time Exit,-1339.9999999999636
adx_trend,BUY,2026-04-01 12:32:00.000000,23299.42,23300,ce,14.11,0.6207,-0.4682,0.0106,0.1986,0.75,,CLOSED,2026-04-01 12:38:00.000000,23304.31,Time Exit,244.5000000001528
adx_trend,BUY,2026-04-01 12:33:00.000000,23322.23,23300,ce,14.11,0.6207,-0.4682,0.0106,0.1986,0.75,,CLOSED,2026-04-01 12:39:00.000000,23300.23,Time Exit,-1100.0
adx_trend,BUY,2026-04-01 12:34:00.000000,23309.21,23300,ce,14.11,0.6207,-0.4682,0.0106,0.1986,0.75,,CLOSED,2026-04-01 12:40:00.000000,23325.58,Time Exit,818.500000000131
adx_trend,BUY,2026-04-01 12:35:00.000000,23307.72,23300,ce,14.11,0.6207,-0.4682,0.0106,0.1986,0.75,,CLOSED,2026-04-01 12:41:00.000000,23314.27,Time Exit,327.4999999999636
adx_trend,BUY,2026-04-01 12:36:00.000000,23296.37,23300,ce,14.11,0.6207,-0.4682,0.0106,0.1986,0.75,,CLOSED,2026-04-01 12:42:00.000000,23304.71,Time Exit,417.0000000000073
adx_trend,BUY,2026-04-01 12:37:00.000000,23302.14,23300,ce,14.11,0.6207,-0.4682,0.0106,0.1986,0.75,,CLOSED,2026-04-01 12:43:00.000000,23318.45,Time Exit,815.5000000000655
adx_trend,BUY,2026-04-01 12:38:00.000000,23304.31,23300,ce,14.11,0.6207,-0.4682,0.0106,0.1986,0.75,,CLOSED,2026-04-01 12:44:00.000000,23332.02,Time Exit,1385.4999999999563
adx_trend,BUY,2026-04-01 12:39:00.000000,23300.23,23300,ce,14.11,0.6207,-0.4682,0.0106,0.1986,0.75,,CLOSED,2026-04-01 12:45:00.000000,23373.25,Time Exit,3651.000000000022
adx_trend,BUY,2026-04-01 12:40:00.000000,23325.58,23350,ce,14.16,0.5057,-0.497,0.0099,0.1943,0.75,,CLOSED,2026-04-01 12:46:00.000000,23374.4,Time Exit,2440.9999999999854
adx_trend,BUY,2026-04-01 12:41:00.000000,23314.27,23300,ce,14.11,0.6207,-0.4682,0.0106,0.1986,0.75,,CLOSED,2026-04-01 12:47:00.000000,23393.17,Time Exit,3944.999999999891
adx_trend,BUY,2026-04-01 12:42:00.000000,23304.71,23300,ce,14.11,0.6207,-0.4682,0.0106,0.1986,0.75,,CLOSED,2026-04-01 12:48:00.000000,23369.82,Time Exit,3255.500000000029
adx_trend,BUY,2026-04-01 12:43:00.000000,23318.45,23300,ce,14.11,0.6207,-0.4682,0.0106,0.1986,0.75,,CLOSED,2026-04-01 12:49:00.000000,23420.93,Time Exit,5123.999999999978
adx_trend,BUY,2026-04-01 12:44:00.000000,23332.02,23350,ce,14.16,0.5057,-0.497,0.0099,0.1943,0.75,,CLOSED,2026-04-01 12:50:00.000000,23453.08,Time Exit,6053.0000000000655
adx_trend,BUY,2026-04-01 12:45:00.000000,23373.25,23350,ce,14.16,0.5057,-0.497,0.0099,0.1943,0.75,,CLOSED,2026-04-01 12:51:00.000000,23479.94,Time Exit,5334.4999999999345
adx_trend,BUY,2026-04-01 12:46:00.000000,23374.4,23350,ce,14.16,0.5057,-0.497,0.0099,0.1943,0.75,,CLOSED,2026-04-01 12:52:00.000000,23469.4,Time Exit,4750.0
adx_trend,BUY,2026-04-01 12:47:00.000000,23393.17,23400,ce,9.0,0.4362,-0.4861,0.0101,0.176,0.75,,CLOSED,2026-04-01 12:53:00.000000,23477.14,Time Exit,4198.500000000058
adx_trend,BUY,2026-04-01 12:48:00.000000,23369.82,23350,ce,14.16,0.5057,-0.497,0.0099,0.1943,0.75,,CLOSED,2026-04-01 12:54:00.000000,23470.41,Time Exit,5029.500000000007
adx_trend,BUY,2026-04-01 12:49:00.000000,23420.93,23400,ce,9.0,0.4362,-0.4861,0.0101,0.176,0.75,,CLOSED,2026-04-01 12:55:00.000000,23451.11,Time Exit,1509.0000000000146
adx_trend,BUY,2026-04-01 12:50:00.000000,23453.08,23450,ce,6.26,0.5093,-0.4908,0.0115,0.1963,0.75,,CLOSED,2026-04-01 12:56:00.000000,23466.96,Time Exit,693.999999999869
adx_trend,BUY,2026-04-01 12:51:00.000000,23479.94,23500,ce,5.0,0.4449,-0.5647,0.0115,0.2303,0.75,,CLOSED,2026-04-01 12:57:00.000000,23452.96,Time Exit,-1348.9999999999782
adx_trend,BUY,2026-04-01 12:52:00.000000,23469.4,23450,ce,6.26,0.5093,-0.4908,0.0115,0.1963,0.75,,CLOSED,2026-04-01 12:58:00.000000,23469.67,Time Exit,13.499999999839929
adx_trend,BUY,2026-04-01 12:53:00.000000,23477.14,23500,ce,5.0,0.4449,-0.5647,0.0115,0.2303,0.75,,CLOSED,2026-04-01 12:59:00.000000,23478.76,Time Exit,80.99999999994907
adx_trend,BUY,2026-04-01 12:54:00.000000,23470.41,23450,ce,6.26,0.5093,-0.4908,0.0115,0.1963,0.75,,CLOSED,2026-04-01 13:00:00.000000,23466.69,Time Exit,-186.0000000000582
adx_trend,BUY,2026-04-01 12:55:00.000000,23451.11,23450,ce,6.26,0.5093,-0.4908,0.0115,0.1963,0.75,,CLOSED,2026-04-01 13:01:00.000000,23459.74,Time Exit,431.50000000005093
adx_trend,BUY,2026-04-01 12:56:00.000000,23466.96,23450,ce,6.26,0.5093,-0.4908,0.0115,0.1963,0.75,,CLOSED,2026-04-01 13:02:00.000000,23445.17,Time Exit,-1089.5000000000437
adx_trend,BUY,2026-04-01 12:57:00.000000,23452.96,23450,ce,6.26,0.5093,-0.4908,0.0115,0.1963,0.75,,CLOSED,2026-04-01 13:03:00.000000,23444.79,Time Exit,-408.4999999999127
adx_trend,BUY,2026-04-01 12:58:00.000000,23469.67,23450,ce,6.26,0.5093,-0.4908,0.0115,0.1963,0.75,,CLOSED,2026-04-01 13:04:00.000000,23443.18,Time Exit,-1324.4999999998981
adx_trend,BUY,2026-04-01 12:59:00.000000,23478.76,23500,ce,5.0,0.4449,-0.5647,0.0115,0.2303,0.75,,CLOSED,2026-04-01 13:05:00.000000,23440.06,Time Exit,-1934.9999999998545
adx_trend,BUY,2026-04-01 13:00:00.000000,23466.69,23450,ce,6.26,0.5093,-0.4908,0.0115,0.1963,0.75,,CLOSED,2026-04-01 13:06:00.000000,23435.18,Time Exit,-1575.49999999992
adx_trend,BUY,2026-04-01 13:01:00.000000,23459.74,23450,ce,6.26,0.5093,-0.4908,0.0115,0.1963,0.75,,CLOSED,2026-04-01 13:07:00.000000,23410.73,Time Exit,-2450.500000000102
adx_trend,BUY,2026-04-01 13:02:00.000000,23445.17,23450,ce,6.26,0.5093,-0.4908,0.0115,0.1963,0.75,,CLOSED,2026-04-01 13:08:00.000000,23398.0,Time Exit,-2358.4999999999127
adx_trend,BUY,2026-04-01 13:03:00.000000,23444.79,23450,ce,6.26,0.5093,-0.4908,0.0115,0.1963,0.75,,CLOSED,2026-04-01 13:09:00.000000,23377.19,Time Exit,-3380.000000000109
adx_trend,BUY,2026-04-01 13:04:00.000000,23443.18,23450,ce,6.26,0.5093,-0.4908,0.0115,0.1963,0.75,,CLOSED,2026-04-01 13:10:00.000000,23408.56,Time Exit,-1730.999999999949
adx_trend,BUY,2026-04-01 13:05:00.000000,23440.06,23450,ce,6.26,0.5093,-0.4908,0.0115,0.1963,0.75,,CLOSED,2026-04-01 13:11:00.000000,23423.4,Time Exit,-832.9999999999927
adx_trend,BUY,2026-04-01 13:06:00.000000,23435.18,23450,ce,6.26,0.5093,-0.4908,0.0115,0.1963,0.75,,CLOSED,2026-04-01 13:12:00.000000,23433.69,Time Exit,-74.50000000008004
adx_trend,BUY,2026-04-01 13:07:00.000000,23410.73,23400,ce,9.0,0.4362,-0.4861,0.0101,0.176,0.75,,CLOSED,2026-04-01 13:13:00.000000,23468.95,Time Exit,2911.000000000058
adx_trend,BUY,2026-04-01 13:08:00.000000,23398.0,23400,ce,9.0,0.4362,-0.4861,0.0101,0.176,0.75,,CLOSED,2026-04-01 13:14:00.000000,23454.11,Time Exit,2805.500000000029
adx_trend,BUY,2026-04-01 13:09:00.000000,23377.19,23400,ce,9.0,0.4362,-0.4861,0.0101,0.176,0.75,,CLOSED,2026-04-01 13:15:00.000000,23417.5,Time Exit,2015.5000000000655
adx_trend,BUY,2026-04-01 13:10:00.000000,23408.56,23400,ce,9.0,0.4362,-0.4861,0.0101,0.176,0.75,,CLOSED,2026-04-01 13:16:00.000000,23406.34,Time Exit,-111.00000000005821
adx_trend,BUY,2026-04-01 13:11:00.000000,23423.4,23400,ce,9.0,0.4362,-0.4861,0.0101,0.176,0.75,,CLOSED,2026-04-01 13:17:00.000000,23415.73,Time Exit,-383.5000000000946
adx_trend,BUY,2026-04-01 13:12:00.000000,23433.69,23450,ce,6.26,0.5093,-0.4908,0.0115,0.1963,0.75,,CLOSED,2026-04-01 13:18:00.000000,23399.37,Time Exit,-1715.9999999999854
adx_trend,BUY,2026-04-01 13:13:00.000000,23468.95,23450,ce,6.26,0.5093,-0.4908,0.0115,0.1963,0.75,,CLOSED,2026-04-01 13:19:00.000000,23421.27,Time Exit,-2384.0000000000146
adx_trend,BUY,2026-04-01 13:14:00.000000,23454.11,23450,ce,6.26,0.5093,-0.4908,0.0115,0.1963,0.75,,CLOSED,2026-04-01 13:20:00.000000,23422.58,Time Exit,-1576.4999999999418
adx_trend,BUY,2026-04-01 13:15:00.000000,23417.5,23400,ce,9.0,0.4362,-0.4861,0.0101,0.176,0.75,,CLOSED,2026-04-01 13:21:00.000000,23432.28,Time Exit,738.9999999999418
adx_trend,BUY,2026-04-01 13:16:00.000000,23406.34,23400,ce,9.0,0.4362,-0.4861,0.0101,0.176,0.75,,CLOSED,2026-04-01 13:22:00.000000,23460.62,Time Exit,2713.999999999942
adx_trend,BUY,2026-04-01 13:17:00.000000,23415.73,23400,ce,9.0,0.4362,-0.4861,0.0101,0.176,0.75,,CLOSED,2026-04-01 13:23:00.000000,23493.78,Time Exit,3902.4999999999636
adx_trend,BUY,2026-04-01 13:18:00.000000,23399.37,23400,ce,9.0,0.4362,-0.4861,0.0101,0.176,0.75,,CLOSED,2026-04-01 13:24:00.000000,23485.73,Time Exit,4318.000000000029
adx_trend,BUY,2026-04-01 13:19:00.000000,23421.27,23400,ce,9.0,0.4362,-0.4861,0.0101,0.176,0.75,,CLOSED,2026-04-01 13:25:00.000000,23478.8,Time Exit,2876.499999999942
adx_trend,BUY,2026-04-01 13:20:00.000000,23422.58,23400,ce,9.0,0.4362,-0.4861,0.0101,0.176,0.75,,CLOSED,2026-04-01 13:26:00.000000,23472.43,Time Exit,2492.4999999999272
adx_trend,BUY,2026-04-01 13:21:00.000000,23432.28,23450,ce,6.26,0.5093,-0.4908,0.0115,0.1963,0.75,,CLOSED,2026-04-01 13:27:00.000000,23478.05,Time Exit,2288.500000000022
adx_trend,BUY,2026-04-01 13:22:00.000000,23460.62,23450,ce,6.26,0.5093,-0.4908,0.0115,0.1963,0.75,,CLOSED,2026-04-01 13:28:00.000000,23500.36,Time Exit,1987.00000000008
adx_trend,BUY,2026-04-01 13:23:00.000000,23493.78,23500,ce,5.0,0.4449,-0.5647,0.0115,0.2303,0.75,,CLOSED,2026-04-01 13:29:00.000000,23528.05,Time Exit,1713.5000000000218
adx_trend,BUY,2026-04-01 13:24:00.000000,23485.73,23500,ce,5.0,0.4449,-0.5647,0.0115,0.2303,0.75,,CLOSED,2026-04-01 13:30:00.000000,23543.15,Time Exit,2871.0000000000946
adx_trend,BUY,2026-04-01 13:25:00.000000,23478.8,23500,ce,5.0,0.4449,-0.5647,0.0115,0.2303,0.75,,CLOSED,2026-04-01 13:31:00.000000,23556.75,Time Exit,3897.5000000000364
adx_trend,BUY,2026-04-01 13:26:00.000000,23472.43,23450,ce,6.26,0.5093,-0.4908,0.0115,0.1963,0.75,,CLOSED,2026-04-01 13:32:00.000000,23550.48,Time Exit,3902.4999999999636
adx_trend,BUY,2026-04-01 13:27:00.000000,23478.05,23500,ce,5.0,0.4449,-0.5647,0.0115,0.2303,0.75,,CLOSED,2026-04-01 13:33:00.000000,23563.51,Time Exit,4272.999999999956
adx_trend,BUY,2026-04-01 13:28:00.000000,23500.36,23500,ce,5.0,0.4449,-0.5647,0.0115,0.2303,0.75,,CLOSED,2026-04-01 13:34:00.000000,23558.03,Time Exit,2883.4999999999127
adx_trend,BUY,2026-04-01 13:29:00.000000,23528.05,23550,ce,5.0,0.5088,-0.5384,0.0091,0.2329,0.75,,CLOSED,2026-04-01 13:35:00.000000,23548.95,Time Exit,1045.0000000000728
adx_trend,BUY,2026-04-01 13:30:00.000000,23543.15,23550,ce,5.0,0.5088,-0.5384,0.0091,0.2329,0.75,,CLOSED,2026-04-01 13:36:00.000000,23548.38,Time Exit,261.4999999999782
adx_trend,BUY,2026-04-01 13:31:00.000000,23556.75,23550,ce,5.0,0.5088,-0.5384,0.0091,0.2329,0.75,,CLOSED,2026-04-01 13:37:00.000000,23536.84,Time Exit,-995.4999999999927
adx_trend,BUY,2026-04-01 13:32:00.000000,23550.48,23550,ce,5.0,0.5088,-0.5384,0.0091,0.2329,0.75,,CLOSED,2026-04-01 13:38:00.000000,23560.75,Time Exit,513.5000000000218
adx_trend,BUY,2026-04-01 13:33:00.000000,23563.51,23550,ce,5.0,0.5088,-0.5384,0.0091,0.2329,0.75,,CLOSED,2026-04-01 13:39:00.000000,23558.68,Time Exit,-241.4999999999054
adx_trend,BUY,2026-04-01 13:34:00.000000,23558.03,23550,ce,5.0,0.5088,-0.5384,0.0091,0.2329,0.75,,CLOSED,2026-04-01 13:40:00.000000,23526.83,Time Exit,-1559.9999999998545
adx_trend,BUY,2026-04-01 13:35:00.000000,23548.95,23550,ce,5.0,0.5088,-0.5384,0.0091,0.2329,0.75,,CLOSED,2026-04-01 13:41:00.000000,23550.25,Time Exit,64.99999999996362
adx_trend,BUY,2026-04-01 13:36:00.000000,23548.38,23550,ce,5.0,0.5088,-0.5384,0.0091,0.2329,0.75,,CLOSED,2026-04-01 13:42:00.000000,23581.57,Time Exit,1659.4999999999345
adx_trend,BUY,2026-04-01 13:37:00.000000,23536.84,23550,ce,5.0,0.5088,-0.5384,0.0091,0.2329,0.75,,CLOSED,2026-04-01 13:43:00.000000,23580.62,Time Exit,2188.999999999942
adx_trend,BUY,2026-04-01 13:38:00.000000,23560.75,23550,ce,5.0,0.5088,-0.5384,0.0091,0.2329,0.75,,CLOSED,2026-04-01 13:44:00.000000,23575.54,Time Exit,739.5000000000437
adx_trend,BUY,2026-04-01 13:39:00.000000,23558.68,23550,ce,5.0,0.5088,-0.5384,0.0091,0.2329,0.75,,CLOSED,2026-04-01 13:45:00.000000,23572.57,Time Exit,694.4999999999709
adx_trend,BUY,2026-04-01 13:40:00.000000,23526.83,23550,ce,5.0,0.5088,-0.5384,0.0091,0.2329,0.75,,CLOSED,2026-04-01 13:46:00.000000,23615.46,Time Exit,4431.499999999869
adx_trend,BUY,2026-04-01 13:41:00.000000,23550.25,23550,ce,5.0,0.5088,-0.5384,0.0091,0.2329,0.75,,CLOSED,2026-04-01 13:47:00.000000,23613.02,Time Exit,3138.500000000022
adx_trend,BUY,2026-04-01 13:42:00.000000,23581.57,23600,ce,17.23,0.4768,-0.5425,0.011,0.1727,0.75,,CLOSED,2026-04-01 13:48:00.000000,23613.94,Time Exit,1618.499999999949
adx_trend,BUY,2026-04-01 13:43:00.000000,23580.62,23600,ce,17.23,0.4768,-0.5425,0.011,0.1727,0.75,,CLOSED,2026-04-01 13:49:00.000000,23661.16,Time Exit,4027.0000000000437
adx_trend,BUY,2026-04-01 13:44:00.000000,23575.54,23600,ce,17.23,0.4768,-0.5425,0.011,0.1727,0.75,,CLOSED,2026-04-01 13:50:00.000000,23657.52,Time Exit,4098.999999999978
adx_trend,BUY,2026-04-01 13:45:00.000000,23572.57,23550,ce,5.0,0.5088,-0.5384,0.0091,0.2329,0.75,,CLOSED,2026-04-01 13:51:00.000000,23651.36,Time Exit,3939.5000000000437
adx_trend,BUY,2026-04-01 13:46:00.000000,23615.46,23600,ce,17.23,0.4768,-0.5425,0.011,0.1727,0.75,,CLOSED,2026-04-01 13:52:00.000000,23643.21,Time Exit,1387.5
adx_trend,BUY,2026-04-01 13:47:00.000000,23613.02,23600,ce,17.23,0.4768,-0.5425,0.011,0.1727,0.75,,CLOSED,2026-04-01 13:53:00.000000,23646.23,Time Exit,1660.4999999999563
adx_trend,BUY,2026-04-01 13:48:00.000000,23613.94,23600,ce,17.23,0.4768,-0.5425,0.011,0.1727,0.75,,CLOSED,2026-04-01 13:54:00.000000,23637.27,Time Exit,1166.5000000000873
adx_trend,BUY,2026-04-01 13:49:00.000000,23661.16,23650,ce,15.08,0.5231,-0.5322,0.0099,0.2216,0.75,,CLOSED,2026-04-01 13:55:00.000000,23606.5,Time Exit,-2732.9999999999927
adx_trend,BUY,2026-04-01 13:50:00.000000,23657.52,23650,ce,15.08,0.5231,-0.5322,0.0099,0.2216,0.75,,CLOSED,2026-04-01 13:56:00.000000,23598.71,Time Exit,-2940.5000000000655
adx_trend,BUY,2026-04-01 13:51:00.000000,23651.36,23650,ce,15.08,0.5231,-0.5322,0.0099,0.2216,0.75,,CLOSED,2026-04-01 13:57:00.000000,23596.17,Time Exit,-2759.5000000001164
adx_trend,BUY,2026-04-01 13:52:00.000000,23643.21,23650,ce,15.08,0.5231,-0.5322,0.0099,0.2216,0.75,,CLOSED,2026-04-01 13:58:00.000000,23600.6,Time Exit,-2130.500000000029
adx_trend,BUY,2026-04-01 13:53:00.000000,23646.23,23650,ce,15.08,0.5231,-0.5322,0.0099,0.2216,0.75,,CLOSED,2026-04-01 13:59:00.000000,23589.75,Time Exit,-2823.999999999978
adx_trend,BUY,2026-04-01 13:54:00.000000,23637.27,23650,ce,15.08,0.5231,-0.5322,0.0099,0.2216,0.75,,CLOSED,2026-04-01 14:00:00.000000,23617.15,Time Exit,-1005.9999999999491
adx_trend,BUY,2026-04-01 13:55:00.000000,23606.5,23600,ce,17.23,0.4768,-0.5425,0.011,0.1727,0.75,,CLOSED,2026-04-01 14:01:00.000000,23620.3,Time Exit,689.9999999999636
adx_trend,BUY,2026-04-01 13:56:00.000000,23598.71,23600,ce,17.23,0.4768,-0.5425,0.011,0.1727,0.75,,CLOSED,2026-04-01 14:02:00.000000,23593.29,Time Exit,-270.9999999999127
adx_trend,BUY,2026-04-01 13:57:00.000000,23596.17,23600,ce,17.23,0.4768,-0.5425,0.011,0.1727,0.75,,CLOSED,2026-04-01 14:03:00.000000,23575.81,Time Exit,-1017.9999999998472
adx_trend,BUY,2026-04-01 13:58:00.000000,23600.6,23600,ce,17.23,0.4768,-0.5425,0.011,0.1727,0.75,,CLOSED,2026-04-01 14:04:00.000000,23542.0,Time Exit,-2929.9999999999272
adx_trend,BUY,2026-04-01 13:59:00.000000,23589.75,23600,ce,17.23,0.4768,-0.5425,0.011,0.1727,0.75,,CLOSED,2026-04-01 14:05:00.000000,23527.2,Time Exit,-3127.4999999999636
adx_trend,BUY,2026-04-01 14:00:00.000000,23617.15,23600,ce,17.23,0.4768,-0.5425,0.011,0.1727,0.75,,CLOSED,2026-04-01 14:06:00.000000,23522.6,Time Exit,-4727.5000000001455
adx_trend,BUY,2026-04-01 14:01:00.000000,23620.3,23600,ce,17.23,0.4768,-0.5425,0.011,0.1727,0.75,,CLOSED,2026-04-01 14:07:00.000000,23522.5,Time Exit,-4889.999999999964
adx_trend,BUY,2026-04-01 14:02:00.000000,23593.29,23600,ce,17.23,0.4768,-0.5425,0.011,0.1727,0.75,,CLOSED,2026-04-01 14:08:00.000000,23518.86,Time Exit,-3721.5000000000146
adx_trend,BUY,2026-04-01 14:03:00.000000,23575.81,23600,ce,17.23,0.4768,-0.5425,0.011,0.1727,0.75,,CLOSED,2026-04-01 14:09:00.000000,23553.51,Time Exit,-1115.0000000001455
adx_trend,BUY,2026-04-01 14:04:00.000000,23542.0,23550,ce,5.0,0.5088,-0.5384,0.0091,0.2329,0.75,,CLOSED,2026-04-01 14:10:00.000000,23571.54,Time Exit,1477.0000000000437
adx_trend,BUY,2026-04-01 14:05:00.000000,23527.2,23550,ce,5.0,0.5088,-0.5384,0.0091,0.2329,0.75,,CLOSED,2026-04-01 14:11:00.000000,23595.73,Time Exit,3426.499999999942
adx_trend,BUY,2026-04-01 14:06:00.000000,23522.6,23500,ce,5.0,0.4449,-0.5647,0.0115,0.2303,0.75,,CLOSED,2026-04-01 14:12:00.000000,23601.69,Time Exit,3954.5000000000073
adx_trend,BUY,2026-04-01 14:07:00.000000,23522.5,23500,ce,5.0,0.4449,-0.5647,0.0115,0.2303,0.75,,CLOSED,2026-04-01 14:13:00.000000,23605.73,Time Exit,4161.499999999978
adx_trend,BUY,2026-04-01 14:08:00.000000,23518.86,23500,ce,5.0,0.4449,-0.5647,0.0115,0.2303,0.75,,CLOSED,2026-04-01 14:14:00.000000,23609.59,Time Exit,4536.499999999978
adx_trend,SELL,2026-04-01 14:09:00.000000,23553.51,23550,pe,10.0,-0.4594,-0.3765,0.0091,0.2329,0.75,,CLOSED,2026-04-01 14:15:00.000000,23602.44,Time Exit,-2446.5000000000146
adx_trend,SELL,2026-04-01 14:10:00.000000,23571.54,23550,pe,10.0,-0.4594,-0.3765,0.0091,0.2329,0.75,,CLOSED,2026-04-01 14:16:00.000000,23636.73,Time Exit,-3259.4999999999345
adx_trend,SELL,2026-04-01 14:11:00.000000,23595.73,23600,pe,19.34,-0.5095,-0.5284,0.011,0.1727,0.75,,CLOSED,2026-04-01 14:17:00.000000,23678.84,Time Exit,-4155.500000000029
adx_trend,SELL,2026-04-01 14:12:00.000000,23601.69,23600,pe,19.34,-0.5095,-0.5284,0.011,0.1727,0.75,,CLOSED,2026-04-01 14:18:00.000000,23684.99,Time Exit,-4165.0000000001455
adx_trend,SELL,2026-04-01 14:13:00.000000,23605.73,23600,pe,19.34,-0.5095,-0.5284,0.011,0.1727,0.75,,CLOSED,2026-04-01 14:19:00.000000,23671.52,Time Exit,-3289.5000000000437
adx_trend,SELL,2026-04-01 14:14:00.000000,23609.59,23600,pe,19.34,-0.5095,-0.5284,0.011,0.1727,0.75,,CLOSED,2026-04-01 14:20:00.000000,23690.09,Time Exit,-4025.0
adx_trend,SELL,2026-04-01 14:15:00.000000,23602.44,23600,pe,19.34,-0.5095,-0.5284,0.011,0.1727,0.75,,CLOSED,2026-04-01 14:21:00.000000,23709.87,Time Exit,-5371.500000000015
adx_trend,BUY,2026-04-01 14:16:00.000000,23636.73,23650,ce,15.08,0.5231,-0.5322,0.0099,0.2216,0.75,,CLOSED,2026-04-01 14:22:00.000000,23717.17,Time Exit,4021.9999999999345
adx_trend,BUY,2026-04-01 14:17:00.000000,23678.84,23700,ce,5.0,0.4517,-0.4641,0.0095,0.2271,0.75,,CLOSED,2026-04-01 14:23:00.000000,23734.68,Time Exit,2792.0000000000073
adx_trend,BUY,2026-04-01 14:18:00.000000,23684.99,23700,ce,5.0,0.4517,-0.4641,0.0095,0.2271,0.75,,CLOSED,2026-04-01 14:24:00.000000,23722.89,Time Exit,1894.9999999998909
adx_trend,BUY,2026-04-01 14:19:00.000000,23671.52,23650,ce,15.08,0.5231,-0.5322,0.0099,0.2216,0.75,,CLOSED,2026-04-01 14:25:00.000000,23723.7,Time Exit,2609.0000000000146
adx_trend,BUY,2026-04-01 14:20:00.000000,23690.09,23700,ce,5.0,0.4517,-0.4641,0.0095,0.2271,0.75,,CLOSED,2026-04-01 14:26:00.000000,23758.59,Time Exit,3425.0
adx_trend,BUY,2026-04-01 14:21:00.000000,23709.87,23700,ce,5.0,0.4517,-0.4641,0.0095,0.2271,0.75,,CLOSED,2026-04-01 14:27:00.000000,23771.68,Time Exit,3090.5000000000655
adx_trend,BUY,2026-04-01 14:22:00.000000,23717.17,23700,ce,5.0,0.4517,-0.4641,0.0095,0.2271,0.75,,CLOSED,2026-04-01 14:28:00.000000,23766.2,Time Exit,2451.5000000001237
adx_trend,BUY,2026-04-01 14:23:00.000000,23734.68,23750,ce,10.27,0.5047,-0.5444,0.0112,0.2151,0.75,,CLOSED,2026-04-01 14:29:00.000000,23787.43,Time Exit,2637.5
adx_trend,BUY,2026-04-01 14:24:00.000000,23722.89,23700,ce,5.0,0.4517,-0.4641,0.0095,0.2271,0.75,,CLOSED,2026-04-01 14:30:00.000000,23773.85,Time Exit,2547.9999999999563
adx_trend,BUY,2026-04-01 14:25:00.000000,23723.7,23700,ce,5.0,0.4517,-0.4641,0.0095,0.2271,0.75,,CLOSED,2026-04-01 14:31:00.000000,23771.8,Time Exit,2404.9999999999272
adx_trend,BUY,2026-04-01 14:26:00.000000,23758.59,23750,ce,10.27,0.5047,-0.5444,0.0112,0.2151,0.75,,CLOSED,2026-04-01 14:32:00.000000,23798.63,Time Exit,2002.0000000000437
adx_trend,BUY,2026-04-01 14:27:00.000000,23771.68,23750,ce,10.27,0.5047,-0.5444,0.0112,0.2151,0.75,,CLOSED,2026-04-01 14:33:00.000000,23807.36,Time Exit,1784.0000000000146
adx_trend,BUY,2026-04-01 14:28:00.000000,23766.2,23750,ce,10.27,0.5047,-0.5444,0.0112,0.2151,0.75,,CLOSED,2026-04-01 14:34:00.000000,23836.99,Time Exit,3539.5000000000437
adx_trend,BUY,2026-04-01 14:29:00.000000,23787.43,23800,ce,13.31,0.5644,-0.4078,0.0108,0.2369,0.75,,CLOSED,2026-04-01 14:35:00.000000,23877.69,Time Exit,4512.99999999992
adx_trend,BUY,2026-04-01 14:30:00.000000,23773.85,23750,ce,10.27,0.5047,-0.5444,0.0112,0.2151,0.75,,CLOSED,2026-04-01 14:36:00.000000,23865.92,Time Exit,4603.499999999985
adx_trend,BUY,2026-04-01 14:31:00.000000,23771.8,23750,ce,10.27,0.5047,-0.5444,0.0112,0.2151,0.75,,CLOSED,2026-04-01 14:37:00.000000,23885.92,Time Exit,5705.999999999949
adx_trend,BUY,2026-04-01 14:32:00.000000,23798.63,23800,ce,13.31,0.5644,-0.4078,0.0108,0.2369,0.75,,CLOSED,2026-04-01 14:38:00.000000,23909.83,Time Exit,5560.000000000036
adx_trend,BUY,2026-04-01 14:33:00.000000,23807.36,23800,ce,13.31,0.5644,-0.4078,0.0108,0.2369,0.75,,CLOSED,2026-04-01 14:39:00.000000,23899.7,Time Exit,4617.000000000007
adx_trend,BUY,2026-04-01 14:34:00.000000,23836.99,23800,ce,13.31,0.5644,-0.4078,0.0108,0.2369,0.75,,CLOSED,2026-04-01 14:40:00.000000,23947.78,Time Exit,5539.499999999862
adx_trend,BUY,2026-04-01 14:36:00.000000,23865.92,23800,ce,13.31,0.5644,-0.4078,0.0108,0.2369,0.75,,CLOSED,2026-04-01 14:42:00.000000,23960.81,Time Exit,4744.500000000153
adx_trend,SELL,2026-04-02 09:15:00.000000,22764.87,22750,pe,7.41,-0.4085,-0.4956,0.0092,0.1822,0.75,,CLOSED,2026-04-02 09:21:00.000000,22810.6,Time Exit,-2286.499999999978
adx_trend,SELL,2026-04-02 09:16:00.000000,22768.05,22750,pe,7.41,-0.4085,-0.4956,0.0092,0.1822,0.75,,CLOSED,2026-04-02 09:22:00.000000,22815.42,Time Exit,-2368.499999999949
adx_trend,SELL,2026-04-02 09:17:00.000000,22783.75,22800,pe,5.0,-0.5112,-0.5026,0.0096,0.2148,0.75,,CLOSED,2026-04-02 09:23:00.000000,22859.52,Time Exit,-3788.500000000022
adx_trend,SELL,2026-04-02 09:18:00.000000,22791.6,22800,pe,5.0,-0.5112,-0.5026,0.0096,0.2148,0.75,,CLOSED,2026-04-02 09:24:00.000000,22866.54,Time Exit,-3747.0000000001164
adx_trend,SELL,2026-04-02 09:19:00.000000,22798.9,22800,pe,5.0,-0.5112,-0.5026,0.0096,0.2148,0.75,,CLOSED,2026-04-02 09:25:00.000000,22852.45,Time Exit,-2677.4999999999636
adx_trend,SELL,2026-04-02 09:20:00.000000,22806.26,22800,pe,5.0,-0.5112,-0.5026,0.0096,0.2148,0.75,,CLOSED,2026-04-02 09:26:00.000000,22868.45,Time Exit,-3109.5000000001164
adx_trend,SELL,2026-04-02 09:21:00.000000,22810.6,22800,pe,5.0,-0.5112,-0.5026,0.0096,0.2148,0.75,,CLOSED,2026-04-02 09:27:00.000000,22878.16,Time Exit,-3378.0000000000655
adx_trend,SELL,2026-04-02 09:22:00.000000,22815.42,22800,pe,5.0,-0.5112,-0.5026,0.0096,0.2148,0.75,,CLOSED,2026-04-02 09:28:00.000000,22875.5,Time Exit,-3004.0000000000873
adx_trend,SELL,2026-04-02 09:23:00.000000,22859.52,22850,pe,10.0,-0.4481,-0.4988,0.0106,0.1963,0.75,,CLOSED,2026-04-02 09:29:00.000000,22902.17,Time Exit,-2132.499999999891
adx_trend,SELL,2026-04-02 09:24:00.000000,22866.54,22850,pe,10.0,-0.4481,-0.4988,0.0106,0.1963,0.75,,CLOSED,2026-04-02 09:30:00.000000,22904.19,Time Exit,-1882.4999999998909
adx_trend,SELL,2026-04-02 09:25:00.000000,22852.45,22850,pe,10.0,-0.4481,-0.4988,0.0106,0.1963,0.75,,CLOSED,2026-04-02 09:31:00.000000,22868.16,Time Exit,-785.4999999999563
adx_trend,SELL,2026-04-02 09:26:00.000000,22868.45,22850,pe,10.0,-0.4481,-0.4988,0.0106,0.1963,0.75,,CLOSED,2026-04-02 09:32:00.000000,22886.34,Time Exit,-894.4999999999709
adx_trend,SELL,2026-04-02 09:27:00.000000,22878.16,22900,pe,10.0,-0.4691,-0.4382,0.0096,0.2126,0.75,,CLOSED,2026-04-02 09:33:00.000000,22883.67,Time Exit,-275.49999999991996
adx_trend,SELL,2026-04-02 09:28:00.000000,22875.5,22900,pe,10.0,-0.4691,-0.4382,0.0096,0.2126,0.75,,CLOSED,2026-04-02 09:34:00.000000,22901.42,Time Exit,-1295.9999999999127
adx_trend,SELL,2026-04-02 09:29:00.000000,22902.17,22900,pe,10.0,-0.4691,-0.4382,0.0096,0.2126,0.75,,CLOSED,2026-04-02 09:35:00.000000,22880.95,Time Exit,1060.9999999998763
adx_trend,SELL,2026-04-02 09:30:00.000000,22904.19,22900,pe,10.0,-0.4691,-0.4382,0.0096,0.2126,0.75,,CLOSED,2026-04-02 09:36:00.000000,22912.74,Time Exit,-427.5000000001455
adx_trend,SELL,2026-04-02 09:31:00.000000,22868.16,22850,pe,10.0,-0.4481,-0.4988,0.0106,0.1963,0.75,,CLOSED,2026-04-02 09:37:00.000000,22880.22,Time Exit,-603.0000000000655
adx_trend,SELL,2026-04-02 09:32:00.000000,22886.34,22900,pe,10.0,-0.4691,-0.4382,0.0096,0.2126,0.75,,CLOSED,2026-04-02 09:38:00.000000,22912.41,Time Exit,-1303.4999999999854
adx_trend,SELL,2026-04-02 09:33:00.000000,22883.67,22900,pe,10.0,-0.4691,-0.4382,0.0096,0.2126,0.75,,CLOSED,2026-04-02 09:39:00.000000,22919.73,Time Exit,-1803.0000000000655
adx_trend,SELL,2026-04-02 09:34:00.000000,22901.42,22900,pe,10.0,-0.4691,-0.4382,0.0096,0.2126,0.75,,CLOSED,2026-04-02 09:40:00.000000,22936.98,Time Exit,-1778.0000000000655
adx_trend,SELL,2026-04-02 09:35:00.000000,22880.95,22900,pe,10.0,-0.4691,-0.4382,0.0096,0.2126,0.75,,CLOSED,2026-04-02 09:41:00.000000,22945.24,Time Exit,-3214.5000000000437
adx_trend,SELL,2026-04-02 09:36:00.000000,22912.74,22900,pe,10.0,-0.4691,-0.4382,0.0096,0.2126,0.75,,CLOSED,2026-04-02 09:42:00.000000,22956.18,Time Exit,-2171.9999999999345
adx_trend,SELL,2026-04-02 09:37:00.000000,22880.22,22900,pe,10.0,-0.4691,-0.4382,0.0096,0.2126,0.75,,CLOSED,2026-04-02 09:43:00.000000,22928.23,Time Exit,-2400.49999999992
adx_trend,SELL,2026-04-02 09:38:00.000000,22912.41,22900,pe,10.0,-0.4691,-0.4382,0.0096,0.2126,0.75,,CLOSED,2026-04-02 09:44:00.000000,22921.85,Time Exit,-471.9999999999345
adx_trend,SELL,2026-04-02 09:39:00.000000,22919.73,22900,pe,10.0,-0.4691,-0.4382,0.0096,0.2126,0.75,,CLOSED,2026-04-02 09:45:00.000000,22890.96,Time Exit,1438.5000000000218
adx_trend,SELL,2026-04-02 09:40:00.000000,22936.98,22950,pe,10.0,-0.5335,-0.5519,0.0093,0.2014,0.75,,CLOSED,2026-04-02 09:46:00.000000,22904.54,Time Exit,1621.9999999999345
adx_trend,SELL,2026-04-02 09:41:00.000000,22945.24,22950,pe,10.0,-0.5335,-0.5519,0.0093,0.2014,0.75,,CLOSED,2026-04-02 09:47:00.000000,22909.19,Time Exit,1802.5000000001455
adx_trend,SELL,2026-04-02 09:42:00.000000,22956.18,22950,pe,10.0,-0.5335,-0.5519,0.0093,0.2014,0.75,,CLOSED,2026-04-02 09:48:00.000000,22904.94,Time Exit,2562.00000000008
adx_trend,SELL,2026-04-02 09:43:00.000000,22928.23,22950,pe,10.0,-0.5335,-0.5519,0.0093,0.2014,0.75,,CLOSED,2026-04-02 09:49:00.000000,22878.53,Time Exit,2485.0000000000364
adx_trend,SELL,2026-04-02 09:44:00.000000,22921.85,22900,pe,10.0,-0.4691,-0.4382,0.0096,0.2126,0.75,,CLOSED,2026-04-02 09:50:00.000000,22875.89,Time Exit,2297.9999999999563
adx_trend,SELL,2026-04-02 09:45:00.000000,22890.96,22900,pe,10.0,-0.4691,-0.4382,0.0096,0.2126,0.75,,CLOSED,2026-04-02 09:51:00.000000,22883.3,Time Exit,382.9999999999927
adx_trend,SELL,2026-04-02 09:46:00.000000,22904.54,22900,pe,10.0,-0.4691,-0.4382,0.0096,0.2126,0.75,,CLOSED,2026-04-02 09:52:00.000000,22920.07,Time Exit,-776.4999999999418
adx_trend,SELL,2026-04-02 09:47:00.000000,22909.19,22900,pe,10.0,-0.4691,-0.4382,0.0096,0.2126,0.75,,CLOSED,2026-04-02 09:53:00.000000,22877.35,Time Exit,1592.0000000000073
adx_trend,SELL,2026-04-02 09:48:00.000000,22904.94,22900,pe,10.0,-0.4691,-0.4382,0.0096,0.2126,0.75,,CLOSED,2026-04-02 09:54:00.000000,22845.34,Time Exit,2979.9999999999272
adx_trend,SELL,2026-04-02 09:49:00.000000,22878.53,22900,pe,10.0,-0.4691,-0.4382,0.0096,0.2126,0.75,,CLOSED,2026-04-02 09:55:00.000000,22899.78,Time Exit,-1062.5
adx_trend,SELL,2026-04-02 09:50:00.000000,22875.89,22900,pe,10.0,-0.4691,-0.4382,0.0096,0.2126,0.75,,CLOSED,2026-04-02 09:56:00.000000,22934.38,Time Exit,-2924.50000000008
adx_trend,SELL,2026-04-02 09:51:00.000000,22883.3,22900,pe,10.0,-0.4691,-0.4382,0.0096,0.2126,0.75,,CLOSED,2026-04-02 09:57:00.000000,22918.62,Time Exit,-1765.9999999999854
adx_trend,SELL,2026-04-02 09:52:00.000000,22920.07,22900,pe,10.0,-0.4691,-0.4382,0.0096,0.2126,0.75,,CLOSED,2026-04-02 09:58:00.000000,22924.16,Time Exit,-204.50000000000728
adx_trend,SELL,2026-04-02 09:53:00.000000,22877.35,22900,pe,10.0,-0.4691,-0.4382,0.0096,0.2126,0.75,,CLOSED,2026-04-02 09:59:00.000000,22923.65,Time Exit,-2315.0000000001455
adx_trend,SELL,2026-04-02 09:54:00.000000,22845.34,22850,pe,10.0,-0.4481,-0.4988,0.0106,0.1963,0.75,,CLOSED,2026-04-02 10:00:00.000000,22904.11,Time Exit,-2938.500000000022
adx_trend,SELL,2026-04-02 09:55:00.000000,22899.78,22900,pe,10.0,-0.4691,-0.4382,0.0096,0.2126,0.75,,CLOSED,2026-04-02 10:01:00.000000,22889.95,Time Exit,491.4999999999054
adx_trend,SELL,2026-04-02 09:56:00.000000,22934.38,22950,pe,10.0,-0.5335,-0.5519,0.0093,0.2014,0.75,,CLOSED,2026-04-02 10:02:00.000000,22894.62,Time Exit,1988.0000000001019
adx_trend,SELL,2026-04-02 09:57:00.000000,22918.62,22900,pe,10.0,-0.4691,-0.4382,0.0096,0.2126,0.75,,CLOSED,2026-04-02 10:03:00.000000,22886.62,Time Exit,1600.0
adx_trend,SELL,2026-04-02 09:58:00.000000,22924.16,22900,pe,10.0,-0.4691,-0.4382,0.0096,0.2126,0.75,,CLOSED,2026-04-02 10:04:00.000000,22893.62,Time Exit,1527.0000000000437
adx_trend,SELL,2026-04-02 09:59:00.000000,22923.65,22900,pe,10.0,-0.4691,-0.4382,0.0096,0.2126,0.75,,CLOSED,2026-04-02 10:05:00.000000,22886.27,Time Exit,1869.000000000051
adx_trend,SELL,2026-04-02 10:00:00.000000,22904.11,22900,pe,10.0,-0.4691,-0.4382,0.0096,0.2126,0.75,,CLOSED,2026-04-02 10:06:00.000000,22905.16,Time Exit,-52.49999999996362
adx_trend,SELL,2026-04-02 10:01:00.000000,22889.95,22900,pe,10.0,-0.4691,-0.4382,0.0096,0.2126,0.75,,CLOSED,2026-04-02 10:07:00.000000,22899.89,Time Exit,-496.9999999999345
adx_trend,SELL,2026-04-02 10:02:00.000000,22894.62,22900,pe,10.0,-0.4691,-0.4382,0.0096,0.2126,0.75,,CLOSED,2026-04-02 10:08:00.000000,22908.17,Time Exit,-677.4999999999636
adx_trend,SELL,2026-04-02 10:03:00.000000,22886.62,22900,pe,10.0,-0.4691,-0.4382,0.0096,0.2126,0.75,,CLOSED,2026-04-02 10:09:00.000000,22902.74,Time Exit,-806.000000000131
adx_trend,BUY,2026-04-02 10:04:00.000000,22893.62,22900,ce,5.0,0.5013,-0.4595,0.0096,0.2126,0.75,,CLOSED,2026-04-02 10:10:00.000000,22909.85,Time Exit,811.4999999999782
adx_trend,BUY,2026-04-02 10:05:00.000000,22886.27,22900,ce,5.0,0.5013,-0.4595,0.0096,0.2126,0.75,,CLOSED,2026-04-02 10:11:00.000000,22935.8,Time Exit,2476.499999999942
adx_trend,BUY,2026-04-02 10:06:00.000000,22905.16,22900,ce,5.0,0.5013,-0.4595,0.0096,0.2126,0.75,,CLOSED,2026-04-02 10:12:00.000000,22945.71,Time Exit,2027.4999999999636
adx_trend,BUY,2026-04-02 10:07:00.000000,22899.89,22900,ce,5.0,0.5013,-0.4595,0.0096,0.2126,0.75,,CLOSED,2026-04-02 10:13:00.000000,22955.09,Time Exit,2760.0000000000364
adx_trend,BUY,2026-04-02 10:08:00.000000,22908.17,22900,ce,5.0,0.5013,-0.4595,0.0096,0.2126,0.75,,CLOSED,2026-04-02 10:14:00.000000,22949.54,Time Exit,2068.500000000131
adx_trend,BUY,2026-04-02 10:09:00.000000,22902.74,22900,ce,5.0,0.5013,-0.4595,0.0096,0.2126,0.75,,CLOSED,2026-04-02 10:15:00.000000,22952.15,Time Exit,2470.4999999999927
adx_trend,BUY,2026-04-02 10:10:00.000000,22909.85,22900,ce,5.0,0.5013,-0.4595,0.0096,0.2126,0.75,,CLOSED,2026-04-02 10:16:00.000000,22946.21,Time Exit,1818.000000000029
adx_trend,BUY,2026-04-02 10:11:00.000000,22935.8,22950,ce,5.0,0.4707,-0.5054,0.0093,0.2014,0.75,,CLOSED,2026-04-02 10:17:00.000000,22933.72,Time Exit,-103.99999999990541
adx_trend,BUY,2026-04-02 10:12:00.000000,22945.71,22950,ce,5.0,0.4707,-0.5054,0.0093,0.2014,0.75,,CLOSED,2026-04-02 10:18:00.000000,22921.83,Time Exit,-1193.999999999869
adx_trend,BUY,2026-04-02 10:13:00.000000,22955.09,22950,ce,5.0,0.4707,-0.5054,0.0093,0.2014,0.75,,CLOSED,2026-04-02 10:19:00.000000,22916.5,Time Exit,-1929.5000000000073
adx_trend,BUY,2026-04-02 10:14:00.000000,22949.54,22950,ce,5.0,0.4707,-0.5054,0.0093,0.2014,0.75,,CLOSED,2026-04-02 10:20:00.000000,22902.88,Time Exit,-2332.9999999999927
adx_trend,BUY,2026-04-02 10:15:00.000000,22952.15,22950,ce,5.0,0.4707,-0.5054,0.0093,0.2014,0.75,,CLOSED,2026-04-02 10:21:00.000000,22902.75,Time Exit,-2470.0000000000728
adx_trend,BUY,2026-04-02 10:16:00.000000,22946.21,22950,ce,5.0,0.4707,-0.5054,0.0093,0.2014,0.75,,CLOSED,2026-04-02 10:22:00.000000,22884.14,Time Exit,-3103.4999999999854
adx_trend,BUY,2026-04-02 10:17:00.000000,22933.72,22950,ce,5.0,0.4707,-0.5054,0.0093,0.2014,0.75,,CLOSED,2026-04-02 10:23:00.000000,22914.65,Time Exit,-953.4999999999854
adx_trend,BUY,2026-04-02 10:18:00.000000,22921.83,22900,ce,5.0,0.5013,-0.4595,0.0096,0.2126,0.75,,CLOSED,2026-04-02 10:24:00.000000,22915.38,Time Exit,-322.5000000000364
adx_trend,BUY,2026-04-02 10:19:00.000000,22916.5,22900,ce,5.0,0.5013,-0.4595,0.0096,0.2126,0.75,,CLOSED,2026-04-02 10:25:00.000000,22917.75,Time Exit,62.5
adx_trend,BUY,2026-04-02 10:20:00.000000,22902.88,22900,ce,5.0,0.5013,-0.4595,0.0096,0.2126,0.75,,CLOSED,2026-04-02 10:26:00.000000,22925.58,Time Exit,1135.0000000000364
adx_trend,BUY,2026-04-02 10:21:00.000000,22902.75,22900,ce,5.0,0.5013,-0.4595,0.0096,0.2126,0.75,,CLOSED,2026-04-02 10:27:00.000000,22925.57,Time Exit,1140.9999999999854
adx_trend,BUY,2026-04-02 10:22:00.000000,22884.14,22900,ce,5.0,0.5013,-0.4595,0.0096,0.2126,0.75,,CLOSED,2026-04-02 10:28:00.000000,22914.77,Time Exit,1531.500000000051
adx_trend,BUY,2026-04-02 10:23:00.000000,22914.65,22900,ce,5.0,0.5013,-0.4595,0.0096,0.2126,0.75,,CLOSED,2026-04-02 10:29:00.000000,22937.93,Time Exit,1163.9999999999418
adx_trend,BUY,2026-04-02 10:24:00.000000,22915.38,22900,ce,5.0,0.5013,-0.4595,0.0096,0.2126,0.75,,CLOSED,2026-04-02 10:30:00.000000,22934.88,Time Exit,975.0
adx_trend,BUY,2026-04-02 10:25:00.000000,22917.75,22900,ce,5.0,0.5013,-0.4595,0.0096,0.2126,0.75,,CLOSED,2026-04-02 10:31:00.000000,22953.37,Time Exit,1780.999999999949
adx_trend,BUY,2026-04-02 10:26:00.000000,22925.58,22950,ce,5.0,0.4707,-0.5054,0.0093,0.2014,0.75,,CLOSED,2026-04-02 10:32:00.000000,22958.17,Time Exit,1629.4999999998254
adx_trend,SELL,2026-04-02 10:27:00.000000,22925.57,22950,pe,10.0,-0.5335,-0.5519,0.0093,0.2014,0.75,,CLOSED,2026-04-02 10:33:00.000000,22967.16,Time Exit,-2079.5000000000073
adx_trend,SELL,2026-04-02 10:28:00.000000,22914.77,22900,pe,10.0,-0.4691,-0.4382,0.0096,0.2126,0.75,,CLOSED,2026-04-02 10:34:00.000000,22930.76,Time Exit,-799.4999999998981
adx_trend,BUY,2026-04-02 10:29:00.000000,22937.93,22950,ce,5.0,0.4707,-0.5054,0.0093,0.2014,0.75,,CLOSED,2026-04-02 10:35:00.000000,22898.05,Time Exit,-1994.000000000051
adx_trend,BUY,2026-04-02 10:30:00.000000,22934.88,22950,ce,5.0,0.4707,-0.5054,0.0093,0.2014,0.75,,CLOSED,2026-04-02 10:36:00.000000,22906.79,Time Exit,-1404.5000000000073
adx_trend,BUY,2026-04-02 10:31:00.000000,22953.37,22950,ce,5.0,0.4707,-0.5054,0.0093,0.2014,0.75,,CLOSED,2026-04-02 10:37:00.000000,22908.34,Time Exit,-2251.499999999942
adx_trend,BUY,2026-04-02 10:32:00.000000,22958.17,22950,ce,5.0,0.4707,-0.5054,0.0093,0.2014,0.75,,CLOSED,2026-04-02 10:38:00.000000,22917.48,Time Exit,-2034.4999999999345
adx_trend,BUY,2026-04-02 10:33:00.000000,22967.16,22950,ce,5.0,0.4707,-0.5054,0.0093,0.2014,0.75,,CLOSED,2026-04-02 10:39:00.000000,22925.09,Time Exit,-2103.4999999999854
adx_trend,BUY,2026-04-02 10:34:00.000000,22930.76,22950,ce,5.0,0.4707,-0.5054,0.0093,0.2014,0.75,,CLOSED,2026-04-02 10:40:00.000000,22971.97,Time Exit,2060.5000000001382
adx_trend,BUY,2026-04-02 10:35:00.000000,22898.05,22900,ce,5.0,0.5013,-0.4595,0.0096,0.2126,0.75,,CLOSED,2026-04-02 10:41:00.000000,22995.76,Time Exit,4885.499999999956
adx_trend,BUY,2026-04-02 10:36:00.000000,22906.79,22900,ce,5.0,0.5013,-0.4595,0.0096,0.2126,0.75,,CLOSED,2026-04-02 10:42:00.000000,23012.18,Time Exit,5269.499999999971
adx_trend,BUY,2026-04-02 10:37:00.000000,22908.34,22900,ce,5.0,0.5013,-0.4595,0.0096,0.2126,0.75,,CLOSED,2026-04-02 10:43:00.000000,23033.13,Time Exit,6239.500000000044
adx_trend,BUY,2026-04-02 10:38:00.000000,22917.48,22900,ce,5.0,0.5013,-0.4595,0.0096,0.2126,0.75,,CLOSED,2026-04-02 10:44:00.000000,23047.12,Time Exit,6481.999999999971
adx_trend,BUY,2026-04-02 10:39:00.000000,22925.09,22950,ce,5.0,0.4707,-0.5054,0.0093,0.2014,0.75,,CLOSED,2026-04-02 10:45:00.000000,23058.08,Time Exit,6649.50000000008
adx_trend,BUY,2026-04-02 10:40:00.000000,22971.97,22950,ce,5.0,0.4707,-0.5054,0.0093,0.2014,0.75,,CLOSED,2026-04-02 10:46:00.000000,23037.93,Time Exit,3297.9999999999563
adx_trend,BUY,2026-04-02 10:41:00.000000,22995.76,23000,ce,5.0,0.4732,-0.5163,0.0096,0.2091,0.75,,CLOSED,2026-04-02 10:47:00.000000,23054.82,Time Exit,2953.0000000000655
adx_trend,BUY,2026-04-02 10:42:00.000000,23012.18,23000,ce,5.0,0.4732,-0.5163,0.0096,0.2091,0.75,,CLOSED,2026-04-02 10:48:00.000000,23052.39,Time Exit,2010.4999999999563
adx_trend,BUY,2026-04-02 10:43:00.000000,23033.13,23050,ce,5.0,0.5291,-0.4788,0.0117,0.2132,0.75,,CLOSED,2026-04-02 10:49:00.000000,23072.25,Time Exit,1955.999999999949
adx_trend,BUY,2026-04-02 10:44:00.000000,23047.12,23050,ce,5.0,0.5291,-0.4788,0.0117,0.2132,0.75,,CLOSED,2026-04-02 10:50:00.000000,23074.76,Time Exit,1381.999999999971
adx_trend,BUY,2026-04-02 10:45:00.000000,23058.08,23050,ce,5.0,0.5291,-0.4788,0.0117,0.2132,0.75,,CLOSED,2026-04-02 10:51:00.000000,23077.22,Time Exit,956.9999999999709
adx_trend,BUY,2026-04-02 10:46:00.000000,23037.93,23050,ce,5.0,0.5291,-0.4788,0.0117,0.2132,0.75,,CLOSED,2026-04-02 10:52:00.000000,23081.42,Time Exit,2174.499999999898
adx_trend,BUY,2026-04-02 10:47:00.000000,23054.82,23050,ce,5.0,0.5291,-0.4788,0.0117,0.2132,0.75,,CLOSED,2026-04-02 10:53:00.000000,23072.13,Time Exit,865.5000000000655
adx_trend,BUY,2026-04-02 10:48:00.000000,23052.39,23050,ce,5.0,0.5291,-0.4788,0.0117,0.2132,0.75,,CLOSED,2026-04-02 10:54:00.000000,23062.65,Time Exit,513.0000000001019
adx_trend,BUY,2026-04-02 10:49:00.000000,23072.25,23050,ce,5.0,0.5291,-0.4788,0.0117,0.2132,0.75,,CLOSED,2026-04-02 10:55:00.000000,23064.88,Time Exit,-368.49999999994907
adx_trend,BUY,2026-04-02 10:50:00.000000,23074.76,23050,ce,5.0,0.5291,-0.4788,0.0117,0.2132,0.75,,CLOSED,2026-04-02 10:56:00.000000,23063.53,Time Exit,-561.4999999999782
adx_trend,BUY,2026-04-02 10:51:00.000000,23077.22,23100,ce,5.0,0.5573,-0.5358,0.0098,0.1906,0.75,,CLOSED,2026-04-02 10:57:00.000000,23065.3,Time Exit,-596.0000000000946
adx_trend,BUY,2026-04-02 10:52:00.000000,23081.42,23100,ce,5.0,0.5573,-0.5358,0.0098,0.1906,0.75,,CLOSED,2026-04-02 10:58:00.000000,23070.7,Time Exit,-535.9999999998763
adx_trend,BUY,2026-04-02 10:53:00.000000,23072.13,23050,ce,5.0,0.5291,-0.4788,0.0117,0.2132,0.75,,CLOSED,2026-04-02 10:59:00.000000,23105.72,Time Exit,1679.5000000000073
adx_trend,BUY,2026-04-02 10:54:00.000000,23062.65,23050,ce,5.0,0.5291,-0.4788,0.0117,0.2132,0.75,,CLOSED,2026-04-02 11:00:00.000000,23111.38,Time Exit,2436.499999999978
adx_trend,BUY,2026-04-02 10:55:00.000000,23064.88,23050,ce,5.0,0.5291,-0.4788,0.0117,0.2132,0.75,,CLOSED,2026-04-02 11:01:00.000000,23151.39,Time Exit,4325.49999999992
adx_trend,BUY,2026-04-02 10:56:00.000000,23063.53,23050,ce,5.0,0.5291,-0.4788,0.0117,0.2132,0.75,,CLOSED,2026-04-02 11:02:00.000000,23150.0,Time Exit,4323.500000000058
adx_trend,BUY,2026-04-02 10:57:00.000000,23065.3,23050,ce,5.0,0.5291,-0.4788,0.0117,0.2132,0.75,,CLOSED,2026-04-02 11:03:00.000000,23141.11,Time Exit,3790.5000000000655
adx_trend,BUY,2026-04-02 10:58:00.000000,23070.7,23050,ce,5.0,0.5291,-0.4788,0.0117,0.2132,0.75,,CLOSED,2026-04-02 11:04:00.000000,23171.59,Time Exit,5044.499999999971
adx_trend,BUY,2026-04-02 10:59:00.000000,23105.72,23100,ce,5.0,0.5573,-0.5358,0.0098,0.1906,0.75,,CLOSED,2026-04-02 11:05:00.000000,23190.44,Time Exit,4235.999999999876
adx_trend,BUY,2026-04-02 11:00:00.000000,23111.38,23100,ce,5.0,0.5573,-0.5358,0.0098,0.1906,0.75,,CLOSED,2026-04-02 11:06:00.000000,23190.47,Time Exit,3954.5000000000073
adx_trend,BUY,2026-04-02 11:01:00.000000,23151.39,23150,ce,5.0,0.4874,-0.4762,0.0107,0.2237,0.75,,CLOSED,2026-04-02 11:07:00.000000,23183.83,Time Exit,1622.0000000001164
adx_trend,BUY,2026-04-02 11:02:00.000000,23150.0,23150,ce,5.0,0.4874,-0.4762,0.0107,0.2237,0.75,,CLOSED,2026-04-02 11:08:00.000000,23173.83,Time Exit,1191.5000000000873
adx_trend,BUY,2026-04-02 11:03:00.000000,23141.11,23150,ce,5.0,0.4874,-0.4762,0.0107,0.2237,0.75,,CLOSED,2026-04-02 11:09:00.000000,23177.42,Time Exit,1815.4999999998836
adx_trend,BUY,2026-04-02 11:04:00.000000,23171.59,23150,ce,5.0,0.4874,-0.4762,0.0107,0.2237,0.75,,CLOSED,2026-04-02 11:10:00.000000,23177.98,Time Exit,319.4999999999709
adx_trend,BUY,2026-04-02 11:05:00.000000,23190.44,23200,ce,7.28,0.5398,-0.5196,0.0093,0.1853,0.75,,CLOSED,2026-04-02 11:11:00.000000,23189.93,Time Exit,-25.499999999919964
adx_trend,BUY,2026-04-02 11:06:00.000000,23190.47,23200,ce,7.28,0.5398,-0.5196,0.0093,0.1853,0.75,,CLOSED,2026-04-02 11:12:00.000000,23205.08,Time Exit,730.5000000000291
adx_trend,BUY,2026-04-02 11:07:00.000000,23183.83,23200,ce,7.28,0.5398,-0.5196,0.0093,0.1853,0.75,,CLOSED,2026-04-02 11:13:00.000000,23199.49,Time Exit,782.9999999999927
adx_trend,BUY,2026-04-02 11:08:00.000000,23173.83,23150,ce,5.0,0.4874,-0.4762,0.0107,0.2237,0.75,,CLOSED,2026-04-02 11:14:00.000000,23213.45,Time Exit,1980.999999999949
adx_trend,BUY,2026-04-02 11:09:00.000000,23177.42,23200,ce,7.28,0.5398,-0.5196,0.0093,0.1853,0.75,,CLOSED,2026-04-02 11:15:00.000000,23148.9,Time Exit,-1425.99999999984
adx_trend,BUY,2026-04-02 11:10:00.000000,23177.98,23200,ce,7.28,0.5398,-0.5196,0.0093,0.1853,0.75,,CLOSED,2026-04-02 11:16:00.000000,23183.4,Time Exit,271.0000000000946
adx_trend,BUY,2026-04-02 11:11:00.000000,23189.93,23200,ce,7.28,0.5398,-0.5196,0.0093,0.1853,0.75,,CLOSED,2026-04-02 11:17:00.000000,23170.44,Time Exit,-974.50000000008
adx_trend,BUY,2026-04-02 11:12:00.000000,23205.08,23200,ce,7.28,0.5398,-0.5196,0.0093,0.1853,0.75,,CLOSED,2026-04-02 11:18:00.000000,23171.74,Time Exit,-1667.0000000000073
adx_trend,BUY,2026-04-02 11:13:00.000000,23199.49,23200,ce,7.28,0.5398,-0.5196,0.0093,0.1853,0.75,,CLOSED,2026-04-02 11:19:00.000000,23183.08,Time Exit,-820.4999999999927
adx_trend,BUY,2026-04-02 11:14:00.000000,23213.45,23200,ce,7.28,0.5398,-0.5196,0.0093,0.1853,0.75,,CLOSED,2026-04-02 11:20:00.000000,23187.92,Time Exit,-1276.5000000001237
adx_trend,BUY,2026-04-02 11:15:00.000000,23148.9,23150,ce,5.0,0.4874,-0.4762,0.0107,0.2237,0.75,,CLOSED,2026-04-02 11:21:00.000000,23195.25,Time Exit,2317.4999999999272
adx_trend,BUY,2026-04-02 11:16:00.000000,23183.4,23200,ce,7.28,0.5398,-0.5196,0.0093,0.1853,0.75,,CLOSED,2026-04-02 11:22:00.000000,23202.45,Time Exit,952.4999999999636
adx_trend,BUY,2026-04-02 11:17:00.000000,23170.44,23150,ce,5.0,0.4874,-0.4762,0.0107,0.2237,0.75,,CLOSED,2026-04-02 11:23:00.000000,23211.54,Time Exit,2055.000000000109
adx_trend,BUY,2026-04-02 11:18:00.000000,23171.74,23150,ce,5.0,0.4874,-0.4762,0.0107,0.2237,0.75,,CLOSED,2026-04-02 11:24:00.000000,23217.0,Time Exit,2262.99999999992
adx_trend,BUY,2026-04-02 11:19:00.000000,23183.08,23200,ce,7.28,0.5398,-0.5196,0.0093,0.1853,0.75,,CLOSED,2026-04-02 11:25:00.000000,23201.6,Time Exit,925.9999999998399
adx_trend,BUY,2026-04-02 11:20:00.000000,23187.92,23200,ce,7.28,0.5398,-0.5196,0.0093,0.1853,0.75,,CLOSED,2026-04-02 11:26:00.000000,23211.53,Time Exit,1180.500000000029
adx_trend,BUY,2026-04-02 11:21:00.000000,23195.25,23200,ce,7.28,0.5398,-0.5196,0.0093,0.1853,0.75,,CLOSED,2026-04-02 11:27:00.000000,23203.5,Time Exit,412.5
adx_trend,BUY,2026-04-02 11:22:00.000000,23202.45,23200,ce,7.28,0.5398,-0.5196,0.0093,0.1853,0.75,,CLOSED,2026-04-02 11:28:00.000000,23175.72,Time Exit,-1336.4999999999782
adx_trend,BUY,2026-04-02 11:23:00.000000,23211.54,23200,ce,7.28,0.5398,-0.5196,0.0093,0.1853,0.75,,CLOSED,2026-04-02 11:29:00.000000,23153.65,Time Exit,-2894.499999999971
adx_trend,BUY,2026-04-02 11:24:00.000000,23217.0,23200,ce,7.28,0.5398,-0.5196,0.0093,0.1853,0.75,,CLOSED,2026-04-02 11:30:00.000000,23195.6,Time Exit,-1070.0000000000728
adx_trend,BUY,2026-04-02 11:25:00.000000,23201.6,23200,ce,7.28,0.5398,-0.5196,0.0093,0.1853,0.75,,CLOSED,2026-04-02 11:31:00.000000,23202.36,Time Exit,38.00000000010186
adx_trend,BUY,2026-04-02 11:26:00.000000,23211.53,23200,ce,7.28,0.5398,-0.5196,0.0093,0.1853,0.75,,CLOSED,2026-04-02 11:32:00.000000,23211.22,Time Exit,-15.499999999883585
adx_trend,BUY,2026-04-02 11:27:00.000000,23203.5,23200,ce,7.28,0.5398,-0.5196,0.0093,0.1853,0.75,,CLOSED,2026-04-02 11:33:00.000000,23234.62,Time Exit,1555.999999999949
adx_trend,BUY,2026-04-02 11:28:00.000000,23175.72,23200,ce,7.28,0.5398,-0.5196,0.0093,0.1853,0.75,,CLOSED,2026-04-02 11:34:00.000000,23247.93,Time Exit,3610.4999999999563
adx_trend,BUY,2026-04-02 11:29:00.000000,23153.65,23150,ce,5.0,0.4874,-0.4762,0.0107,0.2237,0.75,,CLOSED,2026-04-02 11:35:00.000000,23246.61,Time Exit,4647.999999999956
adx_trend,BUY,2026-04-02 11:30:00.000000,23195.6,23200,ce,7.28,0.5398,-0.5196,0.0093,0.1853,0.75,,CLOSED,2026-04-02 11:36:00.000000,23271.55,Time Exit,3797.5000000000364
adx_trend,BUY,2026-04-02 11:31:00.000000,23202.36,23200,ce,7.28,0.5398,-0.5196,0.0093,0.1853,0.75,,CLOSED,2026-04-02 11:37:00.000000,23248.75,Time Exit,2319.499999999971
adx_trend,BUY,2026-04-02 11:32:00.000000,23211.22,23200,ce,7.28,0.5398,-0.5196,0.0093,0.1853,0.75,,CLOSED,2026-04-02 11:38:00.000000,23246.31,Time Exit,1754.5000000000073
adx_trend,BUY,2026-04-02 11:33:00.000000,23234.62,23250,ce,15.71,0.5149,-0.4232,0.009,0.2097,0.75,,CLOSED,2026-04-02 11:39:00.000000,23263.72,Time Exit,1455.0000000001091
adx_trend,BUY,2026-04-02 11:34:00.000000,23247.93,23250,ce,15.71,0.5149,-0.4232,0.009,0.2097,0.75,,CLOSED,2026-04-02 11:40:00.000000,23268.85,Time Exit,1045.9999999999127
adx_trend,BUY,2026-04-02 11:35:00.000000,23246.61,23250,ce,15.71,0.5149,-0.4232,0.009,0.2097,0.75,,CLOSED,2026-04-02 11:41:00.000000,23336.37,Time Exit,4487.99999999992
adx_trend,BUY,2026-04-02 11:36:00.000000,23271.55,23250,ce,15.71,0.5149,-0.4232,0.009,0.2097,0.75,,CLOSED,2026-04-02 11:42:00.000000,23362.0,Time Exit,4522.500000000036
adx_trend,BUY,2026-04-02 11:37:00.000000,23248.75,23250,ce,15.71,0.5149,-0.4232,0.009,0.2097,0.75,,CLOSED,2026-04-02 11:43:00.000000,23332.34,Time Exit,4179.500000000007
adx_trend,BUY,2026-04-02 11:38:00.000000,23246.31,23250,ce,15.71,0.5149,-0.4232,0.009,0.2097,0.75,,CLOSED,2026-04-02 11:44:00.000000,23332.99,Time Exit,4334.000000000015
adx_trend,BUY,2026-04-02 11:39:00.000000,23263.72,23250,ce,15.71,0.5149,-0.4232,0.009,0.2097,0.75,,CLOSED,2026-04-02 11:45:00.000000,23349.01,Time Exit,4264.499999999862
adx_trend,BUY,2026-04-02 11:40:00.000000,23268.85,23250,ce,15.71,0.5149,-0.4232,0.009,0.2097,0.75,,CLOSED,2026-04-02 11:46:00.000000,23332.26,Time Exit,3170.4999999999927
adx_trend,BUY,2026-04-02 11:41:00.000000,23336.37,23350,ce,14.16,0.5057,-0.497,0.0099,0.1943,0.75,,CLOSED,2026-04-02 11:47:00.000000,23344.37,Time Exit,400.0
adx_trend,BUY,2026-04-02 11:42:00.000000,23362.0,23350,ce,14.16,0.5057,-0.497,0.0099,0.1943,0.75,,CLOSED,2026-04-02 11:48:00.000000,23350.48,Time Exit,-576.0000000000218
adx_trend,BUY,2026-04-02 11:43:00.000000,23332.34,23350,ce,14.16,0.5057,-0.497,0.0099,0.1943,0.75,,CLOSED,2026-04-02 11:49:00.000000,23312.95,Time Exit,-969.4999999999709
adx_trend,BUY,2026-04-02 11:44:00.000000,23332.99,23350,ce,14.16,0.5057,-0.497,0.0099,0.1943,0.75,,CLOSED,2026-04-02 11:50:00.000000,23350.91,Time Exit,895.9999999999127
adx_trend,BUY,2026-04-02 11:45:00.000000,23349.01,23350,ce,14.16,0.5057,-0.497,0.0099,0.1943,0.75,,CLOSED,2026-04-02 11:51:00.000000,23323.91,Time Exit,-1254.9999999999272
adx_trend,BUY,2026-04-02 11:46:00.000000,23332.26,23350,ce,14.16,0.5057,-0.497,0.0099,0.1943,0.75,,CLOSED,2026-04-02 11:52:00.000000,23324.68,Time Exit,-378.9999999999054
adx_trend,BUY,2026-04-02 11:47:00.000000,23344.37,23350,ce,14.16,0.5057,-0.497,0.0099,0.1943,0.75,,CLOSED,2026-04-02 11:53:00.000000,23323.23,Time Exit,-1056.999999999971
adx_trend,BUY,2026-04-02 11:48:00.000000,23350.48,23350,ce,14.16,0.5057,-0.497,0.0099,0.1943,0.75,,CLOSED,2026-04-02 11:54:00.000000,23340.21,Time Exit,-513.5000000000218
adx_trend,BUY,2026-04-02 11:49:00.000000,23312.95,23300,ce,14.11,0.6207,-0.4682,0.0106,0.1986,0.75,,CLOSED,2026-04-02 11:55:00.000000,23386.57,Time Exit,3680.999999999949
adx_trend,BUY,2026-04-02 11:50:00.000000,23350.91,23350,ce,14.16,0.5057,-0.497,0.0099,0.1943,0.75,,CLOSED,2026-04-02 11:56:00.000000,23358.34,Time Exit,371.50000000001455
adx_trend,BUY,2026-04-02 11:51:00.000000,23323.91,23300,ce,14.11,0.6207,-0.4682,0.0106,0.1986,0.75,,CLOSED,2026-04-02 11:57:00.000000,23337.04,Time Exit,656.5000000000509
adx_trend,BUY,2026-04-02 11:52:00.000000,23324.68,23300,ce,14.11,0.6207,-0.4682,0.0106,0.1986,0.75,,CLOSED,2026-04-02 11:58:00.000000,23333.68,Time Exit,450.0
adx_trend,BUY,2026-04-02 11:53:00.000000,23323.23,23300,ce,14.11,0.6207,-0.4682,0.0106,0.1986,0.75,,CLOSED,2026-04-02 11:59:00.000000,23338.89,Time Exit,782.9999999999927
adx_trend,BUY,2026-04-02 11:54:00.000000,23340.21,23350,ce,14.16,0.5057,-0.497,0.0099,0.1943,0.75,,CLOSED,2026-04-02 12:00:00.000000,23345.03,Time Exit,240.99999999998545
adx_trend,BUY,2026-04-02 11:55:00.000000,23386.57,23400,ce,9.0,0.4362,-0.4861,0.0101,0.176,0.75,,CLOSED,2026-04-02 12:01:00.000000,23338.02,Time Exit,-2427.4999999999636
adx_trend,BUY,2026-04-02 11:56:00.000000,23358.34,23350,ce,14.16,0.5057,-0.497,0.0099,0.1943,0.75,,CLOSED,2026-04-02 12:02:00.000000,23357.02,Time Exit,-65.99999999998545
adx_trend,BUY,2026-04-02 11:57:00.000000,23337.04,23350,ce,14.16,0.5057,-0.497,0.0099,0.1943,0.75,,CLOSED,2026-04-02 12:03:00.000000,23353.33,Time Exit,814.5000000000437
adx_trend,BUY,2026-04-02 11:58:00.000000,23333.68,23350,ce,14.16,0.5057,-0.497,0.0099,0.1943,0.75,,CLOSED,2026-04-02 12:04:00.000000,23401.53,Time Exit,3392.4999999999272
adx_trend,BUY,2026-04-02 11:59:00.000000,23338.89,23350,ce,14.16,0.5057,-0.497,0.0099,0.1943,0.75,,CLOSED,2026-04-02 12:05:00.000000,23402.71,Time Exit,3190.9999999999854
adx_trend,BUY,2026-04-02 12:00:00.000000,23345.03,23350,ce,14.16,0.5057,-0.497,0.0099,0.1943,0.75,,CLOSED,2026-04-02 12:06:00.000000,23398.16,Time Exit,2656.500000000051
adx_trend,BUY,2026-04-02 12:01:00.000000,23338.02,23350,ce,14.16,0.5057,-0.497,0.0099,0.1943,0.75,,CLOSED,2026-04-02 12:07:00.000000,23392.1,Time Exit,2703.9999999999054
adx_trend,BUY,2026-04-02 12:02:00.000000,23357.02,23350,ce,14.16,0.5057,-0.497,0.0099,0.1943,0.75,,CLOSED,2026-04-02 12:08:00.000000,23392.7,Time Exit,1784.0000000000146
adx_trend,BUY,2026-04-02 12:03:00.000000,23353.33,23350,ce,14.16,0.5057,-0.497,0.0099,0.1943,0.75,,CLOSED,2026-04-02 12:09:00.000000,23405.56,Time Exit,2611.499999999978
adx_trend,BUY,2026-04-02 12:04:00.000000,23401.53,23400,ce,9.0,0.4362,-0.4861,0.0101,0.176,0.75,,CLOSED,2026-04-02 12:10:00.000000,23399.15,Time Exit,-118.99999999986903
adx_trend,BUY,2026-04-02 12:05:00.000000,23402.71,23400,ce,9.0,0.4362,-0.4861,0.0101,0.176,0.75,,CLOSED,2026-04-02 12:11:00.000000,23359.65,Time Exit,-2152.9999999998836
adx_trend,BUY,2026-04-02 12:06:00.000000,23398.16,23400,ce,9.0,0.4362,-0.4861,0.0101,0.176,0.75,,CLOSED,2026-04-02 12:12:00.000000,23343.1,Time Exit,-2753.0000000000655
adx_trend,BUY,2026-04-02 12:07:00.000000,23392.1,23400,ce,9.0,0.4362,-0.4861,0.0101,0.176,0.75,,CLOSED,2026-04-02 12:13:00.000000,23366.08,Time Exit,-1300.99999999984
adx_trend,BUY,2026-04-02 12:08:00.000000,23392.7,23400,ce,9.0,0.4362,-0.4861,0.0101,0.176,0.75,,CLOSED,2026-04-02 12:14:00.000000,23373.95,Time Exit,-937.5
adx_trend,BUY,2026-04-02 12:09:00.000000,23405.56,23400,ce,9.0,0.4362,-0.4861,0.0101,0.176,0.75,,CLOSED,2026-04-02 12:15:00.000000,23384.05,Time Exit,-1075.5000000001019
adx_trend,BUY,2026-04-02 12:10:00.000000,23399.15,23400,ce,9.0,0.4362,-0.4861,0.0101,0.176,0.75,,CLOSED,2026-04-02 12:16:00.000000,23406.46,Time Exit,365.4999999998836
adx_trend,BUY,2026-04-02 12:11:00.000000,23359.65,23350,ce,14.16,0.5057,-0.497,0.0099,0.1943,0.75,,CLOSED,2026-04-02 12:17:00.000000,23432.16,Time Exit,3625.49999999992
adx_trend,BUY,2026-04-02 12:12:00.000000,23343.1,23350,ce,14.16,0.5057,-0.497,0.0099,0.1943,0.75,,CLOSED,2026-04-02 12:18:00.000000,23401.8,Time Exit,2935.0000000000364
adx_trend,BUY,2026-04-02 12:13:00.000000,23366.08,23350,ce,14.16,0.5057,-0.497,0.0099,0.1943,0.75,,CLOSED,2026-04-02 12:19:00.000000,23397.92,Time Exit,1591.9999999998254
adx_trend,BUY,2026-04-02 12:14:00.000000,23373.95,23350,ce,14.16,0.5057,-0.497,0.0099,0.1943,0.75,,CLOSED,2026-04-02 12:20:00.000000,23400.43,Time Exit,1323.9999999999782
adx_trend,BUY,2026-04-02 12:15:00.000000,23384.05,23400,ce,9.0,0.4362,-0.4861,0.0101,0.176,0.75,,CLOSED,2026-04-02 12:21:00.000000,23417.87,Time Exit,1690.9999999999854
adx_trend,BUY,2026-04-02 12:16:00.000000,23406.46,23400,ce,9.0,0.4362,-0.4861,0.0101,0.176,0.75,,CLOSED,2026-04-02 12:22:00.000000,23457.37,Time Exit,2545.4999999999927
adx_trend,BUY,2026-04-02 12:17:00.000000,23432.16,23450,ce,6.26,0.5093,-0.4908,0.0115,0.1963,0.75,,CLOSED,2026-04-02 12:23:00.000000,23442.14,Time Exit,498.9999999999782
adx_trend,BUY,2026-04-02 12:18:00.000000,23401.8,23400,ce,9.0,0.4362,-0.4861,0.0101,0.176,0.75,,CLOSED,2026-04-02 12:24:00.000000,23465.22,Time Exit,3171.0000000000946
adx_trend,BUY,2026-04-02 12:19:00.000000,23397.92,23400,ce,9.0,0.4362,-0.4861,0.0101,0.176,0.75,,CLOSED,2026-04-02 12:25:00.000000,23452.82,Time Exit,2745.0000000000728
adx_trend,BUY,2026-04-02 12:20:00.000000,23400.43,23400,ce,9.0,0.4362,-0.4861,0.0101,0.176,0.75,,CLOSED,2026-04-02 12:26:00.000000,23458.03,Time Exit,2879.9999999999272
adx_trend,BUY,2026-04-02 12:21:00.000000,23417.87,23400,ce,9.0,0.4362,-0.4861,0.0101,0.176,0.75,,CLOSED,2026-04-02 12:27:00.000000,23450.82,Time Exit,1647.5000000000364
adx_trend,BUY,2026-04-02 12:22:00.000000,23457.37,23450,ce,6.26,0.5093,-0.4908,0.0115,0.1963,0.75,,CLOSED,2026-04-02 12:28:00.000000,23436.76,Time Exit,-1030.500000000029
adx_trend,BUY,2026-04-02 12:23:00.000000,23442.14,23450,ce,6.26,0.5093,-0.4908,0.0115,0.1963,0.75,,CLOSED,2026-04-02 12:29:00.000000,23456.21,Time Exit,703.4999999999854
adx_trend,BUY,2026-04-02 12:24:00.000000,23465.22,23450,ce,6.26,0.5093,-0.4908,0.0115,0.1963,0.75,,CLOSED,2026-04-02 12:30:00.000000,23468.46,Time Exit,161.99999999989814
adx_trend,BUY,2026-04-02 12:25:00.000000,23452.82,23450,ce,6.26,0.5093,-0.4908,0.0115,0.1963,0.75,,CLOSED,2026-04-02 12:31:00.000000,23436.33,Time Exit,-824.4999999998981
adx_trend,BUY,2026-04-02 12:26:00.000000,23458.03,23450,ce,6.26,0.5093,-0.4908,0.0115,0.1963,0.75,,CLOSED,2026-04-02 12:32:00.000000,23430.33,Time Exit,-1384.9999999998545
adx_trend,BUY,2026-04-02 12:27:00.000000,23450.82,23450,ce,6.26,0.5093,-0.4908,0.0115,0.1963,0.75,,CLOSED,2026-04-02 12:33:00.000000,23451.91,Time Exit,54.500000000007276
adx_trend,BUY,2026-04-02 12:28:00.000000,23436.76,23450,ce,6.26,0.5093,-0.4908,0.0115,0.1963,0.75,,CLOSED,2026-04-02 12:34:00.000000,23470.44,Time Exit,1684.0000000000146
adx_trend,BUY,2026-04-02 12:29:00.000000,23456.21,23450,ce,6.26,0.5093,-0.4908,0.0115,0.1963,0.75,,CLOSED,2026-04-02 12:35:00.000000,23487.82,Time Exit,1580.500000000029
adx_trend,BUY,2026-04-02 12:30:00.000000,23468.46,23450,ce,6.26,0.5093,-0.4908,0.0115,0.1963,0.75,,CLOSED,2026-04-02 12:36:00.000000,23489.66,Time Exit,1060.0000000000364
adx_trend,BUY,2026-04-02 12:31:00.000000,23436.33,23450,ce,6.26,0.5093,-0.4908,0.0115,0.1963,0.75,,CLOSED,2026-04-02 12:37:00.000000,23507.06,Time Exit,3536.499999999978
adx_trend,BUY,2026-04-02 12:32:00.000000,23430.33,23450,ce,6.26,0.5093,-0.4908,0.0115,0.1963,0.75,,CLOSED,2026-04-02 12:38:00.000000,23519.14,Time Exit,4440.499999999884
adx_trend,BUY,2026-04-02 12:33:00.000000,23451.91,23450,ce,6.26,0.5093,-0.4908,0.0115,0.1963,0.75,,CLOSED,2026-04-02 12:39:00.000000,23526.71,Time Exit,3739.9999999999636
adx_trend,BUY,2026-04-02 12:34:00.000000,23470.44,23450,ce,6.26,0.5093,-0.4908,0.0115,0.1963,0.75,,CLOSED,2026-04-02 12:40:00.000000,23521.53,Time Exit,2554.5000000000073
adx_trend,BUY,2026-04-02 12:35:00.000000,23487.82,23500,ce,5.0,0.4449,-0.5647,0.0115,0.2303,0.75,,CLOSED,2026-04-02 12:41:00.000000,23521.57,Time Exit,1687.5
adx_trend,BUY,2026-04-02 12:36:00.000000,23489.66,23500,ce,5.0,0.4449,-0.5647,0.0115,0.2303,0.75,,CLOSED,2026-04-02 12:42:00.000000,23528.5,Time Exit,1942.0000000000073
adx_trend,BUY,2026-04-02 12:37:00.000000,23507.06,23500,ce,5.0,0.4449,-0.5647,0.0115,0.2303,0.75,,CLOSED,2026-04-02 12:43:00.000000,23546.81,Time Exit,1987.5
adx_trend,BUY,2026-04-02 12:38:00.000000,23519.14,23500,ce,5.0,0.4449,-0.5647,0.0115,0.2303,0.75,,CLOSED,2026-04-02 12:44:00.000000,23574.42,Time Exit,2763.999999999942
adx_trend,BUY,2026-04-02 12:39:00.000000,23526.71,23550,ce,5.0,0.5088,-0.5384,0.0091,0.2329,0.75,,CLOSED,2026-04-02 12:45:00.000000,23582.57,Time Exit,2793.000000000029
adx_trend,BUY,2026-04-02 12:40:00.000000,23521.53,23500,ce,5.0,0.4449,-0.5647,0.0115,0.2303,0.75,,CLOSED,2026-04-02 12:46:00.000000,23583.96,Time Exit,3121.5000000000146
adx_trend,BUY,2026-04-02 12:41:00.000000,23521.57,23500,ce,5.0,0.4449,-0.5647,0.0115,0.2303,0.75,,CLOSED,2026-04-02 12:47:00.000000,23609.11,Time Exit,4377.000000000044
adx_trend,BUY,2026-04-02 12:42:00.000000,23528.5,23550,ce,5.0,0.5088,-0.5384,0.0091,0.2329,0.75,,CLOSED,2026-04-02 12:48:00.000000,23627.5,Time Exit,4950.0
adx_trend,BUY,2026-04-02 12:43:00.000000,23546.81,23550,ce,5.0,0.5088,-0.5384,0.0091,0.2329,0.75,,CLOSED,2026-04-02 12:49:00.000000,23629.66,Time Exit,4142.499999999927
adx_trend,BUY,2026-04-02 12:44:00.000000,23574.42,23550,ce,5.0,0.5088,-0.5384,0.0091,0.2329,0.75,,CLOSED,2026-04-02 12:50:00.000000,23624.97,Time Exit,2527.5000000001455
adx_trend,BUY,2026-04-02 12:45:00.000000,23582.57,23600,ce,17.23,0.4768,-0.5425,0.011,0.1727,0.75,,CLOSED,2026-04-02 12:51:00.000000,23633.46,Time Exit,2544.499999999971
adx_trend,BUY,2026-04-02 12:46:00.000000,23583.96,23600,ce,17.23,0.4768,-0.5425,0.011,0.1727,0.75,,CLOSED,2026-04-02 12:52:00.000000,23630.8,Time Exit,2342.0000000000073
adx_trend,BUY,2026-04-02 12:47:00.000000,23609.11,23600,ce,17.23,0.4768,-0.5425,0.011,0.1727,0.75,,CLOSED,2026-04-02 12:53:00.000000,23671.56,Time Exit,3122.5000000000364
adx_trend,BUY,2026-04-02 12:48:00.000000,23627.5,23650,ce,15.08,0.5231,-0.5322,0.0099,0.2216,0.75,,CLOSED,2026-04-02 12:54:00.000000,23634.94,Time Exit,371.9999999999345
adx_trend,BUY,2026-04-02 12:49:00.000000,23629.66,23650,ce,15.08,0.5231,-0.5322,0.0099,0.2216,0.75,,CLOSED,2026-04-02 12:55:00.000000,23640.37,Time Exit,535.4999999999563
adx_trend,BUY,2026-04-02 12:50:00.000000,23624.97,23600,ce,17.23,0.4768,-0.5425,0.011,0.1727,0.75,,CLOSED,2026-04-02 12:56:00.000000,23638.52,Time Exit,677.4999999999636
adx_trend,BUY,2026-04-02 12:51:00.000000,23633.46,23650,ce,15.08,0.5231,-0.5322,0.0099,0.2216,0.75,,CLOSED,2026-04-02 12:57:00.000000,23627.08,Time Exit,-318.99999999986903
adx_trend,BUY,2026-04-02 12:52:00.000000,23630.8,23650,ce,15.08,0.5231,-0.5322,0.0099,0.2216,0.75,,CLOSED,2026-04-02 12:58:00.000000,23650.62,Time Exit,990.9999999999854
adx_trend,BUY,2026-04-02 12:53:00.000000,23671.56,23650,ce,15.08,0.5231,-0.5322,0.0099,0.2216,0.75,,CLOSED,2026-04-02 12:59:00.000000,23614.61,Time Exit,-2847.5000000000364
adx_trend,BUY,2026-04-02 12:54:00.000000,23634.94,23650,ce,15.08,0.5231,-0.5322,0.0099,0.2216,0.75,,CLOSED,2026-04-02 13:00:00.000000,23633.02,Time Exit,-95.99999999991269
adx_trend,BUY,2026-04-02 12:55:00.000000,23640.37,23650,ce,15.08,0.5231,-0.5322,0.0099,0.2216,0.75,,CLOSED,2026-04-02 13:01:00.000000,23622.6,Time Exit,-888.5000000000218
adx_trend,BUY,2026-04-02 12:56:00.000000,23638.52,23650,ce,15.08,0.5231,-0.5322,0.0099,0.2216,0.75,,CLOSED,2026-04-02 13:02:00.000000,23633.7,Time Exit,-240.99999999998545
adx_trend,BUY,2026-04-02 12:57:00.000000,23627.08,23650,ce,15.08,0.5231,-0.5322,0.0099,0.2216,0.75,,CLOSED,2026-04-02 13:03:00.000000,23645.32,Time Exit,911.9999999998981
adx_trend,BUY,2026-04-02 12:58:00.000000,23650.62,23650,ce,15.08,0.5231,-0.5322,0.0099,0.2216,0.75,,CLOSED,2026-04-02 13:04:00.000000,23641.15,Time Exit,-473.4999999998763
adx_trend,BUY,2026-04-02 12:59:00.000000,23614.61,23600,ce,17.23,0.4768,-0.5425,0.011,0.1727,0.75,,CLOSED,2026-04-02 13:05:00.000000,23634.15,Time Exit,977.0000000000437
adx_trend,BUY,2026-04-02 13:00:00.000000,23633.02,23650,ce,15.08,0.5231,-0.5322,0.0099,0.2216,0.75,,CLOSED,2026-04-02 13:06:00.000000,23644.81,Time Exit,589.5000000000437
adx_trend,BUY,2026-04-02 13:01:00.000000,23622.6,23600,ce,17.23,0.4768,-0.5425,0.011,0.1727,0.75,,CLOSED,2026-04-02 13:07:00.000000,23647.72,Time Exit,1256.000000000131
adx_trend,BUY,2026-04-02 13:02:00.000000,23633.7,23650,ce,15.08,0.5231,-0.5322,0.0099,0.2216,0.75,,CLOSED,2026-04-02 13:08:00.000000,23681.41,Time Exit,2385.4999999999563
adx_trend,BUY,2026-04-02 13:03:00.000000,23645.32,23650,ce,15.08,0.5231,-0.5322,0.0099,0.2216,0.75,,CLOSED,2026-04-02 13:09:00.000000,23711.58,Time Exit,3313.000000000102
adx_trend,BUY,2026-04-02 13:04:00.000000,23641.15,23650,ce,15.08,0.5231,-0.5322,0.0099,0.2216,0.75,,CLOSED,2026-04-02 13:10:00.000000,23734.57,Time Exit,4670.999999999913
adx_trend,BUY,2026-04-02 13:05:00.000000,23634.15,23650,ce,15.08,0.5231,-0.5322,0.0099,0.2216,0.75,,CLOSED,2026-04-02 13:11:00.000000,23738.69,Time Exit,5226.999999999862
adx_trend,BUY,2026-04-02 13:06:00.000000,23644.81,23650,ce,15.08,0.5231,-0.5322,0.0099,0.2216,0.75,,CLOSED,2026-04-02 13:12:00.000000,23769.33,Time Exit,6226.000000000022
adx_trend,BUY,2026-04-02 13:07:00.000000,23647.72,23650,ce,15.08,0.5231,-0.5322,0.0099,0.2216,0.75,,CLOSED,2026-04-02 13:13:00.000000,23795.64,Time Exit,7395.999999999913
adx_trend,BUY,2026-04-02 13:08:00.000000,23681.41,23700,ce,5.0,0.4517,-0.4641,0.0095,0.2271,0.75,,CLOSED,2026-04-02 13:14:00.000000,23834.55,Time Exit,7656.999999999971
adx_trend,BUY,2026-04-02 13:09:00.000000,23711.58,23700,ce,5.0,0.4517,-0.4641,0.0095,0.2271,0.75,,CLOSED,2026-04-02 13:15:00.000000,23826.03,Time Exit,5722.4999999998545
adx_trend,BUY,2026-04-02 13:10:00.000000,23734.57,23750,ce,10.27,0.5047,-0.5444,0.0112,0.2151,0.75,,CLOSED,2026-04-02 13:16:00.000000,23822.95,Time Exit,4419.000000000051
adx_trend,BUY,2026-04-02 13:11:00.000000,23738.69,23750,ce,10.27,0.5047,-0.5444,0.0112,0.2151,0.75,,CLOSED,2026-04-02 13:17:00.000000,23784.22,Time Exit,2276.5000000001237
adx_trend,BUY,2026-04-02 13:12:00.000000,23769.33,23750,ce,10.27,0.5047,-0.5444,0.0112,0.2151,0.75,,CLOSED,2026-04-02 13:18:00.000000,23803.38,Time Exit,1702.4999999999636
adx_trend,BUY,2026-04-02 13:13:00.000000,23795.64,23800,ce,13.31,0.5644,-0.4078,0.0108,0.2369,0.75,,CLOSED,2026-04-02 13:19:00.000000,23811.11,Time Exit,773.5000000000582
adx_trend,BUY,2026-04-02 13:14:00.000000,23834.55,23800,ce,13.31,0.5644,-0.4078,0.0108,0.2369,0.75,,CLOSED,2026-04-02 13:20:00.000000,23825.7,Time Exit,-442.49999999992724
adx_trend,BUY,2026-04-02 13:15:00.000000,23826.03,23800,ce,13.31,0.5644,-0.4078,0.0108,0.2369,0.75,,CLOSED,2026-04-02 13:21:00.000000,23839.36,Time Exit,666.5000000000873
adx_trend,BUY,2026-04-02 13:16:00.000000,23822.95,23800,ce,13.31,0.5644,-0.4078,0.0108,0.2369,0.75,,CLOSED,2026-04-02 13:22:00.000000,23833.41,Time Exit,522.9999999999563
adx_trend,BUY,2026-04-02 13:17:00.000000,23784.22,23800,ce,13.31,0.5644,-0.4078,0.0108,0.2369,0.75,,CLOSED,2026-04-02 13:23:00.000000,23830.79,Time Exit,2328.4999999999854
adx_trend,BUY,2026-04-02 13:18:00.000000,23803.38,23800,ce,13.31,0.5644,-0.4078,0.0108,0.2369,0.75,,CLOSED,2026-04-02 13:24:00.000000,23842.8,Time Exit,1970.9999999999127
adx_trend,BUY,2026-04-02 13:19:00.000000,23811.11,23800,ce,13.31,0.5644,-0.4078,0.0108,0.2369,0.75,,CLOSED,2026-04-02 13:25:00.000000,23856.52,Time Exit,2270.4999999999927
adx_trend,BUY,2026-04-02 13:20:00.000000,23825.7,23800,ce,13.31,0.5644,-0.4078,0.0108,0.2369,0.75,,CLOSED,2026-04-02 13:26:00.000000,23851.76,Time Exit,1302.9999999998836
adx_trend,BUY,2026-04-02 13:21:00.000000,23839.36,23800,ce,13.31,0.5644,-0.4078,0.0108,0.2369,0.75,,CLOSED,2026-04-02 13:27:00.000000,23872.53,Time Exit,1658.4999999999127
adx_trend,BUY,2026-04-02 13:22:00.000000,23833.41,23800,ce,13.31,0.5644,-0.4078,0.0108,0.2369,0.75,,CLOSED,2026-04-02 13:28:00.000000,23898.01,Time Exit,3229.9999999999272
adx_trend,BUY,2026-04-02 13:23:00.000000,23830.79,23800,ce,13.31,0.5644,-0.4078,0.0108,0.2369,0.75,,CLOSED,2026-04-02 13:29:00.000000,23866.82,Time Exit,1801.4999999999418
adx_trend,BUY,2026-04-02 13:24:00.000000,23842.8,23800,ce,13.31,0.5644,-0.4078,0.0108,0.2369,0.75,,CLOSED,2026-04-02 13:30:00.000000,23858.81,Time Exit,800.5000000001019
adx_trend,BUY,2026-04-02 13:25:00.000000,23856.52,23800,ce,13.31,0.5644,-0.4078,0.0108,0.2369,0.75,,CLOSED,2026-04-02 13:31:00.000000,23844.63,Time Exit,-594.4999999999709
adx_trend,BUY,2026-04-02 13:26:00.000000,23851.76,23800,ce,13.31,0.5644,-0.4078,0.0108,0.2369,0.75,,CLOSED,2026-04-02 13:32:00.000000,23823.82,Time Exit,-1396.9999999999345
adx_trend,BUY,2026-04-02 13:27:00.000000,23872.53,23800,ce,13.31,0.5644,-0.4078,0.0108,0.2369,0.75,,CLOSED,2026-04-02 13:33:00.000000,23823.02,Time Exit,-2475.49999999992
adx_trend,BUY,2026-04-02 13:29:00.000000,23866.82,23800,ce,13.31,0.5644,-0.4078,0.0108,0.2369,0.75,,CLOSED,2026-04-02 13:35:00.000000,23823.74,Time Exit,-2153.9999999999054
adx_trend,BUY,2026-04-02 13:30:00.000000,23858.81,23800,ce,13.31,0.5644,-0.4078,0.0108,0.2369,0.75,,CLOSED,2026-04-02 13:36:00.000000,23834.28,Time Exit,-1226.5000000001237
adx_trend,BUY,2026-04-02 13:31:00.000000,23844.63,23800,ce,13.31,0.5644,-0.4078,0.0108,0.2369,0.75,,CLOSED,2026-04-02 13:37:00.000000,23815.43,Time Exit,-1460.0000000000364
adx_trend,BUY,2026-04-02 13:32:00.000000,23823.82,23800,ce,13.31,0.5644,-0.4078,0.0108,0.2369,0.75,,CLOSED,2026-04-02 13:38:00.000000,23819.58,Time Exit,-211.99999999989814
adx_trend,BUY,2026-04-02 13:33:00.000000,23823.02,23800,ce,13.31,0.5644,-0.4078,0.0108,0.2369,0.75,,CLOSED,2026-04-02 13:39:00.000000,23844.31,Time Exit,1064.5000000000437
adx_trend,BUY,2026-04-02 13:34:00.000000,23813.71,23800,ce,13.31,0.5644,-0.4078,0.0108,0.2369,0.75,,CLOSED,2026-04-02 13:40:00.000000,23870.0,Time Exit,2814.5000000000437
adx_trend,BUY,2026-04-02 13:35:00.000000,23823.74,23800,ce,13.31,0.5644,-0.4078,0.0108,0.2369,0.75,,CLOSED,2026-04-02 13:41:00.000000,23902.0,Time Exit,3912.99999999992
adx_trend,BUY,2026-04-02 13:36:00.000000,23834.28,23800,ce,13.31,0.5644,-0.4078,0.0108,0.2369,0.75,,CLOSED,2026-04-02 13:42:00.000000,23916.83,Time Exit,4127.5000000001455
adx_trend,BUY,2026-04-02 13:37:00.000000,23815.43,23800,ce,13.31,0.5644,-0.4078,0.0108,0.2369,0.75,,CLOSED,2026-04-02 13:43:00.000000,23932.33,Time Exit,5845.000000000073
adx_trend,BUY,2026-04-02 13:38:00.000000,23819.58,23800,ce,13.31,0.5644,-0.4078,0.0108,0.2369,0.75,,CLOSED,2026-04-02 13:44:00.000000,23912.24,Time Exit,4632.999999999993
adx_trend,BUY,2026-04-02 13:39:00.000000,23844.31,23800,ce,13.31,0.5644,-0.4078,0.0108,0.2369,0.75,,CLOSED,2026-04-02 13:45:00.000000,23915.52,Time Exit,3560.4999999999563
adx_trend,BUY,2026-04-02 13:40:00.000000,23870.0,23800,ce,13.31,0.5644,-0.4078,0.0108,0.2369,0.75,,CLOSED,2026-04-02 13:46:00.000000,23949.74,Time Exit,3987.00000000008
adx_trend,SELL,2026-04-03 09:15:00.000000,22584.35,22600,pe,5.0,-0.5576,-0.5089,0.0093,0.2046,0.75,,CLOSED,2026-04-03 09:21:00.000000,22679.29,Time Exit,-4747.000000000116
adx_trend,SELL,2026-04-03 09:16:00.000000,22607.27,22600,pe,5.0,-0.5576,-0.5089,0.0093,0.2046,0.75,,CLOSED,2026-04-03 09:22:00.000000,22688.53,Time Exit,-4062.99999999992
adx_trend,SELL,2026-04-03 09:17:00.000000,22639.41,22650,pe,5.0,-0.4991,-0.5064,0.0101,0.1945,0.75,,CLOSED,2026-04-03 09:23:00.000000,22700.26,Time Exit,-3042.4999999999272
adx_trend,SELL,2026-04-03 09:18:00.000000,22618.67,22600,pe,5.0,-0.5576,-0.5089,0.0093,0.2046,0.75,,CLOSED,2026-04-03 09:24:00.000000,22708.03,Time Exit,-4468.000000000029
adx_trend,SELL,2026-04-03 09:19:00.000000,22617.04,22600,pe,5.0,-0.5576,-0.5089,0.0093,0.2046,0.75,,CLOSED,2026-04-03 09:25:00.000000,22678.23,Time Exit,-3059.4999999999345
adx_trend,SELL,2026-04-03 09:20:00.000000,22641.88,22650,pe,5.0,-0.4991,-0.5064,0.0101,0.1945,0.75,,CLOSED,2026-04-03 09:26:00.000000,22669.63,Time Exit,-1387.5
adx_trend,SELL,2026-04-03 09:21:00.000000,22679.29,22700,pe,5.0,-0.4388,-0.4632,0.009,0.2125,0.75,,CLOSED,2026-04-03 09:27:00.000000,22674.62,Time Exit,233.5000000000946
adx_trend,SELL,2026-04-03 09:22:00.000000,22688.53,22700,pe,5.0,-0.4388,-0.4632,0.009,0.2125,0.75,,CLOSED,2026-04-03 09:28:00.000000,22689.54,Time Exit,-50.50000000010186
adx_trend,SELL,2026-04-03 09:23:00.000000,22700.26,22700,pe,5.0,-0.4388,-0.4632,0.009,0.2125,0.75,,CLOSED,2026-04-03 09:29:00.000000,22680.35,Time Exit,995.4999999999927
adx_trend,SELL,2026-04-03 09:24:00.000000,22708.03,22700,pe,5.0,-0.4388,-0.4632,0.009,0.2125,0.75,,CLOSED,2026-04-03 09:30:00.000000,22651.51,Time Exit,2826.000000000022
adx_trend,SELL,2026-04-03 09:25:00.000000,22678.23,22700,pe,5.0,-0.4388,-0.4632,0.009,0.2125,0.75,,CLOSED,2026-04-03 09:31:00.000000,22655.41,Time Exit,1140.9999999999854
adx_trend,SELL,2026-04-03 09:26:00.000000,22669.63,22650,pe,5.0,-0.4991,-0.5064,0.0101,0.1945,0.75,,CLOSED,2026-04-03 09:32:00.000000,22653.87,Time Exit,788.0000000001019
adx_trend,SELL,2026-04-03 09:27:00.000000,22674.62,22650,pe,5.0,-0.4991,-0.5064,0.0101,0.1945,0.75,,CLOSED,2026-04-03 09:33:00.000000,22636.75,Time Exit,1893.499999999949
adx_trend,SELL,2026-04-03 09:28:00.000000,22689.54,22700,pe,5.0,-0.4388,-0.4632,0.009,0.2125,0.75,,CLOSED,2026-04-03 09:34:00.000000,22619.84,Time Exit,3485.0000000000364
adx_trend,SELL,2026-04-03 09:29:00.000000,22680.35,22700,pe,5.0,-0.4388,-0.4632,0.009,0.2125,0.75,,CLOSED,2026-04-03 09:35:00.000000,22606.37,Time Exit,3698.999999999978
adx_trend,SELL,2026-04-03 09:30:00.000000,22651.51,22650,pe,5.0,-0.4991,-0.5064,0.0101,0.1945,0.75,,CLOSED,2026-04-03 09:36:00.000000,22634.89,Time Exit,830.9999999999491
adx_trend,SELL,2026-04-03 09:31:00.000000,22655.41,22650,pe,5.0,-0.4991,-0.5064,0.0101,0.1945,0.75,,CLOSED,2026-04-03 09:37:00.000000,22655.43,Time Exit,-1.0000000000218279
adx_trend,SELL,2026-04-03 09:32:00.000000,22653.87,22650,pe,5.0,-0.4991,-0.5064,0.0101,0.1945,0.75,,CLOSED,2026-04-03 09:38:00.000000,22677.14,Time Exit,-1163.5000000000218
adx_trend,SELL,2026-04-03 09:33:00.000000,22636.75,22650,pe,5.0,-0.4991,-0.5064,0.0101,0.1945,0.75,,CLOSED,2026-04-03 09:39:00.000000,22665.36,Time Exit,-1430.500000000029
adx_trend,SELL,2026-04-03 09:34:00.000000,22619.84,22600,pe,5.0,-0.5576,-0.5089,0.0093,0.2046,0.75,,CLOSED,2026-04-03 09:40:00.000000,22689.69,Time Exit,-3492.4999999999272
adx_trend,SELL,2026-04-03 09:35:00.000000,22606.37,22600,pe,5.0,-0.5576,-0.5089,0.0093,0.2046,0.75,,CLOSED,2026-04-03 09:41:00.000000,22686.9,Time Exit,-4026.5000000001237
adx_trend,SELL,2026-04-03 09:36:00.000000,22634.89,22650,pe,5.0,-0.4991,-0.5064,0.0101,0.1945,0.75,,CLOSED,2026-04-03 09:42:00.000000,22691.9,Time Exit,-2850.500000000102
adx_trend,SELL,2026-04-03 09:37:00.000000,22655.43,22650,pe,5.0,-0.4991,-0.5064,0.0101,0.1945,0.75,,CLOSED,2026-04-03 09:43:00.000000,22712.83,Time Exit,-2870.0000000000728
adx_trend,SELL,2026-04-03 09:38:00.000000,22677.14,22700,pe,5.0,-0.4388,-0.4632,0.009,0.2125,0.75,,CLOSED,2026-04-03 09:44:00.000000,22711.98,Time Exit,-1742.0000000000073
adx_trend,SELL,2026-04-03 09:39:00.000000,22665.36,22650,pe,5.0,-0.4991,-0.5064,0.0101,0.1945,0.75,,CLOSED,2026-04-03 09:45:00.000000,22700.56,Time Exit,-1760.0000000000364
adx_trend,SELL,2026-04-03 09:40:00.000000,22689.69,22700,pe,5.0,-0.4388,-0.4632,0.009,0.2125,0.75,,CLOSED,2026-04-03 09:46:00.000000,22686.81,Time Exit,143.99999999986903
adx_trend,SELL,2026-04-03 09:41:00.000000,22686.9,22700,pe,5.0,-0.4388,-0.4632,0.009,0.2125,0.75,,CLOSED,2026-04-03 09:47:00.000000,22701.04,Time Exit,-706.9999999999709
adx_trend,SELL,2026-04-03 09:42:00.000000,22691.9,22700,pe,5.0,-0.4388,-0.4632,0.009,0.2125,0.75,,CLOSED,2026-04-03 09:48:00.000000,22676.62,Time Exit,764.0000000001237
adx_trend,SELL,2026-04-03 09:43:00.000000,22712.83,22700,pe,5.0,-0.4388,-0.4632,0.009,0.2125,0.75,,CLOSED,2026-04-03 09:49:00.000000,22667.61,Time Exit,2261.000000000058
adx_trend,SELL,2026-04-03 09:44:00.000000,22711.98,22700,pe,5.0,-0.4388,-0.4632,0.009,0.2125,0.75,,CLOSED,2026-04-03 09:50:00.000000,22688.52,Time Exit,1172.9999999999563
adx_trend,SELL,2026-04-03 09:45:00.000000,22700.56,22700,pe,5.0,-0.4388,-0.4632,0.009,0.2125,0.75,,CLOSED,2026-04-03 09:51:00.000000,22698.23,Time Exit,116.50000000008731
adx_trend,SELL,2026-04-03 09:46:00.000000,22686.81,22700,pe,5.0,-0.4388,-0.4632,0.009,0.2125,0.75,,CLOSED,2026-04-03 09:52:00.000000,22687.13,Time Exit,-15.999999999985448
adx_trend,SELL,2026-04-03 09:47:00.000000,22701.04,22700,pe,5.0,-0.4388,-0.4632,0.009,0.2125,0.75,,CLOSED,2026-04-03 09:53:00.000000,22701.67,Time Exit,-31.499999999869033
adx_trend,SELL,2026-04-03 09:48:00.000000,22676.62,22700,pe,5.0,-0.4388,-0.4632,0.009,0.2125,0.75,,CLOSED,2026-04-03 09:54:00.000000,22706.61,Time Exit,-1499.50000000008
adx_trend,SELL,2026-04-03 09:49:00.000000,22667.61,22650,pe,5.0,-0.4991,-0.5064,0.0101,0.1945,0.75,,CLOSED,2026-04-03 09:55:00.000000,22693.85,Time Exit,-1311.9999999998981
adx_trend,SELL,2026-04-03 09:50:00.000000,22688.52,22700,pe,5.0,-0.4388,-0.4632,0.009,0.2125,0.75,,CLOSED,2026-04-03 09:56:00.000000,22686.66,Time Exit,93.0000000000291
adx_trend,SELL,2026-04-03 09:51:00.000000,22698.23,22700,pe,5.0,-0.4388,-0.4632,0.009,0.2125,0.75,,CLOSED,2026-04-03 09:57:00.000000,22685.69,Time Exit,627.0000000000437
adx_trend,SELL,2026-04-03 09:52:00.000000,22687.13,22700,pe,5.0,-0.4388,-0.4632,0.009,0.2125,0.75,,CLOSED,2026-04-03 09:58:00.000000,22684.92,Time Exit,110.50000000013824
adx_trend,SELL,2026-04-03 09:53:00.000000,22701.67,22700,pe,5.0,-0.4388,-0.4632,0.009,0.2125,0.75,,CLOSED,2026-04-03 09:59:00.000000,22672.02,Time Exit,1482.4999999998909
adx_trend,SELL,2026-04-03 09:54:00.000000,22706.61,22700,pe,5.0,-0.4388,-0.4632,0.009,0.2125,0.75,,CLOSED,2026-04-03 10:00:00.000000,22671.59,Time Exit,1751.0000000000218
adx_trend,SELL,2026-04-03 09:55:00.000000,22693.85,22700,pe,5.0,-0.4388,-0.4632,0.009,0.2125,0.75,,CLOSED,2026-04-03 10:01:00.000000,22656.17,Time Exit,1884.0000000000146
adx_trend,SELL,2026-04-03 09:56:00.000000,22686.66,22700,pe,5.0,-0.4388,-0.4632,0.009,0.2125,0.75,,CLOSED,2026-04-03 10:02:00.000000,22637.67,Time Exit,2449.50000000008
adx_trend,SELL,2026-04-03 09:57:00.000000,22685.69,22700,pe,5.0,-0.4388,-0.4632,0.009,0.2125,0.75,,CLOSED,2026-04-03 10:03:00.000000,22655.03,Time Exit,1532.9999999999927
adx_trend,SELL,2026-04-03 09:58:00.000000,22684.92,22700,pe,5.0,-0.4388,-0.4632,0.009,0.2125,0.75,,CLOSED,2026-04-03 10:04:00.000000,22664.64,Time Exit,1013.9999999999418
adx_trend,SELL,2026-04-03 09:59:00.000000,22672.02,22650,pe,5.0,-0.4991,-0.5064,0.0101,0.1945,0.75,,CLOSED,2026-04-03 10:05:00.000000,22669.97,Time Exit,102.49999999996362
adx_trend,SELL,2026-04-03 10:00:00.000000,22671.59,22650,pe,5.0,-0.4991,-0.5064,0.0101,0.1945,0.75,,CLOSED,2026-04-03 10:06:00.000000,22632.27,Time Exit,1965.9999999999854
adx_trend,SELL,2026-04-03 10:01:00.000000,22656.17,22650,pe,5.0,-0.4991,-0.5064,0.0101,0.1945,0.75,,CLOSED,2026-04-03 10:07:00.000000,22626.47,Time Exit,1484.9999999998545
adx_trend,SELL,2026-04-03 10:02:00.000000,22637.67,22650,pe,5.0,-0.4991,-0.5064,0.0101,0.1945,0.75,,CLOSED,2026-04-03 10:08:00.000000,22597.83,Time Exit,1991.9999999998254
adx_trend,SELL,2026-04-03 10:03:00.000000,22655.03,22650,pe,5.0,-0.4991,-0.5064,0.0101,0.1945,0.75,,CLOSED,2026-04-03 10:09:00.000000,22629.2,Time Exit,1291.4999999999054
adx_trend,BUY,2026-04-03 10:04:00.000000,22664.64,22650,ce,10.0,0.5085,-0.5558,0.0101,0.1945,0.75,,CLOSED,2026-04-03 10:10:00.000000,22629.33,Time Exit,-1765.4999999998836
adx_trend,SELL,2026-04-03 10:05:00.000000,22669.97,22650,pe,5.0,-0.4991,-0.5064,0.0101,0.1945,0.75,,CLOSED,2026-04-03 10:11:00.000000,22653.58,Time Exit,819.4999999999709
adx_trend,SELL,2026-04-03 10:06:00.000000,22632.27,22650,pe,5.0,-0.4991,-0.5064,0.0101,0.1945,0.75,,CLOSED,2026-04-03 10:12:00.000000,22665.76,Time Exit,-1674.4999999998981
adx_trend,SELL,2026-04-03 10:07:00.000000,22626.47,22650,pe,5.0,-0.4991,-0.5064,0.0101,0.1945,0.75,,CLOSED,2026-04-03 10:13:00.000000,22698.94,Time Exit,-3623.4999999998763
adx_trend,SELL,2026-04-03 10:08:00.000000,22597.83,22600,pe,5.0,-0.5576,-0.5089,0.0093,0.2046,0.75,,CLOSED,2026-04-03 10:14:00.000000,22701.32,Time Exit,-5174.499999999898
adx_trend,SELL,2026-04-03 10:09:00.000000,22629.2,22650,pe,5.0,-0.4991,-0.5064,0.0101,0.1945,0.75,,CLOSED,2026-04-03 10:15:00.000000,22696.4,Time Exit,-3360.0000000000364
adx_trend,SELL,2026-04-03 10:10:00.000000,22629.33,22650,pe,5.0,-0.4991,-0.5064,0.0101,0.1945,0.75,,CLOSED,2026-04-03 10:16:00.000000,22675.86,Time Exit,-2326.499999999942
adx_trend,SELL,2026-04-03 10:11:00.000000,22653.58,22650,pe,5.0,-0.4991,-0.5064,0.0101,0.1945,0.75,,CLOSED,2026-04-03 10:17:00.000000,22660.23,Time Exit,-332.49999999989086
adx_trend,SELL,2026-04-03 10:12:00.000000,22665.76,22650,pe,5.0,-0.4991,-0.5064,0.0101,0.1945,0.75,,CLOSED,2026-04-03 10:18:00.000000,22649.73,Time Exit,801.4999999999418
adx_trend,SELL,2026-04-03 10:13:00.000000,22698.94,22700,pe,5.0,-0.4388,-0.4632,0.009,0.2125,0.75,,CLOSED,2026-04-03 10:19:00.000000,22658.29,Time Exit,2032.4999999998909
adx_trend,SELL,2026-04-03 10:14:00.000000,22701.32,22700,pe,5.0,-0.4388,-0.4632,0.009,0.2125,0.75,,CLOSED,2026-04-03 10:20:00.000000,22653.59,Time Exit,2386.499999999978
adx_trend,SELL,2026-04-03 10:15:00.000000,22696.4,22700,pe,5.0,-0.4388,-0.4632,0.009,0.2125,0.75,,CLOSED,2026-04-03 10:21:00.000000,22672.48,Time Exit,1196.0000000000946
adx_trend,SELL,2026-04-03 10:16:00.000000,22675.86,22700,pe,5.0,-0.4388,-0.4632,0.009,0.2125,0.75,,CLOSED,2026-04-03 10:22:00.000000,22665.04,Time Exit,540.9999999999854
adx_trend,SELL,2026-04-03 10:17:00.000000,22660.23,22650,pe,5.0,-0.4991,-0.5064,0.0101,0.1945,0.75,,CLOSED,2026-04-03 10:23:00.000000,22660.83,Time Exit,-30.00000000010914
adx_trend,SELL,2026-04-03 10:18:00.000000,22649.73,22650,pe,5.0,-0.4991,-0.5064,0.0101,0.1945,0.75,,CLOSED,2026-04-03 10:24:00.000000,22669.45,Time Exit,-986.0000000000582
adx_trend,BUY,2026-04-03 10:19:00.000000,22658.29,22650,ce,10.0,0.5085,-0.5558,0.0101,0.1945,0.75,,CLOSED,2026-04-03 10:25:00.000000,22681.73,Time Exit,1171.9999999999345
adx_trend,BUY,2026-04-03 10:20:00.000000,22653.59,22650,ce,10.0,0.5085,-0.5558,0.0101,0.1945,0.75,,CLOSED,2026-04-03 10:26:00.000000,22698.78,Time Exit,2259.4999999999345
adx_trend,BUY,2026-04-03 10:21:00.000000,22672.48,22650,ce,10.0,0.5085,-0.5558,0.0101,0.1945,0.75,,CLOSED,2026-04-03 10:27:00.000000,22718.07,Time Exit,2279.5000000000073
adx_trend,BUY,2026-04-03 10:22:00.000000,22665.04,22650,ce,10.0,0.5085,-0.5558,0.0101,0.1945,0.75,,CLOSED,2026-04-03 10:28:00.000000,22729.59,Time Exit,3227.4999999999636
adx_trend,SELL,2026-04-03 10:23:00.000000,22660.83,22650,pe,5.0,-0.4991,-0.5064,0.0101,0.1945,0.75,,CLOSED,2026-04-03 10:29:00.000000,22740.15,Time Exit,-3965.9999999999854
adx_trend,SELL,2026-04-03 10:24:00.000000,22669.45,22650,pe,5.0,-0.4991,-0.5064,0.0101,0.1945,0.75,,CLOSED,2026-04-03 10:30:00.000000,22753.18,Time Exit,-4186.499999999978
adx_trend,SELL,2026-04-03 10:25:00.000000,22681.73,22700,pe,5.0,-0.4388,-0.4632,0.009,0.2125,0.75,,CLOSED,2026-04-03 10:31:00.000000,22737.32,Time Exit,-2779.5000000000073
adx_trend,SELL,2026-04-03 10:26:00.000000,22698.78,22700,pe,5.0,-0.4388,-0.4632,0.009,0.2125,0.75,,CLOSED,2026-04-03 10:32:00.000000,22744.72,Time Exit,-2297.0000000001164
adx_trend,SELL,2026-04-03 10:27:00.000000,22718.07,22700,pe,5.0,-0.4388,-0.4632,0.009,0.2125,0.75,,CLOSED,2026-04-03 10:33:00.000000,22740.2,Time Exit,-1106.500000000051
adx_trend,BUY,2026-04-03 10:28:00.000000,22729.59,22750,ce,10.0,0.5455,-0.5909,0.0092,0.1822,0.75,,CLOSED,2026-04-03 10:34:00.000000,22725.95,Time Exit,-181.9999999999709
adx_trend,BUY,2026-04-03 10:29:00.000000,22740.15,22750,ce,10.0,0.5455,-0.5909,0.0092,0.1822,0.75,,CLOSED,2026-04-03 10:35:00.000000,22722.56,Time Exit,-879.5000000000073
adx_trend,BUY,2026-04-03 10:30:00.000000,22753.18,22750,ce,10.0,0.5455,-0.5909,0.0092,0.1822,0.75,,CLOSED,2026-04-03 10:36:00.000000,22729.74,Time Exit,-1171.9999999999345
adx_trend,BUY,2026-04-03 10:31:00.000000,22737.32,22750,ce,10.0,0.5455,-0.5909,0.0092,0.1822,0.75,,CLOSED,2026-04-03 10:37:00.000000,22737.68,Time Exit,18.000000000029104
adx_trend,BUY,2026-04-03 10:32:00.000000,22744.72,22750,ce,10.0,0.5455,-0.5909,0.0092,0.1822,0.75,,CLOSED,2026-04-03 10:38:00.000000,22748.16,Time Exit,171.99999999993452
adx_trend,BUY,2026-04-03 10:33:00.000000,22740.2,22750,ce,10.0,0.5455,-0.5909,0.0092,0.1822,0.75,,CLOSED,2026-04-03 10:39:00.000000,22759.03,Time Exit,941.4999999999054
adx_trend,BUY,2026-04-03 10:34:00.000000,22725.95,22750,ce,10.0,0.5455,-0.5909,0.0092,0.1822,0.75,,CLOSED,2026-04-03 10:40:00.000000,22786.28,Time Exit,3016.4999999999054
adx_trend,BUY,2026-04-03 10:35:00.000000,22722.56,22700,ce,18.05,0.5321,-0.4435,0.009,0.2125,0.75,,CLOSED,2026-04-03 10:41:00.000000,22797.73,Time Exit,3758.4999999999127
adx_trend,BUY,2026-04-03 10:36:00.000000,22729.74,22750,ce,10.0,0.5455,-0.5909,0.0092,0.1822,0.75,,CLOSED,2026-04-03 10:42:00.000000,22830.07,Time Exit,5016.499999999905
adx_trend,BUY,2026-04-03 10:37:00.000000,22737.68,22750,ce,10.0,0.5455,-0.5909,0.0092,0.1822,0.75,,CLOSED,2026-04-03 10:43:00.000000,22843.8,Time Exit,5305.999999999949
adx_trend,BUY,2026-04-03 10:38:00.000000,22748.16,22750,ce,10.0,0.5455,-0.5909,0.0092,0.1822,0.75,,CLOSED,2026-04-03 10:44:00.000000,22838.47,Time Exit,4515.5000000000655
adx_trend,BUY,2026-04-03 10:39:00.000000,22759.03,22750,ce,10.0,0.5455,-0.5909,0.0092,0.1822,0.75,,CLOSED,2026-04-03 10:45:00.000000,22848.92,Time Exit,4494.499999999971
adx_trend,BUY,2026-04-03 10:40:00.000000,22786.28,22800,ce,10.0,0.4956,-0.5223,0.0096,0.2148,0.75,,CLOSED,2026-04-03 10:46:00.000000,22843.67,Time Exit,2869.499999999971
adx_trend,BUY,2026-04-03 10:41:00.000000,22797.73,22800,ce,10.0,0.4956,-0.5223,0.0096,0.2148,0.75,,CLOSED,2026-04-03 10:47:00.000000,22872.22,Time Exit,3724.50000000008
adx_trend,BUY,2026-04-03 10:42:00.000000,22830.07,22850,ce,5.0,0.46,-0.5721,0.0106,0.1963,0.75,,CLOSED,2026-04-03 10:48:00.000000,22891.94,Time Exit,3093.499999999949
adx_trend,BUY,2026-04-03 10:43:00.000000,22843.8,22850,ce,5.0,0.46,-0.5721,0.0106,0.1963,0.75,,CLOSED,2026-04-03 10:49:00.000000,22907.75,Time Exit,3197.5000000000364
adx_trend,BUY,2026-04-03 10:44:00.000000,22838.47,22850,ce,5.0,0.46,-0.5721,0.0106,0.1963,0.75,,CLOSED,2026-04-03 10:50:00.000000,22935.49,Time Exit,4851.000000000022
adx_trend,BUY,2026-04-03 10:45:00.000000,22848.92,22850,ce,5.0,0.46,-0.5721,0.0106,0.1963,0.75,,CLOSED,2026-04-03 10:51:00.000000,22942.93,Time Exit,4700.500000000102
adx_trend,BUY,2026-04-03 10:46:00.000000,22843.67,22850,ce,5.0,0.46,-0.5721,0.0106,0.1963,0.75,,CLOSED,2026-04-03 10:52:00.000000,22935.46,Time Exit,4589.500000000044
adx_trend,BUY,2026-04-03 10:47:00.000000,22872.22,22850,ce,5.0,0.46,-0.5721,0.0106,0.1963,0.75,,CLOSED,2026-04-03 10:53:00.000000,22958.45,Time Exit,4311.499999999978
adx_trend,BUY,2026-04-03 10:48:00.000000,22891.94,22900,ce,5.0,0.5013,-0.4595,0.0096,0.2126,0.75,,CLOSED,2026-04-03 10:54:00.000000,22966.77,Time Exit,3741.5000000000873
adx_trend,BUY,2026-04-03 10:49:00.000000,22907.75,22900,ce,5.0,0.5013,-0.4595,0.0096,0.2126,0.75,,CLOSED,2026-04-03 10:55:00.000000,22956.81,Time Exit,2453.0000000000655
adx_trend,BUY,2026-04-03 10:50:00.000000,22935.49,22950,ce,5.0,0.4707,-0.5054,0.0093,0.2014,0.75,,CLOSED,2026-04-03 10:56:00.000000,22977.17,Time Exit,2083.9999999998327
adx_trend,BUY,2026-04-03 10:51:00.000000,22942.93,22950,ce,5.0,0.4707,-0.5054,0.0093,0.2014,0.75,,CLOSED,2026-04-03 10:57:00.000000,22995.29,Time Exit,2618.000000000029
adx_trend,BUY,2026-04-03 10:52:00.000000,22935.46,22950,ce,5.0,0.4707,-0.5054,0.0093,0.2014,0.75,,CLOSED,2026-04-03 10:58:00.000000,23025.87,Time Exit,4520.499999999993
adx_trend,BUY,2026-04-03 10:53:00.000000,22958.45,22950,ce,5.0,0.4707,-0.5054,0.0093,0.2014,0.75,,CLOSED,2026-04-03 10:59:00.000000,23036.45,Time Exit,3900.0
adx_trend,BUY,2026-04-03 10:54:00.000000,22966.77,22950,ce,5.0,0.4707,-0.5054,0.0093,0.2014,0.75,,CLOSED,2026-04-03 11:00:00.000000,23047.55,Time Exit,4038.999999999942
adx_trend,BUY,2026-04-03 10:55:00.000000,22956.81,22950,ce,5.0,0.4707,-0.5054,0.0093,0.2014,0.75,,CLOSED,2026-04-03 11:01:00.000000,23040.69,Time Exit,4193.999999999869
adx_trend,BUY,2026-04-03 10:56:00.000000,22977.17,23000,ce,5.0,0.4732,-0.5163,0.0096,0.2091,0.75,,CLOSED,2026-04-03 11:02:00.000000,23031.7,Time Exit,2726.5000000001237
adx_trend,BUY,2026-04-03 10:57:00.000000,22995.29,23000,ce,5.0,0.4732,-0.5163,0.0096,0.2091,0.75,,CLOSED,2026-04-03 11:03:00.000000,23033.12,Time Exit,1891.4999999999054
adx_trend,BUY,2026-04-03 10:58:00.000000,23025.87,23050,ce,5.0,0.5291,-0.4788,0.0117,0.2132,0.75,,CLOSED,2026-04-03 11:04:00.000000,23057.99,Time Exit,1606.000000000131
adx_trend,BUY,2026-04-03 10:59:00.000000,23036.45,23050,ce,5.0,0.5291,-0.4788,0.0117,0.2132,0.75,,CLOSED,2026-04-03 11:05:00.000000,23061.25,Time Exit,1239.9999999999636
adx_trend,BUY,2026-04-03 11:00:00.000000,23047.55,23050,ce,5.0,0.5291,-0.4788,0.0117,0.2132,0.75,,CLOSED,2026-04-03 11:06:00.000000,23054.77,Time Exit,361.0000000000582
adx_trend,BUY,2026-04-03 11:01:00.000000,23040.69,23050,ce,5.0,0.5291,-0.4788,0.0117,0.2132,0.75,,CLOSED,2026-04-03 11:07:00.000000,23092.4,Time Exit,2585.5000000001382
adx_trend,BUY,2026-04-03 11:02:00.000000,23031.7,23050,ce,5.0,0.5291,-0.4788,0.0117,0.2132,0.75,,CLOSED,2026-04-03 11:08:00.000000,23087.51,Time Exit,2790.4999999998836
adx_trend,BUY,2026-04-03 11:03:00.000000,23033.12,23050,ce,5.0,0.5291,-0.4788,0.0117,0.2132,0.75,,CLOSED,2026-04-03 11:09:00.000000,23113.15,Time Exit,4001.5000000001237
adx_trend,BUY,2026-04-03 11:04:00.000000,23057.99,23050,ce,5.0,0.5291,-0.4788,0.0117,0.2132,0.75,,CLOSED,2026-04-03 11:10:00.000000,23118.56,Time Exit,3028.4999999999854
adx_trend,BUY,2026-04-03 11:05:00.000000,23061.25,23050,ce,5.0,0.5291,-0.4788,0.0117,0.2132,0.75,,CLOSED,2026-04-03 11:11:00.000000,23142.89,Time Exit,4081.999999999971
adx_trend,BUY,2026-04-03 11:06:00.000000,23054.77,23050,ce,5.0,0.5291,-0.4788,0.0117,0.2132,0.75,,CLOSED,2026-04-03 11:12:00.000000,23134.71,Time Exit,3996.9999999999345
adx_trend,BUY,2026-04-03 11:07:00.000000,23092.4,23100,ce,5.0,0.5573,-0.5358,0.0098,0.1906,0.75,,CLOSED,2026-04-03 11:13:00.000000,23134.86,Time Exit,2122.9999999999563
adx_trend,BUY,2026-04-03 11:08:00.000000,23087.51,23100,ce,5.0,0.5573,-0.5358,0.0098,0.1906,0.75,,CLOSED,2026-04-03 11:14:00.000000,23162.17,Time Exit,3732.9999999999927
adx_trend,BUY,2026-04-03 11:09:00.000000,23113.15,23100,ce,5.0,0.5573,-0.5358,0.0098,0.1906,0.75,,CLOSED,2026-04-03 11:15:00.000000,23157.02,Time Exit,2193.499999999949
adx_trend,BUY,2026-04-03 11:10:00.000000,23118.56,23100,ce,5.0,0.5573,-0.5358,0.0098,0.1906,0.75,,CLOSED,2026-04-03 11:16:00.000000,23156.18,Time Exit,1880.999999999949
adx_trend,BUY,2026-04-03 11:11:00.000000,23142.89,23150,ce,5.0,0.4874,-0.4762,0.0107,0.2237,0.75,,CLOSED,2026-04-03 11:17:00.000000,23195.05,Time Exit,2607.9999999999927
adx_trend,BUY,2026-04-03 11:12:00.000000,23134.71,23150,ce,5.0,0.4874,-0.4762,0.0107,0.2237,0.75,,CLOSED,2026-04-03 11:18:00.000000,23198.39,Time Exit,3184.0000000000146
adx_trend,BUY,2026-04-03 11:13:00.000000,23134.86,23150,ce,5.0,0.4874,-0.4762,0.0107,0.2237,0.75,,CLOSED,2026-04-03 11:19:00.000000,23212.41,Time Exit,3877.4999999999636
adx_trend,BUY,2026-04-03 11:14:00.000000,23162.17,23150,ce,5.0,0.4874,-0.4762,0.0107,0.2237,0.75,,CLOSED,2026-04-03 11:20:00.000000,23230.35,Time Exit,3409.0000000000146
adx_trend,BUY,2026-04-03 11:15:00.000000,23157.02,23150,ce,5.0,0.4874,-0.4762,0.0107,0.2237,0.75,,CLOSED,2026-04-03 11:21:00.000000,23246.47,Time Exit,4472.500000000036
adx_trend,BUY,2026-04-03 11:16:00.000000,23156.18,23150,ce,5.0,0.4874,-0.4762,0.0107,0.2237,0.75,,CLOSED,2026-04-03 11:22:00.000000,23232.37,Time Exit,3809.4999999999345
adx_trend,BUY,2026-04-03 11:17:00.000000,23195.05,23200,ce,7.28,0.5398,-0.5196,0.0093,0.1853,0.75,,CLOSED,2026-04-03 11:23:00.000000,23219.91,Time Exit,1243.000000000029
adx_trend,BUY,2026-04-03 11:18:00.000000,23198.39,23200,ce,7.28,0.5398,-0.5196,0.0093,0.1853,0.75,,CLOSED,2026-04-03 11:24:00.000000,23256.65,Time Exit,2913.000000000102
adx_trend,BUY,2026-04-03 11:19:00.000000,23212.41,23200,ce,7.28,0.5398,-0.5196,0.0093,0.1853,0.75,,CLOSED,2026-04-03 11:25:00.000000,23261.48,Time Exit,2453.4999999999854
adx_trend,BUY,2026-04-03 11:20:00.000000,23230.35,23250,ce,15.71,0.5149,-0.4232,0.009,0.2097,0.75,,CLOSED,2026-04-03 11:26:00.000000,23247.25,Time Exit,845.0000000000728
adx_trend,BUY,2026-04-03 11:21:00.000000,23246.47,23250,ce,15.71,0.5149,-0.4232,0.009,0.2097,0.75,,CLOSED,2026-04-03 11:27:00.000000,23234.55,Time Exit,-596.0000000000946
adx_trend,BUY,2026-04-03 11:22:00.000000,23232.37,23250,ce,15.71,0.5149,-0.4232,0.009,0.2097,0.75,,CLOSED,2026-04-03 11:28:00.000000,23220.34,Time Exit,-601.4999999999418
adx_trend,BUY,2026-04-03 11:23:00.000000,23219.91,23200,ce,7.28,0.5398,-0.5196,0.0093,0.1853,0.75,,CLOSED,2026-04-03 11:29:00.000000,23237.94,Time Exit,901.4999999999418
adx_trend,BUY,2026-04-03 11:24:00.000000,23256.65,23250,ce,15.71,0.5149,-0.4232,0.009,0.2097,0.75,,CLOSED,2026-04-03 11:30:00.000000,23253.6,Time Exit,-152.50000000014552
adx_trend,BUY,2026-04-03 11:25:00.000000,23261.48,23250,ce,15.71,0.5149,-0.4232,0.009,0.2097,0.75,,CLOSED,2026-04-03 11:31:00.000000,23257.69,Time Exit,-189.50000000004366
adx_trend,BUY,2026-04-03 11:26:00.000000,23247.25,23250,ce,15.71,0.5149,-0.4232,0.009,0.2097,0.75,,CLOSED,2026-04-03 11:32:00.000000,23261.09,Time Exit,692.0000000000073
adx_trend,BUY,2026-04-03 11:27:00.000000,23234.55,23250,ce,15.71,0.5149,-0.4232,0.009,0.2097,0.75,,CLOSED,2026-04-03 11:33:00.000000,23271.23,Time Exit,1834.0000000000146
adx_trend,BUY,2026-04-03 11:28:00.000000,23220.34,23200,ce,7.28,0.5398,-0.5196,0.0093,0.1853,0.75,,CLOSED,2026-04-03 11:34:00.000000,23290.59,Time Exit,3512.5
adx_trend,BUY,2026-04-03 11:29:00.000000,23237.94,23250,ce,15.71,0.5149,-0.4232,0.009,0.2097,0.75,,CLOSED,2026-04-03 11:35:00.000000,23296.77,Time Exit,2941.5000000000873
adx_trend,BUY,2026-04-03 11:30:00.000000,23253.6,23250,ce,15.71,0.5149,-0.4232,0.009,0.2097,0.75,,CLOSED,2026-04-03 11:36:00.000000,23306.34,Time Exit,2637.00000000008
adx_trend,BUY,2026-04-03 11:31:00.000000,23257.69,23250,ce,15.71,0.5149,-0.4232,0.009,0.2097,0.75,,CLOSED,2026-04-03 11:37:00.000000,23305.96,Time Exit,2413.500000000022
adx_trend,BUY,2026-04-03 11:32:00.000000,23261.09,23250,ce,15.71,0.5149,-0.4232,0.009,0.2097,0.75,,CLOSED,2026-04-03 11:38:00.000000,23309.87,Time Exit,2438.999999999942
adx_trend,BUY,2026-04-03 11:33:00.000000,23271.23,23250,ce,15.71,0.5149,-0.4232,0.009,0.2097,0.75,,CLOSED,2026-04-03 11:39:00.000000,23320.32,Time Exit,2454.5000000000073
adx_trend,BUY,2026-04-03 11:34:00.000000,23290.59,23300,ce,14.11,0.6207,-0.4682,0.0106,0.1986,0.75,,CLOSED,2026-04-03 11:40:00.000000,23334.73,Time Exit,2206.999999999971
adx_trend,BUY,2026-04-03 11:35:00.000000,23296.77,23300,ce,14.11,0.6207,-0.4682,0.0106,0.1986,0.75,,CLOSED,2026-04-03 11:41:00.000000,23345.74,Time Exit,2448.500000000058
adx_trend,BUY,2026-04-03 11:36:00.000000,23306.34,23300,ce,14.11,0.6207,-0.4682,0.0106,0.1986,0.75,,CLOSED,2026-04-03 11:42:00.000000,23343.23,Time Exit,1844.499999999971
adx_trend,BUY,2026-04-03 11:37:00.000000,23305.96,23300,ce,14.11,0.6207,-0.4682,0.0106,0.1986,0.75,,CLOSED,2026-04-03 11:43:00.000000,23385.76,Time Exit,3989.9999999999636
adx_trend,BUY,2026-04-03 11:38:00.000000,23309.87,23300,ce,14.11,0.6207,-0.4682,0.0106,0.1986,0.75,,CLOSED,2026-04-03 11:44:00.000000,23379.54,Time Exit,3483.5000000000946
adx_trend,BUY,2026-04-03 11:39:00.000000,23320.32,23300,ce,14.11,0.6207,-0.4682,0.0106,0.1986,0.75,,CLOSED,2026-04-03 11:45:00.000000,23398.5,Time Exit,3909.0000000000146
adx_trend,BUY,2026-04-03 11:40:00.000000,23334.73,23350,ce,14.16,0.5057,-0.497,0.0099,0.1943,0.75,,CLOSED,2026-04-03 11:46:00.000000,23438.11,Time Exit,5169.000000000051
adx_trend,BUY,2026-04-03 11:41:00.000000,23345.74,23350,ce,14.16,0.5057,-0.497,0.0099,0.1943,0.75,,CLOSED,2026-04-03 11:47:00.000000,23415.27,Time Exit,3476.499999999942
adx_trend,BUY,2026-04-03 11:42:00.000000,23343.23,23350,ce,14.16,0.5057,-0.497,0.0099,0.1943,0.75,,CLOSED,2026-04-03 11:48:00.000000,23423.96,Time Exit,4036.499999999978
adx_trend,BUY,2026-04-03 11:43:00.000000,23385.76,23400,ce,9.0,0.4362,-0.4861,0.0101,0.176,0.75,,CLOSED,2026-04-03 11:49:00.000000,23429.19,Time Exit,2171.5000000000146
adx_trend,BUY,2026-04-03 11:44:00.000000,23379.54,23400,ce,9.0,0.4362,-0.4861,0.0101,0.176,0.75,,CLOSED,2026-04-03 11:50:00.000000,23407.92,Time Exit,1418.999999999869
adx_trend,BUY,2026-04-03 11:45:00.000000,23398.5,23400,ce,9.0,0.4362,-0.4861,0.0101,0.176,0.75,,CLOSED,2026-04-03 11:51:00.000000,23428.9,Time Exit,1520.0000000000728
adx_trend,BUY,2026-04-03 11:46:00.000000,23438.11,23450,ce,6.26,0.5093,-0.4908,0.0115,0.1963,0.75,,CLOSED,2026-04-03 11:52:00.000000,23432.85,Time Exit,-263.00000000010186
adx_trend,BUY,2026-04-03 11:47:00.000000,23415.27,23400,ce,9.0,0.4362,-0.4861,0.0101,0.176,0.75,,CLOSED,2026-04-03 11:53:00.000000,23459.16,Time Exit,2194.499999999971
adx_trend,BUY,2026-04-03 11:48:00.000000,23423.96,23400,ce,9.0,0.4362,-0.4861,0.0101,0.176,0.75,,CLOSED,2026-04-03 11:54:00.000000,23454.69,Time Exit,1536.4999999999782
adx_trend,BUY,2026-04-03 11:49:00.000000,23429.19,23450,ce,6.26,0.5093,-0.4908,0.0115,0.1963,0.75,,CLOSED,2026-04-03 11:55:00.000000,23447.76,Time Exit,928.4999999999854
adx_trend,BUY,2026-04-03 11:50:00.000000,23407.92,23400,ce,9.0,0.4362,-0.4861,0.0101,0.176,0.75,,CLOSED,2026-04-03 11:56:00.000000,23454.96,Time Exit,2352.0000000000437
adx_trend,BUY,2026-04-03 11:51:00.000000,23428.9,23450,ce,6.26,0.5093,-0.4908,0.0115,0.1963,0.75,,CLOSED,2026-04-03 11:57:00.000000,23482.24,Time Exit,2667.0000000000073
adx_trend,BUY,2026-04-03 11:52:00.000000,23432.85,23450,ce,6.26,0.5093,-0.4908,0.0115,0.1963,0.75,,CLOSED,2026-04-03 11:58:00.000000,23489.22,Time Exit,2818.500000000131
adx_trend,BUY,2026-04-03 11:53:00.000000,23459.16,23450,ce,6.26,0.5093,-0.4908,0.0115,0.1963,0.75,,CLOSED,2026-04-03 11:59:00.000000,23487.26,Time Exit,1404.9999999999272
adx_trend,BUY,2026-04-03 11:54:00.000000,23454.69,23450,ce,6.26,0.5093,-0.4908,0.0115,0.1963,0.75,,CLOSED,2026-04-03 12:00:00.000000,23533.23,Time Exit,3927.0000000000437
adx_trend,BUY,2026-04-03 11:55:00.000000,23447.76,23450,ce,6.26,0.5093,-0.4908,0.0115,0.1963,0.75,,CLOSED,2026-04-03 12:01:00.000000,23512.09,Time Exit,3216.5000000000873
adx_trend,BUY,2026-04-03 11:56:00.000000,23454.96,23450,ce,6.26,0.5093,-0.4908,0.0115,0.1963,0.75,,CLOSED,2026-04-03 12:02:00.000000,23505.09,Time Exit,2506.500000000051
adx_trend,BUY,2026-04-03 11:57:00.000000,23482.24,23500,ce,5.0,0.4449,-0.5647,0.0115,0.2303,0.75,,CLOSED,2026-04-03 12:03:00.000000,23511.86,Time Exit,1480.999999999949
adx_trend,BUY,2026-04-03 11:58:00.000000,23489.22,23500,ce,5.0,0.4449,-0.5647,0.0115,0.2303,0.75,,CLOSED,2026-04-03 12:04:00.000000,23529.61,Time Exit,2019.499999999971
adx_trend,BUY,2026-04-03 11:59:00.000000,23487.26,23500,ce,5.0,0.4449,-0.5647,0.0115,0.2303,0.75,,CLOSED,2026-04-03 12:05:00.000000,23522.12,Time Exit,1743.000000000029
adx_trend,BUY,2026-04-03 12:00:00.000000,23533.23,23550,ce,5.0,0.5088,-0.5384,0.0091,0.2329,0.75,,CLOSED,2026-04-03 12:06:00.000000,23552.9,Time Exit,983.5000000000946
adx_trend,BUY,2026-04-03 12:01:00.000000,23512.09,23500,ce,5.0,0.4449,-0.5647,0.0115,0.2303,0.75,,CLOSED,2026-04-03 12:07:00.000000,23565.66,Time Exit,2678.4999999999854
adx_trend,BUY,2026-04-03 12:02:00.000000,23505.09,23500,ce,5.0,0.4449,-0.5647,0.0115,0.2303,0.75,,CLOSED,2026-04-03 12:08:00.000000,23541.2,Time Exit,1805.500000000029
adx_trend,BUY,2026-04-03 12:03:00.000000,23511.86,23500,ce,5.0,0.4449,-0.5647,0.0115,0.2303,0.75,,CLOSED,2026-04-03 12:09:00.000000,23541.28,Time Exit,1470.9999999999127
adx_trend,BUY,2026-04-03 12:04:00.000000,23529.61,23550,ce,5.0,0.5088,-0.5384,0.0091,0.2329,0.75,,CLOSED,2026-04-03 12:10:00.000000,23540.05,Time Exit,521.9999999999345
adx_trend,BUY,2026-04-03 12:05:00.000000,23522.12,23500,ce,5.0,0.4449,-0.5647,0.0115,0.2303,0.75,,CLOSED,2026-04-03 12:11:00.000000,23570.24,Time Exit,2406.000000000131
adx_trend,BUY,2026-04-03 12:06:00.000000,23552.9,23550,ce,5.0,0.5088,-0.5384,0.0091,0.2329,0.75,,CLOSED,2026-04-03 12:12:00.000000,23579.8,Time Exit,1344.9999999998909
adx_trend,BUY,2026-04-03 12:07:00.000000,23565.66,23550,ce,5.0,0.5088,-0.5384,0.0091,0.2329,0.75,,CLOSED,2026-04-03 12:13:00.000000,23566.63,Time Exit,48.50000000005821
adx_trend,BUY,2026-04-03 12:08:00.000000,23541.2,23550,ce,5.0,0.5088,-0.5384,0.0091,0.2329,0.75,,CLOSED,2026-04-03 12:14:00.000000,23560.14,Time Exit,946.9999999999345
adx_trend,BUY,2026-04-03 12:09:00.000000,23541.28,23550,ce,5.0,0.5088,-0.5384,0.0091,0.2329,0.75,,CLOSED,2026-04-03 12:15:00.000000,23566.16,Time Exit,1244.000000000051
adx_trend,BUY,2026-04-03 12:10:00.000000,23540.05,23550,ce,5.0,0.5088,-0.5384,0.0091,0.2329,0.75,,CLOSED,2026-04-03 12:16:00.000000,23573.43,Time Exit,1669.000000000051
adx_trend,BUY,2026-04-03 12:11:00.000000,23570.24,23550,ce,5.0,0.5088,-0.5384,0.0091,0.2329,0.75,,CLOSED,2026-04-03 12:17:00.000000,23598.11,Time Exit,1393.499999999949
adx_trend,BUY,2026-04-03 12:12:00.000000,23579.8,23600,ce,17.23,0.4768,-0.5425,0.011,0.1727,0.75,,CLOSED,2026-04-03 12:18:00.000000,23612.96,Time Exit,1657.9999999999927
adx_trend,BUY,2026-04-03 12:13:00.000000,23566.63,23550,ce,5.0,0.5088,-0.5384,0.0091,0.2329,0.75,,CLOSED,2026-04-03 12:19:00.000000,23679.16,Time Exit,5626.499999999942
adx_trend,BUY,2026-04-03 12:14:00.000000,23560.14,23550,ce,5.0,0.5088,-0.5384,0.0091,0.2329,0.75,,CLOSED,2026-04-03 12:20:00.000000,23682.24,Time Exit,6105.000000000109
adx_trend,BUY,2026-04-03 12:15:00.000000,23566.16,23550,ce,5.0,0.5088,-0.5384,0.0091,0.2329,0.75,,CLOSED,2026-04-03 12:21:00.000000,23675.0,Time Exit,5442.000000000007
adx_trend,BUY,2026-04-03 12:16:00.000000,23573.43,23550,ce,5.0,0.5088,-0.5384,0.0091,0.2329,0.75,,CLOSED,2026-04-03 12:22:00.000000,23679.95,Time Exit,5326.000000000022
adx_trend,BUY,2026-04-03 12:17:00.000000,23598.11,23600,ce,17.23,0.4768,-0.5425,0.011,0.1727,0.75,,CLOSED,2026-04-03 12:23:00.000000,23717.01,Time Exit,5944.999999999891
adx_trend,BUY,2026-04-03 12:18:00.000000,23612.96,23600,ce,17.23,0.4768,-0.5425,0.011,0.1727,0.75,,CLOSED,2026-04-03 12:24:00.000000,23719.34,Time Exit,5319.000000000051
adx_trend,BUY,2026-04-03 12:19:00.000000,23679.16,23700,ce,5.0,0.4517,-0.4641,0.0095,0.2271,0.75,,CLOSED,2026-04-03 12:25:00.000000,23740.24,Time Exit,3054.0000000000873
adx_trend,BUY,2026-04-03 12:20:00.000000,23682.24,23700,ce,5.0,0.4517,-0.4641,0.0095,0.2271,0.75,,CLOSED,2026-04-03 12:26:00.000000,23759.68,Time Exit,3871.9999999999345
adx_trend,BUY,2026-04-03 12:21:00.000000,23675.0,23700,ce,5.0,0.4517,-0.4641,0.0095,0.2271,0.75,,CLOSED,2026-04-03 12:27:00.000000,23759.57,Time Exit,4228.499999999985
adx_trend,BUY,2026-04-03 12:22:00.000000,23679.95,23700,ce,5.0,0.4517,-0.4641,0.0095,0.2271,0.75,,CLOSED,2026-04-03 12:28:00.000000,23785.07,Time Exit,5255.999999999949
adx_trend,BUY,2026-04-03 12:23:00.000000,23717.01,23700,ce,5.0,0.4517,-0.4641,0.0095,0.2271,0.75,,CLOSED,2026-04-03 12:29:00.000000,23806.63,Time Exit,4481.000000000131
adx_trend,BUY,2026-04-03 12:24:00.000000,23719.34,23700,ce,5.0,0.4517,-0.4641,0.0095,0.2271,0.75,,CLOSED,2026-04-03 12:30:00.000000,23793.11,Time Exit,3688.500000000022
adx_trend,BUY,2026-04-03 12:25:00.000000,23740.24,23750,ce,10.27,0.5047,-0.5444,0.0112,0.2151,0.75,,CLOSED,2026-04-03 12:31:00.000000,23793.57,Time Exit,2666.4999999999054
adx_trend,BUY,2026-04-03 12:26:00.000000,23759.68,23750,ce,10.27,0.5047,-0.5444,0.0112,0.2151,0.75,,CLOSED,2026-04-03 12:32:00.000000,23777.05,Time Exit,868.4999999999491
adx_trend,BUY,2026-04-03 12:27:00.000000,23759.57,23750,ce,10.27,0.5047,-0.5444,0.0112,0.2151,0.75,,CLOSED,2026-04-03 12:33:00.000000,23783.86,Time Exit,1214.5000000000437
adx_trend,BUY,2026-04-03 12:28:00.000000,23785.07,23800,ce,13.31,0.5644,-0.4078,0.0108,0.2369,0.75,,CLOSED,2026-04-03 12:34:00.000000,23813.75,Time Exit,1434.0000000000146
adx_trend,BUY,2026-04-03 12:29:00.000000,23806.63,23800,ce,13.31,0.5644,-0.4078,0.0108,0.2369,0.75,,CLOSED,2026-04-03 12:35:00.000000,23819.14,Time Exit,625.49999999992
adx_trend,BUY,2026-04-03 12:30:00.000000,23793.11,23800,ce,13.31,0.5644,-0.4078,0.0108,0.2369,0.75,,CLOSED,2026-04-03 12:36:00.000000,23841.58,Time Exit,2423.500000000058
adx_trend,BUY,2026-04-03 12:31:00.000000,23793.57,23800,ce,13.31,0.5644,-0.4078,0.0108,0.2369,0.75,,CLOSED,2026-04-03 12:37:00.000000,23830.4,Time Exit,1841.5000000000873
adx_trend,BUY,2026-04-03 12:32:00.000000,23777.05,23800,ce,13.31,0.5644,-0.4078,0.0108,0.2369,0.75,,CLOSED,2026-04-03 12:38:00.000000,23827.06,Time Exit,2500.500000000102
adx_trend,BUY,2026-04-03 12:33:00.000000,23783.86,23800,ce,13.31,0.5644,-0.4078,0.0108,0.2369,0.75,,CLOSED,2026-04-03 12:39:00.000000,23826.48,Time Exit,2130.999999999949
adx_trend,BUY,2026-04-03 12:34:00.000000,23813.75,23800,ce,13.31,0.5644,-0.4078,0.0108,0.2369,0.75,,CLOSED,2026-04-03 12:40:00.000000,23817.99,Time Exit,212.00000000008004
adx_trend,BUY,2026-04-03 12:35:00.000000,23819.14,23800,ce,13.31,0.5644,-0.4078,0.0108,0.2369,0.75,,CLOSED,2026-04-03 12:41:00.000000,23809.97,Time Exit,-458.4999999999127
adx_trend,BUY,2026-04-03 12:36:00.000000,23841.58,23800,ce,13.31,0.5644,-0.4078,0.0108,0.2369,0.75,,CLOSED,2026-04-03 12:42:00.000000,23829.23,Time Exit,-617.5000000001091
adx_trend,BUY,2026-04-03 12:37:00.000000,23830.4,23800,ce,13.31,0.5644,-0.4078,0.0108,0.2369,0.75,,CLOSED,2026-04-03 12:43:00.000000,23856.84,Time Exit,1321.9999999999345
adx_trend,BUY,2026-04-03 12:38:00.000000,23827.06,23800,ce,13.31,0.5644,-0.4078,0.0108,0.2369,0.75,,CLOSED,2026-04-03 12:44:00.000000,23824.44,Time Exit,-131.00000000013097
adx_trend,BUY,2026-04-03 12:39:00.000000,23826.48,23800,ce,13.31,0.5644,-0.4078,0.0108,0.2369,0.75,,CLOSED,2026-04-03 12:45:00.000000,23779.78,Time Exit,-2335.0000000000364
adx_trend,BUY,2026-04-03 12:40:00.000000,23817.99,23800,ce,13.31,0.5644,-0.4078,0.0108,0.2369,0.75,,CLOSED,2026-04-03 12:46:00.000000,23813.62,Time Exit,-218.50000000013097
adx_trend,BUY,2026-04-03 12:41:00.000000,23809.97,23800,ce,13.31,0.5644,-0.4078,0.0108,0.2369,0.75,,CLOSED,2026-04-03 12:47:00.000000,23827.95,Time Exit,898.9999999999782
adx_trend,BUY,2026-04-03 12:42:00.000000,23829.23,23800,ce,13.31,0.5644,-0.4078,0.0108,0.2369,0.75,,CLOSED,2026-04-03 12:48:00.000000,23807.86,Time Exit,-1068.499999999949
adx_trend,BUY,2026-04-03 12:43:00.000000,23856.84,23800,ce,13.31,0.5644,-0.4078,0.0108,0.2369,0.75,,CLOSED,2026-04-03 12:49:00.000000,23813.78,Time Exit,-2153.0000000000655
adx_trend,BUY,2026-04-03 12:44:00.000000,23824.44,23800,ce,13.31,0.5644,-0.4078,0.0108,0.2369,0.75,,CLOSED,2026-04-03 12:50:00.000000,23825.96,Time Exit,76.00000000002183
adx_trend,BUY,2026-04-03 12:45:00.000000,23779.78,23800,ce,13.31,0.5644,-0.4078,0.0108,0.2369,0.75,,CLOSED,2026-04-03 12:51:00.000000,23834.41,Time Exit,2731.500000000051
adx_trend,BUY,2026-04-03 12:46:00.000000,23813.62,23800,ce,13.31,0.5644,-0.4078,0.0108,0.2369,0.75,,CLOSED,2026-04-03 12:52:00.000000,23861.37,Time Exit,2387.5
adx_trend,BUY,2026-04-03 12:47:00.000000,23827.95,23800,ce,13.31,0.5644,-0.4078,0.0108,0.2369,0.75,,CLOSED,2026-04-03 12:53:00.000000,23896.57,Time Exit,3430.999999999949
adx_trend,BUY,2026-04-03 12:48:00.000000,23807.86,23800,ce,13.31,0.5644,-0.4078,0.0108,0.2369,0.75,,CLOSED,2026-04-03 12:54:00.000000,23926.34,Time Exit,5923.999999999978
adx_trend,BUY,2026-04-03 12:49:00.000000,23813.78,23800,ce,13.31,0.5644,-0.4078,0.0108,0.2369,0.75,,CLOSED,2026-04-03 12:55:00.000000,23992.21,Time Exit,8921.500000000015
adx_trend,BUY,2026-04-03 12:50:00.000000,23825.96,23800,ce,13.31,0.5644,-0.4078,0.0108,0.2369,0.75,,CLOSED,2026-04-03 12:56:00.000000,24017.37,Time Exit,9570.499999999993
adx_trend,BUY,2026-04-03 12:51:00.000000,23834.41,23800,ce,13.31,0.5644,-0.4078,0.0108,0.2369,0.75,,CLOSED,2026-04-03 12:57:00.000000,24006.43,Time Exit,8601.000000000022
adx_trend,BUY,2026-04-03 12:52:00.000000,23861.37,23800,ce,13.31,0.5644,-0.4078,0.0108,0.2369,0.75,,CLOSED,2026-04-03 12:58:00.000000,24014.35,Time Exit,7648.999999999978
adx_trend,SELL,2026-04-06 09:15:00.000000,22928.02,22950,pe,10.0,-0.5335,-0.5519,0.0093,0.2014,0.75,,CLOSED,2026-04-06 09:21:00.000000,22963.28,Time Exit,-1762.99999999992
adx_trend,SELL,2026-04-06 09:16:00.000000,22942.89,22950,pe,10.0,-0.5335,-0.5519,0.0093,0.2014,0.75,,CLOSED,2026-04-06 09:22:00.000000,22983.46,Time Exit,-2028.4999999999854
adx_trend,SELL,2026-04-06 09:17:00.000000,22961.54,22950,pe,10.0,-0.5335,-0.5519,0.0093,0.2014,0.75,,CLOSED,2026-04-06 09:23:00.000000,23023.27,Time Exit,-3086.499999999978
adx_trend,SELL,2026-04-06 09:18:00.000000,22973.01,22950,pe,10.0,-0.5335,-0.5519,0.0093,0.2014,0.75,,CLOSED,2026-04-06 09:24:00.000000,22998.96,Time Exit,-1297.5000000000364
adx_trend,SELL,2026-04-06 09:19:00.000000,22944.07,22950,pe,10.0,-0.5335,-0.5519,0.0093,0.2014,0.75,,CLOSED,2026-04-06 09:25:00.000000,22990.94,Time Exit,-2343.499999999949
adx_trend,SELL,2026-04-06 09:20:00.000000,22973.95,22950,pe,10.0,-0.5335,-0.5519,0.0093,0.2014,0.75,,CLOSED,2026-04-06 09:26:00.000000,22996.71,Time Exit,-1137.99999999992
adx_trend,SELL,2026-04-06 09:21:00.000000,22963.28,22950,pe,10.0,-0.5335,-0.5519,0.0093,0.2014,0.75,,CLOSED,2026-04-06 09:27:00.000000,22995.99,Time Exit,-1635.5000000001382
adx_trend,SELL,2026-04-06 09:22:00.000000,22983.46,23000,pe,10.0,-0.5428,-0.3889,0.0096,0.2091,0.75,,CLOSED,2026-04-06 09:28:00.000000,23013.85,Time Exit,-1519.499999999971
adx_trend,SELL,2026-04-06 09:23:00.000000,23023.27,23000,pe,10.0,-0.5428,-0.3889,0.0096,0.2091,0.75,,CLOSED,2026-04-06 09:29:00.000000,23036.66,Time Exit,-669.4999999999709
adx_trend,SELL,2026-04-06 09:24:00.000000,22998.96,23000,pe,10.0,-0.5428,-0.3889,0.0096,0.2091,0.75,,CLOSED,2026-04-06 09:30:00.000000,23023.31,Time Exit,-1217.5000000001091
adx_trend,SELL,2026-04-06 09:25:00.000000,22990.94,23000,pe,10.0,-0.5428,-0.3889,0.0096,0.2091,0.75,,CLOSED,2026-04-06 09:31:00.000000,23010.44,Time Exit,-975.0
adx_trend,SELL,2026-04-06 09:26:00.000000,22996.71,23000,pe,10.0,-0.5428,-0.3889,0.0096,0.2091,0.75,,CLOSED,2026-04-06 09:32:00.000000,22995.06,Time Exit,82.49999999989086
adx_trend,SELL,2026-04-06 09:27:00.000000,22995.99,23000,pe,10.0,-0.5428,-0.3889,0.0096,0.2091,0.75,,CLOSED,2026-04-06 09:33:00.000000,22981.47,Time Exit,726.0000000000218
adx_trend,SELL,2026-04-06 09:28:00.000000,23013.85,23000,pe,10.0,-0.5428,-0.3889,0.0096,0.2091,0.75,,CLOSED,2026-04-06 09:34:00.000000,22981.74,Time Exit,1605.4999999998472
adx_trend,SELL,2026-04-06 09:29:00.000000,23036.66,23050,pe,10.0,-0.4792,-0.5086,0.0117,0.2132,0.75,,CLOSED,2026-04-06 09:35:00.000000,22987.49,Time Exit,2458.4999999999127
adx_trend,SELL,2026-04-06 09:30:00.000000,23023.31,23000,pe,10.0,-0.5428,-0.3889,0.0096,0.2091,0.75,,CLOSED,2026-04-06 09:36:00.000000,23004.28,Time Exit,951.5000000001237
adx_trend,SELL,2026-04-06 09:31:00.000000,23010.44,23000,pe,10.0,-0.5428,-0.3889,0.0096,0.2091,0.75,,CLOSED,2026-04-06 09:37:00.000000,22997.16,Time Exit,663.9999999999418
adx_trend,SELL,2026-04-06 09:32:00.000000,22995.06,23000,pe,10.0,-0.5428,-0.3889,0.0096,0.2091,0.75,,CLOSED,2026-04-06 09:38:00.000000,23006.06,Time Exit,-550.0
adx_trend,SELL,2026-04-06 09:33:00.000000,22981.47,23000,pe,10.0,-0.5428,-0.3889,0.0096,0.2091,0.75,,CLOSED,2026-04-06 09:39:00.000000,23040.81,Time Exit,-2967.0000000000073
adx_trend,SELL,2026-04-06 09:34:00.000000,22981.74,23000,pe,10.0,-0.5428,-0.3889,0.0096,0.2091,0.75,,CLOSED,2026-04-06 09:40:00.000000,23026.71,Time Exit,-2248.4999999998763
adx_trend,SELL,2026-04-06 09:35:00.000000,22987.49,23000,pe,10.0,-0.5428,-0.3889,0.0096,0.2091,0.75,,CLOSED,2026-04-06 09:41:00.000000,23029.11,Time Exit,-2080.999999999949
adx_trend,SELL,2026-04-06 09:36:00.000000,23004.28,23000,pe,10.0,-0.5428,-0.3889,0.0096,0.2091,0.75,,CLOSED,2026-04-06 09:42:00.000000,23029.41,Time Exit,-1256.500000000051
adx_trend,SELL,2026-04-06 09:37:00.000000,22997.16,23000,pe,10.0,-0.5428,-0.3889,0.0096,0.2091,0.75,,CLOSED,2026-04-06 09:43:00.000000,23015.73,Time Exit,-928.4999999999854
adx_trend,SELL,2026-04-06 09:38:00.000000,23006.06,23000,pe,10.0,-0.5428,-0.3889,0.0096,0.2091,0.75,,CLOSED,2026-04-06 09:44:00.000000,23010.76,Time Exit,-234.99999999985448
adx_trend,SELL,2026-04-06 09:39:00.000000,23040.81,23050,pe,10.0,-0.4792,-0.5086,0.0117,0.2132,0.75,,CLOSED,2026-04-06 09:45:00.000000,23032.98,Time Exit,391.5000000000873
adx_trend,SELL,2026-04-06 09:40:00.000000,23026.71,23050,pe,10.0,-0.4792,-0.5086,0.0117,0.2132,0.75,,CLOSED,2026-04-06 09:46:00.000000,23051.85,Time Exit,-1256.999999999971
adx_trend,SELL,2026-04-06 09:41:00.000000,23029.11,23050,pe,10.0,-0.4792,-0.5086,0.0117,0.2132,0.75,,CLOSED,2026-04-06 09:47:00.000000,23066.07,Time Exit,-1847.9999999999563
adx_trend,SELL,2026-04-06 09:42:00.000000,23029.41,23050,pe,10.0,-0.4792,-0.5086,0.0117,0.2132,0.75,,CLOSED,2026-04-06 09:48:00.000000,23087.64,Time Exit,-2911.499999999978
adx_trend,SELL,2026-04-06 09:43:00.000000,23015.73,23000,pe,10.0,-0.5428,-0.3889,0.0096,0.2091,0.75,,CLOSED,2026-04-06 09:49:00.000000,23102.93,Time Exit,-4360.000000000036
adx_trend,SELL,2026-04-06 09:44:00.000000,23010.76,23000,pe,10.0,-0.5428,-0.3889,0.0096,0.2091,0.75,,CLOSED,2026-04-06 09:50:00.000000,23142.96,Time Exit,-6610.000000000036
adx_trend,SELL,2026-04-06 09:45:00.000000,23032.98,23050,pe,10.0,-0.4792,-0.5086,0.0117,0.2132,0.75,,CLOSED,2026-04-06 09:51:00.000000,23124.87,Time Exit,-4594.499999999971
adx_trend,SELL,2026-04-06 09:46:00.000000,23051.85,23050,pe,10.0,-0.4792,-0.5086,0.0117,0.2132,0.75,,CLOSED,2026-04-06 09:52:00.000000,23099.76,Time Exit,-2395.4999999999927
adx_trend,SELL,2026-04-06 09:47:00.000000,23066.07,23050,pe,10.0,-0.4792,-0.5086,0.0117,0.2132,0.75,,CLOSED,2026-04-06 09:53:00.000000,23149.36,Time Exit,-4164.500000000044
adx_trend,SELL,2026-04-06 09:48:00.000000,23087.64,23100,pe,10.0,-0.4436,-0.5271,0.0098,0.1906,0.75,,CLOSED,2026-04-06 09:54:00.000000,23174.66,Time Exit,-4351.000000000022
adx_trend,SELL,2026-04-06 09:49:00.000000,23102.93,23100,pe,10.0,-0.4436,-0.5271,0.0098,0.1906,0.75,,CLOSED,2026-04-06 09:55:00.000000,23162.8,Time Exit,-2993.499999999949
adx_trend,SELL,2026-04-06 09:50:00.000000,23142.96,23150,pe,10.0,-0.4496,-0.5116,0.0107,0.2237,0.75,,CLOSED,2026-04-06 09:56:00.000000,23161.3,Time Exit,-917.0000000000073
adx_trend,SELL,2026-04-06 09:51:00.000000,23124.87,23100,pe,10.0,-0.4436,-0.5271,0.0098,0.1906,0.75,,CLOSED,2026-04-06 09:57:00.000000,23152.05,Time Exit,-1359.0000000000146
adx_trend,SELL,2026-04-06 09:52:00.000000,23099.76,23100,pe,10.0,-0.4436,-0.5271,0.0098,0.1906,0.75,,CLOSED,2026-04-06 09:58:00.000000,23173.97,Time Exit,-3710.5000000001382
adx_trend,SELL,2026-04-06 09:53:00.000000,23149.36,23150,pe,10.0,-0.4496,-0.5116,0.0107,0.2237,0.75,,CLOSED,2026-04-06 09:59:00.000000,23170.97,Time Exit,-1080.500000000029
adx_trend,SELL,2026-04-06 09:54:00.000000,23174.66,23150,pe,10.0,-0.4496,-0.5116,0.0107,0.2237,0.75,,CLOSED,2026-04-06 10:00:00.000000,23193.04,Time Exit,-919.0000000000509
adx_trend,SELL,2026-04-06 09:55:00.000000,23162.8,23150,pe,10.0,-0.4496,-0.5116,0.0107,0.2237,0.75,,CLOSED,2026-04-06 10:01:00.000000,23243.44,Time Exit,-4031.999999999971
adx_trend,SELL,2026-04-06 09:56:00.000000,23161.3,23150,pe,10.0,-0.4496,-0.5116,0.0107,0.2237,0.75,,CLOSED,2026-04-06 10:02:00.000000,23292.65,Time Exit,-6567.500000000109
adx_trend,SELL,2026-04-06 09:57:00.000000,23152.05,23150,pe,10.0,-0.4496,-0.5116,0.0107,0.2237,0.75,,CLOSED,2026-04-06 10:03:00.000000,23284.4,Time Exit,-6617.500000000109
adx_trend,SELL,2026-04-06 09:58:00.000000,23173.97,23150,pe,10.0,-0.4496,-0.5116,0.0107,0.2237,0.75,,CLOSED,2026-04-06 10:04:00.000000,23296.11,Time Exit,-6106.999999999971
adx_trend,SELL,2026-04-06 09:59:00.000000,23170.97,23150,pe,10.0,-0.4496,-0.5116,0.0107,0.2237,0.75,,CLOSED,2026-04-06 10:05:00.000000,23264.13,Time Exit,-4657.999999999993
adx_trend,SELL,2026-04-06 10:00:00.000000,23193.04,23200,pe,10.0,-0.5073,-0.5043,0.0093,0.1853,0.75,,CLOSED,2026-04-06 10:06:00.000000,23283.17,Time Exit,-4506.499999999869
adx_trend,BUY,2026-04-06 10:01:00.000000,23243.44,23250,ce,15.71,0.5149,-0.4232,0.009,0.2097,0.75,,CLOSED,2026-04-06 10:07:00.000000,23305.12,Time Exit,3084.0000000000146
adx_trend,BUY,2026-04-06 10:02:00.000000,23292.65,23300,ce,14.11,0.6207,-0.4682,0.0106,0.1986,0.75,,CLOSED,2026-04-06 10:08:00.000000,23293.4,Time Exit,37.5
adx_trend,BUY,2026-04-06 10:03:00.000000,23284.4,23300,ce,14.11,0.6207,-0.4682,0.0106,0.1986,0.75,,CLOSED,2026-04-06 10:09:00.000000,23311.38,Time Exit,1348.9999999999782
adx_trend,BUY,2026-04-06 10:04:00.000000,23296.11,23300,ce,14.11,0.6207,-0.4682,0.0106,0.1986,0.75,,CLOSED,2026-04-06 10:10:00.000000,23290.08,Time Exit,-301.4999999999418
adx_trend,BUY,2026-04-06 10:05:00.000000,23264.13,23250,ce,15.71,0.5149,-0.4232,0.009,0.2097,0.75,,CLOSED,2026-04-06 10:11:00.000000,23300.21,Time Exit,1803.9999999999054
adx_trend,BUY,2026-04-06 10:06:00.000000,23283.17,23300,ce,14.11,0.6207,-0.4682,0.0106,0.1986,0.75,,CLOSED,2026-04-06 10:12:00.000000,23324.61,Time Exit,2072.0000000001164
adx_trend,BUY,2026-04-06 10:07:00.000000,23305.12,23300,ce,14.11,0.6207,-0.4682,0.0106,0.1986,0.75,,CLOSED,2026-04-06 10:13:00.000000,23309.68,Time Exit,228.00000000006548
adx_trend,BUY,2026-04-06 10:08:00.000000,23293.4,23300,ce,14.11,0.6207,-0.4682,0.0106,0.1986,0.75,,CLOSED,2026-04-06 10:14:00.000000,23301.56,Time Exit,407.9999999999927
adx_trend,BUY,2026-04-06 10:09:00.000000,23311.38,23300,ce,14.11,0.6207,-0.4682,0.0106,0.1986,0.75,,CLOSED,2026-04-06 10:15:00.000000,23306.83,Time Exit,-227.49999999996362
adx_trend,BUY,2026-04-06 10:10:00.000000,23290.08,23300,ce,14.11,0.6207,-0.4682,0.0106,0.1986,0.75,,CLOSED,2026-04-06 10:16:00.000000,23308.46,Time Exit,918.999999999869
adx_trend,BUY,2026-04-06 10:11:00.000000,23300.21,23300,ce,14.11,0.6207,-0.4682,0.0106,0.1986,0.75,,CLOSED,2026-04-06 10:17:00.000000,23306.0,Time Exit,289.50000000004366
adx_trend,BUY,2026-04-06 10:12:00.000000,23324.61,23300,ce,14.11,0.6207,-0.4682,0.0106,0.1986,0.75,,CLOSED,2026-04-06 10:18:00.000000,23328.99,Time Exit,219.00000000005093
adx_trend,BUY,2026-04-06 10:13:00.000000,23309.68,23300,ce,14.11,0.6207,-0.4682,0.0106,0.1986,0.75,,CLOSED,2026-04-06 10:19:00.000000,23358.08,Time Exit,2420.0000000000728
adx_trend,BUY,2026-04-06 10:14:00.000000,23301.56,23300,ce,14.11,0.6207,-0.4682,0.0106,0.1986,0.75,,CLOSED,2026-04-06 10:20:00.000000,23355.52,Time Exit,2697.9999999999563
adx_trend,BUY,2026-04-06 10:15:00.000000,23306.83,23300,ce,14.11,0.6207,-0.4682,0.0106,0.1986,0.75,,CLOSED,2026-04-06 10:21:00.000000,23391.23,Time Exit,4219.999999999891
adx_trend,BUY,2026-04-06 10:16:00.000000,23308.46,23300,ce,14.11,0.6207,-0.4682,0.0106,0.1986,0.75,,CLOSED,2026-04-06 10:22:00.000000,23391.31,Time Exit,4142.500000000109
adx_trend,BUY,2026-04-06 10:17:00.000000,23306.0,23300,ce,14.11,0.6207,-0.4682,0.0106,0.1986,0.75,,CLOSED,2026-04-06 10:23:00.000000,23381.06,Time Exit,3753.0000000000655
adx_trend,BUY,2026-04-06 10:18:00.000000,23328.99,23350,ce,14.16,0.5057,-0.497,0.0099,0.1943,0.75,,CLOSED,2026-04-06 10:24:00.000000,23383.19,Time Exit,2709.9999999998545
adx_trend,BUY,2026-04-06 10:19:00.000000,23358.08,23350,ce,14.16,0.5057,-0.497,0.0099,0.1943,0.75,,CLOSED,2026-04-06 10:25:00.000000,23392.1,Time Exit,1700.99999999984
adx_trend,BUY,2026-04-06 10:20:00.000000,23355.52,23350,ce,14.16,0.5057,-0.497,0.0099,0.1943,0.75,,CLOSED,2026-04-06 10:26:00.000000,23378.37,Time Exit,1142.4999999999272
adx_trend,BUY,2026-04-06 10:21:00.000000,23391.23,23400,ce,9.0,0.4362,-0.4861,0.0101,0.176,0.75,,CLOSED,2026-04-06 10:27:00.000000,23353.26,Time Exit,-1898.5000000000582
adx_trend,BUY,2026-04-06 10:22:00.000000,23391.31,23400,ce,9.0,0.4362,-0.4861,0.0101,0.176,0.75,,CLOSED,2026-04-06 10:28:00.000000,23316.39,Time Exit,-3746.0000000000946
adx_trend,BUY,2026-04-06 10:23:00.000000,23381.06,23400,ce,9.0,0.4362,-0.4861,0.0101,0.176,0.75,,CLOSED,2026-04-06 10:29:00.000000,23296.47,Time Exit,-4229.500000000007
adx_trend,BUY,2026-04-06 10:24:00.000000,23383.19,23400,ce,9.0,0.4362,-0.4861,0.0101,0.176,0.75,,CLOSED,2026-04-06 10:30:00.000000,23314.68,Time Exit,-3425.49999999992
adx_trend,BUY,2026-04-06 10:25:00.000000,23392.1,23400,ce,9.0,0.4362,-0.4861,0.0101,0.176,0.75,,CLOSED,2026-04-06 10:31:00.000000,23305.05,Time Exit,-4352.499999999964
adx_trend,BUY,2026-04-06 10:26:00.000000,23378.37,23400,ce,9.0,0.4362,-0.4861,0.0101,0.176,0.75,,CLOSED,2026-04-06 10:32:00.000000,23339.47,Time Exit,-1944.9999999998909
adx_trend,BUY,2026-04-06 10:27:00.000000,23353.26,23350,ce,14.16,0.5057,-0.497,0.0099,0.1943,0.75,,CLOSED,2026-04-06 10:33:00.000000,23337.24,Time Exit,-800.9999999998399
adx_trend,BUY,2026-04-06 10:28:00.000000,23316.39,23300,ce,14.11,0.6207,-0.4682,0.0106,0.1986,0.75,,CLOSED,2026-04-06 10:34:00.000000,23342.58,Time Exit,1309.5000000001164
adx_trend,BUY,2026-04-06 10:29:00.000000,23296.47,23300,ce,14.11,0.6207,-0.4682,0.0106,0.1986,0.75,,CLOSED,2026-04-06 10:35:00.000000,23349.06,Time Exit,2629.5000000000073
adx_trend,BUY,2026-04-06 10:30:00.000000,23314.68,23300,ce,14.11,0.6207,-0.4682,0.0106,0.1986,0.75,,CLOSED,2026-04-06 10:36:00.000000,23318.77,Time Exit,204.50000000000728
adx_trend,BUY,2026-04-06 10:31:00.000000,23305.05,23300,ce,14.11,0.6207,-0.4682,0.0106,0.1986,0.75,,CLOSED,2026-04-06 10:37:00.000000,23317.04,Time Exit,599.50000000008
adx_trend,BUY,2026-04-06 10:32:00.000000,23339.47,23350,ce,14.16,0.5057,-0.497,0.0099,0.1943,0.75,,CLOSED,2026-04-06 10:38:00.000000,23310.64,Time Exit,-1441.5000000000873
adx_trend,BUY,2026-04-06 10:33:00.000000,23337.24,23350,ce,14.16,0.5057,-0.497,0.0099,0.1943,0.75,,CLOSED,2026-04-06 10:39:00.000000,23319.84,Time Exit,-870.0000000000728
adx_trend,BUY,2026-04-06 10:34:00.000000,23342.58,23350,ce,14.16,0.5057,-0.497,0.0099,0.1943,0.75,,CLOSED,2026-04-06 10:40:00.000000,23299.75,Time Exit,-2141.5000000000873
adx_trend,BUY,2026-04-06 10:35:00.000000,23349.06,23350,ce,14.16,0.5057,-0.497,0.0099,0.1943,0.75,,CLOSED,2026-04-06 10:41:00.000000,23305.25,Time Exit,-2190.5000000000655
adx_trend,BUY,2026-04-06 10:36:00.000000,23318.77,23300,ce,14.11,0.6207,-0.4682,0.0106,0.1986,0.75,,CLOSED,2026-04-06 10:42:00.000000,23327.99,Time Exit,461.0000000000582
adx_trend,BUY,2026-04-06 10:37:00.000000,23317.04,23300,ce,14.11,0.6207,-0.4682,0.0106,0.1986,0.75,,CLOSED,2026-04-06 10:43:00.000000,23340.88,Time Exit,1192.0000000000073
adx_trend,BUY,2026-04-06 10:38:00.000000,23310.64,23300,ce,14.11,0.6207,-0.4682,0.0106,0.1986,0.75,,CLOSED,2026-04-06 10:44:00.000000,23376.43,Time Exit,3289.5000000000437
adx_trend,BUY,2026-04-06 10:39:00.000000,23319.84,23300,ce,14.11,0.6207,-0.4682,0.0106,0.1986,0.75,,CLOSED,2026-04-06 10:45:00.000000,23383.74,Time Exit,3195.0000000000728
adx_trend,BUY,2026-04-06 10:40:00.000000,23299.75,23300,ce,14.11,0.6207,-0.4682,0.0106,0.1986,0.75,,CLOSED,2026-04-06 10:46:00.000000,23375.56,Time Exit,3790.5000000000655
adx_trend,BUY,2026-04-06 10:41:00.000000,23305.25,23300,ce,14.11,0.6207,-0.4682,0.0106,0.1986,0.75,,CLOSED,2026-04-06 10:47:00.000000,23375.83,Time Exit,3529.0000000000873
adx_trend,BUY,2026-04-06 10:42:00.000000,23327.99,23350,ce,14.16,0.5057,-0.497,0.0099,0.1943,0.75,,CLOSED,2026-04-06 10:48:00.000000,23369.4,Time Exit,2070.4999999999927
adx_trend,BUY,2026-04-06 10:43:00.000000,23340.88,23350,ce,14.16,0.5057,-0.497,0.0099,0.1943,0.75,,CLOSED,2026-04-06 10:49:00.000000,23359.04,Time Exit,907.9999999999927
adx_trend,BUY,2026-04-06 10:44:00.000000,23376.43,23400,ce,9.0,0.4362,-0.4861,0.0101,0.176,0.75,,CLOSED,2026-04-06 10:50:00.000000,23341.04,Time Exit,-1769.499999999971
adx_trend,BUY,2026-04-06 10:45:00.000000,23383.74,23400,ce,9.0,0.4362,-0.4861,0.0101,0.176,0.75,,CLOSED,2026-04-06 10:51:00.000000,23349.99,Time Exit,-1687.5
adx_trend,BUY,2026-04-06 10:46:00.000000,23375.56,23400,ce,9.0,0.4362,-0.4861,0.0101,0.176,0.75,,CLOSED,2026-04-06 10:52:00.000000,23330.64,Time Exit,-2246.0000000000946
adx_trend,BUY,2026-04-06 10:47:00.000000,23375.83,23400,ce,9.0,0.4362,-0.4861,0.0101,0.176,0.75,,CLOSED,2026-04-06 10:53:00.000000,23347.2,Time Exit,-1431.500000000051
adx_trend,BUY,2026-04-06 10:48:00.000000,23369.4,23350,ce,14.16,0.5057,-0.497,0.0099,0.1943,0.75,,CLOSED,2026-04-06 10:54:00.000000,23364.9,Time Exit,-225.0
adx_trend,BUY,2026-04-06 10:49:00.000000,23359.04,23350,ce,14.16,0.5057,-0.497,0.0099,0.1943,0.75,,CLOSED,2026-04-06 10:55:00.000000,23364.02,Time Exit,248.99999999997817
adx_trend,BUY,2026-04-06 10:50:00.000000,23341.04,23350,ce,14.16,0.5057,-0.497,0.0099,0.1943,0.75,,CLOSED,2026-04-06 10:56:00.000000,23370.03,Time Exit,1449.4999999998981
adx_trend,BUY,2026-04-06 10:51:00.000000,23349.99,23350,ce,14.16,0.5057,-0.497,0.0099,0.1943,0.75,,CLOSED,2026-04-06 10:57:00.000000,23375.05,Time Exit,1252.9999999998836
adx_trend,BUY,2026-04-06 10:52:00.000000,23330.64,23350,ce,14.16,0.5057,-0.497,0.0099,0.1943,0.75,,CLOSED,2026-04-06 10:58:00.000000,23385.44,Time Exit,2739.9999999999636
adx_trend,BUY,2026-04-06 10:53:00.000000,23347.2,23350,ce,14.16,0.5057,-0.497,0.0099,0.1943,0.75,,CLOSED,2026-04-06 10:59:00.000000,23393.21,Time Exit,2300.49999999992
adx_trend,BUY,2026-04-06 10:54:00.000000,23364.9,23350,ce,14.16,0.5057,-0.497,0.0099,0.1943,0.75,,CLOSED,2026-04-06 11:00:00.000000,23412.81,Time Exit,2395.4999999999927
adx_trend,BUY,2026-04-06 10:55:00.000000,23364.02,23350,ce,14.16,0.5057,-0.497,0.0099,0.1943,0.75,,CLOSED,2026-04-06 11:01:00.000000,23439.96,Time Exit,3796.9999999999345
adx_trend,BUY,2026-04-06 10:56:00.000000,23370.03,23350,ce,14.16,0.5057,-0.497,0.0099,0.1943,0.75,,CLOSED,2026-04-06 11:02:00.000000,23448.17,Time Exit,3906.999999999971
adx_trend,BUY,2026-04-06 10:57:00.000000,23375.05,23400,ce,9.0,0.4362,-0.4861,0.0101,0.176,0.75,,CLOSED,2026-04-06 11:03:00.000000,23486.97,Time Exit,5596.000000000095
adx_trend,BUY,2026-04-06 10:58:00.000000,23385.44,23400,ce,9.0,0.4362,-0.4861,0.0101,0.176,0.75,,CLOSED,2026-04-06 11:04:00.000000,23464.51,Time Exit,3953.4999999999854
adx_trend,BUY,2026-04-06 10:59:00.000000,23393.21,23400,ce,9.0,0.4362,-0.4861,0.0101,0.176,0.75,,CLOSED,2026-04-06 11:05:00.000000,23432.08,Time Exit,1943.500000000131
adx_trend,BUY,2026-04-06 11:00:00.000000,23412.81,23400,ce,9.0,0.4362,-0.4861,0.0101,0.176,0.75,,CLOSED,2026-04-06 11:06:00.000000,23459.67,Time Exit,2342.999999999847
adx_trend,BUY,2026-04-06 11:01:00.000000,23439.96,23450,ce,6.26,0.5093,-0.4908,0.0115,0.1963,0.75,,CLOSED,2026-04-06 11:07:00.000000,23478.99,Time Exit,1951.5000000001237
adx_trend,BUY,2026-04-06 11:02:00.000000,23448.17,23450,ce,6.26,0.5093,-0.4908,0.0115,0.1963,0.75,,CLOSED,2026-04-06 11:08:00.000000,23480.09,Time Exit,1596.0000000000946
adx_trend,BUY,2026-04-06 11:03:00.000000,23486.97,23500,ce,5.0,0.4449,-0.5647,0.0115,0.2303,0.75,,CLOSED,2026-04-06 11:09:00.000000,23487.15,Time Exit,9.000000000014552
adx_trend,BUY,2026-04-06 11:04:00.000000,23464.51,23450,ce,6.26,0.5093,-0.4908,0.0115,0.1963,0.75,,CLOSED,2026-04-06 11:10:00.000000,23481.52,Time Exit,850.5000000001019
adx_trend,BUY,2026-04-06 11:05:00.000000,23432.08,23450,ce,6.26,0.5093,-0.4908,0.0115,0.1963,0.75,,CLOSED,2026-04-06 11:11:00.000000,23470.09,Time Exit,1900.49999999992
adx_trend,BUY,2026-04-06 11:06:00.000000,23459.67,23450,ce,6.26,0.5093,-0.4908,0.0115,0.1963,0.75,,CLOSED,2026-04-06 11:12:00.000000,23481.15,Time Exit,1074.00000000016
adx_trend,BUY,2026-04-06 11:07:00.000000,23478.99,23500,ce,5.0,0.4449,-0.5647,0.0115,0.2303,0.75,,CLOSED,2026-04-06 11:13:00.000000,23497.53,Time Exit,926.9999999998618
adx_trend,BUY,2026-04-06 11:08:00.000000,23480.09,23500,ce,5.0,0.4449,-0.5647,0.0115,0.2303,0.75,,CLOSED,2026-04-06 11:14:00.000000,23479.12,Time Exit,-48.50000000005821
adx_trend,BUY,2026-04-06 11:09:00.000000,23487.15,23500,ce,5.0,0.4449,-0.5647,0.0115,0.2303,0.75,,CLOSED,2026-04-06 11:15:00.000000,23458.13,Time Exit,-1451.0000000000218
adx_trend,BUY,2026-04-06 11:10:00.000000,23481.52,23500,ce,5.0,0.4449,-0.5647,0.0115,0.2303,0.75,,CLOSED,2026-04-06 11:16:00.000000,23424.0,Time Exit,-2876.000000000022
adx_trend,BUY,2026-04-06 11:11:00.000000,23470.09,23450,ce,6.26,0.5093,-0.4908,0.0115,0.1963,0.75,,CLOSED,2026-04-06 11:17:00.000000,23477.75,Time Exit,382.9999999999927
adx_trend,BUY,2026-04-06 11:12:00.000000,23481.15,23500,ce,5.0,0.4449,-0.5647,0.0115,0.2303,0.75,,CLOSED,2026-04-06 11:18:00.000000,23486.29,Time Exit,256.9999999999709
adx_trend,BUY,2026-04-06 11:13:00.000000,23497.53,23500,ce,5.0,0.4449,-0.5647,0.0115,0.2303,0.75,,CLOSED,2026-04-06 11:19:00.000000,23467.02,Time Exit,-1525.49999999992
adx_trend,BUY,2026-04-06 11:14:00.000000,23479.12,23500,ce,5.0,0.4449,-0.5647,0.0115,0.2303,0.75,,CLOSED,2026-04-06 11:20:00.000000,23464.11,Time Exit,-750.49999999992
adx_trend,BUY,2026-04-06 11:15:00.000000,23458.13,23450,ce,6.26,0.5093,-0.4908,0.0115,0.1963,0.75,,CLOSED,2026-04-06 11:21:00.000000,23449.52,Time Exit,-430.5000000000291
adx_trend,BUY,2026-04-06 11:16:00.000000,23424.0,23400,ce,9.0,0.4362,-0.4861,0.0101,0.176,0.75,,CLOSED,2026-04-06 11:22:00.000000,23451.07,Time Exit,1353.4999999999854
adx_trend,BUY,2026-04-06 11:17:00.000000,23477.75,23500,ce,5.0,0.4449,-0.5647,0.0115,0.2303,0.75,,CLOSED,2026-04-06 11:23:00.000000,23454.61,Time Exit,-1156.999999999971
adx_trend,BUY,2026-04-06 11:18:00.000000,23486.29,23500,ce,5.0,0.4449,-0.5647,0.0115,0.2303,0.75,,CLOSED,2026-04-06 11:24:00.000000,23445.12,Time Exit,-2058.5000000000946
adx_trend,BUY,2026-04-06 11:19:00.000000,23467.02,23450,ce,6.26,0.5093,-0.4908,0.0115,0.1963,0.75,,CLOSED,2026-04-06 11:25:00.000000,23487.65,Time Exit,1031.500000000051
adx_trend,BUY,2026-04-06 11:20:00.000000,23464.11,23450,ce,6.26,0.5093,-0.4908,0.0115,0.1963,0.75,,CLOSED,2026-04-06 11:26:00.000000,23511.42,Time Exit,2365.4999999998836
adx_trend,BUY,2026-04-06 11:21:00.000000,23449.52,23450,ce,6.26,0.5093,-0.4908,0.0115,0.1963,0.75,,CLOSED,2026-04-06 11:27:00.000000,23498.51,Time Exit,2449.499999999898
adx_trend,BUY,2026-04-06 11:22:00.000000,23451.07,23450,ce,6.26,0.5093,-0.4908,0.0115,0.1963,0.75,,CLOSED,2026-04-06 11:28:00.000000,23502.13,Time Exit,2553.0000000000655
adx_trend,BUY,2026-04-06 11:23:00.000000,23454.61,23450,ce,6.26,0.5093,-0.4908,0.0115,0.1963,0.75,,CLOSED,2026-04-06 11:29:00.000000,23530.93,Time Exit,3815.9999999999854
adx_trend,BUY,2026-04-06 11:24:00.000000,23445.12,23450,ce,6.26,0.5093,-0.4908,0.0115,0.1963,0.75,,CLOSED,2026-04-06 11:30:00.000000,23535.87,Time Exit,4537.5
adx_trend,BUY,2026-04-06 11:25:00.000000,23487.65,23500,ce,5.0,0.4449,-0.5647,0.0115,0.2303,0.75,,CLOSED,2026-04-06 11:31:00.000000,23550.15,Time Exit,3125.0
adx_trend,BUY,2026-04-06 11:26:00.000000,23511.42,23500,ce,5.0,0.4449,-0.5647,0.0115,0.2303,0.75,,CLOSED,2026-04-06 11:32:00.000000,23554.48,Time Exit,2153.0000000000655
adx_trend,BUY,2026-04-06 11:27:00.000000,23498.51,23500,ce,5.0,0.4449,-0.5647,0.0115,0.2303,0.75,,CLOSED,2026-04-06 11:33:00.000000,23556.81,Time Exit,2915.0000000001455
adx_trend,BUY,2026-04-06 11:28:00.000000,23502.13,23500,ce,5.0,0.4449,-0.5647,0.0115,0.2303,0.75,,CLOSED,2026-04-06 11:34:00.000000,23551.26,Time Exit,2456.499999999869
adx_trend,BUY,2026-04-06 11:29:00.000000,23530.93,23550,ce,5.0,0.5088,-0.5384,0.0091,0.2329,0.75,,CLOSED,2026-04-06 11:35:00.000000,23509.98,Time Exit,-1047.5000000000364
adx_trend,BUY,2026-04-06 11:30:00.000000,23535.87,23550,ce,5.0,0.5088,-0.5384,0.0091,0.2329,0.75,,CLOSED,2026-04-06 11:36:00.000000,23516.77,Time Exit,-954.9999999999272
adx_trend,BUY,2026-04-06 11:31:00.000000,23550.15,23550,ce,5.0,0.5088,-0.5384,0.0091,0.2329,0.75,,CLOSED,2026-04-06 11:37:00.000000,23496.05,Time Exit,-2705.000000000109
adx_trend,BUY,2026-04-06 11:32:00.000000,23554.48,23550,ce,5.0,0.5088,-0.5384,0.0091,0.2329,0.75,,CLOSED,2026-04-06 11:38:00.000000,23496.46,Time Exit,-2901.000000000022
adx_trend,BUY,2026-04-06 11:33:00.000000,23556.81,23550,ce,5.0,0.5088,-0.5384,0.0091,0.2329,0.75,,CLOSED,2026-04-06 11:39:00.000000,23513.32,Time Exit,-2174.50000000008
adx_trend,BUY,2026-04-06 11:34:00.000000,23551.26,23550,ce,5.0,0.5088,-0.5384,0.0091,0.2329,0.75,,CLOSED,2026-04-06 11:40:00.000000,23479.07,Time Exit,-3609.4999999999345
adx_trend,BUY,2026-04-06 11:35:00.000000,23509.98,23500,ce,5.0,0.4449,-0.5647,0.0115,0.2303,0.75,,CLOSED,2026-04-06 11:41:00.000000,23489.5,Time Exit,-1023.9999999999782
adx_trend,BUY,2026-04-06 11:36:00.000000,23516.77,23500,ce,5.0,0.4449,-0.5647,0.0115,0.2303,0.75,,CLOSED,2026-04-06 11:42:00.000000,23454.18,Time Exit,-3129.5000000000073
adx_trend,BUY,2026-04-06 11:37:00.000000,23496.05,23500,ce,5.0,0.4449,-0.5647,0.0115,0.2303,0.75,,CLOSED,2026-04-06 11:43:00.000000,23458.27,Time Exit,-1888.9999999999418
adx_trend,BUY,2026-04-06 11:38:00.000000,23496.46,23500,ce,5.0,0.4449,-0.5647,0.0115,0.2303,0.75,,CLOSED,2026-04-06 11:44:00.000000,23468.64,Time Exit,-1390.9999999999854
adx_trend,BUY,2026-04-06 11:39:00.000000,23513.32,23500,ce,5.0,0.4449,-0.5647,0.0115,0.2303,0.75,,CLOSED,2026-04-06 11:45:00.000000,23473.29,Time Exit,-2001.4999999999418
adx_trend,BUY,2026-04-06 11:40:00.000000,23479.07,23500,ce,5.0,0.4449,-0.5647,0.0115,0.2303,0.75,,CLOSED,2026-04-06 11:46:00.000000,23471.13,Time Exit,-396.9999999999345
adx_trend,BUY,2026-04-06 11:41:00.000000,23489.5,23500,ce,5.0,0.4449,-0.5647,0.0115,0.2303,0.75,,CLOSED,2026-04-06 11:47:00.000000,23469.25,Time Exit,-1012.5
adx_trend,BUY,2026-04-06 11:42:00.000000,23454.18,23450,ce,6.26,0.5093,-0.4908,0.0115,0.1963,0.75,,CLOSED,2026-04-06 11:48:00.000000,23461.62,Time Exit,371.9999999999345
adx_trend,BUY,2026-04-06 11:43:00.000000,23458.27,23450,ce,6.26,0.5093,-0.4908,0.0115,0.1963,0.75,,CLOSED,2026-04-06 11:49:00.000000,23443.75,Time Exit,-726.0000000000218
adx_trend,BUY,2026-04-06 11:44:00.000000,23468.64,23450,ce,6.26,0.5093,-0.4908,0.0115,0.1963,0.75,,CLOSED,2026-04-06 11:50:00.000000,23436.94,Time Exit,-1585.0000000000364
adx_trend,BUY,2026-04-06 11:45:00.000000,23473.29,23450,ce,6.26,0.5093,-0.4908,0.0115,0.1963,0.75,,CLOSED,2026-04-06 11:51:00.000000,23423.52,Time Exit,-2488.500000000022
adx_trend,BUY,2026-04-06 11:46:00.000000,23471.13,23450,ce,6.26,0.5093,-0.4908,0.0115,0.1963,0.75,,CLOSED,2026-04-06 11:52:00.000000,23429.78,Time Exit,-2067.500000000109
adx_trend,SELL,2026-04-06 11:47:00.000000,23469.25,23450,pe,12.11,-0.5202,-0.4949,0.0115,0.1963,0.75,,CLOSED,2026-04-06 11:53:00.000000,23397.02,Time Exit,3611.499999999978
adx_trend,SELL,2026-04-06 11:48:00.000000,23461.62,23450,pe,12.11,-0.5202,-0.4949,0.0115,0.1963,0.75,,CLOSED,2026-04-06 11:54:00.000000,23443.68,Time Exit,896.9999999999345
adx_trend,SELL,2026-04-06 11:49:00.000000,23443.75,23450,pe,12.11,-0.5202,-0.4949,0.0115,0.1963,0.75,,CLOSED,2026-04-06 11:55:00.000000,23451.16,Time Exit,-370.4999999999927
adx_trend,SELL,2026-04-06 11:50:00.000000,23436.94,23450,pe,12.11,-0.5202,-0.4949,0.0115,0.1963,0.75,,CLOSED,2026-04-06 11:56:00.000000,23427.06,Time Exit,493.99999999986903
adx_trend,SELL,2026-04-06 11:51:00.000000,23423.52,23400,pe,18.67,-0.5113,-0.5347,0.0101,0.176,0.75,,CLOSED,2026-04-06 11:57:00.000000,23447.87,Time Exit,-1217.4999999999272
adx_trend,SELL,2026-04-06 11:52:00.000000,23429.78,23450,pe,12.11,-0.5202,-0.4949,0.0115,0.1963,0.75,,CLOSED,2026-04-06 11:58:00.000000,23463.23,Time Exit,-1672.5000000000364
adx_trend,SELL,2026-04-06 11:53:00.000000,23397.02,23400,pe,18.67,-0.5113,-0.5347,0.0101,0.176,0.75,,CLOSED,2026-04-06 11:59:00.000000,23470.92,Time Exit,-3694.999999999891
adx_trend,SELL,2026-04-06 11:54:00.000000,23443.68,23450,pe,12.11,-0.5202,-0.4949,0.0115,0.1963,0.75,,CLOSED,2026-04-06 12:00:00.000000,23473.48,Time Exit,-1489.9999999999636
adx_trend,SELL,2026-04-06 11:55:00.000000,23451.16,23450,pe,12.11,-0.5202,-0.4949,0.0115,0.1963,0.75,,CLOSED,2026-04-06 12:01:00.000000,23467.18,Time Exit,-801.0000000000218
adx_trend,SELL,2026-04-06 11:56:00.000000,23427.06,23450,pe,12.11,-0.5202,-0.4949,0.0115,0.1963,0.75,,CLOSED,2026-04-06 12:02:00.000000,23440.0,Time Exit,-646.9999999999345
adx_trend,SELL,2026-04-06 11:57:00.000000,23447.87,23450,pe,12.11,-0.5202,-0.4949,0.0115,0.1963,0.75,,CLOSED,2026-04-06 12:03:00.000000,23429.66,Time Exit,910.4999999999563
adx_trend,SELL,2026-04-06 11:58:00.000000,23463.23,23450,pe,12.11,-0.5202,-0.4949,0.0115,0.1963,0.75,,CLOSED,2026-04-06 12:04:00.000000,23473.54,Time Exit,-515.5000000000655
adx_trend,SELL,2026-04-06 11:59:00.000000,23470.92,23450,pe,12.11,-0.5202,-0.4949,0.0115,0.1963,0.75,,CLOSED,2026-04-06 12:05:00.000000,23496.01,Time Exit,-1254.5000000000073
adx_trend,SELL,2026-04-06 12:00:00.000000,23473.48,23450,pe,12.11,-0.5202,-0.4949,0.0115,0.1963,0.75,,CLOSED,2026-04-06 12:06:00.000000,23496.58,Time Exit,-1155.0000000001091
adx_trend,SELL,2026-04-06 12:01:00.000000,23467.18,23450,pe,12.11,-0.5202,-0.4949,0.0115,0.1963,0.75,,CLOSED,2026-04-06 12:07:00.000000,23511.92,Time Exit,-2236.999999999898
adx_trend,SELL,2026-04-06 12:02:00.000000,23440.0,23450,pe,12.11,-0.5202,-0.4949,0.0115,0.1963,0.75,,CLOSED,2026-04-06 12:08:00.000000,23529.72,Time Exit,-4486.000000000058
adx_trend,SELL,2026-04-06 12:03:00.000000,23429.66,23450,pe,12.11,-0.5202,-0.4949,0.0115,0.1963,0.75,,CLOSED,2026-04-06 12:09:00.000000,23549.03,Time Exit,-5968.499999999949
adx_trend,SELL,2026-04-06 12:04:00.000000,23473.54,23450,pe,12.11,-0.5202,-0.4949,0.0115,0.1963,0.75,,CLOSED,2026-04-06 12:10:00.000000,23563.75,Time Exit,-4510.499999999956
adx_trend,SELL,2026-04-06 12:05:00.000000,23496.01,23500,pe,25.12,-0.4779,-0.4749,0.0115,0.2303,0.75,,CLOSED,2026-04-06 12:11:00.000000,23555.01,Time Exit,-2950.0
adx_trend,SELL,2026-04-06 12:06:00.000000,23496.58,23500,pe,25.12,-0.4779,-0.4749,0.0115,0.2303,0.75,,CLOSED,2026-04-06 12:12:00.000000,23536.98,Time Exit,-2019.9999999998909
adx_trend,SELL,2026-04-06 12:07:00.000000,23511.92,23500,pe,25.12,-0.4779,-0.4749,0.0115,0.2303,0.75,,CLOSED,2026-04-06 12:13:00.000000,23525.44,Time Exit,-676.0000000000218
adx_trend,BUY,2026-04-06 12:08:00.000000,23529.72,23550,ce,5.0,0.5088,-0.5384,0.0091,0.2329,0.75,,CLOSED,2026-04-06 12:14:00.000000,23523.25,Time Exit,-323.5000000000582
adx_trend,BUY,2026-04-06 12:09:00.000000,23549.03,23550,ce,5.0,0.5088,-0.5384,0.0091,0.2329,0.75,,CLOSED,2026-04-06 12:15:00.000000,23516.7,Time Exit,-1616.4999999999054
adx_trend,BUY,2026-04-06 12:10:00.000000,23563.75,23550,ce,5.0,0.5088,-0.5384,0.0091,0.2329,0.75,,CLOSED,2026-04-06 12:16:00.000000,23539.06,Time Exit,-1234.4999999999345
adx_trend,BUY,2026-04-06 12:11:00.000000,23555.01,23550,ce,5.0,0.5088,-0.5384,0.0091,0.2329,0.75,,CLOSED,2026-04-06 12:17:00.000000,23544.27,Time Exit,-536.9999999998981
adx_trend,BUY,2026-04-06 12:12:00.000000,23536.98,23550,ce,5.0,0.5088,-0.5384,0.0091,0.2329,0.75,,CLOSED,2026-04-06 12:18:00.000000,23543.61,Time Exit,331.50000000005093
adx_trend,BUY,2026-04-06 12:13:00.000000,23525.44,23550,ce,5.0,0.5088,-0.5384,0.0091,0.2329,0.75,,CLOSED,2026-04-06 12:19:00.000000,23549.29,Time Exit,1192.5000000001091
adx_trend,BUY,2026-04-06 12:14:00.000000,23523.25,23500,ce,5.0,0.4449,-0.5647,0.0115,0.2303,0.75,,CLOSED,2026-04-06 12:20:00.000000,23561.3,Time Exit,1902.4999999999636
adx_trend,BUY,2026-04-06 12:15:00.000000,23516.7,23500,ce,5.0,0.4449,-0.5647,0.0115,0.2303,0.75,,CLOSED,2026-04-06 12:21:00.000000,23570.88,Time Exit,2709.0000000000146
adx_trend,BUY,2026-04-06 12:16:00.000000,23539.06,23550,ce,5.0,0.5088,-0.5384,0.0091,0.2329,0.75,,CLOSED,2026-04-06 12:22:00.000000,23565.39,Time Exit,1316.4999999999054
adx_trend,BUY,2026-04-06 12:17:00.000000,23544.27,23550,ce,5.0,0.5088,-0.5384,0.0091,0.2329,0.75,,CLOSED,2026-04-06 12:23:00.000000,23551.12,Time Exit,342.49999999992724
adx_trend,BUY,2026-04-06 12:18:00.000000,23543.61,23550,ce,5.0,0.5088,-0.5384,0.0091,0.2329,0.75,,CLOSED,2026-04-06 12:24:00.000000,23552.46,Time Exit,442.49999999992724
adx_trend,BUY,2026-04-06 12:19:00.000000,23549.29,23550,ce,5.0,0.5088,-0.5384,0.0091,0.2329,0.75,,CLOSED,2026-04-06 12:25:00.000000,23535.83,Time Exit,-672.9999999999563
adx_trend,BUY,2026-04-06 12:20:00.000000,23561.3,23550,ce,5.0,0.5088,-0.5384,0.0091,0.2329,0.75,,CLOSED,2026-04-06 12:26:00.000000,23554.35,Time Exit,-347.5000000000364
adx_trend,BUY,2026-04-06 12:21:00.000000,23570.88,23550,ce,5.0,0.5088,-0.5384,0.0091,0.2329,0.75,,CLOSED,2026-04-06 12:27:00.000000,23539.1,Time Exit,-1589.0000000001237
adx_trend,BUY,2026-04-06 12:22:00.000000,23565.39,23550,ce,5.0,0.5088,-0.5384,0.0091,0.2329,0.75,,CLOSED,2026-04-06 12:28:00.000000,23569.73,Time Exit,217.00000000000728
adx_trend,BUY,2026-04-06 12:23:00.000000,23551.12,23550,ce,5.0,0.5088,-0.5384,0.0091,0.2329,0.75,,CLOSED,2026-04-06 12:29:00.000000,23540.33,Time Exit,-539.4999999998618
adx_trend,BUY,2026-04-06 12:24:00.000000,23552.46,23550,ce,5.0,0.5088,-0.5384,0.0091,0.2329,0.75,,CLOSED,2026-04-06 12:30:00.000000,23527.51,Time Exit,-1247.5000000000364
adx_trend,BUY,2026-04-06 12:25:00.000000,23535.83,23550,ce,5.0,0.5088,-0.5384,0.0091,0.2329,0.75,,CLOSED,2026-04-06 12:31:00.000000,23522.59,Time Exit,-662.00000000008
adx_trend,BUY,2026-04-06 12:26:00.000000,23554.35,23550,ce,5.0,0.5088,-0.5384,0.0091,0.2329,0.75,,CLOSED,2026-04-06 12:32:00.000000,23549.67,Time Exit,-234.00000000001455
adx_trend,BUY,2026-04-06 12:27:00.000000,23539.1,23550,ce,5.0,0.5088,-0.5384,0.0091,0.2329,0.75,,CLOSED,2026-04-06 12:33:00.000000,23542.5,Time Exit,170.00000000007276
adx_trend,BUY,2026-04-06 12:28:00.000000,23569.73,23550,ce,5.0,0.5088,-0.5384,0.0091,0.2329,0.75,,CLOSED,2026-04-06 12:34:00.000000,23555.65,Time Exit,-703.9999999999054
adx_trend,BUY,2026-04-06 12:29:00.000000,23540.33,23550,ce,5.0,0.5088,-0.5384,0.0091,0.2329,0.75,,CLOSED,2026-04-06 12:35:00.000000,23542.22,Time Exit,94.4999999999709
adx_trend,BUY,2026-04-06 12:30:00.000000,23527.51,23550,ce,5.0,0.5088,-0.5384,0.0091,0.2329,0.75,,CLOSED,2026-04-06 12:36:00.000000,23534.6,Time Exit,354.5000000000073
adx_trend,BUY,2026-04-06 12:31:00.000000,23522.59,23500,ce,5.0,0.4449,-0.5647,0.0115,0.2303,0.75,,CLOSED,2026-04-06 12:37:00.000000,23518.42,Time Exit,-208.5000000000946
adx_trend,BUY,2026-04-06 12:32:00.000000,23549.67,23550,ce,5.0,0.5088,-0.5384,0.0091,0.2329,0.75,,CLOSED,2026-04-06 12:38:00.000000,23525.32,Time Exit,-1217.4999999999272
adx_trend,BUY,2026-04-06 12:33:00.000000,23542.5,23550,ce,5.0,0.5088,-0.5384,0.0091,0.2329,0.75,,CLOSED,2026-04-06 12:39:00.000000,23525.55,Time Exit,-847.5000000000364
adx_trend,BUY,2026-04-06 12:34:00.000000,23555.65,23550,ce,5.0,0.5088,-0.5384,0.0091,0.2329,0.75,,CLOSED,2026-04-06 12:40:00.000000,23532.18,Time Exit,-1173.5000000000582
adx_trend,BUY,2026-04-06 12:35:00.000000,23542.22,23550,ce,5.0,0.5088,-0.5384,0.0091,0.2329,0.75,,CLOSED,2026-04-06 12:41:00.000000,23559.46,Time Exit,861.9999999998981
adx_trend,BUY,2026-04-06 12:36:00.000000,23534.6,23550,ce,5.0,0.5088,-0.5384,0.0091,0.2329,0.75,,CLOSED,2026-04-06 12:42:00.000000,23567.83,Time Exit,1661.50000000016
adx_trend,BUY,2026-04-06 12:37:00.000000,23518.42,23500,ce,5.0,0.4449,-0.5647,0.0115,0.2303,0.75,,CLOSED,2026-04-06 12:43:00.000000,23604.94,Time Exit,4326.000000000022
adx_trend,BUY,2026-04-06 12:38:00.000000,23525.32,23550,ce,5.0,0.5088,-0.5384,0.0091,0.2329,0.75,,CLOSED,2026-04-06 12:44:00.000000,23638.18,Time Exit,5643.000000000029
adx_trend,BUY,2026-04-06 12:39:00.000000,23525.55,23550,ce,5.0,0.5088,-0.5384,0.0091,0.2329,0.75,,CLOSED,2026-04-06 12:45:00.000000,23626.04,Time Exit,5024.50000000008
adx_trend,BUY,2026-04-06 12:40:00.000000,23532.18,23550,ce,5.0,0.5088,-0.5384,0.0091,0.2329,0.75,,CLOSED,2026-04-06 12:46:00.000000,23620.55,Time Exit,4418.499999999949
adx_trend,BUY,2026-04-06 12:41:00.000000,23559.46,23550,ce,5.0,0.5088,-0.5384,0.0091,0.2329,0.75,,CLOSED,2026-04-06 12:47:00.000000,23632.58,Time Exit,3656.000000000131
adx_trend,BUY,2026-04-06 12:42:00.000000,23567.83,23550,ce,5.0,0.5088,-0.5384,0.0091,0.2329,0.75,,CLOSED,2026-04-06 12:48:00.000000,23639.19,Time Exit,3567.999999999847
adx_trend,BUY,2026-04-06 12:43:00.000000,23604.94,23600,ce,17.23,0.4768,-0.5425,0.011,0.1727,0.75,,CLOSED,2026-04-06 12:49:00.000000,23628.55,Time Exit,1180.500000000029
adx_trend,BUY,2026-04-06 12:44:00.000000,23638.18,23650,ce,15.08,0.5231,-0.5322,0.0099,0.2216,0.75,,CLOSED,2026-04-06 12:50:00.000000,23649.08,Time Exit,545.0000000000728
adx_trend,BUY,2026-04-06 12:45:00.000000,23626.04,23650,ce,15.08,0.5231,-0.5322,0.0099,0.2216,0.75,,CLOSED,2026-04-06 12:51:00.000000,23655.79,Time Exit,1487.5
adx_trend,BUY,2026-04-06 12:46:00.000000,23620.55,23600,ce,17.23,0.4768,-0.5425,0.011,0.1727,0.75,,CLOSED,2026-04-06 12:52:00.000000,23671.53,Time Exit,2548.999999999978
adx_trend,BUY,2026-04-06 12:47:00.000000,23632.58,23650,ce,15.08,0.5231,-0.5322,0.0099,0.2216,0.75,,CLOSED,2026-04-06 12:53:00.000000,23720.24,Time Exit,4382.999999999993
adx_trend,BUY,2026-04-06 12:48:00.000000,23639.19,23650,ce,15.08,0.5231,-0.5322,0.0099,0.2216,0.75,,CLOSED,2026-04-06 12:54:00.000000,23696.77,Time Exit,2879.0000000000873
adx_trend,BUY,2026-04-06 12:49:00.000000,23628.55,23650,ce,15.08,0.5231,-0.5322,0.0099,0.2216,0.75,,CLOSED,2026-04-06 12:55:00.000000,23748.01,Time Exit,5972.999999999956
adx_trend,BUY,2026-04-06 12:50:00.000000,23649.08,23650,ce,15.08,0.5231,-0.5322,0.0099,0.2216,0.75,,CLOSED,2026-04-06 12:56:00.000000,23734.69,Time Exit,4280.499999999847
adx_trend,BUY,2026-04-06 12:51:00.000000,23655.79,23650,ce,15.08,0.5231,-0.5322,0.0099,0.2216,0.75,,CLOSED,2026-04-06 12:57:00.000000,23741.0,Time Exit,4260.499999999956
adx_trend,BUY,2026-04-06 12:52:00.000000,23671.53,23650,ce,15.08,0.5231,-0.5322,0.0099,0.2216,0.75,,CLOSED,2026-04-06 12:58:00.000000,23752.98,Time Exit,4072.5000000000364
adx_trend,BUY,2026-04-06 12:53:00.000000,23720.24,23700,ce,5.0,0.4517,-0.4641,0.0095,0.2271,0.75,,CLOSED,2026-04-06 12:59:00.000000,23796.95,Time Exit,3835.4999999999563
adx_trend,BUY,2026-04-06 12:54:00.000000,23696.77,23700,ce,5.0,0.4517,-0.4641,0.0095,0.2271,0.75,,CLOSED,2026-04-06 13:00:00.000000,23801.74,Time Exit,5248.500000000058
adx_trend,BUY,2026-04-06 12:55:00.000000,23748.01,23750,ce,10.27,0.5047,-0.5444,0.0112,0.2151,0.75,,CLOSED,2026-04-06 13:01:00.000000,23797.96,Time Exit,2497.5000000000364
adx_trend,BUY,2026-04-06 12:56:00.000000,23734.69,23750,ce,10.27,0.5047,-0.5444,0.0112,0.2151,0.75,,CLOSED,2026-04-06 13:02:00.000000,23784.01,Time Exit,2465.9999999999854
adx_trend,BUY,2026-04-06 12:57:00.000000,23741.0,23750,ce,10.27,0.5047,-0.5444,0.0112,0.2151,0.75,,CLOSED,2026-04-06 13:03:00.000000,23768.47,Time Exit,1373.5000000000582
adx_trend,BUY,2026-04-06 12:58:00.000000,23752.98,23750,ce,10.27,0.5047,-0.5444,0.0112,0.2151,0.75,,CLOSED,2026-04-06 13:04:00.000000,23763.71,Time Exit,536.4999999999782
adx_trend,BUY,2026-04-06 12:59:00.000000,23796.95,23800,ce,13.31,0.5644,-0.4078,0.0108,0.2369,0.75,,CLOSED,2026-04-06 13:05:00.000000,23754.14,Time Exit,-2140.5000000000655
adx_trend,BUY,2026-04-06 13:00:00.000000,23801.74,23800,ce,13.31,0.5644,-0.4078,0.0108,0.2369,0.75,,CLOSED,2026-04-06 13:06:00.000000,23772.05,Time Exit,-1484.5000000001164
adx_trend,BUY,2026-04-06 13:01:00.000000,23797.96,23800,ce,13.31,0.5644,-0.4078,0.0108,0.2369,0.75,,CLOSED,2026-04-06 13:07:00.000000,23796.55,Time Exit,-70.49999999999272
adx_trend,BUY,2026-04-06 13:02:00.000000,23784.01,23800,ce,13.31,0.5644,-0.4078,0.0108,0.2369,0.75,,CLOSED,2026-04-06 13:08:00.000000,23774.68,Time Exit,-466.4999999999054
adx_trend,BUY,2026-04-06 13:03:00.000000,23768.47,23750,ce,10.27,0.5047,-0.5444,0.0112,0.2151,0.75,,CLOSED,2026-04-06 13:09:00.000000,23779.05,Time Exit,528.9999999999054
adx_trend,BUY,2026-04-06 13:04:00.000000,23763.71,23750,ce,10.27,0.5047,-0.5444,0.0112,0.2151,0.75,,CLOSED,2026-04-06 13:10:00.000000,23793.96,Time Exit,1512.5
adx_trend,BUY,2026-04-06 13:05:00.000000,23754.14,23750,ce,10.27,0.5047,-0.5444,0.0112,0.2151,0.75,,CLOSED,2026-04-06 13:11:00.000000,23795.79,Time Exit,2082.5000000000728
adx_trend,BUY,2026-04-06 13:06:00.000000,23772.05,23750,ce,10.27,0.5047,-0.5444,0.0112,0.2151,0.75,,CLOSED,2026-04-06 13:12:00.000000,23815.09,Time Exit,2152.0000000000437
adx_trend,BUY,2026-04-06 13:07:00.000000,23796.55,23800,ce,13.31,0.5644,-0.4078,0.0108,0.2369,0.75,,CLOSED,2026-04-06 13:13:00.000000,23814.1,Time Exit,877.4999999999636
adx_trend,BUY,2026-04-06 13:08:00.000000,23774.68,23750,ce,10.27,0.5047,-0.5444,0.0112,0.2151,0.75,,CLOSED,2026-04-06 13:14:00.000000,23822.39,Time Exit,2385.4999999999563
adx_trend,BUY,2026-04-06 13:09:00.000000,23779.05,23800,ce,13.31,0.5644,-0.4078,0.0108,0.2369,0.75,,CLOSED,2026-04-06 13:15:00.000000,23805.69,Time Exit,1331.999999999971
adx_trend,BUY,2026-04-06 13:10:00.000000,23793.96,23800,ce,13.31,0.5644,-0.4078,0.0108,0.2369,0.75,,CLOSED,2026-04-06 13:16:00.000000,23814.14,Time Exit,1009.0000000000146
adx_trend,BUY,2026-04-06 13:11:00.000000,23795.79,23800,ce,13.31,0.5644,-0.4078,0.0108,0.2369,0.75,,CLOSED,2026-04-06 13:17:00.000000,23811.22,Time Exit,771.5000000000146
adx_trend,BUY,2026-04-06 13:12:00.000000,23815.09,23800,ce,13.31,0.5644,-0.4078,0.0108,0.2369,0.75,,CLOSED,2026-04-06 13:18:00.000000,23861.41,Time Exit,2315.9999999999854
adx_trend,BUY,2026-04-06 13:13:00.000000,23814.1,23800,ce,13.31,0.5644,-0.4078,0.0108,0.2369,0.75,,CLOSED,2026-04-06 13:19:00.000000,23811.38,Time Exit,-135.9999999998763
adx_trend,BUY,2026-04-06 13:14:00.000000,23822.39,23800,ce,13.31,0.5644,-0.4078,0.0108,0.2369,0.75,,CLOSED,2026-04-06 13:20:00.000000,23818.5,Time Exit,-194.4999999999709
adx_trend,BUY,2026-04-06 13:15:00.000000,23805.69,23800,ce,13.31,0.5644,-0.4078,0.0108,0.2369,0.75,,CLOSED,2026-04-06 13:21:00.000000,23841.33,Time Exit,1782.0000000001528
adx_trend,BUY,2026-04-06 13:16:00.000000,23814.14,23800,ce,13.31,0.5644,-0.4078,0.0108,0.2369,0.75,,CLOSED,2026-04-06 13:22:00.000000,23828.32,Time Exit,709.0000000000146
adx_trend,BUY,2026-04-06 13:17:00.000000,23811.22,23800,ce,13.31,0.5644,-0.4078,0.0108,0.2369,0.75,,CLOSED,2026-04-06 13:23:00.000000,23839.63,Time Exit,1420.4999999999927
adx_trend,BUY,2026-04-06 13:18:00.000000,23861.41,23800,ce,13.31,0.5644,-0.4078,0.0108,0.2369,0.75,,CLOSED,2026-04-06 13:24:00.000000,23825.19,Time Exit,-1811.0000000000582
adx_trend,BUY,2026-04-06 13:19:00.000000,23811.38,23800,ce,13.31,0.5644,-0.4078,0.0108,0.2369,0.75,,CLOSED,2026-04-06 13:25:00.000000,23837.62,Time Exit,1311.9999999998981
adx_trend,BUY,2026-04-06 13:20:00.000000,23818.5,23800,ce,13.31,0.5644,-0.4078,0.0108,0.2369,0.75,,CLOSED,2026-04-06 13:26:00.000000,23849.08,Time Exit,1529.0000000000873
adx_trend,BUY,2026-04-06 13:21:00.000000,23841.33,23800,ce,13.31,0.5644,-0.4078,0.0108,0.2369,0.75,,CLOSED,2026-04-06 13:27:00.000000,23922.25,Time Exit,4045.9999999999127
adx_trend,BUY,2026-04-06 13:22:00.000000,23828.32,23800,ce,13.31,0.5644,-0.4078,0.0108,0.2369,0.75,,CLOSED,2026-04-06 13:28:00.000000,23947.11,Time Exit,5939.500000000044
adx_trend,BUY,2026-04-06 13:23:00.000000,23839.63,23800,ce,13.31,0.5644,-0.4078,0.0108,0.2369,0.75,,CLOSED,2026-04-06 13:29:00.000000,23965.34,Time Exit,6285.499999999956
adx_trend,BUY,2026-04-06 13:24:00.000000,23825.19,23800,ce,13.31,0.5644,-0.4078,0.0108,0.2369,0.75,,CLOSED,2026-04-06 13:30:00.000000,23984.73,Time Exit,7977.000000000044
adx_trend,BUY,2026-04-06 13:25:00.000000,23837.62,23800,ce,13.31,0.5644,-0.4078,0.0108,0.2369,0.75,,CLOSED,2026-04-06 13:31:00.000000,23964.01,Time Exit,6319.499999999971
adx_trend,BUY,2026-04-06 13:26:00.000000,23849.08,23800,ce,13.31,0.5644,-0.4078,0.0108,0.2369,0.75,,CLOSED,2026-04-06 13:32:00.000000,23959.41,Time Exit,5516.499999999905
ai_enhanced,SELL,2026-03-27 10:06:07.140822,23605.93,23600,pe,19.34,-0.5095,-0.5284,0.011,0.1727,0.6499999999999999,"RSI_Overbought, MACD_Bearish",CLOSED,2026-03-27 10:12:07.140822,23639.22,Time Exit,-1664.5000000000437
ai_enhanced,SELL,2026-03-27 10:50:07.140822,23859.7,23800,pe,28.31,-0.494,-0.4574,0.0108,0.2369,0.6499999999999999,"RSI_Overbought, MACD_Bearish",CLOSED,2026-03-27 10:56:07.140822,23839.07,Time Exit,1031.500000000051
ai_enhanced,SELL,2026-03-30 10:28:00.000000,23605.02,23600,pe,19.34,-0.5095,-0.5284,0.011,0.1727,0.6499999999999999,"RSI_Overbought, MACD_Bearish",CLOSED,2026-03-30 10:34:00.000000,23616.98,Time Exit,-597.9999999999563
ai_enhanced,BUY,2026-03-31 09:28:00.000000,22736.75,22750,ce,10.0,0.5455,-0.5909,0.0092,0.1822,0.6499999999999999,"RSI_Oversold, MACD_Bullish",CLOSED,2026-03-31 09:34:00.000000,22815.82,Time Exit,3953.4999999999854
ai_enhanced,SELL,2026-03-31 11:32:00.000000,23260.01,23250,pe,10.0,-0.4141,-0.4268,0.009,0.2097,0.6499999999999999,"RSI_Overbought, MACD_Bearish",CLOSED,2026-03-31 11:38:00.000000,23256.23,Time Exit,188.9999999999418
ai_enhanced,SELL,2026-03-31 11:33:00.000000,23275.59,23300,pe,10.0,-0.5043,-0.4737,0.0106,0.1986,0.6499999999999999,"RSI_Overbought, MACD_Bearish",CLOSED,2026-03-31 11:39:00.000000,23234.69,Time Exit,2045.0000000000728
ai_enhanced,SELL,2026-03-31 13:13:00.000000,23731.65,23750,pe,28.54,-0.5996,-0.5608,0.0112,0.2151,0.6499999999999999,"RSI_Overbought, MACD_Bearish",CLOSED,2026-03-31 13:19:00.000000,23754.59,Time Exit,-1146.9999999999345
ai_enhanced,SELL,2026-03-31 13:14:00.000000,23734.54,23750,pe,28.54,-0.5996,-0.5608,0.0112,0.2151,0.6499999999999999,"RSI_Overbought, MACD_Bearish",CLOSED,2026-03-31 13:20:00.000000,23782.08,Time Exit,-2377.0000000000437
ai_enhanced,SELL,2026-03-31 13:15:00.000000,23739.93,23750,pe,28.54,-0.5996,-0.5608,0.0112,0.2151,0.6499999999999999,"RSI_Overbought, MACD_Bearish",CLOSED,2026-03-31 13:21:00.000000,23783.6,Time Exit,-2183.4999999999127
ai_enhanced,SELL,2026-03-31 13:16:00.000000,23764.08,23750,pe,28.54,-0.5996,-0.5608,0.0112,0.2151,0.6499999999999999,"RSI_Overbought, MACD_Bearish",CLOSED,2026-03-31 13:22:00.000000,23807.53,Time Exit,-2172.4999999998545
ai_enhanced,SELL,2026-03-31 13:45:00.000000,23850.76,23800,pe,28.31,-0.494,-0.4574,0.0108,0.2369,0.6499999999999999,"RSI_Overbought, MACD_Bearish",CLOSED,2026-03-31 13:51:00.000000,23864.71,Time Exit,-697.5000000000364
ai_enhanced,SELL,2026-04-01 12:33:00.000000,23322.23,23300,pe,10.0,-0.5043,-0.4737,0.0106,0.1986,0.6499999999999999,"RSI_Overbought, MACD_Bearish",CLOSED,2026-04-01 12:39:00.000000,23300.23,Time Exit,1100.0
ai_enhanced,BUY,2026-04-02 09:28:00.000000,22875.5,22900,ce,5.0,0.5013,-0.4595,0.0096,0.2126,0.6499999999999999,"RSI_Oversold, MACD_Bullish",CLOSED,2026-04-02 09:34:00.000000,22901.42,Time Exit,1295.9999999999127
ai_enhanced,SELL,2026-04-02 11:13:00.000000,23199.49,23200,pe,10.0,-0.5073,-0.5043,0.0093,0.1853,0.6499999999999999,"RSI_Overbought, MACD_Bearish",CLOSED,2026-04-02 11:19:00.000000,23183.08,Time Exit,820.4999999999927
ai_enhanced,SELL,2026-04-02 12:56:00.000000,23638.52,23650,pe,23.06,-0.5576,-0.5072,0.0099,0.2216,0.6499999999999999,"RSI_Overbought, MACD_Bearish",CLOSED,2026-04-02 13:02:00.000000,23633.7,Time Exit,240.99999999998545
ai_enhanced,SELL,2026-04-02 12:57:00.000000,23627.08,23650,pe,23.06,-0.5576,-0.5072,0.0099,0.2216,0.6499999999999999,"RSI_Overbought, MACD_Bearish",CLOSED,2026-04-02 13:03:00.000000,23645.32,Time Exit,-911.9999999998981
ai_enhanced,SELL,2026-04-02 13:24:00.000000,23842.8,23800,pe,28.31,-0.494,-0.4574,0.0108,0.2369,0.6499999999999999,"RSI_Overbought, MACD_Bearish",CLOSED,2026-04-02 13:30:00.000000,23858.81,Time Exit,-800.5000000001019
ai_enhanced,SELL,2026-04-02 13:25:00.000000,23856.52,23800,pe,28.31,-0.494,-0.4574,0.0108,0.2369,0.6499999999999999,"RSI_Overbought, MACD_Bearish",CLOSED,2026-04-02 13:31:00.000000,23844.63,Time Exit,594.4999999999709
ai_enhanced,SELL,2026-04-03 11:06:00.000000,23054.77,23050,pe,10.0,-0.4792,-0.5086,0.0117,0.2132,0.6499999999999999,"RSI_Overbought, MACD_Bearish",CLOSED,2026-04-03 11:12:00.000000,23134.71,Time Exit,-3996.9999999999345
ai_enhanced,SELL,2026-04-03 11:23:00.000000,23219.91,23200,pe,10.0,-0.5073,-0.5043,0.0093,0.1853,0.6499999999999999,"RSI_Overbought, MACD_Bearish",CLOSED,2026-04-03 11:29:00.000000,23237.94,Time Exit,-901.4999999999418
ai_enhanced,SELL,2026-04-03 11:26:00.000000,23247.25,23250,pe,10.0,-0.4141,-0.4268,0.009,0.2097,0.6499999999999999,"RSI_Overbought, MACD_Bearish",CLOSED,2026-04-03 11:32:00.000000,23261.09,Time Exit,-692.0000000000073
ai_enhanced,SELL,2026-04-03 11:27:00.000000,23234.55,23250,pe,10.0,-0.4141,-0.4268,0.009,0.2097,0.6499999999999999,"RSI_Overbought, MACD_Bearish",CLOSED,2026-04-03 11:33:00.000000,23271.23,Time Exit,-1834.0000000000146
ai_enhanced,SELL,2026-04-03 11:30:00.000000,23253.6,23250,pe,10.0,-0.4141,-0.4268,0.009,0.2097,0.6499999999999999,"RSI_Overbought, MACD_Bearish",CLOSED,2026-04-03 11:36:00.000000,23306.34,Time Exit,-2637.00000000008
ai_enhanced,SELL,2026-04-03 11:55:00.000000,23447.76,23450,pe,12.11,-0.5202,-0.4949,0.0115,0.1963,0.6499999999999999,"RSI_Overbought, MACD_Bearish",CLOSED,2026-04-03 12:01:00.000000,23512.09,Time Exit,-3216.5000000000873
ai_enhanced,SELL,2026-04-03 11:56:00.000000,23454.96,23450,pe,12.11,-0.5202,-0.4949,0.0115,0.1963,0.6499999999999999,"RSI_Overbought, MACD_Bearish",CLOSED,2026-04-03 12:02:00.000000,23505.09,Time Exit,-2506.500000000051
ai_enhanced,SELL,2026-04-03 12:09:00.000000,23541.28,23550,pe,10.0,-0.4594,-0.3765,0.0091,0.2329,0.6499999999999999,"RSI_Overbought, MACD_Bearish",CLOSED,2026-04-03 12:15:00.000000,23566.16,Time Exit,-1244.000000000051
ai_enhanced,SELL,2026-04-03 12:10:00.000000,23540.05,23550,pe,10.0,-0.4594,-0.3765,0.0091,0.2329,0.6499999999999999,"RSI_Overbought, MACD_Bearish",CLOSED,2026-04-03 12:16:00.000000,23573.43,Time Exit,-1669.000000000051
ai_enhanced,SELL,2026-04-03 12:33:00.000000,23783.86,23800,pe,28.31,-0.494,-0.4574,0.0108,0.2369,0.6499999999999999,"RSI_Overbought, MACD_Bearish",CLOSED,2026-04-03 12:39:00.000000,23826.48,Time Exit,-2130.999999999949
ai_enhanced,SELL,2026-04-03 12:38:00.000000,23827.06,23800,pe,28.31,-0.494,-0.4574,0.0108,0.2369,0.6499999999999999,"RSI_Overbought, MACD_Bearish",CLOSED,2026-04-03 12:44:00.000000,23824.44,Time Exit,131.00000000013097
ai_enhanced,SELL,2026-04-03 12:39:00.000000,23826.48,23800,pe,28.31,-0.494,-0.4574,0.0108,0.2369,0.6499999999999999,"RSI_Overbought, MACD_Bearish",CLOSED,2026-04-03 12:45:00.000000,23779.78,Time Exit,2335.0000000000364
