strategy,strategy_type,activation_time,entry_time,exit_time,spot_price_at_entry,spot_price_at_exit,option_type,strike_price,strike_type,entry_premium,exit_premium,premium_change,lots,lot_size,investment,pnl,net_pnl,return_percentage,is_win,exit_reason,holding_minutes,signal_reason,entry_delta,entry_theta,entry_vega,entry_gamma,exit_delta,exit_theta,exit_vega,exit_gamma,delta_change,theta_change,vega_change,gamma_change,market_rsi,market_sma_20,market_volume,market_volume_sma,market_price_change,market_high_low_range,brokerage,risk_reward_ratio,max_profit_potential,max_loss_potential
MULTI_TIMEFRAME_LOSING,FROZEN,2026-03-27 09:30:07.140822,2026-03-27 09:30:07.140822,2026-03-27 09:40:45.881055448,23280.17,22912.226155198627,CE,23800.0,OTM,307.52000000000044,333.51040982928686,25.99040982928642,1,50,15376.000000000022,1299.520491464321,1259.520491464321,8.451616099533812,True,TARGET_ACHIEVED,6.737050892023797,Multi-timeframe frozen,0.5,-0.05,0.2,0.02,0.503496961393088,-0.051674034959512616,0.18638901612547956,0.018288085639725227,0.0034969613930879717,-0.001674034959512613,-0.01361098387452045,-0.0017119143602747737,85.61914276200005,23195.048125,925387.0,947519.4375,0.0010905270780539045,0.002102218325725385,40,3.1999999999999997,1230.0800000000017,384.40000000000055
AI_ENHANCED_LOSING,FROZEN,2026-03-27 09:30:07.140822,2026-03-27 09:30:07.140822,2026-03-27 09:42:06.861041884,23280.17,23618.295219503092,CE,23800.0,OTM,307.52000000000044,301.9021812445381,-5.617818755462338,1,50,15376.000000000022,-280.8909377731169,-320.8909377731169,-1.8268141114276566,False,STOP_LOSS,5.117363176414474,AI enhanced frozen,0.5,-0.05,0.2,0.02,0.4687706157589236,-0.05335944057248767,0.18046730500978275,0.023314093535838434,-0.031229384241076408,-0.0033594405724876666,-0.01953269499021726,0.0033140935358384332,85.61914276200005,23195.048125,925387.0,947519.4375,0.0010905270780539045,0.002102218325725385,40,3.1999999999999997,1230.0800000000017,384.40000000000055
RSI_DIVERGENCE_LOSING,FROZEN,2026-03-27 09:30:07.140822,2026-03-27 09:30:07.140822,2026-03-27 09:40:37.098952527,23280.17,23657.731467639493,CE,23800.0,OTM,307.52000000000044,335.1725535688002,27.65255356879976,1,50,15376.000000000022,1382.627678439988,1342.627678439988,8.992115494536849,True,TARGET_ACHIEVED,6.664028055867011,RSI frozen,0.5,-0.05,0.2,0.02,0.45121911874912424,-0.05243213516501727,0.21915216350444994,0.017545089358611682,-0.04878088125087576,-0.0024321351650172657,0.019152163504449926,-0.0024549106413883186,85.61914276200005,23195.048125,925387.0,947519.4375,0.0010905270780539045,0.002102218325725385,40,3.1999999999999997,1230.0800000000017,384.40000000000055
STOCHASTIC_OVERSOLD_LOSING,FROZEN,2026-03-27 09:30:07.140822,2026-03-27 09:30:07.140822,2026-03-27 09:38:57.732729734,23280.17,23316.456123131964,CE,23800.0,OTM,307.52000000000044,338.42702606306557,30.907026063065132,1,50,15376.000000000022,1545.3513031532566,1505.3513031532566,10.050411701048741,True,TARGET_ACHIEVED,8.722415135497634,Stochastic frozen,0.5,-0.05,0.2,0.02,0.48351481120548295,-0.05133432126033836,0.2009158458557206,0.02400996580284814,-0.016485188794517047,-0.0013343212603383545,0.0009158458557205762,0.004009965802848139,85.61914276200005,23195.048125,925387.0,947519.4375,0.0010905270780539045,0.002102218325725385,40,3.1999999999999997,1230.0800000000017,384.40000000000055
TREND_FOLLOWING_OPTIMIZED,FROZEN,2026-03-27 09:30:07.140822,2026-03-27 09:30:07.140822,2026-03-27 09:36:40.036942366,23280.17,23404.337549338303,CE,23800.0,OTM,307.52000000000044,341.3535645612346,33.83356456123414,1,50,15376.000000000022,1691.6782280617072,1651.6782280617072,11.002069641400265,True,TARGET_ACHIEVED,11.080812470473989,Trend frozen,0.5,-0.05,0.2,0.02,0.5244311543428336,-0.048772189220924564,0.21245541168780913,0.021705335407036994,0.024431154342833605,0.001227810779075439,0.012455411687809115,0.0017053354070369932,85.61914276200005,23195.048125,925387.0,947519.4375,0.0010905270780539045,0.002102218325725385,40,3.1999999999999997,1230.0800000000017,384.40000000000055
STRONG_MOMENTUM_LOSING,FROZEN,2026-03-27 09:30:07.140822,2026-03-27 09:30:07.140822,2026-03-27 09:39:18.830793882,23280.17,23344.78549125889,CE,23800.0,OTM,307.52000000000044,335.49693158009546,27.976931580095027,1,50,15376.000000000022,1398.8465790047512,1358.8465790047512,9.097597418084998,True,TARGET_ACHIEVED,9.965838706018292,Strong momentum frozen,0.5,-0.05,0.2,0.02,0.4732059737900352,-0.045749907541241974,0.2137294881839054,0.024332183929176066,-0.026794026209964794,0.0042500924587580285,0.013729488183905375,0.004332183929176066,85.61914276200005,23195.048125,925387.0,947519.4375,0.0010905270780539045,0.002102218325725385,40,3.1999999999999997,1230.0800000000017,384.40000000000055
MACD_DIVERGENCE_LOSING,RE-OPTIMIZED,2026-03-27 09:30:07.140822,2026-03-27 09:30:07.140822,2026-03-27 09:41:40.778128662,23280.17,23454.67469542653,CE,23800.0,OTM,307.52000000000044,336.2486038016417,28.72860380164127,1,50,15376.000000000022,1436.4301900820635,1396.4301900820635,9.342027771085206,True,TARGET_ACHIEVED,10.108651124207478,MACD re-optimized,0.5,-0.05,0.2,0.02,0.47226977192608544,-0.043336976575432805,0.19374313529815448,0.020917270703095597,-0.027730228073914565,0.006663023424567198,-0.006256864701845527,0.0009172707030955969,85.61914276200005,23195.048125,925387.0,947519.4375,0.0010905270780539045,0.002102218325725385,40,3.1999999999999997,1230.0800000000017,384.40000000000055
CCI_EXTREME_LOSING,RE-OPTIMIZED,2026-03-27 09:30:07.140822,2026-03-27 09:30:07.140822,2026-03-27 09:41:47.679344946,23280.17,23723.26521422325,CE,23800.0,OTM,307.52000000000044,330.8151720310071,23.295172031006643,1,50,15376.000000000022,1164.758601550332,1124.758601550332,7.575173006961046,True,TARGET_ACHIEVED,9.871361546845247,CCI re-optimized,0.5,-0.05,0.2,0.02,0.5494532223543793,-0.05880858606422311,0.19627515180093713,0.015985986669678615,0.04945322235437932,-0.008808586064223106,-0.00372484819906288,-0.004014013330321385,85.61914276200005,23195.048125,925387.0,947519.4375,0.0010905270780539045,0.002102218325725385,40,3.1999999999999997,1230.0800000000017,384.40000000000055
MOMENTUM_REVERSAL_LOSING,RE-OPTIMIZED,2026-03-27 09:30:07.140822,2026-03-27 09:30:07.140822,2026-03-27 09:37:54.444560141,23280.17,22901.259374796617,CE,23800.0,OTM,307.52000000000044,334.67566829659006,27.155668296589624,1,50,15376.000000000022,1357.7834148294812,1317.7834148294812,8.83053729727809,True,TARGET_ACHIEVED,11.849671977840327,Momentum re-optimized,0.5,-0.05,0.2,0.02,0.5496510787994718,-0.054145229022426855,0.19509545016482402,0.021509639328302507,0.04965107879947184,-0.004145229022426852,-0.004904549835175992,0.0015096393283025068,85.61914276200005,23195.048125,925387.0,947519.4375,0.0010905270780539045,0.002102218325725385,40,3.1999999999999997,1230.0800000000017,384.40000000000055
BOLLINGER_SQUEEZE_LOSING,RE-OPTIMIZED,2026-03-27 09:30:07.140822,2026-03-27 09:30:07.140822,2026-03-27 09:37:17.994303678,23280.17,22983.742954562913,CE,23800.0,OTM,307.52000000000044,332.07812524579225,24.558125245791814,1,50,15376.000000000022,1227.9062622895908,1187.9062622895908,7.985862788043634,True,TARGET_ACHIEVED,6.983180400744461,Bollinger re-optimized,0.5,-0.05,0.2,0.02,0.49791804323474104,-0.042306220853641406,0.1884306706881519,0.024344379360933664,-0.0020819567652589632,0.007693779146358597,-0.01156932931184812,0.004344379360933664,85.61914276200005,23195.048125,925387.0,947519.4375,0.0010905270780539045,0.002102218325725385,40,3.1999999999999997,1230.0800000000017,384.40000000000055
BREAKOUT_REVERSAL_LOSING,RE-OPTIMIZED,2026-03-27 09:30:07.140822,2026-03-27 09:30:07.140822,2026-03-27 09:42:06.959141473,23280.17,23666.447097012024,CE,23800.0,OTM,307.52000000000044,341.8335262395208,34.31352623952034,1,50,15376.000000000022,1715.6763119760171,1675.6763119760171,11.158144588813832,True,TARGET_ACHIEVED,7.7698332595308734,Breakout re-optimized,0.5,-0.05,0.2,0.02,0.4976396145616845,-0.051920819011158664,0.20601752680825738,0.018944047288557354,-0.0023603854383155154,-0.0019208190111586615,0.006017526808257373,-0.0010559527114426467,85.61914276200005,23195.048125,925387.0,947519.4375,0.0010905270780539045,0.002102218325725385,40,3.1999999999999997,1230.0800000000017,384.40000000000055
MULTI_TIMEFRAME_LOSING,FROZEN,2026-03-27 09:45:07.140822,2026-03-27 09:45:07.140822,2026-03-27 09:50:19.323735260,23428.86,23493.61350899681,PE,23800.0,OTM,307.52000000000044,340.0259048502256,32.505904850225136,1,50,15376.000000000022,1625.2952425112567,1585.2952425112567,10.570338465864037,True,TARGET_ACHIEVED,9.170498198883296,Multi-timeframe frozen,0.5,-0.05,0.2,0.02,0.470678518520699,-0.04229927448837276,0.19230156215733596,0.022673989117428607,-0.029321481479301026,0.007700725511627246,-0.007698437842664052,0.0026739891174286066,73.0857668429518,23325.485999999997,648113.0,1043620.4,-0.0006735012038994181,0.0010905353482840937,40,3.1999999999999997,1230.0800000000017,384.40000000000055
AI_ENHANCED_LOSING,FROZEN,2026-03-27 09:45:07.140822,2026-03-27 09:45:07.140822,2026-03-27 09:52:08.749814336,23428.86,23584.37269568878,PE,23800.0,OTM,307.52000000000044,338.2859013200435,30.765901320043042,1,50,15376.000000000022,1538.295066002152,1498.295066002152,10.004520460471838,True,TARGET_ACHIEVED,6.916526026604412,AI enhanced frozen,0.5,-0.05,0.2,0.02,0.5308266554678487,-0.04096542446320157,0.2145184933526335,0.024142983180513,0.030826655467848685,0.009034575536798435,0.0145184933526335,0.004142983180513,73.0857668429518,23325.485999999997,648113.0,1043620.4,-0.0006735012038994181,0.0010905353482840937,40,3.1999999999999997,1230.0800000000017,384.40000000000055
RSI_DIVERGENCE_LOSING,FROZEN,2026-03-27 09:45:07.140822,2026-03-27 09:45:07.140822,2026-03-27 09:55:12.920521910,23428.86,23504.912003930924,PE,23800.0,OTM,307.52000000000044,333.2478407983809,25.72784079838044,1,50,15376.000000000022,1286.392039919022,1246.392039919022,8.366233350149715,True,TARGET_ACHIEVED,6.003879016797587,RSI frozen,0.5,-0.05,0.2,0.02,0.5458020601867628,-0.04457100993122814,0.19176137493542952,0.024248431852933003,0.045802060186762805,0.005428990068771865,-0.008238625064570487,0.0042484318529330024,73.0857668429518,23325.485999999997,648113.0,1043620.4,-0.0006735012038994181,0.0010905353482840937,40,3.1999999999999997,1230.0800000000017,384.40000000000055
STOCHASTIC_OVERSOLD_LOSING,FROZEN,2026-03-27 09:45:07.140822,2026-03-27 09:45:07.140822,2026-03-27 09:53:22.557936738,23428.86,23157.079980585684,PE,23800.0,OTM,307.52000000000044,341.92625571532875,34.406255715328314,1,50,15376.000000000022,1720.3127857664158,1680.3127857664158,11.188298554672302,True,TARGET_ACHIEVED,9.268133565663852,Stochastic frozen,0.5,-0.05,0.2,0.02,0.4945752138184758,-0.05514828847495634,0.18646286592572994,0.021682971341267874,-0.005424786181524199,-0.005148288474956339,-0.013537134074270069,0.0016829713412678735,73.0857668429518,23325.485999999997,648113.0,1043620.4,-0.0006735012038994181,0.0010905353482840937,40,3.1999999999999997,1230.0800000000017,384.40000000000055
TREND_FOLLOWING_OPTIMIZED,FROZEN,2026-03-27 09:45:07.140822,2026-03-27 09:45:07.140822,2026-03-27 09:52:25.803176186,23428.86,23200.972562861567,PE,23800.0,OTM,307.52000000000044,332.7861639301239,25.26616393012347,1,50,15376.000000000022,1263.3081965061733,1223.3081965061733,8.216104295695704,True,TARGET_ACHIEVED,11.266676060393113,Trend frozen,0.5,-0.05,0.2,0.02,0.4746349541714878,-0.05762690575218684,0.2102749162170974,0.021609032355628215,-0.025365045828512178,-0.007626905752186837,0.01027491621709739,0.0016090323556282142,73.0857668429518,23325.485999999997,648113.0,1043620.4,-0.0006735012038994181,0.0010905353482840937,40,3.1999999999999997,1230.0800000000017,384.40000000000055
MACD_DIVERGENCE_LOSING,RE-OPTIMIZED,2026-03-27 09:45:07.140822,2026-03-27 09:45:07.140822,2026-03-27 09:53:26.678963346,23428.86,23060.32164390798,PE,23800.0,OTM,307.52000000000044,332.96182970524035,25.44182970523991,1,50,15376.000000000022,1272.0914852619956,1232.0914852619956,8.273227661693507,True,TARGET_ACHIEVED,9.678229453245313,MACD re-optimized,0.5,-0.05,0.2,0.02,0.5486276060534234,-0.04225136279409334,0.18798214958449966,0.018247998611845888,0.04862760605342342,0.0077486372059066624,-0.012017850415500353,-0.0017520013881541126,73.0857668429518,23325.485999999997,648113.0,1043620.4,-0.0006735012038994181,0.0010905353482840937,40,3.1999999999999997,1230.0800000000017,384.40000000000055
MOMENTUM_REVERSAL_LOSING,RE-OPTIMIZED,2026-03-27 09:45:07.140822,2026-03-27 09:45:07.140822,2026-03-27 09:51:24.913449796,23428.86,23601.519144781276,PE,23800.0,OTM,307.52000000000044,332.82391441095876,25.303914410958328,1,50,15376.000000000022,1265.1957205479164,1225.1957205479164,8.22838007640423,True,TARGET_ACHIEVED,8.267043157685942,Momentum re-optimized,0.5,-0.05,0.2,0.02,0.4618892056214616,-0.051107871908582944,0.2192674781697632,0.019630135007270212,-0.038110794378538426,-0.0011078719085829414,0.01926747816976318,-0.00036986499272978826,73.0857668429518,23325.485999999997,648113.0,1043620.4,-0.0006735012038994181,0.0010905353482840937,40,3.1999999999999997,1230.0800000000017,384.40000000000055
BOLLINGER_SQUEEZE_LOSING,RE-OPTIMIZED,2026-03-27 09:45:07.140822,2026-03-27 09:45:07.140822,2026-03-27 09:54:57.424304381,23428.86,23510.719527954996,PE,23800.0,OTM,307.52000000000044,339.0302209624645,31.510220962464075,1,50,15376.000000000022,1575.5110481232036,1535.5110481232036,10.246559886337158,True,TARGET_ACHIEVED,8.262915923925455,Bollinger re-optimized,0.5,-0.05,0.2,0.02,0.5175907448716609,-0.05638945421022604,0.19380862350307398,0.018657976148498456,0.0175907448716609,-0.006389454210226034,-0.0061913764969260265,-0.001342023851501544,73.0857668429518,23325.485999999997,648113.0,1043620.4,-0.0006735012038994181,0.0010905353482840937,40,3.1999999999999997,1230.0800000000017,384.40000000000055
BREAKOUT_REVERSAL_LOSING,RE-OPTIMIZED,2026-03-27 09:45:07.140822,2026-03-27 09:45:07.140822,2026-03-27 09:54:40.639221712,23428.86,23471.606265826827,PE,23800.0,OTM,307.52000000000044,336.44576657028483,28.925766570284395,1,50,15376.000000000022,1446.2883285142198,1406.2883285142198,9.406141574624204,True,TARGET_ACHIEVED,7.567396613243631,Breakout re-optimized,0.5,-0.05,0.2,0.02,0.4868574861912917,-0.04708035528098824,0.20448828187838003,0.022157826219512858,-0.01314251380870829,0.002919644719011766,0.004488281878380018,0.0021578262195128574,73.0857668429518,23325.485999999997,648113.0,1043620.4,-0.0006735012038994181,0.0010905353482840937,40,3.1999999999999997,1230.0800000000017,384.40000000000055
MULTI_TIMEFRAME_LOSING,FROZEN,2026-03-27 10:00:07.140822,2026-03-27 10:00:07.140822,2026-03-27 10:11:48.314767974,23590.39,23191.06124802491,CE,23800.0,OTM,307.52000000000044,332.9940851220942,25.474085122093754,1,50,15376.000000000022,1273.7042561046878,1233.7042561046878,8.28371654594619,True,TARGET_ACHIEVED,11.61208753068974,Multi-timeframe frozen,0.5,-0.05,0.2,0.02,0.5214056249755233,-0.05475018385223465,0.1876305669086102,0.018688118631986595,0.02140562497552334,-0.004750183852234649,-0.012369433091389798,-0.0013118813680134053,89.44698122780343,23501.6455,1060293.0,914996.15,0.00019460862044118343,0.0009249529151489106,40,3.1999999999999997,1230.0800000000017,384.40000000000055
AI_ENHANCED_LOSING,FROZEN,2026-03-27 10:00:07.140822,2026-03-27 10:00:07.140822,2026-03-27 10:11:43.940297942,23590.39,23300.39815952986,CE,23800.0,OTM,307.52000000000044,303.04796977240306,-4.472030227597372,1,50,15376.000000000022,-223.6015113798686,-263.6015113798686,-1.4542241895152725,False,STOP_LOSS,7.5143156331468255,AI enhanced frozen,0.5,-0.05,0.2,0.02,0.5204214118662984,-0.04942140168168864,0.21450264731413213,0.021685811615774965,0.020421411866298422,0.000578598318311363,0.014502647314132117,0.0016858116157749646,89.44698122780343,23501.6455,1060293.0,914996.15,0.00019460862044118343,0.0009249529151489106,40,3.1999999999999997,1230.0800000000017,384.40000000000055
RSI_DIVERGENCE_LOSING,FROZEN,2026-03-27 10:00:07.140822,2026-03-27 10:00:07.140822,2026-03-27 10:08:38.242977770,23590.39,23311.570965759696,CE,23800.0,OTM,307.52000000000044,333.42429916940756,25.904299169407125,1,50,15376.000000000022,1295.2149584703561,1255.2149584703561,8.423614454151627,True,TARGET_ACHIEVED,9.262675705884147,RSI frozen,0.5,-0.05,0.2,0.02,0.514466127487058,-0.04078609743034225,0.19423199400589267,0.01759656843748803,0.014466127487058,0.009213902569657755,-0.005768005994107345,-0.002403431562511972,89.44698122780343,23501.6455,1060293.0,914996.15,0.00019460862044118343,0.0009249529151489106,40,3.1999999999999997,1230.0800000000017,384.40000000000055
STOCHASTIC_OVERSOLD_LOSING,FROZEN,2026-03-27 10:00:07.140822,2026-03-27 10:00:07.140822,2026-03-27 10:06:34.160784897,23590.39,23383.765101208282,CE,23800.0,OTM,307.52000000000044,331.14029713256735,23.620297132566918,1,50,15376.000000000022,1181.014856628346,1141.014856628346,7.680897870891938,True,TARGET_ACHIEVED,10.743426889351271,Stochastic frozen,0.5,-0.05,0.2,0.02,0.5178205582501305,-0.04553046300352247,0.20197213607344447,0.024492132221012507,0.017820558250130514,0.0044695369964775356,0.001972136073444458,0.004492132221012506,89.44698122780343,23501.6455,1060293.0,914996.15,0.00019460862044118343,0.0009249529151489106,40,3.1999999999999997,1230.0800000000017,384.40000000000055
TREND_FOLLOWING_OPTIMIZED,FROZEN,2026-03-27 10:00:07.140822,2026-03-27 10:00:07.140822,2026-03-27 10:09:25.069473865,23590.39,23207.70556181473,CE,23800.0,OTM,307.52000000000044,339.3832982457288,31.863298245728345,1,50,15376.000000000022,1593.1649122864173,1553.1649122864173,10.3613742994694,True,TARGET_ACHIEVED,8.805633533622082,Trend frozen,0.5,-0.05,0.2,0.02,0.4883187808778927,-0.04666282794990186,0.19992139230931855,0.016821612062897354,-0.01168121912210729,0.0033371720500981403,-7.860769068146478e-05,-0.0031783879371026467,89.44698122780343,23501.6455,1060293.0,914996.15,0.00019460862044118343,0.0009249529151489106,40,3.1999999999999997,1230.0800000000017,384.40000000000055
HIGH_VOLUME_LOSING,FROZEN,2026-03-27 10:00:07.140822,2026-03-27 10:00:07.140822,2026-03-27 10:08:00.475722955,23590.39,23900.091756798858,CE,23800.0,OTM,307.52000000000044,339.74497960306104,32.2249796030606,1,50,15376.000000000022,1611.24898015303,1571.24898015303,10.478986603492636,True,TARGET_ACHIEVED,8.39158010807615,High volume frozen,0.5,-0.05,0.2,0.02,0.5002051010448197,-0.04146140796517087,0.1918362992705422,0.017875168189231024,0.00020510104481974434,0.00853859203482913,-0.008163700729457823,-0.002124831810768977,89.44698122780343,23501.6455,1060293.0,914996.15,0.00019460862044118343,0.0009249529151489106,40,3.1999999999999997,1230.0800000000017,384.40000000000055
BOLLINGER_SQUEEZE_LOSING,RE-OPTIMIZED,2026-03-27 10:00:07.140822,2026-03-27 10:00:07.140822,2026-03-27 10:11:12.679753088,23590.39,23424.519618657825,CE,23800.0,OTM,307.52000000000044,335.39939717524,27.879397175239546,1,50,15376.000000000022,1393.9698587619773,1353.9698587619773,9.065880975299006,True,TARGET_ACHIEVED,5.841069187470333,Bollinger re-optimized,0.5,-0.05,0.2,0.02,0.5263294427361481,-0.05731156471123714,0.21217518959613527,0.019328281838060835,0.026329442736148123,-0.007311564711237138,0.012175189596135255,-0.0006717181619391652,89.44698122780343,23501.6455,1060293.0,914996.15,0.00019460862044118343,0.0009249529151489106,40,3.1999999999999997,1230.0800000000017,384.40000000000055
BREAKOUT_REVERSAL_LOSING,RE-OPTIMIZED,2026-03-27 10:00:07.140822,2026-03-27 10:00:07.140822,2026-03-27 10:07:52.540205958,23590.39,23393.987918642408,CE,23800.0,OTM,307.52000000000044,334.20270377330763,26.682703773307196,1,50,15376.000000000022,1334.1351886653597,1294.1351886653597,8.67673769943651,True,TARGET_ACHIEVED,9.484420338865467,Breakout re-optimized,0.5,-0.05,0.2,0.02,0.455563194878882,-0.058787581637881725,0.19886875345648,0.020317648713738177,-0.04443680512111797,-0.008787581637881722,-0.0011312465435200092,0.00031764871373817644,89.44698122780343,23501.6455,1060293.0,914996.15,0.00019460862044118343,0.0009249529151489106,40,3.1999999999999997,1230.0800000000017,384.40000000000055
MULTI_TIMEFRAME_LOSING,FROZEN,2026-03-27 10:15:07.140822,2026-03-27 10:15:07.140822,2026-03-27 10:20:38.882717971,23633.07,23649.302318123373,CE,23800.0,OTM,307.52000000000044,304.19735433079035,-3.3226456692100896,1,50,15376.000000000022,-166.13228346050448,-206.13228346050448,-1.0804649028388673,False,STOP_LOSS,6.732302705245044,Multi-timeframe frozen,0.5,-0.05,0.2,0.02,0.48335442400916706,-0.042257278249718984,0.18089193836305723,0.024937904218519217,-0.01664557599083294,0.007742721750281019,-0.019108061636942786,0.0049379042185192165,69.41435922567995,23599.385,793449.0,932086.15,0.0004728662808664019,0.0043489906305021935,40,3.1999999999999997,1230.0800000000017,384.40000000000055
AI_ENHANCED_LOSING,FROZEN,2026-03-27 10:15:07.140822,2026-03-27 10:15:07.140822,2026-03-27 10:22:55.232540016,23633.07,23205.3259172042,CE,23800.0,OTM,307.52000000000044,336.6007237510359,29.080723751035464,1,50,15376.000000000022,1454.0361875517733,1414.0361875517733,9.456530876377284,True,TARGET_ACHIEVED,6.229727384969088,AI enhanced frozen,0.5,-0.05,0.2,0.02,0.5241310386931344,-0.057299565472806346,0.19695029877868378,0.01923783982813005,0.024131038693134377,-0.007299565472806344,-0.003049701221316231,-0.0007621601718699501,69.41435922567995,23599.385,793449.0,932086.15,0.0004728662808664019,0.0043489906305021935,40,3.1999999999999997,1230.0800000000017,384.40000000000055
RSI_DIVERGENCE_LOSING,FROZEN,2026-03-27 10:15:07.140822,2026-03-27 10:15:07.140822,2026-03-27 10:20:10.201155085,23633.07,23213.621930511767,CE,23800.0,OTM,307.52000000000044,341.7756406381018,34.25564063810134,1,50,15376.000000000022,1712.782031905067,1672.782031905067,11.139321227270191,True,TARGET_ACHIEVED,11.3021078856029,RSI frozen,0.5,-0.05,0.2,0.02,0.4896198718553588,-0.05517212721780683,0.1870492734579567,0.018791792356186596,-0.010380128144641176,-0.005172127217806827,-0.012950726542043323,-0.0012082076438134047,69.41435922567995,23599.385,793449.0,932086.15,0.0004728662808664019,0.0043489906305021935,40,3.1999999999999997,1230.0800000000017,384.40000000000055
STOCHASTIC_OVERSOLD_LOSING,FROZEN,2026-03-27 10:15:07.140822,2026-03-27 10:15:07.140822,2026-03-27 10:22:48.324655015,23633.07,23676.265795988722,CE,23800.0,OTM,307.52000000000044,337.82000764756606,30.30000764756562,1,50,15376.000000000022,1515.000382378281,1475.000382378281,9.853020176757797,True,TARGET_ACHIEVED,6.585919611807683,Stochastic frozen,0.5,-0.05,0.2,0.02,0.480800399640312,-0.05268101550857113,0.18920008010196848,0.016125807602208456,-0.019199600359687985,-0.0026810155085711246,-0.01079991989803153,-0.0038741923977915448,69.41435922567995,23599.385,793449.0,932086.15,0.0004728662808664019,0.0043489906305021935,40,3.1999999999999997,1230.0800000000017,384.40000000000055
TREND_FOLLOWING_OPTIMIZED,FROZEN,2026-03-27 10:15:07.140822,2026-03-27 10:15:07.140822,2026-03-27 10:21:04.085111175,23633.07,23259.129465970058,CE,23800.0,OTM,307.52000000000044,335.0719206451006,27.551920645100154,1,50,15376.000000000022,1377.5960322550077,1337.5960322550077,8.95939146888011,True,TARGET_ACHIEVED,8.77894237353982,Trend frozen,0.5,-0.05,0.2,0.02,0.5389185405834549,-0.04613246856580987,0.1840526105437049,0.02103179823554216,0.0389185405834549,0.0038675314341901357,-0.01594738945629512,0.0010317982355421591,69.41435922567995,23599.385,793449.0,932086.15,0.0004728662808664019,0.0043489906305021935,40,3.1999999999999997,1230.0800000000017,384.40000000000055
MULTI_TIMEFRAME_LOSING,FROZEN,2026-03-27 10:30:07.140822,2026-03-27 10:30:07.140822,2026-03-27 10:41:49.634779251,23672.85,23520.290588878237,CE,23800.0,OTM,307.52000000000044,339.70799063285085,32.187990632850415,1,50,15376.000000000022,1609.3995316425207,1569.3995316425207,10.466958452409719,True,TARGET_ACHIEVED,7.246929479744219,Multi-timeframe frozen,0.5,-0.05,0.2,0.02,0.5156803235429213,-0.05820473154112891,0.18557698618553928,0.019589382358889643,0.01568032354292126,-0.008204731541128905,-0.014423013814460733,-0.0004106176411103578,61.360727996587514,23630.869,682399.0,840918.65,0.0017061228738521894,0.0026705698722376547,40,3.1999999999999997,1230.0800000000017,384.40000000000055
AI_ENHANCED_LOSING,FROZEN,2026-03-27 10:30:07.140822,2026-03-27 10:30:07.140822,2026-03-27 10:38:57.033387742,23672.85,23709.36025836059,CE,23800.0,OTM,307.52000000000044,329.97871373431747,22.45871373431703,1,50,15376.000000000022,1122.9356867158515,1082.9356867158515,7.303171739827327,True,TARGET_ACHIEVED,6.457037001659669,AI enhanced frozen,0.5,-0.05,0.2,0.02,0.4546437264183236,-0.054109005911160045,0.18228477885145425,0.019932363812780407,-0.045356273581676376,-0.004109005911160042,-0.017715221148545762,-6.763618721959339e-05,61.360727996587514,23630.869,682399.0,840918.65,0.0017061228738521894,0.0026705698722376547,40,3.1999999999999997,1230.0800000000017,384.40000000000055
RSI_DIVERGENCE_LOSING,FROZEN,2026-03-27 10:30:07.140822,2026-03-27 10:30:07.140822,2026-03-27 10:36:29.716586820,23672.85,23562.75517825492,CE,23800.0,OTM,307.52000000000044,334.9447665361045,27.424766536104073,1,50,15376.000000000022,1371.2383268052035,1331.2383268052035,8.918043228441737,True,TARGET_ACHIEVED,7.242333796908664,RSI frozen,0.5,-0.05,0.2,0.02,0.464882474372177,-0.056325294880839,0.20946760918641097,0.024378758251641007,-0.035117525627823,-0.006325294880838994,0.009467609186410958,0.004378758251641007,61.360727996587514,23630.869,682399.0,840918.65,0.0017061228738521894,0.0026705698722376547,40,3.1999999999999997,1230.0800000000017,384.40000000000055
TREND_FOLLOWING_OPTIMIZED,FROZEN,2026-03-27 10:30:07.140822,2026-03-27 10:30:07.140822,2026-03-27 10:37:07.287557525,23672.85,23883.02450356935,CE,23800.0,OTM,307.52000000000044,338.44867188033663,30.928671880336196,1,50,15376.000000000022,1546.4335940168098,1506.4335940168098,10.057450533407957,True,TARGET_ACHIEVED,10.272066251522254,Trend frozen,0.5,-0.05,0.2,0.02,0.46366921977666703,-0.05530623514226524,0.21531233795649712,0.02091527388047094,-0.03633078022333297,-0.005306235142265241,0.015312337956497113,0.0009152738804709404,61.360727996587514,23630.869,682399.0,840918.65,0.0017061228738521894,0.0026705698722376547,40,3.1999999999999997,1230.0800000000017,384.40000000000055
STRONG_MOMENTUM_LOSING,FROZEN,2026-03-27 10:30:07.140822,2026-03-27 10:30:07.140822,2026-03-27 10:40:58.816273242,23672.85,23487.58935207446,CE,23800.0,OTM,307.52000000000044,335.4610290708404,27.94102907083999,1,50,15376.000000000022,1397.0514535419993,1357.0514535419993,9.085922564659192,True,TARGET_ACHIEVED,5.28634765358439,Strong momentum frozen,0.5,-0.05,0.2,0.02,0.5400810748331893,-0.053697553251509975,0.19338721334274936,0.020873167192414614,0.040081074833189345,-0.003697553251509972,-0.006612786657250652,0.0008731671924146131,61.360727996587514,23630.869,682399.0,840918.65,0.0017061228738521894,0.0026705698722376547,40,3.1999999999999997,1230.0800000000017,384.40000000000055
MACD_DIVERGENCE_LOSING,RE-OPTIMIZED,2026-03-27 10:30:07.140822,2026-03-27 10:30:07.140822,2026-03-27 10:38:11.342860930,23672.85,23913.381645009285,CE,23800.0,OTM,307.52000000000044,303.88420439338984,-3.6357956066106,1,50,15376.000000000022,-181.78978033053,-221.78978033053,-1.1822956577167647,False,STOP_LOSS,10.708872477394895,MACD re-optimized,0.5,-0.05,0.2,0.02,0.536674523258088,-0.04288242448878016,0.2152573565155615,0.016845752800299943,0.036674523258087954,0.007117575511219845,0.015257356515561482,-0.0031542471997000575,61.360727996587514,23630.869,682399.0,840918.65,0.0017061228738521894,0.0026705698722376547,40,3.1999999999999997,1230.0800000000017,384.40000000000055
CCI_EXTREME_LOSING,RE-OPTIMIZED,2026-03-27 10:30:07.140822,2026-03-27 10:30:07.140822,2026-03-27 10:38:38.071830794,23672.85,23396.769001114564,CE,23800.0,OTM,307.52000000000044,341.79575531780773,34.275755317807295,1,50,15376.000000000022,1713.7877658903649,1673.7877658903649,11.14586216109757,True,TARGET_ACHIEVED,5.987936155207628,CCI re-optimized,0.5,-0.05,0.2,0.02,0.4546799227538164,-0.04327329115575631,0.19942533804240792,0.01664435778715637,-0.04532007724618359,0.006726708844243694,-0.000574661957592093,-0.0033556422128436306,61.360727996587514,23630.869,682399.0,840918.65,0.0017061228738521894,0.0026705698722376547,40,3.1999999999999997,1230.0800000000017,384.40000000000055
MOMENTUM_REVERSAL_LOSING,RE-OPTIMIZED,2026-03-27 10:30:07.140822,2026-03-27 10:30:07.140822,2026-03-27 10:40:51.223262608,23672.85,23363.539175881302,CE,23800.0,OTM,307.52000000000044,341.70646255474037,34.18646255473993,1,50,15376.000000000022,1709.3231277369966,1669.3231277369966,11.116825752711982,True,TARGET_ACHIEVED,10.412708748664077,Momentum re-optimized,0.5,-0.05,0.2,0.02,0.4689658680106014,-0.04152926944667202,0.18920588898885068,0.018554918240931483,-0.031034131989398583,0.008470730553327983,-0.010794111011149327,-0.0014450817590685172,61.360727996587514,23630.869,682399.0,840918.65,0.0017061228738521894,0.0026705698722376547,40,3.1999999999999997,1230.0800000000017,384.40000000000055
MULTI_TIMEFRAME_LOSING,FROZEN,2026-03-27 10:45:07.140822,2026-03-27 10:45:07.140822,2026-03-27 10:56:38.320206821,23862.97,23534.92475131884,CE,23900.0,ATM,257.52000000000044,283.01222332842593,25.492223328425496,1,50,12876.000000000022,1274.611166421275,1234.611166421275,9.89912369075235,True,TARGET_ACHIEVED,7.000187140217225,Multi-timeframe frozen,0.5,-0.05,0.2,0.02,0.5386823217662521,-0.05137481626175708,0.18349606275653946,0.02296707926412735,0.03868232176625208,-0.0013748162617570753,-0.016503937243460554,0.0029670792641273494,84.32218484069054,23748.561999999998,679052.0,839755.75,0.001111741797338306,0.004333911495509649,40,3.1999999999999997,1030.0800000000017,321.90000000000055
AI_ENHANCED_LOSING,FROZEN,2026-03-27 10:45:07.140822,2026-03-27 10:45:07.140822,2026-03-27 10:51:30.966408709,23862.97,23621.064600586,CE,23900.0,ATM,257.52000000000044,253.84042514958932,-3.6795748504111145,1,50,12876.000000000022,-183.97874252055573,-223.97874252055573,-1.428850128305028,False,STOP_LOSS,7.175769350972297,AI enhanced frozen,0.5,-0.05,0.2,0.02,0.5280844072120612,-0.05457170985790253,0.18426786301085285,0.018317541289579298,0.02808440721206118,-0.004571709857902527,-0.01573213698914716,-0.0016824587104207027,84.32218484069054,23748.561999999998,679052.0,839755.75,0.001111741797338306,0.004333911495509649,40,3.1999999999999997,1030.0800000000017,321.90000000000055
RSI_DIVERGENCE_LOSING,FROZEN,2026-03-27 10:45:07.140822,2026-03-27 10:45:07.140822,2026-03-27 10:52:25.010620329,23862.97,24334.75300335243,CE,23900.0,ATM,257.52000000000044,276.3234981181879,18.803498118187463,1,50,12876.000000000022,940.1749059093731,900.1749059093731,7.301762239122176,True,TARGET_ACHIEVED,6.001397711333148,RSI frozen,0.5,-0.05,0.2,0.02,0.4702448202849239,-0.04982590397125731,0.19362854718685266,0.016398640837295083,-0.029755179715076074,0.0001740960287426943,-0.006371452813147355,-0.0036013591627049174,84.32218484069054,23748.561999999998,679052.0,839755.75,0.001111741797338306,0.004333911495509649,40,3.1999999999999997,1030.0800000000017,321.90000000000055
STOCHASTIC_OVERSOLD_LOSING,FROZEN,2026-03-27 10:45:07.140822,2026-03-27 10:45:07.140822,2026-03-27 10:51:03.651814031,23862.97,23955.657875434106,CE,23900.0,ATM,257.52000000000044,283.81074112935624,26.29074112935581,1,50,12876.000000000022,1314.5370564677905,1274.5370564677905,10.20920360723663,True,TARGET_ACHIEVED,9.14310312222247,Stochastic frozen,0.5,-0.05,0.2,0.02,0.49003325067983966,-0.05487570173921852,0.21843557763354052,0.024947579531601233,-0.00996674932016034,-0.004875701739218516,0.018435577633540506,0.004947579531601232,84.32218484069054,23748.561999999998,679052.0,839755.75,0.001111741797338306,0.004333911495509649,40,3.1999999999999997,1030.0800000000017,321.90000000000055
TREND_FOLLOWING_OPTIMIZED,FROZEN,2026-03-27 10:45:07.140822,2026-03-27 10:45:07.140822,2026-03-27 10:54:56.629799991,23862.97,23837.727755306096,CE,23900.0,ATM,257.52000000000044,283.56293141123217,26.042931411231734,1,50,12876.000000000022,1302.1465705615867,1262.1465705615867,10.112974297620259,True,TARGET_ACHIEVED,6.843795259829118,Trend frozen,0.5,-0.05,0.2,0.02,0.5164415878473821,-0.048406374218642384,0.18784132977681073,0.021268531595913003,0.016441587847382144,0.0015936257813576188,-0.012158670223189283,0.0012685315959130028,84.32218484069054,23748.561999999998,679052.0,839755.75,0.001111741797338306,0.004333911495509649,40,3.1999999999999997,1030.0800000000017,321.90000000000055
STRONG_MOMENTUM_LOSING,FROZEN,2026-03-27 10:45:07.140822,2026-03-27 10:45:07.140822,2026-03-27 10:56:55.057945016,23862.97,23856.364386873684,CE,23900.0,ATM,257.52000000000044,283.8750228705792,26.35502287057875,1,50,12876.000000000022,1317.7511435289375,1277.7511435289375,10.234165451451812,True,TARGET_ACHIEVED,5.777837326046956,Strong momentum frozen,0.5,-0.05,0.2,0.02,0.45063484101803175,-0.049878423459509894,0.19374900345597107,0.02075909387812991,-0.04936515898196825,0.00012157654049010924,-0.006250996544028942,0.0007590938781299079,84.32218484069054,23748.561999999998,679052.0,839755.75,0.001111741797338306,0.004333911495509649,40,3.1999999999999997,1030.0800000000017,321.90000000000055
MACD_DIVERGENCE_LOSING,RE-OPTIMIZED,2026-03-27 10:45:07.140822,2026-03-27 10:45:07.140822,2026-03-27 10:50:39.660039003,23862.97,24296.22810007335,CE,23900.0,ATM,257.52000000000044,278.4635124080717,20.943512408071285,1,50,12876.000000000022,1047.1756204035642,1007.1756204035642,8.132771205370942,True,TARGET_ACHIEVED,11.71117299158692,MACD re-optimized,0.5,-0.05,0.2,0.02,0.5429356005863937,-0.04575691001996021,0.2088672018242145,0.020753166685710842,0.042935600586393674,0.004243089980039791,0.008867201824214493,0.0007531666857108418,84.32218484069054,23748.561999999998,679052.0,839755.75,0.001111741797338306,0.004333911495509649,40,3.1999999999999997,1030.0800000000017,321.90000000000055
CCI_EXTREME_LOSING,RE-OPTIMIZED,2026-03-27 10:45:07.140822,2026-03-27 10:45:07.140822,2026-03-27 10:53:39.345444132,23862.97,23709.658309324102,CE,23900.0,ATM,257.52000000000044,276.26128061246715,18.74128061246671,1,50,12876.000000000022,937.0640306233355,897.0640306233355,7.2776019775033705,True,TARGET_ACHIEVED,11.021492567077903,CCI re-optimized,0.5,-0.05,0.2,0.02,0.525832911182084,-0.04553699426150032,0.20496026817502622,0.019800328016548404,0.025832911182083973,0.004463005738499684,0.004960268175026206,-0.00019967198345159642,84.32218484069054,23748.561999999998,679052.0,839755.75,0.001111741797338306,0.004333911495509649,40,3.1999999999999997,1030.0800000000017,321.90000000000055
MOMENTUM_REVERSAL_LOSING,RE-OPTIMIZED,2026-03-27 10:45:07.140822,2026-03-27 10:45:07.140822,2026-03-27 10:50:40.540355798,23862.97,23613.99269848922,CE,23900.0,ATM,257.52000000000044,286.2816088979894,28.761608897988935,1,50,12876.000000000022,1438.0804448994468,1398.0804448994468,11.168689382567912,True,TARGET_ACHIEVED,8.810848066942803,Momentum re-optimized,0.5,-0.05,0.2,0.02,0.4792740417579607,-0.04772140797244894,0.1800084235394495,0.01966332766656369,-0.020725958242039322,0.0022785920275510615,-0.019991576460550498,-0.0003366723334363095,84.32218484069054,23748.561999999998,679052.0,839755.75,0.001111741797338306,0.004333911495509649,40,3.1999999999999997,1030.0800000000017,321.90000000000055
BOLLINGER_SQUEEZE_LOSING,RE-OPTIMIZED,2026-03-27 10:45:07.140822,2026-03-27 10:45:07.140822,2026-03-27 10:51:50.741962104,23862.97,23613.483664571126,CE,23900.0,ATM,257.52000000000044,276.7543229751332,19.234322975132784,1,50,12876.000000000022,961.7161487566392,921.7161487566392,7.4690598691879275,True,TARGET_ACHIEVED,6.982580485502696,Bollinger re-optimized,0.5,-0.05,0.2,0.02,0.5177857818901408,-0.055011375417848916,0.2157127595960087,0.018466721169721596,0.017785781890140795,-0.005011375417848914,0.01571275959600868,-0.001533278830278404,84.32218484069054,23748.561999999998,679052.0,839755.75,0.001111741797338306,0.004333911495509649,40,3.1999999999999997,1030.0800000000017,321.90000000000055
BREAKOUT_REVERSAL_LOSING,RE-OPTIMIZED,2026-03-27 10:45:07.140822,2026-03-27 10:45:07.140822,2026-03-27 10:52:07.774858511,23862.97,23485.73193956192,CE,23900.0,ATM,257.52000000000044,276.3459066652385,18.82590666523805,1,50,12876.000000000022,941.2953332619026,901.2953332619026,7.310463911633279,True,TARGET_ACHIEVED,8.591793248930955,Breakout re-optimized,0.5,-0.05,0.2,0.02,0.5149352892233287,-0.04848551817749089,0.2131006261735133,0.017660357394129977,0.014935289223328652,0.0015144818225091145,0.013100626173513291,-0.0023396426058700237,84.32218484069054,23748.561999999998,679052.0,839755.75,0.001111741797338306,0.004333911495509649,40,3.1999999999999997,1030.0800000000017,321.90000000000055
MULTI_TIMEFRAME_LOSING,FROZEN,2026-03-27 11:00:07.140822,2026-03-27 11:00:07.140822,2026-03-27 11:06:01.015685139,23874.76,24197.396045258687,CE,23900.0,ATM,257.52000000000044,284.6782893988486,27.158289398848183,1,50,12876.000000000022,1357.9144699424091,1317.9144699424091,10.546089390667962,True,TARGET_ACHIEVED,10.678317930281171,Multi-timeframe frozen,0.5,-0.05,0.2,0.02,0.4828840648050068,-0.055253306742990005,0.1822341273180614,0.022724363589682467,-0.017115935194993215,-0.005253306742990002,-0.017765872681938605,0.0027243635896824665,51.56911497883143,23852.100499999997,805715.0,967501.9,0.0008405048730417697,0.0025629577009359966,40,3.1999999999999997,1030.0800000000017,321.90000000000055
AI_ENHANCED_LOSING,FROZEN,2026-03-27 11:00:07.140822,2026-03-27 11:00:07.140822,2026-03-27 11:08:35.603802005,23874.76,24120.86559907654,CE,23900.0,ATM,257.52000000000044,280.4443825249686,22.924382524968166,1,50,12876.000000000022,1146.2191262484084,1106.2191262484084,8.901981409198559,True,TARGET_ACHIEVED,8.298328120528165,AI enhanced frozen,0.5,-0.05,0.2,0.02,0.5427588334431495,-0.05476991716380966,0.20090040981311788,0.019632724474356173,0.04275883344314946,-0.004769917163809659,0.0009004098131178695,-0.0003672755256438273,51.56911497883143,23852.100499999997,805715.0,967501.9,0.0008405048730417697,0.0025629577009359966,40,3.1999999999999997,1030.0800000000017,321.90000000000055
TREND_FOLLOWING_OPTIMIZED,FROZEN,2026-03-27 11:00:07.140822,2026-03-27 11:00:07.140822,2026-03-27 11:07:20.522122211,23874.76,23566.78786353704,CE,23900.0,ATM,257.52000000000044,285.6435390973539,28.123539097353444,1,50,12876.000000000022,1406.176954867672,1366.176954867672,10.920914529882491,True,TARGET_ACHIEVED,5.823214111138017,Trend frozen,0.5,-0.05,0.2,0.02,0.47655652211273114,-0.04124434923421996,0.21697217718601194,0.01791249087086213,-0.02344347788726886,0.00875565076578004,0.016972177186011933,-0.002087509129137872,51.56911497883143,23852.100499999997,805715.0,967501.9,0.0008405048730417697,0.0025629577009359966,40,3.1999999999999997,1030.0800000000017,321.90000000000055
MACD_DIVERGENCE_LOSING,RE-OPTIMIZED,2026-03-27 11:00:07.140822,2026-03-27 11:00:07.140822,2026-03-27 11:06:07.921080079,23874.76,23691.747332502757,CE,23900.0,ATM,257.52000000000044,279.57670051330007,22.05670051329963,1,50,12876.000000000022,1102.8350256649815,1062.8350256649815,8.565043691091795,True,TARGET_ACHIEVED,10.379652847464829,MACD re-optimized,0.5,-0.05,0.2,0.02,0.47081516041437504,-0.05452637413678287,0.19027561659984188,0.01656853743853809,-0.029184839585624955,-0.004526374136782869,-0.009724383400158132,-0.0034314625614619114,51.56911497883143,23852.100499999997,805715.0,967501.9,0.0008405048730417697,0.0025629577009359966,40,3.1999999999999997,1030.0800000000017,321.90000000000055
CCI_EXTREME_LOSING,RE-OPTIMIZED,2026-03-27 11:00:07.140822,2026-03-27 11:00:07.140822,2026-03-27 11:09:35.860663799,23874.76,23638.12172687969,CE,23900.0,ATM,257.52000000000044,281.93162317441096,24.411623174410522,1,50,12876.000000000022,1220.5811587205262,1180.5811587205262,9.479505737189532,True,TARGET_ACHIEVED,10.965264343227362,CCI re-optimized,0.5,-0.05,0.2,0.02,0.5466544709246763,-0.04510221829636803,0.20453692203446172,0.02335278497021606,0.04665447092467634,0.004897781703631976,0.00453692203446171,0.0033527849702160613,51.56911497883143,23852.100499999997,805715.0,967501.9,0.0008405048730417697,0.0025629577009359966,40,3.1999999999999997,1030.0800000000017,321.90000000000055
MOMENTUM_REVERSAL_LOSING,RE-OPTIMIZED,2026-03-27 11:00:07.140822,2026-03-27 11:00:07.140822,2026-03-27 11:05:51.077750486,23874.76,23529.149221945314,CE,23900.0,ATM,257.52000000000044,280.7229690929797,23.202969092979288,1,50,12876.000000000022,1160.1484546489644,1120.1484546489644,9.010161965276192,True,TARGET_ACHIEVED,7.328154442034772,Momentum re-optimized,0.5,-0.05,0.2,0.02,0.5359121147551477,-0.04846691598014424,0.21661631104926862,0.01858024077918062,0.03591211475514766,0.00153308401985576,0.01661631104926861,-0.0014197592208193797,51.56911497883143,23852.100499999997,805715.0,967501.9,0.0008405048730417697,0.0025629577009359966,40,3.1999999999999997,1030.0800000000017,321.90000000000055
MULTI_TIMEFRAME_LOSING,FROZEN,2026-03-27 11:15:07.140822,2026-03-27 11:15:07.140822,2026-03-27 11:24:19.222792947,23885.6,23964.57206842641,CE,23900.0,ATM,257.52000000000044,285.11929505819086,27.59929505819042,1,50,12876.000000000022,1379.964752909521,1339.964752909521,10.717340423342021,True,TARGET_ACHIEVED,6.512464920249239,Multi-timeframe frozen,0.5,-0.05,0.2,0.02,0.512345907723029,-0.04737613526654049,0.1936516218269477,0.023160389858617285,0.012345907723029015,0.002623864733459512,-0.00634837817305231,0.0031603898586172845,46.55395136778058,23854.708,631155.0,968762.9,0.0010905472770266211,0.0028443915999597537,40,3.1999999999999997,1030.0800000000017,321.90000000000055
AI_ENHANCED_LOSING,FROZEN,2026-03-27 11:15:07.140822,2026-03-27 11:15:07.140822,2026-03-27 11:22:25.826483346,23885.6,24078.39098131011,CE,23900.0,ATM,257.52000000000044,276.82530010916673,19.305300109166296,1,50,12876.000000000022,965.2650054583148,925.2650054583148,7.496621664012995,True,TARGET_ACHIEVED,8.55290532502704,AI enhanced frozen,0.5,-0.05,0.2,0.02,0.4534445579225386,-0.04161618711256723,0.1889892933115174,0.023277899150442195,-0.04655544207746137,0.00838381288743277,-0.011010706688482613,0.003277899150442194,46.55395136778058,23854.708,631155.0,968762.9,0.0010905472770266211,0.0028443915999597537,40,3.1999999999999997,1030.0800000000017,321.90000000000055
TREND_FOLLOWING_OPTIMIZED,FROZEN,2026-03-27 11:15:07.140822,2026-03-27 11:15:07.140822,2026-03-27 11:22:40.182778963,23885.6,24001.832143482505,CE,23900.0,ATM,257.52000000000044,280.76944574455626,23.24944574455583,1,50,12876.000000000022,1162.4722872277914,1122.4722872277914,9.028209748584883,True,TARGET_ACHIEVED,7.3050651604636565,Trend frozen,0.5,-0.05,0.2,0.02,0.511946392915604,-0.047961929770204276,0.20786270740007937,0.022991740282038296,0.011946392915603954,0.002038070229795727,0.007862707400079355,0.002991740282038295,46.55395136778058,23854.708,631155.0,968762.9,0.0010905472770266211,0.0028443915999597537,40,3.1999999999999997,1030.0800000000017,321.90000000000055
STRONG_MOMENTUM_LOSING,FROZEN,2026-03-27 11:15:07.140822,2026-03-27 11:15:07.140822,2026-03-27 11:24:02.242792685,23885.6,23955.229421774955,CE,23900.0,ATM,257.52000000000044,278.31781694005156,20.79781694005112,1,50,12876.000000000022,1039.890847002556,999.890847002556,8.076194835372432,True,TARGET_ACHIEVED,8.425743824033413,Strong momentum frozen,0.5,-0.05,0.2,0.02,0.47886283048953976,-0.04509372869335343,0.2137201921853981,0.02189701505619345,-0.02113716951046024,0.004906271306646573,0.013720192185398078,0.001897015056193451,46.55395136778058,23854.708,631155.0,968762.9,0.0010905472770266211,0.0028443915999597537,40,3.1999999999999997,1030.0800000000017,321.90000000000055
MACD_DIVERGENCE_LOSING,RE-OPTIMIZED,2026-03-27 11:15:07.140822,2026-03-27 11:15:07.140822,2026-03-27 11:25:00.232953103,23885.6,24074.11640029401,CE,23900.0,ATM,257.52000000000044,284.24254776717925,26.72254776717881,1,50,12876.000000000022,1336.1273883589406,1296.1273883589406,10.37688248181841,True,TARGET_ACHIEVED,11.599035510984276,MACD re-optimized,0.5,-0.05,0.2,0.02,0.47983854000600895,-0.05523032623458763,0.2006935511563536,0.020069982039103637,-0.02016145999399105,-0.0052303262345876275,0.0006935511563535834,6.998203910363668e-05,46.55395136778058,23854.708,631155.0,968762.9,0.0010905472770266211,0.0028443915999597537,40,3.1999999999999997,1030.0800000000017,321.90000000000055
CCI_EXTREME_LOSING,RE-OPTIMIZED,2026-03-27 11:15:07.140822,2026-03-27 11:15:07.140822,2026-03-27 11:25:55.370049218,23885.6,24046.11361986575,CE,23900.0,ATM,257.52000000000044,279.50248675427923,21.982486754278796,1,50,12876.000000000022,1099.12433771394,1059.12433771394,8.536225052143042,True,TARGET_ACHIEVED,7.889281197590703,CCI re-optimized,0.5,-0.05,0.2,0.02,0.5387491521269627,-0.04697042333949772,0.20942853833441782,0.017222691664485465,0.03874915212696273,0.003029576660502284,0.009428538334417813,-0.0027773083355145355,46.55395136778058,23854.708,631155.0,968762.9,0.0010905472770266211,0.0028443915999597537,40,3.1999999999999997,1030.0800000000017,321.90000000000055
MOMENTUM_REVERSAL_LOSING,RE-OPTIMIZED,2026-03-27 11:15:07.140822,2026-03-27 11:15:07.140822,2026-03-27 11:24:36.772473665,23885.6,23700.737957641424,CE,23900.0,ATM,257.52000000000044,284.7259748448628,27.20597484486234,1,50,12876.000000000022,1360.298742243117,1320.298742243117,10.56460657225159,True,TARGET_ACHIEVED,6.068404030641413,Momentum re-optimized,0.5,-0.05,0.2,0.02,0.459484978081213,-0.040501860899909904,0.18199322766939577,0.01618150618761198,-0.040515021918786975,0.009498139100090099,-0.018006772330604243,-0.0038184938123880206,46.55395136778058,23854.708,631155.0,968762.9,0.0010905472770266211,0.0028443915999597537,40,3.1999999999999997,1030.0800000000017,321.90000000000055
MULTI_TIMEFRAME_LOSING,FROZEN,2026-03-27 11:30:07.140822,2026-03-27 11:30:07.140822,2026-03-27 11:40:44.881188165,23992.26,24106.57795171177,PE,24000.0,ATM,207.52000000000044,222.5500687834383,15.030068783437855,1,50,10376.000000000022,751.5034391718928,711.5034391718928,7.242708550230254,True,TARGET_ACHIEVED,5.895535451863331,Multi-timeframe frozen,0.5,-0.05,0.2,0.02,0.46520818818984244,-0.043964015590823406,0.18528888749215772,0.02428042867088165,-0.03479181181015756,0.0060359844091765966,-0.014711112507842294,0.004280428670881648,70.9987765543304,23951.8425,1033882.0,907829.1,-3.417652089698908e-05,0.005584300937052182,40,3.1999999999999997,830.0800000000017,259.40000000000055
AI_ENHANCED_LOSING,FROZEN,2026-03-27 11:30:07.140822,2026-03-27 11:30:07.140822,2026-03-27 11:40:01.647897375,23992.26,24022.529022843704,PE,24000.0,ATM,207.52000000000044,229.2485034603807,21.728503460380267,1,50,10376.000000000022,1086.4251730190133,1046.4251730190133,10.470558722234108,True,TARGET_ACHIEVED,7.051205468644254,AI enhanced frozen,0.5,-0.05,0.2,0.02,0.5376048949343724,-0.053187204761873656,0.1998045346750302,0.024476674739554553,0.03760489493437236,-0.0031872047618736535,-0.00019546532496980684,0.004476674739554553,70.9987765543304,23951.8425,1033882.0,907829.1,-3.417652089698908e-05,0.005584300937052182,40,3.1999999999999997,830.0800000000017,259.40000000000055
RSI_DIVERGENCE_LOSING,FROZEN,2026-03-27 11:30:07.140822,2026-03-27 11:30:07.140822,2026-03-27 11:40:14.927728836,23992.26,24063.369941771078,PE,24000.0,ATM,207.52000000000044,227.9199779199323,20.39997791993187,1,50,10376.000000000022,1019.9988959965935,979.9988959965935,9.830367154940165,True,TARGET_ACHIEVED,10.549623490683903,RSI frozen,0.5,-0.05,0.2,0.02,0.45758643968111873,-0.05012275662985368,0.18887647404421193,0.021237292325716348,-0.04241356031888127,-0.0001227566298536778,-0.011123525955788083,0.0012372923257163472,70.9987765543304,23951.8425,1033882.0,907829.1,-3.417652089698908e-05,0.005584300937052182,40,3.1999999999999997,830.0800000000017,259.40000000000055
STOCHASTIC_OVERSOLD_LOSING,FROZEN,2026-03-27 11:30:07.140822,2026-03-27 11:30:07.140822,2026-03-27 11:38:20.190710982,23992.26,24045.070615762277,PE,24000.0,ATM,207.52000000000044,229.36056391861683,21.840563918616397,1,50,10376.000000000022,1092.02819593082,1052.02819593082,10.524558557544502,True,TARGET_ACHIEVED,11.988826573808446,Stochastic frozen,0.5,-0.05,0.2,0.02,0.46157471495784885,-0.059552182164621506,0.20721055566258786,0.017618051040963638,-0.03842528504215115,-0.009552182164621503,0.007210555662587853,-0.0023819489590363625,70.9987765543304,23951.8425,1033882.0,907829.1,-3.417652089698908e-05,0.005584300937052182,40,3.1999999999999997,830.0800000000017,259.40000000000055
TREND_FOLLOWING_OPTIMIZED,FROZEN,2026-03-27 11:30:07.140822,2026-03-27 11:30:07.140822,2026-03-27 11:36:17.468953663,23992.26,23671.32726408814,PE,24000.0,ATM,207.52000000000044,230.6555671064957,23.135567106495273,1,50,10376.000000000022,1156.7783553247637,1116.7783553247637,11.148596331194693,True,TARGET_ACHIEVED,6.249012692042203,Trend frozen,0.5,-0.05,0.2,0.02,0.4836085629439108,-0.0414936547479345,0.19061844638639408,0.02051696895442951,-0.016391437056089198,0.008506345252065506,-0.00938155361360593,0.0005169689544295107,70.9987765543304,23951.8425,1033882.0,907829.1,-3.417652089698908e-05,0.005584300937052182,40,3.1999999999999997,830.0800000000017,259.40000000000055
HIGH_VOLUME_LOSING,FROZEN,2026-03-27 11:30:07.140822,2026-03-27 11:30:07.140822,2026-03-27 11:39:51.119168860,23992.26,24130.771209202474,PE,24000.0,ATM,207.52000000000044,228.6758445501964,21.15584455019595,1,50,10376.000000000022,1057.7922275097976,1017.7922275097976,10.194605122492245,True,TARGET_ACHIEVED,11.425252275348218,High volume frozen,0.5,-0.05,0.2,0.02,0.4634708765930241,-0.05544312616342053,0.19026422190321948,0.017027697756324428,-0.036529123406975894,-0.005443126163420527,-0.009735778096780529,-0.0029723022436755724,70.9987765543304,23951.8425,1033882.0,907829.1,-3.417652089698908e-05,0.005584300937052182,40,3.1999999999999997,830.0800000000017,259.40000000000055
WILLIAMS_REVERSAL_LOSING,RE-OPTIMIZED,2026-03-27 11:30:07.140822,2026-03-27 11:30:07.140822,2026-03-27 11:40:20.194406091,23992.26,24398.895688467863,PE,24000.0,ATM,207.52000000000044,223.0830283625207,15.56302836252027,1,50,10376.000000000022,778.1514181260136,738.1514181260136,7.499531786102659,True,TARGET_ACHIEVED,8.977855659578578,Williams re-optimized,0.5,-0.05,0.2,0.02,0.5245138908606206,-0.05368278583641769,0.19485824408594418,0.022005606996643196,0.024513890860620613,-0.003682785836417686,-0.005141755914055829,0.002005606996643195,70.9987765543304,23951.8425,1033882.0,907829.1,-3.417652089698908e-05,0.005584300937052182,40,3.1999999999999997,830.0800000000017,259.40000000000055
DAY_HIGH_LOW_OPTIMIZED,RE-OPTIMIZED,2026-03-27 11:30:07.140822,2026-03-27 11:30:07.140822,2026-03-27 11:37:34.863094397,23992.26,23543.40442794129,PE,24000.0,ATM,207.52000000000044,225.13992914148005,17.619929141479616,1,50,10376.000000000022,880.9964570739808,840.9964570739808,8.490713734329018,True,TARGET_ACHIEVED,10.263151007999792,Day high-low re-optimized,0.5,-0.05,0.2,0.02,0.45838853980576516,-0.05324271528569235,0.21769185598334498,0.02240424200749635,-0.04161146019423484,-0.003242715285692345,0.017691855983344967,0.002404242007496348,70.9987765543304,23951.8425,1033882.0,907829.1,-3.417652089698908e-05,0.005584300937052182,40,3.1999999999999997,830.0800000000017,259.40000000000055
MULTI_TIMEFRAME_LOSING,FROZEN,2026-03-27 11:45:07.140822,2026-03-27 11:45:07.140822,2026-03-27 11:52:22.349100308,24162.44,24247.003997014963,CE,24100.0,ITM,157.52000000000044,169.4252967593731,11.905296759372675,1,50,7876.000000000022,595.2648379686337,555.2648379686337,7.5579588365748105,True,TARGET_ACHIEVED,10.028639526540559,Multi-timeframe frozen,0.5,-0.05,0.2,0.02,0.4778896807455841,-0.05702996400830486,0.20467165852857072,0.023087072512357146,-0.022110319254415922,-0.0070299640083048565,0.00467165852857071,0.003087072512357146,84.25003351056795,24068.9125,1356848.0,1114104.5,0.00039415524085706366,0.006804362473326364,40,3.1999999999999997,630.0800000000017,196.90000000000055
AI_ENHANCED_LOSING,FROZEN,2026-03-27 11:45:07.140822,2026-03-27 11:45:07.140822,2026-03-27 11:52:46.128009298,24162.44,23700.826231236562,CE,24100.0,ITM,157.52000000000044,170.4952949051728,12.975294905172376,1,50,7876.000000000022,648.7647452586189,608.7647452586189,8.237236481191177,True,TARGET_ACHIEVED,9.810488304905459,AI enhanced frozen,0.5,-0.05,0.2,0.02,0.45041502560035457,-0.049040966324017325,0.1907220481404353,0.01839964274183247,-0.04958497439964543,0.0009590336759826776,-0.009277951859564704,-0.0016003572581675292,84.25003351056795,24068.9125,1356848.0,1114104.5,0.00039415524085706366,0.006804362473326364,40,3.1999999999999997,630.0800000000017,196.90000000000055
RSI_DIVERGENCE_LOSING,FROZEN,2026-03-27 11:45:07.140822,2026-03-27 11:45:07.140822,2026-03-27 11:54:55.876162633,24162.44,24032.16397240001,CE,24100.0,ITM,157.52000000000044,171.71508472088377,14.19508472088333,1,50,7876.000000000022,709.7542360441664,669.7542360441664,9.011607872576999,True,TARGET_ACHIEVED,8.500571653309539,RSI frozen,0.5,-0.05,0.2,0.02,0.5475970232885049,-0.05518504689342028,0.20758373659788645,0.023879280300396308,0.0475970232885049,-0.005185046893420274,0.007583736597886442,0.0038792803003963074,84.25003351056795,24068.9125,1356848.0,1114104.5,0.00039415524085706366,0.006804362473326364,40,3.1999999999999997,630.0800000000017,196.90000000000055
STOCHASTIC_OVERSOLD_LOSING,FROZEN,2026-03-27 11:45:07.140822,2026-03-27 11:45:07.140822,2026-03-27 11:52:40.233085003,24162.44,24183.174284657667,CE,24100.0,ITM,157.52000000000044,174.59258879321592,17.072588793215488,1,50,7876.000000000022,853.6294396607743,813.6294396607743,10.838362616312493,True,TARGET_ACHIEVED,11.363716556873726,Stochastic frozen,0.5,-0.05,0.2,0.02,0.4576187968537969,-0.04393285717778873,0.19571008449776184,0.016223384325381486,-0.042381203146203084,0.006067142822211276,-0.004289915502238173,-0.0037766156746185144,84.25003351056795,24068.9125,1356848.0,1114104.5,0.00039415524085706366,0.006804362473326364,40,3.1999999999999997,630.0800000000017,196.90000000000055
TREND_FOLLOWING_OPTIMIZED,FROZEN,2026-03-27 11:45:07.140822,2026-03-27 11:45:07.140822,2026-03-27 11:51:38.459154142,24162.44,23693.98592675643,CE,24100.0,ITM,157.52000000000044,175.0751962877511,17.555196287750675,1,50,7876.000000000022,877.7598143875338,837.7598143875338,11.144741167947325,True,TARGET_ACHIEVED,8.376792828358832,Trend frozen,0.5,-0.05,0.2,0.02,0.4947818486129763,-0.04976991532729803,0.19534829776476834,0.02307790869742479,-0.005218151387023695,0.0002300846727019759,-0.004651702235231675,0.003077908697424789,84.25003351056795,24068.9125,1356848.0,1114104.5,0.00039415524085706366,0.006804362473326364,40,3.1999999999999997,630.0800000000017,196.90000000000055
VOLUME_SPIKE_LOSING,FROZEN,2026-03-27 11:45:07.140822,2026-03-27 11:45:07.140822,2026-03-27 11:55:40.902947549,24162.44,24050.2293951004,CE,24100.0,ITM,157.52000000000044,171.82605231843226,14.306052318431824,1,50,7876.000000000022,715.3026159215913,675.3026159215913,9.08205454445898,True,TARGET_ACHIEVED,11.862698177409603,Volume frozen,0.5,-0.05,0.2,0.02,0.534077226020661,-0.05750124069853076,0.19610774446434678,0.019426203946692932,0.03407722602066099,-0.00750124069853076,-0.0038922555356532273,-0.0005737960533070685,84.25003351056795,24068.9125,1356848.0,1114104.5,0.00039415524085706366,0.006804362473326364,40,3.1999999999999997,630.0800000000017,196.90000000000055
HIGH_VOLUME_LOSING,FROZEN,2026-03-27 11:45:07.140822,2026-03-27 11:45:07.140822,2026-03-27 11:55:47.257452216,24162.44,24392.08339117094,CE,24100.0,ITM,157.52000000000044,155.9194380311867,-1.6005619688137358,1,50,7876.000000000022,-80.02809844068679,-120.02809844068679,-1.0161007927969345,False,STOP_LOSS,5.23599509771863,High volume frozen,0.5,-0.05,0.2,0.02,0.49828164481062454,-0.04677751120529195,0.1871662024787655,0.018424769127240732,-0.0017183551893754645,0.003222488794708052,-0.012833797521234508,-0.001575230872759268,84.25003351056795,24068.9125,1356848.0,1114104.5,0.00039415524085706366,0.006804362473326364,40,3.1999999999999997,630.0800000000017,196.90000000000055
WILLIAMS_REVERSAL_LOSING,RE-OPTIMIZED,2026-03-27 11:45:07.140822,2026-03-27 11:45:07.140822,2026-03-27 11:50:13.590637327,24162.44,24212.086820108776,CE,24100.0,ITM,157.52000000000044,169.30298586569793,11.782985865697498,1,50,7876.000000000022,589.1492932848748,549.1492932848748,7.48031098634933,True,TARGET_ACHIEVED,9.282564959090864,Williams re-optimized,0.5,-0.05,0.2,0.02,0.46907112428062125,-0.0527017153532247,0.1945764180365328,0.02265040166210968,-0.030928875719378746,-0.0027017153532247,-0.0054235819634672056,0.0026504016621096797,84.25003351056795,24068.9125,1356848.0,1114104.5,0.00039415524085706366,0.006804362473326364,40,3.1999999999999997,630.0800000000017,196.90000000000055
DAY_HIGH_LOW_OPTIMIZED,RE-OPTIMIZED,2026-03-27 11:45:07.140822,2026-03-27 11:45:07.140822,2026-03-27 11:51:14.210217574,24162.44,24495.01001198454,CE,24100.0,ITM,157.52000000000044,172.19843878506765,14.678438785067215,1,50,7876.000000000022,733.9219392533607,693.9219392533607,9.318460376502777,True,TARGET_ACHIEVED,9.159443135424121,Day high-low re-optimized,0.5,-0.05,0.2,0.02,0.5033249252995291,-0.04862640938471554,0.2060783914279013,0.01835386847365305,0.0033249252995291023,0.0013735906152844632,0.006078391427901286,-0.0016461315263469507,84.25003351056795,24068.9125,1356848.0,1114104.5,0.00039415524085706366,0.006804362473326364,40,3.1999999999999997,630.0800000000017,196.90000000000055
BOLLINGER_SQUEEZE_LOSING,RE-OPTIMIZED,2026-03-27 11:45:07.140822,2026-03-27 11:45:07.140822,2026-03-27 11:52:07.293848644,24162.44,24422.992716694873,CE,24100.0,ITM,157.52000000000044,174.75082330933822,17.23082330933778,1,50,7876.000000000022,861.541165466889,821.541165466889,10.938816219742083,True,TARGET_ACHIEVED,10.834899033482351,Bollinger re-optimized,0.5,-0.05,0.2,0.02,0.5159949438413476,-0.04218807207485347,0.19057150376895476,0.024786484196785568,0.015994943841347586,0.007811927925146532,-0.009428496231045247,0.004786484196785568,84.25003351056795,24068.9125,1356848.0,1114104.5,0.00039415524085706366,0.006804362473326364,40,3.1999999999999997,630.0800000000017,196.90000000000055
BREAKOUT_REVERSAL_LOSING,RE-OPTIMIZED,2026-03-27 11:45:07.140822,2026-03-27 11:45:07.140822,2026-03-27 11:55:09.208451607,24162.44,24084.154574666976,CE,24100.0,ITM,157.52000000000044,169.27027503172525,11.750275031724811,1,50,7876.000000000022,587.5137515862406,547.5137515862406,7.459544839845593,True,TARGET_ACHIEVED,7.084335706158194,Breakout re-optimized,0.5,-0.05,0.2,0.02,0.5403593560080702,-0.05445130616906177,0.18997013996269033,0.02154990311219265,0.04035935600807017,-0.004451306169061767,-0.010029860037309685,0.0015499031121926493,84.25003351056795,24068.9125,1356848.0,1114104.5,0.00039415524085706366,0.006804362473326364,40,3.1999999999999997,630.0800000000017,196.90000000000055
MULTI_TIMEFRAME_LOSING,FROZEN,2026-03-27 12:00:07.140822,2026-03-27 12:00:07.140822,2026-03-27 12:09:01.207923744,24189.78,24112.789150956247,PE,24200.0,ATM,107.52000000000044,116.22380699861817,8.703806998617736,1,50,5376.000000000022,435.1903499308868,395.1903499308868,8.095058592464378,True,TARGET_ACHIEVED,5.282742431252471,Multi-timeframe frozen,0.5,-0.05,0.2,0.02,0.5130563626529728,-0.04933552613405727,0.20603249320828718,0.023780837749981725,0.01305636265297283,0.0006644738659427329,0.006032493208287165,0.0037808377499817247,59.12080499184848,24167.517,1059341.0,1091930.55,-0.0001624389149080807,0.0017722360434860914,40,3.1999999999999997,430.08000000000175,134.40000000000055
AI_ENHANCED_LOSING,FROZEN,2026-03-27 12:00:07.140822,2026-03-27 12:00:07.140822,2026-03-27 12:08:37.391991900,24189.78,23954.652690259438,PE,24200.0,ATM,107.52000000000044,119.12672429995568,11.606724299955246,1,50,5376.000000000022,580.3362149977623,540.3362149977623,10.794944475404762,True,TARGET_ACHIEVED,8.219789215253872,AI enhanced frozen,0.5,-0.05,0.2,0.02,0.5178229446729165,-0.05289144454180674,0.21941790655951268,0.024787273468184306,0.017822944672916452,-0.0028914445418067383,0.01941790655951267,0.0047872734681843054,59.12080499184848,24167.517,1059341.0,1091930.55,-0.0001624389149080807,0.0017722360434860914,40,3.1999999999999997,430.08000000000175,134.40000000000055
RSI_DIVERGENCE_LOSING,FROZEN,2026-03-27 12:00:07.140822,2026-03-27 12:00:07.140822,2026-03-27 12:07:38.991051180,24189.78,24295.84766015554,PE,24200.0,ATM,107.52000000000044,115.84296306249854,8.322963062498104,1,50,5376.000000000022,416.1481531249052,376.1481531249052,7.7408510625912115,True,TARGET_ACHIEVED,8.172836155233124,RSI frozen,0.5,-0.05,0.2,0.02,0.4628976865359391,-0.05879367010703131,0.20125412920218147,0.01816525875437519,-0.0371023134640609,-0.008793670107031304,0.0012541292021814587,-0.0018347412456248095,59.12080499184848,24167.517,1059341.0,1091930.55,-0.0001624389149080807,0.0017722360434860914,40,3.1999999999999997,430.08000000000175,134.40000000000055
TREND_FOLLOWING_OPTIMIZED,FROZEN,2026-03-27 12:00:07.140822,2026-03-27 12:00:07.140822,2026-03-27 12:07:47.206729307,24189.78,23843.49707819125,PE,24200.0,ATM,107.52000000000044,115.77951094722007,8.259510947219638,1,50,5376.000000000022,412.9755473609819,372.9755473609819,7.681836818470615,True,TARGET_ACHIEVED,7.706645983151661,Trend frozen,0.5,-0.05,0.2,0.02,0.4857903289747345,-0.0555117621608869,0.19892282296280572,0.024691990188069068,-0.014209671025265491,-0.0055117621608868975,-0.001077177037194288,0.004691990188069067,59.12080499184848,24167.517,1059341.0,1091930.55,-0.0001624389149080807,0.0017722360434860914,40,3.1999999999999997,430.08000000000175,134.40000000000055
MULTI_TIMEFRAME_LOSING,FROZEN,2026-03-27 12:15:07.140822,2026-03-27 12:15:07.140822,2026-03-27 12:22:25.846560984,24374.59,24139.59691677858,PE,24300.0,ITM,57.52000000000044,56.48971958811455,-1.030280411885883,1,50,2876.000000000022,-51.51402059429415,-91.51402059429415,-1.7911690053648737,False,STOP_LOSS,10.90785694354426,Multi-timeframe frozen,0.5,-0.05,0.2,0.02,0.5335737868772176,-0.0550232112644657,0.20687766227581028,0.02413632236095561,0.03357378687721757,-0.005023211264465699,0.00687766227581027,0.0041363223609556105,82.30647709320772,24270.559,664611.0,1008332.95,-0.0005035496560238384,0.006380004750849076,40,3.1999999999999997,230.08000000000175,71.90000000000055
AI_ENHANCED_LOSING,FROZEN,2026-03-27 12:15:07.140822,2026-03-27 12:15:07.140822,2026-03-27 12:22:28.241075709,24374.59,23916.369612368395,PE,24300.0,ITM,57.52000000000044,56.51794810106295,-1.0020518989374878,1,50,2876.000000000022,-50.10259494687439,-90.10259494687439,-1.7420930092793465,False,STOP_LOSS,11.347095550179976,AI enhanced frozen,0.5,-0.05,0.2,0.02,0.5120697096777089,-0.05286968129130971,0.18710650568806048,0.019924622348969162,0.012069709677708929,-0.0028696812913097045,-0.012893494311939535,-7.537765103083835e-05,82.30647709320772,24270.559,664611.0,1008332.95,-0.0005035496560238384,0.006380004750849076,40,3.1999999999999997,230.08000000000175,71.90000000000055
RSI_DIVERGENCE_LOSING,FROZEN,2026-03-27 12:15:07.140822,2026-03-27 12:15:07.140822,2026-03-27 12:25:58.570338347,24374.59,24264.96924611264,PE,24300.0,ITM,57.52000000000044,62.073212932861644,4.553212932861207,1,50,2876.000000000022,227.66064664306037,187.66064664306037,7.915877838771163,True,TARGET_ACHIEVED,8.288942392653965,RSI frozen,0.5,-0.05,0.2,0.02,0.4931762195582229,-0.04196500229385463,0.197096563349964,0.019698252442029555,-0.006823780441777116,0.008034997706145373,-0.0029034366500360065,-0.00030174755797044567,82.30647709320772,24270.559,664611.0,1008332.95,-0.0005035496560238384,0.006380004750849076,40,3.1999999999999997,230.08000000000175,71.90000000000055
STOCHASTIC_OVERSOLD_LOSING,FROZEN,2026-03-27 12:15:07.140822,2026-03-27 12:15:07.140822,2026-03-27 12:24:37.074631927,24374.59,24140.794953232544,PE,24300.0,ITM,57.52000000000044,63.47220409517834,5.952204095177905,1,50,2876.000000000022,297.61020475889524,257.61020475889524,10.348059970754274,True,TARGET_ACHIEVED,10.767571728587637,Stochastic frozen,0.5,-0.05,0.2,0.02,0.48195241441662856,-0.040793110581105456,0.1938153853275198,0.01654314612475353,-0.01804758558337144,0.009206889418894547,-0.006184614672480215,-0.003456853875246472,82.30647709320772,24270.559,664611.0,1008332.95,-0.0005035496560238384,0.006380004750849076,40,3.1999999999999997,230.08000000000175,71.90000000000055
TREND_FOLLOWING_OPTIMIZED,FROZEN,2026-03-27 12:15:07.140822,2026-03-27 12:15:07.140822,2026-03-27 12:24:22.064622177,24374.59,24806.417250222727,PE,24300.0,ITM,57.52000000000044,63.58775266803288,6.0677526680324405,1,50,2876.000000000022,303.387633401622,263.387633401622,10.548944137747556,True,TARGET_ACHIEVED,10.124547128452612,Trend frozen,0.5,-0.05,0.2,0.02,0.4595536018497055,-0.05094345046279247,0.19131206668530715,0.01656511438138882,-0.040446398150294494,-0.0009434504627924695,-0.008687933314692864,-0.0034348856186111817,82.30647709320772,24270.559,664611.0,1008332.95,-0.0005035496560238384,0.006380004750849076,40,3.1999999999999997,230.08000000000175,71.90000000000055
MACD_DIVERGENCE_LOSING,RE-OPTIMIZED,2026-03-27 12:15:07.140822,2026-03-27 12:15:07.140822,2026-03-27 12:22:42.342969596,24374.59,24470.874450385803,PE,24300.0,ITM,57.52000000000044,62.90689602059051,5.386896020590072,1,50,2876.000000000022,269.3448010295036,229.34480102950363,9.365257337604367,True,TARGET_ACHIEVED,7.9387919730617735,MACD re-optimized,0.5,-0.05,0.2,0.02,0.4539526872978057,-0.05719603246057928,0.20714737818104462,0.02027963230728934,-0.04604731270219431,-0.007196032460579274,0.007147378181044606,0.0002796323072893382,82.30647709320772,24270.559,664611.0,1008332.95,-0.0005035496560238384,0.006380004750849076,40,3.1999999999999997,230.08000000000175,71.90000000000055
WILLIAMS_REVERSAL_LOSING,RE-OPTIMIZED,2026-03-27 12:15:07.140822,2026-03-27 12:15:07.140822,2026-03-27 12:24:14.365713721,24374.59,23989.240597427794,PE,24300.0,ITM,57.52000000000044,62.1235164000933,4.603516400092865,1,50,2876.000000000022,230.17582000464324,190.17582000464324,8.003331710870706,True,TARGET_ACHIEVED,9.407640464320995,Williams re-optimized,0.5,-0.05,0.2,0.02,0.5132828647736377,-0.05636792356831996,0.19618099494313668,0.01703726330054588,0.013282864773637715,-0.006367923568319958,-0.003819005056863334,-0.00296273669945412,82.30647709320772,24270.559,664611.0,1008332.95,-0.0005035496560238384,0.006380004750849076,40,3.1999999999999997,230.08000000000175,71.90000000000055
DAY_HIGH_LOW_OPTIMIZED,RE-OPTIMIZED,2026-03-27 12:15:07.140822,2026-03-27 12:15:07.140822,2026-03-27 12:22:55.911071415,24374.59,24236.1704424522,PE,24300.0,ITM,57.52000000000044,61.923806234777594,4.403806234777157,1,50,2876.000000000022,220.19031173885787,180.19031173885787,7.656130449890688,True,TARGET_ACHIEVED,11.458531684667399,Day high-low re-optimized,0.5,-0.05,0.2,0.02,0.4589860320261002,-0.045215546570993234,0.20904367999379841,0.020227704781161697,-0.04101396797389978,0.004784453429006769,0.009043679993798404,0.00022770478116169654,82.30647709320772,24270.559,664611.0,1008332.95,-0.0005035496560238384,0.006380004750849076,40,3.1999999999999997,230.08000000000175,71.90000000000055
BOLLINGER_SQUEEZE_LOSING,RE-OPTIMIZED,2026-03-27 12:15:07.140822,2026-03-27 12:15:07.140822,2026-03-27 12:22:54.234901351,24374.59,24234.250616714875,PE,24300.0,ITM,57.52000000000044,61.863673187974875,4.343673187974439,1,50,2876.000000000022,217.18365939872194,177.18365939872194,7.551587600789997,True,TARGET_ACHIEVED,8.908305232028741,Bollinger re-optimized,0.5,-0.05,0.2,0.02,0.47760580251022516,-0.04865133347115155,0.19624352127875327,0.01542142669289352,-0.022394197489774836,0.0013486665288484495,-0.0037564787212467365,-0.00457857330710648,82.30647709320772,24270.559,664611.0,1008332.95,-0.0005035496560238384,0.006380004750849076,40,3.1999999999999997,230.08000000000175,71.90000000000055
BREAKOUT_REVERSAL_LOSING,RE-OPTIMIZED,2026-03-27 12:15:07.140822,2026-03-27 12:15:07.140822,2026-03-27 12:23:21.964887688,24374.59,24392.38288840715,PE,24300.0,ITM,57.52000000000044,61.937548365267,4.417548365266562,1,50,2876.000000000022,220.87741826332808,180.87741826332808,7.680021497334019,True,TARGET_ACHIEVED,7.164576511620286,Breakout re-optimized,0.5,-0.05,0.2,0.02,0.5438138745764053,-0.04669522621766441,0.18912203220552373,0.02015144236819498,0.04381387457640529,0.003304773782335596,-0.010877967794476279,0.0001514423681949796,82.30647709320772,24270.559,664611.0,1008332.95,-0.0005035496560238384,0.006380004750849076,40,3.1999999999999997,230.08000000000175,71.90000000000055
MULTI_TIMEFRAME_LOSING,FROZEN,2026-03-27 12:30:07.140822,2026-03-27 12:30:07.140822,2026-03-27 12:37:10.994994263,24354.77,24713.405349573888,CE,24300.0,ITM,57.52000000000044,63.41783854269584,5.897838542695403,1,50,2876.000000000022,294.8919271347702,254.89192713477019,10.253544058927954,True,TARGET_ACHIEVED,8.263313899134983,Multi-timeframe frozen,0.5,-0.05,0.2,0.02,0.5455382441057262,-0.047163318537094004,0.21229376332102545,0.024494894211230495,0.045538244105726156,0.002836681462905999,0.012293763321025442,0.004494894211230494,48.96367283262727,24364.795000000002,1235084.0,925134.65,0.000588732167536854,0.005826784650399074,40,3.1999999999999997,230.08000000000175,71.90000000000055
AI_ENHANCED_LOSING,FROZEN,2026-03-27 12:30:07.140822,2026-03-27 12:30:07.140822,2026-03-27 12:39:12.502737888,24354.77,24229.734650238388,CE,24300.0,ITM,57.52000000000044,63.16100360494433,5.64100360494389,1,50,2876.000000000022,282.0501802471945,242.05018024719448,9.807029911237564,True,TARGET_ACHIEVED,10.980734520548815,AI enhanced frozen,0.5,-0.05,0.2,0.02,0.5211550194545203,-0.058992410288220734,0.21223103632547063,0.023123089225877413,0.021155019454520252,-0.008992410288220731,0.012231036325470623,0.003123089225877413,48.96367283262727,24364.795000000002,1235084.0,925134.65,0.000588732167536854,0.005826784650399074,40,3.1999999999999997,230.08000000000175,71.90000000000055
TREND_FOLLOWING_OPTIMIZED,FROZEN,2026-03-27 12:30:07.140822,2026-03-27 12:30:07.140822,2026-03-27 12:41:23.784110283,24354.77,24061.338305005745,CE,24300.0,ITM,57.52000000000044,56.512098731616355,-1.0079012683840816,1,50,2876.000000000022,-50.39506341920408,-90.39506341920408,-1.7522622885675834,False,STOP_LOSS,8.691006031979306,Trend frozen,0.5,-0.05,0.2,0.02,0.4931818975125513,-0.04630033542009734,0.21186874373673284,0.024365486122092377,-0.006818102487448685,0.003699664579902666,0.011868743736732829,0.004365486122092376,48.96367283262727,24364.795000000002,1235084.0,925134.65,0.000588732167536854,0.005826784650399074,40,3.1999999999999997,230.08000000000175,71.90000000000055
VOLUME_SPIKE_LOSING,FROZEN,2026-03-27 12:30:07.140822,2026-03-27 12:30:07.140822,2026-03-27 12:41:48.306623999,24354.77,24811.125232468974,CE,24300.0,ITM,57.52000000000044,63.286930250623435,5.766930250622998,1,50,2876.000000000022,288.3465125311499,248.34651253114993,10.025956624866055,True,TARGET_ACHIEVED,11.410007430311014,Volume frozen,0.5,-0.05,0.2,0.02,0.5448481746934872,-0.054613503287182896,0.19085870760335705,0.02012276978725067,0.04484817469348723,-0.0046135032871828935,-0.009141292396642964,0.00012276978725066917,48.96367283262727,24364.795000000002,1235084.0,925134.65,0.000588732167536854,0.005826784650399074,40,3.1999999999999997,230.08000000000175,71.90000000000055
HIGH_VOLUME_LOSING,FROZEN,2026-03-27 12:30:07.140822,2026-03-27 12:30:07.140822,2026-03-27 12:41:36.355292617,24354.77,24472.178806337888,CE,24300.0,ITM,57.52000000000044,61.876531764900605,4.3565317649001685,1,50,2876.000000000022,217.82658824500842,177.82658824500842,7.573942567628886,True,TARGET_ACHIEVED,5.369982485494613,High volume frozen,0.5,-0.05,0.2,0.02,0.4605121105503754,-0.04327009702367579,0.19522949154201522,0.02442356329963216,-0.039487889449624614,0.006729902976324212,-0.004770508457984796,0.004423563299632161,48.96367283262727,24364.795000000002,1235084.0,925134.65,0.000588732167536854,0.005826784650399074,40,3.1999999999999997,230.08000000000175,71.90000000000055
MACD_DIVERGENCE_LOSING,RE-OPTIMIZED,2026-03-27 12:30:07.140822,2026-03-27 12:30:07.140822,2026-03-27 12:37:28.827187024,24354.77,24820.630982864728,CE,24300.0,ITM,57.52000000000044,56.53292676584849,-0.9870732341519499,1,50,2876.000000000022,-49.353661707597496,-89.3536617075975,-1.716052215145936,False,STOP_LOSS,10.857030973203894,MACD re-optimized,0.5,-0.05,0.2,0.02,0.496531380400815,-0.059123754768467644,0.19490934895425233,0.022750848125089068,-0.0034686195991849855,-0.009123754768467641,-0.005090651045747685,0.0027508481250890678,48.96367283262727,24364.795000000002,1235084.0,925134.65,0.000588732167536854,0.005826784650399074,40,3.1999999999999997,230.08000000000175,71.90000000000055
WILLIAMS_REVERSAL_LOSING,RE-OPTIMIZED,2026-03-27 12:30:07.140822,2026-03-27 12:30:07.140822,2026-03-27 12:37:45.646521888,24354.77,24793.139180473856,CE,24300.0,ITM,57.52000000000044,62.11031085391494,4.590310853914502,1,50,2876.000000000022,229.51554269572512,189.51554269572512,7.980373529058532,True,TARGET_ACHIEVED,7.769426790080217,Williams re-optimized,0.5,-0.05,0.2,0.02,0.4517224087609653,-0.04369419968161027,0.2158947679555753,0.018920230402176823,-0.04827759123903469,0.0063058003183897315,0.01589476795557529,-0.0010797695978231776,48.96367283262727,24364.795000000002,1235084.0,925134.65,0.000588732167536854,0.005826784650399074,40,3.1999999999999997,230.08000000000175,71.90000000000055
DAY_HIGH_LOW_OPTIMIZED,RE-OPTIMIZED,2026-03-27 12:30:07.140822,2026-03-27 12:30:07.140822,2026-03-27 12:36:23.948940123,24354.77,24576.978017786976,CE,24300.0,ITM,57.52000000000044,63.064827694567704,5.544827694567267,1,50,2876.000000000022,277.24138472836336,237.24138472836336,9.639825616424243,True,TARGET_ACHIEVED,7.043132427299136,Day high-low re-optimized,0.5,-0.05,0.2,0.02,0.5418406862045713,-0.05700185576494526,0.20454713299192923,0.024989333841685064,0.041840686204571265,-0.007001855764945254,0.004547132991929215,0.004989333841685064,48.96367283262727,24364.795000000002,1235084.0,925134.65,0.000588732167536854,0.005826784650399074,40,3.1999999999999997,230.08000000000175,71.90000000000055
MULTI_TIMEFRAME_LOSING,FROZEN,2026-03-27 12:45:07.140822,2026-03-27 12:45:07.140822,2026-03-27 12:56:54.539448671,24483.46,24069.232419264026,CE,24500.0,ATM,42.47999999999956,45.63467017389066,3.1546701738910983,1,50,2123.999999999978,157.73350869455493,117.73350869455493,7.426248055299273,True,TARGET_ACHIEVED,5.009800575315453,Multi-timeframe frozen,0.5,-0.05,0.2,0.02,0.4770215804775629,-0.04068042206096562,0.19723971311454128,0.017747337711468913,-0.02297841952243712,0.00931957793903438,-0.002760286885458735,-0.002252662288531087,72.0405493786806,24399.2775,542326.0,1008381.15,0.0009411114436208567,0.0011722199395020447,40,3.1999999999999997,169.91999999999825,53.099999999999454
AI_ENHANCED_LOSING,FROZEN,2026-03-27 12:45:07.140822,2026-03-27 12:45:07.140822,2026-03-27 12:51:35.457100839,24483.46,24542.654375750666,CE,24500.0,ATM,42.47999999999956,41.749187708253736,-0.7308122917458277,1,50,2123.999999999978,-36.54061458729139,-76.54061458729139,-1.7203679184223992,False,STOP_LOSS,10.0729245494088,AI enhanced frozen,0.5,-0.05,0.2,0.02,0.5306334424264159,-0.04954826999946421,0.19679294256016114,0.023707094126572976,0.030633442426415858,0.00045173000053579104,-0.003207057439838873,0.0037070941265729754,72.0405493786806,24399.2775,542326.0,1008381.15,0.0009411114436208567,0.0011722199395020447,40,3.1999999999999997,169.91999999999825,53.099999999999454
RSI_DIVERGENCE_LOSING,FROZEN,2026-03-27 12:45:07.140822,2026-03-27 12:45:07.140822,2026-03-27 12:54:47.198808715,24483.46,24298.419425886008,CE,24500.0,ATM,42.47999999999956,47.01171351294085,4.5317135129412875,1,50,2123.999999999978,226.58567564706436,186.58567564706436,10.667875501274327,True,TARGET_ACHIEVED,9.919267306444102,RSI frozen,0.5,-0.05,0.2,0.02,0.49491423459027817,-0.04711637873972175,0.18575595006004852,0.02173618685316027,-0.005085765409721832,0.0028836212602782532,-0.014244049939951486,0.0017361868531602688,72.0405493786806,24399.2775,542326.0,1008381.15,0.0009411114436208567,0.0011722199395020447,40,3.1999999999999997,169.91999999999825,53.099999999999454
STOCHASTIC_OVERSOLD_LOSING,FROZEN,2026-03-27 12:45:07.140822,2026-03-27 12:45:07.140822,2026-03-27 12:54:11.009545730,24483.46,24854.286255594303,CE,24500.0,ATM,42.47999999999956,45.92775169412372,3.4477516941241575,1,50,2123.999999999978,172.38758470620786,132.38758470620786,8.116176304435482,True,TARGET_ACHIEVED,5.838174705290197,Stochastic frozen,0.5,-0.05,0.2,0.02,0.5499722081451044,-0.0447154956715127,0.2125966014691279,0.02475881997643401,0.04997220814510439,0.005284504328487302,0.012596601469127888,0.004758819976434011,72.0405493786806,24399.2775,542326.0,1008381.15,0.0009411114436208567,0.0011722199395020447,40,3.1999999999999997,169.91999999999825,53.099999999999454
TREND_FOLLOWING_OPTIMIZED,FROZEN,2026-03-27 12:45:07.140822,2026-03-27 12:45:07.140822,2026-03-27 12:54:47.541256733,24483.46,24069.716408499153,CE,24500.0,ATM,42.47999999999956,41.73477223622989,-0.7452277637696767,1,50,2123.999999999978,-37.261388188483835,-77.26138818848383,-1.7543026454088613,False,STOP_LOSS,9.00898439434849,Trend frozen,0.5,-0.05,0.2,0.02,0.5363096365771468,-0.04455860738309199,0.21489355290327172,0.01599649329045118,0.03630963657714681,0.005441392616908014,0.014893552903271712,-0.004003506709548819,72.0405493786806,24399.2775,542326.0,1008381.15,0.0009411114436208567,0.0011722199395020447,40,3.1999999999999997,169.91999999999825,53.099999999999454
MACD_DIVERGENCE_LOSING,RE-OPTIMIZED,2026-03-27 12:45:07.140822,2026-03-27 12:45:07.140822,2026-03-27 12:53:41.834004472,24483.46,24157.260607510758,CE,24500.0,ATM,42.47999999999956,46.097049957647506,3.617049957647943,1,50,2123.999999999978,180.85249788239713,140.85249788239713,8.514712706327636,True,TARGET_ACHIEVED,7.229594785152981,MACD re-optimized,0.5,-0.05,0.2,0.02,0.5464920465694968,-0.049718490200007535,0.18846480577499586,0.02403031216974975,0.04649204656949679,0.00028150979999246734,-0.011535194225004153,0.00403031216974975,72.0405493786806,24399.2775,542326.0,1008381.15,0.0009411114436208567,0.0011722199395020447,40,3.1999999999999997,169.91999999999825,53.099999999999454
CCI_EXTREME_LOSING,RE-OPTIMIZED,2026-03-27 12:45:07.140822,2026-03-27 12:45:07.140822,2026-03-27 12:54:31.926182906,24483.46,24003.30358124693,CE,24500.0,ATM,42.47999999999956,46.812942096872135,4.332942096872571,1,50,2123.999999999978,216.64710484362857,176.64710484362857,10.199957855161525,True,TARGET_ACHIEVED,8.595218981005292,CCI re-optimized,0.5,-0.05,0.2,0.02,0.4846365193491043,-0.04128371437376943,0.20983110575271424,0.01963933011708536,-0.015363480650895711,0.008716285626230572,0.009831105752714231,-0.00036066988291464167,72.0405493786806,24399.2775,542326.0,1008381.15,0.0009411114436208567,0.0011722199395020447,40,3.1999999999999997,169.91999999999825,53.099999999999454
MOMENTUM_REVERSAL_LOSING,RE-OPTIMIZED,2026-03-27 12:45:07.140822,2026-03-27 12:45:07.140822,2026-03-27 12:56:47.082686260,24483.46,24442.846744791004,CE,24500.0,ATM,42.47999999999956,46.799348623843585,4.3193486238440215,1,50,2123.999999999978,215.96743119220108,175.96743119220108,10.167958154058535,True,TARGET_ACHIEVED,5.457000144084062,Momentum re-optimized,0.5,-0.05,0.2,0.02,0.49990468964217405,-0.050502519316803746,0.18718463998339324,0.023325212281080743,-9.531035782595065e-05,-0.0005025193168037428,-0.01281536001660677,0.003325212281080743,72.0405493786806,24399.2775,542326.0,1008381.15,0.0009411114436208567,0.0011722199395020447,40,3.1999999999999997,169.91999999999825,53.099999999999454
BOLLINGER_SQUEEZE_LOSING,RE-OPTIMIZED,2026-03-27 12:45:07.140822,2026-03-27 12:45:07.140822,2026-03-27 12:54:07.839279702,24483.46,24669.274978579488,CE,24500.0,ATM,42.47999999999956,45.75654141395892,3.2765414139593574,1,50,2123.999999999978,163.82707069796788,123.82707069796788,7.713138921749979,True,TARGET_ACHIEVED,5.005243538021872,Bollinger re-optimized,0.5,-0.05,0.2,0.02,0.4988069784572557,-0.057939835064777,0.21647572441510765,0.019064110832593635,-0.0011930215427443103,-0.007939835064776996,0.01647572441510764,-0.0009358891674063653,72.0405493786806,24399.2775,542326.0,1008381.15,0.0009411114436208567,0.0011722199395020447,40,3.1999999999999997,169.91999999999825,53.099999999999454
BREAKOUT_REVERSAL_LOSING,RE-OPTIMIZED,2026-03-27 12:45:07.140822,2026-03-27 12:45:07.140822,2026-03-27 12:56:16.658881743,24483.46,24312.140608224574,CE,24500.0,ATM,42.47999999999956,41.63984100137452,-0.8401589986250428,1,50,2123.999999999978,-42.00794993125214,-82.00794993125214,-1.9777754204921176,False,STOP_LOSS,6.113101046327761,Breakout re-optimized,0.5,-0.05,0.2,0.02,0.4511803493503822,-0.05993816638825616,0.19201425650339005,0.019597310739728813,-0.048819650649617796,-0.009938166388256155,-0.007985743496609965,-0.00040268926027118776,72.0405493786806,24399.2775,542326.0,1008381.15,0.0009411114436208567,0.0011722199395020447,40,3.1999999999999997,169.91999999999825,53.099999999999454
MULTI_TIMEFRAME_LOSING,FROZEN,2026-03-27 13:00:07.140822,2026-03-27 13:00:07.140822,2026-03-27 13:11:47.517954048,24529.85,24812.41639976842,CE,24500.0,ATM,42.47999999999956,46.43869909217644,3.9586990921768788,1,50,2123.999999999978,197.93495460884395,157.93495460884395,9.318971497591619,True,TARGET_ACHIEVED,6.6059503346610535,Multi-timeframe frozen,0.5,-0.05,0.2,0.02,0.5016272191677826,-0.04634501928275506,0.19094974072976748,0.019770121514713714,0.0016272191677826342,0.003654980717244946,-0.009050259270232536,-0.00022987848528628618,65.59758459610389,24475.706,1197824.0,980842.5,0.00014718929603541042,0.002547508443793907,40,3.1999999999999997,169.91999999999825,53.099999999999454
AI_ENHANCED_LOSING,FROZEN,2026-03-27 13:00:07.140822,2026-03-27 13:00:07.140822,2026-03-27 13:05:08.285007432,24529.85,25009.615222476255,CE,24500.0,ATM,42.47999999999956,45.8401418105883,3.360141810588736,1,50,2123.999999999978,168.00709052943682,128.00709052943682,7.909938348843623,True,TARGET_ACHIEVED,8.367279597545132,AI enhanced frozen,0.5,-0.05,0.2,0.02,0.48944050338347167,-0.050523929507055074,0.20517813649101796,0.023177549663799958,-0.01055949661652833,-0.0005239295070550709,0.005178136491017948,0.0031775496637999577,65.59758459610389,24475.706,1197824.0,980842.5,0.00014718929603541042,0.002547508443793907,40,3.1999999999999997,169.91999999999825,53.099999999999454
RSI_DIVERGENCE_LOSING,FROZEN,2026-03-27 13:00:07.140822,2026-03-27 13:00:07.140822,2026-03-27 13:07:21.732997581,24529.85,24149.079827898597,CE,24500.0,ATM,42.47999999999956,45.53983590313538,3.05983590313582,1,50,2123.999999999978,152.991795156791,112.991795156791,7.203003538455394,True,TARGET_ACHIEVED,6.971638490151362,RSI frozen,0.5,-0.05,0.2,0.02,0.47606802272709,-0.058066045334472606,0.20524279912284488,0.015330328423766254,-0.02393197727291002,-0.008066045334472603,0.005242799122844866,-0.004669671576233747,65.59758459610389,24475.706,1197824.0,980842.5,0.00014718929603541042,0.002547508443793907,40,3.1999999999999997,169.91999999999825,53.099999999999454
STOCHASTIC_OVERSOLD_LOSING,FROZEN,2026-03-27 13:00:07.140822,2026-03-27 13:00:07.140822,2026-03-27 13:11:22.638711187,24529.85,24699.790762044497,CE,24500.0,ATM,42.47999999999956,45.6674742042866,3.187474204287035,1,50,2123.999999999978,159.37371021435177,119.37371021435177,7.50347034907502,True,TARGET_ACHIEVED,5.846375075676214,Stochastic frozen,0.5,-0.05,0.2,0.02,0.4625381787700307,-0.054508730002614074,0.19118985229781532,0.015847964488058707,-0.03746182122996933,-0.004508730002614071,-0.00881014770218469,-0.004152035511941293,65.59758459610389,24475.706,1197824.0,980842.5,0.00014718929603541042,0.002547508443793907,40,3.1999999999999997,169.91999999999825,53.099999999999454
TREND_FOLLOWING_OPTIMIZED,FROZEN,2026-03-27 13:00:07.140822,2026-03-27 13:00:07.140822,2026-03-27 13:10:00.303091951,24529.85,24275.04905092139,CE,24500.0,ATM,42.47999999999956,47.219891728501516,4.739891728501952,1,50,2123.999999999978,236.99458642509762,196.99458642509762,11.157937213987761,True,TARGET_ACHIEVED,6.733225334209201,Trend frozen,0.5,-0.05,0.2,0.02,0.49172482037549475,-0.049471074768224786,0.19858714855980508,0.019749662661768808,-0.008275179624505247,0.0005289252317752166,-0.0014128514401949288,-0.00025033733823119284,65.59758459610389,24475.706,1197824.0,980842.5,0.00014718929603541042,0.002547508443793907,40,3.1999999999999997,169.91999999999825,53.099999999999454
VOLUME_SPIKE_LOSING,FROZEN,2026-03-27 13:00:07.140822,2026-03-27 13:00:07.140822,2026-03-27 13:09:19.205022091,24529.85,24669.259825716777,CE,24500.0,ATM,42.47999999999956,41.60252392767292,-0.8774760723266439,1,50,2123.999999999978,-43.8738036163322,-83.8738036163322,-2.065621639187036,False,STOP_LOSS,7.493914728618247,Volume frozen,0.5,-0.05,0.2,0.02,0.5403953384879813,-0.04462759612794731,0.190138434836973,0.015847935248628195,0.04039533848798127,0.005372403872052692,-0.009861565163026997,-0.0041520647513718055,65.59758459610389,24475.706,1197824.0,980842.5,0.00014718929603541042,0.002547508443793907,40,3.1999999999999997,169.91999999999825,53.099999999999454
HIGH_VOLUME_LOSING,FROZEN,2026-03-27 13:00:07.140822,2026-03-27 13:00:07.140822,2026-03-27 13:11:10.548734788,24529.85,24621.790756931998,CE,24500.0,ATM,42.47999999999956,45.58148508953258,3.101485089533014,1,50,2123.999999999978,155.0742544766507,115.07425447665071,7.301047762554251,True,TARGET_ACHIEVED,5.91037673330369,High volume frozen,0.5,-0.05,0.2,0.02,0.4756803357410414,-0.04020354756995178,0.20648637640674156,0.020357952836507227,-0.024319664258958595,0.009796452430048223,0.006486376406741545,0.00035795283650722626,65.59758459610389,24475.706,1197824.0,980842.5,0.00014718929603541042,0.002547508443793907,40,3.1999999999999997,169.91999999999825,53.099999999999454
BOLLINGER_SQUEEZE_LOSING,RE-OPTIMIZED,2026-03-27 13:00:07.140822,2026-03-27 13:00:07.140822,2026-03-27 13:08:26.432738771,24529.85,24731.460300661944,CE,24500.0,ATM,42.47999999999956,46.27927207035713,3.799272070357567,1,50,2123.999999999978,189.96360351787837,149.96360351787837,8.94367248200943,True,TARGET_ACHIEVED,8.30449291260449,Bollinger re-optimized,0.5,-0.05,0.2,0.02,0.5223051083506834,-0.04173705326396044,0.1839514872091891,0.016660719204276152,0.022305108350683445,0.008262946736039563,-0.016048512790810904,-0.003339280795723848,65.59758459610389,24475.706,1197824.0,980842.5,0.00014718929603541042,0.002547508443793907,40,3.1999999999999997,169.91999999999825,53.099999999999454
MULTI_TIMEFRAME_LOSING,FROZEN,2026-03-27 13:15:07.140822,2026-03-27 13:15:07.140822,2026-03-27 13:24:54.672959071,24560.92,24933.509664033234,PE,24500.0,ITM,42.47999999999956,46.88363073723568,4.403630737236114,1,50,2123.999999999978,220.18153686180568,180.18153686180568,10.366362375791335,True,TARGET_ACHIEVED,7.517039072181392,Multi-timeframe frozen,0.5,-0.05,0.2,0.02,0.5226156030973101,-0.05864559806520433,0.1894170049392349,0.02042121795659587,0.022615603097310144,-0.008645598065204325,-0.010582995060765099,0.00042121795659587,56.81981932051112,24536.6705,1111523.0,1031912.85,-0.00017789327950135103,0.002154642415674912,40,3.1999999999999997,169.91999999999825,53.099999999999454
AI_ENHANCED_LOSING,FROZEN,2026-03-27 13:15:07.140822,2026-03-27 13:15:07.140822,2026-03-27 13:21:37.420374028,24560.92,24081.460789415876,PE,24500.0,ITM,42.47999999999956,45.86411126350588,3.3841112635063197,1,50,2123.999999999978,169.205563175316,129.205563175316,7.966363614657144,True,TARGET_ACHIEVED,10.608276011536312,AI enhanced frozen,0.5,-0.05,0.2,0.02,0.4932939841376198,-0.0419779580962453,0.21632589100917096,0.023551828656299005,-0.006706015862380177,0.008022041903754704,0.01632589100917095,0.0035518286562990047,56.81981932051112,24536.6705,1111523.0,1031912.85,-0.00017789327950135103,0.002154642415674912,40,3.1999999999999997,169.91999999999825,53.099999999999454
RSI_DIVERGENCE_LOSING,FROZEN,2026-03-27 13:15:07.140822,2026-03-27 13:15:07.140822,2026-03-27 13:22:44.688253995,24560.92,24670.611883926325,PE,24500.0,ITM,42.47999999999956,46.02930365367741,3.549303653677846,1,50,2123.999999999978,177.4651826838923,137.4651826838923,8.355234589637199,True,TARGET_ACHIEVED,5.561176771854652,RSI frozen,0.5,-0.05,0.2,0.02,0.45618379995836567,-0.05431794141396718,0.21008223927519698,0.020652422084864834,-0.043816200041634334,-0.004317941413967179,0.01008223927519697,0.0006524220848648336,56.81981932051112,24536.6705,1111523.0,1031912.85,-0.00017789327950135103,0.002154642415674912,40,3.1999999999999997,169.91999999999825,53.099999999999454
TREND_FOLLOWING_OPTIMIZED,FROZEN,2026-03-27 13:15:07.140822,2026-03-27 13:15:07.140822,2026-03-27 13:22:55.451250649,24560.92,24878.836559821804,PE,24500.0,ITM,42.47999999999956,45.691009065184275,3.2110090651847116,1,50,2123.999999999978,160.55045325923558,120.55045325923558,7.55887256399422,True,TARGET_ACHIEVED,7.5454755129494835,Trend frozen,0.5,-0.05,0.2,0.02,0.49244724926660366,-0.04941450506825701,0.2123445579199002,0.022858337010994358,-0.007552750733396341,0.0005854949317429942,0.01234455791990019,0.002858337010994357,56.81981932051112,24536.6705,1111523.0,1031912.85,-0.00017789327950135103,0.002154642415674912,40,3.1999999999999997,169.91999999999825,53.099999999999454
MULTI_TIMEFRAME_LOSING,FROZEN,2026-03-27 13:30:07.140822,2026-03-27 13:30:07.140822,2026-03-27 13:40:53.361097279,24534.53,24520.11456740085,PE,24500.0,ATM,42.47999999999956,46.145026369318636,3.6650263693190723,1,50,2123.999999999978,183.2513184659536,143.2513184659536,8.627651528528977,True,TARGET_ACHIEVED,6.146191313298917,Multi-timeframe frozen,0.5,-0.05,0.2,0.02,0.54617196361911,-0.047862280244701474,0.1987740182358648,0.0205765431898283,0.046171963619110024,0.0021377197552985283,-0.0012259817641352144,0.0005765431898283012,39.37218360956256,24563.719,980709.0,925358.4,-0.0005894333781417682,0.0071491078084641455,40,3.1999999999999997,169.91999999999825,53.099999999999454
AI_ENHANCED_LOSING,FROZEN,2026-03-27 13:30:07.140822,2026-03-27 13:30:07.140822,2026-03-27 13:40:17.749184903,24534.53,24124.814825776557,PE,24500.0,ATM,42.47999999999956,41.59875534916039,-0.8812446508391716,1,50,2123.999999999978,-44.06223254195858,-84.06223254195858,-2.074493057531028,False,STOP_LOSS,6.318236073148355,AI enhanced frozen,0.5,-0.05,0.2,0.02,0.543561942340184,-0.04400608669036777,0.21805046146877718,0.01711737838757529,0.04356194234018396,0.005993913309632233,0.018050461468777174,-0.00288262161242471,39.37218360956256,24563.719,980709.0,925358.4,-0.0005894333781417682,0.0071491078084641455,40,3.1999999999999997,169.91999999999825,53.099999999999454
RSI_DIVERGENCE_LOSING,FROZEN,2026-03-27 13:30:07.140822,2026-03-27 13:30:07.140822,2026-03-27 13:36:28.000353918,24534.53,24478.32956895725,PE,24500.0,ATM,42.47999999999956,47.22740667864813,4.7474066786485665,1,50,2123.999999999978,237.3703339324283,197.3703339324283,11.17562777459655,True,TARGET_ACHIEVED,10.047448231614958,RSI frozen,0.5,-0.05,0.2,0.02,0.4947733528815809,-0.049712851601723444,0.18974070256208714,0.020794388976640127,-0.005226647118419081,0.0002871483982765585,-0.010259297437912873,0.0007943889766401264,39.37218360956256,24563.719,980709.0,925358.4,-0.0005894333781417682,0.0071491078084641455,40,3.1999999999999997,169.91999999999825,53.099999999999454
TREND_FOLLOWING_OPTIMIZED,FROZEN,2026-03-27 13:30:07.140822,2026-03-27 13:30:07.140822,2026-03-27 13:40:47.132606677,24534.53,24960.60453454274,PE,24500.0,ATM,42.47999999999956,41.959775027898594,-0.5202249721009693,1,50,2123.999999999978,-26.011248605048465,-66.01124860504846,-1.2246350567348745,False,STOP_LOSS,11.973678731812901,Trend frozen,0.5,-0.05,0.2,0.02,0.5190905945654491,-0.05066228545682291,0.21066883835970956,0.022872845446510554,0.019090594565449148,-0.0006622854568229045,0.010668838359709554,0.002872845446510553,39.37218360956256,24563.719,980709.0,925358.4,-0.0005894333781417682,0.0071491078084641455,40,3.1999999999999997,169.91999999999825,53.099999999999454
MACD_DIVERGENCE_LOSING,RE-OPTIMIZED,2026-03-27 13:30:07.140822,2026-03-27 13:30:07.140822,2026-03-27 13:35:39.856701772,24534.53,24802.07862436938,PE,24500.0,ATM,42.47999999999956,46.091497598415025,3.611497598415461,1,50,2123.999999999978,180.57487992077307,140.57487992077307,8.501642180827444,True,TARGET_ACHIEVED,7.715733938703048,MACD re-optimized,0.5,-0.05,0.2,0.02,0.5309622936394152,-0.04904414519055513,0.18066842000126582,0.022204047550546682,0.03096229363941516,0.0009558548094448713,-0.019331579998734194,0.002204047550546682,39.37218360956256,24563.719,980709.0,925358.4,-0.0005894333781417682,0.0071491078084641455,40,3.1999999999999997,169.91999999999825,53.099999999999454
WILLIAMS_REVERSAL_LOSING,RE-OPTIMIZED,2026-03-27 13:30:07.140822,2026-03-27 13:30:07.140822,2026-03-27 13:39:27.231673925,24534.53,24112.489877788936,PE,24500.0,ATM,42.47999999999956,46.38458975232037,3.9045897523208097,1,50,2123.999999999978,195.2294876160405,155.2294876160405,9.191595462148893,True,TARGET_ACHIEVED,5.077723244122255,Williams re-optimized,0.5,-0.05,0.2,0.02,0.45312915871872317,-0.055267572242908326,0.18697903882423342,0.016802304110156933,-0.04687084128127683,-0.0052675722429083235,-0.013020961175766593,-0.0031976958898430677,39.37218360956256,24563.719,980709.0,925358.4,-0.0005894333781417682,0.0071491078084641455,40,3.1999999999999997,169.91999999999825,53.099999999999454
DAY_HIGH_LOW_OPTIMIZED,RE-OPTIMIZED,2026-03-27 13:30:07.140822,2026-03-27 13:30:07.140822,2026-03-27 13:37:54.706647611,24534.53,24643.952196888255,PE,24500.0,ATM,42.47999999999956,45.81983890351218,3.3398389035126144,1,50,2123.999999999978,166.99194517563072,126.99194517563072,7.862144311470454,True,TARGET_ACHIEVED,7.555999170723619,Day high-low re-optimized,0.5,-0.05,0.2,0.02,0.5287192830271371,-0.044467471518273946,0.19250097497165466,0.0195379017541423,0.02871928302713711,0.005532528481726057,-0.007499025028345346,-0.00046209824585769985,39.37218360956256,24563.719,980709.0,925358.4,-0.0005894333781417682,0.0071491078084641455,40,3.1999999999999997,169.91999999999825,53.099999999999454
MULTI_TIMEFRAME_LOSING,FROZEN,2026-03-27 13:45:07.140822,2026-03-27 13:45:07.140822,2026-03-27 13:53:42.611560748,24576.83,24444.615557987825,CE,24600.0,ATM,92.47999999999956,101.65394758213002,9.173947582130452,1,50,4623.999999999978,458.6973791065226,418.6973791065226,9.919926018739723,True,TARGET_ACHIEVED,7.95578030779919,Multi-timeframe frozen,0.5,-0.05,0.2,0.02,0.511767769197083,-0.041768255210669014,0.19532707392352563,0.016377896449826845,0.011767769197083,0.008231744789330989,-0.004672926076474376,-0.003622103550173155,65.14471168808119,24554.8875,1362305.0,988515.15,0.0004742485094757498,0.002029146964844637,40,3.1999999999999997,369.91999999999825,115.59999999999945
AI_ENHANCED_LOSING,FROZEN,2026-03-27 13:45:07.140822,2026-03-27 13:45:07.140822,2026-03-27 13:54:04.770948492,24576.83,24919.8653013395,CE,24600.0,ATM,92.47999999999956,101.22791921809173,8.747919218092164,1,50,4623.999999999978,437.3959609046082,397.3959609046082,9.45925520987479,True,TARGET_ACHIEVED,8.20671489204001,AI enhanced frozen,0.5,-0.05,0.2,0.02,0.5188413583718952,-0.048624236462306965,0.20855843121723205,0.020240598156398275,0.018841358371895156,0.001375763537693038,0.008558431217232043,0.0002405981563982744,65.14471168808119,24554.8875,1362305.0,988515.15,0.0004742485094757498,0.002029146964844637,40,3.1999999999999997,369.91999999999825,115.59999999999945
RSI_DIVERGENCE_LOSING,FROZEN,2026-03-27 13:45:07.140822,2026-03-27 13:45:07.140822,2026-03-27 13:51:55.481436271,24576.83,24875.690613630748,CE,24600.0,ATM,92.47999999999956,99.98186924796414,7.501869247964578,1,50,4623.999999999978,375.0934623982289,335.0934623982289,8.111882837331978,True,TARGET_ACHIEVED,5.652267493020473,RSI frozen,0.5,-0.05,0.2,0.02,0.4896917555188193,-0.0447438384210504,0.18604644898540398,0.022516111644640697,-0.010308244481180673,0.005256161578949606,-0.013953551014596027,0.0025161116446406964,65.14471168808119,24554.8875,1362305.0,988515.15,0.0004742485094757498,0.002029146964844637,40,3.1999999999999997,369.91999999999825,115.59999999999945
STOCHASTIC_OVERSOLD_LOSING,FROZEN,2026-03-27 13:45:07.140822,2026-03-27 13:45:07.140822,2026-03-27 13:50:56.502427385,24576.83,24221.62033796721,CE,24600.0,ATM,92.47999999999956,100.79518868036286,8.315188680363292,1,50,4623.999999999978,415.7594340181646,375.7594340181646,8.991337240877305,True,TARGET_ACHIEVED,10.981908774940344,Stochastic frozen,0.5,-0.05,0.2,0.02,0.46635955268018636,-0.05704154061391857,0.1920203973306949,0.023633392652905538,-0.03364044731981364,-0.007041540613918568,-0.007979602669305114,0.003633392652905538,65.14471168808119,24554.8875,1362305.0,988515.15,0.0004742485094757498,0.002029146964844637,40,3.1999999999999997,369.91999999999825,115.59999999999945
TREND_FOLLOWING_OPTIMIZED,FROZEN,2026-03-27 13:45:07.140822,2026-03-27 13:45:07.140822,2026-03-27 13:50:38.542043110,24576.83,24806.22530704477,CE,24600.0,ATM,92.47999999999956,102.36043130937027,9.880431309370707,1,50,4623.999999999978,494.0215654685353,454.0215654685353,10.68385738470021,True,TARGET_ACHIEVED,6.646530883367306,Trend frozen,0.5,-0.05,0.2,0.02,0.5474745272693489,-0.050952867911924424,0.18189605663203828,0.023081314937325566,0.047474527269348865,-0.000952867911924421,-0.018103943367961728,0.003081314937325566,65.14471168808119,24554.8875,1362305.0,988515.15,0.0004742485094757498,0.002029146964844637,40,3.1999999999999997,369.91999999999825,115.59999999999945
VOLUME_SPIKE_LOSING,FROZEN,2026-03-27 13:45:07.140822,2026-03-27 13:45:07.140822,2026-03-27 13:55:31.506945475,24576.83,24778.019131297162,CE,24600.0,ATM,92.47999999999956,99.8727503369333,7.39275033693373,1,50,4623.999999999978,369.6375168466865,329.6375168466865,7.993890935265749,True,TARGET_ACHIEVED,8.640313257947383,Volume frozen,0.5,-0.05,0.2,0.02,0.5270154827863294,-0.05237937095713178,0.1813137028449183,0.022564492732300476,0.02701548278632937,-0.0023793709571317753,-0.018686297155081716,0.0025644927323004753,65.14471168808119,24554.8875,1362305.0,988515.15,0.0004742485094757498,0.002029146964844637,40,3.1999999999999997,369.91999999999825,115.59999999999945
HIGH_VOLUME_LOSING,FROZEN,2026-03-27 13:45:07.140822,2026-03-27 13:45:07.140822,2026-03-27 13:55:12.210197367,24576.83,24192.996774408053,CE,24600.0,ATM,92.47999999999956,101.32807276693596,8.848072766936397,1,50,4623.999999999978,442.4036383468199,402.4036383468199,9.56755273241397,True,TARGET_ACHIEVED,7.463761530869697,High volume frozen,0.5,-0.05,0.2,0.02,0.4722572364572729,-0.05591169839850386,0.18486247391222804,0.019913448044388098,-0.02774276354272709,-0.005911698398503855,-0.015137526087771969,-8.655195561190279e-05,65.14471168808119,24554.8875,1362305.0,988515.15,0.0004742485094757498,0.002029146964844637,40,3.1999999999999997,369.91999999999825,115.59999999999945
MULTI_TIMEFRAME_LOSING,FROZEN,2026-03-27 14:00:07.140822,2026-03-27 14:00:07.140822,2026-03-27 14:10:06.785947369,24686.54,25174.10258139505,PE,24700.0,ATM,142.47999999999956,155.50900432816084,13.029004328161278,1,50,7123.999999999978,651.4502164080639,611.4502164080639,9.144444362830795,True,TARGET_ACHIEVED,5.162726889252986,Multi-timeframe frozen,0.5,-0.05,0.2,0.02,0.45654483461584683,-0.055555240530604906,0.20199796387368635,0.016408224351621835,-0.04345516538415317,-0.005555240530604903,0.001997963873686337,-0.0035917756483781656,86.50521503071715,24636.295000000002,986245.0,1019014.7,-0.0002879282730581245,0.002281000091547917,40,3.1999999999999997,569.9199999999983,178.09999999999945
AI_ENHANCED_LOSING,FROZEN,2026-03-27 14:00:07.140822,2026-03-27 14:00:07.140822,2026-03-27 14:09:20.981273075,24686.54,24517.43403628237,PE,24700.0,ATM,142.47999999999956,140.07434202125063,-2.405657978748934,1,50,7123.999999999978,-120.2828989374467,-160.2828989374467,-1.68841800866714,False,STOP_LOSS,11.243095206444778,AI enhanced frozen,0.5,-0.05,0.2,0.02,0.5294548680450016,-0.047622642849529495,0.1982758113391467,0.01820188167354289,0.029454868045001636,0.0023773571504705077,-0.0017241886608533041,-0.0017981183264571092,86.50521503071715,24636.295000000002,986245.0,1019014.7,-0.0002879282730581245,0.002281000091547917,40,3.1999999999999997,569.9199999999983,178.09999999999945
RSI_DIVERGENCE_LOSING,FROZEN,2026-03-27 14:00:07.140822,2026-03-27 14:00:07.140822,2026-03-27 14:08:42.740502808,24686.54,24511.704227269413,PE,24700.0,ATM,142.47999999999956,139.9162935119352,-2.563706488064355,1,50,7123.999999999978,-128.18532440321775,-168.18532440321775,-1.7993448119485982,False,STOP_LOSS,8.558886971792973,RSI frozen,0.5,-0.05,0.2,0.02,0.5194470461215603,-0.04557457744043561,0.21245143297027835,0.01798883538045273,0.01944704612156034,0.004425422559564393,0.012451432970278342,-0.0020111646195472704,86.50521503071715,24636.295000000002,986245.0,1019014.7,-0.0002879282730581245,0.002281000091547917,40,3.1999999999999997,569.9199999999983,178.09999999999945
STOCHASTIC_OVERSOLD_LOSING,FROZEN,2026-03-27 14:00:07.140822,2026-03-27 14:00:07.140822,2026-03-27 14:05:09.679486779,24686.54,24656.13047500438,PE,24700.0,ATM,142.47999999999956,153.55114303111287,11.071143031113309,1,50,7123.999999999978,553.5571515556654,513.5571515556654,7.770313750079549,True,TARGET_ACHIEVED,5.691774243773207,Stochastic frozen,0.5,-0.05,0.2,0.02,0.45633645768947795,-0.045063278594734774,0.20781979481724014,0.020040945159678556,-0.04366354231052205,0.004936721405265229,0.007819794817240128,4.0945159678555665e-05,86.50521503071715,24636.295000000002,986245.0,1019014.7,-0.0002879282730581245,0.002281000091547917,40,3.1999999999999997,569.9199999999983,178.09999999999945
TREND_FOLLOWING_OPTIMIZED,FROZEN,2026-03-27 14:00:07.140822,2026-03-27 14:00:07.140822,2026-03-27 14:11:32.937851476,24686.54,24691.681377856974,PE,24700.0,ATM,142.47999999999956,158.12445217131997,15.64445217132041,1,50,7123.999999999978,782.2226085660204,742.2226085660204,10.98010399446972,True,TARGET_ACHIEVED,6.2225087508359,Trend frozen,0.5,-0.05,0.2,0.02,0.49416581759107764,-0.0482544942681998,0.20203819962252273,0.024660401517474142,-0.0058341824089223615,0.0017455057318002051,0.0020381996225227184,0.0046604015174741414,86.50521503071715,24636.295000000002,986245.0,1019014.7,-0.0002879282730581245,0.002281000091547917,40,3.1999999999999997,569.9199999999983,178.09999999999945
BOLLINGER_SQUEEZE_LOSING,RE-OPTIMIZED,2026-03-27 14:00:07.140822,2026-03-27 14:00:07.140822,2026-03-27 14:10:32.207081978,24686.54,24770.625748564173,PE,24700.0,ATM,142.47999999999956,154.98112845248764,12.501128452488075,1,50,7123.999999999978,625.0564226244037,585.0564226244037,8.773953153065772,True,TARGET_ACHIEVED,9.666685226735144,Bollinger re-optimized,0.5,-0.05,0.2,0.02,0.5232949227718364,-0.04911290780136121,0.18557631933655555,0.023614869268251133,0.023294922771836424,0.000887092198638792,-0.01442368066344446,0.003614869268251133,86.50521503071715,24636.295000000002,986245.0,1019014.7,-0.0002879282730581245,0.002281000091547917,40,3.1999999999999997,569.9199999999983,178.09999999999945
MULTI_TIMEFRAME_LOSING,FROZEN,2026-03-27 14:15:07.140822,2026-03-27 14:15:07.140822,2026-03-27 14:21:21.723950365,24721.08,24794.714411023666,PE,24700.0,ATM,142.47999999999956,140.49036188845113,-1.9896381115484303,1,50,7123.999999999978,-99.48190557742151,-139.48190557742151,-1.396433261895309,False,STOP_LOSS,10.017610087826952,Multi-timeframe frozen,0.5,-0.05,0.2,0.02,0.45538825068051203,-0.045381486530168214,0.1876882609759988,0.022622617649724258,-0.04461174931948797,0.004618513469831789,-0.012311739024001206,0.0026226176497242577,57.770808442851845,24710.566,525744.0,1008336.35,-0.0005756949980836312,0.0021245026511786877,40,3.1999999999999997,569.9199999999983,178.09999999999945
AI_ENHANCED_LOSING,FROZEN,2026-03-27 14:15:07.140822,2026-03-27 14:15:07.140822,2026-03-27 14:26:21.334258614,24721.08,24959.672860276358,PE,24700.0,ATM,142.47999999999956,158.19917288882928,15.719172888829718,1,50,7123.999999999978,785.9586444414858,745.9586444414858,11.03254694611859,True,TARGET_ACHIEVED,9.608211034522512,AI enhanced frozen,0.5,-0.05,0.2,0.02,0.5291058149771434,-0.05627848729221764,0.1835235294284523,0.015367445839745933,0.029105814977143374,-0.006278487292217638,-0.01647647057154772,-0.0046325541602540675,57.770808442851845,24710.566,525744.0,1008336.35,-0.0005756949980836312,0.0021245026511786877,40,3.1999999999999997,569.9199999999983,178.09999999999945
RSI_DIVERGENCE_LOSING,FROZEN,2026-03-27 14:15:07.140822,2026-03-27 14:15:07.140822,2026-03-27 14:20:42.560445658,24721.08,25005.139025123382,PE,24700.0,ATM,142.47999999999956,152.87166637526067,10.39166637526111,1,50,7123.999999999978,519.5833187630556,479.58331876305556,7.293421094371942,True,TARGET_ACHIEVED,11.419312315861692,RSI frozen,0.5,-0.05,0.2,0.02,0.5424513539578338,-0.04699917554625526,0.19995208487747618,0.01959536627060746,0.04245135395783384,0.0030008244537447423,-4.79151225238339e-05,-0.0004046337293925409,57.770808442851845,24710.566,525744.0,1008336.35,-0.0005756949980836312,0.0021245026511786877,40,3.1999999999999997,569.9199999999983,178.09999999999945
TREND_FOLLOWING_OPTIMIZED,FROZEN,2026-03-27 14:15:07.140822,2026-03-27 14:15:07.140822,2026-03-27 14:21:22.305522354,24721.08,25198.539592756166,PE,24700.0,ATM,142.47999999999956,153.66209243481225,11.182092434812688,1,50,7123.999999999978,559.1046217406345,519.1046217406345,7.848183909891018,True,TARGET_ACHIEVED,11.166417975509969,Trend frozen,0.5,-0.05,0.2,0.02,0.5032575178598159,-0.04161474169735396,0.2050150634197079,0.01888472504316204,0.0032575178598158727,0.00838525830264604,0.005015063419707894,-0.001115274956837959,57.770808442851845,24710.566,525744.0,1008336.35,-0.0005756949980836312,0.0021245026511786877,40,3.1999999999999997,569.9199999999983,178.09999999999945
MACD_DIVERGENCE_LOSING,RE-OPTIMIZED,2026-03-27 14:15:07.140822,2026-03-27 14:15:07.140822,2026-03-27 14:22:55.313994559,24721.08,24782.229038079873,PE,24700.0,ATM,142.47999999999956,153.79816643624997,11.318166436250408,1,50,7123.999999999978,565.9083218125204,525.9083218125204,7.9436878412762795,True,TARGET_ACHIEVED,8.293301986885398,MACD re-optimized,0.5,-0.05,0.2,0.02,0.5474352909062972,-0.058003456721809996,0.2130673982631629,0.022232125233868683,0.04743529090629717,-0.008003456721809993,0.013067398263162888,0.002232125233868683,57.770808442851845,24710.566,525744.0,1008336.35,-0.0005756949980836312,0.0021245026511786877,40,3.1999999999999997,569.9199999999983,178.09999999999945
MULTI_TIMEFRAME_LOSING,FROZEN,2026-03-27 14:30:07.140822,2026-03-27 14:30:07.140822,2026-03-27 14:37:34.908649274,24717.32,25105.032074761002,PE,24700.0,ATM,142.47999999999956,157.4253826067058,14.945382606706232,1,50,7123.999999999978,747.2691303353116,707.2691303353116,10.489459999091997,True,TARGET_ACHIEVED,8.399189205009982,Multi-timeframe frozen,0.5,-0.05,0.2,0.02,0.4802435390966,-0.046393617551599764,0.21456799313672442,0.017613543576528976,-0.019756460903399997,0.003606382448400239,0.014567993136724411,-0.002386456423471024,50.60498806486103,24748.575,1135714.0,892421.7,-0.0013942403450574181,0.006829623923629167,40,3.1999999999999997,569.9199999999983,178.09999999999945
AI_ENHANCED_LOSING,FROZEN,2026-03-27 14:30:07.140822,2026-03-27 14:30:07.140822,2026-03-27 14:40:50.170405367,24717.32,24701.36016469079,PE,24700.0,ATM,142.47999999999956,156.75859430406473,14.278594304065166,1,50,7123.999999999978,713.9297152032583,673.9297152032583,10.021472700775695,True,TARGET_ACHIEVED,11.744388729858997,AI enhanced frozen,0.5,-0.05,0.2,0.02,0.5198518236060945,-0.05849338462918185,0.21953099090824027,0.02244481757348552,0.0198518236060945,-0.008493384629181845,0.01953099090824026,0.002444817573485518,50.60498806486103,24748.575,1135714.0,892421.7,-0.0013942403450574181,0.006829623923629167,40,3.1999999999999997,569.9199999999983,178.09999999999945
TREND_FOLLOWING_OPTIMIZED,FROZEN,2026-03-27 14:30:07.140822,2026-03-27 14:30:07.140822,2026-03-27 14:35:25.756877828,24717.32,24377.28056693101,PE,24700.0,ATM,142.47999999999956,154.51398198568478,12.033981985685216,1,50,7123.999999999978,601.6990992842608,561.6990992842608,8.44608505452362,True,TARGET_ACHIEVED,11.855646758513782,Trend frozen,0.5,-0.05,0.2,0.02,0.5064669854961421,-0.04863319499383299,0.19123952551759377,0.01566905963622444,0.006466985496142108,0.00136680500616701,-0.008760474482406244,-0.00433094036377556,50.60498806486103,24748.575,1135714.0,892421.7,-0.0013942403450574181,0.006829623923629167,40,3.1999999999999997,569.9199999999983,178.09999999999945
VOLUME_SPIKE_LOSING,FROZEN,2026-03-27 14:30:07.140822,2026-03-27 14:30:07.140822,2026-03-27 14:38:53.006062205,24717.32,24473.538825359436,PE,24700.0,ATM,142.47999999999956,156.93332523562412,14.453325235624561,1,50,7123.999999999978,722.6662617812281,682.6662617812281,10.144108110348544,True,TARGET_ACHIEVED,9.843069612148662,Volume frozen,0.5,-0.05,0.2,0.02,0.5456553533035822,-0.046098201750121456,0.21568208184567172,0.018697373174909125,0.04565535330358217,0.0039017982498785464,0.015682081845671714,-0.0013026268250908753,50.60498806486103,24748.575,1135714.0,892421.7,-0.0013942403450574181,0.006829623923629167,40,3.1999999999999997,569.9199999999983,178.09999999999945
HIGH_VOLUME_LOSING,FROZEN,2026-03-27 14:30:07.140822,2026-03-27 14:30:07.140822,2026-03-27 14:39:45.725676561,24717.32,24476.509377729762,PE,24700.0,ATM,142.47999999999956,153.2798329031935,10.79983290319393,1,50,7123.999999999978,539.9916451596965,499.99164515969653,7.579893952269767,True,TARGET_ACHIEVED,11.344765981964976,High volume frozen,0.5,-0.05,0.2,0.02,0.4616303042513421,-0.050339736481685785,0.21366702239705487,0.01934206880396121,-0.038369695748657895,-0.00033973648168578174,0.013667022397054862,-0.0006579311960387899,50.60498806486103,24748.575,1135714.0,892421.7,-0.0013942403450574181,0.006829623923629167,40,3.1999999999999997,569.9199999999983,178.09999999999945
STRONG_MOMENTUM_LOSING,FROZEN,2026-03-27 14:30:07.140822,2026-03-27 14:30:07.140822,2026-03-27 14:35:26.329881067,24717.32,24477.608638291753,PE,24700.0,ATM,142.47999999999956,154.03353954114186,11.5535395411423,1,50,7123.999999999978,577.676977057115,537.676977057115,8.108885135557506,True,TARGET_ACHIEVED,6.194498734913497,Strong momentum frozen,0.5,-0.05,0.2,0.02,0.5106209029460866,-0.05210560440613593,0.18083679150101137,0.019075100968173483,0.010620902946086641,-0.0021056044061359275,-0.019163208498988643,-0.000924899031826517,50.60498806486103,24748.575,1135714.0,892421.7,-0.0013942403450574181,0.006829623923629167,40,3.1999999999999997,569.9199999999983,178.09999999999945
MACD_DIVERGENCE_LOSING,RE-OPTIMIZED,2026-03-27 14:30:07.140822,2026-03-27 14:30:07.140822,2026-03-27 14:40:59.395490785,24717.32,24242.112232383693,PE,24700.0,ATM,142.47999999999956,157.74530581446822,15.265305814468661,1,50,7123.999999999978,763.265290723433,723.265290723433,10.713999027560856,True,TARGET_ACHIEVED,6.148354275533171,MACD re-optimized,0.5,-0.05,0.2,0.02,0.5120292963823223,-0.04380215965803946,0.18208703136700577,0.02193423451692005,0.012029296382322308,0.006197840341960539,-0.01791296863299424,0.0019342345169200484,50.60498806486103,24748.575,1135714.0,892421.7,-0.0013942403450574181,0.006829623923629167,40,3.1999999999999997,569.9199999999983,178.09999999999945
WILLIAMS_REVERSAL_LOSING,RE-OPTIMIZED,2026-03-27 14:30:07.140822,2026-03-27 14:30:07.140822,2026-03-27 14:41:33.753746212,24717.32,24969.16714744271,PE,24700.0,ATM,142.47999999999956,155.7543075535001,13.274307553500535,1,50,7123.999999999978,663.7153776750267,623.7153776750267,9.316611140862278,True,TARGET_ACHIEVED,7.029335681225196,Williams re-optimized,0.5,-0.05,0.2,0.02,0.49780437514237247,-0.048384275623596325,0.1866047780074665,0.020517974693831383,-0.0021956248576275317,0.001615724376403678,-0.013395221992533513,0.0005179746938313821,50.60498806486103,24748.575,1135714.0,892421.7,-0.0013942403450574181,0.006829623923629167,40,3.1999999999999997,569.9199999999983,178.09999999999945
CCI_EXTREME_LOSING,RE-OPTIMIZED,2026-03-27 14:30:07.140822,2026-03-27 14:30:07.140822,2026-03-27 14:35:35.508735246,24717.32,24882.10442015349,PE,24700.0,ATM,142.47999999999956,157.68819184199705,15.20819184199749,1,50,7123.999999999978,760.4095920998745,720.4095920998745,10.673913420829265,True,TARGET_ACHIEVED,11.705617499533538,CCI re-optimized,0.5,-0.05,0.2,0.02,0.5322164055566357,-0.04364449763810127,0.21099598930579433,0.020762243935766672,0.03221640555663574,0.006355502361898732,0.010995989305794318,0.0007622439357666717,50.60498806486103,24748.575,1135714.0,892421.7,-0.0013942403450574181,0.006829623923629167,40,3.1999999999999997,569.9199999999983,178.09999999999945
MOMENTUM_REVERSAL_LOSING,RE-OPTIMIZED,2026-03-27 14:30:07.140822,2026-03-27 14:30:07.140822,2026-03-27 14:38:59.461599434,24717.32,24564.667722802475,PE,24700.0,ATM,142.47999999999956,157.34192679498742,14.861926794987852,1,50,7123.999999999978,743.0963397493927,703.0963397493927,10.430886296313798,True,TARGET_ACHIEVED,6.503946142767509,Momentum re-optimized,0.5,-0.05,0.2,0.02,0.4501333535626106,-0.0591636160635768,0.1941417698405693,0.024772518933648142,-0.04986664643738942,-0.009163616063576796,-0.005858230159430711,0.004772518933648141,50.60498806486103,24748.575,1135714.0,892421.7,-0.0013942403450574181,0.006829623923629167,40,3.1999999999999997,569.9199999999983,178.09999999999945
DAY_HIGH_LOW_OPTIMIZED,RE-OPTIMIZED,2026-03-27 14:30:07.140822,2026-03-27 14:30:07.140822,2026-03-27 14:38:32.166600309,24717.32,24912.5226211614,PE,24700.0,ATM,142.47999999999956,153.00548048438134,10.525480484381774,1,50,7123.999999999978,526.2740242190887,486.2740242190887,7.387338913799696,True,TARGET_ACHIEVED,9.409345729591609,Day high-low re-optimized,0.5,-0.05,0.2,0.02,0.46041564998675205,-0.04237415330491372,0.21580552587178745,0.016421276032031085,-0.03958435001324795,0.007625846695086286,0.015805525871787435,-0.0035787239679689158,50.60498806486103,24748.575,1135714.0,892421.7,-0.0013942403450574181,0.006829623923629167,40,3.1999999999999997,569.9199999999983,178.09999999999945
MULTI_TIMEFRAME_LOSING,FROZEN,2026-03-27 14:45:07.140822,2026-03-27 14:45:07.140822,2026-03-27 14:51:08.724993126,24726.45,25037.75921266728,PE,24700.0,ATM,142.47999999999956,158.13516381238495,15.655163812385382,1,50,7123.999999999978,782.758190619269,742.758190619269,10.987621990725314,True,TARGET_ACHIEVED,9.792263891068167,Multi-timeframe frozen,0.5,-0.05,0.2,0.02,0.5291363247936072,-0.0492400907988617,0.20986739413208166,0.022495944405778845,0.02913632479360717,0.0007599092011383035,0.009867394132081653,0.0024959444057788445,65.00050387987477,24716.8065,489352.0,953094.95,-0.0006882621199604255,0.0035160728693363714,40,3.1999999999999997,569.9199999999983,178.09999999999945
AI_ENHANCED_LOSING,FROZEN,2026-03-27 14:45:07.140822,2026-03-27 14:45:07.140822,2026-03-27 14:56:14.376208346,24726.45,25029.695669600416,PE,24700.0,ATM,142.47999999999956,155.46024995528683,12.980249955287263,1,50,7123.999999999978,649.0124977643632,609.0124977643632,9.11022596524937,True,TARGET_ACHIEVED,11.95390576452079,AI enhanced frozen,0.5,-0.05,0.2,0.02,0.4936022078905696,-0.05421065671763199,0.21445080176869522,0.023902388311996117,-0.006397792109430422,-0.004210656717631989,0.014450801768695204,0.003902388311996116,65.00050387987477,24716.8065,489352.0,953094.95,-0.0006882621199604255,0.0035160728693363714,40,3.1999999999999997,569.9199999999983,178.09999999999945
RSI_DIVERGENCE_LOSING,FROZEN,2026-03-27 14:45:07.140822,2026-03-27 14:45:07.140822,2026-03-27 14:56:56.088733859,24726.45,24761.9412190552,PE,24700.0,ATM,142.47999999999956,140.4611144232194,-2.01888557678015,1,50,7123.999999999978,-100.9442788390075,-140.9442788390075,-1.416960679941154,False,STOP_LOSS,6.672828617397162,RSI frozen,0.5,-0.05,0.2,0.02,0.4951734790926413,-0.05380053860824084,0.19828045484104065,0.016716437413641067,-0.004826520907358689,-0.0038005386082408388,-0.0017195451589593624,-0.003283562586358934,65.00050387987477,24716.8065,489352.0,953094.95,-0.0006882621199604255,0.0035160728693363714,40,3.1999999999999997,569.9199999999983,178.09999999999945
STOCHASTIC_OVERSOLD_LOSING,FROZEN,2026-03-27 14:45:07.140822,2026-03-27 14:45:07.140822,2026-03-27 14:52:24.444322538,24726.45,24305.278856751764,PE,24700.0,ATM,142.47999999999956,153.1955491784288,10.715549178429228,1,50,7123.999999999978,535.7774589214614,495.7774589214614,7.520739176325983,True,TARGET_ACHIEVED,11.621753515430441,Stochastic frozen,0.5,-0.05,0.2,0.02,0.46666537225528293,-0.05402799703392084,0.19562396814887306,0.015049861506149814,-0.03333462774471707,-0.004027997033920837,-0.004376031851126949,-0.004950138493850186,65.00050387987477,24716.8065,489352.0,953094.95,-0.0006882621199604255,0.0035160728693363714,40,3.1999999999999997,569.9199999999983,178.09999999999945
TREND_FOLLOWING_OPTIMIZED,FROZEN,2026-03-27 14:45:07.140822,2026-03-27 14:45:07.140822,2026-03-27 14:52:24.858992544,24726.45,25092.698396888078,PE,24700.0,ATM,142.47999999999956,139.56514420719154,-2.9148557928080265,1,50,7123.999999999978,-145.74278964040133,-185.74278964040133,-2.0457999668781834,False,STOP_LOSS,8.063121178998902,Trend frozen,0.5,-0.05,0.2,0.02,0.5477239302173338,-0.046185225129531646,0.21258454089778972,0.022365097922737307,0.04772393021733379,0.003814774870468357,0.012584540897789709,0.0023650979227373067,65.00050387987477,24716.8065,489352.0,953094.95,-0.0006882621199604255,0.0035160728693363714,40,3.1999999999999997,569.9199999999983,178.09999999999945
MACD_DIVERGENCE_LOSING,RE-OPTIMIZED,2026-03-27 14:45:07.140822,2026-03-27 14:45:07.140822,2026-03-27 14:54:42.211771992,24726.45,24735.334284667002,PE,24700.0,ATM,142.47999999999956,155.40643371600345,12.926433716003885,1,50,7123.999999999978,646.3216858001942,606.3216858001942,9.072454882091469,True,TARGET_ACHIEVED,8.11303454845402,MACD re-optimized,0.5,-0.05,0.2,0.02,0.4899120162074783,-0.040957116630272676,0.18701189051085465,0.01652017220334302,-0.010087983792521682,0.009042883369727327,-0.01298810948914536,-0.0034798277966569813,65.00050387987477,24716.8065,489352.0,953094.95,-0.0006882621199604255,0.0035160728693363714,40,3.1999999999999997,569.9199999999983,178.09999999999945
MOMENTUM_REVERSAL_LOSING,RE-OPTIMIZED,2026-03-27 14:45:07.140822,2026-03-27 14:45:07.140822,2026-03-27 14:51:22.320852035,24726.45,24846.153328502474,PE,24700.0,ATM,142.47999999999956,154.56547229065487,12.085472290655304,1,50,7123.999999999978,604.2736145327651,564.2736145327651,8.482223673957986,True,TARGET_ACHIEVED,9.518029401103142,Momentum re-optimized,0.5,-0.05,0.2,0.02,0.5220100220513105,-0.04574372329319419,0.19951054038679755,0.020375163043603938,0.02201002205131053,0.004256276706805812,-0.0004894596132024587,0.0003751630436039377,65.00050387987477,24716.8065,489352.0,953094.95,-0.0006882621199604255,0.0035160728693363714,40,3.1999999999999997,569.9199999999983,178.09999999999945
MULTI_TIMEFRAME_LOSING,FROZEN,2026-03-27 15:00:07.140822,2026-03-27 15:00:07.140822,2026-03-27 15:05:39.576753740,24763.92,24946.961589613682,PE,24700.0,ITM,142.47999999999956,154.23654845832917,11.756548458329604,1,50,7123.999999999978,587.8274229164801,547.8274229164801,8.251367531112885,True,TARGET_ACHIEVED,5.399440138332662,Multi-timeframe frozen,0.5,-0.05,0.2,0.02,0.47868529002378907,-0.05923249272801795,0.2129844634011957,0.024258237151299905,-0.021314709976210933,-0.009232492728017946,0.01298446340119569,0.004258237151299905,56.47324077370317,24769.193,1558340.0,946914.85,-0.0005432374205829316,0.002357461985016953,40,3.1999999999999997,569.9199999999983,178.09999999999945
AI_ENHANCED_LOSING,FROZEN,2026-03-27 15:00:07.140822,2026-03-27 15:00:07.140822,2026-03-27 15:07:52.742767162,24763.92,25124.25963766289,PE,24700.0,ITM,142.47999999999956,155.63889741903392,13.15889741903436,1,50,7123.999999999978,657.944870951718,617.944870951718,9.235610204263336,True,TARGET_ACHIEVED,5.1167785875729175,AI enhanced frozen,0.5,-0.05,0.2,0.02,0.5340362017225992,-0.05900173504138223,0.2020048322925948,0.016038497657201393,0.034036201722599246,-0.009001735041382228,0.0020048322925947937,-0.003961502342798608,56.47324077370317,24769.193,1558340.0,946914.85,-0.0005432374205829316,0.002357461985016953,40,3.1999999999999997,569.9199999999983,178.09999999999945
RSI_DIVERGENCE_LOSING,FROZEN,2026-03-27 15:00:07.140822,2026-03-27 15:00:07.140822,2026-03-27 15:08:06.550596732,24763.92,24656.955071337903,PE,24700.0,ITM,142.47999999999956,157.29690121670467,14.816901216705105,1,50,7123.999999999978,740.8450608352553,700.8450608352553,10.399284963998563,True,TARGET_ACHIEVED,9.469508960714988,RSI frozen,0.5,-0.05,0.2,0.02,0.4875656579097963,-0.05579700157240122,0.1992796513127774,0.02148136883626959,-0.01243434209020372,-0.00579700157240122,-0.0007203486872226217,0.0014813688362695886,56.47324077370317,24769.193,1558340.0,946914.85,-0.0005432374205829316,0.002357461985016953,40,3.1999999999999997,569.9199999999983,178.09999999999945
TREND_FOLLOWING_OPTIMIZED,FROZEN,2026-03-27 15:00:07.140822,2026-03-27 15:00:07.140822,2026-03-27 15:11:15.354012864,24763.92,24939.400944642228,PE,24700.0,ITM,142.47999999999956,140.1027155898562,-2.3772844101433748,1,50,7123.999999999978,-118.86422050716874,-158.86422050716874,-1.6685039374953554,False,STOP_LOSS,5.813071246135975,Trend frozen,0.5,-0.05,0.2,0.02,0.47482524366521406,-0.05771665353742707,0.18342121862178878,0.019163661395594275,-0.02517475633478594,-0.007716653537427065,-0.016578781378211227,-0.0008363386044057258,56.47324077370317,24769.193,1558340.0,946914.85,-0.0005432374205829316,0.002357461985016953,40,3.1999999999999997,569.9199999999983,178.09999999999945
VOLUME_SPIKE_LOSING,FROZEN,2026-03-27 15:00:07.140822,2026-03-27 15:00:07.140822,2026-03-27 15:10:14.222488945,24763.92,25141.858971845337,PE,24700.0,ITM,142.47999999999956,154.82640904600177,12.346409046002208,1,50,7123.999999999978,617.3204523001104,577.3204523001104,8.665362890231783,True,TARGET_ACHIEVED,6.65071770015202,Volume frozen,0.5,-0.05,0.2,0.02,0.492716869564654,-0.04160910721145849,0.20280799560651883,0.01531020992951777,-0.007283130435346008,0.008390892788541514,0.002807995606518815,-0.00468979007048223,56.47324077370317,24769.193,1558340.0,946914.85,-0.0005432374205829316,0.002357461985016953,40,3.1999999999999997,569.9199999999983,178.09999999999945
HIGH_VOLUME_LOSING,FROZEN,2026-03-27 15:00:07.140822,2026-03-27 15:00:07.140822,2026-03-27 15:09:27.531181403,24763.92,24540.40130492015,PE,24700.0,ITM,142.47999999999956,158.34449701454525,15.864497014545691,1,50,7123.999999999978,793.2248507272845,753.2248507272845,11.134543103976515,True,TARGET_ACHIEVED,8.549839912906926,High volume frozen,0.5,-0.05,0.2,0.02,0.48321386176825637,-0.05516988045620963,0.20191322332969536,0.017957289422978286,-0.01678613823174363,-0.005169880456209627,0.001913223329695346,-0.002042710577021715,56.47324077370317,24769.193,1558340.0,946914.85,-0.0005432374205829316,0.002357461985016953,40,3.1999999999999997,569.9199999999983,178.09999999999945
MACD_DIVERGENCE_LOSING,RE-OPTIMIZED,2026-03-27 15:00:07.140822,2026-03-27 15:00:07.140822,2026-03-27 15:08:36.153808819,24763.92,24728.61682694155,PE,24700.0,ITM,142.47999999999956,157.2700493473185,14.790049347318927,1,50,7123.999999999978,739.5024673659464,699.5024673659464,10.380438901824096,True,TARGET_ACHIEVED,10.72450660145823,MACD re-optimized,0.5,-0.05,0.2,0.02,0.5468260765063325,-0.05442903186824284,0.210510268304844,0.0218207817342171,0.046826076506332526,-0.004429031868242839,0.010510268304844,0.0018207817342171008,56.47324077370317,24769.193,1558340.0,946914.85,-0.0005432374205829316,0.002357461985016953,40,3.1999999999999997,569.9199999999983,178.09999999999945
MULTI_TIMEFRAME_LOSING,FROZEN,2026-03-27 15:15:07.140822,2026-03-27 15:15:07.140822,2026-03-27 15:24:23.817961232,24873.99,25298.121261194232,CE,24800.0,ITM,192.47999999999956,206.65102263755128,14.171022637551715,1,50,9623.999999999978,708.5511318775857,668.5511318775857,7.362335119260051,True,TARGET_ACHIEVED,7.963092572831688,Multi-timeframe frozen,0.5,-0.05,0.2,0.02,0.5034980828982349,-0.04818383428691559,0.20633906990708145,0.0236885291665659,0.0034980828982349443,0.0018161657130844125,0.0063390699070814405,0.0036885291665658994,71.84605442665304,24781.308,1366909.0,1041271.9,0.0004066139315344053,0.004398972581399361,40,3.1999999999999997,769.9199999999983,240.59999999999945
AI_ENHANCED_LOSING,FROZEN,2026-03-27 15:15:07.140822,2026-03-27 15:15:07.140822,2026-03-27 15:25:25.032320811,24873.99,24889.291699547925,CE,24800.0,ITM,192.47999999999956,210.41918817613544,17.939188176135872,1,50,9623.999999999978,896.9594088067936,856.9594088067936,9.320027107302531,True,TARGET_ACHIEVED,5.4725110315834025,AI enhanced frozen,0.5,-0.05,0.2,0.02,0.5153523845581734,-0.054404389329529436,0.20914473513438958,0.017894427916990727,0.015352384558173449,-0.004404389329529433,0.00914473513438957,-0.002105572083009273,71.84605442665304,24781.308,1366909.0,1041271.9,0.0004066139315344053,0.004398972581399361,40,3.1999999999999997,769.9199999999983,240.59999999999945
RSI_DIVERGENCE_LOSING,FROZEN,2026-03-27 15:15:07.140822,2026-03-27 15:15:07.140822,2026-03-27 15:24:12.586322095,24873.99,24965.147563679533,CE,24800.0,ITM,192.47999999999956,211.67836276207822,19.19836276207866,1,50,9623.999999999978,959.918138103933,919.918138103933,9.974211742559593,True,TARGET_ACHIEVED,11.523378001720001,RSI frozen,0.5,-0.05,0.2,0.02,0.5193326281677235,-0.0548419800642483,0.19423956916943172,0.021730638891427123,0.01933262816772352,-0.004841980064248297,-0.005760430830568292,0.0017306388914271227,71.84605442665304,24781.308,1366909.0,1041271.9,0.0004066139315344053,0.004398972581399361,40,3.1999999999999997,769.9199999999983,240.59999999999945
STOCHASTIC_OVERSOLD_LOSING,FROZEN,2026-03-27 15:15:07.140822,2026-03-27 15:15:07.140822,2026-03-27 15:24:33.632202753,24873.99,25216.396851336554,CE,24800.0,ITM,192.47999999999956,213.08015446902053,20.600154469020964,1,50,9623.999999999978,1030.0077234510482,990.0077234510482,10.702490892051648,True,TARGET_ACHIEVED,10.915832538791491,Stochastic frozen,0.5,-0.05,0.2,0.02,0.49377901657984197,-0.04710876136035736,0.2134205142809309,0.02331083222127771,-0.006220983420158033,0.0028912386396426418,0.013420514280930884,0.003310832221277711,71.84605442665304,24781.308,1366909.0,1041271.9,0.0004066139315344053,0.004398972581399361,40,3.1999999999999997,769.9199999999983,240.59999999999945
TREND_FOLLOWING_OPTIMIZED,FROZEN,2026-03-27 15:15:07.140822,2026-03-27 15:15:07.140822,2026-03-27 15:23:59.881152566,24873.99,25328.604630864043,CE,24800.0,ITM,192.47999999999956,207.92314051730548,15.44314051730592,1,50,9623.999999999978,772.157025865296,732.157025865296,8.023244242158123,True,TARGET_ACHIEVED,10.774240482504823,Trend frozen,0.5,-0.05,0.2,0.02,0.5190990734959572,-0.05093097186828134,0.18760355754585342,0.019678732860544137,0.019099073495957186,-0.0009309718682813384,-0.012396442454146589,-0.0003212671394558636,71.84605442665304,24781.308,1366909.0,1041271.9,0.0004066139315344053,0.004398972581399361,40,3.1999999999999997,769.9199999999983,240.59999999999945
VOLUME_SPIKE_LOSING,FROZEN,2026-03-27 15:15:07.140822,2026-03-27 15:15:07.140822,2026-03-27 15:20:20.104244145,24873.99,25179.25353696605,CE,24800.0,ITM,192.47999999999956,206.54430015412257,14.064300154123003,1,50,9623.999999999978,703.2150077061501,663.2150077061501,7.306889107503654,True,TARGET_ACHIEVED,6.847064643385144,Volume frozen,0.5,-0.05,0.2,0.02,0.5442498542646241,-0.05784462755024759,0.18164974609118545,0.022138718448507483,0.04424985426462413,-0.00784462755024759,-0.018350253908814562,0.0021387184485074824,71.84605442665304,24781.308,1366909.0,1041271.9,0.0004066139315344053,0.004398972581399361,40,3.1999999999999997,769.9199999999983,240.59999999999945
HIGH_VOLUME_LOSING,FROZEN,2026-03-27 15:15:07.140822,2026-03-27 15:15:07.140822,2026-03-27 15:23:05.679945021,24873.99,25147.279633348247,CE,24800.0,ITM,192.47999999999956,207.41349829789974,14.933498297900172,1,50,9623.999999999978,746.6749148950087,706.6749148950087,7.758467528003017,True,TARGET_ACHIEVED,5.296605758145688,High volume frozen,0.5,-0.05,0.2,0.02,0.457999244232854,-0.05558860509045732,0.2058705138026229,0.022343020397215713,-0.042000755767146014,-0.005588605090457319,0.005870513802622879,0.002343020397215713,71.84605442665304,24781.308,1366909.0,1041271.9,0.0004066139315344053,0.004398972581399361,40,3.1999999999999997,769.9199999999983,240.59999999999945
BOLLINGER_SQUEEZE_LOSING,RE-OPTIMIZED,2026-03-27 15:15:07.140822,2026-03-27 15:15:07.140822,2026-03-27 15:26:14.992969498,24873.99,25244.14858366335,CE,24800.0,ITM,192.47999999999956,206.59970592653565,14.119705926536085,1,50,9623.999999999978,705.9852963268042,665.9852963268042,7.335674317610202,True,TARGET_ACHIEVED,5.140670353378479,Bollinger re-optimized,0.5,-0.05,0.2,0.02,0.49653413100020954,-0.04211241572729433,0.21839442926415678,0.02331395777246221,-0.0034658689997904557,0.007887584272705674,0.01839442926415677,0.003313957772462208,71.84605442665304,24781.308,1366909.0,1041271.9,0.0004066139315344053,0.004398972581399361,40,3.1999999999999997,769.9199999999983,240.59999999999945
BREAKOUT_REVERSAL_LOSING,RE-OPTIMIZED,2026-03-27 15:15:07.140822,2026-03-27 15:15:07.140822,2026-03-27 15:22:40.267501904,24873.99,24563.063208615044,CE,24800.0,ITM,192.47999999999956,213.91752811302797,21.437528113028407,1,50,9623.999999999978,1071.8764056514203,1031.8764056514203,11.137535387067985,True,TARGET_ACHIEVED,5.206453111750439,Breakout re-optimized,0.5,-0.05,0.2,0.02,0.5403815607238808,-0.04070314517099693,0.2131874973182713,0.018829427544384308,0.04038156072388077,0.009296854829003075,0.01318749731827129,-0.0011705724556156927,71.84605442665304,24781.308,1366909.0,1041271.9,0.0004066139315344053,0.004398972581399361,40,3.1999999999999997,769.9199999999983,240.59999999999945
MULTI_TIMEFRAME_LOSING,FROZEN,2026-03-30 09:15:00.000000,2026-03-30 09:15:00.000000,2026-03-30 09:24:33.191290161,23076.68,22930.57283785025,PE,23800.0,OTM,307.52000000000044,333.3367586897696,25.816758689769188,1,50,15376.000000000022,1290.8379344884593,1250.8379344884593,8.395147856974878,True,TARGET_ACHIEVED,7.443468925244385,Multi-timeframe frozen,0.5,-0.05,0.2,0.02,0.46365536936863205,-0.048662320445074854,0.1941211397714005,0.015979727246611078,-0.03634463063136795,0.0013376795549251488,-0.005878860228599514,-0.0040202727533889225,7.545082976808629,24740.618,790685.0,1075083.95,-0.0736200653537048,0.003231834041985318,40,3.1999999999999997,1230.0800000000017,384.40000000000055
AI_ENHANCED_LOSING,FROZEN,2026-03-30 09:15:00.000000,2026-03-30 09:15:00.000000,2026-03-30 09:20:45.464739499,23076.68,22752.733599619984,PE,23800.0,OTM,307.52000000000044,341.2425968537475,33.72259685374706,1,50,15376.000000000022,1686.1298426873532,1646.1298426873532,10.965984929028036,True,TARGET_ACHIEVED,8.60903914287223,AI enhanced frozen,0.5,-0.05,0.2,0.02,0.5320547064789509,-0.05517737620154756,0.19928729146272972,0.01982463913661285,0.03205470647895092,-0.005177376201547554,-0.0007127085372702902,-0.00017536086338714937,7.545082976808629,24740.618,790685.0,1075083.95,-0.0736200653537048,0.003231834041985318,40,3.1999999999999997,1230.0800000000017,384.40000000000055
RSI_DIVERGENCE_LOSING,FROZEN,2026-03-30 09:15:00.000000,2026-03-30 09:15:00.000000,2026-03-30 09:25:49.928619253,23076.68,22922.6526954012,PE,23800.0,OTM,307.52000000000044,341.14906272276903,33.629062722768595,1,50,15376.000000000022,1681.4531361384297,1641.4531361384297,10.935569303709855,True,TARGET_ACHIEVED,9.30034777822959,RSI frozen,0.5,-0.05,0.2,0.02,0.5258062812533241,-0.04693394058317171,0.20945691980671977,0.02270085884143584,0.02580628125332407,0.00306605941682829,0.009456919806719755,0.002700858841435838,7.545082976808629,24740.618,790685.0,1075083.95,-0.0736200653537048,0.003231834041985318,40,3.1999999999999997,1230.0800000000017,384.40000000000055
STOCHASTIC_OVERSOLD_LOSING,FROZEN,2026-03-30 09:15:00.000000,2026-03-30 09:15:00.000000,2026-03-30 09:24:34.044232090,23076.68,23232.066959422355,PE,23800.0,OTM,307.52000000000044,332.23991119410834,24.719911194107908,1,50,15376.000000000022,1235.9955597053954,1195.9955597053954,8.03847268278742,True,TARGET_ACHIEVED,5.961747775020137,Stochastic frozen,0.5,-0.05,0.2,0.02,0.4765263904417622,-0.057636297647980006,0.18852721014361504,0.024005381038813847,-0.023473609558237796,-0.007636297647980003,-0.011472789856384974,0.004005381038813847,7.545082976808629,24740.618,790685.0,1075083.95,-0.0736200653537048,0.003231834041985318,40,3.1999999999999997,1230.0800000000017,384.40000000000055
TREND_FOLLOWING_OPTIMIZED,FROZEN,2026-03-30 09:15:00.000000,2026-03-30 09:15:00.000000,2026-03-30 09:26:14.759487495,23076.68,22780.396497346286,PE,23800.0,OTM,307.52000000000044,333.6437561035217,26.12375610352126,1,50,15376.000000000022,1306.187805176063,1266.187805176063,8.494977921280315,True,TARGET_ACHIEVED,7.299919820335543,Trend frozen,0.5,-0.05,0.2,0.02,0.5126105466672631,-0.04948747724027633,0.20673199706758635,0.019394363116002726,0.012610546667263134,0.0005125227597236742,0.006731997067586343,-0.0006056368839972744,7.545082976808629,24740.618,790685.0,1075083.95,-0.0736200653537048,0.003231834041985318,40,3.1999999999999997,1230.0800000000017,384.40000000000055
STRONG_MOMENTUM_LOSING,FROZEN,2026-03-30 09:15:00.000000,2026-03-30 09:15:00.000000,2026-03-30 09:24:46.123741022,23076.68,23437.165667599736,PE,23800.0,OTM,307.52000000000044,301.9093261330246,-5.610673866975844,1,50,15376.000000000022,-280.5336933487922,-320.5336933487922,-1.8244907215712265,False,STOP_LOSS,6.798608165196094,Strong momentum frozen,0.5,-0.05,0.2,0.02,0.5208333338681373,-0.05210405107220266,0.20783286274549687,0.01815346451081469,0.02083333386813735,-0.002104051072202656,0.007832862745496855,-0.0018465354891853102,7.545082976808629,24740.618,790685.0,1075083.95,-0.0736200653537048,0.003231834041985318,40,3.1999999999999997,1230.0800000000017,384.40000000000055
MACD_DIVERGENCE_LOSING,RE-OPTIMIZED,2026-03-30 09:15:00.000000,2026-03-30 09:15:00.000000,2026-03-30 09:21:23.798957196,23076.68,23359.42248028237,PE,23800.0,OTM,307.52000000000044,336.4497866664573,28.92978666645689,1,50,15376.000000000022,1446.4893333228447,1406.4893333228447,9.407448837947728,True,TARGET_ACHIEVED,9.265122849379711,MACD re-optimized,0.5,-0.05,0.2,0.02,0.5173815010733875,-0.0557571098566134,0.21493164436383905,0.021759885992944795,0.01738150107338754,-0.005757109856613395,0.014931644363839036,0.001759885992944795,7.545082976808629,24740.618,790685.0,1075083.95,-0.0736200653537048,0.003231834041985318,40,3.1999999999999997,1230.0800000000017,384.40000000000055
CCI_EXTREME_LOSING,RE-OPTIMIZED,2026-03-30 09:15:00.000000,2026-03-30 09:15:00.000000,2026-03-30 09:24:05.317661610,23076.68,23395.33625087999,PE,23800.0,OTM,307.52000000000044,338.7226950539508,31.20269505395038,1,50,15376.000000000022,1560.134752697519,1520.134752697519,10.146557964994257,True,TARGET_ACHIEVED,6.872232813617199,CCI re-optimized,0.5,-0.05,0.2,0.02,0.4838296674292956,-0.05274870262391671,0.19333615055725198,0.0171360673700627,-0.016170332570704382,-0.0027487026239167087,-0.006663849442748032,-0.0028639326299373,7.545082976808629,24740.618,790685.0,1075083.95,-0.0736200653537048,0.003231834041985318,40,3.1999999999999997,1230.0800000000017,384.40000000000055
MOMENTUM_REVERSAL_LOSING,RE-OPTIMIZED,2026-03-30 09:15:00.000000,2026-03-30 09:15:00.000000,2026-03-30 09:22:08.699005558,23076.68,23400.0737667059,PE,23800.0,OTM,307.52000000000044,330.4004025932681,22.88040259326766,1,50,15376.000000000022,1144.0201296633832,1104.0201296633832,7.440297409361222,True,TARGET_ACHIEVED,6.569665971118683,Momentum re-optimized,0.5,-0.05,0.2,0.02,0.4888731695711088,-0.04600111221214205,0.19619688238720892,0.018875639201924862,-0.011126830428891177,0.003998887787857952,-0.0038031176127910904,-0.0011243607980751386,7.545082976808629,24740.618,790685.0,1075083.95,-0.0736200653537048,0.003231834041985318,40,3.1999999999999997,1230.0800000000017,384.40000000000055
BOLLINGER_SQUEEZE_LOSING,RE-OPTIMIZED,2026-03-30 09:15:00.000000,2026-03-30 09:15:00.000000,2026-03-30 09:24:41.216344892,23076.68,22874.65638972173,PE,23800.0,OTM,307.52000000000044,333.6788456716564,26.158845671655968,1,50,15376.000000000022,1307.9422835827984,1267.9422835827984,8.506388420803827,True,TARGET_ACHIEVED,9.284072249088124,Bollinger re-optimized,0.5,-0.05,0.2,0.02,0.48314247821244055,-0.05195847716336817,0.19975674770588178,0.017391095114245737,-0.01685752178755945,-0.0019584771633681664,-0.00024325229411822913,-0.0026089048857542638,7.545082976808629,24740.618,790685.0,1075083.95,-0.0736200653537048,0.003231834041985318,40,3.1999999999999997,1230.0800000000017,384.40000000000055
BREAKOUT_REVERSAL_LOSING,RE-OPTIMIZED,2026-03-30 09:15:00.000000,2026-03-30 09:15:00.000000,2026-03-30 09:20:34.650780251,23076.68,23460.13560914623,PE,23800.0,OTM,307.52000000000044,336.83290576784253,29.312905767842096,1,50,15376.000000000022,1465.6452883921047,1425.6452883921047,9.532032312643747,True,TARGET_ACHIEVED,10.03596932903358,Breakout re-optimized,0.5,-0.05,0.2,0.02,0.4656991848064218,-0.04139792603508742,0.19218811555712478,0.022016266547445033,-0.034300815193578194,0.008602073964912582,-0.007811884442875228,0.002016266547445033,7.545082976808629,24740.618,790685.0,1075083.95,-0.0736200653537048,0.003231834041985318,40,3.1999999999999997,1230.0800000000017,384.40000000000055
MULTI_TIMEFRAME_LOSING,FROZEN,2026-03-30 09:30:00.000000,2026-03-30 09:30:00.000000,2026-03-30 09:39:49.822360771,23117.11,23128.376577913456,PE,23800.0,OTM,307.52000000000044,340.0766701433549,32.55667014335444,1,50,15376.000000000022,1627.833507167722,1587.833507167722,10.58684643059131,True,TARGET_ACHIEVED,9.499921146385088,Multi-timeframe frozen,0.5,-0.05,0.2,0.02,0.5199374905702,-0.05103021904013943,0.2063951219692471,0.019013915352212314,0.0199374905702,-0.0010302190401394254,0.006395121969247075,-0.0009860846477876863,58.18894765639279,23463.856,1222357.0,1024737.0,-0.00030271435311457484,0.0016070347893833378,40,3.1999999999999997,1230.0800000000017,384.40000000000055
AI_ENHANCED_LOSING,FROZEN,2026-03-30 09:30:00.000000,2026-03-30 09:30:00.000000,2026-03-30 09:39:32.082112487,23117.11,23534.955756475603,PE,23800.0,OTM,307.52000000000044,301.5515267139719,-5.968473286028541,1,50,15376.000000000022,-298.42366430142704,-338.42366430142704,-1.94084068874497,False,STOP_LOSS,5.331664617156513,AI enhanced frozen,0.5,-0.05,0.2,0.02,0.4672840533619395,-0.040109352081481905,0.19710846399566112,0.021590698830309063,-0.03271594663806049,0.009890647918518097,-0.0028915360043388905,0.0015906988303090626,58.18894765639279,23463.856,1222357.0,1024737.0,-0.00030271435311457484,0.0016070347893833378,40,3.1999999999999997,1230.0800000000017,384.40000000000055
RSI_DIVERGENCE_LOSING,FROZEN,2026-03-30 09:30:00.000000,2026-03-30 09:30:00.000000,2026-03-30 09:40:03.749316487,23117.11,23532.811186161005,PE,23800.0,OTM,307.52000000000044,334.07079230535345,26.550792305353013,1,50,15376.000000000022,1327.5396152676508,1287.5396152676508,8.633842451012285,True,TARGET_ACHIEVED,11.85344111040234,RSI frozen,0.5,-0.05,0.2,0.02,0.49947360576074246,-0.04724528311046407,0.20998155479917097,0.015980014313199117,-0.0005263942392575438,0.0027547168895359353,0.009981554799170955,-0.004019985686800884,58.18894765639279,23463.856,1222357.0,1024737.0,-0.00030271435311457484,0.0016070347893833378,40,3.1999999999999997,1230.0800000000017,384.40000000000055
TREND_FOLLOWING_OPTIMIZED,FROZEN,2026-03-30 09:30:00.000000,2026-03-30 09:30:00.000000,2026-03-30 09:39:54.531893106,23117.11,23382.243863802287,PE,23800.0,OTM,307.52000000000044,338.5891939077425,31.06919390774209,1,50,15376.000000000022,1553.4596953871046,1513.4596953871046,10.103145781653891,True,TARGET_ACHIEVED,8.671028904616978,Trend frozen,0.5,-0.05,0.2,0.02,0.47297294077153,-0.05289965938715382,0.18935241821145274,0.015268644767753314,-0.027027059228469985,-0.002899659387153815,-0.010647581788547272,-0.004731355232246687,58.18894765639279,23463.856,1222357.0,1024737.0,-0.00030271435311457484,0.0016070347893833378,40,3.1999999999999997,1230.0800000000017,384.40000000000055
HIGH_VOLUME_LOSING,FROZEN,2026-03-30 09:30:00.000000,2026-03-30 09:30:00.000000,2026-03-30 09:40:54.397597338,23117.11,22884.248956316933,PE,23800.0,OTM,307.52000000000044,335.73190608193215,28.211906081931716,1,50,15376.000000000022,1410.5953040965858,1370.5953040965858,9.174006920503276,True,TARGET_ACHIEVED,8.591217189322258,High volume frozen,0.5,-0.05,0.2,0.02,0.5381050214802948,-0.05412300903337803,0.19379741713519294,0.01683811115662846,0.03810502148029482,-0.004123009033378026,-0.006202582864807071,-0.003161888843371541,58.18894765639279,23463.856,1222357.0,1024737.0,-0.00030271435311457484,0.0016070347893833378,40,3.1999999999999997,1230.0800000000017,384.40000000000055
BOLLINGER_SQUEEZE_LOSING,RE-OPTIMIZED,2026-03-30 09:30:00.000000,2026-03-30 09:30:00.000000,2026-03-30 09:37:28.580616723,23117.11,23136.536940648068,PE,23800.0,OTM,307.52000000000044,335.85254631082154,28.3325463108211,1,50,15376.000000000022,1416.627315541055,1376.627315541055,9.213236963716525,True,TARGET_ACHIEVED,8.639229559689689,Bollinger re-optimized,0.5,-0.05,0.2,0.02,0.4864959511323566,-0.05530608945843905,0.2117719087262501,0.022733541896545882,-0.013504048867643392,-0.0053060894584390506,0.011771908726250085,0.0027335418965458817,58.18894765639279,23463.856,1222357.0,1024737.0,-0.00030271435311457484,0.0016070347893833378,40,3.1999999999999997,1230.0800000000017,384.40000000000055
BREAKOUT_REVERSAL_LOSING,RE-OPTIMIZED,2026-03-30 09:30:00.000000,2026-03-30 09:30:00.000000,2026-03-30 09:35:24.984255402,23117.11,23519.579480503387,PE,23800.0,OTM,307.52000000000044,336.1927423844278,28.67274238442735,1,50,15376.000000000022,1433.6371192213676,1393.6371192213676,9.323862638016166,True,TARGET_ACHIEVED,10.976860030186156,Breakout re-optimized,0.5,-0.05,0.2,0.02,0.5035883909111848,-0.05990504007532116,0.19952705762889822,0.018489536046514297,0.003588390911184791,-0.009905040075321156,-0.00047294237110179216,-0.0015104639534857037,58.18894765639279,23463.856,1222357.0,1024737.0,-0.00030271435311457484,0.0016070347893833378,40,3.1999999999999997,1230.0800000000017,384.40000000000055
MULTI_TIMEFRAME_LOSING,FROZEN,2026-03-30 09:45:00.000000,2026-03-30 09:45:00.000000,2026-03-30 09:54:06.734160729,23246.91,23045.85728222226,CE,23800.0,OTM,307.52000000000044,333.32712342762403,25.807123427623594,1,50,15376.000000000022,1290.3561713811796,1250.3561713811796,8.392014642177275,True,TARGET_ACHIEVED,7.023832334615014,Multi-timeframe frozen,0.5,-0.05,0.2,0.02,0.4755519555884943,-0.044841756115916426,0.20587934588898094,0.02045816792124253,-0.02444804441150572,0.005158243884083577,0.005879345888980925,0.0004581679212425291,78.40986643268103,23174.3915,1046530.0,990653.15,0.0008399562585565956,0.00191638372583708,40,3.1999999999999997,1230.0800000000017,384.40000000000055
AI_ENHANCED_LOSING,FROZEN,2026-03-30 09:45:00.000000,2026-03-30 09:45:00.000000,2026-03-30 09:51:18.012539139,23246.91,23440.398379587063,CE,23800.0,OTM,307.52000000000044,341.409553198969,33.88955319896854,1,50,15376.000000000022,1694.4776599484271,1654.4776599484271,11.020276144305571,True,TARGET_ACHIEVED,8.898437244609468,AI enhanced frozen,0.5,-0.05,0.2,0.02,0.49172016340436325,-0.04612624165416168,0.21781975234965614,0.016590870990498528,-0.008279836595636747,0.0038737583458383212,0.01781975234965613,-0.003409129009501473,78.40986643268103,23174.3915,1046530.0,990653.15,0.0008399562585565956,0.00191638372583708,40,3.1999999999999997,1230.0800000000017,384.40000000000055
RSI_DIVERGENCE_LOSING,FROZEN,2026-03-30 09:45:00.000000,2026-03-30 09:45:00.000000,2026-03-30 09:56:42.458510841,23246.91,23088.92696741477,CE,23800.0,OTM,307.52000000000044,301.93502840132106,-5.584971598679374,1,50,15376.000000000022,-279.2485799339687,-319.2485799339687,-1.8161328039410012,False,STOP_LOSS,5.448841886163339,RSI frozen,0.5,-0.05,0.2,0.02,0.5413988567226543,-0.05734349424191541,0.19364877207960776,0.01563991128982709,0.04139885672265431,-0.00734349424191541,-0.0063512279203922495,-0.004360088710172912,78.40986643268103,23174.3915,1046530.0,990653.15,0.0008399562585565956,0.00191638372583708,40,3.1999999999999997,1230.0800000000017,384.40000000000055
STOCHASTIC_OVERSOLD_LOSING,FROZEN,2026-03-30 09:45:00.000000,2026-03-30 09:45:00.000000,2026-03-30 09:54:21.154360627,23246.91,23142.691092706264,CE,23800.0,OTM,307.52000000000044,331.0583128401077,23.538312840107267,1,50,15376.000000000022,1176.9156420053632,1136.9156420053632,7.654238046340802,True,TARGET_ACHIEVED,9.65180644241633,Stochastic frozen,0.5,-0.05,0.2,0.02,0.4656566860893217,-0.051183554399441895,0.20300469063418697,0.023604460271698977,-0.0343433139106783,-0.0011835543994418926,0.0030046906341869573,0.003604460271698976,78.40986643268103,23174.3915,1046530.0,990653.15,0.0008399562585565956,0.00191638372583708,40,3.1999999999999997,1230.0800000000017,384.40000000000055
TREND_FOLLOWING_OPTIMIZED,FROZEN,2026-03-30 09:45:00.000000,2026-03-30 09:45:00.000000,2026-03-30 09:56:18.155319900,23246.91,22887.18474015622,CE,23800.0,OTM,307.52000000000044,339.84077300095436,32.32077300095392,1,50,15376.000000000022,1616.0386500476961,1576.0386500476961,10.510136901975116,True,TARGET_ACHIEVED,7.9859565273752455,Trend frozen,0.5,-0.05,0.2,0.02,0.459558264125918,-0.059477547472995704,0.19388704647207758,0.022380364995703804,-0.04044173587408201,-0.009477547472995701,-0.006112953527922432,0.0023803649957038035,78.40986643268103,23174.3915,1046530.0,990653.15,0.0008399562585565956,0.00191638372583708,40,3.1999999999999997,1230.0800000000017,384.40000000000055
MACD_DIVERGENCE_LOSING,RE-OPTIMIZED,2026-03-30 09:45:00.000000,2026-03-30 09:45:00.000000,2026-03-30 09:54:58.741776836,23246.91,23632.676574547397,CE,23800.0,OTM,307.52000000000044,334.1833061091154,26.663306109114956,1,50,15376.000000000022,1333.1653054557478,1293.1653054557478,8.670429926221033,True,TARGET_ACHIEVED,6.402795074721247,MACD re-optimized,0.5,-0.05,0.2,0.02,0.4701364316065196,-0.04154962556886758,0.2101692245195134,0.015185832673219435,-0.029863568393480422,0.008450374431132425,0.010169224519513381,-0.0048141673267805656,78.40986643268103,23174.3915,1046530.0,990653.15,0.0008399562585565956,0.00191638372583708,40,3.1999999999999997,1230.0800000000017,384.40000000000055
CCI_EXTREME_LOSING,RE-OPTIMIZED,2026-03-30 09:45:00.000000,2026-03-30 09:45:00.000000,2026-03-30 09:53:43.872630872,23246.91,23067.758766796447,CE,23800.0,OTM,307.52000000000044,329.79445219317034,22.274452193169907,1,50,15376.000000000022,1113.7226096584955,1073.7226096584955,7.2432531845635655,True,TARGET_ACHIEVED,5.90069447894292,CCI re-optimized,0.5,-0.05,0.2,0.02,0.4770246687942142,-0.059638511222012594,0.1923181617960716,0.015598163729931166,-0.02297533120578582,-0.009638511222012591,-0.007681838203928398,-0.004401836270068835,78.40986643268103,23174.3915,1046530.0,990653.15,0.0008399562585565956,0.00191638372583708,40,3.1999999999999997,1230.0800000000017,384.40000000000055
MOMENTUM_REVERSAL_LOSING,RE-OPTIMIZED,2026-03-30 09:45:00.000000,2026-03-30 09:45:00.000000,2026-03-30 09:55:05.943869825,23246.91,22793.41246991179,CE,23800.0,OTM,307.52000000000044,331.2894234887857,23.769423488785264,1,50,15376.000000000022,1188.4711744392632,1148.4711744392632,7.729391092867205,True,TARGET_ACHIEVED,10.47161055526917,Momentum re-optimized,0.5,-0.05,0.2,0.02,0.4896858945217677,-0.048320063809778255,0.18205646738675707,0.024780351456578167,-0.010314105478232305,0.001679936190221748,-0.01794353261324294,0.004780351456578166,78.40986643268103,23174.3915,1046530.0,990653.15,0.0008399562585565956,0.00191638372583708,40,3.1999999999999997,1230.0800000000017,384.40000000000055
BOLLINGER_SQUEEZE_LOSING,RE-OPTIMIZED,2026-03-30 09:45:00.000000,2026-03-30 09:45:00.000000,2026-03-30 09:55:17.498664312,23246.91,23035.198739407366,CE,23800.0,OTM,307.52000000000044,340.94913639885823,33.42913639885779,1,50,15376.000000000022,1671.4568199428895,1631.4568199428895,10.870556841459985,True,TARGET_ACHIEVED,8.515318913263604,Bollinger re-optimized,0.5,-0.05,0.2,0.02,0.5355865007194528,-0.04351630034244634,0.19071840625778644,0.023972392279240678,0.035586500719452796,0.00648369965755366,-0.009281593742213573,0.003972392279240677,78.40986643268103,23174.3915,1046530.0,990653.15,0.0008399562585565956,0.00191638372583708,40,3.1999999999999997,1230.0800000000017,384.40000000000055
BREAKOUT_REVERSAL_LOSING,RE-OPTIMIZED,2026-03-30 09:45:00.000000,2026-03-30 09:45:00.000000,2026-03-30 09:51:17.631357840,23246.91,23318.336599550596,CE,23800.0,OTM,307.52000000000044,335.7949894050858,28.274989405085364,1,50,15376.000000000022,1413.749470254268,1373.749470254268,9.19452048812608,True,TARGET_ACHIEVED,11.661716641335406,Breakout re-optimized,0.5,-0.05,0.2,0.02,0.49930124717187746,-0.05326454611825776,0.21908422170204242,0.016544359522748874,-0.0006987528281225397,-0.003264546118257758,0.01908422170204241,-0.003455640477251127,78.40986643268103,23174.3915,1046530.0,990653.15,0.0008399562585565956,0.00191638372583708,40,3.1999999999999997,1230.0800000000017,384.40000000000055
MULTI_TIMEFRAME_LOSING,FROZEN,2026-03-30 10:00:00.000000,2026-03-30 10:00:00.000000,2026-03-30 10:09:43.626807035,23347.24,23526.775978402893,CE,23800.0,OTM,307.52000000000044,339.92981591821473,32.40981591821429,1,50,15376.000000000022,1620.4907959107145,1580.4907959107145,10.539092064976016,True,TARGET_ACHIEVED,11.226697487341017,Multi-timeframe frozen,0.5,-0.05,0.2,0.02,0.4636744815794723,-0.05255766891165632,0.2049811200253076,0.01600666196919685,-0.036325518420527725,-0.002557668911656319,0.004981120025307595,-0.003993338030803151,81.20174756119467,23273.9065,563015.0,902250.1,0.0011032733300717634,0.002102603990878585,40,3.1999999999999997,1230.0800000000017,384.40000000000055
AI_ENHANCED_LOSING,FROZEN,2026-03-30 10:00:00.000000,2026-03-30 10:00:00.000000,2026-03-30 10:11:10.509977648,23347.24,23554.835658376593,CE,23800.0,OTM,307.52000000000044,330.79966759336247,23.279667593362035,1,50,15376.000000000022,1163.9833796681019,1123.9833796681019,7.5701312413378,True,TARGET_ACHIEVED,6.821966755538555,AI enhanced frozen,0.5,-0.05,0.2,0.02,0.525680294629339,-0.0445060841930256,0.20585408497325972,0.016087679378352558,0.025680294629338962,0.005493915806974406,0.0058540849732597044,-0.003912320621647442,81.20174756119467,23273.9065,563015.0,902250.1,0.0011032733300717634,0.002102603990878585,40,3.1999999999999997,1230.0800000000017,384.40000000000055
RSI_DIVERGENCE_LOSING,FROZEN,2026-03-30 10:00:00.000000,2026-03-30 10:00:00.000000,2026-03-30 10:05:58.152101529,23347.24,23023.460763743955,CE,23800.0,OTM,307.52000000000044,331.56837302106044,24.04837302106,1,50,15376.000000000022,1202.418651053,1162.418651053,7.820100488117836,True,TARGET_ACHIEVED,9.427341934338177,RSI frozen,0.5,-0.05,0.2,0.02,0.4658109814900927,-0.04782417717925827,0.20091131358763076,0.022163237318573625,-0.0341890185099073,0.0021758228207417324,0.0009113135876307465,0.0021632373185736242,81.20174756119467,23273.9065,563015.0,902250.1,0.0011032733300717634,0.002102603990878585,40,3.1999999999999997,1230.0800000000017,384.40000000000055
STOCHASTIC_OVERSOLD_LOSING,FROZEN,2026-03-30 10:00:00.000000,2026-03-30 10:00:00.000000,2026-03-30 10:07:22.740931372,23347.24,23097.468172432626,CE,23800.0,OTM,307.52000000000044,340.833093187689,33.31309318768854,1,50,15376.000000000022,1665.6546593844269,1625.6546593844269,10.832821666131794,True,TARGET_ACHIEVED,8.438003035979282,Stochastic frozen,0.5,-0.05,0.2,0.02,0.45013788182162146,-0.04290256753892966,0.18043727729479314,0.0229608177680146,-0.049862118178378545,0.007097432461070342,-0.01956272270520687,0.002960817768014601,81.20174756119467,23273.9065,563015.0,902250.1,0.0011032733300717634,0.002102603990878585,40,3.1999999999999997,1230.0800000000017,384.40000000000055
TREND_FOLLOWING_OPTIMIZED,FROZEN,2026-03-30 10:00:00.000000,2026-03-30 10:00:00.000000,2026-03-30 10:05:14.963678547,23347.24,22899.892371202477,CE,23800.0,OTM,307.52000000000044,339.7149320628717,32.19493206287126,1,50,15376.000000000022,1609.7466031435629,1569.7466031435629,10.469215681214623,True,TARGET_ACHIEVED,5.7612108616081725,Trend frozen,0.5,-0.05,0.2,0.02,0.51017617005188,-0.055489677959909535,0.2063669345151359,0.02125971140128896,0.010176170051879985,-0.005489677959909532,0.006366934515135897,0.0012597114012889606,81.20174756119467,23273.9065,563015.0,902250.1,0.0011032733300717634,0.002102603990878585,40,3.1999999999999997,1230.0800000000017,384.40000000000055
STRONG_MOMENTUM_LOSING,FROZEN,2026-03-30 10:00:00.000000,2026-03-30 10:00:00.000000,2026-03-30 10:05:05.108050941,23347.24,22902.187716194898,CE,23800.0,OTM,307.52000000000044,333.67487202047135,26.15487202047092,1,50,15376.000000000022,1307.743601023546,1267.743601023546,8.50509626055895,True,TARGET_ACHIEVED,10.520543295962877,Strong momentum frozen,0.5,-0.05,0.2,0.02,0.538392155213266,-0.054666299498618814,0.19369476758553436,0.015208486141573734,0.038392155213266,-0.004666299498618812,-0.00630523241446565,-0.0047915138584262666,81.20174756119467,23273.9065,563015.0,902250.1,0.0011032733300717634,0.002102603990878585,40,3.1999999999999997,1230.0800000000017,384.40000000000055
MACD_DIVERGENCE_LOSING,RE-OPTIMIZED,2026-03-30 10:00:00.000000,2026-03-30 10:00:00.000000,2026-03-30 10:06:41.087869353,23347.24,23230.14804765245,CE,23800.0,OTM,307.52000000000044,332.78747146646566,25.267471466465224,1,50,15376.000000000022,1263.373573323261,1223.373573323261,8.216529483111728,True,TARGET_ACHIEVED,6.9187157884917685,MACD re-optimized,0.5,-0.05,0.2,0.02,0.4508859300815438,-0.058287612462845334,0.19692816143691236,0.024275898618272507,-0.04911406991845618,-0.008287612462845331,-0.0030718385630876532,0.004275898618272506,81.20174756119467,23273.9065,563015.0,902250.1,0.0011032733300717634,0.002102603990878585,40,3.1999999999999997,1230.0800000000017,384.40000000000055
CCI_EXTREME_LOSING,RE-OPTIMIZED,2026-03-30 10:00:00.000000,2026-03-30 10:00:00.000000,2026-03-30 10:11:09.074285211,23347.24,23716.40556308984,CE,23800.0,OTM,307.52000000000044,329.6675814546666,22.14758145466618,1,50,15376.000000000022,1107.379072733309,1067.379072733309,7.201997091137535,True,TARGET_ACHIEVED,9.311522000184578,CCI re-optimized,0.5,-0.05,0.2,0.02,0.4783992659736016,-0.05950718624000405,0.1991923842420492,0.015798941317889427,-0.021600734026398394,-0.009507186240004045,-0.0008076157579508247,-0.0042010586821105735,81.20174756119467,23273.9065,563015.0,902250.1,0.0011032733300717634,0.002102603990878585,40,3.1999999999999997,1230.0800000000017,384.40000000000055
MOMENTUM_REVERSAL_LOSING,RE-OPTIMIZED,2026-03-30 10:00:00.000000,2026-03-30 10:00:00.000000,2026-03-30 10:10:19.189544880,23347.24,23311.99404380168,CE,23800.0,OTM,307.52000000000044,303.5390087122576,-3.9809912877428246,1,50,15376.000000000022,-199.04956438714123,-239.04956438714123,-1.2945471149007606,False,STOP_LOSS,11.249270074202117,Momentum re-optimized,0.5,-0.05,0.2,0.02,0.5102904865968674,-0.040767644796660514,0.18877703928145492,0.019442688706132534,0.010290486596867376,0.009232355203339489,-0.011222960718545089,-0.0005573112938674664,81.20174756119467,23273.9065,563015.0,902250.1,0.0011032733300717634,0.002102603990878585,40,3.1999999999999997,1230.0800000000017,384.40000000000055
BOLLINGER_SQUEEZE_LOSING,RE-OPTIMIZED,2026-03-30 10:00:00.000000,2026-03-30 10:00:00.000000,2026-03-30 10:08:20.713637195,23347.24,23346.602352290713,CE,23800.0,OTM,307.52000000000044,336.70191509052125,29.181915090520818,1,50,15376.000000000022,1459.0957545260408,1419.0957545260408,9.48943648885301,True,TARGET_ACHIEVED,8.110160378842293,Bollinger re-optimized,0.5,-0.05,0.2,0.02,0.537661161560126,-0.05339457509683937,0.19446479757685234,0.019198985233766095,0.037661161560126,-0.0033945750968393668,-0.005535202423147673,-0.0008010147662339054,81.20174756119467,23273.9065,563015.0,902250.1,0.0011032733300717634,0.002102603990878585,40,3.1999999999999997,1230.0800000000017,384.40000000000055
BREAKOUT_REVERSAL_LOSING,RE-OPTIMIZED,2026-03-30 10:00:00.000000,2026-03-30 10:00:00.000000,2026-03-30 10:11:33.477099426,23347.24,23623.443487565506,CE,23800.0,OTM,307.52000000000044,340.07372110986927,32.55372110986883,1,50,15376.000000000022,1627.6860554934415,1587.6860554934415,10.585887457683658,True,TARGET_ACHIEVED,5.3763749493853314,Breakout re-optimized,0.5,-0.05,0.2,0.02,0.5140474765818509,-0.055640605139899074,0.20822913109806507,0.01781841381826994,0.014047476581850904,-0.005640605139899071,0.008229131098065057,-0.002181586181730061,81.20174756119467,23273.9065,563015.0,902250.1,0.0011032733300717634,0.002102603990878585,40,3.1999999999999997,1230.0800000000017,384.40000000000055
MULTI_TIMEFRAME_LOSING,FROZEN,2026-03-30 10:15:00.000000,2026-03-30 10:15:00.000000,2026-03-30 10:22:13.317194382,23518.36,23370.37994302684,CE,23800.0,OTM,307.52000000000044,334.8906297956409,27.37062979564047,1,50,15376.000000000022,1368.5314897820235,1328.5314897820235,8.900438929383595,True,TARGET_ACHIEVED,5.524893361827431,Multi-timeframe frozen,0.5,-0.05,0.2,0.02,0.5152231051241345,-0.05017514111492962,0.21496581234508955,0.016960261700505616,0.015223105124134495,-0.0001751411149296181,0.014965812345089535,-0.0030397382994943843,86.08313864496813,23412.875500000002,850831.0,1006921.55,0.00095931957258788,0.0035117244569774484,40,3.1999999999999997,1230.0800000000017,384.40000000000055
AI_ENHANCED_LOSING,FROZEN,2026-03-30 10:15:00.000000,2026-03-30 10:15:00.000000,2026-03-30 10:26:24.331657017,23518.36,23608.355284742174,CE,23800.0,OTM,307.52000000000044,340.729195141344,33.20919514134357,1,50,15376.000000000022,1660.4597570671785,1620.4597570671785,10.799035881030022,True,TARGET_ACHIEVED,7.94425094071607,AI enhanced frozen,0.5,-0.05,0.2,0.02,0.4847306526477382,-0.05890526645272328,0.20502348657501893,0.019092014848013563,-0.01526934735226182,-0.008905266452723277,0.005023486575018915,-0.0009079851519864374,86.08313864496813,23412.875500000002,850831.0,1006921.55,0.00095931957258788,0.0035117244569774484,40,3.1999999999999997,1230.0800000000017,384.40000000000055
RSI_DIVERGENCE_LOSING,FROZEN,2026-03-30 10:15:00.000000,2026-03-30 10:15:00.000000,2026-03-30 10:23:44.051160036,23518.36,23798.865426735774,CE,23800.0,OTM,307.52000000000044,337.28742768683884,29.767427686838403,1,50,15376.000000000022,1488.37138434192,1448.37138434192,9.679834705657635,True,TARGET_ACHIEVED,11.032538812112103,RSI frozen,0.5,-0.05,0.2,0.02,0.46569295230256713,-0.052348664438799805,0.1900381617424922,0.024238166324426564,-0.03430704769743287,-0.0023486644387998024,-0.009961838257507821,0.0042381663244265635,86.08313864496813,23412.875500000002,850831.0,1006921.55,0.00095931957258788,0.0035117244569774484,40,3.1999999999999997,1230.0800000000017,384.40000000000055
STOCHASTIC_OVERSOLD_LOSING,FROZEN,2026-03-30 10:15:00.000000,2026-03-30 10:15:00.000000,2026-03-30 10:20:02.230104072,23518.36,23612.863862194674,CE,23800.0,OTM,307.52000000000044,332.447913731725,24.927913731724573,1,50,15376.000000000022,1246.3956865862287,1206.3956865862287,8.10611138518618,True,TARGET_ACHIEVED,8.842813483258869,Stochastic frozen,0.5,-0.05,0.2,0.02,0.46777091491758616,-0.041770115045523096,0.21386120198000916,0.017345918405269195,-0.032229085082413844,0.008229884954476907,0.013861201980009147,-0.0026540815947308054,86.08313864496813,23412.875500000002,850831.0,1006921.55,0.00095931957258788,0.0035117244569774484,40,3.1999999999999997,1230.0800000000017,384.40000000000055
TREND_FOLLOWING_OPTIMIZED,FROZEN,2026-03-30 10:15:00.000000,2026-03-30 10:15:00.000000,2026-03-30 10:22:53.884754597,23518.36,23647.523329844465,CE,23800.0,OTM,307.52000000000044,331.57311462134663,24.053114621346197,1,50,15376.000000000022,1202.6557310673097,1162.6557310673097,7.821642371665635,True,TARGET_ACHIEVED,9.482574778265707,Trend frozen,0.5,-0.05,0.2,0.02,0.459597872264369,-0.0488562834418705,0.2017482416310599,0.021945795457179028,-0.04040212773563101,0.001143716558129504,0.0017482416310598825,0.0019457954571790274,86.08313864496813,23412.875500000002,850831.0,1006921.55,0.00095931957258788,0.0035117244569774484,40,3.1999999999999997,1230.0800000000017,384.40000000000055
MACD_DIVERGENCE_LOSING,RE-OPTIMIZED,2026-03-30 10:15:00.000000,2026-03-30 10:15:00.000000,2026-03-30 10:26:29.379887795,23518.36,23172.78910447986,CE,23800.0,OTM,307.52000000000044,341.1908378643337,33.67083786433324,1,50,15376.000000000022,1683.5418932166617,1643.5418932166617,10.949153832054236,True,TARGET_ACHIEVED,8.463931854777597,MACD re-optimized,0.5,-0.05,0.2,0.02,0.5406739058664601,-0.05026972438739238,0.21248292512581354,0.018517006787337035,0.040673905866460136,-0.0002697243873923741,0.012482925125813532,-0.0014829932126629655,86.08313864496813,23412.875500000002,850831.0,1006921.55,0.00095931957258788,0.0035117244569774484,40,3.1999999999999997,1230.0800000000017,384.40000000000055
CCI_EXTREME_LOSING,RE-OPTIMIZED,2026-03-30 10:15:00.000000,2026-03-30 10:15:00.000000,2026-03-30 10:21:12.135428099,23518.36,23340.231804342897,CE,23800.0,OTM,307.52000000000044,340.0969741829268,32.576974182926335,1,50,15376.000000000022,1628.8487091463167,1588.8487091463167,10.593448940857924,True,TARGET_ACHIEVED,10.176182833228761,CCI re-optimized,0.5,-0.05,0.2,0.02,0.4626631009819723,-0.043159695284970434,0.20787684243931365,0.02442866893475132,-0.037336899018027725,0.006840304715029569,0.007876842439313636,0.004428668934751318,86.08313864496813,23412.875500000002,850831.0,1006921.55,0.00095931957258788,0.0035117244569774484,40,3.1999999999999997,1230.0800000000017,384.40000000000055
MOMENTUM_REVERSAL_LOSING,RE-OPTIMIZED,2026-03-30 10:15:00.000000,2026-03-30 10:15:00.000000,2026-03-30 10:24:31.129737539,23518.36,23337.659190646176,CE,23800.0,OTM,307.52000000000044,337.158785659173,29.638785659172584,1,50,15376.000000000022,1481.939282958629,1441.939282958629,9.638002620698668,True,TARGET_ACHIEVED,8.159900232463594,Momentum re-optimized,0.5,-0.05,0.2,0.02,0.523272175571101,-0.040075522454919216,0.1832047566602773,0.02019394608063831,0.02327217557110095,0.009924477545080787,-0.01679524333972271,0.00019394608063830893,86.08313864496813,23412.875500000002,850831.0,1006921.55,0.00095931957258788,0.0035117244569774484,40,3.1999999999999997,1230.0800000000017,384.40000000000055
BOLLINGER_SQUEEZE_LOSING,RE-OPTIMIZED,2026-03-30 10:15:00.000000,2026-03-30 10:15:00.000000,2026-03-30 10:24:43.297599292,23518.36,23947.87822949034,CE,23800.0,OTM,307.52000000000044,341.42081982303324,33.900819823032805,1,50,15376.000000000022,1695.0409911516404,1655.0409911516404,11.023939848800975,True,TARGET_ACHIEVED,9.383600265273941,Bollinger re-optimized,0.5,-0.05,0.2,0.02,0.5082858456066067,-0.05899805560625539,0.19501054872593523,0.016286406662427238,0.008285845606606723,-0.008998055606255384,-0.004989451274064777,-0.0037135933375727626,86.08313864496813,23412.875500000002,850831.0,1006921.55,0.00095931957258788,0.0035117244569774484,40,3.1999999999999997,1230.0800000000017,384.40000000000055
BREAKOUT_REVERSAL_LOSING,RE-OPTIMIZED,2026-03-30 10:15:00.000000,2026-03-30 10:15:00.000000,2026-03-30 10:26:49.481416102,23518.36,23247.16749907711,CE,23800.0,OTM,307.52000000000044,334.42958651499146,26.90958651499102,1,50,15376.000000000022,1345.479325749551,1305.479325749551,8.750515906279585,True,TARGET_ACHIEVED,11.27286605974161,Breakout re-optimized,0.5,-0.05,0.2,0.02,0.46153159997857646,-0.05536134025762879,0.193911718548642,0.018599222581395795,-0.03846840002142354,-0.0053613402576287855,-0.0060882814513580075,-0.0014007774186042057,86.08313864496813,23412.875500000002,850831.0,1006921.55,0.00095931957258788,0.0035117244569774484,40,3.1999999999999997,1230.0800000000017,384.40000000000055
MULTI_TIMEFRAME_LOSING,FROZEN,2026-03-30 10:30:00.000000,2026-03-30 10:30:00.000000,2026-03-30 10:40:43.415425371,23601.41,23311.48159005477,CE,23800.0,OTM,307.52000000000044,302.83179294449695,-4.688207055503483,1,50,15376.000000000022,-234.41035277517415,-274.41035277517415,-1.5245210248125247,False,STOP_LOSS,6.160520920309117,Multi-timeframe frozen,0.5,-0.05,0.2,0.02,0.45303869882988707,-0.040837585537017065,0.21073820608624677,0.017744258777067416,-0.046961301170112935,0.009162414462982937,0.01073820608624676,-0.002255741222932584,62.351149806738796,23570.184,1057110.0,879515.3,0.001048917828973428,0.0031646414345583036,40,3.1999999999999997,1230.0800000000017,384.40000000000055
AI_ENHANCED_LOSING,FROZEN,2026-03-30 10:30:00.000000,2026-03-30 10:30:00.000000,2026-03-30 10:39:36.276044460,23601.41,23473.517453103137,CE,23800.0,OTM,307.52000000000044,331.36941474613656,23.84941474613612,1,50,15376.000000000022,1192.4707373068059,1152.4707373068059,7.755402818072348,True,TARGET_ACHIEVED,5.864324611389117,AI enhanced frozen,0.5,-0.05,0.2,0.02,0.4595536682320115,-0.04086763347253736,0.18425770588468363,0.017817908630079843,-0.04044633176798851,0.009132366527462646,-0.015742294115316385,-0.0021820913699201576,62.351149806738796,23570.184,1057110.0,879515.3,0.001048917828973428,0.0031646414345583036,40,3.1999999999999997,1230.0800000000017,384.40000000000055
RSI_DIVERGENCE_LOSING,FROZEN,2026-03-30 10:30:00.000000,2026-03-30 10:30:00.000000,2026-03-30 10:40:20.632456148,23601.41,23241.212124151076,CE,23800.0,OTM,307.52000000000044,340.8524812085646,33.33248120856416,1,50,15376.000000000022,1666.624060428208,1626.624060428208,10.839126303513304,True,TARGET_ACHIEVED,6.187039292708738,RSI frozen,0.5,-0.05,0.2,0.02,0.48373787985113215,-0.04505334597993026,0.19066130233700967,0.01749935414144407,-0.016262120148867854,0.004946654020069746,-0.009338697662990336,-0.0025006458585559305,62.351149806738796,23570.184,1057110.0,879515.3,0.001048917828973428,0.0031646414345583036,40,3.1999999999999997,1230.0800000000017,384.40000000000055
TREND_FOLLOWING_OPTIMIZED,FROZEN,2026-03-30 10:30:00.000000,2026-03-30 10:30:00.000000,2026-03-30 10:41:22.813709465,23601.41,23212.084145744353,CE,23800.0,OTM,307.52000000000044,331.37087650195815,23.850876501957714,1,50,15376.000000000022,1192.5438250978857,1152.5438250978857,7.755878154902991,True,TARGET_ACHIEVED,5.624822306640458,Trend frozen,0.5,-0.05,0.2,0.02,0.46892509808856064,-0.04880618404596357,0.19649036276368617,0.01756554562403457,-0.031074901911439357,0.001193815954036434,-0.0035096372363138395,-0.0024344543759654315,62.351149806738796,23570.184,1057110.0,879515.3,0.001048917828973428,0.0031646414345583036,40,3.1999999999999997,1230.0800000000017,384.40000000000055
VOLUME_SPIKE_LOSING,FROZEN,2026-03-30 10:30:00.000000,2026-03-30 10:30:00.000000,2026-03-30 10:39:32.883173073,23601.41,23469.950538039797,CE,23800.0,OTM,307.52000000000044,337.64800736301873,30.1280073630183,1,50,15376.000000000022,1506.4003681509148,1466.4003681509148,9.797088762688038,True,TARGET_ACHIEVED,7.760378039480631,Volume frozen,0.5,-0.05,0.2,0.02,0.4536650681075654,-0.04041944330560665,0.19345867025947924,0.021857037254938733,-0.046334931892434594,0.009580556694393352,-0.006541329740520768,0.0018570372549387322,62.351149806738796,23570.184,1057110.0,879515.3,0.001048917828973428,0.0031646414345583036,40,3.1999999999999997,1230.0800000000017,384.40000000000055
HIGH_VOLUME_LOSING,FROZEN,2026-03-30 10:30:00.000000,2026-03-30 10:30:00.000000,2026-03-30 10:35:45.163874834,23601.41,23661.82496639467,CE,23800.0,OTM,307.52000000000044,340.3843103938417,32.864310393841265,1,50,15376.000000000022,1643.2155196920633,1603.2155196920633,10.686885533897378,True,TARGET_ACHIEVED,7.84989787239001,High volume frozen,0.5,-0.05,0.2,0.02,0.4959732515407277,-0.05324656790036004,0.20870648849157025,0.023875192265188624,-0.004026748459272311,-0.0032465679003600353,0.008706488491570241,0.003875192265188624,62.351149806738796,23570.184,1057110.0,879515.3,0.001048917828973428,0.0031646414345583036,40,3.1999999999999997,1230.0800000000017,384.40000000000055
STRONG_MOMENTUM_LOSING,FROZEN,2026-03-30 10:30:00.000000,2026-03-30 10:30:00.000000,2026-03-30 10:37:00.304199087,23601.41,23750.826590980207,CE,23800.0,OTM,307.52000000000044,333.60784446951266,26.08784446951222,1,50,15376.000000000022,1304.392223475611,1264.392223475611,8.483300100647822,True,TARGET_ACHIEVED,11.49621167680683,Strong momentum frozen,0.5,-0.05,0.2,0.02,0.47769811756540986,-0.04289501749824742,0.20213580866356945,0.024530548119473042,-0.022301882434590137,0.00710498250175258,0.0021358086635694384,0.004530548119473041,62.351149806738796,23570.184,1057110.0,879515.3,0.001048917828973428,0.0031646414345583036,40,3.1999999999999997,1230.0800000000017,384.40000000000055
MACD_DIVERGENCE_LOSING,RE-OPTIMIZED,2026-03-30 10:30:00.000000,2026-03-30 10:30:00.000000,2026-03-30 10:37:35.601021099,23601.41,23671.047130925082,CE,23800.0,OTM,307.52000000000044,336.1758256416044,28.65582564160394,1,50,15376.000000000022,1432.791282080197,1392.791282080197,9.318361616026243,True,TARGET_ACHIEVED,10.538112595702021,MACD re-optimized,0.5,-0.05,0.2,0.02,0.45513876955604404,-0.044563668793345584,0.1967923610246275,0.015763689323486492,-0.04486123044395596,0.005436331206654418,-0.0032076389753725176,-0.0042363106765135085,62.351149806738796,23570.184,1057110.0,879515.3,0.001048917828973428,0.0031646414345583036,40,3.1999999999999997,1230.0800000000017,384.40000000000055
CCI_EXTREME_LOSING,RE-OPTIMIZED,2026-03-30 10:30:00.000000,2026-03-30 10:30:00.000000,2026-03-30 10:35:18.571200848,23601.41,23403.420314471492,CE,23800.0,OTM,307.52000000000044,335.01771150046807,27.49771150046763,1,50,15376.000000000022,1374.8855750233815,1334.8855750233815,8.941763625282126,True,TARGET_ACHIEVED,6.2790392695046116,CCI re-optimized,0.5,-0.05,0.2,0.02,0.4941793070116635,-0.051305966019719394,0.21470329452116527,0.024636614190998732,-0.005820692988336484,-0.0013059660197193915,0.014703294521165255,0.004636614190998731,62.351149806738796,23570.184,1057110.0,879515.3,0.001048917828973428,0.0031646414345583036,40,3.1999999999999997,1230.0800000000017,384.40000000000055
MOMENTUM_REVERSAL_LOSING,RE-OPTIMIZED,2026-03-30 10:30:00.000000,2026-03-30 10:30:00.000000,2026-03-30 10:41:44.507220677,23601.41,23696.12476004662,CE,23800.0,OTM,307.52000000000044,333.65976676489373,26.139766764893295,1,50,15376.000000000022,1306.9883382446646,1266.9883382446646,8.500184301799315,True,TARGET_ACHIEVED,10.78188133216463,Momentum re-optimized,0.5,-0.05,0.2,0.02,0.5018283813641624,-0.043635256064589255,0.2121420080779461,0.01649272547109122,0.0018283813641624125,0.006364743935410748,0.012142008077946076,-0.003507274528908779,62.351149806738796,23570.184,1057110.0,879515.3,0.001048917828973428,0.0031646414345583036,40,3.1999999999999997,1230.0800000000017,384.40000000000055
MULTI_TIMEFRAME_LOSING,FROZEN,2026-03-30 10:45:00.000000,2026-03-30 10:45:00.000000,2026-03-30 10:54:11.784360902,23527.53,23827.561245337904,PE,23800.0,OTM,307.52000000000044,338.67265480134114,31.152654801340702,1,50,15376.000000000022,1557.6327400670352,1517.6327400670352,10.130285770467177,True,TARGET_ACHIEVED,5.494766185544102,Multi-timeframe frozen,0.5,-0.05,0.2,0.02,0.505371380696897,-0.05423873730477805,0.2165822464423346,0.024115430724955807,0.005371380696897021,-0.004238737304778049,0.01658224644233458,0.004115430724955807,19.20292675332837,23583.402000000002,1407096.0,1014837.75,-0.0004923718473758276,0.003927739120936191,40,3.1999999999999997,1230.0800000000017,384.40000000000055
AI_ENHANCED_LOSING,FROZEN,2026-03-30 10:45:00.000000,2026-03-30 10:45:00.000000,2026-03-30 10:52:35.093270852,23527.53,23536.22968395438,PE,23800.0,OTM,307.52000000000044,340.0189743227887,32.498974322788285,1,50,15376.000000000022,1624.9487161394143,1584.9487161394143,10.568084782384313,True,TARGET_ACHIEVED,10.019816179146797,AI enhanced frozen,0.5,-0.05,0.2,0.02,0.5492120147865927,-0.05718588827773586,0.20702786993636035,0.023622429086471598,0.04921201478659265,-0.0071858882777358565,0.0070278699363603425,0.003622429086471597,19.20292675332837,23583.402000000002,1407096.0,1014837.75,-0.0004923718473758276,0.003927739120936191,40,3.1999999999999997,1230.0800000000017,384.40000000000055
RSI_DIVERGENCE_LOSING,FROZEN,2026-03-30 10:45:00.000000,2026-03-30 10:45:00.000000,2026-03-30 10:53:35.335944492,23527.53,23184.231068561654,PE,23800.0,OTM,307.52000000000044,338.6460199616866,31.126019961686154,1,50,15376.000000000022,1556.3009980843076,1516.3009980843076,10.121624597322485,True,TARGET_ACHIEVED,9.416086601344954,RSI frozen,0.5,-0.05,0.2,0.02,0.5087787563763854,-0.04031628874441188,0.18228979117855187,0.0199107785065665,0.008778756376385366,0.009683711255588125,-0.017710208821448137,-8.922149343349936e-05,19.20292675332837,23583.402000000002,1407096.0,1014837.75,-0.0004923718473758276,0.003927739120936191,40,3.1999999999999997,1230.0800000000017,384.40000000000055
STOCHASTIC_OVERSOLD_LOSING,FROZEN,2026-03-30 10:45:00.000000,2026-03-30 10:45:00.000000,2026-03-30 10:54:34.408190343,23527.53,23812.444180413542,PE,23800.0,OTM,307.52000000000044,341.1018553628692,33.58185536286874,1,50,15376.000000000022,1679.0927681434368,1639.0927681434368,10.92021831518883,True,TARGET_ACHIEVED,11.180882425214104,Stochastic frozen,0.5,-0.05,0.2,0.02,0.501741931830222,-0.04908695479441702,0.20979045644419747,0.0230496907843131,0.0017419318302219766,0.0009130452055829824,0.00979045644419746,0.0030496907843131013,19.20292675332837,23583.402000000002,1407096.0,1014837.75,-0.0004923718473758276,0.003927739120936191,40,3.1999999999999997,1230.0800000000017,384.40000000000055
TREND_FOLLOWING_OPTIMIZED,FROZEN,2026-03-30 10:45:00.000000,2026-03-30 10:45:00.000000,2026-03-30 10:51:26.404580934,23527.53,23323.573569436747,PE,23800.0,OTM,307.52000000000044,331.5370018965829,24.017001896582485,1,50,15376.000000000022,1200.8500948291244,1160.8500948291244,7.809899159918852,True,TARGET_ACHIEVED,5.908130453353657,Trend frozen,0.5,-0.05,0.2,0.02,0.4907714985280155,-0.050986593742961175,0.20541225101509497,0.015246622047667094,-0.009228501471984507,-0.0009865937429611726,0.00541225101509496,-0.004753377952332907,19.20292675332837,23583.402000000002,1407096.0,1014837.75,-0.0004923718473758276,0.003927739120936191,40,3.1999999999999997,1230.0800000000017,384.40000000000055
VOLUME_SPIKE_LOSING,FROZEN,2026-03-30 10:45:00.000000,2026-03-30 10:45:00.000000,2026-03-30 10:53:33.708049116,23527.53,23119.86197271717,PE,23800.0,OTM,307.52000000000044,336.2575482119319,28.737548211931482,1,50,15376.000000000022,1436.877410596574,1396.877410596574,9.344936333224323,True,TARGET_ACHIEVED,6.90122438633867,Volume frozen,0.5,-0.05,0.2,0.02,0.46881705908489885,-0.0438170472825468,0.18175359381829276,0.015491990196224685,-0.031182940915101154,0.0061829527174531995,-0.018246406181707253,-0.004508009803775316,19.20292675332837,23583.402000000002,1407096.0,1014837.75,-0.0004923718473758276,0.003927739120936191,40,3.1999999999999997,1230.0800000000017,384.40000000000055
HIGH_VOLUME_LOSING,FROZEN,2026-03-30 10:45:00.000000,2026-03-30 10:45:00.000000,2026-03-30 10:51:31.294256574,23527.53,23627.69527530963,PE,23800.0,OTM,307.52000000000044,338.9948799513416,31.474879951341165,1,50,15376.000000000022,1573.7439975670582,1533.7439975670582,10.235067622054213,True,TARGET_ACHIEVED,8.429198825595698,High volume frozen,0.5,-0.05,0.2,0.02,0.5491142766629664,-0.05374255519685883,0.21002813796973854,0.015765964702029775,0.049114276662966416,-0.0037425551968588294,0.010028137969738532,-0.0042340352979702255,19.20292675332837,23583.402000000002,1407096.0,1014837.75,-0.0004923718473758276,0.003927739120936191,40,3.1999999999999997,1230.0800000000017,384.40000000000055
BOLLINGER_SQUEEZE_LOSING,RE-OPTIMIZED,2026-03-30 10:45:00.000000,2026-03-30 10:45:00.000000,2026-03-30 10:50:21.932260971,23527.53,23242.125264485716,PE,23800.0,OTM,307.52000000000044,331.3594807511679,23.839480751167457,1,50,15376.000000000022,1191.9740375583729,1151.9740375583729,7.752172460707409,True,TARGET_ACHIEVED,11.543560282245064,Bollinger re-optimized,0.5,-0.05,0.2,0.02,0.49033588408818213,-0.0411933902660761,0.19370717610100488,0.02377888559221178,-0.009664115911817872,0.0088066097339239,-0.006292823898995131,0.003778885592211779,19.20292675332837,23583.402000000002,1407096.0,1014837.75,-0.0004923718473758276,0.003927739120936191,40,3.1999999999999997,1230.0800000000017,384.40000000000055
MULTI_TIMEFRAME_LOSING,FROZEN,2026-03-30 11:00:00.000000,2026-03-30 11:00:00.000000,2026-03-30 11:06:19.325399566,23583.77,23879.439489143395,CE,23800.0,OTM,307.52000000000044,301.5963926166582,-5.923607383342244,1,50,15376.000000000022,-296.1803691671122,-336.1803691671122,-1.92625110020234,False,STOP_LOSS,6.084601323174066,Multi-timeframe frozen,0.5,-0.05,0.2,0.02,0.48652698556166424,-0.058669580818286146,0.19089485513724452,0.0167092190551026,-0.013473014438335762,-0.008669580818286143,-0.009105144862755488,-0.0032907809448974,73.84919328284523,23540.969,932852.0,1116335.25,0.0004823437579541956,0.004780830206536105,40,3.1999999999999997,1230.0800000000017,384.40000000000055
AI_ENHANCED_LOSING,FROZEN,2026-03-30 11:00:00.000000,2026-03-30 11:00:00.000000,2026-03-30 11:10:54.226441312,23583.77,23461.39462937477,CE,23800.0,OTM,307.52000000000044,335.727806290881,28.20780629088057,1,50,15376.000000000022,1410.3903145440286,1370.3903145440286,9.172673741831598,True,TARGET_ACHIEVED,6.151119046969633,AI enhanced frozen,0.5,-0.05,0.2,0.02,0.507842110246728,-0.04561326854018523,0.18363239938951037,0.01543249288673405,0.007842110246727985,0.004386731459814774,-0.01636760061048964,-0.004567507113265951,73.84919328284523,23540.969,932852.0,1116335.25,0.0004823437579541956,0.004780830206536105,40,3.1999999999999997,1230.0800000000017,384.40000000000055
RSI_DIVERGENCE_LOSING,FROZEN,2026-03-30 11:00:00.000000,2026-03-30 11:00:00.000000,2026-03-30 11:10:28.624998116,23583.77,23866.307620819054,CE,23800.0,OTM,307.52000000000044,339.71728095621916,32.19728095621872,1,50,15376.000000000022,1609.864047810936,1569.864047810936,10.469979499290671,True,TARGET_ACHIEVED,11.680421427352936,RSI frozen,0.5,-0.05,0.2,0.02,0.4673762561327429,-0.049055413299002384,0.20999867276898382,0.024515195151573344,-0.03262374386725708,0.0009445867009976183,0.009998672768983807,0.004515195151573344,73.84919328284523,23540.969,932852.0,1116335.25,0.0004823437579541956,0.004780830206536105,40,3.1999999999999997,1230.0800000000017,384.40000000000055
STOCHASTIC_OVERSOLD_LOSING,FROZEN,2026-03-30 11:00:00.000000,2026-03-30 11:00:00.000000,2026-03-30 11:06:12.045605604,23583.77,23753.060002731752,CE,23800.0,OTM,307.52000000000044,340.72954482953946,33.20954482953903,1,50,15376.000000000022,1660.4772414769513,1620.4772414769513,10.799149593372457,True,TARGET_ACHIEVED,10.16760911855716,Stochastic frozen,0.5,-0.05,0.2,0.02,0.5020423008813374,-0.05676084745463105,0.1921600188704193,0.01959274522573813,0.002042300881337389,-0.0067608474546310485,-0.007839981129580703,-0.00040725477426186915,73.84919328284523,23540.969,932852.0,1116335.25,0.0004823437579541956,0.004780830206536105,40,3.1999999999999997,1230.0800000000017,384.40000000000055
TREND_FOLLOWING_OPTIMIZED,FROZEN,2026-03-30 11:00:00.000000,2026-03-30 11:00:00.000000,2026-03-30 11:06:39.090961857,23583.77,23758.489908326967,CE,23800.0,OTM,307.52000000000044,339.9239332006807,32.403933200680285,1,50,15376.000000000022,1620.1966600340143,1580.1966600340143,10.53717911052297,True,TARGET_ACHIEVED,10.64874068822577,Trend frozen,0.5,-0.05,0.2,0.02,0.48877195096421827,-0.04521953603820935,0.20623222510371672,0.02158526407175903,-0.011228049035781729,0.004780463961790653,0.00623222510371671,0.0015852640717590287,73.84919328284523,23540.969,932852.0,1116335.25,0.0004823437579541956,0.004780830206536105,40,3.1999999999999997,1230.0800000000017,384.40000000000055
MULTI_TIMEFRAME_LOSING,FROZEN,2026-03-30 11:15:00.000000,2026-03-30 11:15:00.000000,2026-03-30 11:20:12.582966370,23546.44,24012.961890824994,CE,23800.0,OTM,307.52000000000044,302.3697247349108,-5.150275265089647,1,50,15376.000000000022,-257.51376325448234,-297.51376325448234,-1.6747773364625518,False,STOP_LOSS,10.90111133399188,Multi-timeframe frozen,0.5,-0.05,0.2,0.02,0.5431444062576918,-0.04811872624010826,0.2171356045666717,0.02334626274970926,0.04314440625769178,0.0018812737598917426,0.01713560456667168,0.003346262749709259,34.827488687782775,23566.4685,1609098.0,1147088.1,0.0006612587374545953,0.0034238721437295397,40,3.1999999999999997,1230.0800000000017,384.40000000000055
AI_ENHANCED_LOSING,FROZEN,2026-03-30 11:15:00.000000,2026-03-30 11:15:00.000000,2026-03-30 11:20:31.194608532,23546.44,23773.921648318905,CE,23800.0,OTM,307.52000000000044,301.62211046257767,-5.8978895374227704,1,50,15376.000000000022,-294.8944768711385,-334.8944768711385,-1.917888117007922,False,STOP_LOSS,8.778469838350297,AI enhanced frozen,0.5,-0.05,0.2,0.02,0.47537454791791445,-0.05806196963285243,0.1867879077416478,0.01726366595376429,-0.024625452082085553,-0.008061969632852425,-0.01321209225835221,-0.0027363340462357097,34.827488687782775,23566.4685,1609098.0,1147088.1,0.0006612587374545953,0.0034238721437295397,40,3.1999999999999997,1230.0800000000017,384.40000000000055
RSI_DIVERGENCE_LOSING,FROZEN,2026-03-30 11:15:00.000000,2026-03-30 11:15:00.000000,2026-03-30 11:20:38.215143869,23546.44,23812.71365887561,CE,23800.0,OTM,307.52000000000044,338.3481437824862,30.828143782485768,1,50,15376.000000000022,1541.4071891242884,1501.4071891242884,10.024760595241196,True,TARGET_ACHIEVED,9.813000905220788,RSI frozen,0.5,-0.05,0.2,0.02,0.4989196862869139,-0.05409553249916711,0.21083039635427211,0.02269367001862294,-0.0010803137130860896,-0.004095532499167109,0.010830396354272104,0.0026936700186229387,34.827488687782775,23566.4685,1609098.0,1147088.1,0.0006612587374545953,0.0034238721437295397,40,3.1999999999999997,1230.0800000000017,384.40000000000055
STOCHASTIC_OVERSOLD_LOSING,FROZEN,2026-03-30 11:15:00.000000,2026-03-30 11:15:00.000000,2026-03-30 11:23:31.239592074,23546.44,23154.760205681676,CE,23800.0,OTM,307.52000000000044,339.295151611134,31.775151611133538,1,50,15376.000000000022,1588.7575805566769,1548.7575805566769,10.332710591549652,True,TARGET_ACHIEVED,5.989401722660855,Stochastic frozen,0.5,-0.05,0.2,0.02,0.5452059210084215,-0.042716865405881516,0.18719302722723954,0.022146979848482434,0.04520592100842147,0.007283134594118487,-0.012806972772760467,0.002146979848482434,34.827488687782775,23566.4685,1609098.0,1147088.1,0.0006612587374545953,0.0034238721437295397,40,3.1999999999999997,1230.0800000000017,384.40000000000055
TREND_FOLLOWING_OPTIMIZED,FROZEN,2026-03-30 11:15:00.000000,2026-03-30 11:15:00.000000,2026-03-30 11:24:37.765237969,23546.44,23271.862460185384,CE,23800.0,OTM,307.52000000000044,338.12559763624483,30.605597636244397,1,50,15376.000000000022,1530.2798818122199,1490.2798818122199,9.952392571619521,True,TARGET_ACHIEVED,11.173768777205071,Trend frozen,0.5,-0.05,0.2,0.02,0.5259393554393332,-0.05720595522295857,0.18399278028749633,0.018415273102776093,0.025939355439333234,-0.007205955222958568,-0.016007219712503684,-0.0015847268972239079,34.827488687782775,23566.4685,1609098.0,1147088.1,0.0006612587374545953,0.0034238721437295397,40,3.1999999999999997,1230.0800000000017,384.40000000000055
VOLUME_SPIKE_LOSING,FROZEN,2026-03-30 11:15:00.000000,2026-03-30 11:15:00.000000,2026-03-30 11:23:36.569217634,23546.44,23847.049150368774,CE,23800.0,OTM,307.52000000000044,301.7463237302696,-5.773676269730856,1,50,15376.000000000022,-288.6838134865428,-328.6838134865428,-1.8774961855264203,False,STOP_LOSS,10.718519176877038,Volume frozen,0.5,-0.05,0.2,0.02,0.5072050013582734,-0.05373168216726909,0.18120009936107775,0.01978834829992536,0.0072050013582734,-0.0037316821672690875,-0.018799900638922257,-0.00021165170007464082,34.827488687782775,23566.4685,1609098.0,1147088.1,0.0006612587374545953,0.0034238721437295397,40,3.1999999999999997,1230.0800000000017,384.40000000000055
HIGH_VOLUME_LOSING,FROZEN,2026-03-30 11:15:00.000000,2026-03-30 11:15:00.000000,2026-03-30 11:26:28.053188554,23546.44,23940.391309464667,CE,23800.0,OTM,307.52000000000044,339.44938900594553,31.929389005945097,1,50,15376.000000000022,1596.4694502972548,1556.4694502972548,10.382865831797949,True,TARGET_ACHIEVED,9.129643773175463,High volume frozen,0.5,-0.05,0.2,0.02,0.4586527779508432,-0.042248297405052544,0.18465589330675727,0.017760414332121395,-0.04134722204915681,0.0077517025949474586,-0.015344106693242737,-0.0022395856678786054,34.827488687782775,23566.4685,1609098.0,1147088.1,0.0006612587374545953,0.0034238721437295397,40,3.1999999999999997,1230.0800000000017,384.40000000000055
MACD_DIVERGENCE_LOSING,RE-OPTIMIZED,2026-03-30 11:15:00.000000,2026-03-30 11:15:00.000000,2026-03-30 11:20:46.199336976,23546.44,23204.91948825828,CE,23800.0,OTM,307.52000000000044,331.021456297578,23.50145629757759,1,50,15376.000000000022,1175.0728148788794,1135.0728148788794,7.642252958369392,True,TARGET_ACHIEVED,10.79567415586223,MACD re-optimized,0.5,-0.05,0.2,0.02,0.46188675902021636,-0.05798498219803325,0.18357737577062594,0.02004116256959762,-0.038113240979783636,-0.007984982198033244,-0.016422624229374072,4.116256959761991e-05,34.827488687782775,23566.4685,1609098.0,1147088.1,0.0006612587374545953,0.0034238721437295397,40,3.1999999999999997,1230.0800000000017,384.40000000000055
MOMENTUM_REVERSAL_LOSING,RE-OPTIMIZED,2026-03-30 11:15:00.000000,2026-03-30 11:15:00.000000,2026-03-30 11:23:24.384566966,23546.44,23894.902367690363,CE,23800.0,OTM,307.52000000000044,333.84488951338426,26.324889513383823,1,50,15376.000000000022,1316.2444756691912,1276.2444756691912,8.560382906277246,True,TARGET_ACHIEVED,11.4329289741717,Momentum re-optimized,0.5,-0.05,0.2,0.02,0.4544557088943485,-0.047391014030277276,0.21916583800687434,0.023241005182921225,-0.0455442911056515,0.002608985969722727,0.019165838006874325,0.003241005182921225,34.827488687782775,23566.4685,1609098.0,1147088.1,0.0006612587374545953,0.0034238721437295397,40,3.1999999999999997,1230.0800000000017,384.40000000000055
MULTI_TIMEFRAME_LOSING,FROZEN,2026-03-30 11:30:00.000000,2026-03-30 11:30:00.000000,2026-03-30 11:41:55.506461851,23694.72,23788.78144309052,CE,23800.0,OTM,307.52000000000044,303.1237828785876,-4.39621712141286,1,50,15376.000000000022,-219.810856070643,-259.810856070643,-1.4295711242887792,False,STOP_LOSS,11.673783758498432,Multi-timeframe frozen,0.5,-0.05,0.2,0.02,0.5447207123904233,-0.04498169009153648,0.19599953543132617,0.020719280464433873,0.0447207123904233,0.005018309908463525,-0.004000464568673839,0.0007192804644338725,83.18013916330216,23584.334,407894.0,1173454.0,0.0010329413225957929,0.001556464900197064,40,3.1999999999999997,1230.0800000000017,384.40000000000055
AI_ENHANCED_LOSING,FROZEN,2026-03-30 11:30:00.000000,2026-03-30 11:30:00.000000,2026-03-30 11:35:10.227524061,23694.72,23884.252160255885,CE,23800.0,OTM,307.52000000000044,335.5598238327608,28.039823832760362,1,50,15376.000000000022,1401.991191638018,1361.991191638018,9.118048853004787,True,TARGET_ACHIEVED,9.600924931416305,AI enhanced frozen,0.5,-0.05,0.2,0.02,0.5470226042065237,-0.0405669680539492,0.2052585716030104,0.022870422287332586,0.04702260420652371,0.009433031946050802,0.005258571603010381,0.0028704222873325858,83.18013916330216,23584.334,407894.0,1173454.0,0.0010329413225957929,0.001556464900197064,40,3.1999999999999997,1230.0800000000017,384.40000000000055
RSI_DIVERGENCE_LOSING,FROZEN,2026-03-30 11:30:00.000000,2026-03-30 11:30:00.000000,2026-03-30 11:37:33.692079759,23694.72,23589.505277029923,CE,23800.0,OTM,307.52000000000044,331.4529641698185,23.932964169818035,1,50,15376.000000000022,1196.6482084909017,1156.6482084909017,7.7825715952842085,True,TARGET_ACHIEVED,6.817786835429297,RSI frozen,0.5,-0.05,0.2,0.02,0.5011152901078962,-0.05061685126184433,0.18199838951062,0.0238807240410211,0.0011152901078962385,-0.0006168512618443256,-0.01800161048938001,0.0038807240410210983,83.18013916330216,23584.334,407894.0,1173454.0,0.0010329413225957929,0.001556464900197064,40,3.1999999999999997,1230.0800000000017,384.40000000000055
STOCHASTIC_OVERSOLD_LOSING,FROZEN,2026-03-30 11:30:00.000000,2026-03-30 11:30:00.000000,2026-03-30 11:41:10.282468821,23694.72,23886.165500556963,CE,23800.0,OTM,307.52000000000044,332.0033063922475,24.483306392247073,1,50,15376.000000000022,1224.1653196123536,1184.1653196123536,7.961533035980437,True,TARGET_ACHIEVED,9.87760772787214,Stochastic frozen,0.5,-0.05,0.2,0.02,0.465864126632397,-0.04219351048206517,0.1928780537280663,0.01791759252667096,-0.03413587336760299,0.007806489517934834,-0.007121946271933716,-0.0020824074733290406,83.18013916330216,23584.334,407894.0,1173454.0,0.0010329413225957929,0.001556464900197064,40,3.1999999999999997,1230.0800000000017,384.40000000000055
TREND_FOLLOWING_OPTIMIZED,FROZEN,2026-03-30 11:30:00.000000,2026-03-30 11:30:00.000000,2026-03-30 11:41:17.414099189,23694.72,23489.143778843667,CE,23800.0,OTM,307.52000000000044,303.7967717258651,-3.7232282741353515,1,50,15376.000000000022,-186.16141370676758,-226.16141370676758,-1.210727196323929,False,STOP_LOSS,6.037589777765174,Trend frozen,0.5,-0.05,0.2,0.02,0.4806399522304839,-0.05736047597301688,0.20723640677473767,0.017267114927724606,-0.01936004776951611,-0.007360475973016881,0.007236406774737664,-0.002732885072275395,83.18013916330216,23584.334,407894.0,1173454.0,0.0010329413225957929,0.001556464900197064,40,3.1999999999999997,1230.0800000000017,384.40000000000055
STRONG_MOMENTUM_LOSING,FROZEN,2026-03-30 11:30:00.000000,2026-03-30 11:30:00.000000,2026-03-30 11:36:35.146988910,23694.72,23232.587430816224,CE,23800.0,OTM,307.52000000000044,331.5955721067985,24.075572106798063,1,50,15376.000000000022,1203.7786053399032,1163.7786053399032,7.828945143989993,True,TARGET_ACHIEVED,11.751675861477171,Strong momentum frozen,0.5,-0.05,0.2,0.02,0.5490102125531292,-0.05732085313842911,0.2151129889776556,0.015123661631643814,0.04901021255312921,-0.007320853138429111,0.01511298897765559,-0.004876338368356187,83.18013916330216,23584.334,407894.0,1173454.0,0.0010329413225957929,0.001556464900197064,40,3.1999999999999997,1230.0800000000017,384.40000000000055
MACD_DIVERGENCE_LOSING,RE-OPTIMIZED,2026-03-30 11:30:00.000000,2026-03-30 11:30:00.000000,2026-03-30 11:36:02.766514249,23694.72,24077.20333836318,CE,23800.0,OTM,307.52000000000044,339.3169352411673,31.796935241166864,1,50,15376.000000000022,1589.8467620583433,1549.8467620583433,10.339794238152582,True,TARGET_ACHIEVED,5.0376966873348445,MACD re-optimized,0.5,-0.05,0.2,0.02,0.5397133640804131,-0.048978816591472164,0.2000974965701485,0.019204794753022492,0.03971336408041315,0.0010211834085278385,9.749657014848645e-05,-0.0007952052469775081,83.18013916330216,23584.334,407894.0,1173454.0,0.0010329413225957929,0.001556464900197064,40,3.1999999999999997,1230.0800000000017,384.40000000000055
CCI_EXTREME_LOSING,RE-OPTIMIZED,2026-03-30 11:30:00.000000,2026-03-30 11:30:00.000000,2026-03-30 11:40:11.731745409,23694.72,23243.56929829257,CE,23800.0,OTM,307.52000000000044,333.80068446940874,26.2806844694083,1,50,15376.000000000022,1314.0342234704149,1274.0342234704149,8.546008217159294,True,TARGET_ACHIEVED,9.235764149077568,CCI re-optimized,0.5,-0.05,0.2,0.02,0.49715061934470434,-0.04524978782407385,0.21267717954775803,0.02363158767546819,-0.0028493806552956635,0.004750212175926152,0.012677179547758016,0.0036315876754681904,83.18013916330216,23584.334,407894.0,1173454.0,0.0010329413225957929,0.001556464900197064,40,3.1999999999999997,1230.0800000000017,384.40000000000055
MOMENTUM_REVERSAL_LOSING,RE-OPTIMIZED,2026-03-30 11:30:00.000000,2026-03-30 11:30:00.000000,2026-03-30 11:38:11.769009200,23694.72,23249.19963895892,CE,23800.0,OTM,307.52000000000044,337.41448627024016,29.894486270239724,1,50,15376.000000000022,1494.724313511986,1454.724313511986,9.72115188288231,True,TARGET_ACHIEVED,8.764274703793182,Momentum re-optimized,0.5,-0.05,0.2,0.02,0.4752138248172243,-0.04974348572092089,0.21125002852300734,0.017138919025730462,-0.024786175182775705,0.00025651427907911334,0.011250028523007327,-0.0028610809742695385,83.18013916330216,23584.334,407894.0,1173454.0,0.0010329413225957929,0.001556464900197064,40,3.1999999999999997,1230.0800000000017,384.40000000000055
BOLLINGER_SQUEEZE_LOSING,RE-OPTIMIZED,2026-03-30 11:30:00.000000,2026-03-30 11:30:00.000000,2026-03-30 11:35:14.706697890,23694.72,23283.103708113984,CE,23800.0,OTM,307.52000000000044,341.1304154418797,33.61041544187924,1,50,15376.000000000022,1680.520772093962,1640.520772093962,10.929505541714098,True,TARGET_ACHIEVED,5.175058241229302,Bollinger re-optimized,0.5,-0.05,0.2,0.02,0.519652791840231,-0.056862802831443814,0.18998405258580192,0.01707654610894858,0.019652791840231054,-0.006862802831443811,-0.01001594741419809,-0.0029234538910514196,83.18013916330216,23584.334,407894.0,1173454.0,0.0010329413225957929,0.001556464900197064,40,3.1999999999999997,1230.0800000000017,384.40000000000055
BREAKOUT_REVERSAL_LOSING,RE-OPTIMIZED,2026-03-30 11:30:00.000000,2026-03-30 11:30:00.000000,2026-03-30 11:40:56.853856412,23694.72,23656.450231021976,CE,23800.0,OTM,307.52000000000044,333.80149412085734,26.281494120856905,1,50,15376.000000000022,1314.0747060428453,1274.0747060428453,8.54627150131922,True,TARGET_ACHIEVED,11.844378736486313,Breakout re-optimized,0.5,-0.05,0.2,0.02,0.5494295688957661,-0.0478880506902152,0.18533999442964286,0.023952806840285553,0.04942956889576611,0.002111949309784804,-0.014660005570357154,0.003952806840285553,83.18013916330216,23584.334,407894.0,1173454.0,0.0010329413225957929,0.001556464900197064,40,3.1999999999999997,1230.0800000000017,384.40000000000055
MULTI_TIMEFRAME_LOSING,FROZEN,2026-03-30 11:45:00.000000,2026-03-30 11:45:00.000000,2026-03-30 11:54:41.443277676,23752.65,23528.40896501136,PE,23800.0,ATM,307.52000000000044,301.88525360952355,-5.6347463904768915,1,50,15376.000000000022,-281.7373195238446,-321.7373195238446,-1.8323186753631906,False,STOP_LOSS,9.119098965719877,Multi-timeframe frozen,0.5,-0.05,0.2,0.02,0.4782204064901625,-0.05490089953252438,0.2167735847947486,0.01596257183075593,-0.02177959350983749,-0.004900899532524379,0.01677358479474858,-0.004037428169244069,58.68972784419205,23696.4445,1213797.0,990458.8,-0.0004393368034206757,0.0041304864930859055,40,3.1999999999999997,1230.0800000000017,384.40000000000055
AI_ENHANCED_LOSING,FROZEN,2026-03-30 11:45:00.000000,2026-03-30 11:45:00.000000,2026-03-30 11:52:29.316164757,23752.65,23398.769824204184,PE,23800.0,ATM,307.52000000000044,331.7663126767126,24.246312676712137,1,50,15376.000000000022,1212.3156338356068,1172.3156338356068,7.884466921407421,True,TARGET_ACHIEVED,6.837087741512876,AI enhanced frozen,0.5,-0.05,0.2,0.02,0.4524930269824765,-0.046305746652531996,0.18183939435269475,0.02380258519464283,-0.04750697301752349,0.0036942533474680073,-0.01816060564730526,0.0038025851946428303,58.68972784419205,23696.4445,1213797.0,990458.8,-0.0004393368034206757,0.0041304864930859055,40,3.1999999999999997,1230.0800000000017,384.40000000000055
RSI_DIVERGENCE_LOSING,FROZEN,2026-03-30 11:45:00.000000,2026-03-30 11:45:00.000000,2026-03-30 11:56:10.254586605,23752.65,23935.59669696779,PE,23800.0,ATM,307.52000000000044,301.046027107737,-6.4739728922634185,1,50,15376.000000000022,-323.6986446131709,-363.6986446131709,-2.1052201132490276,False,STOP_LOSS,8.78227074912749,RSI frozen,0.5,-0.05,0.2,0.02,0.543994334369796,-0.042957863342909346,0.1996489182641284,0.01814169488709236,0.04399433436979605,0.007042136657090657,-0.00035108173587161673,-0.0018583051129076392,58.68972784419205,23696.4445,1213797.0,990458.8,-0.0004393368034206757,0.0041304864930859055,40,3.1999999999999997,1230.0800000000017,384.40000000000055
TREND_FOLLOWING_OPTIMIZED,FROZEN,2026-03-30 11:45:00.000000,2026-03-30 11:45:00.000000,2026-03-30 11:51:17.418540053,23752.65,23331.84406320598,PE,23800.0,ATM,307.52000000000044,335.3183007561891,27.798300756188667,1,50,15376.000000000022,1389.9150378094332,1349.9150378094332,9.039509871289225,True,TARGET_ACHIEVED,10.71320084493236,Trend frozen,0.5,-0.05,0.2,0.02,0.4620281654047648,-0.04547997805517553,0.2120923050863082,0.021909613995011828,-0.03797183459523518,0.004520021944824475,0.01209230508630818,0.0019096139950118274,58.68972784419205,23696.4445,1213797.0,990458.8,-0.0004393368034206757,0.0041304864930859055,40,3.1999999999999997,1230.0800000000017,384.40000000000055
VOLUME_SPIKE_LOSING,FROZEN,2026-03-30 11:45:00.000000,2026-03-30 11:45:00.000000,2026-03-30 11:55:47.594673606,23752.65,23765.55171125575,PE,23800.0,ATM,307.52000000000044,330.17770837723486,22.657708377234428,1,50,15376.000000000022,1132.8854188617215,1092.8854188617215,7.367881236093392,True,TARGET_ACHIEVED,7.983662150555778,Volume frozen,0.5,-0.05,0.2,0.02,0.5054686178766618,-0.04822797788720397,0.18815709727883498,0.021338379024811237,0.005468617876661752,0.0017720221127960345,-0.011842902721165033,0.001338379024811237,58.68972784419205,23696.4445,1213797.0,990458.8,-0.0004393368034206757,0.0041304864930859055,40,3.1999999999999997,1230.0800000000017,384.40000000000055
HIGH_VOLUME_LOSING,FROZEN,2026-03-30 11:45:00.000000,2026-03-30 11:45:00.000000,2026-03-30 11:51:52.968057634,23752.65,23982.287606645838,PE,23800.0,ATM,307.52000000000044,341.2633871338924,33.743387133891986,1,50,15376.000000000022,1687.1693566945992,1647.1693566945992,10.972745556026254,True,TARGET_ACHIEVED,9.79254290804615,High volume frozen,0.5,-0.05,0.2,0.02,0.4541504697338955,-0.051912282274249336,0.18337204026423765,0.023470166544207888,-0.0458495302661045,-0.0019122822742493328,-0.016627959735762365,0.0034701665442078873,58.68972784419205,23696.4445,1213797.0,990458.8,-0.0004393368034206757,0.0041304864930859055,40,3.1999999999999997,1230.0800000000017,384.40000000000055
BOLLINGER_SQUEEZE_LOSING,RE-OPTIMIZED,2026-03-30 11:45:00.000000,2026-03-30 11:45:00.000000,2026-03-30 11:52:14.733821351,23752.65,23505.84354028969,PE,23800.0,ATM,307.52000000000044,339.2637231917224,31.743723191721983,1,50,15376.000000000022,1587.1861595860992,1547.1861595860992,10.322490632063586,True,TARGET_ACHIEVED,10.334682125588621,Bollinger re-optimized,0.5,-0.05,0.2,0.02,0.45849555692604854,-0.04202939886696102,0.21647182959443084,0.017132115991781365,-0.04150444307395146,0.007970601133038983,0.01647182959443083,-0.002867884008218635,58.68972784419205,23696.4445,1213797.0,990458.8,-0.0004393368034206757,0.0041304864930859055,40,3.1999999999999997,1230.0800000000017,384.40000000000055
MULTI_TIMEFRAME_LOSING,FROZEN,2026-03-30 12:00:00.000000,2026-03-30 12:00:00.000000,2026-03-30 12:05:57.327042507,23767.89,23930.690352109683,PE,23800.0,ATM,307.52000000000044,336.58640847957105,29.06640847957061,1,50,15376.000000000022,1453.3204239785305,1413.3204239785305,9.45187580631197,True,TARGET_ACHIEVED,9.156394421846844,Multi-timeframe frozen,0.5,-0.05,0.2,0.02,0.5249536117050968,-0.0470050449727514,0.2091302615098658,0.024395120936437545,0.0249536117050968,0.0029949550272485997,0.009130261509865789,0.0043951209364375445,57.531243148432,23761.547,1242531.0,1037424.2,-0.002105965853627767,0.0036843825850759035,40,3.1999999999999997,1230.0800000000017,384.40000000000055
AI_ENHANCED_LOSING,FROZEN,2026-03-30 12:00:00.000000,2026-03-30 12:00:00.000000,2026-03-30 12:08:11.322454120,23767.89,23326.028905998126,PE,23800.0,ATM,307.52000000000044,341.6939288038378,34.173928803837384,1,50,15376.000000000022,1708.6964401918692,1668.6964401918692,11.112750001247832,True,TARGET_ACHIEVED,9.08793982424098,AI enhanced frozen,0.5,-0.05,0.2,0.02,0.4513096924015539,-0.0594179586442583,0.19731268130236573,0.015625526461024417,-0.048690307598446114,-0.009417958644258297,-0.0026873186976342778,-0.004374473538975583,57.531243148432,23761.547,1242531.0,1037424.2,-0.002105965853627767,0.0036843825850759035,40,3.1999999999999997,1230.0800000000017,384.40000000000055
RSI_DIVERGENCE_LOSING,FROZEN,2026-03-30 12:00:00.000000,2026-03-30 12:00:00.000000,2026-03-30 12:10:45.590637224,23767.89,24219.770222136525,PE,23800.0,ATM,307.52000000000044,335.9786204651484,28.458620465147987,1,50,15376.000000000022,1422.9310232573994,1382.9310232573994,9.254234022225528,True,TARGET_ACHIEVED,6.10426359669739,RSI frozen,0.5,-0.05,0.2,0.02,0.4818777540489299,-0.049054859043177274,0.20136069519806163,0.02020887541553422,-0.018122245951070093,0.0009451409568227293,0.0013606951980616178,0.00020887541553421887,57.531243148432,23761.547,1242531.0,1037424.2,-0.002105965853627767,0.0036843825850759035,40,3.1999999999999997,1230.0800000000017,384.40000000000055
TREND_FOLLOWING_OPTIMIZED,FROZEN,2026-03-30 12:00:00.000000,2026-03-30 12:00:00.000000,2026-03-30 12:06:12.297155589,23767.89,23305.7000655467,PE,23800.0,ATM,307.52000000000044,301.5384599529542,-5.981540047046224,1,50,15376.000000000022,-299.0770023523112,-339.0770023523112,-1.945089765558733,False,STOP_LOSS,6.08725965986587,Trend frozen,0.5,-0.05,0.2,0.02,0.5311592407787485,-0.05380401038336325,0.19644077907220253,0.024904355952421225,0.031159240778748543,-0.0038040103833632474,-0.0035592209277974796,0.004904355952421224,57.531243148432,23761.547,1242531.0,1037424.2,-0.002105965853627767,0.0036843825850759035,40,3.1999999999999997,1230.0800000000017,384.40000000000055
HIGH_VOLUME_LOSING,FROZEN,2026-03-30 12:00:00.000000,2026-03-30 12:00:00.000000,2026-03-30 12:09:13.055270112,23767.89,23995.435685256412,PE,23800.0,ATM,307.52000000000044,329.7104562599809,22.190456259980465,1,50,15376.000000000022,1109.5228129990232,1069.5228129990232,7.215939210451494,True,TARGET_ACHIEVED,9.549924400339055,High volume frozen,0.5,-0.05,0.2,0.02,0.48680743435302803,-0.049028017745663566,0.1987823664689601,0.021556948218976135,-0.013192565646971965,0.000971982254336437,-0.0012176335310399022,0.0015569482189761348,57.531243148432,23761.547,1242531.0,1037424.2,-0.002105965853627767,0.0036843825850759035,40,3.1999999999999997,1230.0800000000017,384.40000000000055
STRONG_MOMENTUM_LOSING,FROZEN,2026-03-30 12:00:00.000000,2026-03-30 12:00:00.000000,2026-03-30 12:05:59.191323620,23767.89,23298.252445696635,PE,23800.0,ATM,307.52000000000044,331.33158408997514,23.8115840899747,1,50,15376.000000000022,1190.5792044987352,1150.5792044987352,7.743100965782605,True,TARGET_ACHIEVED,5.398794475791721,Strong momentum frozen,0.5,-0.05,0.2,0.02,0.4920776547882067,-0.053960295635673644,0.20763463771294416,0.018667590446348446,-0.007922345211793302,-0.003960295635673641,0.007634637712944148,-0.0013324095536515548,57.531243148432,23761.547,1242531.0,1037424.2,-0.002105965853627767,0.0036843825850759035,40,3.1999999999999997,1230.0800000000017,384.40000000000055
MACD_DIVERGENCE_LOSING,RE-OPTIMIZED,2026-03-30 12:00:00.000000,2026-03-30 12:00:00.000000,2026-03-30 12:06:37.127754188,23767.89,24242.275672965152,PE,23800.0,ATM,307.52000000000044,334.9533911524439,27.43339115244345,1,50,15376.000000000022,1371.6695576221723,1331.6695576221723,8.920847799311723,True,TARGET_ACHIEVED,9.987842307528311,MACD re-optimized,0.5,-0.05,0.2,0.02,0.45661190646233796,-0.05075832224047062,0.21168093569983687,0.024859355666085315,-0.04338809353766204,-0.0007583222404706144,0.011680935699836859,0.004859355666085315,57.531243148432,23761.547,1242531.0,1037424.2,-0.002105965853627767,0.0036843825850759035,40,3.1999999999999997,1230.0800000000017,384.40000000000055
CCI_EXTREME_LOSING,RE-OPTIMIZED,2026-03-30 12:00:00.000000,2026-03-30 12:00:00.000000,2026-03-30 12:09:04.088317967,23767.89,23929.13577446616,PE,23800.0,ATM,307.52000000000044,338.1741504334043,30.654150433403856,1,50,15376.000000000022,1532.7075216701928,1492.7075216701928,9.968181072256703,True,TARGET_ACHIEVED,10.369723461512006,CCI re-optimized,0.5,-0.05,0.2,0.02,0.4834924521362607,-0.04440696464259062,0.21781784828721443,0.021045003058169795,-0.016507547863739314,0.005593035357409383,0.017817848287214416,0.0010450030581697946,57.531243148432,23761.547,1242531.0,1037424.2,-0.002105965853627767,0.0036843825850759035,40,3.1999999999999997,1230.0800000000017,384.40000000000055
MOMENTUM_REVERSAL_LOSING,RE-OPTIMIZED,2026-03-30 12:00:00.000000,2026-03-30 12:00:00.000000,2026-03-30 12:10:14.043514447,23767.89,24174.858460322084,PE,23800.0,ATM,307.52000000000044,332.8330165901979,25.313016590197435,1,50,15376.000000000022,1265.6508295098718,1225.6508295098718,8.231339942181776,True,TARGET_ACHIEVED,10.015843589099141,Momentum re-optimized,0.5,-0.05,0.2,0.02,0.5299938600673044,-0.05125640317171193,0.18655310165616024,0.024417094552929584,0.029993860067304423,-0.0012564031717119256,-0.013446898343839775,0.004417094552929584,57.531243148432,23761.547,1242531.0,1037424.2,-0.002105965853627767,0.0036843825850759035,40,3.1999999999999997,1230.0800000000017,384.40000000000055
MULTI_TIMEFRAME_LOSING,FROZEN,2026-03-30 12:15:00.000000,2026-03-30 12:15:00.000000,2026-03-30 12:26:18.274507906,23756.61,23898.17365074379,PE,23800.0,ATM,307.52000000000044,332.7469503741478,25.22695037414735,1,50,15376.000000000022,1261.3475187073675,1221.3475187073675,8.203352749137395,True,TARGET_ACHIEVED,8.274273914185287,Multi-timeframe frozen,0.5,-0.05,0.2,0.02,0.5008841792322657,-0.05944374425263062,0.2119855286729056,0.01975250169161698,0.0008841792322656916,-0.009443744252630615,0.011985528672905588,-0.0002474983083830193,42.38547968885096,23795.386,1209409.0,964050.1,-0.0010877755389681054,0.001617234108738505,40,3.1999999999999997,1230.0800000000017,384.40000000000055
AI_ENHANCED_LOSING,FROZEN,2026-03-30 12:15:00.000000,2026-03-30 12:15:00.000000,2026-03-30 12:22:59.668934156,23756.61,23475.7109561271,PE,23800.0,ATM,307.52000000000044,330.38245545907984,22.8624554590794,1,50,15376.000000000022,1143.12277295397,1103.12277295397,7.434461322541417,True,TARGET_ACHIEVED,6.277928142981084,AI enhanced frozen,0.5,-0.05,0.2,0.02,0.48780334935619407,-0.052263859377137074,0.19325118336565714,0.01800203945073258,-0.012196650643805929,-0.0022638593771370716,-0.006748816634342875,-0.0019979605492674198,42.38547968885096,23795.386,1209409.0,964050.1,-0.0010877755389681054,0.001617234108738505,40,3.1999999999999997,1230.0800000000017,384.40000000000055
RSI_DIVERGENCE_LOSING,FROZEN,2026-03-30 12:15:00.000000,2026-03-30 12:15:00.000000,2026-03-30 12:25:45.207966998,23756.61,23561.55930667308,PE,23800.0,ATM,307.52000000000044,333.2914695664263,25.77146956642588,1,50,15376.000000000022,1288.5734783212938,1248.5734783212938,8.380420644649401,True,TARGET_ACHIEVED,10.332966368758363,RSI frozen,0.5,-0.05,0.2,0.02,0.5089603375189892,-0.05789030382471856,0.21952056843256418,0.022732233698956807,0.00896033751898917,-0.007890303824718559,0.019520568432564167,0.002732233698956806,42.38547968885096,23795.386,1209409.0,964050.1,-0.0010877755389681054,0.001617234108738505,40,3.1999999999999997,1230.0800000000017,384.40000000000055
TREND_FOLLOWING_OPTIMIZED,FROZEN,2026-03-30 12:15:00.000000,2026-03-30 12:15:00.000000,2026-03-30 12:23:01.589698124,23756.61,23658.520100538666,PE,23800.0,ATM,307.52000000000044,331.71041200222925,24.19041200222881,1,50,15376.000000000022,1209.5206001114407,1169.5206001114407,7.8662890225769955,True,TARGET_ACHIEVED,5.5302372171480005,Trend frozen,0.5,-0.05,0.2,0.02,0.5018103754846599,-0.044646315379868275,0.2148674174931671,0.023531879181501573,0.0018103754846598985,0.005353684620131728,0.014867417493167084,0.0035318791815015724,42.38547968885096,23795.386,1209409.0,964050.1,-0.0010877755389681054,0.001617234108738505,40,3.1999999999999997,1230.0800000000017,384.40000000000055
VOLUME_SPIKE_LOSING,FROZEN,2026-03-30 12:15:00.000000,2026-03-30 12:15:00.000000,2026-03-30 12:25:43.672275899,23756.61,24010.58052879872,PE,23800.0,ATM,307.52000000000044,330.0747055389045,22.554705538904045,1,50,15376.000000000022,1127.7352769452023,1087.7352769452023,7.334386556615509,True,TARGET_ACHIEVED,5.932635410215443,Volume frozen,0.5,-0.05,0.2,0.02,0.5076632266642379,-0.04209471214935604,0.18870067215503636,0.02128647804063382,0.00766322666423791,0.007905287850643962,-0.011299327844963653,0.0012864780406338198,42.38547968885096,23795.386,1209409.0,964050.1,-0.0010877755389681054,0.001617234108738505,40,3.1999999999999997,1230.0800000000017,384.40000000000055
HIGH_VOLUME_LOSING,FROZEN,2026-03-30 12:15:00.000000,2026-03-30 12:15:00.000000,2026-03-30 12:26:03.935457258,23756.61,23846.113836300472,PE,23800.0,ATM,307.52000000000044,336.9580718008575,29.438071800857074,1,50,15376.000000000022,1471.9035900428537,1431.9035900428537,9.572734066355695,True,TARGET_ACHIEVED,11.645334585628696,High volume frozen,0.5,-0.05,0.2,0.02,0.45333999415432324,-0.04278128127833137,0.20307650931289672,0.024425920067406064,-0.046660005845676755,0.0072187187216686335,0.0030765093128967136,0.004425920067406063,42.38547968885096,23795.386,1209409.0,964050.1,-0.0010877755389681054,0.001617234108738505,40,3.1999999999999997,1230.0800000000017,384.40000000000055
STRONG_MOMENTUM_LOSING,FROZEN,2026-03-30 12:15:00.000000,2026-03-30 12:15:00.000000,2026-03-30 12:25:50.544372185,23756.61,23942.57530158477,PE,23800.0,ATM,307.52000000000044,337.8881705712172,30.36817057121675,1,50,15376.000000000022,1518.4085285608376,1478.4085285608376,9.875185539547576,True,TARGET_ACHIEVED,8.518914767163162,Strong momentum frozen,0.5,-0.05,0.2,0.02,0.5006141977554217,-0.05641388141442119,0.19345493850757192,0.02182922827943816,0.0006141977554217082,-0.006413881414421188,-0.006545061492428089,0.0018292282794381588,42.38547968885096,23795.386,1209409.0,964050.1,-0.0010877755389681054,0.001617234108738505,40,3.1999999999999997,1230.0800000000017,384.40000000000055
MACD_DIVERGENCE_LOSING,RE-OPTIMIZED,2026-03-30 12:15:00.000000,2026-03-30 12:15:00.000000,2026-03-30 12:22:12.816795572,23756.61,23547.486296583662,PE,23800.0,ATM,307.52000000000044,340.3333322310411,32.81333223104065,1,50,15376.000000000022,1640.6666115520325,1600.6666115520325,10.670308347762942,True,TARGET_ACHIEVED,10.042605065721505,MACD re-optimized,0.5,-0.05,0.2,0.02,0.48383344351674656,-0.04690372320186006,0.19617031928959028,0.01667335687279961,-0.016166556483253436,0.003096276798139945,-0.003829680710409733,-0.0033266431272003898,42.38547968885096,23795.386,1209409.0,964050.1,-0.0010877755389681054,0.001617234108738505,40,3.1999999999999997,1230.0800000000017,384.40000000000055
CCI_EXTREME_LOSING,RE-OPTIMIZED,2026-03-30 12:15:00.000000,2026-03-30 12:15:00.000000,2026-03-30 12:26:01.964306747,23756.61,23285.65521284415,PE,23800.0,ATM,307.52000000000044,340.9130098261394,33.39300982613895,1,50,15376.000000000022,1669.6504913069475,1629.6504913069475,10.858809126606042,True,TARGET_ACHIEVED,5.588789206012029,CCI re-optimized,0.5,-0.05,0.2,0.02,0.5382077842744651,-0.05893178332181885,0.21854933031217508,0.02066378296448717,0.03820778427446514,-0.008931783321818848,0.018549330312175066,0.0006637829644871689,42.38547968885096,23795.386,1209409.0,964050.1,-0.0010877755389681054,0.001617234108738505,40,3.1999999999999997,1230.0800000000017,384.40000000000055
MOMENTUM_REVERSAL_LOSING,RE-OPTIMIZED,2026-03-30 12:15:00.000000,2026-03-30 12:15:00.000000,2026-03-30 12:22:02.329335955,23756.61,24225.835215405095,PE,23800.0,ATM,307.52000000000044,330.93375169257763,23.413751692577193,1,50,15376.000000000022,1170.6875846288597,1130.6875846288597,7.6137329905622915,True,TARGET_ACHIEVED,5.933748278356723,Momentum re-optimized,0.5,-0.05,0.2,0.02,0.519901419946455,-0.05980616501231732,0.20411315552939943,0.02353701890230736,0.019901419946455,-0.00980616501231732,0.00411315552939942,0.00353701890230736,42.38547968885096,23795.386,1209409.0,964050.1,-0.0010877755389681054,0.001617234108738505,40,3.1999999999999997,1230.0800000000017,384.40000000000055
MULTI_TIMEFRAME_LOSING,FROZEN,2026-03-30 12:30:00.000000,2026-03-30 12:30:00.000000,2026-03-30 12:36:40.124098543,23951.77,23890.675331843748,CE,23900.0,ITM,257.52000000000044,277.4441722124558,19.924172212455346,1,50,12876.000000000022,996.2086106227673,956.2086106227673,7.736941679269693,True,TARGET_ACHIEVED,5.621687533972075,Multi-timeframe frozen,0.5,-0.05,0.2,0.02,0.523007984519748,-0.05338468877893997,0.19696555514665634,0.020617795962557445,0.023007984519747948,-0.003384688778939965,-0.0030344448533436708,0.0006177959625574443,83.25225165998353,23844.075,999150.0,1022151.6,0.00041976933988041587,0.0030528015257327112,40,3.1999999999999997,1030.0800000000017,321.90000000000055
AI_ENHANCED_LOSING,FROZEN,2026-03-30 12:30:00.000000,2026-03-30 12:30:00.000000,2026-03-30 12:35:24.048180837,23951.77,24176.747167172165,CE,23900.0,ITM,257.52000000000044,283.6582256216753,26.13822562167485,1,50,12876.000000000022,1306.9112810837423,1266.9112810837423,10.149978883843897,True,TARGET_ACHIEVED,8.272892561596368,AI enhanced frozen,0.5,-0.05,0.2,0.02,0.5249714911471353,-0.047255788068080104,0.18567308686548112,0.016256937966385745,0.02497149114713526,0.0027442119319198988,-0.014326913134518893,-0.0037430620336142556,83.25225165998353,23844.075,999150.0,1022151.6,0.00041976933988041587,0.0030528015257327112,40,3.1999999999999997,1030.0800000000017,321.90000000000055
RSI_DIVERGENCE_LOSING,FROZEN,2026-03-30 12:30:00.000000,2026-03-30 12:30:00.000000,2026-03-30 12:36:28.585634837,23951.77,24144.03537202637,CE,23900.0,ITM,257.52000000000044,254.53910538067316,-2.980894619327273,1,50,12876.000000000022,-149.04473096636366,-189.04473096636366,-1.1575390724321482,False,STOP_LOSS,7.700302657498314,RSI frozen,0.5,-0.05,0.2,0.02,0.46578023979436867,-0.04568199406835055,0.20774790804637483,0.021473569700769517,-0.03421976020563133,0.004318005931649452,0.0077479080463748184,0.0014735697007695163,83.25225165998353,23844.075,999150.0,1022151.6,0.00041976933988041587,0.0030528015257327112,40,3.1999999999999997,1030.0800000000017,321.90000000000055
STOCHASTIC_OVERSOLD_LOSING,FROZEN,2026-03-30 12:30:00.000000,2026-03-30 12:30:00.000000,2026-03-30 12:41:51.755436377,23951.77,23959.91441723927,CE,23900.0,ITM,257.52000000000044,283.4367096328407,25.916709632840252,1,50,12876.000000000022,1295.8354816420126,1255.8354816420126,10.063959938195174,True,TARGET_ACHIEVED,8.216793020843516,Stochastic frozen,0.5,-0.05,0.2,0.02,0.45173510527769484,-0.048673461904206634,0.21374911372807806,0.015001083570169525,-0.04826489472230516,0.0013265380957933684,0.01374911372807805,-0.004998916429830476,83.25225165998353,23844.075,999150.0,1022151.6,0.00041976933988041587,0.0030528015257327112,40,3.1999999999999997,1030.0800000000017,321.90000000000055
TREND_FOLLOWING_OPTIMIZED,FROZEN,2026-03-30 12:30:00.000000,2026-03-30 12:30:00.000000,2026-03-30 12:36:49.476266738,23951.77,23981.513766166718,CE,23900.0,ITM,257.52000000000044,252.15519335856618,-5.364806641434257,1,50,12876.000000000022,-268.2403320717128,-308.2403320717128,-2.0832582484600217,False,STOP_LOSS,7.83788683976039,Trend frozen,0.5,-0.05,0.2,0.02,0.4862815564887352,-0.04879224311537704,0.1882766144783198,0.01770400409501772,-0.013718443511264777,0.0012077568846229625,-0.011723385521680202,-0.002295995904982282,83.25225165998353,23844.075,999150.0,1022151.6,0.00041976933988041587,0.0030528015257327112,40,3.1999999999999997,1030.0800000000017,321.90000000000055
BOLLINGER_SQUEEZE_LOSING,RE-OPTIMIZED,2026-03-30 12:30:00.000000,2026-03-30 12:30:00.000000,2026-03-30 12:35:40.302557969,23951.77,23700.443815700335,CE,23900.0,ITM,257.52000000000044,279.0874763427001,21.56747634269965,1,50,12876.000000000022,1078.3738171349823,1038.3738171349823,8.375068477283167,True,TARGET_ACHIEVED,5.750065850585262,Bollinger re-optimized,0.5,-0.05,0.2,0.02,0.4590506841875627,-0.051677474127771766,0.21694536327973615,0.017492679960480272,-0.040949315812437326,-0.0016774741277717636,0.016945363279736142,-0.002507320039519728,83.25225165998353,23844.075,999150.0,1022151.6,0.00041976933988041587,0.0030528015257327112,40,3.1999999999999997,1030.0800000000017,321.90000000000055
BREAKOUT_REVERSAL_LOSING,RE-OPTIMIZED,2026-03-30 12:30:00.000000,2026-03-30 12:30:00.000000,2026-03-30 12:39:36.916360876,23951.77,23931.236264140854,CE,23900.0,ITM,257.52000000000044,284.0600870466546,26.54008704665415,1,50,12876.000000000022,1327.0043523327076,1287.0043523327076,10.306029452723713,True,TARGET_ACHIEVED,10.077164085697396,Breakout re-optimized,0.5,-0.05,0.2,0.02,0.4968248942015945,-0.05086292015397681,0.18066341690073512,0.020081046136530806,-0.0031751057984055198,-0.0008629201539768067,-0.019336583099264892,8.104613653080531e-05,83.25225165998353,23844.075,999150.0,1022151.6,0.00041976933988041587,0.0030528015257327112,40,3.1999999999999997,1030.0800000000017,321.90000000000055
MULTI_TIMEFRAME_LOSING,FROZEN,2026-03-30 12:45:00.000000,2026-03-30 12:45:00.000000,2026-03-30 12:54:46.806813528,24038.5,24266.61764628018,PE,24000.0,ATM,207.52000000000044,229.84358894296727,22.323588942966836,1,50,10376.000000000022,1116.1794471483418,1076.1794471483418,10.757319267042591,True,TARGET_ACHIEVED,7.079375587589748,Multi-timeframe frozen,0.5,-0.05,0.2,0.02,0.4711536293280738,-0.057694320217660994,0.19017115596889586,0.02290195012333992,-0.02884637067192619,-0.007694320217660991,-0.00982884403110415,0.0029019501233399185,79.91702411926126,23980.0465,1544055.0,977135.35,-0.00015971823042182365,0.0018894689768497158,40,3.1999999999999997,830.0800000000017,259.40000000000055
AI_ENHANCED_LOSING,FROZEN,2026-03-30 12:45:00.000000,2026-03-30 12:45:00.000000,2026-03-30 12:55:19.934450430,24038.5,24136.571944752923,PE,24000.0,ATM,207.52000000000044,227.8129226577799,20.292922657779457,1,50,10376.000000000022,1014.6461328889728,974.6461328889728,9.778779229847443,True,TARGET_ACHIEVED,10.841971965003335,AI enhanced frozen,0.5,-0.05,0.2,0.02,0.49235707865110273,-0.05131044802474485,0.18688735691107597,0.023028138687477613,-0.007642921348897269,-0.0013104480247448438,-0.013112643088924042,0.0030281386874776127,79.91702411926126,23980.0465,1544055.0,977135.35,-0.00015971823042182365,0.0018894689768497158,40,3.1999999999999997,830.0800000000017,259.40000000000055
RSI_DIVERGENCE_LOSING,FROZEN,2026-03-30 12:45:00.000000,2026-03-30 12:45:00.000000,2026-03-30 12:53:08.314840498,24038.5,23653.01577772879,PE,24000.0,ATM,207.52000000000044,223.7341215124634,16.214121512462953,1,50,10376.000000000022,810.7060756231476,770.7060756231476,7.813281376475962,True,TARGET_ACHIEVED,10.347922439027492,RSI frozen,0.5,-0.05,0.2,0.02,0.48395576453398126,-0.04256005124632447,0.18471525170854716,0.01520407010981005,-0.01604423546601874,0.0074399487536755335,-0.015284748291452849,-0.00479592989018995,79.91702411926126,23980.0465,1544055.0,977135.35,-0.00015971823042182365,0.0018894689768497158,40,3.1999999999999997,830.0800000000017,259.40000000000055
STOCHASTIC_OVERSOLD_LOSING,FROZEN,2026-03-30 12:45:00.000000,2026-03-30 12:45:00.000000,2026-03-30 12:56:42.085772585,24038.5,24072.288919182083,PE,24000.0,ATM,207.52000000000044,226.8437484131306,19.323748413130176,1,50,10376.000000000022,966.1874206565087,926.1874206565087,9.311752319357234,True,TARGET_ACHIEVED,7.501233827991386,Stochastic frozen,0.5,-0.05,0.2,0.02,0.46717377525548953,-0.046562355867325454,0.21775737970021822,0.015473270892890852,-0.03282622474451047,0.0034376441326745485,0.017757379700218207,-0.004526729107109148,79.91702411926126,23980.0465,1544055.0,977135.35,-0.00015971823042182365,0.0018894689768497158,40,3.1999999999999997,830.0800000000017,259.40000000000055
TREND_FOLLOWING_OPTIMIZED,FROZEN,2026-03-30 12:45:00.000000,2026-03-30 12:45:00.000000,2026-03-30 12:52:12.904870182,24038.5,24296.538834288167,PE,24000.0,ATM,207.52000000000044,224.22585184060844,16.705851840608005,1,50,10376.000000000022,835.2925920304003,795.2925920304003,8.050237008774081,True,TARGET_ACHIEVED,8.222300307117338,Trend frozen,0.5,-0.05,0.2,0.02,0.4740497095556521,-0.05955723815007602,0.202752078934257,0.019419119164234007,-0.02595029044434788,-0.009557238150076017,0.0027520789342569962,-0.0005808808357659935,79.91702411926126,23980.0465,1544055.0,977135.35,-0.00015971823042182365,0.0018894689768497158,40,3.1999999999999997,830.0800000000017,259.40000000000055
VOLUME_SPIKE_LOSING,FROZEN,2026-03-30 12:45:00.000000,2026-03-30 12:45:00.000000,2026-03-30 12:52:20.400469363,24038.5,24093.86593740092,PE,24000.0,ATM,207.52000000000044,229.84151209579906,22.321512095798624,1,50,10376.000000000022,1116.0756047899313,1076.0756047899313,10.756318473303093,True,TARGET_ACHIEVED,5.465247729377303,Volume frozen,0.5,-0.05,0.2,0.02,0.5235233085812532,-0.05506152796886866,0.1983081964109019,0.022881495722385698,0.023523308581253177,-0.005061527968868655,-0.0016918035890981231,0.0028814957223856977,79.91702411926126,23980.0465,1544055.0,977135.35,-0.00015971823042182365,0.0018894689768497158,40,3.1999999999999997,830.0800000000017,259.40000000000055
HIGH_VOLUME_LOSING,FROZEN,2026-03-30 12:45:00.000000,2026-03-30 12:45:00.000000,2026-03-30 12:53:56.452711269,24038.5,24002.27459432758,PE,24000.0,ATM,207.52000000000044,225.51888966889476,17.99888966889432,1,50,10376.000000000022,899.9444834447161,859.9444834447161,8.673327712458695,True,TARGET_ACHIEVED,7.190104669695126,High volume frozen,0.5,-0.05,0.2,0.02,0.5333828808390072,-0.04482589971570516,0.20097525726043075,0.023284246249844612,0.0333828808390072,0.0051741002842948455,0.0009752572604307397,0.0032842462498446114,79.91702411926126,23980.0465,1544055.0,977135.35,-0.00015971823042182365,0.0018894689768497158,40,3.1999999999999997,830.0800000000017,259.40000000000055
BOLLINGER_SQUEEZE_LOSING,RE-OPTIMIZED,2026-03-30 12:45:00.000000,2026-03-30 12:45:00.000000,2026-03-30 12:56:35.585400429,24038.5,23870.286029262577,PE,24000.0,ATM,207.52000000000044,224.14172410101705,16.62172410101661,1,50,10376.000000000022,831.0862050508306,791.0862050508306,8.009697427243918,True,TARGET_ACHIEVED,5.317679578029355,Bollinger re-optimized,0.5,-0.05,0.2,0.02,0.4562641507394527,-0.0448189115514686,0.18919921213714846,0.018952184536668453,-0.0437358492605473,0.0051810884485314,-0.010800787862851546,-0.0010478154633315473,79.91702411926126,23980.0465,1544055.0,977135.35,-0.00015971823042182365,0.0018894689768497158,40,3.1999999999999997,830.0800000000017,259.40000000000055
MULTI_TIMEFRAME_LOSING,FROZEN,2026-03-30 13:00:00.000000,2026-03-30 13:00:00.000000,2026-03-30 13:08:14.841288629,24067.79,23864.82714353294,CE,24000.0,ITM,207.52000000000044,222.72092225950408,15.200922259503642,1,50,10376.000000000022,760.046112975182,720.046112975182,7.325039639313613,True,TARGET_ACHIEVED,7.461202406611465,Multi-timeframe frozen,0.5,-0.05,0.2,0.02,0.5296736251243385,-0.04865357662777087,0.18690076070677586,0.016192117477210933,0.029673625124338465,0.0013464233722291358,-0.013099239293224152,-0.0038078825227890675,63.5564211520313,24035.508500000004,1143950.0,897023.95,0.0006585744606986133,0.004939381638280915,40,3.1999999999999997,830.0800000000017,259.40000000000055
AI_ENHANCED_LOSING,FROZEN,2026-03-30 13:00:00.000000,2026-03-30 13:00:00.000000,2026-03-30 13:09:26.656219931,24067.79,24069.236537686127,CE,24000.0,ITM,207.52000000000044,223.90445020370018,16.384450203699743,1,50,10376.000000000022,819.2225101849872,779.2225101849872,7.895359581582357,True,TARGET_ACHIEVED,5.458057731988049,AI enhanced frozen,0.5,-0.05,0.2,0.02,0.5342775572805103,-0.05209342071528582,0.19290047470031801,0.017726786281064867,0.034277557280510296,-0.0020934207152858153,-0.007099525299681997,-0.0022732137189351333,63.5564211520313,24035.508500000004,1143950.0,897023.95,0.0006585744606986133,0.004939381638280915,40,3.1999999999999997,830.0800000000017,259.40000000000055
RSI_DIVERGENCE_LOSING,FROZEN,2026-03-30 13:00:00.000000,2026-03-30 13:00:00.000000,2026-03-30 13:09:43.030552072,24067.79,24098.193210612586,CE,24000.0,ITM,207.52000000000044,228.3081038275899,20.788103827589453,1,50,10376.000000000022,1039.4051913794726,999.4051913794726,10.017397758090501,True,TARGET_ACHIEVED,8.694908744534306,RSI frozen,0.5,-0.05,0.2,0.02,0.48813448154118905,-0.050070358096767915,0.1976586659485247,0.02071463607672057,-0.011865518458810953,-7.035809676791266e-05,-0.0023413340514753245,0.0007146360767205685,63.5564211520313,24035.508500000004,1143950.0,897023.95,0.0006585744606986133,0.004939381638280915,40,3.1999999999999997,830.0800000000017,259.40000000000055
TREND_FOLLOWING_OPTIMIZED,FROZEN,2026-03-30 13:00:00.000000,2026-03-30 13:00:00.000000,2026-03-30 13:11:18.534368681,24067.79,24115.130716362484,CE,24000.0,ITM,207.52000000000044,203.56472276128682,-3.95527723871362,1,50,10376.000000000022,-197.763861935681,-237.763861935681,-1.9059739970670835,False,STOP_LOSS,11.723373649004184,Trend frozen,0.5,-0.05,0.2,0.02,0.5355255991071781,-0.05294216095117339,0.2162355864919087,0.020458041252022403,0.03552559910717812,-0.0029421609511733893,0.016235586491908677,0.00045804125202240226,63.5564211520313,24035.508500000004,1143950.0,897023.95,0.0006585744606986133,0.004939381638280915,40,3.1999999999999997,830.0800000000017,259.40000000000055
VOLUME_SPIKE_LOSING,FROZEN,2026-03-30 13:00:00.000000,2026-03-30 13:00:00.000000,2026-03-30 13:10:15.005596191,24067.79,23686.081464712806,CE,24000.0,ITM,207.52000000000044,225.70748572216482,18.187485722164382,1,50,10376.000000000022,909.3742861082192,869.3742861082192,8.764208617079966,True,TARGET_ACHIEVED,7.000013349711608,Volume frozen,0.5,-0.05,0.2,0.02,0.48715234820341113,-0.04062554283035836,0.2137716281346721,0.01995874872437376,-0.012847651796588866,0.009374457169641644,0.013771628134672087,-4.1251275626239675e-05,63.5564211520313,24035.508500000004,1143950.0,897023.95,0.0006585744606986133,0.004939381638280915,40,3.1999999999999997,830.0800000000017,259.40000000000055
HIGH_VOLUME_LOSING,FROZEN,2026-03-30 13:00:00.000000,2026-03-30 13:00:00.000000,2026-03-30 13:07:37.503303163,24067.79,23933.579125983742,CE,24000.0,ITM,207.52000000000044,224.0221527400828,16.50215274008235,1,50,10376.000000000022,825.1076370041176,785.1076370041176,7.9520782286441385,True,TARGET_ACHIEVED,10.563556685249505,High volume frozen,0.5,-0.05,0.2,0.02,0.48887290280459106,-0.04919880703892773,0.1814601342085759,0.015057409767373265,-0.011127097195408941,0.0008011929610722696,-0.01853986579142411,-0.004942590232626736,63.5564211520313,24035.508500000004,1143950.0,897023.95,0.0006585744606986133,0.004939381638280915,40,3.1999999999999997,830.0800000000017,259.40000000000055
MACD_DIVERGENCE_LOSING,RE-OPTIMIZED,2026-03-30 13:00:00.000000,2026-03-30 13:00:00.000000,2026-03-30 13:10:02.739310163,24067.79,23901.786587299368,CE,24000.0,ITM,207.52000000000044,228.04367216055545,20.52367216055501,1,50,10376.000000000022,1026.1836080277503,986.1836080277503,9.88997309201762,True,TARGET_ACHIEVED,7.424127196691642,MACD re-optimized,0.5,-0.05,0.2,0.02,0.5090042913657129,-0.041984882334991945,0.19444300338456996,0.022879566181299663,0.009004291365712902,0.008015117665008058,-0.005556996615430049,0.002879566181299663,63.5564211520313,24035.508500000004,1143950.0,897023.95,0.0006585744606986133,0.004939381638280915,40,3.1999999999999997,830.0800000000017,259.40000000000055
MOMENTUM_REVERSAL_LOSING,RE-OPTIMIZED,2026-03-30 13:00:00.000000,2026-03-30 13:00:00.000000,2026-03-30 13:10:01.688923789,24067.79,24470.67561731291,CE,24000.0,ITM,207.52000000000044,228.31559348563968,20.795593485639245,1,50,10376.000000000022,1039.7796742819623,999.7796742819623,10.021006883981883,True,TARGET_ACHIEVED,8.317764486202847,Momentum re-optimized,0.5,-0.05,0.2,0.02,0.45333484643932676,-0.058394936520793264,0.1844662128910589,0.017123213764616514,-0.046665153560673245,-0.008394936520793261,-0.0155337871089411,-0.0028767862353834862,63.5564211520313,24035.508500000004,1143950.0,897023.95,0.0006585744606986133,0.004939381638280915,40,3.1999999999999997,830.0800000000017,259.40000000000055
MULTI_TIMEFRAME_LOSING,FROZEN,2026-03-30 13:15:00.000000,2026-03-30 13:15:00.000000,2026-03-30 13:20:15.511804845,24069.91,23883.781233667974,PE,24000.0,ITM,207.52000000000044,225.49477890024454,17.974778900244104,1,50,10376.000000000022,898.7389450122052,858.7389450122052,8.661709184774512,True,TARGET_ACHIEVED,5.555748625475674,Multi-timeframe frozen,0.5,-0.05,0.2,0.02,0.5040792227082967,-0.058168199307247294,0.1819753661149499,0.019182115843833107,0.004079222708296748,-0.008168199307247291,-0.0180246338850501,-0.0008178841561668933,49.12462089881416,24067.144,1149257.0,952616.85,-4.943687658642837e-05,0.0003161623786711534,40,3.1999999999999997,830.0800000000017,259.40000000000055
AI_ENHANCED_LOSING,FROZEN,2026-03-30 13:15:00.000000,2026-03-30 13:15:00.000000,2026-03-30 13:22:28.344341228,24069.91,24544.722269219,PE,24000.0,ITM,207.52000000000044,222.85330790941524,15.333307909414799,1,50,10376.000000000022,766.6653954707399,726.6653954707399,7.388833803688688,True,TARGET_ACHIEVED,8.118654729025035,AI enhanced frozen,0.5,-0.05,0.2,0.02,0.45676252902467035,-0.04873281811979771,0.19726683393045435,0.02183150603698142,-0.04323747097532965,0.0012671818802022922,-0.002733166069545656,0.001831506036981418,49.12462089881416,24067.144,1149257.0,952616.85,-4.943687658642837e-05,0.0003161623786711534,40,3.1999999999999997,830.0800000000017,259.40000000000055
TREND_FOLLOWING_OPTIMIZED,FROZEN,2026-03-30 13:15:00.000000,2026-03-30 13:15:00.000000,2026-03-30 13:26:56.015414113,24069.91,23887.842501294337,PE,24000.0,ITM,207.52000000000044,223.3926795495828,15.872679549582358,1,50,10376.000000000022,793.6339774791179,753.6339774791179,7.648746891664575,True,TARGET_ACHIEVED,8.629840965461678,Trend frozen,0.5,-0.05,0.2,0.02,0.5479533176310982,-0.05965607888083104,0.19901985276783413,0.018244242163518606,0.047953317631098225,-0.009656078880831039,-0.0009801472321658844,-0.0017557578364813947,49.12462089881416,24067.144,1149257.0,952616.85,-4.943687658642837e-05,0.0003161623786711534,40,3.1999999999999997,830.0800000000017,259.40000000000055
VOLUME_SPIKE_LOSING,FROZEN,2026-03-30 13:15:00.000000,2026-03-30 13:15:00.000000,2026-03-30 13:25:45.274235262,24069.91,24369.957617897962,PE,24000.0,ITM,207.52000000000044,224.46748799283787,16.947487992837438,1,50,10376.000000000022,847.3743996418718,807.3743996418718,8.166676943348786,True,TARGET_ACHIEVED,8.727114925858519,Volume frozen,0.5,-0.05,0.2,0.02,0.4781695282847214,-0.049237858267620775,0.20718479733322434,0.0235097874488845,-0.021830471715278577,0.0007621417323792276,0.00718479733322433,0.0035097874488844993,49.12462089881416,24067.144,1149257.0,952616.85,-4.943687658642837e-05,0.0003161623786711534,40,3.1999999999999997,830.0800000000017,259.40000000000055
HIGH_VOLUME_LOSING,FROZEN,2026-03-30 13:15:00.000000,2026-03-30 13:15:00.000000,2026-03-30 13:20:41.260046261,24069.91,23753.25526777764,PE,24000.0,ITM,207.52000000000044,225.84957332778896,18.329573327788523,1,50,10376.000000000022,916.4786663894262,876.4786663894262,8.832677972141715,True,TARGET_ACHIEVED,10.770164361591162,High volume frozen,0.5,-0.05,0.2,0.02,0.4880483844582498,-0.05268300065945357,0.20766855985979005,0.01785212795207811,-0.011951615541750227,-0.002683000659453566,0.007668559859790036,-0.0021478720479218907,49.12462089881416,24067.144,1149257.0,952616.85,-4.943687658642837e-05,0.0003161623786711534,40,3.1999999999999997,830.0800000000017,259.40000000000055
MULTI_TIMEFRAME_LOSING,FROZEN,2026-03-30 13:30:00.000000,2026-03-30 13:30:00.000000,2026-03-30 13:35:03.253248678,24214.1,24089.774282905197,CE,24200.0,ATM,107.52000000000044,119.35194818796822,11.831948187967782,1,50,5376.000000000022,591.5974093983891,551.5974093983891,11.00441609744023,True,TARGET_ACHIEVED,8.058307336493193,Multi-timeframe frozen,0.5,-0.05,0.2,0.02,0.4522878298208893,-0.04511303333401111,0.1941798198162861,0.019761259757218468,-0.047712170179110724,0.0048869666659888955,-0.005820180183713913,-0.00023874024278153216,90.31150603321957,24118.499,1151447.0,1042823.5,0.000541299946283047,0.00099157102679852,40,3.1999999999999997,430.08000000000175,134.40000000000055
AI_ENHANCED_LOSING,FROZEN,2026-03-30 13:30:00.000000,2026-03-30 13:30:00.000000,2026-03-30 13:39:02.944400938,24214.1,23950.43371857994,CE,24200.0,ATM,107.52000000000044,116.62949553720502,9.10949553720458,1,50,5376.000000000022,455.474776860229,415.474776860229,8.47237308147744,True,TARGET_ACHIEVED,6.46093842044178,AI enhanced frozen,0.5,-0.05,0.2,0.02,0.4899616370377295,-0.055293316334423526,0.18028693720471886,0.017248345442508743,-0.010038362962270508,-0.005293316334423523,-0.01971306279528115,-0.0027516545574912572,90.31150603321957,24118.499,1151447.0,1042823.5,0.000541299946283047,0.00099157102679852,40,3.1999999999999997,430.08000000000175,134.40000000000055
RSI_DIVERGENCE_LOSING,FROZEN,2026-03-30 13:30:00.000000,2026-03-30 13:30:00.000000,2026-03-30 13:39:53.566785163,24214.1,23873.19692852277,CE,24200.0,ATM,107.52000000000044,106.01136420581223,-1.5086357941882085,1,50,5376.000000000022,-75.43178970941042,-115.43178970941042,-1.4031210883446823,False,STOP_LOSS,8.92657138436347,RSI frozen,0.5,-0.05,0.2,0.02,0.5306019884271838,-0.04368720586634964,0.21821125724056536,0.019418939973526655,0.030601988427183757,0.006312794133650365,0.018211257240565354,-0.0005810600264733456,90.31150603321957,24118.499,1151447.0,1042823.5,0.000541299946283047,0.00099157102679852,40,3.1999999999999997,430.08000000000175,134.40000000000055
STOCHASTIC_OVERSOLD_LOSING,FROZEN,2026-03-30 13:30:00.000000,2026-03-30 13:30:00.000000,2026-03-30 13:41:28.820786743,24214.1,24071.33765239171,CE,24200.0,ATM,107.52000000000044,105.34515873482721,-2.174841265173228,1,50,5376.000000000022,-108.7420632586614,-148.7420632586614,-2.0227318314483065,False,STOP_LOSS,7.925357868121738,Stochastic frozen,0.5,-0.05,0.2,0.02,0.5346307781985356,-0.04900695559769842,0.1864919365227741,0.02431988880608942,0.03463077819853555,0.0009930444023015794,-0.013508063477225912,0.004319888806089418,90.31150603321957,24118.499,1151447.0,1042823.5,0.000541299946283047,0.00099157102679852,40,3.1999999999999997,430.08000000000175,134.40000000000055
TREND_FOLLOWING_OPTIMIZED,FROZEN,2026-03-30 13:30:00.000000,2026-03-30 13:30:00.000000,2026-03-30 13:37:28.408097013,24214.1,24452.513824494647,CE,24200.0,ATM,107.52000000000044,115.83746671225067,8.317466712250237,1,50,5376.000000000022,415.8733356125118,375.8733356125118,7.735739129696989,True,TARGET_ACHIEVED,11.79641635872531,Trend frozen,0.5,-0.05,0.2,0.02,0.46863081043498883,-0.04505313404838124,0.19987289129826322,0.021651285569914344,-0.03136918956501117,0.004946865951618765,-0.00012710870173679445,0.0016512855699143437,90.31150603321957,24118.499,1151447.0,1042823.5,0.000541299946283047,0.00099157102679852,40,3.1999999999999997,430.08000000000175,134.40000000000055
HIGH_VOLUME_LOSING,FROZEN,2026-03-30 13:30:00.000000,2026-03-30 13:30:00.000000,2026-03-30 13:39:38.124379887,24214.1,23905.422103848934,CE,24200.0,ATM,107.52000000000044,117.48586092970513,9.96586092970469,1,50,5376.000000000022,498.29304648523447,458.29304648523447,9.268843870633043,True,TARGET_ACHIEVED,6.4130351869583,High volume frozen,0.5,-0.05,0.2,0.02,0.5405638640722699,-0.05933463031316512,0.19354039557057748,0.020405623641016224,0.04056386407226986,-0.009334630313165115,-0.006459604429422533,0.00040562364101622353,90.31150603321957,24118.499,1151447.0,1042823.5,0.000541299946283047,0.00099157102679852,40,3.1999999999999997,430.08000000000175,134.40000000000055
MACD_DIVERGENCE_LOSING,RE-OPTIMIZED,2026-03-30 13:30:00.000000,2026-03-30 13:30:00.000000,2026-03-30 13:38:37.091866029,24214.1,24078.70890655149,CE,24200.0,ATM,107.52000000000044,116.12849743617592,8.608497436175483,1,50,5376.000000000022,430.4248718087741,390.4248718087741,8.006415026204843,True,TARGET_ACHIEVED,10.777036965323564,MACD re-optimized,0.5,-0.05,0.2,0.02,0.49727915607061773,-0.04192661329537636,0.20553634537721127,0.019170797031420498,-0.002720843929382266,0.008073386704623646,0.00553634537721126,-0.0008292029685795024,90.31150603321957,24118.499,1151447.0,1042823.5,0.000541299946283047,0.00099157102679852,40,3.1999999999999997,430.08000000000175,134.40000000000055
BOLLINGER_SQUEEZE_LOSING,RE-OPTIMIZED,2026-03-30 13:30:00.000000,2026-03-30 13:30:00.000000,2026-03-30 13:38:02.890429943,24214.1,24632.474446548422,CE,24200.0,ATM,107.52000000000044,117.53698242259262,10.016982422592179,1,50,5376.000000000022,500.84912112960893,460.84912112960893,9.316389901964413,True,TARGET_ACHIEVED,10.332510188490058,Bollinger re-optimized,0.5,-0.05,0.2,0.02,0.5297608733159314,-0.05228602954876003,0.20817924225586767,0.016067889980344925,0.029760873315931358,-0.0022860295487600255,0.008179242255867664,-0.003932110019655075,90.31150603321957,24118.499,1151447.0,1042823.5,0.000541299946283047,0.00099157102679852,40,3.1999999999999997,430.08000000000175,134.40000000000055
BREAKOUT_REVERSAL_LOSING,RE-OPTIMIZED,2026-03-30 13:30:00.000000,2026-03-30 13:30:00.000000,2026-03-30 13:35:53.624274736,24214.1,24198.679060849085,CE,24200.0,ATM,107.52000000000044,119.28791733909436,11.767917339093927,1,50,5376.000000000022,588.3958669546963,548.3958669546963,10.94486359662749,True,TARGET_ACHIEVED,11.167777266645258,Breakout re-optimized,0.5,-0.05,0.2,0.02,0.4543231578911314,-0.0480058458199701,0.1916122046299603,0.01619316657591989,-0.045676842108868576,0.0019941541800299056,-0.008387795370039725,-0.0038068334240801104,90.31150603321957,24118.499,1151447.0,1042823.5,0.000541299946283047,0.00099157102679852,40,3.1999999999999997,430.08000000000175,134.40000000000055
MULTI_TIMEFRAME_LOSING,FROZEN,2026-03-30 13:45:00.000000,2026-03-30 13:45:00.000000,2026-03-30 13:53:10.852281378,24239.25,24352.08721685483,CE,24200.0,ATM,107.52000000000044,117.02732856614622,9.507328566145787,1,50,5376.000000000022,475.36642830728937,435.36642830728937,8.842381478930198,True,TARGET_ACHIEVED,9.94628477677865,Multi-timeframe frozen,0.5,-0.05,0.2,0.02,0.5079459874338801,-0.04754193197067366,0.21137541043165423,0.021120281154347706,0.007945987433880086,0.0024580680293263407,0.011375410431654215,0.0011202811543477055,51.19826756496621,24225.298499999997,1013177.0,987803.85,0.0006675451676665389,0.002390337984879841,40,3.1999999999999997,430.08000000000175,134.40000000000055
AI_ENHANCED_LOSING,FROZEN,2026-03-30 13:45:00.000000,2026-03-30 13:45:00.000000,2026-03-30 13:55:43.031119514,24239.25,23941.12959203356,CE,24200.0,ATM,107.52000000000044,105.38476231260975,-2.135237687390685,1,50,5376.000000000022,-106.76188436953424,-146.76188436953424,-1.985898146754721,False,STOP_LOSS,8.507370050587932,AI enhanced frozen,0.5,-0.05,0.2,0.02,0.5226093991836056,-0.058905181701792,0.20814924961802672,0.023934859967242234,0.022609399183605605,-0.008905181701791998,0.00814924961802671,0.003934859967242233,51.19826756496621,24225.298499999997,1013177.0,987803.85,0.0006675451676665389,0.002390337984879841,40,3.1999999999999997,430.08000000000175,134.40000000000055
TREND_FOLLOWING_OPTIMIZED,FROZEN,2026-03-30 13:45:00.000000,2026-03-30 13:45:00.000000,2026-03-30 13:54:40.660778572,24239.25,24694.076462378842,CE,24200.0,ATM,107.52000000000044,117.47803775382516,9.958037753824726,1,50,5376.000000000022,497.9018876912363,457.9018876912363,9.261567851399448,True,TARGET_ACHIEVED,9.633319849535182,Trend frozen,0.5,-0.05,0.2,0.02,0.5013697529407026,-0.055948662015805985,0.18465753928185688,0.017860538179907313,0.0013697529407026288,-0.005948662015805982,-0.01534246071814313,-0.002139461820092687,51.19826756496621,24225.298499999997,1013177.0,987803.85,0.0006675451676665389,0.002390337984879841,40,3.1999999999999997,430.08000000000175,134.40000000000055
MACD_DIVERGENCE_LOSING,RE-OPTIMIZED,2026-03-30 13:45:00.000000,2026-03-30 13:45:00.000000,2026-03-30 13:50:57.609215976,24239.25,24283.159060507813,CE,24200.0,ATM,107.52000000000044,115.59338507362995,8.07338507362951,1,50,5376.000000000022,403.6692536814755,363.6692536814755,7.508728677110748,True,TARGET_ACHIEVED,11.643865798909069,MACD re-optimized,0.5,-0.05,0.2,0.02,0.4879447304669004,-0.050845711058672693,0.19210819376363877,0.022355284297387437,-0.0120552695330996,-0.0008457110586726907,-0.007891806236361237,0.0023552842973874367,51.19826756496621,24225.298499999997,1013177.0,987803.85,0.0006675451676665389,0.002390337984879841,40,3.1999999999999997,430.08000000000175,134.40000000000055
MOMENTUM_REVERSAL_LOSING,RE-OPTIMIZED,2026-03-30 13:45:00.000000,2026-03-30 13:45:00.000000,2026-03-30 13:55:54.720619541,24239.25,24445.96568934162,CE,24200.0,ATM,107.52000000000044,118.54274322576734,11.022743225766902,1,50,5376.000000000022,551.1371612883452,511.13716128834517,10.251807315631378,True,TARGET_ACHIEVED,8.933269576335814,Momentum re-optimized,0.5,-0.05,0.2,0.02,0.4617754615711268,-0.0497040615432572,0.21471243065810228,0.016398001596121262,-0.03822453842887319,0.00029593845674280583,0.014712430658102266,-0.003601998403878738,51.19826756496621,24225.298499999997,1013177.0,987803.85,0.0006675451676665389,0.002390337984879841,40,3.1999999999999997,430.08000000000175,134.40000000000055
MULTI_TIMEFRAME_LOSING,FROZEN,2026-03-30 14:00:00.000000,2026-03-30 14:00:00.000000,2026-03-30 14:08:44.613823317,24103.03,24374.883156363594,PE,24100.0,ATM,157.52000000000044,171.79061827070373,14.270618270703295,1,50,7876.000000000022,713.5309135351647,673.5309135351647,9.059559592879161,True,TARGET_ACHIEVED,8.392101302561787,Multi-timeframe frozen,0.5,-0.05,0.2,0.02,0.4991517884687911,-0.04752648508983944,0.20839885296474883,0.023912280166119668,-0.0008482115312088978,0.002473514910160561,0.00839885296474882,0.003912280166119667,21.361468934594953,24191.252500000002,954887.0,905260.85,-0.0020147658404028324,0.0001784008068694796,40,3.1999999999999997,630.0800000000017,196.90000000000055
AI_ENHANCED_LOSING,FROZEN,2026-03-30 14:00:00.000000,2026-03-30 14:00:00.000000,2026-03-30 14:07:40.312940573,24103.03,24204.119313673807,PE,24100.0,ATM,157.52000000000044,170.76614137942371,13.246141379423278,1,50,7876.000000000022,662.307068971164,622.307068971164,8.409180662406833,True,TARGET_ACHIEVED,11.597955808287637,AI enhanced frozen,0.5,-0.05,0.2,0.02,0.5349773616166011,-0.04110110460410928,0.183731294186635,0.020143203254120317,0.034977361616601144,0.00889889539589072,-0.01626870581336501,0.00014320325412031654,21.361468934594953,24191.252500000002,954887.0,905260.85,-0.0020147658404028324,0.0001784008068694796,40,3.1999999999999997,630.0800000000017,196.90000000000055
RSI_DIVERGENCE_LOSING,FROZEN,2026-03-30 14:00:00.000000,2026-03-30 14:00:00.000000,2026-03-30 14:05:40.823166535,24103.03,24150.80751699202,PE,24100.0,ATM,157.52000000000044,173.52129581109108,16.001295811090642,1,50,7876.000000000022,800.0647905545321,760.0647905545321,10.15826295777717,True,TARGET_ACHIEVED,7.287500814220917,RSI frozen,0.5,-0.05,0.2,0.02,0.48124581688407964,-0.057476440819091874,0.19153705405377838,0.018415389705230534,-0.018754183115920364,-0.007476440819091872,-0.008462945946221628,-0.001584610294769466,21.361468934594953,24191.252500000002,954887.0,905260.85,-0.0020147658404028324,0.0001784008068694796,40,3.1999999999999997,630.0800000000017,196.90000000000055
STOCHASTIC_OVERSOLD_LOSING,FROZEN,2026-03-30 14:00:00.000000,2026-03-30 14:00:00.000000,2026-03-30 14:10:52.526548915,24103.03,24378.025586139338,PE,24100.0,ATM,157.52000000000044,174.41105721039415,16.89105721039371,1,50,7876.000000000022,844.5528605196855,804.5528605196855,10.723119102586125,True,TARGET_ACHIEVED,11.027247233125118,Stochastic frozen,0.5,-0.05,0.2,0.02,0.5488341818495476,-0.057168114775506,0.21597266084499844,0.01629697211598534,0.048834181849547575,-0.007168114775505996,0.015972660844998432,-0.003703027884014661,21.361468934594953,24191.252500000002,954887.0,905260.85,-0.0020147658404028324,0.0001784008068694796,40,3.1999999999999997,630.0800000000017,196.90000000000055
TREND_FOLLOWING_OPTIMIZED,FROZEN,2026-03-30 14:00:00.000000,2026-03-30 14:00:00.000000,2026-03-30 14:06:31.235720536,24103.03,24446.251775047054,PE,24100.0,ATM,157.52000000000044,172.53816205214858,15.018162052148142,1,50,7876.000000000022,750.908102607407,710.908102607407,9.534130302277868,True,TARGET_ACHIEVED,9.766385778712367,Trend frozen,0.5,-0.05,0.2,0.02,0.4811428970827199,-0.047854015484752,0.1884201619464887,0.01864067995866188,-0.0188571029172801,0.0021459845152480006,-0.011579838053511315,-0.001359320041338121,21.361468934594953,24191.252500000002,954887.0,905260.85,-0.0020147658404028324,0.0001784008068694796,40,3.1999999999999997,630.0800000000017,196.90000000000055
STRONG_MOMENTUM_LOSING,FROZEN,2026-03-30 14:00:00.000000,2026-03-30 14:00:00.000000,2026-03-30 14:06:35.234879386,24103.03,24284.458891122977,PE,24100.0,ATM,157.52000000000044,172.70498298618182,15.184982986181382,1,50,7876.000000000022,759.249149309069,719.249149309069,9.640034907428479,True,TARGET_ACHIEVED,8.32830794855211,Strong momentum frozen,0.5,-0.05,0.2,0.02,0.548090852898632,-0.04657621653883909,0.20788594432455615,0.01682019381414026,0.04809085289863202,0.0034237834611609147,0.007885944324556138,-0.003179806185859741,21.361468934594953,24191.252500000002,954887.0,905260.85,-0.0020147658404028324,0.0001784008068694796,40,3.1999999999999997,630.0800000000017,196.90000000000055
MACD_DIVERGENCE_LOSING,RE-OPTIMIZED,2026-03-30 14:00:00.000000,2026-03-30 14:00:00.000000,2026-03-30 14:07:30.154384392,24103.03,24418.40511743104,PE,24100.0,ATM,157.52000000000044,169.5820671426841,12.062067142683674,1,50,7876.000000000022,603.1033571341836,563.1033571341836,7.657482949900736,True,TARGET_ACHIEVED,7.2560637057168575,MACD re-optimized,0.5,-0.05,0.2,0.02,0.4988366935062085,-0.05268018062678265,0.2092894098488184,0.01652939675521431,-0.0011633064937914828,-0.002680180626782644,0.009289409848818375,-0.003470603244785691,21.361468934594953,24191.252500000002,954887.0,905260.85,-0.0020147658404028324,0.0001784008068694796,40,3.1999999999999997,630.0800000000017,196.90000000000055
CCI_EXTREME_LOSING,RE-OPTIMIZED,2026-03-30 14:00:00.000000,2026-03-30 14:00:00.000000,2026-03-30 14:10:09.451783083,24103.03,24436.65631785159,PE,24100.0,ATM,157.52000000000044,173.2864866386392,15.766486638638753,1,50,7876.000000000022,788.3243319319376,748.3243319319376,10.009196697967692,True,TARGET_ACHIEVED,11.492226150446559,CCI re-optimized,0.5,-0.05,0.2,0.02,0.4792966016012473,-0.05058975572538234,0.20566586738200993,0.02221966710963757,-0.02070339839875268,-0.0005897557253823349,0.005665867382009915,0.002219667109637568,21.361468934594953,24191.252500000002,954887.0,905260.85,-0.0020147658404028324,0.0001784008068694796,40,3.1999999999999997,630.0800000000017,196.90000000000055
MOMENTUM_REVERSAL_LOSING,RE-OPTIMIZED,2026-03-30 14:00:00.000000,2026-03-30 14:00:00.000000,2026-03-30 14:07:48.740635776,24103.03,24102.596319531396,PE,24100.0,ATM,157.52000000000044,155.87684629626526,-1.6431537037351802,1,50,7876.000000000022,-82.15768518675901,-122.15768518675901,-1.0431397306597103,False,STOP_LOSS,9.222215095353237,Momentum re-optimized,0.5,-0.05,0.2,0.02,0.47210994314091675,-0.041839272120976545,0.20243975178852702,0.02416128661262945,-0.027890056859083245,0.008160727879023458,0.0024397517885270115,0.004161286612629451,21.361468934594953,24191.252500000002,954887.0,905260.85,-0.0020147658404028324,0.0001784008068694796,40,3.1999999999999997,630.0800000000017,196.90000000000055
BOLLINGER_SQUEEZE_LOSING,RE-OPTIMIZED,2026-03-30 14:00:00.000000,2026-03-30 14:00:00.000000,2026-03-30 14:10:14.056668333,24103.03,23773.924718232316,PE,24100.0,ATM,157.52000000000044,175.08576722023545,17.565767220235017,1,50,7876.000000000022,878.2883610117508,838.2883610117508,11.151452018940432,True,TARGET_ACHIEVED,9.722144583533616,Bollinger re-optimized,0.5,-0.05,0.2,0.02,0.5393640709604808,-0.04112503227921693,0.21811116708908404,0.02264028794556882,0.03936407096048078,0.00887496772078307,0.01811116708908403,0.0026402879455688193,21.361468934594953,24191.252500000002,954887.0,905260.85,-0.0020147658404028324,0.0001784008068694796,40,3.1999999999999997,630.0800000000017,196.90000000000055
BREAKOUT_REVERSAL_LOSING,RE-OPTIMIZED,2026-03-30 14:00:00.000000,2026-03-30 14:00:00.000000,2026-03-30 14:10:44.932690857,24103.03,24508.866996827084,PE,24100.0,ATM,157.52000000000044,169.3004248109598,11.780424810959374,1,50,7876.000000000022,589.0212405479688,549.0212405479688,7.4786851263073535,True,TARGET_ACHIEVED,11.526487226374218,Breakout re-optimized,0.5,-0.05,0.2,0.02,0.4848630911881023,-0.052715334813910816,0.19423046569520147,0.01540075182676592,-0.01513690881189772,-0.0027153348139108135,-0.00576953430479854,-0.00459924817323408,21.361468934594953,24191.252500000002,954887.0,905260.85,-0.0020147658404028324,0.0001784008068694796,40,3.1999999999999997,630.0800000000017,196.90000000000055
MULTI_TIMEFRAME_LOSING,FROZEN,2026-03-30 14:15:00.000000,2026-03-30 14:15:00.000000,2026-03-30 14:23:28.903291584,24289.52,24510.519479558636,CE,24300.0,ATM,57.52000000000044,62.32916620928738,4.809166209286943,1,50,2876.000000000022,240.45831046434714,200.45831046434714,8.36085919556138,True,TARGET_ACHIEVED,6.054003153588209,Multi-timeframe frozen,0.5,-0.05,0.2,0.02,0.5323656149073679,-0.046946499012059925,0.20125402780431112,0.021812183005467535,0.03236561490736789,0.0030535009879400776,0.0012540278043111086,0.0018121830054675346,76.85803137775608,24203.307,1396146.0,872665.2,0.001026597996011569,0.003996785444916083,40,3.1999999999999997,230.08000000000175,71.90000000000055
AI_ENHANCED_LOSING,FROZEN,2026-03-30 14:15:00.000000,2026-03-30 14:15:00.000000,2026-03-30 14:20:13.469489073,24289.52,24148.5025857746,CE,24300.0,ATM,57.52000000000044,62.00808967319228,4.488089673191844,1,50,2876.000000000022,224.4044836595922,184.4044836595922,7.80265937620273,True,TARGET_ACHIEVED,6.9825968045101225,AI enhanced frozen,0.5,-0.05,0.2,0.02,0.48579072268975076,-0.04073113382102844,0.20460078183724867,0.024684837052647568,-0.014209277310249235,0.00926886617897156,0.0046007818372486575,0.004684837052647568,76.85803137775608,24203.307,1396146.0,872665.2,0.001026597996011569,0.003996785444916083,40,3.1999999999999997,230.08000000000175,71.90000000000055
RSI_DIVERGENCE_LOSING,FROZEN,2026-03-30 14:15:00.000000,2026-03-30 14:15:00.000000,2026-03-30 14:23:40.643042830,24289.52,24402.50454937924,CE,24300.0,ATM,57.52000000000044,63.874564051976996,6.35456405197656,1,50,2876.000000000022,317.728202598828,277.728202598828,11.04757310844317,True,TARGET_ACHIEVED,5.552157456557273,RSI frozen,0.5,-0.05,0.2,0.02,0.5252415280678367,-0.05688517499167325,0.20569763614121395,0.023720687331417446,0.02524152806783675,-0.006885174991673244,0.005697636141213935,0.003720687331417446,76.85803137775608,24203.307,1396146.0,872665.2,0.001026597996011569,0.003996785444916083,40,3.1999999999999997,230.08000000000175,71.90000000000055
STOCHASTIC_OVERSOLD_LOSING,FROZEN,2026-03-30 14:15:00.000000,2026-03-30 14:15:00.000000,2026-03-30 14:20:13.594135093,24289.52,24467.048009106875,CE,24300.0,ATM,57.52000000000044,62.81304484504808,5.293044845047646,1,50,2876.000000000022,264.6522422523823,224.65224225238228,9.202094654116143,True,TARGET_ACHIEVED,6.399798604093216,Stochastic frozen,0.5,-0.05,0.2,0.02,0.5414689242247168,-0.055091265447382264,0.183876405231794,0.01814853258193207,0.04146892422471682,-0.005091265447382261,-0.016123594768206018,-0.00185146741806793,76.85803137775608,24203.307,1396146.0,872665.2,0.001026597996011569,0.003996785444916083,40,3.1999999999999997,230.08000000000175,71.90000000000055
TREND_FOLLOWING_OPTIMIZED,FROZEN,2026-03-30 14:15:00.000000,2026-03-30 14:15:00.000000,2026-03-30 14:24:51.275994442,24289.52,24131.350826016864,CE,24300.0,ATM,57.52000000000044,62.3982744515142,4.878274451513761,1,50,2876.000000000022,243.91372257568804,203.91372257568804,8.48100565284027,True,TARGET_ACHIEVED,7.223236768130026,Trend frozen,0.5,-0.05,0.2,0.02,0.5366640509143107,-0.05647089671423225,0.20553006436449583,0.022289154388277815,0.036664050914310686,-0.0064708967142322465,0.005530064364495824,0.0022891543882778143,76.85803137775608,24203.307,1396146.0,872665.2,0.001026597996011569,0.003996785444916083,40,3.1999999999999997,230.08000000000175,71.90000000000055
VOLUME_SPIKE_LOSING,FROZEN,2026-03-30 14:15:00.000000,2026-03-30 14:15:00.000000,2026-03-30 14:22:22.663288472,24289.52,24701.735727902076,CE,24300.0,ATM,57.52000000000044,62.024327623484545,4.504327623484109,1,50,2876.000000000022,225.21638117420542,185.21638117420542,7.830889470591227,True,TARGET_ACHIEVED,10.319777239035536,Volume frozen,0.5,-0.05,0.2,0.02,0.5109616240423331,-0.05602223923261246,0.1801095258854346,0.02250567151472599,0.01096162404233314,-0.006022239232612456,-0.019890474114565404,0.0025056715147259885,76.85803137775608,24203.307,1396146.0,872665.2,0.001026597996011569,0.003996785444916083,40,3.1999999999999997,230.08000000000175,71.90000000000055
HIGH_VOLUME_LOSING,FROZEN,2026-03-30 14:15:00.000000,2026-03-30 14:15:00.000000,2026-03-30 14:20:56.070213691,24289.52,24300.456547488306,CE,24300.0,ATM,57.52000000000044,63.88462352638991,6.364623526389472,1,50,2876.000000000022,318.2311763194736,278.2311763194736,11.065061763542113,True,TARGET_ACHIEVED,10.675995868780085,High volume frozen,0.5,-0.05,0.2,0.02,0.4880997689539023,-0.04079452042290274,0.1968006949408647,0.022752678547811534,-0.01190023104609772,0.009205479577097261,-0.003199305059135321,0.0027526785478115337,76.85803137775608,24203.307,1396146.0,872665.2,0.001026597996011569,0.003996785444916083,40,3.1999999999999997,230.08000000000175,71.90000000000055
STRONG_MOMENTUM_LOSING,FROZEN,2026-03-30 14:15:00.000000,2026-03-30 14:15:00.000000,2026-03-30 14:22:57.445469045,24289.52,24624.70433036342,CE,24300.0,ATM,57.52000000000044,63.80876527163016,6.288765271629721,1,50,2876.000000000022,314.43826358148607,274.43826358148607,10.933180235795678,True,TARGET_ACHIEVED,11.823328344825907,Strong momentum frozen,0.5,-0.05,0.2,0.02,0.5218959662201895,-0.05198577741046129,0.21573512006928175,0.02462950407429667,0.021895966220189522,-0.001985777410461284,0.01573512006928174,0.004629504074296669,76.85803137775608,24203.307,1396146.0,872665.2,0.001026597996011569,0.003996785444916083,40,3.1999999999999997,230.08000000000175,71.90000000000055
MACD_DIVERGENCE_LOSING,RE-OPTIMIZED,2026-03-30 14:15:00.000000,2026-03-30 14:15:00.000000,2026-03-30 14:25:58.765278385,24289.52,24433.558337772232,CE,24300.0,ATM,57.52000000000044,63.07415237212376,5.554152372123326,1,50,2876.000000000022,277.7076186061663,237.7076186061663,9.656036808281092,True,TARGET_ACHIEVED,10.050303304684265,MACD re-optimized,0.5,-0.05,0.2,0.02,0.5384451631584777,-0.041386618724311104,0.18903619884251466,0.024869406747553516,0.03844516315847768,0.008613381275688899,-0.010963801157485353,0.004869406747553515,76.85803137775608,24203.307,1396146.0,872665.2,0.001026597996011569,0.003996785444916083,40,3.1999999999999997,230.08000000000175,71.90000000000055
CCI_EXTREME_LOSING,RE-OPTIMIZED,2026-03-30 14:15:00.000000,2026-03-30 14:15:00.000000,2026-03-30 14:25:14.251825993,24289.52,24154.515651018948,CE,24300.0,ATM,57.52000000000044,62.552903914735815,5.032903914735378,1,50,2876.000000000022,251.64519573676893,211.64519573676893,8.749832953295098,True,TARGET_ACHIEVED,9.172426009167495,CCI re-optimized,0.5,-0.05,0.2,0.02,0.5370927175672148,-0.05925619304063061,0.1993832961812418,0.01624828965861991,0.03709271756721477,-0.009256193040630606,-0.0006167038187582241,-0.0037517103413800892,76.85803137775608,24203.307,1396146.0,872665.2,0.001026597996011569,0.003996785444916083,40,3.1999999999999997,230.08000000000175,71.90000000000055
MOMENTUM_REVERSAL_LOSING,RE-OPTIMIZED,2026-03-30 14:15:00.000000,2026-03-30 14:15:00.000000,2026-03-30 14:24:45.886168446,24289.52,24361.309292196245,CE,24300.0,ATM,57.52000000000044,56.30223463593966,-1.2177653640607744,1,50,2876.000000000022,-60.88826820303872,-100.88826820303872,-2.1171164187426377,False,STOP_LOSS,5.783209364102737,Momentum re-optimized,0.5,-0.05,0.2,0.02,0.5063370599414906,-0.043225069807788986,0.21967671412170203,0.017540440196138783,0.006337059941490586,0.006774930192211016,0.01967671412170202,-0.0024595598038612172,76.85803137775608,24203.307,1396146.0,872665.2,0.001026597996011569,0.003996785444916083,40,3.1999999999999997,230.08000000000175,71.90000000000055
BOLLINGER_SQUEEZE_LOSING,RE-OPTIMIZED,2026-03-30 14:15:00.000000,2026-03-30 14:15:00.000000,2026-03-30 14:23:13.584673118,24289.52,24593.91481414064,CE,24300.0,ATM,57.52000000000044,63.693422180178544,6.1734221801781075,1,50,2876.000000000022,308.6711090089054,268.6711090089054,10.732653303508451,True,TARGET_ACHIEVED,6.739437690647213,Bollinger re-optimized,0.5,-0.05,0.2,0.02,0.5449268450804109,-0.049324685581493465,0.19010415476658085,0.015257140743833504,0.04492684508041089,0.0006753144185065382,-0.00989584523341916,-0.004742859256166496,76.85803137775608,24203.307,1396146.0,872665.2,0.001026597996011569,0.003996785444916083,40,3.1999999999999997,230.08000000000175,71.90000000000055
BREAKOUT_REVERSAL_LOSING,RE-OPTIMIZED,2026-03-30 14:15:00.000000,2026-03-30 14:15:00.000000,2026-03-30 14:26:27.546924973,24289.52,24498.418479089312,CE,24300.0,ATM,57.52000000000044,56.42760870629176,-1.0923912937086797,1,50,2876.000000000022,-54.619564685433986,-94.61956468543399,-1.899150371538024,False,STOP_LOSS,9.412364603579736,Breakout re-optimized,0.5,-0.05,0.2,0.02,0.5221881008003528,-0.04732631888225475,0.21142058311593478,0.02014438979522544,0.022188100800352828,0.002673681117745255,0.011420583115934774,0.0001443897952254393,76.85803137775608,24203.307,1396146.0,872665.2,0.001026597996011569,0.003996785444916083,40,3.1999999999999997,230.08000000000175,71.90000000000055
MULTI_TIMEFRAME_LOSING,FROZEN,2026-03-30 14:30:00.000000,2026-03-30 14:30:00.000000,2026-03-30 14:35:44.679793254,24320.44,23863.30890312444,CE,24300.0,ATM,57.52000000000044,62.29819881458325,4.778198814582815,1,50,2876.000000000022,238.90994072914077,198.90994072914077,8.307021583071592,True,TARGET_ACHIEVED,6.738524206472176,Multi-timeframe frozen,0.5,-0.05,0.2,0.02,0.4613562695584274,-0.05265319098996479,0.19554527416074294,0.02139520397321185,-0.0386437304415726,-0.0026531909899647904,-0.004454725839257073,0.001395203973211849,58.043788672060664,24294.25,477351.0,990038.5,0.0002644565828509027,0.002677994312602939,40,3.1999999999999997,230.08000000000175,71.90000000000055
AI_ENHANCED_LOSING,FROZEN,2026-03-30 14:30:00.000000,2026-03-30 14:30:00.000000,2026-03-30 14:41:28.675658275,24320.44,24116.122096523122,CE,24300.0,ATM,57.52000000000044,61.88759652775953,4.3675965277590905,1,50,2876.000000000022,218.37982638795452,178.37982638795452,7.593178942557471,True,TARGET_ACHIEVED,9.127313366521605,AI enhanced frozen,0.5,-0.05,0.2,0.02,0.5299158411752962,-0.04895184789280509,0.1865281296089189,0.020917348618292232,0.02991584117529622,0.0010481521071949093,-0.013471870391081109,0.0009173486182922318,58.043788672060664,24294.25,477351.0,990038.5,0.0002644565828509027,0.002677994312602939,40,3.1999999999999997,230.08000000000175,71.90000000000055
RSI_DIVERGENCE_LOSING,FROZEN,2026-03-30 14:30:00.000000,2026-03-30 14:30:00.000000,2026-03-30 14:35:41.596464874,24320.44,24210.43899813538,CE,24300.0,ATM,57.52000000000044,62.82825914482943,5.308259144828995,1,50,2876.000000000022,265.4129572414497,225.4129572414497,9.228545105752701,True,TARGET_ACHIEVED,6.06867259005479,RSI frozen,0.5,-0.05,0.2,0.02,0.4930079430332521,-0.05293774153005467,0.18148105323580377,0.015201203933410814,-0.006992056966747873,-0.0029377415300546675,-0.018518946764196242,-0.0047987960665891866,58.043788672060664,24294.25,477351.0,990038.5,0.0002644565828509027,0.002677994312602939,40,3.1999999999999997,230.08000000000175,71.90000000000055
TREND_FOLLOWING_OPTIMIZED,FROZEN,2026-03-30 14:30:00.000000,2026-03-30 14:30:00.000000,2026-03-30 14:38:45.635338875,24320.44,24681.31062527956,CE,24300.0,ATM,57.52000000000044,62.55548912991413,5.035489129913692,1,50,2876.000000000022,251.7744564956846,211.7744564956846,8.754327416400649,True,TARGET_ACHIEVED,7.5448034037707075,Trend frozen,0.5,-0.05,0.2,0.02,0.4764311973374597,-0.047548382718915067,0.2024487595661738,0.022516645896262198,-0.0235688026625403,0.0024516172810849363,0.002448759566173797,0.002516645896262198,58.043788672060664,24294.25,477351.0,990038.5,0.0002644565828509027,0.002677994312602939,40,3.1999999999999997,230.08000000000175,71.90000000000055
MULTI_TIMEFRAME_LOSING,FROZEN,2026-03-30 14:45:00.000000,2026-03-30 14:45:00.000000,2026-03-30 14:50:31.188278327,24349.32,24754.87141304586,PE,24300.0,ATM,57.52000000000044,62.04321315204439,4.523213152043951,1,50,2876.000000000022,226.16065760219755,186.16065760219755,7.863722447920578,True,TARGET_ACHIEVED,5.434423973326695,Multi-timeframe frozen,0.5,-0.05,0.2,0.02,0.5279608451006856,-0.04484312138847535,0.18404115885265138,0.01719177684295685,0.02796084510068564,0.005156878611524654,-0.015958841147348635,-0.0028082231570431514,59.20833634850555,24348.866,841685.0,1009503.15,-0.0006890718296848064,0.003255943081778006,40,3.1999999999999997,230.08000000000175,71.90000000000055
AI_ENHANCED_LOSING,FROZEN,2026-03-30 14:45:00.000000,2026-03-30 14:45:00.000000,2026-03-30 14:53:47.461379485,24349.32,24289.332010216072,PE,24300.0,ATM,57.52000000000044,63.47757873797457,5.957578737974131,1,50,2876.000000000022,297.87893689870657,257.87893689870657,10.357403925546047,True,TARGET_ACHIEVED,5.203239499781849,AI enhanced frozen,0.5,-0.05,0.2,0.02,0.4861637015630367,-0.05190545632248282,0.19753400685827596,0.022694230084135323,-0.013836298436963324,-0.001905456322482818,-0.002465993141724049,0.0026942300841353226,59.20833634850555,24348.866,841685.0,1009503.15,-0.0006890718296848064,0.003255943081778006,40,3.1999999999999997,230.08000000000175,71.90000000000055
RSI_DIVERGENCE_LOSING,FROZEN,2026-03-30 14:45:00.000000,2026-03-30 14:45:00.000000,2026-03-30 14:54:05.273095284,24349.32,24663.27104642406,PE,24300.0,ATM,57.52000000000044,62.41057535542894,4.890575355428503,1,50,2876.000000000022,244.52876777142512,204.52876777142512,8.502391090800531,True,TARGET_ACHIEVED,10.66689156516475,RSI frozen,0.5,-0.05,0.2,0.02,0.4803191448677906,-0.04184859871474391,0.19092552403112056,0.015370386855796364,-0.019680855132209407,0.008151401285256092,-0.009074475968879447,-0.004629613144203636,59.20833634850555,24348.866,841685.0,1009503.15,-0.0006890718296848064,0.003255943081778006,40,3.1999999999999997,230.08000000000175,71.90000000000055
TREND_FOLLOWING_OPTIMIZED,FROZEN,2026-03-30 14:45:00.000000,2026-03-30 14:45:00.000000,2026-03-30 14:50:03.074263386,24349.32,24282.200288218544,PE,24300.0,ATM,57.52000000000044,63.04798477593026,5.5279847759298235,1,50,2876.000000000022,276.3992387964912,236.3992387964912,9.610543769001707,True,TARGET_ACHIEVED,7.279759468626582,Trend frozen,0.5,-0.05,0.2,0.02,0.48625783240074427,-0.05624503809173783,0.18782643635722418,0.02257078032458612,-0.013742167599255728,-0.006245038091737827,-0.012173563642775831,0.00257078032458612,59.20833634850555,24348.866,841685.0,1009503.15,-0.0006890718296848064,0.003255943081778006,40,3.1999999999999997,230.08000000000175,71.90000000000055
MACD_DIVERGENCE_LOSING,RE-OPTIMIZED,2026-03-30 14:45:00.000000,2026-03-30 14:45:00.000000,2026-03-30 14:53:33.255423370,24349.32,23865.580500797558,PE,24300.0,ATM,57.52000000000044,63.66271455754419,6.142714557543755,1,50,2876.000000000022,307.1357278771877,267.1357278771877,10.679267311445944,True,TARGET_ACHIEVED,5.768866911394191,MACD re-optimized,0.5,-0.05,0.2,0.02,0.47397177707982163,-0.04084825901421414,0.209705602224846,0.022862630735965176,-0.026028222920178368,0.009151740985785861,0.009705602224845983,0.0028626307359651756,59.20833634850555,24348.866,841685.0,1009503.15,-0.0006890718296848064,0.003255943081778006,40,3.1999999999999997,230.08000000000175,71.90000000000055
MOMENTUM_REVERSAL_LOSING,RE-OPTIMIZED,2026-03-30 14:45:00.000000,2026-03-30 14:45:00.000000,2026-03-30 14:50:58.515021169,24349.32,24031.786090704103,PE,24300.0,ATM,57.52000000000044,63.61676643378224,6.096766433781802,1,50,2876.000000000022,304.8383216890901,264.8383216890901,10.599385316032258,True,TARGET_ACHIEVED,8.451463968144502,Momentum re-optimized,0.5,-0.05,0.2,0.02,0.45834901525054883,-0.052086525765936656,0.19488581690323326,0.015027523056372599,-0.04165098474945117,-0.002086525765936653,-0.005114183096766756,-0.004972476943627402,59.20833634850555,24348.866,841685.0,1009503.15,-0.0006890718296848064,0.003255943081778006,40,3.1999999999999997,230.08000000000175,71.90000000000055
MULTI_TIMEFRAME_LOSING,FROZEN,2026-03-30 15:00:00.000000,2026-03-30 15:00:00.000000,2026-03-30 15:05:51.392863733,24474.09,24273.95010226138,CE,24400.0,ITM,7.520000000000437,8.074040707416806,0.5540407074163696,1,50,376.0000000000218,27.70203537081848,-12.297964629181521,7.367562598621507,True,TARGET_ACHIEVED,7.50519020186035,Multi-timeframe frozen,0.5,-0.05,0.2,0.02,0.4747642905079916,-0.05952867785857603,0.21666970013903586,0.0232505636788201,-0.025235709492008374,-0.009528677858576029,0.016669700139035848,0.003250563678820099,77.23713893926696,24411.655000000002,1036717.0,953941.0,0.0013104460098698478,0.0009307802659873701,40,3.1999999999999997,30.080000000001746,9.400000000000546
AI_ENHANCED_LOSING,FROZEN,2026-03-30 15:00:00.000000,2026-03-30 15:00:00.000000,2026-03-30 15:11:40.714725267,24474.09,24226.559780088264,CE,24400.0,ITM,7.520000000000437,8.194560864731274,0.6745608647308377,1,50,376.0000000000218,33.72804323654188,-6.271956763458121,8.970224265037213,True,TARGET_ACHIEVED,9.226131596964173,AI enhanced frozen,0.5,-0.05,0.2,0.02,0.48903595134989225,-0.05976315937262892,0.18850781814134884,0.020233219857398885,-0.01096404865010775,-0.009763159372628914,-0.011492181858651168,0.00023321985739888432,77.23713893926696,24411.655000000002,1036717.0,953941.0,0.0013104460098698478,0.0009307802659873701,40,3.1999999999999997,30.080000000001746,9.400000000000546
RSI_DIVERGENCE_LOSING,FROZEN,2026-03-30 15:00:00.000000,2026-03-30 15:00:00.000000,2026-03-30 15:11:30.484927104,24474.09,24773.06664212756,CE,24400.0,ITM,7.520000000000437,8.221091060195695,0.7010910601952585,1,50,376.0000000000218,35.05455300976293,-4.945446990237073,9.323019417489599,True,TARGET_ACHIEVED,11.603451100293317,RSI frozen,0.5,-0.05,0.2,0.02,0.5460864735246007,-0.05045119162115553,0.20914242416140386,0.01980672370558388,0.04608647352460071,-0.0004511916211555264,0.009142424161403845,-0.00019327629441611913,77.23713893926696,24411.655000000002,1036717.0,953941.0,0.0013104460098698478,0.0009307802659873701,40,3.1999999999999997,30.080000000001746,9.400000000000546
STOCHASTIC_OVERSOLD_LOSING,FROZEN,2026-03-30 15:00:00.000000,2026-03-30 15:00:00.000000,2026-03-30 15:07:16.112101783,24474.09,24086.803273914327,CE,24400.0,ITM,7.520000000000437,8.227955750479387,0.7079557504789502,1,50,376.0000000000218,35.397787523947514,-4.602212476052486,9.414305192538686,True,TARGET_ACHIEVED,11.237318272873908,Stochastic frozen,0.5,-0.05,0.2,0.02,0.5052538246678555,-0.04750557585831153,0.19788300627667246,0.02270282300071567,0.005253824667855511,0.0024944241416884755,-0.002116993723327548,0.0027028230007156706,77.23713893926696,24411.655000000002,1036717.0,953941.0,0.0013104460098698478,0.0009307802659873701,40,3.1999999999999997,30.080000000001746,9.400000000000546
TREND_FOLLOWING_OPTIMIZED,FROZEN,2026-03-30 15:00:00.000000,2026-03-30 15:00:00.000000,2026-03-30 15:11:36.543074233,24474.09,24354.465470107043,CE,24400.0,ITM,7.520000000000437,8.102992474370504,0.5829924743700676,1,50,376.0000000000218,29.14962371850338,-10.850376281496619,7.752559499601514,True,TARGET_ACHIEVED,7.8125652332661,Trend frozen,0.5,-0.05,0.2,0.02,0.5376691953639205,-0.043736737759260555,0.20249731484609013,0.021926568834054774,0.03766919536392055,0.006263262240739448,0.002497314846090115,0.0019265688340547732,77.23713893926696,24411.655000000002,1036717.0,953941.0,0.0013104460098698478,0.0009307802659873701,40,3.1999999999999997,30.080000000001746,9.400000000000546
STRONG_MOMENTUM_LOSING,FROZEN,2026-03-30 15:00:00.000000,2026-03-30 15:00:00.000000,2026-03-30 15:07:54.703310602,24474.09,24242.213852487774,CE,24400.0,ITM,7.520000000000437,8.08687865112406,0.5668786511236235,1,50,376.0000000000218,28.343932556181173,-11.656067443818827,7.538279935154129,True,TARGET_ACHIEVED,5.425121169218084,Strong momentum frozen,0.5,-0.05,0.2,0.02,0.45627084598479134,-0.042374801945177835,0.21351950169730524,0.01843875750161488,-0.04372915401520866,0.007625198054822167,0.01351950169730523,-0.0015612424983851188,77.23713893926696,24411.655000000002,1036717.0,953941.0,0.0013104460098698478,0.0009307802659873701,40,3.1999999999999997,30.080000000001746,9.400000000000546
MACD_DIVERGENCE_LOSING,RE-OPTIMIZED,2026-03-30 15:00:00.000000,2026-03-30 15:00:00.000000,2026-03-30 15:08:30.849834021,24474.09,24820.53632627453,CE,24400.0,ITM,7.520000000000437,8.132893378718801,0.6128933787183648,1,50,376.0000000000218,30.64466893591824,-9.35533106408176,8.15017790848842,True,TARGET_ACHIEVED,7.1045571861577255,MACD re-optimized,0.5,-0.05,0.2,0.02,0.5156495498741105,-0.04647351775229807,0.21109686943075803,0.022935805541092886,0.01564954987411049,0.003526482247701933,0.011096869430758022,0.0029358055410928854,77.23713893926696,24411.655000000002,1036717.0,953941.0,0.0013104460098698478,0.0009307802659873701,40,3.1999999999999997,30.080000000001746,9.400000000000546
CCI_EXTREME_LOSING,RE-OPTIMIZED,2026-03-30 15:00:00.000000,2026-03-30 15:00:00.000000,2026-03-30 15:10:03.826326574,24474.09,24461.3010753962,CE,24400.0,ITM,7.520000000000437,8.079007685937004,0.5590076859365674,1,50,376.0000000000218,27.950384296828368,-12.049615703171632,7.433612844900731,True,TARGET_ACHIEVED,10.774154357969866,CCI re-optimized,0.5,-0.05,0.2,0.02,0.49568345189156787,-0.04273649087681488,0.19439815480874342,0.02232187948530032,-0.004316548108432128,0.007263509123185123,-0.005601845191256588,0.0023218794853003197,77.23713893926696,24411.655000000002,1036717.0,953941.0,0.0013104460098698478,0.0009307802659873701,40,3.1999999999999997,30.080000000001746,9.400000000000546
MOMENTUM_REVERSAL_LOSING,RE-OPTIMIZED,2026-03-30 15:00:00.000000,2026-03-30 15:00:00.000000,2026-03-30 15:06:32.016038513,24474.09,24564.338571844313,CE,24400.0,ITM,7.520000000000437,8.087495375352951,0.5674953753525145,1,50,376.0000000000218,28.374768767625724,-11.625231232374276,7.546481055219169,True,TARGET_ACHIEVED,11.46782413083726,Momentum re-optimized,0.5,-0.05,0.2,0.02,0.45573636413576085,-0.054563931554159555,0.19721875113592802,0.01976800401953075,-0.04426363586423915,-0.004563931554159552,-0.0027812488640719946,-0.00023199598046924966,77.23713893926696,24411.655000000002,1036717.0,953941.0,0.0013104460098698478,0.0009307802659873701,40,3.1999999999999997,30.080000000001746,9.400000000000546
BOLLINGER_SQUEEZE_LOSING,RE-OPTIMIZED,2026-03-30 15:00:00.000000,2026-03-30 15:00:00.000000,2026-03-30 15:08:27.750597047,24474.09,24311.28455611644,CE,24400.0,ITM,7.520000000000437,8.214790493075254,0.6947904930748177,1,50,376.0000000000218,34.73952465374089,-5.260475346259113,9.2392352802497,True,TARGET_ACHIEVED,8.301456585071515,Bollinger re-optimized,0.5,-0.05,0.2,0.02,0.5437184010367666,-0.0420763334141782,0.21316291860329642,0.020274426723890373,0.04371840103676661,0.007923666585821804,0.013162918603296409,0.0002744267238903725,77.23713893926696,24411.655000000002,1036717.0,953941.0,0.0013104460098698478,0.0009307802659873701,40,3.1999999999999997,30.080000000001746,9.400000000000546
MULTI_TIMEFRAME_LOSING,FROZEN,2026-03-30 15:15:00.000000,2026-03-30 15:15:00.000000,2026-03-30 15:20:53.650748704,24482.05,24222.01798769306,CE,24500.0,ATM,42.47999999999956,41.577362003963174,-0.9026379960363897,1,50,2123.999999999978,-45.131899801819486,-85.13189980181949,-2.124854039633708,False,STOP_LOSS,11.889891065937093,Multi-timeframe frozen,0.5,-0.05,0.2,0.02,0.4996552420162878,-0.057775387474112753,0.21107184304520643,0.022459391893055167,-0.0003447579837121961,-0.007775387474112751,0.01107184304520642,0.0024593918930551663,48.137159533073984,24485.897999999997,747261.0,917160.6,0.0001442080648665911,0.003260347887533916,40,3.1999999999999997,169.91999999999825,53.099999999999454
AI_ENHANCED_LOSING,FROZEN,2026-03-30 15:15:00.000000,2026-03-30 15:15:00.000000,2026-03-30 15:21:14.970794030,24482.05,24565.96191477934,CE,24500.0,ATM,42.47999999999956,46.337268033310764,3.8572680333112004,1,50,2123.999999999978,192.86340166556002,152.86340166556002,9.080197818529284,True,TARGET_ACHIEVED,7.820664317757856,AI enhanced frozen,0.5,-0.05,0.2,0.02,0.5423786139320551,-0.044027932364442246,0.20072571126415617,0.02435634027804418,0.04237861393205511,0.005972067635557757,0.0007257112641561592,0.004356340278044178,48.137159533073984,24485.897999999997,747261.0,917160.6,0.0001442080648665911,0.003260347887533916,40,3.1999999999999997,169.91999999999825,53.099999999999454
TREND_FOLLOWING_OPTIMIZED,FROZEN,2026-03-30 15:15:00.000000,2026-03-30 15:15:00.000000,2026-03-30 15:22:44.178923056,24482.05,24181.10058821509,CE,24500.0,ATM,42.47999999999956,41.6721907147027,-0.8078092852968624,1,50,2123.999999999978,-40.39046426484312,-80.39046426484312,-1.9016226113391494,False,STOP_LOSS,8.832212718705852,Trend frozen,0.5,-0.05,0.2,0.02,0.5398064188659848,-0.0550191142570064,0.19575509902071295,0.016228284910156973,0.039806418865984794,-0.0050191142570064,-0.004244900979287064,-0.0037717150898430273,48.137159533073984,24485.897999999997,747261.0,917160.6,0.0001442080648665911,0.003260347887533916,40,3.1999999999999997,169.91999999999825,53.099999999999454
MULTI_TIMEFRAME_LOSING,FROZEN,2026-03-31 09:15:00.000000,2026-03-31 09:15:00.000000,2026-03-31 09:23:27.703816682,22644.45,23059.626245894175,PE,23800.0,OTM,307.52000000000044,335.5795346294016,28.059534629401185,1,50,15376.000000000022,1402.9767314700593,1362.9767314700593,9.124458451288094,True,TARGET_ACHIEVED,11.869328077576764,Multi-timeframe frozen,0.5,-0.05,0.2,0.02,0.5287344324660258,-0.042757798719098135,0.21835610705773434,0.02248055876369029,0.028734432466025805,0.007242201280901868,0.018356107057734328,0.002480558763690289,10.374076906789796,24449.972,806804.0,903848.0,-0.08347074522984421,0.003890578044509899,40,3.1999999999999997,1230.0800000000017,384.40000000000055
AI_ENHANCED_LOSING,FROZEN,2026-03-31 09:15:00.000000,2026-03-31 09:15:00.000000,2026-03-31 09:26:33.692111045,22644.45,22372.67959874905,PE,23800.0,OTM,307.52000000000044,338.10000097891924,30.580000978918804,1,50,15376.000000000022,1529.0000489459403,1489.0000489459403,9.944068996786799,True,TARGET_ACHIEVED,5.856153713135889,AI enhanced frozen,0.5,-0.05,0.2,0.02,0.49147795763286645,-0.04236948136446595,0.21313673823245455,0.022479309973173267,-0.008522042367133553,0.007630518635534052,0.013136738232454537,0.0024793099731732667,10.374076906789796,24449.972,806804.0,903848.0,-0.08347074522984421,0.003890578044509899,40,3.1999999999999997,1230.0800000000017,384.40000000000055
RSI_DIVERGENCE_LOSING,FROZEN,2026-03-31 09:15:00.000000,2026-03-31 09:15:00.000000,2026-03-31 09:26:43.943631515,22644.45,22922.9340242932,PE,23800.0,OTM,307.52000000000044,339.3317522182973,31.811752218296874,1,50,15376.000000000022,1590.5876109148437,1550.5876109148437,10.344612453920664,True,TARGET_ACHIEVED,5.249913702766603,RSI frozen,0.5,-0.05,0.2,0.02,0.4740462969750491,-0.04921087788097379,0.1858884107451696,0.019078523328101726,-0.025953703024950925,0.0007891221190262157,-0.014111589254830414,-0.0009214766718982741,10.374076906789796,24449.972,806804.0,903848.0,-0.08347074522984421,0.003890578044509899,40,3.1999999999999997,1230.0800000000017,384.40000000000055
STOCHASTIC_OVERSOLD_LOSING,FROZEN,2026-03-31 09:15:00.000000,2026-03-31 09:15:00.000000,2026-03-31 09:20:58.578382563,22644.45,22793.317426174046,PE,23800.0,OTM,307.52000000000044,334.6034416583577,27.083441658357287,1,50,15376.000000000022,1354.1720829178644,1314.1720829178644,8.80705048723896,True,TARGET_ACHIEVED,9.614540835856957,Stochastic frozen,0.5,-0.05,0.2,0.02,0.47086653007947527,-0.050666907583268236,0.21200386526284734,0.022645698295533156,-0.029133469920524735,-0.0006669075832682336,0.01200386526284733,0.0026456982955331554,10.374076906789796,24449.972,806804.0,903848.0,-0.08347074522984421,0.003890578044509899,40,3.1999999999999997,1230.0800000000017,384.40000000000055
TREND_FOLLOWING_OPTIMIZED,FROZEN,2026-03-31 09:15:00.000000,2026-03-31 09:15:00.000000,2026-03-31 09:23:37.299519160,22644.45,22810.890420740227,PE,23800.0,OTM,307.52000000000044,333.2250541854179,25.705054185417453,1,50,15376.000000000022,1285.2527092708726,1245.2527092708726,8.358823551449472,True,TARGET_ACHIEVED,7.301649830826249,Trend frozen,0.5,-0.05,0.2,0.02,0.5100534842060847,-0.05288727607906427,0.19348312504027623,0.023427417430204628,0.01005348420608465,-0.00288727607906427,-0.0065168749597237785,0.0034274174302046274,10.374076906789796,24449.972,806804.0,903848.0,-0.08347074522984421,0.003890578044509899,40,3.1999999999999997,1230.0800000000017,384.40000000000055
STRONG_MOMENTUM_LOSING,FROZEN,2026-03-31 09:15:00.000000,2026-03-31 09:15:00.000000,2026-03-31 09:21:48.988863949,22644.45,22712.578705440854,PE,23800.0,OTM,307.52000000000044,341.45349041486816,33.93349041486772,1,50,15376.000000000022,1696.674520743386,1656.674520743386,11.03456374052669,True,TARGET_ACHIEVED,11.194923211887051,Strong momentum frozen,0.5,-0.05,0.2,0.02,0.5110620763464244,-0.0485981339200989,0.19514914669392955,0.01566284072433949,0.011062076346424421,0.0014018660799011012,-0.004850853306070463,-0.004337159275660512,10.374076906789796,24449.972,806804.0,903848.0,-0.08347074522984421,0.003890578044509899,40,3.1999999999999997,1230.0800000000017,384.40000000000055
MACD_DIVERGENCE_LOSING,RE-OPTIMIZED,2026-03-31 09:15:00.000000,2026-03-31 09:15:00.000000,2026-03-31 09:24:08.711965004,22644.45,22776.375621462255,PE,23800.0,OTM,307.52000000000044,341.0429982848233,33.52299828482285,1,50,15376.000000000022,1676.1499142411424,1636.1499142411424,10.901079046833637,True,TARGET_ACHIEVED,9.363790882540986,MACD re-optimized,0.5,-0.05,0.2,0.02,0.5083062062854418,-0.04973098035663082,0.21975336356653355,0.02334222410430629,0.008306206285441764,0.00026901964336917966,0.01975336356653354,0.0033422241043062906,10.374076906789796,24449.972,806804.0,903848.0,-0.08347074522984421,0.003890578044509899,40,3.1999999999999997,1230.0800000000017,384.40000000000055
CCI_EXTREME_LOSING,RE-OPTIMIZED,2026-03-31 09:15:00.000000,2026-03-31 09:15:00.000000,2026-03-31 09:22:18.287821786,22644.45,22360.13495726288,PE,23800.0,OTM,307.52000000000044,336.8971462848277,29.37714628482729,1,50,15376.000000000022,1468.8573142413645,1428.8573142413645,9.55292217898909,True,TARGET_ACHIEVED,8.883986946468932,CCI re-optimized,0.5,-0.05,0.2,0.02,0.4638780855296429,-0.059010564455480176,0.18835151714222412,0.01913576298686765,-0.03612191447035712,-0.009010564455480173,-0.011648482857775894,-0.0008642370131323497,10.374076906789796,24449.972,806804.0,903848.0,-0.08347074522984421,0.003890578044509899,40,3.1999999999999997,1230.0800000000017,384.40000000000055
MOMENTUM_REVERSAL_LOSING,RE-OPTIMIZED,2026-03-31 09:15:00.000000,2026-03-31 09:15:00.000000,2026-03-31 09:20:36.163636451,22644.45,22458.291345593174,PE,23800.0,OTM,307.52000000000044,337.13823716787556,29.618237167875122,1,50,15376.000000000022,1480.9118583937561,1440.9118583937561,9.6313206191061,True,TARGET_ACHIEVED,8.10305447210622,Momentum re-optimized,0.5,-0.05,0.2,0.02,0.487453615805322,-0.04532275890921509,0.21952536256430594,0.0171429083502669,-0.012546384194678017,0.004677241090784913,0.019525362564305926,-0.0028570916497330998,10.374076906789796,24449.972,806804.0,903848.0,-0.08347074522984421,0.003890578044509899,40,3.1999999999999997,1230.0800000000017,384.40000000000055
BOLLINGER_SQUEEZE_LOSING,RE-OPTIMIZED,2026-03-31 09:15:00.000000,2026-03-31 09:15:00.000000,2026-03-31 09:24:43.271881811,22644.45,22678.718587395557,PE,23800.0,OTM,307.52000000000044,334.70096785965666,27.18096785965622,1,50,15376.000000000022,1359.048392982811,1319.048392982811,8.83876426237519,True,TARGET_ACHIEVED,6.362285859745825,Bollinger re-optimized,0.5,-0.05,0.2,0.02,0.5463987054642394,-0.05593235779219602,0.20831259667385607,0.015293116498077188,0.04639870546423941,-0.005932357792196016,0.00831259667385606,-0.004706883501922813,10.374076906789796,24449.972,806804.0,903848.0,-0.08347074522984421,0.003890578044509899,40,3.1999999999999997,1230.0800000000017,384.40000000000055
BREAKOUT_REVERSAL_LOSING,RE-OPTIMIZED,2026-03-31 09:15:00.000000,2026-03-31 09:15:00.000000,2026-03-31 09:20:26.838583359,22644.45,22577.218479727388,PE,23800.0,OTM,307.52000000000044,340.07577961540255,32.555779615402116,1,50,15376.000000000022,1627.7889807701058,1587.7889807701058,10.586556846839903,True,TARGET_ACHIEVED,9.878756212911295,Breakout re-optimized,0.5,-0.05,0.2,0.02,0.4539948383635398,-0.04876501647789111,0.20528015256537335,0.023056612265364013,-0.04600516163646018,0.0012349835221088928,0.005280152565373342,0.0030566122653640122,10.374076906789796,24449.972,806804.0,903848.0,-0.08347074522984421,0.003890578044509899,40,3.1999999999999997,1230.0800000000017,384.40000000000055
MULTI_TIMEFRAME_LOSING,FROZEN,2026-03-31 09:30:00.000000,2026-03-31 09:30:00.000000,2026-03-31 09:38:35.401451189,22750.97,22947.109491136187,CE,23800.0,OTM,307.52000000000044,335.1777445777444,27.657744577743983,1,50,15376.000000000022,1382.8872288871992,1342.8872288871992,8.993803517736715,True,TARGET_ACHIEVED,8.949551075797324,Multi-timeframe frozen,0.5,-0.05,0.2,0.02,0.4581697227290936,-0.04600023445738606,0.19050076868527288,0.0173334969324546,-0.04183027727090638,0.003999765542613942,-0.00949923131472713,-0.0026665030675454005,80.55498563807845,23077.624499999998,1419157.0,1059226.85,0.00035703528801378503,0.006144353405590937,40,3.1999999999999997,1230.0800000000017,384.40000000000055
AI_ENHANCED_LOSING,FROZEN,2026-03-31 09:30:00.000000,2026-03-31 09:30:00.000000,2026-03-31 09:39:46.020398712,22750.97,22516.227527824864,CE,23800.0,OTM,307.52000000000044,335.46962936649146,27.949629366491024,1,50,15376.000000000022,1397.4814683245513,1357.4814683245513,9.088719226876622,True,TARGET_ACHIEVED,9.234441087654936,AI enhanced frozen,0.5,-0.05,0.2,0.02,0.48741797527606634,-0.040444405791552646,0.19921763845128324,0.021967225944397126,-0.01258202472393366,0.009555594208447357,-0.0007823615487167757,0.001967225944397126,80.55498563807845,23077.624499999998,1419157.0,1059226.85,0.00035703528801378503,0.006144353405590937,40,3.1999999999999997,1230.0800000000017,384.40000000000055
RSI_DIVERGENCE_LOSING,FROZEN,2026-03-31 09:30:00.000000,2026-03-31 09:30:00.000000,2026-03-31 09:38:18.748210458,22750.97,22883.213425042628,CE,23800.0,OTM,307.52000000000044,337.01915421860747,29.499154218607032,1,50,15376.000000000022,1474.9577109303516,1434.9577109303516,9.59259697535347,True,TARGET_ACHIEVED,6.040265352806578,RSI frozen,0.5,-0.05,0.2,0.02,0.4957958950160397,-0.046933425569906644,0.19441862682722932,0.015117919140506971,-0.004204104983960288,0.0030665744300933592,-0.005581373172770687,-0.004882080859493029,80.55498563807845,23077.624499999998,1419157.0,1059226.85,0.00035703528801378503,0.006144353405590937,40,3.1999999999999997,1230.0800000000017,384.40000000000055
STOCHASTIC_OVERSOLD_LOSING,FROZEN,2026-03-31 09:30:00.000000,2026-03-31 09:30:00.000000,2026-03-31 09:41:10.209847031,22750.97,23186.425597410624,CE,23800.0,OTM,307.52000000000044,341.74912274716166,34.22912274716123,1,50,15376.000000000022,1711.4561373580614,1671.4561373580614,11.130698083754286,True,TARGET_ACHIEVED,6.923016494041178,Stochastic frozen,0.5,-0.05,0.2,0.02,0.518693852641221,-0.041807474655077975,0.20511921398000105,0.02115448984950406,0.01869385264122103,0.008192525344922028,0.005119213980001036,0.001154489849504059,80.55498563807845,23077.624499999998,1419157.0,1059226.85,0.00035703528801378503,0.006144353405590937,40,3.1999999999999997,1230.0800000000017,384.40000000000055
TREND_FOLLOWING_OPTIMIZED,FROZEN,2026-03-31 09:30:00.000000,2026-03-31 09:30:00.000000,2026-03-31 09:36:05.241896487,22750.97,22904.429867873525,CE,23800.0,OTM,307.52000000000044,338.04859954331505,30.528599543314613,1,50,15376.000000000022,1526.4299771657306,1486.4299771657306,9.927354169912386,True,TARGET_ACHIEVED,6.375094609103755,Trend frozen,0.5,-0.05,0.2,0.02,0.49869865556270465,-0.046998198275050126,0.19247608717844,0.01841416117532778,-0.0013013444372953487,0.0030018017249498763,-0.007523912821560008,-0.001585838824672222,80.55498563807845,23077.624499999998,1419157.0,1059226.85,0.00035703528801378503,0.006144353405590937,40,3.1999999999999997,1230.0800000000017,384.40000000000055
VOLUME_SPIKE_LOSING,FROZEN,2026-03-31 09:30:00.000000,2026-03-31 09:30:00.000000,2026-03-31 09:35:48.795559375,22750.97,22393.909871171138,CE,23800.0,OTM,307.52000000000044,332.9454835742176,25.42548357421714,1,50,15376.000000000022,1271.274178710857,1231.274178710857,8.26791219244833,True,TARGET_ACHIEVED,5.237625074717505,Volume frozen,0.5,-0.05,0.2,0.02,0.4991878108505004,-0.04509898013225276,0.18757904358694205,0.016175963092945857,-0.0008121891494995981,0.004901019867747242,-0.01242095641305796,-0.003824036907054143,80.55498563807845,23077.624499999998,1419157.0,1059226.85,0.00035703528801378503,0.006144353405590937,40,3.1999999999999997,1230.0800000000017,384.40000000000055
HIGH_VOLUME_LOSING,FROZEN,2026-03-31 09:30:00.000000,2026-03-31 09:30:00.000000,2026-03-31 09:39:56.572210915,22750.97,22931.707563271168,CE,23800.0,OTM,307.52000000000044,337.78549333655667,30.265493336556233,1,50,15376.000000000022,1513.2746668278116,1473.2746668278116,9.841796740555472,True,TARGET_ACHIEVED,10.661566019268275,High volume frozen,0.5,-0.05,0.2,0.02,0.5499026172410567,-0.04405151938231661,0.180805168151592,0.0180343582623303,0.04990261724105671,0.00594848061768339,-0.019194831848408006,-0.0019656417376697002,80.55498563807845,23077.624499999998,1419157.0,1059226.85,0.00035703528801378503,0.006144353405590937,40,3.1999999999999997,1230.0800000000017,384.40000000000055
WILLIAMS_REVERSAL_LOSING,RE-OPTIMIZED,2026-03-31 09:30:00.000000,2026-03-31 09:30:00.000000,2026-03-31 09:41:51.048218480,22750.97,22364.49496258995,CE,23800.0,OTM,307.52000000000044,334.3295451283459,26.809545128345462,1,50,15376.000000000022,1340.477256417273,1300.477256417273,8.717984237885478,True,TARGET_ACHIEVED,11.049583268129247,Williams re-optimized,0.5,-0.05,0.2,0.02,0.45349154086354937,-0.04781888408991004,0.18120340178606748,0.015237503883918844,-0.04650845913645063,0.002181115910089966,-0.018796598213932536,-0.004762496116081157,80.55498563807845,23077.624499999998,1419157.0,1059226.85,0.00035703528801378503,0.006144353405590937,40,3.1999999999999997,1230.0800000000017,384.40000000000055
DAY_HIGH_LOW_OPTIMIZED,RE-OPTIMIZED,2026-03-31 09:30:00.000000,2026-03-31 09:30:00.000000,2026-03-31 09:35:00.545264611,22750.97,22558.44865891338,CE,23800.0,OTM,307.52000000000044,331.1425435525999,23.62254355259944,1,50,15376.000000000022,1181.1271776299718,1141.1271776299718,7.6816283664800356,True,TARGET_ACHIEVED,11.572330131865968,Day high-low re-optimized,0.5,-0.05,0.2,0.02,0.5295334225582434,-0.041828654666239654,0.21403169948432707,0.018309172643602625,0.029533422558243427,0.00817134533376035,0.01403169948432706,-0.0016908273563973758,80.55498563807845,23077.624499999998,1419157.0,1059226.85,0.00035703528801378503,0.006144353405590937,40,3.1999999999999997,1230.0800000000017,384.40000000000055
BOLLINGER_SQUEEZE_LOSING,RE-OPTIMIZED,2026-03-31 09:30:00.000000,2026-03-31 09:30:00.000000,2026-03-31 09:36:18.121201556,22750.97,22379.67237041311,CE,23800.0,OTM,307.52000000000044,329.6719963086541,22.15199630865368,1,50,15376.000000000022,1107.599815432684,1067.599815432684,7.203432722637112,True,TARGET_ACHIEVED,9.649816299004925,Bollinger re-optimized,0.5,-0.05,0.2,0.02,0.48576646235462867,-0.04751204111788758,0.2090386082878637,0.01845696940476646,-0.01423353764537133,0.0024879588821124232,0.009038608287863681,-0.0015430305952335403,80.55498563807845,23077.624499999998,1419157.0,1059226.85,0.00035703528801378503,0.006144353405590937,40,3.1999999999999997,1230.0800000000017,384.40000000000055
BREAKOUT_REVERSAL_LOSING,RE-OPTIMIZED,2026-03-31 09:30:00.000000,2026-03-31 09:30:00.000000,2026-03-31 09:40:09.142838245,22750.97,22652.582911809823,CE,23800.0,OTM,307.52000000000044,336.99904218651136,29.479042186510924,1,50,15376.000000000022,1473.9521093255462,1433.9521093255462,9.586056902481427,True,TARGET_ACHIEVED,9.24645804604276,Breakout re-optimized,0.5,-0.05,0.2,0.02,0.4970435647734192,-0.047264427502972786,0.21550236842347453,0.01957704504731326,-0.002956435226580789,0.0027355724970272166,0.015502368423474522,-0.0004229549526867417,80.55498563807845,23077.624499999998,1419157.0,1059226.85,0.00035703528801378503,0.006144353405590937,40,3.1999999999999997,1230.0800000000017,384.40000000000055
MULTI_TIMEFRAME_LOSING,FROZEN,2026-03-31 09:45:00.000000,2026-03-31 09:45:00.000000,2026-03-31 09:52:07.104102449,22886.92,22605.616101094227,CE,23800.0,OTM,307.52000000000044,341.1572721776099,33.637272177609475,1,50,15376.000000000022,1681.8636088804737,1641.8636088804737,10.938238871491098,True,TARGET_ACHIEVED,10.199870473447763,Multi-timeframe frozen,0.5,-0.05,0.2,0.02,0.5474941272799124,-0.05555068777889971,0.19190023210274748,0.017441145286547277,0.047494127279912424,-0.005550687778899707,-0.00809976789725253,-0.0025588547134527233,77.20282700571738,22794.612,833089.0,1053467.7,0.0018082248624571307,0.003906161248433508,40,3.1999999999999997,1230.0800000000017,384.40000000000055
AI_ENHANCED_LOSING,FROZEN,2026-03-31 09:45:00.000000,2026-03-31 09:45:00.000000,2026-03-31 09:54:13.186756861,22886.92,22760.937909001575,CE,23800.0,OTM,307.52000000000044,334.2152973349006,26.695297334900147,1,50,15376.000000000022,1334.7648667450073,1294.7648667450073,8.680832900266685,True,TARGET_ACHIEVED,10.159318504549066,AI enhanced frozen,0.5,-0.05,0.2,0.02,0.4957969731160263,-0.05688202978785033,0.20884329676030797,0.02308260325169983,-0.004203026883973726,-0.0068820297878503245,0.008843296760307956,0.003082603251699831,77.20282700571738,22794.612,833089.0,1053467.7,0.0018082248624571307,0.003906161248433508,40,3.1999999999999997,1230.0800000000017,384.40000000000055
RSI_DIVERGENCE_LOSING,FROZEN,2026-03-31 09:45:00.000000,2026-03-31 09:45:00.000000,2026-03-31 09:56:11.295667835,22886.92,23154.613080564708,CE,23800.0,OTM,307.52000000000044,330.5143269305327,22.99432693053228,1,50,15376.000000000022,1149.716346526614,1109.716346526614,7.477343564819279,True,TARGET_ACHIEVED,6.265906639443546,RSI frozen,0.5,-0.05,0.2,0.02,0.4513773083405572,-0.04851474520630904,0.18275496319880505,0.022174940908232403,-0.048622691659442774,0.0014852547936909655,-0.017245036801194963,0.0021749409082324027,77.20282700571738,22794.612,833089.0,1053467.7,0.0018082248624571307,0.003906161248433508,40,3.1999999999999997,1230.0800000000017,384.40000000000055
STOCHASTIC_OVERSOLD_LOSING,FROZEN,2026-03-31 09:45:00.000000,2026-03-31 09:45:00.000000,2026-03-31 09:52:28.386810658,22886.92,22541.245169363687,CE,23800.0,OTM,307.52000000000044,303.06631433712516,-4.453685662875273,1,50,15376.000000000022,-222.68428314376365,-262.68428314376365,-1.4482588653990853,False,STOP_LOSS,6.85742850749991,Stochastic frozen,0.5,-0.05,0.2,0.02,0.47965895532726893,-0.04417379730182329,0.1936611401385452,0.02164647735458089,-0.020341044672731068,0.0058262026981767134,-0.006338859861454799,0.0016464773545808893,77.20282700571738,22794.612,833089.0,1053467.7,0.0018082248624571307,0.003906161248433508,40,3.1999999999999997,1230.0800000000017,384.40000000000055
TREND_FOLLOWING_OPTIMIZED,FROZEN,2026-03-31 09:45:00.000000,2026-03-31 09:45:00.000000,2026-03-31 09:55:02.070586673,22886.92,22986.017556649647,CE,23800.0,OTM,307.52000000000044,304.05679840554535,-3.463201594455086,1,50,15376.000000000022,-173.1600797227543,-213.1600797227543,-1.1261711740553724,False,STOP_LOSS,8.072472228101914,Trend frozen,0.5,-0.05,0.2,0.02,0.45163001472054615,-0.051420215384320525,0.18805726529866137,0.022898692880165078,-0.04836998527945385,-0.0014202153843205223,-0.011942734701338636,0.0028986928801650776,77.20282700571738,22794.612,833089.0,1053467.7,0.0018082248624571307,0.003906161248433508,40,3.1999999999999997,1230.0800000000017,384.40000000000055
STRONG_MOMENTUM_LOSING,FROZEN,2026-03-31 09:45:00.000000,2026-03-31 09:45:00.000000,2026-03-31 09:52:24.620265219,22886.92,22530.47758628672,CE,23800.0,OTM,307.52000000000044,338.8485907749916,31.32859077499114,1,50,15376.000000000022,1566.4295387495572,1526.4295387495572,10.187497000192215,True,TARGET_ACHIEVED,8.668016059290174,Strong momentum frozen,0.5,-0.05,0.2,0.02,0.45461543343258876,-0.046117801884778285,0.2010554349846282,0.018139376880887598,-0.045384566567411244,0.0038821981152217175,0.0010554349846281785,-0.0018606231191124027,77.20282700571738,22794.612,833089.0,1053467.7,0.0018082248624571307,0.003906161248433508,40,3.1999999999999997,1230.0800000000017,384.40000000000055
MACD_DIVERGENCE_LOSING,RE-OPTIMIZED,2026-03-31 09:45:00.000000,2026-03-31 09:45:00.000000,2026-03-31 09:55:11.410284187,22886.92,22481.002616882877,CE,23800.0,OTM,307.52000000000044,333.87250347221243,26.352503472211993,1,50,15376.000000000022,1317.6251736105996,1277.6251736105996,8.569362471452898,True,TARGET_ACHIEVED,7.615928089587977,MACD re-optimized,0.5,-0.05,0.2,0.02,0.5311391882655705,-0.0533902016920974,0.18627242211886996,0.021860919543751123,0.031139188265570494,-0.0033902016920973957,-0.013727577881130049,0.001860919543751123,77.20282700571738,22794.612,833089.0,1053467.7,0.0018082248624571307,0.003906161248433508,40,3.1999999999999997,1230.0800000000017,384.40000000000055
CCI_EXTREME_LOSING,RE-OPTIMIZED,2026-03-31 09:45:00.000000,2026-03-31 09:45:00.000000,2026-03-31 09:53:36.465422246,22886.92,22534.102065815,CE,23800.0,OTM,307.52000000000044,335.1450773426977,27.62507734269724,1,50,15376.000000000022,1381.253867134862,1341.253867134862,8.983180717578435,True,TARGET_ACHIEVED,7.0198533138863315,CCI re-optimized,0.5,-0.05,0.2,0.02,0.5269544968402259,-0.051299425632743756,0.19869169270480672,0.02381485195551279,0.026954496840225883,-0.0012994256327437531,-0.001308307295193295,0.003814851955512788,77.20282700571738,22794.612,833089.0,1053467.7,0.0018082248624571307,0.003906161248433508,40,3.1999999999999997,1230.0800000000017,384.40000000000055
MOMENTUM_REVERSAL_LOSING,RE-OPTIMIZED,2026-03-31 09:45:00.000000,2026-03-31 09:45:00.000000,2026-03-31 09:56:28.028010162,22886.92,22816.546898656597,CE,23800.0,OTM,307.52000000000044,341.67074935895613,34.15074935895569,1,50,15376.000000000022,1707.5374679477845,1667.5374679477845,11.105212460638542,True,TARGET_ACHIEVED,8.781654130081895,Momentum re-optimized,0.5,-0.05,0.2,0.02,0.461511574546443,-0.04539136528230397,0.2011482464759351,0.01821442552179898,-0.03848842545355702,0.004608634717696035,0.0011482464759350886,-0.001785574478201022,77.20282700571738,22794.612,833089.0,1053467.7,0.0018082248624571307,0.003906161248433508,40,3.1999999999999997,1230.0800000000017,384.40000000000055
BOLLINGER_SQUEEZE_LOSING,RE-OPTIMIZED,2026-03-31 09:45:00.000000,2026-03-31 09:45:00.000000,2026-03-31 09:52:06.732076401,22886.92,23097.766353739422,CE,23800.0,OTM,307.52000000000044,336.2593643132105,28.739364313210046,1,50,15376.000000000022,1436.9682156605022,1396.9682156605022,9.345526896855489,True,TARGET_ACHIEVED,11.136718400726998,Bollinger re-optimized,0.5,-0.05,0.2,0.02,0.5263307283095483,-0.04046514529482357,0.21933617656722287,0.02016167958010385,0.0263307283095483,0.009534854705176433,0.019336176567222862,0.00016167958010384828,77.20282700571738,22794.612,833089.0,1053467.7,0.0018082248624571307,0.003906161248433508,40,3.1999999999999997,1230.0800000000017,384.40000000000055
BREAKOUT_REVERSAL_LOSING,RE-OPTIMIZED,2026-03-31 09:45:00.000000,2026-03-31 09:45:00.000000,2026-03-31 09:54:48.030693976,22886.92,22477.118288956517,CE,23800.0,OTM,307.52000000000044,329.7865379711383,22.266537971137836,1,50,15376.000000000022,1113.3268985568918,1073.3268985568918,7.240679621207663,True,TARGET_ACHIEVED,7.447143296394797,Breakout re-optimized,0.5,-0.05,0.2,0.02,0.48823020187926974,-0.0577041610648153,0.21399424289140953,0.023259359051721006,-0.011769798120730257,-0.0077041610648153,0.01399424289140952,0.003259359051721006,77.20282700571738,22794.612,833089.0,1053467.7,0.0018082248624571307,0.003906161248433508,40,3.1999999999999997,1230.0800000000017,384.40000000000055
MULTI_TIMEFRAME_LOSING,FROZEN,2026-03-31 10:00:00.000000,2026-03-31 10:00:00.000000,2026-03-31 10:11:04.602574949,22908.38,22793.69931542455,PE,23800.0,OTM,307.52000000000044,337.2989133866789,29.778913386678482,1,50,15376.000000000022,1488.9456693339241,1448.9456693339241,9.683569649674311,True,TARGET_ACHIEVED,10.266016879284045,Multi-timeframe frozen,0.5,-0.05,0.2,0.02,0.5463330052050798,-0.052968952709594355,0.20625328191224584,0.02014001641460559,0.04633300520507977,-0.0029689527095943524,0.006253281912245834,0.0001400164146055892,51.461922666817166,22883.6465,1325676.0,1070048.65,-0.0004188850849856651,0.005676961880324984,40,3.1999999999999997,1230.0800000000017,384.40000000000055
AI_ENHANCED_LOSING,FROZEN,2026-03-31 10:00:00.000000,2026-03-31 10:00:00.000000,2026-03-31 10:06:43.655919766,22908.38,22507.214374173403,PE,23800.0,OTM,307.52000000000044,339.48123243885084,31.961232438850402,1,50,15376.000000000022,1598.06162194252,1558.06162194252,10.393220746244262,True,TARGET_ACHIEVED,8.068846572468612,AI enhanced frozen,0.5,-0.05,0.2,0.02,0.5197544863718204,-0.05317148926166801,0.21394129127033637,0.016436633452025354,0.019754486371820423,-0.0031714892616680063,0.013941291270336359,-0.0035633665479746467,51.461922666817166,22883.6465,1325676.0,1070048.65,-0.0004188850849856651,0.005676961880324984,40,3.1999999999999997,1230.0800000000017,384.40000000000055
TREND_FOLLOWING_OPTIMIZED,FROZEN,2026-03-31 10:00:00.000000,2026-03-31 10:00:00.000000,2026-03-31 10:08:59.063837613,22908.38,23308.30080770252,PE,23800.0,OTM,307.52000000000044,338.27357099535686,30.753570995356426,1,50,15376.000000000022,1537.6785497678213,1497.6785497678213,10.000510859572184,True,TARGET_ACHIEVED,7.405809740897338,Trend frozen,0.5,-0.05,0.2,0.02,0.45557583973908233,-0.04504710356582598,0.19273505433737295,0.02223109041759813,-0.04442416026091767,0.004952896434174021,-0.007264945662627059,0.0022310904175981312,51.461922666817166,22883.6465,1325676.0,1070048.65,-0.0004188850849856651,0.005676961880324984,40,3.1999999999999997,1230.0800000000017,384.40000000000055
VOLUME_SPIKE_LOSING,FROZEN,2026-03-31 10:00:00.000000,2026-03-31 10:00:00.000000,2026-03-31 10:05:58.599470911,22908.38,22937.39230594486,PE,23800.0,OTM,307.52000000000044,303.2813134233028,-4.23868657669766,1,50,15376.000000000022,-211.934328834883,-251.934328834883,-1.3783450106326918,False,STOP_LOSS,8.793286746048384,Volume frozen,0.5,-0.05,0.2,0.02,0.4821740205301181,-0.04618130950248457,0.20321556923360004,0.016352570794924047,-0.017825979469881903,0.003818690497515431,0.0032155692336000297,-0.0036474292050759534,51.461922666817166,22883.6465,1325676.0,1070048.65,-0.0004188850849856651,0.005676961880324984,40,3.1999999999999997,1230.0800000000017,384.40000000000055
HIGH_VOLUME_LOSING,FROZEN,2026-03-31 10:00:00.000000,2026-03-31 10:00:00.000000,2026-03-31 10:07:42.564442190,22908.38,22452.57971069712,PE,23800.0,OTM,307.52000000000044,302.99314039890055,-4.526859601099886,1,50,15376.000000000022,-226.3429800549943,-266.3429800549943,-1.4720537204409079,False,STOP_LOSS,6.706628942314157,High volume frozen,0.5,-0.05,0.2,0.02,0.549744250125532,-0.058555223791291765,0.2164877908326559,0.01873980588204765,0.049744250125531964,-0.008555223791291762,0.01648779083265589,-0.001260194117952352,51.461922666817166,22883.6465,1325676.0,1070048.65,-0.0004188850849856651,0.005676961880324984,40,3.1999999999999997,1230.0800000000017,384.40000000000055
WILLIAMS_REVERSAL_LOSING,RE-OPTIMIZED,2026-03-31 10:00:00.000000,2026-03-31 10:00:00.000000,2026-03-31 10:09:39.197913293,22908.38,22668.46771692257,PE,23800.0,OTM,307.52000000000044,340.9089709745026,33.38897097450217,1,50,15376.000000000022,1669.4485487251086,1629.4485487251086,10.857495764341222,True,TARGET_ACHIEVED,8.549775908754759,Williams re-optimized,0.5,-0.05,0.2,0.02,0.4884531235363104,-0.04296322679549064,0.2139737382378428,0.02009224921737128,-0.011546876463689626,0.007036773204509364,0.013973738237842787,9.224921737127981e-05,51.461922666817166,22883.6465,1325676.0,1070048.65,-0.0004188850849856651,0.005676961880324984,40,3.1999999999999997,1230.0800000000017,384.40000000000055
DAY_HIGH_LOW_OPTIMIZED,RE-OPTIMIZED,2026-03-31 10:00:00.000000,2026-03-31 10:00:00.000000,2026-03-31 10:05:47.413039653,22908.38,22616.7406570193,PE,23800.0,OTM,307.52000000000044,335.02916731790145,27.509167317901017,1,50,15376.000000000022,1375.458365895051,1335.458365895051,8.94548885207498,True,TARGET_ACHIEVED,9.920757348809012,Day high-low re-optimized,0.5,-0.05,0.2,0.02,0.4991742859502136,-0.05886386540199944,0.18160498679838216,0.020861882410125685,-0.0008257140497863746,-0.00886386540199944,-0.01839501320161785,0.0008618824101256847,51.461922666817166,22883.6465,1325676.0,1070048.65,-0.0004188850849856651,0.005676961880324984,40,3.1999999999999997,1230.0800000000017,384.40000000000055
MULTI_TIMEFRAME_LOSING,FROZEN,2026-03-31 10:15:00.000000,2026-03-31 10:15:00.000000,2026-03-31 10:23:50.735080330,22958.67,22620.472034551694,CE,23800.0,OTM,307.52000000000044,302.5713928565086,-4.948607143491813,1,50,15376.000000000022,-247.43035717459065,-287.43035717459065,-1.6091984727795934,False,STOP_LOSS,6.590902727954281,Multi-timeframe frozen,0.5,-0.05,0.2,0.02,0.47409361273504025,-0.05529607531341135,0.19569156895563827,0.02125268023067376,-0.02590638726495975,-0.00529607531341135,-0.004308431044361738,0.0012526802306737604,70.06163780451959,22906.4235,1189362.0,959561.05,0.0015932187861957825,0.002191329027334829,40,3.1999999999999997,1230.0800000000017,384.40000000000055
AI_ENHANCED_LOSING,FROZEN,2026-03-31 10:15:00.000000,2026-03-31 10:15:00.000000,2026-03-31 10:25:42.175084434,22958.67,23336.72515814984,CE,23800.0,OTM,307.52000000000044,340.75274137933366,33.23274137933322,1,50,15376.000000000022,1661.637068966661,1621.637068966661,10.80669269619315,True,TARGET_ACHIEVED,11.842320332253298,AI enhanced frozen,0.5,-0.05,0.2,0.02,0.5303374749265231,-0.0439926176181723,0.214842553722846,0.022862581794309528,0.030337474926523056,0.0060073823818277,0.014842553722845986,0.0028625817943095273,70.06163780451959,22906.4235,1189362.0,959561.05,0.0015932187861957825,0.002191329027334829,40,3.1999999999999997,1230.0800000000017,384.40000000000055
RSI_DIVERGENCE_LOSING,FROZEN,2026-03-31 10:15:00.000000,2026-03-31 10:15:00.000000,2026-03-31 10:22:47.544549557,22958.67,23246.82638343565,CE,23800.0,OTM,307.52000000000044,335.174320855524,27.654320855523565,1,50,15376.000000000022,1382.7160427761783,1342.7160427761783,8.992690184548493,True,TARGET_ACHIEVED,11.427475356792856,RSI frozen,0.5,-0.05,0.2,0.02,0.459298913590069,-0.059371540508479925,0.19923927241323214,0.018396081719796366,-0.040701086409930975,-0.009371540508479922,-0.0007607275867678731,-0.001603918280203634,70.06163780451959,22906.4235,1189362.0,959561.05,0.0015932187861957825,0.002191329027334829,40,3.1999999999999997,1230.0800000000017,384.40000000000055
STOCHASTIC_OVERSOLD_LOSING,FROZEN,2026-03-31 10:15:00.000000,2026-03-31 10:15:00.000000,2026-03-31 10:25:41.907127599,22958.67,22602.818199265977,CE,23800.0,OTM,307.52000000000044,340.0713429099856,32.55134290998518,1,50,15376.000000000022,1627.567145499259,1587.567145499259,10.58511410964657,True,TARGET_ACHIEVED,6.595154341800287,Stochastic frozen,0.5,-0.05,0.2,0.02,0.4851047932904563,-0.05228005380448682,0.21767840629809668,0.01679769814492492,-0.014895206709543696,-0.0022800538044868146,0.017678406298096666,-0.0032023018550750813,70.06163780451959,22906.4235,1189362.0,959561.05,0.0015932187861957825,0.002191329027334829,40,3.1999999999999997,1230.0800000000017,384.40000000000055
TREND_FOLLOWING_OPTIMIZED,FROZEN,2026-03-31 10:15:00.000000,2026-03-31 10:15:00.000000,2026-03-31 10:25:40.937322564,22958.67,23255.30177043053,CE,23800.0,OTM,307.52000000000044,304.43709264942413,-3.0829073505763063,1,50,15376.000000000022,-154.1453675288153,-194.1453675288153,-1.0025062924610761,False,STOP_LOSS,11.37767314136999,Trend frozen,0.5,-0.05,0.2,0.02,0.5462067228093382,-0.049623736383880596,0.19038719375422067,0.024740395862095373,0.04620672280933824,0.0003762636161194072,-0.009612806245779343,0.004740395862095372,70.06163780451959,22906.4235,1189362.0,959561.05,0.0015932187861957825,0.002191329027334829,40,3.1999999999999997,1230.0800000000017,384.40000000000055
VOLUME_SPIKE_LOSING,FROZEN,2026-03-31 10:15:00.000000,2026-03-31 10:15:00.000000,2026-03-31 10:24:05.696471322,22958.67,22735.410573678077,CE,23800.0,OTM,307.52000000000044,332.3855065718981,24.86550657189764,1,50,15376.000000000022,1243.275328594882,1203.275328594882,8.085817693775235,True,TARGET_ACHIEVED,10.291000872018206,Volume frozen,0.5,-0.05,0.2,0.02,0.48476862278275085,-0.04405521482317,0.21313390338403357,0.017646430123380782,-0.015231377217249153,0.005944785176830003,0.013133903384033557,-0.002353569876619218,70.06163780451959,22906.4235,1189362.0,959561.05,0.0015932187861957825,0.002191329027334829,40,3.1999999999999997,1230.0800000000017,384.40000000000055
HIGH_VOLUME_LOSING,FROZEN,2026-03-31 10:15:00.000000,2026-03-31 10:15:00.000000,2026-03-31 10:26:40.979544091,22958.67,23364.004099025555,CE,23800.0,OTM,307.52000000000044,333.3491305032805,25.829130503280055,1,50,15376.000000000022,1291.4565251640029,1251.4565251640029,8.399170949297613,True,TARGET_ACHIEVED,10.042452359041672,High volume frozen,0.5,-0.05,0.2,0.02,0.5268401862473506,-0.04510056174241208,0.18331084879265858,0.02089998916118033,0.026840186247350628,0.004899438257587922,-0.016689151207341435,0.0008999891611803298,70.06163780451959,22906.4235,1189362.0,959561.05,0.0015932187861957825,0.002191329027334829,40,3.1999999999999997,1230.0800000000017,384.40000000000055
STRONG_MOMENTUM_LOSING,FROZEN,2026-03-31 10:15:00.000000,2026-03-31 10:15:00.000000,2026-03-31 10:24:56.029168153,22958.67,23193.19797077391,CE,23800.0,OTM,307.52000000000044,329.86084221121087,22.34084221121043,1,50,15376.000000000022,1117.0421105605215,1077.0421105605215,7.264842030180279,True,TARGET_ACHIEVED,7.839410446751415,Strong momentum frozen,0.5,-0.05,0.2,0.02,0.49098999035685603,-0.048039965139205665,0.2019708074756715,0.02044190890715162,-0.009010009643143968,0.001960034860794338,0.0019708074756714933,0.000441908907151619,70.06163780451959,22906.4235,1189362.0,959561.05,0.0015932187861957825,0.002191329027334829,40,3.1999999999999997,1230.0800000000017,384.40000000000055
MACD_DIVERGENCE_LOSING,RE-OPTIMIZED,2026-03-31 10:15:00.000000,2026-03-31 10:15:00.000000,2026-03-31 10:24:07.751316877,22958.67,23366.953666931666,CE,23800.0,OTM,307.52000000000044,331.516304293396,23.996304293395553,1,50,15376.000000000022,1199.8152146697776,1159.8152146697776,7.8031686698086355,True,TARGET_ACHIEVED,9.203367286160677,MACD re-optimized,0.5,-0.05,0.2,0.02,0.46908890703516565,-0.05452353510850825,0.1826264701728005,0.01846546734854894,-0.030911092964834352,-0.004523535108508246,-0.017373529827199502,-0.0015345326514510614,70.06163780451959,22906.4235,1189362.0,959561.05,0.0015932187861957825,0.002191329027334829,40,3.1999999999999997,1230.0800000000017,384.40000000000055
CCI_EXTREME_LOSING,RE-OPTIMIZED,2026-03-31 10:15:00.000000,2026-03-31 10:15:00.000000,2026-03-31 10:25:07.111503329,22958.67,23092.35184037717,CE,23800.0,OTM,307.52000000000044,339.3052953456494,31.78529534564899,1,50,15376.000000000022,1589.2647672824496,1549.2647672824496,10.336009152461287,True,TARGET_ACHIEVED,5.566754317318682,CCI re-optimized,0.5,-0.05,0.2,0.02,0.4796322691156428,-0.05684710564872826,0.1825259676021113,0.023603384742253774,-0.020367730884357227,-0.006847105648728258,-0.017474032397888722,0.0036033847422537735,70.06163780451959,22906.4235,1189362.0,959561.05,0.0015932187861957825,0.002191329027334829,40,3.1999999999999997,1230.0800000000017,384.40000000000055
MOMENTUM_REVERSAL_LOSING,RE-OPTIMIZED,2026-03-31 10:15:00.000000,2026-03-31 10:15:00.000000,2026-03-31 10:25:10.263124342,22958.67,22685.754020808858,CE,23800.0,OTM,307.52000000000044,340.39727569581004,32.8772756958096,1,50,15376.000000000022,1643.8637847904802,1603.8637847904802,10.691101618044211,True,TARGET_ACHIEVED,10.494887577059384,Momentum re-optimized,0.5,-0.05,0.2,0.02,0.5461165226854803,-0.05661317741375568,0.21991180153206494,0.024758453806872083,0.04611652268548028,-0.00661317741375568,0.019911801532064927,0.004758453806872082,70.06163780451959,22906.4235,1189362.0,959561.05,0.0015932187861957825,0.002191329027334829,40,3.1999999999999997,1230.0800000000017,384.40000000000055
BOLLINGER_SQUEEZE_LOSING,RE-OPTIMIZED,2026-03-31 10:15:00.000000,2026-03-31 10:15:00.000000,2026-03-31 10:22:36.030069418,22958.67,22714.576530555518,CE,23800.0,OTM,307.52000000000044,337.01903136358254,29.499031363582105,1,50,15376.000000000022,1474.9515681791054,1434.9515681791054,9.592557025098227,True,TARGET_ACHIEVED,11.541235979334646,Bollinger re-optimized,0.5,-0.05,0.2,0.02,0.4625674650255935,-0.05186952335287469,0.19273649420708217,0.019404242238624483,-0.03743253497440652,-0.0018695233528746857,-0.007263505792917846,-0.000595757761375517,70.06163780451959,22906.4235,1189362.0,959561.05,0.0015932187861957825,0.002191329027334829,40,3.1999999999999997,1230.0800000000017,384.40000000000055
MULTI_TIMEFRAME_LOSING,FROZEN,2026-03-31 10:30:00.000000,2026-03-31 10:30:00.000000,2026-03-31 10:39:08.970494870,22977.92,22658.716229077156,PE,23800.0,OTM,307.52000000000044,329.864228078053,22.344228078052538,1,50,15376.000000000022,1117.211403902627,1077.211403902627,7.265943053477011,True,TARGET_ACHIEVED,9.042426694268002,Multi-timeframe frozen,0.5,-0.05,0.2,0.02,0.45201250238731144,-0.04902757108823194,0.21231892691661736,0.01640631194673809,-0.04798749761268856,0.0009724289117680612,0.012318926916617345,-0.00359368805326191,53.22375204706654,22964.0345,845981.0,909899.6,-0.0008487901262054232,0.0028005145809541746,40,3.1999999999999997,1230.0800000000017,384.40000000000055
AI_ENHANCED_LOSING,FROZEN,2026-03-31 10:30:00.000000,2026-03-31 10:30:00.000000,2026-03-31 10:38:54.723936086,22977.92,22935.96374273686,PE,23800.0,OTM,307.52000000000044,338.72436533050086,31.204365330500423,1,50,15376.000000000022,1560.2182665250211,1520.2182665250211,10.147101109033683,True,TARGET_ACHIEVED,5.275122182435631,AI enhanced frozen,0.5,-0.05,0.2,0.02,0.4846658781863561,-0.04542470724822094,0.19245141372646515,0.023685043239605783,-0.015334121813643908,0.004575292751779064,-0.0075485862735348574,0.003685043239605782,53.22375204706654,22964.0345,845981.0,909899.6,-0.0008487901262054232,0.0028005145809541746,40,3.1999999999999997,1230.0800000000017,384.40000000000055
TREND_FOLLOWING_OPTIMIZED,FROZEN,2026-03-31 10:30:00.000000,2026-03-31 10:30:00.000000,2026-03-31 10:39:19.522450915,22977.92,23191.362456550814,PE,23800.0,OTM,307.52000000000044,331.0252682192878,23.50526821928736,1,50,15376.000000000022,1175.263410964368,1135.263410964368,7.643492527083548,True,TARGET_ACHIEVED,7.092386110632553,Trend frozen,0.5,-0.05,0.2,0.02,0.45655748460959844,-0.057436469316356785,0.19959274513126382,0.020405564179763677,-0.04344251539040156,-0.007436469316356782,-0.0004072548687361899,0.0004055641797636768,53.22375204706654,22964.0345,845981.0,909899.6,-0.0008487901262054232,0.0028005145809541746,40,3.1999999999999997,1230.0800000000017,384.40000000000055
MACD_DIVERGENCE_LOSING,RE-OPTIMIZED,2026-03-31 10:30:00.000000,2026-03-31 10:30:00.000000,2026-03-31 10:35:18.536194370,22977.92,22972.02362158992,PE,23800.0,OTM,307.52000000000044,337.21689247413985,29.696892474139418,1,50,15376.000000000022,1484.8446237069709,1444.8446237069709,9.656897916928777,True,TARGET_ACHIEVED,10.411823282602072,MACD re-optimized,0.5,-0.05,0.2,0.02,0.512638018406326,-0.0478577660744197,0.21809310579986363,0.022292118516107243,0.012638018406325946,0.0021422339255803002,0.018093105799863618,0.002292118516107243,53.22375204706654,22964.0345,845981.0,909899.6,-0.0008487901262054232,0.0028005145809541746,40,3.1999999999999997,1230.0800000000017,384.40000000000055
CCI_EXTREME_LOSING,RE-OPTIMIZED,2026-03-31 10:30:00.000000,2026-03-31 10:30:00.000000,2026-03-31 10:41:59.558200483,22977.92,22999.566604011085,PE,23800.0,OTM,307.52000000000044,340.12753480222943,32.607534802229,1,50,15376.000000000022,1630.3767401114499,1590.3767401114499,10.603386707280487,True,TARGET_ACHIEVED,9.051782124945095,CCI re-optimized,0.5,-0.05,0.2,0.02,0.5457539482755313,-0.045897355356485106,0.18017521672051995,0.023768861865185145,0.04575394827553125,0.004102644643514897,-0.019824783279480063,0.003768861865185144,53.22375204706654,22964.0345,845981.0,909899.6,-0.0008487901262054232,0.0028005145809541746,40,3.1999999999999997,1230.0800000000017,384.40000000000055
MOMENTUM_REVERSAL_LOSING,RE-OPTIMIZED,2026-03-31 10:30:00.000000,2026-03-31 10:30:00.000000,2026-03-31 10:38:30.547919613,22977.92,23072.244048858778,PE,23800.0,OTM,307.52000000000044,336.73313246796755,29.213132467967114,1,50,15376.000000000022,1460.6566233983558,1420.6566233983558,9.49958782126921,True,TARGET_ACHIEVED,6.79610136049017,Momentum re-optimized,0.5,-0.05,0.2,0.02,0.506041319507272,-0.04036581559078229,0.2199942038393676,0.018353204569937234,0.006041319507272047,0.009634184409217712,0.01999420383936759,-0.0016467954300627662,53.22375204706654,22964.0345,845981.0,909899.6,-0.0008487901262054232,0.0028005145809541746,40,3.1999999999999997,1230.0800000000017,384.40000000000055
MULTI_TIMEFRAME_LOSING,FROZEN,2026-03-31 10:45:00.000000,2026-03-31 10:45:00.000000,2026-03-31 10:54:33.369642184,23222.09,23179.03685079648,CE,23800.0,OTM,307.52000000000044,334.40934520460746,26.889345204607025,1,50,15376.000000000022,1344.4672602303513,1304.4672602303513,8.743933794422148,True,TARGET_ACHIEVED,6.98679662266548,Multi-timeframe frozen,0.5,-0.05,0.2,0.02,0.4855442124859361,-0.04043008331647406,0.1875033553600794,0.020774048642545086,-0.0144557875140639,0.009569916683525942,-0.012496644639920618,0.000774048642545086,88.90282131661331,23076.77,483349.0,933191.6,0.0010293897675726082,0.006129939208744714,40,3.1999999999999997,1230.0800000000017,384.40000000000055
AI_ENHANCED_LOSING,FROZEN,2026-03-31 10:45:00.000000,2026-03-31 10:45:00.000000,2026-03-31 10:55:37.242119958,23222.09,23649.34706474691,CE,23800.0,OTM,307.52000000000044,336.9827078184103,29.462707818409854,1,50,15376.000000000022,1473.1353909204927,1433.1353909204927,9.580745258327852,True,TARGET_ACHIEVED,7.088558194903945,AI enhanced frozen,0.5,-0.05,0.2,0.02,0.47608782128467086,-0.0448224104570032,0.1837053781240908,0.02411021943941067,-0.023912178715329135,0.005177589542996804,-0.016294621875909215,0.004110219439410669,88.90282131661331,23076.77,483349.0,933191.6,0.0010293897675726082,0.006129939208744714,40,3.1999999999999997,1230.0800000000017,384.40000000000055
RSI_DIVERGENCE_LOSING,FROZEN,2026-03-31 10:45:00.000000,2026-03-31 10:45:00.000000,2026-03-31 10:52:31.720382245,23222.09,23280.49778382266,CE,23800.0,OTM,307.52000000000044,333.5978065570058,26.077806557005374,1,50,15376.000000000022,1303.8903278502687,1263.8903278502687,8.480035951159385,True,TARGET_ACHIEVED,6.6234552640789754,RSI frozen,0.5,-0.05,0.2,0.02,0.47115403421172586,-0.045874146739413035,0.2127044528059773,0.022542708509884265,-0.02884596578827414,0.0041258532605869674,0.01270445280597729,0.0025427085098842644,88.90282131661331,23076.77,483349.0,933191.6,0.0010293897675726082,0.006129939208744714,40,3.1999999999999997,1230.0800000000017,384.40000000000055
STOCHASTIC_OVERSOLD_LOSING,FROZEN,2026-03-31 10:45:00.000000,2026-03-31 10:45:00.000000,2026-03-31 10:52:16.510055603,23222.09,23152.14605724106,CE,23800.0,OTM,307.52000000000044,330.2667883341074,22.746788334106952,1,50,15376.000000000022,1137.3394167053475,1097.3394167053475,7.396848443713227,True,TARGET_ACHIEVED,5.451541165079785,Stochastic frozen,0.5,-0.05,0.2,0.02,0.468187648902234,-0.04031606742476592,0.19196222639960336,0.022228179533839657,-0.03181235109776598,0.009683932575234082,-0.008037773600396647,0.0022281795338396568,88.90282131661331,23076.77,483349.0,933191.6,0.0010293897675726082,0.006129939208744714,40,3.1999999999999997,1230.0800000000017,384.40000000000055
TREND_FOLLOWING_OPTIMIZED,FROZEN,2026-03-31 10:45:00.000000,2026-03-31 10:45:00.000000,2026-03-31 10:52:46.253945555,23222.09,23550.3876095472,CE,23800.0,OTM,307.52000000000044,340.9393981874998,33.41939818749938,1,50,15376.000000000022,1670.9699093749691,1630.9699093749691,10.86739014942096,True,TARGET_ACHIEVED,6.107804773346663,Trend frozen,0.5,-0.05,0.2,0.02,0.49725024805223184,-0.04437745807800254,0.21515068557367295,0.016320627879431556,-0.0027497519477681642,0.005622541921997466,0.01515068557367294,-0.0036793721205684443,88.90282131661331,23076.77,483349.0,933191.6,0.0010293897675726082,0.006129939208744714,40,3.1999999999999997,1230.0800000000017,384.40000000000055
STRONG_MOMENTUM_LOSING,FROZEN,2026-03-31 10:45:00.000000,2026-03-31 10:45:00.000000,2026-03-31 10:53:44.021755206,23222.09,23168.19265673167,CE,23800.0,OTM,307.52000000000044,330.2865906475115,22.766590647511066,1,50,15376.000000000022,1138.3295323755533,1098.3295323755533,7.403287801609988,True,TARGET_ACHIEVED,9.871997417156056,Strong momentum frozen,0.5,-0.05,0.2,0.02,0.46779802703843326,-0.04121014383365338,0.21491583160960828,0.015714245179198654,-0.03220197296156674,0.008789856166346623,0.014915831609608271,-0.004285754820801346,88.90282131661331,23076.77,483349.0,933191.6,0.0010293897675726082,0.006129939208744714,40,3.1999999999999997,1230.0800000000017,384.40000000000055
MACD_DIVERGENCE_LOSING,RE-OPTIMIZED,2026-03-31 10:45:00.000000,2026-03-31 10:45:00.000000,2026-03-31 10:50:32.237721477,23222.09,22877.85814517824,CE,23800.0,OTM,307.52000000000044,339.2592161782131,31.739216178212644,1,50,15376.000000000022,1586.9608089106323,1546.9608089106323,10.32102503193698,True,TARGET_ACHIEVED,11.645927662131744,MACD re-optimized,0.5,-0.05,0.2,0.02,0.4726513728840231,-0.04381041066073032,0.18858432396689537,0.017713255034515183,-0.02734862711597691,0.006189589339269684,-0.011415676033104644,-0.0022867449654848174,88.90282131661331,23076.77,483349.0,933191.6,0.0010293897675726082,0.006129939208744714,40,3.1999999999999997,1230.0800000000017,384.40000000000055
WILLIAMS_REVERSAL_LOSING,RE-OPTIMIZED,2026-03-31 10:45:00.000000,2026-03-31 10:45:00.000000,2026-03-31 10:54:11.172619979,23222.09,23088.04533343721,CE,23800.0,OTM,307.52000000000044,331.31988067242844,23.799880672428003,1,50,15376.000000000022,1189.9940336214001,1149.9940336214001,7.7392952238644535,True,TARGET_ACHIEVED,10.153914570874104,Williams re-optimized,0.5,-0.05,0.2,0.02,0.5185440708961997,-0.056878595378275304,0.1981845068502689,0.02468177044186338,0.018544070896199694,-0.006878595378275301,-0.0018154931497311178,0.004681770441863381,88.90282131661331,23076.77,483349.0,933191.6,0.0010293897675726082,0.006129939208744714,40,3.1999999999999997,1230.0800000000017,384.40000000000055
CCI_EXTREME_LOSING,RE-OPTIMIZED,2026-03-31 10:45:00.000000,2026-03-31 10:45:00.000000,2026-03-31 10:53:01.668030439,23222.09,22978.461950944893,CE,23800.0,OTM,307.52000000000044,341.38015067774774,33.8601506777473,1,50,15376.000000000022,1693.0075338873648,1653.0075338873648,11.01071497065142,True,TARGET_ACHIEVED,11.900184343880857,CCI re-optimized,0.5,-0.05,0.2,0.02,0.49897000268483904,-0.04321808874854433,0.18378556934923496,0.018948122215768092,-0.0010299973151609576,0.00678191125145567,-0.016214430650765055,-0.0010518777842319083,88.90282131661331,23076.77,483349.0,933191.6,0.0010293897675726082,0.006129939208744714,40,3.1999999999999997,1230.0800000000017,384.40000000000055
MOMENTUM_REVERSAL_LOSING,RE-OPTIMIZED,2026-03-31 10:45:00.000000,2026-03-31 10:45:00.000000,2026-03-31 10:55:41.818393703,23222.09,23631.869362342415,CE,23800.0,OTM,307.52000000000044,337.6194616783455,30.09946167834505,1,50,15376.000000000022,1504.9730839172526,1464.9730839172526,9.787806216943617,True,TARGET_ACHIEVED,5.09324828494535,Momentum re-optimized,0.5,-0.05,0.2,0.02,0.5422216392711892,-0.059350223205487856,0.20232743664168507,0.020828159404779112,0.04222163927118916,-0.009350223205487854,0.0023274366416850545,0.0008281594047791115,88.90282131661331,23076.77,483349.0,933191.6,0.0010293897675726082,0.006129939208744714,40,3.1999999999999997,1230.0800000000017,384.40000000000055
DAY_HIGH_LOW_OPTIMIZED,RE-OPTIMIZED,2026-03-31 10:45:00.000000,2026-03-31 10:45:00.000000,2026-03-31 10:52:04.744385313,23222.09,22953.382807294667,CE,23800.0,OTM,307.52000000000044,333.0330160327267,25.513016032726284,1,50,15376.000000000022,1275.650801636314,1235.650801636314,8.296376181297555,True,TARGET_ACHIEVED,7.13058876751254,Day high-low re-optimized,0.5,-0.05,0.2,0.02,0.473950334624649,-0.04590589640664094,0.20343237779201853,0.020670896602403524,-0.026049665375351028,0.004094103593359065,0.0034323777920185206,0.0006708966024035236,88.90282131661331,23076.77,483349.0,933191.6,0.0010293897675726082,0.006129939208744714,40,3.1999999999999997,1230.0800000000017,384.40000000000055
BOLLINGER_SQUEEZE_LOSING,RE-OPTIMIZED,2026-03-31 10:45:00.000000,2026-03-31 10:45:00.000000,2026-03-31 10:54:22.585854307,23222.09,23568.214478368718,CE,23800.0,OTM,307.52000000000044,335.96409621746466,28.44409621746422,1,50,15376.000000000022,1422.204810873211,1382.204810873211,9.249510996834086,True,TARGET_ACHIEVED,9.51172690447288,Bollinger re-optimized,0.5,-0.05,0.2,0.02,0.5218670358813825,-0.04887448529322454,0.21361664412122489,0.015243342741902699,0.0218670358813825,0.0011255147067754656,0.013616644121224875,-0.004756657258097301,88.90282131661331,23076.77,483349.0,933191.6,0.0010293897675726082,0.006129939208744714,40,3.1999999999999997,1230.0800000000017,384.40000000000055
BREAKOUT_REVERSAL_LOSING,RE-OPTIMIZED,2026-03-31 10:45:00.000000,2026-03-31 10:45:00.000000,2026-03-31 10:53:36.421534362,23222.09,23314.021100337533,CE,23800.0,OTM,307.52000000000044,334.0486900645997,26.52869006459929,1,50,15376.000000000022,1326.4345032299643,1286.4345032299643,8.626655197905583,True,TARGET_ACHIEVED,11.118717052126282,Breakout re-optimized,0.5,-0.05,0.2,0.02,0.4950786493132911,-0.051572004820667136,0.21346311308641389,0.021531972817607055,-0.004921350686708903,-0.0015720048206671333,0.013463113086413875,0.0015319728176070545,88.90282131661331,23076.77,483349.0,933191.6,0.0010293897675726082,0.006129939208744714,40,3.1999999999999997,1230.0800000000017,384.40000000000055
MULTI_TIMEFRAME_LOSING,FROZEN,2026-03-31 11:00:00.000000,2026-03-31 11:00:00.000000,2026-03-31 11:05:38.149703480,23204.53,23169.990360696655,CE,23800.0,OTM,307.52000000000044,331.09196445503864,23.5719644550382,1,50,15376.000000000022,1178.5982227519098,1138.5982227519098,7.665180949218965,True,TARGET_ACHIEVED,7.713093535657277,Multi-timeframe frozen,0.5,-0.05,0.2,0.02,0.4956620623352878,-0.055013064188339046,0.18720182568767374,0.016421386147753597,-0.004337937664712188,-0.005013064188339043,-0.012798174312326271,-0.0035786138522464032,50.50493049780192,23214.7665,926355.0,986182.15,0.0013666849927025382,0.0047197680797672024,40,3.1999999999999997,1230.0800000000017,384.40000000000055
AI_ENHANCED_LOSING,FROZEN,2026-03-31 11:00:00.000000,2026-03-31 11:00:00.000000,2026-03-31 11:10:41.299294896,23204.53,23300.13599338942,CE,23800.0,OTM,307.52000000000044,338.927866540505,31.407866540504585,1,50,15376.000000000022,1570.3933270252292,1530.3933270252292,10.21327606025772,True,TARGET_ACHIEVED,9.355385359357262,AI enhanced frozen,0.5,-0.05,0.2,0.02,0.5038753950518383,-0.04092107616315016,0.21230135485754023,0.01659720048174248,0.003875395051838315,0.009078923836849842,0.01230135485754022,-0.0034027995182575217,50.50493049780192,23214.7665,926355.0,986182.15,0.0013666849927025382,0.0047197680797672024,40,3.1999999999999997,1230.0800000000017,384.40000000000055
TREND_FOLLOWING_OPTIMIZED,FROZEN,2026-03-31 11:00:00.000000,2026-03-31 11:00:00.000000,2026-03-31 11:07:16.034284132,23204.53,22790.15694283669,CE,23800.0,OTM,307.52000000000044,329.67636112704537,22.15636112704493,1,50,15376.000000000022,1107.8180563522465,1067.8180563522465,7.204852083456327,True,TARGET_ACHIEVED,7.660496118371441,Trend frozen,0.5,-0.05,0.2,0.02,0.4926980471058882,-0.047297083494634955,0.19048013997518168,0.024016243172832727,-0.007301952894111785,0.002702916505365048,-0.009519860024818333,0.0040162431728327265,50.50493049780192,23214.7665,926355.0,986182.15,0.0013666849927025382,0.0047197680797672024,40,3.1999999999999997,1230.0800000000017,384.40000000000055
STRONG_MOMENTUM_LOSING,FROZEN,2026-03-31 11:00:00.000000,2026-03-31 11:00:00.000000,2026-03-31 11:07:39.094414076,23204.53,23004.46741807946,CE,23800.0,OTM,307.52000000000044,337.7434805340001,30.22348053399969,1,50,15376.000000000022,1511.1740266999846,1471.1740266999846,9.828134929110186,True,TARGET_ACHIEVED,9.963481735396403,Strong momentum frozen,0.5,-0.05,0.2,0.02,0.47000450870155835,-0.04354552463229851,0.2195801349321032,0.01705239574070469,-0.029995491298441646,0.0064544753677014954,0.0195801349321032,-0.0029476042592953104,50.50493049780192,23214.7665,926355.0,986182.15,0.0013666849927025382,0.0047197680797672024,40,3.1999999999999997,1230.0800000000017,384.40000000000055
MACD_DIVERGENCE_LOSING,RE-OPTIMIZED,2026-03-31 11:00:00.000000,2026-03-31 11:00:00.000000,2026-03-31 11:05:23.525564078,23204.53,23198.498319086288,CE,23800.0,OTM,307.52000000000044,340.66073598753144,33.140735987531,1,50,15376.000000000022,1657.03679937655,1617.03679937655,10.776774189493675,True,TARGET_ACHIEVED,8.11134767825945,MACD re-optimized,0.5,-0.05,0.2,0.02,0.46938686157044357,-0.04446033184176052,0.19589994402359612,0.0152607752171663,-0.03061313842955643,0.005539668158239482,-0.0041000559764038935,-0.004739224782833701,50.50493049780192,23214.7665,926355.0,986182.15,0.0013666849927025382,0.0047197680797672024,40,3.1999999999999997,1230.0800000000017,384.40000000000055
CCI_EXTREME_LOSING,RE-OPTIMIZED,2026-03-31 11:00:00.000000,2026-03-31 11:00:00.000000,2026-03-31 11:09:25.945033146,23204.53,23457.990109068225,CE,23800.0,OTM,307.52000000000044,301.85310041329484,-5.666899586705597,1,50,15376.000000000022,-283.34497933527985,-323.34497933527985,-1.8427743192981232,False,STOP_LOSS,9.277781635820407,CCI re-optimized,0.5,-0.05,0.2,0.02,0.464492856608566,-0.04542153393119819,0.19831782266172046,0.017593407665489228,-0.035507143391434015,0.004578466068801815,-0.0016821773382795502,-0.0024065923345107723,50.50493049780192,23214.7665,926355.0,986182.15,0.0013666849927025382,0.0047197680797672024,40,3.1999999999999997,1230.0800000000017,384.40000000000055
MOMENTUM_REVERSAL_LOSING,RE-OPTIMIZED,2026-03-31 11:00:00.000000,2026-03-31 11:00:00.000000,2026-03-31 11:11:28.639321211,23204.53,22945.909571874054,CE,23800.0,OTM,307.52000000000044,334.703901561279,27.18390156127856,1,50,15376.000000000022,1359.1950780639281,1319.1950780639281,8.839718249635316,True,TARGET_ACHIEVED,11.059830362483547,Momentum re-optimized,0.5,-0.05,0.2,0.02,0.546891873782454,-0.055791617212775375,0.1811957214206213,0.0168782099417775,0.04689187378245396,-0.005791617212775373,-0.01880427857937872,-0.003121790058222499,50.50493049780192,23214.7665,926355.0,986182.15,0.0013666849927025382,0.0047197680797672024,40,3.1999999999999997,1230.0800000000017,384.40000000000055
MULTI_TIMEFRAME_LOSING,FROZEN,2026-03-31 11:15:00.000000,2026-03-31 11:15:00.000000,2026-03-31 11:25:47.353088826,23204.03,23323.339022408694,CE,23800.0,OTM,307.52000000000044,329.9932891082777,22.473289108277243,1,50,15376.000000000022,1123.664455413862,1083.664455413862,7.307911390568811,True,TARGET_ACHIEVED,10.236477276487735,Multi-timeframe frozen,0.5,-0.05,0.2,0.02,0.4668838318299857,-0.04425637079497353,0.1992983168290557,0.015868492757342485,-0.03311616817001428,0.005743629205026475,-0.0007016831709443228,-0.004131507242657515,57.3013444092241,23172.088,969330.0,1034603.5,0.0008026596024570676,0.0014661246343846495,40,3.1999999999999997,1230.0800000000017,384.40000000000055
AI_ENHANCED_LOSING,FROZEN,2026-03-31 11:15:00.000000,2026-03-31 11:15:00.000000,2026-03-31 11:23:31.475363745,23204.03,23275.471184214115,CE,23800.0,OTM,307.52000000000044,331.07845033692064,23.558450336920203,1,50,15376.000000000022,1177.9225168460102,1137.9225168460102,7.660786399882991,True,TARGET_ACHIEVED,10.84323393762801,AI enhanced frozen,0.5,-0.05,0.2,0.02,0.452041080490888,-0.058320858994705196,0.20687095699469862,0.0184769848727592,-0.04795891950911202,-0.008320858994705194,0.006870956994698613,-0.0015230151272408003,57.3013444092241,23172.088,969330.0,1034603.5,0.0008026596024570676,0.0014661246343846495,40,3.1999999999999997,1230.0800000000017,384.40000000000055
RSI_DIVERGENCE_LOSING,FROZEN,2026-03-31 11:15:00.000000,2026-03-31 11:15:00.000000,2026-03-31 11:25:32.968338018,23204.03,23433.642509763893,CE,23800.0,OTM,307.52000000000044,336.3703065291319,28.850306529131444,1,50,15376.000000000022,1442.5153264565722,1402.5153264565722,9.381603319826809,True,TARGET_ACHIEVED,11.519333588335613,RSI frozen,0.5,-0.05,0.2,0.02,0.5131216549412897,-0.04627922350668854,0.21687737675211838,0.02171233960936334,0.013121654941289695,0.003720776493311463,0.016877376752118367,0.0017123396093633413,57.3013444092241,23172.088,969330.0,1034603.5,0.0008026596024570676,0.0014661246343846495,40,3.1999999999999997,1230.0800000000017,384.40000000000055
TREND_FOLLOWING_OPTIMIZED,FROZEN,2026-03-31 11:15:00.000000,2026-03-31 11:15:00.000000,2026-03-31 11:25:32.209829158,23204.03,23550.19047788018,CE,23800.0,OTM,307.52000000000044,333.4557108736257,25.935710873625283,1,50,15376.000000000022,1296.7855436812642,1256.7855436812642,8.433828978155972,True,TARGET_ACHIEVED,11.31136249458071,Trend frozen,0.5,-0.05,0.2,0.02,0.5477579133478561,-0.0427524773520798,0.19749153220376606,0.01705474873457129,0.04775791334785606,0.007247522647920203,-0.002508467796233954,-0.0029452512654287097,57.3013444092241,23172.088,969330.0,1034603.5,0.0008026596024570676,0.0014661246343846495,40,3.1999999999999997,1230.0800000000017,384.40000000000055
MACD_DIVERGENCE_LOSING,RE-OPTIMIZED,2026-03-31 11:15:00.000000,2026-03-31 11:15:00.000000,2026-03-31 11:24:56.972847206,23204.03,23655.914154252154,CE,23800.0,OTM,307.52000000000044,341.7325353757025,34.21253537570209,1,50,15376.000000000022,1710.6267687851046,1670.6267687851046,11.125304167436928,True,TARGET_ACHIEVED,8.135031068479028,MACD re-optimized,0.5,-0.05,0.2,0.02,0.5456162131729865,-0.0574394894575639,0.21265229785263093,0.019051379238626084,0.045616213172986475,-0.007439489457563897,0.012652297852630917,-0.000948620761373916,57.3013444092241,23172.088,969330.0,1034603.5,0.0008026596024570676,0.0014661246343846495,40,3.1999999999999997,1230.0800000000017,384.40000000000055
CCI_EXTREME_LOSING,RE-OPTIMIZED,2026-03-31 11:15:00.000000,2026-03-31 11:15:00.000000,2026-03-31 11:20:58.775197297,23204.03,23458.107541672056,CE,23800.0,OTM,307.52000000000044,329.85209741949166,22.33209741949122,1,50,15376.000000000022,1116.604870974561,1076.604870974561,7.261998380427675,True,TARGET_ACHIEVED,11.647519393961788,CCI re-optimized,0.5,-0.05,0.2,0.02,0.49783952621380856,-0.05001754972888649,0.18190039802525607,0.021269292052138043,-0.0021604737861914414,-1.754972888648454e-05,-0.018099601974743945,0.0012692920521380421,57.3013444092241,23172.088,969330.0,1034603.5,0.0008026596024570676,0.0014661246343846495,40,3.1999999999999997,1230.0800000000017,384.40000000000055
MOMENTUM_REVERSAL_LOSING,RE-OPTIMIZED,2026-03-31 11:15:00.000000,2026-03-31 11:15:00.000000,2026-03-31 11:25:37.442977331,23204.03,22907.627759078416,CE,23800.0,OTM,307.52000000000044,334.2836425356868,26.76364253568636,1,50,15376.000000000022,1338.182126784318,1298.182126784318,8.703057536318394,True,TARGET_ACHIEVED,6.488005160544294,Momentum re-optimized,0.5,-0.05,0.2,0.02,0.4961285804520639,-0.049737450645470326,0.1865899114393011,0.023643364464225672,-0.0038714195479360725,0.00026254935452967726,-0.013410088560698918,0.0036433644642256714,57.3013444092241,23172.088,969330.0,1034603.5,0.0008026596024570676,0.0014661246343846495,40,3.1999999999999997,1230.0800000000017,384.40000000000055
MULTI_TIMEFRAME_LOSING,FROZEN,2026-03-31 11:30:00.000000,2026-03-31 11:30:00.000000,2026-03-31 11:40:30.793368694,23279.14,23049.44860711596,PE,23800.0,OTM,307.52000000000044,330.1475090052763,22.62750900527584,1,50,15376.000000000022,1131.3754502637921,1091.3754502637921,7.35806094084151,True,TARGET_ACHIEVED,11.818622492331253,Multi-timeframe frozen,0.5,-0.05,0.2,0.02,0.4854613553785592,-0.041157739141057526,0.19087551018867793,0.023101717519263137,-0.014538644621440777,0.008842260858942477,-0.009124489811322078,0.0031017175192631363,74.6650831353924,23230.853499999997,1162879.0,1057876.6,-0.0006512319961399227,0.0022848782214462686,40,3.1999999999999997,1230.0800000000017,384.40000000000055
AI_ENHANCED_LOSING,FROZEN,2026-03-31 11:30:00.000000,2026-03-31 11:30:00.000000,2026-03-31 11:35:54.250409186,23279.14,23613.093878115935,PE,23800.0,OTM,307.52000000000044,339.4683556972252,31.94835569722477,1,50,15376.000000000022,1597.4177848612385,1557.4177848612385,10.389033460335824,True,TARGET_ACHIEVED,10.926235449653749,AI enhanced frozen,0.5,-0.05,0.2,0.02,0.4580036633685765,-0.04574589739352151,0.20367817723878043,0.01970128818430717,-0.04199633663142349,0.004254102606478495,0.003678177238780417,-0.00029871181569282937,74.6650831353924,23230.853499999997,1162879.0,1057876.6,-0.0006512319961399227,0.0022848782214462686,40,3.1999999999999997,1230.0800000000017,384.40000000000055
RSI_DIVERGENCE_LOSING,FROZEN,2026-03-31 11:30:00.000000,2026-03-31 11:30:00.000000,2026-03-31 11:35:28.911092500,23279.14,23263.65909074577,PE,23800.0,OTM,307.52000000000044,302.33977554289044,-5.1802244571100005,1,50,15376.000000000022,-259.0112228555,-299.0112228555,-1.6845162776762463,False,STOP_LOSS,6.842995997734649,RSI frozen,0.5,-0.05,0.2,0.02,0.5343732136293784,-0.05606884247879463,0.2083069256608203,0.021497178869261807,0.034373213629378396,-0.006068842478794627,0.00830692566082028,0.0014971788692618067,74.6650831353924,23230.853499999997,1162879.0,1057876.6,-0.0006512319961399227,0.0022848782214462686,40,3.1999999999999997,1230.0800000000017,384.40000000000055
STOCHASTIC_OVERSOLD_LOSING,FROZEN,2026-03-31 11:30:00.000000,2026-03-31 11:30:00.000000,2026-03-31 11:37:02.978708125,23279.14,22876.370726183508,PE,23800.0,OTM,307.52000000000044,334.9318205129483,27.411820512947884,1,50,15376.000000000022,1370.5910256473942,1330.5910256473942,8.913833413419564,True,TARGET_ACHIEVED,6.488645389117491,Stochastic frozen,0.5,-0.05,0.2,0.02,0.4558087299556717,-0.054662363217249675,0.2092924316107432,0.016375124251298067,-0.044191270044328324,-0.004662363217249672,0.009292431610743196,-0.0036248757487019334,74.6650831353924,23230.853499999997,1162879.0,1057876.6,-0.0006512319961399227,0.0022848782214462686,40,3.1999999999999997,1230.0800000000017,384.40000000000055
TREND_FOLLOWING_OPTIMIZED,FROZEN,2026-03-31 11:30:00.000000,2026-03-31 11:30:00.000000,2026-03-31 11:37:33.371168302,23279.14,22997.992242263106,PE,23800.0,OTM,307.52000000000044,337.3782229648995,29.858222964899085,1,50,15376.000000000022,1492.9111482449543,1452.9111482449543,9.709359705027005,True,TARGET_ACHIEVED,10.035340967935351,Trend frozen,0.5,-0.05,0.2,0.02,0.48003157804077057,-0.055554365335283525,0.20765754189411706,0.017075853849661544,-0.019968421959229432,-0.005554365335283522,0.007657541894117048,-0.002924146150338456,74.6650831353924,23230.853499999997,1162879.0,1057876.6,-0.0006512319961399227,0.0022848782214462686,40,3.1999999999999997,1230.0800000000017,384.40000000000055
MACD_DIVERGENCE_LOSING,RE-OPTIMIZED,2026-03-31 11:30:00.000000,2026-03-31 11:30:00.000000,2026-03-31 11:39:40.430608859,23279.14,22991.093148494943,PE,23800.0,OTM,307.52000000000044,334.94184596167634,27.4218459616759,1,50,15376.000000000022,1371.092298083795,1331.092298083795,8.917093509910204,True,TARGET_ACHIEVED,6.861706652005271,MACD re-optimized,0.5,-0.05,0.2,0.02,0.4606688106089058,-0.040758009452323433,0.21544284468243136,0.02119986678602457,-0.0393311893910942,0.00924199054767657,0.015442844682431345,0.0011998667860245692,74.6650831353924,23230.853499999997,1162879.0,1057876.6,-0.0006512319961399227,0.0022848782214462686,40,3.1999999999999997,1230.0800000000017,384.40000000000055
MOMENTUM_REVERSAL_LOSING,RE-OPTIMIZED,2026-03-31 11:30:00.000000,2026-03-31 11:30:00.000000,2026-03-31 11:37:03.768525043,23279.14,22943.69817643044,PE,23800.0,OTM,307.52000000000044,341.3389167997186,33.81891679971818,1,50,15376.000000000022,1690.945839985909,1650.945839985909,10.997306451521245,True,TARGET_ACHIEVED,8.135532081269062,Momentum re-optimized,0.5,-0.05,0.2,0.02,0.4929256836663411,-0.05181252705251753,0.18916586871277297,0.019447814789458756,-0.007074316333658903,-0.0018125270525175263,-0.010834131287227045,-0.0005521852105412443,74.6650831353924,23230.853499999997,1162879.0,1057876.6,-0.0006512319961399227,0.0022848782214462686,40,3.1999999999999997,1230.0800000000017,384.40000000000055
BOLLINGER_SQUEEZE_LOSING,RE-OPTIMIZED,2026-03-31 11:30:00.000000,2026-03-31 11:30:00.000000,2026-03-31 11:38:44.068402511,23279.14,23409.913228028243,PE,23800.0,OTM,307.52000000000044,302.60723422965236,-4.912765770348074,1,50,15376.000000000022,-245.63828851740368,-285.6382885174037,-1.5975434997229663,False,STOP_LOSS,7.9223843477167835,Bollinger re-optimized,0.5,-0.05,0.2,0.02,0.5247026722167775,-0.04399331682516665,0.21896784226831448,0.023852026130468437,0.024702672216777466,0.006006683174833355,0.018967842268314467,0.003852026130468436,74.6650831353924,23230.853499999997,1162879.0,1057876.6,-0.0006512319961399227,0.0022848782214462686,40,3.1999999999999997,1230.0800000000017,384.40000000000055
MULTI_TIMEFRAME_LOSING,FROZEN,2026-03-31 11:45:00.000000,2026-03-31 11:45:00.000000,2026-03-31 11:51:37.293811520,23291.28,23021.361316227252,CE,23800.0,OTM,307.52000000000044,335.095506816006,27.575506816005543,1,50,15376.000000000022,1378.7753408002773,1338.7753408002773,8.967061269512715,True,TARGET_ACHIEVED,11.255924717784438,Multi-timeframe frozen,0.5,-0.05,0.2,0.02,0.5153144880171479,-0.046682797130676724,0.19632259516308714,0.01716347279882773,0.015314488017147854,0.0033172028693232783,-0.0036774048369128676,-0.0028365272011722717,55.55657520418373,23272.7455,1956502.0,985161.8,0.00038827879104408325,0.0023257631182141236,40,3.1999999999999997,1230.0800000000017,384.40000000000055
AI_ENHANCED_LOSING,FROZEN,2026-03-31 11:45:00.000000,2026-03-31 11:45:00.000000,2026-03-31 11:54:16.276232214,23291.28,23724.813494106093,CE,23800.0,OTM,307.52000000000044,331.21903814593185,23.69903814593141,1,50,15376.000000000022,1184.9519072965704,1144.9519072965704,7.70650303912961,True,TARGET_ACHIEVED,7.959659503757563,AI enhanced frozen,0.5,-0.05,0.2,0.02,0.4761168216872498,-0.04558713508464667,0.180537511544975,0.019235075605251093,-0.02388317831275022,0.00441286491535333,-0.019462488455025018,-0.0007649243947489073,55.55657520418373,23272.7455,1956502.0,985161.8,0.00038827879104408325,0.0023257631182141236,40,3.1999999999999997,1230.0800000000017,384.40000000000055
RSI_DIVERGENCE_LOSING,FROZEN,2026-03-31 11:45:00.000000,2026-03-31 11:45:00.000000,2026-03-31 11:54:12.692595127,23291.28,22870.61381807507,CE,23800.0,OTM,307.52000000000044,329.7601858550624,22.240185855061952,1,50,15376.000000000022,1112.0092927530977,1072.0092927530977,7.2321103847105634,True,TARGET_ACHIEVED,5.329115861285188,RSI frozen,0.5,-0.05,0.2,0.02,0.4984058771400969,-0.059129221463443085,0.21306952204448135,0.01950367918095393,-0.0015941228599031243,-0.009129221463443082,0.013069522044481335,-0.000496320819046072,55.55657520418373,23272.7455,1956502.0,985161.8,0.00038827879104408325,0.0023257631182141236,40,3.1999999999999997,1230.0800000000017,384.40000000000055
TREND_FOLLOWING_OPTIMIZED,FROZEN,2026-03-31 11:45:00.000000,2026-03-31 11:45:00.000000,2026-03-31 11:50:37.961287973,23291.28,23624.23369949044,CE,23800.0,OTM,307.52000000000044,340.3385658773762,32.81856587737576,1,50,15376.000000000022,1640.928293868788,1600.928293868788,10.672010235879199,True,TARGET_ACHIEVED,11.444680284903919,Trend frozen,0.5,-0.05,0.2,0.02,0.4654641122615288,-0.05009916251046059,0.21072283319929702,0.021128212794545933,-0.034535887738471216,-9.916251046059033e-05,0.01072283319929701,0.0011282127945459325,55.55657520418373,23272.7455,1956502.0,985161.8,0.00038827879104408325,0.0023257631182141236,40,3.1999999999999997,1230.0800000000017,384.40000000000055
VOLUME_SPIKE_LOSING,FROZEN,2026-03-31 11:45:00.000000,2026-03-31 11:45:00.000000,2026-03-31 11:55:03.318411563,23291.28,23023.44686351973,CE,23800.0,OTM,307.52000000000044,331.3545482025942,23.834548202593737,1,50,15376.000000000022,1191.7274101296869,1151.7274101296869,7.750568484194102,True,TARGET_ACHIEVED,5.803480676905522,Volume frozen,0.5,-0.05,0.2,0.02,0.5113944684936045,-0.058225692677426416,0.2190278927728215,0.017456261233408602,0.011394468493604482,-0.008225692677426413,0.019027892772821492,-0.0025437387665913982,55.55657520418373,23272.7455,1956502.0,985161.8,0.00038827879104408325,0.0023257631182141236,40,3.1999999999999997,1230.0800000000017,384.40000000000055
HIGH_VOLUME_LOSING,FROZEN,2026-03-31 11:45:00.000000,2026-03-31 11:45:00.000000,2026-03-31 11:54:45.456036547,23291.28,23710.375452600885,CE,23800.0,OTM,307.52000000000044,340.01968796307665,32.49968796307621,1,50,15376.000000000022,1624.9843981538106,1584.9843981538106,10.568316845433197,True,TARGET_ACHIEVED,7.073094981360358,High volume frozen,0.5,-0.05,0.2,0.02,0.45206837548436407,-0.05951574298502617,0.21552402094314665,0.02027853466661058,-0.04793162451563593,-0.009515742985026165,0.015524020943146644,0.00027853466661057966,55.55657520418373,23272.7455,1956502.0,985161.8,0.00038827879104408325,0.0023257631182141236,40,3.1999999999999997,1230.0800000000017,384.40000000000055
MULTI_TIMEFRAME_LOSING,FROZEN,2026-03-31 12:00:00.000000,2026-03-31 12:00:00.000000,2026-03-31 12:07:30.240546622,23310.68,23369.607357365974,PE,23800.0,OTM,307.52000000000044,333.5903772349669,26.070377234966486,1,50,15376.000000000022,1303.5188617483243,1263.5188617483243,8.477620068602514,True,TARGET_ACHIEVED,10.597956022540064,Multi-timeframe frozen,0.5,-0.05,0.2,0.02,0.5323515744043003,-0.0537434758324816,0.19850920061333677,0.018185696213234945,0.032351574404300254,-0.0037434758324816006,-0.001490799386663244,-0.0018143037867650556,58.08589079314441,23301.047,1251572.0,1012266.4,-0.0012027207969578235,0.0021436526090185927,40,3.1999999999999997,1230.0800000000017,384.40000000000055
AI_ENHANCED_LOSING,FROZEN,2026-03-31 12:00:00.000000,2026-03-31 12:00:00.000000,2026-03-31 12:11:26.610816757,23310.68,23032.14614681053,PE,23800.0,OTM,307.52000000000044,335.18973789063455,27.66973789063411,1,50,15376.000000000022,1383.4868945317055,1343.4868945317055,8.997703528431995,True,TARGET_ACHIEVED,9.657229317168111,AI enhanced frozen,0.5,-0.05,0.2,0.02,0.48008146168246446,-0.04934631227849948,0.1917959744343137,0.02110054526749523,-0.01991853831753554,0.000653687721500526,-0.008204025565686307,0.0011005452674952287,58.08589079314441,23301.047,1251572.0,1012266.4,-0.0012027207969578235,0.0021436526090185927,40,3.1999999999999997,1230.0800000000017,384.40000000000055
RSI_DIVERGENCE_LOSING,FROZEN,2026-03-31 12:00:00.000000,2026-03-31 12:00:00.000000,2026-03-31 12:07:43.801255338,23310.68,23480.86752937887,PE,23800.0,OTM,307.52000000000044,339.3875363903009,31.867536390300472,1,50,15376.000000000022,1593.3768195150237,1553.3768195150237,10.362752468229848,True,TARGET_ACHIEVED,9.47579009833255,RSI frozen,0.5,-0.05,0.2,0.02,0.5119939994165132,-0.047872708850585255,0.20747562073995457,0.019555668605289084,0.011993999416513246,0.002127291149414748,0.007475620739954558,-0.00044433139471091593,58.08589079314441,23301.047,1251572.0,1012266.4,-0.0012027207969578235,0.0021436526090185927,40,3.1999999999999997,1230.0800000000017,384.40000000000055
TREND_FOLLOWING_OPTIMIZED,FROZEN,2026-03-31 12:00:00.000000,2026-03-31 12:00:00.000000,2026-03-31 12:10:24.561462798,23310.68,23710.096204230984,PE,23800.0,OTM,307.52000000000044,301.04554060487055,-6.474459395129884,1,50,15376.000000000022,-323.7229697564942,-363.7229697564942,-2.1053783152737626,False,STOP_LOSS,10.724740677782316,Trend frozen,0.5,-0.05,0.2,0.02,0.5091660175633138,-0.04470642953533453,0.18979635440671702,0.01771927980541948,0.00916601756331381,0.00529357046466547,-0.01020364559328299,-0.002280720194580522,58.08589079314441,23301.047,1251572.0,1012266.4,-0.0012027207969578235,0.0021436526090185927,40,3.1999999999999997,1230.0800000000017,384.40000000000055
VOLUME_SPIKE_LOSING,FROZEN,2026-03-31 12:00:00.000000,2026-03-31 12:00:00.000000,2026-03-31 12:09:24.941347088,23310.68,22981.55064078504,PE,23800.0,OTM,307.52000000000044,333.30503453508476,25.78503453508432,1,50,15376.000000000022,1289.2517267542162,1249.2517267542162,8.38483172967101,True,TARGET_ACHIEVED,11.183357020437487,Volume frozen,0.5,-0.05,0.2,0.02,0.5211632281441996,-0.04422103769443493,0.20327152441769622,0.017718381704629194,0.021163228144199575,0.005778962305565072,0.003271524417696209,-0.002281618295370807,58.08589079314441,23301.047,1251572.0,1012266.4,-0.0012027207969578235,0.0021436526090185927,40,3.1999999999999997,1230.0800000000017,384.40000000000055
HIGH_VOLUME_LOSING,FROZEN,2026-03-31 12:00:00.000000,2026-03-31 12:00:00.000000,2026-03-31 12:05:58.073988338,23310.68,23579.24232232974,PE,23800.0,OTM,307.52000000000044,335.30366871362014,27.783668713619704,1,50,15376.000000000022,1389.1834356809852,1349.1834356809852,9.034751792930432,True,TARGET_ACHIEVED,5.158864329375758,High volume frozen,0.5,-0.05,0.2,0.02,0.4751847796115778,-0.048526590539973186,0.20496401669060776,0.019227235782631025,-0.02481522038842221,0.0014734094600268172,0.004964016690607753,-0.0007727642173689757,58.08589079314441,23301.047,1251572.0,1012266.4,-0.0012027207969578235,0.0021436526090185927,40,3.1999999999999997,1230.0800000000017,384.40000000000055
STRONG_MOMENTUM_LOSING,FROZEN,2026-03-31 12:00:00.000000,2026-03-31 12:00:00.000000,2026-03-31 12:07:40.327919426,23310.68,23481.550009720268,PE,23800.0,OTM,307.52000000000044,335.82966723776264,28.3096672377622,1,50,15376.000000000022,1415.4833618881098,1375.4833618881098,9.205797098647944,True,TARGET_ACHIEVED,11.535588591113445,Strong momentum frozen,0.5,-0.05,0.2,0.02,0.5244073784505502,-0.05342527516466259,0.2017051710236615,0.02362571314490474,0.024407378450550188,-0.0034252751646625876,0.0017051710236614948,0.00362571314490474,58.08589079314441,23301.047,1251572.0,1012266.4,-0.0012027207969578235,0.0021436526090185927,40,3.1999999999999997,1230.0800000000017,384.40000000000055
MACD_DIVERGENCE_LOSING,RE-OPTIMIZED,2026-03-31 12:00:00.000000,2026-03-31 12:00:00.000000,2026-03-31 12:10:26.198712891,23310.68,23086.55955091349,PE,23800.0,OTM,307.52000000000044,332.7328035558173,25.21280355581689,1,50,15376.000000000022,1260.6401777908445,1220.6401777908445,8.198752457016408,True,TARGET_ACHIEVED,11.451250887305907,MACD re-optimized,0.5,-0.05,0.2,0.02,0.4754504307269768,-0.042537344745292804,0.1813398878622508,0.015073127888657133,-0.02454956927302321,0.007462655254707198,-0.018660112137749207,-0.004926872111342868,58.08589079314441,23301.047,1251572.0,1012266.4,-0.0012027207969578235,0.0021436526090185927,40,3.1999999999999997,1230.0800000000017,384.40000000000055
CCI_EXTREME_LOSING,RE-OPTIMIZED,2026-03-31 12:00:00.000000,2026-03-31 12:00:00.000000,2026-03-31 12:07:59.286709937,23310.68,22934.694493359882,PE,23800.0,OTM,307.52000000000044,340.4792827981013,32.959282798100844,1,50,15376.000000000022,1647.9641399050422,1607.9641399050422,10.717768859944329,True,TARGET_ACHIEVED,10.660396447653929,CCI re-optimized,0.5,-0.05,0.2,0.02,0.4885415595689138,-0.04713016230267801,0.21120341211096097,0.02161917476216665,-0.011458440431086181,0.002869837697321992,0.011203412110960959,0.0016191747621666502,58.08589079314441,23301.047,1251572.0,1012266.4,-0.0012027207969578235,0.0021436526090185927,40,3.1999999999999997,1230.0800000000017,384.40000000000055
MOMENTUM_REVERSAL_LOSING,RE-OPTIMIZED,2026-03-31 12:00:00.000000,2026-03-31 12:00:00.000000,2026-03-31 12:09:14.709381900,23310.68,23161.755034901347,PE,23800.0,OTM,307.52000000000044,332.2819026925943,24.76190269259388,1,50,15376.000000000022,1238.0951346296938,1198.0951346296938,8.052127566530256,True,TARGET_ACHIEVED,7.34998471066412,Momentum re-optimized,0.5,-0.05,0.2,0.02,0.5271380958620554,-0.042861587389749656,0.1956172165484042,0.0182418070710008,0.0271380958620554,0.007138412610250347,-0.0043827834515958175,-0.0017581929289991992,58.08589079314441,23301.047,1251572.0,1012266.4,-0.0012027207969578235,0.0021436526090185927,40,3.1999999999999997,1230.0800000000017,384.40000000000055
MULTI_TIMEFRAME_LOSING,FROZEN,2026-03-31 12:15:00.000000,2026-03-31 12:15:00.000000,2026-03-31 12:22:35.203813468,23299.91,23004.496963126614,PE,23800.0,OTM,307.52000000000044,303.3020201983913,-4.217979801609147,1,50,15376.000000000022,-210.89899008045734,-250.89899008045734,-1.371611537984242,False,STOP_LOSS,10.713739763807054,Multi-timeframe frozen,0.5,-0.05,0.2,0.02,0.4847938253332008,-0.05176081285387267,0.20117234744392753,0.023341545975271244,-0.015206174666799188,-0.0017608128538726675,0.0011723474439275239,0.0033415459752712436,47.22103070041057,23324.347,1543279.0,1046317.0,-0.0002685984011958631,0.001300863393892994,40,3.1999999999999997,1230.0800000000017,384.40000000000055
AI_ENHANCED_LOSING,FROZEN,2026-03-31 12:15:00.000000,2026-03-31 12:15:00.000000,2026-03-31 12:22:03.471181087,23299.91,23068.7287075621,PE,23800.0,OTM,307.52000000000044,330.50732380204437,22.98732380204393,1,50,15376.000000000022,1149.3661901021965,1109.3661901021965,7.475066272777021,True,TARGET_ACHIEVED,5.749037165810842,AI enhanced frozen,0.5,-0.05,0.2,0.02,0.49648769288476075,-0.050638746651417224,0.18530823268528193,0.020260222339879657,-0.003512307115239255,-0.0006387466514172213,-0.01469176731471808,0.0002602223398796566,47.22103070041057,23324.347,1543279.0,1046317.0,-0.0002685984011958631,0.001300863393892994,40,3.1999999999999997,1230.0800000000017,384.40000000000055
TREND_FOLLOWING_OPTIMIZED,FROZEN,2026-03-31 12:15:00.000000,2026-03-31 12:15:00.000000,2026-03-31 12:25:47.166608103,23299.91,22927.937498044073,PE,23800.0,OTM,307.52000000000044,340.25839604142726,32.738396041426824,1,50,15376.000000000022,1636.919802071341,1596.919802071341,10.645940440110163,True,TARGET_ACHIEVED,6.97861861101932,Trend frozen,0.5,-0.05,0.2,0.02,0.48535509915509606,-0.05641130789637516,0.19900410998705578,0.016937885295223838,-0.01464490084490394,-0.00641130789637516,-0.0009958900129442283,-0.0030621147047761622,47.22103070041057,23324.347,1543279.0,1046317.0,-0.0002685984011958631,0.001300863393892994,40,3.1999999999999997,1230.0800000000017,384.40000000000055
VOLUME_SPIKE_LOSING,FROZEN,2026-03-31 12:15:00.000000,2026-03-31 12:15:00.000000,2026-03-31 12:23:40.419528702,23299.91,22943.85249992533,PE,23800.0,OTM,307.52000000000044,303.4597908280977,-4.060209171902727,1,50,15376.000000000022,-203.01045859513636,-243.01045859513636,-1.3203073529860565,False,STOP_LOSS,11.7423582078065,Volume frozen,0.5,-0.05,0.2,0.02,0.4953665199371591,-0.04516833531554427,0.21850834562093446,0.015501386899677646,-0.004633480062840922,0.0048316646844557345,0.018508345620934452,-0.004498613100322355,47.22103070041057,23324.347,1543279.0,1046317.0,-0.0002685984011958631,0.001300863393892994,40,3.1999999999999997,1230.0800000000017,384.40000000000055
HIGH_VOLUME_LOSING,FROZEN,2026-03-31 12:15:00.000000,2026-03-31 12:15:00.000000,2026-03-31 12:20:54.226196522,23299.91,23126.08089669641,PE,23800.0,OTM,307.52000000000044,339.5782916457203,32.05829164571986,1,50,15376.000000000022,1602.9145822859932,1562.9145822859932,10.424782663150307,True,TARGET_ACHIEVED,9.265543935056101,High volume frozen,0.5,-0.05,0.2,0.02,0.46675277319243574,-0.04669728676597977,0.2041451361612138,0.019254750332912275,-0.033247226807564256,0.0033027132340202325,0.004145136161213786,-0.0007452496670877252,47.22103070041057,23324.347,1543279.0,1046317.0,-0.0002685984011958631,0.001300863393892994,40,3.1999999999999997,1230.0800000000017,384.40000000000055
MULTI_TIMEFRAME_LOSING,FROZEN,2026-03-31 12:30:00.000000,2026-03-31 12:30:00.000000,2026-03-31 12:35:59.559413423,23357.16,23211.86838203332,CE,23800.0,OTM,307.52000000000044,303.7069885912951,-3.8130114087053357,1,50,15376.000000000022,-190.6505704352668,-230.6505704352668,-1.2399230647454897,False,STOP_LOSS,10.638076219636957,Multi-timeframe frozen,0.5,-0.05,0.2,0.02,0.4631531934285716,-0.04887082717480124,0.1853480667604652,0.02135032612604173,-0.036846806571428414,0.0011291728251987612,-0.014651933239534815,0.001350326126041728,66.86531585220558,23334.714,391961.0,1003489.25,0.00012203314934144949,0.004688498087952405,40,3.1999999999999997,1230.0800000000017,384.40000000000055
AI_ENHANCED_LOSING,FROZEN,2026-03-31 12:30:00.000000,2026-03-31 12:30:00.000000,2026-03-31 12:41:17.943760012,23357.16,22962.570641823822,CE,23800.0,OTM,307.52000000000044,339.11248971886084,31.592489718860406,1,50,15376.000000000022,1579.6244859430203,1539.6244859430203,10.27331221346916,True,TARGET_ACHIEVED,9.648012416946498,AI enhanced frozen,0.5,-0.05,0.2,0.02,0.4737801806768867,-0.05455471369107785,0.20036816068859328,0.017539034432901415,-0.02621981932311329,-0.00455471369107785,0.000368160688593272,-0.002460965567098586,66.86531585220558,23334.714,391961.0,1003489.25,0.00012203314934144949,0.004688498087952405,40,3.1999999999999997,1230.0800000000017,384.40000000000055
RSI_DIVERGENCE_LOSING,FROZEN,2026-03-31 12:30:00.000000,2026-03-31 12:30:00.000000,2026-03-31 12:35:46.618122861,23357.16,23315.610555298495,CE,23800.0,OTM,307.52000000000044,333.94167872690946,26.421678726909022,1,50,15376.000000000022,1321.083936345451,1281.083936345451,8.59185702618008,True,TARGET_ACHIEVED,6.094061189305416,RSI frozen,0.5,-0.05,0.2,0.02,0.5323702496681021,-0.048493084880516006,0.2047599287378951,0.016168985396277386,0.03237024966810209,0.0015069151194839966,0.004759928737895103,-0.003831014603722614,66.86531585220558,23334.714,391961.0,1003489.25,0.00012203314934144949,0.004688498087952405,40,3.1999999999999997,1230.0800000000017,384.40000000000055
STOCHASTIC_OVERSOLD_LOSING,FROZEN,2026-03-31 12:30:00.000000,2026-03-31 12:30:00.000000,2026-03-31 12:40:44.433295768,23357.16,22956.56114971428,CE,23800.0,OTM,307.52000000000044,337.7332878973453,30.213287897344856,1,50,15376.000000000022,1510.6643948672427,1470.6643948672427,9.824820466098078,True,TARGET_ACHIEVED,11.370272498518615,Stochastic frozen,0.5,-0.05,0.2,0.02,0.5182313118932783,-0.04888104322642426,0.18101080250280954,0.01647458092104458,0.018231311893278312,0.0011189567735757425,-0.01898919749719047,-0.0035254190789554204,66.86531585220558,23334.714,391961.0,1003489.25,0.00012203314934144949,0.004688498087952405,40,3.1999999999999997,1230.0800000000017,384.40000000000055
TREND_FOLLOWING_OPTIMIZED,FROZEN,2026-03-31 12:30:00.000000,2026-03-31 12:30:00.000000,2026-03-31 12:37:45.552735269,23357.16,23401.86658151211,CE,23800.0,OTM,307.52000000000044,333.9986381089793,26.478638108978885,1,50,15376.000000000022,1323.9319054489442,1283.9319054489442,8.610379197768877,True,TARGET_ACHIEVED,8.657429012966897,Trend frozen,0.5,-0.05,0.2,0.02,0.49808192688698927,-0.04929453209949257,0.19744589943434349,0.02118665288329519,-0.001918073113010732,0.0007054679005074338,-0.002554100565656525,0.0011866528832951903,66.86531585220558,23334.714,391961.0,1003489.25,0.00012203314934144949,0.004688498087952405,40,3.1999999999999997,1230.0800000000017,384.40000000000055
MULTI_TIMEFRAME_LOSING,FROZEN,2026-03-31 12:45:00.000000,2026-03-31 12:45:00.000000,2026-03-31 12:56:04.953217331,23470.05,23334.348255266,PE,23800.0,OTM,307.52000000000044,330.938920232277,23.418920232276548,1,50,15376.000000000022,1170.9460116138275,1130.9460116138275,7.615413707165882,True,TARGET_ACHIEVED,10.030873593049915,Multi-timeframe frozen,0.5,-0.05,0.2,0.02,0.5131308348306183,-0.05672314032448778,0.21508787572581753,0.020901328006943047,0.013130834830618276,-0.006723140324487779,0.015087875725817518,0.0009013280069430467,79.66070553650079,23405.858500000002,895026.0,979723.25,-0.00030412498258947096,0.005570929759416789,40,3.1999999999999997,1230.0800000000017,384.40000000000055
AI_ENHANCED_LOSING,FROZEN,2026-03-31 12:45:00.000000,2026-03-31 12:45:00.000000,2026-03-31 12:56:09.818946577,23470.05,23538.753902167504,PE,23800.0,OTM,307.52000000000044,331.4037743208355,23.883774320835073,1,50,15376.000000000022,1194.1887160417537,1154.1887160417537,7.766575936795994,True,TARGET_ACHIEVED,6.363276361825638,AI enhanced frozen,0.5,-0.05,0.2,0.02,0.4609148648458254,-0.04667455217179511,0.1992570686978794,0.01760397875684412,-0.03908513515417461,0.0033254478282048958,-0.0007429313021206085,-0.002396021243155879,79.66070553650079,23405.858500000002,895026.0,979723.25,-0.00030412498258947096,0.005570929759416789,40,3.1999999999999997,1230.0800000000017,384.40000000000055
RSI_DIVERGENCE_LOSING,FROZEN,2026-03-31 12:45:00.000000,2026-03-31 12:45:00.000000,2026-03-31 12:53:48.630576878,23470.05,23258.77625331483,PE,23800.0,OTM,307.52000000000044,338.8317696893738,31.311769689373364,1,50,15376.000000000022,1565.5884844686682,1525.5884844686682,10.182027084213487,True,TARGET_ACHIEVED,5.723115085098764,RSI frozen,0.5,-0.05,0.2,0.02,0.5026610008268594,-0.04798035449234293,0.2108589255981196,0.01988659867933587,0.0026610008268593832,0.0020196455076570696,0.010858925598119601,-0.00011340132066412975,79.66070553650079,23405.858500000002,895026.0,979723.25,-0.00030412498258947096,0.005570929759416789,40,3.1999999999999997,1230.0800000000017,384.40000000000055
STOCHASTIC_OVERSOLD_LOSING,FROZEN,2026-03-31 12:45:00.000000,2026-03-31 12:45:00.000000,2026-03-31 12:56:34.479472558,23470.05,23517.392628045483,PE,23800.0,OTM,307.52000000000044,330.47905332500676,22.959053325006323,1,50,15376.000000000022,1147.9526662503163,1107.9526662503163,7.465873219630039,True,TARGET_ACHIEVED,9.792126770535393,Stochastic frozen,0.5,-0.05,0.2,0.02,0.5279080983244092,-0.04935870458866178,0.20613192930375737,0.02141352400860107,0.027908098324409214,0.0006412954113382205,0.006131929303757361,0.0014135240086010706,79.66070553650079,23405.858500000002,895026.0,979723.25,-0.00030412498258947096,0.005570929759416789,40,3.1999999999999997,1230.0800000000017,384.40000000000055
TREND_FOLLOWING_OPTIMIZED,FROZEN,2026-03-31 12:45:00.000000,2026-03-31 12:45:00.000000,2026-03-31 12:55:26.577277569,23470.05,23031.2283504979,PE,23800.0,OTM,307.52000000000044,334.3135704191286,26.793570419128173,1,50,15376.000000000022,1339.6785209564086,1299.6785209564086,8.712789548363729,True,TARGET_ACHIEVED,7.142337835444138,Trend frozen,0.5,-0.05,0.2,0.02,0.5313089617296419,-0.04423604154071574,0.19546993772063184,0.022498760510921135,0.031308961729641926,0.005763958459284263,-0.004530062279368169,0.0024987605109211344,79.66070553650079,23405.858500000002,895026.0,979723.25,-0.00030412498258947096,0.005570929759416789,40,3.1999999999999997,1230.0800000000017,384.40000000000055
WILLIAMS_REVERSAL_LOSING,RE-OPTIMIZED,2026-03-31 12:45:00.000000,2026-03-31 12:45:00.000000,2026-03-31 12:50:42.408255539,23470.05,23121.96976699536,PE,23800.0,OTM,307.52000000000044,341.0311755723096,33.511175572309185,1,50,15376.000000000022,1675.5587786154592,1635.5587786154592,10.897234512327373,True,TARGET_ACHIEVED,6.812588857826791,Williams re-optimized,0.5,-0.05,0.2,0.02,0.5068856839873851,-0.04225582952284902,0.21632321571071794,0.023458317478426426,0.006885683987385094,0.00774417047715098,0.01632321571071793,0.003458317478426426,79.66070553650079,23405.858500000002,895026.0,979723.25,-0.00030412498258947096,0.005570929759416789,40,3.1999999999999997,1230.0800000000017,384.40000000000055
DAY_HIGH_LOW_OPTIMIZED,RE-OPTIMIZED,2026-03-31 12:45:00.000000,2026-03-31 12:45:00.000000,2026-03-31 12:55:09.377317775,23470.05,23636.748158486553,PE,23800.0,OTM,307.52000000000044,334.2112837965497,26.69128379654927,1,50,15376.000000000022,1334.5641898274635,1294.5641898274635,8.67952776942938,True,TARGET_ACHIEVED,6.650101014075731,Day high-low re-optimized,0.5,-0.05,0.2,0.02,0.527487483622208,-0.057075420374700266,0.21628327274829026,0.021612606538994727,0.027487483622207987,-0.007075420374700263,0.01628327274829025,0.0016126065389947264,79.66070553650079,23405.858500000002,895026.0,979723.25,-0.00030412498258947096,0.005570929759416789,40,3.1999999999999997,1230.0800000000017,384.40000000000055
BOLLINGER_SQUEEZE_LOSING,RE-OPTIMIZED,2026-03-31 12:45:00.000000,2026-03-31 12:45:00.000000,2026-03-31 12:52:53.996378374,23470.05,23338.768504844582,PE,23800.0,OTM,307.52000000000044,332.9298361788535,25.409836178853084,1,50,15376.000000000022,1270.4918089426542,1230.4918089426542,8.262823939533378,True,TARGET_ACHIEVED,6.855526419787662,Bollinger re-optimized,0.5,-0.05,0.2,0.02,0.4853501011206299,-0.052228329662199945,0.18482118529459282,0.022733790694284974,-0.014649898879370127,-0.002228329662199942,-0.01517881470540719,0.002733790694284973,79.66070553650079,23405.858500000002,895026.0,979723.25,-0.00030412498258947096,0.005570929759416789,40,3.1999999999999997,1230.0800000000017,384.40000000000055
MULTI_TIMEFRAME_LOSING,FROZEN,2026-03-31 13:00:00.000000,2026-03-31 13:00:00.000000,2026-03-31 13:11:12.822029289,23592.0,23934.441125977337,PE,23800.0,OTM,307.52000000000044,335.6839034361564,28.163903436155977,1,50,15376.000000000022,1408.195171807799,1368.195171807799,9.15839731924946,True,TARGET_ACHIEVED,11.889288872470253,Multi-timeframe frozen,0.5,-0.05,0.2,0.02,0.5101533986727977,-0.04280162991046979,0.19034906677251628,0.01923422229167712,0.010153398672797742,0.007198370089530212,-0.009650933227483727,-0.0007657777083228817,77.23658548782309,23528.6215,566308.0,1027584.15,-9.960011612941688e-05,0.009442607663614802,40,3.1999999999999997,1230.0800000000017,384.40000000000055
AI_ENHANCED_LOSING,FROZEN,2026-03-31 13:00:00.000000,2026-03-31 13:00:00.000000,2026-03-31 13:09:55.656738963,23592.0,23669.62201469898,PE,23800.0,OTM,307.52000000000044,337.953039935363,30.433039935362558,1,50,15376.000000000022,1521.651996768128,1481.651996768128,9.896279895734429,True,TARGET_ACHIEVED,5.090593395033448,AI enhanced frozen,0.5,-0.05,0.2,0.02,0.4844725449585381,-0.04186822900013964,0.21962414348690296,0.02103789597054801,-0.015527455041461913,0.008131770999860365,0.019624143486902945,0.0010378959705480105,77.23658548782309,23528.6215,566308.0,1027584.15,-9.960011612941688e-05,0.009442607663614802,40,3.1999999999999997,1230.0800000000017,384.40000000000055
RSI_DIVERGENCE_LOSING,FROZEN,2026-03-31 13:00:00.000000,2026-03-31 13:00:00.000000,2026-03-31 13:05:24.300339891,23592.0,23252.54646818248,PE,23800.0,OTM,307.52000000000044,303.55548743249335,-3.964512567507086,1,50,15376.000000000022,-198.2256283753543,-238.2256283753543,-1.2891885300166104,False,STOP_LOSS,11.813797422833744,RSI frozen,0.5,-0.05,0.2,0.02,0.4956106636242927,-0.05968365834317842,0.21490161999796134,0.02414930410833302,-0.00438933637570732,-0.009683658343178414,0.01490161999796133,0.004149304108333019,77.23658548782309,23528.6215,566308.0,1027584.15,-9.960011612941688e-05,0.009442607663614802,40,3.1999999999999997,1230.0800000000017,384.40000000000055
STOCHASTIC_OVERSOLD_LOSING,FROZEN,2026-03-31 13:00:00.000000,2026-03-31 13:00:00.000000,2026-03-31 13:10:21.326783925,23592.0,23185.474393181885,PE,23800.0,OTM,307.52000000000044,331.1167001402785,23.596700140278074,1,50,15376.000000000022,1179.8350070139036,1139.8350070139036,7.673224551339112,True,TARGET_ACHIEVED,10.141913294700018,Stochastic frozen,0.5,-0.05,0.2,0.02,0.4941259180792269,-0.057837368181017174,0.20311835774078907,0.02157931123022822,-0.0058740819207731,-0.00783736818101717,0.0031183577407890573,0.0015793112302282183,77.23658548782309,23528.6215,566308.0,1027584.15,-9.960011612941688e-05,0.009442607663614802,40,3.1999999999999997,1230.0800000000017,384.40000000000055
TREND_FOLLOWING_OPTIMIZED,FROZEN,2026-03-31 13:00:00.000000,2026-03-31 13:00:00.000000,2026-03-31 13:08:22.493338769,23592.0,23698.73621197633,PE,23800.0,OTM,307.52000000000044,333.77566432239604,26.255664322395603,1,50,15376.000000000022,1312.7832161197803,1272.7832161197803,8.53787211316193,True,TARGET_ACHIEVED,5.785623178768081,Trend frozen,0.5,-0.05,0.2,0.02,0.536750286233526,-0.05498606542937607,0.1875749667665456,0.024919106679647852,0.03675028623352605,-0.004986065429376067,-0.012425033233454424,0.004919106679647851,77.23658548782309,23528.6215,566308.0,1027584.15,-9.960011612941688e-05,0.009442607663614802,40,3.1999999999999997,1230.0800000000017,384.40000000000055
WILLIAMS_REVERSAL_LOSING,RE-OPTIMIZED,2026-03-31 13:00:00.000000,2026-03-31 13:00:00.000000,2026-03-31 13:07:52.353849778,23592.0,23652.396094834894,PE,23800.0,OTM,307.52000000000044,335.6533649350041,28.13336493500367,1,50,15376.000000000022,1406.6682467501835,1366.6682467501835,9.14846674525352,True,TARGET_ACHIEVED,10.019642184196414,Williams re-optimized,0.5,-0.05,0.2,0.02,0.515399084553393,-0.04133085090257962,0.1908781449774281,0.017444324502973233,0.015399084553393005,0.008669149097420385,-0.0091218550225719,-0.0025556754970267673,77.23658548782309,23528.6215,566308.0,1027584.15,-9.960011612941688e-05,0.009442607663614802,40,3.1999999999999997,1230.0800000000017,384.40000000000055
ATR_BREAKOUT_LOSING,RE-OPTIMIZED,2026-03-31 13:00:00.000000,2026-03-31 13:00:00.000000,2026-03-31 13:08:19.469013572,23592.0,23832.376937066252,PE,23800.0,OTM,307.52000000000044,339.8493530528011,32.329353052800684,1,50,15376.000000000022,1616.4676526400342,1576.4676526400342,10.512926981269718,True,TARGET_ACHIEVED,7.698828709252769,ATR re-optimized,0.5,-0.05,0.2,0.02,0.4616680027796447,-0.04705791905323356,0.20559272086672936,0.01561777091099745,-0.038331997220355296,0.0029420809467664427,0.00559272086672935,-0.00438222908900255,77.23658548782309,23528.6215,566308.0,1027584.15,-9.960011612941688e-05,0.009442607663614802,40,3.1999999999999997,1230.0800000000017,384.40000000000055
DAY_HIGH_LOW_OPTIMIZED,RE-OPTIMIZED,2026-03-31 13:00:00.000000,2026-03-31 13:00:00.000000,2026-03-31 13:06:15.774274769,23592.0,23612.173025427448,PE,23800.0,OTM,307.52000000000044,339.3188421049067,31.79884210490627,1,50,15376.000000000022,1589.9421052453135,1549.9421052453135,10.340414316111545,True,TARGET_ACHIEVED,7.239246391189885,Day high-low re-optimized,0.5,-0.05,0.2,0.02,0.49659416472725026,-0.055957484266389135,0.21800618965232305,0.019967534462114203,-0.0034058352727497354,-0.005957484266389132,0.018006189652323035,-3.2465537885797285e-05,77.23658548782309,23528.6215,566308.0,1027584.15,-9.960011612941688e-05,0.009442607663614802,40,3.1999999999999997,1230.0800000000017,384.40000000000055
BOLLINGER_SQUEEZE_LOSING,RE-OPTIMIZED,2026-03-31 13:00:00.000000,2026-03-31 13:00:00.000000,2026-03-31 13:10:45.914761160,23592.0,23421.01532231591,PE,23800.0,OTM,307.52000000000044,340.067669146273,32.54766914627254,1,50,15376.000000000022,1627.3834573136269,1587.3834573136269,10.583919467440326,True,TARGET_ACHIEVED,7.6109264352360855,Bollinger re-optimized,0.5,-0.05,0.2,0.02,0.46118100595619593,-0.05054106365040661,0.18204047526191525,0.016522341738624238,-0.03881899404380407,-0.0005410636504066049,-0.017959524738084764,-0.003477658261375763,77.23658548782309,23528.6215,566308.0,1027584.15,-9.960011612941688e-05,0.009442607663614802,40,3.1999999999999997,1230.0800000000017,384.40000000000055
MULTI_TIMEFRAME_LOSING,FROZEN,2026-03-31 13:15:00.000000,2026-03-31 13:15:00.000000,2026-03-31 13:22:41.508892184,23739.93,23918.211724651614,CE,23800.0,OTM,307.52000000000044,335.2369149921586,27.716914992158138,1,50,15376.000000000022,1385.8457496079068,1345.8457496079068,9.013044677470765,True,TARGET_ACHIEVED,10.677845618764426,Multi-timeframe frozen,0.5,-0.05,0.2,0.02,0.5087822375988506,-0.04962410288778216,0.18758286609877428,0.021045166294408526,0.00878223759885055,0.00037589711221784616,-0.01241713390122573,0.0010451662944085255,78.43874802637774,23685.819,505189.0,954313.1,0.00022709519544084067,0.0005956209643416411,40,3.1999999999999997,1230.0800000000017,384.40000000000055
AI_ENHANCED_LOSING,FROZEN,2026-03-31 13:15:00.000000,2026-03-31 13:15:00.000000,2026-03-31 13:25:43.612917358,23739.93,23367.092413969785,CE,23800.0,OTM,307.52000000000044,334.66304308351323,27.143043083512794,1,50,15376.000000000022,1357.1521541756397,1317.1521541756397,8.82643180395186,True,TARGET_ACHIEVED,11.560191911861027,AI enhanced frozen,0.5,-0.05,0.2,0.02,0.5340177405158739,-0.0572674219487047,0.18819973729930745,0.018008218005178593,0.03401774051587392,-0.007267421948704694,-0.011800262700692565,-0.0019917819948214073,78.43874802637774,23685.819,505189.0,954313.1,0.00022709519544084067,0.0005956209643416411,40,3.1999999999999997,1230.0800000000017,384.40000000000055
RSI_DIVERGENCE_LOSING,FROZEN,2026-03-31 13:15:00.000000,2026-03-31 13:15:00.000000,2026-03-31 13:22:41.766305037,23739.93,24147.180505105363,CE,23800.0,OTM,307.52000000000044,334.9050919749735,27.38509197497308,1,50,15376.000000000022,1369.254598748654,1329.254598748654,8.905141771258144,True,TARGET_ACHIEVED,8.173703363334063,RSI frozen,0.5,-0.05,0.2,0.02,0.5126447759126722,-0.056954210808575836,0.19354474041564387,0.018841841979619526,0.012644775912672213,-0.006954210808575834,-0.006455259584356138,-0.0011581580203804745,78.43874802637774,23685.819,505189.0,954313.1,0.00022709519544084067,0.0005956209643416411,40,3.1999999999999997,1230.0800000000017,384.40000000000055
STOCHASTIC_OVERSOLD_LOSING,FROZEN,2026-03-31 13:15:00.000000,2026-03-31 13:15:00.000000,2026-03-31 13:24:59.723738374,23739.93,23849.64024998813,CE,23800.0,OTM,307.52000000000044,337.32732260428105,29.807322604280614,1,50,15376.000000000022,1490.3661302140308,1450.3661302140308,9.692807818769698,True,TARGET_ACHIEVED,10.23468995092357,Stochastic frozen,0.5,-0.05,0.2,0.02,0.4767669526668716,-0.04496940148564165,0.18368559374851678,0.01650647915620459,-0.02323304733312842,0.005030598514358352,-0.016314406251483227,-0.003493520843795412,78.43874802637774,23685.819,505189.0,954313.1,0.00022709519544084067,0.0005956209643416411,40,3.1999999999999997,1230.0800000000017,384.40000000000055
TREND_FOLLOWING_OPTIMIZED,FROZEN,2026-03-31 13:15:00.000000,2026-03-31 13:15:00.000000,2026-03-31 13:20:54.225955393,23739.93,24173.069398974734,CE,23800.0,OTM,307.52000000000044,339.2925116214379,31.772511621437445,1,50,15376.000000000022,1588.6255810718721,1548.6255810718721,10.33185211415108,True,TARGET_ACHIEVED,11.399687887774741,Trend frozen,0.5,-0.05,0.2,0.02,0.5368178027599632,-0.059865654696092584,0.19489828877334617,0.018979835651249805,0.03681780275996316,-0.009865654696092581,-0.005101711226653843,-0.0010201643487501959,78.43874802637774,23685.819,505189.0,954313.1,0.00022709519544084067,0.0005956209643416411,40,3.1999999999999997,1230.0800000000017,384.40000000000055
BOLLINGER_SQUEEZE_LOSING,RE-OPTIMIZED,2026-03-31 13:15:00.000000,2026-03-31 13:15:00.000000,2026-03-31 13:23:07.911752762,23739.93,23709.46281974753,CE,23800.0,OTM,307.52000000000044,338.47817888434764,30.958178884347205,1,50,15376.000000000022,1547.9089442173604,1507.9089442173604,10.067045682995305,True,TARGET_ACHIEVED,5.372647825014419,Bollinger re-optimized,0.5,-0.05,0.2,0.02,0.5247407769650395,-0.05542197980681306,0.20193711618030186,0.016511630480104282,0.024740776965039513,-0.005421979806813054,0.0019371161803018455,-0.0034883695198957183,78.43874802637774,23685.819,505189.0,954313.1,0.00022709519544084067,0.0005956209643416411,40,3.1999999999999997,1230.0800000000017,384.40000000000055
MULTI_TIMEFRAME_LOSING,FROZEN,2026-03-31 13:30:00.000000,2026-03-31 13:30:00.000000,2026-03-31 13:40:55.886481572,23763.53,23596.187804645353,PE,23800.0,ATM,307.52000000000044,340.00961051802216,32.48961051802172,1,50,15376.000000000022,1624.480525901086,1584.480525901086,10.565039840667817,True,TARGET_ACHIEVED,10.348465135089615,Multi-timeframe frozen,0.5,-0.05,0.2,0.02,0.49507031063039564,-0.042955764099350514,0.19979878393686018,0.02122699467573877,-0.004929689369604362,0.007044235900649488,-0.00020121606313983076,0.001226994675738769,49.86280868046823,23765.1365,1064087.0,935396.9,-0.000931232573548546,0.003450665789131497,40,3.1999999999999997,1230.0800000000017,384.40000000000055
AI_ENHANCED_LOSING,FROZEN,2026-03-31 13:30:00.000000,2026-03-31 13:30:00.000000,2026-03-31 13:41:39.574958853,23763.53,23821.49044693916,PE,23800.0,ATM,307.52000000000044,302.72440022838504,-4.7955997716154,1,50,15376.000000000022,-239.77998858077,-279.77998858077,-1.5594432139748289,False,STOP_LOSS,7.847349713499653,AI enhanced frozen,0.5,-0.05,0.2,0.02,0.4554250727529208,-0.05008890695678709,0.21412417727079244,0.02096320384423378,-0.04457492724707918,-8.890695678708677e-05,0.014124177270792432,0.0009632038442337794,49.86280868046823,23765.1365,1064087.0,935396.9,-0.000931232573548546,0.003450665789131497,40,3.1999999999999997,1230.0800000000017,384.40000000000055
TREND_FOLLOWING_OPTIMIZED,FROZEN,2026-03-31 13:30:00.000000,2026-03-31 13:30:00.000000,2026-03-31 13:35:31.159271119,23763.53,23980.344338165563,PE,23800.0,ATM,307.52000000000044,331.92756881380024,24.4075688137998,1,50,15376.000000000022,1220.37844068999,1180.37844068999,7.936904531022296,True,TARGET_ACHIEVED,10.275572420135594,Trend frozen,0.5,-0.05,0.2,0.02,0.4798334505079257,-0.042451577587414496,0.18484344910495618,0.015294273388978895,-0.020166549492074304,0.0075484224125855065,-0.015156550895043835,-0.004705726611021106,49.86280868046823,23765.1365,1064087.0,935396.9,-0.000931232573548546,0.003450665789131497,40,3.1999999999999997,1230.0800000000017,384.40000000000055
HIGH_VOLUME_LOSING,FROZEN,2026-03-31 13:30:00.000000,2026-03-31 13:30:00.000000,2026-03-31 13:41:14.018368352,23763.53,23355.78266691656,PE,23800.0,ATM,307.52000000000044,332.8713269947588,25.35132699475838,1,50,15376.000000000022,1267.5663497379192,1227.5663497379192,8.243797800064499,True,TARGET_ACHIEVED,11.78057487574138,High volume frozen,0.5,-0.05,0.2,0.02,0.5118613718648526,-0.0514840050648744,0.19620339188432068,0.016745315004378772,0.011861371864852588,-0.001484005064874394,-0.003796608115679334,-0.0032546849956212286,49.86280868046823,23765.1365,1064087.0,935396.9,-0.000931232573548546,0.003450665789131497,40,3.1999999999999997,1230.0800000000017,384.40000000000055
MACD_DIVERGENCE_LOSING,RE-OPTIMIZED,2026-03-31 13:30:00.000000,2026-03-31 13:30:00.000000,2026-03-31 13:39:03.362323460,23763.53,24108.128468325693,PE,23800.0,ATM,307.52000000000044,341.8328095633376,34.31280956333717,1,50,15376.000000000022,1715.6404781668584,1675.6404781668584,11.15791153854615,True,TARGET_ACHIEVED,9.12470477140991,MACD re-optimized,0.5,-0.05,0.2,0.02,0.48999529827556465,-0.05856882391068637,0.20752939563093667,0.02209795393583472,-0.01000470172443535,-0.00856882391068637,0.007529395630936658,0.0020979539358347184,49.86280868046823,23765.1365,1064087.0,935396.9,-0.000931232573548546,0.003450665789131497,40,3.1999999999999997,1230.0800000000017,384.40000000000055
CCI_EXTREME_LOSING,RE-OPTIMIZED,2026-03-31 13:30:00.000000,2026-03-31 13:30:00.000000,2026-03-31 13:41:21.830363144,23763.53,23410.999438553274,PE,23800.0,ATM,307.52000000000044,340.880793259066,33.36079325906559,1,50,15376.000000000022,1668.0396629532793,1628.0396629532793,10.848332875606639,True,TARGET_ACHIEVED,9.51449933881791,CCI re-optimized,0.5,-0.05,0.2,0.02,0.5014347677501779,-0.04999529281513456,0.2101563487273911,0.021825075001377422,0.0014347677501779232,4.707184865442027e-06,0.010156348727391101,0.0018250750013774214,49.86280868046823,23765.1365,1064087.0,935396.9,-0.000931232573548546,0.003450665789131497,40,3.1999999999999997,1230.0800000000017,384.40000000000055
MOMENTUM_REVERSAL_LOSING,RE-OPTIMIZED,2026-03-31 13:30:00.000000,2026-03-31 13:30:00.000000,2026-03-31 13:35:00.127751775,23763.53,23688.800099537595,PE,23800.0,ATM,307.52000000000044,301.19640704656376,-6.323592953436673,1,50,15376.000000000022,-316.17964767183366,-356.17964767183366,-2.0563192486461577,False,STOP_LOSS,6.981066340429741,Momentum re-optimized,0.5,-0.05,0.2,0.02,0.4899985783617056,-0.05674663464843954,0.18630522948923467,0.018133192094908268,-0.010001421638294428,-0.0067466346484395395,-0.013694770510765342,-0.0018668079050917323,49.86280868046823,23765.1365,1064087.0,935396.9,-0.000931232573548546,0.003450665789131497,40,3.1999999999999997,1230.0800000000017,384.40000000000055
MULTI_TIMEFRAME_LOSING,FROZEN,2026-03-31 13:45:00.000000,2026-03-31 13:45:00.000000,2026-03-31 13:51:45.603383560,23850.76,24201.960467356985,PE,23900.0,ATM,257.52000000000044,284.20216008479014,26.6821600847897,1,50,12876.000000000022,1334.1080042394851,1294.1080042394851,10.361199163090113,True,TARGET_ACHIEVED,7.639280993564569,Multi-timeframe frozen,0.5,-0.05,0.2,0.02,0.4902686586946935,-0.051012566464377546,0.21240760014294136,0.017796690444863646,-0.009731341305306507,-0.0010125664643775428,0.012407600142941344,-0.002203309555136354,70.08498260423045,23815.7085,1336900.0,1053595.05,-0.0002016300595626408,0.002499291427191291,40,3.1999999999999997,1030.0800000000017,321.90000000000055
AI_ENHANCED_LOSING,FROZEN,2026-03-31 13:45:00.000000,2026-03-31 13:45:00.000000,2026-03-31 13:53:13.565967518,23850.76,24081.187463976494,PE,23900.0,ATM,257.52000000000044,282.1019348849164,24.58193488491594,1,50,12876.000000000022,1229.0967442457968,1189.0967442457968,9.545641070563798,True,TARGET_ACHIEVED,9.699161016707787,AI enhanced frozen,0.5,-0.05,0.2,0.02,0.5374010736433038,-0.051073529309324225,0.20348561352915967,0.024690418028060553,0.037401073643303806,-0.0010735293093242226,0.003485613529159659,0.004690418028060552,70.08498260423045,23815.7085,1336900.0,1053595.05,-0.0002016300595626408,0.002499291427191291,40,3.1999999999999997,1030.0800000000017,321.90000000000055
RSI_DIVERGENCE_LOSING,FROZEN,2026-03-31 13:45:00.000000,2026-03-31 13:45:00.000000,2026-03-31 13:51:35.298628442,23850.76,24053.484684752006,PE,23900.0,ATM,257.52000000000044,282.1929767768647,24.67297677686429,1,50,12876.000000000022,1233.6488388432144,1193.6488388432144,9.580994399217243,True,TARGET_ACHIEVED,9.095893538438236,RSI frozen,0.5,-0.05,0.2,0.02,0.5330512740411733,-0.057703849996273135,0.1839088527945752,0.021919559564614846,0.03305127404117325,-0.007703849996273132,-0.016091147205424816,0.0019195595646148457,70.08498260423045,23815.7085,1336900.0,1053595.05,-0.0002016300595626408,0.002499291427191291,40,3.1999999999999997,1030.0800000000017,321.90000000000055
STOCHASTIC_OVERSOLD_LOSING,FROZEN,2026-03-31 13:45:00.000000,2026-03-31 13:45:00.000000,2026-03-31 13:51:58.167247814,23850.76,23877.00453995057,PE,23900.0,ATM,257.52000000000044,280.93311078557895,23.41311078557851,1,50,12876.000000000022,1170.6555392789255,1130.6555392789255,9.09176405156045,True,TARGET_ACHIEVED,5.527416049743857,Stochastic frozen,0.5,-0.05,0.2,0.02,0.4696858343637655,-0.04256068708075638,0.1965499021982356,0.022411009190998008,-0.030314165636234514,0.007439312919243622,-0.003450097801764418,0.0024110091909980078,70.08498260423045,23815.7085,1336900.0,1053595.05,-0.0002016300595626408,0.002499291427191291,40,3.1999999999999997,1030.0800000000017,321.90000000000055
TREND_FOLLOWING_OPTIMIZED,FROZEN,2026-03-31 13:45:00.000000,2026-03-31 13:45:00.000000,2026-03-31 13:54:21.756862658,23850.76,23855.119455995417,PE,23900.0,ATM,257.52000000000044,253.00184487504316,-4.518155124957275,1,50,12876.000000000022,-225.90775624786374,-265.90775624786374,-1.7544870786569071,False,STOP_LOSS,7.242125458378127,Trend frozen,0.5,-0.05,0.2,0.02,0.5013559075469358,-0.04934859515492671,0.2035132944129901,0.023125062056857923,0.0013559075469358195,0.0006514048450732904,0.0035132944129900867,0.0031250620568579225,70.08498260423045,23815.7085,1336900.0,1053595.05,-0.0002016300595626408,0.002499291427191291,40,3.1999999999999997,1030.0800000000017,321.90000000000055
VOLUME_SPIKE_LOSING,FROZEN,2026-03-31 13:45:00.000000,2026-03-31 13:45:00.000000,2026-03-31 13:55:50.087967768,23850.76,23445.248472853407,PE,23900.0,ATM,257.52000000000044,284.4521149758335,26.932114975833088,1,50,12876.000000000022,1346.6057487916544,1306.6057487916544,10.458261484868377,True,TARGET_ACHIEVED,8.025333422559981,Volume frozen,0.5,-0.05,0.2,0.02,0.4528755334448116,-0.05254135514607441,0.21049600864074774,0.020998140182895544,-0.04712446655518843,-0.0025413551460744047,0.010496008640747734,0.000998140182895544,70.08498260423045,23815.7085,1336900.0,1053595.05,-0.0002016300595626408,0.002499291427191291,40,3.1999999999999997,1030.0800000000017,321.90000000000055
HIGH_VOLUME_LOSING,FROZEN,2026-03-31 13:45:00.000000,2026-03-31 13:45:00.000000,2026-03-31 13:50:27.230281091,23850.76,23678.47881316443,PE,23900.0,ATM,257.52000000000044,282.399058292374,24.879058292373543,1,50,12876.000000000022,1243.9529146186771,1203.9529146186771,9.661019840157465,True,TARGET_ACHIEVED,11.897370602087202,High volume frozen,0.5,-0.05,0.2,0.02,0.4731629476641144,-0.04968776358692623,0.20847467247053791,0.01910010905141655,-0.026837052335885625,0.0003122364130737701,0.008474672470537903,-0.0008998909485834518,70.08498260423045,23815.7085,1336900.0,1053595.05,-0.0002016300595626408,0.002499291427191291,40,3.1999999999999997,1030.0800000000017,321.90000000000055
MULTI_TIMEFRAME_LOSING,FROZEN,2026-03-31 14:00:00.000000,2026-03-31 14:00:00.000000,2026-03-31 14:05:39.501912897,23932.34,24263.731736811067,CE,23900.0,ATM,257.52000000000044,252.84206654920104,-4.677933450799401,1,50,12876.000000000022,-233.89667253997004,-273.89667253997004,-1.8165320949050143,False,STOP_LOSS,9.178156713704336,Multi-timeframe frozen,0.5,-0.05,0.2,0.02,0.4969363529048847,-0.04798702608377252,0.21057592482773307,0.021374963852918573,-0.003063647095115307,0.002012973916227484,0.010575924827733063,0.0013749638529185725,65.13478323769179,23879.579999999998,1111243.0,898947.75,0.00029633964117414813,0.005030013780516282,40,3.1999999999999997,1030.0800000000017,321.90000000000055
AI_ENHANCED_LOSING,FROZEN,2026-03-31 14:00:00.000000,2026-03-31 14:00:00.000000,2026-03-31 14:10:21.415302869,23932.34,24178.470780927142,CE,23900.0,ATM,257.52000000000044,252.20084911982266,-5.319150880177773,1,50,12876.000000000022,-265.95754400888865,-305.95754400888865,-2.065529232749986,False,STOP_LOSS,10.33802945887492,AI enhanced frozen,0.5,-0.05,0.2,0.02,0.5215253174733069,-0.05728722103931744,0.21938629420459305,0.019827301216499522,0.021525317473306882,-0.007287221039317435,0.019386294204593035,-0.00017269878350047868,65.13478323769179,23879.579999999998,1111243.0,898947.75,0.00029633964117414813,0.005030013780516282,40,3.1999999999999997,1030.0800000000017,321.90000000000055
RSI_DIVERGENCE_LOSING,FROZEN,2026-03-31 14:00:00.000000,2026-03-31 14:00:00.000000,2026-03-31 14:11:43.709876880,23932.34,23911.471221598138,CE,23900.0,ATM,257.52000000000044,280.40527752416654,22.8852775241661,1,50,12876.000000000022,1144.263876208305,1104.263876208305,8.88679618055532,True,TARGET_ACHIEVED,7.2768163338466785,RSI frozen,0.5,-0.05,0.2,0.02,0.47928633637379936,-0.059643218475374474,0.20669407211894933,0.01641528472775694,-0.02071366362620064,-0.009643218475374471,0.006694072118949318,-0.00358471527224306,65.13478323769179,23879.579999999998,1111243.0,898947.75,0.00029633964117414813,0.005030013780516282,40,3.1999999999999997,1030.0800000000017,321.90000000000055
STOCHASTIC_OVERSOLD_LOSING,FROZEN,2026-03-31 14:00:00.000000,2026-03-31 14:00:00.000000,2026-03-31 14:05:50.759033646,23932.34,24006.468943184518,CE,23900.0,ATM,257.52000000000044,279.606605878816,22.08660587881559,1,50,12876.000000000022,1104.3302939407795,1064.3302939407795,8.576656523305202,True,TARGET_ACHIEVED,6.564314429912049,Stochastic frozen,0.5,-0.05,0.2,0.02,0.4584089501899956,-0.05091167913637078,0.20734371553470812,0.016101700576162087,-0.04159104981000439,-0.0009116791363707744,0.007343715534708112,-0.0038982994238379136,65.13478323769179,23879.579999999998,1111243.0,898947.75,0.00029633964117414813,0.005030013780516282,40,3.1999999999999997,1030.0800000000017,321.90000000000055
TREND_FOLLOWING_OPTIMIZED,FROZEN,2026-03-31 14:00:00.000000,2026-03-31 14:00:00.000000,2026-03-31 14:10:10.591834544,23932.34,24322.057197067534,CE,23900.0,ATM,257.52000000000044,253.01311132698504,-4.506888673015396,1,50,12876.000000000022,-225.34443365076982,-265.3444336507698,-1.7501120973188056,False,STOP_LOSS,6.000735374199416,Trend frozen,0.5,-0.05,0.2,0.02,0.4740952740421298,-0.054077804026727246,0.21786850863597806,0.022902464202575742,-0.02590472595787019,-0.004077804026727243,0.017868508635978053,0.0029024642025757413,65.13478323769179,23879.579999999998,1111243.0,898947.75,0.00029633964117414813,0.005030013780516282,40,3.1999999999999997,1030.0800000000017,321.90000000000055
VOLUME_SPIKE_LOSING,FROZEN,2026-03-31 14:00:00.000000,2026-03-31 14:00:00.000000,2026-03-31 14:08:10.631058197,23932.34,23562.53278076814,CE,23900.0,ATM,257.52000000000044,278.43263753640895,20.91263753640851,1,50,12876.000000000022,1045.6318768204255,1005.6318768204255,8.120781895157066,True,TARGET_ACHIEVED,11.071538082037513,Volume frozen,0.5,-0.05,0.2,0.02,0.4787817404580004,-0.059868012262731245,0.19679106309653954,0.017662502592084458,-0.021218259541999573,-0.009868012262731242,-0.0032089369034604687,-0.0023374974079155425,65.13478323769179,23879.579999999998,1111243.0,898947.75,0.00029633964117414813,0.005030013780516282,40,3.1999999999999997,1030.0800000000017,321.90000000000055
HIGH_VOLUME_LOSING,FROZEN,2026-03-31 14:00:00.000000,2026-03-31 14:00:00.000000,2026-03-31 14:05:06.431601575,23932.34,24354.643394146053,CE,23900.0,ATM,257.52000000000044,281.20676099149597,23.686760991495532,1,50,12876.000000000022,1184.3380495747765,1144.3380495747765,9.198027722699397,True,TARGET_ACHIEVED,5.6857512214687045,High volume frozen,0.5,-0.05,0.2,0.02,0.48308034778277964,-0.054708984428858395,0.2045805357507182,0.022968500086297253,-0.01691965221722036,-0.004708984428858393,0.004580535750718179,0.002968500086297253,65.13478323769179,23879.579999999998,1111243.0,898947.75,0.00029633964117414813,0.005030013780516282,40,3.1999999999999997,1030.0800000000017,321.90000000000055
WILLIAMS_REVERSAL_LOSING,RE-OPTIMIZED,2026-03-31 14:00:00.000000,2026-03-31 14:00:00.000000,2026-03-31 14:10:52.766169212,23932.34,23969.250824074625,CE,23900.0,ATM,257.52000000000044,282.47743832272664,24.957438322726205,1,50,12876.000000000022,1247.8719161363101,1207.8719161363101,9.691456322897702,True,TARGET_ACHIEVED,9.658956157785884,Williams re-optimized,0.5,-0.05,0.2,0.02,0.4584206324564336,-0.050141104016229975,0.21719487391395553,0.017844344154013793,-0.04157936754356639,-0.00014110401622997176,0.017194873913955522,-0.0021556558459862075,65.13478323769179,23879.579999999998,1111243.0,898947.75,0.00029633964117414813,0.005030013780516282,40,3.1999999999999997,1030.0800000000017,321.90000000000055
DAY_HIGH_LOW_OPTIMIZED,RE-OPTIMIZED,2026-03-31 14:00:00.000000,2026-03-31 14:00:00.000000,2026-03-31 14:07:23.125114134,23932.34,23480.542715032774,CE,23900.0,ATM,257.52000000000044,283.97936991462876,26.459369914628326,1,50,12876.000000000022,1322.9684957314162,1282.9684957314162,10.274685428171901,True,TARGET_ACHIEVED,7.302860587774203,Day high-low re-optimized,0.5,-0.05,0.2,0.02,0.5329604427526305,-0.050015383972272384,0.21610596086251838,0.020754371883020293,0.03296044275263055,-1.538397227238142e-05,0.016105960862518365,0.0007543718830202925,65.13478323769179,23879.579999999998,1111243.0,898947.75,0.00029633964117414813,0.005030013780516282,40,3.1999999999999997,1030.0800000000017,321.90000000000055
BOLLINGER_SQUEEZE_LOSING,RE-OPTIMIZED,2026-03-31 14:00:00.000000,2026-03-31 14:00:00.000000,2026-03-31 14:07:56.085476948,23932.34,23661.869619261102,CE,23900.0,ATM,257.52000000000044,277.34888747075985,19.828887470759412,1,50,12876.000000000022,991.4443735379706,951.4443735379706,7.69994076994384,True,TARGET_ACHIEVED,8.593559346754443,Bollinger re-optimized,0.5,-0.05,0.2,0.02,0.49379605437581064,-0.042125773080492354,0.18182688461981764,0.021865062646410985,-0.006203945624189355,0.007874226919507649,-0.018173115380182375,0.0018650626464109844,65.13478323769179,23879.579999999998,1111243.0,898947.75,0.00029633964117414813,0.005030013780516282,40,3.1999999999999997,1030.0800000000017,321.90000000000055
MULTI_TIMEFRAME_LOSING,FROZEN,2026-03-31 14:15:00.000000,2026-03-31 14:15:00.000000,2026-03-31 14:24:27.883547112,24096.4,24356.23266130292,PE,24100.0,ATM,157.52000000000044,173.72576012633021,16.20576012632978,1,50,7876.000000000022,810.2880063164889,770.2880063164889,10.288065087817252,True,TARGET_ACHIEVED,7.602210990256229,Multi-timeframe frozen,0.5,-0.05,0.2,0.02,0.451682895233665,-0.04555753930741249,0.2103006351330009,0.018664986500533835,-0.048317104766334995,0.00444246069258751,0.01030063513300089,-0.0013350134994661658,79.36759250882196,24020.979,746988.0,1054665.65,-0.0008723977337560251,0.0016575090054945423,40,3.1999999999999997,630.0800000000017,196.90000000000055
AI_ENHANCED_LOSING,FROZEN,2026-03-31 14:15:00.000000,2026-03-31 14:15:00.000000,2026-03-31 14:24:04.448468282,24096.4,23754.173836171143,PE,24100.0,ATM,157.52000000000044,174.131060300934,16.61106030093356,1,50,7876.000000000022,830.553015046678,790.553015046678,10.54536585889634,True,TARGET_ACHIEVED,11.892601598751014,AI enhanced frozen,0.5,-0.05,0.2,0.02,0.5437143223150531,-0.043645172407548484,0.21466192750552945,0.02293662179073454,0.04371432231505312,0.006354827592451519,0.014661927505529443,0.0029366217907345407,79.36759250882196,24020.979,746988.0,1054665.65,-0.0008723977337560251,0.0016575090054945423,40,3.1999999999999997,630.0800000000017,196.90000000000055
RSI_DIVERGENCE_LOSING,FROZEN,2026-03-31 14:15:00.000000,2026-03-31 14:15:00.000000,2026-03-31 14:26:50.924164664,24096.4,24309.711965078135,PE,24100.0,ATM,157.52000000000044,169.41782116246821,11.897821162467778,1,50,7876.000000000022,594.8910581233889,554.8910581233889,7.553213028483841,True,TARGET_ACHIEVED,9.577296467702546,RSI frozen,0.5,-0.05,0.2,0.02,0.5498299965987132,-0.05437880955571034,0.21607005999273282,0.018809420159373032,0.04982999659871323,-0.004378809555710336,0.01607005999273281,-0.001190579840626968,79.36759250882196,24020.979,746988.0,1054665.65,-0.0008723977337560251,0.0016575090054945423,40,3.1999999999999997,630.0800000000017,196.90000000000055
STOCHASTIC_OVERSOLD_LOSING,FROZEN,2026-03-31 14:15:00.000000,2026-03-31 14:15:00.000000,2026-03-31 14:24:20.965901291,24096.4,24059.89239651067,PE,24100.0,ATM,157.52000000000044,173.96686653854445,16.446866538544015,1,50,7876.000000000022,822.3433269272007,782.3433269272007,10.441129087445383,True,TARGET_ACHIEVED,7.002750293127127,Stochastic frozen,0.5,-0.05,0.2,0.02,0.4737173708302594,-0.05993055372803578,0.19127954440754355,0.020266718485596323,-0.026282629169740612,-0.00993055372803578,-0.00872045559245646,0.0002667184855963227,79.36759250882196,24020.979,746988.0,1054665.65,-0.0008723977337560251,0.0016575090054945423,40,3.1999999999999997,630.0800000000017,196.90000000000055
TREND_FOLLOWING_OPTIMIZED,FROZEN,2026-03-31 14:15:00.000000,2026-03-31 14:15:00.000000,2026-03-31 14:21:05.297368198,24096.4,23661.01438816718,PE,24100.0,ATM,157.52000000000044,171.60013882402967,14.080138824029234,1,50,7876.000000000022,704.0069412014617,664.0069412014617,8.938635617083033,True,TARGET_ACHIEVED,10.595136853126112,Trend frozen,0.5,-0.05,0.2,0.02,0.5015306750814797,-0.04830953911568743,0.1839647191383474,0.022453561953271074,0.0015306750814797487,0.0016904608843125724,-0.016035280861652623,0.002453561953271073,79.36759250882196,24020.979,746988.0,1054665.65,-0.0008723977337560251,0.0016575090054945423,40,3.1999999999999997,630.0800000000017,196.90000000000055
MACD_DIVERGENCE_LOSING,RE-OPTIMIZED,2026-03-31 14:15:00.000000,2026-03-31 14:15:00.000000,2026-03-31 14:26:11.076036060,24096.4,24484.524181757486,PE,24100.0,ATM,157.52000000000044,170.6782391098567,13.158239109856254,1,50,7876.000000000022,657.9119554928127,617.9119554928127,8.353376783809178,True,TARGET_ACHIEVED,7.420175489053209,MACD re-optimized,0.5,-0.05,0.2,0.02,0.4934568539166893,-0.05940964311597128,0.19117286610492415,0.018049283973796775,-0.006543146083310691,-0.009409643115971277,-0.008827133895075862,-0.0019507160262032253,79.36759250882196,24020.979,746988.0,1054665.65,-0.0008723977337560251,0.0016575090054945423,40,3.1999999999999997,630.0800000000017,196.90000000000055
CCI_EXTREME_LOSING,RE-OPTIMIZED,2026-03-31 14:15:00.000000,2026-03-31 14:15:00.000000,2026-03-31 14:25:55.323266130,24096.4,23635.74485297734,PE,24100.0,ATM,157.52000000000044,169.7281829023926,12.208182902392167,1,50,7876.000000000022,610.4091451196084,570.4091451196084,7.750243081762401,True,TARGET_ACHIEVED,9.975572692515783,CCI re-optimized,0.5,-0.05,0.2,0.02,0.5488697493422499,-0.040709123766300016,0.19104985015344997,0.020438092108553046,0.04886974934224986,0.009290876233699986,-0.008950149846550043,0.00043809210855304606,79.36759250882196,24020.979,746988.0,1054665.65,-0.0008723977337560251,0.0016575090054945423,40,3.1999999999999997,630.0800000000017,196.90000000000055
MOMENTUM_REVERSAL_LOSING,RE-OPTIMIZED,2026-03-31 14:15:00.000000,2026-03-31 14:15:00.000000,2026-03-31 14:20:20.491401021,24096.4,24557.876953681454,PE,24100.0,ATM,157.52000000000044,171.07242484609978,13.552424846099342,1,50,7876.000000000022,677.6212423049672,637.6212423049672,8.603621664613577,True,TARGET_ACHIEVED,9.607094630275906,Momentum re-optimized,0.5,-0.05,0.2,0.02,0.46274178415670875,-0.04234676328147963,0.21723679468014773,0.0179596218729879,-0.037258215843291254,0.007653236718520376,0.017236794680147716,-0.002040378127012101,79.36759250882196,24020.979,746988.0,1054665.65,-0.0008723977337560251,0.0016575090054945423,40,3.1999999999999997,630.0800000000017,196.90000000000055
BOLLINGER_SQUEEZE_LOSING,RE-OPTIMIZED,2026-03-31 14:15:00.000000,2026-03-31 14:15:00.000000,2026-03-31 14:26:09.055258690,24096.4,23692.09245576482,PE,24100.0,ATM,157.52000000000044,174.11129516822567,16.59129516822523,1,50,7876.000000000022,829.5647584112614,789.5647584112614,10.532818161646256,True,TARGET_ACHIEVED,9.21965567268077,Bollinger re-optimized,0.5,-0.05,0.2,0.02,0.5138751996550601,-0.054451573086109414,0.19610189590112986,0.020058737688274177,0.013875199655060122,-0.004451573086109412,-0.0038981040988701476,5.8737688274176914e-05,79.36759250882196,24020.979,746988.0,1054665.65,-0.0008723977337560251,0.0016575090054945423,40,3.1999999999999997,630.0800000000017,196.90000000000055
BREAKOUT_REVERSAL_LOSING,RE-OPTIMIZED,2026-03-31 14:15:00.000000,2026-03-31 14:15:00.000000,2026-03-31 14:20:43.831636068,24096.4,24564.065794774935,PE,24100.0,ATM,157.52000000000044,170.27112072494856,12.751120724948123,1,50,7876.000000000022,637.5560362474062,597.5560362474062,8.09492174006354,True,TARGET_ACHIEVED,9.001465534025606,Breakout re-optimized,0.5,-0.05,0.2,0.02,0.5255642074328749,-0.047686737248288175,0.1814253890943965,0.016648048638231255,0.025564207432874908,0.002313262751711828,-0.0185746109056035,-0.0033519513617687458,79.36759250882196,24020.979,746988.0,1054665.65,-0.0008723977337560251,0.0016575090054945423,40,3.1999999999999997,630.0800000000017,196.90000000000055
MULTI_TIMEFRAME_LOSING,FROZEN,2026-03-31 14:30:00.000000,2026-03-31 14:30:00.000000,2026-03-31 14:40:49.220865827,24143.07,23939.925021119245,CE,24100.0,ATM,157.52000000000044,170.5744677471151,13.054467747114671,1,50,7876.000000000022,652.7233873557336,612.7233873557336,8.28749856977821,True,TARGET_ACHIEVED,11.275121973105932,Multi-timeframe frozen,0.5,-0.05,0.2,0.02,0.5035578450759832,-0.052864657751612865,0.20215917391665325,0.01775583457982036,0.0035578450759832236,-0.002864657751612862,0.0021591739166532398,-0.0022441654201796404,61.64354322305232,24128.6475,856284.0,949152.6,0.0002266173936100735,0.0017446000032306985,40,3.1999999999999997,630.0800000000017,196.90000000000055
AI_ENHANCED_LOSING,FROZEN,2026-03-31 14:30:00.000000,2026-03-31 14:30:00.000000,2026-03-31 14:40:29.497534382,24143.07,23690.76069121008,CE,24100.0,ATM,157.52000000000044,172.70590535479477,15.185905354794329,1,50,7876.000000000022,759.2952677397165,719.2952677397165,9.640620463937461,True,TARGET_ACHIEVED,11.65658951089103,AI enhanced frozen,0.5,-0.05,0.2,0.02,0.46487883692739795,-0.05193407690129637,0.18180881104210286,0.01846936251788458,-0.035121163072602046,-0.0019340769012963638,-0.018191188957897148,-0.0015306374821154219,61.64354322305232,24128.6475,856284.0,949152.6,0.0002266173936100735,0.0017446000032306985,40,3.1999999999999997,630.0800000000017,196.90000000000055
RSI_DIVERGENCE_LOSING,FROZEN,2026-03-31 14:30:00.000000,2026-03-31 14:30:00.000000,2026-03-31 14:36:10.024430570,24143.07,24235.380636072725,CE,24100.0,ATM,157.52000000000044,172.34087831185872,14.82087831185828,1,50,7876.000000000022,741.043915592914,701.043915592914,9.408886688584458,True,TARGET_ACHIEVED,8.401556139068706,RSI frozen,0.5,-0.05,0.2,0.02,0.5226128094502481,-0.0505366586198636,0.20898443938282296,0.022010775256688545,0.022612809450248128,-0.0005366586198636003,0.00898443938282295,0.002010775256688545,61.64354322305232,24128.6475,856284.0,949152.6,0.0002266173936100735,0.0017446000032306985,40,3.1999999999999997,630.0800000000017,196.90000000000055
TREND_FOLLOWING_OPTIMIZED,FROZEN,2026-03-31 14:30:00.000000,2026-03-31 14:30:00.000000,2026-03-31 14:38:55.866785330,24143.07,24358.64232610578,CE,24100.0,ATM,157.52000000000044,170.8565909675862,13.33659096758575,1,50,7876.000000000022,666.8295483792874,626.8295483792874,8.466601680793366,True,TARGET_ACHIEVED,8.759163613395241,Trend frozen,0.5,-0.05,0.2,0.02,0.507078750624985,-0.041566118298583594,0.2177588791198018,0.017940719793327512,0.007078750624984975,0.008433881701416408,0.017758879119801785,-0.0020592802066724883,61.64354322305232,24128.6475,856284.0,949152.6,0.0002266173936100735,0.0017446000032306985,40,3.1999999999999997,630.0800000000017,196.90000000000055
MULTI_TIMEFRAME_LOSING,FROZEN,2026-03-31 14:45:00.000000,2026-03-31 14:45:00.000000,2026-03-31 14:51:31.060179276,24139.82,24349.574157415987,PE,24100.0,ATM,157.52000000000044,173.80930351199282,16.289303511992387,1,50,7876.000000000022,814.4651755996193,774.4651755996193,10.341101772468475,True,TARGET_ACHIEVED,10.741901185179387,Multi-timeframe frozen,0.5,-0.05,0.2,0.02,0.483324114435511,-0.040968009598609426,0.21936324509307417,0.023131322111115012,-0.016675885564489012,0.009031990401390577,0.01936324509307416,0.003131322111115012,47.55836622129229,24133.586499999998,647837.0,921407.5,-0.000261325520901301,0.0003794560191418103,40,3.1999999999999997,630.0800000000017,196.90000000000055
AI_ENHANCED_LOSING,FROZEN,2026-03-31 14:45:00.000000,2026-03-31 14:45:00.000000,2026-03-31 14:56:09.280641040,24139.82,24249.9010775282,PE,24100.0,ATM,157.52000000000044,155.28020643748843,-2.2397935625120056,1,50,7876.000000000022,-111.98967812560028,-151.98967812560028,-1.4219105907262566,False,STOP_LOSS,6.938324440023098,AI enhanced frozen,0.5,-0.05,0.2,0.02,0.5363601054775133,-0.059247903958957716,0.19989348990906455,0.01654448955125297,0.03636010547751334,-0.009247903958957714,-0.00010651009093545771,-0.003455510448747031,47.55836622129229,24133.586499999998,647837.0,921407.5,-0.000261325520901301,0.0003794560191418103,40,3.1999999999999997,630.0800000000017,196.90000000000055
TREND_FOLLOWING_OPTIMIZED,FROZEN,2026-03-31 14:45:00.000000,2026-03-31 14:45:00.000000,2026-03-31 14:54:16.880323896,24139.82,23821.729539664575,PE,24100.0,ATM,157.52000000000044,172.79919362262808,15.279193622627645,1,50,7876.000000000022,763.9596811313822,723.9596811313822,9.699843589783901,True,TARGET_ACHIEVED,8.98707235002515,Trend frozen,0.5,-0.05,0.2,0.02,0.45951853076579796,-0.05751031028865931,0.19432748565448932,0.01999758027910958,-0.04048146923420204,-0.007510310288659304,-0.005672514345510693,-2.419720890420307e-06,47.55836622129229,24133.586499999998,647837.0,921407.5,-0.000261325520901301,0.0003794560191418103,40,3.1999999999999997,630.0800000000017,196.90000000000055
MULTI_TIMEFRAME_LOSING,FROZEN,2026-03-31 15:00:00.000000,2026-03-31 15:00:00.000000,2026-03-31 15:08:12.715552946,24153.6,23885.607920784652,PE,24100.0,ITM,157.52000000000044,174.00732699218256,16.48732699218212,1,50,7876.000000000022,824.366349609106,784.366349609106,10.466815002654949,True,TARGET_ACHIEVED,8.097007902266764,Multi-timeframe frozen,0.5,-0.05,0.2,0.02,0.4804363270264995,-0.05203274366246117,0.18770996442378549,0.02402719677397576,-0.01956367297350048,-0.002032743662461166,-0.012290035576214525,0.004027196773975759,56.04123711340187,24137.114,1503593.0,951037.0,-0.0002475208592204181,0.002014192501324764,40,3.1999999999999997,630.0800000000017,196.90000000000055
AI_ENHANCED_LOSING,FROZEN,2026-03-31 15:00:00.000000,2026-03-31 15:00:00.000000,2026-03-31 15:08:48.250027895,24153.6,24454.99692972138,PE,24100.0,ITM,157.52000000000044,169.7173180815441,12.19731808154367,1,50,7876.000000000022,609.8659040771836,569.8659040771836,7.743345658674223,True,TARGET_ACHIEVED,10.910290501606609,AI enhanced frozen,0.5,-0.05,0.2,0.02,0.5252254441729292,-0.04173865547300337,0.18098770272257755,0.017147534678402583,0.025225444172929157,0.00826134452699663,-0.019012297277422457,-0.0028524653215974173,56.04123711340187,24137.114,1503593.0,951037.0,-0.0002475208592204181,0.002014192501324764,40,3.1999999999999997,630.0800000000017,196.90000000000055
RSI_DIVERGENCE_LOSING,FROZEN,2026-03-31 15:00:00.000000,2026-03-31 15:00:00.000000,2026-03-31 15:05:54.885672330,24153.6,24146.202273806313,PE,24100.0,ITM,157.52000000000044,171.82162765083802,14.301627650837588,1,50,7876.000000000022,715.0813825418794,675.0813825418794,9.079245588393569,True,TARGET_ACHIEVED,11.076602974862238,RSI frozen,0.5,-0.05,0.2,0.02,0.5354866617660896,-0.04694078597467016,0.20866434293161368,0.023541795785096735,0.03548666176608961,0.00305921402532984,0.008664342931613667,0.0035417957850967345,56.04123711340187,24137.114,1503593.0,951037.0,-0.0002475208592204181,0.002014192501324764,40,3.1999999999999997,630.0800000000017,196.90000000000055
TREND_FOLLOWING_OPTIMIZED,FROZEN,2026-03-31 15:00:00.000000,2026-03-31 15:00:00.000000,2026-03-31 15:10:53.651543430,24153.6,24159.031614591368,PE,24100.0,ITM,157.52000000000044,171.07551734812645,13.555517348126017,1,50,7876.000000000022,677.7758674063009,637.7758674063009,8.605584908663015,True,TARGET_ACHIEVED,5.994553965611902,Trend frozen,0.5,-0.05,0.2,0.02,0.5212277975670049,-0.04723405223401741,0.18966627878928674,0.0170288202228161,0.02122779756700488,0.0027659477659825946,-0.01033372121071327,-0.0029711797771839014,56.04123711340187,24137.114,1503593.0,951037.0,-0.0002475208592204181,0.002014192501324764,40,3.1999999999999997,630.0800000000017,196.90000000000055
VOLUME_SPIKE_LOSING,FROZEN,2026-03-31 15:00:00.000000,2026-03-31 15:00:00.000000,2026-03-31 15:07:50.376945668,24153.6,24004.33580175098,PE,24100.0,ITM,157.52000000000044,172.07105587535295,14.551055875352517,1,50,7876.000000000022,727.5527937676259,687.5527937676259,9.23759260751173,True,TARGET_ACHIEVED,9.655356035308003,Volume frozen,0.5,-0.05,0.2,0.02,0.5284695767324408,-0.043502228952048715,0.20445868046526253,0.023822257023641817,0.02846957673244077,0.006497771047951288,0.004458680465262516,0.0038222570236418167,56.04123711340187,24137.114,1503593.0,951037.0,-0.0002475208592204181,0.002014192501324764,40,3.1999999999999997,630.0800000000017,196.90000000000055
HIGH_VOLUME_LOSING,FROZEN,2026-03-31 15:00:00.000000,2026-03-31 15:00:00.000000,2026-03-31 15:07:13.589901206,24153.6,23997.09326043455,PE,24100.0,ITM,157.52000000000044,170.70113865081564,13.1811386508152,1,50,7876.000000000022,659.05693254076,619.05693254076,8.367914328856758,True,TARGET_ACHIEVED,6.2844499479806695,High volume frozen,0.5,-0.05,0.2,0.02,0.5122467852900868,-0.05575183248664947,0.18048224953435127,0.024423204056164913,0.012246785290086826,-0.005751832486649469,-0.019517750465648742,0.004423204056164913,56.04123711340187,24137.114,1503593.0,951037.0,-0.0002475208592204181,0.002014192501324764,40,3.1999999999999997,630.0800000000017,196.90000000000055
MULTI_TIMEFRAME_LOSING,FROZEN,2026-03-31 15:15:00.000000,2026-03-31 15:15:00.000000,2026-03-31 15:26:55.245747041,24229.94,24513.30093314226,PE,24200.0,ATM,107.52000000000044,118.35806437342289,10.838064373422455,1,50,5376.000000000022,541.9032186711228,501.9032186711228,10.080044990162213,True,TARGET_ACHIEVED,10.883416405034728,Multi-timeframe frozen,0.5,-0.05,0.2,0.02,0.5170121518164396,-0.059807994550504257,0.21071159906313236,0.01610723862937122,0.017012151816439558,-0.009807994550504254,0.010711599063132349,-0.003892761370628779,64.93626576844316,24205.695,281339.0,984448.9,-0.0007196650856030606,0.003074708397957238,40,3.1999999999999997,430.08000000000175,134.40000000000055
AI_ENHANCED_LOSING,FROZEN,2026-03-31 15:15:00.000000,2026-03-31 15:15:00.000000,2026-03-31 15:26:49.253028343,24229.94,24303.242457099514,PE,24200.0,ATM,107.52000000000044,117.85621788731088,10.33621788731044,1,50,5376.000000000022,516.810894365522,476.810894365522,9.61329788626339,True,TARGET_ACHIEVED,5.422506110830812,AI enhanced frozen,0.5,-0.05,0.2,0.02,0.4978504038602367,-0.05281153336237857,0.21101531899674042,0.018480228304188683,-0.002149596139763288,-0.0028115333623785696,0.011015318996740409,-0.001519771695811318,64.93626576844316,24205.695,281339.0,984448.9,-0.0007196650856030606,0.003074708397957238,40,3.1999999999999997,430.08000000000175,134.40000000000055
RSI_DIVERGENCE_LOSING,FROZEN,2026-03-31 15:15:00.000000,2026-03-31 15:15:00.000000,2026-03-31 15:21:45.522593647,24229.94,24426.291556226057,PE,24200.0,ATM,107.52000000000044,116.1568310406845,8.636831040684058,1,50,5376.000000000022,431.8415520342029,391.8415520342029,8.032766964921896,True,TARGET_ACHIEVED,6.465970901408792,RSI frozen,0.5,-0.05,0.2,0.02,0.5468263886750175,-0.046132503087034066,0.20673152914635873,0.017731091667889304,0.04682638867501754,0.003867496912965937,0.006731529146358717,-0.0022689083321106966,64.93626576844316,24205.695,281339.0,984448.9,-0.0007196650856030606,0.003074708397957238,40,3.1999999999999997,430.08000000000175,134.40000000000055
TREND_FOLLOWING_OPTIMIZED,FROZEN,2026-03-31 15:15:00.000000,2026-03-31 15:15:00.000000,2026-03-31 15:20:03.853845538,24229.94,24181.3546262565,PE,24200.0,ATM,107.52000000000044,118.16492685451324,10.644926854512804,1,50,5376.000000000022,532.2463427256401,492.24634272564015,9.90041560129535,True,TARGET_ACHIEVED,5.532710787177218,Trend frozen,0.5,-0.05,0.2,0.02,0.4592462218631642,-0.04832746586896363,0.18825516468474351,0.015896576510015605,-0.04075377813683578,0.0016725341310363726,-0.011744835315256497,-0.004103423489984395,64.93626576844316,24205.695,281339.0,984448.9,-0.0007196650856030606,0.003074708397957238,40,3.1999999999999997,430.08000000000175,134.40000000000055
MACD_DIVERGENCE_LOSING,RE-OPTIMIZED,2026-03-31 15:15:00.000000,2026-03-31 15:15:00.000000,2026-03-31 15:25:34.261858567,24229.94,24351.11718215217,PE,24200.0,ATM,107.52000000000044,115.35696963060023,7.836969630599796,1,50,5376.000000000022,391.84848152998984,351.84848152998984,7.288848242745318,True,TARGET_ACHIEVED,5.0273607380034715,MACD re-optimized,0.5,-0.05,0.2,0.02,0.5469786918424953,-0.04108239087365298,0.20030224389063428,0.02350405160661696,0.04697869184249526,0.008917609126347023,0.0003022438906342684,0.003504051606616959,64.93626576844316,24205.695,281339.0,984448.9,-0.0007196650856030606,0.003074708397957238,40,3.1999999999999997,430.08000000000175,134.40000000000055
MOMENTUM_REVERSAL_LOSING,RE-OPTIMIZED,2026-03-31 15:15:00.000000,2026-03-31 15:15:00.000000,2026-03-31 15:25:25.982257173,24229.94,24195.13538258766,PE,24200.0,ATM,107.52000000000044,116.85722343181152,9.337223431811083,1,50,5376.000000000022,466.86117159055414,426.86117159055414,8.684173578693308,True,TARGET_ACHIEVED,10.216693717490244,Momentum re-optimized,0.5,-0.05,0.2,0.02,0.517131737892249,-0.04427394996766085,0.20130146266528448,0.02118391853217328,0.017131737892248977,0.0057260500323391555,0.0013014626652844696,0.0011839185321732802,64.93626576844316,24205.695,281339.0,984448.9,-0.0007196650856030606,0.003074708397957238,40,3.1999999999999997,430.08000000000175,134.40000000000055
MULTI_TIMEFRAME_LOSING,FROZEN,2026-04-01 09:15:00.000000,2026-04-01 09:15:00.000000,2026-04-01 09:24:12.854871985,22793.71,22895.740488760894,PE,23800.0,OTM,307.52000000000044,333.24209206946756,25.722092069467124,1,50,15376.000000000022,1286.1046034733563,1246.1046034733563,8.364363966397987,True,TARGET_ACHIEVED,7.31689056214715,Multi-timeframe frozen,0.5,-0.05,0.2,0.02,0.47292456372679925,-0.04719881827176276,0.21477598185762248,0.0196225338544868,-0.027075436273200748,0.002801181728237241,0.014775981857622467,-0.0003774661455132021,10.956466336383485,24166.4925,854867.0,844649.6,-0.06226238967743214,0.004954436991608663,40,3.1999999999999997,1230.0800000000017,384.40000000000055
AI_ENHANCED_LOSING,FROZEN,2026-04-01 09:15:00.000000,2026-04-01 09:15:00.000000,2026-04-01 09:26:01.655998830,22793.71,22939.07031078808,PE,23800.0,OTM,307.52000000000044,304.3355064602033,-3.1844935397971312,1,50,15376.000000000022,-159.22467698985656,-199.22467698985656,-1.0355403030037482,False,STOP_LOSS,11.51152213446841,AI enhanced frozen,0.5,-0.05,0.2,0.02,0.4879342393887202,-0.04171537529914567,0.19235867048224747,0.020556487856404113,-0.012065760611279785,0.00828462470085433,-0.0076413295177525375,0.0005564878564041122,10.956466336383485,24166.4925,854867.0,844649.6,-0.06226238967743214,0.004954436991608663,40,3.1999999999999997,1230.0800000000017,384.40000000000055
RSI_DIVERGENCE_LOSING,FROZEN,2026-04-01 09:15:00.000000,2026-04-01 09:15:00.000000,2026-04-01 09:24:30.380473965,22793.71,22347.84700908456,PE,23800.0,OTM,307.52000000000044,330.5399596936883,23.019959693687838,1,50,15376.000000000022,1150.997984684392,1110.997984684392,7.485678880621685,True,TARGET_ACHIEVED,10.27389971520429,RSI frozen,0.5,-0.05,0.2,0.02,0.47908806958291567,-0.057894504793226935,0.2085830065744993,0.02281895740328179,-0.020911930417084335,-0.007894504793226932,0.008583006574499286,0.0028189574032817903,10.956466336383485,24166.4925,854867.0,844649.6,-0.06226238967743214,0.004954436991608663,40,3.1999999999999997,1230.0800000000017,384.40000000000055
STOCHASTIC_OVERSOLD_LOSING,FROZEN,2026-04-01 09:15:00.000000,2026-04-01 09:15:00.000000,2026-04-01 09:25:14.905024661,22793.71,22358.436495999806,PE,23800.0,OTM,307.52000000000044,330.0454687494102,22.525468749409754,1,50,15376.000000000022,1126.2734374704878,1086.2734374704878,7.324879275952694,True,TARGET_ACHIEVED,9.932312505491687,Stochastic frozen,0.5,-0.05,0.2,0.02,0.4733879671348579,-0.05740585106016624,0.19204479286304743,0.017001685907565033,-0.026612032865142077,-0.007405851060166238,-0.00795520713695258,-0.002998314092434968,10.956466336383485,24166.4925,854867.0,844649.6,-0.06226238967743214,0.004954436991608663,40,3.1999999999999997,1230.0800000000017,384.40000000000055
TREND_FOLLOWING_OPTIMIZED,FROZEN,2026-04-01 09:15:00.000000,2026-04-01 09:15:00.000000,2026-04-01 09:26:34.645259232,22793.71,22410.771864056867,PE,23800.0,OTM,307.52000000000044,331.49282577389937,23.972825773898933,1,50,15376.000000000022,1198.6412886949465,1158.6412886949465,7.795533875487415,True,TARGET_ACHIEVED,10.441022136709764,Trend frozen,0.5,-0.05,0.2,0.02,0.5006120610337895,-0.0424687403073983,0.21872087602588425,0.01632896099574542,0.0006120610337895238,0.007531259692601704,0.018720876025884237,-0.0036710390042545803,10.956466336383485,24166.4925,854867.0,844649.6,-0.06226238967743214,0.004954436991608663,40,3.1999999999999997,1230.0800000000017,384.40000000000055
STRONG_MOMENTUM_LOSING,FROZEN,2026-04-01 09:15:00.000000,2026-04-01 09:15:00.000000,2026-04-01 09:24:05.464294353,22793.71,22396.14927160133,PE,23800.0,OTM,307.52000000000044,335.4521076751415,27.932107675141083,1,50,15376.000000000022,1396.6053837570541,1356.6053837570541,9.083021486453253,True,TARGET_ACHIEVED,9.269781771939478,Strong momentum frozen,0.5,-0.05,0.2,0.02,0.5385765707307577,-0.04509438849347493,0.19158602574376046,0.022177797461307835,0.03857657073075771,0.004905611506525076,-0.008413974256239548,0.0021777974613078344,10.956466336383485,24166.4925,854867.0,844649.6,-0.06226238967743214,0.004954436991608663,40,3.1999999999999997,1230.0800000000017,384.40000000000055
MACD_DIVERGENCE_LOSING,RE-OPTIMIZED,2026-04-01 09:15:00.000000,2026-04-01 09:15:00.000000,2026-04-01 09:21:02.355180764,22793.71,22932.498952708505,PE,23800.0,OTM,307.52000000000044,335.597199303598,28.07719930359758,1,50,15376.000000000022,1403.859965179879,1363.859965179879,9.13020268717402,True,TARGET_ACHIEVED,7.603939961864679,MACD re-optimized,0.5,-0.05,0.2,0.02,0.5047829533028404,-0.0408179269929887,0.18096903752332996,0.019495328293246215,0.004782953302840398,0.0091820730070113,-0.01903096247667005,-0.0005046717067537856,10.956466336383485,24166.4925,854867.0,844649.6,-0.06226238967743214,0.004954436991608663,40,3.1999999999999997,1230.0800000000017,384.40000000000055
CCI_EXTREME_LOSING,RE-OPTIMIZED,2026-04-01 09:15:00.000000,2026-04-01 09:15:00.000000,2026-04-01 09:25:04.367260490,22793.71,23097.51442526619,PE,23800.0,OTM,307.52000000000044,330.8106728008115,23.29067280081108,1,50,15376.000000000022,1164.533640040554,1124.533640040554,7.573709937828775,True,TARGET_ACHIEVED,11.62626914468105,CCI re-optimized,0.5,-0.05,0.2,0.02,0.49540037263296544,-0.0574990083616584,0.2000323267078623,0.01749898121810077,-0.004599627367034564,-0.007499008361658399,3.2326707862295745e-05,-0.00250101878189923,10.956466336383485,24166.4925,854867.0,844649.6,-0.06226238967743214,0.004954436991608663,40,3.1999999999999997,1230.0800000000017,384.40000000000055
MOMENTUM_REVERSAL_LOSING,RE-OPTIMIZED,2026-04-01 09:15:00.000000,2026-04-01 09:15:00.000000,2026-04-01 09:23:32.081913034,22793.71,23219.410397423097,PE,23800.0,OTM,307.52000000000044,339.2422005702812,31.72220057028079,1,50,15376.000000000022,1586.1100285140396,1546.1100285140396,10.31549186078328,True,TARGET_ACHIEVED,9.991380428767279,Momentum re-optimized,0.5,-0.05,0.2,0.02,0.5163322698272189,-0.051342239707290724,0.21403695940396883,0.023995993719953645,0.016332269827218915,-0.001342239707290721,0.014036959403968818,0.003995993719953645,10.956466336383485,24166.4925,854867.0,844649.6,-0.06226238967743214,0.004954436991608663,40,3.1999999999999997,1230.0800000000017,384.40000000000055
BOLLINGER_SQUEEZE_LOSING,RE-OPTIMIZED,2026-04-01 09:15:00.000000,2026-04-01 09:15:00.000000,2026-04-01 09:20:22.134512633,22793.71,22872.964234243787,PE,23800.0,OTM,307.52000000000044,331.3305357244181,23.81053572441766,1,50,15376.000000000022,1190.526786220883,1150.526786220883,7.742760056067126,True,TARGET_ACHIEVED,8.860142548632279,Bollinger re-optimized,0.5,-0.05,0.2,0.02,0.4859132826991175,-0.04811143251333117,0.20492753916987505,0.02120162877077069,-0.014086717300882512,0.001888567486668831,0.004927539169875039,0.00120162877077069,10.956466336383485,24166.4925,854867.0,844649.6,-0.06226238967743214,0.004954436991608663,40,3.1999999999999997,1230.0800000000017,384.40000000000055
BREAKOUT_REVERSAL_LOSING,RE-OPTIMIZED,2026-04-01 09:15:00.000000,2026-04-01 09:15:00.000000,2026-04-01 09:23:27.524192272,22793.71,22645.096266375713,PE,23800.0,OTM,307.52000000000044,333.9297678637895,26.409767863789057,1,50,15376.000000000022,1320.4883931894528,1280.4883931894528,8.587983826674368,True,TARGET_ACHIEVED,8.57835801640341,Breakout re-optimized,0.5,-0.05,0.2,0.02,0.4545433080122586,-0.04472335843050639,0.21431260091358487,0.02141019885033076,-0.04545669198774138,0.005276641569493611,0.014312600913584855,0.0014101988503307586,10.956466336383485,24166.4925,854867.0,844649.6,-0.06226238967743214,0.004954436991608663,40,3.1999999999999997,1230.0800000000017,384.40000000000055
MULTI_TIMEFRAME_LOSING,FROZEN,2026-04-01 09:30:00.000000,2026-04-01 09:30:00.000000,2026-04-01 09:40:10.377997353,22823.95,23242.620289825638,CE,23800.0,OTM,307.52000000000044,341.30712677521296,33.78712677521253,1,50,15376.000000000022,1689.3563387606264,1649.3563387606264,10.986968904530594,True,TARGET_ACHIEVED,11.050566747433452,Multi-timeframe frozen,0.5,-0.05,0.2,0.02,0.5137396198346689,-0.04508571051459543,0.20479759135157288,0.016209362654103724,0.01373961983466887,0.004914289485404573,0.004797591351572872,-0.0037906373458962764,61.57814871016736,23090.084,941548.0,974012.35,0.0009130325529871364,0.0011032270925935383,40,3.1999999999999997,1230.0800000000017,384.40000000000055
AI_ENHANCED_LOSING,FROZEN,2026-04-01 09:30:00.000000,2026-04-01 09:30:00.000000,2026-04-01 09:41:40.819810265,22823.95,22807.17531588049,CE,23800.0,OTM,307.52000000000044,339.02393876909656,31.503938769096123,1,50,15376.000000000022,1575.196938454806,1535.196938454806,10.24451702949274,True,TARGET_ACHIEVED,10.94535973175973,AI enhanced frozen,0.5,-0.05,0.2,0.02,0.5105619703245914,-0.052221189450071696,0.1807960007897163,0.02377251510275337,0.010561970324591385,-0.0022211894500716936,-0.019203999210283706,0.003772515102753369,61.57814871016736,23090.084,941548.0,974012.35,0.0009130325529871364,0.0011032270925935383,40,3.1999999999999997,1230.0800000000017,384.40000000000055
RSI_DIVERGENCE_LOSING,FROZEN,2026-04-01 09:30:00.000000,2026-04-01 09:30:00.000000,2026-04-01 09:37:46.911269194,22823.95,23024.35399099572,CE,23800.0,OTM,307.52000000000044,340.1538070173119,32.63380701731148,1,50,15376.000000000022,1631.6903508655741,1591.6903508655741,10.611929961404604,True,TARGET_ACHIEVED,9.732264821426117,RSI frozen,0.5,-0.05,0.2,0.02,0.5117516018680807,-0.04270151997179937,0.20048326088786964,0.01646470013565486,0.011751601868080663,0.007298480028200632,0.0004832608878696243,-0.0035352998643451393,61.57814871016736,23090.084,941548.0,974012.35,0.0009130325529871364,0.0011032270925935383,40,3.1999999999999997,1230.0800000000017,384.40000000000055
TREND_FOLLOWING_OPTIMIZED,FROZEN,2026-04-01 09:30:00.000000,2026-04-01 09:30:00.000000,2026-04-01 09:38:51.168894066,22823.95,22959.498435518017,CE,23800.0,OTM,307.52000000000044,303.47126266175053,-4.048737338249907,1,50,15376.000000000022,-202.43686691249536,-242.43686691249536,-1.316576918005301,False,STOP_LOSS,9.67030364670059,Trend frozen,0.5,-0.05,0.2,0.02,0.4886658230878311,-0.04980331256006412,0.18292953377767357,0.02055451544358048,-0.011334176912168925,0.00019668743993588034,-0.01707046622232644,0.0005545154435804799,61.57814871016736,23090.084,941548.0,974012.35,0.0009130325529871364,0.0011032270925935383,40,3.1999999999999997,1230.0800000000017,384.40000000000055
MACD_DIVERGENCE_LOSING,RE-OPTIMIZED,2026-04-01 09:30:00.000000,2026-04-01 09:30:00.000000,2026-04-01 09:37:16.279174329,22823.95,22814.523272814236,CE,23800.0,OTM,307.52000000000044,303.760512065711,-3.7594879342894387,1,50,15376.000000000022,-187.97439671447194,-227.97439671447194,-1.2225181888298104,False,STOP_LOSS,10.211490775869926,MACD re-optimized,0.5,-0.05,0.2,0.02,0.5456199760861815,-0.05980387447031135,0.19585565360108945,0.022089265169307676,0.04561997608618151,-0.00980387447031135,-0.0041443463989105644,0.0020892651693076754,61.57814871016736,23090.084,941548.0,974012.35,0.0009130325529871364,0.0011032270925935383,40,3.1999999999999997,1230.0800000000017,384.40000000000055
CCI_EXTREME_LOSING,RE-OPTIMIZED,2026-04-01 09:30:00.000000,2026-04-01 09:30:00.000000,2026-04-01 09:38:03.562040247,22823.95,23002.107935924112,CE,23800.0,OTM,307.52000000000044,331.69577154774504,24.175771547744603,1,50,15376.000000000022,1208.7885773872301,1168.7885773872301,7.86152820881392,True,TARGET_ACHIEVED,7.5178809970599545,CCI re-optimized,0.5,-0.05,0.2,0.02,0.537799339731153,-0.051207890407831844,0.1809257048899567,0.017746537823714558,0.037799339731153014,-0.0012078904078318409,-0.0190742951100433,-0.0022534621762854423,61.57814871016736,23090.084,941548.0,974012.35,0.0009130325529871364,0.0011032270925935383,40,3.1999999999999997,1230.0800000000017,384.40000000000055
MOMENTUM_REVERSAL_LOSING,RE-OPTIMIZED,2026-04-01 09:30:00.000000,2026-04-01 09:30:00.000000,2026-04-01 09:40:57.726877454,22823.95,22426.093533723113,CE,23800.0,OTM,307.52000000000044,303.03996486062437,-4.480035139376071,1,50,15376.000000000022,-224.00175696880353,-264.00175696880353,-1.456827243553611,False,STOP_LOSS,11.663234450287494,Momentum re-optimized,0.5,-0.05,0.2,0.02,0.5306549971101194,-0.04905026852187988,0.21097584722737836,0.020848745389497082,0.03065499711011943,0.0009497314781201222,0.01097584722737835,0.0008487453894970819,61.57814871016736,23090.084,941548.0,974012.35,0.0009130325529871364,0.0011032270925935383,40,3.1999999999999997,1230.0800000000017,384.40000000000055
BOLLINGER_SQUEEZE_LOSING,RE-OPTIMIZED,2026-04-01 09:30:00.000000,2026-04-01 09:30:00.000000,2026-04-01 09:40:31.624675404,22823.95,22822.765814512277,CE,23800.0,OTM,307.52000000000044,331.3695807454388,23.849580745438345,1,50,15376.000000000022,1192.4790372719172,1152.4790372719172,7.7554567980743725,True,TARGET_ACHIEVED,7.932273495724135,Bollinger re-optimized,0.5,-0.05,0.2,0.02,0.4844004043264228,-0.04241365435773307,0.1959796874664916,0.015653157994260657,-0.015599595673577216,0.007586345642266935,-0.004020312533508402,-0.004346842005739343,61.57814871016736,23090.084,941548.0,974012.35,0.0009130325529871364,0.0011032270925935383,40,3.1999999999999997,1230.0800000000017,384.40000000000055
BREAKOUT_REVERSAL_LOSING,RE-OPTIMIZED,2026-04-01 09:30:00.000000,2026-04-01 09:30:00.000000,2026-04-01 09:37:58.031487297,22823.95,22937.681152350502,CE,23800.0,OTM,307.52000000000044,301.38958591575795,-6.130414084242489,1,50,15376.000000000022,-306.52070421212443,-346.52070421212443,-1.9935009379040323,False,STOP_LOSS,9.16109683926319,Breakout re-optimized,0.5,-0.05,0.2,0.02,0.5146002898242804,-0.04269750229100426,0.1809559344469587,0.01909110730485189,0.01460028982428041,0.007302497708995742,-0.019044065553041306,-0.0009088926951481106,61.57814871016736,23090.084,941548.0,974012.35,0.0009130325529871364,0.0011032270925935383,40,3.1999999999999997,1230.0800000000017,384.40000000000055
MULTI_TIMEFRAME_LOSING,FROZEN,2026-04-01 09:45:00.000000,2026-04-01 09:45:00.000000,2026-04-01 09:54:17.528071539,22868.88,23310.34142111109,CE,23800.0,OTM,307.52000000000044,302.9890797755573,-4.53092022444315,1,50,15376.000000000022,-226.54601122215752,-266.5460112221575,-1.4733741624750079,False,STOP_LOSS,10.311859506105696,Multi-timeframe frozen,0.5,-0.05,0.2,0.02,0.48345283855626836,-0.05278235632537792,0.18223461526824494,0.02176993105832605,-0.01654716144373164,-0.0027823563253779188,-0.01776538473175507,0.0017699310583260512,64.656014203285,22838.9275,897050.0,1017812.35,0.0017583099198641428,0.0025528141299441588,40,3.1999999999999997,1230.0800000000017,384.40000000000055
AI_ENHANCED_LOSING,FROZEN,2026-04-01 09:45:00.000000,2026-04-01 09:45:00.000000,2026-04-01 09:56:24.234591889,22868.88,22916.786422523266,CE,23800.0,OTM,307.52000000000044,301.5161956251613,-6.003804374839149,1,50,15376.000000000022,-300.19021874195744,-340.19021874195744,-1.9523297264695434,False,STOP_LOSS,10.95287161798446,AI enhanced frozen,0.5,-0.05,0.2,0.02,0.4638821849649422,-0.046336020693675706,0.2076374095569594,0.021107559841603812,-0.03611781503505779,0.003663979306324297,0.007637409556959379,0.001107559841603812,64.656014203285,22838.9275,897050.0,1017812.35,0.0017583099198641428,0.0025528141299441588,40,3.1999999999999997,1230.0800000000017,384.40000000000055
RSI_DIVERGENCE_LOSING,FROZEN,2026-04-01 09:45:00.000000,2026-04-01 09:45:00.000000,2026-04-01 09:53:42.530543215,22868.88,22715.58516114982,CE,23800.0,OTM,307.52000000000044,332.05231496851525,24.53231496851481,1,50,15376.000000000022,1226.6157484257405,1186.6157484257405,7.977469747826086,True,TARGET_ACHIEVED,11.871697334206594,RSI frozen,0.5,-0.05,0.2,0.02,0.5259563277854068,-0.05899665268302528,0.19445451397919528,0.022182185837557197,0.025956327785406796,-0.008996652683025276,-0.005545486020804735,0.002182185837557197,64.656014203285,22838.9275,897050.0,1017812.35,0.0017583099198641428,0.0025528141299441588,40,3.1999999999999997,1230.0800000000017,384.40000000000055
TREND_FOLLOWING_OPTIMIZED,FROZEN,2026-04-01 09:45:00.000000,2026-04-01 09:45:00.000000,2026-04-01 09:51:45.030383205,22868.88,23322.090427734707,CE,23800.0,OTM,307.52000000000044,332.64220889216955,25.122208892169112,1,50,15376.000000000022,1256.1104446084555,1216.1104446084555,8.169292693863513,True,TARGET_ACHIEVED,6.577888388755121,Trend frozen,0.5,-0.05,0.2,0.02,0.5358212492256025,-0.05381060769090737,0.18099871256980693,0.017527484838198142,0.03582124922560248,-0.0038106076909073666,-0.01900128743019308,-0.002472515161801858,64.656014203285,22838.9275,897050.0,1017812.35,0.0017583099198641428,0.0025528141299441588,40,3.1999999999999997,1230.0800000000017,384.40000000000055
STRONG_MOMENTUM_LOSING,FROZEN,2026-04-01 09:45:00.000000,2026-04-01 09:45:00.000000,2026-04-01 09:55:52.335166360,22868.88,23081.81274909885,CE,23800.0,OTM,307.52000000000044,340.1372279606086,32.61722796060815,1,50,15376.000000000022,1630.8613980304074,1590.8613980304074,10.606538748897016,True,TARGET_ACHIEVED,11.273319172595833,Strong momentum frozen,0.5,-0.05,0.2,0.02,0.5169595086944188,-0.05066108426999289,0.21016107318388938,0.022899975294863952,0.016959508694418757,-0.0006610842699928884,0.010161073183889369,0.0028999752948639518,64.656014203285,22838.9275,897050.0,1017812.35,0.0017583099198641428,0.0025528141299441588,40,3.1999999999999997,1230.0800000000017,384.40000000000055
MACD_DIVERGENCE_LOSING,RE-OPTIMIZED,2026-04-01 09:45:00.000000,2026-04-01 09:45:00.000000,2026-04-01 09:52:39.786560051,22868.88,22689.211358763532,CE,23800.0,OTM,307.52000000000044,301.12157710715627,-6.398422892844167,1,50,15376.000000000022,-319.92114464220833,-359.92114464220833,-2.080652605633506,False,STOP_LOSS,11.50823546649,MACD re-optimized,0.5,-0.05,0.2,0.02,0.5193252892936528,-0.04961966536321402,0.21843577906665415,0.024041890831592163,0.019325289293652848,0.0003803346367859811,0.01843577906665414,0.0040418908315921626,64.656014203285,22838.9275,897050.0,1017812.35,0.0017583099198641428,0.0025528141299441588,40,3.1999999999999997,1230.0800000000017,384.40000000000055
CCI_EXTREME_LOSING,RE-OPTIMIZED,2026-04-01 09:45:00.000000,2026-04-01 09:45:00.000000,2026-04-01 09:50:13.626089073,22868.88,22835.204554199485,CE,23800.0,OTM,307.52000000000044,331.228051136828,23.708051136827578,1,50,15376.000000000022,1185.402556841379,1145.402556841379,7.709433902454327,True,TARGET_ACHIEVED,8.430984072877052,CCI re-optimized,0.5,-0.05,0.2,0.02,0.47945060648094495,-0.04074599461593182,0.2141155379803873,0.02374101600998515,-0.020549393519055048,0.009254005384068183,0.014115537980387283,0.003741016009985148,64.656014203285,22838.9275,897050.0,1017812.35,0.0017583099198641428,0.0025528141299441588,40,3.1999999999999997,1230.0800000000017,384.40000000000055
MOMENTUM_REVERSAL_LOSING,RE-OPTIMIZED,2026-04-01 09:45:00.000000,2026-04-01 09:45:00.000000,2026-04-01 09:56:07.709316952,22868.88,22661.96448814324,CE,23800.0,OTM,307.52000000000044,335.6691242744947,28.149124274494284,1,50,15376.000000000022,1407.4562137247142,1367.4562137247142,9.15359140039485,True,TARGET_ACHIEVED,7.838234916435685,Momentum re-optimized,0.5,-0.05,0.2,0.02,0.47154069326331244,-0.055556950248556225,0.20491652812560698,0.017288918818052185,-0.028459306736687562,-0.005556950248556222,0.004916528125606973,-0.002711081181947815,64.656014203285,22838.9275,897050.0,1017812.35,0.0017583099198641428,0.0025528141299441588,40,3.1999999999999997,1230.0800000000017,384.40000000000055
MULTI_TIMEFRAME_LOSING,FROZEN,2026-04-01 10:00:00.000000,2026-04-01 10:00:00.000000,2026-04-01 10:07:20.164921096,22944.85,22872.83525148557,PE,23800.0,OTM,307.52000000000044,303.94383480806727,-3.576165191933171,1,50,15376.000000000022,-178.80825959665856,-218.80825959665856,-1.162904914130192,False,STOP_LOSS,11.825112583799598,Multi-timeframe frozen,0.5,-0.05,0.2,0.02,0.5373098110552704,-0.04641449767265331,0.18394341373591572,0.01678241962915498,0.037309811055270425,0.0035855023273466957,-0.016056586264084294,-0.003217580370845019,64.61088289910543,22919.306,1533072.0,1047325.75,-0.0006750768172087973,0.004015715944972376,40,3.1999999999999997,1230.0800000000017,384.40000000000055
AI_ENHANCED_LOSING,FROZEN,2026-04-01 10:00:00.000000,2026-04-01 10:00:00.000000,2026-04-01 10:11:59.560771126,22944.85,22845.648327175946,PE,23800.0,OTM,307.52000000000044,335.23272129094937,27.712721290948934,1,50,15376.000000000022,1385.6360645474467,1345.6360645474467,9.011680960896493,True,TARGET_ACHIEVED,7.859921441569872,AI enhanced frozen,0.5,-0.05,0.2,0.02,0.5343612981934175,-0.048807721559231895,0.18299666813701201,0.023770696846692866,0.03436129819341749,0.0011922784407681075,-0.017003331862987997,0.0037706968466928656,64.61088289910543,22919.306,1533072.0,1047325.75,-0.0006750768172087973,0.004015715944972376,40,3.1999999999999997,1230.0800000000017,384.40000000000055
RSI_DIVERGENCE_LOSING,FROZEN,2026-04-01 10:00:00.000000,2026-04-01 10:00:00.000000,2026-04-01 10:11:39.000623232,22944.85,22630.278859026672,PE,23800.0,OTM,307.52000000000044,338.60810472251666,31.08810472251622,1,50,15376.000000000022,1554.405236125811,1514.405236125811,10.10929524015224,True,TARGET_ACHIEVED,9.276004768863148,RSI frozen,0.5,-0.05,0.2,0.02,0.47224873662046885,-0.042369843595780866,0.21788395172898578,0.01575586217197521,-0.027751263379531155,0.007630156404219136,0.01788395172898577,-0.00424413782802479,64.61088289910543,22919.306,1533072.0,1047325.75,-0.0006750768172087973,0.004015715944972376,40,3.1999999999999997,1230.0800000000017,384.40000000000055
TREND_FOLLOWING_OPTIMIZED,FROZEN,2026-04-01 10:00:00.000000,2026-04-01 10:00:00.000000,2026-04-01 10:11:42.623959300,22944.85,22789.38471137307,PE,23800.0,OTM,307.52000000000044,300.83787291069433,-6.682127089306107,1,50,15376.000000000022,-334.10635446530534,-374.10635446530534,-2.172908132578726,False,STOP_LOSS,5.768788145965787,Trend frozen,0.5,-0.05,0.2,0.02,0.5105997960400981,-0.04323544721113399,0.19088979352783597,0.022507786117217397,0.010599796040098086,0.006764552788866014,-0.00911020647216404,0.002507786117217397,64.61088289910543,22919.306,1533072.0,1047325.75,-0.0006750768172087973,0.004015715944972376,40,3.1999999999999997,1230.0800000000017,384.40000000000055
VOLUME_SPIKE_LOSING,FROZEN,2026-04-01 10:00:00.000000,2026-04-01 10:00:00.000000,2026-04-01 10:11:55.841498776,22944.85,23037.20165771862,PE,23800.0,OTM,307.52000000000044,332.9473921959206,25.427392195920163,1,50,15376.000000000022,1271.3696097960083,1231.3696097960083,8.268532842065598,True,TARGET_ACHIEVED,9.610774424263827,Volume frozen,0.5,-0.05,0.2,0.02,0.48887729915933537,-0.04059237013265222,0.18849415354005808,0.022736260522303396,-0.011122700840664634,0.009407629867347785,-0.011505846459941932,0.0027362605223033958,64.61088289910543,22919.306,1533072.0,1047325.75,-0.0006750768172087973,0.004015715944972376,40,3.1999999999999997,1230.0800000000017,384.40000000000055
HIGH_VOLUME_LOSING,FROZEN,2026-04-01 10:00:00.000000,2026-04-01 10:00:00.000000,2026-04-01 10:11:49.818865490,22944.85,22946.859017828425,PE,23800.0,OTM,307.52000000000044,336.17748306412193,28.657483064121493,1,50,15376.000000000022,1432.8741532060747,1392.8741532060747,9.318900580164364,True,TARGET_ACHIEVED,9.573379327351626,High volume frozen,0.5,-0.05,0.2,0.02,0.5189695911443492,-0.04417064294665136,0.21015527719741411,0.023634211999529774,0.01896959114434915,0.005829357053348645,0.010155277197414103,0.0036342119995297732,64.61088289910543,22919.306,1533072.0,1047325.75,-0.0006750768172087973,0.004015715944972376,40,3.1999999999999997,1230.0800000000017,384.40000000000055
MACD_DIVERGENCE_LOSING,RE-OPTIMIZED,2026-04-01 10:00:00.000000,2026-04-01 10:00:00.000000,2026-04-01 10:10:01.270953162,22944.85,23237.770465273872,PE,23800.0,OTM,307.52000000000044,304.0259072094854,-3.494092790515026,1,50,15376.000000000022,-174.7046395257513,-214.7046395257513,-1.1362164381227307,False,STOP_LOSS,5.572515031523757,MACD re-optimized,0.5,-0.05,0.2,0.02,0.5457412960699501,-0.04345126619288009,0.18666928811742137,0.018081695189520325,0.045741296069950144,0.006548733807119914,-0.013330711882578644,-0.0019183048104796756,64.61088289910543,22919.306,1533072.0,1047325.75,-0.0006750768172087973,0.004015715944972376,40,3.1999999999999997,1230.0800000000017,384.40000000000055
MOMENTUM_REVERSAL_LOSING,RE-OPTIMIZED,2026-04-01 10:00:00.000000,2026-04-01 10:00:00.000000,2026-04-01 10:05:47.646973921,22944.85,22642.542454458864,PE,23800.0,OTM,307.52000000000044,304.04354682567975,-3.4764531743206817,1,50,15376.000000000022,-173.82265871603408,-213.82265871603408,-1.1304803506505843,False,STOP_LOSS,6.172935895283162,Momentum re-optimized,0.5,-0.05,0.2,0.02,0.5180939903240477,-0.05814591721889805,0.21410842572547623,0.01731762608847041,0.018093990324047682,-0.008145917218898048,0.014108425725476215,-0.0026823739115295897,64.61088289910543,22919.306,1533072.0,1047325.75,-0.0006750768172087973,0.004015715944972376,40,3.1999999999999997,1230.0800000000017,384.40000000000055
MULTI_TIMEFRAME_LOSING,FROZEN,2026-04-01 10:15:00.000000,2026-04-01 10:15:00.000000,2026-04-01 10:24:04.492974878,23088.09,23505.83315396156,CE,23800.0,OTM,307.52000000000044,338.53398664433314,31.013986644332704,1,50,15376.000000000022,1550.6993322166352,1510.6993322166352,10.085193367694023,True,TARGET_ACHIEVED,7.855473309123969,Multi-timeframe frozen,0.5,-0.05,0.2,0.02,0.4643878286437168,-0.05233895076165636,0.18869347740536893,0.024726613329007087,-0.035612171356283195,-0.0023389507616563554,-0.01130652259463108,0.0047266133290070865,85.59684161634732,22990.423000000003,1158813.0,1086328.05,0.0008387974375712037,0.002230587285479223,40,3.1999999999999997,1230.0800000000017,384.40000000000055
AI_ENHANCED_LOSING,FROZEN,2026-04-01 10:15:00.000000,2026-04-01 10:15:00.000000,2026-04-01 10:22:19.529918159,23088.09,23535.022751676588,CE,23800.0,OTM,307.52000000000044,336.31785322532835,28.797853225327913,1,50,15376.000000000022,1439.8926612663956,1399.8926612663956,9.364546444240334,True,TARGET_ACHIEVED,9.01291479607464,AI enhanced frozen,0.5,-0.05,0.2,0.02,0.5467044140278603,-0.044719519470926915,0.18127561486853314,0.01864730159578673,0.0467044140278603,0.005280480529073088,-0.018724385131466875,-0.00135269840421327,85.59684161634732,22990.423000000003,1158813.0,1086328.05,0.0008387974375712037,0.002230587285479223,40,3.1999999999999997,1230.0800000000017,384.40000000000055
RSI_DIVERGENCE_LOSING,FROZEN,2026-04-01 10:15:00.000000,2026-04-01 10:15:00.000000,2026-04-01 10:22:42.239164841,23088.09,23127.030037681936,CE,23800.0,OTM,307.52000000000044,338.8141020053769,31.294102005376487,1,50,15376.000000000022,1564.7051002688245,1524.7051002688245,10.176281869594316,True,TARGET_ACHIEVED,6.031786729990589,RSI frozen,0.5,-0.05,0.2,0.02,0.5473139930004411,-0.05733137181905204,0.18826815164737865,0.020163316890070754,0.047313993000441146,-0.007331371819052038,-0.011731848352621366,0.00016331689007075337,85.59684161634732,22990.423000000003,1158813.0,1086328.05,0.0008387974375712037,0.002230587285479223,40,3.1999999999999997,1230.0800000000017,384.40000000000055
STOCHASTIC_OVERSOLD_LOSING,FROZEN,2026-04-01 10:15:00.000000,2026-04-01 10:15:00.000000,2026-04-01 10:24:33.932147305,23088.09,23062.841312247663,CE,23800.0,OTM,307.52000000000044,339.7728339729444,32.25283397294396,1,50,15376.000000000022,1612.6416986471982,1572.6416986471982,10.488044346040557,True,TARGET_ACHIEVED,11.210548903854878,Stochastic frozen,0.5,-0.05,0.2,0.02,0.4634671120398335,-0.05272067790251395,0.20742118850948363,0.023266569633958973,-0.036532887960166516,-0.00272067790251395,0.007421188509483617,0.0032665696339589725,85.59684161634732,22990.423000000003,1158813.0,1086328.05,0.0008387974375712037,0.002230587285479223,40,3.1999999999999997,1230.0800000000017,384.40000000000055
TREND_FOLLOWING_OPTIMIZED,FROZEN,2026-04-01 10:15:00.000000,2026-04-01 10:15:00.000000,2026-04-01 10:24:21.912879630,23088.09,22925.081346551542,CE,23800.0,OTM,307.52000000000044,332.6294119380843,25.109411938083838,1,50,15376.000000000022,1255.470596904192,1215.470596904192,8.16513135343516,True,TARGET_ACHIEVED,7.408811024722896,Trend frozen,0.5,-0.05,0.2,0.02,0.5140941015582752,-0.05376161438227248,0.18159275264838146,0.01824057575239241,0.014094101558275174,-0.003761614382272474,-0.018407247351618555,-0.0017594242476075897,85.59684161634732,22990.423000000003,1158813.0,1086328.05,0.0008387974375712037,0.002230587285479223,40,3.1999999999999997,1230.0800000000017,384.40000000000055
MACD_DIVERGENCE_LOSING,RE-OPTIMIZED,2026-04-01 10:15:00.000000,2026-04-01 10:15:00.000000,2026-04-01 10:25:04.850718903,23088.09,23204.119023073545,CE,23800.0,OTM,307.52000000000044,339.96930250417853,32.44930250417809,1,50,15376.000000000022,1622.4651252089047,1582.4651252089047,10.551932395999627,True,TARGET_ACHIEVED,6.953842495626457,MACD re-optimized,0.5,-0.05,0.2,0.02,0.5165553268440073,-0.044066890915072814,0.201797557902258,0.019110244660515543,0.01655532684400729,0.005933109084927189,0.0017975579022579957,-0.0008897553394844569,85.59684161634732,22990.423000000003,1158813.0,1086328.05,0.0008387974375712037,0.002230587285479223,40,3.1999999999999997,1230.0800000000017,384.40000000000055
CCI_EXTREME_LOSING,RE-OPTIMIZED,2026-04-01 10:15:00.000000,2026-04-01 10:15:00.000000,2026-04-01 10:24:12.856918105,23088.09,22947.747548268846,CE,23800.0,OTM,307.52000000000044,336.58552134907904,29.065521349078608,1,50,15376.000000000022,1453.2760674539304,1413.2760674539304,9.451587327353852,True,TARGET_ACHIEVED,11.255255150850758,CCI re-optimized,0.5,-0.05,0.2,0.02,0.4976219830324286,-0.05956230635431706,0.2175770512689815,0.019446846708910146,-0.0023780169675713947,-0.009562306354317054,0.017577051268981486,-0.0005531532910898543,85.59684161634732,22990.423000000003,1158813.0,1086328.05,0.0008387974375712037,0.002230587285479223,40,3.1999999999999997,1230.0800000000017,384.40000000000055
MOMENTUM_REVERSAL_LOSING,RE-OPTIMIZED,2026-04-01 10:15:00.000000,2026-04-01 10:15:00.000000,2026-04-01 10:24:40.737019980,23088.09,23232.452068777788,CE,23800.0,OTM,307.52000000000044,339.88147954256306,32.36147954256262,1,50,15376.000000000022,1618.073977128131,1578.073977128131,10.523373940739651,True,TARGET_ACHIEVED,7.9569726172569535,Momentum re-optimized,0.5,-0.05,0.2,0.02,0.4825727665600497,-0.05023447677016941,0.2093785803975145,0.01816741581818715,-0.017427233439950285,-0.00023447677016940477,0.009378580397514491,-0.0018325841818128512,85.59684161634732,22990.423000000003,1158813.0,1086328.05,0.0008387974375712037,0.002230587285479223,40,3.1999999999999997,1230.0800000000017,384.40000000000055
BOLLINGER_SQUEEZE_LOSING,RE-OPTIMIZED,2026-04-01 10:15:00.000000,2026-04-01 10:15:00.000000,2026-04-01 10:25:54.608784086,23088.09,22918.048585940265,CE,23800.0,OTM,307.52000000000044,340.64737347394635,33.12737347394591,1,50,15376.000000000022,1656.3686736972954,1616.3686736972954,10.772428939238377,True,TARGET_ACHIEVED,11.205124909989582,Bollinger re-optimized,0.5,-0.05,0.2,0.02,0.45808281086312563,-0.0491979521910892,0.21049423170374007,0.019521892115498898,-0.04191718913687437,0.0008020478089107996,0.010494231703740059,-0.00047810788450110275,85.59684161634732,22990.423000000003,1158813.0,1086328.05,0.0008387974375712037,0.002230587285479223,40,3.1999999999999997,1230.0800000000017,384.40000000000055
BREAKOUT_REVERSAL_LOSING,RE-OPTIMIZED,2026-04-01 10:15:00.000000,2026-04-01 10:15:00.000000,2026-04-01 10:20:02.223934473,23088.09,22684.449983506605,CE,23800.0,OTM,307.52000000000044,334.10171146577784,26.581711465777403,1,50,15376.000000000022,1329.0855732888701,1289.0855732888701,8.643896808590453,True,TARGET_ACHIEVED,11.643549753631046,Breakout re-optimized,0.5,-0.05,0.2,0.02,0.509582733295088,-0.04616448339117337,0.2102342217112334,0.019956455118825163,0.009582733295087964,0.003835516608826632,0.010234221711233393,-4.3544881174837485e-05,85.59684161634732,22990.423000000003,1158813.0,1086328.05,0.0008387974375712037,0.002230587285479223,40,3.1999999999999997,1230.0800000000017,384.40000000000055
MULTI_TIMEFRAME_LOSING,FROZEN,2026-04-01 10:30:00.000000,2026-04-01 10:30:00.000000,2026-04-01 10:38:31.260771083,23114.11,23023.827383334974,PE,23800.0,OTM,307.52000000000044,302.0005537233887,-5.519446276611745,1,50,15376.000000000022,-275.97231383058727,-315.97231383058727,-1.7948251419783223,False,STOP_LOSS,7.311502083778244,Multi-timeframe frozen,0.5,-0.05,0.2,0.02,0.5093620926368807,-0.0584417238187821,0.20486642397761687,0.018070908228655907,0.009362092636880703,-0.008441723818782096,0.004866423977616857,-0.0019290917713440936,55.77381477884667,23097.387,1122214.0,1134961.3,-0.0008148546489510355,0.003486182249716807,40,3.1999999999999997,1230.0800000000017,384.40000000000055
AI_ENHANCED_LOSING,FROZEN,2026-04-01 10:30:00.000000,2026-04-01 10:30:00.000000,2026-04-01 10:41:03.371229796,23114.11,22732.59973299576,PE,23800.0,OTM,307.52000000000044,302.3981822398875,-5.121817760112947,1,50,15376.000000000022,-256.09088800564734,-296.09088800564734,-1.6655234651772048,False,STOP_LOSS,7.645757048736467,AI enhanced frozen,0.5,-0.05,0.2,0.02,0.5368063691005035,-0.048749078104053496,0.19752584305097193,0.024328482133461442,0.0368063691005035,0.0012509218959465065,-0.0024741569490280835,0.004328482133461441,55.77381477884667,23097.387,1122214.0,1134961.3,-0.0008148546489510355,0.003486182249716807,40,3.1999999999999997,1230.0800000000017,384.40000000000055
RSI_DIVERGENCE_LOSING,FROZEN,2026-04-01 10:30:00.000000,2026-04-01 10:30:00.000000,2026-04-01 10:36:20.091622072,23114.11,22819.341554364582,PE,23800.0,OTM,307.52000000000044,337.81661042869473,30.296610428694294,1,50,15376.000000000022,1514.8305214347147,1474.8305214347147,9.851915461984342,True,TARGET_ACHIEVED,9.758548228426996,RSI frozen,0.5,-0.05,0.2,0.02,0.5493447432379933,-0.04361602906585387,0.19238767292166079,0.01628096118548506,0.049344743237993316,0.006383970934146131,-0.007612327078339226,-0.003719038814514939,55.77381477884667,23097.387,1122214.0,1134961.3,-0.0008148546489510355,0.003486182249716807,40,3.1999999999999997,1230.0800000000017,384.40000000000055
TREND_FOLLOWING_OPTIMIZED,FROZEN,2026-04-01 10:30:00.000000,2026-04-01 10:30:00.000000,2026-04-01 10:35:39.484068354,23114.11,22926.97933788265,PE,23800.0,OTM,307.52000000000044,330.81831888515666,23.29831888515622,1,50,15376.000000000022,1164.9159442578111,1124.9159442578111,7.576196307608023,True,TARGET_ACHIEVED,10.90111954680584,Trend frozen,0.5,-0.05,0.2,0.02,0.5170822672114287,-0.045003223444349164,0.21077585435462937,0.02485628338888893,0.017082267211428692,0.004996776555650839,0.010775854354629355,0.004856283388888931,55.77381477884667,23097.387,1122214.0,1134961.3,-0.0008148546489510355,0.003486182249716807,40,3.1999999999999997,1230.0800000000017,384.40000000000055
MACD_DIVERGENCE_LOSING,RE-OPTIMIZED,2026-04-01 10:30:00.000000,2026-04-01 10:30:00.000000,2026-04-01 10:35:10.003652862,23114.11,22991.322262843652,PE,23800.0,OTM,307.52000000000044,337.5368870984363,30.01688709843586,1,50,15376.000000000022,1500.844354921793,1460.844354921793,9.760954441478868,True,TARGET_ACHIEVED,8.024630855331687,MACD re-optimized,0.5,-0.05,0.2,0.02,0.5263745885847052,-0.041992036283183515,0.20325543472244448,0.020938926377130074,0.026374588584705205,0.008007963716816488,0.003255434722444467,0.0009389263771300733,55.77381477884667,23097.387,1122214.0,1134961.3,-0.0008148546489510355,0.003486182249716807,40,3.1999999999999997,1230.0800000000017,384.40000000000055
CCI_EXTREME_LOSING,RE-OPTIMIZED,2026-04-01 10:30:00.000000,2026-04-01 10:30:00.000000,2026-04-01 10:41:44.055489134,23114.11,22873.580371001237,PE,23800.0,OTM,307.52000000000044,331.647365668953,24.127365668952564,1,50,15376.000000000022,1206.368283447628,1166.368283447628,7.845787483400275,True,TARGET_ACHIEVED,9.890240553649964,CCI re-optimized,0.5,-0.05,0.2,0.02,0.47878216986842953,-0.05078602083217724,0.2008796176441106,0.022578316216379152,-0.02121783013157047,-0.0007860208321772352,0.0008796176441105974,0.0025783162163791513,55.77381477884667,23097.387,1122214.0,1134961.3,-0.0008148546489510355,0.003486182249716807,40,3.1999999999999997,1230.0800000000017,384.40000000000055
MOMENTUM_REVERSAL_LOSING,RE-OPTIMIZED,2026-04-01 10:30:00.000000,2026-04-01 10:30:00.000000,2026-04-01 10:36:11.779387551,23114.11,22922.89190948775,PE,23800.0,OTM,307.52000000000044,340.7108505014426,33.190850501442185,1,50,15376.000000000022,1659.5425250721091,1619.5425250721091,10.793070532466874,True,TARGET_ACHIEVED,5.738364923607809,Momentum re-optimized,0.5,-0.05,0.2,0.02,0.47200586406935335,-0.05034981429730703,0.1914657703565249,0.015100547141867832,-0.027994135930646646,-0.00034981429730703006,-0.00853422964347511,-0.004899452858132168,55.77381477884667,23097.387,1122214.0,1134961.3,-0.0008148546489510355,0.003486182249716807,40,3.1999999999999997,1230.0800000000017,384.40000000000055
MULTI_TIMEFRAME_LOSING,FROZEN,2026-04-01 10:45:00.000000,2026-04-01 10:45:00.000000,2026-04-01 10:52:23.919259122,23025.79,23333.783096913055,CE,23800.0,OTM,307.52000000000044,303.2386809240961,-4.281319075904321,1,50,15376.000000000022,-214.06595379521605,-254.06595379521605,-1.3922083363372513,False,STOP_LOSS,10.897540850817434,Multi-timeframe frozen,0.5,-0.05,0.2,0.02,0.4777557509176069,-0.0567739916254537,0.21922517696869537,0.020383524199355477,-0.022244249082393086,-0.006773991625453696,0.019225176968695357,0.00038352419935547624,27.982676088442574,23069.1195,1516941.0,996145.0,0.00047491055778747793,0.0007013874442527902,40,3.1999999999999997,1230.0800000000017,384.40000000000055
AI_ENHANCED_LOSING,FROZEN,2026-04-01 10:45:00.000000,2026-04-01 10:45:00.000000,2026-04-01 10:52:18.966433220,23025.79,22809.147754001773,CE,23800.0,OTM,307.52000000000044,339.14619341559563,31.626193415595196,1,50,15376.000000000022,1581.30967077976,1541.30967077976,10.284272052417778,True,TARGET_ACHIEVED,5.150358119118436,AI enhanced frozen,0.5,-0.05,0.2,0.02,0.5301668780477895,-0.04604794970564031,0.20863176786816845,0.024941347874367883,0.030166878047789503,0.003952050294359695,0.008631767868168438,0.004941347874367882,27.982676088442574,23069.1195,1516941.0,996145.0,0.00047491055778747793,0.0007013874442527902,40,3.1999999999999997,1230.0800000000017,384.40000000000055
RSI_DIVERGENCE_LOSING,FROZEN,2026-04-01 10:45:00.000000,2026-04-01 10:45:00.000000,2026-04-01 10:55:17.727344095,23025.79,23222.498851722503,CE,23800.0,OTM,307.52000000000044,339.10558271027725,31.58558271027681,1,50,15376.000000000022,1579.2791355138406,1539.2791355138406,10.271066177899574,True,TARGET_ACHIEVED,11.391169288434764,RSI frozen,0.5,-0.05,0.2,0.02,0.5069651957291976,-0.04536615183030751,0.2010224867060254,0.023337360719669995,0.006965195729197626,0.004633848169692492,0.001022486706025394,0.0033373607196699948,27.982676088442574,23069.1195,1516941.0,996145.0,0.00047491055778747793,0.0007013874442527902,40,3.1999999999999997,1230.0800000000017,384.40000000000055
STOCHASTIC_OVERSOLD_LOSING,FROZEN,2026-04-01 10:45:00.000000,2026-04-01 10:45:00.000000,2026-04-01 10:52:24.627324741,23025.79,23035.294713149047,CE,23800.0,OTM,307.52000000000044,336.66988488470446,29.149884884704022,1,50,15376.000000000022,1457.4942442352012,1417.4942442352012,9.479020839198746,True,TARGET_ACHIEVED,5.255015264786474,Stochastic frozen,0.5,-0.05,0.2,0.02,0.487319335483441,-0.05930472819186078,0.18312273080894204,0.015952415421036238,-0.012680664516559026,-0.009304728191860775,-0.016877269191057975,-0.004047584578963762,27.982676088442574,23069.1195,1516941.0,996145.0,0.00047491055778747793,0.0007013874442527902,40,3.1999999999999997,1230.0800000000017,384.40000000000055
TREND_FOLLOWING_OPTIMIZED,FROZEN,2026-04-01 10:45:00.000000,2026-04-01 10:45:00.000000,2026-04-01 10:56:16.747105465,23025.79,22697.039774018434,CE,23800.0,OTM,307.52000000000044,332.56059856297185,25.04059856297141,1,50,15376.000000000022,1252.0299281485704,1212.0299281485704,8.14275447547196,True,TARGET_ACHIEVED,6.255037258193071,Trend frozen,0.5,-0.05,0.2,0.02,0.548791516849223,-0.04731399895026502,0.2019272958295742,0.018523636943770776,0.048791516849223004,0.0026860010497349804,0.0019272958295741827,-0.001476363056229224,27.982676088442574,23069.1195,1516941.0,996145.0,0.00047491055778747793,0.0007013874442527902,40,3.1999999999999997,1230.0800000000017,384.40000000000055
VOLUME_SPIKE_LOSING,FROZEN,2026-04-01 10:45:00.000000,2026-04-01 10:45:00.000000,2026-04-01 10:51:43.989471643,23025.79,22997.81684284557,CE,23800.0,OTM,307.52000000000044,334.7927700331175,27.27277003311707,1,50,15376.000000000022,1363.6385016558534,1323.6385016558534,8.868616686107254,True,TARGET_ACHIEVED,9.066234251297242,Volume frozen,0.5,-0.05,0.2,0.02,0.45195161876333895,-0.04817272643702802,0.18636137243601616,0.0191019787034315,-0.04804838123666105,0.0018272735629719858,-0.013638627563983846,-0.0008980212965685012,27.982676088442574,23069.1195,1516941.0,996145.0,0.00047491055778747793,0.0007013874442527902,40,3.1999999999999997,1230.0800000000017,384.40000000000055
HIGH_VOLUME_LOSING,FROZEN,2026-04-01 10:45:00.000000,2026-04-01 10:45:00.000000,2026-04-01 10:53:14.720653961,23025.79,22909.871226428557,CE,23800.0,OTM,307.52000000000044,338.93047595617514,31.410475956174707,1,50,15376.000000000022,1570.5237978087353,1530.5237978087353,10.214124595530262,True,TARGET_ACHIEVED,5.880562361899625,High volume frozen,0.5,-0.05,0.2,0.02,0.5304493936912024,-0.056749769163115055,0.2111832884687584,0.017037406197077255,0.030449393691202364,-0.006749769163115052,0.011183288468758379,-0.002962593802922745,27.982676088442574,23069.1195,1516941.0,996145.0,0.00047491055778747793,0.0007013874442527902,40,3.1999999999999997,1230.0800000000017,384.40000000000055
MULTI_TIMEFRAME_LOSING,FROZEN,2026-04-01 11:00:00.000000,2026-04-01 11:00:00.000000,2026-04-01 11:07:11.197482962,22936.56,22835.247860994972,CE,23800.0,OTM,307.52000000000044,302.4390489693283,-5.080951030672111,1,50,15376.000000000022,-254.04755153360554,-294.04755153360554,-1.6522343361967038,False,STOP_LOSS,5.641016656665989,Multi-timeframe frozen,0.5,-0.05,0.2,0.02,0.5247012840115611,-0.05396677471933785,0.19737063378608813,0.02083642421164273,0.02470128401156113,-0.0039667747193378455,-0.0026293662139118823,0.0008364242116427299,27.337471728982877,22978.054500000002,1382916.0,1045617.5,0.0003524001591035386,0.0009369321293166003,40,3.1999999999999997,1230.0800000000017,384.40000000000055
AI_ENHANCED_LOSING,FROZEN,2026-04-01 11:00:00.000000,2026-04-01 11:00:00.000000,2026-04-01 11:08:05.655801122,22936.56,22481.04256334166,CE,23800.0,OTM,307.52000000000044,331.5597931857214,24.039793185720953,1,50,15376.000000000022,1201.9896592860478,1161.9896592860478,7.817310479227666,True,TARGET_ACHIEVED,8.663278421084074,AI enhanced frozen,0.5,-0.05,0.2,0.02,0.49221794687588855,-0.047044462116441484,0.1957811373295567,0.0177063484135925,-0.007782053124111454,0.002955537883558519,-0.004218862670443302,-0.0022936515864074997,27.337471728982877,22978.054500000002,1382916.0,1045617.5,0.0003524001591035386,0.0009369321293166003,40,3.1999999999999997,1230.0800000000017,384.40000000000055
RSI_DIVERGENCE_LOSING,FROZEN,2026-04-01 11:00:00.000000,2026-04-01 11:00:00.000000,2026-04-01 11:05:40.640557401,22936.56,23148.963725076905,CE,23800.0,OTM,307.52000000000044,334.9641570646579,27.444157064657475,1,50,15376.000000000022,1372.2078532328737,1332.2078532328737,8.92434868127518,True,TARGET_ACHIEVED,5.689276063247886,RSI frozen,0.5,-0.05,0.2,0.02,0.482986528413799,-0.054561668758231215,0.20410836595654075,0.015694149604081824,-0.01701347158620098,-0.004561668758231212,0.004108365956540738,-0.004305850395918177,27.337471728982877,22978.054500000002,1382916.0,1045617.5,0.0003524001591035386,0.0009369321293166003,40,3.1999999999999997,1230.0800000000017,384.40000000000055
STOCHASTIC_OVERSOLD_LOSING,FROZEN,2026-04-01 11:00:00.000000,2026-04-01 11:00:00.000000,2026-04-01 11:08:56.193064086,22936.56,22809.23435057971,CE,23800.0,OTM,307.52000000000044,341.44401360358546,33.924013603585024,1,50,15376.000000000022,1696.2006801792513,1656.2006801792513,11.031482051113741,True,TARGET_ACHIEVED,7.850956281811554,Stochastic frozen,0.5,-0.05,0.2,0.02,0.5412559092509781,-0.043846431156374134,0.2158498749753166,0.021010504361529573,0.04125590925097811,0.006153568843625869,0.01584987497531659,0.0010105043615295725,27.337471728982877,22978.054500000002,1382916.0,1045617.5,0.0003524001591035386,0.0009369321293166003,40,3.1999999999999997,1230.0800000000017,384.40000000000055
TREND_FOLLOWING_OPTIMIZED,FROZEN,2026-04-01 11:00:00.000000,2026-04-01 11:00:00.000000,2026-04-01 11:05:35.079769120,22936.56,22910.320554812006,CE,23800.0,OTM,307.52000000000044,340.96117225452156,33.44117225452112,1,50,15376.000000000022,1672.058612726056,1632.058612726056,10.87447068630368,True,TARGET_ACHIEVED,9.607407296055193,Trend frozen,0.5,-0.05,0.2,0.02,0.4795779273171328,-0.05215525736392833,0.20111903369566556,0.015917547980364426,-0.02042207268286722,-0.0021552573639283257,0.0011190336956655444,-0.004082452019635575,27.337471728982877,22978.054500000002,1382916.0,1045617.5,0.0003524001591035386,0.0009369321293166003,40,3.1999999999999997,1230.0800000000017,384.40000000000055
VOLUME_SPIKE_LOSING,FROZEN,2026-04-01 11:00:00.000000,2026-04-01 11:00:00.000000,2026-04-01 11:06:03.562686279,22936.56,23070.80013348611,CE,23800.0,OTM,307.52000000000044,341.0539568861813,33.533956886180874,1,50,15376.000000000022,1676.6978443090438,1636.6978443090438,10.90464258785797,True,TARGET_ACHIEVED,8.480580917735427,Volume frozen,0.5,-0.05,0.2,0.02,0.4871279467447132,-0.05418063280144115,0.18602143620703254,0.01563403750785868,-0.012872053255286786,-0.004180632801441146,-0.013978563792967469,-0.004365962492141322,27.337471728982877,22978.054500000002,1382916.0,1045617.5,0.0003524001591035386,0.0009369321293166003,40,3.1999999999999997,1230.0800000000017,384.40000000000055
HIGH_VOLUME_LOSING,FROZEN,2026-04-01 11:00:00.000000,2026-04-01 11:00:00.000000,2026-04-01 11:06:41.241193896,22936.56,23305.76074363093,CE,23800.0,OTM,307.52000000000044,334.81087993552444,27.290879935524003,1,50,15376.000000000022,1364.5439967762002,1324.5439967762002,8.874505702238542,True,TARGET_ACHIEVED,9.607191303646452,High volume frozen,0.5,-0.05,0.2,0.02,0.4625075688973297,-0.04495210587969928,0.2043568435577606,0.020349876126659304,-0.03749243110267031,0.005047894120300725,0.004356843557760587,0.00034987612665930354,27.337471728982877,22978.054500000002,1382916.0,1045617.5,0.0003524001591035386,0.0009369321293166003,40,3.1999999999999997,1230.0800000000017,384.40000000000055
MULTI_TIMEFRAME_LOSING,FROZEN,2026-04-01 11:15:00.000000,2026-04-01 11:15:00.000000,2026-04-01 11:23:08.252429331,23017.07,23365.321501273695,PE,23800.0,OTM,307.52000000000044,334.64492288212114,27.1249228821207,1,50,15376.000000000022,1356.246144106035,1316.246144106035,8.820539438774928,True,TARGET_ACHIEVED,11.469596566909097,Multi-timeframe frozen,0.5,-0.05,0.2,0.02,0.4861197532502808,-0.05645354911110011,0.211926885515833,0.018493906365534895,-0.013880246749719216,-0.006453549111100104,0.011926885515832986,-0.0015060936344651055,69.47002382638868,22962.3695,1190682.0,987796.55,-0.00010773451262080513,0.003894935367533653,40,3.1999999999999997,1230.0800000000017,384.40000000000055
AI_ENHANCED_LOSING,FROZEN,2026-04-01 11:15:00.000000,2026-04-01 11:15:00.000000,2026-04-01 11:22:29.179458386,23017.07,22944.907991931817,PE,23800.0,OTM,307.52000000000044,333.62754718083846,26.107547180838026,1,50,15376.000000000022,1305.3773590419014,1265.3773590419014,8.489707069731397,True,TARGET_ACHIEVED,5.650047447490278,AI enhanced frozen,0.5,-0.05,0.2,0.02,0.493171603489143,-0.04711948550663351,0.2055409476610566,0.01932897876788588,-0.006828396510856982,0.002880514493366494,0.005540947661056589,-0.0006710212321141204,69.47002382638868,22962.3695,1190682.0,987796.55,-0.00010773451262080513,0.003894935367533653,40,3.1999999999999997,1230.0800000000017,384.40000000000055
RSI_DIVERGENCE_LOSING,FROZEN,2026-04-01 11:15:00.000000,2026-04-01 11:15:00.000000,2026-04-01 11:22:52.265040450,23017.07,22865.095852647075,PE,23800.0,OTM,307.52000000000044,340.8929233782927,33.372923378292285,1,50,15376.000000000022,1668.6461689146142,1628.6461689146142,10.85227737327401,True,TARGET_ACHIEVED,5.1316595788268415,RSI frozen,0.5,-0.05,0.2,0.02,0.5454208842343292,-0.05011736498395098,0.19177354131715116,0.023656350334631843,0.04542088423432922,-0.000117364983950978,-0.008226458682848853,0.0036563503346318423,69.47002382638868,22962.3695,1190682.0,987796.55,-0.00010773451262080513,0.003894935367533653,40,3.1999999999999997,1230.0800000000017,384.40000000000055
STOCHASTIC_OVERSOLD_LOSING,FROZEN,2026-04-01 11:15:00.000000,2026-04-01 11:15:00.000000,2026-04-01 11:22:15.111799827,23017.07,22828.335226873132,PE,23800.0,OTM,307.52000000000044,303.1600935210305,-4.359906478969947,1,50,15376.000000000022,-217.99532394849734,-257.99532394849734,-1.4177635532550537,False,STOP_LOSS,6.015015185369114,Stochastic frozen,0.5,-0.05,0.2,0.02,0.48621777646215075,-0.05113577781028701,0.20403476592819816,0.017913256121580814,-0.013782223537849247,-0.0011357778102870086,0.004034765928198153,-0.0020867438784191866,69.47002382638868,22962.3695,1190682.0,987796.55,-0.00010773451262080513,0.003894935367533653,40,3.1999999999999997,1230.0800000000017,384.40000000000055
TREND_FOLLOWING_OPTIMIZED,FROZEN,2026-04-01 11:15:00.000000,2026-04-01 11:15:00.000000,2026-04-01 11:21:28.459594665,23017.07,22922.81906426127,PE,23800.0,OTM,307.52000000000044,301.30970224379723,-6.210297756203204,1,50,15376.000000000022,-310.5148878101602,-350.5148878101602,-2.019477678265867,False,STOP_LOSS,5.76308269212649,Trend frozen,0.5,-0.05,0.2,0.02,0.5161854812010502,-0.048250794770602436,0.21048404987387395,0.016768436992822294,0.016185481201050234,0.0017492052293975671,0.01048404987387394,-0.003231563007177706,69.47002382638868,22962.3695,1190682.0,987796.55,-0.00010773451262080513,0.003894935367533653,40,3.1999999999999997,1230.0800000000017,384.40000000000055
VOLUME_SPIKE_LOSING,FROZEN,2026-04-01 11:15:00.000000,2026-04-01 11:15:00.000000,2026-04-01 11:23:47.833545241,23017.07,23209.070682534835,PE,23800.0,OTM,307.52000000000044,302.6447415207806,-4.875258479219838,1,50,15376.000000000022,-243.76292396099188,-283.7629239609919,-1.5853467999544193,False,STOP_LOSS,11.684914271111603,Volume frozen,0.5,-0.05,0.2,0.02,0.5121671353595936,-0.05181162098507585,0.18230482529207565,0.01676014420804308,0.012167135359593573,-0.0018116209850758472,-0.017695174707924366,-0.00323985579195692,69.47002382638868,22962.3695,1190682.0,987796.55,-0.00010773451262080513,0.003894935367533653,40,3.1999999999999997,1230.0800000000017,384.40000000000055
HIGH_VOLUME_LOSING,FROZEN,2026-04-01 11:15:00.000000,2026-04-01 11:15:00.000000,2026-04-01 11:20:48.092334474,23017.07,23214.28804842943,PE,23800.0,OTM,307.52000000000044,335.83348566533164,28.3134856653312,1,50,15376.000000000022,1415.67428326656,1375.67428326656,9.207038782951079,True,TARGET_ACHIEVED,7.07649106662125,High volume frozen,0.5,-0.05,0.2,0.02,0.5341109815513154,-0.04012416532313897,0.1900797730083948,0.021982686534076465,0.03411098155131542,0.009875834676861033,-0.009920226991605219,0.0019826865340764645,69.47002382638868,22962.3695,1190682.0,987796.55,-0.00010773451262080513,0.003894935367533653,40,3.1999999999999997,1230.0800000000017,384.40000000000055
BOLLINGER_SQUEEZE_LOSING,RE-OPTIMIZED,2026-04-01 11:15:00.000000,2026-04-01 11:15:00.000000,2026-04-01 11:21:52.318002912,23017.07,23065.740553051535,PE,23800.0,OTM,307.52000000000044,339.50745245715984,31.987452457159407,1,50,15376.000000000022,1599.3726228579703,1559.3726228579703,10.401747026911863,True,TARGET_ACHIEVED,8.27603235396193,Bollinger re-optimized,0.5,-0.05,0.2,0.02,0.5130672942235688,-0.05513334665744861,0.18419970314349046,0.020571752577345524,0.013067294223568782,-0.005133346657448606,-0.01580029685650955,0.0005717525773455238,69.47002382638868,22962.3695,1190682.0,987796.55,-0.00010773451262080513,0.003894935367533653,40,3.1999999999999997,1230.0800000000017,384.40000000000055
MULTI_TIMEFRAME_LOSING,FROZEN,2026-04-01 11:30:00.000000,2026-04-01 11:30:00.000000,2026-04-01 11:36:55.580156688,23039.85,22983.721008231394,CE,23800.0,OTM,307.52000000000044,335.91592059083945,28.39592059083901,1,50,15376.000000000022,1419.7960295419507,1379.7960295419507,9.233845145304038,True,TARGET_ACHIEVED,5.550403612186922,Multi-timeframe frozen,0.5,-0.05,0.2,0.02,0.5191362463640787,-0.05323543927211573,0.19880848104845036,0.018816553147278408,0.019136246364078735,-0.0032354392721157255,-0.0011915189515496472,-0.0011834468527215924,54.25062972292223,23017.6195,1567786.0,1043771.1,0.0003781836244318715,0.004804718780721261,40,3.1999999999999997,1230.0800000000017,384.40000000000055
AI_ENHANCED_LOSING,FROZEN,2026-04-01 11:30:00.000000,2026-04-01 11:30:00.000000,2026-04-01 11:35:49.587101596,23039.85,22782.170335180013,CE,23800.0,OTM,307.52000000000044,341.30894348341167,33.78894348341123,1,50,15376.000000000022,1689.4471741705615,1649.4471741705615,10.987559665521326,True,TARGET_ACHIEVED,9.618710752882158,AI enhanced frozen,0.5,-0.05,0.2,0.02,0.4657717110472875,-0.04178197858400882,0.2042351586868204,0.018759965631268357,-0.034228288952712516,0.008218021415991185,0.004235158686820395,-0.0012400343687316434,54.25062972292223,23017.6195,1567786.0,1043771.1,0.0003781836244318715,0.004804718780721261,40,3.1999999999999997,1230.0800000000017,384.40000000000055
TREND_FOLLOWING_OPTIMIZED,FROZEN,2026-04-01 11:30:00.000000,2026-04-01 11:30:00.000000,2026-04-01 11:39:04.154656019,23039.85,23017.795255977526,CE,23800.0,OTM,307.52000000000044,341.3159157964029,33.79591579640248,1,50,15376.000000000022,1689.7957898201241,1649.7957898201241,10.989826936915465,True,TARGET_ACHIEVED,10.667372098141136,Trend frozen,0.5,-0.05,0.2,0.02,0.5275990846142451,-0.05273012845100669,0.20572043114349478,0.021814804048435048,0.027599084614245095,-0.0027301284510066887,0.00572043114349477,0.0018148040484350474,54.25062972292223,23017.6195,1567786.0,1043771.1,0.0003781836244318715,0.004804718780721261,40,3.1999999999999997,1230.0800000000017,384.40000000000055
VOLUME_SPIKE_LOSING,FROZEN,2026-04-01 11:30:00.000000,2026-04-01 11:30:00.000000,2026-04-01 11:40:35.508272192,23039.85,23185.91786271353,CE,23800.0,OTM,307.52000000000044,340.09867431865047,32.57867431865003,1,50,15376.000000000022,1628.9337159325014,1588.9337159325014,10.594001794566202,True,TARGET_ACHIEVED,6.852009139884499,Volume frozen,0.5,-0.05,0.2,0.02,0.5199431020983022,-0.042362203745762425,0.2136373393769318,0.021311455669701086,0.01994310209830219,0.007637796254237578,0.01363733937693179,0.0013114556697010858,54.25062972292223,23017.6195,1567786.0,1043771.1,0.0003781836244318715,0.004804718780721261,40,3.1999999999999997,1230.0800000000017,384.40000000000055
HIGH_VOLUME_LOSING,FROZEN,2026-04-01 11:30:00.000000,2026-04-01 11:30:00.000000,2026-04-01 11:38:44.217404402,23039.85,23023.872911422015,CE,23800.0,OTM,307.52000000000044,330.8091392539201,23.289139253919643,1,50,15376.000000000022,1164.4569626959822,1124.4569626959822,7.573211255827136,True,TARGET_ACHIEVED,10.725482628122833,High volume frozen,0.5,-0.05,0.2,0.02,0.47602041077410057,-0.055188175746016,0.2125007702442862,0.02094876830223367,-0.023979589225899434,-0.005188175746015995,0.012500770244286197,0.0009487683022336713,54.25062972292223,23017.6195,1567786.0,1043771.1,0.0003781836244318715,0.004804718780721261,40,3.1999999999999997,1230.0800000000017,384.40000000000055
MULTI_TIMEFRAME_LOSING,FROZEN,2026-04-01 11:45:00.000000,2026-04-01 11:45:00.000000,2026-04-01 11:54:06.955691512,23156.31,23475.505317993866,CE,23800.0,OTM,307.52000000000044,336.0032868149387,28.483286814938253,1,50,15376.000000000022,1424.1643407469128,1384.1643407469128,9.26225507769843,True,TARGET_ACHIEVED,6.813850536539267,Multi-timeframe frozen,0.5,-0.05,0.2,0.02,0.4601571343683882,-0.05049697560681116,0.18192511133068,0.016351943461692463,-0.039842865631611823,-0.0004969756068111605,-0.01807488866932,-0.0036480565383075376,84.48898729751974,23075.878,1158375.0,1123003.4,0.0005634467385118302,0.0036089515125682678,40,3.1999999999999997,1230.0800000000017,384.40000000000055
AI_ENHANCED_LOSING,FROZEN,2026-04-01 11:45:00.000000,2026-04-01 11:45:00.000000,2026-04-01 11:56:38.234257775,23156.31,23132.581438793903,CE,23800.0,OTM,307.52000000000044,332.4233926180068,24.903392618006365,1,50,15376.000000000022,1245.1696309003182,1205.1696309003182,8.098137557884472,True,TARGET_ACHIEVED,10.797103203515924,AI enhanced frozen,0.5,-0.05,0.2,0.02,0.5393094280593131,-0.046591206919276276,0.20849555228948033,0.020418565729213585,0.039309428059313145,0.0034087930807237266,0.008495552289480318,0.00041856572921358456,84.48898729751974,23075.878,1158375.0,1123003.4,0.0005634467385118302,0.0036089515125682678,40,3.1999999999999997,1230.0800000000017,384.40000000000055
RSI_DIVERGENCE_LOSING,FROZEN,2026-04-01 11:45:00.000000,2026-04-01 11:45:00.000000,2026-04-01 11:54:52.066514481,23156.31,22702.944341638915,CE,23800.0,OTM,307.52000000000044,339.27733409106986,31.757334091069424,1,50,15376.000000000022,1587.8667045534712,1547.8667045534712,10.326916652923185,True,TARGET_ACHIEVED,9.066185347479172,RSI frozen,0.5,-0.05,0.2,0.02,0.4693002175566456,-0.0444502436886128,0.1936459840396301,0.015826448782515316,-0.030699782443354418,0.005549756311387204,-0.006354015960369913,-0.004173551217484684,84.48898729751974,23075.878,1158375.0,1123003.4,0.0005634467385118302,0.0036089515125682678,40,3.1999999999999997,1230.0800000000017,384.40000000000055
STOCHASTIC_OVERSOLD_LOSING,FROZEN,2026-04-01 11:45:00.000000,2026-04-01 11:45:00.000000,2026-04-01 11:50:08.664829798,23156.31,23064.30762896592,CE,23800.0,OTM,307.52000000000044,341.37575913481515,33.85575913481472,1,50,15376.000000000022,1692.7879567407358,1652.7879567407358,11.009286919489682,True,TARGET_ACHIEVED,10.128047614111312,Stochastic frozen,0.5,-0.05,0.2,0.02,0.5007185340348203,-0.04487670007224837,0.19905736595898568,0.021892000977589234,0.0007185340348202507,0.00512329992775163,-0.0009426340410143286,0.001892000977589233,84.48898729751974,23075.878,1158375.0,1123003.4,0.0005634467385118302,0.0036089515125682678,40,3.1999999999999997,1230.0800000000017,384.40000000000055
TREND_FOLLOWING_OPTIMIZED,FROZEN,2026-04-01 11:45:00.000000,2026-04-01 11:45:00.000000,2026-04-01 11:56:10.675685732,23156.31,23570.929458270548,CE,23800.0,OTM,307.52000000000044,331.5118196820028,23.991819682002358,1,50,15376.000000000022,1199.590984100118,1159.590984100118,7.8017103544492485,True,TARGET_ACHIEVED,8.589728049123375,Trend frozen,0.5,-0.05,0.2,0.02,0.533237703434947,-0.04216036208132271,0.21819774844263998,0.02493485208226916,0.03323770343494703,0.00783963791867729,0.018197748442639966,0.00493485208226916,84.48898729751974,23075.878,1158375.0,1123003.4,0.0005634467385118302,0.0036089515125682678,40,3.1999999999999997,1230.0800000000017,384.40000000000055
MACD_DIVERGENCE_LOSING,RE-OPTIMIZED,2026-04-01 11:45:00.000000,2026-04-01 11:45:00.000000,2026-04-01 11:56:05.332604574,23156.31,22800.151346673538,CE,23800.0,OTM,307.52000000000044,333.2276102329582,25.70761023295779,1,50,15376.000000000022,1285.3805116478895,1245.3805116478895,8.359654732361392,True,TARGET_ACHIEVED,9.4694041273843,MACD re-optimized,0.5,-0.05,0.2,0.02,0.4613633498862665,-0.04102056216608485,0.1863167302972237,0.023066479174401314,-0.03863665011373352,0.008979437833915152,-0.013683269702776307,0.0030664791744013133,84.48898729751974,23075.878,1158375.0,1123003.4,0.0005634467385118302,0.0036089515125682678,40,3.1999999999999997,1230.0800000000017,384.40000000000055
BOLLINGER_SQUEEZE_LOSING,RE-OPTIMIZED,2026-04-01 11:45:00.000000,2026-04-01 11:45:00.000000,2026-04-01 11:50:57.743757948,23156.31,23167.81673921174,CE,23800.0,OTM,307.52000000000044,302.57887828450276,-4.9411217154976725,1,50,15376.000000000022,-247.05608577488363,-287.0560857748836,-1.6067643455702607,False,STOP_LOSS,5.048224482548498,Bollinger re-optimized,0.5,-0.05,0.2,0.02,0.46275350515834857,-0.053310049429263096,0.19892318584753108,0.01744205835012723,-0.037246494841651434,-0.0033100494292630928,-0.0010768141524689356,-0.0025579416498727713,84.48898729751974,23075.878,1158375.0,1123003.4,0.0005634467385118302,0.0036089515125682678,40,3.1999999999999997,1230.0800000000017,384.40000000000055
BREAKOUT_REVERSAL_LOSING,RE-OPTIMIZED,2026-04-01 11:45:00.000000,2026-04-01 11:45:00.000000,2026-04-01 11:54:19.371917402,23156.31,23064.199475749974,CE,23800.0,OTM,307.52000000000044,338.250496278261,30.730496278260546,1,50,15376.000000000022,1536.5248139130272,1496.5248139130272,9.993007374564417,True,TARGET_ACHIEVED,9.59815933820142,Breakout re-optimized,0.5,-0.05,0.2,0.02,0.5182593180019613,-0.04695368265897517,0.20186020296030413,0.022840930318290164,0.018259318001961344,0.003046317341024833,0.0018602029603041192,0.0028409303182901635,84.48898729751974,23075.878,1158375.0,1123003.4,0.0005634467385118302,0.0036089515125682678,40,3.1999999999999997,1230.0800000000017,384.40000000000055
MULTI_TIMEFRAME_LOSING,FROZEN,2026-04-01 12:00:00.000000,2026-04-01 12:00:00.000000,2026-04-01 12:06:03.747525582,23172.6,22919.192938365344,CE,23800.0,OTM,307.52000000000044,333.9404820336664,26.420482033665962,1,50,15376.000000000022,1321.024101683298,1281.024101683298,8.59146788295588,True,TARGET_ACHIEVED,6.057891834742937,Multi-timeframe frozen,0.5,-0.05,0.2,0.02,0.45142229081528173,-0.052229721381913397,0.21953838404328802,0.02135505334513249,-0.048577709184718265,-0.0022297213819133938,0.019538384043288004,0.0013550533451324905,53.54942714030708,23169.172,1018240.0,1035658.25,0.0004766518317418367,0.002504250709890079,40,3.1999999999999997,1230.0800000000017,384.40000000000055
AI_ENHANCED_LOSING,FROZEN,2026-04-01 12:00:00.000000,2026-04-01 12:00:00.000000,2026-04-01 12:10:35.842147340,23172.6,22816.315414400095,CE,23800.0,OTM,307.52000000000044,335.9778321440087,28.45783214400825,1,50,15376.000000000022,1422.8916072004126,1382.8916072004126,9.253977674300277,True,TARGET_ACHIEVED,8.990118052593765,AI enhanced frozen,0.5,-0.05,0.2,0.02,0.5412025807457683,-0.041467431417967535,0.21382687661928146,0.022293165969804112,0.041202580745768325,0.008532568582032468,0.013826876619281447,0.002293165969804112,53.54942714030708,23169.172,1018240.0,1035658.25,0.0004766518317418367,0.002504250709890079,40,3.1999999999999997,1230.0800000000017,384.40000000000055
TREND_FOLLOWING_OPTIMIZED,FROZEN,2026-04-01 12:00:00.000000,2026-04-01 12:00:00.000000,2026-04-01 12:09:04.976341958,23172.6,23450.068065180298,CE,23800.0,OTM,307.52000000000044,335.13925907626805,27.61925907626761,1,50,15376.000000000022,1380.9629538133804,1340.9629538133804,8.981288721470984,True,TARGET_ACHIEVED,5.415735230591019,Trend frozen,0.5,-0.05,0.2,0.02,0.4806595640491283,-0.05110021645054101,0.18421086865981634,0.023280043588540203,-0.019340435950871704,-0.0011002164505410084,-0.01578913134018367,0.0032800435885402025,53.54942714030708,23169.172,1018240.0,1035658.25,0.0004766518317418367,0.002504250709890079,40,3.1999999999999997,1230.0800000000017,384.40000000000055
MULTI_TIMEFRAME_LOSING,FROZEN,2026-04-01 12:15:00.000000,2026-04-01 12:15:00.000000,2026-04-01 12:20:50.711221343,23249.28,23275.473894102008,CE,23800.0,OTM,307.52000000000044,303.56042110132887,-3.959578898671566,1,50,15376.000000000022,-197.9789449335783,-237.9789449335783,-1.2875841892142172,False,STOP_LOSS,5.524485216023508,Multi-timeframe frozen,0.5,-0.05,0.2,0.02,0.48966257450917855,-0.04262742795062389,0.20133861811196274,0.021670201098448666,-0.01033742549082145,0.007372572049376115,0.0013386181119627305,0.0016702010984486655,65.69417641048936,23208.665,1588035.0,1030363.45,0.0007950648298529206,0.006333959589286137,40,3.1999999999999997,1230.0800000000017,384.40000000000055
AI_ENHANCED_LOSING,FROZEN,2026-04-01 12:15:00.000000,2026-04-01 12:15:00.000000,2026-04-01 12:25:10.275695257,23249.28,22874.046686824455,CE,23800.0,OTM,307.52000000000044,335.38269722466094,27.862697224660508,1,50,15376.000000000022,1393.1348612330253,1353.1348612330253,9.060450450266801,True,TARGET_ACHIEVED,10.724413469102814,AI enhanced frozen,0.5,-0.05,0.2,0.02,0.4687249341490625,-0.04749523154524977,0.205925266529471,0.01836407527008847,-0.03127506585093748,0.002504768454750235,0.005925266529470979,-0.001635924729911531,65.69417641048936,23208.665,1588035.0,1030363.45,0.0007950648298529206,0.006333959589286137,40,3.1999999999999997,1230.0800000000017,384.40000000000055
RSI_DIVERGENCE_LOSING,FROZEN,2026-04-01 12:15:00.000000,2026-04-01 12:15:00.000000,2026-04-01 12:21:10.592497804,23249.28,23238.73903041497,CE,23800.0,OTM,307.52000000000044,339.1735252417302,31.653525241729767,1,50,15376.000000000022,1582.6762620864884,1542.6762620864884,10.29315987309109,True,TARGET_ACHIEVED,5.4510690155710595,RSI frozen,0.5,-0.05,0.2,0.02,0.457312572394952,-0.05563365588183206,0.18574376279175459,0.018786332214285564,-0.04268742760504801,-0.00563365588183206,-0.014256237208245426,-0.001213667785714436,65.69417641048936,23208.665,1588035.0,1030363.45,0.0007950648298529206,0.006333959589286137,40,3.1999999999999997,1230.0800000000017,384.40000000000055
STOCHASTIC_OVERSOLD_LOSING,FROZEN,2026-04-01 12:15:00.000000,2026-04-01 12:15:00.000000,2026-04-01 12:22:32.826620175,23249.28,23126.762664229325,CE,23800.0,OTM,307.52000000000044,336.75344117430416,29.23344117430372,1,50,15376.000000000022,1461.672058715186,1421.672058715186,9.506191849084184,True,TARGET_ACHIEVED,6.393956641204495,Stochastic frozen,0.5,-0.05,0.2,0.02,0.5254341982724696,-0.042978823027291745,0.21839218952888412,0.023030948219912376,0.02543419827246962,0.007021176972708258,0.018392189528884106,0.003030948219912375,65.69417641048936,23208.665,1588035.0,1030363.45,0.0007950648298529206,0.006333959589286137,40,3.1999999999999997,1230.0800000000017,384.40000000000055
TREND_FOLLOWING_OPTIMIZED,FROZEN,2026-04-01 12:15:00.000000,2026-04-01 12:15:00.000000,2026-04-01 12:26:05.415500720,23249.28,23431.51692746137,CE,23800.0,OTM,307.52000000000044,302.19362181960554,-5.326378180394897,1,50,15376.000000000022,-266.31890901974486,-306.31890901974486,-1.7320428526258096,False,STOP_LOSS,9.456408071365976,Trend frozen,0.5,-0.05,0.2,0.02,0.532294848504275,-0.05900149281147498,0.2054745298269092,0.018193608463080272,0.032294848504275,-0.009001492811474977,0.005474529826909186,-0.0018063915369197284,65.69417641048936,23208.665,1588035.0,1030363.45,0.0007950648298529206,0.006333959589286137,40,3.1999999999999997,1230.0800000000017,384.40000000000055
VOLUME_SPIKE_LOSING,FROZEN,2026-04-01 12:15:00.000000,2026-04-01 12:15:00.000000,2026-04-01 12:21:03.317646367,23249.28,23602.68261771642,CE,23800.0,OTM,307.52000000000044,330.36223746172163,22.842237461721197,1,50,15376.000000000022,1142.1118730860599,1102.1118730860599,7.42788679166271,True,TARGET_ACHIEVED,5.524918720598412,Volume frozen,0.5,-0.05,0.2,0.02,0.4551297580764487,-0.04831196999077822,0.1997966387407913,0.01533746495246261,-0.044870241923551324,0.0016880300092217831,-0.00020336125920872306,-0.00466253504753739,65.69417641048936,23208.665,1588035.0,1030363.45,0.0007950648298529206,0.006333959589286137,40,3.1999999999999997,1230.0800000000017,384.40000000000055
HIGH_VOLUME_LOSING,FROZEN,2026-04-01 12:15:00.000000,2026-04-01 12:15:00.000000,2026-04-01 12:26:11.103154083,23249.28,23118.464810530055,CE,23800.0,OTM,307.52000000000044,339.11126020868227,31.59126020868183,1,50,15376.000000000022,1579.5630104340917,1539.5630104340917,10.27291239876489,True,TARGET_ACHIEVED,11.47703796619183,High volume frozen,0.5,-0.05,0.2,0.02,0.513573264761344,-0.043989616403615595,0.19395121323101736,0.02435474063436362,0.013573264761344017,0.006010383596384408,-0.006048786768982656,0.00435474063436362,65.69417641048936,23208.665,1588035.0,1030363.45,0.0007950648298529206,0.006333959589286137,40,3.1999999999999997,1230.0800000000017,384.40000000000055
MACD_DIVERGENCE_LOSING,RE-OPTIMIZED,2026-04-01 12:15:00.000000,2026-04-01 12:15:00.000000,2026-04-01 12:26:08.794263138,23249.28,22816.69248776745,CE,23800.0,OTM,307.52000000000044,336.1571518160045,28.637151816004064,1,50,15376.000000000022,1431.857590800203,1391.857590800203,9.312289222165719,True,TARGET_ACHIEVED,8.529942210166116,MACD re-optimized,0.5,-0.05,0.2,0.02,0.4618373710919664,-0.058484631944930116,0.19821891272490932,0.022468200676599503,-0.038162628908033625,-0.008484631944930113,-0.001781087275090687,0.0024682006765995024,65.69417641048936,23208.665,1588035.0,1030363.45,0.0007950648298529206,0.006333959589286137,40,3.1999999999999997,1230.0800000000017,384.40000000000055
WILLIAMS_REVERSAL_LOSING,RE-OPTIMIZED,2026-04-01 12:15:00.000000,2026-04-01 12:15:00.000000,2026-04-01 12:23:48.586296652,23249.28,23341.00793857847,CE,23800.0,OTM,307.52000000000044,336.6257427864643,29.10574278646385,1,50,15376.000000000022,1455.2871393231926,1415.2871393231926,9.464666618907327,True,TARGET_ACHIEVED,7.107408934006744,Williams re-optimized,0.5,-0.05,0.2,0.02,0.4581717707027998,-0.05638162371960244,0.2162683875824813,0.01719986482092374,-0.0418282292972002,-0.006381623719602436,0.01626838758248128,-0.0028001351790762595,65.69417641048936,23208.665,1588035.0,1030363.45,0.0007950648298529206,0.006333959589286137,40,3.1999999999999997,1230.0800000000017,384.40000000000055
MOMENTUM_REVERSAL_LOSING,RE-OPTIMIZED,2026-04-01 12:15:00.000000,2026-04-01 12:15:00.000000,2026-04-01 12:20:50.196926732,23249.28,22921.68965158933,CE,23800.0,OTM,307.52000000000044,334.8442096249938,27.324209624993387,1,50,15376.000000000022,1366.2104812496693,1326.2104812496693,8.88534392071844,True,TARGET_ACHIEVED,6.595557694217872,Momentum re-optimized,0.5,-0.05,0.2,0.02,0.454635467466868,-0.05483848948048755,0.18036801864264657,0.022848611649970298,-0.045364532533131996,-0.004838489480487547,-0.019631981357353445,0.0028486116499702972,65.69417641048936,23208.665,1588035.0,1030363.45,0.0007950648298529206,0.006333959589286137,40,3.1999999999999997,1230.0800000000017,384.40000000000055
DAY_HIGH_LOW_OPTIMIZED,RE-OPTIMIZED,2026-04-01 12:15:00.000000,2026-04-01 12:15:00.000000,2026-04-01 12:22:11.049500065,23249.28,22875.045428077196,CE,23800.0,OTM,307.52000000000044,337.5796957027405,30.059695702740044,1,50,15376.000000000022,1502.9847851370023,1462.9847851370023,9.77487503340921,True,TARGET_ACHIEVED,10.954938534371287,Day high-low re-optimized,0.5,-0.05,0.2,0.02,0.45014304576324576,-0.055761342216418514,0.21376675894423092,0.0207696360551264,-0.049856954236754236,-0.005761342216418511,0.013766758944230906,0.0007696360551264006,65.69417641048936,23208.665,1588035.0,1030363.45,0.0007950648298529206,0.006333959589286137,40,3.1999999999999997,1230.0800000000017,384.40000000000055
MULTI_TIMEFRAME_LOSING,FROZEN,2026-04-01 12:30:00.000000,2026-04-01 12:30:00.000000,2026-04-01 12:38:51.408696706,23330.48,22924.09162820512,CE,23800.0,OTM,307.52000000000044,332.73858280314766,25.21858280314723,1,50,15376.000000000022,1260.9291401573614,1220.9291401573614,8.200631764811133,True,TARGET_ACHIEVED,8.64131111878328,Multi-timeframe frozen,0.5,-0.05,0.2,0.02,0.49290128053545107,-0.04849269906275947,0.210694073140889,0.01565195046845397,-0.0070987194645489304,0.0015073009372405313,0.010694073140888993,-0.004348049531546029,70.10938157341177,23271.574,974050.0,905905.35,0.0007068714077378413,0.0033321217566032917,40,3.1999999999999997,1230.0800000000017,384.40000000000055
AI_ENHANCED_LOSING,FROZEN,2026-04-01 12:30:00.000000,2026-04-01 12:30:00.000000,2026-04-01 12:36:18.401681959,23330.48,23192.040219080835,CE,23800.0,OTM,307.52000000000044,338.96687713361985,31.44687713361941,1,50,15376.000000000022,1572.3438566809705,1532.3438566809705,10.225961606926171,True,TARGET_ACHIEVED,6.442951188518946,AI enhanced frozen,0.5,-0.05,0.2,0.02,0.49234990366394665,-0.042824285941904426,0.18879670613562816,0.023219183220834026,-0.007650096336053347,0.007175714058095577,-0.011203293864371855,0.003219183220834025,70.10938157341177,23271.574,974050.0,905905.35,0.0007068714077378413,0.0033321217566032917,40,3.1999999999999997,1230.0800000000017,384.40000000000055
RSI_DIVERGENCE_LOSING,FROZEN,2026-04-01 12:30:00.000000,2026-04-01 12:30:00.000000,2026-04-01 12:41:26.949280996,23330.48,22903.896270032878,CE,23800.0,OTM,307.52000000000044,335.7962282764101,28.276228276409654,1,50,15376.000000000022,1413.8114138204828,1373.8114138204828,9.194923346907395,True,TARGET_ACHIEVED,8.79856565414897,RSI frozen,0.5,-0.05,0.2,0.02,0.5383868118373252,-0.04980332839121383,0.20468050445772648,0.015942289546628734,0.038386811837325174,0.00019667160878616974,0.00468050445772647,-0.004057710453371267,70.10938157341177,23271.574,974050.0,905905.35,0.0007068714077378413,0.0033321217566032917,40,3.1999999999999997,1230.0800000000017,384.40000000000055
STOCHASTIC_OVERSOLD_LOSING,FROZEN,2026-04-01 12:30:00.000000,2026-04-01 12:30:00.000000,2026-04-01 12:35:59.421619279,23330.48,23478.00972063744,CE,23800.0,OTM,307.52000000000044,341.1285464871768,33.60854648717634,1,50,15376.000000000022,1680.427324358817,1640.427324358817,10.92889779109531,True,TARGET_ACHIEVED,11.269270578302109,Stochastic frozen,0.5,-0.05,0.2,0.02,0.48346318948717176,-0.04446252753166869,0.19299210669649902,0.02352825974529991,-0.016536810512828237,0.005537472468331313,-0.007007893303500989,0.003528259745299911,70.10938157341177,23271.574,974050.0,905905.35,0.0007068714077378413,0.0033321217566032917,40,3.1999999999999997,1230.0800000000017,384.40000000000055
TREND_FOLLOWING_OPTIMIZED,FROZEN,2026-04-01 12:30:00.000000,2026-04-01 12:30:00.000000,2026-04-01 12:39:27.414866266,23330.48,23428.684523117838,CE,23800.0,OTM,307.52000000000044,331.0952293157462,23.575229315745787,1,50,15376.000000000022,1178.7614657872894,1138.7614657872894,7.666242623486523,True,TARGET_ACHIEVED,9.344510522877872,Trend frozen,0.5,-0.05,0.2,0.02,0.4732494280322778,-0.04379394137402006,0.21309663021426817,0.015063375048574157,-0.02675057196772218,0.006206058625979942,0.013096630214268157,-0.004936624951425843,70.10938157341177,23271.574,974050.0,905905.35,0.0007068714077378413,0.0033321217566032917,40,3.1999999999999997,1230.0800000000017,384.40000000000055
MACD_DIVERGENCE_LOSING,RE-OPTIMIZED,2026-04-01 12:30:00.000000,2026-04-01 12:30:00.000000,2026-04-01 12:41:03.775581703,23330.48,23218.895877814397,CE,23800.0,OTM,307.52000000000044,332.68246597160754,25.162465971607105,1,50,15376.000000000022,1258.1232985803554,1218.1232985803554,8.18238357557462,True,TARGET_ACHIEVED,11.80966418592772,MACD re-optimized,0.5,-0.05,0.2,0.02,0.542823596042802,-0.05549497499117187,0.18815974847577627,0.019361454807218077,0.04282359604280195,-0.0054949749911718665,-0.011840251524223744,-0.0006385451927819231,70.10938157341177,23271.574,974050.0,905905.35,0.0007068714077378413,0.0033321217566032917,40,3.1999999999999997,1230.0800000000017,384.40000000000055
MOMENTUM_REVERSAL_LOSING,RE-OPTIMIZED,2026-04-01 12:30:00.000000,2026-04-01 12:30:00.000000,2026-04-01 12:39:57.310724838,23330.48,23056.750215104184,CE,23800.0,OTM,307.52000000000044,336.44754123123676,28.92754123123632,1,50,15376.000000000022,1446.377061561816,1406.377061561816,9.406718662602847,True,TARGET_ACHIEVED,5.194071766584561,Momentum re-optimized,0.5,-0.05,0.2,0.02,0.5116805954388167,-0.042176503744386695,0.1891953365472644,0.019211017142767507,0.011680595438816721,0.007823496255613308,-0.010804663452735619,-0.0007889828572324939,70.10938157341177,23271.574,974050.0,905905.35,0.0007068714077378413,0.0033321217566032917,40,3.1999999999999997,1230.0800000000017,384.40000000000055
BOLLINGER_SQUEEZE_LOSING,RE-OPTIMIZED,2026-04-01 12:30:00.000000,2026-04-01 12:30:00.000000,2026-04-01 12:36:46.749427180,23330.48,23548.74111370608,CE,23800.0,OTM,307.52000000000044,340.8206902145672,33.30069021456677,1,50,15376.000000000022,1665.0345107283385,1625.0345107283385,10.828788441261292,True,TARGET_ACHIEVED,6.588568095988784,Bollinger re-optimized,0.5,-0.05,0.2,0.02,0.5157675860843951,-0.04169688463205979,0.1953761160007909,0.02167580150822871,0.015767586084395102,0.008303115367940213,-0.0046238839992091,0.0016758015082287102,70.10938157341177,23271.574,974050.0,905905.35,0.0007068714077378413,0.0033321217566032917,40,3.1999999999999997,1230.0800000000017,384.40000000000055
MULTI_TIMEFRAME_LOSING,FROZEN,2026-04-01 12:45:00.000000,2026-04-01 12:45:00.000000,2026-04-01 12:52:06.785052478,23373.25,23593.694512242368,CE,23800.0,OTM,307.52000000000044,341.81089088732034,34.290890887319904,1,50,15376.000000000022,1714.544544365995,1674.544544365995,11.150783977406299,True,TARGET_ACHIEVED,11.124446269929678,Multi-timeframe frozen,0.5,-0.05,0.2,0.02,0.5315580297707583,-0.059746068090528265,0.20273270991349046,0.023179153959780246,0.03155802977075828,-0.009746068090528262,0.0027327099134904498,0.0031791539597802454,60.80889886324796,23316.579999999998,1198651.0,892420.55,0.001767099462455457,0.005121239023242413,40,3.1999999999999997,1230.0800000000017,384.40000000000055
AI_ENHANCED_LOSING,FROZEN,2026-04-01 12:45:00.000000,2026-04-01 12:45:00.000000,2026-04-01 12:51:24.669763454,23373.25,23392.089587678944,CE,23800.0,OTM,307.52000000000044,302.70876980133147,-4.811230198668966,1,50,15376.000000000022,-240.5615099334483,-280.5615099334483,-1.564525949098907,False,STOP_LOSS,5.625350190370959,AI enhanced frozen,0.5,-0.05,0.2,0.02,0.45748541501882123,-0.04948669186648933,0.18590990300191387,0.024080975085475926,-0.04251458498117877,0.0005133081335106718,-0.014090096998086138,0.0040809750854759255,60.80889886324796,23316.579999999998,1198651.0,892420.55,0.001767099462455457,0.005121239023242413,40,3.1999999999999997,1230.0800000000017,384.40000000000055
RSI_DIVERGENCE_LOSING,FROZEN,2026-04-01 12:45:00.000000,2026-04-01 12:45:00.000000,2026-04-01 12:50:56.482095845,23373.25,22975.338694673865,CE,23800.0,OTM,307.52000000000044,339.44169258456367,31.92169258456323,1,50,15376.000000000022,1596.0846292281617,1556.0846292281617,10.380363093315292,True,TARGET_ACHIEVED,6.007498357203806,RSI frozen,0.5,-0.05,0.2,0.02,0.45124109893343467,-0.04576165783204321,0.19437085945724644,0.015669612993543563,-0.04875890106656533,0.004238342167956793,-0.005629140542753569,-0.004330387006456438,60.80889886324796,23316.579999999998,1198651.0,892420.55,0.001767099462455457,0.005121239023242413,40,3.1999999999999997,1230.0800000000017,384.40000000000055
TREND_FOLLOWING_OPTIMIZED,FROZEN,2026-04-01 12:45:00.000000,2026-04-01 12:45:00.000000,2026-04-01 12:52:22.506450575,23373.25,23607.183700622474,CE,23800.0,OTM,307.52000000000044,329.66438016398155,22.14438016398111,1,50,15376.000000000022,1107.2190081990557,1067.2190081990557,7.200956088703525,True,TARGET_ACHIEVED,11.213055264365977,Trend frozen,0.5,-0.05,0.2,0.02,0.5387561094986175,-0.054839638950519354,0.20716002851152007,0.015026930534108049,0.03875610949861752,-0.004839638950519351,0.007160028511520061,-0.004973069465891952,60.80889886324796,23316.579999999998,1198651.0,892420.55,0.001767099462455457,0.005121239023242413,40,3.1999999999999997,1230.0800000000017,384.40000000000055
VOLUME_SPIKE_LOSING,FROZEN,2026-04-01 12:45:00.000000,2026-04-01 12:45:00.000000,2026-04-01 12:56:34.866933671,23373.25,23421.33020923956,CE,23800.0,OTM,307.52000000000044,337.20917745647733,29.689177456476898,1,50,15376.000000000022,1484.458872823845,1444.458872823845,9.65438913126849,True,TARGET_ACHIEVED,5.445167101344662,Volume frozen,0.5,-0.05,0.2,0.02,0.5238136362162485,-0.05695654227140188,0.18890344516892116,0.0216457102121546,0.023813636216248546,-0.006956542271401876,-0.011096554831078853,0.001645710212154601,60.80889886324796,23316.579999999998,1198651.0,892420.55,0.001767099462455457,0.005121239023242413,40,3.1999999999999997,1230.0800000000017,384.40000000000055
HIGH_VOLUME_LOSING,FROZEN,2026-04-01 12:45:00.000000,2026-04-01 12:45:00.000000,2026-04-01 12:55:16.873764625,23373.25,23181.18949317986,CE,23800.0,OTM,307.52000000000044,336.9515937369396,29.431593736939192,1,50,15376.000000000022,1471.5796868469597,1431.5796868469597,9.570627515914136,True,TARGET_ACHIEVED,7.702165374208612,High volume frozen,0.5,-0.05,0.2,0.02,0.5082491012254752,-0.05532186578876723,0.21686585043302592,0.019396412134969822,0.008249101225475175,-0.005321865788767227,0.01686585043302591,-0.0006035878650301786,60.80889886324796,23316.579999999998,1198651.0,892420.55,0.001767099462455457,0.005121239023242413,40,3.1999999999999997,1230.0800000000017,384.40000000000055
STRONG_MOMENTUM_LOSING,FROZEN,2026-04-01 12:45:00.000000,2026-04-01 12:45:00.000000,2026-04-01 12:50:03.209242731,23373.25,23443.766806869644,CE,23800.0,OTM,307.52000000000044,338.68844391661895,31.168443916618514,1,50,15376.000000000022,1558.4221958309258,1518.4221958309258,10.135420108161576,True,TARGET_ACHIEVED,6.519990572039037,Strong momentum frozen,0.5,-0.05,0.2,0.02,0.5222427097244595,-0.04857761352765072,0.20191175130012745,0.024182848153477165,0.02224270972445952,0.0014223864723492824,0.00191175130012744,0.004182848153477164,60.80889886324796,23316.579999999998,1198651.0,892420.55,0.001767099462455457,0.005121239023242413,40,3.1999999999999997,1230.0800000000017,384.40000000000055
MACD_DIVERGENCE_LOSING,RE-OPTIMIZED,2026-04-01 12:45:00.000000,2026-04-01 12:45:00.000000,2026-04-01 12:53:31.655323283,23373.25,23520.51373608905,CE,23800.0,OTM,307.52000000000044,334.46511372180186,26.94511372180142,1,50,15376.000000000022,1347.2556860900709,1307.2556860900709,8.762068718067566,True,TARGET_ACHIEVED,9.792662134245951,MACD re-optimized,0.5,-0.05,0.2,0.02,0.4579961981526487,-0.04266050730201996,0.1980095978817417,0.016295111562908162,-0.04200380184735131,0.007339492697980045,-0.001990402118258322,-0.0037048884370918383,60.80889886324796,23316.579999999998,1198651.0,892420.55,0.001767099462455457,0.005121239023242413,40,3.1999999999999997,1230.0800000000017,384.40000000000055
WILLIAMS_REVERSAL_LOSING,RE-OPTIMIZED,2026-04-01 12:45:00.000000,2026-04-01 12:45:00.000000,2026-04-01 12:51:23.704314684,23373.25,23152.743386912567,CE,23800.0,OTM,307.52000000000044,329.813523257061,22.293523257060542,1,50,15376.000000000022,1114.676162853027,1074.676162853027,7.249454753206462,True,TARGET_ACHIEVED,7.685781871618934,Williams re-optimized,0.5,-0.05,0.2,0.02,0.5304846126552321,-0.056529528722003314,0.1966382042268204,0.01524694884269153,0.030484612655232057,-0.006529528722003311,-0.0033617957731796044,-0.004753051157308471,60.80889886324796,23316.579999999998,1198651.0,892420.55,0.001767099462455457,0.005121239023242413,40,3.1999999999999997,1230.0800000000017,384.40000000000055
CCI_EXTREME_LOSING,RE-OPTIMIZED,2026-04-01 12:45:00.000000,2026-04-01 12:45:00.000000,2026-04-01 12:56:34.739792857,23373.25,23026.32375989968,CE,23800.0,OTM,307.52000000000044,330.131222653839,22.61122265383858,1,50,15376.000000000022,1130.561132691929,1090.561132691929,7.352764910847603,True,TARGET_ACHIEVED,9.545633498577546,CCI re-optimized,0.5,-0.05,0.2,0.02,0.5280489505469891,-0.04375105489292982,0.2149043251013932,0.022433225085431857,0.028048950546989082,0.006248945107070185,0.014904325101393195,0.0024332250854318567,60.80889886324796,23316.579999999998,1198651.0,892420.55,0.001767099462455457,0.005121239023242413,40,3.1999999999999997,1230.0800000000017,384.40000000000055
MOMENTUM_REVERSAL_LOSING,RE-OPTIMIZED,2026-04-01 12:45:00.000000,2026-04-01 12:45:00.000000,2026-04-01 12:51:57.190979322,23373.25,23018.014464239095,CE,23800.0,OTM,307.52000000000044,332.270568770171,24.75056877017056,1,50,15376.000000000022,1237.5284385085279,1197.5284385085279,8.048441977812995,True,TARGET_ACHIEVED,5.002810701257049,Momentum re-optimized,0.5,-0.05,0.2,0.02,0.50282124942404,-0.04877783297368517,0.19863972062769836,0.017633997422449487,0.002821249424040051,0.0012221670263148354,-0.0013602793723016537,-0.0023660025775505134,60.80889886324796,23316.579999999998,1198651.0,892420.55,0.001767099462455457,0.005121239023242413,40,3.1999999999999997,1230.0800000000017,384.40000000000055
DAY_HIGH_LOW_OPTIMIZED,RE-OPTIMIZED,2026-04-01 12:45:00.000000,2026-04-01 12:45:00.000000,2026-04-01 12:56:54.229318266,23373.25,23344.110609736013,CE,23800.0,OTM,307.52000000000044,331.78595723114165,24.265957231141215,1,50,15376.000000000022,1213.2978615570607,1173.2978615570607,7.890854978909073,True,TARGET_ACHIEVED,6.749269443960028,Day high-low re-optimized,0.5,-0.05,0.2,0.02,0.5057146122297627,-0.041047703231341374,0.21859563552398315,0.018877870199433395,0.005714612229762661,0.008952296768658628,0.018595635523983134,-0.0011221298005666056,60.80889886324796,23316.579999999998,1198651.0,892420.55,0.001767099462455457,0.005121239023242413,40,3.1999999999999997,1230.0800000000017,384.40000000000055
BOLLINGER_SQUEEZE_LOSING,RE-OPTIMIZED,2026-04-01 12:45:00.000000,2026-04-01 12:45:00.000000,2026-04-01 12:53:42.347420153,23373.25,23044.111214254423,CE,23800.0,OTM,307.52000000000044,337.60516792780646,30.085167927806026,1,50,15376.000000000022,1504.2583963903012,1464.2583963903012,9.783158145098199,True,TARGET_ACHIEVED,5.800389645183875,Bollinger re-optimized,0.5,-0.05,0.2,0.02,0.5367862890490334,-0.04408298854201764,0.19761177359624135,0.023479841581981596,0.03678628904903336,0.00591701145798236,-0.0023882264037586587,0.0034798415819815957,60.80889886324796,23316.579999999998,1198651.0,892420.55,0.001767099462455457,0.005121239023242413,40,3.1999999999999997,1230.0800000000017,384.40000000000055
MULTI_TIMEFRAME_LOSING,FROZEN,2026-04-01 13:00:00.000000,2026-04-01 13:00:00.000000,2026-04-01 13:11:59.122007678,23466.69,23728.44765695312,PE,23800.0,OTM,307.52000000000044,339.73498147625,32.21498147624959,1,50,15376.000000000022,1610.7490738124795,1570.7490738124795,10.475735391600399,True,TARGET_ACHIEVED,10.96355399013957,Multi-timeframe frozen,0.5,-0.05,0.2,0.02,0.5113026640238033,-0.04858944465431452,0.21068146274523275,0.01976757878376708,0.01130266402380331,0.001410555345685481,0.01068146274523274,-0.00023242121623292047,67.46130851023615,23416.857,1238797.0,997956.5,-0.0005140816635972323,0.0007342322244849855,40,3.1999999999999997,1230.0800000000017,384.40000000000055
AI_ENHANCED_LOSING,FROZEN,2026-04-01 13:00:00.000000,2026-04-01 13:00:00.000000,2026-04-01 13:09:24.010637311,23466.69,23445.52006357765,PE,23800.0,OTM,307.52000000000044,335.0262634979958,27.50626349799535,1,50,15376.000000000022,1375.3131748997675,1335.3131748997675,8.944544581814293,True,TARGET_ACHIEVED,6.585454412787779,AI enhanced frozen,0.5,-0.05,0.2,0.02,0.5313527492088306,-0.051362762769799376,0.21037941760481405,0.021278840445894023,0.03135274920883058,-0.0013627627697993736,0.010379417604814034,0.001278840445894023,67.46130851023615,23416.857,1238797.0,997956.5,-0.0005140816635972323,0.0007342322244849855,40,3.1999999999999997,1230.0800000000017,384.40000000000055
RSI_DIVERGENCE_LOSING,FROZEN,2026-04-01 13:00:00.000000,2026-04-01 13:00:00.000000,2026-04-01 13:06:18.009039963,23466.69,23400.811141928447,PE,23800.0,OTM,307.52000000000044,302.64346670455257,-4.876533295447871,1,50,15376.000000000022,-243.82666477239354,-283.82666477239354,-1.5857613473750858,False,STOP_LOSS,7.442927459707333,RSI frozen,0.5,-0.05,0.2,0.02,0.4529947093817808,-0.050816044035603726,0.19607639797697468,0.019733296431137817,-0.047005290618219175,-0.0008160440356037232,-0.00392360202302533,-0.00026670356886218313,67.46130851023615,23416.857,1238797.0,997956.5,-0.0005140816635972323,0.0007342322244849855,40,3.1999999999999997,1230.0800000000017,384.40000000000055
STOCHASTIC_OVERSOLD_LOSING,FROZEN,2026-04-01 13:00:00.000000,2026-04-01 13:00:00.000000,2026-04-01 13:10:42.367078260,23466.69,23260.861586409796,PE,23800.0,OTM,307.52000000000044,336.53031142162513,29.010311421624692,1,50,15376.000000000022,1450.5155710812346,1410.5155710812346,9.433634047094385,True,TARGET_ACHIEVED,5.275230206471331,Stochastic frozen,0.5,-0.05,0.2,0.02,0.5030514952633565,-0.05727037281570205,0.20206473946818343,0.022868122121242465,0.003051495263356463,-0.007270372815702045,0.0020647394681834186,0.0028681221212424647,67.46130851023615,23416.857,1238797.0,997956.5,-0.0005140816635972323,0.0007342322244849855,40,3.1999999999999997,1230.0800000000017,384.40000000000055
TREND_FOLLOWING_OPTIMIZED,FROZEN,2026-04-01 13:00:00.000000,2026-04-01 13:00:00.000000,2026-04-01 13:08:05.051659700,23466.69,23815.35838483923,PE,23800.0,OTM,307.52000000000044,301.1452597118513,-6.374740288149155,1,50,15376.000000000022,-318.73701440745776,-358.73701440745776,-2.072951446458489,False,STOP_LOSS,9.848000496605923,Trend frozen,0.5,-0.05,0.2,0.02,0.5114851715874399,-0.05529909647812466,0.20359952347471263,0.01593453113896664,0.01148517158743989,-0.005299096478124654,0.0035995234747126237,-0.004065468861033362,67.46130851023615,23416.857,1238797.0,997956.5,-0.0005140816635972323,0.0007342322244849855,40,3.1999999999999997,1230.0800000000017,384.40000000000055
VOLUME_SPIKE_LOSING,FROZEN,2026-04-01 13:00:00.000000,2026-04-01 13:00:00.000000,2026-04-01 13:06:33.561529020,23466.69,23168.322626592842,PE,23800.0,OTM,307.52000000000044,334.7301206178946,27.210120617894177,1,50,15376.000000000022,1360.5060308947088,1320.5060308947088,8.848244217577438,True,TARGET_ACHIEVED,9.261243461217058,Volume frozen,0.5,-0.05,0.2,0.02,0.4866394800971198,-0.057610564113270105,0.2155638136489161,0.02177917279637316,-0.013360519902880175,-0.007610564113270102,0.015563813648916097,0.0017791727963731609,67.46130851023615,23416.857,1238797.0,997956.5,-0.0005140816635972323,0.0007342322244849855,40,3.1999999999999997,1230.0800000000017,384.40000000000055
HIGH_VOLUME_LOSING,FROZEN,2026-04-01 13:00:00.000000,2026-04-01 13:00:00.000000,2026-04-01 13:07:31.589032983,23466.69,23714.852066427615,PE,23800.0,OTM,307.52000000000044,337.0158007916821,29.49580079168169,1,50,15376.000000000022,1474.7900395840843,1434.7900395840843,9.59150650093706,True,TARGET_ACHIEVED,7.219127716161236,High volume frozen,0.5,-0.05,0.2,0.02,0.54917885877468,-0.047994663337757655,0.18223622159517727,0.024487474072388358,0.04917885877467998,0.0020053366622423477,-0.01776377840482274,0.0044874740723883574,67.46130851023615,23416.857,1238797.0,997956.5,-0.0005140816635972323,0.0007342322244849855,40,3.1999999999999997,1230.0800000000017,384.40000000000055
MACD_DIVERGENCE_LOSING,RE-OPTIMIZED,2026-04-01 13:00:00.000000,2026-04-01 13:00:00.000000,2026-04-01 13:10:18.425614714,23466.69,23692.495571618703,PE,23800.0,OTM,307.52000000000044,334.18557908684096,26.665579086840523,1,50,15376.000000000022,1333.2789543420263,1293.2789543420263,8.671169057895579,True,TARGET_ACHIEVED,8.111660038699299,MACD re-optimized,0.5,-0.05,0.2,0.02,0.5132379963784073,-0.0418600292268242,0.18137305004697857,0.0172333009288967,0.01323799637840728,0.008139970773175804,-0.018626949953021443,-0.0027666990711033013,67.46130851023615,23416.857,1238797.0,997956.5,-0.0005140816635972323,0.0007342322244849855,40,3.1999999999999997,1230.0800000000017,384.40000000000055
BOLLINGER_SQUEEZE_LOSING,RE-OPTIMIZED,2026-04-01 13:00:00.000000,2026-04-01 13:00:00.000000,2026-04-01 13:08:07.387829326,23466.69,23230.40986733336,PE,23800.0,OTM,307.52000000000044,341.02907073056065,33.50907073056021,1,50,15376.000000000022,1675.4535365280105,1635.4535365280105,10.896550055463113,True,TARGET_ACHIEVED,10.266682359038409,Bollinger re-optimized,0.5,-0.05,0.2,0.02,0.4864382998342748,-0.059060049804265,0.21001146133275553,0.015604775995132526,-0.013561700165725221,-0.009060049804264995,0.010011461332755517,-0.004395224004867474,67.46130851023615,23416.857,1238797.0,997956.5,-0.0005140816635972323,0.0007342322244849855,40,3.1999999999999997,1230.0800000000017,384.40000000000055
MULTI_TIMEFRAME_LOSING,FROZEN,2026-04-01 13:15:00.000000,2026-04-01 13:15:00.000000,2026-04-01 13:20:56.672966644,23417.5,23749.55283521648,PE,23800.0,OTM,307.52000000000044,333.7139219208317,26.193921920831258,1,50,15376.000000000022,1309.696096041563,1269.696096041563,8.517794589240122,True,TARGET_ACHIEVED,11.176654549149315,Multi-timeframe frozen,0.5,-0.05,0.2,0.02,0.5334941044538286,-0.05417858664281955,0.1932664357511727,0.015528072436590858,0.03349410445382861,-0.004178586642819546,-0.006733564248827317,-0.004471927563409143,40.64493267186381,23439.764499999997,1067481.0,1026494.7,-0.001560920452747916,0.002806021138037755,40,3.1999999999999997,1230.0800000000017,384.40000000000055
AI_ENHANCED_LOSING,FROZEN,2026-04-01 13:15:00.000000,2026-04-01 13:15:00.000000,2026-04-01 13:21:10.668356519,23417.5,23403.916003378687,PE,23800.0,OTM,307.52000000000044,330.7629768547064,23.242976854705944,1,50,15376.000000000022,1162.1488427352972,1122.1488427352972,7.55820006981852,True,TARGET_ACHIEVED,5.111838498998325,AI enhanced frozen,0.5,-0.05,0.2,0.02,0.5351120075231667,-0.04955512971115808,0.1905991099515004,0.02256781963792928,0.03511200752316668,0.0004448702888419226,-0.009400890048499616,0.0025678196379292813,40.64493267186381,23439.764499999997,1067481.0,1026494.7,-0.001560920452747916,0.002806021138037755,40,3.1999999999999997,1230.0800000000017,384.40000000000055
RSI_DIVERGENCE_LOSING,FROZEN,2026-04-01 13:15:00.000000,2026-04-01 13:15:00.000000,2026-04-01 13:26:48.931864595,23417.5,23681.522595467115,PE,23800.0,OTM,307.52000000000044,341.6438403375011,34.12384033750067,1,50,15376.000000000022,1706.1920168750335,1666.1920168750335,11.09646212847965,True,TARGET_ACHIEVED,10.896938703565432,RSI frozen,0.5,-0.05,0.2,0.02,0.4567054690650947,-0.04033890488714475,0.2093341922014152,0.023754552264916823,-0.04329453093490532,0.009661095112855254,0.009334192201415181,0.0037545522649168224,40.64493267186381,23439.764499999997,1067481.0,1026494.7,-0.001560920452747916,0.002806021138037755,40,3.1999999999999997,1230.0800000000017,384.40000000000055
TREND_FOLLOWING_OPTIMIZED,FROZEN,2026-04-01 13:15:00.000000,2026-04-01 13:15:00.000000,2026-04-01 13:24:49.733786555,23417.5,22987.811576543787,PE,23800.0,OTM,307.52000000000044,337.1525583842439,29.632558384243453,1,50,15376.000000000022,1481.6279192121726,1441.6279192121726,9.635977622347623,True,TARGET_ACHIEVED,8.438399668202006,Trend frozen,0.5,-0.05,0.2,0.02,0.5421956635590809,-0.04896181117665819,0.19724615898160675,0.01725836989253582,0.04219566355908089,0.0010381888233418138,-0.002753841018393266,-0.0027416301074641818,40.64493267186381,23439.764499999997,1067481.0,1026494.7,-0.001560920452747916,0.002806021138037755,40,3.1999999999999997,1230.0800000000017,384.40000000000055
STRONG_MOMENTUM_LOSING,FROZEN,2026-04-01 13:15:00.000000,2026-04-01 13:15:00.000000,2026-04-01 13:20:13.538733361,23417.5,23631.014365620147,PE,23800.0,OTM,307.52000000000044,334.29170660654444,26.771706606544,1,50,15376.000000000022,1338.5853303272002,1298.5853303272002,8.705679827830373,True,TARGET_ACHIEVED,6.24622934752955,Strong momentum frozen,0.5,-0.05,0.2,0.02,0.46727246131908934,-0.052167954755004756,0.21822466126424236,0.019043948801889456,-0.03272753868091066,-0.002167954755004753,0.018224661264242353,-0.0009560511981105448,40.64493267186381,23439.764499999997,1067481.0,1026494.7,-0.001560920452747916,0.002806021138037755,40,3.1999999999999997,1230.0800000000017,384.40000000000055
MACD_DIVERGENCE_LOSING,RE-OPTIMIZED,2026-04-01 13:15:00.000000,2026-04-01 13:15:00.000000,2026-04-01 13:25:00.024571396,23417.5,23560.63662595914,PE,23800.0,OTM,307.52000000000044,334.84294011623547,27.32294011623503,1,50,15376.000000000022,1366.1470058117516,1326.1470058117516,8.88493109919192,True,TARGET_ACHIEVED,7.270865580572272,MACD re-optimized,0.5,-0.05,0.2,0.02,0.4684421028637006,-0.04089174300274516,0.1828050041681063,0.019293270590834636,-0.03155789713629942,0.009108256997254843,-0.01719499583189371,-0.0007067294091653645,40.64493267186381,23439.764499999997,1067481.0,1026494.7,-0.001560920452747916,0.002806021138037755,40,3.1999999999999997,1230.0800000000017,384.40000000000055
CCI_EXTREME_LOSING,RE-OPTIMIZED,2026-04-01 13:15:00.000000,2026-04-01 13:15:00.000000,2026-04-01 13:23:25.824075625,23417.5,23840.488381242623,PE,23800.0,OTM,307.52000000000044,330.35887034149624,22.838870341495806,1,50,15376.000000000022,1141.9435170747902,1101.9435170747902,7.426791864430207,True,TARGET_ACHIEVED,11.524687788817161,CCI re-optimized,0.5,-0.05,0.2,0.02,0.5438776549654882,-0.0425190755088266,0.21497968328901426,0.022707982585486394,0.04387765496548823,0.0074809244911734005,0.01497968328901425,0.002707982585486393,40.64493267186381,23439.764499999997,1067481.0,1026494.7,-0.001560920452747916,0.002806021138037755,40,3.1999999999999997,1230.0800000000017,384.40000000000055
MOMENTUM_REVERSAL_LOSING,RE-OPTIMIZED,2026-04-01 13:15:00.000000,2026-04-01 13:15:00.000000,2026-04-01 13:25:12.317186158,23417.5,23124.534344553274,PE,23800.0,OTM,307.52000000000044,301.02351029941036,-6.496489700590075,1,50,15376.000000000022,-324.82448502950376,-364.82448502950376,-2.1125421763105052,False,STOP_LOSS,6.225456917960684,Momentum re-optimized,0.5,-0.05,0.2,0.02,0.46654365067174614,-0.04390729725237632,0.2076002302211544,0.02489024023061765,-0.033456349328253865,0.006092702747623684,0.007600230221154386,0.0048902402306176505,40.64493267186381,23439.764499999997,1067481.0,1026494.7,-0.001560920452747916,0.002806021138037755,40,3.1999999999999997,1230.0800000000017,384.40000000000055
MULTI_TIMEFRAME_LOSING,FROZEN,2026-04-01 13:30:00.000000,2026-04-01 13:30:00.000000,2026-04-01 13:37:30.850667152,23543.15,23191.783003623586,CE,23800.0,OTM,307.52000000000044,331.65762637445204,24.1376263744516,1,50,15376.000000000022,1206.88131872258,1166.88131872258,7.849124081182221,True,TARGET_ACHIEVED,10.68963391945675,Multi-timeframe frozen,0.5,-0.05,0.2,0.02,0.48106361354605226,-0.048922351701433026,0.191216609403964,0.0171973993052125,-0.01893638645394774,0.0010776482985669772,-0.008783390596036,-0.0028026006947875007,82.23154125241521,23456.8095,610099.0,999542.85,0.0006417871434309941,0.0026801851069206345,40,3.1999999999999997,1230.0800000000017,384.40000000000055
AI_ENHANCED_LOSING,FROZEN,2026-04-01 13:30:00.000000,2026-04-01 13:30:00.000000,2026-04-01 13:38:08.335562344,23543.15,23390.829024964336,CE,23800.0,OTM,307.52000000000044,332.4199338295109,24.899933829510474,1,50,15376.000000000022,1244.9966914755237,1204.9966914755237,8.097012821771084,True,TARGET_ACHIEVED,11.158007790119397,AI enhanced frozen,0.5,-0.05,0.2,0.02,0.4569084137611903,-0.057577283522389285,0.21995579899484333,0.01732207383404037,-0.04309158623880971,-0.007577283522389282,0.019955798994843316,-0.002677926165959632,82.23154125241521,23456.8095,610099.0,999542.85,0.0006417871434309941,0.0026801851069206345,40,3.1999999999999997,1230.0800000000017,384.40000000000055
RSI_DIVERGENCE_LOSING,FROZEN,2026-04-01 13:30:00.000000,2026-04-01 13:30:00.000000,2026-04-01 13:37:16.468821510,23543.15,23728.790118429002,CE,23800.0,OTM,307.52000000000044,331.8536457632743,24.333645763273864,1,50,15376.000000000022,1216.682288163693,1176.682288163693,7.9128660780677125,True,TARGET_ACHIEVED,6.5405903238392815,RSI frozen,0.5,-0.05,0.2,0.02,0.5030137792894502,-0.05764163695523443,0.21637047010488125,0.01743212389923898,0.0030137792894502358,-0.0076416369552344265,0.01637047010488124,-0.0025678761007610212,82.23154125241521,23456.8095,610099.0,999542.85,0.0006417871434309941,0.0026801851069206345,40,3.1999999999999997,1230.0800000000017,384.40000000000055
STOCHASTIC_OVERSOLD_LOSING,FROZEN,2026-04-01 13:30:00.000000,2026-04-01 13:30:00.000000,2026-04-01 13:37:48.881348774,23543.15,23586.912790483948,CE,23800.0,OTM,307.52000000000044,339.2032051586591,31.683205158658666,1,50,15376.000000000022,1584.1602579329333,1544.1602579329333,10.302811250864535,True,TARGET_ACHIEVED,7.52896673934556,Stochastic frozen,0.5,-0.05,0.2,0.02,0.4894566986625823,-0.04191261542979267,0.19941204540835897,0.018558626023772874,-0.01054330133741771,0.008087384570207336,-0.0005879545916410434,-0.0014413739762271262,82.23154125241521,23456.8095,610099.0,999542.85,0.0006417871434309941,0.0026801851069206345,40,3.1999999999999997,1230.0800000000017,384.40000000000055
TREND_FOLLOWING_OPTIMIZED,FROZEN,2026-04-01 13:30:00.000000,2026-04-01 13:30:00.000000,2026-04-01 13:41:28.328620279,23543.15,23809.64735489229,CE,23800.0,OTM,307.52000000000044,331.87171508311695,24.351715083116517,1,50,15376.000000000022,1217.5857541558257,1177.5857541558257,7.918741897475442,True,TARGET_ACHIEVED,10.341601506005645,Trend frozen,0.5,-0.05,0.2,0.02,0.4794892743247822,-0.048037049076915105,0.1847301166171775,0.01898631008246491,-0.020510725675217778,0.001962950923084898,-0.015269883382822508,-0.0010136899175350912,82.23154125241521,23456.8095,610099.0,999542.85,0.0006417871434309941,0.0026801851069206345,40,3.1999999999999997,1230.0800000000017,384.40000000000055
MACD_DIVERGENCE_LOSING,RE-OPTIMIZED,2026-04-01 13:30:00.000000,2026-04-01 13:30:00.000000,2026-04-01 13:39:40.315086320,23543.15,23618.51653674616,CE,23800.0,OTM,307.52000000000044,339.0473548480987,31.52735484809824,1,50,15376.000000000022,1576.367742404912,1536.367742404912,10.252131519282711,True,TARGET_ACHIEVED,7.6066561522345,MACD re-optimized,0.5,-0.05,0.2,0.02,0.519333154448349,-0.05530155266271802,0.21427718770191237,0.023849367037946996,0.019333154448349044,-0.00530155266271802,0.014277187701912358,0.0038493670379469956,82.23154125241521,23456.8095,610099.0,999542.85,0.0006417871434309941,0.0026801851069206345,40,3.1999999999999997,1230.0800000000017,384.40000000000055
MOMENTUM_REVERSAL_LOSING,RE-OPTIMIZED,2026-04-01 13:30:00.000000,2026-04-01 13:30:00.000000,2026-04-01 13:35:27.606712581,23543.15,23215.570242779013,CE,23800.0,OTM,307.52000000000044,303.26464265528614,-4.255357344714298,1,50,15376.000000000022,-212.7678672357149,-252.7678672357149,-1.383766046017915,False,STOP_LOSS,6.816324253310956,Momentum re-optimized,0.5,-0.05,0.2,0.02,0.5351995844039229,-0.042260286831354826,0.21812499649924777,0.016297484342842773,0.0351995844039229,0.0077397131686451764,0.01812499649924776,-0.003702515657157228,82.23154125241521,23456.8095,610099.0,999542.85,0.0006417871434309941,0.0026801851069206345,40,3.1999999999999997,1230.0800000000017,384.40000000000055
BOLLINGER_SQUEEZE_LOSING,RE-OPTIMIZED,2026-04-01 13:30:00.000000,2026-04-01 13:30:00.000000,2026-04-01 13:37:31.562344024,23543.15,23371.008078892773,CE,23800.0,OTM,307.52000000000044,329.86688528030453,22.346885280304093,1,50,15376.000000000022,1117.3442640152048,1077.3442640152048,7.266807128090551,True,TARGET_ACHIEVED,9.97466238198528,Bollinger re-optimized,0.5,-0.05,0.2,0.02,0.4563602896537989,-0.04713006320777084,0.1849145535270721,0.023830639293420938,-0.04363971034620112,0.0028699367922291608,-0.015085446472927921,0.003830639293420937,82.23154125241521,23456.8095,610099.0,999542.85,0.0006417871434309941,0.0026801851069206345,40,3.1999999999999997,1230.0800000000017,384.40000000000055
BREAKOUT_REVERSAL_LOSING,RE-OPTIMIZED,2026-04-01 13:30:00.000000,2026-04-01 13:30:00.000000,2026-04-01 13:38:37.787138876,23543.15,23718.05765258893,CE,23800.0,OTM,307.52000000000044,335.1268818472457,27.60688184724529,1,50,15376.000000000022,1380.3440923622645,1340.3440923622645,8.977263868120854,True,TARGET_ACHIEVED,5.15501523903004,Breakout re-optimized,0.5,-0.05,0.2,0.02,0.5329428435827992,-0.053387924800101495,0.19238360769204393,0.01674001803003845,0.0329428435827992,-0.0033879248001014925,-0.007616392307956077,-0.0032599819699615507,82.23154125241521,23456.8095,610099.0,999542.85,0.0006417871434309941,0.0026801851069206345,40,3.1999999999999997,1230.0800000000017,384.40000000000055
MULTI_TIMEFRAME_LOSING,FROZEN,2026-04-01 13:45:00.000000,2026-04-01 13:45:00.000000,2026-04-01 13:55:22.446598336,23572.57,23473.25096763037,PE,23800.0,OTM,307.52000000000044,337.1370848831185,29.617084883118082,1,50,15376.000000000022,1480.854244155904,1440.854244155904,9.63094591672673,True,TARGET_ACHIEVED,9.346425289414292,Multi-timeframe frozen,0.5,-0.05,0.2,0.02,0.5277730419901967,-0.04250967015365223,0.21225612086130466,0.022210338713328857,0.0277730419901967,0.0074903298463477735,0.012256120861304648,0.002210338713328857,54.72126059448499,23544.5895,585127.0,1106888.2,-0.0001259780263782595,0.004700378448340562,40,3.1999999999999997,1230.0800000000017,384.40000000000055
AI_ENHANCED_LOSING,FROZEN,2026-04-01 13:45:00.000000,2026-04-01 13:45:00.000000,2026-04-01 13:51:26.280616861,23572.57,23367.460600818817,PE,23800.0,OTM,307.52000000000044,303.15647058378255,-4.363529416217887,1,50,15376.000000000022,-218.17647081089433,-258.17647081089433,-1.4189416676046698,False,STOP_LOSS,7.986992394618897,AI enhanced frozen,0.5,-0.05,0.2,0.02,0.4825865325087924,-0.045894400796186036,0.21794373260661012,0.017714087986181258,-0.01741346749120759,0.004105599203813967,0.017943732606610113,-0.0022859120138187423,54.72126059448499,23544.5895,585127.0,1106888.2,-0.0001259780263782595,0.004700378448340562,40,3.1999999999999997,1230.0800000000017,384.40000000000055
TREND_FOLLOWING_OPTIMIZED,FROZEN,2026-04-01 13:45:00.000000,2026-04-01 13:45:00.000000,2026-04-01 13:52:14.570149935,23572.57,23728.827836210414,PE,23800.0,OTM,307.52000000000044,330.18710929239097,22.667109292390535,1,50,15376.000000000022,1133.3554646195266,1093.3554646195266,7.3709382454443615,True,TARGET_ACHIEVED,11.460486075830088,Trend frozen,0.5,-0.05,0.2,0.02,0.4676616960969638,-0.048325470903600475,0.2089130926289997,0.01769850527208437,-0.032338303903036214,0.0016745290963995282,0.008913092628999697,-0.0023014947279156317,54.72126059448499,23544.5895,585127.0,1106888.2,-0.0001259780263782595,0.004700378448340562,40,3.1999999999999997,1230.0800000000017,384.40000000000055
MULTI_TIMEFRAME_LOSING,FROZEN,2026-04-01 14:00:00.000000,2026-04-01 14:00:00.000000,2026-04-01 14:06:09.338705441,23617.15,23615.025188790372,CE,23800.0,OTM,307.52000000000044,331.40370107269155,23.88370107269111,1,50,15376.000000000022,1194.1850536345555,1154.1850536345555,7.766552117810574,True,TARGET_ACHIEVED,6.670029545761525,Multi-timeframe frozen,0.5,-0.05,0.2,0.02,0.458722416533761,-0.04974812436770505,0.1985682019531853,0.020572097177995984,-0.041277583466239,0.00025187563229495114,-0.001431798046814703,0.0005720971779959831,50.514334408668304,23610.43,920751.0,1008220.1,0.0011615214234996785,0.0032124960039633323,40,3.1999999999999997,1230.0800000000017,384.40000000000055
AI_ENHANCED_LOSING,FROZEN,2026-04-01 14:00:00.000000,2026-04-01 14:00:00.000000,2026-04-01 14:11:21.396295359,23617.15,23158.87336418527,CE,23800.0,OTM,307.52000000000044,338.441501030129,30.92150103012858,1,50,15376.000000000022,1546.0750515064292,1506.0750515064292,10.055118701264483,True,TARGET_ACHIEVED,10.181576945952003,AI enhanced frozen,0.5,-0.05,0.2,0.02,0.5186890681433912,-0.05655852604931344,0.20074024271954083,0.02121218533325613,0.01868906814339122,-0.006558526049313437,0.0007402427195408179,0.0012121853332561286,50.514334408668304,23610.43,920751.0,1008220.1,0.0011615214234996785,0.0032124960039633323,40,3.1999999999999997,1230.0800000000017,384.40000000000055
TREND_FOLLOWING_OPTIMIZED,FROZEN,2026-04-01 14:00:00.000000,2026-04-01 14:00:00.000000,2026-04-01 14:08:20.919223624,23617.15,23417.752451695444,CE,23800.0,OTM,307.52000000000044,303.8085699592008,-3.711430040799655,1,50,15376.000000000022,-185.57150203998276,-225.57150203998276,-1.2068906220082107,False,STOP_LOSS,6.454836498528902,Trend frozen,0.5,-0.05,0.2,0.02,0.5109004634659697,-0.05415695593595579,0.20272773312980968,0.017333154682650218,0.010900463465969734,-0.004156955935955789,0.002727733129809673,-0.002666845317349783,50.514334408668304,23610.43,920751.0,1008220.1,0.0011615214234996785,0.0032124960039633323,40,3.1999999999999997,1230.0800000000017,384.40000000000055
STRONG_MOMENTUM_LOSING,FROZEN,2026-04-01 14:00:00.000000,2026-04-01 14:00:00.000000,2026-04-01 14:09:46.256005412,23617.15,23267.67055597323,CE,23800.0,OTM,307.52000000000044,301.6608783475521,-5.859121652448323,1,50,15376.000000000022,-292.95608262241615,-332.95608262241615,-1.9052814946827246,False,STOP_LOSS,9.26875166097927,Strong momentum frozen,0.5,-0.05,0.2,0.02,0.5487639077323336,-0.04194911371601065,0.21852903253711417,0.020309246660936833,0.04876390773233363,0.008050886283989353,0.01852903253711416,0.0003092466609368322,50.514334408668304,23610.43,920751.0,1008220.1,0.0011615214234996785,0.0032124960039633323,40,3.1999999999999997,1230.0800000000017,384.40000000000055
MACD_DIVERGENCE_LOSING,RE-OPTIMIZED,2026-04-01 14:00:00.000000,2026-04-01 14:00:00.000000,2026-04-01 14:05:07.700711681,23617.15,23912.494798757445,CE,23800.0,OTM,307.52000000000044,333.4367193469992,25.916719346998775,1,50,15376.000000000022,1295.8359673499388,1255.8359673499388,8.42765327360781,True,TARGET_ACHIEVED,6.733471666284178,MACD re-optimized,0.5,-0.05,0.2,0.02,0.545524503775377,-0.04008660688220067,0.21715900927893161,0.019857529034526016,0.04552450377537698,0.009913393117799332,0.017159009278931603,-0.0001424709654739842,50.514334408668304,23610.43,920751.0,1008220.1,0.0011615214234996785,0.0032124960039633323,40,3.1999999999999997,1230.0800000000017,384.40000000000055
CCI_EXTREME_LOSING,RE-OPTIMIZED,2026-04-01 14:00:00.000000,2026-04-01 14:00:00.000000,2026-04-01 14:10:39.482729335,23617.15,23848.24592698852,CE,23800.0,OTM,307.52000000000044,331.9173120407366,24.397312040736153,1,50,15376.000000000022,1219.8656020368076,1179.8656020368076,7.933569211997956,True,TARGET_ACHIEVED,9.40566723645598,CCI re-optimized,0.5,-0.05,0.2,0.02,0.5481984146361591,-0.059406167731691065,0.20433926505504113,0.016238207173248337,0.04819841463615915,-0.009406167731691062,0.004339265055041119,-0.0037617928267516636,50.514334408668304,23610.43,920751.0,1008220.1,0.0011615214234996785,0.0032124960039633323,40,3.1999999999999997,1230.0800000000017,384.40000000000055
MOMENTUM_REVERSAL_LOSING,RE-OPTIMIZED,2026-04-01 14:00:00.000000,2026-04-01 14:00:00.000000,2026-04-01 14:09:58.123051380,23617.15,23694.2247295593,CE,23800.0,OTM,307.52000000000044,333.38770116053985,25.86770116053941,1,50,15376.000000000022,1293.3850580269705,1253.3850580269705,8.411713436699849,True,TARGET_ACHIEVED,10.573992934602323,Momentum re-optimized,0.5,-0.05,0.2,0.02,0.48048915217093113,-0.054520225423710246,0.21913904415586427,0.019251035320098905,-0.019510847829068867,-0.004520225423710243,0.01913904415586426,-0.000748964679901095,50.514334408668304,23610.43,920751.0,1008220.1,0.0011615214234996785,0.0032124960039633323,40,3.1999999999999997,1230.0800000000017,384.40000000000055
MULTI_TIMEFRAME_LOSING,FROZEN,2026-04-01 14:15:00.000000,2026-04-01 14:15:00.000000,2026-04-01 14:21:26.187550180,23602.44,23151.8766840311,PE,23800.0,OTM,307.52000000000044,337.9749352248828,30.454935224882377,1,50,15376.000000000022,1522.7467612441187,1482.7467612441187,9.90339985200388,True,TARGET_ACHIEVED,11.644214714688053,Multi-timeframe frozen,0.5,-0.05,0.2,0.02,0.4593563816449654,-0.05443552246729809,0.2058458312907186,0.019514154650557558,-0.040643618355034605,-0.004435522467298086,0.005845831290718584,-0.00048584534944244237,45.51976720850878,23578.2585,622289.0,861788.05,-0.00030284303962935244,0.002363314979298701,40,3.1999999999999997,1230.0800000000017,384.40000000000055
AI_ENHANCED_LOSING,FROZEN,2026-04-01 14:15:00.000000,2026-04-01 14:15:00.000000,2026-04-01 14:26:35.714059113,23602.44,24042.0455111179,PE,23800.0,OTM,307.52000000000044,334.25535744962457,26.735357449624132,1,50,15376.000000000022,1336.7678724812067,1296.7678724812067,8.693859732578076,True,TARGET_ACHIEVED,5.845100780142236,AI enhanced frozen,0.5,-0.05,0.2,0.02,0.5201873983616975,-0.053988553920721855,0.2086206543298948,0.01958370409777666,0.020187398361697473,-0.003988553920721852,0.008620654329894784,-0.00041629590222334173,45.51976720850878,23578.2585,622289.0,861788.05,-0.00030284303962935244,0.002363314979298701,40,3.1999999999999997,1230.0800000000017,384.40000000000055
TREND_FOLLOWING_OPTIMIZED,FROZEN,2026-04-01 14:15:00.000000,2026-04-01 14:15:00.000000,2026-04-01 14:25:29.995737704,23602.44,23739.03795792939,PE,23800.0,OTM,307.52000000000044,332.8109328457599,25.29093284575947,1,50,15376.000000000022,1264.5466422879736,1224.5466422879736,8.224158703745914,True,TARGET_ACHIEVED,7.635510932812482,Trend frozen,0.5,-0.05,0.2,0.02,0.5485875959435902,-0.05468721339165545,0.20503838988806827,0.01774851593845008,0.04858759594359019,-0.004687213391655447,0.005038389888068262,-0.0022514840615499195,45.51976720850878,23578.2585,622289.0,861788.05,-0.00030284303962935244,0.002363314979298701,40,3.1999999999999997,1230.0800000000017,384.40000000000055
MULTI_TIMEFRAME_LOSING,FROZEN,2026-04-01 14:30:00.000000,2026-04-01 14:30:00.000000,2026-04-01 14:40:44.838740398,23773.85,23547.344769940166,PE,23800.0,ATM,307.52000000000044,331.0955060090239,23.575506009023456,1,50,15376.000000000022,1178.7753004511728,1138.7753004511728,7.666332599188158,True,TARGET_ACHIEVED,6.422969530259918,Multi-timeframe frozen,0.5,-0.05,0.2,0.02,0.49467428152228066,-0.04267798653111872,0.1824183019386912,0.01629896678582462,-0.005325718477719343,0.007322013468881283,-0.017581698061308798,-0.0037010332141753817,80.36853295534982,23692.1705,681708.0,943256.65,-0.0005708897514360434,0.000872387097588231,40,3.1999999999999997,1230.0800000000017,384.40000000000055
AI_ENHANCED_LOSING,FROZEN,2026-04-01 14:30:00.000000,2026-04-01 14:30:00.000000,2026-04-01 14:36:46.412689474,23773.85,23491.95812293179,PE,23800.0,ATM,307.52000000000044,333.34686124564735,25.82686124564691,1,50,15376.000000000022,1291.3430622823455,1251.3430622823455,8.398433027330539,True,TARGET_ACHIEVED,8.224678894344525,AI enhanced frozen,0.5,-0.05,0.2,0.02,0.5081753094775088,-0.04450469465636068,0.18717574765716707,0.01609416140177891,0.008175309477508774,0.005495305343639324,-0.012824252342832937,-0.003905838598221089,80.36853295534982,23692.1705,681708.0,943256.65,-0.0005708897514360434,0.000872387097588231,40,3.1999999999999997,1230.0800000000017,384.40000000000055
RSI_DIVERGENCE_LOSING,FROZEN,2026-04-01 14:30:00.000000,2026-04-01 14:30:00.000000,2026-04-01 14:36:27.317449615,23773.85,23662.91298815187,PE,23800.0,ATM,307.52000000000044,339.8297108795382,32.30971087953776,1,50,15376.000000000022,1615.485543976888,1575.485543976888,10.506539698080683,True,TARGET_ACHIEVED,11.183915840969943,RSI frozen,0.5,-0.05,0.2,0.02,0.4957475488808873,-0.0480851605958861,0.20808673068838618,0.017534221179038495,-0.00425245111911271,0.0019148394041139036,0.008086730688386168,-0.0024657788209615054,80.36853295534982,23692.1705,681708.0,943256.65,-0.0005708897514360434,0.000872387097588231,40,3.1999999999999997,1230.0800000000017,384.40000000000055
STOCHASTIC_OVERSOLD_LOSING,FROZEN,2026-04-01 14:30:00.000000,2026-04-01 14:30:00.000000,2026-04-01 14:38:42.902551220,23773.85,24227.723650854055,PE,23800.0,ATM,307.52000000000044,300.9547252301006,-6.5652747698998155,1,50,15376.000000000022,-328.2637384949908,-368.2637384949908,-2.1349098497332877,False,STOP_LOSS,11.316188814206729,Stochastic frozen,0.5,-0.05,0.2,0.02,0.5037922673266306,-0.051346723198051177,0.19432366913928745,0.020639064163395757,0.0037922673266306273,-0.0013467231980511737,-0.005676330860712564,0.0006390641633957569,80.36853295534982,23692.1705,681708.0,943256.65,-0.0005708897514360434,0.000872387097588231,40,3.1999999999999997,1230.0800000000017,384.40000000000055
TREND_FOLLOWING_OPTIMIZED,FROZEN,2026-04-01 14:30:00.000000,2026-04-01 14:30:00.000000,2026-04-01 14:38:17.862540551,23773.85,24085.809749371267,PE,23800.0,ATM,307.52000000000044,334.23296931631575,26.71296931631531,1,50,15376.000000000022,1335.6484658157656,1295.6484658157656,8.686579512329368,True,TARGET_ACHIEVED,8.140505994613997,Trend frozen,0.5,-0.05,0.2,0.02,0.5153993586525211,-0.04921641909379427,0.20484741477689572,0.016278185386045415,0.015399358652521067,0.0007835809062057345,0.004847414776895709,-0.0037218146139545855,80.36853295534982,23692.1705,681708.0,943256.65,-0.0005708897514360434,0.000872387097588231,40,3.1999999999999997,1230.0800000000017,384.40000000000055
MACD_DIVERGENCE_LOSING,RE-OPTIMIZED,2026-04-01 14:30:00.000000,2026-04-01 14:30:00.000000,2026-04-01 14:35:50.166817311,23773.85,24243.10531475575,PE,23800.0,ATM,307.52000000000044,339.4446754037768,31.924675403776348,1,50,15376.000000000022,1596.2337701888173,1556.2337701888173,10.38133305273683,True,TARGET_ACHIEVED,6.641874432888846,MACD re-optimized,0.5,-0.05,0.2,0.02,0.4630734447449234,-0.04841750015857959,0.21658547436914244,0.024913205192794816,-0.0369265552550766,0.0015824998414204136,0.016585474369142428,0.004913205192794815,80.36853295534982,23692.1705,681708.0,943256.65,-0.0005708897514360434,0.000872387097588231,40,3.1999999999999997,1230.0800000000017,384.40000000000055
BOLLINGER_SQUEEZE_LOSING,RE-OPTIMIZED,2026-04-01 14:30:00.000000,2026-04-01 14:30:00.000000,2026-04-01 14:38:23.091235782,23773.85,23620.048292112155,PE,23800.0,ATM,307.52000000000044,337.6689033053109,30.148903305310455,1,50,15376.000000000022,1507.4451652655227,1467.4451652655227,9.803883749125394,True,TARGET_ACHIEVED,9.40697032575999,Bollinger re-optimized,0.5,-0.05,0.2,0.02,0.5482351752489121,-0.045546824259755175,0.21743530220307888,0.020592276755991894,0.04823517524891208,0.004453175740244827,0.017435302203078873,0.0005922767559918933,80.36853295534982,23692.1705,681708.0,943256.65,-0.0005708897514360434,0.000872387097588231,40,3.1999999999999997,1230.0800000000017,384.40000000000055
BREAKOUT_REVERSAL_LOSING,RE-OPTIMIZED,2026-04-01 14:30:00.000000,2026-04-01 14:30:00.000000,2026-04-01 14:35:31.775769120,23773.85,24163.881746834566,PE,23800.0,ATM,307.52000000000044,337.4585958226923,29.938595822691866,1,50,15376.000000000022,1496.9297911345934,1456.9297911345934,9.735495519865967,True,TARGET_ACHIEVED,8.983132689568958,Breakout re-optimized,0.5,-0.05,0.2,0.02,0.505688191829354,-0.05477790935350349,0.19728469086132364,0.02182238549323528,0.0056881918293539835,-0.004777909353503487,-0.002715309138676375,0.0018223854932352783,80.36853295534982,23692.1705,681708.0,943256.65,-0.0005708897514360434,0.000872387097588231,40,3.1999999999999997,1230.0800000000017,384.40000000000055
MULTI_TIMEFRAME_LOSING,FROZEN,2026-04-01 14:45:00.000000,2026-04-01 14:45:00.000000,2026-04-01 14:50:59.900610995,23986.71,23770.44146810857,PE,24000.0,ATM,207.52000000000044,204.52570324736746,-2.9942967526329767,1,50,10376.000000000022,-149.71483763164883,-189.71483763164883,-1.4428955053165817,False,STOP_LOSS,9.233891648425029,Multi-timeframe frozen,0.5,-0.05,0.2,0.02,0.5345256482377997,-0.044654567975564136,0.2151561021570587,0.023446455735908242,0.03452564823779969,0.005345432024435867,0.015156102157058676,0.0034464557359082416,88.44956524850541,23867.1555,747591.0,1024332.9,-0.0004325524469842579,0.004497490485356309,40,3.1999999999999997,830.0800000000017,259.40000000000055
AI_ENHANCED_LOSING,FROZEN,2026-04-01 14:45:00.000000,2026-04-01 14:45:00.000000,2026-04-01 14:53:59.723240275,23986.71,23557.687193241425,PE,24000.0,ATM,207.52000000000044,204.85615846569408,-2.663841534306357,1,50,10376.000000000022,-133.19207671531785,-173.19207671531785,-1.2836553268631223,False,STOP_LOSS,9.642348176832943,AI enhanced frozen,0.5,-0.05,0.2,0.02,0.5308169772938441,-0.04441000061136876,0.20290991389566543,0.015062274819709617,0.03081697729384414,0.0055899993886312435,0.002909913895665417,-0.004937725180290384,88.44956524850541,23867.1555,747591.0,1024332.9,-0.0004325524469842579,0.004497490485356309,40,3.1999999999999997,830.0800000000017,259.40000000000055
RSI_DIVERGENCE_LOSING,FROZEN,2026-04-01 14:45:00.000000,2026-04-01 14:45:00.000000,2026-04-01 14:55:40.035644603,23986.71,23837.935227625323,PE,24000.0,ATM,207.52000000000044,226.07623732071477,18.55623732071433,1,50,10376.000000000022,927.8118660357165,887.8118660357165,8.941903103659547,True,TARGET_ACHIEVED,5.679543252613879,RSI frozen,0.5,-0.05,0.2,0.02,0.5382065057444954,-0.05425872414794176,0.20422401887346436,0.015698098392358223,0.038206505744495356,-0.0042587241479417545,0.0042240188734643525,-0.0043019016076417775,88.44956524850541,23867.1555,747591.0,1024332.9,-0.0004325524469842579,0.004497490485356309,40,3.1999999999999997,830.0800000000017,259.40000000000055
STOCHASTIC_OVERSOLD_LOSING,FROZEN,2026-04-01 14:45:00.000000,2026-04-01 14:45:00.000000,2026-04-01 14:53:56.645874599,23986.71,24404.20856893714,PE,24000.0,ATM,207.52000000000044,224.15004319133251,16.630043191332078,1,50,10376.000000000022,831.502159566604,791.502159566604,8.013706241004263,True,TARGET_ACHIEVED,7.412285875144949,Stochastic frozen,0.5,-0.05,0.2,0.02,0.5473613676745201,-0.0403826201096645,0.18206153153421767,0.01802984416350983,0.04736136767452015,0.009617379890335502,-0.017938468465782342,-0.00197015583649017,88.44956524850541,23867.1555,747591.0,1024332.9,-0.0004325524469842579,0.004497490485356309,40,3.1999999999999997,830.0800000000017,259.40000000000055
TREND_FOLLOWING_OPTIMIZED,FROZEN,2026-04-01 14:45:00.000000,2026-04-01 14:45:00.000000,2026-04-01 14:51:01.003235839,23986.71,23511.20317486361,PE,24000.0,ATM,207.52000000000044,226.03595873530514,18.515958735304707,1,50,10376.000000000022,925.7979367652354,885.7979367652354,8.922493607991841,True,TARGET_ACHIEVED,5.278201670725327,Trend frozen,0.5,-0.05,0.2,0.02,0.5237202474922557,-0.04532718768587133,0.21768940537281117,0.01764429909835199,0.023720247492255653,0.004672812314128673,0.017689405372811162,-0.002355700901648012,88.44956524850541,23867.1555,747591.0,1024332.9,-0.0004325524469842579,0.004497490485356309,40,3.1999999999999997,830.0800000000017,259.40000000000055
BOLLINGER_SQUEEZE_LOSING,RE-OPTIMIZED,2026-04-01 14:45:00.000000,2026-04-01 14:45:00.000000,2026-04-01 14:53:43.790946307,23986.71,23705.429745719324,PE,24000.0,ATM,207.52000000000044,226.16591860101224,18.6459186010118,1,50,10376.000000000022,932.29593005059,892.29593005059,8.985118832407363,True,TARGET_ACHIEVED,6.768121364843875,Bollinger re-optimized,0.5,-0.05,0.2,0.02,0.5089402439290842,-0.05058863339617213,0.1911510198518509,0.018937378534805073,0.008940243929084213,-0.000588633396172128,-0.00884898014814911,-0.0010626214651949274,88.44956524850541,23867.1555,747591.0,1024332.9,-0.0004325524469842579,0.004497490485356309,40,3.1999999999999997,830.0800000000017,259.40000000000055
BREAKOUT_REVERSAL_LOSING,RE-OPTIMIZED,2026-04-01 14:45:00.000000,2026-04-01 14:45:00.000000,2026-04-01 14:56:15.918207197,23986.71,23746.251893032044,PE,24000.0,ATM,207.52000000000044,228.83480425720157,21.314804257201132,1,50,10376.000000000022,1065.7402128600565,1025.7402128600565,10.271204827101526,True,TARGET_ACHIEVED,8.583690099049473,Breakout re-optimized,0.5,-0.05,0.2,0.02,0.5254585783567234,-0.050737239091089015,0.2186430584893992,0.01779772452235647,0.025458578356723383,-0.000737239091089012,0.018643058489399178,-0.002202275477643529,88.44956524850541,23867.1555,747591.0,1024332.9,-0.0004325524469842579,0.004497490485356309,40,3.1999999999999997,830.0800000000017,259.40000000000055
MULTI_TIMEFRAME_LOSING,FROZEN,2026-04-01 15:00:00.000000,2026-04-01 15:00:00.000000,2026-04-01 15:08:40.059721380,24068.53,24170.352999333507,PE,24000.0,ITM,207.52000000000044,228.11823544116677,20.598235441166338,1,50,10376.000000000022,1029.911772058317,989.911772058317,9.925903739960628,True,TARGET_ACHIEVED,9.150425702404593,Multi-timeframe frozen,0.5,-0.05,0.2,0.02,0.5351852875834128,-0.05573979231599956,0.18011320970351405,0.016890290707331355,0.03518528758341277,-0.00573979231599956,-0.019886790296485962,-0.003109709292668645,65.65423775454028,24024.0585,786799.0,893574.3,-0.00011382864302555973,0.0042117237737410215,40,3.1999999999999997,830.0800000000017,259.40000000000055
AI_ENHANCED_LOSING,FROZEN,2026-04-01 15:00:00.000000,2026-04-01 15:00:00.000000,2026-04-01 15:07:48.391300808,24068.53,24015.439302882576,PE,24000.0,ITM,207.52000000000044,223.44163113046008,15.921631130459645,1,50,10376.000000000022,796.0815565229823,756.0815565229823,7.672335741354863,True,TARGET_ACHIEVED,7.300917154695215,AI enhanced frozen,0.5,-0.05,0.2,0.02,0.5108830767451641,-0.04813023248876189,0.1834919235737377,0.017809139774216984,0.010883076745164089,0.0018697675112381157,-0.016508076426262314,-0.0021908602257830166,65.65423775454028,24024.0585,786799.0,893574.3,-0.00011382864302555973,0.0042117237737410215,40,3.1999999999999997,830.0800000000017,259.40000000000055
RSI_DIVERGENCE_LOSING,FROZEN,2026-04-01 15:00:00.000000,2026-04-01 15:00:00.000000,2026-04-01 15:08:18.332461719,24068.53,24537.156994131838,PE,24000.0,ITM,207.52000000000044,225.63356551700537,18.11356551700493,1,50,10376.000000000022,905.6782758502465,865.6782758502465,8.728587855148849,True,TARGET_ACHIEVED,9.954069316511575,RSI frozen,0.5,-0.05,0.2,0.02,0.5267608113728982,-0.057153114680127154,0.2016802199120403,0.01929342711184869,0.026760811372898208,-0.007153114680127151,0.0016802199120402872,-0.000706572888151312,65.65423775454028,24024.0585,786799.0,893574.3,-0.00011382864302555973,0.0042117237737410215,40,3.1999999999999997,830.0800000000017,259.40000000000055
STOCHASTIC_OVERSOLD_LOSING,FROZEN,2026-04-01 15:00:00.000000,2026-04-01 15:00:00.000000,2026-04-01 15:07:17.041728960,24068.53,23778.30230242775,PE,24000.0,ITM,207.52000000000044,227.73842673000644,20.218426730006,1,50,10376.000000000022,1010.9213365003001,970.9213365003001,9.742881037975115,True,TARGET_ACHIEVED,7.527413344035416,Stochastic frozen,0.5,-0.05,0.2,0.02,0.4886602191593124,-0.05920327035878885,0.2008294858332655,0.020777510747572586,-0.011339780840687597,-0.009203270358788845,0.0008294858332654753,0.0007775107475725858,65.65423775454028,24024.0585,786799.0,893574.3,-0.00011382864302555973,0.0042117237737410215,40,3.1999999999999997,830.0800000000017,259.40000000000055
TREND_FOLLOWING_OPTIMIZED,FROZEN,2026-04-01 15:00:00.000000,2026-04-01 15:00:00.000000,2026-04-01 15:06:51.448058819,24068.53,23718.866227330604,PE,24000.0,ITM,207.52000000000044,204.13334355056836,-3.386656449432081,1,50,10376.000000000022,-169.33282247160406,-209.33282247160406,-1.6319662921318785,False,STOP_LOSS,6.440408200721032,Trend frozen,0.5,-0.05,0.2,0.02,0.5135953313000278,-0.05515730849424091,0.19502814260762058,0.022164822237668417,0.013595331300027769,-0.0051573084942409045,-0.004971857392379431,0.0021648222376684165,65.65423775454028,24024.0585,786799.0,893574.3,-0.00011382864302555973,0.0042117237737410215,40,3.1999999999999997,830.0800000000017,259.40000000000055
MULTI_TIMEFRAME_LOSING,FROZEN,2026-04-01 15:15:00.000000,2026-04-01 15:15:00.000000,2026-04-01 15:24:36.026337196,24022.71,23861.787277516727,CE,24000.0,ATM,207.52000000000044,205.01441063226002,-2.505589367740413,1,50,10376.000000000022,-125.27946838702064,-165.27946838702064,-1.2073965727353544,False,STOP_LOSS,11.49159828250108,Multi-timeframe frozen,0.5,-0.05,0.2,0.02,0.4772750412415201,-0.047894646863268026,0.18630776585771897,0.024283511333870543,-0.022724958758479907,0.002105353136731977,-0.013692234142281046,0.004283511333870543,34.97830488863154,24043.038,873722.0,1074276.65,0.00024982605860679463,0.0023773337812428566,40,3.1999999999999997,830.0800000000017,259.40000000000055
AI_ENHANCED_LOSING,FROZEN,2026-04-01 15:15:00.000000,2026-04-01 15:15:00.000000,2026-04-01 15:23:16.257032524,24022.71,23612.595255182736,CE,24000.0,ATM,207.52000000000044,224.97310975666178,17.45310975666135,1,50,10376.000000000022,872.6554878330674,832.6554878330674,8.410326598236946,True,TARGET_ACHIEVED,8.898303527975823,AI enhanced frozen,0.5,-0.05,0.2,0.02,0.5133708768934563,-0.05675443636138045,0.19755946334371338,0.02425967867486803,0.013370876893456285,-0.006754436361380449,-0.0024405366562866293,0.004259678674868029,34.97830488863154,24043.038,873722.0,1074276.65,0.00024982605860679463,0.0023773337812428566,40,3.1999999999999997,830.0800000000017,259.40000000000055
RSI_DIVERGENCE_LOSING,FROZEN,2026-04-01 15:15:00.000000,2026-04-01 15:15:00.000000,2026-04-01 15:20:39.098634639,24022.71,23997.97350491413,CE,24000.0,ATM,207.52000000000044,226.17860645064874,18.658606450648307,1,50,10376.000000000022,932.9303225324154,892.9303225324154,8.991232869433437,True,TARGET_ACHIEVED,7.276400628084023,RSI frozen,0.5,-0.05,0.2,0.02,0.4866304136885767,-0.04779227287850372,0.19396689874110914,0.019668563657851974,-0.01336958631142332,0.002207727121496285,-0.006033101258890866,-0.0003314363421480261,34.97830488863154,24043.038,873722.0,1074276.65,0.00024982605860679463,0.0023773337812428566,40,3.1999999999999997,830.0800000000017,259.40000000000055
STOCHASTIC_OVERSOLD_LOSING,FROZEN,2026-04-01 15:15:00.000000,2026-04-01 15:15:00.000000,2026-04-01 15:26:41.025779456,24022.71,24116.913114896794,CE,24000.0,ATM,207.52000000000044,229.67480538595532,22.154805385954887,1,50,10376.000000000022,1107.7402692977444,1067.7402692977444,10.67598563317022,True,TARGET_ACHIEVED,10.94080379431853,Stochastic frozen,0.5,-0.05,0.2,0.02,0.5019096826897504,-0.046084999946621796,0.20896919713669132,0.020709767854865835,0.001909682689750447,0.0039150000533782064,0.00896919713669131,0.0007097678548658344,34.97830488863154,24043.038,873722.0,1074276.65,0.00024982605860679463,0.0023773337812428566,40,3.1999999999999997,830.0800000000017,259.40000000000055
TREND_FOLLOWING_OPTIMIZED,FROZEN,2026-04-01 15:15:00.000000,2026-04-01 15:15:00.000000,2026-04-01 15:21:38.131103005,24022.71,24055.992990648047,CE,24000.0,ATM,207.52000000000044,227.24865749885873,19.728657498858297,1,50,10376.000000000022,986.4328749429149,946.4328749429149,9.506870421577803,True,TARGET_ACHIEVED,9.30719089430148,Trend frozen,0.5,-0.05,0.2,0.02,0.5430658546552126,-0.05627802100621719,0.20639634664794207,0.024333855252711544,0.04306585465521262,-0.006278021006217188,0.006396346647942058,0.004333855252711544,34.97830488863154,24043.038,873722.0,1074276.65,0.00024982605860679463,0.0023773337812428566,40,3.1999999999999997,830.0800000000017,259.40000000000055
MULTI_TIMEFRAME_LOSING,FROZEN,2026-04-02 09:15:00.000000,2026-04-02 09:15:00.000000,2026-04-02 09:24:14.353658196,22764.87,22334.11916819909,PE,23800.0,OTM,307.52000000000044,340.08233943299234,32.562339432991905,1,50,15376.000000000022,1628.1169716495951,1588.1169716495951,10.588689982112335,True,TARGET_ACHIEVED,9.853431226284336,Multi-timeframe frozen,0.5,-0.05,0.2,0.02,0.47044264527805396,-0.05588702538616317,0.20857257432065973,0.019599516326281003,-0.02955735472194604,-0.005887025386163168,0.00857257432065972,-0.00040048367371899735,4.816989932313291,23959.3315,980596.0,1026749.2,-0.049930971968108584,0.006990595597514917,40,3.1999999999999997,1230.0800000000017,384.40000000000055
AI_ENHANCED_LOSING,FROZEN,2026-04-02 09:15:00.000000,2026-04-02 09:15:00.000000,2026-04-02 09:20:43.713126482,22764.87,22564.03339447305,PE,23800.0,OTM,307.52000000000044,301.24658398284026,-6.273416017160173,1,50,15376.000000000022,-313.67080085800865,-353.67080085800865,-2.040002607036994,False,STOP_LOSS,11.400232937609939,AI enhanced frozen,0.5,-0.05,0.2,0.02,0.4787443131622981,-0.04945855852392556,0.21824728083332945,0.022979797255338396,-0.021255686837701904,0.0005414414760744404,0.018247280833329438,0.0029797972553383956,4.816989932313291,23959.3315,980596.0,1026749.2,-0.049930971968108584,0.006990595597514917,40,3.1999999999999997,1230.0800000000017,384.40000000000055
RSI_DIVERGENCE_LOSING,FROZEN,2026-04-02 09:15:00.000000,2026-04-02 09:15:00.000000,2026-04-02 09:25:43.824935490,22764.87,22480.104593776035,PE,23800.0,OTM,307.52000000000044,303.43937557978086,-4.0806244202195785,1,50,15376.000000000022,-204.03122101097892,-244.03122101097892,-1.3269460263461148,False,STOP_LOSS,11.756571132775752,RSI frozen,0.5,-0.05,0.2,0.02,0.4596163916001584,-0.05766905688107425,0.20316229448562123,0.024718818139298337,-0.04038360839984162,-0.007669056881074249,0.00316229448562122,0.004718818139298336,4.816989932313291,23959.3315,980596.0,1026749.2,-0.049930971968108584,0.006990595597514917,40,3.1999999999999997,1230.0800000000017,384.40000000000055
STOCHASTIC_OVERSOLD_LOSING,FROZEN,2026-04-02 09:15:00.000000,2026-04-02 09:15:00.000000,2026-04-02 09:25:45.010877730,22764.87,22631.33377063017,PE,23800.0,OTM,307.52000000000044,339.3288355532021,31.808835553201675,1,50,15376.000000000022,1590.4417776600837,1550.4417776600837,10.343664006634244,True,TARGET_ACHIEVED,6.353651112214861,Stochastic frozen,0.5,-0.05,0.2,0.02,0.45618112208373085,-0.04445851564929921,0.19671565089106932,0.020664919127494314,-0.04381887791626915,0.005541484350700794,-0.0032843491089306898,0.0006649191274943136,4.816989932313291,23959.3315,980596.0,1026749.2,-0.049930971968108584,0.006990595597514917,40,3.1999999999999997,1230.0800000000017,384.40000000000055
TREND_FOLLOWING_OPTIMIZED,FROZEN,2026-04-02 09:15:00.000000,2026-04-02 09:15:00.000000,2026-04-02 09:24:29.154509259,22764.87,22419.45773594185,PE,23800.0,OTM,307.52000000000044,329.66764606265025,22.147646062649812,1,50,15376.000000000022,1107.3823031324905,1067.3823031324905,7.202018100497456,True,TARGET_ACHIEVED,6.512129622020616,Trend frozen,0.5,-0.05,0.2,0.02,0.5463990133747402,-0.04251007227475543,0.21398200565809178,0.015004686686738714,0.04639901337474017,0.007489927725244573,0.013982005658091767,-0.004995313313261286,4.816989932313291,23959.3315,980596.0,1026749.2,-0.049930971968108584,0.006990595597514917,40,3.1999999999999997,1230.0800000000017,384.40000000000055
STRONG_MOMENTUM_LOSING,FROZEN,2026-04-02 09:15:00.000000,2026-04-02 09:15:00.000000,2026-04-02 09:26:27.017775931,22764.87,22629.25891566988,PE,23800.0,OTM,307.52000000000044,333.5824177568613,26.06241775686084,1,50,15376.000000000022,1303.120887843042,1263.120887843042,8.475031788781479,True,TARGET_ACHIEVED,9.219347378257641,Strong momentum frozen,0.5,-0.05,0.2,0.02,0.4975330159933432,-0.042489446401386424,0.20660930434389052,0.016475210990633916,-0.0024669840066567916,0.0075105535986135785,0.00660930434389051,-0.0035247890093660847,4.816989932313291,23959.3315,980596.0,1026749.2,-0.049930971968108584,0.006990595597514917,40,3.1999999999999997,1230.0800000000017,384.40000000000055
MACD_DIVERGENCE_LOSING,RE-OPTIMIZED,2026-04-02 09:15:00.000000,2026-04-02 09:15:00.000000,2026-04-02 09:24:15.460825959,22764.87,22476.125546252926,PE,23800.0,OTM,307.52000000000044,336.6160292414845,29.096029241484075,1,50,15376.000000000022,1454.8014620742038,1414.8014620742038,9.461507947933153,True,TARGET_ACHIEVED,5.1719508505913865,MACD re-optimized,0.5,-0.05,0.2,0.02,0.5345801490419837,-0.05991520708619157,0.19051578808655437,0.018263713663030593,0.0345801490419837,-0.00991520708619157,-0.009484211913445645,-0.0017362863369694073,4.816989932313291,23959.3315,980596.0,1026749.2,-0.049930971968108584,0.006990595597514917,40,3.1999999999999997,1230.0800000000017,384.40000000000055
WILLIAMS_REVERSAL_LOSING,RE-OPTIMIZED,2026-04-02 09:15:00.000000,2026-04-02 09:15:00.000000,2026-04-02 09:25:11.405682747,22764.87,22831.32964438431,PE,23800.0,OTM,307.52000000000044,331.77127204457736,24.251272044576922,1,50,15376.000000000022,1212.563602228846,1172.563602228846,7.886079619074169,True,TARGET_ACHIEVED,7.128639279357245,Williams re-optimized,0.5,-0.05,0.2,0.02,0.5233724729416644,-0.05628873055128098,0.19071873312542897,0.018828671883168197,0.023372472941664446,-0.0062887305512809785,-0.009281266874571037,-0.001171328116831804,4.816989932313291,23959.3315,980596.0,1026749.2,-0.049930971968108584,0.006990595597514917,40,3.1999999999999997,1230.0800000000017,384.40000000000055
CCI_EXTREME_LOSING,RE-OPTIMIZED,2026-04-02 09:15:00.000000,2026-04-02 09:15:00.000000,2026-04-02 09:21:08.354028137,22764.87,22833.947569640895,PE,23800.0,OTM,307.52000000000044,337.62060115716014,30.1006011571597,1,50,15376.000000000022,1505.030057857985,1465.030057857985,9.788176755059721,True,TARGET_ACHIEVED,10.88634725205999,CCI re-optimized,0.5,-0.05,0.2,0.02,0.4752703526588672,-0.04580072928208662,0.21683931190014374,0.023177717254219195,-0.02472964734113281,0.0041992707179133795,0.016839311900143733,0.0031777172542191943,4.816989932313291,23959.3315,980596.0,1026749.2,-0.049930971968108584,0.006990595597514917,40,3.1999999999999997,1230.0800000000017,384.40000000000055
MOMENTUM_REVERSAL_LOSING,RE-OPTIMIZED,2026-04-02 09:15:00.000000,2026-04-02 09:15:00.000000,2026-04-02 09:20:31.322276518,22764.87,23105.13924594665,PE,23800.0,OTM,307.52000000000044,336.5138802743319,28.993880274331445,1,50,15376.000000000022,1449.6940137165723,1409.6940137165723,9.42829093207967,True,TARGET_ACHIEVED,7.1563224046217115,Momentum re-optimized,0.5,-0.05,0.2,0.02,0.5193577911308663,-0.05329678670409478,0.20935933300722734,0.016700097808453995,0.01935779113086633,-0.0032967867040947785,0.009359333007227327,-0.003299902191546005,4.816989932313291,23959.3315,980596.0,1026749.2,-0.049930971968108584,0.006990595597514917,40,3.1999999999999997,1230.0800000000017,384.40000000000055
DAY_HIGH_LOW_OPTIMIZED,RE-OPTIMIZED,2026-04-02 09:15:00.000000,2026-04-02 09:15:00.000000,2026-04-02 09:26:09.592446779,22764.87,22434.237184267684,PE,23800.0,OTM,307.52000000000044,301.88290967497625,-5.6370903250241895,1,50,15376.000000000022,-281.8545162512095,-321.8545162512095,-1.8330808809261776,False,STOP_LOSS,9.46123566419682,Day high-low re-optimized,0.5,-0.05,0.2,0.02,0.4959510997880468,-0.054885441075713276,0.21655946893851544,0.01816046723879451,-0.004048900211953199,-0.004885441075713273,0.016559468938515426,-0.001839532761205489,4.816989932313291,23959.3315,980596.0,1026749.2,-0.049930971968108584,0.006990595597514917,40,3.1999999999999997,1230.0800000000017,384.40000000000055
BOLLINGER_SQUEEZE_LOSING,RE-OPTIMIZED,2026-04-02 09:15:00.000000,2026-04-02 09:15:00.000000,2026-04-02 09:21:42.853035743,22764.87,22877.847382206182,PE,23800.0,OTM,307.52000000000044,333.503825827862,25.98382582786155,1,50,15376.000000000022,1299.1912913930776,1259.1912913930776,8.449475100111055,True,TARGET_ACHIEVED,7.395660202159622,Bollinger re-optimized,0.5,-0.05,0.2,0.02,0.5063924934749877,-0.05188549918315052,0.216682500723652,0.019075632216764615,0.006392493474987715,-0.0018854991831505144,0.01668250072365199,-0.0009243677832353851,4.816989932313291,23959.3315,980596.0,1026749.2,-0.049930971968108584,0.006990595597514917,40,3.1999999999999997,1230.0800000000017,384.40000000000055
BREAKOUT_REVERSAL_LOSING,RE-OPTIMIZED,2026-04-02 09:15:00.000000,2026-04-02 09:15:00.000000,2026-04-02 09:21:13.256659608,22764.87,23005.941733797885,PE,23800.0,OTM,307.52000000000044,341.3983875182872,33.878387518286786,1,50,15376.000000000022,1693.9193759143393,1653.9193759143393,11.016645264791473,True,TARGET_ACHIEVED,9.434692375306858,Breakout re-optimized,0.5,-0.05,0.2,0.02,0.5497842401294716,-0.04626097978012529,0.21796306826384365,0.023508457614508108,0.04978424012947158,0.0037390202198747113,0.01796306826384364,0.003508457614508107,4.816989932313291,23959.3315,980596.0,1026749.2,-0.049930971968108584,0.006990595597514917,40,3.1999999999999997,1230.0800000000017,384.40000000000055
MULTI_TIMEFRAME_LOSING,FROZEN,2026-04-02 09:30:00.000000,2026-04-02 09:30:00.000000,2026-04-02 09:38:00.556385107,22904.19,22481.249146092217,CE,23800.0,OTM,307.52000000000044,331.68894551684554,24.1689455168451,1,50,15376.000000000022,1208.4472758422548,1168.4472758422548,7.859308505737858,True,TARGET_ACHIEVED,10.48454308492457,Multi-timeframe frozen,0.5,-0.05,0.2,0.02,0.5025045645826736,-0.047776697087247674,0.19098174956887132,0.021248790901401512,0.002504564582673563,0.0022233029127523285,-0.009018250431128694,0.001248790901401512,90.12614949304405,23065.1875,611007.0,996599.05,8.82012490519557e-05,0.002704308687624347,40,3.1999999999999997,1230.0800000000017,384.40000000000055
AI_ENHANCED_LOSING,FROZEN,2026-04-02 09:30:00.000000,2026-04-02 09:30:00.000000,2026-04-02 09:36:47.651634955,22904.19,22569.0686336085,CE,23800.0,OTM,307.52000000000044,339.48707391069354,31.967073910693102,1,50,15376.000000000022,1598.3536955346551,1558.3536955346551,10.395120288336713,True,TARGET_ACHIEVED,11.556389848512243,AI enhanced frozen,0.5,-0.05,0.2,0.02,0.5018017473780444,-0.04666352689902687,0.18559496664652644,0.023652709381970782,0.0018017473780443938,0.003336473100973132,-0.014405033353473568,0.003652709381970782,90.12614949304405,23065.1875,611007.0,996599.05,8.82012490519557e-05,0.002704308687624347,40,3.1999999999999997,1230.0800000000017,384.40000000000055
RSI_DIVERGENCE_LOSING,FROZEN,2026-04-02 09:30:00.000000,2026-04-02 09:30:00.000000,2026-04-02 09:38:22.717290046,22904.19,23296.437061573753,CE,23800.0,OTM,307.52000000000044,301.0669604861079,-6.45303951389252,1,50,15376.000000000022,-322.651975694626,-362.651975694626,-2.0984129532688964,False,STOP_LOSS,9.527184673932116,RSI frozen,0.5,-0.05,0.2,0.02,0.5364263151636587,-0.04523870314586495,0.21562735577582165,0.02003563817407637,0.036426315163658685,0.0047612968541350525,0.01562735577582164,3.5638174076368934e-05,90.12614949304405,23065.1875,611007.0,996599.05,8.82012490519557e-05,0.002704308687624347,40,3.1999999999999997,1230.0800000000017,384.40000000000055
STOCHASTIC_OVERSOLD_LOSING,FROZEN,2026-04-02 09:30:00.000000,2026-04-02 09:30:00.000000,2026-04-02 09:40:15.487476655,22904.19,22571.68265223748,CE,23800.0,OTM,307.52000000000044,332.4534567435618,24.93345674356135,1,50,15376.000000000022,1246.6728371780675,1206.6728371780675,8.107913873426547,True,TARGET_ACHIEVED,9.084202933255604,Stochastic frozen,0.5,-0.05,0.2,0.02,0.45325721522219453,-0.04150041416792823,0.21243715162414473,0.023426413488679496,-0.04674278477780547,0.00849958583207177,0.012437151624144716,0.003426413488679496,90.12614949304405,23065.1875,611007.0,996599.05,8.82012490519557e-05,0.002704308687624347,40,3.1999999999999997,1230.0800000000017,384.40000000000055
TREND_FOLLOWING_OPTIMIZED,FROZEN,2026-04-02 09:30:00.000000,2026-04-02 09:30:00.000000,2026-04-02 09:41:43.424531197,22904.19,22900.917900215787,CE,23800.0,OTM,307.52000000000044,339.5347523368419,32.01475233684147,1,50,15376.000000000022,1600.7376168420733,1560.7376168420733,10.410624459170597,True,TARGET_ACHIEVED,7.393946971454795,Trend frozen,0.5,-0.05,0.2,0.02,0.4512555897498174,-0.054532721370774924,0.21305706904901955,0.01964695995945405,-0.04874441025018261,-0.004532721370774921,0.013057069049019543,-0.0003530400405459509,90.12614949304405,23065.1875,611007.0,996599.05,8.82012490519557e-05,0.002704308687624347,40,3.1999999999999997,1230.0800000000017,384.40000000000055
BOLLINGER_SQUEEZE_LOSING,RE-OPTIMIZED,2026-04-02 09:30:00.000000,2026-04-02 09:30:00.000000,2026-04-02 09:38:56.620892926,22904.19,23348.971641535532,CE,23800.0,OTM,307.52000000000044,336.3073541442901,28.78735414428968,1,50,15376.000000000022,1439.367707214484,1399.367707214484,9.361132330999492,True,TARGET_ACHIEVED,8.551291518108695,Bollinger re-optimized,0.5,-0.05,0.2,0.02,0.4773833199772114,-0.048068310160468114,0.19241607513619619,0.015898014167215934,-0.022616680022788604,0.0019316898395318888,-0.007583924863803826,-0.004101985832784066,90.12614949304405,23065.1875,611007.0,996599.05,8.82012490519557e-05,0.002704308687624347,40,3.1999999999999997,1230.0800000000017,384.40000000000055
BREAKOUT_REVERSAL_LOSING,RE-OPTIMIZED,2026-04-02 09:30:00.000000,2026-04-02 09:30:00.000000,2026-04-02 09:36:27.593789155,22904.19,22756.39511929002,CE,23800.0,OTM,307.52000000000044,341.69760937180195,34.17760937180151,1,50,15376.000000000022,1708.8804685900755,1668.8804685900755,11.113946856074877,True,TARGET_ACHIEVED,7.809077612730057,Breakout re-optimized,0.5,-0.05,0.2,0.02,0.5179948924520985,-0.054030248382324536,0.2111652221679518,0.01791217361343491,0.01799489245209851,-0.004030248382324533,0.011165222167951794,-0.00208782638656509,90.12614949304405,23065.1875,611007.0,996599.05,8.82012490519557e-05,0.002704308687624347,40,3.1999999999999997,1230.0800000000017,384.40000000000055
MULTI_TIMEFRAME_LOSING,FROZEN,2026-04-02 09:45:00.000000,2026-04-02 09:45:00.000000,2026-04-02 09:50:01.469724840,22890.96,22607.32773387638,PE,23800.0,OTM,307.52000000000044,335.20207039189285,27.68207039189241,1,50,15376.000000000022,1384.1035195946206,1344.1035195946206,9.001713837113805,True,TARGET_ACHIEVED,8.82292014470292,Multi-timeframe frozen,0.5,-0.05,0.2,0.02,0.47872309903996924,-0.051119629396004194,0.20173062997263666,0.020477274677717632,-0.021276900960030765,-0.0011196293960041917,0.0017306299726366492,0.00047727467771763177,54.30904142727532,22902.677499999998,502445.0,948913.55,-0.0013476224650278423,0.0010628649912455288,40,3.1999999999999997,1230.0800000000017,384.40000000000055
AI_ENHANCED_LOSING,FROZEN,2026-04-02 09:45:00.000000,2026-04-02 09:45:00.000000,2026-04-02 09:50:27.611312923,22890.96,22925.211446949965,PE,23800.0,OTM,307.52000000000044,338.10416715012974,30.584167150129304,1,50,15376.000000000022,1529.2083575064653,1489.2083575064653,9.945423761098224,True,TARGET_ACHIEVED,7.529059221944616,AI enhanced frozen,0.5,-0.05,0.2,0.02,0.5423956324969449,-0.059818979818593784,0.18749167488304969,0.019013137306062626,0.04239563249694489,-0.009818979818593782,-0.012508325116950325,-0.0009868626939373744,54.30904142727532,22902.677499999998,502445.0,948913.55,-0.0013476224650278423,0.0010628649912455288,40,3.1999999999999997,1230.0800000000017,384.40000000000055
TREND_FOLLOWING_OPTIMIZED,FROZEN,2026-04-02 09:45:00.000000,2026-04-02 09:45:00.000000,2026-04-02 09:56:08.438205229,22890.96,23124.723898102427,PE,23800.0,OTM,307.52000000000044,336.2811454216753,28.761145421674883,1,50,15376.000000000022,1438.0572710837441,1398.0572710837441,9.352609723489477,True,TARGET_ACHIEVED,6.9512784429384284,Trend frozen,0.5,-0.05,0.2,0.02,0.5271131117040305,-0.05589131837178141,0.1823083419535463,0.01519983985794161,0.027113111704030524,-0.005891318371781404,-0.0176916580464537,-0.004800160142058391,54.30904142727532,22902.677499999998,502445.0,948913.55,-0.0013476224650278423,0.0010628649912455288,40,3.1999999999999997,1230.0800000000017,384.40000000000055
STRONG_MOMENTUM_LOSING,FROZEN,2026-04-02 09:45:00.000000,2026-04-02 09:45:00.000000,2026-04-02 09:53:12.821355860,22890.96,22780.525799650208,PE,23800.0,OTM,307.52000000000044,339.86030583352294,32.34030583352251,1,50,15376.000000000022,1617.0152916761253,1577.0152916761253,10.516488629527334,True,TARGET_ACHIEVED,11.718118366194307,Strong momentum frozen,0.5,-0.05,0.2,0.02,0.47115286985839494,-0.05143133861256125,0.20927414380014683,0.0222867643723234,-0.02884713014160506,-0.001431338612561249,0.009274143800146822,0.002286764372323398,54.30904142727532,22902.677499999998,502445.0,948913.55,-0.0013476224650278423,0.0010628649912455288,40,3.1999999999999997,1230.0800000000017,384.40000000000055
MACD_DIVERGENCE_LOSING,RE-OPTIMIZED,2026-04-02 09:45:00.000000,2026-04-02 09:45:00.000000,2026-04-02 09:51:39.654397576,22890.96,22787.911476443536,PE,23800.0,OTM,307.52000000000044,339.47284111241305,31.952841112412614,1,50,15376.000000000022,1597.6420556206308,1557.6420556206308,10.390492037074846,True,TARGET_ACHIEVED,9.33698318454532,MACD re-optimized,0.5,-0.05,0.2,0.02,0.5428280337689109,-0.0521221648644105,0.1900591215464528,0.024772638194441435,0.04282803376891087,-0.0021221648644104973,-0.009940878453547214,0.004772638194441434,54.30904142727532,22902.677499999998,502445.0,948913.55,-0.0013476224650278423,0.0010628649912455288,40,3.1999999999999997,1230.0800000000017,384.40000000000055
CCI_EXTREME_LOSING,RE-OPTIMIZED,2026-04-02 09:45:00.000000,2026-04-02 09:45:00.000000,2026-04-02 09:50:36.749615541,22890.96,22682.47462710223,PE,23800.0,OTM,307.52000000000044,339.24407916321564,31.724079163215208,1,50,15376.000000000022,1586.2039581607605,1546.2039581607605,10.316102745582455,True,TARGET_ACHIEVED,11.98464391206855,CCI re-optimized,0.5,-0.05,0.2,0.02,0.5438872210688023,-0.04218101082984231,0.189941136460233,0.017167783596480288,0.043887221068802273,0.007818989170157692,-0.01005886353976701,-0.0028322164035197127,54.30904142727532,22902.677499999998,502445.0,948913.55,-0.0013476224650278423,0.0010628649912455288,40,3.1999999999999997,1230.0800000000017,384.40000000000055
MOMENTUM_REVERSAL_LOSING,RE-OPTIMIZED,2026-04-02 09:45:00.000000,2026-04-02 09:45:00.000000,2026-04-02 09:50:02.473886271,22890.96,22944.579963124852,PE,23800.0,OTM,307.52000000000044,334.23926392244186,26.719263922441428,1,50,15376.000000000022,1335.9631961220714,1295.9631961220714,8.688626405580576,True,TARGET_ACHIEVED,9.684653423653128,Momentum re-optimized,0.5,-0.05,0.2,0.02,0.4756185707394479,-0.0454635819954725,0.2021799826140812,0.02032061914662149,-0.02438142926055209,0.004536418004527504,0.0021799826140811995,0.0003206191466214904,54.30904142727532,22902.677499999998,502445.0,948913.55,-0.0013476224650278423,0.0010628649912455288,40,3.1999999999999997,1230.0800000000017,384.40000000000055
MULTI_TIMEFRAME_LOSING,FROZEN,2026-04-02 10:00:00.000000,2026-04-02 10:00:00.000000,2026-04-02 10:10:10.910856399,22904.11,22876.798995359863,PE,23800.0,OTM,307.52000000000044,340.06903499646455,32.549034996464115,1,50,15376.000000000022,1627.4517498232058,1587.4517498232058,10.58436361747661,True,TARGET_ACHIEVED,6.978581578009909,Multi-timeframe frozen,0.5,-0.05,0.2,0.02,0.5233371137587389,-0.05965091588197646,0.21814088120723843,0.02099148434208562,0.023337113758738925,-0.00965091588197646,0.01814088120723842,0.000991484342085621,49.9251523063533,22907.3155,1225456.0,921752.8,-0.0008523947975126456,0.0013901435157270964,40,3.1999999999999997,1230.0800000000017,384.40000000000055
AI_ENHANCED_LOSING,FROZEN,2026-04-02 10:00:00.000000,2026-04-02 10:00:00.000000,2026-04-02 10:05:04.204352357,22904.11,22688.805943334253,PE,23800.0,OTM,307.52000000000044,331.6323577026647,24.11235770266427,1,50,15376.000000000022,1205.6178851332133,1165.6178851332133,7.840907161376247,True,TARGET_ACHIEVED,7.199117385895726,AI enhanced frozen,0.5,-0.05,0.2,0.02,0.45642837948176684,-0.052767968277660164,0.20704465110741738,0.017160715638789827,-0.043571620518233156,-0.0027679682776601613,0.007044651107417366,-0.002839284361210174,49.9251523063533,22907.3155,1225456.0,921752.8,-0.0008523947975126456,0.0013901435157270964,40,3.1999999999999997,1230.0800000000017,384.40000000000055
TREND_FOLLOWING_OPTIMIZED,FROZEN,2026-04-02 10:00:00.000000,2026-04-02 10:00:00.000000,2026-04-02 10:11:17.426181073,22904.11,23291.418164460167,PE,23800.0,OTM,307.52000000000044,336.6714000711621,29.151400071161675,1,50,15376.000000000022,1457.5700035580837,1417.5700035580837,9.479513550715932,True,TARGET_ACHIEVED,5.503929626351204,Trend frozen,0.5,-0.05,0.2,0.02,0.5179569679906206,-0.0404719402394275,0.21939029789642223,0.01731980774811881,0.01795696799062063,0.009528059760572506,0.019390297896422215,-0.002680192251881191,49.9251523063533,22907.3155,1225456.0,921752.8,-0.0008523947975126456,0.0013901435157270964,40,3.1999999999999997,1230.0800000000017,384.40000000000055
VOLUME_SPIKE_LOSING,FROZEN,2026-04-02 10:00:00.000000,2026-04-02 10:00:00.000000,2026-04-02 10:09:56.652839544,22904.11,22975.02155430726,PE,23800.0,OTM,307.52000000000044,303.73281904608905,-3.7871809539113883,1,50,15376.000000000022,-189.35904769556942,-229.35904769556942,-1.2315234631605694,False,STOP_LOSS,9.297784866050314,Volume frozen,0.5,-0.05,0.2,0.02,0.49557290236390716,-0.04527661093119864,0.19187678216820733,0.016096940113942873,-0.004427097636092836,0.004723389068801362,-0.008123217831792678,-0.0039030598860571274,49.9251523063533,22907.3155,1225456.0,921752.8,-0.0008523947975126456,0.0013901435157270964,40,3.1999999999999997,1230.0800000000017,384.40000000000055
HIGH_VOLUME_LOSING,FROZEN,2026-04-02 10:00:00.000000,2026-04-02 10:00:00.000000,2026-04-02 10:06:53.211548290,22904.11,22717.156869854065,PE,23800.0,OTM,307.52000000000044,332.7538772812606,25.233877281260163,1,50,15376.000000000022,1261.6938640630083,1221.6938640630083,8.20560525535254,True,TARGET_ACHIEVED,11.804960169856825,High volume frozen,0.5,-0.05,0.2,0.02,0.5105468567097742,-0.048091127808982594,0.21449944584814074,0.02172008427165877,0.010546856709774177,0.0019088721910174092,0.014499445848140724,0.0017200842716587686,49.9251523063533,22907.3155,1225456.0,921752.8,-0.0008523947975126456,0.0013901435157270964,40,3.1999999999999997,1230.0800000000017,384.40000000000055
MACD_DIVERGENCE_LOSING,RE-OPTIMIZED,2026-04-02 10:00:00.000000,2026-04-02 10:00:00.000000,2026-04-02 10:07:31.253696015,22904.11,23102.010964394303,PE,23800.0,OTM,307.52000000000044,338.9192606843257,31.39926068432527,1,50,15376.000000000022,1569.9630342162636,1529.9630342162636,10.210477589856017,True,TARGET_ACHIEVED,7.260329994005954,MACD re-optimized,0.5,-0.05,0.2,0.02,0.47696997913680067,-0.052082561246264036,0.21353593112956967,0.02474566535388999,-0.02303002086319933,-0.0020825612462640336,0.013535931129569662,0.00474566535388999,49.9251523063533,22907.3155,1225456.0,921752.8,-0.0008523947975126456,0.0013901435157270964,40,3.1999999999999997,1230.0800000000017,384.40000000000055
CCI_EXTREME_LOSING,RE-OPTIMIZED,2026-04-02 10:00:00.000000,2026-04-02 10:00:00.000000,2026-04-02 10:10:59.019765291,22904.11,22746.950884630347,PE,23800.0,OTM,307.52000000000044,332.60547106141735,25.08547106141691,1,50,15376.000000000022,1254.2735530708455,1214.2735530708455,8.157346208837433,True,TARGET_ACHIEVED,6.9726853066949745,CCI re-optimized,0.5,-0.05,0.2,0.02,0.5419133220845685,-0.04818038726163649,0.1950661009256089,0.01640762428289621,0.04191332208456855,0.0018196127383635144,-0.004933899074391124,-0.0035923757171037914,49.9251523063533,22907.3155,1225456.0,921752.8,-0.0008523947975126456,0.0013901435157270964,40,3.1999999999999997,1230.0800000000017,384.40000000000055
MOMENTUM_REVERSAL_LOSING,RE-OPTIMIZED,2026-04-02 10:00:00.000000,2026-04-02 10:00:00.000000,2026-04-02 10:07:38.576190986,22904.11,23219.148330906744,PE,23800.0,OTM,307.52000000000044,336.9037776409987,29.38377764099829,1,50,15376.000000000022,1469.1888820499144,1429.1888820499144,9.555078577327732,True,TARGET_ACHIEVED,8.959697145548756,Momentum re-optimized,0.5,-0.05,0.2,0.02,0.5229812518808626,-0.0423161087396549,0.19826424505105422,0.016615311095507714,0.02298125188086264,0.007683891260345105,-0.001735754948945789,-0.003384688904492287,49.9251523063533,22907.3155,1225456.0,921752.8,-0.0008523947975126456,0.0013901435157270964,40,3.1999999999999997,1230.0800000000017,384.40000000000055
MULTI_TIMEFRAME_LOSING,FROZEN,2026-04-02 10:15:00.000000,2026-04-02 10:15:00.000000,2026-04-02 10:21:44.298916947,22952.15,23097.82145965679,CE,23800.0,OTM,307.52000000000044,338.515304351303,30.995304351302536,1,50,15376.000000000022,1549.765217565127,1509.765217565127,10.079118220376722,True,TARGET_ACHIEVED,7.262256002647744,Multi-timeframe frozen,0.5,-0.05,0.2,0.02,0.5417713237346244,-0.053713825561753595,0.2013282477958017,0.019759631288379532,0.041771323734624444,-0.003713825561753592,0.0013282477958016792,-0.00024036871162046863,74.80063795853485,22916.004999999997,1351028.0,1010441.85,0.00011372776970697274,0.009896240657193467,40,3.1999999999999997,1230.0800000000017,384.40000000000055
AI_ENHANCED_LOSING,FROZEN,2026-04-02 10:15:00.000000,2026-04-02 10:15:00.000000,2026-04-02 10:26:14.581957276,22952.15,22637.064369532272,CE,23800.0,OTM,307.52000000000044,330.04513401252814,22.5251340125277,1,50,15376.000000000022,1126.256700626385,1086.256700626385,7.324770425509778,True,TARGET_ACHIEVED,6.587206696978307,AI enhanced frozen,0.5,-0.05,0.2,0.02,0.4757743596986157,-0.041385098619342114,0.21282979237165903,0.02427753060045522,-0.0242256403013843,0.008614901380657888,0.012829792371659016,0.004277530600455218,74.80063795853485,22916.004999999997,1351028.0,1010441.85,0.00011372776970697274,0.009896240657193467,40,3.1999999999999997,1230.0800000000017,384.40000000000055
RSI_DIVERGENCE_LOSING,FROZEN,2026-04-02 10:15:00.000000,2026-04-02 10:15:00.000000,2026-04-02 10:20:20.036772602,22952.15,22899.004474688078,CE,23800.0,OTM,307.52000000000044,333.0258252102458,25.505825210245348,1,50,15376.000000000022,1275.2912605122674,1235.2912605122674,8.294037854528263,True,TARGET_ACHIEVED,7.55866333031473,RSI frozen,0.5,-0.05,0.2,0.02,0.5159123485660451,-0.055795685465212054,0.21479277694694537,0.01969375277607965,0.015912348566045065,-0.005795685465212051,0.014792776946945363,-0.0003062472239203501,74.80063795853485,22916.004999999997,1351028.0,1010441.85,0.00011372776970697274,0.009896240657193467,40,3.1999999999999997,1230.0800000000017,384.40000000000055
STOCHASTIC_OVERSOLD_LOSING,FROZEN,2026-04-02 10:15:00.000000,2026-04-02 10:15:00.000000,2026-04-02 10:21:25.085804413,22952.15,23349.80759495159,CE,23800.0,OTM,307.52000000000044,330.63707453913645,23.117074539136013,1,50,15376.000000000022,1155.8537269568005,1115.8537269568005,7.517258890197703,True,TARGET_ACHIEVED,6.269192948862199,Stochastic frozen,0.5,-0.05,0.2,0.02,0.5338515289230518,-0.04824752403895422,0.2076279173256692,0.016802824134077556,0.033851528923051766,0.001752475961045781,0.007627917325669198,-0.003197175865922445,74.80063795853485,22916.004999999997,1351028.0,1010441.85,0.00011372776970697274,0.009896240657193467,40,3.1999999999999997,1230.0800000000017,384.40000000000055
TREND_FOLLOWING_OPTIMIZED,FROZEN,2026-04-02 10:15:00.000000,2026-04-02 10:15:00.000000,2026-04-02 10:25:36.086184035,22952.15,23361.85805999634,CE,23800.0,OTM,307.52000000000044,300.82264286883765,-6.697357131162789,1,50,15376.000000000022,-334.86785655813947,-374.86785655813947,-2.177860669602881,False,STOP_LOSS,5.1981961426635275,Trend frozen,0.5,-0.05,0.2,0.02,0.505512546015554,-0.04078402716654101,0.20576922839500833,0.01974887268460775,0.005512546015553954,0.009215972833458992,0.005769228395008319,-0.0002511273153922508,74.80063795853485,22916.004999999997,1351028.0,1010441.85,0.00011372776970697274,0.009896240657193467,40,3.1999999999999997,1230.0800000000017,384.40000000000055
VOLUME_SPIKE_LOSING,FROZEN,2026-04-02 10:15:00.000000,2026-04-02 10:15:00.000000,2026-04-02 10:23:00.979235012,22952.15,23169.569602898788,CE,23800.0,OTM,307.52000000000044,332.9072972422824,25.38729724228199,1,50,15376.000000000022,1269.3648621140994,1229.3648621140994,8.255494680762862,True,TARGET_ACHIEVED,7.414971211061372,Volume frozen,0.5,-0.05,0.2,0.02,0.490738598420227,-0.0482814486790271,0.18081875437752593,0.019546616634469608,-0.00926140157977301,0.0017185513209728998,-0.019181245622474086,-0.0004533833655303923,74.80063795853485,22916.004999999997,1351028.0,1010441.85,0.00011372776970697274,0.009896240657193467,40,3.1999999999999997,1230.0800000000017,384.40000000000055
HIGH_VOLUME_LOSING,FROZEN,2026-04-02 10:15:00.000000,2026-04-02 10:15:00.000000,2026-04-02 10:26:53.036356626,22952.15,23004.43999784902,CE,23800.0,OTM,307.52000000000044,334.19132258395814,26.671322583957704,1,50,15376.000000000022,1333.5661291978852,1293.5661291978852,8.673036740360843,True,TARGET_ACHIEVED,9.96606043937561,High volume frozen,0.5,-0.05,0.2,0.02,0.4725506862719699,-0.045574708569309126,0.2158415085590577,0.018372908875035992,-0.02744931372803011,0.004425291430690877,0.015841508559057693,-0.0016270911249640085,74.80063795853485,22916.004999999997,1351028.0,1010441.85,0.00011372776970697274,0.009896240657193467,40,3.1999999999999997,1230.0800000000017,384.40000000000055
WILLIAMS_REVERSAL_LOSING,RE-OPTIMIZED,2026-04-02 10:15:00.000000,2026-04-02 10:15:00.000000,2026-04-02 10:25:55.715708301,22952.15,22889.186109192524,CE,23800.0,OTM,307.52000000000044,341.2360437965404,33.716043796539964,1,50,15376.000000000022,1685.802189826998,1645.802189826998,10.963853992111055,True,TARGET_ACHIEVED,5.501954244238582,Williams re-optimized,0.5,-0.05,0.2,0.02,0.4613050281643027,-0.0409446401792774,0.2104769853302541,0.022388844391771308,-0.03869497183569731,0.0090553598207226,0.010476985330254096,0.0023888443917713074,74.80063795853485,22916.004999999997,1351028.0,1010441.85,0.00011372776970697274,0.009896240657193467,40,3.1999999999999997,1230.0800000000017,384.40000000000055
ATR_BREAKOUT_LOSING,RE-OPTIMIZED,2026-04-02 10:15:00.000000,2026-04-02 10:15:00.000000,2026-04-02 10:20:37.061788327,22952.15,22562.921700698374,CE,23800.0,OTM,307.52000000000044,331.1313370850682,23.61133708506776,1,50,15376.000000000022,1180.566854253388,1140.566854253388,7.677984223812347,True,TARGET_ACHIEVED,7.990947118161802,ATR re-optimized,0.5,-0.05,0.2,0.02,0.46236930722124725,-0.04563903618938257,0.21545322830880462,0.015859688690637152,-0.03763069277875275,0.00436096381061743,0.015453228308804606,-0.0041403113093628485,74.80063795853485,22916.004999999997,1351028.0,1010441.85,0.00011372776970697274,0.009896240657193467,40,3.1999999999999997,1230.0800000000017,384.40000000000055
DAY_HIGH_LOW_OPTIMIZED,RE-OPTIMIZED,2026-04-02 10:15:00.000000,2026-04-02 10:15:00.000000,2026-04-02 10:21:04.293073818,22952.15,22562.14395894013,CE,23800.0,OTM,307.52000000000044,302.6937901457732,-4.826209854227216,1,50,15376.000000000022,-241.31049271136078,-281.3104927113608,-1.5693970649802318,False,STOP_LOSS,5.2822348163274535,Day high-low re-optimized,0.5,-0.05,0.2,0.02,0.5101266884749149,-0.04960485418335639,0.1921696166316807,0.016563997308898817,0.010126688474914936,0.00039514581664361337,-0.007830383368319316,-0.0034360026911011837,74.80063795853485,22916.004999999997,1351028.0,1010441.85,0.00011372776970697274,0.009896240657193467,40,3.1999999999999997,1230.0800000000017,384.40000000000055
MULTI_TIMEFRAME_LOSING,FROZEN,2026-04-02 10:30:00.000000,2026-04-02 10:30:00.000000,2026-04-02 10:35:25.863420675,22934.88,22881.64439670201,PE,23800.0,OTM,307.52000000000044,333.6989404065742,26.17894040657376,1,50,15376.000000000022,1308.9470203286878,1268.9470203286878,8.512922868943066,True,TARGET_ACHIEVED,5.930623516396324,Multi-timeframe frozen,0.5,-0.05,0.2,0.02,0.46393177066624885,-0.05732138773546887,0.19009430465190558,0.01677099647681289,-0.036068229333751145,-0.007321387735468865,-0.009905695348094434,-0.0032290035231871093,45.96883227780619,22926.6415,1346014.0,1070863.1,-0.00013296753455949162,0.0053595222647774155,40,3.1999999999999997,1230.0800000000017,384.40000000000055
AI_ENHANCED_LOSING,FROZEN,2026-04-02 10:30:00.000000,2026-04-02 10:30:00.000000,2026-04-02 10:37:36.492838486,22934.88,22790.0565588056,PE,23800.0,OTM,307.52000000000044,301.4099212526322,-6.11007874736822,1,50,15376.000000000022,-305.503937368411,-345.503937368411,-1.986888250314845,False,STOP_LOSS,10.807462693293132,AI enhanced frozen,0.5,-0.05,0.2,0.02,0.48686019635261585,-0.0431990568480598,0.20695000109409667,0.02491869266809719,-0.013139803647384152,0.0068009431519402,0.006950001094096658,0.004918692668097191,45.96883227780619,22926.6415,1346014.0,1070863.1,-0.00013296753455949162,0.0053595222647774155,40,3.1999999999999997,1230.0800000000017,384.40000000000055
TREND_FOLLOWING_OPTIMIZED,FROZEN,2026-04-02 10:30:00.000000,2026-04-02 10:30:00.000000,2026-04-02 10:38:04.894141333,22934.88,22556.217440791348,PE,23800.0,OTM,307.52000000000044,301.13144521489454,-6.388554785105896,1,50,15376.000000000022,-319.4277392552948,-359.4277392552948,-2.0774436736166386,False,STOP_LOSS,10.937054172087219,Trend frozen,0.5,-0.05,0.2,0.02,0.5120903188096244,-0.04130327954795743,0.20559545468690787,0.018868576691468648,0.012090318809624412,0.008696720452042575,0.005595454686907864,-0.0011314233085313527,45.96883227780619,22926.6415,1346014.0,1070863.1,-0.00013296753455949162,0.0053595222647774155,40,3.1999999999999997,1230.0800000000017,384.40000000000055
VOLUME_SPIKE_LOSING,FROZEN,2026-04-02 10:30:00.000000,2026-04-02 10:30:00.000000,2026-04-02 10:40:40.835711456,22934.88,22494.16736597822,PE,23800.0,OTM,307.52000000000044,300.62334408634,-6.896655913660425,1,50,15376.000000000022,-344.83279568302123,-384.83279568302123,-2.24266906661694,False,STOP_LOSS,6.940485480202476,Volume frozen,0.5,-0.05,0.2,0.02,0.4888981291112946,-0.05964481313041736,0.20868487043040485,0.017653980801317276,-0.0111018708887054,-0.00964481313041736,0.008684870430404834,-0.0023460191986827243,45.96883227780619,22926.6415,1346014.0,1070863.1,-0.00013296753455949162,0.0053595222647774155,40,3.1999999999999997,1230.0800000000017,384.40000000000055
HIGH_VOLUME_LOSING,FROZEN,2026-04-02 10:30:00.000000,2026-04-02 10:30:00.000000,2026-04-02 10:39:26.988377148,22934.88,22656.849337708434,PE,23800.0,OTM,307.52000000000044,331.4395268036052,23.919526803604754,1,50,15376.000000000022,1195.9763401802377,1155.9763401802377,7.778202004293938,True,TARGET_ACHIEVED,5.447761817333362,High volume frozen,0.5,-0.05,0.2,0.02,0.5106698100762478,-0.044037346109141125,0.20088113346517605,0.018831512430995595,0.010669810076247788,0.005962653890858878,0.0008811334651760427,-0.0011684875690044054,45.96883227780619,22926.6415,1346014.0,1070863.1,-0.00013296753455949162,0.0053595222647774155,40,3.1999999999999997,1230.0800000000017,384.40000000000055
WILLIAMS_REVERSAL_LOSING,RE-OPTIMIZED,2026-04-02 10:30:00.000000,2026-04-02 10:30:00.000000,2026-04-02 10:35:47.188054294,22934.88,23146.427681254718,PE,23800.0,OTM,307.52000000000044,333.1194033498344,25.59940334983395,1,50,15376.000000000022,1279.9701674916973,1239.9701674916973,8.32446779065879,True,TARGET_ACHIEVED,8.236306647651974,Williams re-optimized,0.5,-0.05,0.2,0.02,0.544573460539179,-0.04224056048517117,0.1822653404562173,0.022588087936880604,0.04457346053917899,0.007759439514828832,-0.0177346595437827,0.0025880879368806037,45.96883227780619,22926.6415,1346014.0,1070863.1,-0.00013296753455949162,0.0053595222647774155,40,3.1999999999999997,1230.0800000000017,384.40000000000055
DAY_HIGH_LOW_OPTIMIZED,RE-OPTIMIZED,2026-04-02 10:30:00.000000,2026-04-02 10:30:00.000000,2026-04-02 10:38:58.613099615,22934.88,23114.91577486146,PE,23800.0,OTM,307.52000000000044,331.22144407494943,23.701444074948995,1,50,15376.000000000022,1185.0722037474497,1145.0722037474497,7.7072854041847565,True,TARGET_ACHIEVED,10.008916087340268,Day high-low re-optimized,0.5,-0.05,0.2,0.02,0.45764384519869233,-0.05601521925549081,0.21089471929645237,0.016363329017920036,-0.042356154801307666,-0.006015219255490804,0.01089471929645236,-0.003636670982079964,45.96883227780619,22926.6415,1346014.0,1070863.1,-0.00013296753455949162,0.0053595222647774155,40,3.1999999999999997,1230.0800000000017,384.40000000000055
MULTI_TIMEFRAME_LOSING,FROZEN,2026-04-02 10:45:00.000000,2026-04-02 10:45:00.000000,2026-04-02 10:52:36.659349472,23058.08,23138.93813532478,CE,23800.0,OTM,307.52000000000044,329.98150696680244,22.461506966802006,1,50,15376.000000000022,1123.0753483401004,1083.0753483401004,7.304080049038103,True,TARGET_ACHIEVED,8.252062349519429,Multi-timeframe frozen,0.5,-0.05,0.2,0.02,0.4927960045958654,-0.057754436829597855,0.18052760508292734,0.024284279508808557,-0.007203995404134578,-0.007754436829597852,-0.019472394917072672,0.004284279508808556,71.55147573375069,22956.109,717687.0,977643.75,0.0004755474870614673,0.003813847466918264,40,3.1999999999999997,1230.0800000000017,384.40000000000055
AI_ENHANCED_LOSING,FROZEN,2026-04-02 10:45:00.000000,2026-04-02 10:45:00.000000,2026-04-02 10:52:31.544334817,23058.08,22620.715621696665,CE,23800.0,OTM,307.52000000000044,329.9502073895228,22.430207389522366,1,50,15376.000000000022,1121.5103694761183,1081.5103694761183,7.293901986707314,True,TARGET_ACHIEVED,5.2578327718174185,AI enhanced frozen,0.5,-0.05,0.2,0.02,0.5041687298918536,-0.04348220401707798,0.18772475103684255,0.01666971639121365,0.004168729891853573,0.006517795982922021,-0.012275248963157459,-0.003330283608786351,71.55147573375069,22956.109,717687.0,977643.75,0.0004755474870614673,0.003813847466918264,40,3.1999999999999997,1230.0800000000017,384.40000000000055
RSI_DIVERGENCE_LOSING,FROZEN,2026-04-02 10:45:00.000000,2026-04-02 10:45:00.000000,2026-04-02 10:53:20.952960613,23058.08,23436.987152931084,CE,23800.0,OTM,307.52000000000044,337.1828206108948,29.662820610894357,1,50,15376.000000000022,1483.141030544718,1443.141030544718,9.645818356820472,True,TARGET_ACHIEVED,9.870810503643753,RSI frozen,0.5,-0.05,0.2,0.02,0.4935760559605148,-0.059284398347972805,0.21255849355616255,0.020447353340699005,-0.006423944039485208,-0.009284398347972803,0.012558493556162537,0.00044735334069900476,71.55147573375069,22956.109,717687.0,977643.75,0.0004755474870614673,0.003813847466918264,40,3.1999999999999997,1230.0800000000017,384.40000000000055
STOCHASTIC_OVERSOLD_LOSING,FROZEN,2026-04-02 10:45:00.000000,2026-04-02 10:45:00.000000,2026-04-02 10:50:55.491830879,23058.08,23061.254111519076,CE,23800.0,OTM,307.52000000000044,301.8348941658687,-5.685105834131718,1,50,15376.000000000022,-284.2552917065859,-324.2552917065859,-1.8486946651052647,False,STOP_LOSS,7.767609425330166,Stochastic frozen,0.5,-0.05,0.2,0.02,0.4546826318348067,-0.040829656547912305,0.19255041529812172,0.02023423467865557,-0.04531736816519327,0.009170343452087698,-0.007449584701878287,0.00023423467865556907,71.55147573375069,22956.109,717687.0,977643.75,0.0004755474870614673,0.003813847466918264,40,3.1999999999999997,1230.0800000000017,384.40000000000055
TREND_FOLLOWING_OPTIMIZED,FROZEN,2026-04-02 10:45:00.000000,2026-04-02 10:45:00.000000,2026-04-02 10:56:12.884578265,23058.08,22868.95212582336,CE,23800.0,OTM,307.52000000000044,340.56173047788644,33.041730477886006,1,50,15376.000000000022,1652.0865238943002,1612.0865238943002,10.744579369760002,True,TARGET_ACHIEVED,7.401836152843877,Trend frozen,0.5,-0.05,0.2,0.02,0.49975844172588446,-0.05445113079167291,0.2188561504802313,0.016107629664876826,-0.00024155827411553865,-0.004451130791672905,0.018856150480231287,-0.003892370335123175,71.55147573375069,22956.109,717687.0,977643.75,0.0004755474870614673,0.003813847466918264,40,3.1999999999999997,1230.0800000000017,384.40000000000055
BOLLINGER_SQUEEZE_LOSING,RE-OPTIMIZED,2026-04-02 10:45:00.000000,2026-04-02 10:45:00.000000,2026-04-02 10:50:32.450651789,23058.08,22702.372078058906,CE,23800.0,OTM,307.52000000000044,330.1451555645286,22.625155564528143,1,50,15376.000000000022,1131.257778226407,1091.257778226407,7.357295644032294,True,TARGET_ACHIEVED,5.147735549382097,Bollinger re-optimized,0.5,-0.05,0.2,0.02,0.47413137175824766,-0.045273315555885194,0.19929084561710322,0.023888509892045332,-0.025868628241752345,0.004726684444114809,-0.0007091543828967872,0.0038885098920453318,71.55147573375069,22956.109,717687.0,977643.75,0.0004755474870614673,0.003813847466918264,40,3.1999999999999997,1230.0800000000017,384.40000000000055
BREAKOUT_REVERSAL_LOSING,RE-OPTIMIZED,2026-04-02 10:45:00.000000,2026-04-02 10:45:00.000000,2026-04-02 10:52:03.131077584,23058.08,23470.798800377965,CE,23800.0,OTM,307.52000000000044,302.0020314618068,-5.5179685381936565,1,50,15376.000000000022,-275.8984269096828,-315.8984269096828,-1.794344607893356,False,STOP_LOSS,11.280966791038033,Breakout re-optimized,0.5,-0.05,0.2,0.02,0.4588466934883434,-0.048825921817591614,0.21610747730283691,0.02085934267810663,-0.04115330651165661,0.001174078182408389,0.016107477302836903,0.0008593426781066289,71.55147573375069,22956.109,717687.0,977643.75,0.0004755474870614673,0.003813847466918264,40,3.1999999999999997,1230.0800000000017,384.40000000000055
MULTI_TIMEFRAME_LOSING,FROZEN,2026-04-02 11:00:00.000000,2026-04-02 11:00:00.000000,2026-04-02 11:09:23.533551139,23111.38,23051.44077759917,CE,23800.0,OTM,307.52000000000044,339.7618042661616,32.24180426616118,1,50,15376.000000000022,1612.090213308059,1572.090213308059,10.48445768280474,True,TARGET_ACHIEVED,6.939116004494866,Multi-timeframe frozen,0.5,-0.05,0.2,0.02,0.4563434157584897,-0.04731099665061544,0.21907234722432423,0.018892383339248833,-0.04365658424151031,0.0026890033493845653,0.019072347224324215,-0.0011076166607511678,80.97849008857072,23060.6675,801256.0,924785.95,0.00024496098801507493,0.001156140394905071,40,3.1999999999999997,1230.0800000000017,384.40000000000055
AI_ENHANCED_LOSING,FROZEN,2026-04-02 11:00:00.000000,2026-04-02 11:00:00.000000,2026-04-02 11:07:52.953300681,23111.38,23315.789827010252,CE,23800.0,OTM,307.52000000000044,337.2352949766165,29.715294976616065,1,50,15376.000000000022,1485.7647488308032,1445.7647488308032,9.66288208136577,True,TARGET_ACHIEVED,5.868622404759589,AI enhanced frozen,0.5,-0.05,0.2,0.02,0.4618021003383168,-0.05099993536507561,0.18228829819929326,0.019127612652101826,-0.03819789966168319,-0.000999935365075609,-0.017711701800706747,-0.0008723873478981743,80.97849008857072,23060.6675,801256.0,924785.95,0.00024496098801507493,0.001156140394905071,40,3.1999999999999997,1230.0800000000017,384.40000000000055
RSI_DIVERGENCE_LOSING,FROZEN,2026-04-02 11:00:00.000000,2026-04-02 11:00:00.000000,2026-04-02 11:09:20.674852460,23111.38,22691.566046320746,CE,23800.0,OTM,307.52000000000044,337.2249443893044,29.70494438930399,1,50,15376.000000000022,1485.2472194651996,1445.2472194651996,9.659516255626935,True,TARGET_ACHIEVED,10.876996484426064,RSI frozen,0.5,-0.05,0.2,0.02,0.48366208214498546,-0.04264785440804866,0.2166808632376748,0.015375790210772018,-0.01633791785501454,0.0073521455919513395,0.016680863237674787,-0.004624209789227982,80.97849008857072,23060.6675,801256.0,924785.95,0.00024496098801507493,0.001156140394905071,40,3.1999999999999997,1230.0800000000017,384.40000000000055
STOCHASTIC_OVERSOLD_LOSING,FROZEN,2026-04-02 11:00:00.000000,2026-04-02 11:00:00.000000,2026-04-02 11:06:02.099405222,23111.38,23247.508481081353,CE,23800.0,OTM,307.52000000000044,338.90587423292106,31.385874232920628,1,50,15376.000000000022,1569.2937116460314,1529.2937116460314,10.206124555450241,True,TARGET_ACHIEVED,6.915054819809177,Stochastic frozen,0.5,-0.05,0.2,0.02,0.5445919817497703,-0.042073608950487264,0.20107393908447843,0.016012357653302254,0.044591981749770304,0.007926391049512739,0.0010739390844784202,-0.0039876423466977465,80.97849008857072,23060.6675,801256.0,924785.95,0.00024496098801507493,0.001156140394905071,40,3.1999999999999997,1230.0800000000017,384.40000000000055
TREND_FOLLOWING_OPTIMIZED,FROZEN,2026-04-02 11:00:00.000000,2026-04-02 11:00:00.000000,2026-04-02 11:10:50.688956968,23111.38,23433.54310178634,CE,23800.0,OTM,307.52000000000044,339.3787080992603,31.858708099259843,1,50,15376.000000000022,1592.9354049629922,1552.9354049629922,10.35988166599239,True,TARGET_ACHIEVED,6.597598827967442,Trend frozen,0.5,-0.05,0.2,0.02,0.468496098953588,-0.0476000013214936,0.18436355579810476,0.019052562704796244,-0.031503901046411986,0.0023999986785064042,-0.01563644420189525,-0.0009474372952037562,80.97849008857072,23060.6675,801256.0,924785.95,0.00024496098801507493,0.001156140394905071,40,3.1999999999999997,1230.0800000000017,384.40000000000055
BOLLINGER_SQUEEZE_LOSING,RE-OPTIMIZED,2026-04-02 11:00:00.000000,2026-04-02 11:00:00.000000,2026-04-02 11:11:13.565069331,23111.38,23294.572876637798,CE,23800.0,OTM,307.52000000000044,333.0386288815627,25.51862888156228,1,50,15376.000000000022,1275.931444078114,1235.931444078114,8.298201379280126,True,TARGET_ACHIEVED,5.336267227883595,Bollinger re-optimized,0.5,-0.05,0.2,0.02,0.49103448619443635,-0.05871886137507391,0.20801090859215904,0.024604126447220046,-0.008965513805563652,-0.008718861375073904,0.008010908592159027,0.004604126447220046,80.97849008857072,23060.6675,801256.0,924785.95,0.00024496098801507493,0.001156140394905071,40,3.1999999999999997,1230.0800000000017,384.40000000000055
MULTI_TIMEFRAME_LOSING,FROZEN,2026-04-02 11:15:00.000000,2026-04-02 11:15:00.000000,2026-04-02 11:24:17.105957790,23148.9,23429.869877000336,PE,23800.0,OTM,307.52000000000044,303.8180730297643,-3.7019269702361157,1,50,15376.000000000022,-185.0963485118058,-225.0963485118058,-1.2038003935471224,False,STOP_LOSS,7.620890135808386,Multi-timeframe frozen,0.5,-0.05,0.2,0.02,0.4986735461969813,-0.05303037180229422,0.21154108434826902,0.016678305968083913,-0.0013264538030187123,-0.003030371802294214,0.011541084348269004,-0.003321694031916088,49.35031049418202,23154.077,697302.0,946642.2,-0.0027807154903729536,0.00019957751772218036,40,3.1999999999999997,1230.0800000000017,384.40000000000055
AI_ENHANCED_LOSING,FROZEN,2026-04-02 11:15:00.000000,2026-04-02 11:15:00.000000,2026-04-02 11:24:17.117542530,23148.9,23180.452470506003,PE,23800.0,OTM,307.52000000000044,336.54339199468575,29.023391994685312,1,50,15376.000000000022,1451.1695997342656,1411.1695997342656,9.437887615337303,True,TARGET_ACHIEVED,7.888950960166104,AI enhanced frozen,0.5,-0.05,0.2,0.02,0.5027460553008303,-0.040110799237538186,0.2152216598879231,0.02022717560097447,0.0027460553008302746,0.009889200762461817,0.015221659887923095,0.00022717560097447118,49.35031049418202,23154.077,697302.0,946642.2,-0.0027807154903729536,0.00019957751772218036,40,3.1999999999999997,1230.0800000000017,384.40000000000055
TREND_FOLLOWING_OPTIMIZED,FROZEN,2026-04-02 11:15:00.000000,2026-04-02 11:15:00.000000,2026-04-02 11:24:27.947028237,23148.9,23119.321565719463,PE,23800.0,OTM,307.52000000000044,302.4949572784769,-5.025042721523562,1,50,15376.000000000022,-251.2521360761781,-291.2521360761781,-1.6340539547097928,False,STOP_LOSS,7.836519237122854,Trend frozen,0.5,-0.05,0.2,0.02,0.5163262102384207,-0.059539889661485934,0.21048925385475376,0.02250815661304305,0.016326210238420735,-0.009539889661485931,0.010489253854753744,0.002508156613043048,49.35031049418202,23154.077,697302.0,946642.2,-0.0027807154903729536,0.00019957751772218036,40,3.1999999999999997,1230.0800000000017,384.40000000000055
STRONG_MOMENTUM_LOSING,FROZEN,2026-04-02 11:15:00.000000,2026-04-02 11:15:00.000000,2026-04-02 11:20:08.608881598,23148.9,23024.31874697545,PE,23800.0,OTM,307.52000000000044,334.7729637195684,27.25296371956796,1,50,15376.000000000022,1362.648185978398,1322.648185978398,8.862176027434938,True,TARGET_ACHIEVED,9.54634881981389,Strong momentum frozen,0.5,-0.05,0.2,0.02,0.47797549274361806,-0.04663344815795119,0.2147366694843736,0.018281431324914863,-0.022024507256381942,0.003366551842048815,0.014736669484373577,-0.0017185686750851373,49.35031049418202,23154.077,697302.0,946642.2,-0.0027807154903729536,0.00019957751772218036,40,3.1999999999999997,1230.0800000000017,384.40000000000055
MACD_DIVERGENCE_LOSING,RE-OPTIMIZED,2026-04-02 11:15:00.000000,2026-04-02 11:15:00.000000,2026-04-02 11:21:50.185925937,23148.9,23553.905444656557,PE,23800.0,OTM,307.52000000000044,339.1982232358376,31.67822323583715,1,50,15376.000000000022,1583.9111617918575,1543.9111617918575,10.301191218729548,True,TARGET_ACHIEVED,11.03331961827801,MACD re-optimized,0.5,-0.05,0.2,0.02,0.5364160061709795,-0.0519467655718297,0.18031253738646966,0.016547769022920253,0.03641600617097951,-0.0019467655718296978,-0.019687462613530354,-0.0034522309770797475,49.35031049418202,23154.077,697302.0,946642.2,-0.0027807154903729536,0.00019957751772218036,40,3.1999999999999997,1230.0800000000017,384.40000000000055
CCI_EXTREME_LOSING,RE-OPTIMIZED,2026-04-02 11:15:00.000000,2026-04-02 11:15:00.000000,2026-04-02 11:20:26.745384011,23148.9,23519.726686367994,PE,23800.0,OTM,307.52000000000044,330.633705334142,23.11370533414157,1,50,15376.000000000022,1155.6852667070784,1115.6852667070784,7.51616328503562,True,TARGET_ACHIEVED,9.436063978480966,CCI re-optimized,0.5,-0.05,0.2,0.02,0.5030390118413689,-0.05275744207584559,0.18779703416266572,0.022809163682043856,0.0030390118413688993,-0.0027574420758455856,-0.012202965837334295,0.0028091636820438554,49.35031049418202,23154.077,697302.0,946642.2,-0.0027807154903729536,0.00019957751772218036,40,3.1999999999999997,1230.0800000000017,384.40000000000055
MOMENTUM_REVERSAL_LOSING,RE-OPTIMIZED,2026-04-02 11:15:00.000000,2026-04-02 11:15:00.000000,2026-04-02 11:21:47.294344814,23148.9,22982.132380767995,PE,23800.0,OTM,307.52000000000044,336.9229095387153,29.40290953871488,1,50,15376.000000000022,1470.145476935744,1430.145476935744,9.561299928042025,True,TARGET_ACHIEVED,6.1901403788712255,Momentum re-optimized,0.5,-0.05,0.2,0.02,0.4882583204866696,-0.0569683175169376,0.21039444020116377,0.02050240807329865,-0.011741679513330383,-0.0069683175169375985,0.010394440201163757,0.0005024080732986512,49.35031049418202,23154.077,697302.0,946642.2,-0.0027807154903729536,0.00019957751772218036,40,3.1999999999999997,1230.0800000000017,384.40000000000055
MULTI_TIMEFRAME_LOSING,FROZEN,2026-04-02 11:30:00.000000,2026-04-02 11:30:00.000000,2026-04-02 11:38:21.442968513,23195.6,23322.58569906707,CE,23800.0,OTM,307.52000000000044,303.2121603018808,-4.307839698119665,1,50,15376.000000000022,-215.39198490598324,-255.39198490598324,-1.4008323680149775,False,STOP_LOSS,8.53612945411913,Multi-timeframe frozen,0.5,-0.05,0.2,0.02,0.5056144437841832,-0.04583085601120922,0.19733599227809856,0.015964370667124424,0.005614443784183187,0.0041691439887907855,-0.0026640077219014513,-0.004035629332875577,53.30301061295134,23191.0635,922402.0,963683.1,0.0018118093691490422,0.00028626118746656343,40,3.1999999999999997,1230.0800000000017,384.40000000000055
AI_ENHANCED_LOSING,FROZEN,2026-04-02 11:30:00.000000,2026-04-02 11:30:00.000000,2026-04-02 11:39:48.905962244,23195.6,22988.483483732987,CE,23800.0,OTM,307.52000000000044,302.8592137309809,-4.660786269019525,1,50,15376.000000000022,-233.03931345097624,-273.03931345097624,-1.515604275825806,False,STOP_LOSS,10.145277873721394,AI enhanced frozen,0.5,-0.05,0.2,0.02,0.4669281149319647,-0.053512257683357455,0.1915195078870076,0.01802610024477147,-0.03307188506803532,-0.0035122576833574518,-0.0084804921129924,-0.00197389975522853,53.30301061295134,23191.0635,922402.0,963683.1,0.0018118093691490422,0.00028626118746656343,40,3.1999999999999997,1230.0800000000017,384.40000000000055
TREND_FOLLOWING_OPTIMIZED,FROZEN,2026-04-02 11:30:00.000000,2026-04-02 11:30:00.000000,2026-04-02 11:38:12.547109486,23195.6,22951.841315859347,CE,23800.0,OTM,307.52000000000044,337.38016616978143,29.860166169780996,1,50,15376.000000000022,1493.0083084890498,1453.0083084890498,9.709991600475076,True,TARGET_ACHIEVED,5.068900361285316,Trend frozen,0.5,-0.05,0.2,0.02,0.45017788551049565,-0.04128953599567638,0.18099237587808245,0.01568796775181886,-0.049822114489504354,0.008710464004323626,-0.01900762412191756,-0.004312032248181139,53.30301061295134,23191.0635,922402.0,963683.1,0.0018118093691490422,0.00028626118746656343,40,3.1999999999999997,1230.0800000000017,384.40000000000055
STRONG_MOMENTUM_LOSING,FROZEN,2026-04-02 11:30:00.000000,2026-04-02 11:30:00.000000,2026-04-02 11:41:32.072148089,23195.6,23288.796192695303,CE,23800.0,OTM,307.52000000000044,338.79033684265846,31.270336842658025,1,50,15376.000000000022,1563.5168421329013,1523.5168421329013,10.168553864027698,True,TARGET_ACHIEVED,8.70686635374663,Strong momentum frozen,0.5,-0.05,0.2,0.02,0.5002975564772913,-0.055526605484640355,0.18664993863523366,0.02021901095696428,0.0002975564772913497,-0.0055266054846403526,-0.013350061364766352,0.00021901095696428077,53.30301061295134,23191.0635,922402.0,963683.1,0.0018118093691490422,0.00028626118746656343,40,3.1999999999999997,1230.0800000000017,384.40000000000055
MACD_DIVERGENCE_LOSING,RE-OPTIMIZED,2026-04-02 11:30:00.000000,2026-04-02 11:30:00.000000,2026-04-02 11:39:46.162756799,23195.6,23328.12769341761,CE,23800.0,OTM,307.52000000000044,331.7762127874036,24.25621278740317,1,50,15376.000000000022,1212.8106393701587,1172.8106393701587,7.887686260211739,True,TARGET_ACHIEVED,7.0149998914862,MACD re-optimized,0.5,-0.05,0.2,0.02,0.4833822865315896,-0.04842748568636298,0.1881931617378733,0.01807624922686048,-0.0166177134684104,0.0015725143136370232,-0.011806838262126723,-0.0019237507731395195,53.30301061295134,23191.0635,922402.0,963683.1,0.0018118093691490422,0.00028626118746656343,40,3.1999999999999997,1230.0800000000017,384.40000000000055
CCI_EXTREME_LOSING,RE-OPTIMIZED,2026-04-02 11:30:00.000000,2026-04-02 11:30:00.000000,2026-04-02 11:41:39.639053445,23195.6,23213.1682237694,CE,23800.0,OTM,307.52000000000044,334.39669705060567,26.87669705060523,1,50,15376.000000000022,1343.8348525302615,1303.8348525302615,8.739820841117714,True,TARGET_ACHIEVED,11.2638328323752,CCI re-optimized,0.5,-0.05,0.2,0.02,0.5091388530438001,-0.04787689287466943,0.1814712744730762,0.018977678448386548,0.009138853043800133,0.0021231071253305714,-0.018528725526923806,-0.0010223215516134525,53.30301061295134,23191.0635,922402.0,963683.1,0.0018118093691490422,0.00028626118746656343,40,3.1999999999999997,1230.0800000000017,384.40000000000055
MOMENTUM_REVERSAL_LOSING,RE-OPTIMIZED,2026-04-02 11:30:00.000000,2026-04-02 11:30:00.000000,2026-04-02 11:41:20.037241859,23195.6,22736.593804691314,CE,23800.0,OTM,307.52000000000044,331.4934498690212,23.973449869020783,1,50,15376.000000000022,1198.6724934510391,1158.6724934510391,7.795736820050972,True,TARGET_ACHIEVED,10.545978527218727,Momentum re-optimized,0.5,-0.05,0.2,0.02,0.47674694547681595,-0.04103285908591742,0.19700864466499887,0.017755989464098516,-0.023253054523184047,0.008967140914082586,-0.002991355335001139,-0.002244010535901484,53.30301061295134,23191.0635,922402.0,963683.1,0.0018118093691490422,0.00028626118746656343,40,3.1999999999999997,1230.0800000000017,384.40000000000055
MULTI_TIMEFRAME_LOSING,FROZEN,2026-04-02 11:45:00.000000,2026-04-02 11:45:00.000000,2026-04-02 11:50:04.104583318,23349.01,23255.57619367511,CE,23800.0,OTM,307.52000000000044,303.67394491512056,-3.846055084879879,1,50,15376.000000000022,-192.30275424399395,-232.30275424399395,-1.2506682768209785,False,STOP_LOSS,5.002635312232481,Multi-timeframe frozen,0.5,-0.05,0.2,0.02,0.5168222586602964,-0.056466237163257674,0.2071800243486188,0.02376724914156134,0.016822258660296407,-0.006466237163257671,0.00718002434861878,0.0037672491415613393,78.30097649465472,23254.7315,755018.0,1015507.35,0.0006865815311281054,0.003018971682311069,40,3.1999999999999997,1230.0800000000017,384.40000000000055
AI_ENHANCED_LOSING,FROZEN,2026-04-02 11:45:00.000000,2026-04-02 11:45:00.000000,2026-04-02 11:52:23.149014755,23349.01,23039.339794052834,CE,23800.0,OTM,307.52000000000044,335.82304778967165,28.30304778967121,1,50,15376.000000000022,1415.1523894835605,1375.1523894835605,9.203644572603787,True,TARGET_ACHIEVED,11.506488362972739,AI enhanced frozen,0.5,-0.05,0.2,0.02,0.4599869182350376,-0.04018066332604046,0.20981759544862374,0.01702032786188106,-0.04001308176496238,0.009819336673959546,0.009817595448623734,-0.002979672138118939,78.30097649465472,23254.7315,755018.0,1015507.35,0.0006865815311281054,0.003018971682311069,40,3.1999999999999997,1230.0800000000017,384.40000000000055
RSI_DIVERGENCE_LOSING,FROZEN,2026-04-02 11:45:00.000000,2026-04-02 11:45:00.000000,2026-04-02 11:55:34.675475149,23349.01,23468.534780155904,CE,23800.0,OTM,307.52000000000044,336.9911585205714,29.471158520570953,1,50,15376.000000000022,1473.5579260285476,1433.5579260285476,9.583493275419782,True,TARGET_ACHIEVED,11.936511206464452,RSI frozen,0.5,-0.05,0.2,0.02,0.47668777373715204,-0.05738901749074714,0.19486010156325334,0.017305187354839276,-0.023312226262847957,-0.007389017490747135,-0.0051398984367466705,-0.0026948126451607247,78.30097649465472,23254.7315,755018.0,1015507.35,0.0006865815311281054,0.003018971682311069,40,3.1999999999999997,1230.0800000000017,384.40000000000055
STOCHASTIC_OVERSOLD_LOSING,FROZEN,2026-04-02 11:45:00.000000,2026-04-02 11:45:00.000000,2026-04-02 11:52:27.177863569,23349.01,23516.177973281152,CE,23800.0,OTM,307.52000000000044,330.26156151803434,22.741561518033905,1,50,15376.000000000022,1137.0780759016952,1097.0780759016952,7.395148776675947,True,TARGET_ACHIEVED,10.778530989602789,Stochastic frozen,0.5,-0.05,0.2,0.02,0.48706273749523893,-0.04612553053247609,0.19154398660643426,0.018477188531166137,-0.012937262504761071,0.003874469467523914,-0.008456013393565748,-0.001522811468833863,78.30097649465472,23254.7315,755018.0,1015507.35,0.0006865815311281054,0.003018971682311069,40,3.1999999999999997,1230.0800000000017,384.40000000000055
TREND_FOLLOWING_OPTIMIZED,FROZEN,2026-04-02 11:45:00.000000,2026-04-02 11:45:00.000000,2026-04-02 11:50:02.907159428,23349.01,23416.871788225188,CE,23800.0,OTM,307.52000000000044,341.0480689736104,33.52806897360995,1,50,15376.000000000022,1676.4034486804974,1636.4034486804974,10.902727944071898,True,TARGET_ACHIEVED,11.17963258372783,Trend frozen,0.5,-0.05,0.2,0.02,0.5431438639463899,-0.04779383346438201,0.18824917998680946,0.019315598493412092,0.043143863946389915,0.00220616653561799,-0.011750820013190555,-0.0006844015065879082,78.30097649465472,23254.7315,755018.0,1015507.35,0.0006865815311281054,0.003018971682311069,40,3.1999999999999997,1230.0800000000017,384.40000000000055
MACD_DIVERGENCE_LOSING,RE-OPTIMIZED,2026-04-02 11:45:00.000000,2026-04-02 11:45:00.000000,2026-04-02 11:50:03.656126985,23349.01,23321.184517072863,CE,23800.0,OTM,307.52000000000044,341.0525489362071,33.53254893620664,1,50,15376.000000000022,1676.627446810332,1636.627446810332,10.90418474772587,True,TARGET_ACHIEVED,8.45938939204162,MACD re-optimized,0.5,-0.05,0.2,0.02,0.48603448434552565,-0.04746604794704723,0.21957936716445733,0.020154937202776575,-0.013965515654474348,0.002533952052952773,0.019579367164457323,0.00015493720277657413,78.30097649465472,23254.7315,755018.0,1015507.35,0.0006865815311281054,0.003018971682311069,40,3.1999999999999997,1230.0800000000017,384.40000000000055
MOMENTUM_REVERSAL_LOSING,RE-OPTIMIZED,2026-04-02 11:45:00.000000,2026-04-02 11:45:00.000000,2026-04-02 11:55:20.061323932,23349.01,22956.608245258714,CE,23800.0,OTM,307.52000000000044,336.0856165491757,28.565616549175274,1,50,15376.000000000022,1428.2808274587637,1388.2808274587637,9.289027233732842,True,TARGET_ACHIEVED,5.942558708789888,Momentum re-optimized,0.5,-0.05,0.2,0.02,0.5238450445168266,-0.05638407176495365,0.18123547439580487,0.01580736340603432,0.023845044516826563,-0.006384071764953647,-0.018764525604195142,-0.004192636593965682,78.30097649465472,23254.7315,755018.0,1015507.35,0.0006865815311281054,0.003018971682311069,40,3.1999999999999997,1230.0800000000017,384.40000000000055
BOLLINGER_SQUEEZE_LOSING,RE-OPTIMIZED,2026-04-02 11:45:00.000000,2026-04-02 11:45:00.000000,2026-04-02 11:54:44.285521714,23349.01,23605.533357875905,CE,23800.0,OTM,307.52000000000044,332.42549966874265,24.90549966874221,1,50,15376.000000000022,1245.2749834371104,1205.2749834371104,8.098822733071726,True,TARGET_ACHIEVED,10.239140339131746,Bollinger re-optimized,0.5,-0.05,0.2,0.02,0.4630737071053507,-0.04615668679461422,0.19886607464279293,0.020269025002263123,-0.036926292894649326,0.0038433132053857857,-0.0011339253572070773,0.00026902500226312284,78.30097649465472,23254.7315,755018.0,1015507.35,0.0006865815311281054,0.003018971682311069,40,3.1999999999999997,1230.0800000000017,384.40000000000055
BREAKOUT_REVERSAL_LOSING,RE-OPTIMIZED,2026-04-02 11:45:00.000000,2026-04-02 11:45:00.000000,2026-04-02 11:56:45.412563521,23349.01,23673.887476630887,CE,23800.0,OTM,307.52000000000044,333.8306377631425,26.31063776314204,1,50,15376.000000000022,1315.531888157102,1275.531888157102,8.55574849217677,True,TARGET_ACHIEVED,8.18863254984645,Breakout re-optimized,0.5,-0.05,0.2,0.02,0.4531602506759695,-0.04916412675599574,0.18584046885638147,0.02078071790453108,-0.04683974932403051,0.0008358732440042621,-0.014159531143618537,0.0007807179045310787,78.30097649465472,23254.7315,755018.0,1015507.35,0.0006865815311281054,0.003018971682311069,40,3.1999999999999997,1230.0800000000017,384.40000000000055
MULTI_TIMEFRAME_LOSING,FROZEN,2026-04-02 12:00:00.000000,2026-04-02 12:00:00.000000,2026-04-02 12:07:46.239259408,23345.03,23477.099622161608,CE,23800.0,OTM,307.52000000000044,338.4139916920385,30.89399169203807,1,50,15376.000000000022,1544.6995846019036,1504.6995846019036,10.046173156880212,True,TARGET_ACHIEVED,7.252096718676089,Multi-timeframe frozen,0.5,-0.05,0.2,0.02,0.5369081860697393,-0.05251572630931711,0.2161115647337869,0.019094787726937734,0.036908186069739335,-0.0025157263093171095,0.016111564733786887,-0.0009052122730622662,52.54880044708804,23340.763,1081543.0,1027644.45,0.0002630802064707005,0.004624538927557719,40,3.1999999999999997,1230.0800000000017,384.40000000000055
AI_ENHANCED_LOSING,FROZEN,2026-04-02 12:00:00.000000,2026-04-02 12:00:00.000000,2026-04-02 12:09:36.027698056,23345.03,23498.412076006833,CE,23800.0,OTM,307.52000000000044,338.51419505477764,30.994195054777208,1,50,15376.000000000022,1549.7097527388605,1509.7097527388605,10.078757497000899,True,TARGET_ACHIEVED,8.082113241214316,AI enhanced frozen,0.5,-0.05,0.2,0.02,0.5068628984566327,-0.055525607875220186,0.2008894763912507,0.024361979920412943,0.006862898456632682,-0.005525607875220183,0.0008894763912506987,0.004361979920412942,52.54880044708804,23340.763,1081543.0,1027644.45,0.0002630802064707005,0.004624538927557719,40,3.1999999999999997,1230.0800000000017,384.40000000000055
TREND_FOLLOWING_OPTIMIZED,FROZEN,2026-04-02 12:00:00.000000,2026-04-02 12:00:00.000000,2026-04-02 12:06:54.594521898,23345.03,22965.024147864926,CE,23800.0,OTM,307.52000000000044,334.7751487265822,27.25514872658175,1,50,15376.000000000022,1362.7574363290876,1322.7574363290876,8.862886552608519,True,TARGET_ACHIEVED,9.953870699236878,Trend frozen,0.5,-0.05,0.2,0.02,0.5495677374059766,-0.044197468432895834,0.20239035464517227,0.023277837051500605,0.04956773740597664,0.005802531567104169,0.00239035464517226,0.0032778370515006046,52.54880044708804,23340.763,1081543.0,1027644.45,0.0002630802064707005,0.004624538927557719,40,3.1999999999999997,1230.0800000000017,384.40000000000055
MULTI_TIMEFRAME_LOSING,FROZEN,2026-04-02 12:15:00.000000,2026-04-02 12:15:00.000000,2026-04-02 12:26:08.585291094,23384.05,23367.25169013711,CE,23800.0,OTM,307.52000000000044,300.98287004960974,-6.537129950390693,1,50,15376.000000000022,-326.8564975195346,-366.8564975195346,-2.1257576581655444,False,STOP_LOSS,6.671871540628294,Multi-timeframe frozen,0.5,-0.05,0.2,0.02,0.46897438409544256,-0.051458144243195815,0.20735738191982583,0.021760204158053215,-0.031025615904557435,-0.0014581442431958122,0.007357381919825823,0.0017602041580532142,61.533450263091495,23369.0045,1045018.0,1003264.6,0.00043210497156009886,0.00481268214872962,40,3.1999999999999997,1230.0800000000017,384.40000000000055
AI_ENHANCED_LOSING,FROZEN,2026-04-02 12:15:00.000000,2026-04-02 12:15:00.000000,2026-04-02 12:24:09.682327439,23384.05,23506.198573919668,CE,23800.0,OTM,307.52000000000044,331.4269418096291,23.906941809628677,1,50,15376.000000000022,1195.347090481434,1155.347090481434,7.77410958949943,True,TARGET_ACHIEVED,6.009113864031137,AI enhanced frozen,0.5,-0.05,0.2,0.02,0.4526207993221993,-0.05915976969523034,0.20913846948066614,0.0243471130090337,-0.047379200677800715,-0.009159769695230337,0.009138469480666128,0.0043471130090337005,61.533450263091495,23369.0045,1045018.0,1003264.6,0.00043210497156009886,0.00481268214872962,40,3.1999999999999997,1230.0800000000017,384.40000000000055
RSI_DIVERGENCE_LOSING,FROZEN,2026-04-02 12:15:00.000000,2026-04-02 12:15:00.000000,2026-04-02 12:25:54.757359731,23384.05,23569.904733239608,CE,23800.0,OTM,307.52000000000044,334.98094897329065,27.460948973290215,1,50,15376.000000000022,1373.0474486645107,1333.0474486645107,8.929809109420582,True,TARGET_ACHIEVED,10.201675066335874,RSI frozen,0.5,-0.05,0.2,0.02,0.5210026526161706,-0.05684096679596272,0.19187360633875414,0.02303445665329523,0.021002652616170625,-0.006840966795962716,-0.008126393661245873,0.0030344566532952283,61.533450263091495,23369.0045,1045018.0,1003264.6,0.00043210497156009886,0.00481268214872962,40,3.1999999999999997,1230.0800000000017,384.40000000000055
TREND_FOLLOWING_OPTIMIZED,FROZEN,2026-04-02 12:15:00.000000,2026-04-02 12:15:00.000000,2026-04-02 12:23:21.485505171,23384.05,23292.300650268597,CE,23800.0,OTM,307.52000000000044,336.04869138009786,28.528691380097428,1,50,15376.000000000022,1426.4345690048713,1386.4345690048713,9.277019829636245,True,TARGET_ACHIEVED,6.564140798553421,Trend frozen,0.5,-0.05,0.2,0.02,0.4938878126319404,-0.05692746973549589,0.21042780068406292,0.01814569309067232,-0.006112187368059574,-0.006927469735495885,0.010427800684062905,-0.0018543069093276791,61.533450263091495,23369.0045,1045018.0,1003264.6,0.00043210497156009886,0.00481268214872962,40,3.1999999999999997,1230.0800000000017,384.40000000000055
MULTI_TIMEFRAME_LOSING,FROZEN,2026-04-02 12:30:00.000000,2026-04-02 12:30:00.000000,2026-04-02 12:40:59.207083616,23468.46,23006.048832850636,CE,23800.0,OTM,307.52000000000044,334.00721976812923,26.487219768128796,1,50,15376.000000000022,1324.36098840644,1284.36098840644,8.613169799729697,True,TARGET_ACHIEVED,5.557725527672577,Multi-timeframe frozen,0.5,-0.05,0.2,0.02,0.4545384132693286,-0.0546431223182807,0.21699155813771087,0.017256700979049727,-0.04546158673067141,-0.0046431223182807,0.01699155813771086,-0.002743299020950274,63.5798142631852,23418.565,1369961.0,988030.55,0.0005222497581662822,0.0019051100924390764,40,3.1999999999999997,1230.0800000000017,384.40000000000055
AI_ENHANCED_LOSING,FROZEN,2026-04-02 12:30:00.000000,2026-04-02 12:30:00.000000,2026-04-02 12:38:34.090765798,23468.46,23137.218356242607,CE,23800.0,OTM,307.52000000000044,339.8964586912946,32.37645869129415,1,50,15376.000000000022,1618.8229345647073,1578.8229345647073,10.528244891809996,True,TARGET_ACHIEVED,8.385175538966358,AI enhanced frozen,0.5,-0.05,0.2,0.02,0.4704770033852111,-0.046204498842783895,0.20781754634840643,0.022444648588363397,-0.02952299661478891,0.003795501157216108,0.007817546348406423,0.002444648588363397,63.5798142631852,23418.565,1369961.0,988030.55,0.0005222497581662822,0.0019051100924390764,40,3.1999999999999997,1230.0800000000017,384.40000000000055
RSI_DIVERGENCE_LOSING,FROZEN,2026-04-02 12:30:00.000000,2026-04-02 12:30:00.000000,2026-04-02 12:41:35.115597465,23468.46,23433.065791024965,CE,23800.0,OTM,307.52000000000044,341.28809394188073,33.768093941880295,1,50,15376.000000000022,1688.4046970940149,1648.4046970940149,10.980779767781039,True,TARGET_ACHIEVED,9.523862610652634,RSI frozen,0.5,-0.05,0.2,0.02,0.5318678708091886,-0.05946111938698644,0.21014591483507142,0.015731416470297233,0.031867870809188625,-0.00946111938698644,0.010145914835071407,-0.004268583529702767,63.5798142631852,23418.565,1369961.0,988030.55,0.0005222497581662822,0.0019051100924390764,40,3.1999999999999997,1230.0800000000017,384.40000000000055
TREND_FOLLOWING_OPTIMIZED,FROZEN,2026-04-02 12:30:00.000000,2026-04-02 12:30:00.000000,2026-04-02 12:41:15.629010188,23468.46,23701.782211869035,CE,23800.0,OTM,307.52000000000044,334.8468713342518,27.326871334251337,1,50,15376.000000000022,1366.3435667125668,1326.3435667125668,8.886209460929791,True,TARGET_ACHIEVED,5.272530100250481,Trend frozen,0.5,-0.05,0.2,0.02,0.5391819892192321,-0.0439369958748546,0.2056554769215032,0.015189208217581785,0.039181989219232105,0.006063004125145405,0.0056554769215032,-0.004810791782418215,63.5798142631852,23418.565,1369961.0,988030.55,0.0005222497581662822,0.0019051100924390764,40,3.1999999999999997,1230.0800000000017,384.40000000000055
VOLUME_SPIKE_LOSING,FROZEN,2026-04-02 12:30:00.000000,2026-04-02 12:30:00.000000,2026-04-02 12:39:29.180965833,23468.46,23276.926972670826,CE,23800.0,OTM,307.52000000000044,332.490730846497,24.970730846496565,1,50,15376.000000000022,1248.5365423248281,1208.5365423248281,8.120034744568331,True,TARGET_ACHIEVED,7.572821897640106,Volume frozen,0.5,-0.05,0.2,0.02,0.45552374520584443,-0.04586235441361692,0.18190443132202658,0.020322505812258144,-0.04447625479415557,0.004137645586383083,-0.018095568677973434,0.0003225058122581434,63.5798142631852,23418.565,1369961.0,988030.55,0.0005222497581662822,0.0019051100924390764,40,3.1999999999999997,1230.0800000000017,384.40000000000055
HIGH_VOLUME_LOSING,FROZEN,2026-04-02 12:30:00.000000,2026-04-02 12:30:00.000000,2026-04-02 12:38:22.898933193,23468.46,23108.062194229515,CE,23800.0,OTM,307.52000000000044,331.42250818758725,23.902508187586818,1,50,15376.000000000022,1195.125409379341,1155.125409379341,7.772667854964485,True,TARGET_ACHIEVED,8.8200582069659,High volume frozen,0.5,-0.05,0.2,0.02,0.5058419344050693,-0.049248464453510034,0.21197182937821668,0.02387972585243315,0.0058419344050693045,0.000751535546489969,0.01197182937821667,0.003879725852433149,63.5798142631852,23418.565,1369961.0,988030.55,0.0005222497581662822,0.0019051100924390764,40,3.1999999999999997,1230.0800000000017,384.40000000000055
MACD_DIVERGENCE_LOSING,RE-OPTIMIZED,2026-04-02 12:30:00.000000,2026-04-02 12:30:00.000000,2026-04-02 12:37:26.829009783,23468.46,23778.057845576164,CE,23800.0,OTM,307.52000000000044,340.5577731994637,33.03777319946329,1,50,15376.000000000022,1651.8886599731645,1611.8886599731645,10.743292533644395,True,TARGET_ACHIEVED,7.843660563499178,MACD re-optimized,0.5,-0.05,0.2,0.02,0.5460542185368178,-0.04548780683181788,0.18143089324473805,0.021957270041673423,0.04605421853681779,0.004512193168182126,-0.018569106755261966,0.001957270041673422,63.5798142631852,23418.565,1369961.0,988030.55,0.0005222497581662822,0.0019051100924390764,40,3.1999999999999997,1230.0800000000017,384.40000000000055
BOLLINGER_SQUEEZE_LOSING,RE-OPTIMIZED,2026-04-02 12:30:00.000000,2026-04-02 12:30:00.000000,2026-04-02 12:38:59.356493958,23468.46,23584.386810691823,CE,23800.0,OTM,307.52000000000044,335.70358564673234,28.1835856467319,1,50,15376.000000000022,1409.179282336595,1369.179282336595,9.164797621856094,True,TARGET_ACHIEVED,5.4645200173705435,Bollinger re-optimized,0.5,-0.05,0.2,0.02,0.4603575437086132,-0.05039864867461053,0.20932478185070322,0.019899211362947946,-0.039642456291386796,-0.0003986486746105286,0.009324781850703207,-0.00010078863705205443,63.5798142631852,23418.565,1369961.0,988030.55,0.0005222497581662822,0.0019051100924390764,40,3.1999999999999997,1230.0800000000017,384.40000000000055
MULTI_TIMEFRAME_LOSING,FROZEN,2026-04-02 12:45:00.000000,2026-04-02 12:45:00.000000,2026-04-02 12:55:17.046458554,23582.57,23256.916707197513,CE,23800.0,OTM,307.52000000000044,340.4480877841124,32.92808778411194,1,50,15376.000000000022,1646.404389205597,1606.404389205597,10.707624799724211,True,TARGET_ACHIEVED,11.402942562958465,Multi-timeframe frozen,0.5,-0.05,0.2,0.02,0.4920046057991864,-0.04391814969925803,0.19787251947260098,0.024667126522718144,-0.007995394200813577,0.006081850300741973,-0.0021274805273990283,0.004667126522718144,93.3689205219452,23493.254,816832.0,1029724.8,0.00034571370154612424,0.0033961523277573286,40,3.1999999999999997,1230.0800000000017,384.40000000000055
AI_ENHANCED_LOSING,FROZEN,2026-04-02 12:45:00.000000,2026-04-02 12:45:00.000000,2026-04-02 12:52:42.900508285,23582.57,23409.861696745527,CE,23800.0,OTM,307.52000000000044,335.26533443537875,27.74533443537831,1,50,15376.000000000022,1387.2667217689154,1347.2667217689154,9.02228617175412,True,TARGET_ACHIEVED,7.73715965704765,AI enhanced frozen,0.5,-0.05,0.2,0.02,0.45417637293574487,-0.05751107318609718,0.1882414855511281,0.021750526059542957,-0.045823627064255135,-0.007511073186097179,-0.01175851444887191,0.0017505260595429561,93.3689205219452,23493.254,816832.0,1029724.8,0.00034571370154612424,0.0033961523277573286,40,3.1999999999999997,1230.0800000000017,384.40000000000055
RSI_DIVERGENCE_LOSING,FROZEN,2026-04-02 12:45:00.000000,2026-04-02 12:45:00.000000,2026-04-02 12:50:21.854113637,23582.57,23596.456773136317,CE,23800.0,OTM,307.52000000000044,330.4409390960368,22.920939096036363,1,50,15376.000000000022,1146.0469548018182,1106.0469548018182,7.453479154538349,True,TARGET_ACHIEVED,7.196765552559837,RSI frozen,0.5,-0.05,0.2,0.02,0.4783516350255983,-0.04904039717688874,0.21744077742888573,0.015993525438487245,-0.0216483649744017,0.0009596028231112635,0.017440777428885723,-0.004006474561512756,93.3689205219452,23493.254,816832.0,1029724.8,0.00034571370154612424,0.0033961523277573286,40,3.1999999999999997,1230.0800000000017,384.40000000000055
STOCHASTIC_OVERSOLD_LOSING,FROZEN,2026-04-02 12:45:00.000000,2026-04-02 12:45:00.000000,2026-04-02 12:52:38.362551265,23582.57,23875.92130064103,CE,23800.0,OTM,307.52000000000044,302.47243664534295,-5.047563354657484,1,50,15376.000000000022,-252.3781677328742,-292.3781677328742,-1.641377261530137,False,STOP_LOSS,7.684352146385658,Stochastic frozen,0.5,-0.05,0.2,0.02,0.4768108784740348,-0.046405461942770815,0.18144214420406146,0.02498163719588155,-0.023189121525965195,0.003594538057229188,-0.01855785579593855,0.004981637195881551,93.3689205219452,23493.254,816832.0,1029724.8,0.00034571370154612424,0.0033961523277573286,40,3.1999999999999997,1230.0800000000017,384.40000000000055
TREND_FOLLOWING_OPTIMIZED,FROZEN,2026-04-02 12:45:00.000000,2026-04-02 12:45:00.000000,2026-04-02 12:56:25.450298827,23582.57,23967.602084361894,CE,23800.0,OTM,307.52000000000044,301.4888971484849,-6.031102851515527,1,50,15376.000000000022,-301.55514257577636,-341.55514257577636,-1.9612067024959414,False,STOP_LOSS,9.727772887841198,Trend frozen,0.5,-0.05,0.2,0.02,0.4958986969296684,-0.04264912948357892,0.20872206758489348,0.02380312151735121,-0.0041013030703315745,0.007350870516421082,0.008722067584893467,0.00380312151735121,93.3689205219452,23493.254,816832.0,1029724.8,0.00034571370154612424,0.0033961523277573286,40,3.1999999999999997,1230.0800000000017,384.40000000000055
BOLLINGER_SQUEEZE_LOSING,RE-OPTIMIZED,2026-04-02 12:45:00.000000,2026-04-02 12:45:00.000000,2026-04-02 12:50:30.934251147,23582.57,23451.791418087298,CE,23800.0,OTM,307.52000000000044,341.6732678743684,34.15326787436794,1,50,15376.000000000022,1707.663393718397,1667.663393718397,11.106031436774158,True,TARGET_ACHIEVED,7.287783275549749,Bollinger re-optimized,0.5,-0.05,0.2,0.02,0.47440659042095107,-0.04452413716050456,0.18078892093879284,0.021453708645140786,-0.02559340957904893,0.005475862839495443,-0.01921107906120717,0.001453708645140786,93.3689205219452,23493.254,816832.0,1029724.8,0.00034571370154612424,0.0033961523277573286,40,3.1999999999999997,1230.0800000000017,384.40000000000055
BREAKOUT_REVERSAL_LOSING,RE-OPTIMIZED,2026-04-02 12:45:00.000000,2026-04-02 12:45:00.000000,2026-04-02 12:51:21.196257800,23582.57,23693.408890313734,CE,23800.0,OTM,307.52000000000044,303.2829520900666,-4.237047909933835,1,50,15376.000000000022,-211.85239549669177,-251.85239549669177,-1.3778121455299912,False,STOP_LOSS,11.967579705614185,Breakout re-optimized,0.5,-0.05,0.2,0.02,0.5037483944809104,-0.050472045385114725,0.21622398719892183,0.02249462200214046,0.0037483944809103553,-0.00047204538511472216,0.01622398719892182,0.00249462200214046,93.3689205219452,23493.254,816832.0,1029724.8,0.00034571370154612424,0.0033961523277573286,40,3.1999999999999997,1230.0800000000017,384.40000000000055
MULTI_TIMEFRAME_LOSING,FROZEN,2026-04-02 13:00:00.000000,2026-04-02 13:00:00.000000,2026-04-02 13:11:38.213451821,23633.02,23172.848851026964,CE,23800.0,OTM,307.52000000000044,338.6730292692333,31.15302926923289,1,50,15376.000000000022,1557.6514634616444,1517.6514634616444,10.13040754072348,True,TARGET_ACHIEVED,8.772755186126187,Multi-timeframe frozen,0.5,-0.05,0.2,0.02,0.4555388527039396,-0.05717942992919641,0.2049556857737616,0.018451466935067138,-0.04446114729606038,-0.007179429929196408,0.004955685773761598,-0.0015485330649328624,60.41171477079847,23610.2025,1031778.0,1052893.55,0.0007796021191965874,0.006028006577238235,40,3.1999999999999997,1230.0800000000017,384.40000000000055
AI_ENHANCED_LOSING,FROZEN,2026-04-02 13:00:00.000000,2026-04-02 13:00:00.000000,2026-04-02 13:05:02.549953812,23633.02,23804.84244917507,CE,23800.0,OTM,307.52000000000044,303.8165790254367,-3.7034209745637554,1,50,15376.000000000022,-185.17104872818777,-225.17104872818777,-1.204286217014747,False,STOP_LOSS,5.770745337482611,AI enhanced frozen,0.5,-0.05,0.2,0.02,0.5386416372931064,-0.05412111506187506,0.19736362225453208,0.018266883063361942,0.038641637293106434,-0.004121115061875055,-0.0026363777454679327,-0.0017331169366380586,60.41171477079847,23610.2025,1031778.0,1052893.55,0.0007796021191965874,0.006028006577238235,40,3.1999999999999997,1230.0800000000017,384.40000000000055
RSI_DIVERGENCE_LOSING,FROZEN,2026-04-02 13:00:00.000000,2026-04-02 13:00:00.000000,2026-04-02 13:06:37.251276175,23633.02,24053.468309034535,CE,23800.0,OTM,307.52000000000044,337.00555440700896,29.48555440700852,1,50,15376.000000000022,1474.277720350426,1434.277720350426,9.588174560031373,True,TARGET_ACHIEVED,8.001742309652268,RSI frozen,0.5,-0.05,0.2,0.02,0.4966435156978285,-0.041178854161054095,0.19860079451788443,0.02489466410208491,-0.003356484302171503,0.008821145838945908,-0.0013992054821155842,0.00489466410208491,60.41171477079847,23610.2025,1031778.0,1052893.55,0.0007796021191965874,0.006028006577238235,40,3.1999999999999997,1230.0800000000017,384.40000000000055
TREND_FOLLOWING_OPTIMIZED,FROZEN,2026-04-02 13:00:00.000000,2026-04-02 13:00:00.000000,2026-04-02 13:05:10.610895580,23633.02,24036.033366576914,CE,23800.0,OTM,307.52000000000044,335.2792403809906,27.75924038099015,1,50,15376.000000000022,1387.9620190495075,1347.9620190495075,9.026808136378158,True,TARGET_ACHIEVED,6.080499698480626,Trend frozen,0.5,-0.05,0.2,0.02,0.5225769377296045,-0.04306540637411907,0.18763848513243492,0.019830780399552595,0.02257693772960445,0.006934593625880933,-0.012361514867565093,-0.0001692196004474053,60.41171477079847,23610.2025,1031778.0,1052893.55,0.0007796021191965874,0.006028006577238235,40,3.1999999999999997,1230.0800000000017,384.40000000000055
MACD_DIVERGENCE_LOSING,RE-OPTIMIZED,2026-04-02 13:00:00.000000,2026-04-02 13:00:00.000000,2026-04-02 13:09:08.666474912,23633.02,23341.816485135838,CE,23800.0,OTM,307.52000000000044,332.95807623063024,25.438076230629804,1,50,15376.000000000022,1271.9038115314902,1231.9038115314902,8.272007098930075,True,TARGET_ACHIEVED,8.291079596827462,MACD re-optimized,0.5,-0.05,0.2,0.02,0.45314843133008004,-0.04169381472563159,0.1967288764007736,0.024921657185284746,-0.04685156866991996,0.00830618527436841,-0.0032711235992264054,0.004921657185284745,60.41171477079847,23610.2025,1031778.0,1052893.55,0.0007796021191965874,0.006028006577238235,40,3.1999999999999997,1230.0800000000017,384.40000000000055
WILLIAMS_REVERSAL_LOSING,RE-OPTIMIZED,2026-04-02 13:00:00.000000,2026-04-02 13:00:00.000000,2026-04-02 13:11:29.804801194,23633.02,23483.87227998721,CE,23800.0,OTM,307.52000000000044,336.8057899134629,29.28578991346245,1,50,15376.000000000022,1464.2894956731225,1424.2894956731225,9.523214722119668,True,TARGET_ACHIEVED,7.088830146616791,Williams re-optimized,0.5,-0.05,0.2,0.02,0.4535291310257649,-0.043662185608006124,0.20402363691448178,0.022039712097681775,-0.04647086897423508,0.006337814391993879,0.004023636914481765,0.002039712097681775,60.41171477079847,23610.2025,1031778.0,1052893.55,0.0007796021191965874,0.006028006577238235,40,3.1999999999999997,1230.0800000000017,384.40000000000055
MOMENTUM_REVERSAL_LOSING,RE-OPTIMIZED,2026-04-02 13:00:00.000000,2026-04-02 13:00:00.000000,2026-04-02 13:09:21.760985984,23633.02,23474.846152822254,CE,23800.0,OTM,307.52000000000044,303.51415892600454,-4.005841073995896,1,50,15376.000000000022,-200.2920536997948,-240.2920536997948,-1.302627820628216,False,STOP_LOSS,8.392316265952658,Momentum re-optimized,0.5,-0.05,0.2,0.02,0.48497945717101626,-0.04586707854379669,0.18135507829075387,0.015291887891159386,-0.01502054282898374,0.004132921456203316,-0.018644921709246143,-0.004708112108840614,60.41171477079847,23610.2025,1031778.0,1052893.55,0.0007796021191965874,0.006028006577238235,40,3.1999999999999997,1230.0800000000017,384.40000000000055
DAY_HIGH_LOW_OPTIMIZED,RE-OPTIMIZED,2026-04-02 13:00:00.000000,2026-04-02 13:00:00.000000,2026-04-02 13:05:23.432290650,23633.02,23862.526282376835,CE,23800.0,OTM,307.52000000000044,336.463497781645,28.943497781644567,1,50,15376.000000000022,1447.1748890822282,1407.1748890822282,9.411907447204905,True,TARGET_ACHIEVED,8.865797599028078,Day high-low re-optimized,0.5,-0.05,0.2,0.02,0.546331526447077,-0.05011060538158517,0.18173311758068458,0.017665477322077534,0.046331526447077054,-0.00011060538158516597,-0.018266882419315428,-0.0023345226779224668,60.41171477079847,23610.2025,1031778.0,1052893.55,0.0007796021191965874,0.006028006577238235,40,3.1999999999999997,1230.0800000000017,384.40000000000055
MULTI_TIMEFRAME_LOSING,FROZEN,2026-04-02 13:15:00.000000,2026-04-02 13:15:00.000000,2026-04-02 13:22:37.796821646,23826.03,23631.482742075543,PE,23900.0,OTM,257.52000000000044,286.04300729292873,28.5230072929283,1,50,12876.000000000022,1426.1503646464148,1386.1503646464148,11.076035761466391,True,TARGET_ACHIEVED,5.339642764127329,Multi-timeframe frozen,0.5,-0.05,0.2,0.02,0.4900886982930495,-0.052927029740290066,0.21734321605925838,0.022839231601812372,-0.009911301706950482,-0.002927029740290063,0.01734321605925837,0.002839231601812372,91.89077879823776,23686.254999999997,847733.0,1020126.25,-0.00035746426930649555,0.002841010441101547,40,3.1999999999999997,1030.0800000000017,321.90000000000055
AI_ENHANCED_LOSING,FROZEN,2026-04-02 13:15:00.000000,2026-04-02 13:15:00.000000,2026-04-02 13:23:48.664316469,23826.03,24020.554175236684,PE,23900.0,OTM,257.52000000000044,284.89122314162256,27.371223141622124,1,50,12876.000000000022,1368.561157081106,1328.561157081106,10.628775684071947,True,TARGET_ACHIEVED,7.211339918992486,AI enhanced frozen,0.5,-0.05,0.2,0.02,0.47207966371231164,-0.04137133412617189,0.19665447945481385,0.022667077472688233,-0.027920336287688363,0.008628665873828115,-0.0033455205451861647,0.0026670774726882326,91.89077879823776,23686.254999999997,847733.0,1020126.25,-0.00035746426930649555,0.002841010441101547,40,3.1999999999999997,1030.0800000000017,321.90000000000055
RSI_DIVERGENCE_LOSING,FROZEN,2026-04-02 13:15:00.000000,2026-04-02 13:15:00.000000,2026-04-02 13:20:33.940427384,23826.03,24051.195858368286,PE,23900.0,OTM,257.52000000000044,282.17205308324804,24.65205308324761,1,50,12876.000000000022,1232.6026541623805,1192.6026541623805,9.57286932403214,True,TARGET_ACHIEVED,5.8199056894895005,RSI frozen,0.5,-0.05,0.2,0.02,0.5041656321064587,-0.05315520382907504,0.20312740732606105,0.024968569399220496,0.004165632106458705,-0.00315520382907504,0.003127407326061038,0.004968569399220496,91.89077879823776,23686.254999999997,847733.0,1020126.25,-0.00035746426930649555,0.002841010441101547,40,3.1999999999999997,1030.0800000000017,321.90000000000055
STOCHASTIC_OVERSOLD_LOSING,FROZEN,2026-04-02 13:15:00.000000,2026-04-02 13:15:00.000000,2026-04-02 13:23:12.005209483,23826.03,24071.578896552273,PE,23900.0,OTM,257.52000000000044,281.4056553094643,23.885655309463857,1,50,12876.000000000022,1194.2827654731927,1154.2827654731927,9.275262235734628,True,TARGET_ACHIEVED,7.181282917867357,Stochastic frozen,0.5,-0.05,0.2,0.02,0.5362271676063921,-0.041419614155284515,0.18487224961515708,0.023832938401069852,0.03622716760639211,0.008580385844715488,-0.01512775038484293,0.003832938401069852,91.89077879823776,23686.254999999997,847733.0,1020126.25,-0.00035746426930649555,0.002841010441101547,40,3.1999999999999997,1030.0800000000017,321.90000000000055
TREND_FOLLOWING_OPTIMIZED,FROZEN,2026-04-02 13:15:00.000000,2026-04-02 13:15:00.000000,2026-04-02 13:22:05.329654535,23826.03,23720.600304963296,PE,23900.0,OTM,257.52000000000044,282.4333725575325,24.913372557532057,1,50,12876.000000000022,1245.6686278766028,1205.6686278766028,9.674344733431194,True,TARGET_ACHIEVED,11.769974891242995,Trend frozen,0.5,-0.05,0.2,0.02,0.4560639702402597,-0.044457154255730734,0.20465025805963322,0.02102788853042117,-0.043936029759740314,0.005542845744269269,0.0046502580596332055,0.00102788853042117,91.89077879823776,23686.254999999997,847733.0,1020126.25,-0.00035746426930649555,0.002841010441101547,40,3.1999999999999997,1030.0800000000017,321.90000000000055
BOLLINGER_SQUEEZE_LOSING,RE-OPTIMIZED,2026-04-02 13:15:00.000000,2026-04-02 13:15:00.000000,2026-04-02 13:24:07.233575513,23826.03,23629.70388036993,PE,23900.0,OTM,257.52000000000044,279.2403078724689,21.72030787246848,1,50,12876.000000000022,1086.0153936234242,1046.0153936234242,8.43441591816886,True,TARGET_ACHIEVED,6.367840587396961,Bollinger re-optimized,0.5,-0.05,0.2,0.02,0.48046770115960374,-0.04663055657208904,0.194456124140967,0.01521068978021811,-0.019532298840396256,0.0033694434279109634,-0.005543875859033015,-0.00478931021978189,91.89077879823776,23686.254999999997,847733.0,1020126.25,-0.00035746426930649555,0.002841010441101547,40,3.1999999999999997,1030.0800000000017,321.90000000000055
BREAKOUT_REVERSAL_LOSING,RE-OPTIMIZED,2026-04-02 13:15:00.000000,2026-04-02 13:15:00.000000,2026-04-02 13:21:52.618471662,23826.03,23906.787550349636,PE,23900.0,OTM,257.52000000000044,284.7162420823953,27.19624208239486,1,50,12876.000000000022,1359.812104119743,1319.812104119743,10.560827152219172,True,TARGET_ACHIEVED,8.204069370270345,Breakout re-optimized,0.5,-0.05,0.2,0.02,0.47180189306729536,-0.055983864794716044,0.21573613908867023,0.020486602378158105,-0.028198106932704636,-0.0059838647947160414,0.01573613908867022,0.0004866023781581047,91.89077879823776,23686.254999999997,847733.0,1020126.25,-0.00035746426930649555,0.002841010441101547,40,3.1999999999999997,1030.0800000000017,321.90000000000055
MULTI_TIMEFRAME_LOSING,FROZEN,2026-04-02 13:30:00.000000,2026-04-02 13:30:00.000000,2026-04-02 13:41:52.030968071,23858.81,24035.57075816836,PE,23900.0,ATM,257.52000000000044,278.1671753305355,20.64717533053505,1,50,12876.000000000022,1032.3587665267523,992.3587665267523,8.017697782904246,True,TARGET_ACHIEVED,8.865548137490025,Multi-timeframe frozen,0.5,-0.05,0.2,0.02,0.5144816705336,-0.042111620228837014,0.21003048430588514,0.024875718531929214,0.014481670533600055,0.007888379771162989,0.010030484305885129,0.004875718531929214,58.21045883322672,23828.120499999997,716841.0,971245.25,-0.000335612368970728,0.003926851339190946,40,3.1999999999999997,1030.0800000000017,321.90000000000055
AI_ENHANCED_LOSING,FROZEN,2026-04-02 13:30:00.000000,2026-04-02 13:30:00.000000,2026-04-02 13:36:01.114340521,23858.81,23467.913450148793,PE,23900.0,ATM,257.52000000000044,282.65218401292856,25.13218401292812,1,50,12876.000000000022,1256.609200646406,1216.609200646406,9.759313456402639,True,TARGET_ACHIEVED,6.619407908492648,AI enhanced frozen,0.5,-0.05,0.2,0.02,0.5082524102613298,-0.05100281543231015,0.19894918176068246,0.022997560117416865,0.008252410261329834,-0.0010028154323101501,-0.001050818239317547,0.0029975601174168642,58.21045883322672,23828.120499999997,716841.0,971245.25,-0.000335612368970728,0.003926851339190946,40,3.1999999999999997,1030.0800000000017,321.90000000000055
RSI_DIVERGENCE_LOSING,FROZEN,2026-04-02 13:30:00.000000,2026-04-02 13:30:00.000000,2026-04-02 13:35:08.433945177,23858.81,23625.687921045515,PE,23900.0,ATM,257.52000000000044,285.06624388721644,27.546243887216008,1,50,12876.000000000022,1377.3121943608003,1337.3121943608003,10.696739626908961,True,TARGET_ACHIEVED,7.962687796554349,RSI frozen,0.5,-0.05,0.2,0.02,0.4844350390208391,-0.0558010527382406,0.21666359945804858,0.022446912466417744,-0.01556496097916088,-0.005801052738240595,0.016663599458048572,0.0024469124664177437,58.21045883322672,23828.120499999997,716841.0,971245.25,-0.000335612368970728,0.003926851339190946,40,3.1999999999999997,1030.0800000000017,321.90000000000055
TREND_FOLLOWING_OPTIMIZED,FROZEN,2026-04-02 13:30:00.000000,2026-04-02 13:30:00.000000,2026-04-02 13:40:25.370239135,23858.81,23936.360734224752,PE,23900.0,ATM,257.52000000000044,281.51002556861425,23.990025568613817,1,50,12876.000000000022,1199.501278430691,1159.501278430691,9.3157912273275,True,TARGET_ACHIEVED,10.997264652518002,Trend frozen,0.5,-0.05,0.2,0.02,0.5099483659916271,-0.05430346799188998,0.21480716347801174,0.01890070072163053,0.009948365991627073,-0.004303467991889978,0.014807163478011726,-0.0010992992783694713,58.21045883322672,23828.120499999997,716841.0,971245.25,-0.000335612368970728,0.003926851339190946,40,3.1999999999999997,1030.0800000000017,321.90000000000055
MULTI_TIMEFRAME_LOSING,FROZEN,2026-04-02 13:45:00.000000,2026-04-02 13:45:00.000000,2026-04-02 13:51:34.428059225,23915.52,23552.626831136255,CE,23900.0,ATM,257.52000000000044,285.2231784041338,27.703178404133382,1,50,12876.000000000022,1385.158920206669,1345.158920206669,10.757680337112976,True,TARGET_ACHIEVED,9.005062250594737,Multi-timeframe frozen,0.5,-0.05,0.2,0.02,0.4940074607498235,-0.042485476541023956,0.20411246960434806,0.023889198389885808,-0.00599253925017651,0.007514523458976047,0.004112469604348051,0.0038891983898858076,66.82968520013276,23861.9685,1050306.0,1056350.3,0.00013716824521670112,0.006272077713551702,40,3.1999999999999997,1030.0800000000017,321.90000000000055
AI_ENHANCED_LOSING,FROZEN,2026-04-02 13:45:00.000000,2026-04-02 13:45:00.000000,2026-04-02 13:52:38.231701598,23915.52,23764.614167211017,CE,23900.0,ATM,257.52000000000044,280.48815489522406,22.96815489522362,1,50,12876.000000000022,1148.407744761181,1108.407744761181,8.918979067732053,True,TARGET_ACHIEVED,9.426584563147081,AI enhanced frozen,0.5,-0.05,0.2,0.02,0.5266371745117919,-0.04105490738623303,0.21815223054408425,0.020305875992725243,0.026637174511791928,0.00894509261376697,0.01815223054408424,0.0003058759927252429,66.82968520013276,23861.9685,1050306.0,1056350.3,0.00013716824521670112,0.006272077713551702,40,3.1999999999999997,1030.0800000000017,321.90000000000055
RSI_DIVERGENCE_LOSING,FROZEN,2026-04-02 13:45:00.000000,2026-04-02 13:45:00.000000,2026-04-02 13:51:12.540779341,23915.52,23515.56497981222,CE,23900.0,ATM,257.52000000000044,279.14030673042555,21.620306730425114,1,50,12876.000000000022,1081.0153365212557,1041.0153365212557,8.395583539307657,True,TARGET_ACHIEVED,7.546587438705438,RSI frozen,0.5,-0.05,0.2,0.02,0.5117269160760286,-0.055086731491704996,0.1867439056851763,0.018907837470484964,0.011726916076028604,-0.005086731491704993,-0.013256094314823719,-0.0010921625295150367,66.82968520013276,23861.9685,1050306.0,1056350.3,0.00013716824521670112,0.006272077713551702,40,3.1999999999999997,1030.0800000000017,321.90000000000055
STOCHASTIC_OVERSOLD_LOSING,FROZEN,2026-04-02 13:45:00.000000,2026-04-02 13:45:00.000000,2026-04-02 13:50:41.469050474,23915.52,23814.176163010052,CE,23900.0,ATM,257.52000000000044,278.2005488493433,20.68054884934287,1,50,12876.000000000022,1034.0274424671434,994.0274424671434,8.03065736616295,True,TARGET_ACHIEVED,9.540757817624472,Stochastic frozen,0.5,-0.05,0.2,0.02,0.5217731825422387,-0.041480688060598764,0.18554128133826805,0.020191241500555176,0.0217731825422387,0.008519311939401239,-0.014458718661731956,0.00019124150055517541,66.82968520013276,23861.9685,1050306.0,1056350.3,0.00013716824521670112,0.006272077713551702,40,3.1999999999999997,1030.0800000000017,321.90000000000055
TREND_FOLLOWING_OPTIMIZED,FROZEN,2026-04-02 13:45:00.000000,2026-04-02 13:45:00.000000,2026-04-02 13:50:53.448794111,23915.52,24060.39663030202,CE,23900.0,ATM,257.52000000000044,283.06121118317225,25.54121118317181,1,50,12876.000000000022,1277.0605591585904,1237.0605591585904,9.91814662285328,True,TARGET_ACHIEVED,5.224719323591197,Trend frozen,0.5,-0.05,0.2,0.02,0.5052026760337778,-0.043261171377130155,0.20426646520265274,0.022241419509006294,0.0052026760337777755,0.006738828622869848,0.004266465202652725,0.0022414195090062934,66.82968520013276,23861.9685,1050306.0,1056350.3,0.00013716824521670112,0.006272077713551702,40,3.1999999999999997,1030.0800000000017,321.90000000000055
WILLIAMS_REVERSAL_LOSING,RE-OPTIMIZED,2026-04-02 13:45:00.000000,2026-04-02 13:45:00.000000,2026-04-02 13:50:12.219553917,23915.52,23869.55884109413,CE,23900.0,ATM,257.52000000000044,279.72252257067214,22.202522570671704,1,50,12876.000000000022,1110.1261285335852,1070.1261285335852,8.621669218185641,True,TARGET_ACHIEVED,7.724088927060757,Williams re-optimized,0.5,-0.05,0.2,0.02,0.5396303597258303,-0.05689356699848672,0.1993961238080183,0.024300461015076758,0.03963035972583029,-0.006893566998486721,-0.0006038761919817115,0.004300461015076758,66.82968520013276,23861.9685,1050306.0,1056350.3,0.00013716824521670112,0.006272077713551702,40,3.1999999999999997,1030.0800000000017,321.90000000000055
DAY_HIGH_LOW_OPTIMIZED,RE-OPTIMIZED,2026-04-02 13:45:00.000000,2026-04-02 13:45:00.000000,2026-04-02 13:54:33.128548241,23915.52,24325.492204299444,CE,23900.0,ATM,257.52000000000044,280.2223888832945,22.702388883294077,1,50,12876.000000000022,1135.119444164704,1095.119444164704,8.815776981707844,True,TARGET_ACHIEVED,8.819414013748741,Day high-low re-optimized,0.5,-0.05,0.2,0.02,0.5046480971508113,-0.042616195982972414,0.18924012490345415,0.017990931123866814,0.00464809715081127,0.007383804017027588,-0.010759875096545857,-0.002009068876133186,66.82968520013276,23861.9685,1050306.0,1056350.3,0.00013716824521670112,0.006272077713551702,40,3.1999999999999997,1030.0800000000017,321.90000000000055
BOLLINGER_SQUEEZE_LOSING,RE-OPTIMIZED,2026-04-02 13:45:00.000000,2026-04-02 13:45:00.000000,2026-04-02 13:50:42.947660383,23915.52,23606.15099198613,CE,23900.0,ATM,257.52000000000044,284.30236128049387,26.782361280493433,1,50,12876.000000000022,1339.1180640246716,1299.1180640246716,10.400109226659438,True,TARGET_ACHIEVED,8.281315802000922,Bollinger re-optimized,0.5,-0.05,0.2,0.02,0.4848874105780049,-0.05223577886903996,0.2046575054327262,0.019997647757814395,-0.015112589421995115,-0.002235778869039959,0.0046575054327261944,-2.3522421856055076e-06,66.82968520013276,23861.9685,1050306.0,1056350.3,0.00013716824521670112,0.006272077713551702,40,3.1999999999999997,1030.0800000000017,321.90000000000055
MULTI_TIMEFRAME_LOSING,FROZEN,2026-04-02 14:00:00.000000,2026-04-02 14:00:00.000000,2026-04-02 14:08:51.049698443,24022.77,23874.534396605653,CE,24000.0,ATM,207.52000000000044,229.11233519431386,21.59233519431342,1,50,10376.000000000022,1079.616759715671,1039.616759715671,10.404941786002976,True,TARGET_ACHIEVED,6.980655388308423,Multi-timeframe frozen,0.5,-0.05,0.2,0.02,0.49073256715925906,-0.05487557375511296,0.19971731460118491,0.016253280020099008,-0.009267432840740941,-0.004875573755112959,-0.0002826853988150968,-0.0037467199799009927,67.33279536716118,23943.994,1340608.0,1142374.45,0.0015354828703817436,0.002128813621409996,40,3.1999999999999997,830.0800000000017,259.40000000000055
AI_ENHANCED_LOSING,FROZEN,2026-04-02 14:00:00.000000,2026-04-02 14:00:00.000000,2026-04-02 14:10:59.667435584,24022.77,24260.024500912798,CE,24000.0,ATM,207.52000000000044,227.48130075116526,19.961300751164828,1,50,10376.000000000022,998.0650375582413,958.0650375582413,9.61897684616653,True,TARGET_ACHIEVED,8.67282279241397,AI enhanced frozen,0.5,-0.05,0.2,0.02,0.48951863973387993,-0.054210264593386605,0.20134978271717882,0.015093956920835965,-0.010481360266120066,-0.004210264593386602,0.0013497827171788102,-0.004906043079164035,67.33279536716118,23943.994,1340608.0,1142374.45,0.0015354828703817436,0.002128813621409996,40,3.1999999999999997,830.0800000000017,259.40000000000055
RSI_DIVERGENCE_LOSING,FROZEN,2026-04-02 14:00:00.000000,2026-04-02 14:00:00.000000,2026-04-02 14:09:21.484896729,24022.77,24281.806017016064,CE,24000.0,ATM,207.52000000000044,229.38869892166952,21.86869892166908,1,50,10376.000000000022,1093.434946083454,1053.434946083454,10.538116288391015,True,TARGET_ACHIEVED,11.162004483694473,RSI frozen,0.5,-0.05,0.2,0.02,0.4675533357817134,-0.05204451778542817,0.1800775979970336,0.0161518877764004,-0.032446664218286625,-0.0020445177854281696,-0.01992240200296641,-0.0038481122235996014,67.33279536716118,23943.994,1340608.0,1142374.45,0.0015354828703817436,0.002128813621409996,40,3.1999999999999997,830.0800000000017,259.40000000000055
STOCHASTIC_OVERSOLD_LOSING,FROZEN,2026-04-02 14:00:00.000000,2026-04-02 14:00:00.000000,2026-04-02 14:07:04.307576746,24022.77,23897.138348718563,CE,24000.0,ATM,207.52000000000044,226.7119993172814,19.19199931728096,1,50,10376.000000000022,959.599965864048,919.599965864048,9.248264898458423,True,TARGET_ACHIEVED,5.008145956117986,Stochastic frozen,0.5,-0.05,0.2,0.02,0.5257689169719463,-0.05047117214814349,0.20332524016449327,0.023674660245816086,0.025768916971946276,-0.0004711721481434894,0.0033252401644932594,0.003674660245816086,67.33279536716118,23943.994,1340608.0,1142374.45,0.0015354828703817436,0.002128813621409996,40,3.1999999999999997,830.0800000000017,259.40000000000055
TREND_FOLLOWING_OPTIMIZED,FROZEN,2026-04-02 14:00:00.000000,2026-04-02 14:00:00.000000,2026-04-02 14:10:39.144807057,24022.77,24151.591439658056,CE,24000.0,ATM,207.52000000000044,205.30198440870737,-2.2180155912930672,1,50,10376.000000000022,-110.90077956465336,-150.90077956465336,-1.0688201577163947,False,STOP_LOSS,8.864549814854835,Trend frozen,0.5,-0.05,0.2,0.02,0.5171954923488197,-0.053386475777429554,0.1853652343752689,0.024258893369337408,0.017195492348819674,-0.003386475777429551,-0.014634765624731122,0.004258893369337408,67.33279536716118,23943.994,1340608.0,1142374.45,0.0015354828703817436,0.002128813621409996,40,3.1999999999999997,830.0800000000017,259.40000000000055
HIGH_VOLUME_LOSING,FROZEN,2026-04-02 14:00:00.000000,2026-04-02 14:00:00.000000,2026-04-02 14:08:24.856980392,24022.77,23767.082301561404,CE,24000.0,ATM,207.52000000000044,225.36035200388105,17.84035200388061,1,50,10376.000000000022,892.0176001940306,852.0176001940306,8.596931381977917,True,TARGET_ACHIEVED,5.744823498285529,High volume frozen,0.5,-0.05,0.2,0.02,0.46486400916024817,-0.05015017324815326,0.2108235476251843,0.01959526290471287,-0.03513599083975183,-0.00015017324815325833,0.010823547625184282,-0.0004047370952871311,67.33279536716118,23943.994,1340608.0,1142374.45,0.0015354828703817436,0.002128813621409996,40,3.1999999999999997,830.0800000000017,259.40000000000055
STRONG_MOMENTUM_LOSING,FROZEN,2026-04-02 14:00:00.000000,2026-04-02 14:00:00.000000,2026-04-02 14:06:54.035660355,24022.77,24324.294103153752,CE,24000.0,ATM,207.52000000000044,225.44326792383734,17.923267923836903,1,50,10376.000000000022,896.1633961918451,856.1633961918451,8.636887010330023,True,TARGET_ACHIEVED,9.276929166557036,Strong momentum frozen,0.5,-0.05,0.2,0.02,0.5450067394999101,-0.0539940041212794,0.18531875398466066,0.016082033157632684,0.045006739499910076,-0.003994004121279399,-0.01468124601533935,-0.003917966842367317,67.33279536716118,23943.994,1340608.0,1142374.45,0.0015354828703817436,0.002128813621409996,40,3.1999999999999997,830.0800000000017,259.40000000000055
MACD_DIVERGENCE_LOSING,RE-OPTIMIZED,2026-04-02 14:00:00.000000,2026-04-02 14:00:00.000000,2026-04-02 14:06:48.679577145,24022.77,23855.74459060536,CE,24000.0,ATM,207.52000000000044,228.58303854895772,21.06303854895728,1,50,10376.000000000022,1053.151927447864,1013.151927447864,10.149883649266208,True,TARGET_ACHIEVED,7.742164624054803,MACD re-optimized,0.5,-0.05,0.2,0.02,0.46843359426494885,-0.047856752955609656,0.2195909757033374,0.016395195156419008,-0.03156640573505115,0.0021432470443903465,0.0195909757033374,-0.003604804843580993,67.33279536716118,23943.994,1340608.0,1142374.45,0.0015354828703817436,0.002128813621409996,40,3.1999999999999997,830.0800000000017,259.40000000000055
CCI_EXTREME_LOSING,RE-OPTIMIZED,2026-04-02 14:00:00.000000,2026-04-02 14:00:00.000000,2026-04-02 14:05:50.875167158,24022.77,24278.5282352665,CE,24000.0,ATM,207.52000000000044,224.130922725113,16.610922725112573,1,50,10376.000000000022,830.5461362556287,790.5461362556287,8.00449244656541,True,TARGET_ACHIEVED,8.306211362961399,CCI re-optimized,0.5,-0.05,0.2,0.02,0.5332541086728205,-0.04947086448143847,0.20007134291514284,0.01896907416033627,0.033254108672820526,0.000529135518561534,7.134291514282465e-05,-0.0010309258396637294,67.33279536716118,23943.994,1340608.0,1142374.45,0.0015354828703817436,0.002128813621409996,40,3.1999999999999997,830.0800000000017,259.40000000000055
MOMENTUM_REVERSAL_LOSING,RE-OPTIMIZED,2026-04-02 14:00:00.000000,2026-04-02 14:00:00.000000,2026-04-02 14:07:03.465495431,24022.77,23644.46163246889,CE,24000.0,ATM,207.52000000000044,228.06086567299664,20.540865672996205,1,50,10376.000000000022,1027.0432836498103,987.0432836498103,9.898258323533232,True,TARGET_ACHIEVED,10.664319623834977,Momentum re-optimized,0.5,-0.05,0.2,0.02,0.4551203721684062,-0.05654512457286271,0.1903609511172973,0.02345970207066704,-0.04487962783159383,-0.006545124572862708,-0.0096390488827027,0.00345970207066704,67.33279536716118,23943.994,1340608.0,1142374.45,0.0015354828703817436,0.002128813621409996,40,3.1999999999999997,830.0800000000017,259.40000000000055
BOLLINGER_SQUEEZE_LOSING,RE-OPTIMIZED,2026-04-02 14:00:00.000000,2026-04-02 14:00:00.000000,2026-04-02 14:06:17.216599634,24022.77,24289.785600721774,CE,24000.0,ATM,207.52000000000044,227.89680851329265,20.376808513292218,1,50,10376.000000000022,1018.8404256646108,978.8404256646108,9.819202251971943,True,TARGET_ACHIEVED,10.197957969169178,Bollinger re-optimized,0.5,-0.05,0.2,0.02,0.5379377369856986,-0.04888655174822227,0.21445694943940352,0.023356194822779827,0.03793773698569858,0.0011134482517777336,0.01445694943940351,0.0033561948227798268,67.33279536716118,23943.994,1340608.0,1142374.45,0.0015354828703817436,0.002128813621409996,40,3.1999999999999997,830.0800000000017,259.40000000000055
BREAKOUT_REVERSAL_LOSING,RE-OPTIMIZED,2026-04-02 14:00:00.000000,2026-04-02 14:00:00.000000,2026-04-02 14:09:00.363959553,24022.77,24169.488395369448,CE,24000.0,ATM,207.52000000000044,223.29794014690003,15.777940146899596,1,50,10376.000000000022,788.8970073449798,748.8970073449798,7.603093748505957,True,TARGET_ACHIEVED,8.394090614091938,Breakout re-optimized,0.5,-0.05,0.2,0.02,0.5427075011375361,-0.053592234004589796,0.18730538485790915,0.022627715497365287,0.042707501137536075,-0.0035922340045897935,-0.01269461514209086,0.002627715497365287,67.33279536716118,23943.994,1340608.0,1142374.45,0.0015354828703817436,0.002128813621409996,40,3.1999999999999997,830.0800000000017,259.40000000000055
MULTI_TIMEFRAME_LOSING,FROZEN,2026-04-02 14:15:00.000000,2026-04-02 14:15:00.000000,2026-04-02 14:23:04.808724297,24178.39,24029.283797692424,CE,24200.0,ATM,107.52000000000044,116.32375971926311,8.803759719262672,1,50,5376.000000000022,440.1879859631336,400.1879859631336,8.188020572230874,True,TARGET_ACHIEVED,10.994115634334612,Multi-timeframe frozen,0.5,-0.05,0.2,0.02,0.47708681945616765,-0.04289650500911388,0.2068008080688231,0.02153806880868229,-0.022913180543832345,0.007103494990886125,0.006800808068823078,0.0015380688086822879,84.57694587956344,24072.605499999998,1126553.0,1045826.35,0.0011726674084173716,0.0013743677722132532,40,3.1999999999999997,430.08000000000175,134.40000000000055
AI_ENHANCED_LOSING,FROZEN,2026-04-02 14:15:00.000000,2026-04-02 14:15:00.000000,2026-04-02 14:26:46.947307740,24178.39,23886.80356029894,CE,24200.0,ATM,107.52000000000044,115.61190022441575,8.091900224415312,1,50,5376.000000000022,404.5950112207656,364.5950112207656,7.525948869433854,True,TARGET_ACHIEVED,7.826201004140557,AI enhanced frozen,0.5,-0.05,0.2,0.02,0.5001993579719186,-0.04926397286206376,0.18073872533184068,0.017199894239612355,0.00019935797191861226,0.000736027137936246,-0.01926127466815933,-0.002800105760387646,84.57694587956344,24072.605499999998,1126553.0,1045826.35,0.0011726674084173716,0.0013743677722132532,40,3.1999999999999997,430.08000000000175,134.40000000000055
RSI_DIVERGENCE_LOSING,FROZEN,2026-04-02 14:15:00.000000,2026-04-02 14:15:00.000000,2026-04-02 14:24:40.579230230,24178.39,23838.08811564341,CE,24200.0,ATM,107.52000000000044,115.87836905389274,8.358369053892304,1,50,5376.000000000022,417.9184526946152,377.9184526946152,7.773780742087305,True,TARGET_ACHIEVED,6.008716279953836,RSI frozen,0.5,-0.05,0.2,0.02,0.531059761611795,-0.058717909226988906,0.20504780635512448,0.015583046289888764,0.031059761611795023,-0.008717909226988903,0.005047806355124473,-0.004416953710111237,84.57694587956344,24072.605499999998,1126553.0,1045826.35,0.0011726674084173716,0.0013743677722132532,40,3.1999999999999997,430.08000000000175,134.40000000000055
STOCHASTIC_OVERSOLD_LOSING,FROZEN,2026-04-02 14:15:00.000000,2026-04-02 14:15:00.000000,2026-04-02 14:24:33.219624872,24178.39,24617.267285527098,CE,24200.0,ATM,107.52000000000044,118.62550835308936,11.105508353088922,1,50,5376.000000000022,555.2754176544461,515.2754176544461,10.32878381053653,True,TARGET_ACHIEVED,8.498574558872967,Stochastic frozen,0.5,-0.05,0.2,0.02,0.536606581053422,-0.04797362844873186,0.19677575757227767,0.0182417790247044,0.03660658105342196,0.0020263715512681413,-0.003224242427722346,-0.001758220975295599,84.57694587956344,24072.605499999998,1126553.0,1045826.35,0.0011726674084173716,0.0013743677722132532,40,3.1999999999999997,430.08000000000175,134.40000000000055
TREND_FOLLOWING_OPTIMIZED,FROZEN,2026-04-02 14:15:00.000000,2026-04-02 14:15:00.000000,2026-04-02 14:22:02.777892791,24178.39,23833.56510881782,CE,24200.0,ATM,107.52000000000044,119.22266042595093,11.702660425950498,1,50,5376.000000000022,585.1330212975249,545.1330212975249,10.884170783064036,True,TARGET_ACHIEVED,7.777935044464563,Trend frozen,0.5,-0.05,0.2,0.02,0.4653314329377457,-0.04271979505124487,0.1888391436715967,0.023828597728287864,-0.034668567062254296,0.007280204948755135,-0.011160856328403301,0.0038285977282878636,84.57694587956344,24072.605499999998,1126553.0,1045826.35,0.0011726674084173716,0.0013743677722132532,40,3.1999999999999997,430.08000000000175,134.40000000000055
STRONG_MOMENTUM_LOSING,FROZEN,2026-04-02 14:15:00.000000,2026-04-02 14:15:00.000000,2026-04-02 14:22:31.494591847,24178.39,23745.95472180908,CE,24200.0,ATM,107.52000000000044,116.03511734125378,8.515117341253344,1,50,5376.000000000022,425.7558670626672,385.7558670626672,7.919565979588272,True,TARGET_ACHIEVED,10.582320849211897,Strong momentum frozen,0.5,-0.05,0.2,0.02,0.5196858545007021,-0.0574364952377361,0.21120443590233418,0.021641377998230623,0.01968585450070215,-0.007436495237736096,0.011204435902334164,0.0016413779982306226,84.57694587956344,24072.605499999998,1126553.0,1045826.35,0.0011726674084173716,0.0013743677722132532,40,3.1999999999999997,430.08000000000175,134.40000000000055
MACD_DIVERGENCE_LOSING,RE-OPTIMIZED,2026-04-02 14:15:00.000000,2026-04-02 14:15:00.000000,2026-04-02 14:24:38.155537994,24178.39,23726.553524340055,CE,24200.0,ATM,107.52000000000044,117.30585820431145,9.785858204311012,1,50,5376.000000000022,489.2929102155506,449.2929102155506,9.101430621568984,True,TARGET_ACHIEVED,8.698859974810837,MACD re-optimized,0.5,-0.05,0.2,0.02,0.4946094713843259,-0.053280474242684304,0.19637951627256442,0.023558789305242005,-0.005390528615674073,-0.0032804742426843017,-0.0036204837274355917,0.003558789305242005,84.57694587956344,24072.605499999998,1126553.0,1045826.35,0.0011726674084173716,0.0013743677722132532,40,3.1999999999999997,430.08000000000175,134.40000000000055
CCI_EXTREME_LOSING,RE-OPTIMIZED,2026-04-02 14:15:00.000000,2026-04-02 14:15:00.000000,2026-04-02 14:21:43.724364305,24178.39,24225.984244409887,CE,24200.0,ATM,107.52000000000044,115.71578155782731,8.195781557826876,1,50,5376.000000000022,409.7890778913438,369.7890778913438,7.622564692919311,True,TARGET_ACHIEVED,11.030921773175056,CCI re-optimized,0.5,-0.05,0.2,0.02,0.5456146191455955,-0.04449603552020716,0.1949639666395887,0.0222084943584427,0.0456146191455955,0.005503964479792844,-0.005036033360411307,0.002208494358442701,84.57694587956344,24072.605499999998,1126553.0,1045826.35,0.0011726674084173716,0.0013743677722132532,40,3.1999999999999997,430.08000000000175,134.40000000000055
MOMENTUM_REVERSAL_LOSING,RE-OPTIMIZED,2026-04-02 14:15:00.000000,2026-04-02 14:15:00.000000,2026-04-02 14:20:49.781625601,24178.39,23769.248618354526,CE,24200.0,ATM,107.52000000000044,105.37713306447735,-2.142866935523088,1,50,5376.000000000022,-107.1433467761544,-147.1433467761544,-1.9929938016397686,False,STOP_LOSS,9.863933392200114,Momentum re-optimized,0.5,-0.05,0.2,0.02,0.45428380348986647,-0.04998521839895807,0.19211038685569623,0.01599317951820433,-0.04571619651013353,1.4781601041929937e-05,-0.007889613144303781,-0.0040068204817956705,84.57694587956344,24072.605499999998,1126553.0,1045826.35,0.0011726674084173716,0.0013743677722132532,40,3.1999999999999997,430.08000000000175,134.40000000000055
BOLLINGER_SQUEEZE_LOSING,RE-OPTIMIZED,2026-04-02 14:15:00.000000,2026-04-02 14:15:00.000000,2026-04-02 14:24:54.390967503,24178.39,24406.452243548792,CE,24200.0,ATM,107.52000000000044,118.00006265970747,10.48006265970703,1,50,5376.000000000022,524.0031329853515,484.0031329853515,9.747082086781052,True,TARGET_ACHIEVED,7.681365859788901,Bollinger re-optimized,0.5,-0.05,0.2,0.02,0.4697085443123599,-0.053596701447596755,0.18584273700431392,0.015213481411434143,-0.03029145568764008,-0.003596701447596752,-0.014157262995686093,-0.0047865185885658575,84.57694587956344,24072.605499999998,1126553.0,1045826.35,0.0011726674084173716,0.0013743677722132532,40,3.1999999999999997,430.08000000000175,134.40000000000055
BREAKOUT_REVERSAL_LOSING,RE-OPTIMIZED,2026-04-02 14:15:00.000000,2026-04-02 14:15:00.000000,2026-04-02 14:26:57.810813457,24178.39,23932.618397618186,CE,24200.0,ATM,107.52000000000044,117.60321714681639,10.083217146815954,1,50,5376.000000000022,504.16085734079775,464.16085734079775,9.377992138035635,True,TARGET_ACHIEVED,8.398012849985562,Breakout re-optimized,0.5,-0.05,0.2,0.02,0.5481218009612701,-0.04186241389295009,0.18273588166604776,0.01878602596678925,0.048121800961270056,0.008137586107049913,-0.01726411833395225,-0.0012139740332107497,84.57694587956344,24072.605499999998,1126553.0,1045826.35,0.0011726674084173716,0.0013743677722132532,40,3.1999999999999997,430.08000000000175,134.40000000000055
MULTI_TIMEFRAME_LOSING,FROZEN,2026-04-02 14:30:00.000000,2026-04-02 14:30:00.000000,2026-04-02 14:36:59.493545993,24257.68,24437.758459202272,CE,24200.0,ITM,107.52000000000044,117.0399492659725,9.519949265972059,1,50,5376.000000000022,475.99746329860295,435.99746329860295,8.854119481000764,True,TARGET_ACHIEVED,5.178975108480003,Multi-timeframe frozen,0.5,-0.05,0.2,0.02,0.46027526529322027,-0.04410687015083426,0.20499795327406065,0.019135726662139304,-0.03972473470677973,0.005893129849165742,0.004997953274060635,-0.0008642733378606965,65.89111985096218,24186.7185,1312087.0,990570.25,0.001189903771743328,0.0022792781502600774,40,3.1999999999999997,430.08000000000175,134.40000000000055
AI_ENHANCED_LOSING,FROZEN,2026-04-02 14:30:00.000000,2026-04-02 14:30:00.000000,2026-04-02 14:38:15.062155298,24257.68,24014.356633027935,CE,24200.0,ITM,107.52000000000044,116.83379812232913,9.313798122328691,1,50,5376.000000000022,465.6899061164346,425.6899061164346,8.662386646511026,True,TARGET_ACHIEVED,10.90231472109556,AI enhanced frozen,0.5,-0.05,0.2,0.02,0.5456061901472445,-0.04695897064152881,0.21653094855317673,0.016875659882812345,0.04560619014724454,0.003041029358471191,0.016530948553176716,-0.003124340117187655,65.89111985096218,24186.7185,1312087.0,990570.25,0.001189903771743328,0.0022792781502600774,40,3.1999999999999997,430.08000000000175,134.40000000000055
RSI_DIVERGENCE_LOSING,FROZEN,2026-04-02 14:30:00.000000,2026-04-02 14:30:00.000000,2026-04-02 14:37:35.366749027,24257.68,24226.388220986395,CE,24200.0,ITM,107.52000000000044,116.84680846102597,9.326808461025536,1,50,5376.000000000022,466.3404230512768,426.3404230512768,8.674487035924013,True,TARGET_ACHIEVED,9.925559616806215,RSI frozen,0.5,-0.05,0.2,0.02,0.47602931416034183,-0.04436444393342877,0.18843973023713476,0.017220127314602547,-0.023970685839658168,0.0056355560665712345,-0.011560269762865255,-0.0027798726853974533,65.89111985096218,24186.7185,1312087.0,990570.25,0.001189903771743328,0.0022792781502600774,40,3.1999999999999997,430.08000000000175,134.40000000000055
STOCHASTIC_OVERSOLD_LOSING,FROZEN,2026-04-02 14:30:00.000000,2026-04-02 14:30:00.000000,2026-04-02 14:41:09.865413834,24257.68,24607.236977369856,CE,24200.0,ITM,107.52000000000044,117.30815812523554,9.7881581252351,1,50,5376.000000000022,489.407906261755,449.407906261755,9.103569684928441,True,TARGET_ACHIEVED,7.2216717239721016,Stochastic frozen,0.5,-0.05,0.2,0.02,0.5284419109043879,-0.04838565715787886,0.20953818919218836,0.021183802099727627,0.028441910904387857,0.0016143428421211414,0.009538189192188351,0.0011838020997276266,65.89111985096218,24186.7185,1312087.0,990570.25,0.001189903771743328,0.0022792781502600774,40,3.1999999999999997,430.08000000000175,134.40000000000055
TREND_FOLLOWING_OPTIMIZED,FROZEN,2026-04-02 14:30:00.000000,2026-04-02 14:30:00.000000,2026-04-02 14:40:29.084572408,24257.68,24512.95407577217,CE,24200.0,ITM,107.52000000000044,118.17144133281491,10.651441332814471,1,50,5376.000000000022,532.5720666407235,492.5720666407235,9.906474453882465,True,TARGET_ACHIEVED,8.368091912124255,Trend frozen,0.5,-0.05,0.2,0.02,0.5189253194824172,-0.05732282314678877,0.20936073778356404,0.017291154310858342,0.018925319482417158,-0.007322823146788768,0.009360737783564027,-0.0027088456891416583,65.89111985096218,24186.7185,1312087.0,990570.25,0.001189903771743328,0.0022792781502600774,40,3.1999999999999997,430.08000000000175,134.40000000000055
VOLUME_SPIKE_LOSING,FROZEN,2026-04-02 14:30:00.000000,2026-04-02 14:30:00.000000,2026-04-02 14:36:49.894300328,24257.68,24270.2474222778,CE,24200.0,ITM,107.52000000000044,116.08451775173116,8.564517751730719,1,50,5376.000000000022,428.2258875865359,388.2258875865359,7.965511301832853,True,TARGET_ACHIEVED,10.296390348143156,Volume frozen,0.5,-0.05,0.2,0.02,0.4894677430519625,-0.05497434383550099,0.18330701245983802,0.01662191220513128,-0.0105322569480375,-0.004974343835500987,-0.01669298754016199,-0.0033780877948687213,65.89111985096218,24186.7185,1312087.0,990570.25,0.001189903771743328,0.0022792781502600774,40,3.1999999999999997,430.08000000000175,134.40000000000055
HIGH_VOLUME_LOSING,FROZEN,2026-04-02 14:30:00.000000,2026-04-02 14:30:00.000000,2026-04-02 14:38:27.634441218,24257.68,24596.124687730215,CE,24200.0,ITM,107.52000000000044,119.27067450115504,11.750674501154606,1,50,5376.000000000022,587.5337250577303,547.5337250577303,10.928826730984524,True,TARGET_ACHIEVED,8.818441432900478,High volume frozen,0.5,-0.05,0.2,0.02,0.4951659623929709,-0.05638224459077247,0.18051949326760613,0.017754027342096253,-0.004834037607029107,-0.006382244590772468,-0.019480506732393876,-0.0022459726579037477,65.89111985096218,24186.7185,1312087.0,990570.25,0.001189903771743328,0.0022792781502600774,40,3.1999999999999997,430.08000000000175,134.40000000000055
STRONG_MOMENTUM_LOSING,FROZEN,2026-04-02 14:30:00.000000,2026-04-02 14:30:00.000000,2026-04-02 14:39:26.545415157,24257.68,24004.03185192573,CE,24200.0,ITM,107.52000000000044,118.72049415277844,11.200494152778006,1,50,5376.000000000022,560.0247076389003,520.0247076389003,10.417126258164025,True,TARGET_ACHIEVED,11.285270839988435,Strong momentum frozen,0.5,-0.05,0.2,0.02,0.5053226246813947,-0.05174133911141881,0.2073870101364413,0.020432597264261623,0.005322624681394661,-0.0017413391114188062,0.007387010136441302,0.00043259726426162284,65.89111985096218,24186.7185,1312087.0,990570.25,0.001189903771743328,0.0022792781502600774,40,3.1999999999999997,430.08000000000175,134.40000000000055
MACD_DIVERGENCE_LOSING,RE-OPTIMIZED,2026-04-02 14:30:00.000000,2026-04-02 14:30:00.000000,2026-04-02 14:38:14.856212499,24257.68,24452.40826306991,CE,24200.0,ITM,107.52000000000044,116.74989070198077,9.229890701980338,1,50,5376.000000000022,461.4945350990169,421.4945350990169,8.58434775109775,True,TARGET_ACHIEVED,9.36849132080475,MACD re-optimized,0.5,-0.05,0.2,0.02,0.5305380327925739,-0.04756660743736074,0.2192189282988241,0.01740127551430143,0.030538032792573944,0.002433392562639261,0.0192189282988241,-0.002598724485698572,65.89111985096218,24186.7185,1312087.0,990570.25,0.001189903771743328,0.0022792781502600774,40,3.1999999999999997,430.08000000000175,134.40000000000055
CCI_EXTREME_LOSING,RE-OPTIMIZED,2026-04-02 14:30:00.000000,2026-04-02 14:30:00.000000,2026-04-02 14:40:44.652234999,24257.68,24375.46977440643,CE,24200.0,ITM,107.52000000000044,116.04732717368063,8.527327173680192,1,50,5376.000000000022,426.3663586840096,386.3663586840096,7.9309218505209795,True,TARGET_ACHIEVED,7.536117357917461,CCI re-optimized,0.5,-0.05,0.2,0.02,0.5008984934111665,-0.045878721787898494,0.20952981505246965,0.015310704147902237,0.0008984934111665455,0.004121278212101509,0.009529815052469637,-0.0046892958520977635,65.89111985096218,24186.7185,1312087.0,990570.25,0.001189903771743328,0.0022792781502600774,40,3.1999999999999997,430.08000000000175,134.40000000000055
MOMENTUM_REVERSAL_LOSING,RE-OPTIMIZED,2026-04-02 14:30:00.000000,2026-04-02 14:30:00.000000,2026-04-02 14:41:18.140890830,24257.68,24513.737959460563,CE,24200.0,ITM,107.52000000000044,118.40457292509821,10.884572925097771,1,50,5376.000000000022,544.2286462548885,504.22864625488853,10.123300711586428,True,TARGET_ACHIEVED,9.160761995311221,Momentum re-optimized,0.5,-0.05,0.2,0.02,0.5067112227294069,-0.04464671831469758,0.1954284723037615,0.02150870470345353,0.00671122272940694,0.00535328168530242,-0.004571527696238503,0.0015087047034535311,65.89111985096218,24186.7185,1312087.0,990570.25,0.001189903771743328,0.0022792781502600774,40,3.1999999999999997,430.08000000000175,134.40000000000055
BOLLINGER_SQUEEZE_LOSING,RE-OPTIMIZED,2026-04-02 14:30:00.000000,2026-04-02 14:30:00.000000,2026-04-02 14:36:22.143729406,24257.68,23942.813127324705,CE,24200.0,ITM,107.52000000000044,115.26171468927184,7.741714689271404,1,50,5376.000000000022,387.08573446357025,347.08573446357025,7.20025547737293,True,TARGET_ACHIEVED,8.875983759470554,Bollinger re-optimized,0.5,-0.05,0.2,0.02,0.4660987160021052,-0.0531047180180196,0.21363966668901596,0.022621763671789558,-0.03390128399789483,-0.003104718018019599,0.01363966668901595,0.002621763671789557,65.89111985096218,24186.7185,1312087.0,990570.25,0.001189903771743328,0.0022792781502600774,40,3.1999999999999997,430.08000000000175,134.40000000000055
MULTI_TIMEFRAME_LOSING,FROZEN,2026-04-02 14:45:00.000000,2026-04-02 14:45:00.000000,2026-04-02 14:56:20.268268892,24452.15,24037.454046453924,CE,24400.0,ITM,7.520000000000437,8.20691965004345,0.6869196500430128,1,50,376.0000000000218,34.34598250215064,-5.65401749784936,9.134569814401235,True,TARGET_ACHIEVED,8.118029844036872,Multi-timeframe frozen,0.5,-0.05,0.2,0.02,0.45700323990355035,-0.04680512600068132,0.1870633361214656,0.017068462682509663,-0.04299676009644965,0.003194873999318684,-0.012936663878534399,-0.0029315373174903375,95.78637700837393,24328.208,1244599.0,943875.3,0.0002470740743618638,0.006270614240465633,40,3.1999999999999997,30.080000000001746,9.400000000000546
AI_ENHANCED_LOSING,FROZEN,2026-04-02 14:45:00.000000,2026-04-02 14:45:00.000000,2026-04-02 14:51:08.081570756,24452.15,24173.179600641673,CE,24400.0,ITM,7.520000000000437,8.091735038889292,0.5717350388888551,1,50,376.0000000000218,28.586751944442756,-11.413248055557244,7.602859559691781,True,TARGET_ACHIEVED,7.923323694959526,AI enhanced frozen,0.5,-0.05,0.2,0.02,0.5480909510780785,-0.04281566107087248,0.20506200941578334,0.020934555013843642,0.04809095107807848,0.007184338929127523,0.005062009415783331,0.0009345550138436416,95.78637700837393,24328.208,1244599.0,943875.3,0.0002470740743618638,0.006270614240465633,40,3.1999999999999997,30.080000000001746,9.400000000000546
RSI_DIVERGENCE_LOSING,FROZEN,2026-04-02 14:45:00.000000,2026-04-02 14:45:00.000000,2026-04-02 14:55:50.118460386,24452.15,24914.59767991734,CE,24400.0,ITM,7.520000000000437,7.389069910980874,-0.1309300890195626,1,50,376.0000000000218,-6.54650445097813,-46.546504450978134,-1.741091609302593,False,STOP_LOSS,5.944552956587265,RSI frozen,0.5,-0.05,0.2,0.02,0.4817261349627479,-0.05388934085023923,0.18933681871298175,0.01792072498384114,-0.01827386503725209,-0.0038893408502392243,-0.010663181287018264,-0.002079275016158861,95.78637700837393,24328.208,1244599.0,943875.3,0.0002470740743618638,0.006270614240465633,40,3.1999999999999997,30.080000000001746,9.400000000000546
STOCHASTIC_OVERSOLD_LOSING,FROZEN,2026-04-02 14:45:00.000000,2026-04-02 14:45:00.000000,2026-04-02 14:52:29.738274665,24452.15,24332.52525247394,CE,24400.0,ITM,7.520000000000437,8.356486219340734,0.8364862193402978,1,50,376.0000000000218,41.82431096701489,1.8243109670148883,11.123486959311824,True,TARGET_ACHIEVED,5.5919537178191945,Stochastic frozen,0.5,-0.05,0.2,0.02,0.5193137757215804,-0.044865233526063246,0.19287470170431825,0.019817443879825723,0.01931377572158044,0.005134766473936757,-0.007125298295681759,-0.00018255612017427716,95.78637700837393,24328.208,1244599.0,943875.3,0.0002470740743618638,0.006270614240465633,40,3.1999999999999997,30.080000000001746,9.400000000000546
TREND_FOLLOWING_OPTIMIZED,FROZEN,2026-04-02 14:45:00.000000,2026-04-02 14:45:00.000000,2026-04-02 14:52:19.185474293,24452.15,24296.937291185663,CE,24400.0,ITM,7.520000000000437,8.248245401576723,0.7282454015762863,1,50,376.0000000000218,36.412270078814316,-3.5877299211856837,9.68411438266282,True,TARGET_ACHIEVED,6.1370705881148755,Trend frozen,0.5,-0.05,0.2,0.02,0.4901470852569505,-0.058273111110774725,0.18838574894607021,0.015885038977961445,-0.009852914743049501,-0.008273111110774722,-0.011614251053929797,-0.004114961022038555,95.78637700837393,24328.208,1244599.0,943875.3,0.0002470740743618638,0.006270614240465633,40,3.1999999999999997,30.080000000001746,9.400000000000546
VOLUME_SPIKE_LOSING,FROZEN,2026-04-02 14:45:00.000000,2026-04-02 14:45:00.000000,2026-04-02 14:51:44.519682764,24452.15,24380.305282552385,CE,24400.0,ITM,7.520000000000437,8.097282319931608,0.5772823199311716,1,50,376.0000000000218,28.86411599655858,-11.135884003441419,7.6766265948289645,True,TARGET_ACHIEVED,6.070598335164158,Volume frozen,0.5,-0.05,0.2,0.02,0.45155973519273,-0.04972955751451121,0.2091053298785649,0.021184695055893918,-0.048440264807269984,0.00027044248548879074,0.009105329878564883,0.0011846950558939175,95.78637700837393,24328.208,1244599.0,943875.3,0.0002470740743618638,0.006270614240465633,40,3.1999999999999997,30.080000000001746,9.400000000000546
HIGH_VOLUME_LOSING,FROZEN,2026-04-02 14:45:00.000000,2026-04-02 14:45:00.000000,2026-04-02 14:51:23.614292079,24452.15,24398.12060738314,CE,24400.0,ITM,7.520000000000437,8.351288553197746,0.8312885531973091,1,50,376.0000000000218,41.56442765986546,1.5644276598654585,11.054369058474215,True,TARGET_ACHIEVED,9.503819402853233,High volume frozen,0.5,-0.05,0.2,0.02,0.5428217529241011,-0.044341442124581916,0.18402537056232016,0.022337074962423393,0.042821752924101064,0.005658557875418087,-0.015974629437679855,0.0023370749624233925,95.78637700837393,24328.208,1244599.0,943875.3,0.0002470740743618638,0.006270614240465633,40,3.1999999999999997,30.080000000001746,9.400000000000546
WILLIAMS_REVERSAL_LOSING,RE-OPTIMIZED,2026-04-02 14:45:00.000000,2026-04-02 14:45:00.000000,2026-04-02 14:56:00.587131712,24452.15,24269.075773251803,CE,24400.0,ITM,7.520000000000437,8.078142813816923,0.5581428138164863,1,50,376.0000000000218,27.907140690824317,-12.092859309175683,7.422111885857101,True,TARGET_ACHIEVED,6.562108630933819,Williams re-optimized,0.5,-0.05,0.2,0.02,0.4945450351812805,-0.041061213638096145,0.21639779019985755,0.02470011293766901,-0.005454964818719488,0.008938786361903858,0.016397790199857543,0.004700112937669011,95.78637700837393,24328.208,1244599.0,943875.3,0.0002470740743618638,0.006270614240465633,40,3.1999999999999997,30.080000000001746,9.400000000000546
DAY_HIGH_LOW_OPTIMIZED,RE-OPTIMIZED,2026-04-02 14:45:00.000000,2026-04-02 14:45:00.000000,2026-04-02 14:53:53.822222279,24452.15,24479.373829509506,CE,24400.0,ITM,7.520000000000437,7.367198742309936,-0.15280125769050024,1,50,376.0000000000218,-7.640062884525012,-47.64006288452501,-2.031931618224619,False,STOP_LOSS,9.792463568339546,Day high-low re-optimized,0.5,-0.05,0.2,0.02,0.5328793496363167,-0.052673942273445434,0.20795818097691432,0.01731406071674495,0.03287934963631667,-0.0026739422734454316,0.007958180976914309,-0.0026859392832550497,95.78637700837393,24328.208,1244599.0,943875.3,0.0002470740743618638,0.006270614240465633,40,3.1999999999999997,30.080000000001746,9.400000000000546
BOLLINGER_SQUEEZE_LOSING,RE-OPTIMIZED,2026-04-02 14:45:00.000000,2026-04-02 14:45:00.000000,2026-04-02 14:55:27.978789927,24452.15,24298.041051129305,CE,24400.0,ITM,7.520000000000437,8.325556490117712,0.8055564901172758,1,50,376.0000000000218,40.27782450586379,0.2778245058637907,10.712187368580175,True,TARGET_ACHIEVED,6.278572185088375,Bollinger re-optimized,0.5,-0.05,0.2,0.02,0.5015255426689994,-0.056047217065289874,0.21125589303898812,0.018384952322358438,0.0015255426689994023,-0.006047217065289871,0.011255893038988107,-0.0016150476776415623,95.78637700837393,24328.208,1244599.0,943875.3,0.0002470740743618638,0.006270614240465633,40,3.1999999999999997,30.080000000001746,9.400000000000546
BREAKOUT_REVERSAL_LOSING,RE-OPTIMIZED,2026-04-02 14:45:00.000000,2026-04-02 14:45:00.000000,2026-04-02 14:50:54.163494947,24452.15,24749.591213854692,CE,24400.0,ITM,7.520000000000437,8.21090156410499,0.6909015641045535,1,50,376.0000000000218,34.545078205227675,-5.454921794772325,9.187520799262145,True,TARGET_ACHIEVED,10.044231911199315,Breakout re-optimized,0.5,-0.05,0.2,0.02,0.5205596949275386,-0.05434096328017925,0.20980546154353868,0.018468480843397826,0.02055969492753862,-0.004340963280179244,0.009805461543538674,-0.0015315191566021742,95.78637700837393,24328.208,1244599.0,943875.3,0.0002470740743618638,0.006270614240465633,40,3.1999999999999997,30.080000000001746,9.400000000000546
MULTI_TIMEFRAME_LOSING,FROZEN,2026-04-02 15:00:00.000000,2026-04-02 15:00:00.000000,2026-04-02 15:10:49.968323701,24487.22,24907.508977299312,CE,24500.0,ATM,42.47999999999956,45.722849028415176,3.2428490284156126,1,50,2123.999999999978,162.14245142078062,122.14245142078062,7.633825396458676,True,TARGET_ACHIEVED,11.777644738966837,Multi-timeframe frozen,0.5,-0.05,0.2,0.02,0.509674249258387,-0.05726199353886719,0.2091276961101605,0.01576327085188179,0.009674249258387002,-0.007261993538867188,0.009127696110160483,-0.00423672914811821,69.53921643793427,24463.1585,412345.0,969914.6,0.0003525529860992638,0.0007865327301342659,40,3.1999999999999997,169.91999999999825,53.099999999999454
AI_ENHANCED_LOSING,FROZEN,2026-04-02 15:00:00.000000,2026-04-02 15:00:00.000000,2026-04-02 15:07:00.170579683,24487.22,24792.445520141348,CE,24500.0,ATM,42.47999999999956,41.79669737974462,-0.6833026202549419,1,50,2123.999999999978,-34.165131012747096,-74.1651310127471,-1.6085278254589195,False,STOP_LOSS,10.183689019922362,AI enhanced frozen,0.5,-0.05,0.2,0.02,0.48096298542431737,-0.04654957875770252,0.18741261498062706,0.024361512545438023,-0.01903701457568263,0.003450421242297483,-0.012587385019372954,0.0043615125454380226,69.53921643793427,24463.1585,412345.0,969914.6,0.0003525529860992638,0.0007865327301342659,40,3.1999999999999997,169.91999999999825,53.099999999999454
RSI_DIVERGENCE_LOSING,FROZEN,2026-04-02 15:00:00.000000,2026-04-02 15:00:00.000000,2026-04-02 15:05:04.590416514,24487.22,24392.08421224275,CE,24500.0,ATM,42.47999999999956,46.94976416706119,4.469764167061626,1,50,2123.999999999978,223.48820835308132,183.48820835308132,10.522043707772298,True,TARGET_ACHIEVED,8.17672857332748,RSI frozen,0.5,-0.05,0.2,0.02,0.4927511842655145,-0.054204459316585185,0.19788369571762246,0.021392116803927386,-0.007248815734485492,-0.004204459316585182,-0.0021163042823775513,0.0013921168039273853,69.53921643793427,24463.1585,412345.0,969914.6,0.0003525529860992638,0.0007865327301342659,40,3.1999999999999997,169.91999999999825,53.099999999999454
STOCHASTIC_OVERSOLD_LOSING,FROZEN,2026-04-02 15:00:00.000000,2026-04-02 15:00:00.000000,2026-04-02 15:10:43.264789704,24487.22,24613.145599845535,CE,24500.0,ATM,42.47999999999956,46.783176915439206,4.303176915439643,1,50,2123.999999999978,215.15884577198216,175.15884577198216,10.129889160639566,True,TARGET_ACHIEVED,6.725374670372038,Stochastic frozen,0.5,-0.05,0.2,0.02,0.492886977533249,-0.05112218530512035,0.19694195536550618,0.020475601565220658,-0.007113022466750996,-0.0011221853051203504,-0.0030580446344938284,0.0004756015652206576,69.53921643793427,24463.1585,412345.0,969914.6,0.0003525529860992638,0.0007865327301342659,40,3.1999999999999997,169.91999999999825,53.099999999999454
TREND_FOLLOWING_OPTIMIZED,FROZEN,2026-04-02 15:00:00.000000,2026-04-02 15:00:00.000000,2026-04-02 15:07:13.289093872,24487.22,24467.104470628354,CE,24500.0,ATM,42.47999999999956,46.61132199287419,4.131321992874625,1,50,2123.999999999978,206.56609964373126,166.56609964373126,9.725334258179538,True,TARGET_ACHIEVED,7.0479735209284025,Trend frozen,0.5,-0.05,0.2,0.02,0.48473395269149133,-0.04924653511820493,0.21018880969625844,0.022625731273176457,-0.015266047308508668,0.0007534648817950698,0.010188809696258433,0.0026257312731764564,69.53921643793427,24463.1585,412345.0,969914.6,0.0003525529860992638,0.0007865327301342659,40,3.1999999999999997,169.91999999999825,53.099999999999454
MULTI_TIMEFRAME_LOSING,FROZEN,2026-04-02 15:15:00.000000,2026-04-02 15:15:00.000000,2026-04-02 15:21:01.981941658,24582.52,24615.76977516363,PE,24600.0,ATM,92.47999999999956,102.52088288667568,10.040882886676116,1,50,4623.999999999978,502.0441443338058,462.0441443338058,10.857356062582356,True,TARGET_ACHIEVED,10.327634289329474,Multi-timeframe frozen,0.5,-0.05,0.2,0.02,0.460593227617533,-0.059067368926878625,0.21421493505859182,0.0188126479287066,-0.03940677238246698,-0.009067368926878622,0.01421493505859181,-0.001187352071293401,65.46300814534,24517.2575,1414916.0,984412.8,-0.0002757296873029391,0.00033479073748351275,40,3.1999999999999997,369.91999999999825,115.59999999999945
AI_ENHANCED_LOSING,FROZEN,2026-04-02 15:15:00.000000,2026-04-02 15:15:00.000000,2026-04-02 15:25:10.521977499,24582.52,24955.16465288649,PE,24600.0,ATM,92.47999999999956,102.77351624769936,10.293516247699799,1,50,4623.999999999978,514.67581238499,474.67581238498997,11.130532274761947,True,TARGET_ACHIEVED,5.910060504757,AI enhanced frozen,0.5,-0.05,0.2,0.02,0.5462404603358285,-0.04957635722001469,0.18823959104280422,0.02200296831826045,0.046240460335828515,0.0004236427799853143,-0.011760408957195795,0.00200296831826045,65.46300814534,24517.2575,1414916.0,984412.8,-0.0002757296873029391,0.00033479073748351275,40,3.1999999999999997,369.91999999999825,115.59999999999945
RSI_DIVERGENCE_LOSING,FROZEN,2026-04-02 15:15:00.000000,2026-04-02 15:15:00.000000,2026-04-02 15:21:32.806637909,24582.52,24775.75373666949,PE,24600.0,ATM,92.47999999999956,102.45762661200224,9.97762661200268,1,50,4623.999999999978,498.881330600134,458.881330600134,10.788956111594644,True,TARGET_ACHIEVED,11.340978512240797,RSI frozen,0.5,-0.05,0.2,0.02,0.516330714891961,-0.04850936326740275,0.18526244878123785,0.022672835237044355,0.01633071489196103,0.0014906367325972503,-0.014737551218762163,0.0026728352370443548,65.46300814534,24517.2575,1414916.0,984412.8,-0.0002757296873029391,0.00033479073748351275,40,3.1999999999999997,369.91999999999825,115.59999999999945
STOCHASTIC_OVERSOLD_LOSING,FROZEN,2026-04-02 15:15:00.000000,2026-04-02 15:15:00.000000,2026-04-02 15:23:30.786381832,24582.52,24538.953439614375,PE,24600.0,ATM,92.47999999999956,99.79245501482745,7.31245501482789,1,50,4623.999999999978,365.6227507413945,325.6227507413945,7.907066408767219,True,TARGET_ACHIEVED,9.219352092199006,Stochastic frozen,0.5,-0.05,0.2,0.02,0.49383156054905697,-0.04130534869473662,0.206257547696524,0.019665573084196607,-0.006168439450943031,0.008694651305263382,0.00625754769652398,-0.0003344269158033937,65.46300814534,24517.2575,1414916.0,984412.8,-0.0002757296873029391,0.00033479073748351275,40,3.1999999999999997,369.91999999999825,115.59999999999945
TREND_FOLLOWING_OPTIMIZED,FROZEN,2026-04-02 15:15:00.000000,2026-04-02 15:15:00.000000,2026-04-02 15:24:04.386253530,24582.52,24543.32685371159,PE,24600.0,ATM,92.47999999999956,100.5818050859592,8.10180508595964,1,50,4623.999999999978,405.090254297982,365.090254297982,8.760602385337023,True,TARGET_ACHIEVED,9.014885418775144,Trend frozen,0.5,-0.05,0.2,0.02,0.4958112386438511,-0.04171810675012198,0.21824091737102677,0.02357114988962561,-0.0041887613561488735,0.00828189324987802,0.01824091737102676,0.0035711498896256084,65.46300814534,24517.2575,1414916.0,984412.8,-0.0002757296873029391,0.00033479073748351275,40,3.1999999999999997,369.91999999999825,115.59999999999945
VOLUME_SPIKE_LOSING,FROZEN,2026-04-02 15:15:00.000000,2026-04-02 15:15:00.000000,2026-04-02 15:21:27.649692931,24582.52,25056.67851915905,PE,24600.0,ATM,92.47999999999956,99.3922467887388,6.912246788739239,1,50,4623.999999999978,345.612339436962,305.612339436962,7.474315299242293,True,TARGET_ACHIEVED,8.06183799565598,Volume frozen,0.5,-0.05,0.2,0.02,0.5117938684066519,-0.058831758586325306,0.18366074177435487,0.015531703835533438,0.011793868406651864,-0.008831758586325303,-0.016339258225645137,-0.004468296164466562,65.46300814534,24517.2575,1414916.0,984412.8,-0.0002757296873029391,0.00033479073748351275,40,3.1999999999999997,369.91999999999825,115.59999999999945
HIGH_VOLUME_LOSING,FROZEN,2026-04-02 15:15:00.000000,2026-04-02 15:15:00.000000,2026-04-02 15:24:22.421635653,24582.52,24310.52911777875,PE,24600.0,ATM,92.47999999999956,101.15206718996211,8.672067189962547,1,50,4623.999999999978,433.60335949812736,393.60335949812736,9.377235283264044,True,TARGET_ACHIEVED,10.299407637361831,High volume frozen,0.5,-0.05,0.2,0.02,0.5260246742948408,-0.045756971837345936,0.19611289040896016,0.021202653312671533,0.02602467429484079,0.004243028162654067,-0.0038871095910398556,0.0012026533126715325,65.46300814534,24517.2575,1414916.0,984412.8,-0.0002757296873029391,0.00033479073748351275,40,3.1999999999999997,369.91999999999825,115.59999999999945
BOLLINGER_SQUEEZE_LOSING,RE-OPTIMIZED,2026-04-02 15:15:00.000000,2026-04-02 15:15:00.000000,2026-04-02 15:21:33.208784081,24582.52,24774.902119562852,PE,24600.0,ATM,92.47999999999956,102.74889874327043,10.268898743270867,1,50,4623.999999999978,513.4449371635434,473.4449371635434,11.103913000941734,True,TARGET_ACHIEVED,8.74108967082451,Bollinger re-optimized,0.5,-0.05,0.2,0.02,0.4634484137289064,-0.05235603140872354,0.20189306595164758,0.01939761602030997,-0.03655158627109362,-0.0023560314087235357,0.0018930659516475656,-0.000602383979690032,65.46300814534,24517.2575,1414916.0,984412.8,-0.0002757296873029391,0.00033479073748351275,40,3.1999999999999997,369.91999999999825,115.59999999999945
MULTI_TIMEFRAME_LOSING,FROZEN,2026-04-03 09:15:00.000000,2026-04-03 09:15:00.000000,2026-04-03 09:24:20.329069754,22584.35,22142.99564769184,PE,23800.0,OTM,307.52000000000044,329.96360035494365,22.443600354943214,1,50,15376.000000000022,1122.1800177471607,1082.1800177471607,7.298257139354574,True,TARGET_ACHIEVED,9.558653424358475,Multi-timeframe frozen,0.5,-0.05,0.2,0.02,0.5289184720689659,-0.04823891486216829,0.2187193710235525,0.01714095168858809,0.028918472068965917,0.0017610851378317138,0.018719371023552478,-0.0028590483114119096,4.664911078885908,24534.975,1177182.0,953172.85,-0.08551093409739341,0.004016498150267735,40,3.1999999999999997,1230.0800000000017,384.40000000000055
AI_ENHANCED_LOSING,FROZEN,2026-04-03 09:15:00.000000,2026-04-03 09:15:00.000000,2026-04-03 09:23:45.519494367,22584.35,22201.965642428167,PE,23800.0,OTM,307.52000000000044,335.6169403908956,28.096940390895156,1,50,15376.000000000022,1404.8470195447578,1364.8470195447578,9.136622135436758,True,TARGET_ACHIEVED,8.030632076061972,AI enhanced frozen,0.5,-0.05,0.2,0.02,0.48988214502654187,-0.044058740024700775,0.2051018765386611,0.015745143494609044,-0.010117854973458129,0.005941259975299228,0.005101876538661093,-0.004254856505390956,4.664911078885908,24534.975,1177182.0,953172.85,-0.08551093409739341,0.004016498150267735,40,3.1999999999999997,1230.0800000000017,384.40000000000055
RSI_DIVERGENCE_LOSING,FROZEN,2026-04-03 09:15:00.000000,2026-04-03 09:15:00.000000,2026-04-03 09:22:41.657696383,22584.35,22533.114130301306,PE,23800.0,OTM,307.52000000000044,333.2572890850432,25.73728908504279,1,50,15376.000000000022,1286.8644542521395,1246.8644542521395,8.36930576386666,True,TARGET_ACHIEVED,9.776093643811123,RSI frozen,0.5,-0.05,0.2,0.02,0.5454533965178838,-0.045653900861843094,0.19767098466540878,0.015263554416364872,0.045453396517883826,0.004346099138156909,-0.0023290153345912334,-0.004736445583635129,4.664911078885908,24534.975,1177182.0,953172.85,-0.08551093409739341,0.004016498150267735,40,3.1999999999999997,1230.0800000000017,384.40000000000055
STOCHASTIC_OVERSOLD_LOSING,FROZEN,2026-04-03 09:15:00.000000,2026-04-03 09:15:00.000000,2026-04-03 09:25:29.076316667,22584.35,22207.88408314997,PE,23800.0,OTM,307.52000000000044,336.7125223930428,29.19252239304234,1,50,15376.000000000022,1459.6261196521168,1419.6261196521168,9.492885793783264,True,TARGET_ACHIEVED,7.7204569198695605,Stochastic frozen,0.5,-0.05,0.2,0.02,0.45567205412134676,-0.046076744642500486,0.20554114636795257,0.020766533767119268,-0.04432794587865324,0.003923255357499517,0.005541146367952554,0.0007665337671192672,4.664911078885908,24534.975,1177182.0,953172.85,-0.08551093409739341,0.004016498150267735,40,3.1999999999999997,1230.0800000000017,384.40000000000055
TREND_FOLLOWING_OPTIMIZED,FROZEN,2026-04-03 09:15:00.000000,2026-04-03 09:15:00.000000,2026-04-03 09:22:45.245993391,22584.35,22606.268938861405,PE,23800.0,OTM,307.52000000000044,341.55258752748847,34.03258752748803,1,50,15376.000000000022,1701.6293763744015,1661.6293763744015,11.066788347908423,True,TARGET_ACHIEVED,11.801737190102381,Trend frozen,0.5,-0.05,0.2,0.02,0.47055062769063705,-0.05512106292342805,0.18779024378338807,0.016242693744280504,-0.029449372309362953,-0.005121062923428045,-0.012209756216611939,-0.003757306255719496,4.664911078885908,24534.975,1177182.0,953172.85,-0.08551093409739341,0.004016498150267735,40,3.1999999999999997,1230.0800000000017,384.40000000000055
VOLUME_SPIKE_LOSING,FROZEN,2026-04-03 09:15:00.000000,2026-04-03 09:15:00.000000,2026-04-03 09:25:31.220067005,22584.35,22802.543726440894,PE,23800.0,OTM,307.52000000000044,336.25580833542944,28.735808335429,1,50,15376.000000000022,1436.79041677145,1396.79041677145,9.344370556526068,True,TARGET_ACHIEVED,7.040669006345007,Volume frozen,0.5,-0.05,0.2,0.02,0.4944078066870725,-0.04785812463718453,0.2194787153247971,0.016949753986209713,-0.005592193312927485,0.0021418753628154735,0.019478715324797086,-0.003050246013790288,4.664911078885908,24534.975,1177182.0,953172.85,-0.08551093409739341,0.004016498150267735,40,3.1999999999999997,1230.0800000000017,384.40000000000055
HIGH_VOLUME_LOSING,FROZEN,2026-04-03 09:15:00.000000,2026-04-03 09:15:00.000000,2026-04-03 09:25:28.198166133,22584.35,23029.89027857792,PE,23800.0,OTM,307.52000000000044,302.41614776091717,-5.103852239083267,1,50,15376.000000000022,-255.19261195416334,-295.19261195416334,-1.6596813992856594,False,STOP_LOSS,5.762237415055345,High volume frozen,0.5,-0.05,0.2,0.02,0.4774381547912671,-0.04412293787346998,0.19778336470775765,0.024733619694795476,-0.02256184520873289,0.005877062126530025,-0.0022166352922423638,0.004733619694795476,4.664911078885908,24534.975,1177182.0,953172.85,-0.08551093409739341,0.004016498150267735,40,3.1999999999999997,1230.0800000000017,384.40000000000055
STRONG_MOMENTUM_LOSING,FROZEN,2026-04-03 09:15:00.000000,2026-04-03 09:15:00.000000,2026-04-03 09:20:08.022107041,22584.35,22865.353904782696,PE,23800.0,OTM,307.52000000000044,337.34078871528305,29.820788715282617,1,50,15376.000000000022,1491.0394357641308,1451.0394357641308,9.697186757050785,True,TARGET_ACHIEVED,8.629242327427942,Strong momentum frozen,0.5,-0.05,0.2,0.02,0.47693532928237187,-0.049083304740249536,0.19932331123127295,0.02288931349057011,-0.023064670717628133,0.0009166952597504663,-0.0006766887687270629,0.00288931349057011,4.664911078885908,24534.975,1177182.0,953172.85,-0.08551093409739341,0.004016498150267735,40,3.1999999999999997,1230.0800000000017,384.40000000000055
MACD_DIVERGENCE_LOSING,RE-OPTIMIZED,2026-04-03 09:15:00.000000,2026-04-03 09:15:00.000000,2026-04-03 09:22:28.930503166,22584.35,22850.325245890814,PE,23800.0,OTM,307.52000000000044,330.99840905793576,23.478409057935323,1,50,15376.000000000022,1173.9204528967662,1133.9204528967662,7.634758408537751,True,TARGET_ACHIEVED,9.695575499027608,MACD re-optimized,0.5,-0.05,0.2,0.02,0.5468926331385336,-0.053655575763248725,0.21735487718961705,0.01705710231339086,0.046892633138533646,-0.0036555757632487224,0.017354877189617035,-0.002942897686609141,4.664911078885908,24534.975,1177182.0,953172.85,-0.08551093409739341,0.004016498150267735,40,3.1999999999999997,1230.0800000000017,384.40000000000055
CCI_EXTREME_LOSING,RE-OPTIMIZED,2026-04-03 09:15:00.000000,2026-04-03 09:15:00.000000,2026-04-03 09:20:42.021660994,22584.35,22753.970010947898,PE,23800.0,OTM,307.52000000000044,302.9378180585373,-4.582181941463148,1,50,15376.000000000022,-229.1090970731574,-269.1090970731574,-1.490043555366526,False,STOP_LOSS,10.48247293819649,CCI re-optimized,0.5,-0.05,0.2,0.02,0.4772462667147834,-0.05090150021889944,0.1997180495007685,0.022376986219407997,-0.022753733285216626,-0.0009015002188994398,-0.00028195049923152027,0.0023769862194079963,4.664911078885908,24534.975,1177182.0,953172.85,-0.08551093409739341,0.004016498150267735,40,3.1999999999999997,1230.0800000000017,384.40000000000055
MOMENTUM_REVERSAL_LOSING,RE-OPTIMIZED,2026-04-03 09:15:00.000000,2026-04-03 09:15:00.000000,2026-04-03 09:20:22.061912637,22584.35,22975.673508093485,PE,23800.0,OTM,307.52000000000044,336.1255360265102,28.605536026509753,1,50,15376.000000000022,1430.2768013254877,1390.2768013254877,9.302008333282295,True,TARGET_ACHIEVED,7.673667162762271,Momentum re-optimized,0.5,-0.05,0.2,0.02,0.545889079499954,-0.051188213406179996,0.2159738554759535,0.022517579167805318,0.04588907949995402,-0.0011882134061799929,0.01597385547595348,0.002517579167805317,4.664911078885908,24534.975,1177182.0,953172.85,-0.08551093409739341,0.004016498150267735,40,3.1999999999999997,1230.0800000000017,384.40000000000055
BOLLINGER_SQUEEZE_LOSING,RE-OPTIMIZED,2026-04-03 09:15:00.000000,2026-04-03 09:15:00.000000,2026-04-03 09:26:35.910429541,22584.35,22963.401551245704,PE,23800.0,OTM,307.52000000000044,336.80061141193045,29.28061141193001,1,50,15376.000000000022,1464.0305705965006,1424.0305705965006,9.521530766106261,True,TARGET_ACHIEVED,6.4809392972256115,Bollinger re-optimized,0.5,-0.05,0.2,0.02,0.5354593514302195,-0.04745075861132432,0.20313579325614878,0.016278417607803873,0.0354593514302195,0.0025492413886756826,0.0031357932561487667,-0.0037215823921961273,4.664911078885908,24534.975,1177182.0,953172.85,-0.08551093409739341,0.004016498150267735,40,3.1999999999999997,1230.0800000000017,384.40000000000055
BREAKOUT_REVERSAL_LOSING,RE-OPTIMIZED,2026-04-03 09:15:00.000000,2026-04-03 09:15:00.000000,2026-04-03 09:22:41.506284216,22584.35,22472.84306123857,PE,23800.0,OTM,307.52000000000044,335.1114534334105,27.591453433410038,1,50,15376.000000000022,1379.572671670502,1339.572671670502,8.972246824079734,True,TARGET_ACHIEVED,7.6759723613573,Breakout re-optimized,0.5,-0.05,0.2,0.02,0.5117311188321091,-0.05103830327600153,0.21507837157436416,0.01752385644022414,0.011731118832109089,-0.0010383032760015246,0.015078371574364147,-0.002476143559775861,4.664911078885908,24534.975,1177182.0,953172.85,-0.08551093409739341,0.004016498150267735,40,3.1999999999999997,1230.0800000000017,384.40000000000055
MULTI_TIMEFRAME_LOSING,FROZEN,2026-04-03 09:30:00.000000,2026-04-03 09:30:00.000000,2026-04-03 09:40:05.748972369,22651.51,22611.22917549596,PE,23800.0,OTM,307.52000000000044,337.40431808871296,29.88431808871252,1,50,15376.000000000022,1494.2159044356258,1454.2159044356258,9.717845372240008,True,TARGET_ACHIEVED,9.308817699820002,Multi-timeframe frozen,0.5,-0.05,0.2,0.02,0.5394157137510736,-0.04791786885633877,0.18467658057893005,0.02447419548280245,0.039415713751073556,0.0020821311436612297,-0.015323419421069961,0.004474195482802451,59.146543169037095,23064.739999999998,1029915.0,960422.1,-0.0012715853150414569,0.0037088035190590844,40,3.1999999999999997,1230.0800000000017,384.40000000000055
AI_ENHANCED_LOSING,FROZEN,2026-04-03 09:30:00.000000,2026-04-03 09:30:00.000000,2026-04-03 09:35:10.924997658,22651.51,22413.56195963317,PE,23800.0,OTM,307.52000000000044,332.08220011986543,24.562200119864997,1,50,15376.000000000022,1228.1100059932498,1188.1100059932498,7.987187864160042,True,TARGET_ACHIEVED,10.829056264568226,AI enhanced frozen,0.5,-0.05,0.2,0.02,0.45412219237723495,-0.04457280675591724,0.21980534420651537,0.017275583866801517,-0.045877807622765054,0.005427193244082765,0.019805344206515363,-0.002724416133198484,59.146543169037095,23064.739999999998,1029915.0,960422.1,-0.0012715853150414569,0.0037088035190590844,40,3.1999999999999997,1230.0800000000017,384.40000000000055
RSI_DIVERGENCE_LOSING,FROZEN,2026-04-03 09:30:00.000000,2026-04-03 09:30:00.000000,2026-04-03 09:39:02.521684678,22651.51,22525.36629687267,PE,23800.0,OTM,307.52000000000044,334.2080283399237,26.688028339923278,1,50,15376.000000000022,1334.4014169961638,1294.4014169961638,8.678469153200846,True,TARGET_ACHIEVED,6.62581126219759,RSI frozen,0.5,-0.05,0.2,0.02,0.5323055878176277,-0.05077480184339481,0.19317044579052955,0.023891199208833293,0.03230558781762771,-0.000774801843394804,-0.0068295542094704564,0.0038911992088332924,59.146543169037095,23064.739999999998,1029915.0,960422.1,-0.0012715853150414569,0.0037088035190590844,40,3.1999999999999997,1230.0800000000017,384.40000000000055
TREND_FOLLOWING_OPTIMIZED,FROZEN,2026-04-03 09:30:00.000000,2026-04-03 09:30:00.000000,2026-04-03 09:39:48.718043686,22651.51,22200.993682095024,PE,23800.0,OTM,307.52000000000044,303.6657247118315,-3.8542752881689353,1,50,15376.000000000022,-192.71376440844676,-232.71376440844676,-1.253341339805193,False,STOP_LOSS,5.396518583768199,Trend frozen,0.5,-0.05,0.2,0.02,0.45189543423593903,-0.05449505165380518,0.20964231511027764,0.022688705081797475,-0.04810456576406097,-0.004495051653805177,0.009642315110277633,0.0026887050817974746,59.146543169037095,23064.739999999998,1029915.0,960422.1,-0.0012715853150414569,0.0037088035190590844,40,3.1999999999999997,1230.0800000000017,384.40000000000055
STRONG_MOMENTUM_LOSING,FROZEN,2026-04-03 09:30:00.000000,2026-04-03 09:30:00.000000,2026-04-03 09:36:47.806213214,22651.51,23058.122730540934,PE,23800.0,OTM,307.52000000000044,341.1000999321089,33.58009993210845,1,50,15376.000000000022,1679.0049966054225,1639.0049966054225,10.919647480524326,True,TARGET_ACHIEVED,9.864566783337104,Strong momentum frozen,0.5,-0.05,0.2,0.02,0.4552404107651054,-0.04157092928180976,0.1961838332332852,0.018728088004322758,-0.04475958923489459,0.00842907071819024,-0.0038161667667148125,-0.0012719119956772426,59.146543169037095,23064.739999999998,1029915.0,960422.1,-0.0012715853150414569,0.0037088035190590844,40,3.1999999999999997,1230.0800000000017,384.40000000000055
MACD_DIVERGENCE_LOSING,RE-OPTIMIZED,2026-04-03 09:30:00.000000,2026-04-03 09:30:00.000000,2026-04-03 09:41:16.305072517,22651.51,22494.691769505967,PE,23800.0,OTM,307.52000000000044,336.85367869018575,29.33367869018531,1,50,15376.000000000022,1466.6839345092653,1426.6839345092653,9.53878729519552,True,TARGET_ACHIEVED,9.969276867223165,MACD re-optimized,0.5,-0.05,0.2,0.02,0.4645324514987617,-0.058086283558138996,0.18831043132813707,0.019980148717821382,-0.03546754850123829,-0.008086283558138993,-0.011689568671862938,-1.9851282178618562e-05,59.146543169037095,23064.739999999998,1029915.0,960422.1,-0.0012715853150414569,0.0037088035190590844,40,3.1999999999999997,1230.0800000000017,384.40000000000055
CCI_EXTREME_LOSING,RE-OPTIMIZED,2026-04-03 09:30:00.000000,2026-04-03 09:30:00.000000,2026-04-03 09:36:31.305885315,22651.51,22297.942378188633,PE,23800.0,OTM,307.52000000000044,301.2165462011989,-6.303453798801513,1,50,15376.000000000022,-315.17268994007566,-355.17268994007566,-2.049770356009854,False,STOP_LOSS,6.348122970222572,CCI re-optimized,0.5,-0.05,0.2,0.02,0.4619407073859604,-0.05906735090151162,0.18686241781661792,0.020280286897479016,-0.03805929261403962,-0.009067350901511617,-0.013137582183382096,0.00028028689747901583,59.146543169037095,23064.739999999998,1029915.0,960422.1,-0.0012715853150414569,0.0037088035190590844,40,3.1999999999999997,1230.0800000000017,384.40000000000055
MOMENTUM_REVERSAL_LOSING,RE-OPTIMIZED,2026-04-03 09:30:00.000000,2026-04-03 09:30:00.000000,2026-04-03 09:36:00.678611007,22651.51,22626.784929888567,PE,23800.0,OTM,307.52000000000044,338.0372444873619,30.517244487361438,1,50,15376.000000000022,1525.862224368072,1485.862224368072,9.923661708949465,True,TARGET_ACHIEVED,5.561497519404463,Momentum re-optimized,0.5,-0.05,0.2,0.02,0.5403611207543657,-0.04345644746949539,0.1899988301355508,0.021995020150612044,0.04036112075436571,0.0065435525305046136,-0.01000116986444921,0.001995020150612044,59.146543169037095,23064.739999999998,1029915.0,960422.1,-0.0012715853150414569,0.0037088035190590844,40,3.1999999999999997,1230.0800000000017,384.40000000000055
BOLLINGER_SQUEEZE_LOSING,RE-OPTIMIZED,2026-04-03 09:30:00.000000,2026-04-03 09:30:00.000000,2026-04-03 09:36:00.767228291,22651.51,22388.677706517617,PE,23800.0,OTM,307.52000000000044,340.837181413877,33.31718141387654,1,50,15376.000000000022,1665.859070693827,1625.859070693827,10.834151084116966,True,TARGET_ACHIEVED,9.704451846751233,Bollinger re-optimized,0.5,-0.05,0.2,0.02,0.5038768017929967,-0.05253166970221003,0.19944045368401664,0.016302508744586917,0.0038768017929966536,-0.0025316697022100265,-0.0005595463159833725,-0.0036974912554130837,59.146543169037095,23064.739999999998,1029915.0,960422.1,-0.0012715853150414569,0.0037088035190590844,40,3.1999999999999997,1230.0800000000017,384.40000000000055
BREAKOUT_REVERSAL_LOSING,RE-OPTIMIZED,2026-04-03 09:30:00.000000,2026-04-03 09:30:00.000000,2026-04-03 09:36:39.344473771,22651.51,22959.82023171606,PE,23800.0,OTM,307.52000000000044,303.10474857438294,-4.415251425617498,1,50,15376.000000000022,-220.7625712808749,-260.7625712808749,-1.4357607393397152,False,STOP_LOSS,8.346848664973656,Breakout re-optimized,0.5,-0.05,0.2,0.02,0.479999262168929,-0.05054486664247297,0.21072299182019966,0.020924533395535058,-0.02000073783107098,-0.0005448666424729687,0.010722991820199645,0.0009245333955350578,59.146543169037095,23064.739999999998,1029915.0,960422.1,-0.0012715853150414569,0.0037088035190590844,40,3.1999999999999997,1230.0800000000017,384.40000000000055
MULTI_TIMEFRAME_LOSING,FROZEN,2026-04-03 09:45:00.000000,2026-04-03 09:45:00.000000,2026-04-03 09:52:24.874041280,22700.56,22812.19207013421,PE,23800.0,OTM,307.52000000000044,302.4584237306283,-5.0615762693721535,1,50,15376.000000000022,-253.07881346860768,-293.0788134686077,-1.645934010591879,False,STOP_LOSS,10.971194680041641,Multi-timeframe frozen,0.5,-0.05,0.2,0.02,0.5416295398686446,-0.051033879729547205,0.2077856183783261,0.024610202795950508,0.041629539868644594,-0.0010338797295472019,0.007785618378326087,0.004610202795950508,61.464628510487614,22668.2285,1329637.0,979088.65,-0.0005028183364020888,0.00453248730427793,40,3.1999999999999997,1230.0800000000017,384.40000000000055
AI_ENHANCED_LOSING,FROZEN,2026-04-03 09:45:00.000000,2026-04-03 09:45:00.000000,2026-04-03 09:56:12.959101823,22700.56,22936.8640040701,PE,23800.0,OTM,307.52000000000044,302.4272249765872,-5.092775023413253,1,50,15376.000000000022,-254.63875117066266,-294.63875117066266,-1.6560792870100305,False,STOP_LOSS,7.577959068863592,AI enhanced frozen,0.5,-0.05,0.2,0.02,0.5268403654356204,-0.054196797749834186,0.2186527762781399,0.01830337892092104,0.026840365435620406,-0.004196797749834183,0.018652776278139882,-0.001696621079078961,61.464628510487614,22668.2285,1329637.0,979088.65,-0.0005028183364020888,0.00453248730427793,40,3.1999999999999997,1230.0800000000017,384.40000000000055
RSI_DIVERGENCE_LOSING,FROZEN,2026-04-03 09:45:00.000000,2026-04-03 09:45:00.000000,2026-04-03 09:51:51.117954922,22700.56,23050.084809489177,PE,23800.0,OTM,307.52000000000044,337.3765772948805,29.856577294880083,1,50,15376.000000000022,1492.828864744004,1452.828864744004,9.708824562591063,True,TARGET_ACHIEVED,9.354008927848355,RSI frozen,0.5,-0.05,0.2,0.02,0.5013118409528499,-0.04778350773391597,0.21835863994196372,0.02323404385976297,0.0013118409528498631,0.0022164922660840303,0.01835863994196371,0.003234043859762968,61.464628510487614,22668.2285,1329637.0,979088.65,-0.0005028183364020888,0.00453248730427793,40,3.1999999999999997,1230.0800000000017,384.40000000000055
TREND_FOLLOWING_OPTIMIZED,FROZEN,2026-04-03 09:45:00.000000,2026-04-03 09:45:00.000000,2026-04-03 09:50:45.763323127,22700.56,22844.021003244554,PE,23800.0,OTM,307.52000000000044,330.05754773786447,22.53754773786403,1,50,15376.000000000022,1126.8773868932017,1086.8773868932017,7.328807146808012,True,TARGET_ACHIEVED,8.590086588381869,Trend frozen,0.5,-0.05,0.2,0.02,0.5066613351557421,-0.05668562372585335,0.1855901000940929,0.024274279803194482,0.006661335155742076,-0.006685623725853344,-0.014409899905907103,0.004274279803194482,61.464628510487614,22668.2285,1329637.0,979088.65,-0.0005028183364020888,0.00453248730427793,40,3.1999999999999997,1230.0800000000017,384.40000000000055
VOLUME_SPIKE_LOSING,FROZEN,2026-04-03 09:45:00.000000,2026-04-03 09:45:00.000000,2026-04-03 09:50:59.251507188,22700.56,22249.261584418728,PE,23800.0,OTM,307.52000000000044,337.3790474712608,29.85904747126034,1,50,15376.000000000022,1492.9523735630169,1452.9523735630169,9.70962781973865,True,TARGET_ACHIEVED,6.304031150010511,Volume frozen,0.5,-0.05,0.2,0.02,0.48383889739914476,-0.048115198653058175,0.20618046392474637,0.017403326407371533,-0.016161102600855237,0.0018848013469418279,0.00618046392474636,-0.002596673592628468,61.464628510487614,22668.2285,1329637.0,979088.65,-0.0005028183364020888,0.00453248730427793,40,3.1999999999999997,1230.0800000000017,384.40000000000055
HIGH_VOLUME_LOSING,FROZEN,2026-04-03 09:45:00.000000,2026-04-03 09:45:00.000000,2026-04-03 09:52:23.587997153,22700.56,23055.099002933883,PE,23800.0,OTM,307.52000000000044,330.258418452867,22.73841845286654,1,50,15376.000000000022,1136.920922643327,1096.920922643327,7.394126708138173,True,TARGET_ACHIEVED,11.79858886832002,High volume frozen,0.5,-0.05,0.2,0.02,0.47098961888588675,-0.050061920374097645,0.18152172144535098,0.01734518647976345,-0.02901038111411325,-6.192037409764178e-05,-0.018478278554649036,-0.0026548135202365507,61.464628510487614,22668.2285,1329637.0,979088.65,-0.0005028183364020888,0.00453248730427793,40,3.1999999999999997,1230.0800000000017,384.40000000000055
MACD_DIVERGENCE_LOSING,RE-OPTIMIZED,2026-04-03 09:45:00.000000,2026-04-03 09:45:00.000000,2026-04-03 09:53:23.329984107,22700.56,23017.240746077736,PE,23800.0,OTM,307.52000000000044,333.41132855539587,25.891328555395432,1,50,15376.000000000022,1294.5664277697715,1254.5664277697715,8.419396642623372,True,TARGET_ACHIEVED,9.543943418827343,MACD re-optimized,0.5,-0.05,0.2,0.02,0.4877689525384504,-0.05859419928932957,0.20518082200265472,0.017421470022665364,-0.012231047461549627,-0.008594199289329564,0.005180822002654711,-0.0025785299773346364,61.464628510487614,22668.2285,1329637.0,979088.65,-0.0005028183364020888,0.00453248730427793,40,3.1999999999999997,1230.0800000000017,384.40000000000055
MULTI_TIMEFRAME_LOSING,FROZEN,2026-04-03 10:00:00.000000,2026-04-03 10:00:00.000000,2026-04-03 10:08:22.283217121,22671.59,22657.715047730668,PE,23800.0,OTM,307.52000000000044,330.5102869455355,22.990286945535047,1,50,15376.000000000022,1149.5143472767522,1109.5143472767522,7.476029834005922,True,TARGET_ACHIEVED,10.473799478414396,Multi-timeframe frozen,0.5,-0.05,0.2,0.02,0.5084198728409844,-0.04934628685805714,0.19655930933645566,0.022728916445778895,0.008419872840984444,0.0006537131419428605,-0.0034406906635443546,0.0027289164457788943,44.710870169585256,22690.657,1554152.0,1163637.1,-1.8966108886631083e-05,0.0019310511525659415,40,3.1999999999999997,1230.0800000000017,384.40000000000055
AI_ENHANCED_LOSING,FROZEN,2026-04-03 10:00:00.000000,2026-04-03 10:00:00.000000,2026-04-03 10:08:44.094732995,22671.59,22536.686605566534,PE,23800.0,OTM,307.52000000000044,334.6413631978796,27.12136319787919,1,50,15376.000000000022,1356.0681598939595,1316.0681598939595,8.8193818931709,True,TARGET_ACHIEVED,8.800156166849524,AI enhanced frozen,0.5,-0.05,0.2,0.02,0.5172488451331384,-0.04128055917248939,0.18965884653188872,0.015016906376030828,0.017248845133138402,0.00871944082751061,-0.010341153468111292,-0.004983093623969172,44.710870169585256,22690.657,1554152.0,1163637.1,-1.8966108886631083e-05,0.0019310511525659415,40,3.1999999999999997,1230.0800000000017,384.40000000000055
RSI_DIVERGENCE_LOSING,FROZEN,2026-04-03 10:00:00.000000,2026-04-03 10:00:00.000000,2026-04-03 10:09:54.683828099,22671.59,22960.23457947813,PE,23800.0,OTM,307.52000000000044,338.2409532603783,30.720953260377883,1,50,15376.000000000022,1536.0476630188941,1496.0476630188941,9.98990415595013,True,TARGET_ACHIEVED,9.311766737720838,RSI frozen,0.5,-0.05,0.2,0.02,0.4851955495785452,-0.05647648352250487,0.19320990155069626,0.01695777094272415,-0.014804450421454785,-0.006476483522504864,-0.006790098449303755,-0.003042229057275851,44.710870169585256,22690.657,1554152.0,1163637.1,-1.8966108886631083e-05,0.0019310511525659415,40,3.1999999999999997,1230.0800000000017,384.40000000000055
TREND_FOLLOWING_OPTIMIZED,FROZEN,2026-04-03 10:00:00.000000,2026-04-03 10:00:00.000000,2026-04-03 10:06:33.631798803,22671.59,22776.20231604787,PE,23800.0,OTM,307.52000000000044,303.30987948408546,-4.21012051591498,1,50,15376.000000000022,-210.506025795749,-250.506025795749,-1.369055838942174,False,STOP_LOSS,10.30106680456303,Trend frozen,0.5,-0.05,0.2,0.02,0.46000440431141587,-0.04699257389161593,0.19474869082533977,0.015843052860421775,-0.03999559568858413,0.003007426108384073,-0.00525130917466024,-0.004156947139578225,44.710870169585256,22690.657,1554152.0,1163637.1,-1.8966108886631083e-05,0.0019310511525659415,40,3.1999999999999997,1230.0800000000017,384.40000000000055
VOLUME_SPIKE_LOSING,FROZEN,2026-04-03 10:00:00.000000,2026-04-03 10:00:00.000000,2026-04-03 10:06:40.558840522,22671.59,22915.461181503826,PE,23800.0,OTM,307.52000000000044,336.52393802764567,29.003938027645233,1,50,15376.000000000022,1450.1969013822618,1410.1969013822618,9.431561533443416,True,TARGET_ACHIEVED,10.489802331768514,Volume frozen,0.5,-0.05,0.2,0.02,0.45329745228367857,-0.054592199980609615,0.1942046348921719,0.019502148603570375,-0.04670254771632143,-0.0045921999806096125,-0.005795365107828104,-0.0004978513964296258,44.710870169585256,22690.657,1554152.0,1163637.1,-1.8966108886631083e-05,0.0019310511525659415,40,3.1999999999999997,1230.0800000000017,384.40000000000055
HIGH_VOLUME_LOSING,FROZEN,2026-04-03 10:00:00.000000,2026-04-03 10:00:00.000000,2026-04-03 10:10:01.749820726,22671.59,23102.39113937433,PE,23800.0,OTM,307.52000000000044,338.96857765111486,31.44857765111442,1,50,15376.000000000022,1572.428882555721,1532.428882555721,10.226514584779649,True,TARGET_ACHIEVED,9.024339011155767,High volume frozen,0.5,-0.05,0.2,0.02,0.49204610646341124,-0.05997894247049098,0.1830987943028133,0.02113699612228327,-0.007953893536588763,-0.009978942470490977,-0.0169012056971867,0.001136996122283268,44.710870169585256,22690.657,1554152.0,1163637.1,-1.8966108886631083e-05,0.0019310511525659415,40,3.1999999999999997,1230.0800000000017,384.40000000000055
MULTI_TIMEFRAME_LOSING,FROZEN,2026-04-03 10:15:00.000000,2026-04-03 10:15:00.000000,2026-04-03 10:20:03.557150823,22696.4,22987.947022829492,PE,23800.0,OTM,307.52000000000044,336.208356005676,28.688356005675587,1,50,15376.000000000022,1434.4178002837793,1394.4178002837793,9.32893990819314,True,TARGET_ACHIEVED,11.304021513090522,Multi-timeframe frozen,0.5,-0.05,0.2,0.02,0.5258561048596161,-0.05182883252208892,0.21131019396228692,0.018869141543190707,0.02585610485961609,-0.0018288325220889162,0.011310193962286913,-0.0011308584568092937,58.694618543333355,22660.772999999997,1325871.0,1178133.7,-0.00021672748545009668,0.004148234962372951,40,3.1999999999999997,1230.0800000000017,384.40000000000055
AI_ENHANCED_LOSING,FROZEN,2026-04-03 10:15:00.000000,2026-04-03 10:15:00.000000,2026-04-03 10:24:01.109413737,22696.4,22705.90959503657,PE,23800.0,OTM,307.52000000000044,301.17362337470206,-6.346376625298376,1,50,15376.000000000022,-317.3188312649188,-357.3188312649188,-2.0637280909529028,False,STOP_LOSS,5.033678484194216,AI enhanced frozen,0.5,-0.05,0.2,0.02,0.5020016680671157,-0.05617560426838544,0.21729774501803567,0.019715882163755513,0.0020016680671156584,-0.00617560426838544,0.01729774501803566,-0.00028411783624448725,58.694618543333355,22660.772999999997,1325871.0,1178133.7,-0.00021672748545009668,0.004148234962372951,40,3.1999999999999997,1230.0800000000017,384.40000000000055
RSI_DIVERGENCE_LOSING,FROZEN,2026-04-03 10:15:00.000000,2026-04-03 10:15:00.000000,2026-04-03 10:23:02.823041480,22696.4,22569.188649322146,PE,23800.0,OTM,307.52000000000044,335.0562022706639,27.536202270663466,1,50,15376.000000000022,1376.8101135331733,1336.8101135331733,8.954280134841126,True,TARGET_ACHIEVED,8.375849460402133,RSI frozen,0.5,-0.05,0.2,0.02,0.5098599990310393,-0.05452574593576058,0.19831130380467107,0.016144767243905355,0.00985999903103929,-0.004525745935760578,-0.001688696195328937,-0.0038552327560946453,58.694618543333355,22660.772999999997,1325871.0,1178133.7,-0.00021672748545009668,0.004148234962372951,40,3.1999999999999997,1230.0800000000017,384.40000000000055
TREND_FOLLOWING_OPTIMIZED,FROZEN,2026-04-03 10:15:00.000000,2026-04-03 10:15:00.000000,2026-04-03 10:24:52.616767703,22696.4,22913.18253182286,PE,23800.0,OTM,307.52000000000044,331.0365073192892,23.51650731928879,1,50,15376.000000000022,1175.8253659644397,1135.8253659644397,7.647147281246346,True,TARGET_ACHIEVED,7.686108845728129,Trend frozen,0.5,-0.05,0.2,0.02,0.4697986003250585,-0.05105472628700337,0.2119444616270058,0.021480439592820533,-0.03020139967494151,-0.0010547262870033644,0.011944461627005798,0.0014804395928205323,58.694618543333355,22660.772999999997,1325871.0,1178133.7,-0.00021672748545009668,0.004148234962372951,40,3.1999999999999997,1230.0800000000017,384.40000000000055
HIGH_VOLUME_LOSING,FROZEN,2026-04-03 10:15:00.000000,2026-04-03 10:15:00.000000,2026-04-03 10:26:37.759763276,22696.4,23106.699361103005,PE,23800.0,OTM,307.52000000000044,335.49307527036467,27.973075270364234,1,50,15376.000000000022,1398.6537635182117,1358.6537635182117,9.096343415180865,True,TARGET_ACHIEVED,8.745321989071202,High volume frozen,0.5,-0.05,0.2,0.02,0.4765958758569602,-0.05797046577139313,0.20680106668933343,0.022229078184031137,-0.023404124143039773,-0.007970465771393126,0.006801066689333418,0.0022290781840311365,58.694618543333355,22660.772999999997,1325871.0,1178133.7,-0.00021672748545009668,0.004148234962372951,40,3.1999999999999997,1230.0800000000017,384.40000000000055
MULTI_TIMEFRAME_LOSING,FROZEN,2026-04-03 10:30:00.000000,2026-04-03 10:30:00.000000,2026-04-03 10:35:41.050914946,22753.18,22893.274464102935,CE,23800.0,OTM,307.52000000000044,332.6225944012378,25.102594401237354,1,50,15376.000000000022,1255.1297200618678,1215.1297200618678,8.162914412473114,True,TARGET_ACHIEVED,5.7765745029524425,Multi-timeframe frozen,0.5,-0.05,0.2,0.02,0.5328630050954006,-0.05952762146691398,0.18792887335674688,0.016670946220569277,0.03286300509540063,-0.00952762146691398,-0.012071126643253133,-0.0033290537794307233,73.82302193739224,22685.15,814527.0,1145510.8,0.0005729953408397659,0.0022704518665083236,40,3.1999999999999997,1230.0800000000017,384.40000000000055
AI_ENHANCED_LOSING,FROZEN,2026-04-03 10:30:00.000000,2026-04-03 10:30:00.000000,2026-04-03 10:39:37.187579911,22753.18,22931.925515575687,CE,23800.0,OTM,307.52000000000044,303.8191979604147,-3.70080203958571,1,50,15376.000000000022,-185.0401019792855,-225.0401019792855,-1.2034345862336449,False,STOP_LOSS,10.415978180075685,AI enhanced frozen,0.5,-0.05,0.2,0.02,0.48552069140263066,-0.05254125036035498,0.19624750199449797,0.016776109956996414,-0.014479308597369345,-0.002541250360354977,-0.0037524980055020363,-0.003223890043003587,73.82302193739224,22685.15,814527.0,1145510.8,0.0005729953408397659,0.0022704518665083236,40,3.1999999999999997,1230.0800000000017,384.40000000000055
RSI_DIVERGENCE_LOSING,FROZEN,2026-04-03 10:30:00.000000,2026-04-03 10:30:00.000000,2026-04-03 10:39:36.244262229,22753.18,22386.63416915597,CE,23800.0,OTM,307.52000000000044,339.1817368767503,31.661736876749842,1,50,15376.000000000022,1583.086843837492,1543.086843837492,10.295830149827587,True,TARGET_ACHIEVED,11.707143424725087,RSI frozen,0.5,-0.05,0.2,0.02,0.5311429104990314,-0.05899092562645246,0.1956606829521267,0.017597804417110743,0.031142910499031395,-0.008990925626452456,-0.004339317047873298,-0.002402195582889257,73.82302193739224,22685.15,814527.0,1145510.8,0.0005729953408397659,0.0022704518665083236,40,3.1999999999999997,1230.0800000000017,384.40000000000055
STOCHASTIC_OVERSOLD_LOSING,FROZEN,2026-04-03 10:30:00.000000,2026-04-03 10:30:00.000000,2026-04-03 10:36:04.179679372,22753.18,22472.419673817243,CE,23800.0,OTM,307.52000000000044,330.2575054923304,22.737505492329944,1,50,15376.000000000022,1136.8752746164973,1096.8752746164973,7.39382982971186,True,TARGET_ACHIEVED,11.521795952019495,Stochastic frozen,0.5,-0.05,0.2,0.02,0.4691259965689726,-0.04411819851504719,0.19872402595060873,0.01698438301146753,-0.03087400343102742,0.005881801484952813,-0.001275974049391282,-0.00301561698853247,73.82302193739224,22685.15,814527.0,1145510.8,0.0005729953408397659,0.0022704518665083236,40,3.1999999999999997,1230.0800000000017,384.40000000000055
TREND_FOLLOWING_OPTIMIZED,FROZEN,2026-04-03 10:30:00.000000,2026-04-03 10:30:00.000000,2026-04-03 10:36:12.038220030,22753.18,22931.432175658436,CE,23800.0,OTM,307.52000000000044,336.3862127567604,28.866212756759978,1,50,15376.000000000022,1443.310637837999,1403.310637837999,9.386775740361582,True,TARGET_ACHIEVED,6.551592211855509,Trend frozen,0.5,-0.05,0.2,0.02,0.5184336955545978,-0.05934237325870105,0.19044407402024266,0.019719190428945394,0.01843369555459784,-0.009342373258701048,-0.009555925979757351,-0.0002808095710546063,73.82302193739224,22685.15,814527.0,1145510.8,0.0005729953408397659,0.0022704518665083236,40,3.1999999999999997,1230.0800000000017,384.40000000000055
MACD_DIVERGENCE_LOSING,RE-OPTIMIZED,2026-04-03 10:30:00.000000,2026-04-03 10:30:00.000000,2026-04-03 10:40:12.468078595,22753.18,22542.840529865323,CE,23800.0,OTM,307.52000000000044,336.9838996603216,29.463899660321147,1,50,15376.000000000022,1473.1949830160574,1433.1949830160574,9.581132823985792,True,TARGET_ACHIEVED,10.316957533689266,MACD re-optimized,0.5,-0.05,0.2,0.02,0.49860044629390454,-0.04549867502158945,0.19999125606103507,0.022041922520807708,-0.0013995537060954577,0.004501324978410555,-8.74393896493908e-06,0.0020419225208077076,73.82302193739224,22685.15,814527.0,1145510.8,0.0005729953408397659,0.0022704518665083236,40,3.1999999999999997,1230.0800000000017,384.40000000000055
BOLLINGER_SQUEEZE_LOSING,RE-OPTIMIZED,2026-04-03 10:30:00.000000,2026-04-03 10:30:00.000000,2026-04-03 10:37:25.445074874,22753.18,22964.686969671406,CE,23800.0,OTM,307.52000000000044,336.5252444308829,29.005244430882442,1,50,15376.000000000022,1450.262221544122,1410.262221544122,9.43198635239412,True,TARGET_ACHIEVED,11.603254822085612,Bollinger re-optimized,0.5,-0.05,0.2,0.02,0.522846788146482,-0.045287024524289024,0.19567629301953618,0.01959423748814798,0.022846788146482,0.004712975475710979,-0.004323706980463832,-0.0004057625118520196,73.82302193739224,22685.15,814527.0,1145510.8,0.0005729953408397659,0.0022704518665083236,40,3.1999999999999997,1230.0800000000017,384.40000000000055
MULTI_TIMEFRAME_LOSING,FROZEN,2026-04-03 10:45:00.000000,2026-04-03 10:45:00.000000,2026-04-03 10:53:22.866835067,22848.92,23099.647308743377,CE,23800.0,OTM,307.52000000000044,332.3687002231616,24.848700223161188,1,50,15376.000000000022,1242.4350111580593,1202.4350111580593,8.080352569966555,True,TARGET_ACHIEVED,9.48707593428447,Multi-timeframe frozen,0.5,-0.05,0.2,0.02,0.4947494354740859,-0.04282176972250819,0.2175132919488075,0.017530179582900186,-0.005250564525914103,0.007178230277491815,0.01751329194880749,-0.002469820417099814,83.49741865770268,22761.519999999997,696152.0,1007872.35,0.0004575612989836664,0.004482049917457799,40,3.1999999999999997,1230.0800000000017,384.40000000000055
AI_ENHANCED_LOSING,FROZEN,2026-04-03 10:45:00.000000,2026-04-03 10:45:00.000000,2026-04-03 10:55:06.809154643,22848.92,22767.805435223596,CE,23800.0,OTM,307.52000000000044,338.6058945699649,31.085894569964466,1,50,15376.000000000022,1554.2947284982233,1514.2947284982233,10.108576538099772,True,TARGET_ACHIEVED,10.032030832778762,AI enhanced frozen,0.5,-0.05,0.2,0.02,0.47603258187805886,-0.047948291635370836,0.20623930691547604,0.019341049518017243,-0.023967418121941142,0.0020517083646291664,0.006239306915476028,-0.0006589504819827577,83.49741865770268,22761.519999999997,696152.0,1007872.35,0.0004575612989836664,0.004482049917457799,40,3.1999999999999997,1230.0800000000017,384.40000000000055
RSI_DIVERGENCE_LOSING,FROZEN,2026-04-03 10:45:00.000000,2026-04-03 10:45:00.000000,2026-04-03 10:54:15.304877158,22848.92,22497.191899324094,CE,23800.0,OTM,307.52000000000044,333.14355856552567,25.62355856552523,1,50,15376.000000000022,1281.1779282762614,1241.1779282762614,8.33232263447099,True,TARGET_ACHIEVED,10.74702353340627,RSI frozen,0.5,-0.05,0.2,0.02,0.5091552866662785,-0.04304656281094299,0.19825458641793073,0.023829691976926345,0.009155286666278517,0.006953437189057013,-0.0017454135820692829,0.003829691976926345,83.49741865770268,22761.519999999997,696152.0,1007872.35,0.0004575612989836664,0.004482049917457799,40,3.1999999999999997,1230.0800000000017,384.40000000000055
STOCHASTIC_OVERSOLD_LOSING,FROZEN,2026-04-03 10:45:00.000000,2026-04-03 10:45:00.000000,2026-04-03 10:56:41.438549223,22848.92,22967.217742369645,CE,23800.0,OTM,307.52000000000044,340.42975372224697,32.909753722246535,1,50,15376.000000000022,1645.4876861123266,1605.4876861123266,10.70166289094904,True,TARGET_ACHIEVED,6.046569645990674,Stochastic frozen,0.5,-0.05,0.2,0.02,0.48008862432172816,-0.05111471207599411,0.19416475411467807,0.02001732720606327,-0.019911375678271837,-0.0011147120759941107,-0.0058352458853219435,1.7327206063268152e-05,83.49741865770268,22761.519999999997,696152.0,1007872.35,0.0004575612989836664,0.004482049917457799,40,3.1999999999999997,1230.0800000000017,384.40000000000055
TREND_FOLLOWING_OPTIMIZED,FROZEN,2026-04-03 10:45:00.000000,2026-04-03 10:45:00.000000,2026-04-03 10:56:07.606206552,22848.92,23249.74737778765,CE,23800.0,OTM,307.52000000000044,331.30459370704443,23.784593707043996,1,50,15376.000000000022,1189.2296853521998,1149.2296853521998,7.73432417632803,True,TARGET_ACHIEVED,7.428005252930293,Trend frozen,0.5,-0.05,0.2,0.02,0.48878644392527465,-0.04118494412261283,0.2184117565111804,0.020025660081369436,-0.01121355607472535,0.008815055877387172,0.018411756511180377,2.566008136943576e-05,83.49741865770268,22761.519999999997,696152.0,1007872.35,0.0004575612989836664,0.004482049917457799,40,3.1999999999999997,1230.0800000000017,384.40000000000055
BOLLINGER_SQUEEZE_LOSING,RE-OPTIMIZED,2026-04-03 10:45:00.000000,2026-04-03 10:45:00.000000,2026-04-03 10:50:35.384363472,22848.92,23062.014516001094,CE,23800.0,OTM,307.52000000000044,335.317844503739,27.797844503738588,1,50,15376.000000000022,1389.8922251869294,1349.8922251869294,9.039361506158478,True,TARGET_ACHIEVED,11.574019211814427,Bollinger re-optimized,0.5,-0.05,0.2,0.02,0.508549818918216,-0.041727044210153365,0.18455196376085728,0.020874130135028948,0.008549818918216046,0.008272955789846638,-0.015448036239142732,0.0008741301350289471,83.49741865770268,22761.519999999997,696152.0,1007872.35,0.0004575612989836664,0.004482049917457799,40,3.1999999999999997,1230.0800000000017,384.40000000000055
BREAKOUT_REVERSAL_LOSING,RE-OPTIMIZED,2026-04-03 10:45:00.000000,2026-04-03 10:45:00.000000,2026-04-03 10:50:51.414155710,22848.92,23008.133431876773,CE,23800.0,OTM,307.52000000000044,304.43644423701534,-3.0835557629850996,1,50,15376.000000000022,-154.17778814925498,-194.17778814925498,-1.0027171445711156,False,STOP_LOSS,6.479174394412544,Breakout re-optimized,0.5,-0.05,0.2,0.02,0.5404658140510205,-0.05440041044891356,0.2160673894737959,0.018169636265704357,0.040465814051020454,-0.0044004104489135595,0.01606738947379588,-0.0018303637342956432,83.49741865770268,22761.519999999997,696152.0,1007872.35,0.0004575612989836664,0.004482049917457799,40,3.1999999999999997,1230.0800000000017,384.40000000000055
MULTI_TIMEFRAME_LOSING,FROZEN,2026-04-03 11:00:00.000000,2026-04-03 11:00:00.000000,2026-04-03 11:08:46.710621646,23047.55,22680.82802878018,CE,23800.0,OTM,307.52000000000044,302.36044469092866,-5.159555309071777,1,50,15376.000000000022,-257.97776545358886,-297.97776545358886,-1.6777950406711013,False,STOP_LOSS,5.8670445313519775,Multi-timeframe frozen,0.5,-0.05,0.2,0.02,0.4629247118878346,-0.0424712443748077,0.21893312171295826,0.02475084436010845,-0.03707528811216543,0.007528755625192306,0.018933121712958245,0.004750844360108451,92.69917064589086,22922.6405,1054902.0,883729.1,0.00048184507595561143,0.0022115148898688808,40,3.1999999999999997,1230.0800000000017,384.40000000000055
AI_ENHANCED_LOSING,FROZEN,2026-04-03 11:00:00.000000,2026-04-03 11:00:00.000000,2026-04-03 11:05:37.716646343,23047.55,23159.129655137604,CE,23800.0,OTM,307.52000000000044,333.9475218414747,26.427521841474288,1,50,15376.000000000022,1321.3760920737145,1281.3760920737145,8.593757102456507,True,TARGET_ACHIEVED,5.892450545710224,AI enhanced frozen,0.5,-0.05,0.2,0.02,0.4560786292104689,-0.059383749770613725,0.21738827189414084,0.018677106407904074,-0.04392137078953112,-0.009383749770613722,0.017388271894140828,-0.0013228935920959264,92.69917064589086,22922.6405,1054902.0,883729.1,0.00048184507595561143,0.0022115148898688808,40,3.1999999999999997,1230.0800000000017,384.40000000000055
RSI_DIVERGENCE_LOSING,FROZEN,2026-04-03 11:00:00.000000,2026-04-03 11:00:00.000000,2026-04-03 11:07:49.796404459,23047.55,22786.16682528676,CE,23800.0,OTM,307.52000000000044,330.9494215475927,23.429421547592256,1,50,15376.000000000022,1171.4710773796128,1131.4710773796128,7.618828546953766,True,TARGET_ACHIEVED,8.405239788518987,RSI frozen,0.5,-0.05,0.2,0.02,0.520893533398354,-0.05645159425006738,0.20514135709308773,0.02388521949916363,0.02089353339835398,-0.0064515942500673745,0.005141357093087717,0.0038852194991636294,92.69917064589086,22922.6405,1054902.0,883729.1,0.00048184507595561143,0.0022115148898688808,40,3.1999999999999997,1230.0800000000017,384.40000000000055
STOCHASTIC_OVERSOLD_LOSING,FROZEN,2026-04-03 11:00:00.000000,2026-04-03 11:00:00.000000,2026-04-03 11:07:52.624312912,23047.55,23298.418910220327,CE,23800.0,OTM,307.52000000000044,340.63535298613436,33.11535298613393,1,50,15376.000000000022,1655.7676493066965,1615.7676493066965,10.76852009174489,True,TARGET_ACHIEVED,10.638447649162945,Stochastic frozen,0.5,-0.05,0.2,0.02,0.4975463832308868,-0.044242821766950276,0.20156315166312544,0.02430367770112618,-0.0024536167691132094,0.005757178233049727,0.0015631516631254283,0.00430367770112618,92.69917064589086,22922.6405,1054902.0,883729.1,0.00048184507595561143,0.0022115148898688808,40,3.1999999999999997,1230.0800000000017,384.40000000000055
TREND_FOLLOWING_OPTIMIZED,FROZEN,2026-04-03 11:00:00.000000,2026-04-03 11:00:00.000000,2026-04-03 11:06:57.184482472,23047.55,22707.885195950104,CE,23800.0,OTM,307.52000000000044,332.484038885955,24.96403888595455,1,50,15376.000000000022,1248.2019442977276,1208.2019442977276,8.11785863877293,True,TARGET_ACHIEVED,9.806833434531107,Trend frozen,0.5,-0.05,0.2,0.02,0.4870775875574243,-0.047908642041912086,0.20810466388662685,0.018321791191182046,-0.012922412442575693,0.0020913579580879166,0.00810466388662684,-0.001678208808817954,92.69917064589086,22922.6405,1054902.0,883729.1,0.00048184507595561143,0.0022115148898688808,40,3.1999999999999997,1230.0800000000017,384.40000000000055
HIGH_VOLUME_LOSING,FROZEN,2026-04-03 11:00:00.000000,2026-04-03 11:00:00.000000,2026-04-03 11:11:21.465733436,23047.55,23311.568567026286,CE,23800.0,OTM,307.52000000000044,339.50490801788374,31.9849080178833,1,50,15376.000000000022,1599.245400894165,1559.245400894165,10.400919620799705,True,TARGET_ACHIEVED,9.774359069483086,High volume frozen,0.5,-0.05,0.2,0.02,0.5157962028919265,-0.04517625062014564,0.20469478596368862,0.023897986408129027,0.015796202891926514,0.004823749379854365,0.004694785963688608,0.0038979864081290262,92.69917064589086,22922.6405,1054902.0,883729.1,0.00048184507595561143,0.0022115148898688808,40,3.1999999999999997,1230.0800000000017,384.40000000000055
BOLLINGER_SQUEEZE_LOSING,RE-OPTIMIZED,2026-04-03 11:00:00.000000,2026-04-03 11:00:00.000000,2026-04-03 11:08:27.994193278,23047.55,22811.40836121175,CE,23800.0,OTM,307.52000000000044,330.06345393316394,22.543453933163505,1,50,15376.000000000022,1127.1726966581753,1087.1726966581753,7.330727735810183,True,TARGET_ACHIEVED,5.956539991244575,Bollinger re-optimized,0.5,-0.05,0.2,0.02,0.47116704758553063,-0.048582201326928046,0.19960965963648572,0.016057472797818367,-0.02883295241446937,0.0014177986730719572,-0.000390340363514291,-0.003942527202181634,92.69917064589086,22922.6405,1054902.0,883729.1,0.00048184507595561143,0.0022115148898688808,40,3.1999999999999997,1230.0800000000017,384.40000000000055
BREAKOUT_REVERSAL_LOSING,RE-OPTIMIZED,2026-04-03 11:00:00.000000,2026-04-03 11:00:00.000000,2026-04-03 11:06:03.886273883,23047.55,22761.03688011597,CE,23800.0,OTM,307.52000000000044,330.75096804817815,23.230968048177715,1,50,15376.000000000022,1161.5484024088857,1121.5484024088857,7.554295020869434,True,TARGET_ACHIEVED,11.011381104200277,Breakout re-optimized,0.5,-0.05,0.2,0.02,0.5075469882514627,-0.05008776128855307,0.19321220954217802,0.015307085397704628,0.007546988251462716,-8.776128855306903e-05,-0.0067877904578219905,-0.004692914602295373,92.69917064589086,22922.6405,1054902.0,883729.1,0.00048184507595561143,0.0022115148898688808,40,3.1999999999999997,1230.0800000000017,384.40000000000055
MULTI_TIMEFRAME_LOSING,FROZEN,2026-04-03 11:15:00.000000,2026-04-03 11:15:00.000000,2026-04-03 11:20:24.388689869,23157.02,23431.198368135087,PE,23800.0,OTM,307.52000000000044,338.0684349380807,30.548434938080277,1,50,15376.000000000022,1527.4217469040138,1487.4217469040138,9.933804285275832,True,TARGET_ACHIEVED,5.873726136672578,Multi-timeframe frozen,0.5,-0.05,0.2,0.02,0.5191012057790921,-0.047016214399674655,0.18418820870906702,0.020639051021902215,0.019101205779092134,0.0029837856003253477,-0.01581179129093299,0.0006390510219022143,81.66131402754404,23075.256,980433.0,939460.3,-0.0002223453156590116,0.003634750930819175,40,3.1999999999999997,1230.0800000000017,384.40000000000055
AI_ENHANCED_LOSING,FROZEN,2026-04-03 11:15:00.000000,2026-04-03 11:15:00.000000,2026-04-03 11:20:53.485283487,23157.02,23185.371470061247,PE,23800.0,OTM,307.52000000000044,338.0113974313664,30.491397431365954,1,50,15376.000000000022,1524.5698715682977,1484.5698715682977,9.915256708950933,True,TARGET_ACHIEVED,6.73697480344823,AI enhanced frozen,0.5,-0.05,0.2,0.02,0.5480241706068826,-0.048361963980029676,0.21278414965729098,0.018005703302840088,0.04802417060688258,0.0016380360199703264,0.012784149657290966,-0.0019942966971599127,81.66131402754404,23075.256,980433.0,939460.3,-0.0002223453156590116,0.003634750930819175,40,3.1999999999999997,1230.0800000000017,384.40000000000055
RSI_DIVERGENCE_LOSING,FROZEN,2026-04-03 11:15:00.000000,2026-04-03 11:15:00.000000,2026-04-03 11:21:21.847572340,23157.02,22868.19532870345,PE,23800.0,OTM,307.52000000000044,335.35502454002204,27.835024540021607,1,50,15376.000000000022,1391.7512270010802,1351.7512270010802,9.051451788508572,True,TARGET_ACHIEVED,6.801048196022746,RSI frozen,0.5,-0.05,0.2,0.02,0.46632708132070505,-0.0460789758256782,0.1882505240070406,0.02218185572440294,-0.03367291867929495,0.003921024174321802,-0.011749475992959418,0.0021818557244029403,81.66131402754404,23075.256,980433.0,939460.3,-0.0002223453156590116,0.003634750930819175,40,3.1999999999999997,1230.0800000000017,384.40000000000055
STOCHASTIC_OVERSOLD_LOSING,FROZEN,2026-04-03 11:15:00.000000,2026-04-03 11:15:00.000000,2026-04-03 11:22:51.080076326,23157.02,22861.823329419167,PE,23800.0,OTM,307.52000000000044,302.49626513004625,-5.023734869954183,1,50,15376.000000000022,-251.18674349770913,-291.18674349770913,-1.6336286647873879,False,STOP_LOSS,8.108265330614497,Stochastic frozen,0.5,-0.05,0.2,0.02,0.4745167316101863,-0.04127590863378618,0.19476283056696253,0.01504999855638474,-0.025483268389813685,0.00872409136621382,-0.005237169433037481,-0.00495000144361526,81.66131402754404,23075.256,980433.0,939460.3,-0.0002223453156590116,0.003634750930819175,40,3.1999999999999997,1230.0800000000017,384.40000000000055
TREND_FOLLOWING_OPTIMIZED,FROZEN,2026-04-03 11:15:00.000000,2026-04-03 11:15:00.000000,2026-04-03 11:25:21.617179026,23157.02,22965.98700385771,PE,23800.0,OTM,307.52000000000044,341.733880866101,34.21388086610057,1,50,15376.000000000022,1710.6940433050283,1670.6940433050283,11.125741696832895,True,TARGET_ACHIEVED,6.73607256679507,Trend frozen,0.5,-0.05,0.2,0.02,0.5096746095081238,-0.041317571560485045,0.21885012277377572,0.015612098843530832,0.009674609508123821,0.008682428439514958,0.018850122773775707,-0.004387901156469169,81.66131402754404,23075.256,980433.0,939460.3,-0.0002223453156590116,0.003634750930819175,40,3.1999999999999997,1230.0800000000017,384.40000000000055
BOLLINGER_SQUEEZE_LOSING,RE-OPTIMIZED,2026-04-03 11:15:00.000000,2026-04-03 11:15:00.000000,2026-04-03 11:21:27.884319845,23157.02,23286.778051198256,PE,23800.0,OTM,307.52000000000044,336.1901549008572,28.670154900856744,1,50,15376.000000000022,1433.507745042837,1393.507745042837,9.323021234669843,True,TARGET_ACHIEVED,10.583731597789617,Bollinger re-optimized,0.5,-0.05,0.2,0.02,0.5160039918652432,-0.04339167605791015,0.18892721621070765,0.017789491735518737,0.01600399186524315,0.00660832394208985,-0.011072783789292356,-0.002210508264481263,81.66131402754404,23075.256,980433.0,939460.3,-0.0002223453156590116,0.003634750930819175,40,3.1999999999999997,1230.0800000000017,384.40000000000055
BREAKOUT_REVERSAL_LOSING,RE-OPTIMIZED,2026-04-03 11:15:00.000000,2026-04-03 11:15:00.000000,2026-04-03 11:24:46.833749280,23157.02,23533.177197835095,PE,23800.0,OTM,307.52000000000044,341.2974687265881,33.77746872658764,1,50,15376.000000000022,1688.873436329382,1648.873436329382,10.983828279977754,True,TARGET_ACHIEVED,11.956448980617155,Breakout re-optimized,0.5,-0.05,0.2,0.02,0.45684940617993625,-0.058586565970044815,0.20608841254932342,0.018869883612116757,-0.043150593820063754,-0.008586565970044813,0.006088412549323408,-0.0011301163878832433,81.66131402754404,23075.256,980433.0,939460.3,-0.0002223453156590116,0.003634750930819175,40,3.1999999999999997,1230.0800000000017,384.40000000000055
MULTI_TIMEFRAME_LOSING,FROZEN,2026-04-03 11:30:00.000000,2026-04-03 11:30:00.000000,2026-04-03 11:40:39.937890404,23253.6,22878.218837648263,CE,23800.0,OTM,307.52000000000044,330.33306356713314,22.8130635671327,1,50,15376.000000000022,1140.6531783566352,1100.6531783566352,7.418399963297564,True,TARGET_ACHIEVED,7.151350692449502,Multi-timeframe frozen,0.5,-0.05,0.2,0.02,0.4808657586817097,-0.05125682470829261,0.21831769146212865,0.01936224952072087,-0.01913424131829028,-0.0012568247082926087,0.018317691462128638,-0.0006377504792791297,70.92174211837435,23206.729499999998,394956.0,915791.2,0.000673897944482249,0.003358189699659414,40,3.1999999999999997,1230.0800000000017,384.40000000000055
AI_ENHANCED_LOSING,FROZEN,2026-04-03 11:30:00.000000,2026-04-03 11:30:00.000000,2026-04-03 11:40:14.849570204,23253.6,22988.36403437317,CE,23800.0,OTM,307.52000000000044,302.47058266021884,-5.0494173397815985,1,50,15376.000000000022,-252.47086698907992,-292.4708669890799,-1.6419801443098305,False,STOP_LOSS,11.602023408327018,AI enhanced frozen,0.5,-0.05,0.2,0.02,0.5202568267342955,-0.04372312000491673,0.20706476892602285,0.01634201179617552,0.02025682673429552,0.006276879995083272,0.007064768926022841,-0.003657988203824479,70.92174211837435,23206.729499999998,394956.0,915791.2,0.000673897944482249,0.003358189699659414,40,3.1999999999999997,1230.0800000000017,384.40000000000055
RSI_DIVERGENCE_LOSING,FROZEN,2026-04-03 11:30:00.000000,2026-04-03 11:30:00.000000,2026-04-03 11:37:54.087293465,23253.6,23716.583581714513,CE,23800.0,OTM,307.52000000000044,334.95229410735647,27.43229410735603,1,50,15376.000000000022,1371.6147053678014,1331.6147053678014,8.920491059884233,True,TARGET_ACHIEVED,7.40132515936363,RSI frozen,0.5,-0.05,0.2,0.02,0.46764648626659544,-0.05045904402855879,0.21403368469553916,0.019990299815881803,-0.03235351373340456,-0.000459044028558786,0.014033684695539145,-9.700184118197758e-06,70.92174211837435,23206.729499999998,394956.0,915791.2,0.000673897944482249,0.003358189699659414,40,3.1999999999999997,1230.0800000000017,384.40000000000055
STOCHASTIC_OVERSOLD_LOSING,FROZEN,2026-04-03 11:30:00.000000,2026-04-03 11:30:00.000000,2026-04-03 11:36:57.731298648,23253.6,23618.781061034893,CE,23800.0,OTM,307.52000000000044,340.5414124834807,33.021412483480276,1,50,15376.000000000022,1651.0706241740138,1611.0706241740138,10.737972321631188,True,TARGET_ACHIEVED,6.25718102237534,Stochastic frozen,0.5,-0.05,0.2,0.02,0.5115760616236722,-0.04640270337685291,0.2113911853137741,0.016722397153506957,0.011576061623672196,0.0035972966231470893,0.011391185313774088,-0.0032776028464930433,70.92174211837435,23206.729499999998,394956.0,915791.2,0.000673897944482249,0.003358189699659414,40,3.1999999999999997,1230.0800000000017,384.40000000000055
TREND_FOLLOWING_OPTIMIZED,FROZEN,2026-04-03 11:30:00.000000,2026-04-03 11:30:00.000000,2026-04-03 11:35:05.701733112,23253.6,23661.15939163609,CE,23800.0,OTM,307.52000000000044,331.95579896071,24.435798960709576,1,50,15376.000000000022,1221.7899480354788,1181.7899480354788,7.94608446953354,True,TARGET_ACHIEVED,7.365177493553462,Trend frozen,0.5,-0.05,0.2,0.02,0.5076385947813888,-0.04205349877250261,0.1837092440733082,0.020386443797914693,0.007638594781388841,0.00794650122749739,-0.016290755926691824,0.00038644379791469285,70.92174211837435,23206.729499999998,394956.0,915791.2,0.000673897944482249,0.003358189699659414,40,3.1999999999999997,1230.0800000000017,384.40000000000055
MACD_DIVERGENCE_LOSING,RE-OPTIMIZED,2026-04-03 11:30:00.000000,2026-04-03 11:30:00.000000,2026-04-03 11:36:10.454197756,23253.6,22912.85970362176,CE,23800.0,OTM,307.52000000000044,339.5664997417185,32.04649974171804,1,50,15376.000000000022,1602.3249870859017,1562.3249870859017,10.420948147020678,True,TARGET_ACHIEVED,8.358812088135771,MACD re-optimized,0.5,-0.05,0.2,0.02,0.49732557629563345,-0.05666054628976817,0.1936043151133703,0.01648244068607782,-0.0026744237043665464,-0.006660546289768164,-0.006395684886629699,-0.00351755931392218,70.92174211837435,23206.729499999998,394956.0,915791.2,0.000673897944482249,0.003358189699659414,40,3.1999999999999997,1230.0800000000017,384.40000000000055
MOMENTUM_REVERSAL_LOSING,RE-OPTIMIZED,2026-04-03 11:30:00.000000,2026-04-03 11:30:00.000000,2026-04-03 11:36:39.623189305,23253.6,23305.955134047017,CE,23800.0,OTM,307.52000000000044,334.735402812708,27.215402812707566,1,50,15376.000000000022,1360.7701406353783,1320.7701406353783,8.84996189278991,True,TARGET_ACHIEVED,10.328786475970187,Momentum re-optimized,0.5,-0.05,0.2,0.02,0.5173881901655681,-0.05664583966900624,0.20193835563605497,0.022567562585566723,0.01738819016556814,-0.00664583966900624,0.0019383556360549614,0.0025675625855667225,70.92174211837435,23206.729499999998,394956.0,915791.2,0.000673897944482249,0.003358189699659414,40,3.1999999999999997,1230.0800000000017,384.40000000000055
BOLLINGER_SQUEEZE_LOSING,RE-OPTIMIZED,2026-04-03 11:30:00.000000,2026-04-03 11:30:00.000000,2026-04-03 11:36:47.124414083,23253.6,23481.628651029892,CE,23800.0,OTM,307.52000000000044,330.7200611545694,23.20006115456897,1,50,15376.000000000022,1160.0030577284485,1120.0030577284485,7.544244652240159,True,TARGET_ACHIEVED,7.5445018256986724,Bollinger re-optimized,0.5,-0.05,0.2,0.02,0.5253746261568546,-0.0453470908445461,0.20214987295506018,0.015829867019238986,0.025374626156854596,0.004652909155453903,0.002149872955060167,-0.004170132980761014,70.92174211837435,23206.729499999998,394956.0,915791.2,0.000673897944482249,0.003358189699659414,40,3.1999999999999997,1230.0800000000017,384.40000000000055
MULTI_TIMEFRAME_LOSING,FROZEN,2026-04-03 11:45:00.000000,2026-04-03 11:45:00.000000,2026-04-03 11:55:35.645769600,23398.5,23314.04593187254,CE,23800.0,OTM,307.52000000000044,341.1022340273251,33.58223402732466,1,50,15376.000000000022,1679.1117013662329,1639.1117013662329,10.920341450092549,True,TARGET_ACHIEVED,7.706148281250458,Multi-timeframe frozen,0.5,-0.05,0.2,0.02,0.4549373999822815,-0.04270587567947258,0.18398166535303875,0.015359158463959842,-0.0450626000177185,0.007294124320527423,-0.016018334646961258,-0.004640841536040158,94.27152109664816,23300.052000000003,929016.0,969157.4,0.0008109654852062054,0.0037981067162424506,40,3.1999999999999997,1230.0800000000017,384.40000000000055
AI_ENHANCED_LOSING,FROZEN,2026-04-03 11:45:00.000000,2026-04-03 11:45:00.000000,2026-04-03 11:56:49.334230396,23398.5,23644.12400745476,CE,23800.0,OTM,307.52000000000044,336.4594551555391,28.939455155538667,1,50,15376.000000000022,1446.9727577769333,1406.9727577769333,9.41059285755028,True,TARGET_ACHIEVED,11.239233878461146,AI enhanced frozen,0.5,-0.05,0.2,0.02,0.49798811809341653,-0.041130577907027434,0.21799485988573597,0.01986895079004125,-0.002011881906583468,0.008869422092972569,0.01799485988573596,-0.00013104920995874944,94.27152109664816,23300.052000000003,929016.0,969157.4,0.0008109654852062054,0.0037981067162424506,40,3.1999999999999997,1230.0800000000017,384.40000000000055
RSI_DIVERGENCE_LOSING,FROZEN,2026-04-03 11:45:00.000000,2026-04-03 11:45:00.000000,2026-04-03 11:54:58.312571226,23398.5,22984.51029755628,CE,23800.0,OTM,307.52000000000044,341.2415348061025,33.721534806102056,1,50,15376.000000000022,1686.0767403051027,1646.0767403051027,10.96563957014243,True,TARGET_ACHIEVED,6.8938883670123445,RSI frozen,0.5,-0.05,0.2,0.02,0.47001032769936846,-0.04488570549372984,0.19180246617021998,0.020466566688892164,-0.029989672300631542,0.005114294506270163,-0.00819753382978003,0.00046656668889216366,94.27152109664816,23300.052000000003,929016.0,969157.4,0.0008109654852062054,0.0037981067162424506,40,3.1999999999999997,1230.0800000000017,384.40000000000055
STOCHASTIC_OVERSOLD_LOSING,FROZEN,2026-04-03 11:45:00.000000,2026-04-03 11:45:00.000000,2026-04-03 11:55:47.007608791,23398.5,23018.449955946766,CE,23800.0,OTM,307.52000000000044,339.14265315051773,31.622653150517294,1,50,15376.000000000022,1581.1326575258647,1541.1326575258647,10.28312082157819,True,TARGET_ACHIEVED,6.41970646797291,Stochastic frozen,0.5,-0.05,0.2,0.02,0.4896542383900784,-0.054148022074769,0.21091510400439736,0.02062115211633001,-0.010345761609921622,-0.004148022074768998,0.010915104004397352,0.0006211521163300079,94.27152109664816,23300.052000000003,929016.0,969157.4,0.0008109654852062054,0.0037981067162424506,40,3.1999999999999997,1230.0800000000017,384.40000000000055
TREND_FOLLOWING_OPTIMIZED,FROZEN,2026-04-03 11:45:00.000000,2026-04-03 11:45:00.000000,2026-04-03 11:53:04.628895874,23398.5,23838.49244047579,CE,23800.0,OTM,307.52000000000044,338.62493362818793,31.104933628187496,1,50,15376.000000000022,1555.2466814093748,1515.2466814093748,10.114767699072402,True,TARGET_ACHIEVED,5.944579036749598,Trend frozen,0.5,-0.05,0.2,0.02,0.5352239672132068,-0.05002986996205973,0.21312566781388673,0.023609122963715565,0.03522396721320675,-2.9869962059725363e-05,0.013125667813886716,0.003609122963715565,94.27152109664816,23300.052000000003,929016.0,969157.4,0.0008109654852062054,0.0037981067162424506,40,3.1999999999999997,1230.0800000000017,384.40000000000055
MACD_DIVERGENCE_LOSING,RE-OPTIMIZED,2026-04-03 11:45:00.000000,2026-04-03 11:45:00.000000,2026-04-03 11:56:07.958317739,23398.5,23265.39085390689,CE,23800.0,OTM,307.52000000000044,340.19680652255545,32.67680652255501,1,50,15376.000000000022,1633.8403261277506,1593.8403261277506,10.62591263090367,True,TARGET_ACHIEVED,6.7217808757060435,MACD re-optimized,0.5,-0.05,0.2,0.02,0.4678053697466795,-0.04222987424145026,0.18404164293775985,0.017951739449736367,-0.03219463025332048,0.00777012575854974,-0.015958357062240164,-0.002048260550263633,94.27152109664816,23300.052000000003,929016.0,969157.4,0.0008109654852062054,0.0037981067162424506,40,3.1999999999999997,1230.0800000000017,384.40000000000055
CCI_EXTREME_LOSING,RE-OPTIMIZED,2026-04-03 11:45:00.000000,2026-04-03 11:45:00.000000,2026-04-03 11:55:49.211091859,23398.5,23614.420222194556,CE,23800.0,OTM,307.52000000000044,335.07567920975464,27.555679209754203,1,50,15376.000000000022,1377.7839604877101,1337.7839604877101,8.960613686834732,True,TARGET_ACHIEVED,7.935751037507223,CCI re-optimized,0.5,-0.05,0.2,0.02,0.505480464152393,-0.058581408622730105,0.1801521391857352,0.01676178766849127,0.005480464152393005,-0.008581408622730102,-0.019847860814264817,-0.003238212331508731,94.27152109664816,23300.052000000003,929016.0,969157.4,0.0008109654852062054,0.0037981067162424506,40,3.1999999999999997,1230.0800000000017,384.40000000000055
MOMENTUM_REVERSAL_LOSING,RE-OPTIMIZED,2026-04-03 11:45:00.000000,2026-04-03 11:45:00.000000,2026-04-03 11:53:24.818075436,23398.5,23064.98178024688,CE,23800.0,OTM,307.52000000000044,330.55690449401015,23.03690449400972,1,50,15376.000000000022,1151.845224700486,1111.845224700486,7.491189026407937,True,TARGET_ACHIEVED,8.971704667752444,Momentum re-optimized,0.5,-0.05,0.2,0.02,0.5499639957684308,-0.04076415352286396,0.2163201156661412,0.01734343993224931,0.0499639957684308,0.009235846477136045,0.016320115666141194,-0.0026565600677506893,94.27152109664816,23300.052000000003,929016.0,969157.4,0.0008109654852062054,0.0037981067162424506,40,3.1999999999999997,1230.0800000000017,384.40000000000055
BOLLINGER_SQUEEZE_LOSING,RE-OPTIMIZED,2026-04-03 11:45:00.000000,2026-04-03 11:45:00.000000,2026-04-03 11:53:26.696977510,23398.5,23736.67615241817,CE,23800.0,OTM,307.52000000000044,331.55999252508394,24.039992525083505,1,50,15376.000000000022,1201.9996262541754,1161.9996262541754,7.817375300820588,True,TARGET_ACHIEVED,5.328487649855727,Bollinger re-optimized,0.5,-0.05,0.2,0.02,0.46759421788532407,-0.04250739830754929,0.20442332747894998,0.015387519359228862,-0.03240578211467593,0.007492601692450709,0.004423327478949968,-0.004612480640771138,94.27152109664816,23300.052000000003,929016.0,969157.4,0.0008109654852062054,0.0037981067162424506,40,3.1999999999999997,1230.0800000000017,384.40000000000055
BREAKOUT_REVERSAL_LOSING,RE-OPTIMIZED,2026-04-03 11:45:00.000000,2026-04-03 11:45:00.000000,2026-04-03 11:54:22.135845871,23398.5,23338.035047431735,CE,23800.0,OTM,307.52000000000044,340.45501493312815,32.93501493312772,1,50,15376.000000000022,1646.750746656386,1606.750746656386,10.70987738460187,True,TARGET_ACHIEVED,7.772218102838606,Breakout re-optimized,0.5,-0.05,0.2,0.02,0.5335398978224023,-0.04638723681932668,0.19683499206335112,0.021187015952038438,0.0335398978224023,0.0036127631806733215,-0.003165007936648895,0.0011870159520384373,94.27152109664816,23300.052000000003,929016.0,969157.4,0.0008109654852062054,0.0037981067162424506,40,3.1999999999999997,1230.0800000000017,384.40000000000055
MULTI_TIMEFRAME_LOSING,FROZEN,2026-04-03 12:00:00.000000,2026-04-03 12:00:00.000000,2026-04-03 12:08:00.400935889,23533.23,23959.30171769377,CE,23800.0,OTM,307.52000000000044,332.46209553817795,24.94209553817751,1,50,15376.000000000022,1247.1047769088755,1207.1047769088755,8.110723054818378,True,TARGET_ACHIEVED,5.387070474823707,Multi-timeframe frozen,0.5,-0.05,0.2,0.02,0.5049192495534742,-0.04148836400436909,0.19613317344152123,0.023549807201827522,0.004919249553474225,0.008511635995630915,-0.003866826558478781,0.003549807201827522,72.64115014757571,23431.874499999998,902283.0,1057939.3,0.0019572312819802207,0.003135566175998827,40,3.1999999999999997,1230.0800000000017,384.40000000000055
AI_ENHANCED_LOSING,FROZEN,2026-04-03 12:00:00.000000,2026-04-03 12:00:00.000000,2026-04-03 12:09:59.855431013,23533.23,23634.46680487699,CE,23800.0,OTM,307.52000000000044,340.69238891970826,33.17238891970783,1,50,15376.000000000022,1658.6194459853914,1618.6194459853914,10.787067156512675,True,TARGET_ACHIEVED,6.336959466367205,AI enhanced frozen,0.5,-0.05,0.2,0.02,0.46751411166916057,-0.057873856367953426,0.21273368449187285,0.018987137974760777,-0.03248588833083943,-0.007873856367953423,0.012733684491872843,-0.0010128620252392237,72.64115014757571,23431.874499999998,902283.0,1057939.3,0.0019572312819802207,0.003135566175998827,40,3.1999999999999997,1230.0800000000017,384.40000000000055
RSI_DIVERGENCE_LOSING,FROZEN,2026-04-03 12:00:00.000000,2026-04-03 12:00:00.000000,2026-04-03 12:10:56.427979619,23533.23,23302.127494664826,CE,23800.0,OTM,307.52000000000044,334.8347421163257,27.31474211632525,1,50,15376.000000000022,1365.7371058162626,1325.7371058162626,8.88226525634925,True,TARGET_ACHIEVED,5.854816110081626,RSI frozen,0.5,-0.05,0.2,0.02,0.4781572768805278,-0.05124539531778392,0.1870740835947659,0.020755030826038422,-0.021842723119472218,-0.0012453953177839205,-0.012925916405234106,0.000755030826038422,72.64115014757571,23431.874499999998,902283.0,1057939.3,0.0019572312819802207,0.003135566175998827,40,3.1999999999999997,1230.0800000000017,384.40000000000055
STOCHASTIC_OVERSOLD_LOSING,FROZEN,2026-04-03 12:00:00.000000,2026-04-03 12:00:00.000000,2026-04-03 12:05:29.549182063,23533.23,23938.08517108133,CE,23800.0,OTM,307.52000000000044,341.941974785844,34.42197478584359,1,50,15376.000000000022,1721.0987392921793,1681.0987392921793,11.193410115063585,True,TARGET_ACHIEVED,11.594040781385264,Stochastic frozen,0.5,-0.05,0.2,0.02,0.5267503687506042,-0.04392992128758996,0.18277027719509978,0.019260940920832567,0.026750368750604214,0.00607007871241004,-0.017229722804900233,-0.0007390590791674333,72.64115014757571,23431.874499999998,902283.0,1057939.3,0.0019572312819802207,0.003135566175998827,40,3.1999999999999997,1230.0800000000017,384.40000000000055
TREND_FOLLOWING_OPTIMIZED,FROZEN,2026-04-03 12:00:00.000000,2026-04-03 12:00:00.000000,2026-04-03 12:10:39.541496051,23533.23,23993.216431152683,CE,23800.0,OTM,307.52000000000044,302.93818341318564,-4.581816586814796,1,50,15376.000000000022,-229.0908293407398,-269.0908293407398,-1.489924748574008,False,STOP_LOSS,5.7853956920556655,Trend frozen,0.5,-0.05,0.2,0.02,0.5258480029589333,-0.04364977326970263,0.1840731552719167,0.019404894029970556,0.025848002958933303,0.006350226730297372,-0.01592684472808331,-0.0005951059700294442,72.64115014757571,23431.874499999998,902283.0,1057939.3,0.0019572312819802207,0.003135566175998827,40,3.1999999999999997,1230.0800000000017,384.40000000000055
STRONG_MOMENTUM_LOSING,FROZEN,2026-04-03 12:00:00.000000,2026-04-03 12:00:00.000000,2026-04-03 12:09:03.481046461,23533.23,23576.296390712225,CE,23800.0,OTM,307.52000000000044,341.286534961564,33.766534961563536,1,50,15376.000000000022,1688.326748078177,1648.326748078177,10.980272815284694,True,TARGET_ACHIEVED,8.32839732215999,Strong momentum frozen,0.5,-0.05,0.2,0.02,0.47204672651843127,-0.04032804327150426,0.19072893118812687,0.023938803917685075,-0.02795327348156873,0.009671956728495745,-0.009271068811873145,0.003938803917685075,72.64115014757571,23431.874499999998,902283.0,1057939.3,0.0019572312819802207,0.003135566175998827,40,3.1999999999999997,1230.0800000000017,384.40000000000055
MACD_DIVERGENCE_LOSING,RE-OPTIMIZED,2026-04-03 12:00:00.000000,2026-04-03 12:00:00.000000,2026-04-03 12:06:07.205480786,23533.23,23678.25016721384,CE,23800.0,OTM,307.52000000000044,330.3201991224981,22.800199122497645,1,50,15376.000000000022,1140.0099561248821,1100.0099561248821,7.414216676150367,True,TARGET_ACHIEVED,7.3281630751899,MACD re-optimized,0.5,-0.05,0.2,0.02,0.4966561595962207,-0.05630701045534183,0.20037938075108125,0.020692357993581937,-0.0033438404037792746,-0.0063070104553418285,0.0003793807510812375,0.0006923579935819366,72.64115014757571,23431.874499999998,902283.0,1057939.3,0.0019572312819802207,0.003135566175998827,40,3.1999999999999997,1230.0800000000017,384.40000000000055
CCI_EXTREME_LOSING,RE-OPTIMIZED,2026-04-03 12:00:00.000000,2026-04-03 12:00:00.000000,2026-04-03 12:11:58.263803528,23533.23,23645.81751985915,CE,23800.0,OTM,307.52000000000044,303.90289090340895,-3.6171090965914914,1,50,15376.000000000022,-180.85545482957457,-220.85545482957457,-1.1762191391101346,False,STOP_LOSS,10.015644457367536,CCI re-optimized,0.5,-0.05,0.2,0.02,0.49130304767865,-0.04101252510160135,0.20804519067047733,0.0170361460920871,-0.008696952321349982,0.00898747489839865,0.00804519067047732,-0.0029638539079129,72.64115014757571,23431.874499999998,902283.0,1057939.3,0.0019572312819802207,0.003135566175998827,40,3.1999999999999997,1230.0800000000017,384.40000000000055
MOMENTUM_REVERSAL_LOSING,RE-OPTIMIZED,2026-04-03 12:00:00.000000,2026-04-03 12:00:00.000000,2026-04-03 12:08:08.874480153,23533.23,23869.501097275526,CE,23800.0,OTM,307.52000000000044,329.85093334919173,22.330933349191298,1,50,15376.000000000022,1116.546667459565,1076.546667459565,7.261619845600699,True,TARGET_ACHIEVED,10.38050874719103,Momentum re-optimized,0.5,-0.05,0.2,0.02,0.5471363530833453,-0.04395833910171953,0.2136491199883983,0.02313962456719954,0.047136353083345295,0.006041660898280475,0.013649119988398295,0.003139624567199538,72.64115014757571,23431.874499999998,902283.0,1057939.3,0.0019572312819802207,0.003135566175998827,40,3.1999999999999997,1230.0800000000017,384.40000000000055
BOLLINGER_SQUEEZE_LOSING,RE-OPTIMIZED,2026-04-03 12:00:00.000000,2026-04-03 12:00:00.000000,2026-04-03 12:05:32.296461427,23533.23,23986.304376213706,CE,23800.0,OTM,307.52000000000044,330.94032515027146,23.420325150271026,1,50,15376.000000000022,1171.0162575135514,1131.0162575135514,7.6158705613524305,True,TARGET_ACHIEVED,11.113839256030067,Bollinger re-optimized,0.5,-0.05,0.2,0.02,0.5231749899457043,-0.05009935197989028,0.2166711780130009,0.019350857873841942,0.023174989945704327,-9.935197989027755e-05,0.016671178013000887,-0.0006491421261580581,72.64115014757571,23431.874499999998,902283.0,1057939.3,0.0019572312819802207,0.003135566175998827,40,3.1999999999999997,1230.0800000000017,384.40000000000055
BREAKOUT_REVERSAL_LOSING,RE-OPTIMIZED,2026-04-03 12:00:00.000000,2026-04-03 12:00:00.000000,2026-04-03 12:11:10.581067033,23533.23,23886.607053429576,CE,23800.0,OTM,307.52000000000044,302.7608678125293,-4.7591321874711525,1,50,15376.000000000022,-237.95660937355763,-277.9566093735576,-1.5475846083087754,False,STOP_LOSS,11.908885385321163,Breakout re-optimized,0.5,-0.05,0.2,0.02,0.46752585411893693,-0.05447894199873225,0.19417434806519276,0.023191715958874377,-0.032474145881063066,-0.00447894199873225,-0.005825651934807247,0.003191715958874377,72.64115014757571,23431.874499999998,902283.0,1057939.3,0.0019572312819802207,0.003135566175998827,40,3.1999999999999997,1230.0800000000017,384.40000000000055
MULTI_TIMEFRAME_LOSING,FROZEN,2026-04-03 12:15:00.000000,2026-04-03 12:15:00.000000,2026-04-03 12:21:37.800552597,23566.16,23478.87551563916,CE,23800.0,OTM,307.52000000000044,339.9788841175334,32.45888411753299,1,50,15376.000000000022,1622.9442058766494,1582.9442058766494,10.555048165170703,True,TARGET_ACHIEVED,9.186791844668875,Multi-timeframe frozen,0.5,-0.05,0.2,0.02,0.49405381056770736,-0.05873973983434342,0.19643996683391232,0.015494449804517082,-0.005946189432292637,-0.008739739834343417,-0.0035600331660876894,-0.004505550195482919,65.55971223021575,23530.587,501623.0,1036232.85,0.00025551630847697737,0.0031995030161893773,40,3.1999999999999997,1230.0800000000017,384.40000000000055
AI_ENHANCED_LOSING,FROZEN,2026-04-03 12:15:00.000000,2026-04-03 12:15:00.000000,2026-04-03 12:26:31.459708925,23566.16,23437.958535960242,CE,23800.0,OTM,307.52000000000044,302.45743700141963,-5.062562998580802,1,50,15376.000000000022,-253.1281499290401,-293.1281499290401,-1.6462548772700294,False,STOP_LOSS,6.5244715941888565,AI enhanced frozen,0.5,-0.05,0.2,0.02,0.4596368611551573,-0.048251214010836624,0.20595848998501823,0.017285976157514437,-0.040363138844842716,0.001748785989163379,0.005958489985018217,-0.0027140238424855634,65.55971223021575,23530.587,501623.0,1036232.85,0.00025551630847697737,0.0031995030161893773,40,3.1999999999999997,1230.0800000000017,384.40000000000055
RSI_DIVERGENCE_LOSING,FROZEN,2026-04-03 12:15:00.000000,2026-04-03 12:15:00.000000,2026-04-03 12:23:25.763334349,23566.16,23254.928663233728,CE,23800.0,OTM,307.52000000000044,337.76787258134027,30.247872581339834,1,50,15376.000000000022,1512.3936290669917,1472.3936290669917,9.83606678633578,True,TARGET_ACHIEVED,9.09412132871623,RSI frozen,0.5,-0.05,0.2,0.02,0.5340400915500484,-0.050666033696934204,0.1927095379320434,0.019784710052923874,0.03404009155004839,-0.0006660336969342012,-0.00729046206795661,-0.0002152899470761263,65.55971223021575,23530.587,501623.0,1036232.85,0.00025551630847697737,0.0031995030161893773,40,3.1999999999999997,1230.0800000000017,384.40000000000055
STOCHASTIC_OVERSOLD_LOSING,FROZEN,2026-04-03 12:15:00.000000,2026-04-03 12:15:00.000000,2026-04-03 12:23:22.102333731,23566.16,23856.69040181019,CE,23800.0,OTM,307.52000000000044,330.52865327396444,23.008653273964,1,50,15376.000000000022,1150.4326636982,1110.4326636982,7.482002235290051,True,TARGET_ACHIEVED,9.513461074396126,Stochastic frozen,0.5,-0.05,0.2,0.02,0.4686211111095093,-0.05450187327079639,0.20947974133018657,0.02211938174041443,-0.031378888890490675,-0.004501873270796389,0.009479741330186559,0.002119381740414431,65.55971223021575,23530.587,501623.0,1036232.85,0.00025551630847697737,0.0031995030161893773,40,3.1999999999999997,1230.0800000000017,384.40000000000055
TREND_FOLLOWING_OPTIMIZED,FROZEN,2026-04-03 12:15:00.000000,2026-04-03 12:15:00.000000,2026-04-03 12:25:01.699326097,23566.16,23517.661968161425,CE,23800.0,OTM,307.52000000000044,339.9540293353139,32.43402933531348,1,50,15376.000000000022,1621.701466765674,1581.701466765674,10.546965834844379,True,TARGET_ACHIEVED,8.764555982700315,Trend frozen,0.5,-0.05,0.2,0.02,0.5274380028825111,-0.049123797846495815,0.1814662846209367,0.02066466458894995,0.02743800288251108,0.0008762021535041881,-0.018533715379063315,0.0006646645889499501,65.55971223021575,23530.587,501623.0,1036232.85,0.00025551630847697737,0.0031995030161893773,40,3.1999999999999997,1230.0800000000017,384.40000000000055
MULTI_TIMEFRAME_LOSING,FROZEN,2026-04-03 12:30:00.000000,2026-04-03 12:30:00.000000,2026-04-03 12:37:22.344361583,23793.11,23795.296512838297,PE,23800.0,ATM,307.52000000000044,335.9718255187083,28.451825518707835,1,50,15376.000000000022,1422.5912759353919,1382.5912759353919,9.252024427259299,True,TARGET_ACHIEVED,8.170326421046544,Multi-timeframe frozen,0.5,-0.05,0.2,0.02,0.5281787824184185,-0.058434528342593314,0.19883265633067593,0.01846439056812054,0.028178782418418535,-0.008434528342593312,-0.0011673436693240835,-0.0015356094318794596,92.01667814245192,23671.2235,1122870.0,897568.8,-0.0005679090236627715,0.0011545359139684204,40,3.1999999999999997,1230.0800000000017,384.40000000000055
AI_ENHANCED_LOSING,FROZEN,2026-04-03 12:30:00.000000,2026-04-03 12:30:00.000000,2026-04-03 12:41:36.819489543,23793.11,23871.03342927305,PE,23800.0,ATM,307.52000000000044,332.97088742593775,25.45088742593731,1,50,15376.000000000022,1272.5443712968654,1232.5443712968654,8.276173070349008,True,TARGET_ACHIEVED,11.769303271092983,AI enhanced frozen,0.5,-0.05,0.2,0.02,0.4635501038776114,-0.05217295902727454,0.18563842418632304,0.024134294594792383,-0.03644989612238858,-0.002172959027274539,-0.014361575813676974,0.004134294594792382,92.01667814245192,23671.2235,1122870.0,897568.8,-0.0005679090236627715,0.0011545359139684204,40,3.1999999999999997,1230.0800000000017,384.40000000000055
RSI_DIVERGENCE_LOSING,FROZEN,2026-04-03 12:30:00.000000,2026-04-03 12:30:00.000000,2026-04-03 12:35:09.054567542,23793.11,24065.237799008497,PE,23800.0,ATM,307.52000000000044,331.0924340530539,23.572434053053485,1,50,15376.000000000022,1178.6217026526742,1138.6217026526742,7.665333654088662,True,TARGET_ACHIEVED,11.748615294338158,RSI frozen,0.5,-0.05,0.2,0.02,0.47394883654333764,-0.04660682983765882,0.2060794651105833,0.01916884763807615,-0.026051163456662363,0.003393170162341183,0.006079465110583299,-0.0008311523619238502,92.01667814245192,23671.2235,1122870.0,897568.8,-0.0005679090236627715,0.0011545359139684204,40,3.1999999999999997,1230.0800000000017,384.40000000000055
STOCHASTIC_OVERSOLD_LOSING,FROZEN,2026-04-03 12:30:00.000000,2026-04-03 12:30:00.000000,2026-04-03 12:35:25.703058203,23793.11,23753.911935761305,PE,23800.0,ATM,307.52000000000044,304.34303526879563,-3.176964731204805,1,50,15376.000000000022,-158.84823656024025,-198.84823656024025,-1.0330920692003123,False,STOP_LOSS,7.819467158684828,Stochastic frozen,0.5,-0.05,0.2,0.02,0.46148302408244213,-0.05080581839943618,0.19971235267006135,0.016308640190433252,-0.03851697591755787,-0.0008058183994361784,-0.0002876473299386617,-0.0036913598095667487,92.01667814245192,23671.2235,1122870.0,897568.8,-0.0005679090236627715,0.0011545359139684204,40,3.1999999999999997,1230.0800000000017,384.40000000000055
TREND_FOLLOWING_OPTIMIZED,FROZEN,2026-04-03 12:30:00.000000,2026-04-03 12:30:00.000000,2026-04-03 12:38:31.700145915,23793.11,24253.76636315043,PE,23800.0,ATM,307.52000000000044,304.02236137137214,-3.4976386286282946,1,50,15376.000000000022,-174.88193143141473,-214.88193143141473,-1.1373694812136739,False,STOP_LOSS,7.5301502629909685,Trend frozen,0.5,-0.05,0.2,0.02,0.5468532445776568,-0.054506802959593106,0.18589714100811888,0.017263243016473556,0.04685324457765683,-0.004506802959593104,-0.014102858991881129,-0.0027367569835264442,92.01667814245192,23671.2235,1122870.0,897568.8,-0.0005679090236627715,0.0011545359139684204,40,3.1999999999999997,1230.0800000000017,384.40000000000055
VOLUME_SPIKE_LOSING,FROZEN,2026-04-03 12:30:00.000000,2026-04-03 12:30:00.000000,2026-04-03 12:35:48.538999396,23793.11,23956.785422628585,PE,23800.0,ATM,307.52000000000044,332.07494002798506,24.554940027984628,1,50,15376.000000000022,1227.7470013992315,1187.7470013992315,7.984827012221837,True,TARGET_ACHIEVED,9.831196284782497,Volume frozen,0.5,-0.05,0.2,0.02,0.4982071527947755,-0.045544357407304,0.200812750196717,0.016160147434207246,-0.0017928472052244904,0.004455642592696006,0.000812750196716977,-0.003839852565792754,92.01667814245192,23671.2235,1122870.0,897568.8,-0.0005679090236627715,0.0011545359139684204,40,3.1999999999999997,1230.0800000000017,384.40000000000055
HIGH_VOLUME_LOSING,FROZEN,2026-04-03 12:30:00.000000,2026-04-03 12:30:00.000000,2026-04-03 12:40:03.737223707,23793.11,23327.42556936222,PE,23800.0,ATM,307.52000000000044,340.5952233557357,33.07522335573526,1,50,15376.000000000022,1653.761167786763,1613.761167786763,10.755470654180286,True,TARGET_ACHIEVED,7.015833448947292,High volume frozen,0.5,-0.05,0.2,0.02,0.5441916676395541,-0.04295755295913587,0.21753075419944135,0.02240367632894755,0.044191667639554066,0.007042447040864132,0.017530754199441334,0.00240367632894755,92.01667814245192,23671.2235,1122870.0,897568.8,-0.0005679090236627715,0.0011545359139684204,40,3.1999999999999997,1230.0800000000017,384.40000000000055
MACD_DIVERGENCE_LOSING,RE-OPTIMIZED,2026-04-03 12:30:00.000000,2026-04-03 12:30:00.000000,2026-04-03 12:41:23.900525859,23793.11,23350.155273696386,PE,23800.0,ATM,307.52000000000044,339.6424839394785,32.12248393947806,1,50,15376.000000000022,1606.124196973903,1566.124196973903,10.445656848165328,True,TARGET_ACHIEVED,11.936689258552622,MACD re-optimized,0.5,-0.05,0.2,0.02,0.5131271825808914,-0.04031902480178152,0.21836981272421946,0.015986875813137312,0.013127182580891406,0.009680975198218485,0.018369812724219448,-0.004013124186862688,92.01667814245192,23671.2235,1122870.0,897568.8,-0.0005679090236627715,0.0011545359139684204,40,3.1999999999999997,1230.0800000000017,384.40000000000055
BOLLINGER_SQUEEZE_LOSING,RE-OPTIMIZED,2026-04-03 12:30:00.000000,2026-04-03 12:30:00.000000,2026-04-03 12:37:22.117226112,23793.11,23973.410321654424,PE,23800.0,ATM,307.52000000000044,329.78110899015286,22.261108990152422,1,50,15376.000000000022,1113.0554495076212,1073.0554495076212,7.238914213759233,True,TARGET_ACHIEVED,7.487954918795234,Bollinger re-optimized,0.5,-0.05,0.2,0.02,0.49774578849729456,-0.055041532517683185,0.18631113805266766,0.016396789766016655,-0.002254211502705439,-0.005041532517683182,-0.013688861947332348,-0.0036032102339833456,92.01667814245192,23671.2235,1122870.0,897568.8,-0.0005679090236627715,0.0011545359139684204,40,3.1999999999999997,1230.0800000000017,384.40000000000055
BREAKOUT_REVERSAL_LOSING,RE-OPTIMIZED,2026-04-03 12:30:00.000000,2026-04-03 12:30:00.000000,2026-04-03 12:41:08.097127844,23793.11,23880.98315254217,PE,23800.0,ATM,307.52000000000044,302.8432398020138,-4.676760197986653,1,50,15376.000000000022,-233.83800989933263,-273.83800989933263,-1.5207987116241695,False,STOP_LOSS,6.668468062640405,Breakout re-optimized,0.5,-0.05,0.2,0.02,0.4805348502626995,-0.050369041910301095,0.2094545750398943,0.02161001242838065,-0.019465149737300513,-0.00036904191030109196,0.009454575039894275,0.0016100124283806479,92.01667814245192,23671.2235,1122870.0,897568.8,-0.0005679090236627715,0.0011545359139684204,40,3.1999999999999997,1230.0800000000017,384.40000000000055
MULTI_TIMEFRAME_LOSING,FROZEN,2026-04-03 12:45:00.000000,2026-04-03 12:45:00.000000,2026-04-03 12:52:42.380622209,23779.78,24208.050643420433,PE,23800.0,ATM,307.52000000000044,340.3757537496786,32.85575374967817,1,50,15376.000000000022,1642.7876874839085,1602.7876874839085,10.684103066362553,True,TARGET_ACHIEVED,7.210577982188129,Multi-timeframe frozen,0.5,-0.05,0.2,0.02,0.4731600927998407,-0.05613534091699456,0.18071791521709155,0.02414939619005542,-0.026839907200159274,-0.00613534091699456,-0.019282084782908465,0.004149396190055419,47.08567564140482,23806.760000000002,1742638.0,1058093.55,-0.0018745456346508371,0.0015353380056501113,40,3.1999999999999997,1230.0800000000017,384.40000000000055
AI_ENHANCED_LOSING,FROZEN,2026-04-03 12:45:00.000000,2026-04-03 12:45:00.000000,2026-04-03 12:54:38.835014524,23779.78,23979.723160614525,PE,23800.0,ATM,307.52000000000044,341.83715281927806,34.317152819277624,1,50,15376.000000000022,1715.8576409638813,1675.8576409638813,11.15932388764229,True,TARGET_ACHIEVED,8.975547493127673,AI enhanced frozen,0.5,-0.05,0.2,0.02,0.5050338203830844,-0.05355736987267917,0.2039329035744589,0.018250923015770117,0.00503382038308442,-0.0035573698726791697,0.003932903574458885,-0.0017490769842298838,47.08567564140482,23806.760000000002,1742638.0,1058093.55,-0.0018745456346508371,0.0015353380056501113,40,3.1999999999999997,1230.0800000000017,384.40000000000055
TREND_FOLLOWING_OPTIMIZED,FROZEN,2026-04-03 12:45:00.000000,2026-04-03 12:45:00.000000,2026-04-03 12:50:16.589108085,23779.78,24206.91076609903,PE,23800.0,ATM,307.52000000000044,332.3833844240947,24.86338442409425,1,50,15376.000000000022,1243.1692212047124,1203.1692212047124,8.085127609291822,True,TARGET_ACHIEVED,6.2566622417385735,Trend frozen,0.5,-0.05,0.2,0.02,0.5286150812412459,-0.057904407941923676,0.21760554827341266,0.020281333693112087,0.0286150812412459,-0.007904407941923673,0.017605548273412652,0.00028133369311208675,47.08567564140482,23806.760000000002,1742638.0,1058093.55,-0.0018745456346508371,0.0015353380056501113,40,3.1999999999999997,1230.0800000000017,384.40000000000055
VOLUME_SPIKE_LOSING,FROZEN,2026-04-03 12:45:00.000000,2026-04-03 12:45:00.000000,2026-04-03 12:51:47.395418898,23779.78,23419.237638884846,PE,23800.0,ATM,307.52000000000044,340.1510618647497,32.631061864749256,1,50,15376.000000000022,1631.5530932374627,1591.5530932374627,10.61103728692417,True,TARGET_ACHIEVED,10.913896848105104,Volume frozen,0.5,-0.05,0.2,0.02,0.5123838278235261,-0.04158655039448446,0.21950105005528428,0.02248918394205108,0.012383827823526095,0.008413449605515544,0.01950105005528427,0.0024891839420510785,47.08567564140482,23806.760000000002,1742638.0,1058093.55,-0.0018745456346508371,0.0015353380056501113,40,3.1999999999999997,1230.0800000000017,384.40000000000055
HIGH_VOLUME_LOSING,FROZEN,2026-04-03 12:45:00.000000,2026-04-03 12:45:00.000000,2026-04-03 12:51:45.394539382,23779.78,23799.351406430193,PE,23800.0,ATM,307.52000000000044,333.7971778164634,26.277177816462938,1,50,15376.000000000022,1313.8588908231468,1273.8588908231468,8.544867916383616,True,TARGET_ACHIEVED,6.459165389845353,High volume frozen,0.5,-0.05,0.2,0.02,0.5291047303928793,-0.056783271904444765,0.2051009287239918,0.024839757686014274,0.029104730392879308,-0.006783271904444763,0.005100928723991788,0.004839757686014273,47.08567564140482,23806.760000000002,1742638.0,1058093.55,-0.0018745456346508371,0.0015353380056501113,40,3.1999999999999997,1230.0800000000017,384.40000000000055
STRONG_MOMENTUM_LOSING,FROZEN,2026-04-03 12:45:00.000000,2026-04-03 12:45:00.000000,2026-04-03 12:52:04.549103348,23779.78,24086.485778083475,PE,23800.0,ATM,307.52000000000044,336.97837122891036,29.458371228909925,1,50,15376.000000000022,1472.9185614454964,1432.9185614454964,9.579335077038854,True,TARGET_ACHIEVED,7.635686746819154,Strong momentum frozen,0.5,-0.05,0.2,0.02,0.4831403120260803,-0.043309949513330205,0.200700362326867,0.024790729893323617,-0.01685968797391968,0.006690050486669798,0.0007003623268669878,0.004790729893323617,47.08567564140482,23806.760000000002,1742638.0,1058093.55,-0.0018745456346508371,0.0015353380056501113,40,3.1999999999999997,1230.0800000000017,384.40000000000055
MACD_DIVERGENCE_LOSING,RE-OPTIMIZED,2026-04-03 12:45:00.000000,2026-04-03 12:45:00.000000,2026-04-03 12:53:07.562493968,23779.78,23488.609713714664,PE,23800.0,ATM,307.52000000000044,331.1427238380537,23.622723838053275,1,50,15376.000000000022,1181.1361919026638,1141.1361919026638,7.68168699208287,True,TARGET_ACHIEVED,9.376944621845402,MACD re-optimized,0.5,-0.05,0.2,0.02,0.5011197524997486,-0.04149481527007781,0.2081483535283636,0.019958424883312308,0.0011197524997486052,0.008505184729922191,0.0081483535283636,-4.157511668769279e-05,47.08567564140482,23806.760000000002,1742638.0,1058093.55,-0.0018745456346508371,0.0015353380056501113,40,3.1999999999999997,1230.0800000000017,384.40000000000055
CCI_EXTREME_LOSING,RE-OPTIMIZED,2026-04-03 12:45:00.000000,2026-04-03 12:45:00.000000,2026-04-03 12:56:42.035620460,23779.78,23520.36693330435,PE,23800.0,ATM,307.52000000000044,340.7188291607279,33.198829160727485,1,50,15376.000000000022,1659.9414580363741,1619.9414580363741,10.795665049664228,True,TARGET_ACHIEVED,10.711988923297051,CCI re-optimized,0.5,-0.05,0.2,0.02,0.5166653064727669,-0.0520487207171795,0.19169060848809466,0.020963334830876784,0.016665306472766872,-0.0020487207171795002,-0.00830939151190535,0.0009633348308767838,47.08567564140482,23806.760000000002,1742638.0,1058093.55,-0.0018745456346508371,0.0015353380056501113,40,3.1999999999999997,1230.0800000000017,384.40000000000055
MOMENTUM_REVERSAL_LOSING,RE-OPTIMIZED,2026-04-03 12:45:00.000000,2026-04-03 12:45:00.000000,2026-04-03 12:51:20.470811861,23779.78,23876.530954628113,PE,23800.0,ATM,307.52000000000044,338.70044762385453,31.180447623854093,1,50,15376.000000000022,1559.0223811927046,1519.0223811927046,10.139323498911956,True,TARGET_ACHIEVED,11.26680168276941,Momentum re-optimized,0.5,-0.05,0.2,0.02,0.46761610587109825,-0.04869278192389282,0.21734039190351545,0.01828076323964754,-0.03238389412890175,0.001307218076107182,0.01734039190351544,-0.0017192367603524605,47.08567564140482,23806.760000000002,1742638.0,1058093.55,-0.0018745456346508371,0.0015353380056501113,40,3.1999999999999997,1230.0800000000017,384.40000000000055
MULTI_TIMEFRAME_LOSING,FROZEN,2026-04-03 13:00:00.000000,2026-04-03 13:00:00.000000,2026-04-03 13:08:50.955100760,24011.97,23910.58388949868,CE,24000.0,ATM,207.52000000000044,224.2447219751319,16.724721975131473,1,50,10376.000000000022,836.2360987565737,796.2360987565737,8.059330173058713,True,TARGET_ACHIEVED,7.046348734560816,Multi-timeframe frozen,0.5,-0.05,0.2,0.02,0.47102898803808485,-0.050659866827559574,0.1800762172784373,0.024431108230800698,-0.02897101196191515,-0.0006598668275595715,-0.0199237827215627,0.004431108230800698,85.4487614826468,23887.756,1083720.0,1043083.2,0.00030410749241727153,0.003977599505579858,40,3.1999999999999997,830.0800000000017,259.40000000000055
AI_ENHANCED_LOSING,FROZEN,2026-04-03 13:00:00.000000,2026-04-03 13:00:00.000000,2026-04-03 13:05:50.681060862,24011.97,23776.2430366758,CE,24000.0,ATM,207.52000000000044,229.1648958005482,21.644895800547772,1,50,10376.000000000022,1082.2447900273887,1042.2447900273887,10.430269757395783,True,TARGET_ACHIEVED,7.315201212438625,AI enhanced frozen,0.5,-0.05,0.2,0.02,0.5426923052029127,-0.052435682744875,0.2114335195836124,0.016279200349309922,0.04269230520291267,-0.0024356827448749965,0.011433519583612384,-0.0037207996506900785,85.4487614826468,23887.756,1083720.0,1043083.2,0.00030410749241727153,0.003977599505579858,40,3.1999999999999997,830.0800000000017,259.40000000000055
RSI_DIVERGENCE_LOSING,FROZEN,2026-04-03 13:00:00.000000,2026-04-03 13:00:00.000000,2026-04-03 13:05:07.320198338,24011.97,24239.092985710795,CE,24000.0,ATM,207.52000000000044,222.88131280985317,15.361312809852734,1,50,10376.000000000022,768.0656404926367,728.0656404926367,7.402328840522697,True,TARGET_ACHIEVED,7.910908462502393,RSI frozen,0.5,-0.05,0.2,0.02,0.47423291372502985,-0.04218841431681524,0.2116032587099378,0.02287517239643487,-0.025767086274970152,0.007811585683184762,0.01160325870993778,0.00287517239643487,85.4487614826468,23887.756,1083720.0,1043083.2,0.00030410749241727153,0.003977599505579858,40,3.1999999999999997,830.0800000000017,259.40000000000055
STOCHASTIC_OVERSOLD_LOSING,FROZEN,2026-04-03 13:00:00.000000,2026-04-03 13:00:00.000000,2026-04-03 13:05:49.528957509,24011.97,23960.31589250704,CE,24000.0,ATM,207.52000000000044,229.81345909556714,22.293459095566703,1,50,10376.000000000022,1114.6729547783352,1074.6729547783352,10.742800258079537,True,TARGET_ACHIEVED,8.252011526067239,Stochastic frozen,0.5,-0.05,0.2,0.02,0.46415845669278577,-0.055062738073104744,0.19916901750959082,0.01876965476787435,-0.03584154330721423,-0.005062738073104742,-0.0008309824904091934,-0.0012303452321256493,85.4487614826468,23887.756,1083720.0,1043083.2,0.00030410749241727153,0.003977599505579858,40,3.1999999999999997,830.0800000000017,259.40000000000055
TREND_FOLLOWING_OPTIMIZED,FROZEN,2026-04-03 13:00:00.000000,2026-04-03 13:00:00.000000,2026-04-03 13:07:41.559125623,24011.97,23958.437556262692,CE,24000.0,ATM,207.52000000000044,227.73622709085618,20.21622709085574,1,50,10376.000000000022,1010.811354542787,970.811354542787,9.741821073080038,True,TARGET_ACHIEVED,10.474164871204728,Trend frozen,0.5,-0.05,0.2,0.02,0.4903111821923594,-0.05520464620351148,0.19595777745312495,0.021786612226042806,-0.009688817807640582,-0.005204646203511479,-0.004042222546875057,0.001786612226042806,85.4487614826468,23887.756,1083720.0,1043083.2,0.00030410749241727153,0.003977599505579858,40,3.1999999999999997,830.0800000000017,259.40000000000055
BOLLINGER_SQUEEZE_LOSING,RE-OPTIMIZED,2026-04-03 13:00:00.000000,2026-04-03 13:00:00.000000,2026-04-03 13:06:34.896010688,24011.97,23740.501452229775,CE,24000.0,ATM,207.52000000000044,226.85024099261398,19.33024099261354,1,50,10376.000000000022,966.512049630677,926.512049630677,9.314880971768263,True,TARGET_ACHIEVED,10.518716222599028,Bollinger re-optimized,0.5,-0.05,0.2,0.02,0.4895696606637901,-0.04552813258760502,0.20957097433237143,0.017860336159258944,-0.010430339336209904,0.004471867412394984,0.009570974332371418,-0.0021396638407410566,85.4487614826468,23887.756,1083720.0,1043083.2,0.00030410749241727153,0.003977599505579858,40,3.1999999999999997,830.0800000000017,259.40000000000055
BREAKOUT_REVERSAL_LOSING,RE-OPTIMIZED,2026-04-03 13:00:00.000000,2026-04-03 13:00:00.000000,2026-04-03 13:07:55.403308649,24011.97,24280.22376265988,CE,24000.0,ATM,207.52000000000044,228.87860323147277,21.35860323147233,1,50,10376.000000000022,1067.9301615736165,1027.9301615736165,10.292310732205227,True,TARGET_ACHIEVED,5.851944134763344,Breakout re-optimized,0.5,-0.05,0.2,0.02,0.5458165769381186,-0.058535583745931014,0.18898353308485405,0.022786413551719086,0.04581657693811858,-0.00853558374593101,-0.011016466915145962,0.002786413551719085,85.4487614826468,23887.756,1083720.0,1043083.2,0.00030410749241727153,0.003977599505579858,40,3.1999999999999997,830.0800000000017,259.40000000000055
MULTI_TIMEFRAME_LOSING,FROZEN,2026-04-03 13:15:00.000000,2026-04-03 13:15:00.000000,2026-04-03 13:20:19.233642786,24078.46,24510.73557687913,CE,24100.0,ATM,157.52000000000044,153.98547300775553,-3.5345269922449063,1,50,7876.000000000022,-176.72634961224531,-216.72634961224531,-2.2438591875602443,False,STOP_LOSS,10.425463895032454,Multi-timeframe frozen,0.5,-0.05,0.2,0.02,0.4586874860117638,-0.040423867186695245,0.20929565687911506,0.016186186692776435,-0.04131251398823621,0.009576132813304758,0.009295656879115044,-0.0038138133072235653,71.36267232237547,24022.590999999997,1030373.0,925755.4,0.00017529109953207112,0.004831289044232817,40,3.1999999999999997,630.0800000000017,196.90000000000055
AI_ENHANCED_LOSING,FROZEN,2026-04-03 13:15:00.000000,2026-04-03 13:15:00.000000,2026-04-03 13:20:47.289850560,24078.46,24080.494324586653,CE,24100.0,ATM,157.52000000000044,174.48269299619375,16.96269299619331,1,50,7876.000000000022,848.1346498096656,808.1346498096656,10.768596366298416,True,TARGET_ACHIEVED,6.306347388305451,AI enhanced frozen,0.5,-0.05,0.2,0.02,0.5380672890480237,-0.05082178243202415,0.19396920874138565,0.02436775162203184,0.0380672890480237,-0.0008217824320241457,-0.00603079125861436,0.004367751622031839,71.36267232237547,24022.590999999997,1030373.0,925755.4,0.00017529109953207112,0.004831289044232817,40,3.1999999999999997,630.0800000000017,196.90000000000055
RSI_DIVERGENCE_LOSING,FROZEN,2026-04-03 13:15:00.000000,2026-04-03 13:15:00.000000,2026-04-03 13:22:27.280387632,24078.46,23912.562196768296,CE,24100.0,ATM,157.52000000000044,169.31708805324672,11.797088053246284,1,50,7876.000000000022,589.8544026623142,549.8544026623142,7.489263619379286,True,TARGET_ACHIEVED,10.61593467646692,RSI frozen,0.5,-0.05,0.2,0.02,0.45863418276450296,-0.04791957292069747,0.19000509071020708,0.016913014584794696,-0.04136581723549704,0.0020804270793025326,-0.009994909289792936,-0.0030869854152053046,71.36267232237547,24022.590999999997,1030373.0,925755.4,0.00017529109953207112,0.004831289044232817,40,3.1999999999999997,630.0800000000017,196.90000000000055
STOCHASTIC_OVERSOLD_LOSING,FROZEN,2026-04-03 13:15:00.000000,2026-04-03 13:15:00.000000,2026-04-03 13:23:56.646878704,24078.46,23651.31022226807,CE,24100.0,ATM,157.52000000000044,170.72968170983847,13.209681709838037,1,50,7876.000000000022,660.4840854919019,620.4840854919019,8.386034605026664,True,TARGET_ACHIEVED,11.646814983523328,Stochastic frozen,0.5,-0.05,0.2,0.02,0.5327731067670155,-0.0488095820851714,0.18188936054930896,0.024880084096335724,0.0327731067670155,0.001190417914828601,-0.018110639450691052,0.004880084096335724,71.36267232237547,24022.590999999997,1030373.0,925755.4,0.00017529109953207112,0.004831289044232817,40,3.1999999999999997,630.0800000000017,196.90000000000055
TREND_FOLLOWING_OPTIMIZED,FROZEN,2026-04-03 13:15:00.000000,2026-04-03 13:15:00.000000,2026-04-03 13:24:26.222868977,24078.46,24370.697656112945,CE,24100.0,ATM,157.52000000000044,155.18134766516613,-2.3386523348343076,1,50,7876.000000000022,-116.93261674171538,-156.93261674171538,-1.4846700957556507,False,STOP_LOSS,9.513998251088955,Trend frozen,0.5,-0.05,0.2,0.02,0.5177433562549548,-0.05209701131129378,0.19683082279412223,0.024582129251032814,0.017743356254954823,-0.0020970113112937783,-0.0031691772058777823,0.004582129251032813,71.36267232237547,24022.590999999997,1030373.0,925755.4,0.00017529109953207112,0.004831289044232817,40,3.1999999999999997,630.0800000000017,196.90000000000055
HIGH_VOLUME_LOSING,FROZEN,2026-04-03 13:15:00.000000,2026-04-03 13:15:00.000000,2026-04-03 13:23:52.182968139,24078.46,24427.480004215082,CE,24100.0,ATM,157.52000000000044,169.9527089723445,12.432708972344074,1,50,7876.000000000022,621.6354486172037,581.6354486172037,7.892781216571889,True,TARGET_ACHIEVED,10.639095978752652,High volume frozen,0.5,-0.05,0.2,0.02,0.5037322175709336,-0.04984058467389833,0.20182449008011213,0.021969783339940027,0.0037322175709335603,0.00015941532610166953,0.0018244900801121233,0.0019697833399400268,71.36267232237547,24022.590999999997,1030373.0,925755.4,0.00017529109953207112,0.004831289044232817,40,3.1999999999999997,630.0800000000017,196.90000000000055
BOLLINGER_SQUEEZE_LOSING,RE-OPTIMIZED,2026-04-03 13:15:00.000000,2026-04-03 13:15:00.000000,2026-04-03 13:24:42.937861765,24078.46,24415.87600920622,CE,24100.0,ATM,157.52000000000044,155.68251835827633,-1.8374816417241107,1,50,7876.000000000022,-91.87408208620553,-131.87408208620553,-1.1665068827603515,False,STOP_LOSS,11.800119227233838,Bollinger re-optimized,0.5,-0.05,0.2,0.02,0.5370058744732954,-0.042556215928389395,0.21976765814773297,0.017657410271574296,0.0370058744732954,0.007443784071610608,0.019767658147732958,-0.0023425897284257043,71.36267232237547,24022.590999999997,1030373.0,925755.4,0.00017529109953207112,0.004831289044232817,40,3.1999999999999997,630.0800000000017,196.90000000000055
MULTI_TIMEFRAME_LOSING,FROZEN,2026-04-03 13:30:00.000000,2026-04-03 13:30:00.000000,2026-04-03 13:38:28.153753409,24315.83,24743.433410070433,CE,24300.0,ATM,57.52000000000044,62.27415540484154,4.7541554048411,1,50,2876.000000000022,237.707770242055,197.707770242055,8.26522149659434,True,TARGET_ACHIEVED,11.727936431667509,Multi-timeframe frozen,0.5,-0.05,0.2,0.02,0.521771580008848,-0.05166620868202795,0.2117973802877365,0.023098760367699176,0.021771580008848046,-0.0016662086820279504,0.011797380287736497,0.0030987603676991757,87.01459730598025,24160.347,1026066.0,947902.7,0.0014163080937541483,0.00321354442764238,40,3.1999999999999997,230.08000000000175,71.90000000000055
AI_ENHANCED_LOSING,FROZEN,2026-04-03 13:30:00.000000,2026-04-03 13:30:00.000000,2026-04-03 13:37:41.491570341,24315.83,24192.438836260095,CE,24300.0,ATM,57.52000000000044,56.757249585173625,-0.7627504148268116,1,50,2876.000000000022,-38.13752074134058,-78.13752074134058,-1.3260612218824857,False,STOP_LOSS,5.920999625140849,AI enhanced frozen,0.5,-0.05,0.2,0.02,0.5243157269902653,-0.05500455958835083,0.18709711676353524,0.02351650015585888,0.024315726990265296,-0.005004559588350825,-0.012902883236464768,0.00351650015585888,87.01459730598025,24160.347,1026066.0,947902.7,0.0014163080937541483,0.00321354442764238,40,3.1999999999999997,230.08000000000175,71.90000000000055
RSI_DIVERGENCE_LOSING,FROZEN,2026-04-03 13:30:00.000000,2026-04-03 13:30:00.000000,2026-04-03 13:40:36.261749245,24315.83,24650.36137830325,CE,24300.0,ATM,57.52000000000044,62.870596292247114,5.350596292246678,1,50,2876.000000000022,267.5298146123339,227.5298146123339,9.302149325880801,True,TARGET_ACHIEVED,10.331219896788895,RSI frozen,0.5,-0.05,0.2,0.02,0.4659957308003355,-0.044113121972284355,0.19424662469371173,0.018350305387279123,-0.03400426919966448,0.005886878027715647,-0.0057533753062882775,-0.0016496946127208777,87.01459730598025,24160.347,1026066.0,947902.7,0.0014163080937541483,0.00321354442764238,40,3.1999999999999997,230.08000000000175,71.90000000000055
STOCHASTIC_OVERSOLD_LOSING,FROZEN,2026-04-03 13:30:00.000000,2026-04-03 13:30:00.000000,2026-04-03 13:37:48.813955830,24315.83,23941.89743249953,CE,24300.0,ATM,57.52000000000044,62.685802702877815,5.165802702877379,1,50,2876.000000000022,258.29013514386895,218.29013514386895,8.980880915989813,True,TARGET_ACHIEVED,7.611828566181422,Stochastic frozen,0.5,-0.05,0.2,0.02,0.4804811507890885,-0.045621545600193145,0.21976018983829762,0.01749094490156608,-0.019518849210911515,0.004378454399806858,0.01976018983829761,-0.0025090550984339204,87.01459730598025,24160.347,1026066.0,947902.7,0.0014163080937541483,0.00321354442764238,40,3.1999999999999997,230.08000000000175,71.90000000000055
TREND_FOLLOWING_OPTIMIZED,FROZEN,2026-04-03 13:30:00.000000,2026-04-03 13:30:00.000000,2026-04-03 13:38:03.337449900,24315.83,23953.63520969558,CE,24300.0,ATM,57.52000000000044,62.7617628197228,5.241762819722361,1,50,2876.000000000022,262.08814098611805,222.08814098611805,9.112939533592353,True,TARGET_ACHIEVED,8.3098836001938,Trend frozen,0.5,-0.05,0.2,0.02,0.5249036453346211,-0.057421322638935735,0.19195079971645249,0.02224618752440708,0.024903645334621083,-0.007421322638935732,-0.008049200283547525,0.0022461875244070804,87.01459730598025,24160.347,1026066.0,947902.7,0.0014163080937541483,0.00321354442764238,40,3.1999999999999997,230.08000000000175,71.90000000000055
STRONG_MOMENTUM_LOSING,FROZEN,2026-04-03 13:30:00.000000,2026-04-03 13:30:00.000000,2026-04-03 13:35:58.557215028,24315.83,23934.193287480444,CE,24300.0,ATM,57.52000000000044,63.285120643765694,5.765120643765258,1,50,2876.000000000022,288.2560321882629,248.2560321882629,10.022810576782362,True,TARGET_ACHIEVED,8.910397486627812,Strong momentum frozen,0.5,-0.05,0.2,0.02,0.4739159359424558,-0.050984114614959546,0.18279841165978367,0.02013928491516525,-0.02608406405754421,-0.0009841146149595428,-0.017201588340216345,0.00013928491516524907,87.01459730598025,24160.347,1026066.0,947902.7,0.0014163080937541483,0.00321354442764238,40,3.1999999999999997,230.08000000000175,71.90000000000055
MACD_DIVERGENCE_LOSING,RE-OPTIMIZED,2026-04-03 13:30:00.000000,2026-04-03 13:30:00.000000,2026-04-03 13:40:30.118842191,24315.83,24418.563396536145,CE,24300.0,ATM,57.52000000000044,62.95951403560695,5.439514035606514,1,50,2876.000000000022,271.9757017803257,231.97570178032572,9.45673511058149,True,TARGET_ACHIEVED,5.617067557682701,MACD re-optimized,0.5,-0.05,0.2,0.02,0.5211080850395309,-0.04930854139059353,0.1927341909709712,0.01825432288605236,0.021108085039530877,0.0006914586094064756,-0.007265809029028819,-0.0017456771139476406,87.01459730598025,24160.347,1026066.0,947902.7,0.0014163080937541483,0.00321354442764238,40,3.1999999999999997,230.08000000000175,71.90000000000055
CCI_EXTREME_LOSING,RE-OPTIMIZED,2026-04-03 13:30:00.000000,2026-04-03 13:30:00.000000,2026-04-03 13:36:01.314027730,24315.83,24514.446220737944,CE,24300.0,ATM,57.52000000000044,62.939953720065915,5.419953720065479,1,50,2876.000000000022,270.99768600327394,230.99768600327394,9.422728998722944,True,TARGET_ACHIEVED,8.518716645513516,CCI re-optimized,0.5,-0.05,0.2,0.02,0.4835466988547686,-0.05637283568181653,0.21683467262141787,0.02149388015010932,-0.016453301145231414,-0.006372835681816527,0.016834672621417857,0.0014938801501093203,87.01459730598025,24160.347,1026066.0,947902.7,0.0014163080937541483,0.00321354442764238,40,3.1999999999999997,230.08000000000175,71.90000000000055
MOMENTUM_REVERSAL_LOSING,RE-OPTIMIZED,2026-04-03 13:30:00.000000,2026-04-03 13:30:00.000000,2026-04-03 13:35:19.272925276,24315.83,24689.001382933795,CE,24300.0,ATM,57.52000000000044,61.997280142650574,4.477280142650137,1,50,2876.000000000022,223.86400713250686,183.86400713250686,7.783866729224796,True,TARGET_ACHIEVED,9.820537992355131,Momentum re-optimized,0.5,-0.05,0.2,0.02,0.5388292738987555,-0.055349876595735106,0.1911734030600373,0.022718191098648886,0.038829273898755456,-0.0053498765957351035,-0.008826596939962711,0.002718191098648886,87.01459730598025,24160.347,1026066.0,947902.7,0.0014163080937541483,0.00321354442764238,40,3.1999999999999997,230.08000000000175,71.90000000000055
BOLLINGER_SQUEEZE_LOSING,RE-OPTIMIZED,2026-04-03 13:30:00.000000,2026-04-03 13:30:00.000000,2026-04-03 13:36:01.122096671,24315.83,24574.14483913453,CE,24300.0,ATM,57.52000000000044,63.34589610644649,5.825896106446052,1,50,2876.000000000022,291.29480532230264,251.29480532230264,10.128470282416565,True,TARGET_ACHIEVED,11.230989225112422,Bollinger re-optimized,0.5,-0.05,0.2,0.02,0.5457807180605632,-0.04644204047739288,0.1937284936869733,0.02161817332663189,0.045780718060563164,0.0035579595226071237,-0.006271506313026698,0.0016181733266318887,87.01459730598025,24160.347,1026066.0,947902.7,0.0014163080937541483,0.00321354442764238,40,3.1999999999999997,230.08000000000175,71.90000000000055
BREAKOUT_REVERSAL_LOSING,RE-OPTIMIZED,2026-04-03 13:30:00.000000,2026-04-03 13:30:00.000000,2026-04-03 13:38:18.688427715,24315.83,24065.75050949845,CE,24300.0,ATM,57.52000000000044,62.03073468156527,4.510734681564834,1,50,2876.000000000022,225.5367340782417,185.5367340782417,7.8420283059193325,True,TARGET_ACHIEVED,5.164428875215286,Breakout re-optimized,0.5,-0.05,0.2,0.02,0.4905549703112769,-0.05406201673744739,0.19489521550806624,0.024297710859997487,-0.009445029688723072,-0.0040620167374473895,-0.005104784491933773,0.004297710859997486,87.01459730598025,24160.347,1026066.0,947902.7,0.0014163080937541483,0.00321354442764238,40,3.1999999999999997,230.08000000000175,71.90000000000055
MULTI_TIMEFRAME_LOSING,FROZEN,2026-04-03 13:45:00.000000,2026-04-03 13:45:00.000000,2026-04-03 13:55:32.013646268,24388.72,24336.583025333086,PE,24400.0,ATM,7.520000000000437,7.430212051425356,-0.08978794857508099,1,50,376.0000000000218,-4.4893974287540495,-44.489397428754046,-1.1939886778600501,False,STOP_LOSS,9.07149088140103,Multi-timeframe frozen,0.5,-0.05,0.2,0.02,0.49795188193856993,-0.053314569965077774,0.2004699313357597,0.01968199025865797,-0.002048118061430071,-0.003314569965077771,0.0004699313357596768,-0.00031800974134203047,66.61235633449361,24305.442000000003,873850.0,935724.1,-0.00014307846644479039,0.005439399853702853,40,3.1999999999999997,30.080000000001746,9.400000000000546
AI_ENHANCED_LOSING,FROZEN,2026-04-03 13:45:00.000000,2026-04-03 13:45:00.000000,2026-04-03 13:52:58.465142284,24388.72,24712.545190058652,PE,24400.0,ATM,7.520000000000437,8.072776159923873,0.552776159923436,1,50,376.0000000000218,27.6388079961718,-12.3611920038282,7.350746807492073,True,TARGET_ACHIEVED,11.806973977548761,AI enhanced frozen,0.5,-0.05,0.2,0.02,0.5451030415337625,-0.055289510514160166,0.19887808211793834,0.015213414718956323,0.045103041533762545,-0.005289510514160163,-0.0011219178820616738,-0.004786585281043677,66.61235633449361,24305.442000000003,873850.0,935724.1,-0.00014307846644479039,0.005439399853702853,40,3.1999999999999997,30.080000000001746,9.400000000000546
RSI_DIVERGENCE_LOSING,FROZEN,2026-04-03 13:45:00.000000,2026-04-03 13:45:00.000000,2026-04-03 13:55:40.507126716,24388.72,24283.128286853138,PE,24400.0,ATM,7.520000000000437,7.386752880265569,-0.13324711973486725,1,50,376.0000000000218,-6.662355986743362,-46.662355986743364,-1.7719031879635572,False,STOP_LOSS,11.759340148454902,RSI frozen,0.5,-0.05,0.2,0.02,0.5249886232154205,-0.05666386019735668,0.18960079212054085,0.016521579740072248,0.024988623215420502,-0.00666386019735668,-0.010399207879459166,-0.0034784202599277524,66.61235633449361,24305.442000000003,873850.0,935724.1,-0.00014307846644479039,0.005439399853702853,40,3.1999999999999997,30.080000000001746,9.400000000000546
STOCHASTIC_OVERSOLD_LOSING,FROZEN,2026-04-03 13:45:00.000000,2026-04-03 13:45:00.000000,2026-04-03 13:56:10.098038041,24388.72,24534.70583030483,PE,24400.0,ATM,7.520000000000437,7.393472562082274,-0.12652743791816246,1,50,376.0000000000218,-6.326371895908123,-46.326371895908125,-1.6825457169967435,False,STOP_LOSS,11.384829982751594,Stochastic frozen,0.5,-0.05,0.2,0.02,0.4709439474927839,-0.04530601237302556,0.1823904389454718,0.022669182404338167,-0.0290560525072161,0.004693987626974441,-0.01760956105452821,0.0026691824043381662,66.61235633449361,24305.442000000003,873850.0,935724.1,-0.00014307846644479039,0.005439399853702853,40,3.1999999999999997,30.080000000001746,9.400000000000546
TREND_FOLLOWING_OPTIMIZED,FROZEN,2026-04-03 13:45:00.000000,2026-04-03 13:45:00.000000,2026-04-03 13:54:44.551928095,24388.72,24872.95911226817,PE,24400.0,ATM,7.520000000000437,8.196404822656886,0.6764048226564494,1,50,376.0000000000218,33.820241132822474,-6.179758867177526,8.994744982133113,True,TARGET_ACHIEVED,10.108835611880263,Trend frozen,0.5,-0.05,0.2,0.02,0.46664582676034205,-0.047450277217151685,0.19820449389232234,0.017501943575751133,-0.03335417323965795,0.002549722782848318,-0.0017955061076776746,-0.002498056424248867,66.61235633449361,24305.442000000003,873850.0,935724.1,-0.00014307846644479039,0.005439399853702853,40,3.1999999999999997,30.080000000001746,9.400000000000546
WILLIAMS_REVERSAL_LOSING,RE-OPTIMIZED,2026-04-03 13:45:00.000000,2026-04-03 13:45:00.000000,2026-04-03 13:55:05.179468179,24388.72,23903.222469496017,PE,24400.0,ATM,7.520000000000437,7.417899962073134,-0.10210003792730227,1,50,376.0000000000218,-5.105001896365113,-45.10500189636511,-1.3577132703097916,False,STOP_LOSS,5.829200482523481,Williams re-optimized,0.5,-0.05,0.2,0.02,0.5445044644004209,-0.048415297850231576,0.20911457962102298,0.01976433242505534,0.044504464400420884,0.0015847021497684272,0.009114579621022967,-0.00023566757494465976,66.61235633449361,24305.442000000003,873850.0,935724.1,-0.00014307846644479039,0.005439399853702853,40,3.1999999999999997,30.080000000001746,9.400000000000546
DAY_HIGH_LOW_OPTIMIZED,RE-OPTIMIZED,2026-04-03 13:45:00.000000,2026-04-03 13:45:00.000000,2026-04-03 13:53:03.885432288,24388.72,24302.384110835235,PE,24400.0,ATM,7.520000000000437,8.143653941319865,0.6236539413194286,1,50,376.0000000000218,31.182697065971432,-8.817302934028568,8.293270496268516,True,TARGET_ACHIEVED,9.356839428452378,Day high-low re-optimized,0.5,-0.05,0.2,0.02,0.49410826968901256,-0.050176486326898445,0.19929761023339576,0.023219557527708354,-0.005891730310987442,-0.00017648632689844235,-0.00070238976660425,0.003219557527708354,66.61235633449361,24305.442000000003,873850.0,935724.1,-0.00014307846644479039,0.005439399853702853,40,3.1999999999999997,30.080000000001746,9.400000000000546
BOLLINGER_SQUEEZE_LOSING,RE-OPTIMIZED,2026-04-03 13:45:00.000000,2026-04-03 13:45:00.000000,2026-04-03 13:50:59.552698564,24388.72,24340.281382127563,PE,24400.0,ATM,7.520000000000437,8.344858641456744,0.8248586414563075,1,50,376.0000000000218,41.24293207281538,1.2429320728153783,10.968864912982177,True,TARGET_ACHIEVED,9.649478705348628,Bollinger re-optimized,0.5,-0.05,0.2,0.02,0.5258762598828327,-0.04270398925822028,0.2092379202030019,0.015190588559869142,0.02587625988283271,0.00729601074177972,0.009237920203001876,-0.004809411440130858,66.61235633449361,24305.442000000003,873850.0,935724.1,-0.00014307846644479039,0.005439399853702853,40,3.1999999999999997,30.080000000001746,9.400000000000546
BREAKOUT_REVERSAL_LOSING,RE-OPTIMIZED,2026-04-03 13:45:00.000000,2026-04-03 13:45:00.000000,2026-04-03 13:50:14.093990144,24388.72,24412.741220992917,PE,24400.0,ATM,7.520000000000437,8.138759491329056,0.6187594913286194,1,50,376.0000000000218,30.93797456643097,-9.06202543356903,8.228184725114142,True,TARGET_ACHIEVED,7.700900733292212,Breakout re-optimized,0.5,-0.05,0.2,0.02,0.5148520904877872,-0.048766768825326066,0.18510825038396406,0.01944888374738597,0.01485209048778724,0.0012332311746739363,-0.014891749616035954,-0.0005511162526140312,66.61235633449361,24305.442000000003,873850.0,935724.1,-0.00014307846644479039,0.005439399853702853,40,3.1999999999999997,30.080000000001746,9.400000000000546
MULTI_TIMEFRAME_LOSING,FROZEN,2026-04-03 14:00:00.000000,2026-04-03 14:00:00.000000,2026-04-03 14:07:01.067960116,24528.4,24697.0532267256,CE,24500.0,ATM,42.47999999999956,47.1319630763216,4.651963076322033,1,50,2123.999999999978,232.59815381610167,192.59815381610167,10.950948861398496,True,TARGET_ACHIEVED,8.410313927055924,Multi-timeframe frozen,0.5,-0.05,0.2,0.02,0.5136807167331946,-0.046472417953341894,0.19149096798530674,0.01655364892623802,0.013680716733194598,0.0035275820466581093,-0.008509032014693274,-0.0034463510737619794,71.03645508037218,24425.7825,1026980.0,955947.3,0.0008740367030128926,0.007108494642944528,40,3.1999999999999997,169.91999999999825,53.099999999999454
AI_ENHANCED_LOSING,FROZEN,2026-04-03 14:00:00.000000,2026-04-03 14:00:00.000000,2026-04-03 14:10:02.038534334,24528.4,24750.65651874791,CE,24500.0,ATM,42.47999999999956,45.69612679049601,3.216126790496446,1,50,2123.999999999978,160.8063395248223,120.8063395248223,7.5709199399634635,True,TARGET_ACHIEVED,11.992990010805451,AI enhanced frozen,0.5,-0.05,0.2,0.02,0.5095286062363197,-0.04493700951206848,0.21189589898795488,0.022678205125349182,0.009528606236319681,0.005062990487931525,0.011895898987954873,0.002678205125349182,71.03645508037218,24425.7825,1026980.0,955947.3,0.0008740367030128926,0.007108494642944528,40,3.1999999999999997,169.91999999999825,53.099999999999454
RSI_DIVERGENCE_LOSING,FROZEN,2026-04-03 14:00:00.000000,2026-04-03 14:00:00.000000,2026-04-03 14:09:20.312986589,24528.4,24450.68705796064,CE,24500.0,ATM,42.47999999999956,46.65047182963666,4.170471829637094,1,50,2123.999999999978,208.5235914818547,168.5235914818547,9.81749489085955,True,TARGET_ACHIEVED,11.9472794329423,RSI frozen,0.5,-0.05,0.2,0.02,0.5332670253710758,-0.04971860905257965,0.19367183372244776,0.017910936745304473,0.03326702537107584,0.0002813909474203499,-0.006328166277552255,-0.002089063254695527,71.03645508037218,24425.7825,1026980.0,955947.3,0.0008740367030128926,0.007108494642944528,40,3.1999999999999997,169.91999999999825,53.099999999999454
STOCHASTIC_OVERSOLD_LOSING,FROZEN,2026-04-03 14:00:00.000000,2026-04-03 14:00:00.000000,2026-04-03 14:06:24.020589131,24528.4,24558.863962715903,CE,24500.0,ATM,42.47999999999956,41.640005713211146,-0.8399942867884178,1,50,2123.999999999978,-41.99971433942089,-81.99971433942089,-1.9773876807637158,False,STOP_LOSS,7.947916987633411,Stochastic frozen,0.5,-0.05,0.2,0.02,0.5021570024066878,-0.05798369447077473,0.1813882773605996,0.02367016479691823,0.0021570024066878135,-0.007983694470774724,-0.01861172263940042,0.0036701647969182294,71.03645508037218,24425.7825,1026980.0,955947.3,0.0008740367030128926,0.007108494642944528,40,3.1999999999999997,169.91999999999825,53.099999999999454
TREND_FOLLOWING_OPTIMIZED,FROZEN,2026-04-03 14:00:00.000000,2026-04-03 14:00:00.000000,2026-04-03 14:08:33.659738278,24528.4,24107.076367681177,CE,24500.0,ATM,42.47999999999956,46.79077962022529,4.310779620225723,1,50,2123.999999999978,215.53898101128618,175.53898101128618,10.147786299966496,True,TARGET_ACHIEVED,9.072439229901391,Trend frozen,0.5,-0.05,0.2,0.02,0.4728168424211185,-0.04823083035394826,0.20401767283387431,0.015974066160933647,-0.02718315757888151,0.0017691696460517409,0.004017672833874303,-0.0040259338390663535,71.03645508037218,24425.7825,1026980.0,955947.3,0.0008740367030128926,0.007108494642944528,40,3.1999999999999997,169.91999999999825,53.099999999999454
MACD_DIVERGENCE_LOSING,RE-OPTIMIZED,2026-04-03 14:00:00.000000,2026-04-03 14:00:00.000000,2026-04-03 14:07:27.067969393,24528.4,24515.65578887537,CE,24500.0,ATM,42.47999999999956,45.871531554251604,3.3915315542520403,1,50,2123.999999999978,169.57657771260202,129.57657771260202,7.983831342401307,True,TARGET_ACHIEVED,9.503126441109414,MACD re-optimized,0.5,-0.05,0.2,0.02,0.4676905016267139,-0.04500790738825549,0.2072445787070762,0.016663687388020293,-0.032309498373286116,0.004992092611744513,0.007244578707076177,-0.0033363126119797075,71.03645508037218,24425.7825,1026980.0,955947.3,0.0008740367030128926,0.007108494642944528,40,3.1999999999999997,169.91999999999825,53.099999999999454
WILLIAMS_REVERSAL_LOSING,RE-OPTIMIZED,2026-04-03 14:00:00.000000,2026-04-03 14:00:00.000000,2026-04-03 14:10:08.081376161,24528.4,24611.660825138595,CE,24500.0,ATM,42.47999999999956,46.425386835381985,3.945386835382422,1,50,2123.999999999978,197.2693417691211,157.2693417691211,9.287633793273217,True,TARGET_ACHIEVED,5.335323814185544,Williams re-optimized,0.5,-0.05,0.2,0.02,0.49388637541008223,-0.053769975179583554,0.21715376052787214,0.017517374758802023,-0.0061136245899177655,-0.0037699751795835512,0.017153760527872125,-0.002482625241197977,71.03645508037218,24425.7825,1026980.0,955947.3,0.0008740367030128926,0.007108494642944528,40,3.1999999999999997,169.91999999999825,53.099999999999454
CCI_EXTREME_LOSING,RE-OPTIMIZED,2026-04-03 14:00:00.000000,2026-04-03 14:00:00.000000,2026-04-03 14:09:07.175472871,24528.4,24862.776032325968,CE,24500.0,ATM,42.47999999999956,46.964857514501475,4.484857514501911,1,50,2123.999999999978,224.24287572509556,184.24287572509556,10.557574186680691,True,TARGET_ACHIEVED,8.105545280902101,CCI re-optimized,0.5,-0.05,0.2,0.02,0.4588431451862353,-0.05733761296087277,0.18532480648703836,0.02371719830817045,-0.04115685481376469,-0.0073376129608727705,-0.014675193512961648,0.003717198308170449,71.03645508037218,24425.7825,1026980.0,955947.3,0.0008740367030128926,0.007108494642944528,40,3.1999999999999997,169.91999999999825,53.099999999999454
MOMENTUM_REVERSAL_LOSING,RE-OPTIMIZED,2026-04-03 14:00:00.000000,2026-04-03 14:00:00.000000,2026-04-03 14:06:21.036556019,24528.4,24372.20099394265,CE,24500.0,ATM,42.47999999999956,45.79025025510359,3.310250255104023,1,50,2123.999999999978,165.51251275520116,125.51251275520116,7.792491184331585,True,TARGET_ACHIEVED,8.781367668839682,Momentum re-optimized,0.5,-0.05,0.2,0.02,0.5248419679426929,-0.04931369061696966,0.20049063667874437,0.019297549084877207,0.02484196794269289,0.0006863093830303396,0.000490636678744355,-0.0007024509151227938,71.03645508037218,24425.7825,1026980.0,955947.3,0.0008740367030128926,0.007108494642944528,40,3.1999999999999997,169.91999999999825,53.099999999999454
DAY_HIGH_LOW_OPTIMIZED,RE-OPTIMIZED,2026-04-03 14:00:00.000000,2026-04-03 14:00:00.000000,2026-04-03 14:06:44.826535937,24528.4,24803.501749878873,CE,24500.0,ATM,42.47999999999956,45.66436212257202,3.184362122572459,1,50,2123.999999999978,159.21810612862294,119.21810612862294,7.496144356338257,True,TARGET_ACHIEVED,11.345840220232217,Day high-low re-optimized,0.5,-0.05,0.2,0.02,0.450129831464794,-0.053756817425901327,0.2060598392809433,0.02323587748951763,-0.04987016853520598,-0.0037568174259013237,0.00605983928094328,0.0032358774895176294,71.03645508037218,24425.7825,1026980.0,955947.3,0.0008740367030128926,0.007108494642944528,40,3.1999999999999997,169.91999999999825,53.099999999999454
BOLLINGER_SQUEEZE_LOSING,RE-OPTIMIZED,2026-04-03 14:00:00.000000,2026-04-03 14:00:00.000000,2026-04-03 14:08:34.322985319,24528.4,24318.625292244156,CE,24500.0,ATM,42.47999999999956,41.59886732761333,-0.8811326723862365,1,50,2123.999999999978,-44.056633619311825,-84.05663361931182,-2.074229454769881,False,STOP_LOSS,9.928923575743724,Bollinger re-optimized,0.5,-0.05,0.2,0.02,0.512683028972404,-0.05827229214242466,0.18209378840617949,0.021470832007096607,0.012683028972404031,-0.008272292142424656,-0.017906211593820526,0.0014708320070966063,71.03645508037218,24425.7825,1026980.0,955947.3,0.0008740367030128926,0.007108494642944528,40,3.1999999999999997,169.91999999999825,53.099999999999454
BREAKOUT_REVERSAL_LOSING,RE-OPTIMIZED,2026-04-03 14:00:00.000000,2026-04-03 14:00:00.000000,2026-04-03 14:07:10.821668934,24528.4,24790.555887018392,CE,24500.0,ATM,42.47999999999956,45.637973991053805,3.1579739910542415,1,50,2123.999999999978,157.89869955271206,117.89869955271206,7.434025402670136,True,TARGET_ACHIEVED,11.127743838028879,Breakout re-optimized,0.5,-0.05,0.2,0.02,0.5274381841010937,-0.04391974413716166,0.2143625762054643,0.016835345567953307,0.027438184101093666,0.006080255862838342,0.0143625762054643,-0.003164654432046693,71.03645508037218,24425.7825,1026980.0,955947.3,0.0008740367030128926,0.007108494642944528,40,3.1999999999999997,169.91999999999825,53.099999999999454
MULTI_TIMEFRAME_LOSING,FROZEN,2026-04-03 14:15:00.000000,2026-04-03 14:15:00.000000,2026-04-03 14:25:11.137088396,24678.98,24277.210646506697,CE,24700.0,ATM,142.47999999999956,153.71837345786943,11.23837345786987,1,50,7123.999999999978,561.9186728934935,521.9186728934935,7.887684908667817,True,TARGET_ACHIEVED,5.622355983596941,Multi-timeframe frozen,0.5,-0.05,0.2,0.02,0.4892111760290533,-0.05618610909116291,0.18893866402796924,0.016030802996561032,-0.010788823970946715,-0.006186109091162906,-0.011061335972030767,-0.0039691970034389686,85.26033887830158,24582.1845,826685.0,942161.15,0.0011033686005634813,0.003993682072759801,40,3.1999999999999997,569.9199999999983,178.09999999999945
AI_ENHANCED_LOSING,FROZEN,2026-04-03 14:15:00.000000,2026-04-03 14:15:00.000000,2026-04-03 14:22:10.780568150,24678.98,24341.019792696312,CE,24700.0,ATM,142.47999999999956,158.32492908924004,15.84492908924048,1,50,7123.999999999978,792.2464544620241,752.2464544620241,11.120809299017779,True,TARGET_ACHIEVED,9.707488563257312,AI enhanced frozen,0.5,-0.05,0.2,0.02,0.5090066586420183,-0.055692714856056424,0.18939327710344553,0.023818448944939487,0.009006658642018328,-0.005692714856056422,-0.010606722896554482,0.0038184489449394864,85.26033887830158,24582.1845,826685.0,942161.15,0.0011033686005634813,0.003993682072759801,40,3.1999999999999997,569.9199999999983,178.09999999999945
RSI_DIVERGENCE_LOSING,FROZEN,2026-04-03 14:15:00.000000,2026-04-03 14:15:00.000000,2026-04-03 14:23:57.537328691,24678.98,24587.371679430176,CE,24700.0,ATM,142.47999999999956,153.5211587053939,11.041158705394338,1,50,7123.999999999978,552.0579352697168,512.0579352697168,7.749269164369996,True,TARGET_ACHIEVED,8.624857609255699,RSI frozen,0.5,-0.05,0.2,0.02,0.5402389806360923,-0.05971132672427779,0.19554954191366933,0.015197848005545954,0.040238980636092325,-0.00971132672427779,-0.004450458086330683,-0.004802151994454046,85.26033887830158,24582.1845,826685.0,942161.15,0.0011033686005634813,0.003993682072759801,40,3.1999999999999997,569.9199999999983,178.09999999999945
STOCHASTIC_OVERSOLD_LOSING,FROZEN,2026-04-03 14:15:00.000000,2026-04-03 14:15:00.000000,2026-04-03 14:23:11.389701445,24678.98,24304.58070060772,CE,24700.0,ATM,142.47999999999956,157.63094725683538,15.15094725683582,1,50,7123.999999999978,757.547362841791,717.547362841791,10.633736143203164,True,TARGET_ACHIEVED,9.900928418059607,Stochastic frozen,0.5,-0.05,0.2,0.02,0.47946694089414715,-0.04174034733019239,0.21311683090248398,0.022626948610618848,-0.020533059105852847,0.008259652669807611,0.013116830902483972,0.0026269486106188476,85.26033887830158,24582.1845,826685.0,942161.15,0.0011033686005634813,0.003993682072759801,40,3.1999999999999997,569.9199999999983,178.09999999999945
TREND_FOLLOWING_OPTIMIZED,FROZEN,2026-04-03 14:15:00.000000,2026-04-03 14:15:00.000000,2026-04-03 14:20:52.619190752,24678.98,24804.107930388072,CE,24700.0,ATM,142.47999999999956,156.56672793869797,14.086727938698402,1,50,7123.999999999978,704.3363969349201,664.3363969349201,9.886810737435741,True,TARGET_ACHIEVED,11.75469278180789,Trend frozen,0.5,-0.05,0.2,0.02,0.5306587938970916,-0.04963161031817564,0.21544208509178064,0.016370004196263978,0.030658793897091585,0.00036838968182436455,0.015442085091780633,-0.0036299958037360226,85.26033887830158,24582.1845,826685.0,942161.15,0.0011033686005634813,0.003993682072759801,40,3.1999999999999997,569.9199999999983,178.09999999999945
STRONG_MOMENTUM_LOSING,FROZEN,2026-04-03 14:15:00.000000,2026-04-03 14:15:00.000000,2026-04-03 14:23:31.371763384,24678.98,24291.88389891329,CE,24700.0,ATM,142.47999999999956,157.40988485319062,14.929884853191055,1,50,7123.999999999978,746.4942426595528,706.4942426595528,10.47858285597354,True,TARGET_ACHIEVED,6.264050257280449,Strong momentum frozen,0.5,-0.05,0.2,0.02,0.4648155567959557,-0.04243250539848741,0.2147364235558635,0.017580439934802936,-0.03518444320404429,0.007567494601512591,0.014736423555863493,-0.002419560065197064,85.26033887830158,24582.1845,826685.0,942161.15,0.0011033686005634813,0.003993682072759801,40,3.1999999999999997,569.9199999999983,178.09999999999945
MACD_DIVERGENCE_LOSING,RE-OPTIMIZED,2026-04-03 14:15:00.000000,2026-04-03 14:15:00.000000,2026-04-03 14:21:43.414311911,24678.98,24883.964401229758,CE,24700.0,ATM,142.47999999999956,154.22949483584483,11.749494835845269,1,50,7123.999999999978,587.4747417922634,547.4747417922634,8.246416925775762,True,TARGET_ACHIEVED,7.438434082219043,MACD re-optimized,0.5,-0.05,0.2,0.02,0.4979130876212683,-0.04023598761906389,0.20133643070637752,0.01645299982411821,-0.002086912378731709,0.009764012380936112,0.0013364307063775116,-0.00354700017588179,85.26033887830158,24582.1845,826685.0,942161.15,0.0011033686005634813,0.003993682072759801,40,3.1999999999999997,569.9199999999983,178.09999999999945
CCI_EXTREME_LOSING,RE-OPTIMIZED,2026-04-03 14:15:00.000000,2026-04-03 14:15:00.000000,2026-04-03 14:26:08.994598730,24678.98,24432.1545349137,CE,24700.0,ATM,142.47999999999956,153.29222929361953,10.812229293619964,1,50,7123.999999999978,540.6114646809982,500.6114646809982,7.588594394736102,True,TARGET_ACHIEVED,9.542002184599852,CCI re-optimized,0.5,-0.05,0.2,0.02,0.4788563553630318,-0.04492411010599761,0.20536243264689324,0.02301403442846299,-0.021143644636968217,0.005075889894002393,0.005362432646893234,0.0030140344284629896,85.26033887830158,24582.1845,826685.0,942161.15,0.0011033686005634813,0.003993682072759801,40,3.1999999999999997,569.9199999999983,178.09999999999945
MOMENTUM_REVERSAL_LOSING,RE-OPTIMIZED,2026-04-03 14:15:00.000000,2026-04-03 14:15:00.000000,2026-04-03 14:23:47.500377671,24678.98,24852.2143803688,CE,24700.0,ATM,142.47999999999956,155.459743876656,12.979743876656443,1,50,7123.999999999978,648.9871938328222,608.9871938328222,9.109870772498937,True,TARGET_ACHIEVED,8.79335287027298,Momentum re-optimized,0.5,-0.05,0.2,0.02,0.5176281712274848,-0.05530041950535339,0.21573536431115173,0.018734862785990156,0.017628171227484835,-0.005300419505353385,0.015735364311151717,-0.001265137214009844,85.26033887830158,24582.1845,826685.0,942161.15,0.0011033686005634813,0.003993682072759801,40,3.1999999999999997,569.9199999999983,178.09999999999945
BOLLINGER_SQUEEZE_LOSING,RE-OPTIMIZED,2026-04-03 14:15:00.000000,2026-04-03 14:15:00.000000,2026-04-03 14:20:39.904273767,24678.98,24955.83469290458,CE,24700.0,ATM,142.47999999999956,157.2911859344741,14.811185934474537,1,50,7123.999999999978,740.5592967237269,700.5592967237269,10.395273676638535,True,TARGET_ACHIEVED,5.965747491168534,Bollinger re-optimized,0.5,-0.05,0.2,0.02,0.5406552954424442,-0.05417457006112137,0.19218878461964442,0.01774275800001382,0.04065529544244417,-0.004174570061121367,-0.007811215380355591,-0.0022572419999861808,85.26033887830158,24582.1845,826685.0,942161.15,0.0011033686005634813,0.003993682072759801,40,3.1999999999999997,569.9199999999983,178.09999999999945
BREAKOUT_REVERSAL_LOSING,RE-OPTIMIZED,2026-04-03 14:15:00.000000,2026-04-03 14:15:00.000000,2026-04-03 14:25:38.313860629,24678.98,24863.177877373935,CE,24700.0,ATM,142.47999999999956,154.93004433626524,12.450044336265677,1,50,7123.999999999978,622.5022168132839,582.5022168132839,8.738099618378522,True,TARGET_ACHIEVED,7.959359214776544,Breakout re-optimized,0.5,-0.05,0.2,0.02,0.4957768508450839,-0.0519588164833114,0.20172266057473087,0.022711016781166566,-0.004223149154916117,-0.0019588164833114,0.001722660574730861,0.0027110167811665656,85.26033887830158,24582.1845,826685.0,942161.15,0.0011033686005634813,0.003993682072759801,40,3.1999999999999997,569.9199999999983,178.09999999999945
MULTI_TIMEFRAME_LOSING,FROZEN,2026-04-03 14:30:00.000000,2026-04-03 14:30:00.000000,2026-04-03 14:41:02.388285468,24750.22,25212.55036678856,PE,24700.0,ITM,142.47999999999956,156.26941018467565,13.789410184676086,1,50,7123.999999999978,689.4705092338043,649.4705092338043,9.678137412041078,True,TARGET_ACHIEVED,8.022223337198366,Multi-timeframe frozen,0.5,-0.05,0.2,0.02,0.456361698914297,-0.04543618864077754,0.1899329563966099,0.020685614461013573,-0.04363830108570299,0.004563811359222465,-0.010067043603390113,0.0006856144610135721,63.16277547458054,24712.824,861083.0,1027256.65,-0.00039499192245551207,0.00029979531495081223,40,3.1999999999999997,569.9199999999983,178.09999999999945
AI_ENHANCED_LOSING,FROZEN,2026-04-03 14:30:00.000000,2026-04-03 14:30:00.000000,2026-04-03 14:41:37.257146759,24750.22,24431.330939364314,PE,24700.0,ITM,142.47999999999956,154.48228280083913,12.002282800839566,1,50,7123.999999999978,600.1141400419783,560.1141400419783,8.423836889977263,True,TARGET_ACHIEVED,5.879579186414183,AI enhanced frozen,0.5,-0.05,0.2,0.02,0.516535256816873,-0.05597491301553839,0.1937591209603443,0.021049601314538514,0.016535256816872956,-0.005974913015538388,-0.0062408790396557,0.001049601314538514,63.16277547458054,24712.824,861083.0,1027256.65,-0.00039499192245551207,0.00029979531495081223,40,3.1999999999999997,569.9199999999983,178.09999999999945
RSI_DIVERGENCE_LOSING,FROZEN,2026-04-03 14:30:00.000000,2026-04-03 14:30:00.000000,2026-04-03 14:39:17.486161425,24750.22,24636.888480104397,PE,24700.0,ITM,142.47999999999956,140.05715094136175,-2.4228490586378086,1,50,7123.999999999978,-121.14245293189043,-161.14245293189043,-1.7004836177974565,False,STOP_LOSS,8.14223448806805,RSI frozen,0.5,-0.05,0.2,0.02,0.5068916693559726,-0.0450735714684958,0.1975649601167482,0.018253360522520065,0.006891669355972629,0.004926428531504205,-0.002435039883251805,-0.0017466394774799353,63.16277547458054,24712.824,861083.0,1027256.65,-0.00039499192245551207,0.00029979531495081223,40,3.1999999999999997,569.9199999999983,178.09999999999945
TREND_FOLLOWING_OPTIMIZED,FROZEN,2026-04-03 14:30:00.000000,2026-04-03 14:30:00.000000,2026-04-03 14:39:30.234682615,24750.22,24910.87083769102,PE,24700.0,ITM,142.47999999999956,157.7207582094841,15.24075820948454,1,50,7123.999999999978,762.0379104742269,722.0379104742269,10.696770220020063,True,TARGET_ACHIEVED,6.661648467304711,Trend frozen,0.5,-0.05,0.2,0.02,0.4700861358526324,-0.04233629540388778,0.18907506354641115,0.022363709062868355,-0.029913864147367575,0.007663704596112222,-0.010924936453588857,0.002363709062868355,63.16277547458054,24712.824,861083.0,1027256.65,-0.00039499192245551207,0.00029979531495081223,40,3.1999999999999997,569.9199999999983,178.09999999999945
MULTI_TIMEFRAME_LOSING,FROZEN,2026-04-03 14:45:00.000000,2026-04-03 14:45:00.000000,2026-04-03 14:50:17.904630283,24750.87,25088.21085237412,PE,24700.0,ITM,142.47999999999956,157.27041591956632,14.790415919566755,1,50,7123.999999999978,739.5207959783377,699.5207959783377,10.380696181616226,True,TARGET_ACHIEVED,9.3331119346579,Multi-timeframe frozen,0.5,-0.05,0.2,0.02,0.5474038727818673,-0.048704243510998335,0.19387754975610824,0.02467538251044019,0.04740387278186731,0.0012957564890016676,-0.006122450243891769,0.004675382510440189,50.08056898371875,24764.2395,797990.0,1010680.45,-0.00016360384117575233,0.0013639924576389453,40,3.1999999999999997,569.9199999999983,178.09999999999945
AI_ENHANCED_LOSING,FROZEN,2026-04-03 14:45:00.000000,2026-04-03 14:45:00.000000,2026-04-03 14:53:47.621203636,24750.87,24340.065563737695,PE,24700.0,ITM,142.47999999999956,156.8075746065793,14.32757460657973,1,50,7123.999999999978,716.3787303289865,676.3787303289865,10.055849667728646,True,TARGET_ACHIEVED,9.099876442470793,AI enhanced frozen,0.5,-0.05,0.2,0.02,0.5403821438187819,-0.04278733736264491,0.21043611738170354,0.019885246436951574,0.04038214381878191,0.007212662637355094,0.010436117381703525,-0.00011475356304842602,50.08056898371875,24764.2395,797990.0,1010680.45,-0.00016360384117575233,0.0013639924576389453,40,3.1999999999999997,569.9199999999983,178.09999999999945
TREND_FOLLOWING_OPTIMIZED,FROZEN,2026-04-03 14:45:00.000000,2026-04-03 14:45:00.000000,2026-04-03 14:50:16.428817859,24750.87,24767.50367138182,PE,24700.0,ITM,142.47999999999956,158.39802210104793,15.918022101048365,1,50,7123.999999999978,795.9011050524182,755.9011050524182,11.172109840713372,True,TARGET_ACHIEVED,5.92531517308702,Trend frozen,0.5,-0.05,0.2,0.02,0.48345238111929567,-0.04484695394943243,0.2091419880149034,0.017782684738406135,-0.01654761888070433,0.005153046050567572,0.009141988014903402,-0.0022173152615938656,50.08056898371875,24764.2395,797990.0,1010680.45,-0.00016360384117575233,0.0013639924576389453,40,3.1999999999999997,569.9199999999983,178.09999999999945
MULTI_TIMEFRAME_LOSING,FROZEN,2026-04-03 15:00:00.000000,2026-04-03 15:00:00.000000,2026-04-03 15:06:37.226227120,24881.48,24951.370556051366,PE,24900.0,ATM,242.47999999999956,263.48370715154175,21.003707151542187,1,50,12123.999999999978,1050.1853575771092,1010.1853575771092,8.66203693151692,True,TARGET_ACHIEVED,5.039953388373852,Multi-timeframe frozen,0.5,-0.05,0.2,0.02,0.5254632376854711,-0.05617965604569285,0.21692141271633925,0.015608640307588476,0.025463237685471096,-0.006179656045692844,0.016921412716339235,-0.004391359692411525,67.62003311258277,24834.6675,955802.0,968043.1,-8.117829083531536e-05,0.0026248438597704523,40,3.1999999999999997,969.9199999999983,303.09999999999945
AI_ENHANCED_LOSING,FROZEN,2026-04-03 15:00:00.000000,2026-04-03 15:00:00.000000,2026-04-03 15:07:27.051177286,24881.48,24980.944224607603,PE,24900.0,ATM,242.47999999999956,260.5993962532078,18.11939625320821,1,50,12123.999999999978,905.9698126604104,865.9698126604104,7.472532272025834,True,TARGET_ACHIEVED,11.864025295257862,AI enhanced frozen,0.5,-0.05,0.2,0.02,0.518107529605961,-0.04719114840526823,0.21107381984235268,0.02102311133850216,0.01810752960596096,0.002808851594731772,0.011073819842352672,0.0010231113385021605,67.62003311258277,24834.6675,955802.0,968043.1,-8.117829083531536e-05,0.0026248438597704523,40,3.1999999999999997,969.9199999999983,303.09999999999945
RSI_DIVERGENCE_LOSING,FROZEN,2026-04-03 15:00:00.000000,2026-04-03 15:00:00.000000,2026-04-03 15:05:17.388261781,24881.48,24749.188544757446,PE,24900.0,ATM,242.47999999999956,260.2641517298438,17.78415172984421,1,50,12123.999999999978,889.2075864922106,849.2075864922106,7.334275705148566,True,TARGET_ACHIEVED,10.809841140953397,RSI frozen,0.5,-0.05,0.2,0.02,0.47304019009635295,-0.04046064071208048,0.19519932646513305,0.02009422925527221,-0.026959809903647047,0.009539359287919526,-0.004800673534866962,9.422925527221085e-05,67.62003311258277,24834.6675,955802.0,968043.1,-8.117829083531536e-05,0.0026248438597704523,40,3.1999999999999997,969.9199999999983,303.09999999999945
STOCHASTIC_OVERSOLD_LOSING,FROZEN,2026-04-03 15:00:00.000000,2026-04-03 15:00:00.000000,2026-04-03 15:08:31.486437938,24881.48,24511.023762261586,PE,24900.0,ATM,242.47999999999956,269.28946768160597,26.809467681606407,1,50,12123.999999999978,1340.4733840803203,1300.4733840803203,11.056362455297943,True,TARGET_ACHIEVED,10.318103259143399,Stochastic frozen,0.5,-0.05,0.2,0.02,0.509028209473164,-0.05443552378981198,0.21904456376750617,0.02249428380909519,0.009028209473163962,-0.0044355237898119765,0.019044563767506156,0.00249428380909519,67.62003311258277,24834.6675,955802.0,968043.1,-8.117829083531536e-05,0.0026248438597704523,40,3.1999999999999997,969.9199999999983,303.09999999999945
TREND_FOLLOWING_OPTIMIZED,FROZEN,2026-04-03 15:00:00.000000,2026-04-03 15:00:00.000000,2026-04-03 15:10:19.916966581,24881.48,25295.258623319914,PE,24900.0,ATM,242.47999999999956,261.22623512007834,18.74623512007878,1,50,12123.999999999978,937.311756003939,897.311756003939,7.731043846947712,True,TARGET_ACHIEVED,6.50135141373466,Trend frozen,0.5,-0.05,0.2,0.02,0.5135111313010425,-0.04236312179696472,0.20630545667495043,0.024909374160803237,0.013511131301042534,0.007636878203035283,0.006305456674950416,0.004909374160803236,67.62003311258277,24834.6675,955802.0,968043.1,-8.117829083531536e-05,0.0026248438597704523,40,3.1999999999999997,969.9199999999983,303.09999999999945
MULTI_TIMEFRAME_LOSING,FROZEN,2026-04-03 15:15:00.000000,2026-04-03 15:15:00.000000,2026-04-03 15:23:07.015700806,24960.53,24862.53492326227,CE,24900.0,ITM,242.47999999999956,268.02690117054556,25.546901170545993,1,50,12123.999999999978,1277.3450585272997,1237.3450585272997,10.535673527938815,True,TARGET_ACHIEVED,10.590851577770845,Multi-timeframe frozen,0.5,-0.05,0.2,0.02,0.48643424816741176,-0.0558067561701511,0.18421472461706956,0.023180513225177633,-0.013565751832588235,-0.005806756170151098,-0.015785275382930453,0.003180513225177633,75.37626158295507,24881.523999999998,220997.0,1004217.2,0.0004721679442858395,0.0020388188872591815,40,3.1999999999999997,969.9199999999983,303.09999999999945
AI_ENHANCED_LOSING,FROZEN,2026-04-03 15:15:00.000000,2026-04-03 15:15:00.000000,2026-04-03 15:21:00.863250800,24960.53,25141.044499701406,CE,24900.0,ITM,242.47999999999956,237.78222502740294,-4.697774972596619,1,50,12123.999999999978,-234.88874862983096,-274.88874862983096,-1.9373865772833336,False,STOP_LOSS,6.929091378953824,AI enhanced frozen,0.5,-0.05,0.2,0.02,0.4788093474664097,-0.05320100733006272,0.19820386665441384,0.015656794967379498,-0.021190652533590315,-0.003201007330062719,-0.001796133345586176,-0.004343205032620503,75.37626158295507,24881.523999999998,220997.0,1004217.2,0.0004721679442858395,0.0020388188872591815,40,3.1999999999999997,969.9199999999983,303.09999999999945
RSI_DIVERGENCE_LOSING,FROZEN,2026-04-03 15:15:00.000000,2026-04-03 15:15:00.000000,2026-04-03 15:26:25.931654310,24960.53,24575.489054937585,CE,24900.0,ITM,242.47999999999956,261.7660017432015,19.28600174320195,1,50,12123.999999999978,964.3000871600975,924.3000871600975,7.953646380403326,True,TARGET_ACHIEVED,6.305859881621075,RSI frozen,0.5,-0.05,0.2,0.02,0.5444903869579321,-0.04800534484128421,0.1871690186818867,0.018165818569859663,0.04449038695793206,0.0019946551587157954,-0.012830981318113305,-0.0018341814301403372,75.37626158295507,24881.523999999998,220997.0,1004217.2,0.0004721679442858395,0.0020388188872591815,40,3.1999999999999997,969.9199999999983,303.09999999999945
STOCHASTIC_OVERSOLD_LOSING,FROZEN,2026-04-03 15:15:00.000000,2026-04-03 15:15:00.000000,2026-04-03 15:20:03.619955189,24960.53,24511.24129018805,CE,24900.0,ITM,242.47999999999956,262.5128080383296,20.032808038330018,1,50,12123.999999999978,1001.6404019165009,961.6404019165009,8.261633140188904,True,TARGET_ACHIEVED,6.53448453101459,Stochastic frozen,0.5,-0.05,0.2,0.02,0.5427765276049622,-0.04822142932804359,0.20776835149456266,0.021961311054890447,0.0427765276049622,0.0017785706719564143,0.0077683514945626475,0.0019613110548904467,75.37626158295507,24881.523999999998,220997.0,1004217.2,0.0004721679442858395,0.0020388188872591815,40,3.1999999999999997,969.9199999999983,303.09999999999945
TREND_FOLLOWING_OPTIMIZED,FROZEN,2026-04-03 15:15:00.000000,2026-04-03 15:15:00.000000,2026-04-03 15:26:36.820690815,24960.53,25087.287093798273,CE,24900.0,ITM,242.47999999999956,263.8599826735589,21.37998267355931,1,50,12123.999999999978,1068.9991336779656,1028.9991336779656,8.817214893417747,True,TARGET_ACHIEVED,5.700758841759173,Trend frozen,0.5,-0.05,0.2,0.02,0.4937991657111933,-0.05925667725103892,0.18478530280154606,0.019354930961135355,-0.006200834288806689,-0.009256677251038917,-0.015214697198453947,-0.0006450690388646457,75.37626158295507,24881.523999999998,220997.0,1004217.2,0.0004721679442858395,0.0020388188872591815,40,3.1999999999999997,969.9199999999983,303.09999999999945
BOLLINGER_SQUEEZE_LOSING,RE-OPTIMIZED,2026-04-03 15:15:00.000000,2026-04-03 15:15:00.000000,2026-04-03 15:26:47.808115152,24960.53,24544.112535401226,CE,24900.0,ITM,242.47999999999956,264.7224073836801,22.24240738368053,1,50,12123.999999999978,1112.1203691840265,1072.1203691840265,9.172883282613235,True,TARGET_ACHIEVED,8.002266021970792,Bollinger re-optimized,0.5,-0.05,0.2,0.02,0.45602751426371113,-0.05589075711792332,0.21497412206843147,0.021428944192452837,-0.04397248573628887,-0.00589075711792332,0.014974122068431461,0.0014289441924528364,75.37626158295507,24881.523999999998,220997.0,1004217.2,0.0004721679442858395,0.0020388188872591815,40,3.1999999999999997,969.9199999999983,303.09999999999945
BREAKOUT_REVERSAL_LOSING,RE-OPTIMIZED,2026-04-03 15:15:00.000000,2026-04-03 15:15:00.000000,2026-04-03 15:20:54.439173609,24960.53,25226.52560019673,CE,24900.0,ITM,242.47999999999956,265.37283839832526,22.892838398325694,1,50,12123.999999999978,1144.6419199162847,1104.6419199162847,9.441124380701805,True,TARGET_ACHIEVED,8.096881211181794,Breakout re-optimized,0.5,-0.05,0.2,0.02,0.5383798133369888,-0.052725208451089654,0.19245112733827086,0.023697254245961665,0.03837981333698881,-0.0027252084510896515,-0.007548872661729156,0.0036972542459616647,75.37626158295507,24881.523999999998,220997.0,1004217.2,0.0004721679442858395,0.0020388188872591815,40,3.1999999999999997,969.9199999999983,303.09999999999945
MULTI_TIMEFRAME_LOSING,FROZEN,2026-04-06 09:15:00.000000,2026-04-06 09:15:00.000000,2026-04-06 09:25:27.487297434,22928.02,22958.833697068883,PE,23800.0,OTM,307.52000000000044,329.88061019396366,22.360610193963225,1,50,15376.000000000022,1118.0305096981613,1078.0305096981613,7.271270224363681,True,TARGET_ACHIEVED,6.68253994552203,Multi-timeframe frozen,0.5,-0.05,0.2,0.02,0.5059263375204668,-0.05330844624478876,0.21005947627231192,0.017570044369423415,0.0059263375204667845,-0.0033084462447887583,0.010059476272311907,-0.002429955630576585,5.090564024523701,24892.344999999998,520918.0,995439.6,-0.08304681904147915,0.0021493351802729793,40,3.1999999999999997,1230.0800000000017,384.40000000000055
AI_ENHANCED_LOSING,FROZEN,2026-04-06 09:15:00.000000,2026-04-06 09:15:00.000000,2026-04-06 09:25:12.836116261,22928.02,22613.65423166136,PE,23800.0,OTM,307.52000000000044,329.9093413619053,22.389341361904883,1,50,15376.000000000022,1119.467068095244,1079.467068095244,7.280613085947206,True,TARGET_ACHIEVED,11.26772117490155,AI enhanced frozen,0.5,-0.05,0.2,0.02,0.45843098523944736,-0.058544351464870935,0.18190609300578767,0.02463236011279325,-0.041569014760552636,-0.008544351464870932,-0.018093906994212344,0.004632360112793249,5.090564024523701,24892.344999999998,520918.0,995439.6,-0.08304681904147915,0.0021493351802729793,40,3.1999999999999997,1230.0800000000017,384.40000000000055
RSI_DIVERGENCE_LOSING,FROZEN,2026-04-06 09:15:00.000000,2026-04-06 09:15:00.000000,2026-04-06 09:23:40.004325648,22928.02,22914.13036228656,PE,23800.0,OTM,307.52000000000044,302.8520569604816,-4.667943039518832,1,50,15376.000000000022,-233.3971519759416,-273.3971519759416,-1.5179315295001383,False,STOP_LOSS,9.988168429254127,RSI frozen,0.5,-0.05,0.2,0.02,0.4709847444150749,-0.05558091138394172,0.21101909989064876,0.018000336908578784,-0.029015255584925126,-0.00558091138394172,0.011019099890648754,-0.0019996630914212166,5.090564024523701,24892.344999999998,520918.0,995439.6,-0.08304681904147915,0.0021493351802729793,40,3.1999999999999997,1230.0800000000017,384.40000000000055
STOCHASTIC_OVERSOLD_LOSING,FROZEN,2026-04-06 09:15:00.000000,2026-04-06 09:15:00.000000,2026-04-06 09:24:49.978816405,22928.02,22498.718676080945,PE,23800.0,OTM,307.52000000000044,331.0435548333864,23.52355483338596,1,50,15376.000000000022,1176.177741669298,1136.177741669298,7.649439006694175,True,TARGET_ACHIEVED,9.50368126280036,Stochastic frozen,0.5,-0.05,0.2,0.02,0.5195524867389588,-0.05124544764712423,0.2041809497344026,0.018668048499601134,0.01955248673895882,-0.001245447647124226,0.004180949734402584,-0.001331951500398866,5.090564024523701,24892.344999999998,520918.0,995439.6,-0.08304681904147915,0.0021493351802729793,40,3.1999999999999997,1230.0800000000017,384.40000000000055
TREND_FOLLOWING_OPTIMIZED,FROZEN,2026-04-06 09:15:00.000000,2026-04-06 09:15:00.000000,2026-04-06 09:25:54.254997018,22928.02,23189.02973984681,PE,23800.0,OTM,307.52000000000044,303.5004663953257,-4.019533604674734,1,50,15376.000000000022,-200.97668023373672,-240.97668023373672,-1.3070803865357468,False,STOP_LOSS,10.627425804205979,Trend frozen,0.5,-0.05,0.2,0.02,0.47157391427586776,-0.057723351279943165,0.1822931705467707,0.015140905506364852,-0.028426085724132244,-0.007723351279943162,-0.017706829453229322,-0.004859094493635148,5.090564024523701,24892.344999999998,520918.0,995439.6,-0.08304681904147915,0.0021493351802729793,40,3.1999999999999997,1230.0800000000017,384.40000000000055
STRONG_MOMENTUM_LOSING,FROZEN,2026-04-06 09:15:00.000000,2026-04-06 09:15:00.000000,2026-04-06 09:23:41.025452303,22928.02,22778.3490963178,PE,23800.0,OTM,307.52000000000044,336.7669732500206,29.246973250020176,1,50,15376.000000000022,1462.3486625010087,1422.3486625010087,9.510592237909773,True,TARGET_ACHIEVED,10.953599748365674,Strong momentum frozen,0.5,-0.05,0.2,0.02,0.49570573238067644,-0.04315011261535742,0.18137005985066498,0.017313658533098557,-0.004294267619323555,0.006849887384642581,-0.018629940149335028,-0.002686341466901443,5.090564024523701,24892.344999999998,520918.0,995439.6,-0.08304681904147915,0.0021493351802729793,40,3.1999999999999997,1230.0800000000017,384.40000000000055
MACD_DIVERGENCE_LOSING,RE-OPTIMIZED,2026-04-06 09:15:00.000000,2026-04-06 09:15:00.000000,2026-04-06 09:22:39.521354716,22928.02,22498.462245238195,PE,23800.0,OTM,307.52000000000044,333.13027214706966,25.610272147069225,1,50,15376.000000000022,1280.5136073534613,1240.5136073534613,8.328002128989722,True,TARGET_ACHIEVED,8.969745632158217,MACD re-optimized,0.5,-0.05,0.2,0.02,0.4900799408495861,-0.041667120038597516,0.19618127035774663,0.024987225562464424,-0.009920059150413885,0.008332879961402487,-0.0038187296422533823,0.004987225562464424,5.090564024523701,24892.344999999998,520918.0,995439.6,-0.08304681904147915,0.0021493351802729793,40,3.1999999999999997,1230.0800000000017,384.40000000000055
CCI_EXTREME_LOSING,RE-OPTIMIZED,2026-04-06 09:15:00.000000,2026-04-06 09:15:00.000000,2026-04-06 09:23:21.222312696,22928.02,23218.3166131245,PE,23800.0,OTM,307.52000000000044,340.6556706586804,33.13567065867994,1,50,15376.000000000022,1656.783532933997,1616.783532933997,10.775127035210684,True,TARGET_ACHIEVED,5.835504691068701,CCI re-optimized,0.5,-0.05,0.2,0.02,0.4781658087335012,-0.05182695256815728,0.19108620562803835,0.01775182759298792,-0.021834191266498826,-0.001826952568157278,-0.008913794371961659,-0.00224817240701208,5.090564024523701,24892.344999999998,520918.0,995439.6,-0.08304681904147915,0.0021493351802729793,40,3.1999999999999997,1230.0800000000017,384.40000000000055
MOMENTUM_REVERSAL_LOSING,RE-OPTIMIZED,2026-04-06 09:15:00.000000,2026-04-06 09:15:00.000000,2026-04-06 09:21:47.166726088,22928.02,23296.596283112965,PE,23800.0,OTM,307.52000000000044,331.3295646805767,23.809564680576273,1,50,15376.000000000022,1190.4782340288136,1150.4782340288136,7.742444289989672,True,TARGET_ACHIEVED,8.778299132860646,Momentum re-optimized,0.5,-0.05,0.2,0.02,0.4718405406829555,-0.05446782873859919,0.19771060437932145,0.020274872159875484,-0.0281594593170445,-0.004467828738599189,-0.0022893956206785637,0.0002748721598754833,5.090564024523701,24892.344999999998,520918.0,995439.6,-0.08304681904147915,0.0021493351802729793,40,3.1999999999999997,1230.0800000000017,384.40000000000055
BOLLINGER_SQUEEZE_LOSING,RE-OPTIMIZED,2026-04-06 09:15:00.000000,2026-04-06 09:15:00.000000,2026-04-06 09:26:59.149375046,22928.02,22780.91737974809,PE,23800.0,OTM,307.52000000000044,335.31287047226726,27.792870472266827,1,50,15376.000000000022,1389.6435236133414,1349.6435236133414,9.03774404014919,True,TARGET_ACHIEVED,7.60841088749334,Bollinger re-optimized,0.5,-0.05,0.2,0.02,0.4676902096328009,-0.05853582146588705,0.20792565293107645,0.02362421288418971,-0.03230979036719911,-0.00853582146588705,0.007925652931076443,0.003624212884189709,5.090564024523701,24892.344999999998,520918.0,995439.6,-0.08304681904147915,0.0021493351802729793,40,3.1999999999999997,1230.0800000000017,384.40000000000055
BREAKOUT_REVERSAL_LOSING,RE-OPTIMIZED,2026-04-06 09:15:00.000000,2026-04-06 09:15:00.000000,2026-04-06 09:24:48.431852657,22928.02,23227.6471403854,PE,23800.0,OTM,307.52000000000044,339.92949006628925,32.40949006628881,1,50,15376.000000000022,1620.4745033144404,1580.4745033144404,10.538986103761955,True,TARGET_ACHIEVED,6.497242844979975,Breakout re-optimized,0.5,-0.05,0.2,0.02,0.4533875885185567,-0.049651892634753225,0.2002021944005592,0.016145251166152053,-0.046612411481443294,0.00034810736524677754,0.0002021944005591858,-0.003854748833847947,5.090564024523701,24892.344999999998,520918.0,995439.6,-0.08304681904147915,0.0021493351802729793,40,3.1999999999999997,1230.0800000000017,384.40000000000055
MULTI_TIMEFRAME_LOSING,FROZEN,2026-04-06 09:30:00.000000,2026-04-06 09:30:00.000000,2026-04-06 09:41:04.200012857,23023.31,23152.01036181278,PE,23800.0,OTM,307.52000000000044,334.30047585948313,26.780475859482692,1,50,15376.000000000022,1339.0237929741347,1299.0237929741347,8.708531431933746,True,TARGET_ACHIEVED,5.4843437526441585,Multi-timeframe frozen,0.5,-0.05,0.2,0.02,0.4927359072018745,-0.052152269908830026,0.21612868621830736,0.015819077974631297,-0.00726409279812551,-0.0021522699088300234,0.016128686218307348,-0.004180922025368704,65.92853747425175,23388.6845,1110650.0,934931.1,-0.0005795110923197955,0.0046426860429712065,40,3.1999999999999997,1230.0800000000017,384.40000000000055
AI_ENHANCED_LOSING,FROZEN,2026-04-06 09:30:00.000000,2026-04-06 09:30:00.000000,2026-04-06 09:40:15.347967785,23023.31,23014.828152019614,PE,23800.0,OTM,307.52000000000044,303.4840037272109,-4.035996272789532,1,50,15376.000000000022,-201.7998136394766,-241.7998136394766,-1.3124337515574684,False,STOP_LOSS,7.793185991595783,AI enhanced frozen,0.5,-0.05,0.2,0.02,0.4639428260816196,-0.05486614316242093,0.21103337215867585,0.024343424700693086,-0.036057173918380425,-0.004866143162420927,0.011033372158675836,0.004343424700693085,65.92853747425175,23388.6845,1110650.0,934931.1,-0.0005795110923197955,0.0046426860429712065,40,3.1999999999999997,1230.0800000000017,384.40000000000055
RSI_DIVERGENCE_LOSING,FROZEN,2026-04-06 09:30:00.000000,2026-04-06 09:30:00.000000,2026-04-06 09:38:05.315752077,23023.31,23218.17483807086,PE,23800.0,OTM,307.52000000000044,334.1912426539567,26.671242653956256,1,50,15376.000000000022,1333.5621326978128,1293.5621326978128,8.673010748554962,True,TARGET_ACHIEVED,9.107626435493295,RSI frozen,0.5,-0.05,0.2,0.02,0.5013859930870057,-0.054968995453917,0.2152868996492741,0.016276572273532727,0.0013859930870057102,-0.004968995453916998,0.0152868996492741,-0.003723427726467273,65.92853747425175,23388.6845,1110650.0,934931.1,-0.0005795110923197955,0.0046426860429712065,40,3.1999999999999997,1230.0800000000017,384.40000000000055
STOCHASTIC_OVERSOLD_LOSING,FROZEN,2026-04-06 09:30:00.000000,2026-04-06 09:30:00.000000,2026-04-06 09:35:03.345476888,23023.31,22890.876383523813,PE,23800.0,OTM,307.52000000000044,331.8240659133362,24.304065913335762,1,50,15376.000000000022,1215.203295666788,1175.203295666788,7.903247240288673,True,TARGET_ACHIEVED,6.811802594346284,Stochastic frozen,0.5,-0.05,0.2,0.02,0.4929248879480152,-0.05855942770891864,0.21350044379288233,0.01601946649857383,-0.0070751120519848,-0.00855942770891864,0.013500443792882316,-0.003980533501426169,65.92853747425175,23388.6845,1110650.0,934931.1,-0.0005795110923197955,0.0046426860429712065,40,3.1999999999999997,1230.0800000000017,384.40000000000055
TREND_FOLLOWING_OPTIMIZED,FROZEN,2026-04-06 09:30:00.000000,2026-04-06 09:30:00.000000,2026-04-06 09:38:22.797613260,23023.31,22650.046821574866,PE,23800.0,OTM,307.52000000000044,331.17610622414844,23.656106224148004,1,50,15376.000000000022,1182.8053112074003,1142.8053112074003,7.692542346562166,True,TARGET_ACHIEVED,8.034749141128971,Trend frozen,0.5,-0.05,0.2,0.02,0.4805393818573737,-0.053993157589626896,0.18857071497798028,0.01987530771438493,-0.019460618142626285,-0.003993157589626893,-0.01142928502201973,-0.00012469228561506895,65.92853747425175,23388.6845,1110650.0,934931.1,-0.0005795110923197955,0.0046426860429712065,40,3.1999999999999997,1230.0800000000017,384.40000000000055
HIGH_VOLUME_LOSING,FROZEN,2026-04-06 09:30:00.000000,2026-04-06 09:30:00.000000,2026-04-06 09:36:02.889255694,23023.31,23296.837155836816,PE,23800.0,OTM,307.52000000000044,303.99315797896526,-3.526842021035179,1,50,15376.000000000022,-176.34210105175896,-216.34210105175896,-1.1468659017414067,False,STOP_LOSS,8.065896426397362,High volume frozen,0.5,-0.05,0.2,0.02,0.49258228769732765,-0.05619361278305228,0.19246077436418887,0.019309854494958464,-0.007417712302672352,-0.006193612783052277,-0.0075392256358111365,-0.000690145505041536,65.92853747425175,23388.6845,1110650.0,934931.1,-0.0005795110923197955,0.0046426860429712065,40,3.1999999999999997,1230.0800000000017,384.40000000000055
MACD_DIVERGENCE_LOSING,RE-OPTIMIZED,2026-04-06 09:30:00.000000,2026-04-06 09:30:00.000000,2026-04-06 09:36:31.102132412,23023.31,23021.85168862072,PE,23800.0,OTM,307.52000000000044,340.3797535928065,32.859753592806044,1,50,15376.000000000022,1642.9876796403023,1602.9876796403023,10.685403743758455,True,TARGET_ACHIEVED,5.093320996083168,MACD re-optimized,0.5,-0.05,0.2,0.02,0.5468059960367029,-0.05491061871589163,0.19750019530056023,0.018986681400141356,0.04680599603670288,-0.004910618715891629,-0.0024998046994397782,-0.0010133185998586446,65.92853747425175,23388.6845,1110650.0,934931.1,-0.0005795110923197955,0.0046426860429712065,40,3.1999999999999997,1230.0800000000017,384.40000000000055
BOLLINGER_SQUEEZE_LOSING,RE-OPTIMIZED,2026-04-06 09:30:00.000000,2026-04-06 09:30:00.000000,2026-04-06 09:37:01.143846717,23023.31,23237.094081478663,PE,23800.0,OTM,307.52000000000044,301.3193576111309,-6.2006423888695394,1,50,15376.000000000022,-310.032119443477,-350.032119443477,-2.0163379256209453,False,STOP_LOSS,8.401832983478387,Bollinger re-optimized,0.5,-0.05,0.2,0.02,0.5230638556603369,-0.049988686286350795,0.19157967199068002,0.016344189628122646,0.023063855660336863,1.131371364920808e-05,-0.008420328009319994,-0.0036558103718773542,65.92853747425175,23388.6845,1110650.0,934931.1,-0.0005795110923197955,0.0046426860429712065,40,3.1999999999999997,1230.0800000000017,384.40000000000055
BREAKOUT_REVERSAL_LOSING,RE-OPTIMIZED,2026-04-06 09:30:00.000000,2026-04-06 09:30:00.000000,2026-04-06 09:40:28.068835566,23023.31,23021.211651986032,PE,23800.0,OTM,307.52000000000044,335.676845934083,28.156845934082583,1,50,15376.000000000022,1407.8422967041292,1367.8422967041292,9.156102345890526,True,TARGET_ACHIEVED,11.662326667231728,Breakout re-optimized,0.5,-0.05,0.2,0.02,0.49500273898995556,-0.04494766663507973,0.1826841842191897,0.017151094041008577,-0.00499726101004444,0.005052333364920274,-0.017315815780810317,-0.0028489059589914233,65.92853747425175,23388.6845,1110650.0,934931.1,-0.0005795110923197955,0.0046426860429712065,40,3.1999999999999997,1230.0800000000017,384.40000000000055
MULTI_TIMEFRAME_LOSING,FROZEN,2026-04-06 09:45:00.000000,2026-04-06 09:45:00.000000,2026-04-06 09:51:15.036301530,23032.98,23379.365005147192,CE,23800.0,OTM,307.52000000000044,335.2458085326768,27.725808532676353,1,50,15376.000000000022,1386.2904266338178,1346.2904266338178,9.015936697670499,True,TARGET_ACHIEVED,11.142714426007814,Multi-timeframe frozen,0.5,-0.05,0.2,0.02,0.47149447488374985,-0.05893223267152716,0.20544071420020213,0.01930523990623296,-0.028505525116250152,-0.008932232671527159,0.005440714200202118,-0.0006947600937670419,57.03407814255421,23010.786500000002,962859.0,1157250.85,0.0009656352071814034,0.0020778900515695574,40,3.1999999999999997,1230.0800000000017,384.40000000000055
AI_ENHANCED_LOSING,FROZEN,2026-04-06 09:45:00.000000,2026-04-06 09:45:00.000000,2026-04-06 09:53:11.522347969,23032.98,23029.12652175467,CE,23800.0,OTM,307.52000000000044,334.2749894383567,26.75498943835629,1,50,15376.000000000022,1337.7494719178144,1297.7494719178144,8.700243703939988,True,TARGET_ACHIEVED,7.783487344113173,AI enhanced frozen,0.5,-0.05,0.2,0.02,0.5445520817107299,-0.044012528722576195,0.18384405341189428,0.02332962166911687,0.044552081710729885,0.005987471277423807,-0.016155946588105735,0.003329621669116871,57.03407814255421,23010.786500000002,962859.0,1157250.85,0.0009656352071814034,0.0020778900515695574,40,3.1999999999999997,1230.0800000000017,384.40000000000055
RSI_DIVERGENCE_LOSING,FROZEN,2026-04-06 09:45:00.000000,2026-04-06 09:45:00.000000,2026-04-06 09:50:05.600890493,23032.98,23392.127503457898,CE,23800.0,OTM,307.52000000000044,303.52305670396146,-3.996943296038978,1,50,15376.000000000022,-199.8471648019489,-239.8471648019489,-1.29973442248926,False,STOP_LOSS,10.053557033037023,RSI frozen,0.5,-0.05,0.2,0.02,0.474358535171587,-0.051047170996071055,0.2001492468185405,0.01897088216918379,-0.025641464828413008,-0.001047170996071052,0.00014924681854047717,-0.0010291178308162105,57.03407814255421,23010.786500000002,962859.0,1157250.85,0.0009656352071814034,0.0020778900515695574,40,3.1999999999999997,1230.0800000000017,384.40000000000055
TREND_FOLLOWING_OPTIMIZED,FROZEN,2026-04-06 09:45:00.000000,2026-04-06 09:45:00.000000,2026-04-06 09:56:30.916035143,23032.98,23164.368357664873,CE,23800.0,OTM,307.52000000000044,302.71029549598245,-4.809704504017986,1,50,15376.000000000022,-240.48522520089932,-280.4852252008993,-1.5640298205053262,False,STOP_LOSS,8.639013745024858,Trend frozen,0.5,-0.05,0.2,0.02,0.5403386937390467,-0.04514576000140974,0.2182817276366117,0.01690697277277711,0.04033869373904675,0.004854239998590262,0.018281727636611678,-0.0030930272272228915,57.03407814255421,23010.786500000002,962859.0,1157250.85,0.0009656352071814034,0.0020778900515695574,40,3.1999999999999997,1230.0800000000017,384.40000000000055
MACD_DIVERGENCE_LOSING,RE-OPTIMIZED,2026-04-06 09:45:00.000000,2026-04-06 09:45:00.000000,2026-04-06 09:51:24.136237562,23032.98,23430.30371866524,CE,23800.0,OTM,307.52000000000044,338.74568847396296,31.22568847396252,1,50,15376.000000000022,1561.284423698126,1521.284423698126,10.154035013645446,True,TARGET_ACHIEVED,9.578607495296023,MACD re-optimized,0.5,-0.05,0.2,0.02,0.4673889506736204,-0.052189419366572516,0.18170032298685979,0.024878394545700327,-0.03261104932637959,-0.0021894193665725134,-0.018299677013140225,0.004878394545700326,57.03407814255421,23010.786500000002,962859.0,1157250.85,0.0009656352071814034,0.0020778900515695574,40,3.1999999999999997,1230.0800000000017,384.40000000000055
CCI_EXTREME_LOSING,RE-OPTIMIZED,2026-04-06 09:45:00.000000,2026-04-06 09:45:00.000000,2026-04-06 09:50:20.122130719,23032.98,22783.22676727339,CE,23800.0,OTM,307.52000000000044,341.4896467404044,33.96964674040396,1,50,15376.000000000022,1698.482337020198,1658.482337020198,11.046321130464332,True,TARGET_ACHIEVED,7.555790888867287,CCI re-optimized,0.5,-0.05,0.2,0.02,0.45407525412525285,-0.043896387826733066,0.19244162343877888,0.018537640794136834,-0.04592474587474715,0.006103612173266937,-0.007558376561221131,-0.0014623592058631667,57.03407814255421,23010.786500000002,962859.0,1157250.85,0.0009656352071814034,0.0020778900515695574,40,3.1999999999999997,1230.0800000000017,384.40000000000055
MOMENTUM_REVERSAL_LOSING,RE-OPTIMIZED,2026-04-06 09:45:00.000000,2026-04-06 09:45:00.000000,2026-04-06 09:52:08.650793908,23032.98,23233.316311956947,CE,23800.0,OTM,307.52000000000044,330.72042191606596,23.200421916065523,1,50,15376.000000000022,1160.0210958032762,1120.0210958032762,7.544361965421921,True,TARGET_ACHIEVED,8.459774746740539,Momentum re-optimized,0.5,-0.05,0.2,0.02,0.45087961373662044,-0.045720809051925035,0.21250681765437024,0.015186087308323895,-0.049120386263379556,0.004279190948074968,0.012506817654370228,-0.004813912691676105,57.03407814255421,23010.786500000002,962859.0,1157250.85,0.0009656352071814034,0.0020778900515695574,40,3.1999999999999997,1230.0800000000017,384.40000000000055
MULTI_TIMEFRAME_LOSING,FROZEN,2026-04-06 10:00:00.000000,2026-04-06 10:00:00.000000,2026-04-06 10:11:59.173441037,23193.04,23267.348964257526,CE,23800.0,OTM,307.52000000000044,341.39433001691975,33.874330016919316,1,50,15376.000000000022,1693.7165008459658,1653.7165008459658,11.015325837968023,True,TARGET_ACHIEVED,5.02654183701547,Multi-timeframe frozen,0.5,-0.05,0.2,0.02,0.5489493342843136,-0.057432578282462336,0.21747561725752892,0.01597198420850756,0.048949334284313584,-0.0074325782824623335,0.017475617257528914,-0.00402801579149244,75.32011046949532,23106.610999999997,747852.0,968781.15,0.0009524849412865244,0.0026163021320189284,40,3.1999999999999997,1230.0800000000017,384.40000000000055
AI_ENHANCED_LOSING,FROZEN,2026-04-06 10:00:00.000000,2026-04-06 10:00:00.000000,2026-04-06 10:06:41.978038118,23193.04,23113.405957336647,CE,23800.0,OTM,307.52000000000044,341.95265117089383,34.432651170893394,1,50,15376.000000000022,1721.6325585446698,1681.6325585446698,11.196881884395598,True,TARGET_ACHIEVED,11.234536653432759,AI enhanced frozen,0.5,-0.05,0.2,0.02,0.5028183817933266,-0.040467851786826256,0.18006682565795468,0.015236537961375009,0.0028183817933266075,0.009532148213173747,-0.019933174342045334,-0.004763462038624992,75.32011046949532,23106.610999999997,747852.0,968781.15,0.0009524849412865244,0.0026163021320189284,40,3.1999999999999997,1230.0800000000017,384.40000000000055
RSI_DIVERGENCE_LOSING,FROZEN,2026-04-06 10:00:00.000000,2026-04-06 10:00:00.000000,2026-04-06 10:09:45.981245183,23193.04,23549.415221221057,CE,23800.0,OTM,307.52000000000044,335.5154632140426,27.99546321404216,1,50,15376.000000000022,1399.773160702108,1359.773160702108,9.103623573764997,True,TARGET_ACHIEVED,10.882560566182097,RSI frozen,0.5,-0.05,0.2,0.02,0.4684744689298299,-0.056586428369279816,0.182710183673852,0.023918555059595663,-0.03152553107017009,-0.006586428369279813,-0.01728981632614801,0.003918555059595662,75.32011046949532,23106.610999999997,747852.0,968781.15,0.0009524849412865244,0.0026163021320189284,40,3.1999999999999997,1230.0800000000017,384.40000000000055
STOCHASTIC_OVERSOLD_LOSING,FROZEN,2026-04-06 10:00:00.000000,2026-04-06 10:00:00.000000,2026-04-06 10:08:22.918799121,23193.04,22747.793138469584,CE,23800.0,OTM,307.52000000000044,330.5815032201273,23.061503220126838,1,50,15376.000000000022,1153.075161006342,1113.075161006342,7.499188091872661,True,TARGET_ACHIEVED,6.547787505721019,Stochastic frozen,0.5,-0.05,0.2,0.02,0.517096832128933,-0.05613095837989046,0.21343856646803822,0.02062441704880602,0.01709683212893298,-0.006130958379890458,0.013438566468038204,0.0006244170488060204,75.32011046949532,23106.610999999997,747852.0,968781.15,0.0009524849412865244,0.0026163021320189284,40,3.1999999999999997,1230.0800000000017,384.40000000000055
TREND_FOLLOWING_OPTIMIZED,FROZEN,2026-04-06 10:00:00.000000,2026-04-06 10:00:00.000000,2026-04-06 10:11:19.626438845,23193.04,22912.892678036802,CE,23800.0,OTM,307.52000000000044,300.8667382160581,-6.653261783942355,1,50,15376.000000000022,-332.66308919711776,-372.66308919711776,-2.1635216519063296,False,STOP_LOSS,5.217322775332402,Trend frozen,0.5,-0.05,0.2,0.02,0.45743747090134673,-0.0463957504202733,0.1901251775855287,0.015539455132316643,-0.04256252909865327,0.003604249579726701,-0.009874822414471324,-0.004460544867683358,75.32011046949532,23106.610999999997,747852.0,968781.15,0.0009524849412865244,0.0026163021320189284,40,3.1999999999999997,1230.0800000000017,384.40000000000055
MACD_DIVERGENCE_LOSING,RE-OPTIMIZED,2026-04-06 10:00:00.000000,2026-04-06 10:00:00.000000,2026-04-06 10:06:55.754252411,23193.04,23495.226918679306,CE,23800.0,OTM,307.52000000000044,330.3799047326255,22.85990473262507,1,50,15376.000000000022,1142.9952366312534,1102.9952366312534,7.433631871951429,True,TARGET_ACHIEVED,5.273448068635794,MACD re-optimized,0.5,-0.05,0.2,0.02,0.5474939173141582,-0.05393272332244137,0.2162572923117605,0.016883758828986885,0.047493917314158196,-0.003932723322441364,0.016257292311760485,-0.0031162411710131156,75.32011046949532,23106.610999999997,747852.0,968781.15,0.0009524849412865244,0.0026163021320189284,40,3.1999999999999997,1230.0800000000017,384.40000000000055
CCI_EXTREME_LOSING,RE-OPTIMIZED,2026-04-06 10:00:00.000000,2026-04-06 10:00:00.000000,2026-04-06 10:06:37.371995286,23193.04,22774.80619921315,CE,23800.0,OTM,307.52000000000044,335.67196482894707,28.15196482894663,1,50,15376.000000000022,1407.5982414473315,1367.5982414473315,9.154515097862445,True,TARGET_ACHIEVED,8.460728232511624,CCI re-optimized,0.5,-0.05,0.2,0.02,0.5415541945795077,-0.05770407973022108,0.20097427710323534,0.015724940595327835,0.04155419457950771,-0.007704079730221081,0.0009742771032353326,-0.004275059404672165,75.32011046949532,23106.610999999997,747852.0,968781.15,0.0009524849412865244,0.0026163021320189284,40,3.1999999999999997,1230.0800000000017,384.40000000000055
MOMENTUM_REVERSAL_LOSING,RE-OPTIMIZED,2026-04-06 10:00:00.000000,2026-04-06 10:00:00.000000,2026-04-06 10:05:20.886647248,23193.04,23014.318990198768,CE,23800.0,OTM,307.52000000000044,341.01569705356127,33.49569705356083,1,50,15376.000000000022,1674.7848526780417,1634.7848526780417,10.892201175065292,True,TARGET_ACHIEVED,10.922322927453381,Momentum re-optimized,0.5,-0.05,0.2,0.02,0.49346188538972774,-0.049236612380562664,0.1860149571318041,0.02187498865968067,-0.006538114610272261,0.000763387619437339,-0.013985042868195907,0.0018749886596806688,75.32011046949532,23106.610999999997,747852.0,968781.15,0.0009524849412865244,0.0026163021320189284,40,3.1999999999999997,1230.0800000000017,384.40000000000055
BOLLINGER_SQUEEZE_LOSING,RE-OPTIMIZED,2026-04-06 10:00:00.000000,2026-04-06 10:00:00.000000,2026-04-06 10:06:52.009775460,23193.04,23574.197700402303,CE,23800.0,OTM,307.52000000000044,335.69049463541836,28.170494635417924,1,50,15376.000000000022,1408.5247317708963,1368.5247317708963,9.16054065928001,True,TARGET_ACHIEVED,10.376651609082321,Bollinger re-optimized,0.5,-0.05,0.2,0.02,0.4814495993691075,-0.058745392628137556,0.21411910154106473,0.02290723259848156,-0.018550400630892527,-0.008745392628137554,0.014119101541064716,0.0029072325984815586,75.32011046949532,23106.610999999997,747852.0,968781.15,0.0009524849412865244,0.0026163021320189284,40,3.1999999999999997,1230.0800000000017,384.40000000000055
BREAKOUT_REVERSAL_LOSING,RE-OPTIMIZED,2026-04-06 10:00:00.000000,2026-04-06 10:00:00.000000,2026-04-06 10:07:49.044101943,23193.04,23523.332578671663,CE,23800.0,OTM,307.52000000000044,340.26043081247775,32.740430812477314,1,50,15376.000000000022,1637.0215406238658,1597.0215406238658,10.646602111237407,True,TARGET_ACHIEVED,10.575767420631477,Breakout re-optimized,0.5,-0.05,0.2,0.02,0.512734131055645,-0.04058931810617789,0.19957684176109575,0.022136293112485002,0.012734131055645026,0.00941068189382211,-0.0004231582389042643,0.0021362931124850014,75.32011046949532,23106.610999999997,747852.0,968781.15,0.0009524849412865244,0.0026163021320189284,40,3.1999999999999997,1230.0800000000017,384.40000000000055
MULTI_TIMEFRAME_LOSING,FROZEN,2026-04-06 10:15:00.000000,2026-04-06 10:15:00.000000,2026-04-06 10:23:56.363795102,23306.83,22892.28818177027,CE,23800.0,OTM,307.52000000000044,332.7863253757355,25.26632537573505,1,50,15376.000000000022,1263.3162687867525,1223.3162687867525,8.216156794919034,True,TARGET_ACHIEVED,10.379398872897394,Multi-timeframe frozen,0.5,-0.05,0.2,0.02,0.460576975739147,-0.058669975336502186,0.19062906259796417,0.01627244735133393,-0.03942302426085298,-0.008669975336502184,-0.009370937402035845,-0.003727552648666071,62.381343021212636,23262.905000000002,1116060.0,924042.3,0.0002261651151254096,0.0028129093488903326,40,3.1999999999999997,1230.0800000000017,384.40000000000055
AI_ENHANCED_LOSING,FROZEN,2026-04-06 10:15:00.000000,2026-04-06 10:15:00.000000,2026-04-06 10:23:23.468001873,23306.83,23169.575760862237,CE,23800.0,OTM,307.52000000000044,302.0218415563585,-5.498158443641955,1,50,15376.000000000022,-274.90792218209776,-314.90792218209776,-1.7879027197066688,False,STOP_LOSS,8.071340505604216,AI enhanced frozen,0.5,-0.05,0.2,0.02,0.45457649615297274,-0.05437504649000421,0.19691367267171334,0.022865603555378557,-0.04542350384702726,-0.004375046490004204,-0.0030863273282866754,0.002865603555378557,62.381343021212636,23262.905000000002,1116060.0,924042.3,0.0002261651151254096,0.0028129093488903326,40,3.1999999999999997,1230.0800000000017,384.40000000000055
RSI_DIVERGENCE_LOSING,FROZEN,2026-04-06 10:15:00.000000,2026-04-06 10:15:00.000000,2026-04-06 10:25:51.064571366,23306.83,22982.298419116996,CE,23800.0,OTM,307.52000000000044,335.4379082762866,27.91790827628614,1,50,15376.000000000022,1395.8954138143072,1355.8954138143072,9.078404096086793,True,TARGET_ACHIEVED,11.229346568099906,RSI frozen,0.5,-0.05,0.2,0.02,0.5385245227043655,-0.053287950875595604,0.20665128968053223,0.019851818194451865,0.03852452270436546,-0.003287950875595601,0.006651289680532219,-0.00014818180554813584,62.381343021212636,23262.905000000002,1116060.0,924042.3,0.0002261651151254096,0.0028129093488903326,40,3.1999999999999997,1230.0800000000017,384.40000000000055
TREND_FOLLOWING_OPTIMIZED,FROZEN,2026-04-06 10:15:00.000000,2026-04-06 10:15:00.000000,2026-04-06 10:21:33.922061161,23306.83,22871.539689766494,CE,23800.0,OTM,307.52000000000044,334.4677373782345,26.94773737823408,1,50,15376.000000000022,1347.386868911704,1307.386868911704,8.762921884181205,True,TARGET_ACHIEVED,9.984586971932927,Trend frozen,0.5,-0.05,0.2,0.02,0.48312151014532767,-0.05713388365184053,0.19759428982872268,0.018316173629417065,-0.01687848985467233,-0.007133883651840527,-0.002405710171277331,-0.0016838263705829352,62.381343021212636,23262.905000000002,1116060.0,924042.3,0.0002261651151254096,0.0028129093488903326,40,3.1999999999999997,1230.0800000000017,384.40000000000055
VOLUME_SPIKE_LOSING,FROZEN,2026-04-06 10:15:00.000000,2026-04-06 10:15:00.000000,2026-04-06 10:24:10.688995794,23306.83,23462.392725467213,CE,23800.0,OTM,307.52000000000044,338.8822932362614,31.36229323626094,1,50,15376.000000000022,1568.114661813047,1528.114661813047,10.198456437389728,True,TARGET_ACHIEVED,5.015966906491667,Volume frozen,0.5,-0.05,0.2,0.02,0.4987235270673504,-0.04552522416960335,0.1900603642739746,0.022141842543392812,-0.0012764729326495972,0.0044747758303966545,-0.009939635726025409,0.0021418425433928114,62.381343021212636,23262.905000000002,1116060.0,924042.3,0.0002261651151254096,0.0028129093488903326,40,3.1999999999999997,1230.0800000000017,384.40000000000055
HIGH_VOLUME_LOSING,FROZEN,2026-04-06 10:15:00.000000,2026-04-06 10:15:00.000000,2026-04-06 10:26:52.399954655,23306.83,23509.105102561614,CE,23800.0,OTM,307.52000000000044,301.963857976411,-5.556142023589416,1,50,15376.000000000022,-277.8071011794708,-317.8071011794708,-1.8067579421141418,False,STOP_LOSS,11.364270868184624,High volume frozen,0.5,-0.05,0.2,0.02,0.48925341850342785,-0.04425047928148652,0.18515527818494706,0.024947754592065243,-0.01074658149657215,0.005749520718513486,-0.014844721815052947,0.004947754592065243,62.381343021212636,23262.905000000002,1116060.0,924042.3,0.0002261651151254096,0.0028129093488903326,40,3.1999999999999997,1230.0800000000017,384.40000000000055
MULTI_TIMEFRAME_LOSING,FROZEN,2026-04-06 10:30:00.000000,2026-04-06 10:30:00.000000,2026-04-06 10:39:18.042987056,23314.68,22942.683262094655,CE,23800.0,OTM,307.52000000000044,330.47793786369516,22.957937863694724,1,50,15376.000000000022,1147.8968931847362,1107.8968931847362,7.465510491576058,True,TARGET_ACHIEVED,11.820190799787923,Multi-timeframe frozen,0.5,-0.05,0.2,0.02,0.4502440629235404,-0.0543122952153894,0.20170624558551944,0.019949864473274535,-0.04975593707645959,-0.0043122952153893945,0.0017062455855194336,-5.013552672546509e-05,51.36391544601378,23339.9,847940.0,1003810.05,0.000781663488073514,0.004105138908189996,40,3.1999999999999997,1230.0800000000017,384.40000000000055
AI_ENHANCED_LOSING,FROZEN,2026-04-06 10:30:00.000000,2026-04-06 10:30:00.000000,2026-04-06 10:37:10.984095648,23314.68,23736.601721924097,CE,23800.0,OTM,307.52000000000044,336.93622947249094,29.4162294724905,1,50,15376.000000000022,1470.811473624525,1430.811473624525,9.565631332105378,True,TARGET_ACHIEVED,8.319274938826595,AI enhanced frozen,0.5,-0.05,0.2,0.02,0.5039743339378382,-0.040235845350537064,0.1807501524839452,0.019181371282157574,0.0039743339378381926,0.009764154649462939,-0.019249847516054824,-0.0008186287178424262,51.36391544601378,23339.9,847940.0,1003810.05,0.000781663488073514,0.004105138908189996,40,3.1999999999999997,1230.0800000000017,384.40000000000055
TREND_FOLLOWING_OPTIMIZED,FROZEN,2026-04-06 10:30:00.000000,2026-04-06 10:30:00.000000,2026-04-06 10:40:26.890944252,23314.68,23527.804114167277,CE,23800.0,OTM,307.52000000000044,330.0455406243372,22.52554062433677,1,50,15376.000000000022,1126.2770312168386,1086.2770312168386,7.324902648392541,True,TARGET_ACHIEVED,11.726359915646045,Trend frozen,0.5,-0.05,0.2,0.02,0.468422205602839,-0.04532173496175133,0.2182371512763849,0.017759877116056817,-0.03157779439716102,0.004678265038248676,0.018237151276384894,-0.002240122883943183,51.36391544601378,23339.9,847940.0,1003810.05,0.000781663488073514,0.004105138908189996,40,3.1999999999999997,1230.0800000000017,384.40000000000055
MACD_DIVERGENCE_LOSING,RE-OPTIMIZED,2026-04-06 10:30:00.000000,2026-04-06 10:30:00.000000,2026-04-06 10:37:57.598663934,23314.68,22890.8003691572,CE,23800.0,OTM,307.52000000000044,334.37693903775653,26.856939037756092,1,50,15376.000000000022,1342.8469518878046,1302.8469518878046,8.73339588896854,True,TARGET_ACHIEVED,9.301772132216055,MACD re-optimized,0.5,-0.05,0.2,0.02,0.5293124812294313,-0.052262792670589864,0.18247105745454129,0.018473916594691064,0.02931248122943131,-0.002262792670589861,-0.017528942545458726,-0.0015260834053089367,51.36391544601378,23339.9,847940.0,1003810.05,0.000781663488073514,0.004105138908189996,40,3.1999999999999997,1230.0800000000017,384.40000000000055
MOMENTUM_REVERSAL_LOSING,RE-OPTIMIZED,2026-04-06 10:30:00.000000,2026-04-06 10:30:00.000000,2026-04-06 10:39:56.774658782,23314.68,23249.416263302195,CE,23800.0,OTM,307.52000000000044,340.67062151346033,33.150621513459896,1,50,15376.000000000022,1657.5310756729948,1617.5310756729948,10.779988785594384,True,TARGET_ACHIEVED,7.308599199112452,Momentum re-optimized,0.5,-0.05,0.2,0.02,0.48436374072347593,-0.04237996666559935,0.1874834942045688,0.018528368034083458,-0.015636259276524067,0.007620033334400651,-0.012516505795431204,-0.0014716319659165422,51.36391544601378,23339.9,847940.0,1003810.05,0.000781663488073514,0.004105138908189996,40,3.1999999999999997,1230.0800000000017,384.40000000000055
MULTI_TIMEFRAME_LOSING,FROZEN,2026-04-06 10:45:00.000000,2026-04-06 10:45:00.000000,2026-04-06 10:50:14.068500784,23383.74,23813.84771276964,CE,23800.0,OTM,307.52000000000044,303.41769904122435,-4.102300958776084,1,50,15376.000000000022,-205.1150479388042,-245.1150479388042,-1.3339948487175073,False,STOP_LOSS,6.139125059469661,Multi-timeframe frozen,0.5,-0.05,0.2,0.02,0.5434021524180873,-0.055788817032471814,0.18532276002489306,0.018334812968657545,0.043402152418087314,-0.005788817032471812,-0.014677239975106948,-0.001665187031342455,69.65579257631018,23331.645,1044876.0,1130956.05,0.0003127081423468514,0.000776180371488813,40,3.1999999999999997,1230.0800000000017,384.40000000000055
AI_ENHANCED_LOSING,FROZEN,2026-04-06 10:45:00.000000,2026-04-06 10:45:00.000000,2026-04-06 10:54:22.107226465,23383.74,23796.409149411847,CE,23800.0,OTM,307.52000000000044,333.2092381464517,25.68923814645126,1,50,15376.000000000022,1284.461907322563,1244.461907322563,8.353680458653495,True,TARGET_ACHIEVED,10.027877438365334,AI enhanced frozen,0.5,-0.05,0.2,0.02,0.523244925192738,-0.053227891491537345,0.19651445904631507,0.01617052858508342,0.02324492519273802,-0.003227891491537342,-0.0034855409536849458,-0.0038294714149165812,69.65579257631018,23331.645,1044876.0,1130956.05,0.0003127081423468514,0.000776180371488813,40,3.1999999999999997,1230.0800000000017,384.40000000000055
RSI_DIVERGENCE_LOSING,FROZEN,2026-04-06 10:45:00.000000,2026-04-06 10:45:00.000000,2026-04-06 10:53:46.346523660,23383.74,23427.04889401934,CE,23800.0,OTM,307.52000000000044,339.77075023652293,32.25075023652249,1,50,15376.000000000022,1612.5375118261245,1572.5375118261245,10.487366752251056,True,TARGET_ACHIEVED,7.580944870926775,RSI frozen,0.5,-0.05,0.2,0.02,0.5232700251768342,-0.040660015219171904,0.1901121714986903,0.01920220439907319,0.023270025176834186,0.0093399847808281,-0.009887828501309703,-0.0007977956009268088,69.65579257631018,23331.645,1044876.0,1130956.05,0.0003127081423468514,0.000776180371488813,40,3.1999999999999997,1230.0800000000017,384.40000000000055
STOCHASTIC_OVERSOLD_LOSING,FROZEN,2026-04-06 10:45:00.000000,2026-04-06 10:45:00.000000,2026-04-06 10:50:35.542312858,23383.74,23548.575731336394,CE,23800.0,OTM,307.52000000000044,331.9955193880071,24.47551938800666,1,50,15376.000000000022,1223.775969400333,1183.775969400333,7.959000841573434,True,TARGET_ACHIEVED,8.304820355286932,Stochastic frozen,0.5,-0.05,0.2,0.02,0.45882478739941646,-0.04842594120502569,0.18944001214802947,0.020223968556795417,-0.041175212600583544,0.0015740587949743118,-0.010559987851970543,0.0002239685567954168,69.65579257631018,23331.645,1044876.0,1130956.05,0.0003127081423468514,0.000776180371488813,40,3.1999999999999997,1230.0800000000017,384.40000000000055
TREND_FOLLOWING_OPTIMIZED,FROZEN,2026-04-06 10:45:00.000000,2026-04-06 10:45:00.000000,2026-04-06 10:53:21.262928111,23383.74,23744.940288835296,CE,23800.0,OTM,307.52000000000044,335.3820259671755,27.862025967175043,1,50,15376.000000000022,1393.101298358752,1353.101298358752,9.06023216934671,True,TARGET_ACHIEVED,8.423847179085026,Trend frozen,0.5,-0.05,0.2,0.02,0.456386001374222,-0.04155429688136662,0.18040143580710163,0.021305228227274573,-0.04361399862577803,0.00844570311863338,-0.019598564192898377,0.0013052282272745727,69.65579257631018,23331.645,1044876.0,1130956.05,0.0003127081423468514,0.000776180371488813,40,3.1999999999999997,1230.0800000000017,384.40000000000055
BOLLINGER_SQUEEZE_LOSING,RE-OPTIMIZED,2026-04-06 10:45:00.000000,2026-04-06 10:45:00.000000,2026-04-06 10:50:14.172862537,23383.74,23390.90406561622,CE,23800.0,OTM,307.52000000000044,340.04376590063305,32.52376590063261,1,50,15376.000000000022,1626.1882950316306,1586.1882950316306,10.57614655977906,True,TARGET_ACHIEVED,11.828801103926498,Bollinger re-optimized,0.5,-0.05,0.2,0.02,0.5249184742659391,-0.05451476701020389,0.21993818937160145,0.01599443434127872,0.024918474265939072,-0.004514767010203889,0.01993818937160144,-0.0040055656587212815,69.65579257631018,23331.645,1044876.0,1130956.05,0.0003127081423468514,0.000776180371488813,40,3.1999999999999997,1230.0800000000017,384.40000000000055
MULTI_TIMEFRAME_LOSING,FROZEN,2026-04-06 11:00:00.000000,2026-04-06 11:00:00.000000,2026-04-06 11:08:07.373538330,23412.81,23054.18331057919,CE,23800.0,OTM,307.52000000000044,336.329167215321,28.809167215320542,1,50,15376.000000000022,1440.458360766027,1400.458360766027,9.368225551287884,True,TARGET_ACHIEVED,5.2908439041867945,Multi-timeframe frozen,0.5,-0.05,0.2,0.02,0.5172122227830754,-0.05322905732923615,0.2134009918445406,0.01866991154518777,0.017212222783075437,-0.0032290573292361457,0.013400991844540577,-0.0013300884548122296,62.64512186842214,23362.4225,1913345.0,1135116.65,0.0008378499573167275,0.0028040205340579714,40,3.1999999999999997,1230.0800000000017,384.40000000000055
AI_ENHANCED_LOSING,FROZEN,2026-04-06 11:00:00.000000,2026-04-06 11:00:00.000000,2026-04-06 11:09:40.241452265,23412.81,23171.875716115588,CE,23800.0,OTM,307.52000000000044,334.05588772605853,26.535887726058093,1,50,15376.000000000022,1326.7943863029045,1286.7943863029045,8.628995748588077,True,TARGET_ACHIEVED,5.380805347071997,AI enhanced frozen,0.5,-0.05,0.2,0.02,0.4842673149398883,-0.055604936493581995,0.2038049110435715,0.01619546767921067,-0.015732685060111717,-0.005604936493581993,0.0038049110435715017,-0.003804532320789332,62.64512186842214,23362.4225,1913345.0,1135116.65,0.0008378499573167275,0.0028040205340579714,40,3.1999999999999997,1230.0800000000017,384.40000000000055
RSI_DIVERGENCE_LOSING,FROZEN,2026-04-06 11:00:00.000000,2026-04-06 11:00:00.000000,2026-04-06 11:09:49.325039476,23412.81,22977.10883384034,CE,23800.0,OTM,307.52000000000044,341.6918908797043,34.17189087970388,1,50,15376.000000000022,1708.594543985194,1668.594543985194,11.11208730479443,True,TARGET_ACHIEVED,6.9850914476250745,RSI frozen,0.5,-0.05,0.2,0.02,0.5284395697611267,-0.04416203805767994,0.18105603891660077,0.023121760280678676,0.028439569761126715,0.005837961942320065,-0.01894396108339924,0.003121760280678676,62.64512186842214,23362.4225,1913345.0,1135116.65,0.0008378499573167275,0.0028040205340579714,40,3.1999999999999997,1230.0800000000017,384.40000000000055
TREND_FOLLOWING_OPTIMIZED,FROZEN,2026-04-06 11:00:00.000000,2026-04-06 11:00:00.000000,2026-04-06 11:09:33.876585069,23412.81,23068.381153342325,CE,23800.0,OTM,307.52000000000044,333.9673428199987,26.447342819998255,1,50,15376.000000000022,1322.3671409999129,1282.3671409999129,8.600202529916174,True,TARGET_ACHIEVED,8.781399092707812,Trend frozen,0.5,-0.05,0.2,0.02,0.5459372862454324,-0.043310187661836225,0.21943095970394352,0.016472072753409974,0.04593728624543236,0.006689812338163778,0.019430959703943512,-0.0035279272465900263,62.64512186842214,23362.4225,1913345.0,1135116.65,0.0008378499573167275,0.0028040205340579714,40,3.1999999999999997,1230.0800000000017,384.40000000000055
VOLUME_SPIKE_LOSING,FROZEN,2026-04-06 11:00:00.000000,2026-04-06 11:00:00.000000,2026-04-06 11:08:40.454487987,23412.81,23753.332377626113,CE,23800.0,OTM,307.52000000000044,332.48508405028264,24.9650840502822,1,50,15376.000000000022,1248.2542025141101,1208.2542025141101,8.118198507505909,True,TARGET_ACHIEVED,5.4164865102245985,Volume frozen,0.5,-0.05,0.2,0.02,0.4965044641316763,-0.059479282367192673,0.181363325228535,0.015521434527343269,-0.003495535868323685,-0.00947928236719267,-0.018636674771465023,-0.004478565472656732,62.64512186842214,23362.4225,1913345.0,1135116.65,0.0008378499573167275,0.0028040205340579714,40,3.1999999999999997,1230.0800000000017,384.40000000000055
HIGH_VOLUME_LOSING,FROZEN,2026-04-06 11:00:00.000000,2026-04-06 11:00:00.000000,2026-04-06 11:09:24.849872580,23412.81,23863.49360990798,CE,23800.0,OTM,307.52000000000044,334.87744414894564,27.357444148945206,1,50,15376.000000000022,1367.8722074472603,1327.8722074472603,8.896151193075301,True,TARGET_ACHIEVED,6.615688314442389,High volume frozen,0.5,-0.05,0.2,0.02,0.48459922376736453,-0.052201283410507344,0.19101913965171033,0.022687538039206447,-0.015400776232635471,-0.0022012834105073417,-0.008980860348289682,0.002687538039206447,62.64512186842214,23362.4225,1913345.0,1135116.65,0.0008378499573167275,0.0028040205340579714,40,3.1999999999999997,1230.0800000000017,384.40000000000055
MACD_DIVERGENCE_LOSING,RE-OPTIMIZED,2026-04-06 11:00:00.000000,2026-04-06 11:00:00.000000,2026-04-06 11:11:57.146938815,23412.81,23687.607462863656,CE,23800.0,OTM,307.52000000000044,336.02346023115217,28.503460231151735,1,50,15376.000000000022,1425.1730115575867,1385.1730115575867,9.26881511158679,True,TARGET_ACHIEVED,9.339700783414216,MACD re-optimized,0.5,-0.05,0.2,0.02,0.5304242621134014,-0.051363734324902724,0.2191004954087421,0.018902618132844613,0.030424262113401435,-0.0013637343249027212,0.01910049540874209,-0.0010973818671553871,62.64512186842214,23362.4225,1913345.0,1135116.65,0.0008378499573167275,0.0028040205340579714,40,3.1999999999999997,1230.0800000000017,384.40000000000055
CCI_EXTREME_LOSING,RE-OPTIMIZED,2026-04-06 11:00:00.000000,2026-04-06 11:00:00.000000,2026-04-06 11:05:37.383564063,23412.81,23032.634653016972,CE,23800.0,OTM,307.52000000000044,330.0045455921608,22.484545592160373,1,50,15376.000000000022,1124.2272796080188,1084.2272796080188,7.3115717976588,True,TARGET_ACHIEVED,10.180667855325776,CCI re-optimized,0.5,-0.05,0.2,0.02,0.45869084953283606,-0.05593096314056645,0.2108842576478673,0.016903829757178267,-0.041309150467163935,-0.005930963140566445,0.010884257647867296,-0.0030961702428217337,62.64512186842214,23362.4225,1913345.0,1135116.65,0.0008378499573167275,0.0028040205340579714,40,3.1999999999999997,1230.0800000000017,384.40000000000055
MOMENTUM_REVERSAL_LOSING,RE-OPTIMIZED,2026-04-06 11:00:00.000000,2026-04-06 11:00:00.000000,2026-04-06 11:09:45.430495350,23412.81,23701.0481029123,CE,23800.0,OTM,307.52000000000044,330.3856167895935,22.865616789593048,1,50,15376.000000000022,1143.2808394796525,1103.2808394796525,7.43548933064289,True,TARGET_ACHIEVED,10.824634801869216,Momentum re-optimized,0.5,-0.05,0.2,0.02,0.46474511378653,-0.055662137887469,0.21188806801779395,0.018754867084991744,-0.035254886213470005,-0.005662137887468999,0.011888068017793935,-0.0012451329150082562,62.64512186842214,23362.4225,1913345.0,1135116.65,0.0008378499573167275,0.0028040205340579714,40,3.1999999999999997,1230.0800000000017,384.40000000000055
BOLLINGER_SQUEEZE_LOSING,RE-OPTIMIZED,2026-04-06 11:00:00.000000,2026-04-06 11:00:00.000000,2026-04-06 11:11:53.331118060,23412.81,23855.848427272496,CE,23800.0,OTM,307.52000000000044,338.27209575908716,30.75209575908673,1,50,15376.000000000022,1537.6047879543364,1497.6047879543364,10.000031139141091,True,TARGET_ACHIEVED,11.754789189964999,Bollinger re-optimized,0.5,-0.05,0.2,0.02,0.5086963456612656,-0.05624885620620741,0.20492062119308804,0.02353090224899312,0.008696345661265648,-0.006248856206207409,0.004920621193088032,0.0035309022489931202,62.64512186842214,23362.4225,1913345.0,1135116.65,0.0008378499573167275,0.0028040205340579714,40,3.1999999999999997,1230.0800000000017,384.40000000000055
MULTI_TIMEFRAME_LOSING,FROZEN,2026-04-06 11:15:00.000000,2026-04-06 11:15:00.000000,2026-04-06 11:20:40.424309714,23458.13,23550.51003411056,PE,23800.0,OTM,307.52000000000044,339.26451039053364,31.744510390533208,1,50,15376.000000000022,1587.2255195266603,1547.2255195266603,10.322746615027691,True,TARGET_ACHIEVED,5.110236941512169,Multi-timeframe frozen,0.5,-0.05,0.2,0.02,0.49262093680882296,-0.048065027942604435,0.2060162312184091,0.015289541794791311,-0.007379063191177038,0.0019349720573955675,0.006016231218409079,-0.004710458205208689,53.77174409432514,23449.0835,1064549.0,1041816.95,-0.0008939858052601224,0.004343483474599187,40,3.1999999999999997,1230.0800000000017,384.40000000000055
AI_ENHANCED_LOSING,FROZEN,2026-04-06 11:15:00.000000,2026-04-06 11:15:00.000000,2026-04-06 11:24:44.215161810,23458.13,22989.66198838214,PE,23800.0,OTM,307.52000000000044,340.8421694181349,33.32216941813448,1,50,15376.000000000022,1666.108470906724,1626.108470906724,10.835773093826234,True,TARGET_ACHIEVED,7.511087858539759,AI enhanced frozen,0.5,-0.05,0.2,0.02,0.5239810922183886,-0.05402768133126504,0.18184149713997466,0.018130034439344557,0.023981092218388622,-0.0040276813312650345,-0.01815850286002535,-0.0018699655606554434,53.77174409432514,23449.0835,1064549.0,1041816.95,-0.0008939858052601224,0.004343483474599187,40,3.1999999999999997,1230.0800000000017,384.40000000000055
TREND_FOLLOWING_OPTIMIZED,FROZEN,2026-04-06 11:15:00.000000,2026-04-06 11:15:00.000000,2026-04-06 11:21:36.355808567,23458.13,23795.703210745734,PE,23800.0,OTM,307.52000000000044,334.01851902397635,26.498519023975916,1,50,15376.000000000022,1324.9259511987957,1284.9259511987957,8.61684411549684,True,TARGET_ACHIEVED,7.191869968928046,Trend frozen,0.5,-0.05,0.2,0.02,0.5210165419522953,-0.055537337017986806,0.21139501436335856,0.023925745715797104,0.021016541952295298,-0.005537337017986803,0.011395014363358547,0.0039257457157971035,53.77174409432514,23449.0835,1064549.0,1041816.95,-0.0008939858052601224,0.004343483474599187,40,3.1999999999999997,1230.0800000000017,384.40000000000055
MACD_DIVERGENCE_LOSING,RE-OPTIMIZED,2026-04-06 11:15:00.000000,2026-04-06 11:15:00.000000,2026-04-06 11:22:46.839332604,23458.13,23375.048105109494,PE,23800.0,OTM,307.52000000000044,340.78316955145385,33.263169551453416,1,50,15376.000000000022,1663.1584775726708,1623.1584775726708,10.816587393162516,True,TARGET_ACHIEVED,6.773026166797113,MACD re-optimized,0.5,-0.05,0.2,0.02,0.48333019896592716,-0.04007815496987029,0.18105348789521628,0.02184129052681348,-0.01666980103407284,0.00992184503012971,-0.018946512104783736,0.0018412905268134806,53.77174409432514,23449.0835,1064549.0,1041816.95,-0.0008939858052601224,0.004343483474599187,40,3.1999999999999997,1230.0800000000017,384.40000000000055
CCI_EXTREME_LOSING,RE-OPTIMIZED,2026-04-06 11:15:00.000000,2026-04-06 11:15:00.000000,2026-04-06 11:26:43.314868838,23458.13,23263.77363112466,PE,23800.0,OTM,307.52000000000044,333.8564214067472,26.33642140674675,1,50,15376.000000000022,1316.8210703373375,1276.8210703373375,8.564132871600778,True,TARGET_ACHIEVED,10.42591138030167,CCI re-optimized,0.5,-0.05,0.2,0.02,0.5112398225815235,-0.05539592493632148,0.1813966370777559,0.023861582251312078,0.011239822581523451,-0.005395924936321475,-0.0186033629222441,0.0038615822513120776,53.77174409432514,23449.0835,1064549.0,1041816.95,-0.0008939858052601224,0.004343483474599187,40,3.1999999999999997,1230.0800000000017,384.40000000000055
MOMENTUM_REVERSAL_LOSING,RE-OPTIMIZED,2026-04-06 11:15:00.000000,2026-04-06 11:15:00.000000,2026-04-06 11:20:03.512177051,23458.13,23516.420042935028,PE,23800.0,OTM,307.52000000000044,330.06255328998856,22.54255328998812,1,50,15376.000000000022,1127.127664499406,1087.127664499406,7.3304348627692795,True,TARGET_ACHIEVED,6.312235994671113,Momentum re-optimized,0.5,-0.05,0.2,0.02,0.46281351591893183,-0.045927150397427424,0.21972731898649295,0.01865970314951391,-0.03718648408106817,0.0040728496025725786,0.019727318986492937,-0.001340296850486089,53.77174409432514,23449.0835,1064549.0,1041816.95,-0.0008939858052601224,0.004343483474599187,40,3.1999999999999997,1230.0800000000017,384.40000000000055
MULTI_TIMEFRAME_LOSING,FROZEN,2026-04-06 11:30:00.000000,2026-04-06 11:30:00.000000,2026-04-06 11:35:43.301520651,23535.87,23803.00655630435,CE,23800.0,OTM,307.52000000000044,332.8391788773543,25.319178877353863,1,50,15376.000000000022,1265.958943867693,1225.958943867693,8.23334380767229,True,TARGET_ACHIEVED,8.358400881588857,Multi-timeframe frozen,0.5,-0.05,0.2,0.02,0.5312492696418256,-0.04757708091763923,0.19519466675241473,0.021748505102715414,0.031249269641825617,0.0024229190823607735,-0.004805333247585281,0.0017485051027154135,74.29738065244726,23478.601000000002,1075006.0,1014810.95,0.00020993645385036785,0.0035923889790349488,40,3.1999999999999997,1230.0800000000017,384.40000000000055
AI_ENHANCED_LOSING,FROZEN,2026-04-06 11:30:00.000000,2026-04-06 11:30:00.000000,2026-04-06 11:37:00.311650255,23535.87,23626.511609912675,CE,23800.0,OTM,307.52000000000044,334.4684413352615,26.948441335261066,1,50,15376.000000000022,1347.4220667630534,1307.4220667630534,8.763150798406942,True,TARGET_ACHIEVED,8.270984978191105,AI enhanced frozen,0.5,-0.05,0.2,0.02,0.4613293920785142,-0.04354846502382046,0.21208130012452775,0.018576400599089132,-0.0386706079214858,0.006451534976179542,0.012081300124527738,-0.001423599400910868,74.29738065244726,23478.601000000002,1075006.0,1014810.95,0.00020993645385036785,0.0035923889790349488,40,3.1999999999999997,1230.0800000000017,384.40000000000055
RSI_DIVERGENCE_LOSING,FROZEN,2026-04-06 11:30:00.000000,2026-04-06 11:30:00.000000,2026-04-06 11:37:59.873757049,23535.87,23240.212983636073,CE,23800.0,OTM,307.52000000000044,303.26744185553133,-4.252558144469106,1,50,15376.000000000022,-212.62790722345528,-252.62790722345528,-1.3828557961983285,False,STOP_LOSS,6.552180099763325,RSI frozen,0.5,-0.05,0.2,0.02,0.5312844263381155,-0.05701422777494591,0.19245128707965534,0.01503396307756452,0.031284426338115456,-0.007014227774945904,-0.0075487129203446746,-0.0049660369224354805,74.29738065244726,23478.601000000002,1075006.0,1014810.95,0.00020993645385036785,0.0035923889790349488,40,3.1999999999999997,1230.0800000000017,384.40000000000055
STOCHASTIC_OVERSOLD_LOSING,FROZEN,2026-04-06 11:30:00.000000,2026-04-06 11:30:00.000000,2026-04-06 11:38:25.784904043,23535.87,23705.036221387283,CE,23800.0,OTM,307.52000000000044,337.8611012445992,30.341101244598747,1,50,15376.000000000022,1517.0550622299374,1477.0550622299374,9.86638307901883,True,TARGET_ACHIEVED,10.349656677233908,Stochastic frozen,0.5,-0.05,0.2,0.02,0.4872876191349741,-0.05586057936149818,0.21625593441500776,0.019609447920368162,-0.012712380865025907,-0.005860579361498176,0.01625593441500775,-0.0003905520796318382,74.29738065244726,23478.601000000002,1075006.0,1014810.95,0.00020993645385036785,0.0035923889790349488,40,3.1999999999999997,1230.0800000000017,384.40000000000055
TREND_FOLLOWING_OPTIMIZED,FROZEN,2026-04-06 11:30:00.000000,2026-04-06 11:30:00.000000,2026-04-06 11:41:36.634458082,23535.87,23187.361642983575,CE,23800.0,OTM,307.52000000000044,339.9733022684795,32.453302268479035,1,50,15376.000000000022,1622.6651134239519,1582.6651134239519,10.55323304776242,True,TARGET_ACHIEVED,6.256080703525077,Trend frozen,0.5,-0.05,0.2,0.02,0.4766574478743142,-0.05818272334361925,0.21858318860012627,0.016296029647563187,-0.02334255212568581,-0.008182723343619247,0.018583188600126255,-0.0037039703524368132,74.29738065244726,23478.601000000002,1075006.0,1014810.95,0.00020993645385036785,0.0035923889790349488,40,3.1999999999999997,1230.0800000000017,384.40000000000055
BOLLINGER_SQUEEZE_LOSING,RE-OPTIMIZED,2026-04-06 11:30:00.000000,2026-04-06 11:30:00.000000,2026-04-06 11:36:55.324417521,23535.87,23523.477465385713,CE,23800.0,OTM,307.52000000000044,337.21518218833796,29.695182188337526,1,50,15376.000000000022,1484.7591094168763,1444.7591094168763,9.656341762596735,True,TARGET_ACHIEVED,6.753347474704842,Bollinger re-optimized,0.5,-0.05,0.2,0.02,0.5124127927745374,-0.05457777565890978,0.1810085495610103,0.015434830626071885,0.01241279277453744,-0.00457777565890978,-0.0189914504389897,-0.004565169373928115,74.29738065244726,23478.601000000002,1075006.0,1014810.95,0.00020993645385036785,0.0035923889790349488,40,3.1999999999999997,1230.0800000000017,384.40000000000055
MULTI_TIMEFRAME_LOSING,FROZEN,2026-04-06 11:45:00.000000,2026-04-06 11:45:00.000000,2026-04-06 11:56:54.085177974,23473.29,23876.873861848366,CE,23800.0,OTM,307.52000000000044,336.1759325369435,28.655932536943055,1,50,15376.000000000022,1432.7966268471528,1392.7966268471528,9.318396376477308,True,TARGET_ACHIEVED,11.165437030079168,Multi-timeframe frozen,0.5,-0.05,0.2,0.02,0.549153862694617,-0.05405447518330899,0.20482954352645644,0.020935166265812263,0.04915386269461697,-0.004054475183308988,0.004829543526456426,0.0009351662658122623,30.529942243388703,23507.354499999998,1313651.0,1025501.1,0.0001981367475918372,0.0015259897526081648,40,3.1999999999999997,1230.0800000000017,384.40000000000055
AI_ENHANCED_LOSING,FROZEN,2026-04-06 11:45:00.000000,2026-04-06 11:45:00.000000,2026-04-06 11:52:51.207630873,23473.29,23628.1102431133,CE,23800.0,OTM,307.52000000000044,302.69479447744055,-4.825205522559884,1,50,15376.000000000022,-241.2602761279942,-281.2602761279942,-1.5690704742975667,False,STOP_LOSS,7.455665438609841,AI enhanced frozen,0.5,-0.05,0.2,0.02,0.46357287043210116,-0.05245389369229368,0.2123538294349723,0.015792873138392286,-0.03642712956789884,-0.0024538936922936794,0.012353829434972291,-0.004207126861607714,30.529942243388703,23507.354499999998,1313651.0,1025501.1,0.0001981367475918372,0.0015259897526081648,40,3.1999999999999997,1230.0800000000017,384.40000000000055
RSI_DIVERGENCE_LOSING,FROZEN,2026-04-06 11:45:00.000000,2026-04-06 11:45:00.000000,2026-04-06 11:50:25.430332410,23473.29,23910.21721909214,CE,23800.0,OTM,307.52000000000044,332.5738895975945,25.053889597594036,1,50,15376.000000000022,1252.6944798797017,1212.6944798797017,8.147076482047996,True,TARGET_ACHIEVED,9.805635031904457,RSI frozen,0.5,-0.05,0.2,0.02,0.4558277502750221,-0.057314581217182095,0.19470359968606196,0.023357205761189215,-0.04417224972497791,-0.007314581217182092,-0.005296400313938049,0.0033572057611892143,30.529942243388703,23507.354499999998,1313651.0,1025501.1,0.0001981367475918372,0.0015259897526081648,40,3.1999999999999997,1230.0800000000017,384.40000000000055
STOCHASTIC_OVERSOLD_LOSING,FROZEN,2026-04-06 11:45:00.000000,2026-04-06 11:45:00.000000,2026-04-06 11:50:47.945166968,23473.29,23330.483955691914,CE,23800.0,OTM,307.52000000000044,341.2797001629732,33.75970016297276,1,50,15376.000000000022,1687.9850081486381,1647.9850081486381,10.978050261112356,True,TARGET_ACHIEVED,6.401574887970904,Stochastic frozen,0.5,-0.05,0.2,0.02,0.5296908106561217,-0.04539730237249377,0.18778199822772462,0.016076924591808508,0.02969081065612167,0.00460269762750623,-0.012218001772275389,-0.003923075408191493,30.529942243388703,23507.354499999998,1313651.0,1025501.1,0.0001981367475918372,0.0015259897526081648,40,3.1999999999999997,1230.0800000000017,384.40000000000055
TREND_FOLLOWING_OPTIMIZED,FROZEN,2026-04-06 11:45:00.000000,2026-04-06 11:45:00.000000,2026-04-06 11:50:33.369149702,23473.29,23755.04453347319,CE,23800.0,OTM,307.52000000000044,341.16081780270497,33.64081780270453,1,50,15376.000000000022,1682.0408901352266,1642.0408901352266,10.939391845312333,True,TARGET_ACHIEVED,7.9085769527559036,Trend frozen,0.5,-0.05,0.2,0.02,0.5341902962077419,-0.04102815147934269,0.20000032082426433,0.01563212882274482,0.034190296207741944,0.008971848520657313,3.2082426432156197e-07,-0.004367871177255182,30.529942243388703,23507.354499999998,1313651.0,1025501.1,0.0001981367475918372,0.0015259897526081648,40,3.1999999999999997,1230.0800000000017,384.40000000000055
VOLUME_SPIKE_LOSING,FROZEN,2026-04-06 11:45:00.000000,2026-04-06 11:45:00.000000,2026-04-06 11:55:58.048955880,23473.29,23609.00944928317,CE,23800.0,OTM,307.52000000000044,337.0398608510214,29.51986085102095,1,50,15376.000000000022,1475.9930425510474,1435.9930425510474,9.599330401606695,True,TARGET_ACHIEVED,11.84744227063112,Volume frozen,0.5,-0.05,0.2,0.02,0.464345906647578,-0.056244386519008774,0.18764433896939434,0.023418539971811626,-0.03565409335242198,-0.006244386519008771,-0.012355661030605675,0.003418539971811626,30.529942243388703,23507.354499999998,1313651.0,1025501.1,0.0001981367475918372,0.0015259897526081648,40,3.1999999999999997,1230.0800000000017,384.40000000000055
HIGH_VOLUME_LOSING,FROZEN,2026-04-06 11:45:00.000000,2026-04-06 11:45:00.000000,2026-04-06 11:53:32.159387624,23473.29,23745.73189167225,CE,23800.0,OTM,307.52000000000044,335.03189255632464,27.5118925563242,1,50,15376.000000000022,1375.59462781621,1335.59462781621,8.94637505083382,True,TARGET_ACHIEVED,11.681535354689846,High volume frozen,0.5,-0.05,0.2,0.02,0.47583213799771157,-0.04769809256221141,0.2188137477922208,0.017234218546999053,-0.02416786200228843,0.002301907437788596,0.01881374779222078,-0.0027657814530009477,30.529942243388703,23507.354499999998,1313651.0,1025501.1,0.0001981367475918372,0.0015259897526081648,40,3.1999999999999997,1230.0800000000017,384.40000000000055
MULTI_TIMEFRAME_LOSING,FROZEN,2026-04-06 12:00:00.000000,2026-04-06 12:00:00.000000,2026-04-06 12:05:44.014178543,23473.48,23742.90777108625,CE,23800.0,OTM,307.52000000000044,339.0420639740049,31.52206397400448,1,50,15376.000000000022,1576.103198700224,1536.103198700224,10.250411021723608,True,TARGET_ACHIEVED,11.626190082042045,Multi-timeframe frozen,0.5,-0.05,0.2,0.02,0.4975830554558087,-0.048590881922074926,0.19767379612419478,0.024900922955452178,-0.0024169445441912796,0.001409118077925077,-0.002326203875805233,0.004900922955452178,50.5561077192481,23452.714500000002,998077.0,991108.2,0.00010907113994695905,0.003924428759604412,40,3.1999999999999997,1230.0800000000017,384.40000000000055
AI_ENHANCED_LOSING,FROZEN,2026-04-06 12:00:00.000000,2026-04-06 12:00:00.000000,2026-04-06 12:10:37.655980301,23473.48,23282.934582541442,CE,23800.0,OTM,307.52000000000044,303.00523847275934,-4.514761527241092,1,50,15376.000000000022,-225.73807636205458,-265.7380763620546,-1.4681196433536308,False,STOP_LOSS,7.178559118422015,AI enhanced frozen,0.5,-0.05,0.2,0.02,0.5396612162495659,-0.04072527182638583,0.20867418275725683,0.024161673036921703,0.03966121624956587,0.009274728173614175,0.008674182757256815,0.004161673036921703,50.5561077192481,23452.714500000002,998077.0,991108.2,0.00010907113994695905,0.003924428759604412,40,3.1999999999999997,1230.0800000000017,384.40000000000055
TREND_FOLLOWING_OPTIMIZED,FROZEN,2026-04-06 12:00:00.000000,2026-04-06 12:00:00.000000,2026-04-06 12:10:50.766411864,23473.48,23912.03992135786,CE,23800.0,OTM,307.52000000000044,331.51638930620294,23.996389306202502,1,50,15376.000000000022,1199.819465310125,1159.819465310125,7.8031963144518945,True,TARGET_ACHIEVED,5.5031224320531145,Trend frozen,0.5,-0.05,0.2,0.02,0.48146885878946377,-0.055923613996325526,0.20292993481090899,0.01690471011529428,-0.01853114121053623,-0.005923613996325523,0.002929934810908974,-0.0030952898847057195,50.5561077192481,23452.714500000002,998077.0,991108.2,0.00010907113994695905,0.003924428759604412,40,3.1999999999999997,1230.0800000000017,384.40000000000055
MULTI_TIMEFRAME_LOSING,FROZEN,2026-04-06 12:15:00.000000,2026-04-06 12:15:00.000000,2026-04-06 12:24:24.717802106,23516.7,23850.40147913781,PE,23800.0,OTM,307.52000000000044,336.49798494696995,28.977984946969514,1,50,15376.000000000022,1448.8992473484757,1408.8992473484757,9.423122056116503,True,TARGET_ACHIEVED,7.52644176658769,Multi-timeframe frozen,0.5,-0.05,0.2,0.02,0.541445971626763,-0.04173151896083218,0.2029192798267077,0.02458778175214642,0.041445971626763,0.008268481039167823,0.002919279826707699,0.004587781752146421,61.32351596085257,23494.866499999996,812156.0,1016924.6,-0.0002784479185485855,0.0035808595593769164,40,3.1999999999999997,1230.0800000000017,384.40000000000055
AI_ENHANCED_LOSING,FROZEN,2026-04-06 12:15:00.000000,2026-04-06 12:15:00.000000,2026-04-06 12:26:41.843849648,23516.7,23320.519262692276,PE,23800.0,OTM,307.52000000000044,340.6711828846386,33.15118288463816,1,50,15376.000000000022,1657.559144231908,1617.559144231908,10.78017133345412,True,TARGET_ACHIEVED,5.899019968732451,AI enhanced frozen,0.5,-0.05,0.2,0.02,0.5270960317679534,-0.05605094741890979,0.2177571910273199,0.01622418405325745,0.027096031767953388,-0.00605094741890979,0.017757191027319902,-0.0037758159467425507,61.32351596085257,23494.866499999996,812156.0,1016924.6,-0.0002784479185485855,0.0035808595593769164,40,3.1999999999999997,1230.0800000000017,384.40000000000055
RSI_DIVERGENCE_LOSING,FROZEN,2026-04-06 12:15:00.000000,2026-04-06 12:15:00.000000,2026-04-06 12:25:34.414083418,23516.7,23403.29921232095,PE,23800.0,OTM,307.52000000000044,303.1730367568424,-4.346963243158029,1,50,15376.000000000022,-217.34816215790147,-257.34816215790147,-1.4135546446273488,False,STOP_LOSS,10.586206318770804,RSI frozen,0.5,-0.05,0.2,0.02,0.5270878120866959,-0.05068956261480771,0.20618445886578868,0.02066627865941531,0.02708781208669586,-0.0006895626148077094,0.006184458865788667,0.0006662786594153099,61.32351596085257,23494.866499999996,812156.0,1016924.6,-0.0002784479185485855,0.0035808595593769164,40,3.1999999999999997,1230.0800000000017,384.40000000000055
TREND_FOLLOWING_OPTIMIZED,FROZEN,2026-04-06 12:15:00.000000,2026-04-06 12:15:00.000000,2026-04-06 12:21:17.544306140,23516.7,23559.14321097666,PE,23800.0,OTM,307.52000000000044,338.4406816863184,30.92068168631795,1,50,15376.000000000022,1546.0340843158974,1506.0340843158974,10.0548522653219,True,TARGET_ACHIEVED,5.182814928182239,Trend frozen,0.5,-0.05,0.2,0.02,0.5439920843153981,-0.04707752712125409,0.19211408973126326,0.022941345093378404,0.04399208431539814,0.0029224728787459117,-0.007885910268736751,0.0029413450933784037,61.32351596085257,23494.866499999996,812156.0,1016924.6,-0.0002784479185485855,0.0035808595593769164,40,3.1999999999999997,1230.0800000000017,384.40000000000055
MULTI_TIMEFRAME_LOSING,FROZEN,2026-04-06 12:30:00.000000,2026-04-06 12:30:00.000000,2026-04-06 12:35:36.691410028,23527.51,23129.30766576066,PE,23800.0,OTM,307.52000000000044,341.1524964246016,33.632496424601186,1,50,15376.000000000022,1681.6248212300593,1641.6248212300593,10.936685882089341,True,TARGET_ACHIEVED,8.597412258475163,Multi-timeframe frozen,0.5,-0.05,0.2,0.02,0.4770086405322598,-0.057034815914399725,0.20821096770509118,0.02361138396698451,-0.022991359467740224,-0.007034815914399722,0.008210967705091166,0.003611383966984509,46.74629556594652,23545.0805,1103634.0,1023800.2,-0.0005445972932411891,0.0057813172749687685,40,3.1999999999999997,1230.0800000000017,384.40000000000055
AI_ENHANCED_LOSING,FROZEN,2026-04-06 12:30:00.000000,2026-04-06 12:30:00.000000,2026-04-06 12:39:47.155141201,23527.51,23393.211469191414,PE,23800.0,OTM,307.52000000000044,334.1668132727346,26.646813272734164,1,50,15376.000000000022,1332.340663636708,1292.340663636708,8.665066751019161,True,TARGET_ACHIEVED,10.767626436873332,AI enhanced frozen,0.5,-0.05,0.2,0.02,0.5164747809732283,-0.0506528044501572,0.20903198789087493,0.023786635113492396,0.016474780973228298,-0.0006528044501571961,0.00903198789087492,0.003786635113492396,46.74629556594652,23545.0805,1103634.0,1023800.2,-0.0005445972932411891,0.0057813172749687685,40,3.1999999999999997,1230.0800000000017,384.40000000000055
TREND_FOLLOWING_OPTIMIZED,FROZEN,2026-04-06 12:30:00.000000,2026-04-06 12:30:00.000000,2026-04-06 12:37:36.839198887,23527.51,23383.45777562484,PE,23800.0,OTM,307.52000000000044,339.73916399739295,32.21916399739251,1,50,15376.000000000022,1610.9581998696258,1570.9581998696258,10.477095472617219,True,TARGET_ACHIEVED,5.385394537101764,Trend frozen,0.5,-0.05,0.2,0.02,0.5455622426219235,-0.045579014378412296,0.2056319501231209,0.0180970925999618,0.04556224262192354,0.004420985621587707,0.005631950123120899,-0.0019029074000381993,46.74629556594652,23545.0805,1103634.0,1023800.2,-0.0005445972932411891,0.0057813172749687685,40,3.1999999999999997,1230.0800000000017,384.40000000000055
MACD_DIVERGENCE_LOSING,RE-OPTIMIZED,2026-04-06 12:30:00.000000,2026-04-06 12:30:00.000000,2026-04-06 12:35:44.881410041,23527.51,23729.323725255224,PE,23800.0,OTM,307.52000000000044,340.4541513320854,32.93415133208498,1,50,15376.000000000022,1646.707566604249,1606.707566604249,10.709596556999523,True,TARGET_ACHIEVED,6.22946113007193,MACD re-optimized,0.5,-0.05,0.2,0.02,0.5254092888201992,-0.04871270669994512,0.18249040178482506,0.02344206923931757,0.025409288820199216,0.0012872933000548856,-0.01750959821517495,0.0034420692393175682,46.74629556594652,23545.0805,1103634.0,1023800.2,-0.0005445972932411891,0.0057813172749687685,40,3.1999999999999997,1230.0800000000017,384.40000000000055
WILLIAMS_REVERSAL_LOSING,RE-OPTIMIZED,2026-04-06 12:30:00.000000,2026-04-06 12:30:00.000000,2026-04-06 12:37:09.851865114,23527.51,23592.770979832832,PE,23800.0,OTM,307.52000000000044,330.04875166970334,22.5287516697029,1,50,15376.000000000022,1126.4375834851448,1086.4375834851448,7.325946822874241,True,TARGET_ACHIEVED,5.599626979038065,Williams re-optimized,0.5,-0.05,0.2,0.02,0.4602827722293196,-0.04603867896380752,0.20287136670654637,0.022883564299348926,-0.039717227770680374,0.003961321036192483,0.0028713667065463633,0.0028835642993489258,46.74629556594652,23545.0805,1103634.0,1023800.2,-0.0005445972932411891,0.0057813172749687685,40,3.1999999999999997,1230.0800000000017,384.40000000000055
DAY_HIGH_LOW_OPTIMIZED,RE-OPTIMIZED,2026-04-06 12:30:00.000000,2026-04-06 12:30:00.000000,2026-04-06 12:39:02.146168579,23527.51,23082.15849747397,PE,23800.0,OTM,307.52000000000044,340.8802988148708,33.36029881487036,1,50,15376.000000000022,1668.014940743518,1628.014940743518,10.848172091203926,True,TARGET_ACHIEVED,9.663128451758123,Day high-low re-optimized,0.5,-0.05,0.2,0.02,0.5454402764798507,-0.050654265410407934,0.2045881699420493,0.021890753186286603,0.045440276479850716,-0.000654265410407931,0.004588169942049303,0.0018907531862866027,46.74629556594652,23545.0805,1103634.0,1023800.2,-0.0005445972932411891,0.0057813172749687685,40,3.1999999999999997,1230.0800000000017,384.40000000000055
MULTI_TIMEFRAME_LOSING,FROZEN,2026-04-06 12:45:00.000000,2026-04-06 12:45:00.000000,2026-04-06 12:52:35.657439274,23626.04,23839.769970398076,PE,23800.0,OTM,307.52000000000044,338.2918930850499,30.77189308504944,1,50,15376.000000000022,1538.594654252472,1498.594654252472,10.006468875211173,True,TARGET_ACHIEVED,6.5962370696830135,Multi-timeframe frozen,0.5,-0.05,0.2,0.02,0.5420281037280583,-0.05900193560711444,0.19031573938698965,0.017550771994509166,0.04202810372805832,-0.009001935607114438,-0.009684260613010365,-0.0024492280054908347,73.88814482981563,23553.8085,457157.0,968084.85,-0.0005135759182813837,0.0035723295143833436,40,3.1999999999999997,1230.0800000000017,384.40000000000055
AI_ENHANCED_LOSING,FROZEN,2026-04-06 12:45:00.000000,2026-04-06 12:45:00.000000,2026-04-06 12:54:04.514324104,23626.04,23678.70905950171,PE,23800.0,OTM,307.52000000000044,333.38183486533796,25.861834865337528,1,50,15376.000000000022,1293.0917432668764,1253.0917432668764,8.409805822495283,True,TARGET_ACHIEVED,9.784465298138894,AI enhanced frozen,0.5,-0.05,0.2,0.02,0.5116375440042694,-0.044420565394580516,0.192517059960635,0.020817299946107412,0.011637544004269418,0.0055794346054194865,-0.007482940039365005,0.0008172999461074117,73.88814482981563,23553.8085,457157.0,968084.85,-0.0005135759182813837,0.0035723295143833436,40,3.1999999999999997,1230.0800000000017,384.40000000000055
RSI_DIVERGENCE_LOSING,FROZEN,2026-04-06 12:45:00.000000,2026-04-06 12:45:00.000000,2026-04-06 12:53:14.404671284,23626.04,23741.56255983371,PE,23800.0,OTM,307.52000000000044,339.64250423322915,32.12250423322871,1,50,15376.000000000022,1606.1252116614355,1566.1252116614355,10.44566344732982,True,TARGET_ACHIEVED,7.8881262757302615,RSI frozen,0.5,-0.05,0.2,0.02,0.46637241655348183,-0.052216549864811515,0.2053696531686176,0.018744263231514593,-0.03362758344651817,-0.0022165498648115123,0.005369653168617594,-0.0012557367684854076,73.88814482981563,23553.8085,457157.0,968084.85,-0.0005135759182813837,0.0035723295143833436,40,3.1999999999999997,1230.0800000000017,384.40000000000055
STOCHASTIC_OVERSOLD_LOSING,FROZEN,2026-04-06 12:45:00.000000,2026-04-06 12:45:00.000000,2026-04-06 12:50:08.699601709,23626.04,23401.528308735356,PE,23800.0,OTM,307.52000000000044,332.18409724112735,24.66409724112691,1,50,15376.000000000022,1233.2048620563455,1193.2048620563455,8.020322984237408,True,TARGET_ACHIEVED,7.357559091014828,Stochastic frozen,0.5,-0.05,0.2,0.02,0.4593968652594931,-0.04930610947281734,0.21815381661872568,0.01749192653517081,-0.04060313474050692,0.0006938905271826612,0.01815381661872567,-0.002508073464829192,73.88814482981563,23553.8085,457157.0,968084.85,-0.0005135759182813837,0.0035723295143833436,40,3.1999999999999997,1230.0800000000017,384.40000000000055
TREND_FOLLOWING_OPTIMIZED,FROZEN,2026-04-06 12:45:00.000000,2026-04-06 12:45:00.000000,2026-04-06 12:51:02.324117806,23626.04,23419.173794699338,PE,23800.0,OTM,307.52000000000044,332.49459937057395,24.974599370573515,1,50,15376.000000000022,1248.7299685286757,1208.7299685286757,8.121292719359221,True,TARGET_ACHIEVED,9.873290286514955,Trend frozen,0.5,-0.05,0.2,0.02,0.47085703455874534,-0.054701437530220665,0.21907077135251551,0.021894407467007014,-0.029142965441254665,-0.004701437530220662,0.019070771352515503,0.0018944074670070137,73.88814482981563,23553.8085,457157.0,968084.85,-0.0005135759182813837,0.0035723295143833436,40,3.1999999999999997,1230.0800000000017,384.40000000000055
MACD_DIVERGENCE_LOSING,RE-OPTIMIZED,2026-04-06 12:45:00.000000,2026-04-06 12:45:00.000000,2026-04-06 12:51:55.674705157,23626.04,23216.33798084389,PE,23800.0,OTM,307.52000000000044,303.5753185273647,-3.94468147263575,1,50,15376.000000000022,-197.2340736317875,-237.2340736317875,-1.282739812901842,False,STOP_LOSS,11.487660028092595,MACD re-optimized,0.5,-0.05,0.2,0.02,0.5141187091181393,-0.05303245258883133,0.18239082640487797,0.024479935047474758,0.014118709118139283,-0.003032452588831329,-0.01760917359512204,0.004479935047474758,73.88814482981563,23553.8085,457157.0,968084.85,-0.0005135759182813837,0.0035723295143833436,40,3.1999999999999997,1230.0800000000017,384.40000000000055
BOLLINGER_SQUEEZE_LOSING,RE-OPTIMIZED,2026-04-06 12:45:00.000000,2026-04-06 12:45:00.000000,2026-04-06 12:53:33.147165991,23626.04,24008.11918166208,PE,23800.0,OTM,307.52000000000044,332.6832873292709,25.163287329270474,1,50,15376.000000000022,1258.1643664635237,1218.1643664635237,8.182650666386069,True,TARGET_ACHIEVED,5.542047596292243,Bollinger re-optimized,0.5,-0.05,0.2,0.02,0.5155842931611818,-0.04105890509792026,0.1841576692320581,0.018477787123496747,0.015584293161181817,0.008941094902079741,-0.01584233076794192,-0.0015222128765032539,73.88814482981563,23553.8085,457157.0,968084.85,-0.0005135759182813837,0.0035723295143833436,40,3.1999999999999997,1230.0800000000017,384.40000000000055
BREAKOUT_REVERSAL_LOSING,RE-OPTIMIZED,2026-04-06 12:45:00.000000,2026-04-06 12:45:00.000000,2026-04-06 12:50:16.012487478,23626.04,23522.886351791585,PE,23800.0,OTM,307.52000000000044,341.4777273524654,33.957727352464985,1,50,15376.000000000022,1697.8863676232493,1657.8863676232493,11.042445158840055,True,TARGET_ACHIEVED,8.56396905105655,Breakout re-optimized,0.5,-0.05,0.2,0.02,0.5066894190380742,-0.047368160216016156,0.20422966897644537,0.017438785225000593,0.006689419038074185,0.002631839783983847,0.004229668976445361,-0.0025612147749994076,73.88814482981563,23553.8085,457157.0,968084.85,-0.0005135759182813837,0.0035723295143833436,40,3.1999999999999997,1230.0800000000017,384.40000000000055
MULTI_TIMEFRAME_LOSING,FROZEN,2026-04-06 13:00:00.000000,2026-04-06 13:00:00.000000,2026-04-06 13:09:39.278286464,23801.74,23507.055369761107,CE,23800.0,ATM,307.52000000000044,337.7042690027204,30.184269002719986,1,50,15376.000000000022,1509.2134501359992,1469.2134501359992,9.815384040946912,True,TARGET_ACHIEVED,9.70989388593161,Multi-timeframe frozen,0.5,-0.05,0.2,0.02,0.5222461766178291,-0.043536653592449494,0.18705779561578245,0.022019424557477404,0.022246176617829128,0.006463346407550509,-0.01294220438421756,0.0020194245574774033,82.81833001267894,23674.305,501953.0,1008742.15,0.00020128629929461184,0.00422826230351224,40,3.1999999999999997,1230.0800000000017,384.40000000000055
AI_ENHANCED_LOSING,FROZEN,2026-04-06 13:00:00.000000,2026-04-06 13:00:00.000000,2026-04-06 13:10:13.635800518,23801.74,24025.535767710942,CE,23800.0,ATM,307.52000000000044,335.3217826590461,27.80178265904567,1,50,15376.000000000022,1390.0891329522835,1350.0891329522835,9.040642123779147,True,TARGET_ACHIEVED,6.121015623244803,AI enhanced frozen,0.5,-0.05,0.2,0.02,0.5327735190106313,-0.05876219201713785,0.21587137571575435,0.020757561924440907,0.0327735190106313,-0.008762192017137849,0.015871375715754338,0.0007575619244409061,82.81833001267894,23674.305,501953.0,1008742.15,0.00020128629929461184,0.00422826230351224,40,3.1999999999999997,1230.0800000000017,384.40000000000055
RSI_DIVERGENCE_LOSING,FROZEN,2026-04-06 13:00:00.000000,2026-04-06 13:00:00.000000,2026-04-06 13:08:40.488909179,23801.74,23610.26301032734,CE,23800.0,ATM,307.52000000000044,334.74082161637,27.220821616369562,1,50,15376.000000000022,1361.0410808184781,1321.0410808184781,8.851723990754918,True,TARGET_ACHIEVED,10.702709737291222,RSI frozen,0.5,-0.05,0.2,0.02,0.4880924129629785,-0.056127888524639076,0.20050717088504502,0.020386204072230955,-0.011907587037021494,-0.006127888524639073,0.0005071708850450107,0.00038620407223095496,82.81833001267894,23674.305,501953.0,1008742.15,0.00020128629929461184,0.00422826230351224,40,3.1999999999999997,1230.0800000000017,384.40000000000055
STOCHASTIC_OVERSOLD_LOSING,FROZEN,2026-04-06 13:00:00.000000,2026-04-06 13:00:00.000000,2026-04-06 13:07:55.526546601,23801.74,24113.249351346036,CE,23800.0,ATM,307.52000000000044,330.5858069066144,23.065806906613943,1,50,15376.000000000022,1153.2903453306972,1113.2903453306972,7.5005875736907885,True,TARGET_ACHIEVED,5.162054507438065,Stochastic frozen,0.5,-0.05,0.2,0.02,0.4930150290590389,-0.049340789527762885,0.2136956367641411,0.02318577607822704,-0.006984970940961122,0.0006592104722371178,0.013695636764141095,0.0031857760782270407,82.81833001267894,23674.305,501953.0,1008742.15,0.00020128629929461184,0.00422826230351224,40,3.1999999999999997,1230.0800000000017,384.40000000000055
TREND_FOLLOWING_OPTIMIZED,FROZEN,2026-04-06 13:00:00.000000,2026-04-06 13:00:00.000000,2026-04-06 13:09:50.858545818,23801.74,23570.078029834076,CE,23800.0,ATM,307.52000000000044,340.83110444871704,33.311104448716605,1,50,15376.000000000022,1665.5552224358303,1625.5552224358303,10.832174963812616,True,TARGET_ACHIEVED,10.963506074365572,Trend frozen,0.5,-0.05,0.2,0.02,0.4683613465132387,-0.05094285377494849,0.19531179638678448,0.020104368237769808,-0.031638653486761315,-0.0009428537749484878,-0.004688203613215536,0.00010436823776980783,82.81833001267894,23674.305,501953.0,1008742.15,0.00020128629929461184,0.00422826230351224,40,3.1999999999999997,1230.0800000000017,384.40000000000055
BOLLINGER_SQUEEZE_LOSING,RE-OPTIMIZED,2026-04-06 13:00:00.000000,2026-04-06 13:00:00.000000,2026-04-06 13:08:18.789128523,23801.74,23777.744168221463,CE,23800.0,ATM,307.52000000000044,304.25345287724923,-3.2665471227512057,1,50,15376.000000000022,-163.3273561375603,-203.3273561375603,-1.0622226595835071,False,STOP_LOSS,11.541744888147996,Bollinger re-optimized,0.5,-0.05,0.2,0.02,0.4754988415570895,-0.059905750392653036,0.2096192731513089,0.018994849173122448,-0.02450115844291051,-0.009905750392653033,0.009619273151308894,-0.0010051508268775523,82.81833001267894,23674.305,501953.0,1008742.15,0.00020128629929461184,0.00422826230351224,40,3.1999999999999997,1230.0800000000017,384.40000000000055
BREAKOUT_REVERSAL_LOSING,RE-OPTIMIZED,2026-04-06 13:00:00.000000,2026-04-06 13:00:00.000000,2026-04-06 13:07:59.792320513,23801.74,23583.48530753411,CE,23800.0,ATM,307.52000000000044,332.6441150473993,25.124115047398845,1,50,15376.000000000022,1256.2057523699423,1216.2057523699423,8.169912541427813,True,TARGET_ACHIEVED,7.721134621557857,Breakout re-optimized,0.5,-0.05,0.2,0.02,0.5494595119931701,-0.04782310254758817,0.18060208745405218,0.01527669931728574,0.04945951199317011,0.0021768974524118342,-0.019397912545947832,-0.00472330068271426,82.81833001267894,23674.305,501953.0,1008742.15,0.00020128629929461184,0.00422826230351224,40,3.1999999999999997,1230.0800000000017,384.40000000000055
MULTI_TIMEFRAME_LOSING,FROZEN,2026-04-06 13:15:00.000000,2026-04-06 13:15:00.000000,2026-04-06 13:20:08.528908086,23805.69,23824.800784713618,PE,23800.0,ATM,307.52000000000044,334.9330299324375,27.41302993243704,1,50,15376.000000000022,1370.651496621852,1330.651496621852,8.91422669499122,True,TARGET_ACHIEVED,10.44619437835269,Multi-timeframe frozen,0.5,-0.05,0.2,0.02,0.5075104845454453,-0.05404607864501772,0.20418457660712444,0.02457048654113356,0.0075104845454453395,-0.004046078645017714,0.0041845766071244295,0.00457048654113356,52.2150266490915,23783.25,1276943.0,1114035.5,-0.0007010211821736334,0.004495983943334507,40,3.1999999999999997,1230.0800000000017,384.40000000000055
AI_ENHANCED_LOSING,FROZEN,2026-04-06 13:15:00.000000,2026-04-06 13:15:00.000000,2026-04-06 13:23:20.144417738,23805.69,23539.874304975445,PE,23800.0,ATM,307.52000000000044,336.83364278966627,29.313642789665835,1,50,15376.000000000022,1465.6821394832918,1425.6821394832918,9.532271978949595,True,TARGET_ACHIEVED,8.17189828676132,AI enhanced frozen,0.5,-0.05,0.2,0.02,0.5358883168182219,-0.05277413345630292,0.1867261525475515,0.015674371776401977,0.03588831681822191,-0.002774133456302917,-0.0132738474524485,-0.0043256282235980235,52.2150266490915,23783.25,1276943.0,1114035.5,-0.0007010211821736334,0.004495983943334507,40,3.1999999999999997,1230.0800000000017,384.40000000000055
TREND_FOLLOWING_OPTIMIZED,FROZEN,2026-04-06 13:15:00.000000,2026-04-06 13:15:00.000000,2026-04-06 13:24:10.647903657,23805.69,23748.80458137989,PE,23800.0,ATM,307.52000000000044,331.6317010350882,24.111701035087776,1,50,15376.000000000022,1205.5850517543888,1165.5850517543888,7.840693624833422,True,TARGET_ACHIEVED,11.517316736766059,Trend frozen,0.5,-0.05,0.2,0.02,0.5226515884304845,-0.04270103604227364,0.18792407440273862,0.020847741756635448,0.022651588430484537,0.007298963957726362,-0.012075925597261394,0.0008477417566354478,52.2150266490915,23783.25,1276943.0,1114035.5,-0.0007010211821736334,0.004495983943334507,40,3.1999999999999997,1230.0800000000017,384.40000000000055
HIGH_VOLUME_LOSING,FROZEN,2026-04-06 13:15:00.000000,2026-04-06 13:15:00.000000,2026-04-06 13:23:23.005297113,23805.69,23818.65259776484,PE,23800.0,ATM,307.52000000000044,338.6684521640297,31.148452164029266,1,50,15376.000000000022,1557.4226082014634,1517.4226082014634,10.128919148032397,True,TARGET_ACHIEVED,11.651308938397914,High volume frozen,0.5,-0.05,0.2,0.02,0.49646703994704994,-0.05827308471931776,0.18843751173332182,0.02395292497226585,-0.0035329600529500627,-0.008273084719317758,-0.01156248826667819,0.003952924972265851,52.2150266490915,23783.25,1276943.0,1114035.5,-0.0007010211821736334,0.004495983943334507,40,3.1999999999999997,1230.0800000000017,384.40000000000055
MACD_DIVERGENCE_LOSING,RE-OPTIMIZED,2026-04-06 13:15:00.000000,2026-04-06 13:15:00.000000,2026-04-06 13:25:31.134751865,23805.69,23881.9530485871,PE,23800.0,ATM,307.52000000000044,330.40233061895253,22.882330618952096,1,50,15376.000000000022,1144.1165309476048,1104.1165309476048,7.440924368805953,True,TARGET_ACHIEVED,5.285812760762635,MACD re-optimized,0.5,-0.05,0.2,0.02,0.48247550434715886,-0.04598194204689664,0.20935502468096762,0.016785624186081503,-0.017524495652841143,0.0040180579531033656,0.009355024680967605,-0.003214375813918497,52.2150266490915,23783.25,1276943.0,1114035.5,-0.0007010211821736334,0.004495983943334507,40,3.1999999999999997,1230.0800000000017,384.40000000000055
MOMENTUM_REVERSAL_LOSING,RE-OPTIMIZED,2026-04-06 13:15:00.000000,2026-04-06 13:15:00.000000,2026-04-06 13:24:51.655759549,23805.69,23523.267936565357,PE,23800.0,ATM,307.52000000000044,335.06422848068337,27.544228480682932,1,50,15376.000000000022,1377.2114240341466,1337.2114240341466,8.956890114686164,True,TARGET_ACHIEVED,5.117386670410784,Momentum re-optimized,0.5,-0.05,0.2,0.02,0.5299278525360479,-0.0517498587889836,0.19387677586977609,0.019323637842524645,0.029927852536047905,-0.0017498587889836006,-0.006123224130223925,-0.0006763621574753555,52.2150266490915,23783.25,1276943.0,1114035.5,-0.0007010211821736334,0.004495983943334507,40,3.1999999999999997,1230.0800000000017,384.40000000000055
MULTI_TIMEFRAME_LOSING,FROZEN,2026-04-06 13:30:00.000000,2026-04-06 13:30:00.000000,2026-04-06 13:40:56.909691333,23984.73,23997.17525449548,CE,24000.0,ATM,207.52000000000044,228.04209832658123,20.52209832658079,1,50,10376.000000000022,1026.1049163290395,986.1049163290395,9.889214690912079,True,TARGET_ACHIEVED,6.965460016264103,Multi-timeframe frozen,0.5,-0.05,0.2,0.02,0.4539961158646101,-0.04285961812813872,0.21054468009335908,0.021508623276773664,-0.046003884135389916,0.007140381871861286,0.010544680093359071,0.0015086232767736636,75.73855578019834,23850.5155,462637.0,947484.15,0.0008090851204280991,0.005100745349228453,40,3.1999999999999997,830.0800000000017,259.40000000000055
AI_ENHANCED_LOSING,FROZEN,2026-04-06 13:30:00.000000,2026-04-06 13:30:00.000000,2026-04-06 13:39:12.300421675,23984.73,24339.625452959033,CE,24000.0,ATM,207.52000000000044,226.80108758414408,19.28108758414365,1,50,10376.000000000022,964.0543792071824,924.0543792071824,9.291194865142447,True,TARGET_ACHIEVED,5.258143225661341,AI enhanced frozen,0.5,-0.05,0.2,0.02,0.47654993721384564,-0.056185164604382914,0.18356699997655812,0.015119805823305608,-0.023450062786154358,-0.006185164604382912,-0.01643300002344189,-0.004880194176694393,75.73855578019834,23850.5155,462637.0,947484.15,0.0008090851204280991,0.005100745349228453,40,3.1999999999999997,830.0800000000017,259.40000000000055
RSI_DIVERGENCE_LOSING,FROZEN,2026-04-06 13:30:00.000000,2026-04-06 13:30:00.000000,2026-04-06 13:35:07.611144932,23984.73,24418.00916119595,CE,24000.0,ATM,207.52000000000044,228.25556443614687,20.735564436146433,1,50,10376.000000000022,1036.7782218073216,996.7782218073216,9.992080009708168,True,TARGET_ACHIEVED,5.184382453881097,RSI frozen,0.5,-0.05,0.2,0.02,0.47847974364738416,-0.054662084030741076,0.21682529583960441,0.01824261364153543,-0.02152025635261584,-0.004662084030741073,0.016825295839604404,-0.0017573863584645702,75.73855578019834,23850.5155,462637.0,947484.15,0.0008090851204280991,0.005100745349228453,40,3.1999999999999997,830.0800000000017,259.40000000000055
STOCHASTIC_OVERSOLD_LOSING,FROZEN,2026-04-06 13:30:00.000000,2026-04-06 13:30:00.000000,2026-04-06 13:40:13.442296859,23984.73,24404.590884956317,CE,24000.0,ATM,207.52000000000044,227.052106420674,19.532106420673557,1,50,10376.000000000022,976.6053210336779,936.6053210336779,9.412156139491865,True,TARGET_ACHIEVED,8.563355116903319,Stochastic frozen,0.5,-0.05,0.2,0.02,0.5484515033084086,-0.05315733352152717,0.21558546612795562,0.01910444379447126,0.04845150330840864,-0.003157333521527167,0.01558546612795561,-0.0008955562055287421,75.73855578019834,23850.5155,462637.0,947484.15,0.0008090851204280991,0.005100745349228453,40,3.1999999999999997,830.0800000000017,259.40000000000055
TREND_FOLLOWING_OPTIMIZED,FROZEN,2026-04-06 13:30:00.000000,2026-04-06 13:30:00.000000,2026-04-06 13:41:46.128989103,23984.73,23655.921888558492,CE,24000.0,ATM,207.52000000000044,228.854885686333,21.33488568633257,1,50,10376.000000000022,1066.7442843166284,1026.7442843166284,10.280881691563474,True,TARGET_ACHIEVED,6.54399079240195,Trend frozen,0.5,-0.05,0.2,0.02,0.5348612809825829,-0.05726538176041472,0.19252240417571806,0.018533149111224934,0.0348612809825829,-0.007265381760414719,-0.007477595824281952,-0.0014668508887750661,75.73855578019834,23850.5155,462637.0,947484.15,0.0008090851204280991,0.005100745349228453,40,3.1999999999999997,830.0800000000017,259.40000000000055
MACD_DIVERGENCE_LOSING,RE-OPTIMIZED,2026-04-06 13:30:00.000000,2026-04-06 13:30:00.000000,2026-04-06 13:41:47.019076508,23984.73,23751.479971126744,CE,24000.0,ATM,207.52000000000044,230.51089475895782,22.99089475895738,1,50,10376.000000000022,1149.5447379478692,1109.5447379478692,11.078881437431253,True,TARGET_ACHIEVED,11.547247223673297,MACD re-optimized,0.5,-0.05,0.2,0.02,0.5329257087847665,-0.05017233892296393,0.20537185333389738,0.02003661871386023,0.03292570878476653,-0.00017233892296392855,0.005371853333897364,3.661871386023002e-05,75.73855578019834,23850.5155,462637.0,947484.15,0.0008090851204280991,0.005100745349228453,40,3.1999999999999997,830.0800000000017,259.40000000000055
WILLIAMS_REVERSAL_LOSING,RE-OPTIMIZED,2026-04-06 13:30:00.000000,2026-04-06 13:30:00.000000,2026-04-06 13:39:45.750038877,23984.73,23857.650315986866,CE,24000.0,ATM,207.52000000000044,226.60153906349183,19.08153906349139,1,50,10376.000000000022,954.0769531745696,914.0769531745696,9.195036171690127,True,TARGET_ACHIEVED,6.205048585648784,Williams re-optimized,0.5,-0.05,0.2,0.02,0.5126972993067193,-0.056455965475256435,0.21210323269119405,0.02497054522463851,0.012697299306719256,-0.0064559654752564324,0.012103232691194038,0.004970545224638509,75.73855578019834,23850.5155,462637.0,947484.15,0.0008090851204280991,0.005100745349228453,40,3.1999999999999997,830.0800000000017,259.40000000000055
CCI_EXTREME_LOSING,RE-OPTIMIZED,2026-04-06 13:30:00.000000,2026-04-06 13:30:00.000000,2026-04-06 13:39:09.963001142,23984.73,24004.376190891362,CE,24000.0,ATM,207.52000000000044,227.1085595394246,19.588559539424153,1,50,10376.000000000022,979.4279769712077,939.4279769712077,9.43935983973791,True,TARGET_ACHIEVED,8.655824051394852,CCI re-optimized,0.5,-0.05,0.2,0.02,0.5268041142239099,-0.05777516469875488,0.19349127499220817,0.016032818452235795,0.026804114223909936,-0.0077751646987548745,-0.0065087250077918435,-0.003967181547764206,75.73855578019834,23850.5155,462637.0,947484.15,0.0008090851204280991,0.005100745349228453,40,3.1999999999999997,830.0800000000017,259.40000000000055
MOMENTUM_REVERSAL_LOSING,RE-OPTIMIZED,2026-04-06 13:30:00.000000,2026-04-06 13:30:00.000000,2026-04-06 13:39:37.331342617,23984.73,24322.13683273148,CE,24000.0,ATM,207.52000000000044,203.07993517934068,-4.440064820659757,1,50,10376.000000000022,-222.00324103298783,-262.00324103298783,-2.1395840500480663,False,STOP_LOSS,9.619641244820546,Momentum re-optimized,0.5,-0.05,0.2,0.02,0.4618233554279223,-0.05023069786711776,0.19913609300931623,0.019160764837646626,-0.0381766445720777,-0.00023069786711775453,-0.0008639069906837826,-0.0008392351623533745,75.73855578019834,23850.5155,462637.0,947484.15,0.0008090851204280991,0.005100745349228453,40,3.1999999999999997,830.0800000000017,259.40000000000055
DAY_HIGH_LOW_OPTIMIZED,RE-OPTIMIZED,2026-04-06 13:30:00.000000,2026-04-06 13:30:00.000000,2026-04-06 13:41:43.458680481,23984.73,24088.897609458505,CE,24000.0,ATM,207.52000000000044,224.6525531504523,17.132553150451855,1,50,10376.000000000022,856.6276575225927,816.6276575225927,8.25585637550685,True,TARGET_ACHIEVED,8.932080265743632,Day high-low re-optimized,0.5,-0.05,0.2,0.02,0.47398701853591807,-0.04975764183345918,0.208950840703496,0.022619999201477572,-0.02601298146408193,0.00024235816654082087,0.008950840703496,0.002619999201477572,75.73855578019834,23850.5155,462637.0,947484.15,0.0008090851204280991,0.005100745349228453,40,3.1999999999999997,830.0800000000017,259.40000000000055
BOLLINGER_SQUEEZE_LOSING,RE-OPTIMIZED,2026-04-06 13:30:00.000000,2026-04-06 13:30:00.000000,2026-04-06 13:35:55.592349598,23984.73,24333.828358540333,CE,24000.0,ATM,207.52000000000044,225.35712519303257,17.837125193032136,1,50,10376.000000000022,891.8562596516068,851.8562596516068,8.595376442286092,True,TARGET_ACHIEVED,9.987993558603762,Bollinger re-optimized,0.5,-0.05,0.2,0.02,0.522386855661999,-0.046504153562568644,0.18440225109171837,0.024026293986607963,0.02238685566199905,0.003495846437431359,-0.015597748908281639,0.004026293986607962,75.73855578019834,23850.5155,462637.0,947484.15,0.0008090851204280991,0.005100745349228453,40,3.1999999999999997,830.0800000000017,259.40000000000055
BREAKOUT_REVERSAL_LOSING,RE-OPTIMIZED,2026-04-06 13:30:00.000000,2026-04-06 13:30:00.000000,2026-04-06 13:37:15.980550202,23984.73,24169.569581287215,CE,24000.0,ATM,207.52000000000044,227.09481283665687,19.574812836656434,1,50,10376.000000000022,978.7406418328217,938.7406418328217,9.432735561226096,True,TARGET_ACHIEVED,9.753446144533843,Breakout re-optimized,0.5,-0.05,0.2,0.02,0.4693932974475671,-0.057295805702649236,0.197862520428093,0.017602927483830372,-0.03060670255243292,-0.007295805702649233,-0.0021374795719070194,-0.002397072516169628,75.73855578019834,23850.5155,462637.0,947484.15,0.0008090851204280991,0.005100745349228453,40,3.1999999999999997,830.0800000000017,259.40000000000055
MULTI_TIMEFRAME_LOSING,FROZEN,2026-04-06 13:45:00.000000,2026-04-06 13:45:00.000000,2026-04-06 13:51:57.786705617,23936.53,24346.343483661007,PE,23900.0,ATM,257.52000000000044,276.32357112053336,18.803571120532922,1,50,12876.000000000022,940.1785560266461,900.1785560266461,7.301790587345796,True,TARGET_ACHIEVED,8.777142533904518,Multi-timeframe frozen,0.5,-0.05,0.2,0.02,0.5382006956628763,-0.04418353494507571,0.19804813580220948,0.01678484085789305,0.038200695662876316,0.005816465054924294,-0.0019518641977905316,-0.00321515914210695,42.104355821170124,23955.915,911752.0,821667.35,-0.0008365137413244295,0.002787371436043619,40,3.1999999999999997,1030.0800000000017,321.90000000000055
AI_ENHANCED_LOSING,FROZEN,2026-04-06 13:45:00.000000,2026-04-06 13:45:00.000000,2026-04-06 13:54:00.502910906,23936.53,24147.56231089668,PE,23900.0,ATM,257.52000000000044,282.63637670737796,25.116376707377526,1,50,12876.000000000022,1255.8188353688763,1215.8188353688763,9.753175173725335,True,TARGET_ACHIEVED,5.624190505074723,AI enhanced frozen,0.5,-0.05,0.2,0.02,0.5256284923519771,-0.05558994072155091,0.19270227119258396,0.017989747574748874,0.02562849235197706,-0.005589940721550904,-0.007297728807416054,-0.0020102524252511265,42.104355821170124,23955.915,911752.0,821667.35,-0.0008365137413244295,0.002787371436043619,40,3.1999999999999997,1030.0800000000017,321.90000000000055
RSI_DIVERGENCE_LOSING,FROZEN,2026-04-06 13:45:00.000000,2026-04-06 13:45:00.000000,2026-04-06 13:50:13.370408126,23936.53,24297.023665405588,PE,23900.0,ATM,257.52000000000044,278.70130654086074,21.181306540860305,1,50,12876.000000000022,1059.0653270430153,1019.0653270430153,8.225111269361708,True,TARGET_ACHIEVED,9.408046501382234,RSI frozen,0.5,-0.05,0.2,0.02,0.5292412117063051,-0.043278910541117585,0.21154529426296692,0.0204135190523006,0.029241211706305115,0.006721089458882418,0.01154529426296691,0.00041351905230059896,42.104355821170124,23955.915,911752.0,821667.35,-0.0008365137413244295,0.002787371436043619,40,3.1999999999999997,1030.0800000000017,321.90000000000055
TREND_FOLLOWING_OPTIMIZED,FROZEN,2026-04-06 13:45:00.000000,2026-04-06 13:45:00.000000,2026-04-06 13:52:17.663323119,23936.53,23640.788701560912,PE,23900.0,ATM,257.52000000000044,285.7237220080176,28.203722008017166,1,50,12876.000000000022,1410.1861004008583,1370.1861004008583,10.952051105940168,True,TARGET_ACHIEVED,5.132155332308016,Trend frozen,0.5,-0.05,0.2,0.02,0.4965821575321237,-0.04807699568819004,0.20199212349413764,0.01857621162125464,-0.0034178424678762975,0.0019230043118099657,0.001992123494137632,-0.0014237883787453602,42.104355821170124,23955.915,911752.0,821667.35,-0.0008365137413244295,0.002787371436043619,40,3.1999999999999997,1030.0800000000017,321.90000000000055
HIGH_VOLUME_LOSING,FROZEN,2026-04-06 13:45:00.000000,2026-04-06 13:45:00.000000,2026-04-06 13:55:43.560408986,23936.53,24356.015816552397,PE,23900.0,ATM,257.52000000000044,277.1246536193344,19.604653619333988,1,50,12876.000000000022,980.2326809666994,940.2326809666994,7.612866425650029,True,TARGET_ACHIEVED,10.439398108636823,High volume frozen,0.5,-0.05,0.2,0.02,0.5487382315304451,-0.044045406551636516,0.18167695997919825,0.01653516545078049,0.0487382315304451,0.005954593448363486,-0.018323040020801762,-0.00346483454921951,42.104355821170124,23955.915,911752.0,821667.35,-0.0008365137413244295,0.002787371436043619,40,3.1999999999999997,1030.0800000000017,321.90000000000055
MACD_DIVERGENCE_LOSING,RE-OPTIMIZED,2026-04-06 13:45:00.000000,2026-04-06 13:45:00.000000,2026-04-06 13:55:30.507246562,23936.53,24389.546593063493,PE,23900.0,ATM,257.52000000000044,282.008079900982,24.488079900981575,1,50,12876.000000000022,1224.4039950490787,1184.4039950490787,9.509195363848063,True,TARGET_ACHIEVED,5.9058099066642455,MACD re-optimized,0.5,-0.05,0.2,0.02,0.47764511772836094,-0.046421014026396396,0.19815761391574604,0.01842225461259969,-0.022354882271639065,0.0035789859736036073,-0.0018423860842539663,-0.0015777453874003117,42.104355821170124,23955.915,911752.0,821667.35,-0.0008365137413244295,0.002787371436043619,40,3.1999999999999997,1030.0800000000017,321.90000000000055
CCI_EXTREME_LOSING,RE-OPTIMIZED,2026-04-06 13:45:00.000000,2026-04-06 13:45:00.000000,2026-04-06 13:52:22.076043903,23936.53,24120.453857242297,PE,23900.0,ATM,257.52000000000044,285.34185325743186,27.821853257431428,1,50,12876.000000000022,1391.0926628715715,1351.0926628715715,10.803764079462326,True,TARGET_ACHIEVED,10.765616791279475,CCI re-optimized,0.5,-0.05,0.2,0.02,0.5123301392775812,-0.05605385494841211,0.18790859967786808,0.021508349927445644,0.012330139277581198,-0.00605385494841211,-0.012091400322131934,0.0015083499274456437,42.104355821170124,23955.915,911752.0,821667.35,-0.0008365137413244295,0.002787371436043619,40,3.1999999999999997,1030.0800000000017,321.90000000000055
MOMENTUM_REVERSAL_LOSING,RE-OPTIMIZED,2026-04-06 13:45:00.000000,2026-04-06 13:45:00.000000,2026-04-06 13:51:50.943354698,23936.53,23636.481072273233,PE,23900.0,ATM,257.52000000000044,277.31170210017245,19.791702100172017,1,50,12876.000000000022,989.5851050086009,949.5851050086009,7.68550097086517,True,TARGET_ACHIEVED,7.0054949164096625,Momentum re-optimized,0.5,-0.05,0.2,0.02,0.45404507932394234,-0.046649916041503946,0.1829848881170689,0.022878342775339067,-0.045954920676057665,0.003350083958496057,-0.017015111882931117,0.0028783427753390663,42.104355821170124,23955.915,911752.0,821667.35,-0.0008365137413244295,0.002787371436043619,40,3.1999999999999997,1030.0800000000017,321.90000000000055
MULTI_TIMEFRAME_LOSING,FROZEN,2026-04-06 14:00:00.000000,2026-04-06 14:00:00.000000,2026-04-06 14:07:23.935563401,24115.29,24500.4102926412,CE,24100.0,ATM,157.52000000000044,170.45817899295665,12.93817899295621,1,50,7876.000000000022,646.9089496478105,606.9089496478105,8.21367381472586,True,TARGET_ACHIEVED,6.527154195325682,Multi-timeframe frozen,0.5,-0.05,0.2,0.02,0.49400500743747755,-0.04188148154947994,0.219895788382451,0.02408808918269517,-0.00599499256252245,0.008118518450520064,0.019895788382450985,0.004088089182695171,82.38674646268515,24029.2665,1360497.0,931318.9,0.001169089052950767,0.002600010200996991,40,3.1999999999999997,630.0800000000017,196.90000000000055
AI_ENHANCED_LOSING,FROZEN,2026-04-06 14:00:00.000000,2026-04-06 14:00:00.000000,2026-04-06 14:10:28.513736917,24115.29,23671.306617735245,CE,24100.0,ATM,157.52000000000044,155.84884179045847,-1.6711582095419715,1,50,7876.000000000022,-83.55791047709857,-123.55791047709857,-1.0609181116950017,False,STOP_LOSS,10.92495117219271,AI enhanced frozen,0.5,-0.05,0.2,0.02,0.479366671422442,-0.05364608338714834,0.21381327749490667,0.0219987653141727,-0.020633328577558008,-0.0036460833871483356,0.013813277494906656,0.0019987653141727013,82.38674646268515,24029.2665,1360497.0,931318.9,0.001169089052950767,0.002600010200996991,40,3.1999999999999997,630.0800000000017,196.90000000000055
RSI_DIVERGENCE_LOSING,FROZEN,2026-04-06 14:00:00.000000,2026-04-06 14:00:00.000000,2026-04-06 14:06:59.009247004,24115.29,24072.92332536451,CE,24100.0,ATM,157.52000000000044,154.44211187627226,-3.0778881237281723,1,50,7876.000000000022,-153.89440618640862,-193.89440618640862,-1.9539665589945174,False,STOP_LOSS,7.232570834021635,RSI frozen,0.5,-0.05,0.2,0.02,0.5048877232333278,-0.0469416130832377,0.1853876332843226,0.017930379742187957,0.0048877232333277565,0.0030583869167623012,-0.014612366715677422,-0.0020696202578120437,82.38674646268515,24029.2665,1360497.0,931318.9,0.001169089052950767,0.002600010200996991,40,3.1999999999999997,630.0800000000017,196.90000000000055
STOCHASTIC_OVERSOLD_LOSING,FROZEN,2026-04-06 14:00:00.000000,2026-04-06 14:00:00.000000,2026-04-06 14:05:51.259202543,24115.29,24179.08056238286,CE,24100.0,ATM,157.52000000000044,170.04386088140294,12.523860881402499,1,50,7876.000000000022,626.1930440701249,586.1930440701249,7.950648096370279,True,TARGET_ACHIEVED,5.032417437004551,Stochastic frozen,0.5,-0.05,0.2,0.02,0.5309445893552639,-0.056322114730507876,0.19598360121969294,0.01897155712617711,0.030944589355263896,-0.006322114730507873,-0.004016398780307073,-0.00102844287382289,82.38674646268515,24029.2665,1360497.0,931318.9,0.001169089052950767,0.002600010200996991,40,3.1999999999999997,630.0800000000017,196.90000000000055
TREND_FOLLOWING_OPTIMIZED,FROZEN,2026-04-06 14:00:00.000000,2026-04-06 14:00:00.000000,2026-04-06 14:05:44.343181705,24115.29,23827.401252236392,CE,24100.0,ATM,157.52000000000044,171.06158767327221,13.541587673271778,1,50,7876.000000000022,677.0793836635889,637.0793836635889,8.59674179359557,True,TARGET_ACHIEVED,9.466294833475164,Trend frozen,0.5,-0.05,0.2,0.02,0.4969416563460609,-0.057861071904021,0.20134595406987668,0.02377831736659772,-0.0030583436539390885,-0.007861071904020994,0.0013459540698766703,0.0037783173665977207,82.38674646268515,24029.2665,1360497.0,931318.9,0.001169089052950767,0.002600010200996991,40,3.1999999999999997,630.0800000000017,196.90000000000055
VOLUME_SPIKE_LOSING,FROZEN,2026-04-06 14:00:00.000000,2026-04-06 14:00:00.000000,2026-04-06 14:05:05.129453546,24115.29,24260.504512073865,CE,24100.0,ATM,157.52000000000044,173.5351108263197,16.015110826319273,1,50,7876.000000000022,800.7555413159637,760.7555413159637,10.167033282325564,True,TARGET_ACHIEVED,6.133856320953662,Volume frozen,0.5,-0.05,0.2,0.02,0.4511055449941751,-0.05088297884129119,0.19927278597844175,0.018563684135744864,-0.0488944550058249,-0.000882978841291189,-0.000727214021558259,-0.0014363158642551367,82.38674646268515,24029.2665,1360497.0,931318.9,0.001169089052950767,0.002600010200996991,40,3.1999999999999997,630.0800000000017,196.90000000000055
HIGH_VOLUME_LOSING,FROZEN,2026-04-06 14:00:00.000000,2026-04-06 14:00:00.000000,2026-04-06 14:11:07.721045933,24115.29,23907.546755877906,CE,24100.0,ATM,157.52000000000044,174.8587462982098,17.338746298209372,1,50,7876.000000000022,866.9373149104686,826.9373149104686,11.007330052189769,True,TARGET_ACHIEVED,6.7995365182984155,High volume frozen,0.5,-0.05,0.2,0.02,0.5290740752934143,-0.04065765581618452,0.19100729535611227,0.020683238784641938,0.029074075293414325,0.009342344183815486,-0.008992704643887739,0.0006832387846419374,82.38674646268515,24029.2665,1360497.0,931318.9,0.001169089052950767,0.002600010200996991,40,3.1999999999999997,630.0800000000017,196.90000000000055
STRONG_MOMENTUM_LOSING,FROZEN,2026-04-06 14:00:00.000000,2026-04-06 14:00:00.000000,2026-04-06 14:09:34.590387881,24115.29,24454.87558174863,CE,24100.0,ATM,157.52000000000044,170.02778943677367,12.507789436773237,1,50,7876.000000000022,625.3894718386618,585.3894718386618,7.940445300135349,True,TARGET_ACHIEVED,6.975127697672306,Strong momentum frozen,0.5,-0.05,0.2,0.02,0.45755234128989297,-0.046540598380144134,0.18718893110679932,0.016729993328751615,-0.04244765871010703,0.003459401619855869,-0.012811068893200689,-0.0032700066712483856,82.38674646268515,24029.2665,1360497.0,931318.9,0.001169089052950767,0.002600010200996991,40,3.1999999999999997,630.0800000000017,196.90000000000055
MACD_DIVERGENCE_LOSING,RE-OPTIMIZED,2026-04-06 14:00:00.000000,2026-04-06 14:00:00.000000,2026-04-06 14:06:02.085383546,24115.29,24165.005637741655,CE,24100.0,ATM,157.52000000000044,169.7622228503673,12.242222850366858,1,50,7876.000000000022,612.1111425183428,572.1111425183428,7.7718530030261705,True,TARGET_ACHIEVED,9.247464851523784,MACD re-optimized,0.5,-0.05,0.2,0.02,0.4683921375327904,-0.04816007507522728,0.19762641136912104,0.02329024728029408,-0.03160786246720959,0.0018399249247727234,-0.00237358863087897,0.0032902472802940792,82.38674646268515,24029.2665,1360497.0,931318.9,0.001169089052950767,0.002600010200996991,40,3.1999999999999997,630.0800000000017,196.90000000000055
CCI_EXTREME_LOSING,RE-OPTIMIZED,2026-04-06 14:00:00.000000,2026-04-06 14:00:00.000000,2026-04-06 14:07:55.050204474,24115.29,24021.297411044077,CE,24100.0,ATM,157.52000000000044,170.0492785852744,12.529278585273971,1,50,7876.000000000022,626.4639292636986,586.4639292636986,7.954087471606106,True,TARGET_ACHIEVED,8.910677817400806,CCI re-optimized,0.5,-0.05,0.2,0.02,0.4706991945230799,-0.04467917566280121,0.18845614880847983,0.0239697262845954,-0.0293008054769201,0.0053208243371987915,-0.011543851191520182,0.003969726284595399,82.38674646268515,24029.2665,1360497.0,931318.9,0.001169089052950767,0.002600010200996991,40,3.1999999999999997,630.0800000000017,196.90000000000055
MOMENTUM_REVERSAL_LOSING,RE-OPTIMIZED,2026-04-06 14:00:00.000000,2026-04-06 14:00:00.000000,2026-04-06 14:08:17.248988489,24115.29,23745.328255001135,CE,24100.0,ATM,157.52000000000044,174.97688661708818,17.456886617087747,1,50,7876.000000000022,872.8443308543874,832.8443308543874,11.082330254626523,True,TARGET_ACHIEVED,9.81403584313383,Momentum re-optimized,0.5,-0.05,0.2,0.02,0.4567509875088359,-0.04141466861782476,0.2170884010362459,0.023100446356123225,-0.043249012491164085,0.008585331382175244,0.017088401036245898,0.0031004463561232244,82.38674646268515,24029.2665,1360497.0,931318.9,0.001169089052950767,0.002600010200996991,40,3.1999999999999997,630.0800000000017,196.90000000000055
BOLLINGER_SQUEEZE_LOSING,RE-OPTIMIZED,2026-04-06 14:00:00.000000,2026-04-06 14:00:00.000000,2026-04-06 14:07:11.073789027,24115.29,24394.918771238383,CE,24100.0,ATM,157.52000000000044,154.00840378609223,-3.5115962139082058,1,50,7876.000000000022,-175.5798106954103,-215.5798106954103,-2.2293018117751373,False,STOP_LOSS,6.937860597423555,Bollinger re-optimized,0.5,-0.05,0.2,0.02,0.49578202337978133,-0.052500126174758396,0.21690770820742256,0.0214452646461055,-0.004217976620218666,-0.0025001261747583936,0.016907708207422545,0.0014452646461055006,82.38674646268515,24029.2665,1360497.0,931318.9,0.001169089052950767,0.002600010200996991,40,3.1999999999999997,630.0800000000017,196.90000000000055
BREAKOUT_REVERSAL_LOSING,RE-OPTIMIZED,2026-04-06 14:00:00.000000,2026-04-06 14:00:00.000000,2026-04-06 14:09:40.020276483,24115.29,23916.469570585243,CE,24100.0,ATM,157.52000000000044,170.73243617164073,13.212436171640292,1,50,7876.000000000022,660.6218085820146,620.6218085820146,8.387783247613164,True,TARGET_ACHIEVED,11.584314089619813,Breakout re-optimized,0.5,-0.05,0.2,0.02,0.5402110581971064,-0.04689914521111528,0.21227303898792152,0.017810425861128493,0.04021105819710635,0.0031008547888847215,0.012273038987921508,-0.0021895741388715077,82.38674646268515,24029.2665,1360497.0,931318.9,0.001169089052950767,0.002600010200996991,40,3.1999999999999997,630.0800000000017,196.90000000000055
MULTI_TIMEFRAME_LOSING,FROZEN,2026-04-06 14:15:00.000000,2026-04-06 14:15:00.000000,2026-04-06 14:23:46.618807353,24148.96,23679.135993509775,PE,24100.0,ATM,157.52000000000044,174.63285158283128,17.112851582830842,1,50,7876.000000000022,855.6425791415421,815.6425791415421,10.86392304648984,True,TARGET_ACHIEVED,10.461040724776526,Multi-timeframe frozen,0.5,-0.05,0.2,0.02,0.4938037197688289,-0.04003800079822011,0.20037355897509057,0.022661738054075425,-0.006196280231171081,0.00996199920177989,0.0003735589750905599,0.002661738054075425,66.64406779661013,24121.6325,1466663.0,1011546.6,-0.00044661058164929823,0.0020522622920407883,40,3.1999999999999997,630.0800000000017,196.90000000000055
AI_ENHANCED_LOSING,FROZEN,2026-04-06 14:15:00.000000,2026-04-06 14:15:00.000000,2026-04-06 14:21:22.113871430,24148.96,24415.08871882,PE,24100.0,ATM,157.52000000000044,170.51888861345316,12.99888861345272,1,50,7876.000000000022,649.944430672636,609.944430672636,8.252214711435172,True,TARGET_ACHIEVED,9.654370910877848,AI enhanced frozen,0.5,-0.05,0.2,0.02,0.5156861146722098,-0.04636996085871648,0.1812304322636362,0.022185372181114785,0.015686114672209817,0.003630039141283521,-0.018769567736363818,0.0021853721811147843,66.64406779661013,24121.6325,1466663.0,1011546.6,-0.00044661058164929823,0.0020522622920407883,40,3.1999999999999997,630.0800000000017,196.90000000000055
RSI_DIVERGENCE_LOSING,FROZEN,2026-04-06 14:15:00.000000,2026-04-06 14:15:00.000000,2026-04-06 14:20:47.515678070,24148.96,23702.179653219562,PE,24100.0,ATM,157.52000000000044,172.09238541639849,14.572385416398049,1,50,7876.000000000022,728.6192708199025,688.6192708199025,9.251133453782383,True,TARGET_ACHIEVED,6.185652005103007,RSI frozen,0.5,-0.05,0.2,0.02,0.5386216283612478,-0.05483706133872656,0.21983713642345334,0.023601606416609175,0.03862162836124783,-0.004837061338726557,0.019837136423453333,0.0036016064166091745,66.64406779661013,24121.6325,1466663.0,1011546.6,-0.00044661058164929823,0.0020522622920407883,40,3.1999999999999997,630.0800000000017,196.90000000000055
STOCHASTIC_OVERSOLD_LOSING,FROZEN,2026-04-06 14:15:00.000000,2026-04-06 14:15:00.000000,2026-04-06 14:21:35.893411634,24148.96,24136.817436277957,PE,24100.0,ATM,157.52000000000044,171.34066145252956,13.820661452529123,1,50,7876.000000000022,691.0330726264561,651.0330726264561,8.773908997288652,True,TARGET_ACHIEVED,10.4848791706994,Stochastic frozen,0.5,-0.05,0.2,0.02,0.4748760822383669,-0.04963880625560008,0.19339190521049351,0.016639950579640163,-0.025123917761633086,0.0003611937443999194,-0.006608094789506497,-0.0033600494203598376,66.64406779661013,24121.6325,1466663.0,1011546.6,-0.00044661058164929823,0.0020522622920407883,40,3.1999999999999997,630.0800000000017,196.90000000000055
TREND_FOLLOWING_OPTIMIZED,FROZEN,2026-04-06 14:15:00.000000,2026-04-06 14:15:00.000000,2026-04-06 14:26:14.983415854,24148.96,23777.29388569938,PE,24100.0,ATM,157.52000000000044,170.55394879642444,13.033948796424,1,50,7876.000000000022,651.6974398212,611.6974398212,8.274472318704904,True,TARGET_ACHIEVED,10.804586072332327,Trend frozen,0.5,-0.05,0.2,0.02,0.5402806501278025,-0.05232777421389613,0.21062782738806954,0.02009114156053509,0.040280650127802464,-0.0023277742138961277,0.010627827388069527,9.114156053509001e-05,66.64406779661013,24121.6325,1466663.0,1011546.6,-0.00044661058164929823,0.0020522622920407883,40,3.1999999999999997,630.0800000000017,196.90000000000055
VOLUME_SPIKE_LOSING,FROZEN,2026-04-06 14:15:00.000000,2026-04-06 14:15:00.000000,2026-04-06 14:22:55.681887685,24148.96,23677.30473351897,PE,24100.0,ATM,157.52000000000044,174.8848817372544,17.364881737253967,1,50,7876.000000000022,868.2440868626984,828.2440868626984,11.02392187484378,True,TARGET_ACHIEVED,10.77981995162919,Volume frozen,0.5,-0.05,0.2,0.02,0.520362409409137,-0.05188449050422695,0.2168717410222006,0.015615692051774694,0.020362409409137028,-0.0018844905042269475,0.016871741022200598,-0.004384307948225306,66.64406779661013,24121.6325,1466663.0,1011546.6,-0.00044661058164929823,0.0020522622920407883,40,3.1999999999999997,630.0800000000017,196.90000000000055
HIGH_VOLUME_LOSING,FROZEN,2026-04-06 14:15:00.000000,2026-04-06 14:15:00.000000,2026-04-06 14:21:56.499969102,24148.96,23946.549486500284,PE,24100.0,ATM,157.52000000000044,155.6337860842612,-1.8862139157392335,1,50,7876.000000000022,-94.31069578696167,-134.31069578696167,-1.1974440805861024,False,STOP_LOSS,5.734564123468459,High volume frozen,0.5,-0.05,0.2,0.02,0.4533227798853533,-0.05585766134596473,0.2019658918465695,0.019495021921593178,-0.0466772201146467,-0.005857661345964729,0.0019658918465694786,-0.0005049780784068224,66.64406779661013,24121.6325,1466663.0,1011546.6,-0.00044661058164929823,0.0020522622920407883,40,3.1999999999999997,630.0800000000017,196.90000000000055
MULTI_TIMEFRAME_LOSING,FROZEN,2026-04-06 14:30:00.000000,2026-04-06 14:30:00.000000,2026-04-06 14:39:24.679307399,24372.89,23948.5978869306,CE,24300.0,ITM,57.52000000000044,63.06454471117685,5.544544711176414,1,50,2876.000000000022,277.22723555882067,237.22723555882067,9.63933364251803,True,TARGET_ACHIEVED,9.73982228422846,Multi-timeframe frozen,0.5,-0.05,0.2,0.02,0.48248663464194064,-0.040273816779028054,0.19832798735883117,0.01812053151381539,-0.017513365358059363,0.009726183220971948,-0.0016720126411688407,-0.0018794684861846121,81.80162093836029,24267.069,740542.0,986369.85,0.000394035452518926,0.001798719807129977,40,3.1999999999999997,230.08000000000175,71.90000000000055
AI_ENHANCED_LOSING,FROZEN,2026-04-06 14:30:00.000000,2026-04-06 14:30:00.000000,2026-04-06 14:39:51.448147841,24372.89,24439.15507097517,CE,24300.0,ITM,57.52000000000044,62.73269530401261,5.212695304012172,1,50,2876.000000000022,260.6347652006086,220.63476520060863,9.062404909617754,True,TARGET_ACHIEVED,8.6664000343393,AI enhanced frozen,0.5,-0.05,0.2,0.02,0.5283778575272084,-0.04597521363630481,0.21656233389808913,0.017723958983435432,0.02837785752720845,0.0040247863636951944,0.016562333898089115,-0.0022760410165645686,81.80162093836029,24267.069,740542.0,986369.85,0.000394035452518926,0.001798719807129977,40,3.1999999999999997,230.08000000000175,71.90000000000055
RSI_DIVERGENCE_LOSING,FROZEN,2026-04-06 14:30:00.000000,2026-04-06 14:30:00.000000,2026-04-06 14:41:03.510419517,24372.89,24849.634948912066,CE,24300.0,ITM,57.52000000000044,62.60569484392183,5.085694843921395,1,50,2876.000000000022,254.28474219606977,214.28474219606977,8.841611342005141,True,TARGET_ACHIEVED,5.9416017997029265,RSI frozen,0.5,-0.05,0.2,0.02,0.5356382689713711,-0.04605876038582557,0.21976023191803057,0.01616106675551885,0.03563826897137112,0.003941239614174433,0.019760231918030557,-0.00383893324448115,81.80162093836029,24267.069,740542.0,986369.85,0.000394035452518926,0.001798719807129977,40,3.1999999999999997,230.08000000000175,71.90000000000055
STOCHASTIC_OVERSOLD_LOSING,FROZEN,2026-04-06 14:30:00.000000,2026-04-06 14:30:00.000000,2026-04-06 14:37:29.427773965,24372.89,24037.379433319285,CE,24300.0,ITM,57.52000000000044,56.75368991123502,-0.7663100887654153,1,50,2876.000000000022,-38.315504438270764,-78.31550443827076,-1.3322498066158022,False,STOP_LOSS,5.127377662294396,Stochastic frozen,0.5,-0.05,0.2,0.02,0.4854275145741546,-0.04269983075291102,0.20829806729045436,0.018359227938354556,-0.014572485425845383,0.007300169247088983,0.008298067290454347,-0.0016407720616454444,81.80162093836029,24267.069,740542.0,986369.85,0.000394035452518926,0.001798719807129977,40,3.1999999999999997,230.08000000000175,71.90000000000055
TREND_FOLLOWING_OPTIMIZED,FROZEN,2026-04-06 14:30:00.000000,2026-04-06 14:30:00.000000,2026-04-06 14:41:00.904336376,24372.89,24375.591687843233,CE,24300.0,ITM,57.52000000000044,63.95235170852062,6.43235170852018,1,50,2876.000000000022,321.617585426009,281.617585426009,11.18280895083472,True,TARGET_ACHIEVED,8.853623055277776,Trend frozen,0.5,-0.05,0.2,0.02,0.5360453841861199,-0.044879471367379055,0.20924448893361305,0.01876480680067572,0.03604538418611991,0.005120528632620948,0.009244488933613043,-0.0012351931993242818,81.80162093836029,24267.069,740542.0,986369.85,0.000394035452518926,0.001798719807129977,40,3.1999999999999997,230.08000000000175,71.90000000000055
BOLLINGER_SQUEEZE_LOSING,RE-OPTIMIZED,2026-04-06 14:30:00.000000,2026-04-06 14:30:00.000000,2026-04-06 14:37:36.855754428,24372.89,24306.36708058286,CE,24300.0,ITM,57.52000000000044,63.76996249616391,6.2499624961634765,1,50,2876.000000000022,312.4981248081738,272.4981248081738,10.865720612245184,True,TARGET_ACHIEVED,10.837018735919287,Bollinger re-optimized,0.5,-0.05,0.2,0.02,0.5089674050692484,-0.04281238195960037,0.19743487445066302,0.01568914607843437,0.008967405069248424,0.007187618040399635,-0.002565125549336994,-0.004310853921565629,81.80162093836029,24267.069,740542.0,986369.85,0.000394035452518926,0.001798719807129977,40,3.1999999999999997,230.08000000000175,71.90000000000055
BREAKOUT_REVERSAL_LOSING,RE-OPTIMIZED,2026-04-06 14:30:00.000000,2026-04-06 14:30:00.000000,2026-04-06 14:41:03.896001887,24372.89,24047.199624426772,CE,24300.0,ITM,57.52000000000044,62.10191846552925,4.581918465528815,1,50,2876.000000000022,229.09592327644077,189.09592327644077,7.9657831459123445,True,TARGET_ACHIEVED,8.16543213266368,Breakout re-optimized,0.5,-0.05,0.2,0.02,0.5164184603611325,-0.04406560929385187,0.20152632667901804,0.015700121972038808,0.01641846036113248,0.005934390706148131,0.0015263266790180308,-0.004299878027961192,81.80162093836029,24267.069,740542.0,986369.85,0.000394035452518926,0.001798719807129977,40,3.1999999999999997,230.08000000000175,71.90000000000055
MULTI_TIMEFRAME_LOSING,FROZEN,2026-04-06 14:45:00.000000,2026-04-06 14:45:00.000000,2026-04-06 14:55:02.746216651,24364.47,24745.24573556932,CE,24300.0,ITM,57.52000000000044,63.772895533959506,6.2528955339590695,1,50,2876.000000000022,312.6447766979535,272.6447766979535,10.870819773920415,True,TARGET_ACHIEVED,9.327561110496758,Multi-timeframe frozen,0.5,-0.05,0.2,0.02,0.5496268418522485,-0.05906508653556863,0.1873203386426587,0.02406290436798277,0.04962684185224853,-0.009065086535568624,-0.012679661357341304,0.004062904367982768,51.269746899948956,24368.5485,1380835.0,937457.6,0.0007664563224636378,0.003850278705016005,40,3.1999999999999997,230.08000000000175,71.90000000000055
AI_ENHANCED_LOSING,FROZEN,2026-04-06 14:45:00.000000,2026-04-06 14:45:00.000000,2026-04-06 14:50:19.795093915,24364.47,24150.08479039193,CE,24300.0,ITM,57.52000000000044,61.77654935276468,4.256549352764246,1,50,2876.000000000022,212.82746763821228,172.82746763821228,7.400120571565044,True,TARGET_ACHIEVED,8.78262742795441,AI enhanced frozen,0.5,-0.05,0.2,0.02,0.4801853150020492,-0.05261440634897941,0.2040105733581025,0.019429393935047806,-0.019814684997950804,-0.0026144063489794075,0.004010573358102482,-0.0005706060649521942,51.269746899948956,24368.5485,1380835.0,937457.6,0.0007664563224636378,0.003850278705016005,40,3.1999999999999997,230.08000000000175,71.90000000000055
TREND_FOLLOWING_OPTIMIZED,FROZEN,2026-04-06 14:45:00.000000,2026-04-06 14:45:00.000000,2026-04-06 14:51:35.312521820,24364.47,24056.69009914704,CE,24300.0,ITM,57.52000000000044,63.62770745035971,6.107707450359271,1,50,2876.000000000022,305.38537251796356,265.38537251796356,10.618406554866525,True,TARGET_ACHIEVED,8.249985016957226,Trend frozen,0.5,-0.05,0.2,0.02,0.5444136896705651,-0.04808264346625813,0.21571832492983284,0.02030553082661459,0.04441368967056514,0.0019173565337418721,0.015718324929832828,0.00030553082661459105,51.269746899948956,24368.5485,1380835.0,937457.6,0.0007664563224636378,0.003850278705016005,40,3.1999999999999997,230.08000000000175,71.90000000000055
VOLUME_SPIKE_LOSING,FROZEN,2026-04-06 14:45:00.000000,2026-04-06 14:45:00.000000,2026-04-06 14:55:03.791269033,24364.47,24490.602697854833,CE,24300.0,ITM,57.52000000000044,63.700535124028434,6.1805351240279975,1,50,2876.000000000022,309.02675620139985,269.02675620139985,10.745019339408815,True,TARGET_ACHIEVED,8.05965035646911,Volume frozen,0.5,-0.05,0.2,0.02,0.5194677232327565,-0.04288783972406945,0.18121688637242275,0.01956261315645878,0.019467723232756473,0.0071121602759305555,-0.018783113627577258,-0.0004373868435412209,51.269746899948956,24368.5485,1380835.0,937457.6,0.0007664563224636378,0.003850278705016005,40,3.1999999999999997,230.08000000000175,71.90000000000055
HIGH_VOLUME_LOSING,FROZEN,2026-04-06 14:45:00.000000,2026-04-06 14:45:00.000000,2026-04-06 14:55:24.860660120,24364.47,24089.10338425496,CE,24300.0,ITM,57.52000000000044,63.876692827169066,6.356692827168629,1,50,2876.000000000022,317.83464135843144,277.83464135843144,11.051274038888353,True,TARGET_ACHIEVED,10.463158638997463,High volume frozen,0.5,-0.05,0.2,0.02,0.5214631745317112,-0.04701467562010795,0.20302639303936929,0.023930591656069044,0.021463174531711204,0.002985324379892053,0.003026393039369274,0.0039305916560690435,51.269746899948956,24368.5485,1380835.0,937457.6,0.0007664563224636378,0.003850278705016005,40,3.1999999999999997,230.08000000000175,71.90000000000055
MACD_DIVERGENCE_LOSING,RE-OPTIMIZED,2026-04-06 14:45:00.000000,2026-04-06 14:45:00.000000,2026-04-06 14:52:33.327613537,24364.47,24187.58037352046,CE,24300.0,ITM,57.52000000000044,62.054084107448496,4.534084107448059,1,50,2876.000000000022,226.70420537240295,186.70420537240295,7.882621883602268,True,TARGET_ACHIEVED,9.740448653915038,MACD re-optimized,0.5,-0.05,0.2,0.02,0.5052392128249805,-0.05586739206743478,0.20743871814487386,0.018353560408964915,0.005239212824980521,-0.005867392067434779,0.007438718144873846,-0.001646439591035085,51.269746899948956,24368.5485,1380835.0,937457.6,0.0007664563224636378,0.003850278705016005,40,3.1999999999999997,230.08000000000175,71.90000000000055
MOMENTUM_REVERSAL_LOSING,RE-OPTIMIZED,2026-04-06 14:45:00.000000,2026-04-06 14:45:00.000000,2026-04-06 14:50:21.028665899,24364.47,23892.154625572774,CE,24300.0,ITM,57.52000000000044,63.7105207702546,6.19052077025416,1,50,2876.000000000022,309.526038512708,269.526038512708,10.762379642305483,True,TARGET_ACHIEVED,7.434246422896595,Momentum re-optimized,0.5,-0.05,0.2,0.02,0.4698631293297454,-0.047372621768267495,0.19961829539657536,0.016218444413140038,-0.030136870670254612,0.002627378231732508,-0.00038170460342465407,-0.0037815555868599623,51.269746899948956,24368.5485,1380835.0,937457.6,0.0007664563224636378,0.003850278705016005,40,3.1999999999999997,230.08000000000175,71.90000000000055
MULTI_TIMEFRAME_LOSING,FROZEN,2026-04-06 15:00:00.000000,2026-04-06 15:00:00.000000,2026-04-06 15:08:16.858900421,24437.27,24460.14160541616,CE,24400.0,ATM,7.520000000000437,8.130645054223992,0.6106450542235553,1,50,376.0000000000218,30.532252711177765,-9.467747288822235,8.120279976376594,True,TARGET_ACHIEVED,5.3996978516770415,Multi-timeframe frozen,0.5,-0.05,0.2,0.02,0.4719444761735898,-0.056843456450578644,0.20667776882697128,0.021220406466287978,-0.02805552382641019,-0.006843456450578642,0.00667776882697127,0.0012204064662879772,61.30845040889061,24415.512000000002,1278069.0,1088045.35,0.0006297628889493367,0.0004280347190992596,40,3.1999999999999997,30.080000000001746,9.400000000000546
AI_ENHANCED_LOSING,FROZEN,2026-04-06 15:00:00.000000,2026-04-06 15:00:00.000000,2026-04-06 15:06:12.308486761,24437.27,24035.747179716644,CE,24400.0,ATM,7.520000000000437,8.34428030706143,0.8242803070609934,1,50,376.0000000000218,41.214015353049675,1.2140153530496747,10.961174296023213,True,TARGET_ACHIEVED,6.033611950167842,AI enhanced frozen,0.5,-0.05,0.2,0.02,0.4961013092693557,-0.05178579751372861,0.1804515923382692,0.018440018235748097,-0.0038986907306443053,-0.001785797513728607,-0.0195484076617308,-0.0015599817642519033,61.30845040889061,24415.512000000002,1278069.0,1088045.35,0.0006297628889493367,0.0004280347190992596,40,3.1999999999999997,30.080000000001746,9.400000000000546
RSI_DIVERGENCE_LOSING,FROZEN,2026-04-06 15:00:00.000000,2026-04-06 15:00:00.000000,2026-04-06 15:07:00.428688399,24437.27,24827.7245785101,CE,24400.0,ATM,7.520000000000437,7.421320161505198,-0.09867983849523831,1,50,376.0000000000218,-4.933991924761916,-44.93399192476191,-1.312231894883412,False,STOP_LOSS,7.613817240346422,RSI frozen,0.5,-0.05,0.2,0.02,0.46420552192925923,-0.049861203677371325,0.18165597807542494,0.015920234704913955,-0.035794478070740765,0.0001387963226286773,-0.01834402192457507,-0.004079765295086045,61.30845040889061,24415.512000000002,1278069.0,1088045.35,0.0006297628889493367,0.0004280347190992596,40,3.1999999999999997,30.080000000001746,9.400000000000546
TREND_FOLLOWING_OPTIMIZED,FROZEN,2026-04-06 15:00:00.000000,2026-04-06 15:00:00.000000,2026-04-06 15:07:01.812752170,24437.27,24279.23181084797,CE,24400.0,ATM,7.520000000000437,8.078907101493677,0.5589071014932401,1,50,376.0000000000218,27.945355074662004,-12.054644925337996,7.432275285813931,True,TARGET_ACHIEVED,9.190227395167657,Trend frozen,0.5,-0.05,0.2,0.02,0.4558093597252393,-0.04625395305066335,0.19450001706343295,0.021898028308715768,-0.04419064027476072,0.003746046949336654,-0.0054999829365670605,0.0018980283087157677,61.30845040889061,24415.512000000002,1278069.0,1088045.35,0.0006297628889493367,0.0004280347190992596,40,3.1999999999999997,30.080000000001746,9.400000000000546
HIGH_VOLUME_LOSING,FROZEN,2026-04-06 15:00:00.000000,2026-04-06 15:00:00.000000,2026-04-06 15:08:06.087638251,24437.27,24124.138779958903,CE,24400.0,ATM,7.520000000000437,8.158959483570602,0.6389594835701651,1,50,376.0000000000218,31.947974178508254,-8.052025821491746,8.496801643219786,True,TARGET_ACHIEVED,9.22622141773386,High volume frozen,0.5,-0.05,0.2,0.02,0.4541256197727459,-0.057830465808177446,0.21532245157233734,0.01804506163165797,-0.0458743802272541,-0.007830465808177443,0.015322451572337331,-0.0019549383683420303,61.30845040889061,24415.512000000002,1278069.0,1088045.35,0.0006297628889493367,0.0004280347190992596,40,3.1999999999999997,30.080000000001746,9.400000000000546
MACD_DIVERGENCE_LOSING,RE-OPTIMIZED,2026-04-06 15:00:00.000000,2026-04-06 15:00:00.000000,2026-04-06 15:08:53.437490707,24437.27,24795.387405537233,CE,24400.0,ATM,7.520000000000437,8.14304604864762,0.6230460486471827,1,50,376.0000000000218,31.152302432359136,-8.847697567640864,8.28518681711631,True,TARGET_ACHIEVED,10.778629165236605,MACD re-optimized,0.5,-0.05,0.2,0.02,0.503455390606765,-0.0421003808955263,0.20692496467962884,0.02007387292639951,0.0034553906067650297,0.007899619104473704,0.006924964679628831,7.387292639950832e-05,61.30845040889061,24415.512000000002,1278069.0,1088045.35,0.0006297628889493367,0.0004280347190992596,40,3.1999999999999997,30.080000000001746,9.400000000000546
MOMENTUM_REVERSAL_LOSING,RE-OPTIMIZED,2026-04-06 15:00:00.000000,2026-04-06 15:00:00.000000,2026-04-06 15:05:00.354013713,24437.27,24705.143200140392,CE,24400.0,ATM,7.520000000000437,8.26449955135701,0.744499551356574,1,50,376.0000000000218,37.2249775678287,-2.7750224321712977,9.90025999144323,True,TARGET_ACHIEVED,6.492990326813589,Momentum re-optimized,0.5,-0.05,0.2,0.02,0.4713767757764182,-0.04039926949103398,0.20890185844720502,0.019872691152158325,-0.028623224223581822,0.009600730508966024,0.008901858447205008,-0.00012730884784167493,61.30845040889061,24415.512000000002,1278069.0,1088045.35,0.0006297628889493367,0.0004280347190992596,40,3.1999999999999997,30.080000000001746,9.400000000000546
MULTI_TIMEFRAME_LOSING,FROZEN,2026-04-06 15:15:00.000000,2026-04-06 15:15:00.000000,2026-04-06 15:26:16.591632107,24415.36,24890.942233470865,PE,24400.0,ATM,7.520000000000437,8.264417976672206,0.7444179766717696,1,50,376.0000000000218,37.22089883358848,-2.7791011664115217,9.899175221698489,True,TARGET_ACHIEVED,7.665765133833801,Multi-timeframe frozen,0.5,-0.05,0.2,0.02,0.4806523899940126,-0.04282962937791287,0.20837692764945068,0.01716122936938898,-0.019347610005987392,0.007170370622087134,0.008376927649450666,-0.002838770630611019,49.278228198537086,24433.507999999998,1244768.0,1035742.25,-0.0002072036435081248,0.00283428137041603,40,3.1999999999999997,30.080000000001746,9.400000000000546
AI_ENHANCED_LOSING,FROZEN,2026-04-06 15:15:00.000000,2026-04-06 15:15:00.000000,2026-04-06 15:25:33.775202755,24415.36,24873.282810188754,PE,24400.0,ATM,7.520000000000437,8.23927347606226,0.719273476061824,1,50,376.0000000000218,35.9636738030912,-4.036326196908803,9.5648068625237,True,TARGET_ACHIEVED,9.496656513055001,AI enhanced frozen,0.5,-0.05,0.2,0.02,0.4785201665117009,-0.04583241081660987,0.1836601471397492,0.02204416295711825,-0.021479833488299127,0.004167589183390136,-0.016339852860250803,0.002044162957118248,49.278228198537086,24433.507999999998,1244768.0,1035742.25,-0.0002072036435081248,0.00283428137041603,40,3.1999999999999997,30.080000000001746,9.400000000000546
TREND_FOLLOWING_OPTIMIZED,FROZEN,2026-04-06 15:15:00.000000,2026-04-06 15:15:00.000000,2026-04-06 15:25:48.884081830,24415.36,24799.25055270827,PE,24400.0,ATM,7.520000000000437,8.155984290226534,0.6359842902260979,1,50,376.0000000000218,31.799214511304896,-8.200785488695104,8.457237901942301,True,TARGET_ACHIEVED,7.310618148683419,Trend frozen,0.5,-0.05,0.2,0.02,0.5119823403910588,-0.04218299613117541,0.21006679695127672,0.022790510128287846,0.011982340391058832,0.007817003868824592,0.010066796951276713,0.002790510128287845,49.278228198537086,24433.507999999998,1244768.0,1035742.25,-0.0002072036435081248,0.00283428137041603,40,3.1999999999999997,30.080000000001746,9.400000000000546
VOLUME_SPIKE_LOSING,FROZEN,2026-04-06 15:15:00.000000,2026-04-06 15:15:00.000000,2026-04-06 15:22:43.353356593,24415.36,24577.17298493591,PE,24400.0,ATM,7.520000000000437,8.339436107401106,0.8194361074006693,1,50,376.0000000000218,40.971805370033465,0.971805370033465,10.896756747348693,True,TARGET_ACHIEVED,8.84233302295594,Volume frozen,0.5,-0.05,0.2,0.02,0.49651860399973125,-0.04278035824001766,0.1904100956489517,0.018375226925768578,-0.003481396000268755,0.00721964175998234,-0.009589904351048312,-0.0016247730742314226,49.278228198537086,24433.507999999998,1244768.0,1035742.25,-0.0002072036435081248,0.00283428137041603,40,3.1999999999999997,30.080000000001746,9.400000000000546
HIGH_VOLUME_LOSING,FROZEN,2026-04-06 15:15:00.000000,2026-04-06 15:15:00.000000,2026-04-06 15:25:39.066801626,24415.36,24598.03892642154,PE,24400.0,ATM,7.520000000000437,8.08179911103812,0.5617991110376828,1,50,376.0000000000218,28.089955551884138,-11.910044448115862,7.4707328595432205,True,TARGET_ACHIEVED,5.9899352954911675,High volume frozen,0.5,-0.05,0.2,0.02,0.4636680702750198,-0.053644816148814965,0.18778416433006484,0.015181795906498593,-0.03633192972498023,-0.0036448161488149625,-0.012215835669935171,-0.0048182040935014075,49.278228198537086,24433.507999999998,1244768.0,1035742.25,-0.0002072036435081248,0.00283428137041603,40,3.1999999999999997,30.080000000001746,9.400000000000546
