timestamp,open,high,low,close,volume,vwap
2026-03-27 09:15:07.140822,23111.68,23120.84,23088.88,23112.27,808908,23108.42
2026-03-27 09:16:07.140822,23154.99,23199.39,23118.52,23130.42,1456960,23150.83
2026-03-27 09:17:07.140822,23146.34,23157.59,23143.37,23151.61,951158,23149.73
2026-03-27 09:18:07.140822,23173.62,23190.67,23048.12,23148.84,463113,23140.31
2026-03-27 09:19:07.140822,23157.48,23185.04,23066.67,23160.2,1029249,23142.35
2026-03-27 09:20:07.140822,23201.97,23222.81,23129.74,23193.04,1225783,23186.89
2026-03-27 09:21:07.140822,23192.44,23231.74,23169.08,23191.47,786341,23196.18
2026-03-27 09:22:07.140822,23187.69,23211.04,23133.92,23202.22,973314,23183.72
2026-03-27 09:23:07.140822,23186.18,23254.59,23141.48,23188.3,859200,23192.64
2026-03-27 09:24:07.140822,23205.4,23207.61,23181.86,23191.41,796779,23196.57
2026-03-27 09:25:07.140822,23291.3,23297.33,23194.01,23224.3,965053,23251.73
2026-03-27 09:26:07.140822,23228.89,23237.83,23199.1,23223.71,1168280,23222.38
2026-03-27 09:27:07.140822,23241.35,23245.18,23208.43,23239.69,1272028,23233.66
2026-03-27 09:28:07.140822,23212.27,23264.97,23193.88,23228.31,839136,23224.86
2026-03-27 09:29:07.140822,23265.42,23278.85,23207.14,23254.81,639622,23251.56
2026-03-27 09:30:07.140822,23267.63,23306.49,23257.55,23280.17,925387,23277.96
2026-03-27 09:31:07.140822,23297.29,23337.06,23285.35,23308.38,1212439,23307.02
2026-03-27 09:32:07.140822,23274.48,23356.9,23253.73,23329.48,1447129,23303.65
2026-03-27 09:33:07.140822,23276.15,23323.59,23268.64,23298.62,1627560,23291.75
2026-03-27 09:34:07.140822,23258.36,23286.7,23238.66,23280.1,1227315,23265.95
2026-03-27 09:35:07.140822,23239.74,23294.56,23229.84,23292.91,553615,23264.26
2026-03-27 09:36:07.140822,23199.79,23334.32,23199.41,23287.85,1142548,23255.34
2026-03-27 09:37:07.140822,23302.4,23335.73,23283.95,23304.67,794971,23306.69
2026-03-27 09:38:07.140822,23374.82,23414.77,23324.87,23332.03,1338537,23361.62
2026-03-27 09:39:07.140822,23373.71,23388.03,23310.04,23338.09,1095251,23352.47
2026-03-27 09:40:07.140822,23350.97,23395.34,23315.46,23370.34,1163133,23358.03
2026-03-27 09:41:07.140822,23390.02,23453.79,23366.44,23395.77,642385,23401.5
2026-03-27 09:42:07.140822,23428.05,23449.81,23422.11,23426.7,741725,23431.67
2026-03-27 09:43:07.140822,23449.05,23514.4,23410.12,23444.58,1396562,23454.54
2026-03-27 09:44:07.140822,23482.81,23500.29,23400.73,23444.65,996672,23457.12
2026-03-27 09:45:07.140822,23425.49,23443.86,23418.31,23428.86,648113,23429.13
2026-03-27 09:46:07.140822,23429.74,23442.31,23397.4,23434.89,952461,23426.08
2026-03-27 09:47:07.140822,23449.28,23468.93,23420.36,23449.73,925336,23447.08
2026-03-27 09:48:07.140822,23468.1,23476.92,23400.52,23446.89,824248,23448.11
2026-03-27 09:49:07.140822,23453.85,23463.93,23435.32,23449.98,1332287,23450.77
2026-03-27 09:50:07.140822,23452.05,23496.67,23443.14,23475.12,1188602,23466.75
2026-03-27 09:51:07.140822,23516.28,23555.2,23452.53,23503.27,846656,23506.82
2026-03-27 09:52:07.140822,23519.18,23532.6,23518.63,23521.03,792025,23522.86
2026-03-27 09:53:07.140822,23542.87,23563.7,23508.96,23527.92,1131054,23535.86
2026-03-27 09:54:07.140822,23571.59,23598.96,23536.35,23561.75,548466,23567.16
2026-03-27 09:55:07.140822,23566.57,23651.21,23504.85,23574.01,935496,23574.16
2026-03-27 09:56:07.140822,23488.89,23595.09,23477.83,23574.21,663921,23534.01
2026-03-27 09:57:07.140822,23643.78,23665.14,23597.66,23603.76,810903,23627.59
2026-03-27 09:58:07.140822,23633.34,23686.01,23556.8,23593.6,1046161,23617.44
2026-03-27 09:59:07.140822,23581.02,23597.72,23580.96,23585.8,816557,23586.38
2026-03-27 10:00:07.140822,23570.42,23591.73,23569.91,23590.39,1060293,23580.61
2026-03-27 10:01:07.140822,23540.05,23564.83,23525.06,23553.84,706357,23545.95
2026-03-27 10:02:07.140822,23611.88,23613.81,23553.63,23558.59,730834,23584.48
2026-03-27 10:03:07.140822,23575.91,23594.52,23548.53,23571.63,782127,23572.65
2026-03-27 10:04:07.140822,23578.92,23616.76,23533.34,23568.71,1328554,23574.43
2026-03-27 10:05:07.140822,23626.94,23650.98,23538.75,23574.91,866249,23597.89
2026-03-27 10:06:07.140822,23628.82,23673.91,23579.87,23605.93,1415330,23622.13
2026-03-27 10:07:07.140822,23565.37,23718.88,23547.78,23603.89,998018,23608.98
2026-03-27 10:08:07.140822,23649.64,23720.49,23629.67,23635.32,1108150,23658.78
2026-03-27 10:09:07.140822,23554.27,23658.49,23538.39,23614.11,1159020,23591.32
2026-03-27 10:10:07.140822,23622.96,23630.25,23596.45,23617.5,1049632,23616.79
2026-03-27 10:11:07.140822,23568.86,23657.92,23568.69,23600.34,1072442,23598.95
2026-03-27 10:12:07.140822,23683.36,23684.81,23639.06,23639.22,28659,23661.61
2026-03-27 10:13:07.140822,23656.63,23675.07,23617.96,23640.98,1355370,23647.66
2026-03-27 10:14:07.140822,23630.03,23662.92,23590.59,23621.9,849697,23626.36
2026-03-27 10:15:07.140822,23649.72,23663.74,23560.96,23633.07,793449,23626.87
2026-03-27 10:16:07.140822,23608.78,23620.99,23583.59,23608.93,868723,23605.57
2026-03-27 10:17:07.140822,23644.49,23661.45,23638.39,23642.26,1037919,23646.65
2026-03-27 10:18:07.140822,23647.94,23650.28,23587.98,23646.49,1177867,23633.17
2026-03-27 10:19:07.140822,23676.54,23680.75,23667.5,23672.03,929969,23674.2
2026-03-27 10:20:07.140822,23684.58,23706.89,23604.65,23647.45,781562,23660.89
2026-03-27 10:21:07.140822,23594.95,23646.85,23588.62,23638.58,967842,23617.25
2026-03-27 10:22:07.140822,23653.51,23667.99,23552.11,23602.74,541323,23619.09
2026-03-27 10:23:07.140822,23626.88,23712.79,23531.03,23585.39,529854,23614.02
2026-03-27 10:24:07.140822,23606.41,23625.78,23594.39,23625.71,1293839,23613.07
2026-03-27 10:25:07.140822,23687.06,23706.07,23615.52,23626.28,679354,23658.73
2026-03-27 10:26:07.140822,23622.64,23665.39,23597.28,23636.21,636300,23630.38
2026-03-27 10:27:07.140822,23615.89,23647.91,23584.25,23614.15,505270,23615.55
2026-03-27 10:28:07.140822,23648.68,23710.49,23567.27,23630.27,932700,23639.18
2026-03-27 10:29:07.140822,23633.22,23668.13,23614.93,23632.53,1153835,23637.2
2026-03-27 10:30:07.140822,23697.64,23715.0,23651.78,23672.85,682399,23684.32
2026-03-27 10:31:07.140822,23757.23,23786.48,23636.17,23689.54,1092069,23717.35
2026-03-27 10:32:07.140822,23691.97,23708.87,23691.55,23705.21,635856,23699.4
2026-03-27 10:33:07.140822,23707.06,23819.69,23700.77,23746.85,794389,23743.59
2026-03-27 10:34:07.140822,23723.4,23754.33,23651.4,23731.33,990897,23715.11
2026-03-27 10:35:07.140822,23810.81,23841.39,23753.46,23762.42,880702,23792.02
2026-03-27 10:36:07.140822,23790.4,23804.2,23771.62,23786.74,1226814,23788.24
2026-03-27 10:37:07.140822,23791.95,23814.69,23717.95,23786.98,1324198,23777.89
2026-03-27 10:38:07.140822,23782.89,23816.88,23763.89,23780.08,1034051,23785.93
2026-03-27 10:39:07.140822,23791.26,23795.35,23784.21,23786.98,113838,23789.45
2026-03-27 10:40:07.140822,23806.32,23808.81,23788.58,23808.36,571333,23803.02
2026-03-27 10:41:07.140822,23828.73,23838.38,23787.91,23832.17,1010144,23821.8
2026-03-27 10:42:07.140822,23817.72,23831.35,23802.58,23823.82,1068455,23818.87
2026-03-27 10:43:07.140822,23849.42,23900.38,23803.7,23845.31,698389,23849.7
2026-03-27 10:44:07.140822,23797.59,23885.81,23780.32,23836.47,764424,23825.05
2026-03-27 10:45:07.140822,23907.68,23925.59,23822.17,23862.97,679052,23879.6
2026-03-27 10:46:07.140822,23865.84,23888.28,23792.16,23870.09,1123651,23854.09
2026-03-27 10:47:07.140822,23869.9,23917.17,23819.01,23857.82,1656573,23865.97
2026-03-27 10:48:07.140822,23873.59,23875.98,23822.8,23870.52,1438331,23860.72
2026-03-27 10:49:07.140822,23871.47,23872.48,23840.81,23859.45,756237,23861.05
2026-03-27 10:50:07.140822,23874.06,23875.13,23804.95,23859.7,535793,23853.46
2026-03-27 10:51:07.140822,23927.54,23944.53,23830.41,23854.51,1210056,23889.24
2026-03-27 10:52:07.140822,23813.28,23872.87,23781.16,23839.96,880816,23826.82
2026-03-27 10:53:07.140822,23844.69,23856.15,23809.9,23842.37,759168,23838.28
2026-03-27 10:54:07.140822,23899.35,23909.9,23845.37,23866.18,1194419,23880.2
2026-03-27 10:55:07.140822,23847.47,23866.68,23815.01,23850.85,781017,23845.0
2026-03-27 10:56:07.140822,23813.87,23917.28,23765.84,23839.07,1199849,23834.01
2026-03-27 10:57:07.140822,23865.57,23878.33,23821.01,23844.69,904981,23852.4
2026-03-27 10:58:07.140822,23851.4,23897.03,23845.88,23856.59,1166860,23862.72
2026-03-27 10:59:07.140822,23839.47,23861.44,23828.91,23854.71,716108,23846.13
2026-03-27 11:00:07.140822,23872.26,23892.92,23831.73,23874.76,805715,23867.92
2026-03-27 11:01:07.140822,23825.53,23953.81,23809.28,23903.74,584793,23873.09
2026-03-27 11:02:07.140822,23935.73,23966.84,23849.19,23897.74,1454550,23912.38
2026-03-27 11:03:07.140822,23817.94,23887.07,23802.58,23836.18,842739,23835.94
2026-03-27 11:04:07.140822,23857.14,23874.63,23829.81,23839.61,738898,23850.3
2026-03-27 11:05:07.140822,23832.67,23833.53,23760.88,23802.69,1271288,23807.44
2026-03-27 11:06:07.140822,23824.98,23877.99,23789.91,23814.36,882232,23826.81
2026-03-27 11:07:07.140822,23826.25,23834.35,23817.19,23828.92,652234,23826.68
2026-03-27 11:08:07.140822,23847.56,23852.52,23847.34,23849.81,941587,23849.31
2026-03-27 11:09:07.140822,23866.0,23875.52,23832.73,23837.63,1523305,23852.97
2026-03-27 11:10:07.140822,23835.98,23859.89,23791.41,23848.42,871581,23833.92
2026-03-27 11:11:07.140822,23859.81,23865.25,23815.54,23854.8,1032489,23848.85
2026-03-27 11:12:07.140822,23890.29,23901.22,23857.1,23881.67,1238469,23882.57
2026-03-27 11:13:07.140822,23858.07,23923.15,23827.62,23883.59,1247404,23873.11
2026-03-27 11:14:07.140822,23840.28,23911.33,23828.68,23859.58,669021,23859.97
2026-03-27 11:15:07.140822,23890.47,23938.23,23870.29,23885.6,631155,23896.15
2026-03-27 11:16:07.140822,23915.18,23917.41,23909.76,23916.74,419832,23914.77
2026-03-27 11:17:07.140822,23921.48,23975.13,23884.98,23934.93,1038872,23929.13
2026-03-27 11:18:07.140822,23962.03,23983.58,23929.97,23950.23,658134,23956.45
2026-03-27 11:19:07.140822,23977.99,23989.48,23947.77,23964.33,875273,23969.89
2026-03-27 11:20:07.140822,24001.13,24012.97,23974.88,23977.78,1132262,23991.69
2026-03-27 11:21:07.140822,24036.75,24053.13,23965.29,23990.81,1104594,24011.49
2026-03-27 11:22:07.140822,24040.49,24083.11,23929.4,23988.3,758015,24010.33
2026-03-27 11:23:07.140822,23980.82,23989.99,23976.54,23977.75,781827,23981.27
2026-03-27 11:24:07.140822,23948.07,24011.13,23895.47,23978.83,497818,23958.38
2026-03-27 11:25:07.140822,23950.99,24028.7,23936.07,23999.58,792626,23978.84
2026-03-27 11:26:07.140822,24061.79,24106.14,23987.48,24019.77,839790,24043.79
2026-03-27 11:27:07.140822,23981.18,24036.07,23961.06,24005.72,1081516,23996.01
2026-03-27 11:28:07.140822,23993.87,23995.77,23953.66,23981.5,1041650,23981.2
2026-03-27 11:29:07.140822,23998.62,24000.79,23966.41,23993.08,1281953,23989.72
2026-03-27 11:30:07.140822,24045.54,24051.29,23917.31,23992.26,1033882,24001.6
2026-03-27 11:31:07.140822,24024.3,24094.72,23949.23,24009.13,1348102,24019.34
2026-03-27 11:32:07.140822,24023.12,24047.81,23915.09,24014.1,1026873,24000.03
2026-03-27 11:33:07.140822,23985.22,24027.71,23983.81,23995.23,1009811,23997.99
2026-03-27 11:34:07.140822,23993.38,24046.22,23953.0,24034.45,783887,24006.76
2026-03-27 11:35:07.140822,24038.35,24057.79,24002.4,24056.97,1159573,24038.88
2026-03-27 11:36:07.140822,24078.86,24089.09,24032.61,24059.79,1114054,24065.09
2026-03-27 11:37:07.140822,24084.63,24200.79,24061.12,24100.35,1238247,24111.72
2026-03-27 11:38:07.140822,24090.46,24137.15,24062.28,24099.61,697349,24097.37
2026-03-27 11:39:07.140822,24163.68,24178.96,24046.19,24094.83,860194,24120.91
2026-03-27 11:40:07.140822,24107.51,24192.54,24071.71,24123.85,1028995,24123.9
2026-03-27 11:41:07.140822,24148.75,24157.35,24143.67,24157.13,1901735,24151.73
2026-03-27 11:42:07.140822,24111.68,24163.42,24106.23,24161.34,483358,24135.67
2026-03-27 11:43:07.140822,24160.41,24168.95,24125.81,24163.78,1792759,24154.73
2026-03-27 11:44:07.140822,24176.17,24203.63,24118.28,24152.92,1201514,24162.75
2026-03-27 11:45:07.140822,24245.17,24256.74,24092.33,24162.44,1356848,24189.17
2026-03-27 11:46:07.140822,24161.59,24164.01,23978.5,24157.33,1497627,24115.36
2026-03-27 11:47:07.140822,24152.09,24170.26,24141.89,24157.87,1293949,24155.53
2026-03-27 11:48:07.140822,24187.36,24191.59,24148.95,24153.22,596751,24170.28
2026-03-27 11:49:07.140822,24170.09,24186.2,24150.57,24182.66,1219554,24172.38
2026-03-27 11:50:07.140822,24124.89,24178.5,24103.15,24161.47,1342407,24142.0
2026-03-27 11:51:07.140822,24161.67,24245.1,24123.24,24164.62,924361,24173.66
2026-03-27 11:52:07.140822,24164.14,24207.28,24162.11,24162.13,333717,24173.91
2026-03-27 11:53:07.140822,24193.13,24199.8,24190.07,24192.72,1074866,24193.93
2026-03-27 11:54:07.140822,24147.31,24174.62,24134.83,24174.47,1233965,24157.81
2026-03-27 11:55:07.140822,24153.39,24210.62,24126.08,24152.26,1103493,24160.59
2026-03-27 11:56:07.140822,24145.27,24186.81,24090.93,24157.9,568507,24145.23
2026-03-27 11:57:07.140822,24149.73,24173.72,24084.74,24164.94,822729,24143.28
2026-03-27 11:58:07.140822,24185.7,24226.25,24166.57,24187.65,1012567,24191.55
2026-03-27 11:59:07.140822,24178.31,24196.14,24152.47,24193.71,1018563,24180.16
2026-03-27 12:00:07.140822,24177.3,24212.78,24169.91,24189.78,1059341,24187.44
2026-03-27 12:01:07.140822,24209.77,24226.34,24201.54,24215.08,681079,24213.18
2026-03-27 12:02:07.140822,24267.93,24321.34,24218.17,24228.89,1120154,24259.08
2026-03-27 12:03:07.140822,24251.59,24267.42,24234.02,24262.92,1244501,24253.99
2026-03-27 12:04:07.140822,24254.24,24287.03,24252.35,24279.69,878989,24268.33
2026-03-27 12:05:07.140822,24307.24,24366.45,24271.03,24278.73,874630,24305.87
2026-03-27 12:06:07.140822,24276.01,24396.82,24260.63,24293.02,1378708,24306.62
2026-03-27 12:07:07.140822,24264.41,24294.14,24255.34,24281.94,965358,24273.96
2026-03-27 12:08:07.140822,24272.33,24295.4,24269.62,24269.63,1553398,24276.75
2026-03-27 12:09:07.140822,24316.82,24320.72,24279.6,24286.56,1168596,24300.92
2026-03-27 12:10:07.140822,24317.35,24352.35,24277.74,24325.04,817899,24318.12
2026-03-27 12:11:07.140822,24320.93,24349.39,24303.28,24317.99,1231945,24322.9
2026-03-27 12:12:07.140822,24289.98,24359.85,24269.7,24357.74,1170322,24319.32
2026-03-27 12:13:07.140822,24381.03,24400.56,24347.14,24358.51,811526,24371.81
2026-03-27 12:14:07.140822,24400.41,24406.8,24382.8,24386.87,1123236,24394.22
2026-03-27 12:15:07.140822,24384.33,24481.34,24325.83,24374.59,664611,24391.52
2026-03-27 12:16:07.140822,24348.38,24400.44,24307.98,24357.56,477655,24353.59
2026-03-27 12:17:07.140822,24413.17,24426.01,24275.62,24354.62,1145090,24367.36
2026-03-27 12:18:07.140822,24368.19,24380.71,24340.96,24371.46,422258,24365.33
2026-03-27 12:19:07.140822,24387.43,24390.45,24376.91,24379.86,472803,24383.66
2026-03-27 12:20:07.140822,24354.8,24404.84,24344.81,24373.02,1701949,24369.37
2026-03-27 12:21:07.140822,24329.34,24421.5,24322.3,24380.49,767234,24363.4
2026-03-27 12:22:07.140822,24323.08,24379.67,24299.6,24370.52,877863,24343.22
2026-03-27 12:23:07.140822,24369.7,24383.51,24365.34,24375.04,1188147,24373.4
2026-03-27 12:24:07.140822,24375.86,24392.56,24365.44,24380.89,1230068,24378.69
2026-03-27 12:25:07.140822,24389.77,24400.58,24302.3,24385.03,768666,24369.42
2026-03-27 12:26:07.140822,24472.51,24486.57,24325.99,24374.53,569432,24414.9
2026-03-27 12:27:07.140822,24348.49,24408.69,24280.85,24365.89,1082390,24350.98
2026-03-27 12:28:07.140822,24335.08,24345.25,24331.46,24336.08,970248,24336.97
2026-03-27 12:29:07.140822,24319.66,24382.36,24310.88,24340.44,592166,24338.34
2026-03-27 12:30:07.140822,24304.07,24356.7,24214.79,24354.77,1235084,24307.58
2026-03-27 12:31:07.140822,24394.0,24424.73,24363.05,24375.62,1111451,24389.35
2026-03-27 12:32:07.140822,24446.9,24455.71,24339.28,24382.92,1314539,24406.2
2026-03-27 12:33:07.140822,24380.35,24439.99,24336.83,24379.27,1639741,24384.11
2026-03-27 12:34:07.140822,24314.22,24402.87,24309.74,24372.76,1423908,24349.9
2026-03-27 12:35:07.140822,24347.05,24364.7,24338.92,24344.24,1026522,24348.73
2026-03-27 12:36:07.140822,24365.51,24417.99,24301.84,24377.27,965329,24365.65
2026-03-27 12:37:07.140822,24426.48,24440.07,24334.25,24391.6,1161911,24398.1
2026-03-27 12:38:07.140822,24407.09,24491.55,24394.14,24431.56,1198874,24431.08
2026-03-27 12:39:07.140822,24434.35,24475.01,24428.37,24429.56,999683,24441.83
2026-03-27 12:40:07.140822,24484.06,24488.96,24437.83,24452.26,998935,24465.78
2026-03-27 12:41:07.140822,24439.13,24453.51,24419.52,24439.38,1043064,24437.88
2026-03-27 12:42:07.140822,24455.71,24458.88,24419.25,24454.17,1020800,24447.0
2026-03-27 12:43:07.140822,24439.46,24441.18,24427.28,24439.33,643090,24436.81
2026-03-27 12:44:07.140822,24468.1,24505.86,24431.16,24460.44,628130,24466.39
2026-03-27 12:45:07.140822,24478.77,24505.2,24476.5,24483.46,542326,24485.98
2026-03-27 12:46:07.140822,24496.48,24497.45,24470.91,24475.09,1336574,24484.98
2026-03-27 12:47:07.140822,24492.01,24512.96,24413.69,24459.13,1108160,24469.45
2026-03-27 12:48:07.140822,24397.82,24472.06,24374.85,24459.68,1083423,24426.1
2026-03-27 12:49:07.140822,24512.2,24514.33,24436.64,24448.7,848359,24477.97
2026-03-27 12:50:07.140822,24507.36,24526.7,24433.24,24465.76,887180,24483.26
2026-03-27 12:51:07.140822,24506.49,24511.85,24424.7,24459.25,1538548,24475.57
2026-03-27 12:52:07.140822,24473.14,24474.38,24461.46,24467.9,853828,24469.22
2026-03-27 12:53:07.140822,24444.33,24531.73,24397.99,24469.43,963533,24460.87
2026-03-27 12:54:07.140822,24577.15,24614.9,24456.49,24502.05,1009386,24537.65
2026-03-27 12:55:07.140822,24500.66,24585.5,24460.37,24483.81,659617,24507.59
2026-03-27 12:56:07.140822,24474.06,24511.09,24453.03,24477.67,1244838,24478.96
2026-03-27 12:57:07.140822,24484.38,24531.06,24455.47,24507.67,958804,24494.64
2026-03-27 12:58:07.140822,24511.81,24532.3,24471.97,24505.11,937720,24505.3
2026-03-27 12:59:07.140822,24525.84,24541.96,24514.39,24526.24,1111646,24527.11
2026-03-27 13:00:07.140822,24540.79,24566.26,24503.77,24529.85,1197824,24535.17
2026-03-27 13:01:07.140822,24524.49,24560.41,24468.26,24536.31,699536,24522.37
2026-03-27 13:02:07.140822,24478.05,24567.77,24464.83,24553.06,646138,24515.93
2026-03-27 13:03:07.140822,24525.7,24573.15,24503.07,24566.7,917867,24542.16
2026-03-27 13:04:07.140822,24567.75,24567.91,24490.94,24555.66,1302734,24545.56
2026-03-27 13:05:07.140822,24595.61,24654.63,24522.71,24557.93,1335810,24582.72
2026-03-27 13:06:07.140822,24512.67,24546.72,24504.47,24529.51,861949,24523.34
2026-03-27 13:07:07.140822,24601.98,24618.86,24482.91,24514.08,1076085,24554.46
2026-03-27 13:08:07.140822,24503.6,24545.96,24497.94,24522.6,1111693,24517.52
2026-03-27 13:09:07.140822,24519.38,24533.75,24496.75,24523.17,1185414,24518.26
2026-03-27 13:10:07.140822,24474.83,24531.56,24459.23,24522.32,1150152,24496.98
2026-03-27 13:11:07.140822,24539.23,24580.34,24527.14,24568.47,744388,24553.8
2026-03-27 13:12:07.140822,24533.18,24637.13,24490.64,24550.67,1414336,24552.9
2026-03-27 13:13:07.140822,24610.55,24648.46,24559.66,24560.18,1144458,24594.71
2026-03-27 13:14:07.140822,24540.39,24622.65,24498.6,24565.29,485342,24556.73
2026-03-27 13:15:07.140822,24592.74,24594.23,24541.31,24560.92,1111523,24572.3
2026-03-27 13:16:07.140822,24587.64,24607.21,24558.88,24590.19,868621,24585.98
2026-03-27 13:17:07.140822,24590.72,24604.54,24575.76,24584.08,816938,24588.77
2026-03-27 13:18:07.140822,24542.99,24585.81,24478.77,24546.16,991714,24538.43
2026-03-27 13:19:07.140822,24589.88,24594.91,24536.68,24538.71,697513,24565.04
2026-03-27 13:20:07.140822,24560.58,24562.61,24543.97,24554.95,942306,24555.52
2026-03-27 13:21:07.140822,24537.82,24626.72,24527.12,24566.64,241442,24564.57
2026-03-27 13:22:07.140822,24537.9,24582.05,24498.79,24569.26,1037251,24547.0
2026-03-27 13:23:07.140822,24586.28,24632.87,24578.85,24615.25,1193727,24603.31
2026-03-27 13:24:07.140822,24620.37,24623.06,24550.02,24597.98,1055819,24597.86
2026-03-27 13:25:07.140822,24557.86,24568.12,24549.69,24558.96,683871,24558.66
2026-03-27 13:26:07.140822,24590.69,24646.2,24562.43,24576.14,993419,24593.87
2026-03-27 13:27:07.140822,24527.92,24582.6,24523.3,24547.38,769827,24545.3
2026-03-27 13:28:07.140822,24569.98,24584.28,24493.32,24539.62,1247879,24546.8
2026-03-27 13:29:07.140822,24570.99,24573.77,24544.53,24549.0,1086085,24559.57
2026-03-27 13:30:07.140822,24519.0,24602.92,24427.52,24534.53,980709,24520.99
2026-03-27 13:31:07.140822,24530.17,24552.53,24490.2,24508.7,913738,24520.4
2026-03-27 13:32:07.140822,24469.05,24518.19,24455.77,24504.5,1212790,24486.88
2026-03-27 13:33:07.140822,24491.08,24511.29,24472.34,24509.13,814498,24495.96
2026-03-27 13:34:07.140822,24487.63,24625.55,24478.14,24527.9,923618,24529.8
2026-03-27 13:35:07.140822,24538.33,24553.66,24525.67,24534.51,653736,24538.04
2026-03-27 13:36:07.140822,24552.94,24566.26,24518.95,24533.27,809873,24542.86
2026-03-27 13:37:07.140822,24503.86,24579.98,24497.53,24538.07,1178760,24529.86
2026-03-27 13:38:07.140822,24508.33,24576.58,24494.42,24548.54,947602,24531.97
2026-03-27 13:39:07.140822,24556.06,24585.32,24512.34,24568.33,777354,24555.51
2026-03-27 13:40:07.140822,24620.16,24621.67,24600.34,24602.59,909077,24611.19
2026-03-27 13:41:07.140822,24644.45,24656.87,24615.32,24638.14,1106726,24638.69
2026-03-27 13:42:07.140822,24545.74,24621.85,24530.29,24610.22,873387,24577.03
2026-03-27 13:43:07.140822,24597.68,24616.16,24566.13,24585.17,1320344,24591.29
2026-03-27 13:44:07.140822,24572.46,24577.61,24552.66,24565.18,888576,24566.98
2026-03-27 13:45:07.140822,24568.37,24611.81,24561.94,24576.83,1362305,24579.74
2026-03-27 13:46:07.140822,24617.08,24646.15,24526.26,24584.34,1140662,24593.46
2026-03-27 13:47:07.140822,24580.3,24645.68,24576.02,24584.86,1192782,24596.71
2026-03-27 13:48:07.140822,24605.26,24621.91,24594.29,24615.09,1034161,24609.14
2026-03-27 13:49:07.140822,24630.67,24643.95,24623.04,24629.03,1402306,24631.67
2026-03-27 13:50:07.140822,24598.27,24697.15,24580.51,24632.29,1135557,24627.06
2026-03-27 13:51:07.140822,24643.51,24691.43,24617.34,24640.83,312379,24648.28
2026-03-27 13:52:07.140822,24669.88,24705.55,24626.83,24657.13,805639,24664.85
2026-03-27 13:53:07.140822,24662.98,24671.54,24659.34,24671.52,1070649,24666.34
2026-03-27 13:54:07.140822,24677.22,24707.64,24616.07,24668.11,1465340,24667.26
2026-03-27 13:55:07.140822,24674.39,24683.58,24637.73,24669.88,769876,24666.39
2026-03-27 13:56:07.140822,24653.84,24692.27,24640.83,24661.51,1192984,24662.11
2026-03-27 13:57:07.140822,24680.86,24685.68,24633.38,24668.93,496899,24667.21
2026-03-27 13:58:07.140822,24638.61,24702.66,24634.03,24686.65,834408,24665.49
2026-03-27 13:59:07.140822,24697.38,24698.91,24666.23,24693.65,989069,24689.04
2026-03-27 14:00:07.140822,24712.89,24714.48,24658.17,24686.54,986245,24693.02
2026-03-27 14:01:07.140822,24669.1,24733.99,24664.03,24689.86,1349377,24689.24
2026-03-27 14:02:07.140822,24742.78,24779.31,24682.53,24704.26,702596,24727.22
2026-03-27 14:03:07.140822,24668.63,24733.41,24650.61,24710.22,797114,24690.72
2026-03-27 14:04:07.140822,24727.66,24730.39,24648.83,24687.3,1032194,24698.54
2026-03-27 14:05:07.140822,24686.27,24707.31,24601.08,24691.41,1445622,24671.52
2026-03-27 14:06:07.140822,24691.8,24746.3,24685.06,24726.72,1429281,24712.47
2026-03-27 14:07:07.140822,24699.04,24742.31,24692.63,24729.97,1070603,24715.99
2026-03-27 14:08:07.140822,24742.18,24768.38,24716.31,24735.51,1247457,24740.59
2026-03-27 14:09:07.140822,24767.43,24776.92,24750.67,24756.67,939088,24762.92
2026-03-27 14:10:07.140822,24705.21,24766.11,24645.81,24739.8,829322,24714.23
2026-03-27 14:11:07.140822,24746.37,24767.83,24689.25,24729.27,1429121,24733.18
2026-03-27 14:12:07.140822,24878.45,24887.07,24629.2,24738.46,1137086,24783.29
2026-03-27 14:13:07.140822,24709.24,24773.56,24656.92,24718.19,854399,24714.48
2026-03-27 14:14:07.140822,24682.28,24761.15,24670.43,24735.32,878118,24712.3
2026-03-27 14:15:07.140822,24701.19,24746.14,24693.62,24721.08,525744,24715.51
2026-03-27 14:16:07.140822,24724.07,24731.09,24713.97,24714.38,664333,24720.88
2026-03-27 14:17:07.140822,24688.52,24726.91,24647.2,24695.64,612087,24689.57
2026-03-27 14:18:07.140822,24657.59,24706.27,24615.58,24690.03,90567,24667.37
2026-03-27 14:19:07.140822,24730.85,24737.84,24729.36,24735.71,804931,24733.44
2026-03-27 14:20:07.140822,24781.41,24818.24,24736.18,24777.64,657336,24778.37
2026-03-27 14:21:07.140822,24765.98,24799.77,24750.61,24763.64,1437740,24770.0
2026-03-27 14:22:07.140822,24682.33,24780.99,24672.51,24759.95,611516,24723.95
2026-03-27 14:23:07.140822,24794.67,24888.04,24770.39,24771.21,1372575,24806.08
2026-03-27 14:24:07.140822,24793.14,24810.33,24761.74,24794.4,1109002,24789.91
2026-03-27 14:25:07.140822,24795.67,24797.87,24793.69,24795.3,1039608,24795.63
2026-03-27 14:26:07.140822,24840.7,24849.23,24738.75,24793.02,872172,24805.43
2026-03-27 14:27:07.140822,24770.84,24853.76,24745.77,24792.01,386049,24790.6
2026-03-27 14:28:07.140822,24787.62,24814.83,24737.61,24777.1,1071554,24779.29
2026-03-27 14:29:07.140822,24763.31,24859.33,24749.87,24751.83,1158782,24781.08
2026-03-27 14:30:07.140822,24783.58,24794.69,24625.88,24717.32,1135714,24730.37
2026-03-27 14:31:07.140822,24632.69,24673.42,24623.65,24666.91,928484,24649.17
2026-03-27 14:32:07.140822,24674.16,24795.95,24650.99,24679.73,803733,24700.21
2026-03-27 14:33:07.140822,24686.6,24700.38,24680.9,24681.09,1128302,24687.24
2026-03-27 14:34:07.140822,24604.23,24691.39,24598.54,24660.38,1319947,24638.63
2026-03-27 14:35:07.140822,24688.62,24697.02,24579.98,24664.04,1679146,24657.42
2026-03-27 14:36:07.140822,24730.96,24741.58,24656.02,24673.72,700502,24700.57
2026-03-27 14:37:07.140822,24764.19,24776.53,24655.12,24692.75,1095363,24722.15
2026-03-27 14:38:07.140822,24712.18,24739.82,24687.38,24698.23,998097,24709.4
2026-03-27 14:39:07.140822,24743.3,24756.23,24695.6,24704.13,1168914,24724.82
2026-03-27 14:40:07.140822,24772.1,24870.96,24669.16,24731.27,1012717,24760.88
2026-03-27 14:41:07.140822,24720.34,24753.13,24716.82,24719.1,1006345,24727.35
2026-03-27 14:42:07.140822,24706.74,24762.76,24698.27,24741.56,554211,24727.33
2026-03-27 14:43:07.140822,24702.48,24746.04,24647.13,24722.01,965069,24704.41
2026-03-27 14:44:07.140822,24674.64,24796.25,24667.22,24743.48,587446,24720.4
2026-03-27 14:45:07.140822,24741.51,24772.56,24685.62,24726.45,489352,24731.54
2026-03-27 14:46:07.140822,24727.43,24753.02,24686.73,24742.1,1146587,24727.32
2026-03-27 14:47:07.140822,24743.13,24787.0,24704.18,24756.02,944833,24747.58
2026-03-27 14:48:07.140822,24774.75,24800.15,24698.54,24774.91,837412,24762.09
2026-03-27 14:49:07.140822,24784.59,24794.76,24775.64,24792.04,998214,24786.76
2026-03-27 14:50:07.140822,24792.82,24867.32,24791.39,24808.88,800964,24815.1
2026-03-27 14:51:07.140822,24826.52,24838.0,24794.58,24814.17,1233071,24818.32
2026-03-27 14:52:07.140822,24846.33,24852.76,24801.92,24819.58,990850,24830.15
2026-03-27 14:53:07.140822,24787.59,24797.44,24740.23,24794.85,605587,24780.03
2026-03-27 14:54:07.140822,24799.94,24822.6,24785.74,24791.31,1492148,24799.9
2026-03-27 14:55:07.140822,24789.55,24882.99,24758.32,24782.14,989785,24803.25
2026-03-27 14:56:07.140822,24783.74,24804.27,24731.55,24763.92,877491,24770.87
2026-03-27 14:57:07.140822,24748.08,24819.63,24659.65,24777.14,817416,24751.13
2026-03-27 14:58:07.140822,24795.72,24797.72,24724.17,24772.9,942663,24772.63
2026-03-27 14:59:07.140822,24717.1,24777.67,24716.93,24777.38,1100513,24747.27
2026-03-27 15:00:07.140822,24785.64,24787.11,24728.73,24763.92,1558340,24766.35
2026-03-27 15:01:07.140822,24751.18,24781.39,24748.31,24752.29,1328025,24758.29
2026-03-27 15:02:07.140822,24691.13,24770.82,24661.25,24740.41,1220062,24715.9
2026-03-27 15:03:07.140822,24728.88,24815.03,24727.02,24774.88,1240955,24761.45
2026-03-27 15:04:07.140822,24712.03,24733.33,24711.65,24733.21,452385,24722.56
2026-03-27 15:05:07.140822,24875.24,24889.83,24669.54,24742.76,1245445,24794.34
2026-03-27 15:06:07.140822,24792.33,24792.53,24735.71,24758.05,970928,24769.66
2026-03-27 15:07:07.140822,24742.99,24836.12,24730.19,24733.18,1107641,24760.62
2026-03-27 15:08:07.140822,24761.15,24761.76,24758.35,24760.4,792184,24760.41
2026-03-27 15:09:07.140822,24815.45,24848.51,24758.13,24765.63,638301,24796.93
2026-03-27 15:10:07.140822,24703.87,24839.07,24670.54,24787.91,906261,24750.35
2026-03-27 15:11:07.140822,24820.62,24824.95,24753.82,24809.46,654790,24802.21
2026-03-27 15:12:07.140822,24801.57,24867.14,24768.36,24824.4,931863,24815.37
2026-03-27 15:13:07.140822,24880.93,24888.54,24825.95,24850.45,1234407,24861.47
2026-03-27 15:14:07.140822,24897.58,24917.91,24861.61,24863.88,1438859,24885.25
2026-03-27 15:15:07.140822,24840.03,24933.47,24824.05,24873.99,1366909,24867.88
2026-03-27 15:16:07.140822,24814.11,24903.2,24812.0,24875.45,924838,24851.19
2026-03-27 15:17:07.140822,24893.31,24904.16,24838.16,24879.25,1268293,24878.72
2026-03-27 15:18:07.140822,24799.11,24948.47,24724.78,24892.57,1094959,24841.23
2026-03-27 15:19:07.140822,24881.57,24923.27,24877.51,24887.61,1771751,24892.49
2026-03-27 15:20:07.140822,24826.96,24897.93,24819.6,24887.46,1675044,24857.99
2026-03-27 15:21:07.140822,24862.02,24917.83,24860.93,24899.42,1015553,24885.05
2026-03-27 15:22:07.140822,24946.9,24957.73,24908.84,24910.6,1220583,24931.02
2026-03-30 09:15:00.000000,23092.88,23136.52,23061.94,23076.68,790685,23092.0
2026-03-30 09:16:00.000000,23061.3,23142.42,23052.21,23081.19,1492112,23084.28
2026-03-30 09:17:00.000000,23085.77,23111.13,23042.77,23058.85,428040,23074.63
2026-03-30 09:18:00.000000,23096.44,23106.91,23083.4,23086.34,832477,23093.28
2026-03-30 09:19:00.000000,23070.1,23094.26,23010.13,23076.77,741374,23062.82
2026-03-30 09:20:00.000000,23131.88,23136.94,23066.71,23093.39,1490011,23107.23
2026-03-30 09:21:00.000000,23152.66,23152.8,23026.74,23107.41,937435,23109.9
2026-03-30 09:22:00.000000,23124.32,23179.62,23069.13,23117.2,795446,23122.57
2026-03-30 09:23:00.000000,23085.7,23146.97,23075.2,23097.63,890328,23101.37
2026-03-30 09:24:00.000000,23155.08,23213.39,23065.27,23124.23,1077570,23139.49
2026-03-30 09:25:00.000000,23112.71,23171.19,23111.79,23129.33,1056462,23131.26
2026-03-30 09:26:00.000000,23115.66,23188.29,23070.85,23154.5,514826,23132.32
2026-03-30 09:27:00.000000,23125.39,23137.05,23118.23,23122.23,1316743,23125.73
2026-03-30 09:28:00.000000,23145.81,23167.85,23105.9,23125.06,531772,23136.15
2026-03-30 09:29:00.000000,23126.14,23151.3,23104.52,23124.11,694171,23126.52
2026-03-30 09:30:00.000000,23126.58,23137.45,23100.3,23117.11,1222357,23120.36
2026-03-30 09:31:00.000000,23157.22,23185.3,23115.44,23130.35,876948,23147.08
2026-03-30 09:32:00.000000,23138.24,23163.72,23129.53,23140.17,1125496,23142.92
2026-03-30 09:33:00.000000,23110.96,23180.56,23104.61,23170.13,1031377,23141.57
2026-03-30 09:34:00.000000,23180.22,23215.06,23148.05,23171.52,1103656,23178.71
2026-03-30 09:35:00.000000,23196.08,23208.0,23153.6,23174.67,649986,23183.08
2026-03-30 09:36:00.000000,23169.58,23256.65,23162.4,23169.99,964735,23189.66
2026-03-30 09:37:00.000000,23175.97,23199.69,23164.49,23185.25,920475,23181.35
2026-03-30 09:38:00.000000,23183.49,23263.07,23078.13,23209.79,1192013,23183.62
2026-03-30 09:39:00.000000,23227.67,23241.37,23197.28,23201.55,1403981,23216.97
2026-03-30 09:40:00.000000,23134.71,23229.16,23133.38,23195.47,1242573,23173.18
2026-03-30 09:41:00.000000,23186.51,23236.93,23177.16,23180.02,1296603,23195.16
2026-03-30 09:42:00.000000,23185.89,23209.71,23173.47,23204.36,871488,23193.36
2026-03-30 09:43:00.000000,23228.89,23258.48,23199.33,23237.24,849021,23230.98
2026-03-30 09:44:00.000000,23195.97,23240.3,23186.46,23227.4,958312,23212.53
2026-03-30 09:45:00.000000,23262.71,23282.6,23238.05,23246.91,1046530,23257.57
2026-03-30 09:46:00.000000,23187.04,23262.16,23161.47,23242.97,834853,23213.41
2026-03-30 09:47:00.000000,23269.34,23273.6,23206.6,23235.46,1031508,23246.25
2026-03-30 09:48:00.000000,23248.69,23294.35,23238.88,23270.31,807995,23263.06
2026-03-30 09:49:00.000000,23265.02,23339.72,23252.29,23264.72,682870,23280.44
2026-03-30 09:50:00.000000,23273.05,23333.85,23204.51,23288.1,1240796,23274.88
2026-03-30 09:51:00.000000,23274.17,23307.42,23256.42,23285.02,730157,23280.76
2026-03-30 09:52:00.000000,23287.3,23295.86,23269.63,23290.84,953312,23285.91
2026-03-30 09:53:00.000000,23251.55,23316.07,23204.23,23303.87,580449,23268.93
2026-03-30 09:54:00.000000,23267.61,23335.17,23240.38,23301.16,643221,23286.08
2026-03-30 09:55:00.000000,23367.76,23385.32,23260.56,23310.46,1098198,23331.03
2026-03-30 09:56:00.000000,23308.79,23320.5,23262.55,23297.94,908532,23297.45
2026-03-30 09:57:00.000000,23312.0,23349.2,23229.95,23310.18,801409,23300.33
2026-03-30 09:58:00.000000,23317.61,23331.12,23277.2,23312.42,1238426,23309.59
2026-03-30 09:59:00.000000,23267.63,23329.73,23262.68,23321.51,908307,23295.39
2026-03-30 10:00:00.000000,23328.28,23356.39,23307.3,23347.24,563015,23334.8
2026-03-30 10:01:00.000000,23304.36,23367.68,23290.02,23339.2,946004,23325.32
2026-03-30 10:02:00.000000,23353.8,23391.18,23327.07,23362.38,1054306,23358.61
2026-03-30 10:03:00.000000,23378.89,23379.67,23365.14,23372.39,1126029,23374.02
2026-03-30 10:04:00.000000,23386.8,23421.16,23374.33,23402.43,989867,23396.18
2026-03-30 10:05:00.000000,23377.95,23416.75,23374.71,23412.88,993747,23395.57
2026-03-30 10:06:00.000000,23506.86,23519.11,23424.79,23456.93,1217980,23476.93
2026-03-30 10:07:00.000000,23470.4,23526.19,23431.09,23464.66,1105171,23473.09
2026-03-30 10:08:00.000000,23490.34,23523.05,23421.13,23461.55,1620806,23474.01
2026-03-30 10:09:00.000000,23470.68,23491.6,23442.31,23487.49,1568693,23473.02
2026-03-30 10:10:00.000000,23491.47,23528.5,23459.02,23491.54,1188146,23492.63
2026-03-30 10:11:00.000000,23478.1,23516.86,23473.13,23474.31,774005,23485.6
2026-03-30 10:12:00.000000,23429.68,23532.16,23365.39,23460.1,777476,23446.83
2026-03-30 10:13:00.000000,23510.85,23517.06,23437.73,23468.18,782727,23483.46
2026-03-30 10:14:00.000000,23516.23,23582.91,23486.07,23495.82,722954,23520.26
2026-03-30 10:15:00.000000,23489.04,23552.02,23469.43,23518.36,850831,23507.21
2026-03-30 10:16:00.000000,23564.94,23634.59,23504.01,23538.14,892810,23560.42
2026-03-30 10:17:00.000000,23526.74,23586.77,23496.92,23547.4,672114,23539.46
2026-03-30 10:18:00.000000,23541.32,23556.73,23531.79,23548.03,932851,23544.47
2026-03-30 10:19:00.000000,23575.59,23651.0,23559.69,23567.0,1369563,23588.32
2026-03-30 10:20:00.000000,23589.33,23606.53,23576.68,23579.36,392903,23587.98
2026-03-30 10:21:00.000000,23573.12,23627.32,23564.12,23598.06,679542,23590.65
2026-03-30 10:22:00.000000,23695.71,23715.48,23588.66,23627.9,606776,23656.94
2026-03-30 10:23:00.000000,23586.67,23648.37,23578.96,23636.69,518418,23612.67
2026-03-30 10:24:00.000000,23641.79,23688.84,23607.78,23653.68,913169,23648.02
2026-03-30 10:25:00.000000,23586.38,23704.39,23565.97,23624.77,1219773,23620.38
2026-03-30 10:26:00.000000,23606.3,23648.89,23597.95,23644.2,870526,23624.34
2026-03-30 10:27:00.000000,23637.66,23679.36,23637.38,23638.57,1608339,23648.25
2026-03-30 10:28:00.000000,23579.88,23606.17,23577.79,23605.02,688301,23592.21
2026-03-30 10:29:00.000000,23613.33,23639.14,23570.49,23576.68,1260118,23599.91
2026-03-30 10:30:00.000000,23597.8,23660.76,23586.07,23601.41,1057110,23611.51
2026-03-30 10:31:00.000000,23630.44,23639.07,23584.86,23606.66,972507,23615.26
2026-03-30 10:32:00.000000,23620.98,23686.73,23492.33,23607.4,590675,23601.86
2026-03-30 10:33:00.000000,23609.31,23628.95,23596.15,23616.7,1021538,23612.78
2026-03-30 10:34:00.000000,23643.23,23671.54,23601.89,23616.98,1149006,23633.41
2026-03-30 10:35:00.000000,23630.49,23650.77,23568.99,23610.39,953489,23615.16
2026-03-30 10:36:00.000000,23615.95,23619.38,23562.33,23574.95,1131042,23593.15
2026-03-30 10:37:00.000000,23561.43,23615.22,23557.25,23559.97,659576,23573.46
2026-03-30 10:38:00.000000,23508.24,23580.25,23455.17,23553.46,306634,23524.28
2026-03-30 10:39:00.000000,23570.78,23583.39,23551.7,23557.18,1067535,23565.76
2026-03-30 10:40:00.000000,23544.84,23573.25,23538.6,23567.81,1229016,23556.12
2026-03-30 10:41:00.000000,23523.81,23588.52,23521.56,23564.33,1233665,23549.55
2026-03-30 10:42:00.000000,23521.6,23575.64,23515.6,23554.91,869700,23541.94
2026-03-30 10:43:00.000000,23525.26,23546.45,23518.53,23544.77,776216,23533.75
2026-03-30 10:44:00.000000,23542.87,23575.85,23510.42,23539.12,1444666,23542.07
2026-03-30 10:45:00.000000,23579.09,23611.37,23518.96,23527.53,1407096,23559.24
2026-03-30 10:46:00.000000,23559.81,23571.09,23430.06,23511.34,1041316,23518.07
2026-03-30 10:47:00.000000,23528.36,23550.82,23506.47,23512.18,1075092,23524.46
2026-03-30 10:48:00.000000,23462.24,23515.35,23448.3,23508.93,1281090,23483.7
2026-03-30 10:49:00.000000,23511.33,23532.91,23503.9,23512.08,1229542,23515.05
2026-03-30 10:50:00.000000,23558.58,23560.64,23521.56,23530.44,1178700,23542.8
2026-03-30 10:51:00.000000,23505.39,23563.37,23486.41,23532.64,731558,23521.96
2026-03-30 10:52:00.000000,23509.77,23518.62,23506.16,23508.52,1097503,23510.77
2026-03-30 10:53:00.000000,23547.77,23557.15,23484.0,23529.61,1060726,23529.63
2026-03-30 10:54:00.000000,23550.07,23572.92,23525.2,23538.2,1564436,23546.6
2026-03-30 10:55:00.000000,23553.55,23562.16,23463.06,23551.26,1239505,23532.51
2026-03-30 10:56:00.000000,23563.53,23572.27,23541.8,23553.56,1021181,23557.79
2026-03-30 10:57:00.000000,23524.8,23575.67,23503.14,23559.05,898394,23540.67
2026-03-30 10:58:00.000000,23582.22,23591.3,23576.74,23584.74,690783,23583.75
2026-03-30 10:59:00.000000,23574.84,23580.89,23557.4,23572.4,1552684,23571.38
2026-03-30 11:00:00.000000,23639.03,23665.96,23553.21,23583.77,932852,23610.5
2026-03-30 11:01:00.000000,23538.74,23605.25,23529.11,23589.36,857990,23565.61
2026-03-30 11:02:00.000000,23577.39,23589.44,23561.07,23588.66,842124,23579.14
2026-03-30 11:03:00.000000,23586.28,23601.89,23533.57,23597.94,1787885,23579.92
2026-03-30 11:04:00.000000,23600.29,23696.67,23526.02,23598.4,1136723,23605.35
2026-03-30 11:05:00.000000,23589.56,23607.13,23570.55,23577.2,704391,23586.11
2026-03-30 11:06:00.000000,23589.25,23603.83,23554.86,23558.43,868657,23576.59
2026-03-30 11:07:00.000000,23477.5,23570.05,23468.54,23551.68,586952,23516.94
2026-03-30 11:08:00.000000,23562.04,23624.3,23538.49,23552.59,1528415,23569.35
2026-03-30 11:09:00.000000,23529.44,23565.86,23505.38,23549.1,1826875,23537.44
2026-03-30 11:10:00.000000,23580.75,23581.0,23570.23,23570.9,795032,23575.72
2026-03-30 11:11:00.000000,23537.13,23557.52,23517.61,23554.43,1389253,23541.68
2026-03-30 11:12:00.000000,23557.03,23620.11,23533.37,23555.68,1190587,23566.55
2026-03-30 11:13:00.000000,23546.49,23558.03,23539.2,23554.16,1301263,23549.47
2026-03-30 11:14:00.000000,23542.5,23552.5,23509.36,23530.88,1420623,23533.81
2026-03-30 11:15:00.000000,23553.5,23566.43,23485.81,23546.44,1609098,23538.05
2026-03-30 11:16:00.000000,23496.74,23547.08,23471.69,23540.22,852985,23513.93
2026-03-30 11:17:00.000000,23535.23,23587.07,23534.44,23561.17,1129827,23554.48
2026-03-30 11:18:00.000000,23552.56,23608.95,23538.29,23566.97,1120940,23566.69
2026-03-30 11:19:00.000000,23589.38,23595.89,23581.62,23594.03,1630417,23590.23
2026-03-30 11:20:00.000000,23593.4,23598.06,23554.91,23559.6,878582,23576.49
2026-03-30 11:21:00.000000,23640.91,23657.62,23521.27,23568.79,717198,23597.15
2026-03-30 11:22:00.000000,23571.81,23603.31,23570.4,23570.53,781980,23579.01
2026-03-30 11:23:00.000000,23575.15,23589.29,23522.44,23577.64,1040804,23566.13
2026-03-30 11:24:00.000000,23636.6,23702.09,23587.53,23590.47,1047388,23629.17
2026-03-30 11:25:00.000000,23611.08,23613.39,23541.74,23590.67,1606472,23589.22
2026-03-30 11:26:00.000000,23597.0,23631.33,23569.26,23611.89,1608136,23602.37
2026-03-30 11:27:00.000000,23603.71,23617.03,23559.25,23607.16,1088560,23596.79
2026-03-30 11:28:00.000000,23647.52,23648.52,23602.07,23640.96,1758490,23634.77
2026-03-30 11:29:00.000000,23673.71,23677.92,23668.27,23670.27,888583,23672.54
2026-03-30 11:30:00.000000,23702.45,23716.76,23679.88,23694.72,407894,23698.45
2026-03-30 11:31:00.000000,23655.91,23745.77,23630.78,23704.82,691600,23684.32
2026-03-30 11:32:00.000000,23693.22,23714.92,23690.35,23705.98,1369954,23701.12
2026-03-30 11:33:00.000000,23666.83,23695.05,23636.04,23672.23,1055063,23667.54
2026-03-30 11:34:00.000000,23709.14,23717.77,23655.14,23703.68,747150,23696.44
2026-03-30 11:35:00.000000,23679.92,23701.18,23655.91,23672.92,921229,23677.49
2026-03-30 11:36:00.000000,23691.41,23719.92,23671.39,23698.83,869808,23695.39
2026-03-30 11:37:00.000000,23737.9,23757.68,23722.81,23727.16,715043,23736.39
2026-03-30 11:38:00.000000,23722.78,23725.2,23709.88,23722.59,790314,23720.11
2026-03-30 11:39:00.000000,23753.47,23803.25,23609.06,23726.44,973367,23723.05
2026-03-30 11:40:00.000000,23734.98,23743.68,23670.3,23692.27,1101759,23710.31
2026-03-30 11:41:00.000000,23708.61,23723.37,23705.7,23707.31,686216,23711.25
2026-03-30 11:42:00.000000,23705.49,23780.03,23676.26,23723.09,677054,23721.22
2026-03-30 11:43:00.000000,23735.18,23743.39,23726.84,23730.83,922185,23734.06
2026-03-30 11:44:00.000000,23730.59,23793.19,23723.42,23763.09,1322974,23752.57
2026-03-30 11:45:00.000000,23753.9,23844.35,23746.24,23752.65,1213797,23774.28
2026-03-30 11:46:00.000000,23655.99,23772.79,23629.53,23740.41,796233,23699.68
2026-03-30 11:47:00.000000,23683.24,23766.07,23679.21,23734.92,866243,23715.86
2026-03-30 11:48:00.000000,23739.48,23782.51,23711.25,23747.76,531057,23745.25
2026-03-30 11:49:00.000000,23734.52,23756.17,23663.76,23743.07,1673435,23724.38
2026-03-30 11:50:00.000000,23684.86,23772.1,23676.86,23737.81,899513,23717.91
2026-03-30 11:51:00.000000,23708.94,23807.17,23706.47,23731.46,1169607,23738.51
2026-03-30 11:52:00.000000,23746.27,23753.52,23718.55,23741.5,1024904,23739.96
2026-03-30 11:53:00.000000,23764.32,23832.18,23754.09,23788.26,1143619,23784.71
2026-03-30 11:54:00.000000,23810.53,23837.97,23758.91,23792.9,1155948,23800.08
2026-03-30 11:55:00.000000,23805.69,23830.12,23677.24,23792.35,1119336,23776.35
2026-03-30 11:56:00.000000,23803.14,23806.87,23800.71,23805.61,720851,23804.08
2026-03-30 11:57:00.000000,23829.98,23873.74,23800.17,23808.48,1280900,23828.09
2026-03-30 11:58:00.000000,23810.52,23828.52,23796.44,23803.5,1270495,23809.74
2026-03-30 11:59:00.000000,23770.82,23825.96,23758.67,23818.05,1031586,23793.37
2026-03-30 12:00:00.000000,23757.29,23824.61,23737.04,23767.89,1242531,23771.71
2026-03-30 12:01:00.000000,23774.78,23799.15,23769.67,23791.85,1473657,23783.86
2026-03-30 12:02:00.000000,23786.4,23851.46,23736.93,23800.72,786691,23793.88
2026-03-30 12:03:00.000000,23774.04,23810.18,23764.85,23808.95,817997,23789.51
2026-03-30 12:04:00.000000,23800.38,23811.51,23787.72,23802.5,913301,23800.53
2026-03-30 12:05:00.000000,23841.13,23854.11,23784.21,23787.75,1077274,23816.8
2026-03-30 12:06:00.000000,23878.43,23907.9,23768.58,23797.95,905432,23838.21
2026-03-30 12:07:00.000000,23811.27,23830.51,23777.94,23813.9,633481,23808.41
2026-03-30 12:08:00.000000,23759.59,23803.68,23743.78,23794.68,827014,23775.43
2026-03-30 12:09:00.000000,23841.26,23844.97,23760.03,23829.45,1130562,23818.93
2026-03-30 12:10:00.000000,23777.22,23953.49,23767.81,23799.54,191015,23824.52
2026-03-30 12:11:00.000000,23782.56,23813.6,23771.61,23789.95,1587312,23789.43
2026-03-30 12:12:00.000000,23739.75,23773.1,23701.5,23763.9,654883,23744.56
2026-03-30 12:13:00.000000,23772.83,23801.32,23740.19,23783.96,979094,23774.57
2026-03-30 12:14:00.000000,23762.7,23793.99,23748.04,23782.48,547517,23771.8
2026-03-30 12:15:00.000000,23749.92,23779.57,23741.15,23756.61,1209409,23756.81
2026-03-30 12:16:00.000000,23787.15,23816.88,23716.01,23749.45,1144480,23767.37
2026-03-30 12:17:00.000000,23784.47,23833.75,23743.68,23760.51,1129043,23780.61
2026-03-30 12:18:00.000000,23777.51,23872.67,23719.28,23796.51,1489764,23791.49
2026-03-30 12:19:00.000000,23810.0,23822.33,23755.7,23812.57,1294661,23800.15
2026-03-30 12:20:00.000000,23834.51,23892.85,23834.47,23840.57,1102184,23850.6
2026-03-30 12:21:00.000000,23818.37,23834.29,23790.92,23825.29,690405,23817.22
2026-03-30 12:22:00.000000,23823.17,23847.52,23810.11,23821.21,699033,23825.5
2026-03-30 12:23:00.000000,23885.05,23889.83,23785.92,23835.85,1165623,23849.16
2026-03-30 12:24:00.000000,23873.26,23901.47,23872.6,23894.87,1049004,23885.55
2026-03-30 12:25:00.000000,23912.76,24033.26,23904.97,23932.89,757495,23945.97
2026-03-30 12:26:00.000000,23943.41,23967.61,23931.75,23946.96,703595,23947.44
2026-03-30 12:27:00.000000,23971.45,23986.78,23930.61,23934.04,833497,23955.72
2026-03-30 12:28:00.000000,23932.8,23975.97,23923.99,23960.39,1225306,23948.29
2026-03-30 12:29:00.000000,23962.87,23981.0,23853.77,23941.72,1181577,23934.84
2026-03-30 12:30:00.000000,23934.51,23988.71,23915.59,23951.77,999150,23947.64
2026-03-30 12:31:00.000000,23952.54,23953.88,23951.09,23953.41,733057,23952.73
2026-03-30 12:32:00.000000,23934.87,24030.91,23885.35,23945.56,897446,23949.17
2026-03-30 12:33:00.000000,23937.11,23959.88,23921.1,23951.5,717517,23942.4
2026-03-30 12:34:00.000000,23981.51,24055.91,23929.23,23962.46,495012,23982.28
2026-03-30 12:35:00.000000,23876.21,23975.4,23865.4,23967.35,992663,23921.09
2026-03-30 12:36:00.000000,23943.92,23981.78,23856.06,23971.01,1791000,23938.19
2026-03-30 12:37:00.000000,23956.39,23966.5,23914.48,23961.79,1266119,23949.79
2026-03-30 12:38:00.000000,23937.94,24011.78,23889.35,23973.95,748934,23953.25
2026-03-30 12:39:00.000000,24046.76,24078.24,23921.13,24010.5,1063889,24014.16
2026-03-30 12:40:00.000000,24000.29,24040.32,23991.34,24018.06,575175,24012.5
2026-03-30 12:41:00.000000,23963.48,24023.46,23952.25,24022.24,944870,23990.35
2026-03-30 12:42:00.000000,24027.37,24084.22,23977.19,24014.59,713771,24025.84
2026-03-30 12:43:00.000000,24032.64,24033.74,24020.81,24032.79,1187087,24030.0
2026-03-30 12:44:00.000000,24045.97,24057.02,24026.02,24042.34,928987,24042.84
2026-03-30 12:45:00.000000,24039.02,24064.79,24019.37,24038.5,1544055,24040.42
2026-03-30 12:46:00.000000,24041.07,24058.15,23979.97,24021.85,534508,24025.26
2026-03-30 12:47:00.000000,24012.03,24036.22,23949.37,24021.82,1138756,24004.86
2026-03-30 12:48:00.000000,24030.59,24041.02,23982.0,24019.79,926511,24018.35
2026-03-30 12:49:00.000000,24046.39,24046.73,23985.51,24034.78,545027,24028.36
2026-03-30 12:50:00.000000,24036.26,24037.15,23928.26,23997.54,372601,23999.8
2026-03-30 12:51:00.000000,23998.58,24043.39,23958.64,24010.43,257192,24002.76
2026-03-30 12:52:00.000000,23975.84,24001.86,23938.35,24001.75,1298761,23979.45
2026-03-30 12:53:00.000000,24042.88,24045.72,24032.15,24045.47,1111894,24041.55
2026-03-30 12:54:00.000000,24056.94,24064.68,24037.31,24051.82,1075909,24052.69
2026-03-30 12:55:00.000000,24057.1,24062.34,24050.0,24052.82,806282,24055.56
2026-03-30 12:56:00.000000,24048.03,24056.38,24011.05,24056.27,669483,24042.93
2026-03-30 12:57:00.000000,24137.74,24177.16,24051.02,24065.72,998163,24107.91
2026-03-30 12:58:00.000000,24072.06,24080.23,24051.47,24059.91,929551,24065.92
2026-03-30 12:59:00.000000,24026.24,24088.19,24004.57,24051.95,813121,24042.74
2026-03-30 13:00:00.000000,23962.24,24070.07,23951.19,24067.79,1143950,24012.82
2026-03-30 13:01:00.000000,24094.85,24104.36,24066.58,24072.45,1242938,24084.56
2026-03-30 13:02:00.000000,24083.95,24096.51,23966.13,24061.54,858304,24052.03
2026-03-30 13:03:00.000000,24010.93,24122.77,23981.72,24053.06,1188547,24042.12
2026-03-30 13:04:00.000000,24054.82,24107.07,24054.35,24085.47,1122223,24075.43
2026-03-30 13:05:00.000000,24086.83,24106.82,24069.03,24084.05,1004425,24086.68
2026-03-30 13:06:00.000000,24093.48,24112.34,24046.53,24092.67,942855,24086.25
2026-03-30 13:07:00.000000,24043.58,24143.79,24018.92,24096.99,837221,24075.82
2026-03-30 13:08:00.000000,24026.31,24112.56,23995.53,24072.81,679224,24051.8
2026-03-30 13:09:00.000000,23990.78,24071.28,23975.69,24059.42,794851,24024.29
2026-03-30 13:10:00.000000,24038.16,24111.81,24014.41,24061.6,503691,24056.5
2026-03-30 13:11:00.000000,24017.24,24060.64,24012.95,24047.36,707677,24034.55
2026-03-30 13:12:00.000000,24030.35,24096.31,23985.53,24051.77,1143484,24040.99
2026-03-30 13:13:00.000000,24116.93,24127.13,24050.59,24061.04,936908,24088.92
2026-03-30 13:14:00.000000,24096.14,24140.49,24047.62,24071.1,1386464,24088.84
2026-03-30 13:15:00.000000,24073.52,24074.43,24066.82,24069.91,1149257,24071.17
2026-03-30 13:16:00.000000,24093.19,24119.46,24049.65,24054.41,1247122,24079.18
2026-03-30 13:17:00.000000,24055.02,24076.06,24037.54,24065.4,1064144,24058.5
2026-03-30 13:18:00.000000,24065.53,24139.88,24048.39,24057.14,638625,24077.74
2026-03-30 13:19:00.000000,24066.25,24077.33,24048.85,24075.76,1468714,24067.05
2026-03-30 13:20:00.000000,24129.75,24137.35,24080.38,24115.34,1368907,24115.71
2026-03-30 13:21:00.000000,24122.2,24128.41,24117.13,24124.43,1079492,24123.04
2026-03-30 13:22:00.000000,24114.77,24143.16,24095.55,24122.74,383250,24119.05
2026-03-30 13:23:00.000000,24152.93,24208.94,24105.66,24134.52,1165291,24150.51
2026-03-30 13:24:00.000000,24144.53,24186.35,24073.32,24144.14,793533,24137.09
2026-03-30 13:25:00.000000,24215.42,24221.59,24151.22,24169.29,1511964,24189.38
2026-03-30 13:26:00.000000,24230.22,24272.08,24146.21,24187.78,1093209,24209.07
2026-03-30 13:27:00.000000,24223.29,24251.9,24166.91,24192.51,858023,24208.65
2026-03-30 13:28:00.000000,24199.46,24213.24,24182.09,24210.24,640550,24201.26
2026-03-30 13:29:00.000000,24193.64,24228.08,24158.19,24201.0,1068409,24195.23
2026-03-30 13:30:00.000000,24220.0,24229.83,24205.82,24214.1,1151447,24217.44
2026-03-30 13:31:00.000000,24270.76,24293.88,24211.05,24234.27,1639118,24252.49
2026-03-30 13:32:00.000000,24244.06,24331.0,24143.15,24244.14,1056581,24240.59
2026-03-30 13:33:00.000000,24272.92,24331.48,24216.89,24217.52,1009278,24259.7
2026-03-30 13:34:00.000000,24218.5,24303.01,24189.22,24219.51,859157,24232.56
2026-03-30 13:35:00.000000,24183.48,24241.73,24182.21,24225.49,755994,24208.23
2026-03-30 13:36:00.000000,24190.48,24238.5,24170.27,24217.32,981485,24204.14
2026-03-30 13:37:00.000000,24247.55,24255.44,24195.01,24216.73,849471,24228.68
2026-03-30 13:38:00.000000,24241.42,24258.02,24227.71,24239.72,724397,24241.72
2026-03-30 13:39:00.000000,24274.63,24286.7,24269.67,24284.07,1570388,24278.77
2026-03-30 13:40:00.000000,24276.52,24304.3,24256.15,24261.45,1464640,24274.6
2026-03-30 13:41:00.000000,24259.74,24283.38,24238.43,24239.56,798527,24255.28
2026-03-30 13:42:00.000000,24321.9,24325.98,24197.01,24220.19,589114,24266.27
2026-03-30 13:43:00.000000,24232.13,24247.02,24200.65,24218.04,500969,24224.46
2026-03-30 13:44:00.000000,24208.54,24246.62,24193.79,24223.08,1132143,24218.01
2026-03-30 13:45:00.000000,24245.73,24295.55,24237.61,24239.25,1013177,24254.53
2026-03-30 13:46:00.000000,24296.99,24348.37,24260.23,24263.99,599752,24292.4
2026-03-30 13:47:00.000000,24261.77,24267.47,24116.19,24237.11,738702,24220.63
2026-03-30 13:48:00.000000,24196.69,24228.92,24181.84,24198.56,695913,24201.5
2026-03-30 13:49:00.000000,24205.89,24209.87,24162.89,24188.85,1154096,24191.88
2026-03-30 13:50:00.000000,24162.75,24231.37,24152.53,24175.3,996206,24180.49
2026-03-30 13:51:00.000000,24210.76,24220.03,24116.53,24160.66,980006,24177.0
2026-03-30 13:52:00.000000,24161.16,24223.22,24131.01,24188.84,834118,24176.06
2026-03-30 13:53:00.000000,24201.24,24213.92,24186.07,24196.0,1124970,24199.31
2026-03-30 13:54:00.000000,24155.08,24188.82,24146.15,24170.12,813962,24165.04
2026-03-30 13:55:00.000000,24167.62,24248.34,24151.86,24174.48,855855,24185.57
2026-03-30 13:56:00.000000,24187.08,24237.36,24143.7,24183.05,1456492,24187.8
2026-03-30 13:57:00.000000,24106.03,24170.15,24087.06,24153.32,893526,24129.14
2026-03-30 13:58:00.000000,24156.45,24161.86,24096.78,24139.93,735213,24138.75
2026-03-30 13:59:00.000000,24182.12,24232.19,24149.05,24151.69,1237589,24178.76
2026-03-30 14:00:00.000000,24106.37,24107.03,24102.73,24103.03,954887,24104.79
2026-03-30 14:01:00.000000,24122.93,24145.37,24090.13,24135.79,354739,24123.55
2026-03-30 14:02:00.000000,24147.2,24163.38,24098.7,24158.93,716341,24142.05
2026-03-30 14:03:00.000000,24194.25,24242.2,24171.41,24197.3,797907,24201.29
2026-03-30 14:04:00.000000,24261.81,24299.48,24229.22,24232.21,722974,24255.68
2026-03-30 14:05:00.000000,24198.09,24200.36,24194.32,24197.69,194975,24197.61
2026-03-30 14:06:00.000000,24220.47,24229.3,24191.86,24212.56,1202967,24213.55
2026-03-30 14:07:00.000000,24202.21,24257.68,24198.37,24219.63,631638,24219.47
2026-03-30 14:08:00.000000,24240.42,24291.64,24209.2,24242.44,750711,24245.93
2026-03-30 14:09:00.000000,24206.97,24243.65,24177.42,24218.38,653682,24211.6
2026-03-30 14:10:00.000000,24228.04,24232.47,24199.02,24223.61,1064694,24220.78
2026-03-30 14:11:00.000000,24188.45,24285.3,24182.82,24244.98,1086320,24225.39
2026-03-30 14:12:00.000000,24287.37,24357.67,24186.91,24252.56,543004,24271.13
2026-03-30 14:13:00.000000,24264.23,24264.73,24228.51,24244.91,861992,24250.6
2026-03-30 14:14:00.000000,24295.51,24307.82,24239.58,24264.61,1197507,24276.88
2026-03-30 14:15:00.000000,24332.13,24355.1,24258.02,24289.52,1396146,24308.69
2026-03-30 14:16:00.000000,24302.49,24309.22,24279.51,24286.64,984424,24294.46
2026-03-30 14:17:00.000000,24278.4,24288.35,24253.28,24277.48,1555554,24274.38
2026-03-30 14:18:00.000000,24244.77,24385.88,24184.58,24266.54,770130,24270.44
2026-03-30 14:19:00.000000,24257.48,24259.64,24249.83,24252.62,883737,24254.89
2026-03-30 14:20:00.000000,24276.61,24284.12,24250.15,24263.6,897048,24268.62
2026-03-30 14:21:00.000000,24330.37,24366.37,24234.04,24287.02,1217542,24304.45
2026-03-30 14:22:00.000000,24313.47,24333.59,24290.69,24313.45,672886,24312.8
2026-03-30 14:23:00.000000,24341.5,24361.26,24324.73,24338.26,799297,24341.44
2026-03-30 14:24:00.000000,24389.0,24398.2,24350.49,24359.0,1379663,24374.17
2026-03-30 14:25:00.000000,24360.49,24361.16,24317.99,24326.78,830567,24341.6
2026-03-30 14:26:00.000000,24281.27,24355.33,24271.36,24323.27,1303462,24307.81
2026-03-30 14:27:00.000000,24363.78,24382.05,24302.21,24326.9,973047,24343.74
2026-03-30 14:28:00.000000,24344.54,24366.97,24294.91,24332.41,1052249,24334.71
2026-03-30 14:29:00.000000,24282.68,24334.2,24195.39,24314.01,918844,24281.57
2026-03-30 14:30:00.000000,24341.79,24383.08,24317.95,24320.44,477351,24340.81
2026-03-30 14:31:00.000000,24339.4,24370.94,24321.68,24323.87,1623914,24338.97
2026-03-30 14:32:00.000000,24375.63,24402.52,24284.54,24333.33,1136015,24349.0
2026-03-30 14:33:00.000000,24317.63,24338.47,24279.29,24337.22,1137506,24318.15
2026-03-30 14:34:00.000000,24340.2,24340.88,24313.57,24333.9,618192,24332.14
2026-03-30 14:35:00.000000,24325.12,24343.32,24270.3,24339.83,1390354,24319.64
2026-03-30 14:36:00.000000,24365.44,24440.64,24296.19,24335.09,1156356,24359.34
2026-03-30 14:37:00.000000,24409.65,24430.44,24303.17,24350.92,818416,24373.55
2026-03-30 14:38:00.000000,24458.82,24458.84,24369.05,24373.46,1457260,24415.04
2026-03-30 14:39:00.000000,24418.38,24459.64,24351.59,24386.21,1282121,24403.96
2026-03-30 14:40:00.000000,24381.35,24390.91,24375.75,24386.58,727266,24383.65
2026-03-30 14:41:00.000000,24389.63,24398.03,24351.33,24397.63,926366,24384.15
2026-03-30 14:42:00.000000,24374.47,24415.07,24332.08,24379.23,1095403,24375.21
2026-03-30 14:43:00.000000,24359.77,24415.93,24295.04,24367.59,632296,24359.58
2026-03-30 14:44:00.000000,24372.83,24390.36,24362.4,24366.11,621960,24372.92
2026-03-30 14:45:00.000000,24289.27,24357.5,24278.22,24349.32,841685,24318.58
2026-03-30 14:46:00.000000,24339.76,24355.89,24334.88,24350.94,997003,24345.37
2026-03-30 14:47:00.000000,24372.67,24397.17,24331.6,24336.89,1441389,24359.58
2026-03-30 14:48:00.000000,24355.37,24449.19,24333.37,24376.01,1582152,24378.49
2026-03-30 14:49:00.000000,24423.7,24441.49,24335.96,24376.81,907422,24394.49
2026-03-30 14:50:00.000000,24385.29,24461.71,24269.79,24385.55,934407,24375.58
2026-03-30 14:51:00.000000,24408.54,24484.07,24393.92,24424.26,713204,24427.7
2026-03-30 14:52:00.000000,24428.69,24459.97,24414.4,24454.63,840227,24439.42
2026-03-30 14:53:00.000000,24436.22,24462.03,24423.95,24447.63,984580,24442.46
2026-03-30 14:54:00.000000,24451.33,24456.41,24425.8,24443.12,916472,24444.16
2026-03-30 14:55:00.000000,24439.82,24467.41,24438.75,24464.93,1011483,24452.73
2026-03-30 14:56:00.000000,24471.18,24512.03,24454.9,24467.96,1271102,24476.52
2026-03-30 14:57:00.000000,24495.86,24512.59,24446.41,24465.61,962973,24480.12
2026-03-30 14:58:00.000000,24452.34,24488.2,24443.85,24462.73,848864,24461.78
2026-03-30 14:59:00.000000,24440.68,24455.74,24425.6,24442.06,513115,24441.02
2026-03-30 15:00:00.000000,24472.99,24490.82,24468.04,24474.09,1036717,24476.48
2026-03-30 15:01:00.000000,24492.59,24493.57,24472.42,24489.71,1087745,24487.07
2026-03-30 15:02:00.000000,24461.58,24470.92,24457.44,24470.01,557092,24464.99
2026-03-30 15:03:00.000000,24515.25,24519.14,24401.94,24486.33,1048214,24480.66
2026-03-30 15:04:00.000000,24476.68,24476.9,24434.92,24476.76,1059883,24466.32
2026-03-30 15:05:00.000000,24529.15,24594.35,24487.45,24498.25,886420,24527.3
2026-03-30 15:06:00.000000,24537.23,24554.38,24480.8,24501.85,657496,24518.56
2026-03-30 15:07:00.000000,24477.77,24586.69,24457.37,24514.25,1154599,24509.02
2026-03-30 15:08:00.000000,24560.85,24582.48,24530.52,24532.12,982807,24551.49
2026-03-30 15:09:00.000000,24506.54,24582.78,24501.15,24532.37,1011204,24530.71
2026-03-30 15:10:00.000000,24491.76,24511.53,24489.51,24508.63,1068953,24500.36
2026-03-30 15:11:00.000000,24467.77,24528.48,24378.12,24475.11,421886,24462.37
2026-03-30 15:12:00.000000,24418.93,24486.62,24392.48,24468.02,805005,24441.51
2026-03-30 15:13:00.000000,24492.07,24498.27,24491.25,24491.53,1336225,24493.28
2026-03-30 15:14:00.000000,24482.89,24505.34,24476.85,24478.52,885651,24485.9
2026-03-30 15:15:00.000000,24522.15,24555.35,24475.53,24482.05,747261,24508.77
2026-03-30 15:16:00.000000,24441.44,24550.06,24431.74,24504.23,857581,24481.87
2026-03-30 15:17:00.000000,24523.85,24554.11,24455.18,24512.23,791572,24511.34
2026-03-30 15:18:00.000000,24461.56,24548.74,24451.74,24531.59,1050167,24498.41
2026-03-30 15:19:00.000000,24598.6,24628.99,24488.56,24519.73,720709,24558.97
2026-03-30 15:20:00.000000,24480.0,24642.17,24464.14,24528.41,1258355,24528.68
2026-03-30 15:21:00.000000,24544.64,24563.8,24541.22,24559.98,779650,24552.41
2026-03-30 15:22:00.000000,24587.87,24623.11,24523.48,24566.07,784553,24575.13
2026-03-30 15:23:00.000000,24565.23,24580.52,24525.51,24574.29,747381,24561.39
2026-03-30 15:24:00.000000,24562.4,24620.13,24535.65,24595.75,736106,24578.48
2026-03-30 15:25:00.000000,24623.62,24646.75,24585.03,24622.12,1015314,24619.38
2026-03-30 15:26:00.000000,24711.52,24728.95,24679.29,24697.62,1270322,24704.34
2026-03-30 15:27:00.000000,24682.98,24760.54,24669.88,24706.74,982261,24705.04
2026-03-31 09:15:00.000000,22718.13,22723.79,22635.69,22644.45,806804,22680.52
2026-03-31 09:16:00.000000,22624.29,22701.06,22584.4,22631.83,1086285,22635.39
2026-03-31 09:17:00.000000,22610.3,22683.31,22575.79,22621.1,1333038,22622.62
2026-03-31 09:18:00.000000,22632.46,22635.78,22627.17,22632.83,398715,22632.06
2026-03-31 09:19:00.000000,22658.5,22681.9,22601.48,22639.72,1278329,22645.4
2026-03-31 09:20:00.000000,22629.98,22691.26,22585.73,22655.06,415493,22640.51
2026-03-31 09:21:00.000000,22652.97,22672.95,22631.55,22650.7,1365088,22652.05
2026-03-31 09:22:00.000000,22621.23,22667.64,22581.59,22659.59,787158,22632.51
2026-03-31 09:23:00.000000,22623.2,22675.71,22595.06,22659.91,1169472,22638.47
2026-03-31 09:24:00.000000,22690.54,22693.52,22685.74,22687.76,602217,22689.39
2026-03-31 09:25:00.000000,22710.51,22713.47,22696.03,22705.93,1092072,22706.48
2026-03-31 09:26:00.000000,22739.65,22760.72,22716.42,22751.24,1876172,22742.01
2026-03-31 09:27:00.000000,22759.74,22795.23,22716.25,22759.57,1229416,22757.7
2026-03-31 09:28:00.000000,22742.74,22755.63,22689.84,22736.75,1210946,22731.24
2026-03-31 09:29:00.000000,22722.9,22776.89,22715.58,22742.85,1110172,22739.56
2026-03-31 09:30:00.000000,22759.46,22856.1,22716.31,22750.97,1419157,22770.71
2026-03-31 09:31:00.000000,22778.52,22794.84,22715.32,22733.73,1145141,22755.6
2026-03-31 09:32:00.000000,22786.75,22790.4,22760.36,22773.97,893392,22777.87
2026-03-31 09:33:00.000000,22733.56,22842.25,22674.94,22793.49,781982,22761.06
2026-03-31 09:34:00.000000,22854.65,22866.2,22802.68,22815.82,681766,22834.84
2026-03-31 09:35:00.000000,22808.16,22884.82,22803.61,22803.61,888676,22825.05
2026-03-31 09:36:00.000000,22781.13,22806.1,22749.95,22789.3,1112585,22781.62
2026-03-31 09:37:00.000000,22797.87,22833.97,22748.2,22779.0,1185414,22789.76
2026-03-31 09:38:00.000000,22781.36,22798.42,22780.85,22792.02,1301205,22788.16
2026-03-31 09:39:00.000000,22717.88,22811.18,22715.03,22793.37,977976,22759.36
2026-03-31 09:40:00.000000,22869.49,22894.91,22793.12,22815.76,930120,22843.32
2026-03-31 09:41:00.000000,22874.47,22931.88,22838.38,22847.15,587645,22872.97
2026-03-31 09:42:00.000000,22853.21,22920.07,22815.0,22854.24,860353,22860.63
2026-03-31 09:43:00.000000,22902.47,22905.37,22737.05,22826.87,994956,22842.94
2026-03-31 09:44:00.000000,22848.65,22861.34,22841.71,22845.61,1049191,22849.33
2026-03-31 09:45:00.000000,22899.77,22976.17,22886.77,22886.92,833089,22912.41
2026-03-31 09:46:00.000000,22913.26,22925.27,22900.55,22903.17,912110,22910.56
2026-03-31 09:47:00.000000,22913.37,22955.34,22883.92,22896.03,1147172,22912.16
2026-03-31 09:48:00.000000,22876.32,22896.37,22873.09,22890.27,1399464,22884.01
2026-03-31 09:49:00.000000,22932.66,22936.92,22835.47,22866.4,1043028,22892.86
2026-03-31 09:50:00.000000,22822.69,22897.33,22805.64,22869.61,1209350,22848.82
2026-03-31 09:51:00.000000,22870.02,22929.87,22861.56,22903.54,958914,22891.25
2026-03-31 09:52:00.000000,22883.12,22925.06,22877.46,22910.8,1096856,22899.11
2026-03-31 09:53:00.000000,22905.32,22946.26,22892.26,22900.68,1133676,22911.13
2026-03-31 09:54:00.000000,22872.34,22925.95,22834.34,22896.19,1693091,22882.2
2026-03-31 09:55:00.000000,22894.29,22897.43,22870.3,22893.76,1435422,22888.95
2026-03-31 09:56:00.000000,22869.79,22880.45,22866.77,22870.68,726789,22871.92
2026-03-31 09:57:00.000000,22893.27,22918.02,22833.82,22887.28,874714,22883.1
2026-03-31 09:58:00.000000,22915.84,22919.0,22880.88,22897.37,776461,22903.27
2026-03-31 09:59:00.000000,22917.58,22938.74,22906.48,22917.98,1343016,22920.2
2026-03-31 10:00:00.000000,22939.91,22969.5,22839.45,22908.38,1325676,22914.31
2026-03-31 10:01:00.000000,22884.19,22916.11,22864.72,22903.99,981488,22892.25
2026-03-31 10:02:00.000000,22959.08,22984.45,22878.05,22884.36,571866,22926.49
2026-03-31 10:03:00.000000,22854.12,22908.8,22840.42,22890.87,735842,22873.55
2026-03-31 10:04:00.000000,22888.61,22900.57,22865.69,22886.72,1294392,22885.4
2026-03-31 10:05:00.000000,22821.84,22931.3,22794.57,22884.8,1074680,22858.13
2026-03-31 10:06:00.000000,22843.38,22915.43,22841.09,22888.25,1245909,22872.04
2026-03-31 10:07:00.000000,22959.72,22971.11,22830.79,22908.67,813089,22917.57
2026-03-31 10:08:00.000000,22984.94,22992.74,22856.9,22915.72,1151637,22937.58
2026-03-31 10:09:00.000000,22934.82,22953.45,22907.94,22919.96,765627,22929.04
2026-03-31 10:10:00.000000,22937.59,22954.12,22902.71,22922.4,1066680,22929.21
2026-03-31 10:11:00.000000,22929.46,22985.23,22883.77,22927.73,620464,22931.55
2026-03-31 10:12:00.000000,22846.48,22975.48,22819.15,22912.63,1092778,22888.44
2026-03-31 10:13:00.000000,22906.35,22986.89,22898.47,22919.86,740436,22927.89
2026-03-31 10:14:00.000000,22872.5,22925.02,22857.26,22922.15,800315,22894.23
2026-03-31 10:15:00.000000,22958.7,22999.77,22949.46,22958.67,1189362,22966.65
2026-03-31 10:16:00.000000,22966.09,22983.07,22940.7,22967.29,1176597,22964.29
2026-03-31 10:17:00.000000,22976.13,22992.17,22956.32,22984.15,919986,22977.19
2026-03-31 10:18:00.000000,22973.78,22992.49,22962.21,22975.68,815285,22976.04
2026-03-31 10:19:00.000000,22973.19,23054.43,22929.48,22967.16,1046138,22981.07
2026-03-31 10:20:00.000000,22937.25,22985.49,22926.61,22963.25,784445,22953.15
2026-03-31 10:21:00.000000,22980.64,22988.43,22898.13,22985.91,1256744,22963.28
2026-03-31 10:22:00.000000,22982.05,23022.39,22937.35,22971.16,1027694,22978.24
2026-03-31 10:23:00.000000,22958.65,22982.66,22954.31,22961.09,781189,22964.18
2026-03-31 10:24:00.000000,22927.18,22988.33,22899.27,22960.18,1123511,22943.74
2026-03-31 10:25:00.000000,23021.34,23026.38,22954.14,22968.34,894581,22992.55
2026-03-31 10:26:00.000000,22968.4,23027.85,22949.63,22991.34,1005058,22984.31
2026-03-31 10:27:00.000000,22980.59,23006.27,22979.24,22988.37,539155,22988.62
2026-03-31 10:28:00.000000,22966.79,23006.91,22948.26,22980.37,516458,22975.58
2026-03-31 10:29:00.000000,22985.14,23011.8,22978.32,22997.44,1021815,22993.17
2026-03-31 10:30:00.000000,22940.04,23000.32,22935.97,22977.92,845981,22963.56
2026-03-31 10:31:00.000000,22958.68,23029.47,22940.34,22998.71,1461445,22981.8
2026-03-31 10:32:00.000000,22982.74,23038.99,22948.16,23028.84,832639,22999.68
2026-03-31 10:33:00.000000,23033.83,23049.22,23026.47,23030.59,375592,23035.03
2026-03-31 10:34:00.000000,23037.79,23042.09,23008.84,23023.42,1224519,23028.04
2026-03-31 10:35:00.000000,23022.58,23053.43,23012.53,23035.29,731562,23030.96
2026-03-31 10:36:00.000000,23051.7,23093.85,23046.99,23062.76,550423,23063.82
2026-03-31 10:37:00.000000,23017.67,23076.52,23012.85,23065.86,989036,23043.23
2026-03-31 10:38:00.000000,23072.48,23150.86,23044.63,23102.75,886551,23092.68
2026-03-31 10:39:00.000000,23193.87,23228.35,23076.01,23137.87,725699,23159.03
2026-03-31 10:40:00.000000,23177.09,23195.38,23155.77,23167.9,1817971,23174.04
2026-03-31 10:41:00.000000,23128.4,23168.78,23128.07,23156.46,1063620,23145.43
2026-03-31 10:42:00.000000,23171.38,23232.6,23161.53,23191.23,1162746,23189.18
2026-03-31 10:43:00.000000,23145.74,23184.69,23133.69,23177.98,1541671,23160.53
2026-03-31 10:44:00.000000,23229.32,23272.5,23195.37,23198.21,888542,23223.85
2026-03-31 10:45:00.000000,23257.06,23275.93,23133.58,23222.09,483349,23222.17
2026-03-31 10:46:00.000000,23174.3,23203.21,23153.04,23201.98,925403,23183.13
2026-03-31 10:47:00.000000,23181.39,23208.2,23179.17,23204.81,1093868,23193.39
2026-03-31 10:48:00.000000,23097.04,23284.35,23083.46,23211.43,1278058,23169.07
2026-03-31 10:49:00.000000,23167.45,23224.66,23144.67,23211.71,755048,23187.12
2026-03-31 10:50:00.000000,23297.46,23315.56,23136.12,23235.38,1224511,23246.13
2026-03-31 10:51:00.000000,23290.38,23318.0,23239.0,23250.79,1349304,23274.54
2026-03-31 10:52:00.000000,23292.8,23324.45,23242.84,23264.95,956973,23281.26
2026-03-31 10:53:00.000000,23237.06,23238.25,23230.22,23233.95,993967,23234.87
2026-03-31 10:54:00.000000,23253.08,23335.86,23244.56,23248.1,339394,23270.4
2026-03-31 10:55:00.000000,23219.74,23233.03,23187.99,23220.25,670039,23215.25
2026-03-31 10:56:00.000000,23224.34,23246.29,23220.71,23232.92,775177,23231.06
2026-03-31 10:57:00.000000,23244.34,23315.47,23237.05,23238.99,1140372,23258.96
2026-03-31 10:58:00.000000,23249.27,23295.36,23209.13,23216.71,880789,23242.62
2026-03-31 10:59:00.000000,23169.23,23175.62,23166.89,23172.86,1274457,23171.15
2026-03-31 11:00:00.000000,23200.06,23238.58,23129.06,23204.53,926355,23193.06
2026-03-31 11:01:00.000000,23209.51,23230.0,23132.85,23177.31,868330,23187.42
2026-03-31 11:02:00.000000,23158.56,23174.25,23133.12,23172.67,989164,23159.65
2026-03-31 11:03:00.000000,23189.33,23208.82,23126.56,23144.55,764890,23167.32
2026-03-31 11:04:00.000000,23116.25,23158.26,23100.11,23140.05,757339,23128.67
2026-03-31 11:05:00.000000,23102.73,23171.63,23099.43,23131.67,1158174,23126.37
2026-03-31 11:06:00.000000,23163.05,23211.67,23139.14,23149.11,1101173,23165.74
2026-03-31 11:07:00.000000,23171.3,23174.38,23118.3,23127.69,784372,23147.92
2026-03-31 11:08:00.000000,23177.88,23207.93,23111.72,23116.62,519857,23153.54
2026-03-31 11:09:00.000000,23144.01,23161.21,23118.2,23133.25,1760862,23139.17
2026-03-31 11:10:00.000000,23171.56,23178.89,23157.41,23160.92,733161,23167.19
2026-03-31 11:11:00.000000,23162.0,23199.39,23112.71,23173.63,668654,23161.93
2026-03-31 11:12:00.000000,23205.39,23206.91,23103.89,23178.75,1791780,23173.73
2026-03-31 11:13:00.000000,23115.37,23211.02,23111.89,23180.08,1741008,23154.59
2026-03-31 11:14:00.000000,23195.16,23223.46,23178.23,23185.42,1086826,23195.57
2026-03-31 11:15:00.000000,23207.08,23217.89,23183.87,23204.03,969330,23203.22
2026-03-31 11:16:00.000000,23172.16,23303.09,23118.57,23175.3,765246,23192.28
2026-03-31 11:17:00.000000,23199.39,23215.2,23140.02,23179.45,892084,23183.52
2026-03-31 11:18:00.000000,23175.48,23196.96,23093.1,23166.31,1126529,23157.96
2026-03-31 11:19:00.000000,23185.66,23198.38,23163.7,23181.27,579570,23182.25
2026-03-31 11:20:00.000000,23247.8,23250.49,23191.96,23231.9,1402645,23230.54
2026-03-31 11:21:00.000000,23228.32,23274.63,23197.51,23237.51,1282658,23234.49
2026-03-31 11:22:00.000000,23275.9,23282.92,23254.45,23258.41,644679,23267.92
2026-03-31 11:23:00.000000,23287.78,23294.88,23217.77,23265.82,1138871,23266.56
2026-03-31 11:24:00.000000,23279.35,23314.44,23278.32,23290.29,712537,23290.6
2026-03-31 11:25:00.000000,23206.14,23301.09,23193.42,23266.74,1057996,23241.85
2026-03-31 11:26:00.000000,23306.79,23321.95,23263.67,23290.21,875239,23295.66
2026-03-31 11:27:00.000000,23311.17,23322.3,23233.16,23288.74,908241,23288.84
2026-03-31 11:28:00.000000,23338.82,23344.36,23221.4,23289.76,1154461,23298.58
2026-03-31 11:29:00.000000,23321.97,23330.67,23268.69,23294.31,1196299,23303.91
2026-03-31 11:30:00.000000,23299.84,23320.25,23267.06,23279.14,1162879,23291.57
2026-03-31 11:31:00.000000,23261.93,23312.51,23223.57,23267.06,749440,23266.27
2026-03-31 11:32:00.000000,23250.51,23406.83,23219.92,23260.01,1145705,23284.32
2026-03-31 11:33:00.000000,23268.66,23335.84,23248.42,23275.59,1277250,23282.13
2026-03-31 11:34:00.000000,23274.53,23282.55,23266.92,23278.3,685428,23275.57
2026-03-31 11:35:00.000000,23295.53,23302.01,23275.56,23285.7,409175,23289.7
2026-03-31 11:36:00.000000,23282.29,23317.62,23275.88,23277.8,802053,23288.4
2026-03-31 11:37:00.000000,23266.9,23276.7,23186.05,23264.54,803261,23248.55
2026-03-31 11:38:00.000000,23224.71,23278.91,23222.24,23256.23,916429,23245.52
2026-03-31 11:39:00.000000,23226.18,23267.76,23200.06,23234.69,739531,23232.17
2026-03-31 11:40:00.000000,23236.24,23299.08,23233.17,23245.91,1127619,23253.6
2026-03-31 11:41:00.000000,23170.42,23271.57,23165.03,23249.22,805229,23214.06
2026-03-31 11:42:00.000000,23301.79,23337.13,23266.05,23291.49,399598,23299.11
2026-03-31 11:43:00.000000,23245.76,23305.08,23237.0,23252.69,1285385,23260.13
2026-03-31 11:44:00.000000,23273.48,23380.27,23221.55,23282.24,1303512,23289.39
2026-03-31 11:45:00.000000,23268.15,23322.28,23268.11,23291.28,1956502,23287.45
2026-03-31 11:46:00.000000,23187.57,23282.75,23135.06,23278.22,490997,23220.9
2026-03-31 11:47:00.000000,23263.03,23285.26,23243.78,23278.07,991712,23267.53
2026-03-31 11:48:00.000000,23256.68,23272.5,23253.96,23260.96,1088837,23261.03
2026-03-31 11:49:00.000000,23290.26,23341.22,23272.35,23272.83,1251416,23294.16
2026-03-31 11:50:00.000000,23292.26,23339.16,23275.1,23295.2,1185894,23300.43
2026-03-31 11:51:00.000000,23299.33,23319.86,23250.42,23300.35,801509,23292.49
2026-03-31 11:52:00.000000,23366.47,23416.95,23258.84,23315.72,667965,23339.49
2026-03-31 11:53:00.000000,23306.74,23388.09,23305.6,23319.14,915586,23329.89
2026-03-31 11:54:00.000000,23323.48,23380.01,23293.08,23309.24,1065293,23326.45
2026-03-31 11:55:00.000000,23346.52,23360.09,23256.39,23313.64,735649,23319.16
2026-03-31 11:56:00.000000,23316.17,23416.52,23263.3,23338.49,1382263,23333.62
2026-03-31 11:57:00.000000,23305.18,23389.41,23277.99,23355.08,672207,23331.91
2026-03-31 11:58:00.000000,23383.79,23395.78,23325.68,23367.65,496655,23368.22
2026-03-31 11:59:00.000000,23343.05,23345.23,23282.39,23338.75,1497547,23327.36
2026-03-31 12:00:00.000000,23336.1,23358.62,23308.65,23310.68,1251572,23328.51
2026-03-31 12:01:00.000000,23313.39,23313.99,23299.34,23308.98,1101054,23308.92
2026-03-31 12:02:00.000000,23305.9,23326.75,23283.85,23303.96,1233430,23305.11
2026-03-31 12:03:00.000000,23281.24,23341.93,23262.25,23307.0,794126,23298.1
2026-03-31 12:04:00.000000,23338.71,23341.81,23322.85,23331.78,631383,23333.79
2026-03-31 12:05:00.000000,23343.27,23394.15,23334.65,23341.94,1024946,23353.5
2026-03-31 12:06:00.000000,23304.4,23353.49,23293.13,23329.0,1210136,23320.01
2026-03-31 12:07:00.000000,23297.34,23343.18,23240.02,23323.98,1193598,23301.13
2026-03-31 12:08:00.000000,23305.99,23313.44,23280.62,23311.88,1064869,23302.98
2026-03-31 12:09:00.000000,23331.0,23348.15,23271.21,23299.86,688752,23312.55
2026-03-31 12:10:00.000000,23368.32,23471.26,23240.1,23318.1,1133906,23349.44
2026-03-31 12:11:00.000000,23352.24,23360.76,23302.35,23338.94,1044539,23338.57
2026-03-31 12:12:00.000000,23329.14,23343.32,23328.32,23334.04,1000933,23333.71
2026-03-31 12:13:00.000000,23332.76,23334.47,23319.07,23320.75,1163519,23326.76
2026-03-31 12:14:00.000000,23215.48,23344.66,23210.2,23306.17,797626,23269.13
2026-03-31 12:15:00.000000,23301.87,23318.16,23287.85,23299.91,1543279,23301.95
2026-03-31 12:16:00.000000,23278.59,23295.2,23277.89,23286.41,992337,23284.52
2026-03-31 12:17:00.000000,23285.53,23300.88,23271.79,23282.94,829221,23285.29
2026-03-31 12:18:00.000000,23329.1,23352.42,23257.58,23303.76,980289,23310.71
2026-03-31 12:19:00.000000,23277.01,23310.37,23272.11,23309.67,939087,23292.29
2026-03-31 12:20:00.000000,23312.67,23375.5,23296.31,23300.89,1789317,23321.34
2026-03-31 12:21:00.000000,23339.85,23361.53,23319.35,23335.34,639887,23339.02
2026-03-31 12:22:00.000000,23356.01,23393.99,23328.23,23361.82,1639038,23360.01
2026-03-31 12:23:00.000000,23319.29,23383.03,23294.83,23360.35,713502,23339.38
2026-03-31 12:24:00.000000,23364.73,23366.07,23359.18,23366.01,548794,23364.0
2026-03-31 12:25:00.000000,23389.01,23421.97,23364.67,23371.32,1276389,23386.74
2026-03-31 12:26:00.000000,23429.25,23429.38,23366.28,23384.19,903833,23402.28
2026-03-31 12:27:00.000000,23364.13,23383.48,23304.49,23347.2,844416,23349.83
2026-03-31 12:28:00.000000,23356.52,23387.07,23348.59,23373.1,762778,23366.32
2026-03-31 12:29:00.000000,23349.89,23371.34,23339.98,23354.31,1269040,23353.88
2026-03-31 12:30:00.000000,23355.7,23414.14,23304.63,23357.16,391961,23357.91
2026-03-31 12:31:00.000000,23344.87,23400.56,23333.52,23373.19,1186733,23363.04
2026-03-31 12:32:00.000000,23362.82,23391.49,23362.53,23375.08,1139019,23372.98
2026-03-31 12:33:00.000000,23352.96,23384.39,23338.66,23366.1,1339223,23360.53
2026-03-31 12:34:00.000000,23408.98,23425.73,23363.56,23370.65,689912,23392.23
2026-03-31 12:35:00.000000,23336.47,23385.61,23309.09,23378.11,783014,23352.32
2026-03-31 12:36:00.000000,23401.82,23419.61,23336.03,23393.05,1521979,23387.63
2026-03-31 12:37:00.000000,23404.36,23442.08,23403.29,23418.98,849204,23417.18
2026-03-31 12:38:00.000000,23431.68,23462.02,23413.8,23425.95,805977,23433.36
2026-03-31 12:39:00.000000,23408.14,23410.29,23378.36,23409.68,426718,23401.62
2026-03-31 12:40:00.000000,23487.4,23503.66,23437.09,23437.95,825326,23466.52
2026-03-31 12:41:00.000000,23460.32,23479.42,23439.47,23458.32,1379441,23459.38
2026-03-31 12:42:00.000000,23483.15,23487.16,23447.01,23468.9,961819,23471.55
2026-03-31 12:43:00.000000,23471.31,23496.59,23471.15,23478.01,1341770,23479.26
2026-03-31 12:44:00.000000,23497.52,23514.27,23464.56,23477.19,1277276,23488.39
2026-03-31 12:45:00.000000,23390.13,23519.55,23388.8,23470.05,895026,23442.13
2026-03-31 12:46:00.000000,23495.42,23495.58,23477.3,23483.07,1019583,23487.84
2026-03-31 12:47:00.000000,23452.29,23520.55,23451.12,23506.83,1044094,23482.7
2026-03-31 12:48:00.000000,23503.49,23506.85,23452.14,23496.88,613814,23489.84
2026-03-31 12:49:00.000000,23497.68,23529.91,23465.87,23506.97,1336174,23500.11
2026-03-31 12:50:00.000000,23490.25,23519.17,23480.59,23493.56,974112,23495.89
2026-03-31 12:51:00.000000,23535.29,23543.01,23512.86,23519.29,930299,23527.61
2026-03-31 12:52:00.000000,23565.02,23601.7,23440.87,23535.37,1214414,23535.74
2026-03-31 12:53:00.000000,23578.19,23612.57,23567.1,23575.36,1258728,23583.3
2026-03-31 12:54:00.000000,23567.28,23578.31,23531.38,23572.12,1346664,23562.27
2026-03-31 12:55:00.000000,23540.52,23595.01,23503.7,23561.27,829513,23550.13
2026-03-31 12:56:00.000000,23615.65,23619.78,23548.7,23585.02,541468,23592.29
2026-03-31 12:57:00.000000,23577.2,23599.4,23576.54,23597.8,995937,23587.74
2026-03-31 12:58:00.000000,23589.96,23614.79,23586.45,23600.07,1328001,23597.82
2026-03-31 12:59:00.000000,23538.19,23636.35,23533.43,23594.35,697242,23575.58
2026-03-31 13:00:00.000000,23589.42,23680.75,23457.98,23592.0,566308,23580.04
2026-03-31 13:01:00.000000,23596.98,23628.31,23579.73,23617.45,729699,23605.62
2026-03-31 13:02:00.000000,23628.3,23708.6,23615.03,23666.75,1188672,23654.67
2026-03-31 13:03:00.000000,23658.29,23697.49,23652.41,23677.17,1437988,23671.34
2026-03-31 13:04:00.000000,23661.05,23683.64,23622.75,23676.29,1164306,23660.93
2026-03-31 13:05:00.000000,23723.07,23723.85,23697.71,23704.76,1054861,23712.35
2026-03-31 13:06:00.000000,23697.41,23759.97,23675.65,23744.58,941017,23719.4
2026-03-31 13:07:00.000000,23665.91,23737.78,23659.12,23735.9,843642,23699.68
2026-03-31 13:08:00.000000,23673.75,23739.04,23656.46,23733.92,1056496,23700.79
2026-03-31 13:09:00.000000,23742.2,23750.25,23721.17,23724.57,897064,23734.55
2026-03-31 13:10:00.000000,23721.68,23755.53,23708.68,23745.53,1530069,23732.86
2026-03-31 13:11:00.000000,23773.54,23810.88,23752.09,23756.91,1015028,23773.35
2026-03-31 13:12:00.000000,23752.53,23777.98,23744.79,23757.19,951402,23758.12
2026-03-31 13:13:00.000000,23709.17,23739.38,23708.08,23731.65,616367,23722.07
2026-03-31 13:14:00.000000,23703.35,23753.4,23699.28,23734.54,1025506,23722.64
2026-03-31 13:15:00.000000,23726.17,23740.15,23726.01,23739.93,505189,23733.06
2026-03-31 13:16:00.000000,23769.47,23772.97,23723.64,23764.08,1426633,23757.54
2026-03-31 13:17:00.000000,23799.44,23831.45,23742.03,23746.9,840026,23779.96
2026-03-31 13:18:00.000000,23772.28,23790.11,23687.8,23744.03,1120548,23748.56
2026-03-31 13:19:00.000000,23725.36,23781.61,23714.5,23754.59,1295577,23744.01
2026-03-31 13:20:00.000000,23771.3,23824.56,23757.08,23782.08,922353,23783.75
2026-03-31 13:21:00.000000,23811.94,23844.05,23694.05,23783.6,225764,23783.41
2026-03-31 13:22:00.000000,23784.3,23899.96,23745.57,23807.53,1317412,23809.34
2026-03-31 13:23:00.000000,23798.27,23806.12,23794.96,23796.4,972742,23798.93
2026-03-31 13:24:00.000000,23757.85,23805.97,23742.66,23791.7,870686,23774.55
2026-03-31 13:25:00.000000,23788.83,23810.49,23764.1,23779.52,1149389,23785.74
2026-03-31 13:26:00.000000,23734.31,23773.43,23691.6,23762.21,807034,23740.39
2026-03-31 13:27:00.000000,23730.39,23754.24,23722.53,23749.23,518078,23739.1
2026-03-31 13:28:00.000000,23767.01,23774.54,23732.46,23771.43,1047018,23761.36
2026-03-31 13:29:00.000000,23747.02,23806.61,23734.37,23785.68,1017099,23768.42
2026-03-31 13:30:00.000000,23820.99,23822.32,23740.32,23763.53,1064087,23786.79
2026-03-31 13:31:00.000000,23788.01,23837.56,23768.39,23780.33,1201297,23793.57
2026-03-31 13:32:00.000000,23871.9,23895.12,23782.35,23796.26,1007674,23836.41
2026-03-31 13:33:00.000000,23847.62,23872.91,23805.43,23811.61,1120679,23834.39
2026-03-31 13:34:00.000000,23805.69,23844.4,23768.58,23819.31,1430917,23809.49
2026-03-31 13:35:00.000000,23844.82,23882.24,23833.55,23841.15,1055901,23850.44
2026-03-31 13:36:00.000000,23844.05,23863.88,23823.91,23829.68,821157,23840.38
2026-03-31 13:37:00.000000,23850.32,23904.28,23823.49,23833.94,789561,23853.01
2026-03-31 13:38:00.000000,23839.19,23857.24,23807.76,23847.22,829943,23837.85
2026-03-31 13:39:00.000000,23854.88,23874.31,23821.74,23864.95,1600210,23853.97
2026-03-31 13:40:00.000000,23900.14,23909.39,23847.11,23859.05,1137966,23878.92
2026-03-31 13:41:00.000000,23822.57,23836.45,23814.3,23829.33,1051299,23825.66
2026-03-31 13:42:00.000000,23873.46,23887.31,23734.01,23828.78,1156067,23830.89
2026-03-31 13:43:00.000000,23736.8,23843.19,23699.43,23834.15,1002966,23778.39
2026-03-31 13:44:00.000000,23852.38,23869.86,23824.33,23855.57,1076048,23850.53
2026-03-31 13:45:00.000000,23839.53,23873.26,23813.65,23850.76,1336900,23844.3
2026-03-31 13:46:00.000000,23903.5,23903.99,23869.37,23869.57,648420,23886.61
2026-03-31 13:47:00.000000,23854.94,23857.45,23836.13,23855.5,1533253,23851.0
2026-03-31 13:48:00.000000,23848.86,23881.68,23841.15,23858.23,986373,23857.48
2026-03-31 13:49:00.000000,23874.05,23877.28,23856.32,23873.14,826058,23870.2
2026-03-31 13:50:00.000000,23861.44,23872.09,23803.36,23859.06,622655,23848.99
2026-03-31 13:51:00.000000,23854.04,23895.55,23848.42,23864.71,529687,23865.68
2026-03-31 13:52:00.000000,23802.73,23863.36,23788.83,23855.68,639645,23827.65
2026-03-31 13:53:00.000000,23842.14,23930.84,23841.26,23880.63,914494,23873.72
2026-03-31 13:54:00.000000,23874.99,23927.19,23854.29,23890.21,725590,23886.67
2026-03-31 13:55:00.000000,23918.5,23940.86,23851.79,23923.68,509684,23908.71
2026-03-31 13:56:00.000000,23881.76,23983.01,23877.08,23947.37,307959,23922.3
2026-03-31 13:57:00.000000,23988.28,24014.4,23895.34,23922.32,583344,23955.09
2026-03-31 13:58:00.000000,23913.8,23947.46,23885.28,23935.32,1195328,23920.47
2026-03-31 13:59:00.000000,23889.88,23943.97,23885.61,23925.25,1221942,23911.18
2026-03-31 14:00:00.000000,23964.3,23982.56,23862.18,23932.34,1111243,23935.34
2026-03-31 14:01:00.000000,23994.42,24079.73,23940.96,23966.56,1072420,23995.42
2026-03-31 14:02:00.000000,23957.63,23992.46,23932.23,23960.31,951504,23960.66
2026-03-31 14:03:00.000000,23963.5,23992.3,23958.56,23987.84,794780,23975.55
2026-03-31 14:04:00.000000,24020.27,24033.67,24013.28,24016.28,900713,24020.88
2026-03-31 14:05:00.000000,24066.68,24068.76,24008.76,24021.93,1382999,24041.53
2026-03-31 14:06:00.000000,24062.18,24093.39,24011.93,24041.45,1275463,24052.24
2026-03-31 14:07:00.000000,24005.43,24053.74,23990.36,24047.23,824324,24024.19
2026-03-31 14:08:00.000000,24045.83,24062.39,24028.74,24061.71,1255311,24049.67
2026-03-31 14:09:00.000000,24122.1,24182.08,24055.69,24074.18,1473129,24108.52
2026-03-31 14:10:00.000000,24118.27,24146.05,24044.04,24096.35,1214101,24101.18
2026-03-31 14:11:00.000000,24082.65,24145.14,24080.21,24101.5,1411694,24102.38
2026-03-31 14:12:00.000000,24078.05,24089.81,24070.98,24083.18,1659777,24080.5
2026-03-31 14:13:00.000000,24086.26,24157.85,24073.06,24084.62,1251470,24100.45
2026-03-31 14:14:00.000000,24135.33,24147.04,24102.75,24117.44,458824,24125.64
2026-03-31 14:15:00.000000,24121.81,24136.19,24096.25,24096.4,746988,24112.66
2026-03-31 14:16:00.000000,24071.65,24096.16,24063.33,24088.52,916638,24079.92
2026-03-31 14:17:00.000000,24070.23,24107.95,23993.59,24090.54,685931,24065.58
2026-03-31 14:18:00.000000,24137.42,24159.16,24094.03,24117.91,1462251,24127.13
2026-03-31 14:19:00.000000,24122.37,24124.06,24088.45,24113.29,762028,24112.04
2026-03-31 14:20:00.000000,24136.36,24140.42,24115.2,24135.01,790522,24131.75
2026-03-31 14:21:00.000000,24152.99,24173.44,24091.02,24144.35,980155,24140.45
2026-03-31 14:22:00.000000,24162.48,24186.89,24136.63,24152.19,1174846,24159.55
2026-03-31 14:23:00.000000,24059.13,24181.75,24056.77,24126.3,871769,24105.99
2026-03-31 14:24:00.000000,24142.92,24197.64,24130.15,24158.02,761923,24157.18
2026-03-31 14:25:00.000000,24172.01,24220.36,24169.61,24178.98,672006,24185.24
2026-03-31 14:26:00.000000,24147.37,24161.53,24112.38,24157.93,1271149,24144.8
2026-03-31 14:27:00.000000,24115.69,24194.16,24097.1,24170.21,897629,24144.29
2026-03-31 14:28:00.000000,24206.62,24247.52,24157.33,24175.89,1095551,24196.84
2026-03-31 14:29:00.000000,24093.33,24142.4,24042.94,24137.6,255617,24104.07
2026-03-31 14:30:00.000000,24145.28,24168.51,24126.39,24143.07,856284,24145.81
2026-03-31 14:31:00.000000,24150.82,24207.68,24123.8,24150.09,1174330,24158.1
2026-03-31 14:32:00.000000,24124.92,24196.32,24087.7,24135.43,1089324,24136.09
2026-03-31 14:33:00.000000,24130.6,24143.32,24110.54,24142.49,964510,24131.74
2026-03-31 14:34:00.000000,24155.07,24171.86,24113.65,24124.17,1548697,24141.19
2026-03-31 14:35:00.000000,24171.63,24259.73,24106.66,24116.58,801399,24163.65
2026-03-31 14:36:00.000000,24072.52,24118.8,24056.87,24100.34,976218,24087.13
2026-03-31 14:37:00.000000,24094.45,24099.45,24093.0,24097.42,729127,24096.08
2026-03-31 14:38:00.000000,24152.19,24153.16,24074.94,24083.42,1038955,24115.93
2026-03-31 14:39:00.000000,24086.21,24103.09,24070.49,24082.02,949585,24085.45
2026-03-31 14:40:00.000000,24073.03,24137.83,24037.9,24114.12,1190887,24090.72
2026-03-31 14:41:00.000000,24139.53,24185.93,24099.07,24124.84,320018,24137.34
2026-03-31 14:42:00.000000,24102.52,24202.08,24066.56,24155.18,688997,24131.59
2026-03-31 14:43:00.000000,24165.37,24212.33,24131.51,24174.98,922074,24171.05
2026-03-31 14:44:00.000000,24140.44,24157.17,24038.75,24146.13,1009962,24120.62
2026-03-31 14:45:00.000000,24136.94,24144.13,24134.97,24139.82,647837,24138.96
2026-03-31 14:46:00.000000,24041.83,24164.24,24031.15,24136.02,858944,24093.31
2026-03-31 14:47:00.000000,24135.16,24151.25,24031.89,24128.08,771234,24111.6
2026-03-31 14:48:00.000000,24112.58,24141.29,24101.67,24119.4,1117272,24118.73
2026-03-31 14:49:00.000000,24204.96,24232.57,24119.25,24124.5,1244278,24170.32
2026-03-31 14:50:00.000000,24122.1,24187.42,24110.33,24110.56,663848,24132.6
2026-03-31 14:51:00.000000,24115.9,24152.31,24045.66,24104.38,544052,24104.56
2026-03-31 14:52:00.000000,24173.5,24196.12,24075.65,24132.89,1033080,24144.54
2026-03-31 14:53:00.000000,24192.95,24194.95,24093.24,24127.24,1409164,24152.1
2026-03-31 14:54:00.000000,24072.6,24171.28,24017.91,24130.35,489626,24098.04
2026-03-31 14:55:00.000000,24153.91,24164.45,24128.81,24140.42,1397310,24146.9
2026-03-31 14:56:00.000000,24184.43,24198.87,24134.04,24134.1,630680,24162.86
2026-03-31 14:57:00.000000,24137.44,24154.91,24121.26,24132.73,1689932,24136.59
2026-03-31 14:58:00.000000,24227.14,24230.45,24141.06,24167.48,1157668,24191.53
2026-03-31 14:59:00.000000,24155.47,24164.43,24128.11,24159.58,921171,24151.9
2026-03-31 15:00:00.000000,24126.85,24154.6,24105.95,24153.6,1503593,24135.25
2026-03-31 15:01:00.000000,24114.06,24167.0,24099.32,24139.48,898441,24129.96
2026-03-31 15:02:00.000000,24158.83,24170.1,24136.53,24152.66,656735,24154.53
2026-03-31 15:03:00.000000,24107.35,24171.85,24087.16,24150.38,589780,24129.19
2026-03-31 15:04:00.000000,24186.13,24207.85,24182.92,24195.81,1219145,24193.18
2026-03-31 15:05:00.000000,24219.05,24220.52,24202.67,24202.71,1417595,24211.24
2026-03-31 15:06:00.000000,24243.09,24249.39,24202.9,24229.48,1100450,24231.22
2026-03-31 15:07:00.000000,24240.38,24350.79,24201.42,24253.85,1157073,24261.61
2026-03-31 15:08:00.000000,24292.33,24304.57,24259.23,24261.25,816614,24279.34
2026-03-31 15:09:00.000000,24336.67,24374.85,24252.21,24286.36,1092609,24312.52
2026-03-31 15:10:00.000000,24307.08,24307.53,24293.59,24303.02,765827,24302.81
2026-03-31 15:11:00.000000,24242.22,24338.46,24239.69,24261.08,518334,24270.36
2026-03-31 15:12:00.000000,24197.27,24252.89,24156.97,24216.57,1162173,24205.92
2026-03-31 15:13:00.000000,24213.96,24237.23,24178.29,24236.43,954428,24216.48
2026-03-31 15:14:00.000000,24264.94,24283.41,24206.31,24247.39,1155391,24250.51
2026-03-31 15:15:00.000000,24200.36,24258.48,24183.98,24229.94,281339,24218.19
2026-03-31 15:16:00.000000,24203.17,24229.33,24150.75,24215.41,748128,24199.66
2026-03-31 15:17:00.000000,24252.47,24260.57,24177.03,24188.71,1218455,24219.69
2026-03-31 15:18:00.000000,24125.04,24201.92,24065.59,24168.76,658765,24140.33
2026-03-31 15:19:00.000000,24188.31,24275.66,24163.15,24171.2,1541717,24199.58
2026-03-31 15:20:00.000000,24179.89,24186.46,24145.8,24185.05,835215,24174.3
2026-03-31 15:21:00.000000,24163.62,24239.7,24151.42,24178.85,441654,24183.4
2026-03-31 15:22:00.000000,24156.04,24233.18,24154.58,24191.65,949832,24183.86
2026-03-31 15:23:00.000000,24172.56,24244.21,24162.67,24205.1,874160,24196.13
2026-03-31 15:24:00.000000,24257.41,24300.32,24254.54,24256.37,408421,24267.16
2026-03-31 15:25:00.000000,24216.16,24319.2,24196.47,24291.28,1248015,24255.77
2026-03-31 15:26:00.000000,24331.6,24362.35,24303.35,24337.19,897074,24333.62
2026-03-31 15:27:00.000000,24295.56,24312.33,24274.71,24311.59,830313,24298.55
2026-03-31 15:28:00.000000,24342.49,24352.38,24267.5,24336.44,295747,24324.7
2026-03-31 15:29:00.000000,24309.19,24368.16,24276.15,24307.13,1018964,24315.16
2026-04-01 09:15:00.000000,22711.91,22821.83,22708.9,22793.71,854867,22759.09
2026-04-01 09:16:00.000000,22783.81,22792.95,22783.11,22785.8,1065411,22786.42
2026-04-01 09:17:00.000000,22808.96,22811.84,22763.08,22780.98,588204,22791.21
2026-04-01 09:18:00.000000,22715.34,22804.28,22675.19,22780.08,1007363,22743.72
2026-04-01 09:19:00.000000,22709.29,22785.59,22690.87,22759.62,1259926,22736.34
2026-04-01 09:20:00.000000,22699.32,22768.04,22698.89,22758.72,1062459,22731.24
2026-04-01 09:21:00.000000,22760.12,22793.21,22708.62,22772.26,975659,22758.55
2026-04-01 09:22:00.000000,22794.18,22807.46,22717.12,22783.5,1212583,22775.56
2026-04-01 09:23:00.000000,22744.02,22835.08,22736.11,22767.15,906968,22770.59
2026-04-01 09:24:00.000000,22773.92,22824.36,22746.0,22778.24,1080678,22780.63
2026-04-01 09:25:00.000000,22746.79,22803.52,22660.4,22764.32,815753,22743.76
2026-04-01 09:26:00.000000,22786.28,22788.69,22776.15,22782.06,1096245,22783.3
2026-04-01 09:27:00.000000,22811.71,22825.16,22727.87,22790.88,1515654,22788.91
2026-04-01 09:28:00.000000,22763.8,22785.83,22742.31,22784.93,944411,22769.22
2026-04-01 09:29:00.000000,22786.05,22815.22,22779.44,22803.13,1110420,22795.96
2026-04-01 09:30:00.000000,22836.5,22845.07,22819.89,22823.95,941548,22831.35
2026-04-01 09:31:00.000000,22786.64,22823.13,22782.11,22802.84,866544,22798.68
2026-04-01 09:32:00.000000,22773.36,22866.61,22766.28,22815.06,1116427,22805.33
2026-04-01 09:33:00.000000,22828.39,22899.89,22794.78,22846.32,476074,22842.34
2026-04-01 09:34:00.000000,22855.44,22902.01,22841.14,22845.08,1293356,22860.92
2026-04-01 09:35:00.000000,22898.61,22920.88,22844.09,22851.66,577588,22878.81
2026-04-01 09:36:00.000000,22831.1,22869.64,22814.02,22851.01,1113298,22841.44
2026-04-01 09:37:00.000000,22833.81,22852.76,22823.02,22836.53,730333,22836.53
2026-04-01 09:38:00.000000,22861.45,22868.8,22845.69,22863.06,1218587,22859.75
2026-04-01 09:39:00.000000,22897.61,22942.7,22873.43,22884.32,1387236,22899.52
2026-04-01 09:40:00.000000,22874.92,22905.33,22832.81,22878.92,750821,22872.99
2026-04-01 09:41:00.000000,22845.01,22934.55,22822.08,22871.4,1132040,22868.26
2026-04-01 09:42:00.000000,22870.84,22884.24,22855.13,22879.08,1146390,22872.32
2026-04-01 09:43:00.000000,22872.1,22879.34,22869.54,22870.7,1012499,22872.92
2026-04-01 09:44:00.000000,22827.58,22841.17,22818.85,22828.74,1029726,22829.09
2026-04-01 09:45:00.000000,22900.14,22911.12,22852.74,22868.88,897050,22883.22
2026-04-01 09:46:00.000000,22869.48,22961.09,22836.0,22892.92,954750,22889.87
2026-04-01 09:47:00.000000,22944.55,22961.07,22854.03,22895.11,882940,22913.69
2026-04-01 09:48:00.000000,22893.6,22935.7,22892.39,22926.85,783408,22912.14
2026-04-01 09:49:00.000000,22897.33,22934.49,22886.37,22921.48,1053871,22909.92
2026-04-01 09:50:00.000000,22917.03,22937.54,22865.94,22937.48,1238020,22914.5
2026-04-01 09:51:00.000000,22924.36,22924.52,22924.19,22924.35,1296900,22924.35
2026-04-01 09:52:00.000000,22934.95,22949.3,22928.4,22932.95,561243,22936.4
2026-04-01 09:53:00.000000,22932.62,22998.93,22898.65,22950.56,1153566,22945.19
2026-04-01 09:54:00.000000,22932.67,22980.23,22922.03,22956.29,1288582,22947.8
2026-04-01 09:55:00.000000,22991.39,22999.16,22945.25,22956.9,1090855,22973.17
2026-04-01 09:56:00.000000,22983.26,22995.77,22960.79,22974.69,1073455,22978.63
2026-04-01 09:57:00.000000,22953.72,23011.33,22896.14,22946.74,708491,22951.98
2026-04-01 09:58:00.000000,22966.46,23004.22,22913.03,22945.8,1323104,22957.38
2026-04-01 09:59:00.000000,22949.09,22971.39,22923.54,22960.35,786553,22951.09
2026-04-01 10:00:00.000000,22942.81,22965.45,22873.31,22944.85,1533072,22931.61
2026-04-01 10:01:00.000000,22948.48,22955.72,22897.25,22934.81,1018527,22934.06
2026-04-01 10:02:00.000000,22971.04,23030.56,22870.71,22939.8,1097522,22953.03
2026-04-01 10:03:00.000000,22985.74,23007.47,22912.96,22961.41,1132657,22966.9
2026-04-01 10:04:00.000000,22939.44,22990.36,22931.81,22943.23,1154120,22951.21
2026-04-01 10:05:00.000000,22923.98,22966.62,22923.6,22948.9,1236496,22940.77
2026-04-01 10:06:00.000000,22957.71,22975.59,22943.48,22963.86,1278219,22960.16
2026-04-01 10:07:00.000000,23000.84,23103.0,22909.52,22986.04,797352,22999.85
2026-04-01 10:08:00.000000,23057.42,23063.69,22936.77,23005.99,962380,23015.96
2026-04-01 10:09:00.000000,23008.45,23018.84,23001.1,23002.51,1023231,23007.73
2026-04-01 10:10:00.000000,23036.08,23077.85,22994.05,23041.19,1191511,23037.29
2026-04-01 10:11:00.000000,23065.91,23085.74,23044.21,23052.45,876688,23062.08
2026-04-01 10:12:00.000000,23031.21,23044.44,23029.55,23043.1,1513528,23037.07
2026-04-01 10:13:00.000000,23053.54,23065.11,23051.34,23055.91,1345002,23056.48
2026-04-01 10:14:00.000000,23100.75,23117.4,23031.78,23068.74,515840,23079.67
2026-04-01 10:15:00.000000,23104.66,23136.71,23085.21,23088.09,1158813,23103.67
2026-04-01 10:16:00.000000,23102.75,23103.71,23083.7,23087.95,792565,23094.53
2026-04-01 10:17:00.000000,23063.7,23097.57,23035.3,23075.76,1076883,23068.08
2026-04-01 10:18:00.000000,23101.86,23131.24,23075.04,23079.68,1669039,23096.96
2026-04-01 10:19:00.000000,23086.29,23131.3,23076.42,23104.34,1113616,23099.59
2026-04-01 10:20:00.000000,23111.28,23134.02,23099.05,23123.31,1263746,23116.91
2026-04-01 10:21:00.000000,23091.12,23098.9,23089.87,23096.04,1212419,23093.98
2026-04-01 10:22:00.000000,23142.08,23208.96,23097.02,23119.64,1006185,23141.92
2026-04-01 10:23:00.000000,23166.35,23202.94,23101.82,23115.6,970258,23146.68
2026-04-01 10:24:00.000000,23127.85,23148.81,23123.75,23128.2,999457,23132.15
2026-04-01 10:25:00.000000,23097.99,23160.55,23086.96,23104.92,977586,23112.6
2026-04-01 10:26:00.000000,23114.92,23150.46,23086.8,23128.18,1107436,23120.09
2026-04-01 10:27:00.000000,23136.92,23139.47,23087.38,23115.14,862640,23119.73
2026-04-01 10:28:00.000000,23142.86,23171.83,23036.72,23113.62,1507884,23116.26
2026-04-01 10:29:00.000000,23154.51,23204.81,23118.65,23132.96,1607427,23152.73
2026-04-01 10:30:00.000000,23066.79,23133.45,23052.87,23114.11,1122214,23091.81
2026-04-01 10:31:00.000000,23123.13,23229.75,23061.33,23122.38,971593,23134.15
2026-04-01 10:32:00.000000,23089.06,23096.26,23084.25,23095.15,1247567,23091.18
2026-04-01 10:33:00.000000,23100.33,23115.77,23086.85,23099.35,1086787,23100.57
2026-04-01 10:34:00.000000,23086.94,23108.65,23070.49,23082.46,855975,23087.14
2026-04-01 10:35:00.000000,23133.56,23141.85,23014.53,23067.8,690443,23089.44
2026-04-01 10:36:00.000000,23048.56,23061.52,23036.34,23058.89,491134,23051.33
2026-04-01 10:37:00.000000,23027.34,23162.25,23014.55,23060.89,444965,23066.26
2026-04-01 10:38:00.000000,23003.27,23068.7,22929.92,23039.6,1310866,23010.37
2026-04-01 10:39:00.000000,23008.95,23039.09,22965.39,23013.23,710960,23006.67
2026-04-01 10:40:00.000000,23024.39,23029.91,23013.18,23014.84,879098,23020.58
2026-04-01 10:41:00.000000,23078.83,23095.74,23005.6,23034.56,798745,23053.68
2026-04-01 10:42:00.000000,22973.72,23034.59,22935.6,23012.83,811313,22989.19
2026-04-01 10:43:00.000000,23017.06,23041.8,23010.96,23035.75,787653,23026.39
2026-04-01 10:44:00.000000,23015.77,23022.43,23008.39,23014.86,1111259,23015.36
2026-04-01 10:45:00.000000,23027.1,23038.0,23021.85,23025.79,1516941,23028.18
2026-04-01 10:46:00.000000,23032.78,23073.16,22951.95,23030.75,946359,23022.16
2026-04-01 10:47:00.000000,23011.45,23090.49,22956.84,23022.24,1172507,23020.26
2026-04-01 10:48:00.000000,23023.35,23023.59,22958.46,23002.95,1350718,23002.09
2026-04-01 10:49:00.000000,23047.02,23054.98,23017.45,23021.41,740881,23035.21
2026-04-01 10:50:00.000000,22991.5,23045.46,22934.35,22975.74,1139911,22986.76
2026-04-01 10:51:00.000000,22981.74,23009.29,22922.56,22974.16,753447,22971.94
2026-04-01 10:52:00.000000,23033.0,23053.36,22937.56,22976.92,952442,23000.21
2026-04-01 10:53:00.000000,22947.28,22982.1,22867.01,22950.16,1372996,22936.64
2026-04-01 10:54:00.000000,22937.11,22995.85,22930.29,22938.39,1373822,22950.41
2026-04-01 10:55:00.000000,22954.44,23010.18,22919.01,22940.71,789866,22956.09
2026-04-01 10:56:00.000000,22970.17,22982.63,22921.34,22929.49,1107260,22950.91
2026-04-01 10:57:00.000000,22905.29,22932.94,22903.14,22906.05,702811,22911.86
2026-04-01 10:58:00.000000,22844.74,23002.64,22825.34,22903.29,1074784,22894.01
2026-04-01 10:59:00.000000,22935.79,22964.59,22907.44,22928.48,1025719,22934.08
2026-04-01 11:00:00.000000,22940.61,22952.28,22930.79,22936.56,1382916,22940.06
2026-04-01 11:01:00.000000,22947.82,22984.66,22911.37,22956.6,1162466,22950.11
2026-04-01 11:02:00.000000,22946.6,22990.19,22934.03,22967.52,994956,22959.58
2026-04-01 11:03:00.000000,22914.02,22959.41,22871.25,22949.59,1434326,22923.57
2026-04-01 11:04:00.000000,22949.72,22962.62,22932.18,22951.48,1171450,22949.0
2026-04-01 11:05:00.000000,22956.45,22992.0,22940.68,22942.87,1033370,22958.0
2026-04-01 11:06:00.000000,22937.19,22939.34,22920.49,22934.76,479792,22932.94
2026-04-01 11:07:00.000000,22941.54,22965.01,22913.95,22948.3,701608,22942.2
2026-04-01 11:08:00.000000,22954.9,22959.74,22949.68,22957.95,927006,22955.57
2026-04-01 11:09:00.000000,22992.65,23001.05,22929.16,22968.13,943617,22972.75
2026-04-01 11:10:00.000000,23009.26,23027.79,22951.63,23004.84,934559,22998.38
2026-04-01 11:11:00.000000,23035.7,23054.6,22997.42,23012.88,1155575,23025.15
2026-04-01 11:12:00.000000,22990.26,23030.75,22982.3,23002.6,934363,23001.48
2026-04-01 11:13:00.000000,23013.49,23038.84,22980.02,23009.38,885201,23010.43
2026-04-01 11:14:00.000000,23048.26,23060.61,23002.17,23019.55,513470,23032.65
2026-04-01 11:15:00.000000,23067.48,23089.05,22999.4,23017.07,1190682,23043.25
2026-04-01 11:16:00.000000,23116.37,23131.65,22973.22,23026.35,862575,23061.9
2026-04-01 11:17:00.000000,23024.39,23045.33,22959.25,23005.67,526839,23008.66
2026-04-01 11:18:00.000000,22962.99,23011.03,22954.16,23000.44,780339,22982.15
2026-04-01 11:19:00.000000,22981.29,23074.42,22951.28,22995.86,1375444,23000.71
2026-04-01 11:20:00.000000,23032.45,23040.54,23000.66,23001.02,888933,23018.67
2026-04-01 11:21:00.000000,23007.9,23024.98,23007.05,23008.69,810363,23012.15
2026-04-01 11:22:00.000000,23010.76,23030.9,23004.92,23017.39,1006498,23015.99
2026-04-01 11:23:00.000000,23003.86,23026.31,23000.4,23018.39,1043083,23012.24
2026-04-01 11:24:00.000000,23011.43,23042.82,22977.89,23015.3,1152868,23011.86
2026-04-01 11:25:00.000000,23065.17,23070.89,22967.03,23037.8,1127485,23035.22
2026-04-01 11:26:00.000000,23021.78,23048.48,22989.08,23018.88,938547,23019.56
2026-04-01 11:27:00.000000,23023.48,23077.04,22999.54,23047.14,1777523,23036.8
2026-04-01 11:28:00.000000,23019.43,23044.26,23013.74,23026.99,1134135,23026.1
2026-04-01 11:29:00.000000,22969.06,23053.15,22958.93,23031.14,1203713,23003.07
2026-04-01 11:30:00.000000,23054.94,23114.57,23003.87,23039.85,1567786,23053.31
2026-04-01 11:31:00.000000,23039.49,23120.51,22938.24,23037.93,828260,23034.04
2026-04-01 11:32:00.000000,23045.86,23059.98,23005.38,23049.02,1261484,23040.06
2026-04-01 11:33:00.000000,23010.56,23053.97,22975.4,23040.61,1040046,23020.14
2026-04-01 11:34:00.000000,23042.54,23100.88,23041.95,23060.17,1014456,23061.38
2026-04-01 11:35:00.000000,23063.06,23078.09,23062.24,23070.73,1514604,23068.53
2026-04-01 11:36:00.000000,23081.21,23099.59,23060.21,23072.62,838667,23078.41
2026-04-01 11:37:00.000000,23084.25,23114.65,23083.81,23087.35,1228378,23092.51
2026-04-01 11:38:00.000000,23089.3,23107.23,23071.96,23100.64,1280106,23092.28
2026-04-01 11:39:00.000000,23133.27,23141.22,23093.7,23101.42,949361,23117.4
2026-04-01 11:40:00.000000,23074.75,23155.35,23044.42,23095.83,1040955,23092.59
2026-04-01 11:41:00.000000,23100.34,23130.6,23074.77,23112.74,1031469,23104.61
2026-04-01 11:42:00.000000,23133.38,23177.03,23071.33,23118.77,879443,23125.13
2026-04-01 11:43:00.000000,23121.49,23130.46,23079.14,23106.15,531357,23109.31
2026-04-01 11:44:00.000000,23131.82,23146.73,23078.26,23143.27,1241403,23125.02
2026-04-01 11:45:00.000000,23146.01,23223.12,23139.55,23156.31,1158375,23166.25
2026-04-01 11:46:00.000000,23116.87,23176.26,23112.68,23160.27,1085917,23141.52
2026-04-01 11:47:00.000000,23203.98,23225.21,23155.41,23176.53,803757,23190.28
2026-04-01 11:48:00.000000,23198.77,23289.9,23159.11,23186.38,997689,23208.54
2026-04-01 11:49:00.000000,23199.47,23220.0,23160.63,23173.76,693417,23188.46
2026-04-01 11:50:00.000000,23162.26,23192.46,23139.41,23169.63,866808,23165.94
2026-04-01 11:51:00.000000,23161.57,23272.71,23144.71,23170.53,705819,23187.38
2026-04-01 11:52:00.000000,23201.66,23205.38,23173.28,23187.72,780689,23192.01
2026-04-01 11:53:00.000000,23180.77,23245.34,23171.74,23202.3,1550731,23200.03
2026-04-01 11:54:00.000000,23232.77,23271.67,23197.89,23203.63,1323146,23226.49
2026-04-01 11:55:00.000000,23187.04,23197.74,23171.3,23183.06,1187565,23184.78
2026-04-01 11:56:00.000000,23216.86,23282.8,23170.64,23204.92,1751097,23218.81
2026-04-01 11:57:00.000000,23189.78,23228.48,23159.97,23204.4,671663,23195.66
2026-04-01 11:58:00.000000,23192.55,23253.05,23165.87,23188.91,1040473,23200.1
2026-04-01 11:59:00.000000,23149.61,23169.72,23112.5,23161.56,1394107,23148.34
2026-04-01 12:00:00.000000,23154.06,23204.19,23146.16,23172.6,1018240,23169.25
2026-04-01 12:01:00.000000,23200.87,23202.59,23190.45,23193.98,483897,23196.97
2026-04-01 12:02:00.000000,23210.13,23216.24,23167.43,23192.71,268469,23196.63
2026-04-01 12:03:00.000000,23164.13,23202.04,23150.43,23194.66,1117422,23177.81
2026-04-01 12:04:00.000000,23185.08,23185.67,23164.73,23185.38,854273,23180.22
2026-04-01 12:05:00.000000,23192.91,23221.64,23162.18,23197.05,624301,23193.44
2026-04-01 12:06:00.000000,23180.79,23206.02,23162.29,23194.68,1188110,23185.94
2026-04-01 12:07:00.000000,23211.91,23236.4,23195.17,23211.65,1284862,23213.78
2026-04-01 12:08:00.000000,23206.67,23223.42,23147.89,23195.3,1273257,23193.32
2026-04-01 12:09:00.000000,23203.14,23208.25,23198.33,23207.22,1112087,23204.24
2026-04-01 12:10:00.000000,23248.79,23262.24,23224.43,23241.03,759590,23244.12
2026-04-01 12:11:00.000000,23260.98,23277.52,23235.93,23253.99,623228,23257.1
2026-04-01 12:12:00.000000,23281.01,23284.58,23255.47,23261.98,1239184,23270.76
2026-04-01 12:13:00.000000,23179.24,23269.15,23177.71,23231.19,1040389,23214.32
2026-04-01 12:14:00.000000,23233.11,23246.17,23205.15,23230.81,1274585,23228.81
2026-04-01 12:15:00.000000,23246.76,23320.84,23173.58,23249.28,1588035,23247.61
2026-04-01 12:16:00.000000,23228.5,23259.91,23212.14,23254.0,477170,23238.64
2026-04-01 12:17:00.000000,23214.07,23235.7,23202.37,23232.22,1233120,23221.09
2026-04-01 12:18:00.000000,23233.28,23297.92,23210.43,23234.49,668353,23244.03
2026-04-01 12:19:00.000000,23202.16,23276.27,23175.68,23216.84,928136,23217.74
2026-04-01 12:20:00.000000,23228.01,23290.69,23167.78,23234.3,908914,23230.2
2026-04-01 12:21:00.000000,23246.02,23283.47,23195.35,23249.1,733900,23243.49
2026-04-01 12:22:00.000000,23262.47,23281.48,23209.24,23279.25,1089599,23258.11
2026-04-01 12:23:00.000000,23304.85,23316.81,23255.13,23291.75,684057,23292.14
2026-04-01 12:24:00.000000,23294.83,23317.91,23235.15,23309.7,604020,23289.4
2026-04-01 12:25:00.000000,23239.53,23329.52,23237.5,23309.83,1227917,23279.1
2026-04-01 12:26:00.000000,23348.2,23420.34,23269.58,23324.73,761078,23340.71
2026-04-01 12:27:00.000000,23337.7,23389.98,23305.2,23308.43,867553,23335.33
2026-04-01 12:28:00.000000,23274.43,23324.72,23268.52,23315.11,749269,23295.69
2026-04-01 12:29:00.000000,23324.47,23353.56,23271.2,23314.0,445550,23315.81
2026-04-01 12:30:00.000000,23353.24,23384.46,23306.72,23330.48,974050,23343.72
2026-04-01 12:31:00.000000,23255.91,23333.7,23239.48,23328.94,1096276,23289.51
2026-04-01 12:32:00.000000,23341.02,23356.89,23274.65,23299.42,853991,23318.0
2026-04-01 12:33:00.000000,23290.07,23329.29,23252.14,23322.23,1150682,23298.43
2026-04-01 12:34:00.000000,23308.96,23406.12,23287.04,23309.21,624442,23327.83
2026-04-01 12:35:00.000000,23321.41,23366.01,23307.41,23307.72,866600,23325.64
2026-04-01 12:36:00.000000,23284.81,23340.38,23254.15,23296.37,661503,23293.93
2026-04-01 12:37:00.000000,23295.19,23305.49,23245.7,23302.14,958021,23287.13
2026-04-01 12:38:00.000000,23295.1,23343.15,23268.66,23304.31,1730917,23302.8
2026-04-01 12:39:00.000000,23300.98,23309.36,23299.6,23300.23,568707,23302.54
2026-04-01 12:40:00.000000,23315.42,23354.35,23307.57,23325.58,947622,23325.73
2026-04-01 12:41:00.000000,23324.77,23371.88,23293.22,23314.27,510186,23326.04
2026-04-01 12:42:00.000000,23311.91,23313.94,23300.36,23304.71,1101382,23307.73
2026-04-01 12:43:00.000000,23287.66,23323.33,23261.2,23318.45,779435,23297.66
2026-04-01 12:44:00.000000,23353.99,23414.9,23273.58,23332.02,1002496,23343.62
2026-04-01 12:45:00.000000,23415.98,23475.09,23355.39,23373.25,1198651,23404.93
2026-04-01 12:46:00.000000,23409.01,23409.99,23359.11,23374.4,1374509,23388.13
2026-04-01 12:47:00.000000,23365.07,23422.07,23339.4,23393.17,947517,23379.92
2026-04-01 12:48:00.000000,23343.81,23412.37,23320.4,23369.82,569488,23361.6
2026-04-01 12:49:00.000000,23433.34,23479.56,23407.71,23420.93,983282,23435.39
2026-04-01 12:50:00.000000,23457.36,23537.83,23444.93,23453.08,894991,23473.3
2026-04-01 12:51:00.000000,23468.48,23506.8,23429.38,23479.94,933293,23471.15
2026-04-01 12:52:00.000000,23455.86,23490.2,23441.25,23469.4,1424043,23464.18
2026-04-01 12:53:00.000000,23480.31,23490.62,23475.29,23477.14,1423086,23480.84
2026-04-01 12:54:00.000000,23469.8,23499.98,23406.91,23470.41,869954,23461.78
2026-04-01 12:55:00.000000,23450.23,23473.95,23447.0,23451.11,1073007,23455.57
2026-04-01 12:56:00.000000,23515.41,23539.82,23424.24,23466.96,641562,23486.61
2026-04-01 12:57:00.000000,23470.3,23481.8,23402.6,23452.96,1254810,23451.92
2026-04-01 12:58:00.000000,23466.96,23491.66,23455.85,23469.67,633505,23471.04
2026-04-01 12:59:00.000000,23481.66,23504.82,23464.93,23478.76,1105136,23482.54
2026-04-01 13:00:00.000000,23462.62,23471.25,23454.02,23466.69,1238797,23463.64
2026-04-01 13:01:00.000000,23474.2,23519.44,23458.62,23459.74,933478,23478.0
2026-04-01 13:02:00.000000,23454.07,23455.49,23432.11,23445.17,824366,23446.71
2026-04-01 13:03:00.000000,23433.43,23472.48,23417.12,23444.79,1420588,23441.95
2026-04-01 13:04:00.000000,23420.83,23447.74,23403.69,23443.18,1102778,23428.86
2026-04-01 13:05:00.000000,23437.16,23479.1,23388.17,23440.06,1097186,23436.12
2026-04-01 13:06:00.000000,23387.51,23535.05,23373.72,23435.18,983498,23432.86
2026-04-01 13:07:00.000000,23433.78,23481.88,23378.01,23410.73,1180478,23426.1
2026-04-01 13:08:00.000000,23376.31,23445.77,23323.76,23398.0,755833,23385.96
2026-04-01 13:09:00.000000,23295.43,23377.25,23288.18,23377.19,1030797,23334.51
2026-04-01 13:10:00.000000,23428.24,23466.87,23392.25,23408.56,1006875,23423.98
2026-04-01 13:11:00.000000,23426.54,23436.58,23366.51,23423.4,1375510,23413.26
2026-04-01 13:12:00.000000,23375.24,23457.08,23350.48,23433.69,602835,23404.12
2026-04-01 13:13:00.000000,23528.22,23537.06,23435.51,23468.95,1020205,23492.43
2026-04-01 13:14:00.000000,23493.74,23559.12,23393.03,23454.11,1254176,23475.0
2026-04-01 13:15:00.000000,23419.37,23475.69,23409.98,23417.5,1067481,23430.63
2026-04-01 13:16:00.000000,23366.32,23434.35,23359.02,23406.34,1193874,23391.51
2026-04-01 13:17:00.000000,23450.22,23453.98,23410.67,23415.73,718594,23432.65
2026-04-01 13:18:00.000000,23399.92,23404.88,23390.98,23399.37,1062135,23398.79
2026-04-01 13:19:00.000000,23473.7,23507.21,23345.39,23421.27,1192748,23436.89
2026-04-01 13:20:00.000000,23487.04,23493.44,23407.14,23422.58,1342013,23452.55
2026-04-01 13:21:00.000000,23474.9,23478.37,23399.1,23432.28,859279,23446.16
2026-04-01 13:22:00.000000,23429.33,23488.67,23421.62,23460.62,637030,23450.06
2026-04-01 13:23:00.000000,23509.17,23533.12,23478.17,23493.78,897666,23503.56
2026-04-01 13:24:00.000000,23594.19,23596.15,23483.23,23485.73,1139949,23539.82
2026-04-01 13:25:00.000000,23476.05,23499.49,23455.12,23478.8,484140,23477.36
2026-04-01 13:26:00.000000,23451.67,23553.26,23388.6,23472.43,864566,23466.49
2026-04-01 13:27:00.000000,23457.86,23506.47,23453.79,23478.05,1373086,23474.04
2026-04-01 13:28:00.000000,23499.04,23532.29,23474.7,23500.36,1116573,23501.6
2026-04-01 13:29:00.000000,23542.72,23572.13,23515.66,23528.05,1178898,23539.64
2026-04-01 13:30:00.000000,23528.81,23543.73,23480.63,23543.15,610099,23524.08
2026-04-01 13:31:00.000000,23559.67,23566.03,23537.76,23556.75,1046310,23555.05
2026-04-01 13:32:00.000000,23498.61,23554.69,23466.88,23550.48,1111760,23517.67
2026-04-01 13:33:00.000000,23560.19,23586.79,23525.42,23563.51,1410070,23558.98
2026-04-01 13:34:00.000000,23545.0,23609.05,23508.24,23558.03,1121240,23555.08
2026-04-01 13:35:00.000000,23513.71,23600.83,23485.91,23548.95,997686,23537.35
2026-04-01 13:36:00.000000,23610.62,23640.65,23494.64,23548.38,948905,23573.57
2026-04-01 13:37:00.000000,23502.65,23554.05,23485.79,23536.84,1013784,23519.83
2026-04-01 13:38:00.000000,23600.46,23608.86,23487.31,23560.75,1114105,23564.35
2026-04-01 13:39:00.000000,23571.38,23582.71,23500.17,23558.68,1294490,23553.24
2026-04-01 13:40:00.000000,23539.24,23549.79,23508.42,23526.83,958785,23531.07
2026-04-01 13:41:00.000000,23560.14,23563.06,23490.48,23550.25,1918231,23540.98
2026-04-01 13:42:00.000000,23576.8,23587.1,23573.61,23581.57,1431833,23579.77
2026-04-01 13:43:00.000000,23562.0,23594.01,23545.87,23580.62,1063391,23570.63
2026-04-01 13:44:00.000000,23552.6,23581.09,23537.45,23575.54,978825,23561.67
2026-04-01 13:45:00.000000,23561.03,23610.5,23499.7,23572.57,585127,23560.95
2026-04-01 13:46:00.000000,23610.24,23639.62,23604.73,23615.46,829477,23617.51
2026-04-01 13:47:00.000000,23621.85,23635.23,23520.14,23613.02,448795,23597.56
2026-04-01 13:48:00.000000,23524.21,23740.46,23507.31,23613.94,1145554,23596.48
2026-04-01 13:49:00.000000,23680.33,23701.28,23584.07,23661.16,522157,23656.71
2026-04-01 13:50:00.000000,23628.17,23681.46,23610.11,23657.52,1526392,23644.32
2026-04-01 13:51:00.000000,23646.01,23686.22,23635.41,23651.36,522135,23654.75
2026-04-01 13:52:00.000000,23648.42,23668.75,23592.07,23643.21,1157235,23638.11
2026-04-01 13:53:00.000000,23620.63,23671.24,23609.09,23646.23,1269181,23636.8
2026-04-01 13:54:00.000000,23639.54,23653.25,23635.07,23637.27,888943,23641.28
2026-04-01 13:55:00.000000,23591.76,23634.15,23572.86,23606.5,1231583,23601.32
2026-04-01 13:56:00.000000,23633.75,23665.69,23575.08,23598.71,1319215,23618.31
2026-04-01 13:57:00.000000,23579.69,23608.15,23573.34,23596.17,1006300,23589.34
2026-04-01 13:58:00.000000,23627.42,23635.36,23551.62,23600.6,549170,23603.75
2026-04-01 13:59:00.000000,23586.1,23647.86,23519.5,23589.75,850107,23585.8
2026-04-01 14:00:00.000000,23606.61,23676.79,23600.92,23617.15,920751,23625.37
2026-04-01 14:01:00.000000,23604.67,23627.92,23551.18,23620.3,690496,23601.02
2026-04-01 14:02:00.000000,23601.65,23620.25,23574.44,23593.29,1094552,23597.41
2026-04-01 14:03:00.000000,23560.9,23583.5,23510.48,23575.81,887017,23557.67
2026-04-01 14:04:00.000000,23536.44,23544.77,23510.47,23542.0,315198,23533.42
2026-04-01 14:05:00.000000,23511.01,23554.75,23493.03,23527.2,800403,23521.5
2026-04-01 14:06:00.000000,23509.09,23551.22,23478.69,23522.6,947499,23515.4
2026-04-01 14:07:00.000000,23524.32,23528.61,23506.93,23522.5,524323,23520.59
2026-04-01 14:08:00.000000,23526.63,23557.82,23513.51,23518.86,963270,23529.2
2026-04-01 14:09:00.000000,23549.89,23559.94,23536.63,23553.51,1033423,23549.99
2026-04-01 14:10:00.000000,23572.84,23607.42,23493.2,23571.54,976688,23561.25
2026-04-01 14:11:00.000000,23568.72,23610.85,23556.75,23595.73,606238,23583.01
2026-04-01 14:12:00.000000,23551.1,23617.97,23492.91,23601.69,979910,23565.92
2026-04-01 14:13:00.000000,23559.78,23642.83,23533.67,23605.73,1640500,23585.51
2026-04-01 14:14:00.000000,23651.23,23657.17,23576.21,23609.59,508412,23623.55
2026-04-01 14:15:00.000000,23600.77,23629.68,23573.9,23602.44,622289,23601.7
2026-04-01 14:16:00.000000,23605.66,23687.86,23592.64,23636.73,557488,23630.72
2026-04-01 14:17:00.000000,23685.95,23689.5,23628.6,23678.84,485888,23670.72
2026-04-01 14:18:00.000000,23757.96,23763.8,23646.55,23684.99,1155975,23713.32
2026-04-01 14:19:00.000000,23698.77,23712.95,23666.16,23671.52,1093172,23687.35
2026-04-01 14:20:00.000000,23693.43,23693.83,23671.31,23690.09,1302400,23687.17
2026-04-01 14:21:00.000000,23674.1,23772.49,23624.37,23709.87,797329,23695.21
2026-04-01 14:22:00.000000,23675.93,23742.63,23669.68,23717.17,1548527,23701.35
2026-04-01 14:23:00.000000,23732.31,23745.92,23712.44,23734.68,838350,23731.34
2026-04-01 14:24:00.000000,23750.82,23800.45,23703.86,23722.89,353614,23744.5
2026-04-01 14:25:00.000000,23674.22,23749.82,23655.98,23723.7,647128,23700.93
2026-04-01 14:26:00.000000,23783.56,23818.08,23730.74,23758.59,1209813,23772.74
2026-04-01 14:27:00.000000,23790.01,23806.11,23729.81,23771.68,1052336,23774.4
2026-04-01 14:28:00.000000,23768.61,23787.64,23756.37,23766.2,1384543,23769.7
2026-04-01 14:29:00.000000,23761.25,23811.86,23748.62,23787.43,1399513,23777.29
2026-04-01 14:30:00.000000,23769.81,23789.8,23769.06,23773.85,681708,23775.63
2026-04-01 14:31:00.000000,23728.44,23808.56,23721.75,23771.8,455155,23757.64
2026-04-01 14:32:00.000000,23718.58,23817.94,23671.74,23798.63,1042265,23751.72
2026-04-01 14:33:00.000000,23802.21,23813.96,23795.6,23807.36,1553216,23804.78
2026-04-01 14:34:00.000000,23848.69,23873.37,23793.92,23836.99,1165543,23838.24
2026-04-01 14:35:00.000000,23874.48,23890.2,23862.13,23877.69,1229701,23876.13
2026-04-01 14:36:00.000000,23875.36,23892.84,23851.23,23865.92,674356,23871.34
2026-04-01 14:37:00.000000,23905.14,23941.58,23743.41,23885.92,1055052,23869.01
2026-04-01 14:38:00.000000,23910.36,23941.11,23808.81,23909.83,581661,23892.53
2026-04-01 14:39:00.000000,23946.44,23975.55,23823.2,23899.7,1268643,23911.22
2026-04-01 14:40:00.000000,23939.68,23952.01,23898.51,23947.78,704143,23934.49
2026-04-01 14:41:00.000000,23971.44,23983.29,23946.51,23948.27,1131224,23962.38
2026-04-01 14:42:00.000000,23966.97,24014.79,23904.95,23960.81,937836,23961.88
2026-04-01 14:43:00.000000,23928.7,24040.98,23874.78,23990.86,978503,23958.83
2026-04-01 14:44:00.000000,24014.91,24147.89,23948.04,23997.09,1233856,24026.98
2026-04-01 14:45:00.000000,24044.66,24049.4,23941.52,23986.71,747591,24005.57
2026-04-01 14:46:00.000000,23984.88,24038.53,23913.14,23977.51,649123,23978.51
2026-04-01 14:47:00.000000,24001.86,24034.0,23992.69,23993.84,588524,24005.6
2026-04-01 14:48:00.000000,24033.06,24034.74,23977.28,24014.82,1295366,24014.98
2026-04-01 14:49:00.000000,24064.14,24119.64,24011.5,24065.28,604761,24065.14
2026-04-01 14:50:00.000000,24079.59,24080.02,24069.96,24076.32,785457,24076.47
2026-04-01 14:51:00.000000,24072.23,24099.29,24020.41,24056.12,1135521,24062.01
2026-04-01 14:52:00.000000,24035.32,24040.67,23988.61,24033.33,800111,24024.48
2026-04-01 14:53:00.000000,24043.43,24043.93,23974.02,24003.54,556514,24016.23
2026-04-01 14:54:00.000000,24037.1,24063.88,23953.36,23999.09,787393,24013.36
2026-04-01 14:55:00.000000,23951.34,24087.53,23934.46,24051.54,844580,24006.22
2026-04-01 14:56:00.000000,24047.21,24058.66,24038.38,24039.13,1067626,24045.84
2026-04-01 14:57:00.000000,24064.89,24116.88,24061.48,24068.37,1360496,24077.91
2026-04-01 14:58:00.000000,24209.28,24211.4,23999.19,24078.74,777375,24124.65
2026-04-01 14:59:00.000000,24082.99,24118.91,24051.3,24071.27,802830,24081.12
2026-04-01 15:00:00.000000,24057.62,24123.6,24022.23,24068.53,786799,24068.0
2026-04-01 15:01:00.000000,24081.45,24101.43,24074.2,24074.64,884523,24082.93
2026-04-01 15:02:00.000000,24062.07,24073.86,24055.03,24061.96,1261542,24063.23
2026-04-01 15:03:00.000000,24040.95,24062.32,24032.24,24044.56,1369738,24045.02
2026-04-01 15:04:00.000000,24069.1,24076.39,24032.04,24039.12,1128011,24054.16
2026-04-01 15:05:00.000000,24063.6,24074.8,24012.8,24028.49,1488296,24044.92
2026-04-01 15:06:00.000000,24063.01,24086.9,24025.71,24045.14,524505,24055.19
2026-04-01 15:07:00.000000,24116.25,24133.2,23975.43,24018.78,1424751,24060.91
2026-04-01 15:08:00.000000,24086.68,24111.13,24014.81,24036.68,1001450,24062.32
2026-04-01 15:09:00.000000,24104.37,24161.42,24004.81,24037.22,1214048,24076.96
2026-04-01 15:10:00.000000,24043.6,24056.55,24013.55,24042.36,965153,24039.02
2026-04-01 15:11:00.000000,24044.98,24118.76,24026.76,24038.63,887575,24057.28
2026-04-01 15:12:00.000000,24039.55,24040.79,23974.22,24025.24,1270234,24019.95
2026-04-01 15:13:00.000000,24006.89,24079.41,23960.41,24002.48,1299932,24012.3
2026-04-01 15:14:00.000000,24022.81,24025.07,24014.47,24016.71,1096927,24019.77
2026-04-01 15:15:00.000000,24029.93,24075.8,24018.69,24022.71,873722,24036.78
2026-04-01 15:16:00.000000,24123.98,24127.67,23992.82,24035.85,582922,24070.08
2026-04-01 15:17:00.000000,24044.18,24059.59,24007.47,24045.9,1163430,24039.29
2026-04-01 15:18:00.000000,24071.61,24105.86,23980.3,24039.77,611300,24049.38
2026-04-01 15:19:00.000000,24049.33,24105.46,24015.62,24055.12,952599,24056.38
2026-04-01 15:20:00.000000,24074.87,24079.44,24073.64,24074.22,427776,24075.54
2026-04-01 15:21:00.000000,24089.9,24116.25,24017.79,24058.96,1190477,24070.72
2026-04-01 15:22:00.000000,24052.88,24078.38,23977.88,24031.4,1805783,24035.14
2026-04-01 15:23:00.000000,24034.5,24044.31,23970.21,23996.0,898843,24011.25
2026-04-01 15:24:00.000000,24063.21,24080.63,23999.85,24013.96,1022874,24039.41
2026-04-01 15:25:00.000000,23988.06,24017.49,23986.07,24007.49,1693620,23999.78
2026-04-01 15:26:00.000000,23989.82,24018.88,23978.27,24012.16,1013790,23999.78
2026-04-01 15:27:00.000000,24003.32,24015.22,23924.01,23991.63,893975,23983.55
2026-04-01 15:28:00.000000,24001.86,24020.21,23961.13,23992.25,1068696,23993.86
2026-04-01 15:29:00.000000,23992.01,24085.07,23923.31,23961.28,799913,23990.42
2026-04-02 09:15:00.000000,22713.6,22869.35,22710.21,22764.87,980596,22764.51
2026-04-02 09:16:00.000000,22710.97,22777.5,22701.19,22768.05,951557,22739.43
2026-04-02 09:17:00.000000,22710.29,22807.58,22688.13,22783.75,996305,22747.44
2026-04-02 09:18:00.000000,22740.49,22808.6,22729.39,22791.6,410052,22767.52
2026-04-02 09:19:00.000000,22794.03,22852.44,22782.6,22798.9,1290029,22806.99
2026-04-02 09:20:00.000000,22777.14,22844.16,22760.71,22806.26,1114729,22797.07
2026-04-02 09:21:00.000000,22860.1,22871.52,22754.93,22810.6,1062432,22824.29
2026-04-02 09:22:00.000000,22816.54,22852.72,22802.4,22815.42,780290,22821.77
2026-04-02 09:23:00.000000,22806.21,22885.05,22803.62,22859.52,1002615,22838.6
2026-04-02 09:24:00.000000,22904.72,22907.62,22839.6,22866.54,818280,22879.62
2026-04-02 09:25:00.000000,22824.62,22901.73,22806.3,22852.45,676118,22846.28
2026-04-02 09:26:00.000000,22839.99,22879.19,22785.62,22868.45,904864,22843.31
2026-04-02 09:27:00.000000,22846.77,22909.81,22817.14,22878.16,1752007,22862.97
2026-04-02 09:28:00.000000,22881.33,22885.39,22868.42,22875.5,1111104,22877.66
2026-04-02 09:29:00.000000,22875.52,22940.71,22849.15,22902.17,1693622,22891.89
2026-04-02 09:30:00.000000,22907.99,22946.23,22884.29,22904.19,611007,22910.67
2026-04-02 09:31:00.000000,22883.99,22898.92,22865.42,22868.16,468052,22879.12
2026-04-02 09:32:00.000000,22883.15,22895.18,22881.16,22886.34,828539,22886.46
2026-04-02 09:33:00.000000,22893.07,22938.71,22858.78,22883.67,1283996,22893.56
2026-04-02 09:34:00.000000,22923.53,22948.63,22897.12,22901.42,615273,22917.68
2026-04-02 09:35:00.000000,22894.36,22921.39,22841.94,22880.95,891338,22884.66
2026-04-02 09:36:00.000000,22978.42,23037.54,22900.07,22912.74,756271,22957.19
2026-04-02 09:37:00.000000,22899.46,22907.1,22878.63,22880.22,620233,22891.35
2026-04-02 09:38:00.000000,22913.0,22931.92,22896.71,22912.41,1184823,22913.51
2026-04-02 09:39:00.000000,22927.63,22966.33,22919.2,22919.73,1374212,22933.22
2026-04-02 09:40:00.000000,22910.81,23005.2,22898.73,22936.98,960439,22937.93
2026-04-02 09:41:00.000000,22943.02,22969.98,22913.32,22945.24,935996,22942.89
2026-04-02 09:42:00.000000,22889.27,23000.42,22839.88,22956.18,743629,22921.44
2026-04-02 09:43:00.000000,22896.98,22986.24,22878.24,22928.23,681189,22922.42
2026-04-02 09:44:00.000000,22958.45,22966.31,22842.69,22921.85,1059232,22922.33
2026-04-02 09:45:00.000000,22888.16,22907.58,22883.25,22890.96,502445,22892.49
2026-04-02 09:46:00.000000,22895.2,22962.18,22835.7,22904.54,1073665,22899.41
2026-04-02 09:47:00.000000,22928.47,22936.69,22904.46,22909.19,1351289,22919.7
2026-04-02 09:48:00.000000,22910.44,22925.45,22881.37,22904.94,675178,22905.55
2026-04-02 09:49:00.000000,22842.39,22947.09,22815.58,22878.53,1140372,22870.9
2026-04-02 09:50:00.000000,22871.36,22879.01,22859.99,22875.89,817019,22871.56
2026-04-02 09:51:00.000000,22916.99,22937.18,22872.81,22883.3,611602,22902.57
2026-04-02 09:52:00.000000,22946.78,22958.5,22895.11,22920.07,1104011,22930.12
2026-04-02 09:53:00.000000,22841.45,22888.6,22803.56,22877.35,757438,22852.74
2026-04-02 09:54:00.000000,22777.88,22902.06,22765.29,22845.34,840969,22822.64
2026-04-02 09:55:00.000000,22891.76,22939.89,22876.86,22899.78,1228077,22902.08
2026-04-02 09:56:00.000000,22914.45,22944.01,22902.26,22934.38,667475,22923.78
2026-04-02 09:57:00.000000,22904.72,22920.37,22883.89,22918.62,904225,22906.9
2026-04-02 09:58:00.000000,22911.4,22930.0,22892.39,22924.16,1131358,22914.49
2026-04-02 09:59:00.000000,22920.55,22938.44,22904.97,22923.65,984431,22921.9
2026-04-02 10:00:00.000000,22924.79,22928.96,22897.12,22904.11,1225456,22913.75
2026-04-02 10:01:00.000000,22888.06,22945.65,22844.81,22889.95,1232621,22892.12
2026-04-02 10:02:00.000000,22899.41,22924.66,22859.46,22894.62,1072459,22894.54
2026-04-02 10:03:00.000000,22942.99,22944.77,22870.05,22886.62,1043930,22911.11
2026-04-02 10:04:00.000000,22938.61,22965.24,22878.67,22893.62,1225996,22919.03
2026-04-02 10:05:00.000000,22869.13,22963.7,22845.48,22886.27,729433,22891.14
2026-04-02 10:06:00.000000,22905.23,22912.97,22858.49,22905.16,1214553,22895.46
2026-04-02 10:07:00.000000,22911.67,22912.38,22854.81,22899.89,1068925,22894.69
2026-04-02 10:08:00.000000,22984.2,23012.44,22904.7,22908.17,909298,22952.38
2026-04-02 10:09:00.000000,22883.69,22949.54,22866.37,22902.74,1303059,22900.59
2026-04-02 10:10:00.000000,22958.88,22982.54,22889.82,22909.85,959274,22935.27
2026-04-02 10:11:00.000000,22915.7,22947.75,22893.88,22935.8,1082279,22923.28
2026-04-02 10:12:00.000000,22930.47,22985.88,22864.27,22945.71,336165,22931.58
2026-04-02 10:13:00.000000,22964.56,22977.59,22902.76,22955.09,699411,22950.0
2026-04-02 10:14:00.000000,23009.93,23036.86,22933.86,22949.54,1067461,22982.55
2026-04-02 10:15:00.000000,23030.38,23063.56,22836.42,22952.15,1351028,22970.63
2026-04-02 10:16:00.000000,22934.15,22996.06,22918.19,22946.21,1019366,22948.65
2026-04-02 10:17:00.000000,22946.97,22947.11,22876.68,22933.72,1063801,22926.12
2026-04-02 10:18:00.000000,22925.51,23015.97,22866.97,22921.83,831992,22932.57
2026-04-02 10:19:00.000000,22883.42,22945.86,22830.54,22916.5,1424826,22894.08
2026-04-02 10:20:00.000000,22921.09,22922.78,22896.62,22902.88,1188530,22910.84
2026-04-02 10:21:00.000000,22904.0,22913.35,22896.09,22902.75,986502,22904.05
2026-04-02 10:22:00.000000,22942.93,22960.21,22876.48,22884.14,1481295,22915.94
2026-04-02 10:23:00.000000,23011.9,23030.66,22903.37,22914.65,1277869,22965.15
2026-04-02 10:24:00.000000,22907.73,22920.84,22904.92,22915.38,1441703,22912.22
2026-04-02 10:25:00.000000,22908.39,22950.04,22863.8,22917.75,920438,22909.99
2026-04-02 10:26:00.000000,22868.12,23017.08,22865.29,22925.58,725737,22919.02
2026-04-02 10:27:00.000000,22952.73,22969.02,22921.5,22925.57,1203041,22942.2
2026-04-02 10:28:00.000000,22912.76,22918.68,22878.85,22914.77,943097,22906.26
2026-04-02 10:29:00.000000,22939.68,22948.5,22910.15,22937.93,1026707,22934.07
2026-04-02 10:30:00.000000,22981.16,23003.71,22880.79,22934.88,1346014,22950.13
2026-04-02 10:31:00.000000,22926.14,23023.01,22887.93,22953.37,997674,22947.62
2026-04-02 10:32:00.000000,22979.72,22988.53,22883.79,22958.17,721396,22952.55
2026-04-02 10:33:00.000000,22943.71,23053.1,22935.74,22967.16,1392801,22974.93
2026-04-02 10:34:00.000000,22986.21,23016.06,22900.6,22930.76,807072,22958.41
2026-04-02 10:35:00.000000,22909.11,22916.15,22850.72,22898.05,750466,22893.51
2026-04-02 10:36:00.000000,22862.61,22949.84,22858.54,22906.79,1253923,22894.45
2026-04-02 10:37:00.000000,22932.41,22943.32,22896.71,22908.34,531177,22920.2
2026-04-02 10:38:00.000000,22920.7,22921.14,22910.78,22917.48,555182,22917.53
2026-04-02 10:39:00.000000,22932.87,22955.89,22919.03,22925.09,1102194,22933.22
2026-04-02 10:40:00.000000,23008.34,23020.69,22907.81,22971.97,991563,22977.2
2026-04-02 10:41:00.000000,23046.77,23049.3,22978.03,22995.76,1215242,23017.47
2026-04-02 10:42:00.000000,22985.99,23040.39,22968.73,23012.18,1569965,23001.82
2026-04-02 10:43:00.000000,23030.81,23034.63,23000.44,23033.13,1348268,23024.75
2026-04-02 10:44:00.000000,23046.9,23085.84,23007.13,23047.12,353669,23046.75
2026-04-02 10:45:00.000000,23006.82,23070.89,22982.95,23058.08,717687,23029.69
2026-04-02 10:46:00.000000,23017.43,23051.24,23011.01,23037.93,849338,23029.41
2026-04-02 10:47:00.000000,23067.86,23082.85,23034.87,23054.82,577108,23060.1
2026-04-02 10:48:00.000000,23049.93,23086.2,23031.43,23052.39,1276084,23054.99
2026-04-02 10:49:00.000000,23071.25,23073.41,23070.29,23072.25,758165,23071.8
2026-04-02 10:50:00.000000,23110.29,23115.79,23073.86,23074.76,117809,23093.68
2026-04-02 10:51:00.000000,23114.07,23145.77,23064.38,23077.22,1368292,23100.36
2026-04-02 10:52:00.000000,23085.74,23097.75,22998.31,23081.42,1311871,23065.81
2026-04-02 10:53:00.000000,23082.35,23132.62,23007.3,23072.13,965417,23073.6
2026-04-02 10:54:00.000000,23084.27,23132.08,23062.15,23062.65,1090575,23085.29
2026-04-02 10:55:00.000000,23072.73,23081.08,23043.28,23064.88,897690,23065.49
2026-04-02 10:56:00.000000,23068.15,23124.22,23059.32,23063.53,748545,23078.8
2026-04-02 10:57:00.000000,23130.61,23153.86,23022.06,23065.3,1169408,23092.96
2026-04-02 10:58:00.000000,23066.28,23071.07,23044.57,23070.7,948117,23063.16
2026-04-02 10:59:00.000000,23069.28,23127.68,23047.51,23105.72,411213,23087.55
2026-04-02 11:00:00.000000,23092.33,23116.99,23090.27,23111.38,801256,23102.74
2026-04-02 11:01:00.000000,23159.09,23194.72,23100.7,23151.39,1053699,23151.47
2026-04-02 11:02:00.000000,23173.26,23174.11,23118.74,23150.0,1363836,23154.03
2026-04-02 11:03:00.000000,23153.82,23163.2,23139.7,23141.11,976693,23149.46
2026-04-02 11:04:00.000000,23235.93,23280.41,23153.34,23171.59,1186421,23210.32
2026-04-02 11:05:00.000000,23200.52,23241.21,23184.08,23190.44,843382,23204.06
2026-04-02 11:06:00.000000,23181.38,23229.08,23175.2,23190.47,565919,23194.03
2026-04-02 11:07:00.000000,23196.73,23197.43,23143.12,23183.83,1127838,23180.28
2026-04-02 11:08:00.000000,23178.23,23214.5,23116.0,23173.83,896112,23170.64
2026-04-02 11:09:00.000000,23209.39,23211.57,23162.64,23177.42,1055178,23190.25
2026-04-02 11:10:00.000000,23171.53,23189.65,23169.85,23177.98,1377480,23177.25
2026-04-02 11:11:00.000000,23206.97,23219.21,23148.63,23189.93,683194,23191.19
2026-04-02 11:12:00.000000,23223.48,23246.13,23196.99,23205.08,1191132,23217.92
2026-04-02 11:13:00.000000,23197.53,23215.44,23187.05,23199.49,1249951,23199.88
2026-04-02 11:14:00.000000,23209.35,23215.57,23194.97,23213.45,586168,23208.33
2026-04-02 11:15:00.000000,23145.36,23149.7,23145.08,23148.9,697302,23147.26
2026-04-02 11:16:00.000000,23203.87,23223.11,23151.9,23183.4,713688,23190.57
2026-04-02 11:17:00.000000,23156.37,23184.29,23117.14,23170.44,918904,23157.06
2026-04-02 11:18:00.000000,23191.06,23222.2,23137.5,23171.74,852402,23180.63
2026-04-02 11:19:00.000000,23184.61,23189.12,23182.92,23183.08,1328255,23184.93
2026-04-02 11:20:00.000000,23184.82,23240.06,23174.43,23187.92,1139457,23196.81
2026-04-02 11:21:00.000000,23180.5,23245.32,23161.53,23195.25,1111926,23195.65
2026-04-02 11:22:00.000000,23262.36,23306.49,23158.42,23202.45,1066031,23232.43
2026-04-02 11:23:00.000000,23217.69,23250.2,23154.86,23211.54,745624,23208.57
2026-04-02 11:24:00.000000,23173.07,23230.94,23158.67,23217.0,1022647,23194.92
2026-04-02 11:25:00.000000,23109.31,23281.78,23103.22,23201.6,925843,23173.98
2026-04-02 11:26:00.000000,23214.93,23274.8,23210.92,23211.53,915250,23228.05
2026-04-02 11:27:00.000000,23225.7,23227.9,23129.18,23203.5,1267933,23196.57
2026-04-02 11:28:00.000000,23193.92,23220.14,23153.45,23175.72,689629,23185.81
2026-04-02 11:29:00.000000,23161.59,23217.4,23080.36,23153.65,1245924,23153.25
2026-04-02 11:30:00.000000,23195.93,23196.6,23189.96,23195.6,922402,23194.52
2026-04-02 11:31:00.000000,23163.51,23202.47,23162.85,23202.36,992108,23182.8
2026-04-02 11:32:00.000000,23368.82,23371.57,23173.43,23211.22,1358275,23281.26
2026-04-02 11:33:00.000000,23242.74,23257.43,23223.64,23234.62,1129708,23239.61
2026-04-02 11:34:00.000000,23263.66,23269.64,23221.85,23247.93,1241645,23250.77
2026-04-02 11:35:00.000000,23310.75,23326.47,23235.8,23246.61,1252571,23279.9
2026-04-02 11:36:00.000000,23204.99,23285.21,23192.29,23271.55,196437,23238.51
2026-04-02 11:37:00.000000,23257.29,23329.6,23234.51,23248.75,1240673,23267.54
2026-04-02 11:38:00.000000,23301.17,23327.24,23195.39,23246.31,894816,23267.53
2026-04-02 11:39:00.000000,23263.06,23264.05,23216.23,23263.72,667503,23251.76
2026-04-02 11:40:00.000000,23233.36,23291.76,23227.6,23268.85,823887,23255.39
2026-04-02 11:41:00.000000,23355.93,23405.2,23311.97,23336.37,1739899,23352.37
2026-04-02 11:42:00.000000,23346.46,23386.4,23307.07,23362.0,1166243,23350.48
2026-04-02 11:43:00.000000,23345.48,23377.34,23306.57,23332.34,1081391,23340.43
2026-04-02 11:44:00.000000,23280.28,23341.67,23277.63,23332.99,728835,23308.14
2026-04-02 11:45:00.000000,23282.12,23351.57,23281.08,23349.01,755018,23315.94
2026-04-02 11:46:00.000000,23269.45,23350.86,23269.31,23332.26,487302,23305.47
2026-04-02 11:47:00.000000,23371.03,23402.04,23315.1,23344.37,594568,23358.13
2026-04-02 11:48:00.000000,23314.64,23378.49,23279.78,23350.48,1288037,23330.85
2026-04-02 11:49:00.000000,23310.6,23336.57,23302.39,23312.95,1308710,23315.63
2026-04-02 11:50:00.000000,23317.46,23354.89,23311.25,23350.91,1292457,23333.63
2026-04-02 11:51:00.000000,23326.83,23332.55,23316.5,23323.91,975004,23324.95
2026-04-02 11:52:00.000000,23334.85,23365.89,23305.73,23324.68,893463,23332.79
2026-04-02 11:53:00.000000,23298.35,23334.15,23281.22,23323.23,1138164,23309.24
2026-04-02 11:54:00.000000,23329.86,23374.92,23317.96,23340.21,824720,23340.74
2026-04-02 11:55:00.000000,23386.71,23391.93,23380.85,23386.57,1354411,23386.52
2026-04-02 11:56:00.000000,23367.26,23410.56,23282.37,23358.34,1148603,23354.63
2026-04-02 11:57:00.000000,23326.3,23342.03,23297.24,23337.04,825800,23325.65
2026-04-02 11:58:00.000000,23349.58,23399.25,23290.68,23333.68,1130606,23343.3
2026-04-02 11:59:00.000000,23341.67,23351.34,23294.03,23338.89,738115,23331.48
2026-04-02 12:00:00.000000,23380.83,23436.65,23328.69,23345.03,1081543,23372.8
2026-04-02 12:01:00.000000,23312.23,23338.07,23296.0,23338.02,1115515,23321.08
2026-04-02 12:02:00.000000,23369.54,23387.7,23342.54,23357.02,1074447,23364.2
2026-04-02 12:03:00.000000,23339.56,23412.11,23331.98,23353.33,1096402,23359.24
2026-04-02 12:04:00.000000,23399.42,23411.95,23338.67,23401.53,394027,23387.89
2026-04-02 12:05:00.000000,23385.05,23406.06,23369.8,23402.71,1055265,23390.9
2026-04-02 12:06:00.000000,23389.51,23426.31,23374.26,23398.16,1560969,23397.06
2026-04-02 12:07:00.000000,23402.71,23436.75,23380.45,23392.1,1265135,23403.0
2026-04-02 12:08:00.000000,23382.95,23431.56,23326.76,23392.7,987138,23383.5
2026-04-02 12:09:00.000000,23380.86,23416.73,23361.31,23405.56,1023807,23391.12
2026-04-02 12:10:00.000000,23336.83,23407.01,23307.41,23399.15,437911,23362.6
2026-04-02 12:11:00.000000,23355.62,23363.37,23350.55,23359.65,1404744,23357.3
2026-04-02 12:12:00.000000,23346.25,23365.07,23326.12,23343.1,756679,23345.13
2026-04-02 12:13:00.000000,23307.74,23409.79,23305.12,23366.08,777357,23347.18
2026-04-02 12:14:00.000000,23365.78,23375.02,23365.45,23373.95,1146211,23370.05
2026-04-02 12:15:00.000000,23358.0,23455.93,23343.39,23384.05,1045018,23385.34
2026-04-02 12:16:00.000000,23394.13,23435.5,23337.54,23406.46,1372144,23393.41
2026-04-02 12:17:00.000000,23396.2,23465.37,23297.58,23432.16,149911,23397.83
2026-04-02 12:18:00.000000,23404.55,23463.42,23335.69,23401.8,718323,23401.37
2026-04-02 12:19:00.000000,23353.02,23488.34,23343.57,23397.92,1247327,23395.71
2026-04-02 12:20:00.000000,23374.33,23407.65,23318.0,23400.43,1071910,23375.1
2026-04-02 12:21:00.000000,23403.24,23434.43,23402.19,23417.87,696146,23414.43
2026-04-02 12:22:00.000000,23456.79,23501.46,23417.59,23457.37,817166,23458.3
2026-04-02 12:23:00.000000,23457.86,23457.98,23435.49,23442.14,1247427,23448.37
2026-04-02 12:24:00.000000,23471.18,23475.33,23379.93,23465.22,1007092,23447.91
2026-04-02 12:25:00.000000,23450.55,23465.19,23429.42,23452.82,409342,23449.49
2026-04-02 12:26:00.000000,23468.68,23537.86,23447.28,23458.03,1605355,23477.96
2026-04-02 12:27:00.000000,23443.25,23476.23,23431.97,23450.82,1335060,23450.57
2026-04-02 12:28:00.000000,23426.95,23457.88,23381.67,23436.76,492280,23425.82
2026-04-02 12:29:00.000000,23431.45,23474.96,23412.71,23456.21,1091158,23443.83
2026-04-02 12:30:00.000000,23465.07,23493.65,23448.94,23468.46,1369961,23469.03
2026-04-02 12:31:00.000000,23398.7,23511.8,23398.2,23436.33,761740,23436.26
2026-04-02 12:32:00.000000,23419.38,23434.07,23418.25,23430.33,1550644,23425.51
2026-04-02 12:33:00.000000,23449.92,23558.96,23353.96,23451.91,1142936,23453.69
2026-04-02 12:34:00.000000,23470.87,23485.37,23441.42,23470.44,797646,23467.02
2026-04-02 12:35:00.000000,23574.99,23575.35,23468.35,23487.82,1077997,23526.63
2026-04-02 12:36:00.000000,23459.91,23565.8,23458.04,23489.66,969987,23493.35
2026-04-02 12:37:00.000000,23549.37,23609.88,23490.93,23507.06,555847,23539.31
2026-04-02 12:38:00.000000,23520.45,23525.41,23516.23,23519.14,1051675,23520.31
2026-04-02 12:39:00.000000,23535.1,23538.05,23524.05,23526.71,783565,23530.98
2026-04-02 12:40:00.000000,23478.29,23535.44,23416.71,23521.53,818659,23487.99
2026-04-02 12:41:00.000000,23550.88,23567.73,23485.38,23521.57,931803,23531.39
2026-04-02 12:42:00.000000,23539.14,23600.72,23495.69,23528.5,420649,23541.01
2026-04-02 12:43:00.000000,23465.06,23552.41,23411.15,23546.81,1885234,23493.86
2026-04-02 12:44:00.000000,23627.17,23629.29,23526.79,23574.42,1135468,23589.42
2026-04-02 12:45:00.000000,23617.4,23641.74,23561.65,23582.57,816832,23600.84
2026-04-02 12:46:00.000000,23580.08,23591.92,23578.63,23583.96,606008,23583.65
2026-04-02 12:47:00.000000,23572.62,23615.15,23526.99,23609.11,1215222,23580.97
2026-04-02 12:48:00.000000,23661.14,23683.73,23566.21,23627.5,593550,23634.65
2026-04-02 12:49:00.000000,23642.51,23660.73,23629.0,23629.66,1408782,23640.47
2026-04-02 12:50:00.000000,23606.81,23640.73,23583.13,23624.97,897364,23613.91
2026-04-02 12:51:00.000000,23617.93,23654.15,23604.55,23633.46,1024244,23627.52
2026-04-02 12:52:00.000000,23605.84,23649.02,23595.8,23630.8,1582935,23620.37
2026-04-02 12:53:00.000000,23709.26,23716.99,23646.16,23671.56,765412,23685.99
2026-04-02 12:54:00.000000,23636.92,23637.23,23624.72,23634.94,974693,23633.45
2026-04-02 12:55:00.000000,23598.51,23644.4,23573.07,23640.37,1341306,23614.09
2026-04-02 12:56:00.000000,23630.17,23647.25,23592.13,23638.52,1227404,23627.02
2026-04-02 12:57:00.000000,23631.81,23736.08,23563.54,23627.08,1429889,23639.63
2026-04-02 12:58:00.000000,23666.6,23686.69,23631.42,23650.62,766190,23658.83
2026-04-02 12:59:00.000000,23625.78,23632.78,23528.78,23614.61,1003108,23600.49
2026-04-02 13:00:00.000000,23618.11,23727.74,23585.28,23633.02,1031778,23641.04
2026-04-02 13:01:00.000000,23616.08,23717.75,23600.21,23622.6,1100584,23639.16
2026-04-02 13:02:00.000000,23620.75,23658.91,23548.47,23633.7,873673,23615.46
2026-04-02 13:03:00.000000,23649.5,23680.54,23535.55,23645.32,1397683,23627.73
2026-04-02 13:04:00.000000,23626.63,23655.52,23614.42,23641.15,874757,23634.43
2026-04-02 13:05:00.000000,23702.41,23763.18,23561.76,23634.15,1133722,23665.38
2026-04-02 13:06:00.000000,23640.25,23669.98,23636.76,23644.81,708223,23647.95
2026-04-02 13:07:00.000000,23630.0,23695.14,23619.6,23647.72,1375135,23648.12
2026-04-02 13:08:00.000000,23669.94,23701.2,23645.6,23681.41,1221424,23674.54
2026-04-02 13:09:00.000000,23784.76,23822.6,23705.73,23711.58,536064,23756.17
2026-04-02 13:10:00.000000,23725.52,23814.73,23718.75,23734.57,1357189,23748.39
2026-04-02 13:11:00.000000,23780.41,23814.47,23738.6,23738.69,951326,23768.04
2026-04-02 13:12:00.000000,23786.69,23812.5,23706.41,23769.33,568870,23768.73
2026-04-02 13:13:00.000000,23794.04,23800.47,23792.4,23795.64,562935,23795.64
2026-04-02 13:14:00.000000,23899.11,23938.33,23768.42,23834.55,1434838,23860.1
2026-04-02 13:15:00.000000,23846.44,23872.32,23804.63,23826.03,847733,23837.36
2026-04-02 13:16:00.000000,23878.26,23892.46,23796.44,23822.95,617161,23847.53
2026-04-02 13:17:00.000000,23786.8,23827.27,23771.47,23784.22,1042008,23792.44
2026-04-02 13:18:00.000000,23751.23,23819.28,23750.96,23803.38,901811,23781.21
2026-04-02 13:19:00.000000,23803.22,23821.57,23802.48,23811.11,1288964,23809.59
2026-04-02 13:20:00.000000,23784.58,23859.5,23748.63,23825.7,763118,23804.6
2026-04-02 13:21:00.000000,23891.31,23897.0,23789.65,23839.36,553883,23854.33
2026-04-02 13:22:00.000000,23834.95,23881.26,23782.31,23833.41,1000212,23832.98
2026-04-02 13:23:00.000000,23801.78,23868.86,23753.02,23830.79,1439178,23813.61
2026-04-02 13:24:00.000000,23845.4,23881.21,23836.4,23842.8,1047344,23851.45
2026-04-02 13:25:00.000000,23895.16,23954.05,23838.76,23856.52,1667296,23886.12
2026-04-02 13:26:00.000000,23858.31,23871.17,23843.41,23851.76,1340987,23856.16
2026-04-02 13:27:00.000000,23859.69,23875.75,23776.51,23872.53,345518,23846.12
2026-04-02 13:28:00.000000,23899.95,23909.21,23880.56,23898.01,901911,23896.93
2026-04-02 13:29:00.000000,23850.61,23878.19,23807.26,23866.82,1432971,23850.72
2026-04-02 13:30:00.000000,23820.71,23866.4,23772.71,23858.81,716841,23829.66
2026-04-02 13:31:00.000000,23828.14,23851.07,23792.91,23844.63,969904,23829.19
2026-04-02 13:32:00.000000,23744.13,23858.68,23744.05,23823.82,1198829,23792.67
2026-04-02 13:33:00.000000,23822.86,23824.52,23815.87,23823.02,1084102,23821.57
2026-04-02 13:34:00.000000,23872.51,23873.61,23780.47,23813.71,510805,23835.08
2026-04-02 13:35:00.000000,23747.21,23845.76,23739.45,23823.74,1273573,23789.04
2026-04-02 13:36:00.000000,23806.55,23850.74,23781.94,23834.28,1625629,23818.38
2026-04-02 13:37:00.000000,23706.98,23816.55,23703.06,23815.43,839497,23760.51
2026-04-02 13:38:00.000000,23787.97,23833.38,23782.1,23819.58,665498,23805.76
2026-04-02 13:39:00.000000,23862.6,23922.92,23841.49,23844.31,1308558,23867.83
2026-04-02 13:40:00.000000,23949.22,23972.55,23825.71,23870.0,1056039,23904.37
2026-04-02 13:41:00.000000,23903.42,23922.3,23893.74,23902.0,1333342,23905.37
2026-04-02 13:42:00.000000,23943.88,24007.48,23914.1,23916.83,1167007,23945.57
2026-04-02 13:43:00.000000,23901.06,23941.79,23866.95,23932.33,1230223,23910.53
2026-04-02 13:44:00.000000,23797.75,23932.35,23795.83,23912.24,1075466,23859.54
2026-04-02 13:45:00.000000,23973.34,24058.95,23908.95,23915.52,1050306,23964.19
2026-04-02 13:46:00.000000,23989.52,23992.42,23948.71,23949.74,1377726,23970.1
2026-04-02 13:47:00.000000,23990.02,24060.21,23945.31,23957.45,751529,23988.25
2026-04-02 13:48:00.000000,23949.52,23968.7,23936.45,23963.91,1310106,23954.65
2026-04-02 13:49:00.000000,23984.47,23999.65,23949.65,23962.61,1180201,23974.09
2026-04-02 13:50:00.000000,23954.81,24028.85,23823.98,23944.92,840105,23938.14
2026-04-02 13:51:00.000000,23946.64,23965.75,23876.83,23911.53,1394361,23925.19
2026-04-02 13:52:00.000000,23913.12,23952.46,23906.52,23925.8,1171442,23924.48
2026-04-02 13:53:00.000000,23916.75,23922.64,23874.71,23912.0,1380738,23906.52
2026-04-02 13:54:00.000000,23904.76,23925.6,23860.02,23924.92,1301907,23903.83
2026-04-02 13:55:00.000000,23919.46,23965.58,23884.83,23930.15,567059,23925.0
2026-04-02 13:56:00.000000,23965.5,23990.44,23901.73,23947.85,992951,23951.38
2026-04-02 13:57:00.000000,23950.83,23993.14,23928.16,23972.79,1324492,23961.23
2026-04-02 13:58:00.000000,23961.67,24015.72,23947.64,23988.58,1091851,23978.4
2026-04-02 13:59:00.000000,24032.61,24082.37,23974.21,23985.94,966069,24018.78
2026-04-02 14:00:00.000000,24010.21,24038.6,23987.46,24022.77,1340608,24014.76
2026-04-02 14:01:00.000000,24058.76,24090.89,24008.26,24015.09,1173971,24043.25
2026-04-02 14:02:00.000000,23966.89,24073.89,23946.03,24033.59,688813,24005.1
2026-04-02 14:03:00.000000,24032.2,24053.94,24021.52,24053.37,1066095,24040.26
2026-04-02 14:04:00.000000,24061.81,24180.11,24055.81,24086.33,1407250,24096.01
2026-04-02 14:05:00.000000,24039.16,24073.05,24029.25,24072.27,1272795,24053.43
2026-04-02 14:06:00.000000,24072.98,24096.08,24070.22,24080.78,978838,24080.01
2026-04-02 14:07:00.000000,24068.82,24077.48,24056.29,24073.25,678997,24068.96
2026-04-02 14:08:00.000000,24008.64,24127.16,23989.04,24088.67,959496,24053.38
2026-04-02 14:09:00.000000,24183.3,24208.42,24107.56,24134.07,990199,24158.34
2026-04-02 14:10:00.000000,24145.72,24150.56,24059.35,24123.47,879694,24119.77
2026-04-02 14:11:00.000000,24199.49,24231.57,24101.21,24137.79,898427,24167.52
2026-04-02 14:12:00.000000,24105.86,24155.75,24091.85,24154.3,1440228,24126.94
2026-04-02 14:13:00.000000,24103.78,24181.09,24047.61,24152.74,957814,24121.3
2026-04-02 14:14:00.000000,24164.31,24182.71,24138.35,24150.07,681386,24158.86
2026-04-02 14:15:00.000000,24181.98,24205.4,24172.17,24178.39,1126553,24184.48
2026-04-02 14:16:00.000000,24185.94,24193.8,24167.8,24180.91,1283793,24182.11
2026-04-02 14:17:00.000000,24219.32,24235.03,24122.8,24167.64,1210567,24186.2
2026-04-02 14:18:00.000000,24195.89,24203.57,24174.25,24181.3,476574,24188.75
2026-04-02 14:19:00.000000,24129.98,24155.02,24110.32,24153.0,1044397,24137.08
2026-04-02 14:20:00.000000,24169.46,24201.28,24139.12,24145.02,1267296,24163.72
2026-04-02 14:21:00.000000,24230.14,24231.32,24112.01,24165.8,915996,24184.82
2026-04-02 14:22:00.000000,24207.55,24249.32,24147.4,24169.62,1029630,24193.48
2026-04-02 14:23:00.000000,24178.54,24201.99,24145.13,24185.95,723078,24177.9
2026-04-02 14:24:00.000000,24281.67,24291.6,24182.57,24217.81,774102,24243.41
2026-04-02 14:25:00.000000,24203.94,24229.26,24201.78,24213.98,741080,24212.24
2026-04-02 14:26:00.000000,24217.74,24258.22,24199.88,24222.45,961455,24224.57
2026-04-02 14:27:00.000000,24233.95,24305.62,24233.1,24250.04,933429,24255.68
2026-04-02 14:28:00.000000,24195.73,24224.1,24184.09,24221.03,881163,24206.24
2026-04-02 14:29:00.000000,24228.23,24304.91,24204.22,24228.85,1152350,24241.55
2026-04-02 14:30:00.000000,24277.84,24285.21,24229.92,24257.68,1312087,24262.66
2026-04-02 14:31:00.000000,24270.82,24337.95,24239.64,24249.82,1140601,24274.56
2026-04-02 14:32:00.000000,24244.27,24270.16,24222.35,24264.0,261944,24250.19
2026-04-02 14:33:00.000000,24298.1,24391.55,24242.77,24259.24,1240551,24297.91
2026-04-02 14:34:00.000000,24305.83,24330.25,24235.52,24275.0,759729,24286.65
2026-04-02 14:35:00.000000,24358.92,24453.67,24321.55,24322.99,818187,24364.28
2026-04-02 14:36:00.000000,24342.66,24379.09,24264.14,24348.74,710584,24333.66
2026-04-02 14:37:00.000000,24384.09,24415.06,24248.01,24371.12,1005834,24354.57
2026-04-02 14:38:00.000000,24363.97,24409.86,24312.44,24371.01,1019398,24364.32
2026-04-02 14:39:00.000000,24389.33,24391.7,24325.91,24381.55,1284342,24372.12
2026-04-02 14:40:00.000000,24397.82,24411.14,24337.54,24404.75,617784,24387.81
2026-04-02 14:41:00.000000,24444.27,24475.04,24388.16,24401.64,1012108,24427.28
2026-04-02 14:42:00.000000,24407.19,24422.41,24378.32,24418.66,726292,24406.64
2026-04-02 14:43:00.000000,24419.76,24508.85,24406.92,24417.33,960432,24438.21
2026-04-02 14:44:00.000000,24457.07,24499.37,24369.07,24446.11,834637,24442.91
2026-04-02 14:45:00.000000,24367.97,24481.34,24328.01,24452.15,1244599,24407.37
2026-04-02 14:46:00.000000,24436.84,24493.67,24418.86,24436.25,1229477,24446.4
2026-04-02 14:47:00.000000,24461.52,24470.81,24363.2,24452.9,622449,24437.11
2026-04-02 14:48:00.000000,24432.08,24481.55,24359.34,24447.01,1466868,24430.0
2026-04-02 14:49:00.000000,24410.1,24472.97,24380.46,24462.06,1209575,24431.4
2026-04-02 14:50:00.000000,24438.05,24515.65,24422.67,24496.48,838430,24468.21
2026-04-02 14:51:00.000000,24472.75,24503.46,24431.81,24484.05,1026587,24473.02
2026-04-02 14:52:00.000000,24456.1,24492.77,24422.48,24487.75,1480737,24464.78
2026-04-02 14:53:00.000000,24485.12,24534.23,24444.39,24487.97,1144450,24487.93
2026-04-02 14:54:00.000000,24484.47,24539.05,24444.07,24486.77,1041212,24488.59
2026-04-02 14:55:00.000000,24507.1,24526.26,24474.12,24483.62,892160,24497.78
2026-04-02 14:56:00.000000,24505.45,24513.79,24428.82,24486.61,553576,24483.67
2026-04-02 14:57:00.000000,24470.99,24479.68,24467.6,24470.48,1179155,24472.19
2026-04-02 14:58:00.000000,24392.13,24483.86,24389.84,24479.52,674563,24436.34
2026-04-02 14:59:00.000000,24509.63,24511.22,24453.55,24478.59,848640,24488.25
2026-04-02 15:00:00.000000,24501.12,24503.26,24484.0,24487.22,412345,24493.9
2026-04-02 15:01:00.000000,24487.5,24504.11,24375.44,24500.13,1447316,24466.8
2026-04-02 15:02:00.000000,24473.17,24509.61,24402.27,24463.29,1004279,24462.09
2026-04-02 15:03:00.000000,24464.67,24476.18,24436.98,24470.61,966823,24462.11
2026-04-02 15:04:00.000000,24415.42,24480.77,24401.78,24460.22,807012,24439.55
2026-04-02 15:05:00.000000,24482.97,24554.87,24418.55,24467.95,1335295,24481.09
2026-04-02 15:06:00.000000,24513.27,24547.67,24483.88,24502.01,1243190,24511.71
2026-04-02 15:07:00.000000,24534.05,24535.96,24529.93,24535.27,1209204,24533.8
2026-04-02 15:08:00.000000,24538.58,24554.56,24527.28,24543.19,1292176,24540.9
2026-04-02 15:09:00.000000,24566.92,24594.93,24563.75,24575.37,1113380,24575.24
2026-04-02 15:10:00.000000,24503.42,24582.5,24502.62,24552.0,1004859,24535.14
2026-04-02 15:11:00.000000,24588.35,24598.97,24563.75,24572.56,572743,24580.91
2026-04-02 15:12:00.000000,24610.68,24622.28,24568.69,24570.38,718030,24593.01
2026-04-02 15:13:00.000000,24535.64,24601.75,24490.33,24557.93,782418,24546.41
2026-04-02 15:14:00.000000,24601.72,24604.74,24570.76,24589.3,1108336,24591.63
2026-04-02 15:15:00.000000,24584.08,24586.74,24578.51,24582.52,1414916,24582.96
2026-04-02 15:16:00.000000,24608.05,24654.87,24582.19,24622.67,713677,24616.94
2026-04-02 15:17:00.000000,24647.18,24658.53,24562.82,24621.09,1078118,24622.41
2026-04-02 15:18:00.000000,24588.61,24634.13,24581.78,24603.62,1288107,24602.04
2026-04-02 15:19:00.000000,24629.18,24652.11,24591.78,24621.96,849498,24623.76
2026-04-02 15:20:00.000000,24638.24,24647.82,24623.01,24647.58,1323386,24639.16
2026-04-02 15:21:00.000000,24651.29,24713.83,24649.61,24666.43,1014881,24670.29
2026-04-02 15:22:00.000000,24605.69,24701.32,24580.02,24660.92,1267328,24636.99
2026-04-02 15:23:00.000000,24653.22,24684.49,24632.4,24659.41,986879,24657.38
2026-04-02 15:24:00.000000,24703.78,24716.6,24654.86,24684.07,1052204,24689.83
2026-04-02 15:25:00.000000,24665.86,24698.2,24659.09,24688.52,307713,24677.92
2026-04-02 15:26:00.000000,24698.15,24735.5,24673.99,24690.47,1274890,24699.53
2026-04-02 15:27:00.000000,24689.03,24706.02,24580.29,24685.14,604473,24665.12
2026-04-02 15:28:00.000000,24682.81,24703.95,24677.85,24694.44,1039690,24689.76
2026-04-02 15:29:00.000000,24711.61,24754.64,24694.66,24696.14,488988,24714.26
2026-04-03 09:15:00.000000,22648.46,22654.7,22563.99,22584.35,1177182,22612.88
2026-04-03 09:16:00.000000,22600.89,22622.52,22552.15,22607.27,680096,22595.71
2026-04-03 09:17:00.000000,22645.29,22649.43,22603.27,22639.41,934953,22634.35
2026-04-03 09:18:00.000000,22619.83,22650.62,22539.58,22618.67,1276598,22607.17
2026-04-03 09:19:00.000000,22506.91,22661.49,22491.75,22617.04,970830,22569.3
2026-04-03 09:20:00.000000,22664.8,22681.4,22635.29,22641.88,871665,22655.84
2026-04-03 09:21:00.000000,22657.95,22685.36,22642.1,22679.29,697180,22666.18
2026-04-03 09:22:00.000000,22696.9,22765.35,22686.28,22688.53,1416525,22709.26
2026-04-03 09:23:00.000000,22709.71,22737.48,22698.15,22700.26,1170737,22711.4
2026-04-03 09:24:00.000000,22732.07,22733.69,22658.37,22708.03,988623,22708.04
2026-04-03 09:25:00.000000,22710.43,22711.35,22641.27,22678.23,854246,22685.32
2026-04-03 09:26:00.000000,22694.21,22703.78,22633.29,22669.63,1031777,22675.23
2026-04-03 09:27:00.000000,22709.4,22729.29,22670.84,22674.62,788087,22696.03
2026-04-03 09:28:00.000000,22655.1,22723.71,22621.37,22689.54,762151,22672.43
2026-04-03 09:29:00.000000,22667.35,22705.62,22665.88,22680.35,1149836,22679.8
2026-04-03 09:30:00.000000,22655.48,22709.18,22625.17,22651.51,1029915,22660.33
2026-04-03 09:31:00.000000,22656.66,22685.73,22618.22,22655.41,1141007,22654.0
2026-04-03 09:32:00.000000,22726.69,22751.68,22639.92,22653.87,566249,22693.04
2026-04-03 09:33:00.000000,22637.65,22688.74,22634.69,22636.75,853511,22649.46
2026-04-03 09:34:00.000000,22564.19,22639.43,22552.13,22619.84,1745484,22593.9
2026-04-03 09:35:00.000000,22598.98,22691.18,22577.29,22606.37,869984,22618.45
2026-04-03 09:36:00.000000,22626.39,22662.57,22621.98,22634.89,1003406,22636.46
2026-04-03 09:37:00.000000,22656.9,22721.93,22641.0,22655.43,304835,22668.81
2026-04-03 09:38:00.000000,22664.78,22689.35,22636.33,22677.14,845737,22666.9
2026-04-03 09:39:00.000000,22730.0,22758.43,22652.74,22665.36,993478,22701.63
2026-04-03 09:40:00.000000,22636.33,22718.12,22618.56,22689.69,1126497,22665.67
2026-04-03 09:41:00.000000,22707.15,22740.35,22634.96,22686.9,1220105,22692.34
2026-04-03 09:42:00.000000,22703.45,22719.28,22680.18,22691.9,883611,22698.7
2026-04-03 09:43:00.000000,22732.96,22775.57,22685.17,22712.83,1281546,22726.63
2026-04-03 09:44:00.000000,22696.04,22718.67,22660.55,22711.98,654920,22696.81
2026-04-03 09:45:00.000000,22682.1,22730.66,22627.77,22700.56,1329637,22685.27
2026-04-03 09:46:00.000000,22678.19,22738.71,22670.35,22686.81,660491,22693.51
2026-04-03 09:47:00.000000,22715.1,22729.37,22658.12,22701.04,1475682,22700.91
2026-04-03 09:48:00.000000,22710.73,22725.37,22658.77,22676.62,457991,22692.87
2026-04-03 09:49:00.000000,22669.9,22685.62,22645.82,22667.61,1178798,22667.24
2026-04-03 09:50:00.000000,22679.19,22740.76,22668.72,22688.52,1187412,22694.3
2026-04-03 09:51:00.000000,22642.26,22736.09,22611.57,22698.23,1035628,22672.04
2026-04-03 09:52:00.000000,22750.66,22783.35,22670.72,22687.13,937143,22722.97
2026-04-03 09:53:00.000000,22779.68,22779.73,22672.5,22701.67,1033829,22733.4
2026-04-03 09:54:00.000000,22725.47,22737.03,22701.13,22706.61,1283400,22717.56
2026-04-03 09:55:00.000000,22707.44,22718.41,22688.91,22693.85,1080700,22702.15
2026-04-03 09:56:00.000000,22672.06,22698.98,22648.4,22686.66,1838115,22676.53
2026-04-03 09:57:00.000000,22666.54,22703.91,22649.93,22685.69,1291933,22676.52
2026-04-03 09:58:00.000000,22682.75,22685.86,22679.46,22684.92,1358529,22683.25
2026-04-03 09:59:00.000000,22673.22,22722.2,22653.4,22672.02,1529120,22680.21
2026-04-03 10:00:00.000000,22665.5,22694.31,22650.53,22671.59,1554152,22670.48
2026-04-03 10:01:00.000000,22622.93,22683.0,22621.77,22656.17,1823281,22645.97
2026-04-03 10:02:00.000000,22626.69,22668.52,22595.4,22637.67,1094670,22632.07
2026-04-03 10:03:00.000000,22662.76,22671.91,22626.75,22655.03,815063,22654.11
2026-04-03 10:04:00.000000,22678.08,22730.2,22626.09,22664.64,1201572,22674.75
2026-04-03 10:05:00.000000,22636.72,22731.46,22633.16,22669.97,1496777,22667.83
2026-04-03 10:06:00.000000,22683.66,22742.69,22579.5,22632.27,859929,22659.53
2026-04-03 10:07:00.000000,22542.35,22685.6,22523.19,22626.47,930379,22594.4
2026-04-03 10:08:00.000000,22626.74,22672.1,22588.52,22597.83,839650,22621.3
2026-04-03 10:09:00.000000,22626.11,22650.99,22618.94,22629.2,554028,22631.31
2026-04-03 10:10:00.000000,22616.31,22639.34,22610.73,22629.33,978244,22623.93
2026-04-03 10:11:00.000000,22654.81,22663.24,22625.85,22653.58,772616,22649.37
2026-04-03 10:12:00.000000,22667.68,22668.67,22665.55,22665.76,1512460,22666.91
2026-04-03 10:13:00.000000,22720.53,22760.08,22696.77,22698.94,536119,22719.08
2026-04-03 10:14:00.000000,22713.88,22733.11,22605.3,22701.32,1250166,22688.4
2026-04-03 10:15:00.000000,22622.99,22711.93,22617.78,22696.4,1325871,22662.27
2026-04-03 10:16:00.000000,22681.74,22695.86,22675.67,22675.86,1056641,22682.28
2026-04-03 10:17:00.000000,22646.4,22685.68,22612.92,22660.23,1279616,22651.31
2026-04-03 10:18:00.000000,22574.95,22660.36,22557.66,22649.73,1417609,22610.68
2026-04-03 10:19:00.000000,22646.92,22700.3,22625.9,22658.29,1239260,22657.85
2026-04-03 10:20:00.000000,22639.79,22736.06,22622.48,22653.59,1179127,22662.98
2026-04-03 10:21:00.000000,22610.18,22687.23,22601.87,22672.48,1029055,22642.94
2026-04-03 10:22:00.000000,22681.09,22686.38,22613.42,22665.04,1552817,22661.49
2026-04-03 10:23:00.000000,22682.07,22713.72,22648.41,22660.83,1158201,22676.26
2026-04-03 10:24:00.000000,22665.21,22671.25,22647.92,22669.45,1049900,22663.46
2026-04-03 10:25:00.000000,22677.48,22688.2,22635.48,22681.73,906257,22670.72
2026-04-03 10:26:00.000000,22673.2,22708.66,22614.6,22698.78,1103985,22673.81
2026-04-03 10:27:00.000000,22719.87,22737.73,22698.25,22718.07,1443794,22718.48
2026-04-03 10:28:00.000000,22740.54,22759.04,22728.87,22729.59,1174580,22739.51
2026-04-03 10:29:00.000000,22754.35,22766.12,22713.52,22740.15,1107615,22743.54
2026-04-03 10:30:00.000000,22763.7,22777.16,22725.5,22753.18,814527,22754.89
2026-04-03 10:31:00.000000,22725.29,22775.17,22680.0,22737.32,1009986,22729.44
2026-04-03 10:32:00.000000,22804.94,22818.91,22687.7,22744.72,972970,22764.07
2026-04-03 10:33:00.000000,22739.67,22794.55,22682.3,22740.2,1217982,22739.18
2026-04-03 10:34:00.000000,22741.02,22747.33,22725.07,22725.95,1303089,22734.84
2026-04-03 10:35:00.000000,22745.73,22803.5,22683.6,22722.56,953867,22738.85
2026-04-03 10:36:00.000000,22749.76,22772.26,22693.66,22729.74,1121755,22736.35
2026-04-03 10:37:00.000000,22711.46,22751.14,22709.62,22737.68,1086322,22727.48
2026-04-03 10:38:00.000000,22763.19,22811.73,22712.39,22748.16,1233442,22758.87
2026-04-03 10:39:00.000000,22723.0,22787.58,22686.87,22759.03,472837,22739.12
2026-04-03 10:40:00.000000,22816.39,22826.96,22780.83,22786.28,865163,22802.61
2026-04-03 10:41:00.000000,22770.85,22807.31,22697.06,22797.73,760320,22768.23
2026-04-03 10:42:00.000000,22830.21,22835.88,22813.6,22830.07,1196956,22827.44
2026-04-03 10:43:00.000000,22803.32,22847.79,22780.09,22843.8,690639,22818.75
2026-04-03 10:44:00.000000,22844.16,22851.65,22829.1,22838.47,931466,22840.84
2026-04-03 10:45:00.000000,22816.04,22908.95,22806.54,22848.92,696152,22845.11
2026-04-03 10:46:00.000000,22837.09,22912.88,22815.08,22843.67,1077838,22852.18
2026-04-03 10:47:00.000000,22860.68,22875.58,22822.97,22872.22,702299,22857.86
2026-04-03 10:48:00.000000,22883.02,22971.97,22859.55,22891.94,881418,22901.62
2026-04-03 10:49:00.000000,22905.51,22932.09,22903.23,22907.75,1308903,22912.14
2026-04-03 10:50:00.000000,22943.72,22957.68,22918.92,22935.49,1340325,22938.95
2026-04-03 10:51:00.000000,22934.4,22948.84,22866.02,22942.93,1100765,22923.05
2026-04-03 10:52:00.000000,22893.32,22961.66,22843.81,22935.46,789253,22908.56
2026-04-03 10:53:00.000000,22912.38,22964.94,22903.1,22958.45,754392,22934.72
2026-04-03 10:54:00.000000,22924.11,22993.72,22857.03,22966.77,345548,22935.41
2026-04-03 10:55:00.000000,22946.93,22967.24,22878.4,22956.81,740583,22937.35
2026-04-03 10:56:00.000000,22929.18,22993.73,22920.57,22977.17,693326,22955.16
2026-04-03 10:57:00.000000,22963.59,22996.13,22957.62,22995.29,595467,22978.16
2026-04-03 10:58:00.000000,23041.63,23092.06,23006.93,23025.87,916952,23041.63
2026-04-03 10:59:00.000000,23032.23,23055.07,22997.51,23036.45,1097078,23030.31
2026-04-03 11:00:00.000000,23045.81,23064.37,23013.4,23047.55,1054902,23042.78
2026-04-03 11:01:00.000000,23017.58,23062.87,23008.49,23040.69,1220281,23032.41
2026-04-03 11:02:00.000000,23044.4,23051.85,23025.8,23031.7,849101,23038.44
2026-04-03 11:03:00.000000,23029.4,23045.13,22999.75,23033.12,1053981,23026.85
2026-04-03 11:04:00.000000,23069.34,23099.32,22997.87,23057.99,997988,23056.13
2026-04-03 11:05:00.000000,23063.71,23063.91,23059.44,23061.25,1321989,23062.08
2026-04-03 11:06:00.000000,23071.87,23081.67,23018.14,23054.77,559508,23056.61
2026-04-03 11:07:00.000000,23112.22,23119.54,23087.49,23092.4,889382,23102.91
2026-04-03 11:08:00.000000,23072.83,23108.86,23070.32,23087.51,994955,23084.88
2026-04-03 11:09:00.000000,23145.21,23149.3,23101.76,23113.15,922043,23127.35
2026-04-03 11:10:00.000000,23066.73,23128.21,23037.54,23118.56,1145791,23087.76
2026-04-03 11:11:00.000000,23141.98,23145.66,23136.31,23142.89,1089001,23141.71
2026-04-03 11:12:00.000000,23109.99,23202.39,23090.87,23134.71,634255,23134.49
2026-04-03 11:13:00.000000,23044.11,23209.31,23040.84,23134.86,767347,23107.28
2026-04-03 11:14:00.000000,23215.0,23228.53,23148.04,23162.17,1005426,23188.44
2026-04-03 11:15:00.000000,23121.34,23183.28,23099.11,23157.02,980433,23140.19
2026-04-03 11:16:00.000000,23151.92,23202.24,23085.91,23156.18,965456,23149.06
2026-04-03 11:17:00.000000,23199.71,23200.18,23170.99,23195.05,1506163,23191.48
2026-04-03 11:18:00.000000,23161.35,23225.25,23109.12,23198.39,1174687,23173.53
2026-04-03 11:19:00.000000,23232.07,23276.41,23151.12,23212.41,923649,23218.0
2026-04-03 11:20:00.000000,23244.25,23245.75,23222.14,23230.35,630910,23235.62
2026-04-03 11:21:00.000000,23275.36,23287.42,23214.55,23246.47,1383008,23255.95
2026-04-03 11:22:00.000000,23259.35,23310.8,23194.78,23232.37,1380848,23249.33
2026-04-03 11:23:00.000000,23172.65,23239.95,23115.44,23219.91,1103162,23186.99
2026-04-03 11:24:00.000000,23296.81,23329.9,23252.93,23256.65,713123,23284.07
2026-04-03 11:25:00.000000,23237.22,23272.37,23235.33,23261.48,1043138,23251.6
2026-04-03 11:26:00.000000,23281.39,23283.97,23222.49,23247.25,821504,23258.77
2026-04-03 11:27:00.000000,23220.29,23249.17,23197.81,23234.55,495619,23225.45
2026-04-03 11:28:00.000000,23222.1,23276.12,23187.95,23220.34,816688,23226.63
2026-04-03 11:29:00.000000,23231.51,23313.86,23193.23,23237.94,486451,23244.13
2026-04-03 11:30:00.000000,23264.91,23302.69,23224.6,23253.6,394956,23261.45
2026-04-03 11:31:00.000000,23268.19,23286.04,23247.52,23257.69,1196819,23264.86
2026-04-03 11:32:00.000000,23262.03,23263.16,23255.82,23261.09,1411859,23260.53
2026-04-03 11:33:00.000000,23299.48,23336.6,23198.2,23271.23,777629,23276.38
2026-04-03 11:34:00.000000,23320.57,23337.32,23279.16,23290.59,1120698,23306.91
2026-04-03 11:35:00.000000,23249.86,23356.62,23238.83,23296.77,848171,23285.52
2026-04-03 11:36:00.000000,23301.91,23323.53,23295.9,23306.34,738545,23306.92
2026-04-03 11:37:00.000000,23313.11,23329.58,23258.08,23305.96,1212293,23301.68
2026-04-03 11:38:00.000000,23300.42,23313.27,23297.77,23309.87,737556,23305.33
2026-04-03 11:39:00.000000,23377.5,23398.29,23316.3,23320.32,794840,23353.1
2026-04-03 11:40:00.000000,23361.96,23378.83,23281.79,23334.73,1182671,23339.33
2026-04-03 11:41:00.000000,23354.22,23373.84,23294.57,23345.74,1172412,23342.09
2026-04-03 11:42:00.000000,23358.19,23365.51,23316.19,23343.23,1583417,23345.78
2026-04-03 11:43:00.000000,23356.77,23408.41,23348.84,23385.76,1708096,23374.94
2026-04-03 11:44:00.000000,23368.14,23417.82,23345.19,23379.54,953908,23377.67
2026-04-03 11:45:00.000000,23396.82,23423.21,23334.34,23398.5,929016,23388.22
2026-04-03 11:46:00.000000,23446.4,23518.43,23436.06,23438.11,700380,23459.75
2026-04-03 11:47:00.000000,23440.67,23452.5,23405.96,23415.27,828792,23428.6
2026-04-03 11:48:00.000000,23447.87,23473.43,23371.16,23423.96,950624,23429.11
2026-04-03 11:49:00.000000,23435.01,23448.45,23413.95,23429.19,1421638,23431.65
2026-04-03 11:50:00.000000,23404.72,23424.82,23341.3,23407.92,937593,23394.69
2026-04-03 11:51:00.000000,23427.05,23464.06,23422.3,23428.9,945556,23435.58
2026-04-03 11:52:00.000000,23375.97,23455.0,23335.36,23432.85,675759,23399.79
2026-04-03 11:53:00.000000,23479.56,23504.43,23442.35,23459.16,1125399,23471.38
2026-04-03 11:54:00.000000,23453.68,23483.33,23438.23,23454.69,1239427,23457.48
2026-04-03 11:55:00.000000,23461.08,23467.72,23422.82,23447.76,867219,23449.85
2026-04-03 11:56:00.000000,23492.25,23498.26,23430.29,23454.96,1519411,23468.94
2026-04-03 11:57:00.000000,23531.48,23538.38,23428.44,23482.24,1004082,23495.14
2026-04-03 11:58:00.000000,23494.55,23516.49,23461.9,23489.22,1005577,23490.54
2026-04-03 11:59:00.000000,23498.14,23568.59,23431.57,23487.26,688197,23496.39
2026-04-03 12:00:00.000000,23474.66,23545.86,23472.07,23533.23,902283,23506.45
2026-04-03 12:01:00.000000,23526.72,23532.77,23509.8,23512.09,1198828,23520.35
2026-04-03 12:02:00.000000,23543.43,23579.95,23482.27,23505.09,1202229,23527.69
2026-04-03 12:03:00.000000,23506.18,23528.82,23471.33,23511.86,1476380,23504.55
2026-04-03 12:04:00.000000,23482.12,23549.77,23459.08,23529.61,1211941,23505.14
2026-04-03 12:05:00.000000,23497.05,23570.23,23483.16,23522.12,1128644,23518.14
2026-04-03 12:06:00.000000,23572.58,23583.37,23532.86,23552.9,699043,23560.43
2026-04-03 12:07:00.000000,23553.54,23591.43,23544.13,23565.66,916955,23563.69
2026-04-03 12:08:00.000000,23494.01,23581.6,23491.99,23541.2,1127109,23527.2
2026-04-03 12:09:00.000000,23499.76,23587.6,23477.75,23541.28,1128091,23526.6
2026-04-03 12:10:00.000000,23437.5,23543.46,23431.28,23540.05,1391720,23488.07
2026-04-03 12:11:00.000000,23570.4,23633.72,23505.23,23570.24,699289,23569.9
2026-04-03 12:12:00.000000,23623.68,23659.68,23558.66,23579.8,656149,23605.45
2026-04-03 12:13:00.000000,23554.72,23577.5,23537.56,23566.63,1125391,23559.1
2026-04-03 12:14:00.000000,23570.45,23582.76,23555.6,23560.14,1141715,23567.24
2026-04-03 12:15:00.000000,23556.03,23629.7,23554.3,23566.16,501623,23576.55
2026-04-03 12:16:00.000000,23563.66,23594.16,23498.76,23573.43,611602,23557.5
2026-04-03 12:17:00.000000,23590.88,23608.31,23579.87,23598.11,1344390,23594.29
2026-04-03 12:18:00.000000,23654.51,23659.92,23591.01,23612.96,1062706,23629.6
2026-04-03 12:19:00.000000,23688.94,23704.36,23666.66,23679.16,289708,23684.78
2026-04-03 12:20:00.000000,23631.89,23696.87,23565.46,23682.24,631374,23644.11
2026-04-03 12:21:00.000000,23648.55,23685.72,23618.74,23675.0,970680,23657.0
2026-04-03 12:22:00.000000,23687.78,23698.69,23657.56,23679.95,709947,23680.99
2026-04-03 12:23:00.000000,23610.76,23721.56,23607.03,23717.01,901959,23664.09
2026-04-03 12:24:00.000000,23734.49,23761.28,23716.97,23719.34,1709199,23733.02
2026-04-03 12:25:00.000000,23712.04,23748.22,23643.89,23740.24,1068306,23711.1
2026-04-03 12:26:00.000000,23748.57,23782.46,23724.61,23759.68,739192,23753.83
2026-04-03 12:27:00.000000,23747.19,23778.93,23715.77,23759.57,1030475,23750.36
2026-04-03 12:28:00.000000,23853.4,23889.96,23749.94,23785.07,736655,23819.59
2026-04-03 12:29:00.000000,23802.31,23863.1,23772.64,23806.63,898146,23811.17
2026-04-03 12:30:00.000000,23787.96,23807.64,23780.17,23793.11,1122870,23792.22
2026-04-03 12:31:00.000000,23809.93,23820.36,23766.63,23793.57,1043974,23797.62
2026-04-03 12:32:00.000000,23789.3,23840.07,23769.83,23777.05,1033945,23794.06
2026-04-03 12:33:00.000000,23782.13,23809.38,23778.02,23783.86,856044,23788.35
2026-04-03 12:34:00.000000,23859.62,23868.4,23752.98,23813.75,1100252,23823.69
2026-04-03 12:35:00.000000,23798.18,23889.01,23776.06,23819.14,1080261,23820.6
2026-04-03 12:36:00.000000,23861.47,23915.99,23819.6,23841.58,667918,23859.66
2026-04-03 12:37:00.000000,23819.31,23836.5,23789.17,23830.4,980987,23818.84
2026-04-03 12:38:00.000000,23762.06,23869.46,23757.0,23827.06,1321819,23803.9
2026-04-03 12:39:00.000000,23778.82,23831.47,23752.64,23826.48,1537854,23797.35
2026-04-03 12:40:00.000000,23769.41,23867.32,23745.65,23817.99,812666,23800.09
2026-04-03 12:41:00.000000,23820.16,23849.15,23773.88,23809.97,1345242,23813.29
2026-04-03 12:42:00.000000,23833.08,23874.71,23829.05,23829.23,647742,23841.52
2026-04-03 12:43:00.000000,23823.24,23880.22,23814.88,23856.84,1319541,23843.8
2026-04-03 12:44:00.000000,23804.83,23900.98,23792.75,23824.44,1143650,23830.75
2026-04-03 12:45:00.000000,23780.77,23800.66,23764.15,23779.78,1742638,23781.34
2026-04-03 12:46:00.000000,23834.07,23835.76,23793.56,23813.62,1215288,23819.25
2026-04-03 12:47:00.000000,23802.46,23828.76,23749.29,23827.95,497057,23802.12
2026-04-03 12:48:00.000000,23784.62,23833.76,23743.76,23807.86,1221822,23792.5
2026-04-03 12:49:00.000000,23781.6,23824.55,23779.82,23813.78,1349149,23799.94
2026-04-03 12:50:00.000000,23881.39,23885.6,23810.27,23825.96,1312598,23850.81
2026-04-03 12:51:00.000000,23857.99,23883.86,23810.35,23834.41,1027291,23846.65
2026-04-03 12:52:00.000000,23835.65,23892.42,23831.54,23861.37,1009593,23855.25
2026-04-03 12:53:00.000000,23905.59,23977.4,23886.21,23896.57,1476131,23916.44
2026-04-03 12:54:00.000000,23965.93,23967.51,23924.58,23926.34,1017058,23946.09
2026-04-03 12:55:00.000000,23982.43,24007.11,23980.9,23992.21,371406,23990.66
2026-04-03 12:56:00.000000,23993.47,24059.55,23978.74,24017.37,438329,24012.28
2026-04-03 12:57:00.000000,24003.61,24036.16,23971.57,24006.43,952136,24004.44
2026-04-03 12:58:00.000000,24069.7,24073.73,23995.29,24014.35,1108176,24038.27
2026-04-03 12:59:00.000000,24006.69,24012.58,23948.26,24004.67,583097,23993.05
2026-04-03 13:00:00.000000,24031.92,24081.14,23985.63,24011.97,1083720,24027.66
2026-04-03 13:01:00.000000,23996.76,24036.62,23985.68,23997.88,768868,24004.24
2026-04-03 13:02:00.000000,23972.41,24042.34,23959.21,24016.17,592235,23997.53
2026-04-03 13:03:00.000000,24040.33,24044.18,24001.11,24018.29,1233704,24025.98
2026-04-03 13:04:00.000000,24018.8,24020.88,23987.09,24013.31,1038352,24010.02
2026-04-03 13:05:00.000000,24005.22,24009.91,23988.11,24000.62,1207435,24000.97
2026-04-03 13:06:00.000000,23989.93,24020.72,23966.66,24016.06,1077417,23998.34
2026-04-03 13:07:00.000000,24046.73,24054.31,24013.11,24023.14,1104503,24034.32
2026-04-03 13:08:00.000000,24077.0,24126.88,24012.68,24017.08,1094467,24058.41
2026-04-03 13:09:00.000000,23986.25,24044.73,23968.31,24003.46,1125594,24000.69
2026-04-03 13:10:00.000000,24018.19,24022.39,23983.85,23993.02,477140,24004.36
2026-04-03 13:11:00.000000,24014.81,24046.26,23966.3,24016.93,752117,24011.08
2026-04-03 13:12:00.000000,24060.1,24083.28,24029.78,24047.91,1012641,24055.27
2026-04-03 13:13:00.000000,24087.39,24087.55,24073.69,24080.46,1056499,24082.27
2026-04-03 13:14:00.000000,24066.64,24121.51,24045.02,24074.24,778305,24076.85
2026-04-03 13:15:00.000000,24045.62,24129.03,24012.7,24078.46,1030373,24066.45
2026-04-03 13:16:00.000000,24087.34,24103.29,24052.63,24053.13,736879,24074.1
2026-04-03 13:17:00.000000,24110.13,24131.76,24093.74,24099.38,633532,24108.75
2026-04-03 13:18:00.000000,24135.5,24136.98,24085.79,24127.76,1237145,24121.51
2026-04-03 13:19:00.000000,24185.9,24200.02,24096.31,24149.18,625199,24157.85
2026-04-03 13:20:00.000000,24067.55,24158.24,24006.17,24138.02,1083474,24092.49
2026-04-03 13:21:00.000000,24161.06,24228.99,24132.43,24177.08,1006416,24174.89
2026-04-03 13:22:00.000000,24233.94,24248.65,24200.74,24219.47,981774,24225.7
2026-04-03 13:23:00.000000,24212.39,24255.63,24211.51,24236.94,783937,24229.12
2026-04-03 13:24:00.000000,24215.08,24251.52,24176.56,24202.02,1023166,24211.29
2026-04-03 13:25:00.000000,24290.66,24292.88,24194.18,24211.92,1455631,24247.41
2026-04-03 13:26:00.000000,24211.22,24237.73,24201.2,24223.38,595519,24218.38
2026-04-03 13:27:00.000000,24233.05,24234.52,24213.94,24226.64,443834,24227.04
2026-04-03 13:28:00.000000,24231.11,24268.78,24172.2,24246.75,1607382,24229.71
2026-04-03 13:29:00.000000,24270.92,24321.29,24241.6,24281.44,1088165,24278.81
2026-04-03 13:30:00.000000,24260.03,24316.73,24238.59,24315.83,1026066,24282.79
2026-04-03 13:31:00.000000,24356.34,24382.07,24294.36,24313.27,503792,24336.51
2026-04-03 13:32:00.000000,24272.59,24298.15,24241.81,24282.65,1027362,24273.8
2026-04-03 13:33:00.000000,24285.72,24321.66,24266.07,24280.91,785603,24288.59
2026-04-03 13:34:00.000000,24338.54,24362.99,24282.06,24291.42,1262236,24318.75
2026-04-03 13:35:00.000000,24295.96,24303.97,24252.05,24277.95,908905,24282.48
2026-04-03 13:36:00.000000,24280.06,24289.86,24258.77,24269.29,905145,24274.49
2026-04-03 13:37:00.000000,24231.11,24323.85,24226.46,24305.51,767928,24271.73
2026-04-03 13:38:00.000000,24271.06,24325.54,24257.6,24319.96,852407,24293.54
2026-04-03 13:39:00.000000,24355.05,24357.3,24207.64,24302.12,1174071,24305.53
2026-04-03 13:40:00.000000,24326.35,24360.29,24298.74,24318.25,1119156,24325.91
2026-04-03 13:41:00.000000,24301.77,24331.26,24259.21,24330.83,721451,24305.77
2026-04-03 13:42:00.000000,24391.08,24398.1,24339.26,24356.19,1236071,24371.15
2026-04-03 13:43:00.000000,24350.55,24478.82,24335.89,24385.52,893398,24387.7
2026-04-03 13:44:00.000000,24411.73,24444.42,24381.06,24392.21,922141,24407.36
2026-04-03 13:45:00.000000,24398.61,24437.05,24304.39,24388.72,873850,24382.19
2026-04-03 13:46:00.000000,24342.35,24405.66,24332.74,24400.41,973281,24370.29
2026-04-03 13:47:00.000000,24446.48,24447.1,24416.91,24427.37,1119768,24434.46
2026-04-03 13:48:00.000000,24385.93,24415.91,24384.07,24401.93,938019,24396.96
2026-04-03 13:49:00.000000,24410.88,24422.74,24372.02,24415.29,971689,24405.23
2026-04-03 13:50:00.000000,24390.88,24405.81,24354.85,24400.2,41788,24387.93
2026-04-03 13:51:00.000000,24471.71,24513.48,24354.82,24424.64,1177501,24441.16
2026-04-03 13:52:00.000000,24452.41,24471.64,24409.03,24448.47,1173435,24445.39
2026-04-03 13:53:00.000000,24416.15,24423.46,24414.54,24421.79,888069,24418.99
2026-04-03 13:54:00.000000,24430.12,24432.94,24380.12,24416.16,725850,24414.84
2026-04-03 13:55:00.000000,24480.28,24481.9,24419.26,24444.69,877307,24456.53
2026-04-03 13:56:00.000000,24478.09,24539.33,24464.55,24477.09,1114622,24489.76
2026-04-03 13:57:00.000000,24510.76,24522.96,24453.12,24461.82,1147421,24487.16
2026-04-03 13:58:00.000000,24457.95,24528.36,24424.42,24486.94,1432201,24474.42
2026-04-03 13:59:00.000000,24473.11,24515.78,24456.07,24506.98,864104,24487.98
2026-04-03 14:00:00.000000,24548.78,24590.12,24415.76,24528.4,1026980,24520.76
2026-04-03 14:01:00.000000,24574.13,24583.17,24531.35,24542.05,1191785,24557.68
2026-04-03 14:02:00.000000,24629.15,24641.72,24517.93,24563.15,622549,24587.99
2026-04-03 14:03:00.000000,24560.96,24592.43,24464.74,24587.85,1055748,24551.5
2026-04-03 14:04:00.000000,24599.7,24683.7,24570.3,24584.95,1096111,24609.66
2026-04-03 14:05:00.000000,24602.59,24625.64,24588.41,24613.22,512221,24607.47
2026-04-03 14:06:00.000000,24605.78,24607.69,24602.34,24606.19,1098864,24605.5
2026-04-03 14:07:00.000000,24552.23,24627.9,24537.7,24598.34,835187,24579.04
2026-04-03 14:08:00.000000,24598.43,24628.47,24565.78,24593.76,1072412,24596.61
2026-04-03 14:09:00.000000,24564.47,24631.78,24548.76,24609.8,464838,24588.7
2026-04-03 14:10:00.000000,24594.28,24620.12,24575.53,24605.39,490557,24598.83
2026-04-03 14:11:00.000000,24541.02,24666.97,24500.18,24641.35,1129500,24587.38
2026-04-03 14:12:00.000000,24653.58,24715.27,24627.59,24652.02,751916,24662.12
2026-04-03 14:13:00.000000,24670.84,24743.71,24625.96,24653.63,1349943,24673.53
2026-04-03 14:14:00.000000,24661.6,24675.2,24646.53,24651.78,759579,24658.78
2026-04-03 14:15:00.000000,24636.23,24732.17,24633.61,24678.98,826685,24670.25
2026-04-03 14:16:00.000000,24669.35,24765.3,24655.84,24701.96,1399413,24698.11
2026-04-03 14:17:00.000000,24734.0,24811.12,24614.83,24691.61,1017320,24712.89
2026-04-03 14:18:00.000000,24635.24,24797.03,24626.1,24705.83,901970,24691.05
2026-04-03 14:19:00.000000,24749.68,24809.56,24728.73,24734.89,1340522,24755.72
2026-04-03 14:20:00.000000,24768.29,24776.32,24738.53,24743.32,1111251,24756.62
2026-04-03 14:21:00.000000,24693.7,24795.48,24673.26,24740.82,1092200,24725.81
2026-04-03 14:22:00.000000,24726.18,24827.13,24681.29,24742.6,1041078,24744.3
2026-04-03 14:23:00.000000,24748.92,24765.4,24748.16,24756.0,1554221,24754.62
2026-04-03 14:24:00.000000,24753.5,24811.86,24711.12,24742.74,1075496,24754.81
2026-04-03 14:25:00.000000,24749.93,24755.19,24738.94,24739.07,1085810,24745.78
2026-04-03 14:26:00.000000,24749.72,24756.59,24675.19,24721.94,1239353,24725.86
2026-04-03 14:27:00.000000,24643.88,24738.44,24639.79,24711.1,563468,24683.3
2026-04-03 14:28:00.000000,24751.45,24774.37,24668.65,24736.62,901622,24732.77
2026-04-03 14:29:00.000000,24764.16,24835.94,24743.24,24760.0,542703,24775.84
2026-04-03 14:30:00.000000,24747.56,24752.81,24745.39,24750.22,861083,24748.99
2026-04-03 14:31:00.000000,24679.12,24798.26,24671.14,24750.58,921410,24724.77
2026-04-03 14:32:00.000000,24798.27,24808.71,24765.62,24773.41,860268,24786.5
2026-04-03 14:33:00.000000,24833.7,24861.08,24765.04,24784.36,1059454,24811.05
2026-04-03 14:34:00.000000,24822.41,24855.48,24733.3,24783.73,1306228,24798.73
2026-04-03 14:35:00.000000,24837.16,24867.88,24754.28,24796.7,1128074,24814.01
2026-04-03 14:36:00.000000,24817.05,24829.11,24810.1,24815.28,713309,24817.89
2026-04-03 14:37:00.000000,24752.6,24817.3,24731.38,24787.22,1009950,24772.13
2026-04-03 14:38:00.000000,24766.11,24840.25,24726.19,24794.34,1349292,24781.72
2026-04-03 14:39:00.000000,24756.44,24796.3,24727.01,24775.67,1082936,24763.86
2026-04-03 14:40:00.000000,24739.53,24840.7,24717.9,24781.22,1412061,24769.84
2026-04-03 14:41:00.000000,24765.26,24770.56,24724.77,24763.96,940467,24756.14
2026-04-03 14:42:00.000000,24790.95,24798.83,24727.26,24742.79,1691284,24764.96
2026-04-03 14:43:00.000000,24738.31,24824.62,24706.12,24749.86,895763,24754.73
2026-04-03 14:44:00.000000,24723.06,24804.29,24697.19,24754.92,936894,24744.86
2026-04-03 14:45:00.000000,24771.51,24775.72,24741.96,24750.87,797990,24760.02
2026-04-03 14:46:00.000000,24827.53,24855.7,24785.58,24796.34,957598,24816.29
2026-04-03 14:47:00.000000,24763.43,24850.97,24723.81,24788.95,653545,24781.79
2026-04-03 14:48:00.000000,24788.86,24867.15,24788.52,24829.3,1205976,24818.46
2026-04-03 14:49:00.000000,24904.22,24904.26,24783.46,24836.62,1141397,24857.14
2026-04-03 14:50:00.000000,24872.92,24896.59,24842.14,24849.07,1103379,24865.18
2026-04-03 14:51:00.000000,24891.08,24928.53,24859.29,24887.75,645929,24891.66
2026-04-03 14:52:00.000000,24919.82,24980.0,24884.33,24898.81,681099,24920.74
2026-04-03 14:53:00.000000,24941.04,24959.52,24872.43,24917.97,1010248,24922.74
2026-04-03 14:54:00.000000,24887.46,24944.42,24776.48,24894.78,966036,24875.78
2026-04-03 14:55:00.000000,24904.74,24920.03,24872.63,24872.73,1065566,24892.53
2026-04-03 14:56:00.000000,24860.9,24949.99,24849.88,24864.01,582480,24881.2
2026-04-03 14:57:00.000000,24883.59,24921.57,24815.09,24849.15,1297868,24867.35
2026-04-03 14:58:00.000000,24867.37,24886.92,24838.06,24880.49,1012076,24868.21
2026-04-03 14:59:00.000000,24848.99,24887.24,24797.44,24883.5,819465,24854.29
2026-04-03 15:00:00.000000,24896.39,24929.15,24863.84,24881.48,955802,24892.71
2026-04-03 15:01:00.000000,24874.08,24880.89,24816.52,24874.54,821643,24861.51
2026-04-03 15:02:00.000000,24853.94,24986.77,24830.37,24849.54,1101807,24880.16
2026-04-03 15:03:00.000000,24818.97,24846.72,24777.72,24838.12,269841,24820.38
2026-04-03 15:04:00.000000,24748.88,24896.92,24706.03,24837.54,1016635,24797.34
2026-04-03 15:05:00.000000,24847.35,24885.89,24823.59,24840.71,1598140,24849.39
2026-04-03 15:06:00.000000,24797.49,24875.26,24794.52,24854.55,1391682,24830.45
2026-04-03 15:07:00.000000,24861.84,24869.86,24855.52,24864.72,1154004,24862.98
2026-04-03 15:08:00.000000,24836.6,24890.84,24809.07,24872.69,1348106,24852.3
2026-04-03 15:09:00.000000,24814.25,25003.01,24769.08,24894.94,971498,24870.32
2026-04-03 15:10:00.000000,24927.24,24975.24,24825.63,24890.22,670885,24904.58
2026-04-03 15:11:00.000000,24878.31,24942.55,24874.28,24902.09,1582401,24899.31
2026-04-03 15:12:00.000000,24909.54,24927.62,24903.82,24911.84,1235374,24913.21
2026-04-03 15:13:00.000000,24956.44,24975.81,24899.25,24931.07,1089755,24940.64
2026-04-03 15:14:00.000000,24919.52,24966.24,24916.51,24948.75,943885,24937.76
2026-04-03 15:15:00.000000,24952.72,24970.01,24919.12,24960.53,220997,24950.6
2026-04-03 15:16:00.000000,24990.9,25001.02,24962.42,24981.98,668426,24984.08
2026-04-03 15:17:00.000000,24992.54,25084.11,24992.41,25034.49,1322075,25025.89
2026-04-03 15:18:00.000000,25057.76,25060.16,25020.29,25030.1,766260,25042.08
2026-04-03 15:19:00.000000,25034.0,25103.08,24962.02,25051.8,1057225,25037.72
2026-04-03 15:20:00.000000,25166.92,25186.48,25024.57,25055.47,1239697,25108.36
2026-04-03 15:21:00.000000,25023.75,25092.11,24996.57,25033.39,1118937,25036.45
2026-04-03 15:22:00.000000,24980.24,25038.31,24980.09,25013.23,1322850,25002.97
2026-04-03 15:23:00.000000,25014.74,25066.91,25012.65,25028.08,383754,25030.6
2026-04-03 15:24:00.000000,25003.2,25010.64,24997.41,25004.74,917003,25004.0
2026-04-03 15:25:00.000000,24978.28,25022.36,24949.55,25007.54,1271561,24989.43
2026-04-03 15:26:00.000000,24994.24,25030.78,24991.16,25000.36,1348190,25004.13
2026-04-03 15:27:00.000000,24988.58,25033.64,24945.79,25017.76,940628,24996.44
2026-04-03 15:28:00.000000,25026.02,25050.35,24944.64,25001.09,879197,25005.53
2026-04-03 15:29:00.000000,25078.89,25089.97,24984.69,25004.57,1079659,25039.53
2026-04-06 09:15:00.000000,22915.37,22962.2,22912.92,22928.02,520918,22929.63
2026-04-06 09:16:00.000000,22968.01,22970.34,22934.15,22942.89,683319,22953.85
2026-04-06 09:17:00.000000,22950.0,23003.55,22901.35,22961.54,1182159,22954.11
2026-04-06 09:18:00.000000,22961.23,23021.55,22937.16,22973.01,914666,22973.24
2026-04-06 09:19:00.000000,22852.26,23001.56,22852.04,22944.07,1198634,22912.48
2026-04-06 09:20:00.000000,22975.89,23009.52,22954.41,22973.95,877466,22978.44
2026-04-06 09:21:00.000000,22930.39,22963.48,22882.93,22963.28,442579,22935.02
2026-04-06 09:22:00.000000,23009.52,23055.36,22966.03,22983.46,733564,23003.59
2026-04-06 09:23:00.000000,23011.7,23055.16,23001.04,23023.27,1137284,23022.79
2026-04-06 09:24:00.000000,23020.22,23066.0,22997.36,22998.96,926725,23020.64
2026-04-06 09:25:00.000000,22991.42,23002.1,22933.45,22990.94,378067,22979.48
2026-04-06 09:26:00.000000,23045.79,23082.51,22936.13,22996.71,877437,23015.28
2026-04-06 09:27:00.000000,23008.09,23025.03,22960.72,22995.99,1105503,22997.46
2026-04-06 09:28:00.000000,23013.15,23022.49,22999.25,23013.85,975340,23012.18
2026-04-06 09:29:00.000000,23026.35,23080.47,22990.08,23036.66,1386637,23033.39
2026-04-06 09:30:00.000000,23019.68,23070.14,22963.25,23023.31,1110650,23019.1
2026-04-06 09:31:00.000000,23033.28,23041.79,22988.14,23010.44,881423,23018.41
2026-04-06 09:32:00.000000,22992.98,23009.53,22991.75,22995.06,1445729,22997.33
2026-04-06 09:33:00.000000,22971.27,22998.94,22945.53,22981.47,1624465,22974.3
2026-04-06 09:34:00.000000,22964.21,23011.06,22943.44,22981.74,1129027,22975.11
2026-04-06 09:35:00.000000,22991.81,22998.75,22977.81,22987.49,1060525,22988.96
2026-04-06 09:36:00.000000,22985.85,23087.05,22979.01,23004.28,1626582,23014.05
2026-04-06 09:37:00.000000,23008.75,23019.72,22994.84,22997.16,1338728,23005.12
2026-04-06 09:38:00.000000,23014.61,23025.79,22977.07,23006.06,1144195,23005.88
2026-04-06 09:39:00.000000,23057.07,23061.01,23007.9,23040.81,1017224,23041.7
2026-04-06 09:40:00.000000,22992.0,23063.94,22985.24,23026.71,1077032,23016.97
2026-04-06 09:41:00.000000,23010.94,23071.82,22942.61,23029.11,1068557,23013.62
2026-04-06 09:42:00.000000,23021.39,23034.37,23014.88,23029.41,1045617,23025.01
2026-04-06 09:43:00.000000,22964.69,23039.09,22922.58,23015.73,970106,22985.52
2026-04-06 09:44:00.000000,22982.12,23019.64,22968.31,23010.76,1297381,22995.21
2026-04-06 09:45:00.000000,23021.39,23045.91,22998.05,23032.98,962859,23024.58
2026-04-06 09:46:00.000000,23072.74,23074.16,23031.9,23051.85,930789,23057.66
2026-04-06 09:47:00.000000,23052.23,23115.37,23018.57,23066.07,1409844,23063.06
2026-04-06 09:48:00.000000,23099.36,23146.06,23073.12,23087.64,1025547,23101.55
2026-04-06 09:49:00.000000,23110.55,23115.85,23101.18,23102.93,918635,23107.63
2026-04-06 09:50:00.000000,23138.66,23160.31,23127.82,23142.96,1327042,23142.44
2026-04-06 09:51:00.000000,23063.9,23126.26,23060.33,23124.87,768152,23093.84
2026-04-06 09:52:00.000000,23100.18,23127.06,23048.75,23099.76,893430,23093.94
2026-04-06 09:53:00.000000,23172.82,23216.21,23139.78,23149.36,699448,23169.54
2026-04-06 09:54:00.000000,23139.43,23198.2,23128.86,23174.66,1026357,23160.29
2026-04-06 09:55:00.000000,23182.87,23190.86,23144.32,23162.8,889157,23170.21
2026-04-06 09:56:00.000000,23140.42,23174.91,23140.2,23161.3,909577,23154.21
2026-04-06 09:57:00.000000,23131.35,23200.32,23114.11,23152.05,726721,23149.46
2026-04-06 09:58:00.000000,23155.78,23174.36,23155.39,23173.97,1106346,23164.88
2026-04-06 09:59:00.000000,23178.84,23198.2,23158.42,23170.97,652206,23176.61
2026-04-06 10:00:00.000000,23205.22,23214.1,23153.42,23193.04,747852,23191.45
2026-04-06 10:01:00.000000,23232.58,23245.69,23189.09,23243.44,1123525,23227.7
2026-04-06 10:02:00.000000,23289.44,23311.73,23280.46,23292.65,1159608,23293.57
2026-04-06 10:03:00.000000,23288.47,23307.72,23263.04,23284.4,419623,23285.91
2026-04-06 10:04:00.000000,23341.06,23361.29,23273.36,23296.11,1317078,23317.96
2026-04-06 10:05:00.000000,23287.25,23346.82,23263.4,23264.13,814265,23290.4
2026-04-06 10:06:00.000000,23285.87,23321.76,23232.02,23283.17,1070652,23280.7
2026-04-06 10:07:00.000000,23285.74,23372.5,23272.85,23305.12,848037,23309.05
2026-04-06 10:08:00.000000,23358.14,23393.65,23286.74,23293.4,1121383,23332.98
2026-04-06 10:09:00.000000,23308.58,23431.13,23298.39,23311.38,660187,23337.37
2026-04-06 10:10:00.000000,23300.88,23329.2,23270.7,23290.08,804836,23297.71
2026-04-06 10:11:00.000000,23337.85,23363.66,23274.38,23300.21,1387205,23319.02
2026-04-06 10:12:00.000000,23342.66,23350.5,23319.17,23324.61,1146110,23334.23
2026-04-06 10:13:00.000000,23229.18,23371.45,23222.16,23309.68,920878,23283.12
2026-04-06 10:14:00.000000,23337.29,23344.61,23291.35,23301.56,428697,23318.7
2026-04-06 10:15:00.000000,23327.5,23367.6,23302.04,23306.83,1116060,23325.99
2026-04-06 10:16:00.000000,23372.82,23413.83,23269.35,23308.46,1232136,23341.12
2026-04-06 10:17:00.000000,23350.08,23356.2,23245.84,23306.0,1169189,23314.53
2026-04-06 10:18:00.000000,23339.04,23351.46,23323.04,23328.99,1316416,23335.63
2026-04-06 10:19:00.000000,23365.02,23409.48,23321.87,23358.08,1228460,23363.61
2026-04-06 10:20:00.000000,23374.73,23375.97,23263.25,23355.52,873031,23342.37
2026-04-06 10:21:00.000000,23381.55,23422.05,23337.6,23391.23,691591,23383.11
2026-04-06 10:22:00.000000,23379.12,23391.56,23346.16,23391.31,1164988,23377.04
2026-04-06 10:23:00.000000,23398.45,23465.28,23375.32,23381.06,619518,23405.03
2026-04-06 10:24:00.000000,23388.58,23442.98,23368.21,23383.19,732261,23395.74
2026-04-06 10:25:00.000000,23443.32,23460.28,23382.89,23392.1,717377,23419.65
2026-04-06 10:26:00.000000,23320.84,23422.48,23317.53,23378.37,1425266,23359.81
2026-04-06 10:27:00.000000,23342.36,23407.18,23320.85,23353.26,743054,23355.91
2026-04-06 10:28:00.000000,23328.37,23333.47,23284.09,23316.39,1107544,23315.58
2026-04-06 10:29:00.000000,23296.2,23302.52,23272.14,23296.47,1208480,23291.83
2026-04-06 10:30:00.000000,23345.53,23371.0,23275.29,23314.68,847940,23326.62
2026-04-06 10:31:00.000000,23235.03,23316.24,23217.25,23305.05,1107441,23268.39
2026-04-06 10:32:00.000000,23320.88,23377.53,23315.36,23339.47,1524923,23338.31
2026-04-06 10:33:00.000000,23351.83,23366.65,23305.25,23337.24,830151,23340.24
2026-04-06 10:34:00.000000,23380.83,23381.82,23336.54,23342.58,1059611,23360.44
2026-04-06 10:35:00.000000,23386.27,23386.44,23339.28,23349.06,1344451,23365.26
2026-04-06 10:36:00.000000,23310.05,23330.54,23296.0,23318.77,837706,23313.84
2026-04-06 10:37:00.000000,23315.22,23366.02,23265.43,23317.04,842012,23315.93
2026-04-06 10:38:00.000000,23309.24,23343.27,23298.02,23310.64,1472177,23315.29
2026-04-06 10:39:00.000000,23285.4,23350.95,23275.92,23319.84,816812,23308.03
2026-04-06 10:40:00.000000,23300.12,23342.38,23268.07,23299.75,1125405,23302.58
2026-04-06 10:41:00.000000,23264.17,23332.18,23222.77,23305.25,1540848,23281.09
2026-04-06 10:42:00.000000,23313.22,23337.91,23290.99,23327.99,1461401,23317.53
2026-04-06 10:43:00.000000,23323.5,23343.34,23322.94,23340.88,926719,23332.66
2026-04-06 10:44:00.000000,23368.35,23391.85,23353.08,23376.43,1352304,23372.43
2026-04-06 10:45:00.000000,23391.76,23395.69,23377.54,23383.74,1044876,23387.18
2026-04-06 10:46:00.000000,23355.85,23405.89,23331.99,23375.56,645344,23367.32
2026-04-06 10:47:00.000000,23368.34,23401.73,23346.59,23375.83,666892,23373.12
2026-04-06 10:48:00.000000,23392.4,23392.69,23319.69,23369.4,629899,23368.55
2026-04-06 10:49:00.000000,23333.75,23370.97,23298.68,23359.04,1149989,23340.61
2026-04-06 10:50:00.000000,23325.23,23425.07,23323.52,23341.04,1067707,23353.71
2026-04-06 10:51:00.000000,23318.86,23389.26,23308.22,23349.99,1267043,23341.58
2026-04-06 10:52:00.000000,23367.5,23374.64,23256.85,23330.64,785604,23332.41
2026-04-06 10:53:00.000000,23348.93,23372.26,23337.91,23347.2,1176716,23351.57
2026-04-06 10:54:00.000000,23382.0,23385.56,23364.79,23364.9,1731500,23374.31
2026-04-06 10:55:00.000000,23344.72,23394.03,23331.17,23364.02,1056276,23358.48
2026-04-06 10:56:00.000000,23339.77,23433.76,23332.28,23370.03,1549435,23368.96
2026-04-06 10:57:00.000000,23368.43,23379.49,23319.37,23375.05,841253,23360.59
2026-04-06 10:58:00.000000,23402.37,23418.63,23365.15,23385.44,401163,23392.9
2026-04-06 10:59:00.000000,23444.11,23476.51,23352.47,23393.21,1494019,23416.58
2026-04-06 11:00:00.000000,23434.5,23438.51,23372.86,23412.81,1913345,23414.67
2026-04-06 11:01:00.000000,23452.61,23513.01,23423.7,23439.96,669491,23457.32
2026-04-06 11:02:00.000000,23479.06,23492.66,23420.8,23448.17,1021520,23460.17
2026-04-06 11:03:00.000000,23588.21,23601.67,23426.33,23486.97,903900,23525.79
2026-04-06 11:04:00.000000,23476.74,23477.26,23438.2,23464.51,1133799,23464.17
2026-04-06 11:05:00.000000,23434.71,23503.54,23424.31,23432.08,772930,23448.66
2026-04-06 11:06:00.000000,23462.06,23499.6,23404.59,23459.67,1059501,23456.48
2026-04-06 11:07:00.000000,23414.24,23499.93,23412.8,23478.99,939187,23451.49
2026-04-06 11:08:00.000000,23513.53,23529.24,23463.6,23480.09,780970,23496.61
2026-04-06 11:09:00.000000,23488.46,23534.66,23485.11,23487.15,1360520,23498.85
2026-04-06 11:10:00.000000,23502.78,23540.78,23393.11,23481.52,1248803,23479.55
2026-04-06 11:11:00.000000,23419.11,23485.47,23410.73,23470.09,1195238,23446.35
2026-04-06 11:12:00.000000,23486.88,23495.85,23447.7,23481.15,945604,23477.9
2026-04-06 11:13:00.000000,23487.03,23564.54,23468.73,23497.53,538050,23504.46
2026-04-06 11:14:00.000000,23497.35,23572.48,23406.71,23479.12,1003062,23488.92
2026-04-06 11:15:00.000000,23456.36,23494.45,23392.56,23458.13,1064549,23450.37
2026-04-06 11:16:00.000000,23409.0,23490.51,23402.21,23424.0,1209478,23431.43
2026-04-06 11:17:00.000000,23445.2,23491.07,23420.61,23477.75,905352,23458.66
2026-04-06 11:18:00.000000,23527.71,23535.48,23466.84,23486.29,992421,23504.08
2026-04-06 11:19:00.000000,23458.72,23527.65,23427.75,23467.02,1258513,23470.28
2026-04-06 11:20:00.000000,23479.18,23489.28,23398.11,23464.11,1529938,23457.67
2026-04-06 11:21:00.000000,23429.53,23451.99,23429.47,23449.52,1058973,23440.13
2026-04-06 11:22:00.000000,23480.05,23543.32,23380.51,23451.07,801991,23463.74
2026-04-06 11:23:00.000000,23483.39,23506.39,23413.7,23454.61,1107727,23464.52
2026-04-06 11:24:00.000000,23475.55,23537.12,23406.28,23445.12,355187,23466.02
2026-04-06 11:25:00.000000,23498.1,23498.16,23481.11,23487.65,1041125,23491.26
2026-04-06 11:26:00.000000,23519.48,23525.26,23489.28,23511.42,811634,23511.36
2026-04-06 11:27:00.000000,23501.82,23505.6,23486.81,23498.51,1061670,23498.19
2026-04-06 11:28:00.000000,23484.29,23504.2,23480.8,23502.13,1245341,23492.86
2026-04-06 11:29:00.000000,23555.16,23597.44,23521.95,23530.93,1095360,23551.37
2026-04-06 11:30:00.000000,23518.09,23589.01,23504.46,23535.87,1075006,23536.86
2026-04-06 11:31:00.000000,23550.11,23551.85,23535.05,23550.15,968590,23546.79
2026-04-06 11:32:00.000000,23544.05,23578.39,23543.9,23554.48,1318086,23555.21
2026-04-06 11:33:00.000000,23564.11,23576.68,23541.02,23556.81,888770,23559.66
2026-04-06 11:34:00.000000,23579.98,23584.51,23529.2,23551.26,1129800,23561.24
2026-04-06 11:35:00.000000,23517.83,23569.8,23504.17,23509.98,644005,23525.45
2026-04-06 11:36:00.000000,23511.75,23543.49,23495.63,23516.77,667507,23516.91
2026-04-06 11:37:00.000000,23511.79,23523.08,23494.59,23496.05,1152082,23506.38
2026-04-06 11:38:00.000000,23482.41,23541.46,23474.48,23496.46,781891,23498.71
2026-04-06 11:39:00.000000,23490.82,23518.35,23485.16,23513.32,1066161,23501.91
2026-04-06 11:40:00.000000,23475.59,23482.57,23462.79,23479.07,1030545,23475.01
2026-04-06 11:41:00.000000,23474.84,23551.85,23444.54,23489.5,1132740,23490.18
2026-04-06 11:42:00.000000,23417.24,23510.03,23389.74,23454.18,714501,23442.8
2026-04-06 11:43:00.000000,23461.2,23495.8,23448.01,23458.27,1192802,23465.82
2026-04-06 11:44:00.000000,23464.85,23507.23,23464.4,23468.64,1219880,23476.28
2026-04-06 11:45:00.000000,23471.1,23474.41,23438.59,23473.29,1313651,23464.35
2026-04-06 11:46:00.000000,23546.93,23552.1,23459.57,23471.13,697017,23507.43
2026-04-06 11:47:00.000000,23470.2,23500.73,23453.27,23469.25,961329,23473.36
2026-04-06 11:48:00.000000,23505.07,23560.71,23382.9,23461.62,1344259,23477.57
2026-04-06 11:49:00.000000,23508.2,23518.97,23439.91,23443.75,349376,23477.71
2026-04-06 11:50:00.000000,23463.35,23481.6,23406.56,23436.94,815238,23447.11
2026-04-06 11:51:00.000000,23395.23,23432.05,23388.84,23423.52,728065,23409.91
2026-04-06 11:52:00.000000,23431.61,23438.52,23394.61,23429.78,561919,23423.63
2026-04-06 11:53:00.000000,23477.08,23477.99,23354.81,23397.02,1553700,23426.72
2026-04-06 11:54:00.000000,23403.8,23455.38,23401.85,23443.68,785944,23426.18
2026-04-06 11:55:00.000000,23446.19,23488.85,23432.31,23451.16,1262384,23454.63
2026-04-06 11:56:00.000000,23432.73,23435.05,23419.14,23427.06,848444,23428.49
2026-04-06 11:57:00.000000,23442.29,23505.46,23424.49,23447.87,1236988,23455.03
2026-04-06 11:58:00.000000,23369.03,23477.38,23350.6,23463.23,993647,23415.06
2026-04-06 11:59:00.000000,23447.37,23559.0,23432.78,23470.92,1112203,23477.52
2026-04-06 12:00:00.000000,23444.11,23524.21,23432.09,23473.48,998077,23468.47
2026-04-06 12:01:00.000000,23471.0,23546.9,23402.59,23467.18,1177308,23471.92
2026-04-06 12:02:00.000000,23469.04,23474.22,23411.27,23440.0,1662944,23448.63
2026-04-06 12:03:00.000000,23429.62,23482.94,23347.79,23429.66,1364137,23422.5
2026-04-06 12:04:00.000000,23518.44,23533.55,23454.29,23473.54,806146,23494.95
2026-04-06 12:05:00.000000,23493.19,23522.02,23486.64,23496.01,612815,23499.46
2026-04-06 12:06:00.000000,23461.89,23522.6,23457.77,23496.58,688260,23484.71
2026-04-06 12:07:00.000000,23522.91,23529.42,23444.3,23511.92,1509459,23502.14
2026-04-06 12:08:00.000000,23528.64,23560.21,23526.37,23529.72,773746,23536.24
2026-04-06 12:09:00.000000,23583.09,23616.13,23508.59,23549.03,942300,23564.21
2026-04-06 12:10:00.000000,23495.08,23600.6,23472.32,23563.75,826938,23532.94
2026-04-06 12:11:00.000000,23520.54,23569.44,23512.68,23555.01,826940,23539.42
2026-04-06 12:12:00.000000,23522.28,23550.12,23501.88,23536.98,814050,23527.82
2026-04-06 12:13:00.000000,23560.81,23572.42,23506.44,23525.44,1036974,23541.28
2026-04-06 12:14:00.000000,23516.43,23549.94,23491.98,23523.25,1294960,23520.4
2026-04-06 12:15:00.000000,23499.36,23564.82,23480.61,23516.7,812156,23515.38
2026-04-06 12:16:00.000000,23539.64,23540.83,23538.55,23539.06,1157759,23539.52
2026-04-06 12:17:00.000000,23560.55,23579.95,23543.78,23544.27,1211961,23557.14
2026-04-06 12:18:00.000000,23537.84,23551.96,23532.67,23543.61,702573,23541.52
2026-04-06 12:19:00.000000,23531.72,23563.49,23515.78,23549.29,1243164,23540.07
2026-04-06 12:20:00.000000,23474.97,23607.57,23466.2,23561.3,1641536,23527.51
2026-04-06 12:21:00.000000,23561.35,23617.89,23546.13,23570.88,1056813,23574.06
2026-04-06 12:22:00.000000,23598.95,23623.84,23498.18,23565.39,503738,23571.59
2026-04-06 12:23:00.000000,23547.54,23552.74,23542.31,23551.12,449245,23548.42
2026-04-06 12:24:00.000000,23543.39,23574.48,23541.84,23552.46,1062286,23553.04
2026-04-06 12:25:00.000000,23560.94,23590.8,23534.61,23535.83,1640049,23555.55
2026-04-06 12:26:00.000000,23590.62,23594.3,23553.03,23554.35,987074,23573.07
2026-04-06 12:27:00.000000,23561.79,23563.88,23518.82,23539.1,987960,23545.9
2026-04-06 12:28:00.000000,23574.99,23618.08,23464.06,23569.73,1096441,23556.71
2026-04-06 12:29:00.000000,23491.17,23575.5,23437.45,23540.33,846691,23511.11
2026-04-06 12:30:00.000000,23452.26,23572.11,23436.09,23527.51,1103634,23496.99
2026-04-06 12:31:00.000000,23506.04,23544.29,23486.46,23522.59,921683,23514.84
2026-04-06 12:32:00.000000,23560.8,23566.21,23548.76,23549.67,622925,23556.36
2026-04-06 12:33:00.000000,23538.89,23588.14,23533.14,23542.5,1756879,23550.67
2026-04-06 12:34:00.000000,23480.74,23567.06,23458.77,23555.65,1032276,23515.56
2026-04-06 12:35:00.000000,23535.99,23544.82,23535.04,23542.22,1620476,23539.52
2026-04-06 12:36:00.000000,23548.43,23569.66,23534.54,23534.6,1041639,23546.81
2026-04-06 12:37:00.000000,23536.9,23627.18,23507.62,23518.42,567933,23547.53
2026-04-06 12:38:00.000000,23560.66,23592.47,23524.35,23525.32,561126,23550.7
2026-04-06 12:39:00.000000,23524.29,23530.18,23521.04,23525.55,511630,23525.26
2026-04-06 12:40:00.000000,23527.61,23570.82,23486.1,23532.18,911619,23529.18
2026-04-06 12:41:00.000000,23576.13,23608.8,23551.85,23559.46,1137471,23574.06
2026-04-06 12:42:00.000000,23582.18,23612.58,23533.33,23567.83,1155087,23573.98
2026-04-06 12:43:00.000000,23743.95,23749.73,23583.84,23604.94,1381492,23670.62
2026-04-06 12:44:00.000000,23632.57,23653.03,23607.86,23638.18,660504,23632.91
2026-04-06 12:45:00.000000,23662.21,23665.82,23581.42,23626.04,457157,23633.87
2026-04-06 12:46:00.000000,23639.79,23688.49,23612.53,23620.55,1623868,23640.34
2026-04-06 12:47:00.000000,23660.11,23700.01,23576.24,23632.58,676239,23642.24
2026-04-06 12:48:00.000000,23618.39,23639.48,23574.95,23639.19,704873,23618.0
2026-04-06 12:49:00.000000,23637.84,23698.49,23612.44,23628.55,1202560,23644.33
2026-04-06 12:50:00.000000,23659.7,23690.41,23614.83,23649.08,1436626,23653.5
2026-04-06 12:51:00.000000,23650.67,23672.39,23603.7,23655.79,1076538,23645.64
2026-04-06 12:52:00.000000,23709.33,23731.84,23594.39,23671.53,1088323,23676.77
2026-04-06 12:53:00.000000,23751.86,23823.86,23666.5,23720.24,778247,23740.62
2026-04-06 12:54:00.000000,23684.59,23720.56,23661.36,23696.77,1312385,23690.82
2026-04-06 12:55:00.000000,23766.17,23768.71,23739.26,23748.01,975360,23755.54
2026-04-06 12:56:00.000000,23745.8,23765.12,23708.41,23734.69,1284898,23738.5
2026-04-06 12:57:00.000000,23728.77,23751.04,23705.67,23741.0,950381,23731.62
2026-04-06 12:58:00.000000,23753.6,23855.78,23704.69,23752.98,961254,23766.76
2026-04-06 12:59:00.000000,23799.2,23800.4,23783.1,23796.95,809627,23794.91
2026-04-06 13:00:00.000000,23846.56,23862.01,23761.37,23801.74,501953,23817.92
2026-04-06 13:01:00.000000,23789.86,23839.98,23734.83,23797.96,1074935,23790.66
2026-04-06 13:02:00.000000,23789.85,23809.6,23720.38,23784.01,1602539,23775.96
2026-04-06 13:03:00.000000,23761.95,23856.21,23714.13,23768.47,1097758,23775.19
2026-04-06 13:04:00.000000,23761.03,23777.76,23716.82,23763.71,1477327,23754.83
2026-04-06 13:05:00.000000,23749.38,23788.52,23735.89,23754.14,865171,23756.98
2026-04-06 13:06:00.000000,23759.09,23778.25,23739.21,23772.05,934362,23762.15
2026-04-06 13:07:00.000000,23768.09,23832.33,23716.14,23796.55,1640743,23778.28
2026-04-06 13:08:00.000000,23786.22,23802.42,23762.27,23774.68,1283226,23781.4
2026-04-06 13:09:00.000000,23810.04,23814.86,23757.03,23779.05,1065562,23790.25
2026-04-06 13:10:00.000000,23782.06,23814.84,23748.69,23793.96,1172658,23784.89
2026-04-06 13:11:00.000000,23807.2,23829.48,23789.79,23795.79,1519891,23805.56
2026-04-06 13:12:00.000000,23740.23,23831.32,23692.06,23815.09,881661,23769.68
2026-04-06 13:13:00.000000,23807.16,23815.91,23780.72,23814.1,928307,23804.47
2026-04-06 13:14:00.000000,23825.91,23848.1,23817.23,23822.39,951514,23828.41
2026-04-06 13:15:00.000000,23758.79,23853.8,23746.77,23805.69,1276943,23791.26
2026-04-06 13:16:00.000000,23801.02,23908.69,23738.03,23814.14,1228640,23815.47
2026-04-06 13:17:00.000000,23804.7,23834.08,23779.98,23811.22,1452330,23807.49
2026-04-06 13:18:00.000000,23792.35,23897.23,23762.3,23861.41,1287883,23828.32
2026-04-06 13:19:00.000000,23800.56,23844.87,23797.92,23811.38,560091,23813.68
2026-04-06 13:20:00.000000,23843.07,23846.73,23803.64,23818.5,1401729,23827.98
2026-04-06 13:21:00.000000,23810.52,23876.22,23806.11,23841.33,911062,23833.55
2026-04-06 13:22:00.000000,23842.6,23854.82,23820.38,23828.32,880278,23836.53
2026-04-06 13:23:00.000000,23816.94,23869.3,23738.15,23839.63,473178,23816.01
2026-04-06 13:24:00.000000,23821.1,23868.92,23819.19,23825.19,967917,23833.6
2026-04-06 13:25:00.000000,23807.11,23839.68,23806.37,23837.62,952813,23822.69
2026-04-06 13:26:00.000000,23859.06,23913.17,23813.04,23849.08,805498,23858.59
2026-04-06 13:27:00.000000,23929.93,23949.33,23917.02,23922.25,818168,23929.63
2026-04-06 13:28:00.000000,23943.41,23977.31,23872.99,23947.11,628410,23935.2
2026-04-06 13:29:00.000000,23924.18,23966.31,23921.49,23965.34,560733,23944.33
2026-04-06 13:30:00.000000,23933.45,24028.26,23905.92,23984.73,462637,23963.09
2026-04-06 13:31:00.000000,23955.94,23964.71,23954.03,23964.01,1475501,23959.67
2026-04-06 13:32:00.000000,23989.83,24005.42,23950.32,23959.41,1027048,23976.24
2026-04-06 13:33:00.000000,23964.6,23970.07,23911.03,23941.05,1258740,23946.69
2026-04-06 13:34:00.000000,23955.39,23967.18,23916.18,23928.66,1004061,23941.85
2026-04-06 13:35:00.000000,23950.03,24013.0,23880.44,23961.06,539737,23951.13
2026-04-06 13:36:00.000000,23929.98,23983.68,23893.87,23957.14,831853,23941.17
2026-04-06 13:37:00.000000,23945.36,23959.8,23903.54,23954.97,1001487,23940.92
2026-04-06 13:38:00.000000,24015.13,24020.29,23898.92,23961.28,781599,23973.91
2026-04-06 13:39:00.000000,23976.29,24007.55,23955.02,23965.74,688239,23976.15
2026-04-06 13:40:00.000000,23972.58,24002.97,23967.05,23993.51,920989,23984.03
2026-04-06 13:41:00.000000,23989.24,23998.9,23985.52,23991.03,651791,23991.17
2026-04-06 13:42:00.000000,23984.32,24004.08,23921.58,23988.25,770581,23974.56
2026-04-06 13:43:00.000000,23962.54,24006.55,23957.44,23990.58,375711,23979.28
2026-04-06 13:44:00.000000,23996.89,24065.65,23943.78,23956.57,918812,23990.72
2026-04-06 13:45:00.000000,23918.17,23973.5,23906.78,23936.53,911752,23933.74
2026-04-06 13:46:00.000000,23946.02,23956.59,23942.8,23951.86,1397263,23949.32
2026-04-06 13:47:00.000000,23881.65,23953.25,23866.67,23950.52,148129,23913.02
2026-04-06 13:48:00.000000,24013.93,24030.09,23945.71,23980.08,656083,23992.45
2026-04-06 13:49:00.000000,24004.94,24032.08,23946.53,24011.32,1278457,23998.72
2026-04-06 13:50:00.000000,24047.92,24085.58,24016.56,24058.95,746116,24052.25
2026-04-06 13:51:00.000000,24024.12,24096.11,24023.22,24035.24,1071346,24044.67
2026-04-06 13:52:00.000000,24011.55,24068.37,24006.82,24047.45,951936,24033.55
2026-04-06 13:53:00.000000,24050.63,24103.51,24032.82,24062.74,1401857,24062.43
2026-04-06 13:54:00.000000,24087.09,24184.92,24031.69,24059.46,1000186,24090.79
2026-04-06 13:55:00.000000,24035.1,24133.84,24021.47,24098.05,1049159,24072.11
2026-04-06 13:56:00.000000,24128.4,24136.74,24067.86,24088.09,1115588,24105.27
2026-04-06 13:57:00.000000,24080.19,24091.34,24027.06,24085.5,1133941,24071.02
2026-04-06 13:58:00.000000,24028.76,24118.36,24013.24,24090.69,961440,24062.76
2026-04-06 13:59:00.000000,24090.48,24090.63,24083.07,24087.13,725733,24087.83
2026-04-06 14:00:00.000000,24120.28,24140.8,24078.1,24115.29,1360497,24113.62
2026-04-06 14:01:00.000000,24107.06,24234.97,24097.71,24104.77,927131,24136.13
2026-04-06 14:02:00.000000,24085.25,24108.49,24079.74,24102.39,1047487,24093.97
2026-04-06 14:03:00.000000,24094.49,24120.24,24084.45,24094.62,998831,24098.45
2026-04-06 14:04:00.000000,24106.84,24108.46,24098.28,24102.77,648840,24104.09
2026-04-06 14:05:00.000000,24067.81,24105.72,24048.52,24098.13,762402,24080.05
2026-04-06 14:06:00.000000,24101.32,24125.93,24097.16,24120.8,899703,24111.3
2026-04-06 14:07:00.000000,24060.5,24129.37,24039.52,24125.12,1190607,24088.63
2026-04-06 14:08:00.000000,24215.0,24240.06,24082.14,24133.53,547298,24167.68
2026-04-06 14:09:00.000000,24125.01,24168.02,24115.56,24167.92,1229887,24144.13
2026-04-06 14:10:00.000000,24168.67,24183.87,24101.8,24156.12,1221443,24152.62
2026-04-06 14:11:00.000000,24138.68,24187.77,24090.78,24149.22,918443,24141.61
2026-04-06 14:12:00.000000,24110.5,24203.02,24109.84,24150.17,1356596,24143.38
2026-04-06 14:13:00.000000,24145.53,24155.09,24140.94,24151.68,709944,24148.31
2026-04-06 14:14:00.000000,24129.99,24182.51,24104.54,24159.75,1008458,24144.2
2026-04-06 14:15:00.000000,24168.04,24191.68,24142.12,24148.96,1466663,24162.7
2026-04-06 14:16:00.000000,24204.72,24220.69,24174.4,24201.81,1198927,24200.4
2026-04-06 14:17:00.000000,24224.59,24237.44,24188.01,24197.59,1312502,24211.91
2026-04-06 14:18:00.000000,24337.99,24341.96,24212.4,24216.54,763466,24277.22
2026-04-06 14:19:00.000000,24251.08,24262.13,24232.5,24238.17,651077,24245.97
2026-04-06 14:20:00.000000,24249.58,24283.0,24230.38,24250.8,922969,24253.44
2026-04-06 14:21:00.000000,24269.7,24308.97,24254.93,24280.19,842981,24278.45
2026-04-06 14:22:00.000000,24252.8,24296.42,24199.93,24266.0,1298488,24253.78
2026-04-06 14:23:00.000000,24263.7,24379.79,24259.61,24316.61,914706,24304.93
2026-04-06 14:24:00.000000,24352.35,24356.24,24350.07,24353.76,1012592,24353.1
2026-04-06 14:25:00.000000,24324.55,24402.76,24302.93,24378.51,1426820,24352.19
2026-04-06 14:26:00.000000,24391.38,24394.13,24368.79,24376.14,717231,24382.61
2026-04-06 14:27:00.000000,24403.23,24462.83,24370.83,24391.46,937019,24407.09
2026-04-06 14:28:00.000000,24372.06,24391.51,24370.81,24377.84,1011548,24378.06
2026-04-06 14:29:00.000000,24401.71,24409.7,24280.66,24363.29,516425,24363.84
2026-04-06 14:30:00.000000,24366.27,24398.95,24355.11,24372.89,740542,24373.3
2026-04-06 14:31:00.000000,24372.07,24400.81,24305.93,24358.49,941447,24359.33
2026-04-06 14:32:00.000000,24284.23,24370.21,24278.22,24368.49,758536,24325.29
2026-04-06 14:33:00.000000,24400.41,24424.3,24349.61,24399.26,1113907,24393.4
2026-04-06 14:34:00.000000,24374.72,24378.7,24316.6,24354.84,860543,24356.21
2026-04-06 14:35:00.000000,24304.11,24351.7,24299.23,24335.16,1176847,24322.55
2026-04-06 14:36:00.000000,24411.72,24452.04,24347.17,24357.06,918844,24392.0
2026-04-06 14:37:00.000000,24380.57,24407.3,24326.25,24359.76,1015867,24368.47
2026-04-06 14:38:00.000000,24319.51,24401.9,24284.57,24362.68,734994,24342.17
2026-04-06 14:39:00.000000,24422.15,24438.5,24358.32,24369.1,867545,24397.02
2026-04-06 14:40:00.000000,24402.07,24407.91,24352.68,24396.09,678660,24389.69
2026-04-06 14:41:00.000000,24398.85,24423.82,24377.66,24386.48,1161212,24396.7
2026-04-06 14:42:00.000000,24390.65,24392.78,24374.8,24386.22,998328,24386.11
2026-04-06 14:43:00.000000,24393.41,24419.07,24331.79,24345.44,1305910,24372.43
2026-04-06 14:44:00.000000,24350.44,24357.8,24325.62,24345.81,912912,24344.92
2026-04-06 14:45:00.000000,24322.4,24406.61,24312.8,24364.47,1380835,24351.57
2026-04-06 14:46:00.000000,24405.21,24419.1,24375.77,24383.34,989382,24395.86
2026-04-06 14:47:00.000000,24421.19,24445.62,24341.34,24416.83,1233086,24406.25
2026-04-06 14:48:00.000000,24373.55,24499.22,24371.98,24438.33,871230,24420.77
2026-04-06 14:49:00.000000,24438.99,24484.92,24437.78,24461.36,941459,24455.76
2026-04-06 14:50:00.000000,24550.5,24559.19,24410.09,24443.31,1325249,24490.77
2026-04-06 14:51:00.000000,24476.19,24481.19,24343.28,24427.14,945183,24431.95
2026-04-06 14:52:00.000000,24401.74,24438.44,24399.54,24430.11,1829728,24417.46
2026-04-06 14:53:00.000000,24411.18,24431.59,24402.5,24416.09,1096199,24415.34
2026-04-06 14:54:00.000000,24470.58,24481.04,24445.2,24452.72,515388,24462.38
2026-04-06 14:55:00.000000,24443.36,24445.16,24399.44,24430.45,1120830,24429.6
2026-04-06 14:56:00.000000,24441.68,24467.13,24424.19,24441.14,694375,24443.54
2026-04-06 14:57:00.000000,24445.67,24463.21,24431.42,24443.64,1156840,24445.99
2026-04-06 14:58:00.000000,24433.69,24447.52,24397.72,24438.2,1030368,24429.28
2026-04-06 14:59:00.000000,24427.91,24456.38,24420.35,24421.89,974324,24431.63
2026-04-06 15:00:00.000000,24439.77,24442.38,24431.92,24437.27,1278069,24437.84
2026-04-06 15:01:00.000000,24464.79,24481.12,24398.27,24417.55,936220,24440.43
2026-04-06 15:02:00.000000,24413.68,24416.29,24408.43,24409.62,1297290,24412.01
2026-04-06 15:03:00.000000,24440.36,24461.07,24332.32,24428.84,695992,24415.65
2026-04-06 15:04:00.000000,24479.82,24489.61,24346.49,24424.97,885660,24435.22
2026-04-06 15:05:00.000000,24433.4,24478.43,24416.48,24429.19,1640360,24439.38
2026-04-06 15:06:00.000000,24415.62,24434.06,24373.29,24424.98,1177217,24411.99
2026-04-06 15:07:00.000000,24474.68,24513.34,24425.04,24431.98,713064,24461.26
2026-04-06 15:08:00.000000,24414.6,24476.7,24410.38,24423.04,886815,24431.18
2026-04-06 15:09:00.000000,24462.04,24475.96,24438.82,24444.32,1009685,24455.29
2026-04-06 15:10:00.000000,24491.43,24537.64,24414.62,24456.19,749240,24474.97
2026-04-06 15:11:00.000000,24457.34,24521.61,24401.8,24467.36,1046948,24462.03
2026-04-06 15:12:00.000000,24482.19,24524.59,24425.9,24454.77,1364369,24471.86
2026-04-06 15:13:00.000000,24467.11,24468.14,24411.2,24439.43,1122023,24446.47
2026-04-06 15:14:00.000000,24366.66,24442.69,24353.05,24420.42,811218,24395.71
2026-04-06 15:15:00.000000,24393.3,24430.31,24361.11,24415.36,1244768,24400.02
2026-04-06 15:16:00.000000,24440.65,24467.12,24378.85,24385.79,515356,24418.1
2026-04-06 15:17:00.000000,24360.34,24484.1,24333.12,24378.57,745688,24389.03
2026-04-06 15:18:00.000000,24335.81,24439.2,24330.59,24371.36,840390,24369.24
2026-04-06 15:19:00.000000,24405.54,24433.23,24363.29,24376.07,1826992,24394.53
2026-04-06 15:20:00.000000,24450.22,24458.73,24310.77,24368.93,1002585,24397.16
2026-04-06 15:21:00.000000,24472.72,24477.49,24333.93,24355.28,776709,24409.85
2026-04-06 15:22:00.000000,24369.73,24448.96,24358.93,24359.92,734791,24384.39
2026-04-06 15:23:00.000000,24379.4,24450.25,24324.74,24363.37,824424,24379.44
2026-04-06 15:24:00.000000,24323.98,24364.9,24299.69,24361.25,1347630,24337.46
2026-04-06 15:25:00.000000,24458.55,24505.01,24353.4,24404.8,1005883,24430.44
2026-04-06 15:26:00.000000,24423.99,24435.74,24353.38,24398.87,1202317,24403.0
2026-04-06 15:27:00.000000,24340.31,24501.7,24304.46,24415.04,537378,24390.38
