2026-04-02 07:25:14,231 - ERROR - Market data API failed: {'status': 'failure', 'remarks': {'error_code': None, 'error_type': None, 'error_message': None}, 'data': {'data': {'805': 'Too many requests. Further requests may result in the user being blocked.'}, 'status': 'failed'}}
2026-04-02 07:25:16,502 - ERROR - Option chain API failed: {'status': 'failure', 'remarks': {'error_code': None, 'error_type': None, 'error_message': None}, 'data': {'data': {'805': 'Too many requests. Further requests may result in the user being blocked.'}, 'status': 'failed'}}
2026-04-02 07:31:08,931 - ERROR - Option chain API failed: {'status': 'failure', 'remarks': {'error_code': None, 'error_type': None, 'error_message': None}, 'data': {'data': {'805': 'Too many requests. Further requests may result in the user being blocked.'}, 'status': 'failed'}}
2026-04-02 07:31:40,953 - ERROR - Option chain API failed: {'status': 'failure', 'remarks': {'error_code': None, 'error_type': None, 'error_message': None}, 'data': {'data': {'805': 'Too many requests. Further requests may result in the user being blocked.'}, 'status': 'failed'}}
2026-04-02 07:32:11,964 - ERROR - Market data API failed: {'status': 'failure', 'remarks': {'error_code': None, 'error_type': None, 'error_message': None}, 'data': {'data': {'805': 'Too many requests. Further requests may result in the user being blocked.'}, 'status': 'failed'}}
2026-04-02 07:40:12,728 - WARNING - Exception found in dhanhq>>find_error_code: Expecting value: line 1 column 1 (char 0)
2026-04-02 07:40:12,792 - ERROR - Market data API failed: {'status': 'failure', 'remarks': 'Expecting value: line 1 column 1 (char 0)', 'data': ''}
2026-04-02 07:40:13,811 - WARNING - Exception found in dhanhq>>find_error_code: Expecting value: line 1 column 1 (char 0)
2026-04-02 07:40:13,812 - ERROR - Option chain API failed: {'status': 'failure', 'remarks': 'Expecting value: line 1 column 1 (char 0)', 'data': ''}
2026-04-02 07:40:44,834 - WARNING - Exception found in dhanhq>>find_error_code: Expecting value: line 1 column 1 (char 0)
2026-04-02 07:40:44,835 - ERROR - Market data API failed: {'status': 'failure', 'remarks': 'Expecting value: line 1 column 1 (char 0)', 'data': ''}
2026-04-02 07:40:45,842 - WARNING - Exception found in dhanhq>>find_error_code: Expecting value: line 1 column 1 (char 0)
2026-04-02 07:40:45,842 - ERROR - Option chain API failed: {'status': 'failure', 'remarks': 'Expecting value: line 1 column 1 (char 0)', 'data': ''}
2026-04-02 07:41:16,851 - WARNING - Exception found in dhanhq>>find_error_code: Expecting value: line 1 column 1 (char 0)
2026-04-02 07:41:16,852 - ERROR - Market data API failed: {'status': 'failure', 'remarks': 'Expecting value: line 1 column 1 (char 0)', 'data': ''}
2026-04-02 07:41:17,859 - WARNING - Exception found in dhanhq>>find_error_code: Expecting value: line 1 column 1 (char 0)
2026-04-02 07:41:17,859 - ERROR - Option chain API failed: {'status': 'failure', 'remarks': 'Expecting value: line 1 column 1 (char 0)', 'data': ''}
2026-04-02 07:41:48,870 - WARNING - Exception found in dhanhq>>find_error_code: Expecting value: line 1 column 1 (char 0)
2026-04-02 07:41:48,870 - ERROR - Market data API failed: {'status': 'failure', 'remarks': 'Expecting value: line 1 column 1 (char 0)', 'data': ''}
2026-04-02 07:41:49,877 - WARNING - Exception found in dhanhq>>find_error_code: Expecting value: line 1 column 1 (char 0)
2026-04-02 07:41:49,877 - ERROR - Option chain API failed: {'status': 'failure', 'remarks': 'Expecting value: line 1 column 1 (char 0)', 'data': ''}
2026-04-02 07:42:20,913 - WARNING - Exception found in dhanhq>>find_error_code: Expecting value: line 1 column 1 (char 0)
2026-04-02 07:42:20,913 - ERROR - Market data API failed: {'status': 'failure', 'remarks': 'Expecting value: line 1 column 1 (char 0)', 'data': ''}
2026-04-02 07:42:21,920 - WARNING - Exception found in dhanhq>>find_error_code: Expecting value: line 1 column 1 (char 0)
2026-04-02 07:42:21,921 - ERROR - Option chain API failed: {'status': 'failure', 'remarks': 'Expecting value: line 1 column 1 (char 0)', 'data': ''}
2026-04-02 07:42:52,930 - WARNING - Exception found in dhanhq>>find_error_code: Expecting value: line 1 column 1 (char 0)
2026-04-02 07:42:52,932 - ERROR - Market data API failed: {'status': 'failure', 'remarks': 'Expecting value: line 1 column 1 (char 0)', 'data': ''}
2026-04-02 07:42:53,940 - WARNING - Exception found in dhanhq>>find_error_code: Expecting value: line 1 column 1 (char 0)
2026-04-02 07:42:53,940 - ERROR - Option chain API failed: {'status': 'failure', 'remarks': 'Expecting value: line 1 column 1 (char 0)', 'data': ''}
2026-04-02 07:43:24,950 - WARNING - Exception found in dhanhq>>find_error_code: Expecting value: line 1 column 1 (char 0)
2026-04-02 07:43:24,951 - ERROR - Market data API failed: {'status': 'failure', 'remarks': 'Expecting value: line 1 column 1 (char 0)', 'data': ''}
2026-04-02 07:43:25,958 - WARNING - Exception found in dhanhq>>find_error_code: Expecting value: line 1 column 1 (char 0)
2026-04-02 07:43:25,958 - ERROR - Option chain API failed: {'status': 'failure', 'remarks': 'Expecting value: line 1 column 1 (char 0)', 'data': ''}
2026-04-02 07:43:56,968 - WARNING - Exception found in dhanhq>>find_error_code: Expecting value: line 1 column 1 (char 0)
2026-04-02 07:43:56,968 - ERROR - Market data API failed: {'status': 'failure', 'remarks': 'Expecting value: line 1 column 1 (char 0)', 'data': ''}
2026-04-02 07:43:57,974 - WARNING - Exception found in dhanhq>>find_error_code: Expecting value: line 1 column 1 (char 0)
2026-04-02 07:43:57,974 - ERROR - Option chain API failed: {'status': 'failure', 'remarks': 'Expecting value: line 1 column 1 (char 0)', 'data': ''}
2026-04-02 07:44:28,985 - WARNING - Exception found in dhanhq>>find_error_code: Expecting value: line 1 column 1 (char 0)
2026-04-02 07:44:28,986 - ERROR - Market data API failed: {'status': 'failure', 'remarks': 'Expecting value: line 1 column 1 (char 0)', 'data': ''}
2026-04-02 07:44:29,994 - WARNING - Exception found in dhanhq>>find_error_code: Expecting value: line 1 column 1 (char 0)
2026-04-02 07:44:29,995 - ERROR - Option chain API failed: {'status': 'failure', 'remarks': 'Expecting value: line 1 column 1 (char 0)', 'data': ''}
2026-04-02 07:45:01,006 - WARNING - Exception found in dhanhq>>find_error_code: Expecting value: line 1 column 1 (char 0)
2026-04-02 07:45:01,006 - ERROR - Market data API failed: {'status': 'failure', 'remarks': 'Expecting value: line 1 column 1 (char 0)', 'data': ''}
2026-04-02 07:45:02,013 - WARNING - Exception found in dhanhq>>find_error_code: Expecting value: line 1 column 1 (char 0)
2026-04-02 07:45:02,014 - ERROR - Option chain API failed: {'status': 'failure', 'remarks': 'Expecting value: line 1 column 1 (char 0)', 'data': ''}
2026-04-02 07:51:27,366 - ERROR - Option chain API failed: {'status': 'failure', 'remarks': {'error_code': None, 'error_type': None, 'error_message': None}, 'data': {'data': {'805': 'Too many requests. Further requests may result in the user being blocked.'}, 'status': 'failed'}}
2026-04-02 08:01:36,191 - ERROR - Option chain API failed: {'status': 'failure', 'remarks': {'error_code': None, 'error_type': None, 'error_message': None}, 'data': {'data': {'805': 'Too many requests. Further requests may result in the user being blocked.'}, 'status': 'failed'}}
2026-04-02 08:02:08,209 - ERROR - Option chain API failed: {'status': 'failure', 'remarks': {'error_code': None, 'error_type': None, 'error_message': None}, 'data': {'data': {'805': 'Too many requests. Further requests may result in the user being blocked.'}, 'status': 'failed'}}
2026-04-02 08:05:20,441 - ERROR - Option chain API failed: {'status': 'failure', 'remarks': {'error_code': None, 'error_type': None, 'error_message': None}, 'data': {'data': {'800': 'Internal Server Error'}, 'status': 'failed'}}
2026-04-02 08:05:52,465 - ERROR - Option chain API failed: {'status': 'failure', 'remarks': {'error_code': None, 'error_type': None, 'error_message': None}, 'data': {'data': {'800': 'Internal Server Error'}, 'status': 'failed'}}
2026-04-02 08:06:24,485 - ERROR - Option chain API failed: {'status': 'failure', 'remarks': {'error_code': None, 'error_type': None, 'error_message': None}, 'data': {'data': {'800': 'Internal Server Error'}, 'status': 'failed'}}
2026-04-02 08:11:44,900 - ERROR - Option chain API failed: {'status': 'failure', 'remarks': {'error_code': None, 'error_type': None, 'error_message': None}, 'data': {'data': {'805': 'Too many requests. Further requests may result in the user being blocked.'}, 'status': 'failed'}}
2026-04-02 08:12:16,919 - ERROR - Option chain API failed: {'status': 'failure', 'remarks': {'error_code': None, 'error_type': None, 'error_message': None}, 'data': {'data': {'805': 'Too many requests. Further requests may result in the user being blocked.'}, 'status': 'failed'}}
2026-04-02 08:21:53,709 - ERROR - Option chain API failed: {'status': 'failure', 'remarks': {'error_code': None, 'error_type': None, 'error_message': None}, 'data': {'data': {'805': 'Too many requests. Further requests may result in the user being blocked.'}, 'status': 'failed'}}
2026-04-02 08:22:25,725 - ERROR - Option chain API failed: {'status': 'failure', 'remarks': {'error_code': None, 'error_type': None, 'error_message': None}, 'data': {'data': {'805': 'Too many requests. Further requests may result in the user being blocked.'}, 'status': 'failed'}}
2026-04-02 08:32:03,025 - ERROR - Option chain API failed: {'status': 'failure', 'remarks': {'error_code': None, 'error_type': None, 'error_message': None}, 'data': {'data': {'805': 'Too many requests. Further requests may result in the user being blocked.'}, 'status': 'failed'}}
2026-04-02 08:32:35,134 - ERROR - Option chain API failed: {'status': 'failure', 'remarks': {'error_code': None, 'error_type': None, 'error_message': None}, 'data': {'data': {'805': 'Too many requests. Further requests may result in the user being blocked.'}, 'status': 'failed'}}
2026-04-02 08:42:12,017 - ERROR - Option chain API failed: {'status': 'failure', 'remarks': {'error_code': None, 'error_type': None, 'error_message': None}, 'data': {'data': {'805': 'Too many requests. Further requests may result in the user being blocked.'}, 'status': 'failed'}}
2026-04-02 08:42:44,049 - ERROR - Option chain API failed: {'status': 'failure', 'remarks': {'error_code': None, 'error_type': None, 'error_message': None}, 'data': {'data': {'805': 'Too many requests. Further requests may result in the user being blocked.'}, 'status': 'failed'}}
2026-04-02 08:45:24,241 - ERROR - Option chain API failed: {'status': 'failure', 'remarks': {'error_code': None, 'error_type': None, 'error_message': None}, 'data': {'data': {'800': 'Internal Server Error'}, 'status': 'failed'}}
2026-04-02 08:45:56,262 - ERROR - Option chain API failed: {'status': 'failure', 'remarks': {'error_code': None, 'error_type': None, 'error_message': None}, 'data': {'data': {'800': 'Internal Server Error'}, 'status': 'failed'}}
2026-04-02 08:46:28,281 - ERROR - Option chain API failed: {'status': 'failure', 'remarks': {'error_code': None, 'error_type': None, 'error_message': None}, 'data': {'data': {'800': 'Internal Server Error'}, 'status': 'failed'}}
2026-04-02 08:52:52,772 - ERROR - Option chain API failed: {'status': 'failure', 'remarks': {'error_code': None, 'error_type': None, 'error_message': None}, 'data': {'data': {'805': 'Too many requests. Further requests may result in the user being blocked.'}, 'status': 'failed'}}
2026-04-02 09:03:01,584 - ERROR - Option chain API failed: {'status': 'failure', 'remarks': {'error_code': None, 'error_type': None, 'error_message': None}, 'data': {'data': {'805': 'Too many requests. Further requests may result in the user being blocked.'}, 'status': 'failed'}}
2026-04-02 09:03:33,603 - ERROR - Option chain API failed: {'status': 'failure', 'remarks': {'error_code': None, 'error_type': None, 'error_message': None}, 'data': {'data': {'805': 'Too many requests. Further requests may result in the user being blocked.'}, 'status': 'failed'}}
2026-04-02 09:12:38,647 - ERROR - Option chain API failed: {'status': 'failure', 'remarks': {'error_code': None, 'error_type': None, 'error_message': None}, 'data': {'data': {'805': 'Too many requests. Further requests may result in the user being blocked.'}, 'status': 'failed'}}
2026-04-02 09:13:10,665 - ERROR - Option chain API failed: {'status': 'failure', 'remarks': {'error_code': None, 'error_type': None, 'error_message': None}, 'data': {'data': {'805': 'Too many requests. Further requests may result in the user being blocked.'}, 'status': 'failed'}}
2026-04-02 09:23:57,244 - ERROR - Option chain API failed: {'status': 'failure', 'remarks': {'error_code': None, 'error_type': None, 'error_message': None}, 'data': {'data': {'805': 'Too many requests. Further requests may result in the user being blocked.'}, 'status': 'failed'}}
2026-04-02 09:24:29,280 - ERROR - Option chain API failed: {'status': 'failure', 'remarks': {'error_code': None, 'error_type': None, 'error_message': None}, 'data': {'data': {'805': 'Too many requests. Further requests may result in the user being blocked.'}, 'status': 'failed'}}
2026-04-02 09:27:16,082 - ERROR - Option chain API failed: {'status': 'failure', 'remarks': {'error_code': None, 'error_type': None, 'error_message': None}, 'data': {'data': {'805': 'Too many requests. Further requests may result in the user being blocked.'}, 'status': 'failed'}}
2026-04-02 09:47:38,454 - ERROR - Option chain API failed: {'status': 'failure', 'remarks': {'error_code': None, 'error_type': None, 'error_message': None}, 'data': {'data': {'805': 'Too many requests. Further requests may result in the user being blocked.'}, 'status': 'failed'}}
2026-04-02 09:57:15,509 - ERROR - Option chain API failed: {'status': 'failure', 'remarks': {'error_code': None, 'error_type': None, 'error_message': None}, 'data': {'data': {'805': 'Too many requests. Further requests may result in the user being blocked.'}, 'status': 'failed'}}
2026-04-02 09:57:47,527 - ERROR - Option chain API failed: {'status': 'failure', 'remarks': {'error_code': None, 'error_type': None, 'error_message': None}, 'data': {'data': {'805': 'Too many requests. Further requests may result in the user being blocked.'}, 'status': 'failed'}}
2026-04-02 10:06:52,253 - ERROR - Option chain API failed: {'status': 'failure', 'remarks': {'error_code': None, 'error_type': None, 'error_message': None}, 'data': {'data': {'805': 'Too many requests. Further requests may result in the user being blocked.'}, 'status': 'failed'}}
2026-04-02 10:07:24,272 - ERROR - Option chain API failed: {'status': 'failure', 'remarks': {'error_code': None, 'error_type': None, 'error_message': None}, 'data': {'data': {'805': 'Too many requests. Further requests may result in the user being blocked.'}, 'status': 'failed'}}
2026-04-02 10:16:29,045 - ERROR - Option chain API failed: {'status': 'failure', 'remarks': {'error_code': None, 'error_type': None, 'error_message': None}, 'data': {'data': {'805': 'Too many requests. Further requests may result in the user being blocked.'}, 'status': 'failed'}}
2026-04-02 10:17:01,281 - ERROR - Market data API failed: {'status': 'failure', 'remarks': {'error_code': None, 'error_type': None, 'error_message': None}, 'data': {'data': {'805': 'Too many requests. Further requests may result in the user being blocked.'}, 'status': 'failed'}}
2026-04-02 10:17:02,295 - ERROR - Option chain API failed: {'status': 'failure', 'remarks': {'error_code': None, 'error_type': None, 'error_message': None}, 'data': {'data': {'805': 'Too many requests. Further requests may result in the user being blocked.'}, 'status': 'failed'}}
2026-04-02 10:17:34,491 - ERROR - Market data API failed: {'status': 'failure', 'remarks': {'error_code': None, 'error_type': None, 'error_message': None}, 'data': {'data': {'805': 'Too many requests. Further requests may result in the user being blocked.'}, 'status': 'failed'}}
2026-04-02 10:17:35,498 - ERROR - Option chain API failed: {'status': 'failure', 'remarks': {'error_code': None, 'error_type': None, 'error_message': None}, 'data': {'data': {'805': 'Too many requests. Further requests may result in the user being blocked.'}, 'status': 'failed'}}
2026-04-02 10:18:38,697 - ERROR - Market data API failed: {'status': 'failure', 'remarks': {'error_code': None, 'error_type': None, 'error_message': None}, 'data': {'data': {'805': 'Too many requests. Further requests may result in the user being blocked.'}, 'status': 'failed'}}
2026-04-02 10:19:14,019 - ERROR - Market data API failed: {'status': 'failure', 'remarks': {'error_code': None, 'error_type': None, 'error_message': None}, 'data': {'data': {'805': 'Too many requests. Further requests may result in the user being blocked.'}, 'status': 'failed'}}
2026-04-02 10:19:15,062 - ERROR - Option chain API failed: {'status': 'failure', 'remarks': {'error_code': None, 'error_type': None, 'error_message': None}, 'data': {'data': {'805': 'Too many requests. Further requests may result in the user being blocked.'}, 'status': 'failed'}}
2026-04-02 10:19:50,084 - ERROR - Market data API failed: {'status': 'failure', 'remarks': {'error_code': None, 'error_type': None, 'error_message': None}, 'data': {'data': {'805': 'Too many requests. Further requests may result in the user being blocked.'}, 'status': 'failed'}}
2026-04-02 10:20:58,154 - ERROR - Market data API failed: {'status': 'failure', 'remarks': {'error_code': None, 'error_type': None, 'error_message': None}, 'data': {'data': {'805': 'Too many requests. Further requests may result in the user being blocked.'}, 'status': 'failed'}}
2026-04-02 10:20:59,302 - ERROR - Option chain API failed: {'status': 'failure', 'remarks': {'error_code': None, 'error_type': None, 'error_message': None}, 'data': {'data': {'805': 'Too many requests. Further requests may result in the user being blocked.'}, 'status': 'failed'}}
2026-04-02 10:21:31,685 - ERROR - Market data API failed: {'status': 'failure', 'remarks': {'error_code': None, 'error_type': None, 'error_message': None}, 'data': {'data': {'805': 'Too many requests. Further requests may result in the user being blocked.'}, 'status': 'failed'}}
2026-04-02 10:21:32,743 - ERROR - Option chain API failed: {'status': 'failure', 'remarks': {'error_code': None, 'error_type': None, 'error_message': None}, 'data': {'data': {'805': 'Too many requests. Further requests may result in the user being blocked.'}, 'status': 'failed'}}
2026-04-02 10:22:05,468 - ERROR - Market data API failed: {'status': 'failure', 'remarks': {'error_code': None, 'error_type': None, 'error_message': None}, 'data': {'data': {'805': 'Too many requests. Further requests may result in the user being blocked.'}, 'status': 'failed'}}
2026-04-02 10:22:06,617 - ERROR - Option chain API failed: {'status': 'failure', 'remarks': {'error_code': None, 'error_type': None, 'error_message': None}, 'data': {'data': {'805': 'Too many requests. Further requests may result in the user being blocked.'}, 'status': 'failed'}}
2026-04-02 10:22:40,858 - ERROR - Market data API failed: {'status': 'failure', 'remarks': {'error_code': None, 'error_type': None, 'error_message': None}, 'data': {'data': {'805': 'Too many requests. Further requests may result in the user being blocked.'}, 'status': 'failed'}}
2026-04-02 10:22:42,696 - ERROR - Option chain API failed: {'status': 'failure', 'remarks': {'error_code': None, 'error_type': None, 'error_message': None}, 'data': {'data': {'805': 'Too many requests. Further requests may result in the user being blocked.'}, 'status': 'failed'}}
2026-04-02 10:23:15,042 - ERROR - Option chain API failed: {'status': 'failure', 'remarks': {'error_code': None, 'error_type': None, 'error_message': None}, 'data': {'data': {'805': 'Too many requests. Further requests may result in the user being blocked.'}, 'status': 'failed'}}
2026-04-02 10:26:58,658 - ERROR - Market data API failed: {'status': 'failure', 'remarks': {'error_code': None, 'error_type': None, 'error_message': None}, 'data': {'data': {'805': 'Too many requests. Further requests may result in the user being blocked.'}, 'status': 'failed'}}
2026-04-02 10:27:32,836 - ERROR - Market data API failed: {'status': 'failure', 'remarks': {'error_code': None, 'error_type': None, 'error_message': None}, 'data': {'data': {'805': 'Too many requests. Further requests may result in the user being blocked.'}, 'status': 'failed'}}
2026-04-02 10:27:34,584 - ERROR - Option chain API failed: {'status': 'failure', 'remarks': {'error_code': None, 'error_type': None, 'error_message': None}, 'data': {'data': {'805': 'Too many requests. Further requests may result in the user being blocked.'}, 'status': 'failed'}}
2026-04-02 10:28:06,477 - ERROR - Market data API failed: {'status': 'failure', 'remarks': {'error_code': None, 'error_type': None, 'error_message': None}, 'data': {'data': {'805': 'Too many requests. Further requests may result in the user being blocked.'}, 'status': 'failed'}}
2026-04-02 10:28:08,151 - ERROR - Option chain API failed: {'status': 'failure', 'remarks': {'error_code': None, 'error_type': None, 'error_message': None}, 'data': {'data': {'805': 'Too many requests. Further requests may result in the user being blocked.'}, 'status': 'failed'}}
2026-04-02 10:28:40,586 - ERROR - Market data API failed: {'status': 'failure', 'remarks': {'error_code': None, 'error_type': None, 'error_message': None}, 'data': {'data': {'805': 'Too many requests. Further requests may result in the user being blocked.'}, 'status': 'failed'}}
2026-04-02 10:28:41,594 - ERROR - Option chain API failed: {'status': 'failure', 'remarks': {'error_code': None, 'error_type': None, 'error_message': None}, 'data': {'data': {'805': 'Too many requests. Further requests may result in the user being blocked.'}, 'status': 'failed'}}
2026-04-02 10:29:16,026 - ERROR - Market data API failed: {'status': 'failure', 'remarks': {'error_code': None, 'error_type': None, 'error_message': None}, 'data': {'data': {'805': 'Too many requests. Further requests may result in the user being blocked.'}, 'status': 'failed'}}
2026-04-02 10:29:52,734 - ERROR - Option chain API failed: {'status': 'failure', 'remarks': {'error_code': None, 'error_type': None, 'error_message': None}, 'data': {'data': {'805': 'Too many requests. Further requests may result in the user being blocked.'}, 'status': 'failed'}}
2026-04-02 10:30:25,540 - ERROR - Market data API failed: {'status': 'failure', 'remarks': {'error_code': None, 'error_type': None, 'error_message': None}, 'data': {'data': {'805': 'Too many requests. Further requests may result in the user being blocked.'}, 'status': 'failed'}}
2026-04-02 10:30:26,549 - ERROR - Option chain API failed: {'status': 'failure', 'remarks': {'error_code': None, 'error_type': None, 'error_message': None}, 'data': {'data': {'805': 'Too many requests. Further requests may result in the user being blocked.'}, 'status': 'failed'}}
2026-04-02 10:31:35,356 - ERROR - Market data API failed: {'status': 'failure', 'remarks': {'error_code': None, 'error_type': None, 'error_message': None}, 'data': {'data': {'805': 'Too many requests. Further requests may result in the user being blocked.'}, 'status': 'failed'}}
2026-04-02 10:32:08,165 - ERROR - Market data API failed: {'status': 'failure', 'remarks': {'error_code': None, 'error_type': None, 'error_message': None}, 'data': {'data': {'805': 'Too many requests. Further requests may result in the user being blocked.'}, 'status': 'failed'}}
2026-04-02 10:32:43,176 - ERROR - Market data API failed: {'status': 'failure', 'remarks': {'error_code': None, 'error_type': None, 'error_message': None}, 'data': {'data': {'805': 'Too many requests. Further requests may result in the user being blocked.'}, 'status': 'failed'}}
2026-04-02 10:33:20,883 - ERROR - Market data API failed: {'status': 'failure', 'remarks': {'error_code': None, 'error_type': None, 'error_message': None}, 'data': {'data': {'805': 'Too many requests. Further requests may result in the user being blocked.'}, 'status': 'failed'}}
2026-04-02 10:33:53,397 - ERROR - Market data API failed: {'status': 'failure', 'remarks': {'error_code': None, 'error_type': None, 'error_message': None}, 'data': {'data': {'805': 'Too many requests. Further requests may result in the user being blocked.'}, 'status': 'failed'}}
2026-04-02 10:34:27,345 - ERROR - Market data API failed: {'status': 'failure', 'remarks': {'error_code': None, 'error_type': None, 'error_message': None}, 'data': {'data': {'805': 'Too many requests. Further requests may result in the user being blocked.'}, 'status': 'failed'}}
2026-04-02 10:35:03,043 - ERROR - Market data API failed: {'status': 'failure', 'remarks': {'error_code': None, 'error_type': None, 'error_message': None}, 'data': {'data': {'805': 'Too many requests. Further requests may result in the user being blocked.'}, 'status': 'failed'}}
2026-04-02 10:36:13,017 - ERROR - Market data API failed: {'status': 'failure', 'remarks': {'error_code': None, 'error_type': None, 'error_message': None}, 'data': {'data': {'805': 'Too many requests. Further requests may result in the user being blocked.'}, 'status': 'failed'}}
2026-04-02 10:36:53,453 - ERROR - Market data API failed: {'status': 'failure', 'remarks': {'error_code': None, 'error_type': None, 'error_message': None}, 'data': {'data': {'805': 'Too many requests. Further requests may result in the user being blocked.'}, 'status': 'failed'}}
2026-04-02 10:37:30,087 - ERROR - Market data API failed: {'status': 'failure', 'remarks': {'error_code': None, 'error_type': None, 'error_message': None}, 'data': {'data': {'805': 'Too many requests. Further requests may result in the user being blocked.'}, 'status': 'failed'}}
2026-04-02 10:39:32,018 - ERROR - Market data API failed: {'status': 'failure', 'remarks': {'error_code': None, 'error_type': None, 'error_message': None}, 'data': {'data': {'805': 'Too many requests. Further requests may result in the user being blocked.'}, 'status': 'failed'}}
2026-04-02 10:40:10,655 - ERROR - Market data API failed: {'status': 'failure', 'remarks': {'error_code': None, 'error_type': None, 'error_message': None}, 'data': {'data': {'805': 'Too many requests. Further requests may result in the user being blocked.'}, 'status': 'failed'}}
2026-04-02 10:40:11,864 - ERROR - Option chain API failed: {'status': 'failure', 'remarks': {'error_code': None, 'error_type': None, 'error_message': None}, 'data': {'data': {'805': 'Too many requests. Further requests may result in the user being blocked.'}, 'status': 'failed'}}
2026-04-02 10:40:55,105 - ERROR - Option chain API failed: {'status': 'failure', 'remarks': {'error_code': None, 'error_type': None, 'error_message': None}, 'data': {'data': {'805': 'Too many requests. Further requests may result in the user being blocked.'}, 'status': 'failed'}}
2026-04-02 10:42:05,950 - ERROR - Market data API failed: {'status': 'failure', 'remarks': {'error_code': None, 'error_type': None, 'error_message': None}, 'data': {'data': {'805': 'Too many requests. Further requests may result in the user being blocked.'}, 'status': 'failed'}}
2026-04-02 10:42:46,549 - ERROR - Option chain API failed: {'status': 'failure', 'remarks': {'error_code': None, 'error_type': None, 'error_message': None}, 'data': {'data': {'805': 'Too many requests. Further requests may result in the user being blocked.'}, 'status': 'failed'}}
2026-04-02 10:43:22,821 - ERROR - Market data API failed: {'status': 'failure', 'remarks': {'error_code': None, 'error_type': None, 'error_message': None}, 'data': {'data': {'805': 'Too many requests. Further requests may result in the user being blocked.'}, 'status': 'failed'}}
2026-04-02 10:44:02,821 - ERROR - Market data API failed: {'status': 'failure', 'remarks': {'error_code': None, 'error_type': None, 'error_message': None}, 'data': {'data': {'805': 'Too many requests. Further requests may result in the user being blocked.'}, 'status': 'failed'}}
2026-04-02 10:44:38,581 - ERROR - Market data API failed: {'status': 'failure', 'remarks': {'error_code': None, 'error_type': None, 'error_message': None}, 'data': {'data': {'805': 'Too many requests. Further requests may result in the user being blocked.'}, 'status': 'failed'}}
2026-04-02 10:45:16,893 - ERROR - Market data API failed: {'status': 'failure', 'remarks': {'error_code': None, 'error_type': None, 'error_message': None}, 'data': {'data': {'805': 'Too many requests. Further requests may result in the user being blocked.'}, 'status': 'failed'}}
2026-04-02 10:45:59,051 - ERROR - Market data API failed: {'status': 'failure', 'remarks': {'error_code': None, 'error_type': None, 'error_message': None}, 'data': {'data': {'805': 'Too many requests. Further requests may result in the user being blocked.'}, 'status': 'failed'}}
2026-04-02 10:46:37,644 - ERROR - Market data API failed: {'status': 'failure', 'remarks': {'error_code': None, 'error_type': None, 'error_message': None}, 'data': {'data': {'805': 'Too many requests. Further requests may result in the user being blocked.'}, 'status': 'failed'}}
2026-04-02 10:47:13,273 - ERROR - Market data API failed: {'status': 'failure', 'remarks': {'error_code': None, 'error_type': None, 'error_message': None}, 'data': {'data': {'805': 'Too many requests. Further requests may result in the user being blocked.'}, 'status': 'failed'}}
2026-04-02 10:47:51,940 - ERROR - Market data API failed: {'status': 'failure', 'remarks': {'error_code': None, 'error_type': None, 'error_message': None}, 'data': {'data': {'805': 'Too many requests. Further requests may result in the user being blocked.'}, 'status': 'failed'}}
2026-04-02 10:48:34,697 - ERROR - Market data API failed: {'status': 'failure', 'remarks': {'error_code': None, 'error_type': None, 'error_message': None}, 'data': {'data': {'805': 'Too many requests. Further requests may result in the user being blocked.'}, 'status': 'failed'}}
2026-04-02 10:49:14,034 - ERROR - Market data API failed: {'status': 'failure', 'remarks': {'error_code': None, 'error_type': None, 'error_message': None}, 'data': {'data': {'805': 'Too many requests. Further requests may result in the user being blocked.'}, 'status': 'failed'}}
2026-04-02 10:49:51,060 - ERROR - Market data API failed: {'status': 'failure', 'remarks': {'error_code': None, 'error_type': None, 'error_message': None}, 'data': {'data': {'805': 'Too many requests. Further requests may result in the user being blocked.'}, 'status': 'failed'}}
2026-04-02 10:49:52,080 - ERROR - Option chain API failed: {'status': 'failure', 'remarks': {'error_code': None, 'error_type': None, 'error_message': None}, 'data': {'data': {'805': 'Too many requests. Further requests may result in the user being blocked.'}, 'status': 'failed'}}
2026-04-02 10:50:25,337 - ERROR - Market data API failed: {'status': 'failure', 'remarks': {'error_code': None, 'error_type': None, 'error_message': None}, 'data': {'data': {'805': 'Too many requests. Further requests may result in the user being blocked.'}, 'status': 'failed'}}
2026-04-02 10:51:07,587 - ERROR - Market data API failed: {'status': 'failure', 'remarks': {'error_code': None, 'error_type': None, 'error_message': None}, 'data': {'data': {'805': 'Too many requests. Further requests may result in the user being blocked.'}, 'status': 'failed'}}
2026-04-02 10:51:51,318 - ERROR - Market data API failed: {'status': 'failure', 'remarks': {'error_code': None, 'error_type': None, 'error_message': None}, 'data': {'data': {'805': 'Too many requests. Further requests may result in the user being blocked.'}, 'status': 'failed'}}
2026-04-02 10:52:33,332 - ERROR - Market data API failed: {'status': 'failure', 'remarks': {'error_code': None, 'error_type': None, 'error_message': None}, 'data': {'data': {'805': 'Too many requests. Further requests may result in the user being blocked.'}, 'status': 'failed'}}
2026-04-02 10:53:15,512 - ERROR - Market data API failed: {'status': 'failure', 'remarks': {'error_code': None, 'error_type': None, 'error_message': None}, 'data': {'data': {'805': 'Too many requests. Further requests may result in the user being blocked.'}, 'status': 'failed'}}
2026-04-02 10:53:53,271 - ERROR - Market data API failed: {'status': 'failure', 'remarks': {'error_code': None, 'error_type': None, 'error_message': None}, 'data': {'data': {'805': 'Too many requests. Further requests may result in the user being blocked.'}, 'status': 'failed'}}
2026-04-02 10:54:33,609 - ERROR - Market data API failed: {'status': 'failure', 'remarks': {'error_code': None, 'error_type': None, 'error_message': None}, 'data': {'data': {'805': 'Too many requests. Further requests may result in the user being blocked.'}, 'status': 'failed'}}
2026-04-02 10:55:08,819 - ERROR - Market data API failed: {'status': 'failure', 'remarks': {'error_code': None, 'error_type': None, 'error_message': None}, 'data': {'data': {'805': 'Too many requests. Further requests may result in the user being blocked.'}, 'status': 'failed'}}
2026-04-02 10:56:26,986 - ERROR - Market data API failed: {'status': 'failure', 'remarks': {'error_code': None, 'error_type': None, 'error_message': None}, 'data': {'data': {'805': 'Too many requests. Further requests may result in the user being blocked.'}, 'status': 'failed'}}
2026-04-02 10:57:00,166 - ERROR - Market data API failed: {'status': 'failure', 'remarks': {'error_code': None, 'error_type': None, 'error_message': None}, 'data': {'data': {'805': 'Too many requests. Further requests may result in the user being blocked.'}, 'status': 'failed'}}
2026-04-02 10:58:28,019 - ERROR - Market data API failed: {'status': 'failure', 'remarks': {'error_code': None, 'error_type': None, 'error_message': None}, 'data': {'data': {'805': 'Too many requests. Further requests may result in the user being blocked.'}, 'status': 'failed'}}
2026-04-02 10:59:20,355 - ERROR - Market data API failed: {'status': 'failure', 'remarks': {'error_code': None, 'error_type': None, 'error_message': None}, 'data': {'data': {'805': 'Too many requests. Further requests may result in the user being blocked.'}, 'status': 'failed'}}
2026-04-02 11:00:15,876 - ERROR - Market data API failed: {'status': 'failure', 'remarks': {'error_code': None, 'error_type': None, 'error_message': None}, 'data': {'data': {'805': 'Too many requests. Further requests may result in the user being blocked.'}, 'status': 'failed'}}
2026-04-02 11:01:06,393 - ERROR - Market data API failed: {'status': 'failure', 'remarks': {'error_code': None, 'error_type': None, 'error_message': None}, 'data': {'data': {'805': 'Too many requests. Further requests may result in the user being blocked.'}, 'status': 'failed'}}
2026-04-02 11:02:00,979 - ERROR - Market data API failed: {'status': 'failure', 'remarks': {'error_code': None, 'error_type': None, 'error_message': None}, 'data': {'data': {'805': 'Too many requests. Further requests may result in the user being blocked.'}, 'status': 'failed'}}
2026-04-02 11:02:51,469 - ERROR - Market data API failed: {'status': 'failure', 'remarks': {'error_code': None, 'error_type': None, 'error_message': None}, 'data': {'data': {'805': 'Too many requests. Further requests may result in the user being blocked.'}, 'status': 'failed'}}
2026-04-02 11:03:48,602 - ERROR - Market data API failed: {'status': 'failure', 'remarks': {'error_code': None, 'error_type': None, 'error_message': None}, 'data': {'data': {'805': 'Too many requests. Further requests may result in the user being blocked.'}, 'status': 'failed'}}
2026-04-02 11:03:52,924 - ERROR - Option chain API failed: {'status': 'failure', 'remarks': {'error_code': None, 'error_type': None, 'error_message': None}, 'data': {'data': {'805': 'Too many requests. Further requests may result in the user being blocked.'}, 'status': 'failed'}}
2026-04-02 11:04:49,150 - ERROR - Market data API failed: {'status': 'failure', 'remarks': {'error_code': None, 'error_type': None, 'error_message': None}, 'data': {'data': {'805': 'Too many requests. Further requests may result in the user being blocked.'}, 'status': 'failed'}}
2026-04-02 11:05:43,130 - ERROR - Market data API failed: {'status': 'failure', 'remarks': {'error_code': None, 'error_type': None, 'error_message': None}, 'data': {'data': {'805': 'Too many requests. Further requests may result in the user being blocked.'}, 'status': 'failed'}}
2026-04-02 11:06:29,626 - ERROR - Market data API failed: {'status': 'failure', 'remarks': {'error_code': None, 'error_type': None, 'error_message': None}, 'data': {'data': {'805': 'Too many requests. Further requests may result in the user being blocked.'}, 'status': 'failed'}}
2026-04-02 11:07:21,799 - ERROR - Market data API failed: {'status': 'failure', 'remarks': {'error_code': None, 'error_type': None, 'error_message': None}, 'data': {'data': {'805': 'Too many requests. Further requests may result in the user being blocked.'}, 'status': 'failed'}}
2026-04-02 11:08:13,170 - ERROR - Market data API failed: {'status': 'failure', 'remarks': {'error_code': None, 'error_type': None, 'error_message': None}, 'data': {'data': {'805': 'Too many requests. Further requests may result in the user being blocked.'}, 'status': 'failed'}}
2026-04-02 11:10:04,986 - ERROR - Market data API failed: {'status': 'failure', 'remarks': {'error_code': None, 'error_type': None, 'error_message': None}, 'data': {'data': {'805': 'Too many requests. Further requests may result in the user being blocked.'}, 'status': 'failed'}}
2026-04-02 11:11:00,564 - ERROR - Market data API failed: {'status': 'failure', 'remarks': {'error_code': None, 'error_type': None, 'error_message': None}, 'data': {'data': {'805': 'Too many requests. Further requests may result in the user being blocked.'}, 'status': 'failed'}}
2026-04-02 11:12:40,430 - ERROR - Market data API failed: {'status': 'failure', 'remarks': {'error_code': None, 'error_type': None, 'error_message': None}, 'data': {'data': {'805': 'Too many requests. Further requests may result in the user being blocked.'}, 'status': 'failed'}}
2026-04-02 11:13:40,660 - ERROR - Market data API failed: {'status': 'failure', 'remarks': {'error_code': None, 'error_type': None, 'error_message': None}, 'data': {'data': {'805': 'Too many requests. Further requests may result in the user being blocked.'}, 'status': 'failed'}}
2026-04-02 11:14:32,555 - ERROR - Option chain API failed: {'status': 'failure', 'remarks': {'error_code': None, 'error_type': None, 'error_message': None}, 'data': {'data': {'805': 'Too many requests. Further requests may result in the user being blocked.'}, 'status': 'failed'}}
2026-04-02 11:15:14,533 - ERROR - Market data API failed: {'status': 'failure', 'remarks': {'error_code': None, 'error_type': None, 'error_message': None}, 'data': {'data': {'805': 'Too many requests. Further requests may result in the user being blocked.'}, 'status': 'failed'}}
2026-04-02 11:16:11,107 - ERROR - Market data API failed: {'status': 'failure', 'remarks': {'error_code': None, 'error_type': None, 'error_message': None}, 'data': {'data': {'805': 'Too many requests. Further requests may result in the user being blocked.'}, 'status': 'failed'}}
2026-04-02 11:17:02,761 - ERROR - Market data API failed: {'status': 'failure', 'remarks': {'error_code': None, 'error_type': None, 'error_message': None}, 'data': {'data': {'805': 'Too many requests. Further requests may result in the user being blocked.'}, 'status': 'failed'}}
2026-04-02 11:17:53,940 - ERROR - Market data API failed: {'status': 'failure', 'remarks': {'error_code': None, 'error_type': None, 'error_message': None}, 'data': {'data': {'805': 'Too many requests. Further requests may result in the user being blocked.'}, 'status': 'failed'}}
2026-04-02 11:18:41,925 - ERROR - Market data API failed: {'status': 'failure', 'remarks': {'error_code': None, 'error_type': None, 'error_message': None}, 'data': {'data': {'805': 'Too many requests. Further requests may result in the user being blocked.'}, 'status': 'failed'}}
2026-04-02 11:19:42,683 - ERROR - Market data API failed: {'status': 'failure', 'remarks': {'error_code': None, 'error_type': None, 'error_message': None}, 'data': {'data': {'805': 'Too many requests. Further requests may result in the user being blocked.'}, 'status': 'failed'}}
2026-04-02 11:20:43,614 - ERROR - Market data API failed: {'status': 'failure', 'remarks': {'error_code': None, 'error_type': None, 'error_message': None}, 'data': {'data': {'805': 'Too many requests. Further requests may result in the user being blocked.'}, 'status': 'failed'}}
2026-04-02 11:21:34,728 - ERROR - Market data API failed: {'status': 'failure', 'remarks': {'error_code': None, 'error_type': None, 'error_message': None}, 'data': {'data': {'805': 'Too many requests. Further requests may result in the user being blocked.'}, 'status': 'failed'}}
2026-04-02 11:22:22,013 - ERROR - Market data API failed: {'status': 'failure', 'remarks': {'error_code': None, 'error_type': None, 'error_message': None}, 'data': {'data': {'805': 'Too many requests. Further requests may result in the user being blocked.'}, 'status': 'failed'}}
2026-04-02 11:22:26,571 - ERROR - Option chain API failed: {'status': 'failure', 'remarks': {'error_code': None, 'error_type': None, 'error_message': None}, 'data': {'data': {'805': 'Too many requests. Further requests may result in the user being blocked.'}, 'status': 'failed'}}
2026-04-02 11:23:14,361 - ERROR - Market data API failed: {'status': 'failure', 'remarks': {'error_code': None, 'error_type': None, 'error_message': None}, 'data': {'data': {'805': 'Too many requests. Further requests may result in the user being blocked.'}, 'status': 'failed'}}
2026-04-02 11:24:19,214 - ERROR - Market data API failed: {'status': 'failure', 'remarks': {'error_code': None, 'error_type': None, 'error_message': None}, 'data': {'data': {'805': 'Too many requests. Further requests may result in the user being blocked.'}, 'status': 'failed'}}
2026-04-02 11:24:21,414 - ERROR - Option chain API failed: {'status': 'failure', 'remarks': {'error_code': None, 'error_type': None, 'error_message': None}, 'data': {'data': {'805': 'Too many requests. Further requests may result in the user being blocked.'}, 'status': 'failed'}}
2026-04-02 11:25:08,532 - ERROR - Market data API failed: {'status': 'failure', 'remarks': {'error_code': None, 'error_type': None, 'error_message': None}, 'data': {'data': {'805': 'Too many requests. Further requests may result in the user being blocked.'}, 'status': 'failed'}}
2026-04-02 11:26:26,654 - ERROR - Market data API failed: {'status': 'failure', 'remarks': {'error_code': None, 'error_type': None, 'error_message': None}, 'data': {'data': {'805': 'Too many requests. Further requests may result in the user being blocked.'}, 'status': 'failed'}}
2026-04-02 11:27:20,226 - ERROR - Market data API failed: {'status': 'failure', 'remarks': {'error_code': None, 'error_type': None, 'error_message': None}, 'data': {'data': {'805': 'Too many requests. Further requests may result in the user being blocked.'}, 'status': 'failed'}}
2026-04-02 11:29:16,291 - ERROR - Market data API failed: {'status': 'failure', 'remarks': {'error_code': None, 'error_type': None, 'error_message': None}, 'data': {'data': {'805': 'Too many requests. Further requests may result in the user being blocked.'}, 'status': 'failed'}}
2026-04-02 11:29:20,189 - ERROR - Option chain API failed: {'status': 'failure', 'remarks': {'error_code': None, 'error_type': None, 'error_message': None}, 'data': {'data': {'805': 'Too many requests. Further requests may result in the user being blocked.'}, 'status': 'failed'}}
2026-04-02 11:31:11,784 - ERROR - Market data API failed: {'status': 'failure', 'remarks': {'error_code': None, 'error_type': None, 'error_message': None}, 'data': {'data': {'805': 'Too many requests. Further requests may result in the user being blocked.'}, 'status': 'failed'}}
2026-04-02 11:33:08,440 - ERROR - Market data API failed: {'status': 'failure', 'remarks': {'error_code': None, 'error_type': None, 'error_message': None}, 'data': {'data': {'805': 'Too many requests. Further requests may result in the user being blocked.'}, 'status': 'failed'}}
2026-04-02 11:34:12,306 - ERROR - Market data API failed: {'status': 'failure', 'remarks': {'error_code': None, 'error_type': None, 'error_message': None}, 'data': {'data': {'805': 'Too many requests. Further requests may result in the user being blocked.'}, 'status': 'failed'}}
2026-04-02 11:35:59,845 - ERROR - Market data API failed: {'status': 'failure', 'remarks': {'error_code': None, 'error_type': None, 'error_message': None}, 'data': {'data': {'805': 'Too many requests. Further requests may result in the user being blocked.'}, 'status': 'failed'}}
2026-04-02 11:37:00,222 - ERROR - Market data API failed: {'status': 'failure', 'remarks': {'error_code': None, 'error_type': None, 'error_message': None}, 'data': {'data': {'805': 'Too many requests. Further requests may result in the user being blocked.'}, 'status': 'failed'}}
2026-04-02 11:37:48,731 - ERROR - Market data API failed: {'status': 'failure', 'remarks': {'error_code': None, 'error_type': None, 'error_message': None}, 'data': {'data': {'805': 'Too many requests. Further requests may result in the user being blocked.'}, 'status': 'failed'}}
2026-04-02 11:38:37,441 - ERROR - Market data API failed: {'status': 'failure', 'remarks': {'error_code': None, 'error_type': None, 'error_message': None}, 'data': {'data': {'805': 'Too many requests. Further requests may result in the user being blocked.'}, 'status': 'failed'}}
2026-04-02 11:40:27,312 - ERROR - Market data API failed: {'status': 'failure', 'remarks': {'error_code': None, 'error_type': None, 'error_message': None}, 'data': {'data': {'805': 'Too many requests. Further requests may result in the user being blocked.'}, 'status': 'failed'}}
2026-04-02 11:40:31,993 - ERROR - Option chain API failed: {'status': 'failure', 'remarks': {'error_code': None, 'error_type': None, 'error_message': None}, 'data': {'data': {'805': 'Too many requests. Further requests may result in the user being blocked.'}, 'status': 'failed'}}
2026-04-02 11:41:24,256 - ERROR - Market data API failed: {'status': 'failure', 'remarks': {'error_code': None, 'error_type': None, 'error_message': None}, 'data': {'data': {'805': 'Too many requests. Further requests may result in the user being blocked.'}, 'status': 'failed'}}
2026-04-02 11:43:09,714 - ERROR - Market data API failed: {'status': 'failure', 'remarks': {'error_code': None, 'error_type': None, 'error_message': None}, 'data': {'data': {'805': 'Too many requests. Further requests may result in the user being blocked.'}, 'status': 'failed'}}
2026-04-02 11:46:48,421 - ERROR - Market data API failed: {'status': 'failure', 'remarks': {'error_code': None, 'error_type': None, 'error_message': None}, 'data': {'data': {'805': 'Too many requests. Further requests may result in the user being blocked.'}, 'status': 'failed'}}
2026-04-02 11:46:57,782 - ERROR - Option chain API failed: {'status': 'failure', 'remarks': {'error_code': None, 'error_type': None, 'error_message': None}, 'data': {'data': {'805': 'Too many requests. Further requests may result in the user being blocked.'}, 'status': 'failed'}}
2026-04-02 11:49:41,522 - ERROR - Market data API failed: {'status': 'failure', 'remarks': {'error_code': None, 'error_type': None, 'error_message': None}, 'data': {'data': {'805': 'Too many requests. Further requests may result in the user being blocked.'}, 'status': 'failed'}}
2026-04-02 11:50:44,611 - ERROR - Market data API failed: {'status': 'failure', 'remarks': {'error_code': None, 'error_type': None, 'error_message': None}, 'data': {'data': {'805': 'Too many requests. Further requests may result in the user being blocked.'}, 'status': 'failed'}}
2026-04-02 11:53:17,847 - ERROR - Market data API failed: {'status': 'failure', 'remarks': {'error_code': None, 'error_type': None, 'error_message': None}, 'data': {'data': {'805': 'Too many requests. Further requests may result in the user being blocked.'}, 'status': 'failed'}}
2026-04-02 11:53:20,284 - ERROR - Option chain API failed: {'status': 'failure', 'remarks': {'error_code': None, 'error_type': None, 'error_message': None}, 'data': {'data': {'805': 'Too many requests. Further requests may result in the user being blocked.'}, 'status': 'failed'}}
2026-04-02 11:54:12,126 - ERROR - Market data API failed: {'status': 'failure', 'remarks': {'error_code': None, 'error_type': None, 'error_message': None}, 'data': {'data': {'805': 'Too many requests. Further requests may result in the user being blocked.'}, 'status': 'failed'}}
2026-04-02 11:56:31,181 - ERROR - Market data API failed: {'status': 'failure', 'remarks': {'error_code': None, 'error_type': None, 'error_message': None}, 'data': {'data': {'805': 'Too many requests. Further requests may result in the user being blocked.'}, 'status': 'failed'}}
2026-04-02 11:57:30,514 - ERROR - Market data API failed: {'status': 'failure', 'remarks': {'error_code': None, 'error_type': None, 'error_message': None}, 'data': {'data': {'805': 'Too many requests. Further requests may result in the user being blocked.'}, 'status': 'failed'}}
2026-04-02 11:58:35,729 - ERROR - Market data API failed: {'status': 'failure', 'remarks': {'error_code': None, 'error_type': None, 'error_message': None}, 'data': {'data': {'805': 'Too many requests. Further requests may result in the user being blocked.'}, 'status': 'failed'}}
2026-04-02 11:59:27,830 - ERROR - Market data API failed: {'status': 'failure', 'remarks': {'error_code': None, 'error_type': None, 'error_message': None}, 'data': {'data': {'805': 'Too many requests. Further requests may result in the user being blocked.'}, 'status': 'failed'}}
2026-04-02 12:00:29,482 - ERROR - Market data API failed: {'status': 'failure', 'remarks': {'error_code': None, 'error_type': None, 'error_message': None}, 'data': {'data': {'805': 'Too many requests. Further requests may result in the user being blocked.'}, 'status': 'failed'}}
2026-04-02 12:03:18,044 - ERROR - Market data API failed: {'status': 'failure', 'remarks': {'error_code': None, 'error_type': None, 'error_message': None}, 'data': {'data': {'805': 'Too many requests. Further requests may result in the user being blocked.'}, 'status': 'failed'}}
2026-04-02 12:04:15,653 - ERROR - Market data API failed: {'status': 'failure', 'remarks': {'error_code': None, 'error_type': None, 'error_message': None}, 'data': {'data': {'805': 'Too many requests. Further requests may result in the user being blocked.'}, 'status': 'failed'}}
2026-04-02 12:06:29,500 - ERROR - Market data API failed: {'status': 'failure', 'remarks': {'error_code': None, 'error_type': None, 'error_message': None}, 'data': {'data': {'805': 'Too many requests. Further requests may result in the user being blocked.'}, 'status': 'failed'}}
2026-04-02 12:06:36,768 - ERROR - Option chain API failed: {'status': 'failure', 'remarks': {'error_code': None, 'error_type': None, 'error_message': None}, 'data': {'data': {'805': 'Too many requests. Further requests may result in the user being blocked.'}, 'status': 'failed'}}
2026-04-02 12:07:09,063 - ERROR - Market data API failed: {'status': 'failure', 'remarks': {'error_code': None, 'error_type': None, 'error_message': None}, 'data': {'data': {'805': 'Too many requests. Further requests may result in the user being blocked.'}, 'status': 'failed'}}
2026-04-02 12:07:45,770 - ERROR - Market data API failed: {'status': 'failure', 'remarks': {'error_code': None, 'error_type': None, 'error_message': None}, 'data': {'data': {'805': 'Too many requests. Further requests may result in the user being blocked.'}, 'status': 'failed'}}
2026-04-02 12:08:26,947 - ERROR - Market data API failed: {'status': 'failure', 'remarks': {'error_code': None, 'error_type': None, 'error_message': None}, 'data': {'data': {'805': 'Too many requests. Further requests may result in the user being blocked.'}, 'status': 'failed'}}
2026-04-02 12:08:28,467 - ERROR - Option chain API failed: {'status': 'failure', 'remarks': {'error_code': None, 'error_type': None, 'error_message': None}, 'data': {'data': {'805': 'Too many requests. Further requests may result in the user being blocked.'}, 'status': 'failed'}}
2026-04-02 12:09:06,948 - ERROR - Market data API failed: {'status': 'failure', 'remarks': {'error_code': None, 'error_type': None, 'error_message': None}, 'data': {'data': {'805': 'Too many requests. Further requests may result in the user being blocked.'}, 'status': 'failed'}}
2026-04-02 12:09:46,802 - ERROR - Market data API failed: {'status': 'failure', 'remarks': {'error_code': None, 'error_type': None, 'error_message': None}, 'data': {'data': {'805': 'Too many requests. Further requests may result in the user being blocked.'}, 'status': 'failed'}}
2026-04-02 12:10:23,649 - ERROR - Market data API failed: {'status': 'failure', 'remarks': {'error_code': None, 'error_type': None, 'error_message': None}, 'data': {'data': {'805': 'Too many requests. Further requests may result in the user being blocked.'}, 'status': 'failed'}}
2026-04-02 12:11:40,021 - ERROR - Market data API failed: {'status': 'failure', 'remarks': {'error_code': None, 'error_type': None, 'error_message': None}, 'data': {'data': {'805': 'Too many requests. Further requests may result in the user being blocked.'}, 'status': 'failed'}}
2026-04-02 12:12:27,577 - ERROR - Market data API failed: {'status': 'failure', 'remarks': {'error_code': None, 'error_type': None, 'error_message': None}, 'data': {'data': {'805': 'Too many requests. Further requests may result in the user being blocked.'}, 'status': 'failed'}}
2026-04-02 12:13:10,377 - ERROR - Market data API failed: {'status': 'failure', 'remarks': {'error_code': None, 'error_type': None, 'error_message': None}, 'data': {'data': {'805': 'Too many requests. Further requests may result in the user being blocked.'}, 'status': 'failed'}}
2026-04-02 12:14:32,466 - ERROR - Market data API failed: {'status': 'failure', 'remarks': {'error_code': None, 'error_type': None, 'error_message': None}, 'data': {'data': {'805': 'Too many requests. Further requests may result in the user being blocked.'}, 'status': 'failed'}}
2026-04-02 12:15:08,649 - ERROR - Market data API failed: {'status': 'failure', 'remarks': {'error_code': None, 'error_type': None, 'error_message': None}, 'data': {'data': {'805': 'Too many requests. Further requests may result in the user being blocked.'}, 'status': 'failed'}}
2026-04-02 12:15:51,559 - ERROR - Market data API failed: {'status': 'failure', 'remarks': {'error_code': None, 'error_type': None, 'error_message': None}, 'data': {'data': {'805': 'Too many requests. Further requests may result in the user being blocked.'}, 'status': 'failed'}}
2026-04-02 12:17:16,869 - ERROR - Market data API failed: {'status': 'failure', 'remarks': {'error_code': None, 'error_type': None, 'error_message': None}, 'data': {'data': {'805': 'Too many requests. Further requests may result in the user being blocked.'}, 'status': 'failed'}}
2026-04-02 12:17:51,755 - ERROR - Market data API failed: {'status': 'failure', 'remarks': {'error_code': None, 'error_type': None, 'error_message': None}, 'data': {'data': {'805': 'Too many requests. Further requests may result in the user being blocked.'}, 'status': 'failed'}}
2026-04-02 12:18:33,942 - ERROR - Market data API failed: {'status': 'failure', 'remarks': {'error_code': None, 'error_type': None, 'error_message': None}, 'data': {'data': {'805': 'Too many requests. Further requests may result in the user being blocked.'}, 'status': 'failed'}}
2026-04-02 12:18:34,971 - ERROR - Option chain API failed: {'status': 'failure', 'remarks': {'error_code': None, 'error_type': None, 'error_message': None}, 'data': {'data': {'805': 'Too many requests. Further requests may result in the user being blocked.'}, 'status': 'failed'}}
2026-04-02 12:19:09,954 - ERROR - Market data API failed: {'status': 'failure', 'remarks': {'error_code': None, 'error_type': None, 'error_message': None}, 'data': {'data': {'805': 'Too many requests. Further requests may result in the user being blocked.'}, 'status': 'failed'}}
2026-04-02 12:19:12,263 - ERROR - Option chain API failed: {'status': 'failure', 'remarks': {'error_code': None, 'error_type': None, 'error_message': None}, 'data': {'data': {'805': 'Too many requests. Further requests may result in the user being blocked.'}, 'status': 'failed'}}
2026-04-02 12:19:46,789 - ERROR - Market data API failed: {'status': 'failure', 'remarks': {'error_code': None, 'error_type': None, 'error_message': None}, 'data': {'data': {'805': 'Too many requests. Further requests may result in the user being blocked.'}, 'status': 'failed'}}
2026-04-02 12:20:24,010 - ERROR - Market data API failed: {'status': 'failure', 'remarks': {'error_code': None, 'error_type': None, 'error_message': None}, 'data': {'data': {'805': 'Too many requests. Further requests may result in the user being blocked.'}, 'status': 'failed'}}
2026-04-02 12:20:26,400 - ERROR - Option chain API failed: {'status': 'failure', 'remarks': {'error_code': None, 'error_type': None, 'error_message': None}, 'data': {'data': {'805': 'Too many requests. Further requests may result in the user being blocked.'}, 'status': 'failed'}}
2026-04-02 12:21:47,444 - ERROR - Market data API failed: {'status': 'failure', 'remarks': {'error_code': None, 'error_type': None, 'error_message': None}, 'data': {'data': {'805': 'Too many requests. Further requests may result in the user being blocked.'}, 'status': 'failed'}}
2026-04-02 12:22:31,881 - ERROR - Market data API failed: {'status': 'failure', 'remarks': {'error_code': None, 'error_type': None, 'error_message': None}, 'data': {'data': {'805': 'Too many requests. Further requests may result in the user being blocked.'}, 'status': 'failed'}}
2026-04-02 12:23:19,390 - ERROR - Market data API failed: {'status': 'failure', 'remarks': {'error_code': None, 'error_type': None, 'error_message': None}, 'data': {'data': {'805': 'Too many requests. Further requests may result in the user being blocked.'}, 'status': 'failed'}}
2026-04-02 12:24:02,725 - ERROR - Market data API failed: {'status': 'failure', 'remarks': {'error_code': None, 'error_type': None, 'error_message': None}, 'data': {'data': {'805': 'Too many requests. Further requests may result in the user being blocked.'}, 'status': 'failed'}}
2026-04-02 12:24:47,955 - ERROR - Market data API failed: {'status': 'failure', 'remarks': {'error_code': None, 'error_type': None, 'error_message': None}, 'data': {'data': {'805': 'Too many requests. Further requests may result in the user being blocked.'}, 'status': 'failed'}}
2026-04-02 12:25:32,286 - ERROR - Market data API failed: {'status': 'failure', 'remarks': {'error_code': None, 'error_type': None, 'error_message': None}, 'data': {'data': {'805': 'Too many requests. Further requests may result in the user being blocked.'}, 'status': 'failed'}}
2026-04-02 12:26:23,897 - ERROR - Market data API failed: {'status': 'failure', 'remarks': {'error_code': None, 'error_type': None, 'error_message': None}, 'data': {'data': {'805': 'Too many requests. Further requests may result in the user being blocked.'}, 'status': 'failed'}}
2026-04-02 12:26:59,563 - ERROR - Market data API failed: {'status': 'failure', 'remarks': {'error_code': None, 'error_type': None, 'error_message': None}, 'data': {'data': {'805': 'Too many requests. Further requests may result in the user being blocked.'}, 'status': 'failed'}}
2026-04-02 12:27:38,198 - ERROR - Market data API failed: {'status': 'failure', 'remarks': {'error_code': None, 'error_type': None, 'error_message': None}, 'data': {'data': {'805': 'Too many requests. Further requests may result in the user being blocked.'}, 'status': 'failed'}}
2026-04-02 12:28:26,379 - ERROR - Market data API failed: {'status': 'failure', 'remarks': {'error_code': None, 'error_type': None, 'error_message': None}, 'data': {'data': {'805': 'Too many requests. Further requests may result in the user being blocked.'}, 'status': 'failed'}}
2026-04-02 12:28:28,341 - ERROR - Option chain API failed: {'status': 'failure', 'remarks': {'error_code': None, 'error_type': None, 'error_message': None}, 'data': {'data': {'805': 'Too many requests. Further requests may result in the user being blocked.'}, 'status': 'failed'}}
2026-04-02 12:29:09,455 - ERROR - Market data API failed: {'status': 'failure', 'remarks': {'error_code': None, 'error_type': None, 'error_message': None}, 'data': {'data': {'805': 'Too many requests. Further requests may result in the user being blocked.'}, 'status': 'failed'}}
2026-04-02 12:29:58,889 - ERROR - Market data API failed: {'status': 'failure', 'remarks': {'error_code': None, 'error_type': None, 'error_message': None}, 'data': {'data': {'805': 'Too many requests. Further requests may result in the user being blocked.'}, 'status': 'failed'}}
2026-04-02 12:30:37,308 - ERROR - Market data API failed: {'status': 'failure', 'remarks': {'error_code': None, 'error_type': None, 'error_message': None}, 'data': {'data': {'805': 'Too many requests. Further requests may result in the user being blocked.'}, 'status': 'failed'}}
2026-04-02 12:31:18,981 - ERROR - Market data API failed: {'status': 'failure', 'remarks': {'error_code': None, 'error_type': None, 'error_message': None}, 'data': {'data': {'805': 'Too many requests. Further requests may result in the user being blocked.'}, 'status': 'failed'}}
2026-04-02 12:32:01,095 - ERROR - Market data API failed: {'status': 'failure', 'remarks': {'error_code': None, 'error_type': None, 'error_message': None}, 'data': {'data': {'805': 'Too many requests. Further requests may result in the user being blocked.'}, 'status': 'failed'}}
2026-04-02 12:32:58,643 - ERROR - Market data API failed: {'status': 'failure', 'remarks': {'error_code': None, 'error_type': None, 'error_message': None}, 'data': {'data': {'805': 'Too many requests. Further requests may result in the user being blocked.'}, 'status': 'failed'}}
2026-04-02 12:33:36,315 - ERROR - Market data API failed: {'status': 'failure', 'remarks': {'error_code': None, 'error_type': None, 'error_message': None}, 'data': {'data': {'805': 'Too many requests. Further requests may result in the user being blocked.'}, 'status': 'failed'}}
2026-04-02 12:34:35,884 - ERROR - Market data API failed: {'status': 'failure', 'remarks': {'error_code': None, 'error_type': None, 'error_message': None}, 'data': {'data': {'805': 'Too many requests. Further requests may result in the user being blocked.'}, 'status': 'failed'}}
2026-04-02 12:35:11,999 - ERROR - Market data API failed: {'status': 'failure', 'remarks': {'error_code': None, 'error_type': None, 'error_message': None}, 'data': {'data': {'805': 'Too many requests. Further requests may result in the user being blocked.'}, 'status': 'failed'}}
2026-04-02 12:36:04,093 - ERROR - Market data API failed: {'status': 'failure', 'remarks': {'error_code': None, 'error_type': None, 'error_message': None}, 'data': {'data': {'805': 'Too many requests. Further requests may result in the user being blocked.'}, 'status': 'failed'}}
2026-04-02 12:36:05,733 - ERROR - Option chain API failed: {'status': 'failure', 'remarks': {'error_code': None, 'error_type': None, 'error_message': None}, 'data': {'data': {'805': 'Too many requests. Further requests may result in the user being blocked.'}, 'status': 'failed'}}
2026-04-02 12:36:50,242 - ERROR - Market data API failed: {'status': 'failure', 'remarks': {'error_code': None, 'error_type': None, 'error_message': None}, 'data': {'data': {'805': 'Too many requests. Further requests may result in the user being blocked.'}, 'status': 'failed'}}
2026-04-02 12:37:24,857 - ERROR - Market data API failed: {'status': 'failure', 'remarks': {'error_code': None, 'error_type': None, 'error_message': None}, 'data': {'data': {'805': 'Too many requests. Further requests may result in the user being blocked.'}, 'status': 'failed'}}
2026-04-02 12:38:10,615 - ERROR - Market data API failed: {'status': 'failure', 'remarks': {'error_code': None, 'error_type': None, 'error_message': None}, 'data': {'data': {'805': 'Too many requests. Further requests may result in the user being blocked.'}, 'status': 'failed'}}
2026-04-02 12:39:06,548 - ERROR - Market data API failed: {'status': 'failure', 'remarks': {'error_code': None, 'error_type': None, 'error_message': None}, 'data': {'data': {'805': 'Too many requests. Further requests may result in the user being blocked.'}, 'status': 'failed'}}
2026-04-02 12:39:46,757 - ERROR - Market data API failed: {'status': 'failure', 'remarks': {'error_code': None, 'error_type': None, 'error_message': None}, 'data': {'data': {'805': 'Too many requests. Further requests may result in the user being blocked.'}, 'status': 'failed'}}
2026-04-02 12:40:21,578 - ERROR - Market data API failed: {'status': 'failure', 'remarks': {'error_code': None, 'error_type': None, 'error_message': None}, 'data': {'data': {'805': 'Too many requests. Further requests may result in the user being blocked.'}, 'status': 'failed'}}
2026-04-02 12:40:23,289 - ERROR - Option chain API failed: {'status': 'failure', 'remarks': {'error_code': None, 'error_type': None, 'error_message': None}, 'data': {'data': {'805': 'Too many requests. Further requests may result in the user being blocked.'}, 'status': 'failed'}}
2026-04-02 12:41:00,290 - ERROR - Market data API failed: {'status': 'failure', 'remarks': {'error_code': None, 'error_type': None, 'error_message': None}, 'data': {'data': {'805': 'Too many requests. Further requests may result in the user being blocked.'}, 'status': 'failed'}}
2026-04-02 12:41:46,593 - ERROR - Market data API failed: {'status': 'failure', 'remarks': {'error_code': None, 'error_type': None, 'error_message': None}, 'data': {'data': {'805': 'Too many requests. Further requests may result in the user being blocked.'}, 'status': 'failed'}}
2026-04-02 12:42:24,798 - ERROR - Market data API failed: {'status': 'failure', 'remarks': {'error_code': None, 'error_type': None, 'error_message': None}, 'data': {'data': {'805': 'Too many requests. Further requests may result in the user being blocked.'}, 'status': 'failed'}}
2026-04-02 12:43:01,086 - ERROR - Market data API failed: {'status': 'failure', 'remarks': {'error_code': None, 'error_type': None, 'error_message': None}, 'data': {'data': {'805': 'Too many requests. Further requests may result in the user being blocked.'}, 'status': 'failed'}}
2026-04-02 12:43:43,971 - ERROR - Market data API failed: {'status': 'failure', 'remarks': {'error_code': None, 'error_type': None, 'error_message': None}, 'data': {'data': {'805': 'Too many requests. Further requests may result in the user being blocked.'}, 'status': 'failed'}}
2026-04-02 12:44:26,620 - ERROR - Market data API failed: {'status': 'failure', 'remarks': {'error_code': None, 'error_type': None, 'error_message': None}, 'data': {'data': {'805': 'Too many requests. Further requests may result in the user being blocked.'}, 'status': 'failed'}}
2026-04-02 12:45:11,397 - ERROR - Market data API failed: {'status': 'failure', 'remarks': {'error_code': None, 'error_type': None, 'error_message': None}, 'data': {'data': {'805': 'Too many requests. Further requests may result in the user being blocked.'}, 'status': 'failed'}}
2026-04-02 12:45:52,802 - ERROR - Market data API failed: {'status': 'failure', 'remarks': {'error_code': None, 'error_type': None, 'error_message': None}, 'data': {'data': {'805': 'Too many requests. Further requests may result in the user being blocked.'}, 'status': 'failed'}}
2026-04-02 12:46:35,501 - ERROR - Market data API failed: {'status': 'failure', 'remarks': {'error_code': None, 'error_type': None, 'error_message': None}, 'data': {'data': {'805': 'Too many requests. Further requests may result in the user being blocked.'}, 'status': 'failed'}}
2026-04-02 12:47:12,446 - ERROR - Option chain API failed: {'status': 'failure', 'remarks': {'error_code': None, 'error_type': None, 'error_message': None}, 'data': {'data': {'805': 'Too many requests. Further requests may result in the user being blocked.'}, 'status': 'failed'}}
2026-04-02 12:48:39,444 - ERROR - Market data API failed: {'status': 'failure', 'remarks': {'error_code': None, 'error_type': None, 'error_message': None}, 'data': {'data': {'805': 'Too many requests. Further requests may result in the user being blocked.'}, 'status': 'failed'}}
2026-04-02 12:49:54,505 - ERROR - Market data API failed: {'status': 'failure', 'remarks': {'error_code': None, 'error_type': None, 'error_message': None}, 'data': {'data': {'805': 'Too many requests. Further requests may result in the user being blocked.'}, 'status': 'failed'}}
2026-04-02 12:50:35,712 - ERROR - Market data API failed: {'status': 'failure', 'remarks': {'error_code': None, 'error_type': None, 'error_message': None}, 'data': {'data': {'805': 'Too many requests. Further requests may result in the user being blocked.'}, 'status': 'failed'}}
2026-04-02 12:51:34,653 - ERROR - Market data API failed: {'status': 'failure', 'remarks': {'error_code': None, 'error_type': None, 'error_message': None}, 'data': {'data': {'805': 'Too many requests. Further requests may result in the user being blocked.'}, 'status': 'failed'}}
2026-04-02 12:52:19,191 - ERROR - Market data API failed: {'status': 'failure', 'remarks': {'error_code': None, 'error_type': None, 'error_message': None}, 'data': {'data': {'805': 'Too many requests. Further requests may result in the user being blocked.'}, 'status': 'failed'}}
2026-04-02 12:52:57,804 - ERROR - Market data API failed: {'status': 'failure', 'remarks': {'error_code': None, 'error_type': None, 'error_message': None}, 'data': {'data': {'805': 'Too many requests. Further requests may result in the user being blocked.'}, 'status': 'failed'}}
2026-04-02 12:53:53,019 - ERROR - Market data API failed: {'status': 'failure', 'remarks': {'error_code': None, 'error_type': None, 'error_message': None}, 'data': {'data': {'805': 'Too many requests. Further requests may result in the user being blocked.'}, 'status': 'failed'}}
2026-04-02 12:55:17,176 - ERROR - Market data API failed: {'status': 'failure', 'remarks': {'error_code': None, 'error_type': None, 'error_message': None}, 'data': {'data': {'805': 'Too many requests. Further requests may result in the user being blocked.'}, 'status': 'failed'}}
2026-04-02 12:55:55,560 - ERROR - Market data API failed: {'status': 'failure', 'remarks': {'error_code': None, 'error_type': None, 'error_message': None}, 'data': {'data': {'805': 'Too many requests. Further requests may result in the user being blocked.'}, 'status': 'failed'}}
2026-04-02 12:55:56,925 - ERROR - Option chain API failed: {'status': 'failure', 'remarks': {'error_code': None, 'error_type': None, 'error_message': None}, 'data': {'data': {'805': 'Too many requests. Further requests may result in the user being blocked.'}, 'status': 'failed'}}
2026-04-02 12:56:39,723 - ERROR - Market data API failed: {'status': 'failure', 'remarks': {'error_code': None, 'error_type': None, 'error_message': None}, 'data': {'data': {'805': 'Too many requests. Further requests may result in the user being blocked.'}, 'status': 'failed'}}
2026-04-02 12:57:22,422 - ERROR - Market data API failed: {'status': 'failure', 'remarks': {'error_code': None, 'error_type': None, 'error_message': None}, 'data': {'data': {'805': 'Too many requests. Further requests may result in the user being blocked.'}, 'status': 'failed'}}
2026-04-02 12:58:05,842 - ERROR - Market data API failed: {'status': 'failure', 'remarks': {'error_code': None, 'error_type': None, 'error_message': None}, 'data': {'data': {'805': 'Too many requests. Further requests may result in the user being blocked.'}, 'status': 'failed'}}
2026-04-02 12:58:43,679 - ERROR - Market data API failed: {'status': 'failure', 'remarks': {'error_code': None, 'error_type': None, 'error_message': None}, 'data': {'data': {'805': 'Too many requests. Further requests may result in the user being blocked.'}, 'status': 'failed'}}
2026-04-02 12:59:18,418 - ERROR - Market data API failed: {'status': 'failure', 'remarks': {'error_code': None, 'error_type': None, 'error_message': None}, 'data': {'data': {'805': 'Too many requests. Further requests may result in the user being blocked.'}, 'status': 'failed'}}
2026-04-02 13:00:01,578 - ERROR - Market data API failed: {'status': 'failure', 'remarks': {'error_code': None, 'error_type': None, 'error_message': None}, 'data': {'data': {'805': 'Too many requests. Further requests may result in the user being blocked.'}, 'status': 'failed'}}
2026-04-02 13:00:45,815 - ERROR - Market data API failed: {'status': 'failure', 'remarks': {'error_code': None, 'error_type': None, 'error_message': None}, 'data': {'data': {'805': 'Too many requests. Further requests may result in the user being blocked.'}, 'status': 'failed'}}
2026-04-02 13:01:24,350 - ERROR - Market data API failed: {'status': 'failure', 'remarks': {'error_code': None, 'error_type': None, 'error_message': None}, 'data': {'data': {'805': 'Too many requests. Further requests may result in the user being blocked.'}, 'status': 'failed'}}
2026-04-02 13:02:12,536 - ERROR - Market data API failed: {'status': 'failure', 'remarks': {'error_code': None, 'error_type': None, 'error_message': None}, 'data': {'data': {'805': 'Too many requests. Further requests may result in the user being blocked.'}, 'status': 'failed'}}
2026-04-02 13:02:13,700 - ERROR - Option chain API failed: {'status': 'failure', 'remarks': {'error_code': None, 'error_type': None, 'error_message': None}, 'data': {'data': {'805': 'Too many requests. Further requests may result in the user being blocked.'}, 'status': 'failed'}}
2026-04-02 13:03:31,420 - ERROR - Market data API failed: {'status': 'failure', 'remarks': {'error_code': None, 'error_type': None, 'error_message': None}, 'data': {'data': {'805': 'Too many requests. Further requests may result in the user being blocked.'}, 'status': 'failed'}}
2026-04-02 13:04:13,809 - ERROR - Market data API failed: {'status': 'failure', 'remarks': {'error_code': None, 'error_type': None, 'error_message': None}, 'data': {'data': {'805': 'Too many requests. Further requests may result in the user being blocked.'}, 'status': 'failed'}}
2026-04-02 13:05:30,529 - ERROR - Market data API failed: {'status': 'failure', 'remarks': {'error_code': None, 'error_type': None, 'error_message': None}, 'data': {'data': {'805': 'Too many requests. Further requests may result in the user being blocked.'}, 'status': 'failed'}}
2026-04-02 13:06:16,364 - ERROR - Market data API failed: {'status': 'failure', 'remarks': {'error_code': None, 'error_type': None, 'error_message': None}, 'data': {'data': {'805': 'Too many requests. Further requests may result in the user being blocked.'}, 'status': 'failed'}}
2026-04-02 13:07:00,860 - ERROR - Market data API failed: {'status': 'failure', 'remarks': {'error_code': None, 'error_type': None, 'error_message': None}, 'data': {'data': {'805': 'Too many requests. Further requests may result in the user being blocked.'}, 'status': 'failed'}}
2026-04-02 13:07:49,508 - ERROR - Market data API failed: {'status': 'failure', 'remarks': {'error_code': None, 'error_type': None, 'error_message': None}, 'data': {'data': {'805': 'Too many requests. Further requests may result in the user being blocked.'}, 'status': 'failed'}}
2026-04-02 13:08:31,980 - ERROR - Market data API failed: {'status': 'failure', 'remarks': {'error_code': None, 'error_type': None, 'error_message': None}, 'data': {'data': {'805': 'Too many requests. Further requests may result in the user being blocked.'}, 'status': 'failed'}}
2026-04-02 13:09:15,072 - ERROR - Market data API failed: {'status': 'failure', 'remarks': {'error_code': None, 'error_type': None, 'error_message': None}, 'data': {'data': {'805': 'Too many requests. Further requests may result in the user being blocked.'}, 'status': 'failed'}}
2026-04-02 13:10:03,717 - ERROR - Market data API failed: {'status': 'failure', 'remarks': {'error_code': None, 'error_type': None, 'error_message': None}, 'data': {'data': {'805': 'Too many requests. Further requests may result in the user being blocked.'}, 'status': 'failed'}}
2026-04-02 13:10:50,383 - ERROR - Market data API failed: {'status': 'failure', 'remarks': {'error_code': None, 'error_type': None, 'error_message': None}, 'data': {'data': {'805': 'Too many requests. Further requests may result in the user being blocked.'}, 'status': 'failed'}}
2026-04-02 13:11:29,571 - ERROR - Market data API failed: {'status': 'failure', 'remarks': {'error_code': None, 'error_type': None, 'error_message': None}, 'data': {'data': {'805': 'Too many requests. Further requests may result in the user being blocked.'}, 'status': 'failed'}}
2026-04-02 13:12:56,719 - ERROR - Market data API failed: {'status': 'failure', 'remarks': {'error_code': None, 'error_type': None, 'error_message': None}, 'data': {'data': {'805': 'Too many requests. Further requests may result in the user being blocked.'}, 'status': 'failed'}}
2026-04-02 13:14:25,708 - ERROR - Market data API failed: {'status': 'failure', 'remarks': {'error_code': None, 'error_type': None, 'error_message': None}, 'data': {'data': {'805': 'Too many requests. Further requests may result in the user being blocked.'}, 'status': 'failed'}}
2026-04-02 13:16:17,635 - ERROR - Market data API failed: {'status': 'failure', 'remarks': {'error_code': None, 'error_type': None, 'error_message': None}, 'data': {'data': {'805': 'Too many requests. Further requests may result in the user being blocked.'}, 'status': 'failed'}}
2026-04-02 13:16:54,803 - ERROR - Market data API failed: {'status': 'failure', 'remarks': {'error_code': None, 'error_type': None, 'error_message': None}, 'data': {'data': {'805': 'Too many requests. Further requests may result in the user being blocked.'}, 'status': 'failed'}}
2026-04-02 13:17:32,740 - ERROR - Market data API failed: {'status': 'failure', 'remarks': {'error_code': None, 'error_type': None, 'error_message': None}, 'data': {'data': {'805': 'Too many requests. Further requests may result in the user being blocked.'}, 'status': 'failed'}}
2026-04-02 13:18:10,763 - ERROR - Market data API failed: {'status': 'failure', 'remarks': {'error_code': None, 'error_type': None, 'error_message': None}, 'data': {'data': {'805': 'Too many requests. Further requests may result in the user being blocked.'}, 'status': 'failed'}}
2026-04-02 13:18:47,987 - ERROR - Market data API failed: {'status': 'failure', 'remarks': {'error_code': None, 'error_type': None, 'error_message': None}, 'data': {'data': {'805': 'Too many requests. Further requests may result in the user being blocked.'}, 'status': 'failed'}}
2026-04-02 13:19:25,343 - ERROR - Market data API failed: {'status': 'failure', 'remarks': {'error_code': None, 'error_type': None, 'error_message': None}, 'data': {'data': {'805': 'Too many requests. Further requests may result in the user being blocked.'}, 'status': 'failed'}}
2026-04-02 13:20:00,438 - ERROR - Market data API failed: {'status': 'failure', 'remarks': {'error_code': None, 'error_type': None, 'error_message': None}, 'data': {'data': {'805': 'Too many requests. Further requests may result in the user being blocked.'}, 'status': 'failed'}}
2026-04-02 13:20:44,984 - ERROR - Market data API failed: {'status': 'failure', 'remarks': {'error_code': None, 'error_type': None, 'error_message': None}, 'data': {'data': {'805': 'Too many requests. Further requests may result in the user being blocked.'}, 'status': 'failed'}}
2026-04-02 13:20:46,399 - ERROR - Option chain API failed: {'status': 'failure', 'remarks': {'error_code': None, 'error_type': None, 'error_message': None}, 'data': {'data': {'805': 'Too many requests. Further requests may result in the user being blocked.'}, 'status': 'failed'}}
2026-04-02 13:21:26,321 - ERROR - Market data API failed: {'status': 'failure', 'remarks': {'error_code': None, 'error_type': None, 'error_message': None}, 'data': {'data': {'805': 'Too many requests. Further requests may result in the user being blocked.'}, 'status': 'failed'}}
2026-04-02 13:22:19,804 - ERROR - Market data API failed: {'status': 'failure', 'remarks': {'error_code': None, 'error_type': None, 'error_message': None}, 'data': {'data': {'805': 'Too many requests. Further requests may result in the user being blocked.'}, 'status': 'failed'}}
2026-04-02 13:23:01,190 - ERROR - Market data API failed: {'status': 'failure', 'remarks': {'error_code': None, 'error_type': None, 'error_message': None}, 'data': {'data': {'805': 'Too many requests. Further requests may result in the user being blocked.'}, 'status': 'failed'}}
2026-04-02 13:24:15,177 - ERROR - Market data API failed: {'status': 'failure', 'remarks': {'error_code': None, 'error_type': None, 'error_message': None}, 'data': {'data': {'805': 'Too many requests. Further requests may result in the user being blocked.'}, 'status': 'failed'}}
2026-04-02 13:25:41,439 - ERROR - Option chain API failed: {'status': 'failure', 'remarks': {'error_code': None, 'error_type': None, 'error_message': None}, 'data': {'data': {'805': 'Too many requests. Further requests may result in the user being blocked.'}, 'status': 'failed'}}
2026-04-02 13:26:17,677 - ERROR - Market data API failed: {'status': 'failure', 'remarks': {'error_code': None, 'error_type': None, 'error_message': None}, 'data': {'data': {'805': 'Too many requests. Further requests may result in the user being blocked.'}, 'status': 'failed'}}
2026-04-02 13:26:18,797 - ERROR - Option chain API failed: {'status': 'failure', 'remarks': {'error_code': None, 'error_type': None, 'error_message': None}, 'data': {'data': {'805': 'Too many requests. Further requests may result in the user being blocked.'}, 'status': 'failed'}}
2026-04-02 13:26:59,068 - ERROR - Market data API failed: {'status': 'failure', 'remarks': {'error_code': None, 'error_type': None, 'error_message': None}, 'data': {'data': {'805': 'Too many requests. Further requests may result in the user being blocked.'}, 'status': 'failed'}}
2026-04-02 13:27:37,418 - ERROR - Market data API failed: {'status': 'failure', 'remarks': {'error_code': None, 'error_type': None, 'error_message': None}, 'data': {'data': {'805': 'Too many requests. Further requests may result in the user being blocked.'}, 'status': 'failed'}}
2026-04-02 13:28:16,438 - ERROR - Market data API failed: {'status': 'failure', 'remarks': {'error_code': None, 'error_type': None, 'error_message': None}, 'data': {'data': {'805': 'Too many requests. Further requests may result in the user being blocked.'}, 'status': 'failed'}}
2026-04-02 13:28:55,727 - ERROR - Market data API failed: {'status': 'failure', 'remarks': {'error_code': None, 'error_type': None, 'error_message': None}, 'data': {'data': {'805': 'Too many requests. Further requests may result in the user being blocked.'}, 'status': 'failed'}}
2026-04-02 13:30:11,724 - ERROR - Market data API failed: {'status': 'failure', 'remarks': {'error_code': None, 'error_type': None, 'error_message': None}, 'data': {'data': {'805': 'Too many requests. Further requests may result in the user being blocked.'}, 'status': 'failed'}}
2026-04-02 13:30:50,263 - ERROR - Market data API failed: {'status': 'failure', 'remarks': {'error_code': None, 'error_type': None, 'error_message': None}, 'data': {'data': {'805': 'Too many requests. Further requests may result in the user being blocked.'}, 'status': 'failed'}}
2026-04-02 13:31:32,667 - ERROR - Market data API failed: {'status': 'failure', 'remarks': {'error_code': None, 'error_type': None, 'error_message': None}, 'data': {'data': {'805': 'Too many requests. Further requests may result in the user being blocked.'}, 'status': 'failed'}}
2026-04-02 13:32:10,238 - ERROR - Market data API failed: {'status': 'failure', 'remarks': {'error_code': None, 'error_type': None, 'error_message': None}, 'data': {'data': {'805': 'Too many requests. Further requests may result in the user being blocked.'}, 'status': 'failed'}}
2026-04-02 13:32:48,244 - ERROR - Market data API failed: {'status': 'failure', 'remarks': {'error_code': None, 'error_type': None, 'error_message': None}, 'data': {'data': {'805': 'Too many requests. Further requests may result in the user being blocked.'}, 'status': 'failed'}}
2026-04-02 13:34:06,221 - ERROR - Market data API failed: {'status': 'failure', 'remarks': {'error_code': None, 'error_type': None, 'error_message': None}, 'data': {'data': {'805': 'Too many requests. Further requests may result in the user being blocked.'}, 'status': 'failed'}}
2026-04-02 13:37:04,588 - ERROR - Market data API failed: {'status': 'failure', 'remarks': {'error_code': None, 'error_type': None, 'error_message': None}, 'data': {'data': {'805': 'Too many requests. Further requests may result in the user being blocked.'}, 'status': 'failed'}}
2026-04-02 13:38:19,175 - ERROR - Market data API failed: {'status': 'failure', 'remarks': {'error_code': None, 'error_type': None, 'error_message': None}, 'data': {'data': {'805': 'Too many requests. Further requests may result in the user being blocked.'}, 'status': 'failed'}}
2026-04-02 13:39:52,406 - ERROR - Market data API failed: {'status': 'failure', 'remarks': {'error_code': None, 'error_type': None, 'error_message': None}, 'data': {'data': {'805': 'Too many requests. Further requests may result in the user being blocked.'}, 'status': 'failed'}}
2026-04-02 13:40:46,214 - ERROR - Market data API failed: {'status': 'failure', 'remarks': {'error_code': None, 'error_type': None, 'error_message': None}, 'data': {'data': {'805': 'Too many requests. Further requests may result in the user being blocked.'}, 'status': 'failed'}}
2026-04-02 13:41:35,054 - ERROR - Market data API failed: {'status': 'failure', 'remarks': {'error_code': None, 'error_type': None, 'error_message': None}, 'data': {'data': {'805': 'Too many requests. Further requests may result in the user being blocked.'}, 'status': 'failed'}}
2026-04-02 13:42:50,963 - ERROR - Market data API failed: {'status': 'failure', 'remarks': {'error_code': None, 'error_type': None, 'error_message': None}, 'data': {'data': {'805': 'Too many requests. Further requests may result in the user being blocked.'}, 'status': 'failed'}}
2026-04-02 13:43:34,008 - ERROR - Market data API failed: {'status': 'failure', 'remarks': {'error_code': None, 'error_type': None, 'error_message': None}, 'data': {'data': {'805': 'Too many requests. Further requests may result in the user being blocked.'}, 'status': 'failed'}}
2026-04-02 13:44:17,748 - ERROR - Market data API failed: {'status': 'failure', 'remarks': {'error_code': None, 'error_type': None, 'error_message': None}, 'data': {'data': {'805': 'Too many requests. Further requests may result in the user being blocked.'}, 'status': 'failed'}}
2026-04-02 13:46:20,976 - ERROR - Market data API failed: {'status': 'failure', 'remarks': {'error_code': None, 'error_type': None, 'error_message': None}, 'data': {'data': {'805': 'Too many requests. Further requests may result in the user being blocked.'}, 'status': 'failed'}}
2026-04-02 13:47:00,106 - ERROR - Market data API failed: {'status': 'failure', 'remarks': {'error_code': None, 'error_type': None, 'error_message': None}, 'data': {'data': {'805': 'Too many requests. Further requests may result in the user being blocked.'}, 'status': 'failed'}}
2026-04-02 13:47:43,283 - ERROR - Market data API failed: {'status': 'failure', 'remarks': {'error_code': None, 'error_type': None, 'error_message': None}, 'data': {'data': {'805': 'Too many requests. Further requests may result in the user being blocked.'}, 'status': 'failed'}}
2026-04-02 13:48:42,657 - ERROR - Market data API failed: {'status': 'failure', 'remarks': {'error_code': None, 'error_type': None, 'error_message': None}, 'data': {'data': {'805': 'Too many requests. Further requests may result in the user being blocked.'}, 'status': 'failed'}}
2026-04-02 13:49:21,472 - ERROR - Market data API failed: {'status': 'failure', 'remarks': {'error_code': None, 'error_type': None, 'error_message': None}, 'data': {'data': {'805': 'Too many requests. Further requests may result in the user being blocked.'}, 'status': 'failed'}}
2026-04-02 13:53:53,213 - ERROR - Market data API failed: {'status': 'failure', 'remarks': {'error_code': None, 'error_type': None, 'error_message': None}, 'data': {'data': {'805': 'Too many requests. Further requests may result in the user being blocked.'}, 'status': 'failed'}}
2026-04-02 13:55:21,407 - ERROR - Market data API failed: {'status': 'failure', 'remarks': {'error_code': None, 'error_type': None, 'error_message': None}, 'data': {'data': {'805': 'Too many requests. Further requests may result in the user being blocked.'}, 'status': 'failed'}}
2026-04-02 13:56:06,371 - ERROR - Market data API failed: {'status': 'failure', 'remarks': {'error_code': None, 'error_type': None, 'error_message': None}, 'data': {'data': {'805': 'Too many requests. Further requests may result in the user being blocked.'}, 'status': 'failed'}}
2026-04-02 13:57:57,200 - ERROR - Market data API failed: {'status': 'failure', 'remarks': {'error_code': None, 'error_type': None, 'error_message': None}, 'data': {'data': {'805': 'Too many requests. Further requests may result in the user being blocked.'}, 'status': 'failed'}}
2026-04-02 13:59:03,391 - ERROR - Market data API failed: {'status': 'failure', 'remarks': {'error_code': None, 'error_type': None, 'error_message': None}, 'data': {'data': {'805': 'Too many requests. Further requests may result in the user being blocked.'}, 'status': 'failed'}}
2026-04-02 14:00:08,322 - ERROR - Market data API failed: {'status': 'failure', 'remarks': {'error_code': None, 'error_type': None, 'error_message': None}, 'data': {'data': {'805': 'Too many requests. Further requests may result in the user being blocked.'}, 'status': 'failed'}}
2026-04-02 14:01:19,644 - ERROR - Market data API failed: {'status': 'failure', 'remarks': {'error_code': None, 'error_type': None, 'error_message': None}, 'data': {'data': {'805': 'Too many requests. Further requests may result in the user being blocked.'}, 'status': 'failed'}}
2026-04-02 14:02:18,411 - ERROR - Market data API failed: {'status': 'failure', 'remarks': {'error_code': None, 'error_type': None, 'error_message': None}, 'data': {'data': {'805': 'Too many requests. Further requests may result in the user being blocked.'}, 'status': 'failed'}}
2026-04-02 14:04:40,411 - ERROR - Market data API failed: {'status': 'failure', 'remarks': {'error_code': None, 'error_type': None, 'error_message': None}, 'data': {'data': {'805': 'Too many requests. Further requests may result in the user being blocked.'}, 'status': 'failed'}}
2026-04-02 14:07:37,968 - ERROR - Market data API failed: {'status': 'failure', 'remarks': {'error_code': None, 'error_type': None, 'error_message': None}, 'data': {'data': {'805': 'Too many requests. Further requests may result in the user being blocked.'}, 'status': 'failed'}}
2026-04-02 14:09:05,113 - ERROR - Market data API failed: {'status': 'failure', 'remarks': {'error_code': None, 'error_type': None, 'error_message': None}, 'data': {'data': {'805': 'Too many requests. Further requests may result in the user being blocked.'}, 'status': 'failed'}}
2026-04-02 14:09:53,980 - ERROR - Market data API failed: {'status': 'failure', 'remarks': {'error_code': None, 'error_type': None, 'error_message': None}, 'data': {'data': {'805': 'Too many requests. Further requests may result in the user being blocked.'}, 'status': 'failed'}}
2026-04-02 14:10:52,928 - ERROR - Market data API failed: {'status': 'failure', 'remarks': {'error_code': None, 'error_type': None, 'error_message': None}, 'data': {'data': {'805': 'Too many requests. Further requests may result in the user being blocked.'}, 'status': 'failed'}}
2026-04-02 14:13:47,014 - ERROR - Market data API failed: {'status': 'failure', 'remarks': {'error_code': None, 'error_type': None, 'error_message': None}, 'data': {'data': {'805': 'Too many requests. Further requests may result in the user being blocked.'}, 'status': 'failed'}}
2026-04-02 14:14:48,273 - ERROR - Market data API failed: {'status': 'failure', 'remarks': {'error_code': None, 'error_type': None, 'error_message': None}, 'data': {'data': {'805': 'Too many requests. Further requests may result in the user being blocked.'}, 'status': 'failed'}}
2026-04-02 14:15:48,446 - ERROR - Market data API failed: {'status': 'failure', 'remarks': {'error_code': None, 'error_type': None, 'error_message': None}, 'data': {'data': {'805': 'Too many requests. Further requests may result in the user being blocked.'}, 'status': 'failed'}}
2026-04-02 14:16:53,495 - ERROR - Market data API failed: {'status': 'failure', 'remarks': {'error_code': None, 'error_type': None, 'error_message': None}, 'data': {'data': {'805': 'Too many requests. Further requests may result in the user being blocked.'}, 'status': 'failed'}}
2026-04-02 14:17:54,323 - ERROR - Market data API failed: {'status': 'failure', 'remarks': {'error_code': None, 'error_type': None, 'error_message': None}, 'data': {'data': {'805': 'Too many requests. Further requests may result in the user being blocked.'}, 'status': 'failed'}}
2026-04-02 14:18:50,180 - ERROR - Market data API failed: {'status': 'failure', 'remarks': {'error_code': None, 'error_type': None, 'error_message': None}, 'data': {'data': {'805': 'Too many requests. Further requests may result in the user being blocked.'}, 'status': 'failed'}}
2026-04-02 14:19:44,150 - ERROR - Market data API failed: {'status': 'failure', 'remarks': {'error_code': None, 'error_type': None, 'error_message': None}, 'data': {'data': {'805': 'Too many requests. Further requests may result in the user being blocked.'}, 'status': 'failed'}}
2026-04-02 14:20:36,377 - ERROR - Market data API failed: {'status': 'failure', 'remarks': {'error_code': None, 'error_type': None, 'error_message': None}, 'data': {'data': {'805': 'Too many requests. Further requests may result in the user being blocked.'}, 'status': 'failed'}}
2026-04-02 14:21:33,670 - ERROR - Market data API failed: {'status': 'failure', 'remarks': {'error_code': None, 'error_type': None, 'error_message': None}, 'data': {'data': {'805': 'Too many requests. Further requests may result in the user being blocked.'}, 'status': 'failed'}}
2026-04-02 14:22:31,466 - ERROR - Market data API failed: {'status': 'failure', 'remarks': {'error_code': None, 'error_type': None, 'error_message': None}, 'data': {'data': {'805': 'Too many requests. Further requests may result in the user being blocked.'}, 'status': 'failed'}}
2026-04-02 14:23:32,603 - ERROR - Market data API failed: {'status': 'failure', 'remarks': {'error_code': None, 'error_type': None, 'error_message': None}, 'data': {'data': {'805': 'Too many requests. Further requests may result in the user being blocked.'}, 'status': 'failed'}}
2026-04-02 14:25:29,793 - ERROR - Market data API failed: {'status': 'failure', 'remarks': {'error_code': None, 'error_type': None, 'error_message': None}, 'data': {'data': {'805': 'Too many requests. Further requests may result in the user being blocked.'}, 'status': 'failed'}}
2026-04-02 14:28:57,336 - ERROR - Market data API failed: {'status': 'failure', 'remarks': {'error_code': None, 'error_type': None, 'error_message': None}, 'data': {'data': {'805': 'Too many requests. Further requests may result in the user being blocked.'}, 'status': 'failed'}}
2026-04-02 14:30:02,131 - ERROR - Market data API failed: {'status': 'failure', 'remarks': {'error_code': None, 'error_type': None, 'error_message': None}, 'data': {'data': {'805': 'Too many requests. Further requests may result in the user being blocked.'}, 'status': 'failed'}}
2026-04-02 14:32:10,480 - ERROR - Market data API failed: {'status': 'failure', 'remarks': {'error_code': None, 'error_type': None, 'error_message': None}, 'data': {'data': {'805': 'Too many requests. Further requests may result in the user being blocked.'}, 'status': 'failed'}}
2026-04-02 14:33:32,920 - ERROR - Market data API failed: {'status': 'failure', 'remarks': {'error_code': None, 'error_type': None, 'error_message': None}, 'data': {'data': {'805': 'Too many requests. Further requests may result in the user being blocked.'}, 'status': 'failed'}}
2026-04-02 14:34:32,028 - ERROR - Market data API failed: {'status': 'failure', 'remarks': {'error_code': None, 'error_type': None, 'error_message': None}, 'data': {'data': {'805': 'Too many requests. Further requests may result in the user being blocked.'}, 'status': 'failed'}}
2026-04-02 14:36:54,307 - ERROR - Market data API failed: {'status': 'failure', 'remarks': {'error_code': None, 'error_type': None, 'error_message': None}, 'data': {'data': {'805': 'Too many requests. Further requests may result in the user being blocked.'}, 'status': 'failed'}}
2026-04-02 14:36:59,023 - ERROR - Option chain API failed: {'status': 'failure', 'remarks': {'error_code': None, 'error_type': None, 'error_message': None}, 'data': {'data': {'805': 'Too many requests. Further requests may result in the user being blocked.'}, 'status': 'failed'}}
2026-04-02 14:37:52,801 - ERROR - Market data API failed: {'status': 'failure', 'remarks': {'error_code': None, 'error_type': None, 'error_message': None}, 'data': {'data': {'805': 'Too many requests. Further requests may result in the user being blocked.'}, 'status': 'failed'}}
2026-04-02 14:38:50,472 - ERROR - Market data API failed: {'status': 'failure', 'remarks': {'error_code': None, 'error_type': None, 'error_message': None}, 'data': {'data': {'805': 'Too many requests. Further requests may result in the user being blocked.'}, 'status': 'failed'}}
2026-04-02 14:39:54,671 - ERROR - Market data API failed: {'status': 'failure', 'remarks': {'error_code': None, 'error_type': None, 'error_message': None}, 'data': {'data': {'805': 'Too many requests. Further requests may result in the user being blocked.'}, 'status': 'failed'}}
2026-04-02 14:41:09,281 - ERROR - Market data API failed: {'status': 'failure', 'remarks': {'error_code': None, 'error_type': None, 'error_message': None}, 'data': {'data': {'805': 'Too many requests. Further requests may result in the user being blocked.'}, 'status': 'failed'}}
2026-04-02 14:42:10,701 - ERROR - Market data API failed: {'status': 'failure', 'remarks': {'error_code': None, 'error_type': None, 'error_message': None}, 'data': {'data': {'805': 'Too many requests. Further requests may result in the user being blocked.'}, 'status': 'failed'}}
2026-04-02 14:43:15,805 - ERROR - Market data API failed: {'status': 'failure', 'remarks': {'error_code': None, 'error_type': None, 'error_message': None}, 'data': {'data': {'805': 'Too many requests. Further requests may result in the user being blocked.'}, 'status': 'failed'}}
2026-04-02 14:43:21,323 - ERROR - Option chain API failed: {'status': 'failure', 'remarks': {'error_code': None, 'error_type': None, 'error_message': None}, 'data': {'data': {'805': 'Too many requests. Further requests may result in the user being blocked.'}, 'status': 'failed'}}
2026-04-02 14:44:17,469 - ERROR - Market data API failed: {'status': 'failure', 'remarks': {'error_code': None, 'error_type': None, 'error_message': None}, 'data': {'data': {'805': 'Too many requests. Further requests may result in the user being blocked.'}, 'status': 'failed'}}
2026-04-02 14:45:18,432 - ERROR - Market data API failed: {'status': 'failure', 'remarks': {'error_code': None, 'error_type': None, 'error_message': None}, 'data': {'data': {'805': 'Too many requests. Further requests may result in the user being blocked.'}, 'status': 'failed'}}
2026-04-02 14:46:21,806 - ERROR - Market data API failed: {'status': 'failure', 'remarks': {'error_code': None, 'error_type': None, 'error_message': None}, 'data': {'data': {'805': 'Too many requests. Further requests may result in the user being blocked.'}, 'status': 'failed'}}
2026-04-02 14:47:36,497 - ERROR - Market data API failed: {'status': 'failure', 'remarks': {'error_code': None, 'error_type': None, 'error_message': None}, 'data': {'data': {'805': 'Too many requests. Further requests may result in the user being blocked.'}, 'status': 'failed'}}
2026-04-02 14:48:37,085 - ERROR - Market data API failed: {'status': 'failure', 'remarks': {'error_code': None, 'error_type': None, 'error_message': None}, 'data': {'data': {'805': 'Too many requests. Further requests may result in the user being blocked.'}, 'status': 'failed'}}
2026-04-02 14:50:15,821 - ERROR - Market data API failed: {'status': 'failure', 'remarks': {'error_code': None, 'error_type': None, 'error_message': None}, 'data': {'data': {'805': 'Too many requests. Further requests may result in the user being blocked.'}, 'status': 'failed'}}
2026-04-02 14:50:19,322 - ERROR - Option chain API failed: {'status': 'failure', 'remarks': {'error_code': None, 'error_type': None, 'error_message': None}, 'data': {'data': {'805': 'Too many requests. Further requests may result in the user being blocked.'}, 'status': 'failed'}}
2026-04-02 14:51:09,781 - ERROR - Market data API failed: {'status': 'failure', 'remarks': {'error_code': None, 'error_type': None, 'error_message': None}, 'data': {'data': {'805': 'Too many requests. Further requests may result in the user being blocked.'}, 'status': 'failed'}}
2026-04-02 14:52:03,917 - ERROR - Market data API failed: {'status': 'failure', 'remarks': {'error_code': None, 'error_type': None, 'error_message': None}, 'data': {'data': {'805': 'Too many requests. Further requests may result in the user being blocked.'}, 'status': 'failed'}}
2026-04-02 14:54:04,355 - ERROR - Market data API failed: {'status': 'failure', 'remarks': {'error_code': None, 'error_type': None, 'error_message': None}, 'data': {'data': {'805': 'Too many requests. Further requests may result in the user being blocked.'}, 'status': 'failed'}}
2026-04-02 14:55:06,291 - ERROR - Market data API failed: {'status': 'failure', 'remarks': {'error_code': None, 'error_type': None, 'error_message': None}, 'data': {'data': {'805': 'Too many requests. Further requests may result in the user being blocked.'}, 'status': 'failed'}}
2026-04-02 14:56:01,351 - ERROR - Market data API failed: {'status': 'failure', 'remarks': {'error_code': None, 'error_type': None, 'error_message': None}, 'data': {'data': {'805': 'Too many requests. Further requests may result in the user being blocked.'}, 'status': 'failed'}}
2026-04-02 14:57:00,505 - ERROR - Market data API failed: {'status': 'failure', 'remarks': {'error_code': None, 'error_type': None, 'error_message': None}, 'data': {'data': {'805': 'Too many requests. Further requests may result in the user being blocked.'}, 'status': 'failed'}}
2026-04-02 14:58:35,237 - ERROR - Market data API failed: {'status': 'failure', 'remarks': {'error_code': None, 'error_type': None, 'error_message': None}, 'data': {'data': {'805': 'Too many requests. Further requests may result in the user being blocked.'}, 'status': 'failed'}}
2026-04-02 14:58:40,407 - ERROR - Option chain API failed: {'status': 'failure', 'remarks': {'error_code': None, 'error_type': None, 'error_message': None}, 'data': {'data': {'805': 'Too many requests. Further requests may result in the user being blocked.'}, 'status': 'failed'}}
2026-04-02 14:59:25,293 - ERROR - Market data API failed: {'status': 'failure', 'remarks': {'error_code': None, 'error_type': None, 'error_message': None}, 'data': {'data': {'805': 'Too many requests. Further requests may result in the user being blocked.'}, 'status': 'failed'}}
2026-04-02 15:00:42,402 - ERROR - Market data API failed: {'status': 'failure', 'remarks': {'error_code': None, 'error_type': None, 'error_message': None}, 'data': {'data': {'805': 'Too many requests. Further requests may result in the user being blocked.'}, 'status': 'failed'}}
2026-04-02 15:01:23,460 - ERROR - Market data API failed: {'status': 'failure', 'remarks': {'error_code': None, 'error_type': None, 'error_message': None}, 'data': {'data': {'805': 'Too many requests. Further requests may result in the user being blocked.'}, 'status': 'failed'}}
2026-04-02 15:02:11,007 - ERROR - Market data API failed: {'status': 'failure', 'remarks': {'error_code': None, 'error_type': None, 'error_message': None}, 'data': {'data': {'805': 'Too many requests. Further requests may result in the user being blocked.'}, 'status': 'failed'}}
2026-04-02 15:03:27,955 - ERROR - Market data API failed: {'status': 'failure', 'remarks': {'error_code': None, 'error_type': None, 'error_message': None}, 'data': {'data': {'805': 'Too many requests. Further requests may result in the user being blocked.'}, 'status': 'failed'}}
2026-04-02 15:04:24,810 - ERROR - Market data API failed: {'status': 'failure', 'remarks': {'error_code': None, 'error_type': None, 'error_message': None}, 'data': {'data': {'805': 'Too many requests. Further requests may result in the user being blocked.'}, 'status': 'failed'}}
2026-04-02 15:05:28,540 - ERROR - Market data API failed: {'status': 'failure', 'remarks': {'error_code': None, 'error_type': None, 'error_message': None}, 'data': {'data': {'805': 'Too many requests. Further requests may result in the user being blocked.'}, 'status': 'failed'}}
2026-04-02 15:06:14,382 - ERROR - Market data API failed: {'status': 'failure', 'remarks': {'error_code': None, 'error_type': None, 'error_message': None}, 'data': {'data': {'805': 'Too many requests. Further requests may result in the user being blocked.'}, 'status': 'failed'}}
2026-04-02 15:07:05,949 - ERROR - Market data API failed: {'status': 'failure', 'remarks': {'error_code': None, 'error_type': None, 'error_message': None}, 'data': {'data': {'805': 'Too many requests. Further requests may result in the user being blocked.'}, 'status': 'failed'}}
2026-04-02 15:07:14,546 - ERROR - Option chain API failed: {'status': 'failure', 'remarks': {'error_code': None, 'error_type': None, 'error_message': None}, 'data': {'data': {'805': 'Too many requests. Further requests may result in the user being blocked.'}, 'status': 'failed'}}
2026-04-02 15:08:04,023 - ERROR - Market data API failed: {'status': 'failure', 'remarks': {'error_code': None, 'error_type': None, 'error_message': None}, 'data': {'data': {'805': 'Too many requests. Further requests may result in the user being blocked.'}, 'status': 'failed'}}
2026-04-02 15:09:02,425 - ERROR - Market data API failed: {'status': 'failure', 'remarks': {'error_code': None, 'error_type': None, 'error_message': None}, 'data': {'data': {'805': 'Too many requests. Further requests may result in the user being blocked.'}, 'status': 'failed'}}
2026-04-02 15:09:54,303 - ERROR - Market data API failed: {'status': 'failure', 'remarks': {'error_code': None, 'error_type': None, 'error_message': None}, 'data': {'data': {'805': 'Too many requests. Further requests may result in the user being blocked.'}, 'status': 'failed'}}
2026-04-02 15:11:05,683 - ERROR - Market data API failed: {'status': 'failure', 'remarks': {'error_code': None, 'error_type': None, 'error_message': None}, 'data': {'data': {'805': 'Too many requests. Further requests may result in the user being blocked.'}, 'status': 'failed'}}
2026-04-02 15:11:57,831 - ERROR - Market data API failed: {'status': 'failure', 'remarks': {'error_code': None, 'error_type': None, 'error_message': None}, 'data': {'data': {'805': 'Too many requests. Further requests may result in the user being blocked.'}, 'status': 'failed'}}
2026-04-02 15:12:04,876 - ERROR - Option chain API failed: {'status': 'failure', 'remarks': {'error_code': None, 'error_type': None, 'error_message': None}, 'data': {'data': {'805': 'Too many requests. Further requests may result in the user being blocked.'}, 'status': 'failed'}}
2026-04-02 15:13:22,114 - ERROR - Market data API failed: {'status': 'failure', 'remarks': {'error_code': None, 'error_type': None, 'error_message': None}, 'data': {'data': {'805': 'Too many requests. Further requests may result in the user being blocked.'}, 'status': 'failed'}}
2026-04-02 15:14:24,875 - ERROR - Market data API failed: {'status': 'failure', 'remarks': {'error_code': None, 'error_type': None, 'error_message': None}, 'data': {'data': {'805': 'Too many requests. Further requests may result in the user being blocked.'}, 'status': 'failed'}}
2026-04-02 15:15:13,868 - ERROR - Market data API failed: {'status': 'failure', 'remarks': {'error_code': None, 'error_type': None, 'error_message': None}, 'data': {'data': {'805': 'Too many requests. Further requests may result in the user being blocked.'}, 'status': 'failed'}}
2026-04-02 15:16:09,735 - ERROR - Market data API failed: {'status': 'failure', 'remarks': {'error_code': None, 'error_type': None, 'error_message': None}, 'data': {'data': {'805': 'Too many requests. Further requests may result in the user being blocked.'}, 'status': 'failed'}}
2026-04-02 15:17:15,674 - ERROR - Market data API failed: {'status': 'failure', 'remarks': {'error_code': None, 'error_type': None, 'error_message': None}, 'data': {'data': {'805': 'Too many requests. Further requests may result in the user being blocked.'}, 'status': 'failed'}}
2026-04-02 15:18:22,234 - ERROR - Option chain API failed: {'status': 'failure', 'remarks': {'error_code': None, 'error_type': None, 'error_message': None}, 'data': {'data': {'805': 'Too many requests. Further requests may result in the user being blocked.'}, 'status': 'failed'}}
2026-04-02 15:19:18,140 - ERROR - Market data API failed: {'status': 'failure', 'remarks': {'error_code': None, 'error_type': None, 'error_message': None}, 'data': {'data': {'805': 'Too many requests. Further requests may result in the user being blocked.'}, 'status': 'failed'}}
2026-04-02 15:20:09,330 - ERROR - Market data API failed: {'status': 'failure', 'remarks': {'error_code': None, 'error_type': None, 'error_message': None}, 'data': {'data': {'805': 'Too many requests. Further requests may result in the user being blocked.'}, 'status': 'failed'}}
2026-04-02 15:20:18,175 - ERROR - Option chain API failed: {'status': 'failure', 'remarks': {'error_code': None, 'error_type': None, 'error_message': None}, 'data': {'data': {'805': 'Too many requests. Further requests may result in the user being blocked.'}, 'status': 'failed'}}
2026-04-02 15:21:13,032 - ERROR - Market data API failed: {'status': 'failure', 'remarks': {'error_code': None, 'error_type': None, 'error_message': None}, 'data': {'data': {'805': 'Too many requests. Further requests may result in the user being blocked.'}, 'status': 'failed'}}
2026-04-02 15:22:07,227 - ERROR - Market data API failed: {'status': 'failure', 'remarks': {'error_code': None, 'error_type': None, 'error_message': None}, 'data': {'data': {'805': 'Too many requests. Further requests may result in the user being blocked.'}, 'status': 'failed'}}
2026-04-02 15:23:03,728 - ERROR - Market data API failed: {'status': 'failure', 'remarks': {'error_code': None, 'error_type': None, 'error_message': None}, 'data': {'data': {'805': 'Too many requests. Further requests may result in the user being blocked.'}, 'status': 'failed'}}
2026-04-02 15:23:57,189 - ERROR - Market data API failed: {'status': 'failure', 'remarks': {'error_code': None, 'error_type': None, 'error_message': None}, 'data': {'data': {'805': 'Too many requests. Further requests may result in the user being blocked.'}, 'status': 'failed'}}
2026-04-02 15:24:58,115 - ERROR - Market data API failed: {'status': 'failure', 'remarks': {'error_code': None, 'error_type': None, 'error_message': None}, 'data': {'data': {'805': 'Too many requests. Further requests may result in the user being blocked.'}, 'status': 'failed'}}
2026-04-02 15:26:01,018 - ERROR - Option chain API failed: {'status': 'failure', 'remarks': {'error_code': None, 'error_type': None, 'error_message': None}, 'data': {'data': {'805': 'Too many requests. Further requests may result in the user being blocked.'}, 'status': 'failed'}}
2026-04-02 15:26:50,637 - ERROR - Market data API failed: {'status': 'failure', 'remarks': {'error_code': None, 'error_type': None, 'error_message': None}, 'data': {'data': {'805': 'Too many requests. Further requests may result in the user being blocked.'}, 'status': 'failed'}}
2026-04-02 15:27:50,344 - ERROR - Market data API failed: {'status': 'failure', 'remarks': {'error_code': None, 'error_type': None, 'error_message': None}, 'data': {'data': {'805': 'Too many requests. Further requests may result in the user being blocked.'}, 'status': 'failed'}}
2026-04-02 15:28:58,471 - ERROR - Market data API failed: {'status': 'failure', 'remarks': {'error_code': None, 'error_type': None, 'error_message': None}, 'data': {'data': {'805': 'Too many requests. Further requests may result in the user being blocked.'}, 'status': 'failed'}}
2026-04-02 15:30:08,277 - ERROR - Market data API failed: {'status': 'failure', 'remarks': {'error_code': None, 'error_type': None, 'error_message': None}, 'data': {'data': {'805': 'Too many requests. Further requests may result in the user being blocked.'}, 'status': 'failed'}}
