timestamp,strategy,strategy_type,pnl,investment,roi,is_win,entry_price,exit_price,strike_price,option_type,strike_type,lots,lot_size,spot_price,greeks
2026-04-03 09:15:00,TREND_FOLLOWING_OPTIMIZED,,526.4000000000306,752.0000000000437,70.0,True,7.520000000000437,12.784000000000741,24400.0,PE,OTM,2,50,23385.032355776682,"{""delta"": -0.5, ""theta"": -0.05, ""vega"": 0.2, ""gamma"": 0.02}"
2026-04-03 09:15:00,CCI_EXTREME_LOSING,,526.4000000000306,752.0000000000437,70.0,True,7.520000000000437,12.784000000000741,24400.0,PE,OTM,2,50,23385.032355776682,"{""delta"": -0.5, ""theta"": -0.05, ""vega"": 0.2, ""gamma"": 0.02}"
2026-04-03 09:15:00,ATR_BREAKOUT_LOSING,,526.4000000000306,752.0000000000437,70.0,True,7.520000000000437,12.784000000000741,24400.0,PE,OTM,2,50,23385.032355776682,"{""delta"": -0.5, ""theta"": -0.05, ""vega"": 0.2, ""gamma"": 0.02}"
2026-04-03 09:17:00,RSI_DIVERGENCE_LOSING,,2973.5999999999694,4247.999999999956,70.0,True,42.47999999999956,72.21599999999926,24500.0,PE,ATM,2,50,24504.51014482322,"{""delta"": -0.5, ""theta"": -0.05, ""vega"": 0.2, ""gamma"": 0.02}"
2026-04-03 09:21:00,CCI_EXTREME_LOSING,,-8.056787191874212,752.0000000000437,-1.0713812755151257,False,7.520000000000437,7.439432128081695,24400.0,PE,ATM,2,50,24439.098882330603,"{""delta"": -0.5, ""theta"": -0.05, ""vega"": 0.2, ""gamma"": 0.02}"
2026-04-03 09:21:00,ATR_BREAKOUT_LOSING,,526.4000000000306,752.0000000000437,70.0,True,7.520000000000437,12.784000000000741,24400.0,PE,ATM,2,50,24439.098882330603,"{""delta"": -0.5, ""theta"": -0.05, ""vega"": 0.2, ""gamma"": 0.02}"
2026-04-03 09:23:00,RSI_DIVERGENCE_LOSING,,526.4000000000306,752.0000000000437,70.0,True,7.520000000000437,12.784000000000741,24400.0,PE,OTM,2,50,22969.037267557964,"{""delta"": -0.5, ""theta"": -0.05, ""vega"": 0.2, ""gamma"": 0.02}"
2026-04-03 09:23:00,CCI_EXTREME_LOSING,,526.4000000000306,752.0000000000437,70.0,True,7.520000000000437,12.784000000000741,24400.0,PE,OTM,2,50,22969.037267557964,"{""delta"": -0.5, ""theta"": -0.05, ""vega"": 0.2, ""gamma"": 0.02}"
2026-04-03 09:25:00,AI_ENHANCED_LOSING,,-6.2393922305042775,752.0000000000437,-0.8297064136308399,False,7.520000000000437,7.457606077695394,24400.0,PE,ITM,2,50,24710.515187772093,"{""delta"": -0.5, ""theta"": -0.05, ""vega"": 0.2, ""gamma"": 0.02}"
2026-04-03 09:25:00,MOMENTUM_REVERSAL_LOSING,,-4.3298031016953145,752.0000000000437,-0.5757716890551946,False,7.520000000000437,7.476701968983484,24400.0,PE,ITM,2,50,24710.515187772093,"{""delta"": -0.5, ""theta"": -0.05, ""vega"": 0.2, ""gamma"": 0.02}"
2026-04-03 09:25:00,BOLLINGER_SQUEEZE_LOSING,,526.4000000000306,752.0000000000437,70.0,True,7.520000000000437,12.784000000000741,24400.0,PE,ITM,2,50,24710.515187772093,"{""delta"": -0.5, ""theta"": -0.05, ""vega"": 0.2, ""gamma"": 0.02}"
2026-04-03 09:25:00,BREAKOUT_REVERSAL_LOSING,,-4.776746829740782,752.0000000000437,-0.6352056954442161,False,7.520000000000437,7.472232531703028,24400.0,PE,ITM,2,50,24710.515187772093,"{""delta"": -0.5, ""theta"": -0.05, ""vega"": 0.2, ""gamma"": 0.02}"
2026-04-03 09:27:00,TREND_FOLLOWING_OPTIMIZED,,-35.11973194838893,4247.999999999956,-0.8267356861673563,False,42.47999999999956,42.128802680515676,24500.0,PE,ITM,2,50,24612.777710221937,"{""delta"": -0.5, ""theta"": -0.05, ""vega"": 0.2, ""gamma"": 0.02}"
2026-04-03 09:27:00,STRONG_MOMENTUM_LOSING,,2973.5999999999694,4247.999999999956,70.0,True,42.47999999999956,72.21599999999926,24500.0,PE,ITM,2,50,24612.777710221937,"{""delta"": -0.5, ""theta"": -0.05, ""vega"": 0.2, ""gamma"": 0.02}"
2026-04-03 09:29:00,STOCHASTIC_OVERSOLD_LOSING,,2973.5999999999694,4247.999999999956,70.0,True,42.47999999999956,72.21599999999926,24500.0,PE,ATM,2,50,24481.716396382013,"{""delta"": -0.5, ""theta"": -0.05, ""vega"": 0.2, ""gamma"": 0.02}"
2026-04-03 09:29:00,ATR_BREAKOUT_LOSING,,2973.5999999999694,4247.999999999956,70.0,True,42.47999999999956,72.21599999999926,24500.0,PE,ATM,2,50,24481.716396382013,"{""delta"": -0.5, ""theta"": -0.05, ""vega"": 0.2, ""gamma"": 0.02}"
2026-04-03 09:29:00,MOMENTUM_REVERSAL_LOSING,,2973.5999999999694,4247.999999999956,70.0,True,42.47999999999956,72.21599999999926,24500.0,PE,ATM,2,50,24481.716396382013,"{""delta"": -0.5, ""theta"": -0.05, ""vega"": 0.2, ""gamma"": 0.02}"
2026-04-03 09:29:00,DAY_HIGH_LOW_OPTIMIZED,,2973.5999999999694,4247.999999999956,70.0,True,42.47999999999956,72.21599999999926,24500.0,PE,ATM,2,50,24481.716396382013,"{""delta"": -0.5, ""theta"": -0.05, ""vega"": 0.2, ""gamma"": 0.02}"
2026-04-03 09:29:00,BOLLINGER_SQUEEZE_LOSING,,2973.5999999999694,4247.999999999956,70.0,True,42.47999999999956,72.21599999999926,24500.0,PE,ATM,2,50,24481.716396382013,"{""delta"": -0.5, ""theta"": -0.05, ""vega"": 0.2, ""gamma"": 0.02}"
2026-04-03 09:31:00,ATR_BREAKOUT_LOSING,,526.4000000000306,752.0000000000437,70.0,True,7.520000000000437,12.784000000000741,24400.0,CE,OTM,2,50,23437.601230253724,"{""delta"": 0.5, ""theta"": -0.05, ""vega"": 0.2, ""gamma"": 0.02}"
2026-04-03 09:33:00,TREND_FOLLOWING_OPTIMIZED,,526.4000000000306,752.0000000000437,70.0,True,7.520000000000437,12.784000000000741,24400.0,PE,OTM,2,50,22884.945862450146,"{""delta"": -0.5, ""theta"": -0.05, ""vega"": 0.2, ""gamma"": 0.02}"
2026-04-03 09:33:00,MOMENTUM_REVERSAL_LOSING,,526.4000000000306,752.0000000000437,70.0,True,7.520000000000437,12.784000000000741,24400.0,PE,OTM,2,50,22884.945862450146,"{""delta"": -0.5, ""theta"": -0.05, ""vega"": 0.2, ""gamma"": 0.02}"
2026-04-03 09:33:00,BREAKOUT_REVERSAL_LOSING,,526.4000000000306,752.0000000000437,70.0,True,7.520000000000437,12.784000000000741,24400.0,PE,OTM,2,50,22884.945862450146,"{""delta"": -0.5, ""theta"": -0.05, ""vega"": 0.2, ""gamma"": 0.02}"
2026-04-03 09:35:00,STRONG_MOMENTUM_LOSING,,3738.8000000000284,5752.000000000044,65.0,True,57.52000000000044,94.90800000000071,24300.0,PE,ATM,2,50,24257.17872821519,"{""delta"": -0.5, ""theta"": -0.05, ""vega"": 0.2, ""gamma"": 0.02}"
2026-04-03 09:35:00,ATR_BREAKOUT_LOSING,,3738.8000000000284,5752.000000000044,65.0,True,57.52000000000044,94.90800000000071,24300.0,PE,ATM,2,50,24257.17872821519,"{""delta"": -0.5, ""theta"": -0.05, ""vega"": 0.2, ""gamma"": 0.02}"
2026-04-03 09:35:00,DAY_HIGH_LOW_OPTIMIZED,,-68.9856430854136,5752.000000000044,-1.199333155170603,False,57.52000000000044,56.8301435691463,24300.0,PE,ATM,2,50,24257.17872821519,"{""delta"": -0.5, ""theta"": -0.05, ""vega"": 0.2, ""gamma"": 0.02}"
2026-04-03 09:37:00,STOCHASTIC_OVERSOLD_LOSING,,526.4000000000306,752.0000000000437,70.0,True,7.520000000000437,12.784000000000741,24400.0,PE,ATM,2,50,24404.916472967147,"{""delta"": -0.5, ""theta"": -0.05, ""vega"": 0.2, ""gamma"": 0.02}"
2026-04-03 09:37:00,TREND_FOLLOWING_OPTIMIZED,,526.4000000000306,752.0000000000437,70.0,True,7.520000000000437,12.784000000000741,24400.0,PE,ATM,2,50,24404.916472967147,"{""delta"": -0.5, ""theta"": -0.05, ""vega"": 0.2, ""gamma"": 0.02}"
2026-04-03 09:37:00,VOLUME_SPIKE_LOSING,,526.4000000000306,752.0000000000437,70.0,True,7.520000000000437,12.784000000000741,24400.0,PE,ATM,2,50,24404.916472967147,"{""delta"": -0.5, ""theta"": -0.05, ""vega"": 0.2, ""gamma"": 0.02}"
2026-04-03 09:37:00,MOMENTUM_REVERSAL_LOSING,,526.4000000000306,752.0000000000437,70.0,True,7.520000000000437,12.784000000000741,24400.0,PE,ATM,2,50,24404.916472967147,"{""delta"": -0.5, ""theta"": -0.05, ""vega"": 0.2, ""gamma"": 0.02}"
2026-04-03 09:37:00,BREAKOUT_REVERSAL_LOSING,,526.4000000000306,752.0000000000437,70.0,True,7.520000000000437,12.784000000000741,24400.0,PE,ATM,2,50,24404.916472967147,"{""delta"": -0.5, ""theta"": -0.05, ""vega"": 0.2, ""gamma"": 0.02}"
2026-04-03 09:39:00,STRONG_MOMENTUM_LOSING,,-7.922193839045919,752.0000000000437,-1.0534832232773217,False,7.520000000000437,7.4407780616099775,24400.0,CE,ATM,2,50,24399.091059559945,"{""delta"": 0.5, ""theta"": -0.05, ""vega"": 0.2, ""gamma"": 0.02}"
2026-04-03 09:39:00,CCI_EXTREME_LOSING,,526.4000000000306,752.0000000000437,70.0,True,7.520000000000437,12.784000000000741,24400.0,CE,ATM,2,50,24399.091059559945,"{""delta"": 0.5, ""theta"": -0.05, ""vega"": 0.2, ""gamma"": 0.02}"
2026-04-03 09:39:00,MOMENTUM_REVERSAL_LOSING,,526.4000000000306,752.0000000000437,70.0,True,7.520000000000437,12.784000000000741,24400.0,CE,ATM,2,50,24399.091059559945,"{""delta"": 0.5, ""theta"": -0.05, ""vega"": 0.2, ""gamma"": 0.02}"
2026-04-03 09:39:00,BOLLINGER_SQUEEZE_LOSING,,-10.821506372528246,752.0000000000437,-1.4390301027297363,False,7.520000000000437,7.411784936275154,24400.0,CE,ATM,2,50,24399.091059559945,"{""delta"": 0.5, ""theta"": -0.05, ""vega"": 0.2, ""gamma"": 0.02}"
2026-04-03 09:39:00,BREAKOUT_REVERSAL_LOSING,,526.4000000000306,752.0000000000437,70.0,True,7.520000000000437,12.784000000000741,24400.0,CE,ATM,2,50,24399.091059559945,"{""delta"": 0.5, ""theta"": -0.05, ""vega"": 0.2, ""gamma"": 0.02}"
2026-04-03 09:43:00,VOLUME_SPIKE_LOSING,,526.4000000000306,752.0000000000437,70.0,True,7.520000000000437,12.784000000000741,24400.0,CE,OTM,2,50,23037.6870530558,"{""delta"": 0.5, ""theta"": -0.05, ""vega"": 0.2, ""gamma"": 0.02}"
2026-04-03 09:43:00,HIGH_VOLUME_LOSING,,526.4000000000306,752.0000000000437,70.0,True,7.520000000000437,12.784000000000741,24400.0,CE,OTM,2,50,23037.6870530558,"{""delta"": 0.5, ""theta"": -0.05, ""vega"": 0.2, ""gamma"": 0.02}"
2026-04-03 09:43:00,STRONG_MOMENTUM_LOSING,,526.4000000000306,752.0000000000437,70.0,True,7.520000000000437,12.784000000000741,24400.0,CE,OTM,2,50,23037.6870530558,"{""delta"": 0.5, ""theta"": -0.05, ""vega"": 0.2, ""gamma"": 0.02}"
2026-04-03 09:43:00,CCI_EXTREME_LOSING,,526.4000000000306,752.0000000000437,70.0,True,7.520000000000437,12.784000000000741,24400.0,CE,OTM,2,50,23037.6870530558,"{""delta"": 0.5, ""theta"": -0.05, ""vega"": 0.2, ""gamma"": 0.02}"
2026-04-03 09:45:00,MULTI_TIMEFRAME_LOSING,,-7.924847818075959,752.0000000000437,-1.053836146020678,False,7.520000000000437,7.440751521819677,24400.0,PE,OTM,2,50,22614.049026409444,"{""delta"": -0.5, ""theta"": -0.05, ""vega"": 0.2, ""gamma"": 0.02}"
2026-04-03 09:45:00,AI_ENHANCED_LOSING,,526.4000000000306,752.0000000000437,70.0,True,7.520000000000437,12.784000000000741,24400.0,PE,OTM,2,50,22614.049026409444,"{""delta"": -0.5, ""theta"": -0.05, ""vega"": 0.2, ""gamma"": 0.02}"
2026-04-03 09:45:00,VOLUME_SPIKE_LOSING,,526.4000000000306,752.0000000000437,70.0,True,7.520000000000437,12.784000000000741,24400.0,PE,OTM,2,50,22614.049026409444,"{""delta"": -0.5, ""theta"": -0.05, ""vega"": 0.2, ""gamma"": 0.02}"
2026-04-03 09:45:00,WILLIAMS_REVERSAL_LOSING,,-7.912536763297301,752.0000000000437,-1.0521990376724524,False,7.520000000000437,7.440874632367463,24400.0,PE,OTM,2,50,22614.049026409444,"{""delta"": -0.5, ""theta"": -0.05, ""vega"": 0.2, ""gamma"": 0.02}"
2026-04-03 09:45:00,ATR_BREAKOUT_LOSING,,526.4000000000306,752.0000000000437,70.0,True,7.520000000000437,12.784000000000741,24400.0,PE,OTM,2,50,22614.049026409444,"{""delta"": -0.5, ""theta"": -0.05, ""vega"": 0.2, ""gamma"": 0.02}"
2026-04-03 09:47:00,RSI_DIVERGENCE_LOSING,,526.4000000000306,752.0000000000437,70.0,True,7.520000000000437,12.784000000000741,24400.0,CE,OTM,2,50,23395.684650152114,"{""delta"": 0.5, ""theta"": -0.05, ""vega"": 0.2, ""gamma"": 0.02}"
2026-04-03 09:47:00,CCI_EXTREME_LOSING,,-4.7522554123846135,752.0000000000437,-0.6319488580298321,False,7.520000000000437,7.47247744587659,24400.0,CE,OTM,2,50,23395.684650152114,"{""delta"": 0.5, ""theta"": -0.05, ""vega"": 0.2, ""gamma"": 0.02}"
2026-04-03 09:51:00,STOCHASTIC_OVERSOLD_LOSING,,526.4000000000306,752.0000000000437,70.0,True,7.520000000000437,12.784000000000741,24400.0,PE,OTM,2,50,22535.66225354676,"{""delta"": -0.5, ""theta"": -0.05, ""vega"": 0.2, ""gamma"": 0.02}"
2026-04-03 09:51:00,STRONG_MOMENTUM_LOSING,,526.4000000000306,752.0000000000437,70.0,True,7.520000000000437,12.784000000000741,24400.0,PE,OTM,2,50,22535.66225354676,"{""delta"": -0.5, ""theta"": -0.05, ""vega"": 0.2, ""gamma"": 0.02}"
2026-04-03 09:51:00,MOMENTUM_REVERSAL_LOSING,,526.4000000000306,752.0000000000437,70.0,True,7.520000000000437,12.784000000000741,24400.0,PE,OTM,2,50,22535.66225354676,"{""delta"": -0.5, ""theta"": -0.05, ""vega"": 0.2, ""gamma"": 0.02}"
2026-04-03 09:55:00,AI_ENHANCED_LOSING,,-7.97371726974951,752.0000000000437,-1.0603347433176924,False,7.520000000000437,7.440262827302941,24400.0,CE,OTM,2,50,23261.722791407105,"{""delta"": 0.5, ""theta"": -0.05, ""vega"": 0.2, ""gamma"": 0.02}"
2026-04-03 09:55:00,TREND_FOLLOWING_OPTIMIZED,,-5.027167864189827,752.0000000000437,-0.6685063649188212,False,7.520000000000437,7.469728321358539,24400.0,CE,OTM,2,50,23261.722791407105,"{""delta"": 0.5, ""theta"": -0.05, ""vega"": 0.2, ""gamma"": 0.02}"
2026-04-03 09:55:00,ATR_BREAKOUT_LOSING,,526.4000000000306,752.0000000000437,70.0,True,7.520000000000437,12.784000000000741,24400.0,CE,OTM,2,50,23261.722791407105,"{""delta"": 0.5, ""theta"": -0.05, ""vega"": 0.2, ""gamma"": 0.02}"
2026-04-03 09:57:00,ATR_BREAKOUT_LOSING,,526.4000000000306,752.0000000000437,70.0,True,7.520000000000437,12.784000000000741,24400.0,CE,OTM,2,50,22753.135401365096,"{""delta"": 0.5, ""theta"": -0.05, ""vega"": 0.2, ""gamma"": 0.02}"
2026-04-03 10:01:00,AI_ENHANCED_LOSING,,526.4000000000306,752.0000000000437,70.0,True,7.520000000000437,12.784000000000741,24400.0,PE,OTM,2,50,23003.495370697845,"{""delta"": -0.5, ""theta"": -0.05, ""vega"": 0.2, ""gamma"": 0.02}"
2026-04-03 10:01:00,RSI_DIVERGENCE_LOSING,,-8.595767332466691,752.0000000000437,-1.1430541665513554,False,7.520000000000437,7.434042326675769,24400.0,PE,OTM,2,50,23003.495370697845,"{""delta"": -0.5, ""theta"": -0.05, ""vega"": 0.2, ""gamma"": 0.02}"
2026-04-03 10:01:00,CCI_EXTREME_LOSING,,526.4000000000306,752.0000000000437,70.0,True,7.520000000000437,12.784000000000741,24400.0,PE,OTM,2,50,23003.495370697845,"{""delta"": -0.5, ""theta"": -0.05, ""vega"": 0.2, ""gamma"": 0.02}"
2026-04-03 10:01:00,BOLLINGER_SQUEEZE_LOSING,,526.4000000000306,752.0000000000437,70.0,True,7.520000000000437,12.784000000000741,24400.0,PE,OTM,2,50,23003.495370697845,"{""delta"": -0.5, ""theta"": -0.05, ""vega"": 0.2, ""gamma"": 0.02}"
2026-04-03 10:03:00,CCI_EXTREME_LOSING,,526.4000000000306,752.0000000000437,70.0,True,7.520000000000437,12.784000000000741,24400.0,CE,OTM,2,50,23000.270034808535,"{""delta"": 0.5, ""theta"": -0.05, ""vega"": 0.2, ""gamma"": 0.02}"
2026-04-03 10:05:00,CCI_EXTREME_LOSING,,2973.5999999999694,4247.999999999956,70.0,True,42.47999999999956,72.21599999999926,24500.0,CE,ITM,2,50,24599.114789152045,"{""delta"": 0.5, ""theta"": -0.05, ""vega"": 0.2, ""gamma"": 0.02}"
2026-04-03 10:07:00,AI_ENHANCED_LOSING,,6011.199999999972,9247.999999999956,65.0,True,92.47999999999956,152.59199999999927,24600.0,CE,ITM,2,50,24657.635265226185,"{""delta"": 0.5, ""theta"": -0.05, ""vega"": 0.2, ""gamma"": 0.02}"
2026-04-03 10:07:00,RSI_DIVERGENCE_LOSING,,-95.6616108913082,9247.999999999956,-1.0344032319561922,False,92.47999999999956,91.52338389108648,24600.0,CE,ITM,2,50,24657.635265226185,"{""delta"": 0.5, ""theta"": -0.05, ""vega"": 0.2, ""gamma"": 0.02}"
2026-04-03 10:07:00,CCI_EXTREME_LOSING,,-57.23904492315307,9247.999999999956,-0.6189343092901528,False,92.47999999999956,91.90760955076803,24600.0,CE,ITM,2,50,24657.635265226185,"{""delta"": 0.5, ""theta"": -0.05, ""vega"": 0.2, ""gamma"": 0.02}"
2026-04-03 10:09:00,MULTI_TIMEFRAME_LOSING,,526.4000000000306,752.0000000000437,70.0,True,7.520000000000437,12.784000000000741,24400.0,PE,OTM,2,50,23513.536782694806,"{""delta"": -0.5, ""theta"": -0.05, ""vega"": 0.2, ""gamma"": 0.02}"
2026-04-03 10:09:00,RSI_DIVERGENCE_LOSING,,526.4000000000306,752.0000000000437,70.0,True,7.520000000000437,12.784000000000741,24400.0,PE,OTM,2,50,23513.536782694806,"{""delta"": -0.5, ""theta"": -0.05, ""vega"": 0.2, ""gamma"": 0.02}"
2026-04-03 10:09:00,TREND_FOLLOWING_OPTIMIZED,,-10.056425101882352,752.0000000000437,-1.3372905720587458,False,7.520000000000437,7.419435748981613,24400.0,PE,OTM,2,50,23513.536782694806,"{""delta"": -0.5, ""theta"": -0.05, ""vega"": 0.2, ""gamma"": 0.02}"
2026-04-03 10:09:00,WILLIAMS_REVERSAL_LOSING,,-4.19354273369256,752.0000000000437,-0.5576519592675953,False,7.520000000000437,7.478064572663511,24400.0,PE,OTM,2,50,23513.536782694806,"{""delta"": -0.5, ""theta"": -0.05, ""vega"": 0.2, ""gamma"": 0.02}"
2026-04-03 10:09:00,ATR_BREAKOUT_LOSING,,526.4000000000306,752.0000000000437,70.0,True,7.520000000000437,12.784000000000741,24400.0,PE,OTM,2,50,23513.536782694806,"{""delta"": -0.5, ""theta"": -0.05, ""vega"": 0.2, ""gamma"": 0.02}"
2026-04-03 10:09:00,BREAKOUT_REVERSAL_LOSING,,-5.325710666231553,752.0000000000437,-0.7082062056158569,False,7.520000000000437,7.466742893338121,24400.0,PE,OTM,2,50,23513.536782694806,"{""delta"": -0.5, ""theta"": -0.05, ""vega"": 0.2, ""gamma"": 0.02}"
2026-04-03 10:11:00,RSI_DIVERGENCE_LOSING,,526.4000000000306,752.0000000000437,70.0,True,7.520000000000437,12.784000000000741,24400.0,CE,ITM,2,50,24841.828633890927,"{""delta"": 0.5, ""theta"": -0.05, ""vega"": 0.2, ""gamma"": 0.02}"
2026-04-03 10:11:00,STOCHASTIC_OVERSOLD_LOSING,,-9.940402899511101,752.0000000000437,-1.3218620877008675,False,7.520000000000437,7.4205959710053255,24400.0,CE,ITM,2,50,24841.828633890927,"{""delta"": 0.5, ""theta"": -0.05, ""vega"": 0.2, ""gamma"": 0.02}"
2026-04-03 10:11:00,VOLUME_SPIKE_LOSING,,526.4000000000306,752.0000000000437,70.0,True,7.520000000000437,12.784000000000741,24400.0,CE,ITM,2,50,24841.828633890927,"{""delta"": 0.5, ""theta"": -0.05, ""vega"": 0.2, ""gamma"": 0.02}"
2026-04-03 10:11:00,CCI_EXTREME_LOSING,,526.4000000000306,752.0000000000437,70.0,True,7.520000000000437,12.784000000000741,24400.0,CE,ITM,2,50,24841.828633890927,"{""delta"": 0.5, ""theta"": -0.05, ""vega"": 0.2, ""gamma"": 0.02}"
2026-04-03 10:15:00,CCI_EXTREME_LOSING,,526.4000000000306,752.0000000000437,70.0,True,7.520000000000437,12.784000000000741,24400.0,CE,OTM,2,50,23839.868999034697,"{""delta"": 0.5, ""theta"": -0.05, ""vega"": 0.2, ""gamma"": 0.02}"
2026-04-03 10:17:00,MULTI_TIMEFRAME_LOSING,,526.4000000000306,752.0000000000437,70.0,True,7.520000000000437,12.784000000000741,24400.0,CE,OTM,2,50,23705.660692926223,"{""delta"": 0.5, ""theta"": -0.05, ""vega"": 0.2, ""gamma"": 0.02}"
2026-04-03 10:17:00,AI_ENHANCED_LOSING,,526.4000000000306,752.0000000000437,70.0,True,7.520000000000437,12.784000000000741,24400.0,CE,OTM,2,50,23705.660692926223,"{""delta"": 0.5, ""theta"": -0.05, ""vega"": 0.2, ""gamma"": 0.02}"
2026-04-03 10:17:00,VOLUME_SPIKE_LOSING,,526.4000000000306,752.0000000000437,70.0,True,7.520000000000437,12.784000000000741,24400.0,CE,OTM,2,50,23705.660692926223,"{""delta"": 0.5, ""theta"": -0.05, ""vega"": 0.2, ""gamma"": 0.02}"
2026-04-03 10:17:00,STRONG_MOMENTUM_LOSING,,-7.500418492420285,752.0000000000437,-0.9973960761196607,False,7.520000000000437,7.444995815076234,24400.0,CE,OTM,2,50,23705.660692926223,"{""delta"": 0.5, ""theta"": -0.05, ""vega"": 0.2, ""gamma"": 0.02}"
2026-04-03 10:17:00,ATR_BREAKOUT_LOSING,,526.4000000000306,752.0000000000437,70.0,True,7.520000000000437,12.784000000000741,24400.0,CE,OTM,2,50,23705.660692926223,"{""delta"": 0.5, ""theta"": -0.05, ""vega"": 0.2, ""gamma"": 0.02}"
2026-04-03 10:17:00,MOMENTUM_REVERSAL_LOSING,,526.4000000000306,752.0000000000437,70.0,True,7.520000000000437,12.784000000000741,24400.0,CE,OTM,2,50,23705.660692926223,"{""delta"": 0.5, ""theta"": -0.05, ""vega"": 0.2, ""gamma"": 0.02}"
2026-04-03 10:17:00,DAY_HIGH_LOW_OPTIMIZED,,-10.812839086493403,752.0000000000437,-1.4378775380974436,False,7.520000000000437,7.411871609135503,24400.0,CE,OTM,2,50,23705.660692926223,"{""delta"": 0.5, ""theta"": -0.05, ""vega"": 0.2, ""gamma"": 0.02}"
2026-04-03 10:17:00,BREAKOUT_REVERSAL_LOSING,,526.4000000000306,752.0000000000437,70.0,True,7.520000000000437,12.784000000000741,24400.0,CE,OTM,2,50,23705.660692926223,"{""delta"": 0.5, ""theta"": -0.05, ""vega"": 0.2, ""gamma"": 0.02}"
2026-04-03 10:19:00,STOCHASTIC_OVERSOLD_LOSING,,526.4000000000306,752.0000000000437,70.0,True,7.520000000000437,12.784000000000741,24400.0,CE,OTM,2,50,24217.696749686063,"{""delta"": 0.5, ""theta"": -0.05, ""vega"": 0.2, ""gamma"": 0.02}"
2026-04-03 10:19:00,STRONG_MOMENTUM_LOSING,,-4.264332404853396,752.0000000000437,-0.5670654793687697,False,7.520000000000437,7.477356675951903,24400.0,CE,OTM,2,50,24217.696749686063,"{""delta"": 0.5, ""theta"": -0.05, ""vega"": 0.2, ""gamma"": 0.02}"
2026-04-03 10:19:00,DAY_HIGH_LOW_OPTIMIZED,,-10.144757804806808,752.0000000000437,-1.3490369421284867,False,7.520000000000437,7.418552421952368,24400.0,CE,OTM,2,50,24217.696749686063,"{""delta"": 0.5, ""theta"": -0.05, ""vega"": 0.2, ""gamma"": 0.02}"
2026-04-03 10:21:00,STOCHASTIC_OVERSOLD_LOSING,,2973.5999999999694,4247.999999999956,70.0,True,42.47999999999956,72.21599999999926,24500.0,PE,ATM,2,50,24498.310585263796,"{""delta"": -0.5, ""theta"": -0.05, ""vega"": 0.2, ""gamma"": 0.02}"
2026-04-03 10:21:00,STRONG_MOMENTUM_LOSING,,2973.5999999999694,4247.999999999956,70.0,True,42.47999999999956,72.21599999999926,24500.0,PE,ATM,2,50,24498.310585263796,"{""delta"": -0.5, ""theta"": -0.05, ""vega"": 0.2, ""gamma"": 0.02}"
2026-04-03 10:21:00,MACD_DIVERGENCE_LOSING,,2973.5999999999694,4247.999999999956,70.0,True,42.47999999999956,72.21599999999926,24500.0,PE,ATM,2,50,24498.310585263796,"{""delta"": -0.5, ""theta"": -0.05, ""vega"": 0.2, ""gamma"": 0.02}"
2026-04-03 10:23:00,AI_ENHANCED_LOSING,,526.4000000000306,752.0000000000437,70.0,True,7.520000000000437,12.784000000000741,24400.0,PE,OTM,2,50,23355.246916387,"{""delta"": -0.5, ""theta"": -0.05, ""vega"": 0.2, ""gamma"": 0.02}"
2026-04-03 10:23:00,STOCHASTIC_OVERSOLD_LOSING,,526.4000000000306,752.0000000000437,70.0,True,7.520000000000437,12.784000000000741,24400.0,PE,OTM,2,50,23355.246916387,"{""delta"": -0.5, ""theta"": -0.05, ""vega"": 0.2, ""gamma"": 0.02}"
2026-04-03 10:23:00,TREND_FOLLOWING_OPTIMIZED,,526.4000000000306,752.0000000000437,70.0,True,7.520000000000437,12.784000000000741,24400.0,PE,OTM,2,50,23355.246916387,"{""delta"": -0.5, ""theta"": -0.05, ""vega"": 0.2, ""gamma"": 0.02}"
2026-04-03 10:25:00,ATR_BREAKOUT_LOSING,,526.4000000000306,752.0000000000437,70.0,True,7.520000000000437,12.784000000000741,24400.0,PE,OTM,2,50,23378.62935206861,"{""delta"": -0.5, ""theta"": -0.05, ""vega"": 0.2, ""gamma"": 0.02}"
2026-04-03 10:27:00,MACD_DIVERGENCE_LOSING,,-5.491377019467392,752.0000000000437,-0.7302363057801959,False,7.520000000000437,7.465086229805762,24400.0,PE,OTM,2,50,24210.51341555316,"{""delta"": -0.5, ""theta"": -0.05, ""vega"": 0.2, ""gamma"": 0.02}"
2026-04-03 10:27:00,ATR_BREAKOUT_LOSING,,526.4000000000306,752.0000000000437,70.0,True,7.520000000000437,12.784000000000741,24400.0,PE,OTM,2,50,24210.51341555316,"{""delta"": -0.5, ""theta"": -0.05, ""vega"": 0.2, ""gamma"": 0.02}"
2026-04-03 10:27:00,DAY_HIGH_LOW_OPTIMIZED,,-9.688063123300225,752.0000000000437,-1.2883062663962317,False,7.520000000000437,7.423119368767434,24400.0,PE,OTM,2,50,24210.51341555316,"{""delta"": -0.5, ""theta"": -0.05, ""vega"": 0.2, ""gamma"": 0.02}"
2026-04-03 10:27:00,BREAKOUT_REVERSAL_LOSING,,-8.58518695124035,752.0000000000437,-1.1416472009627463,False,7.520000000000437,7.434148130488033,24400.0,PE,OTM,2,50,24210.51341555316,"{""delta"": -0.5, ""theta"": -0.05, ""vega"": 0.2, ""gamma"": 0.02}"
2026-04-03 10:31:00,TREND_FOLLOWING_OPTIMIZED,,-9.086422774247417,752.0000000000437,-1.2083009008307035,False,7.520000000000437,7.429135772257962,24400.0,PE,OTM,2,50,23074.620389634925,"{""delta"": -0.5, ""theta"": -0.05, ""vega"": 0.2, ""gamma"": 0.02}"
2026-04-03 10:31:00,ATR_BREAKOUT_LOSING,,526.4000000000306,752.0000000000437,70.0,True,7.520000000000437,12.784000000000741,24400.0,PE,OTM,2,50,23074.620389634925,"{""delta"": -0.5, ""theta"": -0.05, ""vega"": 0.2, ""gamma"": 0.02}"
2026-04-03 10:33:00,STOCHASTIC_OVERSOLD_LOSING,,526.4000000000306,752.0000000000437,70.0,True,7.520000000000437,12.784000000000741,24400.0,CE,ITM,2,50,24836.134808082108,"{""delta"": 0.5, ""theta"": -0.05, ""vega"": 0.2, ""gamma"": 0.02}"
2026-04-03 10:39:00,STOCHASTIC_OVERSOLD_LOSING,,-7.64127874081862,752.0000000000437,-1.0161274921300767,False,7.520000000000437,7.44358721259225,24400.0,PE,OTM,2,50,23698.856010584812,"{""delta"": -0.5, ""theta"": -0.05, ""vega"": 0.2, ""gamma"": 0.02}"
2026-04-03 10:39:00,TREND_FOLLOWING_OPTIMIZED,,526.4000000000306,752.0000000000437,70.0,True,7.520000000000437,12.784000000000741,24400.0,PE,OTM,2,50,23698.856010584812,"{""delta"": -0.5, ""theta"": -0.05, ""vega"": 0.2, ""gamma"": 0.02}"
2026-04-03 10:41:00,STOCHASTIC_OVERSOLD_LOSING,,526.4000000000306,752.0000000000437,70.0,True,7.520000000000437,12.784000000000741,24400.0,CE,OTM,2,50,24159.719979370806,"{""delta"": 0.5, ""theta"": -0.05, ""vega"": 0.2, ""gamma"": 0.02}"
2026-04-03 10:41:00,ATR_BREAKOUT_LOSING,,-10.199979821383778,752.0000000000437,-1.3563802953967001,False,7.520000000000437,7.418000201786599,24400.0,CE,OTM,2,50,24159.719979370806,"{""delta"": 0.5, ""theta"": -0.05, ""vega"": 0.2, ""gamma"": 0.02}"
2026-04-03 10:43:00,AI_ENHANCED_LOSING,,526.4000000000306,752.0000000000437,70.0,True,7.520000000000437,12.784000000000741,24400.0,PE,OTM,2,50,22868.43958472447,"{""delta"": -0.5, ""theta"": -0.05, ""vega"": 0.2, ""gamma"": 0.02}"
2026-04-03 10:43:00,TREND_FOLLOWING_OPTIMIZED,,-11.242831227917403,752.0000000000437,-1.4950573441378658,False,7.520000000000437,7.407571687721263,24400.0,PE,OTM,2,50,22868.43958472447,"{""delta"": -0.5, ""theta"": -0.05, ""vega"": 0.2, ""gamma"": 0.02}"
2026-04-03 10:45:00,MULTI_TIMEFRAME_LOSING,,526.4000000000306,752.0000000000437,70.0,True,7.520000000000437,12.784000000000741,24400.0,PE,OTM,2,50,22819.551915926677,"{""delta"": -0.5, ""theta"": -0.05, ""vega"": 0.2, ""gamma"": 0.02}"
2026-04-03 10:45:00,STOCHASTIC_OVERSOLD_LOSING,,526.4000000000306,752.0000000000437,70.0,True,7.520000000000437,12.784000000000741,24400.0,PE,OTM,2,50,22819.551915926677,"{""delta"": -0.5, ""theta"": -0.05, ""vega"": 0.2, ""gamma"": 0.02}"
2026-04-03 10:45:00,TREND_FOLLOWING_OPTIMIZED,,526.4000000000306,752.0000000000437,70.0,True,7.520000000000437,12.784000000000741,24400.0,PE,OTM,2,50,22819.551915926677,"{""delta"": -0.5, ""theta"": -0.05, ""vega"": 0.2, ""gamma"": 0.02}"
2026-04-03 10:45:00,MACD_DIVERGENCE_LOSING,,526.4000000000306,752.0000000000437,70.0,True,7.520000000000437,12.784000000000741,24400.0,PE,OTM,2,50,22819.551915926677,"{""delta"": -0.5, ""theta"": -0.05, ""vega"": 0.2, ""gamma"": 0.02}"
2026-04-03 10:45:00,DAY_HIGH_LOW_OPTIMIZED,,526.4000000000306,752.0000000000437,70.0,True,7.520000000000437,12.784000000000741,24400.0,PE,OTM,2,50,22819.551915926677,"{""delta"": -0.5, ""theta"": -0.05, ""vega"": 0.2, ""gamma"": 0.02}"
2026-04-03 10:45:00,BREAKOUT_REVERSAL_LOSING,,-7.822359484760498,752.0000000000437,-1.040207378292559,False,7.520000000000437,7.441776405152832,24400.0,PE,OTM,2,50,22819.551915926677,"{""delta"": -0.5, ""theta"": -0.05, ""vega"": 0.2, ""gamma"": 0.02}"
2026-04-03 10:51:00,RSI_DIVERGENCE_LOSING,,3738.8000000000284,5752.000000000044,65.0,True,57.52000000000044,94.90800000000071,24300.0,PE,OTM,2,50,24247.03441315599,"{""delta"": -0.5, ""theta"": -0.05, ""vega"": 0.2, ""gamma"": 0.02}"
2026-04-03 10:51:00,TREND_FOLLOWING_OPTIMIZED,,-71.18951967550112,5752.000000000044,-1.2376481167507054,False,57.52000000000044,56.80810480324543,24300.0,PE,OTM,2,50,24247.03441315599,"{""delta"": -0.5, ""theta"": -0.05, ""vega"": 0.2, ""gamma"": 0.02}"
2026-04-03 10:53:00,AI_ENHANCED_LOSING,,3738.8000000000284,5752.000000000044,65.0,True,57.52000000000044,94.90800000000071,24300.0,CE,ATM,2,50,24261.89679400889,"{""delta"": 0.5, ""theta"": -0.05, ""vega"": 0.2, ""gamma"": 0.02}"
2026-04-03 10:53:00,TREND_FOLLOWING_OPTIMIZED,,-53.40896925068757,5752.000000000044,-0.9285286726475516,False,57.52000000000044,56.98591030749356,24300.0,CE,ATM,2,50,24261.89679400889,"{""delta"": 0.5, ""theta"": -0.05, ""vega"": 0.2, ""gamma"": 0.02}"
2026-04-03 10:53:00,STRONG_MOMENTUM_LOSING,,3738.8000000000284,5752.000000000044,65.0,True,57.52000000000044,94.90800000000071,24300.0,CE,ATM,2,50,24261.89679400889,"{""delta"": 0.5, ""theta"": -0.05, ""vega"": 0.2, ""gamma"": 0.02}"
2026-04-03 10:53:00,CCI_EXTREME_LOSING,,3738.8000000000284,5752.000000000044,65.0,True,57.52000000000044,94.90800000000071,24300.0,CE,ATM,2,50,24261.89679400889,"{""delta"": 0.5, ""theta"": -0.05, ""vega"": 0.2, ""gamma"": 0.02}"
2026-04-03 10:53:00,ATR_BREAKOUT_LOSING,,3738.8000000000284,5752.000000000044,65.0,True,57.52000000000044,94.90800000000071,24300.0,CE,ATM,2,50,24261.89679400889,"{""delta"": 0.5, ""theta"": -0.05, ""vega"": 0.2, ""gamma"": 0.02}"
2026-04-03 10:55:00,RSI_DIVERGENCE_LOSING,,526.4000000000306,752.0000000000437,70.0,True,7.520000000000437,12.784000000000741,24400.0,CE,OTM,2,50,24163.933834483323,"{""delta"": 0.5, ""theta"": -0.05, ""vega"": 0.2, ""gamma"": 0.02}"
2026-04-03 10:55:00,ATR_BREAKOUT_LOSING,,526.4000000000306,752.0000000000437,70.0,True,7.520000000000437,12.784000000000741,24400.0,CE,OTM,2,50,24163.933834483323,"{""delta"": 0.5, ""theta"": -0.05, ""vega"": 0.2, ""gamma"": 0.02}"
2026-04-03 10:57:00,AI_ENHANCED_LOSING,,2973.5999999999694,4247.999999999956,70.0,True,42.47999999999956,72.21599999999926,24500.0,CE,ITM,2,50,24623.495468961268,"{""delta"": 0.5, ""theta"": -0.05, ""vega"": 0.2, ""gamma"": 0.02}"
2026-04-03 10:59:00,AI_ENHANCED_LOSING,,2973.5999999999694,4247.999999999956,70.0,True,42.47999999999956,72.21599999999926,24500.0,CE,ITM,2,50,24557.471740125562,"{""delta"": 0.5, ""theta"": -0.05, ""vega"": 0.2, ""gamma"": 0.02}"
2026-04-03 10:59:00,TREND_FOLLOWING_OPTIMIZED,,-56.74750351685922,4247.999999999956,-1.3358640187584698,False,42.47999999999956,41.91252496483097,24500.0,CE,ITM,2,50,24557.471740125562,"{""delta"": 0.5, ""theta"": -0.05, ""vega"": 0.2, ""gamma"": 0.02}"
2026-04-03 10:59:00,MACD_DIVERGENCE_LOSING,,2973.5999999999694,4247.999999999956,70.0,True,42.47999999999956,72.21599999999926,24500.0,CE,ITM,2,50,24557.471740125562,"{""delta"": 0.5, ""theta"": -0.05, ""vega"": 0.2, ""gamma"": 0.02}"
2026-04-03 10:59:00,WILLIAMS_REVERSAL_LOSING,,-63.088040102390345,4247.999999999956,-1.4851233545760592,False,42.47999999999956,41.84911959897566,24500.0,CE,ITM,2,50,24557.471740125562,"{""delta"": 0.5, ""theta"": -0.05, ""vega"": 0.2, ""gamma"": 0.02}"
2026-04-03 10:59:00,CCI_EXTREME_LOSING,,2973.5999999999694,4247.999999999956,70.0,True,42.47999999999956,72.21599999999926,24500.0,CE,ITM,2,50,24557.471740125562,"{""delta"": 0.5, ""theta"": -0.05, ""vega"": 0.2, ""gamma"": 0.02}"
2026-04-03 10:59:00,MOMENTUM_REVERSAL_LOSING,,2973.5999999999694,4247.999999999956,70.0,True,42.47999999999956,72.21599999999926,24500.0,CE,ITM,2,50,24557.471740125562,"{""delta"": 0.5, ""theta"": -0.05, ""vega"": 0.2, ""gamma"": 0.02}"
2026-04-03 10:59:00,BREAKOUT_REVERSAL_LOSING,,-24.559686438883784,4247.999999999956,-0.5781470442298502,False,42.47999999999956,42.23440313561073,24500.0,CE,ITM,2,50,24557.471740125562,"{""delta"": 0.5, ""theta"": -0.05, ""vega"": 0.2, ""gamma"": 0.02}"
2026-04-03 11:01:00,STOCHASTIC_OVERSOLD_LOSING,,526.4000000000306,752.0000000000437,70.0,True,7.520000000000437,12.784000000000741,24400.0,PE,ITM,2,50,24450.00636712146,"{""delta"": -0.5, ""theta"": -0.05, ""vega"": 0.2, ""gamma"": 0.02}"
2026-04-03 11:01:00,CCI_EXTREME_LOSING,,526.4000000000306,752.0000000000437,70.0,True,7.520000000000437,12.784000000000741,24400.0,PE,ITM,2,50,24450.00636712146,"{""delta"": -0.5, ""theta"": -0.05, ""vega"": 0.2, ""gamma"": 0.02}"
2026-04-03 11:01:00,DAY_HIGH_LOW_OPTIMIZED,,526.4000000000306,752.0000000000437,70.0,True,7.520000000000437,12.784000000000741,24400.0,PE,ITM,2,50,24450.00636712146,"{""delta"": -0.5, ""theta"": -0.05, ""vega"": 0.2, ""gamma"": 0.02}"
2026-04-03 11:01:00,BREAKOUT_REVERSAL_LOSING,,526.4000000000306,752.0000000000437,70.0,True,7.520000000000437,12.784000000000741,24400.0,PE,ITM,2,50,24450.00636712146,"{""delta"": -0.5, ""theta"": -0.05, ""vega"": 0.2, ""gamma"": 0.02}"
2026-04-03 11:03:00,ATR_BREAKOUT_LOSING,,526.4000000000306,752.0000000000437,70.0,True,7.520000000000437,12.784000000000741,24400.0,CE,OTM,2,50,24148.700197433118,"{""delta"": 0.5, ""theta"": -0.05, ""vega"": 0.2, ""gamma"": 0.02}"
2026-04-03 11:05:00,STOCHASTIC_OVERSOLD_LOSING,,526.4000000000306,752.0000000000437,70.0,True,7.520000000000437,12.784000000000741,24400.0,CE,OTM,2,50,24330.784745043045,"{""delta"": 0.5, ""theta"": -0.05, ""vega"": 0.2, ""gamma"": 0.02}"
2026-04-03 11:05:00,TREND_FOLLOWING_OPTIMIZED,,526.4000000000306,752.0000000000437,70.0,True,7.520000000000437,12.784000000000741,24400.0,CE,OTM,2,50,24330.784745043045,"{""delta"": 0.5, ""theta"": -0.05, ""vega"": 0.2, ""gamma"": 0.02}"
2026-04-03 11:05:00,STRONG_MOMENTUM_LOSING,,526.4000000000306,752.0000000000437,70.0,True,7.520000000000437,12.784000000000741,24400.0,CE,OTM,2,50,24330.784745043045,"{""delta"": 0.5, ""theta"": -0.05, ""vega"": 0.2, ""gamma"": 0.02}"
2026-04-03 11:05:00,DAY_HIGH_LOW_OPTIMIZED,,526.4000000000306,752.0000000000437,70.0,True,7.520000000000437,12.784000000000741,24400.0,CE,OTM,2,50,24330.784745043045,"{""delta"": 0.5, ""theta"": -0.05, ""vega"": 0.2, ""gamma"": 0.02}"
2026-04-03 11:05:00,BOLLINGER_SQUEEZE_LOSING,,-5.658305667318468,752.0000000000437,-0.7524342642710293,False,7.520000000000437,7.4634169433272515,24400.0,CE,OTM,2,50,24330.784745043045,"{""delta"": 0.5, ""theta"": -0.05, ""vega"": 0.2, ""gamma"": 0.02}"
2026-04-03 11:07:00,MULTI_TIMEFRAME_LOSING,,-6.226135891006263,752.0000000000437,-0.8279436025273805,False,7.520000000000437,7.457738641090374,24400.0,CE,OTM,2,50,23398.193537075804,"{""delta"": 0.5, ""theta"": -0.05, ""vega"": 0.2, ""gamma"": 0.02}"
2026-04-03 11:07:00,CCI_EXTREME_LOSING,,-6.558667971808987,752.0000000000437,-0.8721632941234849,False,7.520000000000437,7.454413320282347,24400.0,CE,OTM,2,50,23398.193537075804,"{""delta"": 0.5, ""theta"": -0.05, ""vega"": 0.2, ""gamma"": 0.02}"
2026-04-03 11:07:00,ATR_BREAKOUT_LOSING,,526.4000000000306,752.0000000000437,70.0,True,7.520000000000437,12.784000000000741,24400.0,CE,OTM,2,50,23398.193537075804,"{""delta"": 0.5, ""theta"": -0.05, ""vega"": 0.2, ""gamma"": 0.02}"
2026-04-03 11:07:00,DAY_HIGH_LOW_OPTIMIZED,,-9.83472997708419,752.0000000000437,-1.307809837378141,False,7.520000000000437,7.421652700229595,24400.0,CE,OTM,2,50,23398.193537075804,"{""delta"": 0.5, ""theta"": -0.05, ""vega"": 0.2, ""gamma"": 0.02}"
2026-04-03 11:07:00,BREAKOUT_REVERSAL_LOSING,,526.4000000000306,752.0000000000437,70.0,True,7.520000000000437,12.784000000000741,24400.0,CE,OTM,2,50,23398.193537075804,"{""delta"": 0.5, ""theta"": -0.05, ""vega"": 0.2, ""gamma"": 0.02}"
2026-04-03 11:11:00,HIGH_VOLUME_LOSING,,526.4000000000306,752.0000000000437,70.0,True,7.520000000000437,12.784000000000741,24400.0,PE,OTM,2,50,22922.875370148664,"{""delta"": -0.5, ""theta"": -0.05, ""vega"": 0.2, ""gamma"": 0.02}"
2026-04-03 11:11:00,MOMENTUM_REVERSAL_LOSING,,-10.827012486444746,752.0000000000437,-1.4397622987292709,False,7.520000000000437,7.411729875135989,24400.0,PE,OTM,2,50,22922.875370148664,"{""delta"": -0.5, ""theta"": -0.05, ""vega"": 0.2, ""gamma"": 0.02}"
2026-04-03 11:13:00,HIGH_VOLUME_LOSING,,526.4000000000306,752.0000000000437,70.0,True,7.520000000000437,12.784000000000741,24400.0,CE,OTM,2,50,23547.08528994988,"{""delta"": 0.5, ""theta"": -0.05, ""vega"": 0.2, ""gamma"": 0.02}"
2026-04-03 11:13:00,CCI_EXTREME_LOSING,,526.4000000000306,752.0000000000437,70.0,True,7.520000000000437,12.784000000000741,24400.0,CE,OTM,2,50,23547.08528994988,"{""delta"": 0.5, ""theta"": -0.05, ""vega"": 0.2, ""gamma"": 0.02}"
2026-04-03 11:15:00,HIGH_VOLUME_LOSING,,526.4000000000306,752.0000000000437,70.0,True,7.520000000000437,12.784000000000741,24400.0,PE,OTM,2,50,22940.911214014788,"{""delta"": -0.5, ""theta"": -0.05, ""vega"": 0.2, ""gamma"": 0.02}"
2026-04-03 11:15:00,ATR_BREAKOUT_LOSING,,526.4000000000306,752.0000000000437,70.0,True,7.520000000000437,12.784000000000741,24400.0,PE,OTM,2,50,22940.911214014788,"{""delta"": -0.5, ""theta"": -0.05, ""vega"": 0.2, ""gamma"": 0.02}"
2026-04-03 11:17:00,MULTI_TIMEFRAME_LOSING,,526.4000000000306,752.0000000000437,70.0,True,7.520000000000437,12.784000000000741,24400.0,PE,OTM,2,50,22753.905149549035,"{""delta"": -0.5, ""theta"": -0.05, ""vega"": 0.2, ""gamma"": 0.02}"
2026-04-03 11:17:00,HIGH_VOLUME_LOSING,,526.4000000000306,752.0000000000437,70.0,True,7.520000000000437,12.784000000000741,24400.0,PE,OTM,2,50,22753.905149549035,"{""delta"": -0.5, ""theta"": -0.05, ""vega"": 0.2, ""gamma"": 0.02}"
2026-04-03 11:17:00,MACD_DIVERGENCE_LOSING,,526.4000000000306,752.0000000000437,70.0,True,7.520000000000437,12.784000000000741,24400.0,PE,OTM,2,50,22753.905149549035,"{""delta"": -0.5, ""theta"": -0.05, ""vega"": 0.2, ""gamma"": 0.02}"
2026-04-03 11:17:00,CCI_EXTREME_LOSING,,526.4000000000306,752.0000000000437,70.0,True,7.520000000000437,12.784000000000741,24400.0,PE,OTM,2,50,22753.905149549035,"{""delta"": -0.5, ""theta"": -0.05, ""vega"": 0.2, ""gamma"": 0.02}"
2026-04-03 11:17:00,DAY_HIGH_LOW_OPTIMIZED,,526.4000000000306,752.0000000000437,70.0,True,7.520000000000437,12.784000000000741,24400.0,PE,OTM,2,50,22753.905149549035,"{""delta"": -0.5, ""theta"": -0.05, ""vega"": 0.2, ""gamma"": 0.02}"
2026-04-03 11:19:00,RSI_DIVERGENCE_LOSING,,526.4000000000306,752.0000000000437,70.0,True,7.520000000000437,12.784000000000741,24400.0,PE,ATM,2,50,24359.9656654281,"{""delta"": -0.5, ""theta"": -0.05, ""vega"": 0.2, ""gamma"": 0.02}"
2026-04-03 11:19:00,CCI_EXTREME_LOSING,,526.4000000000306,752.0000000000437,70.0,True,7.520000000000437,12.784000000000741,24400.0,PE,ATM,2,50,24359.9656654281,"{""delta"": -0.5, ""theta"": -0.05, ""vega"": 0.2, ""gamma"": 0.02}"
2026-04-03 11:19:00,ATR_BREAKOUT_LOSING,,526.4000000000306,752.0000000000437,70.0,True,7.520000000000437,12.784000000000741,24400.0,PE,ATM,2,50,24359.9656654281,"{""delta"": -0.5, ""theta"": -0.05, ""vega"": 0.2, ""gamma"": 0.02}"
2026-04-03 11:21:00,ATR_BREAKOUT_LOSING,,526.4000000000306,752.0000000000437,70.0,True,7.520000000000437,12.784000000000741,24400.0,CE,OTM,2,50,23425.270209531387,"{""delta"": 0.5, ""theta"": -0.05, ""vega"": 0.2, ""gamma"": 0.02}"
2026-04-03 11:23:00,CCI_EXTREME_LOSING,,-8.16211415423718,752.0000000000437,-1.0853875205102004,False,7.520000000000437,7.438378858458065,24400.0,CE,OTM,2,50,23998.564825928395,"{""delta"": 0.5, ""theta"": -0.05, ""vega"": 0.2, ""gamma"": 0.02}"
2026-04-03 11:23:00,ATR_BREAKOUT_LOSING,,526.4000000000306,752.0000000000437,70.0,True,7.520000000000437,12.784000000000741,24400.0,CE,OTM,2,50,23998.564825928395,"{""delta"": 0.5, ""theta"": -0.05, ""vega"": 0.2, ""gamma"": 0.02}"
2026-04-03 11:25:00,MULTI_TIMEFRAME_LOSING,,526.4000000000306,752.0000000000437,70.0,True,7.520000000000437,12.784000000000741,24400.0,CE,OTM,2,50,23510.048114911762,"{""delta"": 0.5, ""theta"": -0.05, ""vega"": 0.2, ""gamma"": 0.02}"
2026-04-03 11:25:00,AI_ENHANCED_LOSING,,526.4000000000306,752.0000000000437,70.0,True,7.520000000000437,12.784000000000741,24400.0,CE,OTM,2,50,23510.048114911762,"{""delta"": 0.5, ""theta"": -0.05, ""vega"": 0.2, ""gamma"": 0.02}"
2026-04-03 11:25:00,TREND_FOLLOWING_OPTIMIZED,,526.4000000000306,752.0000000000437,70.0,True,7.520000000000437,12.784000000000741,24400.0,CE,OTM,2,50,23510.048114911762,"{""delta"": 0.5, ""theta"": -0.05, ""vega"": 0.2, ""gamma"": 0.02}"
2026-04-03 11:25:00,STRONG_MOMENTUM_LOSING,,-4.100953476339716,752.0000000000437,-0.5453395580238667,False,7.520000000000437,7.478990465237039,24400.0,CE,OTM,2,50,23510.048114911762,"{""delta"": 0.5, ""theta"": -0.05, ""vega"": 0.2, ""gamma"": 0.02}"
2026-04-03 11:27:00,AI_ENHANCED_LOSING,,526.4000000000306,752.0000000000437,70.0,True,7.520000000000437,12.784000000000741,24400.0,PE,OTM,2,50,23037.218405599782,"{""delta"": -0.5, ""theta"": -0.05, ""vega"": 0.2, ""gamma"": 0.02}"
2026-04-03 11:27:00,STOCHASTIC_OVERSOLD_LOSING,,526.4000000000306,752.0000000000437,70.0,True,7.520000000000437,12.784000000000741,24400.0,PE,OTM,2,50,23037.218405599782,"{""delta"": -0.5, ""theta"": -0.05, ""vega"": 0.2, ""gamma"": 0.02}"
2026-04-03 11:27:00,STRONG_MOMENTUM_LOSING,,526.4000000000306,752.0000000000437,70.0,True,7.520000000000437,12.784000000000741,24400.0,PE,OTM,2,50,23037.218405599782,"{""delta"": -0.5, ""theta"": -0.05, ""vega"": 0.2, ""gamma"": 0.02}"
2026-04-03 11:27:00,ATR_BREAKOUT_LOSING,,-9.20734889991293,752.0000000000437,-1.224381502647925,False,7.520000000000437,7.427926511001307,24400.0,PE,OTM,2,50,23037.218405599782,"{""delta"": -0.5, ""theta"": -0.05, ""vega"": 0.2, ""gamma"": 0.02}"
2026-04-03 11:27:00,BOLLINGER_SQUEEZE_LOSING,,-8.848107554280837,752.0000000000437,-1.176610047111745,False,7.520000000000437,7.431518924457628,24400.0,PE,OTM,2,50,23037.218405599782,"{""delta"": -0.5, ""theta"": -0.05, ""vega"": 0.2, ""gamma"": 0.02}"
2026-04-03 11:27:00,BREAKOUT_REVERSAL_LOSING,,526.4000000000306,752.0000000000437,70.0,True,7.520000000000437,12.784000000000741,24400.0,PE,OTM,2,50,23037.218405599782,"{""delta"": -0.5, ""theta"": -0.05, ""vega"": 0.2, ""gamma"": 0.02}"
2026-04-03 11:29:00,ATR_BREAKOUT_LOSING,,526.4000000000306,752.0000000000437,70.0,True,7.520000000000437,12.784000000000741,24400.0,PE,OTM,2,50,23020.027670370047,"{""delta"": -0.5, ""theta"": -0.05, ""vega"": 0.2, ""gamma"": 0.02}"
2026-04-03 11:29:00,MOMENTUM_REVERSAL_LOSING,,526.4000000000306,752.0000000000437,70.0,True,7.520000000000437,12.784000000000741,24400.0,PE,OTM,2,50,23020.027670370047,"{""delta"": -0.5, ""theta"": -0.05, ""vega"": 0.2, ""gamma"": 0.02}"
2026-04-03 11:29:00,BREAKOUT_REVERSAL_LOSING,,526.4000000000306,752.0000000000437,70.0,True,7.520000000000437,12.784000000000741,24400.0,PE,OTM,2,50,23020.027670370047,"{""delta"": -0.5, ""theta"": -0.05, ""vega"": 0.2, ""gamma"": 0.02}"
2026-04-03 11:31:00,MULTI_TIMEFRAME_LOSING,,526.4000000000306,752.0000000000437,70.0,True,7.520000000000437,12.784000000000741,24400.0,CE,ITM,2,50,24730.782580528114,"{""delta"": 0.5, ""theta"": -0.05, ""vega"": 0.2, ""gamma"": 0.02}"
2026-04-03 11:31:00,MACD_DIVERGENCE_LOSING,,-4.968464438880407,752.0000000000437,-0.6607000583617179,False,7.520000000000437,7.470315355611633,24400.0,CE,ITM,2,50,24730.782580528114,"{""delta"": 0.5, ""theta"": -0.05, ""vega"": 0.2, ""gamma"": 0.02}"
2026-04-03 11:31:00,CCI_EXTREME_LOSING,,526.4000000000306,752.0000000000437,70.0,True,7.520000000000437,12.784000000000741,24400.0,CE,ITM,2,50,24730.782580528114,"{""delta"": 0.5, ""theta"": -0.05, ""vega"": 0.2, ""gamma"": 0.02}"
2026-04-03 11:31:00,BOLLINGER_SQUEEZE_LOSING,,-9.497132755289835,752.0000000000437,-1.2629165897991068,False,7.520000000000437,7.425028672447538,24400.0,CE,ITM,2,50,24730.782580528114,"{""delta"": 0.5, ""theta"": -0.05, ""vega"": 0.2, ""gamma"": 0.02}"
2026-04-03 11:35:00,TREND_FOLLOWING_OPTIMIZED,,526.4000000000306,752.0000000000437,70.0,True,7.520000000000437,12.784000000000741,24400.0,CE,OTM,2,50,23028.403169304936,"{""delta"": 0.5, ""theta"": -0.05, ""vega"": 0.2, ""gamma"": 0.02}"
2026-04-03 11:35:00,CCI_EXTREME_LOSING,,526.4000000000306,752.0000000000437,70.0,True,7.520000000000437,12.784000000000741,24400.0,CE,OTM,2,50,23028.403169304936,"{""delta"": 0.5, ""theta"": -0.05, ""vega"": 0.2, ""gamma"": 0.02}"
2026-04-03 11:37:00,AI_ENHANCED_LOSING,,-9.227540938641612,752.0000000000437,-1.2270666141809943,False,7.520000000000437,7.42772459061402,24400.0,PE,OTM,2,50,22829.692257791732,"{""delta"": -0.5, ""theta"": -0.05, ""vega"": 0.2, ""gamma"": 0.02}"
2026-04-03 11:37:00,STOCHASTIC_OVERSOLD_LOSING,,-7.346412400707536,752.0000000000437,-0.976916542647222,False,7.520000000000437,7.446535875993361,24400.0,PE,OTM,2,50,22829.692257791732,"{""delta"": -0.5, ""theta"": -0.05, ""vega"": 0.2, ""gamma"": 0.02}"
2026-04-03 11:37:00,TREND_FOLLOWING_OPTIMIZED,,-5.38620943085738,752.0000000000437,-0.7162512541033333,False,7.520000000000437,7.4661379056918635,24400.0,PE,OTM,2,50,22829.692257791732,"{""delta"": -0.5, ""theta"": -0.05, ""vega"": 0.2, ""gamma"": 0.02}"
2026-04-03 11:37:00,VOLUME_SPIKE_LOSING,,526.4000000000306,752.0000000000437,70.0,True,7.520000000000437,12.784000000000741,24400.0,PE,OTM,2,50,22829.692257791732,"{""delta"": -0.5, ""theta"": -0.05, ""vega"": 0.2, ""gamma"": 0.02}"
2026-04-03 11:37:00,CCI_EXTREME_LOSING,,-5.251563836418964,752.0000000000437,-0.6983462548429068,False,7.520000000000437,7.467484361636247,24400.0,PE,OTM,2,50,22829.692257791732,"{""delta"": -0.5, ""theta"": -0.05, ""vega"": 0.2, ""gamma"": 0.02}"
2026-04-03 11:37:00,ATR_BREAKOUT_LOSING,,-8.627574318136679,752.0000000000437,-1.1472838189010877,False,7.520000000000437,7.43372425681907,24400.0,PE,OTM,2,50,22829.692257791732,"{""delta"": -0.5, ""theta"": -0.05, ""vega"": 0.2, ""gamma"": 0.02}"
2026-04-03 11:45:00,MULTI_TIMEFRAME_LOSING,,526.4000000000306,752.0000000000437,70.0,True,7.520000000000437,12.784000000000741,24400.0,CE,OTM,2,50,23672.068678527146,"{""delta"": 0.5, ""theta"": -0.05, ""vega"": 0.2, ""gamma"": 0.02}"
2026-04-03 11:45:00,TREND_FOLLOWING_OPTIMIZED,,526.4000000000306,752.0000000000437,70.0,True,7.520000000000437,12.784000000000741,24400.0,CE,OTM,2,50,23672.068678527146,"{""delta"": 0.5, ""theta"": -0.05, ""vega"": 0.2, ""gamma"": 0.02}"
2026-04-03 11:45:00,VOLUME_SPIKE_LOSING,,526.4000000000306,752.0000000000437,70.0,True,7.520000000000437,12.784000000000741,24400.0,CE,OTM,2,50,23672.068678527146,"{""delta"": 0.5, ""theta"": -0.05, ""vega"": 0.2, ""gamma"": 0.02}"
2026-04-03 11:45:00,CCI_EXTREME_LOSING,,526.4000000000306,752.0000000000437,70.0,True,7.520000000000437,12.784000000000741,24400.0,CE,OTM,2,50,23672.068678527146,"{""delta"": 0.5, ""theta"": -0.05, ""vega"": 0.2, ""gamma"": 0.02}"
2026-04-03 11:45:00,BOLLINGER_SQUEEZE_LOSING,,526.4000000000306,752.0000000000437,70.0,True,7.520000000000437,12.784000000000741,24400.0,CE,OTM,2,50,23672.068678527146,"{""delta"": 0.5, ""theta"": -0.05, ""vega"": 0.2, ""gamma"": 0.02}"
2026-04-03 11:47:00,STOCHASTIC_OVERSOLD_LOSING,,-10.696093928365013,752.0000000000437,-1.4223529160059032,False,7.520000000000437,7.413039060716787,24400.0,CE,OTM,2,50,22954.826016281917,"{""delta"": 0.5, ""theta"": -0.05, ""vega"": 0.2, ""gamma"": 0.02}"
2026-04-03 11:47:00,ATR_BREAKOUT_LOSING,,-4.564043144279446,752.0000000000437,-0.6069206308881889,False,7.520000000000437,7.4743595685576425,24400.0,CE,OTM,2,50,22954.826016281917,"{""delta"": 0.5, ""theta"": -0.05, ""vega"": 0.2, ""gamma"": 0.02}"
2026-04-03 11:51:00,VOLUME_SPIKE_LOSING,,-7.665091016176761,752.0000000000437,-1.0192940181085526,False,7.520000000000437,7.443349089838669,24400.0,CE,OTM,2,50,23837.122828964028,"{""delta"": 0.5, ""theta"": -0.05, ""vega"": 0.2, ""gamma"": 0.02}"
2026-04-03 11:51:00,STRONG_MOMENTUM_LOSING,,-6.016683653833382,752.0000000000437,-0.800090911413967,False,7.520000000000437,7.459833163462103,24400.0,CE,OTM,2,50,23837.122828964028,"{""delta"": 0.5, ""theta"": -0.05, ""vega"": 0.2, ""gamma"": 0.02}"
2026-04-03 11:51:00,MACD_DIVERGENCE_LOSING,,526.4000000000306,752.0000000000437,70.0,True,7.520000000000437,12.784000000000741,24400.0,CE,OTM,2,50,23837.122828964028,"{""delta"": 0.5, ""theta"": -0.05, ""vega"": 0.2, ""gamma"": 0.02}"
2026-04-03 11:51:00,DAY_HIGH_LOW_OPTIMIZED,,526.4000000000306,752.0000000000437,70.0,True,7.520000000000437,12.784000000000741,24400.0,CE,OTM,2,50,23837.122828964028,"{""delta"": 0.5, ""theta"": -0.05, ""vega"": 0.2, ""gamma"": 0.02}"
2026-04-03 11:51:00,BREAKOUT_REVERSAL_LOSING,,526.4000000000306,752.0000000000437,70.0,True,7.520000000000437,12.784000000000741,24400.0,CE,OTM,2,50,23837.122828964028,"{""delta"": 0.5, ""theta"": -0.05, ""vega"": 0.2, ""gamma"": 0.02}"
2026-04-03 11:53:00,TREND_FOLLOWING_OPTIMIZED,,526.4000000000306,752.0000000000437,70.0,True,7.520000000000437,12.784000000000741,24400.0,CE,OTM,2,50,23063.02625745415,"{""delta"": 0.5, ""theta"": -0.05, ""vega"": 0.2, ""gamma"": 0.02}"
2026-04-03 11:53:00,VOLUME_SPIKE_LOSING,,526.4000000000306,752.0000000000437,70.0,True,7.520000000000437,12.784000000000741,24400.0,CE,OTM,2,50,23063.02625745415,"{""delta"": 0.5, ""theta"": -0.05, ""vega"": 0.2, ""gamma"": 0.02}"
2026-04-03 11:53:00,HIGH_VOLUME_LOSING,,526.4000000000306,752.0000000000437,70.0,True,7.520000000000437,12.784000000000741,24400.0,CE,OTM,2,50,23063.02625745415,"{""delta"": 0.5, ""theta"": -0.05, ""vega"": 0.2, ""gamma"": 0.02}"
2026-04-03 11:55:00,AI_ENHANCED_LOSING,,-5.425718481842322,752.0000000000437,-0.7215051172662243,False,7.520000000000437,7.465742815182014,24400.0,CE,OTM,2,50,24167.009562833933,"{""delta"": 0.5, ""theta"": -0.05, ""vega"": 0.2, ""gamma"": 0.02}"
2026-04-03 11:55:00,TREND_FOLLOWING_OPTIMIZED,,-4.060958690602532,752.0000000000437,-0.5400211024737096,False,7.520000000000437,7.4793904130944115,24400.0,CE,OTM,2,50,24167.009562833933,"{""delta"": 0.5, ""theta"": -0.05, ""vega"": 0.2, ""gamma"": 0.02}"
2026-04-03 11:55:00,STRONG_MOMENTUM_LOSING,,526.4000000000306,752.0000000000437,70.0,True,7.520000000000437,12.784000000000741,24400.0,CE,OTM,2,50,24167.009562833933,"{""delta"": 0.5, ""theta"": -0.05, ""vega"": 0.2, ""gamma"": 0.02}"
2026-04-03 11:55:00,ATR_BREAKOUT_LOSING,,-8.567206252423249,752.0000000000437,-1.1392561505881318,False,7.520000000000437,7.434327937476204,24400.0,CE,OTM,2,50,24167.009562833933,"{""delta"": 0.5, ""theta"": -0.05, ""vega"": 0.2, ""gamma"": 0.02}"
2026-04-03 11:55:00,MOMENTUM_REVERSAL_LOSING,,526.4000000000306,752.0000000000437,70.0,True,7.520000000000437,12.784000000000741,24400.0,CE,OTM,2,50,24167.009562833933,"{""delta"": 0.5, ""theta"": -0.05, ""vega"": 0.2, ""gamma"": 0.02}"
2026-04-03 11:55:00,BREAKOUT_REVERSAL_LOSING,,526.4000000000306,752.0000000000437,70.0,True,7.520000000000437,12.784000000000741,24400.0,CE,OTM,2,50,24167.009562833933,"{""delta"": 0.5, ""theta"": -0.05, ""vega"": 0.2, ""gamma"": 0.02}"
2026-04-03 11:57:00,RSI_DIVERGENCE_LOSING,,526.4000000000306,752.0000000000437,70.0,True,7.520000000000437,12.784000000000741,24400.0,PE,OTM,2,50,22753.461545677466,"{""delta"": -0.5, ""theta"": -0.05, ""vega"": 0.2, ""gamma"": 0.02}"
2026-04-03 11:59:00,RSI_DIVERGENCE_LOSING,,526.4000000000306,752.0000000000437,70.0,True,7.520000000000437,12.784000000000741,24400.0,PE,OTM,2,50,23963.8911543686,"{""delta"": -0.5, ""theta"": -0.05, ""vega"": 0.2, ""gamma"": 0.02}"
2026-04-03 12:01:00,TREND_FOLLOWING_OPTIMIZED,,526.4000000000306,752.0000000000437,70.0,True,7.520000000000437,12.784000000000741,24400.0,CE,ITM,2,50,24941.295284814627,"{""delta"": 0.5, ""theta"": -0.05, ""vega"": 0.2, ""gamma"": 0.02}"
2026-04-03 12:01:00,STRONG_MOMENTUM_LOSING,,526.4000000000306,752.0000000000437,70.0,True,7.520000000000437,12.784000000000741,24400.0,CE,ITM,2,50,24941.295284814627,"{""delta"": 0.5, ""theta"": -0.05, ""vega"": 0.2, ""gamma"": 0.02}"
2026-04-03 12:03:00,STOCHASTIC_OVERSOLD_LOSING,,526.4000000000306,752.0000000000437,70.0,True,7.520000000000437,12.784000000000741,24400.0,CE,OTM,2,50,23625.16482573851,"{""delta"": 0.5, ""theta"": -0.05, ""vega"": 0.2, ""gamma"": 0.02}"
2026-04-03 12:03:00,TREND_FOLLOWING_OPTIMIZED,,526.4000000000306,752.0000000000437,70.0,True,7.520000000000437,12.784000000000741,24400.0,CE,OTM,2,50,23625.16482573851,"{""delta"": 0.5, ""theta"": -0.05, ""vega"": 0.2, ""gamma"": 0.02}"
2026-04-03 12:03:00,ATR_BREAKOUT_LOSING,,526.4000000000306,752.0000000000437,70.0,True,7.520000000000437,12.784000000000741,24400.0,CE,OTM,2,50,23625.16482573851,"{""delta"": 0.5, ""theta"": -0.05, ""vega"": 0.2, ""gamma"": 0.02}"
2026-04-03 12:05:00,AI_ENHANCED_LOSING,,526.4000000000306,752.0000000000437,70.0,True,7.520000000000437,12.784000000000741,24400.0,PE,OTM,2,50,23737.058532329294,"{""delta"": -0.5, ""theta"": -0.05, ""vega"": 0.2, ""gamma"": 0.02}"
2026-04-03 12:05:00,TREND_FOLLOWING_OPTIMIZED,,526.4000000000306,752.0000000000437,70.0,True,7.520000000000437,12.784000000000741,24400.0,PE,OTM,2,50,23737.058532329294,"{""delta"": -0.5, ""theta"": -0.05, ""vega"": 0.2, ""gamma"": 0.02}"
2026-04-03 12:09:00,MULTI_TIMEFRAME_LOSING,,526.4000000000306,752.0000000000437,70.0,True,7.520000000000437,12.784000000000741,24400.0,CE,ATM,2,50,24424.338025868514,"{""delta"": 0.5, ""theta"": -0.05, ""vega"": 0.2, ""gamma"": 0.02}"
2026-04-03 12:09:00,AI_ENHANCED_LOSING,,526.4000000000306,752.0000000000437,70.0,True,7.520000000000437,12.784000000000741,24400.0,CE,ATM,2,50,24424.338025868514,"{""delta"": 0.5, ""theta"": -0.05, ""vega"": 0.2, ""gamma"": 0.02}"
2026-04-03 12:09:00,TREND_FOLLOWING_OPTIMIZED,,-7.965375379792601,752.0000000000437,-1.059225449440444,False,7.520000000000437,7.44034624620251,24400.0,CE,ATM,2,50,24424.338025868514,"{""delta"": 0.5, ""theta"": -0.05, ""vega"": 0.2, ""gamma"": 0.02}"
2026-04-03 12:09:00,STRONG_MOMENTUM_LOSING,,526.4000000000306,752.0000000000437,70.0,True,7.520000000000437,12.784000000000741,24400.0,CE,ATM,2,50,24424.338025868514,"{""delta"": 0.5, ""theta"": -0.05, ""vega"": 0.2, ""gamma"": 0.02}"
2026-04-03 12:09:00,ATR_BREAKOUT_LOSING,,526.4000000000306,752.0000000000437,70.0,True,7.520000000000437,12.784000000000741,24400.0,CE,ATM,2,50,24424.338025868514,"{""delta"": 0.5, ""theta"": -0.05, ""vega"": 0.2, ""gamma"": 0.02}"
2026-04-03 12:09:00,DAY_HIGH_LOW_OPTIMIZED,,526.4000000000306,752.0000000000437,70.0,True,7.520000000000437,12.784000000000741,24400.0,CE,ATM,2,50,24424.338025868514,"{""delta"": 0.5, ""theta"": -0.05, ""vega"": 0.2, ""gamma"": 0.02}"
2026-04-03 12:09:00,BOLLINGER_SQUEEZE_LOSING,,526.4000000000306,752.0000000000437,70.0,True,7.520000000000437,12.784000000000741,24400.0,CE,ATM,2,50,24424.338025868514,"{""delta"": 0.5, ""theta"": -0.05, ""vega"": 0.2, ""gamma"": 0.02}"
2026-04-03 12:09:00,BREAKOUT_REVERSAL_LOSING,,526.4000000000306,752.0000000000437,70.0,True,7.520000000000437,12.784000000000741,24400.0,CE,ATM,2,50,24424.338025868514,"{""delta"": 0.5, ""theta"": -0.05, ""vega"": 0.2, ""gamma"": 0.02}"
2026-04-03 12:11:00,TREND_FOLLOWING_OPTIMIZED,,-6.1687364599777395,752.0000000000437,-0.8203106994650773,False,7.520000000000437,7.4583126354006595,24400.0,CE,OTM,2,50,23881.008250154973,"{""delta"": 0.5, ""theta"": -0.05, ""vega"": 0.2, ""gamma"": 0.02}"
2026-04-03 12:13:00,RSI_DIVERGENCE_LOSING,,526.4000000000306,752.0000000000437,70.0,True,7.520000000000437,12.784000000000741,24400.0,CE,OTM,2,50,23349.876115955285,"{""delta"": 0.5, ""theta"": -0.05, ""vega"": 0.2, ""gamma"": 0.02}"
2026-04-03 12:13:00,VOLUME_SPIKE_LOSING,,526.4000000000306,752.0000000000437,70.0,True,7.520000000000437,12.784000000000741,24400.0,CE,OTM,2,50,23349.876115955285,"{""delta"": 0.5, ""theta"": -0.05, ""vega"": 0.2, ""gamma"": 0.02}"
2026-04-03 12:15:00,CCI_EXTREME_LOSING,,526.4000000000306,752.0000000000437,70.0,True,7.520000000000437,12.784000000000741,24400.0,CE,OTM,2,50,22975.894313885306,"{""delta"": 0.5, ""theta"": -0.05, ""vega"": 0.2, ""gamma"": 0.02}"
2026-04-03 12:15:00,ATR_BREAKOUT_LOSING,,526.4000000000306,752.0000000000437,70.0,True,7.520000000000437,12.784000000000741,24400.0,CE,OTM,2,50,22975.894313885306,"{""delta"": 0.5, ""theta"": -0.05, ""vega"": 0.2, ""gamma"": 0.02}"
2026-04-03 12:17:00,RSI_DIVERGENCE_LOSING,,526.4000000000306,752.0000000000437,70.0,True,7.520000000000437,12.784000000000741,24400.0,PE,OTM,2,50,23281.08487645343,"{""delta"": -0.5, ""theta"": -0.05, ""vega"": 0.2, ""gamma"": 0.02}"
2026-04-03 12:17:00,STOCHASTIC_OVERSOLD_LOSING,,-9.342264790813006,752.0000000000437,-1.2423224455867639,False,7.520000000000437,7.426577352092306,24400.0,PE,OTM,2,50,23281.08487645343,"{""delta"": -0.5, ""theta"": -0.05, ""vega"": 0.2, ""gamma"": 0.02}"
2026-04-03 12:17:00,STRONG_MOMENTUM_LOSING,,526.4000000000306,752.0000000000437,70.0,True,7.520000000000437,12.784000000000741,24400.0,PE,OTM,2,50,23281.08487645343,"{""delta"": -0.5, ""theta"": -0.05, ""vega"": 0.2, ""gamma"": 0.02}"
2026-04-03 12:17:00,MACD_DIVERGENCE_LOSING,,-6.2922518124360876,752.0000000000437,-0.8367356133558141,False,7.520000000000437,7.457077481876076,24400.0,PE,OTM,2,50,23281.08487645343,"{""delta"": -0.5, ""theta"": -0.05, ""vega"": 0.2, ""gamma"": 0.02}"
2026-04-03 12:17:00,BOLLINGER_SQUEEZE_LOSING,,526.4000000000306,752.0000000000437,70.0,True,7.520000000000437,12.784000000000741,24400.0,PE,OTM,2,50,23281.08487645343,"{""delta"": -0.5, ""theta"": -0.05, ""vega"": 0.2, ""gamma"": 0.02}"
2026-04-03 12:17:00,BREAKOUT_REVERSAL_LOSING,,526.4000000000306,752.0000000000437,70.0,True,7.520000000000437,12.784000000000741,24400.0,PE,OTM,2,50,23281.08487645343,"{""delta"": -0.5, ""theta"": -0.05, ""vega"": 0.2, ""gamma"": 0.02}"
2026-04-03 12:19:00,AI_ENHANCED_LOSING,,526.4000000000306,752.0000000000437,70.0,True,7.520000000000437,12.784000000000741,24400.0,PE,OTM,2,50,22736.36843982625,"{""delta"": -0.5, ""theta"": -0.05, ""vega"": 0.2, ""gamma"": 0.02}"
2026-04-03 12:19:00,TREND_FOLLOWING_OPTIMIZED,,526.4000000000306,752.0000000000437,70.0,True,7.520000000000437,12.784000000000741,24400.0,PE,OTM,2,50,22736.36843982625,"{""delta"": -0.5, ""theta"": -0.05, ""vega"": 0.2, ""gamma"": 0.02}"
2026-04-03 12:19:00,CCI_EXTREME_LOSING,,526.4000000000306,752.0000000000437,70.0,True,7.520000000000437,12.784000000000741,24400.0,PE,OTM,2,50,22736.36843982625,"{""delta"": -0.5, ""theta"": -0.05, ""vega"": 0.2, ""gamma"": 0.02}"
2026-04-03 12:19:00,DAY_HIGH_LOW_OPTIMIZED,,526.4000000000306,752.0000000000437,70.0,True,7.520000000000437,12.784000000000741,24400.0,PE,OTM,2,50,22736.36843982625,"{""delta"": -0.5, ""theta"": -0.05, ""vega"": 0.2, ""gamma"": 0.02}"
2026-04-03 12:19:00,BREAKOUT_REVERSAL_LOSING,,526.4000000000306,752.0000000000437,70.0,True,7.520000000000437,12.784000000000741,24400.0,PE,OTM,2,50,22736.36843982625,"{""delta"": -0.5, ""theta"": -0.05, ""vega"": 0.2, ""gamma"": 0.02}"
2026-04-03 12:21:00,RSI_DIVERGENCE_LOSING,,-9.626558705319187,752.0000000000437,-1.280127487409392,False,7.520000000000437,7.423734412947245,24400.0,PE,OTM,2,50,22958.225561450894,"{""delta"": -0.5, ""theta"": -0.05, ""vega"": 0.2, ""gamma"": 0.02}"
2026-04-03 12:21:00,STRONG_MOMENTUM_LOSING,,526.4000000000306,752.0000000000437,70.0,True,7.520000000000437,12.784000000000741,24400.0,PE,OTM,2,50,22958.225561450894,"{""delta"": -0.5, ""theta"": -0.05, ""vega"": 0.2, ""gamma"": 0.02}"
2026-04-03 12:21:00,MOMENTUM_REVERSAL_LOSING,,-10.983239644289926,752.0000000000437,-1.460537186740597,False,7.520000000000437,7.410167603557538,24400.0,PE,OTM,2,50,22958.225561450894,"{""delta"": -0.5, ""theta"": -0.05, ""vega"": 0.2, ""gamma"": 0.02}"
2026-04-03 12:21:00,BOLLINGER_SQUEEZE_LOSING,,526.4000000000306,752.0000000000437,70.0,True,7.520000000000437,12.784000000000741,24400.0,PE,OTM,2,50,22958.225561450894,"{""delta"": -0.5, ""theta"": -0.05, ""vega"": 0.2, ""gamma"": 0.02}"
2026-04-03 12:23:00,MULTI_TIMEFRAME_LOSING,,526.4000000000306,752.0000000000437,70.0,True,7.520000000000437,12.784000000000741,24400.0,CE,OTM,2,50,23800.363451077825,"{""delta"": 0.5, ""theta"": -0.05, ""vega"": 0.2, ""gamma"": 0.02}"
2026-04-03 12:23:00,RSI_DIVERGENCE_LOSING,,526.4000000000306,752.0000000000437,70.0,True,7.520000000000437,12.784000000000741,24400.0,CE,OTM,2,50,23800.363451077825,"{""delta"": 0.5, ""theta"": -0.05, ""vega"": 0.2, ""gamma"": 0.02}"
2026-04-03 12:23:00,STOCHASTIC_OVERSOLD_LOSING,,-8.008430714568652,752.0000000000437,-1.0649508928947056,False,7.520000000000437,7.4399156928547505,24400.0,CE,OTM,2,50,23800.363451077825,"{""delta"": 0.5, ""theta"": -0.05, ""vega"": 0.2, ""gamma"": 0.02}"
2026-04-03 12:23:00,HIGH_VOLUME_LOSING,,526.4000000000306,752.0000000000437,70.0,True,7.520000000000437,12.784000000000741,24400.0,CE,OTM,2,50,23800.363451077825,"{""delta"": 0.5, ""theta"": -0.05, ""vega"": 0.2, ""gamma"": 0.02}"
2026-04-03 12:23:00,MOMENTUM_REVERSAL_LOSING,,526.4000000000306,752.0000000000437,70.0,True,7.520000000000437,12.784000000000741,24400.0,CE,OTM,2,50,23800.363451077825,"{""delta"": 0.5, ""theta"": -0.05, ""vega"": 0.2, ""gamma"": 0.02}"
2026-04-03 12:23:00,BOLLINGER_SQUEEZE_LOSING,,-10.994999900559488,752.0000000000437,-1.46210105060623,False,7.520000000000437,7.410050000994842,24400.0,CE,OTM,2,50,23800.363451077825,"{""delta"": 0.5, ""theta"": -0.05, ""vega"": 0.2, ""gamma"": 0.02}"
2026-04-03 12:25:00,AI_ENHANCED_LOSING,,-6.989269908897779,752.0000000000437,-0.9294241900129486,False,7.520000000000437,7.4501073009114585,24400.0,CE,OTM,2,50,23243.353060125697,"{""delta"": 0.5, ""theta"": -0.05, ""vega"": 0.2, ""gamma"": 0.02}"
2026-04-03 12:25:00,RSI_DIVERGENCE_LOSING,,526.4000000000306,752.0000000000437,70.0,True,7.520000000000437,12.784000000000741,24400.0,CE,OTM,2,50,23243.353060125697,"{""delta"": 0.5, ""theta"": -0.05, ""vega"": 0.2, ""gamma"": 0.02}"
2026-04-03 12:25:00,CCI_EXTREME_LOSING,,-5.621959283745816,752.0000000000437,-0.7476009685831768,False,7.520000000000437,7.463780407162979,24400.0,CE,OTM,2,50,23243.353060125697,"{""delta"": 0.5, ""theta"": -0.05, ""vega"": 0.2, ""gamma"": 0.02}"
2026-04-03 12:27:00,ATR_BREAKOUT_LOSING,,-10.302970125981721,752.0000000000437,-1.3700758146251495,False,7.520000000000437,7.416970298740619,24400.0,CE,OTM,2,50,23732.351926302385,"{""delta"": 0.5, ""theta"": -0.05, ""vega"": 0.2, ""gamma"": 0.02}"
2026-04-03 12:29:00,STRONG_MOMENTUM_LOSING,,526.4000000000306,752.0000000000437,70.0,True,7.520000000000437,12.784000000000741,24400.0,PE,OTM,2,50,23304.236012042806,"{""delta"": -0.5, ""theta"": -0.05, ""vega"": 0.2, ""gamma"": 0.02}"
2026-04-03 12:29:00,WILLIAMS_REVERSAL_LOSING,,526.4000000000306,752.0000000000437,70.0,True,7.520000000000437,12.784000000000741,24400.0,PE,OTM,2,50,23304.236012042806,"{""delta"": -0.5, ""theta"": -0.05, ""vega"": 0.2, ""gamma"": 0.02}"
2026-04-03 12:29:00,ATR_BREAKOUT_LOSING,,-5.687257963873649,752.0000000000437,-0.7562843037065584,False,7.520000000000437,7.4631274203617,24400.0,PE,OTM,2,50,23304.236012042806,"{""delta"": -0.5, ""theta"": -0.05, ""vega"": 0.2, ""gamma"": 0.02}"
2026-04-03 12:29:00,BREAKOUT_REVERSAL_LOSING,,-8.338737462478253,752.0000000000437,-1.108874662563533,False,7.520000000000437,7.436612625375655,24400.0,PE,OTM,2,50,23304.236012042806,"{""delta"": -0.5, ""theta"": -0.05, ""vega"": 0.2, ""gamma"": 0.02}"
2026-04-03 12:31:00,AI_ENHANCED_LOSING,,526.4000000000306,752.0000000000437,70.0,True,7.520000000000437,12.784000000000741,24400.0,CE,OTM,2,50,23319.84266644465,"{""delta"": 0.5, ""theta"": -0.05, ""vega"": 0.2, ""gamma"": 0.02}"
2026-04-03 12:31:00,STOCHASTIC_OVERSOLD_LOSING,,-7.583997311954183,752.0000000000437,-1.0085102808449125,False,7.520000000000437,7.444160026880895,24400.0,CE,OTM,2,50,23319.84266644465,"{""delta"": 0.5, ""theta"": -0.05, ""vega"": 0.2, ""gamma"": 0.02}"
2026-04-03 12:31:00,STRONG_MOMENTUM_LOSING,,526.4000000000306,752.0000000000437,70.0,True,7.520000000000437,12.784000000000741,24400.0,CE,OTM,2,50,23319.84266644465,"{""delta"": 0.5, ""theta"": -0.05, ""vega"": 0.2, ""gamma"": 0.02}"
2026-04-03 12:31:00,MACD_DIVERGENCE_LOSING,,526.4000000000306,752.0000000000437,70.0,True,7.520000000000437,12.784000000000741,24400.0,CE,OTM,2,50,23319.84266644465,"{""delta"": 0.5, ""theta"": -0.05, ""vega"": 0.2, ""gamma"": 0.02}"
2026-04-03 12:31:00,MOMENTUM_REVERSAL_LOSING,,526.4000000000306,752.0000000000437,70.0,True,7.520000000000437,12.784000000000741,24400.0,CE,OTM,2,50,23319.84266644465,"{""delta"": 0.5, ""theta"": -0.05, ""vega"": 0.2, ""gamma"": 0.02}"
2026-04-03 12:31:00,DAY_HIGH_LOW_OPTIMIZED,,-5.180250881410509,752.0000000000437,-0.688863149123698,False,7.520000000000437,7.468197491186332,24400.0,CE,OTM,2,50,23319.84266644465,"{""delta"": 0.5, ""theta"": -0.05, ""vega"": 0.2, ""gamma"": 0.02}"
2026-04-03 12:31:00,BOLLINGER_SQUEEZE_LOSING,,-9.808485908619389,752.0000000000437,-1.3043199346567578,False,7.520000000000437,7.421915140914242,24400.0,CE,OTM,2,50,23319.84266644465,"{""delta"": 0.5, ""theta"": -0.05, ""vega"": 0.2, ""gamma"": 0.02}"
2026-04-03 12:33:00,STOCHASTIC_OVERSOLD_LOSING,,526.4000000000306,752.0000000000437,70.0,True,7.520000000000437,12.784000000000741,24400.0,CE,OTM,2,50,23590.076138473745,"{""delta"": 0.5, ""theta"": -0.05, ""vega"": 0.2, ""gamma"": 0.02}"
2026-04-03 12:33:00,WILLIAMS_REVERSAL_LOSING,,526.4000000000306,752.0000000000437,70.0,True,7.520000000000437,12.784000000000741,24400.0,CE,OTM,2,50,23590.076138473745,"{""delta"": 0.5, ""theta"": -0.05, ""vega"": 0.2, ""gamma"": 0.02}"
2026-04-03 12:33:00,CCI_EXTREME_LOSING,,526.4000000000306,752.0000000000437,70.0,True,7.520000000000437,12.784000000000741,24400.0,CE,OTM,2,50,23590.076138473745,"{""delta"": 0.5, ""theta"": -0.05, ""vega"": 0.2, ""gamma"": 0.02}"
2026-04-03 12:33:00,DAY_HIGH_LOW_OPTIMIZED,,526.4000000000306,752.0000000000437,70.0,True,7.520000000000437,12.784000000000741,24400.0,CE,OTM,2,50,23590.076138473745,"{""delta"": 0.5, ""theta"": -0.05, ""vega"": 0.2, ""gamma"": 0.02}"
2026-04-03 12:33:00,BOLLINGER_SQUEEZE_LOSING,,526.4000000000306,752.0000000000437,70.0,True,7.520000000000437,12.784000000000741,24400.0,CE,OTM,2,50,23590.076138473745,"{""delta"": 0.5, ""theta"": -0.05, ""vega"": 0.2, ""gamma"": 0.02}"
2026-04-03 12:33:00,BREAKOUT_REVERSAL_LOSING,,526.4000000000306,752.0000000000437,70.0,True,7.520000000000437,12.784000000000741,24400.0,CE,OTM,2,50,23590.076138473745,"{""delta"": 0.5, ""theta"": -0.05, ""vega"": 0.2, ""gamma"": 0.02}"
2026-04-03 12:35:00,CCI_EXTREME_LOSING,,526.4000000000306,752.0000000000437,70.0,True,7.520000000000437,12.784000000000741,24400.0,CE,OTM,2,50,23236.453273646883,"{""delta"": 0.5, ""theta"": -0.05, ""vega"": 0.2, ""gamma"": 0.02}"
2026-04-03 12:35:00,ATR_BREAKOUT_LOSING,,526.4000000000306,752.0000000000437,70.0,True,7.520000000000437,12.784000000000741,24400.0,CE,OTM,2,50,23236.453273646883,"{""delta"": 0.5, ""theta"": -0.05, ""vega"": 0.2, ""gamma"": 0.02}"
2026-04-03 12:37:00,TREND_FOLLOWING_OPTIMIZED,,-7.818317648146861,752.0000000000437,-1.0396699000194691,False,7.520000000000437,7.441816823518968,24400.0,PE,OTM,2,50,24138.700185003694,"{""delta"": -0.5, ""theta"": -0.05, ""vega"": 0.2, ""gamma"": 0.02}"
2026-04-03 12:39:00,MULTI_TIMEFRAME_LOSING,,526.4000000000306,752.0000000000437,70.0,True,7.520000000000437,12.784000000000741,24400.0,CE,OTM,2,50,23635.85758034569,"{""delta"": 0.5, ""theta"": -0.05, ""vega"": 0.2, ""gamma"": 0.02}"
2026-04-03 12:39:00,AI_ENHANCED_LOSING,,-10.336649101564237,752.0000000000437,-1.374554401803675,False,7.520000000000437,7.416633508984794,24400.0,CE,OTM,2,50,23635.85758034569,"{""delta"": 0.5, ""theta"": -0.05, ""vega"": 0.2, ""gamma"": 0.02}"
2026-04-03 12:39:00,RSI_DIVERGENCE_LOSING,,526.4000000000306,752.0000000000437,70.0,True,7.520000000000437,12.784000000000741,24400.0,CE,OTM,2,50,23635.85758034569,"{""delta"": 0.5, ""theta"": -0.05, ""vega"": 0.2, ""gamma"": 0.02}"
2026-04-03 12:39:00,STOCHASTIC_OVERSOLD_LOSING,,526.4000000000306,752.0000000000437,70.0,True,7.520000000000437,12.784000000000741,24400.0,CE,OTM,2,50,23635.85758034569,"{""delta"": 0.5, ""theta"": -0.05, ""vega"": 0.2, ""gamma"": 0.02}"
2026-04-03 12:39:00,MACD_DIVERGENCE_LOSING,,-4.878684705416195,752.0000000000437,-0.6487612640180733,False,7.520000000000437,7.471213152946275,24400.0,CE,OTM,2,50,23635.85758034569,"{""delta"": 0.5, ""theta"": -0.05, ""vega"": 0.2, ""gamma"": 0.02}"
2026-04-03 12:39:00,WILLIAMS_REVERSAL_LOSING,,526.4000000000306,752.0000000000437,70.0,True,7.520000000000437,12.784000000000741,24400.0,CE,OTM,2,50,23635.85758034569,"{""delta"": 0.5, ""theta"": -0.05, ""vega"": 0.2, ""gamma"": 0.02}"
2026-04-03 12:39:00,MOMENTUM_REVERSAL_LOSING,,526.4000000000306,752.0000000000437,70.0,True,7.520000000000437,12.784000000000741,24400.0,CE,OTM,2,50,23635.85758034569,"{""delta"": 0.5, ""theta"": -0.05, ""vega"": 0.2, ""gamma"": 0.02}"
2026-04-03 12:39:00,BREAKOUT_REVERSAL_LOSING,,526.4000000000306,752.0000000000437,70.0,True,7.520000000000437,12.784000000000741,24400.0,CE,OTM,2,50,23635.85758034569,"{""delta"": 0.5, ""theta"": -0.05, ""vega"": 0.2, ""gamma"": 0.02}"
2026-04-03 12:43:00,AI_ENHANCED_LOSING,,526.4000000000306,752.0000000000437,70.0,True,7.520000000000437,12.784000000000741,24400.0,CE,OTM,2,50,23502.56259943197,"{""delta"": 0.5, ""theta"": -0.05, ""vega"": 0.2, ""gamma"": 0.02}"
2026-04-03 12:43:00,ATR_BREAKOUT_LOSING,,526.4000000000306,752.0000000000437,70.0,True,7.520000000000437,12.784000000000741,24400.0,CE,OTM,2,50,23502.56259943197,"{""delta"": 0.5, ""theta"": -0.05, ""vega"": 0.2, ""gamma"": 0.02}"
2026-04-03 12:45:00,CCI_EXTREME_LOSING,,-8.095765980673887,752.0000000000437,-1.07656462508955,False,7.520000000000437,7.439042340193698,24400.0,CE,OTM,2,50,24307.718091424646,"{""delta"": 0.5, ""theta"": -0.05, ""vega"": 0.2, ""gamma"": 0.02}"
2026-04-03 12:45:00,ATR_BREAKOUT_LOSING,,526.4000000000306,752.0000000000437,70.0,True,7.520000000000437,12.784000000000741,24400.0,CE,OTM,2,50,24307.718091424646,"{""delta"": 0.5, ""theta"": -0.05, ""vega"": 0.2, ""gamma"": 0.02}"
2026-04-03 12:47:00,RSI_DIVERGENCE_LOSING,,526.4000000000306,752.0000000000437,70.0,True,7.520000000000437,12.784000000000741,24400.0,PE,OTM,2,50,23325.282875197136,"{""delta"": -0.5, ""theta"": -0.05, ""vega"": 0.2, ""gamma"": 0.02}"
2026-04-03 12:47:00,CCI_EXTREME_LOSING,,526.4000000000306,752.0000000000437,70.0,True,7.520000000000437,12.784000000000741,24400.0,PE,OTM,2,50,23325.282875197136,"{""delta"": -0.5, ""theta"": -0.05, ""vega"": 0.2, ""gamma"": 0.02}"
2026-04-03 12:49:00,CCI_EXTREME_LOSING,,-5.436102873987101,752.0000000000437,-0.7228860204769663,False,7.520000000000437,7.4656389712605655,24400.0,CE,OTM,2,50,23530.74091322967,"{""delta"": 0.5, ""theta"": -0.05, ""vega"": 0.2, ""gamma"": 0.02}"
2026-04-03 12:49:00,ATR_BREAKOUT_LOSING,,526.4000000000306,752.0000000000437,70.0,True,7.520000000000437,12.784000000000741,24400.0,CE,OTM,2,50,23530.74091322967,"{""delta"": 0.5, ""theta"": -0.05, ""vega"": 0.2, ""gamma"": 0.02}"
2026-04-03 12:51:00,MULTI_TIMEFRAME_LOSING,,526.4000000000306,752.0000000000437,70.0,True,7.520000000000437,12.784000000000741,24400.0,PE,OTM,2,50,22782.17307020385,"{""delta"": -0.5, ""theta"": -0.05, ""vega"": 0.2, ""gamma"": 0.02}"
2026-04-03 12:51:00,RSI_DIVERGENCE_LOSING,,526.4000000000306,752.0000000000437,70.0,True,7.520000000000437,12.784000000000741,24400.0,PE,OTM,2,50,22782.17307020385,"{""delta"": -0.5, ""theta"": -0.05, ""vega"": 0.2, ""gamma"": 0.02}"
2026-04-03 12:51:00,STRONG_MOMENTUM_LOSING,,-4.70991751119312,752.0000000000437,-0.6263188179777721,False,7.520000000000437,7.472900824888506,24400.0,PE,OTM,2,50,22782.17307020385,"{""delta"": -0.5, ""theta"": -0.05, ""vega"": 0.2, ""gamma"": 0.02}"
2026-04-03 12:51:00,MOMENTUM_REVERSAL_LOSING,,526.4000000000306,752.0000000000437,70.0,True,7.520000000000437,12.784000000000741,24400.0,PE,OTM,2,50,22782.17307020385,"{""delta"": -0.5, ""theta"": -0.05, ""vega"": 0.2, ""gamma"": 0.02}"
2026-04-03 12:51:00,BOLLINGER_SQUEEZE_LOSING,,526.4000000000306,752.0000000000437,70.0,True,7.520000000000437,12.784000000000741,24400.0,PE,OTM,2,50,22782.17307020385,"{""delta"": -0.5, ""theta"": -0.05, ""vega"": 0.2, ""gamma"": 0.02}"
2026-04-03 12:51:00,BREAKOUT_REVERSAL_LOSING,,526.4000000000306,752.0000000000437,70.0,True,7.520000000000437,12.784000000000741,24400.0,PE,OTM,2,50,22782.17307020385,"{""delta"": -0.5, ""theta"": -0.05, ""vega"": 0.2, ""gamma"": 0.02}"
2026-04-03 12:53:00,AI_ENHANCED_LOSING,,526.4000000000306,752.0000000000437,70.0,True,7.520000000000437,12.784000000000741,24400.0,CE,OTM,2,50,23686.555173184406,"{""delta"": 0.5, ""theta"": -0.05, ""vega"": 0.2, ""gamma"": 0.02}"
2026-04-03 12:53:00,TREND_FOLLOWING_OPTIMIZED,,-6.10893420221086,752.0000000000437,-0.812358271570546,False,7.520000000000437,7.458910657978328,24400.0,CE,OTM,2,50,23686.555173184406,"{""delta"": 0.5, ""theta"": -0.05, ""vega"": 0.2, ""gamma"": 0.02}"
2026-04-03 12:53:00,BOLLINGER_SQUEEZE_LOSING,,526.4000000000306,752.0000000000437,70.0,True,7.520000000000437,12.784000000000741,24400.0,CE,OTM,2,50,23686.555173184406,"{""delta"": 0.5, ""theta"": -0.05, ""vega"": 0.2, ""gamma"": 0.02}"
2026-04-03 12:55:00,AI_ENHANCED_LOSING,,-6.163296946543813,752.0000000000437,-0.8195873599126935,False,7.520000000000437,7.458367030534998,24400.0,CE,ITM,2,50,24469.662074261832,"{""delta"": 0.5, ""theta"": -0.05, ""vega"": 0.2, ""gamma"": 0.02}"
2026-04-03 12:55:00,TREND_FOLLOWING_OPTIMIZED,,-9.541189664614805,752.0000000000437,-1.2687752213582781,False,7.520000000000437,7.424588103354289,24400.0,CE,ITM,2,50,24469.662074261832,"{""delta"": 0.5, ""theta"": -0.05, ""vega"": 0.2, ""gamma"": 0.02}"
2026-04-03 12:55:00,CCI_EXTREME_LOSING,,-6.643537680440656,752.0000000000437,-0.8834491596330146,False,7.520000000000437,7.45356462319603,24400.0,CE,ITM,2,50,24469.662074261832,"{""delta"": 0.5, ""theta"": -0.05, ""vega"": 0.2, ""gamma"": 0.02}"
2026-04-03 12:57:00,RSI_DIVERGENCE_LOSING,,-3.86882409108462,752.0000000000437,-0.5144712887080313,False,7.520000000000437,7.48131175908959,24400.0,CE,OTM,2,50,23157.49268383152,"{""delta"": 0.5, ""theta"": -0.05, ""vega"": 0.2, ""gamma"": 0.02}"
2026-04-03 12:59:00,CCI_EXTREME_LOSING,,-5.501643562113389,752.0000000000437,-0.7316015375150359,False,7.520000000000437,7.4649835643793025,24400.0,CE,OTM,2,50,22968.863159646462,"{""delta"": 0.5, ""theta"": -0.05, ""vega"": 0.2, ""gamma"": 0.02}"
2026-04-03 13:01:00,RSI_DIVERGENCE_LOSING,,526.4000000000306,752.0000000000437,70.0,True,7.520000000000437,12.784000000000741,24400.0,PE,OTM,2,50,23631.493793058027,"{""delta"": -0.5, ""theta"": -0.05, ""vega"": 0.2, ""gamma"": 0.02}"
2026-04-03 13:01:00,MACD_DIVERGENCE_LOSING,,526.4000000000306,752.0000000000437,70.0,True,7.520000000000437,12.784000000000741,24400.0,PE,OTM,2,50,23631.493793058027,"{""delta"": -0.5, ""theta"": -0.05, ""vega"": 0.2, ""gamma"": 0.02}"
2026-04-03 13:01:00,MOMENTUM_REVERSAL_LOSING,,526.4000000000306,752.0000000000437,70.0,True,7.520000000000437,12.784000000000741,24400.0,PE,OTM,2,50,23631.493793058027,"{""delta"": -0.5, ""theta"": -0.05, ""vega"": 0.2, ""gamma"": 0.02}"
2026-04-03 13:01:00,DAY_HIGH_LOW_OPTIMIZED,,526.4000000000306,752.0000000000437,70.0,True,7.520000000000437,12.784000000000741,24400.0,PE,OTM,2,50,23631.493793058027,"{""delta"": -0.5, ""theta"": -0.05, ""vega"": 0.2, ""gamma"": 0.02}"
2026-04-03 13:01:00,BOLLINGER_SQUEEZE_LOSING,,526.4000000000306,752.0000000000437,70.0,True,7.520000000000437,12.784000000000741,24400.0,PE,OTM,2,50,23631.493793058027,"{""delta"": -0.5, ""theta"": -0.05, ""vega"": 0.2, ""gamma"": 0.02}"
2026-04-03 13:03:00,MULTI_TIMEFRAME_LOSING,,526.4000000000306,752.0000000000437,70.0,True,7.520000000000437,12.784000000000741,24400.0,CE,ATM,2,50,24353.892513651903,"{""delta"": 0.5, ""theta"": -0.05, ""vega"": 0.2, ""gamma"": 0.02}"
2026-04-03 13:03:00,AI_ENHANCED_LOSING,,526.4000000000306,752.0000000000437,70.0,True,7.520000000000437,12.784000000000741,24400.0,CE,ATM,2,50,24353.892513651903,"{""delta"": 0.5, ""theta"": -0.05, ""vega"": 0.2, ""gamma"": 0.02}"
2026-04-03 13:03:00,HIGH_VOLUME_LOSING,,526.4000000000306,752.0000000000437,70.0,True,7.520000000000437,12.784000000000741,24400.0,CE,ATM,2,50,24353.892513651903,"{""delta"": 0.5, ""theta"": -0.05, ""vega"": 0.2, ""gamma"": 0.02}"
2026-04-03 13:03:00,CCI_EXTREME_LOSING,,526.4000000000306,752.0000000000437,70.0,True,7.520000000000437,12.784000000000741,24400.0,CE,ATM,2,50,24353.892513651903,"{""delta"": 0.5, ""theta"": -0.05, ""vega"": 0.2, ""gamma"": 0.02}"
2026-04-03 13:03:00,BOLLINGER_SQUEEZE_LOSING,,-4.838318439691723,752.0000000000437,-0.6433934095334365,False,7.520000000000437,7.47161681560352,24400.0,CE,ATM,2,50,24353.892513651903,"{""delta"": 0.5, ""theta"": -0.05, ""vega"": 0.2, ""gamma"": 0.02}"
2026-04-03 13:05:00,AI_ENHANCED_LOSING,,-5.43673379109116,752.0000000000437,-0.7229699190280379,False,7.520000000000437,7.465632662089525,24400.0,PE,ATM,2,50,24415.454361998352,"{""delta"": -0.5, ""theta"": -0.05, ""vega"": 0.2, ""gamma"": 0.02}"
2026-04-03 13:05:00,STRONG_MOMENTUM_LOSING,,526.4000000000306,752.0000000000437,70.0,True,7.520000000000437,12.784000000000741,24400.0,PE,ATM,2,50,24415.454361998352,"{""delta"": -0.5, ""theta"": -0.05, ""vega"": 0.2, ""gamma"": 0.02}"
2026-04-03 13:09:00,RSI_DIVERGENCE_LOSING,,526.4000000000306,752.0000000000437,70.0,True,7.520000000000437,12.784000000000741,24400.0,CE,OTM,2,50,24130.5936098374,"{""delta"": 0.5, ""theta"": -0.05, ""vega"": 0.2, ""gamma"": 0.02}"
2026-04-03 13:09:00,ATR_BREAKOUT_LOSING,,-9.443318795592221,752.0000000000437,-1.2557604781371905,False,7.520000000000437,7.425566812044514,24400.0,CE,OTM,2,50,24130.5936098374,"{""delta"": 0.5, ""theta"": -0.05, ""vega"": 0.2, ""gamma"": 0.02}"
2026-04-03 13:13:00,AI_ENHANCED_LOSING,,526.4000000000306,752.0000000000437,70.0,True,7.520000000000437,12.784000000000741,24400.0,CE,ATM,2,50,24386.099373489837,"{""delta"": 0.5, ""theta"": -0.05, ""vega"": 0.2, ""gamma"": 0.02}"
2026-04-03 13:13:00,TREND_FOLLOWING_OPTIMIZED,,526.4000000000306,752.0000000000437,70.0,True,7.520000000000437,12.784000000000741,24400.0,CE,ATM,2,50,24386.099373489837,"{""delta"": 0.5, ""theta"": -0.05, ""vega"": 0.2, ""gamma"": 0.02}"
2026-04-03 13:15:00,MULTI_TIMEFRAME_LOSING,,526.4000000000306,752.0000000000437,70.0,True,7.520000000000437,12.784000000000741,24400.0,PE,OTM,2,50,23683.10171441787,"{""delta"": -0.5, ""theta"": -0.05, ""vega"": 0.2, ""gamma"": 0.02}"
2026-04-03 13:15:00,TREND_FOLLOWING_OPTIMIZED,,526.4000000000306,752.0000000000437,70.0,True,7.520000000000437,12.784000000000741,24400.0,PE,OTM,2,50,23683.10171441787,"{""delta"": -0.5, ""theta"": -0.05, ""vega"": 0.2, ""gamma"": 0.02}"
2026-04-03 13:15:00,ATR_BREAKOUT_LOSING,,526.4000000000306,752.0000000000437,70.0,True,7.520000000000437,12.784000000000741,24400.0,PE,OTM,2,50,23683.10171441787,"{""delta"": -0.5, ""theta"": -0.05, ""vega"": 0.2, ""gamma"": 0.02}"
2026-04-03 13:15:00,MOMENTUM_REVERSAL_LOSING,,526.4000000000306,752.0000000000437,70.0,True,7.520000000000437,12.784000000000741,24400.0,PE,OTM,2,50,23683.10171441787,"{""delta"": -0.5, ""theta"": -0.05, ""vega"": 0.2, ""gamma"": 0.02}"
2026-04-03 13:17:00,STOCHASTIC_OVERSOLD_LOSING,,526.4000000000306,752.0000000000437,70.0,True,7.520000000000437,12.784000000000741,24400.0,CE,OTM,2,50,23477.243864733475,"{""delta"": 0.5, ""theta"": -0.05, ""vega"": 0.2, ""gamma"": 0.02}"
2026-04-03 13:19:00,CCI_EXTREME_LOSING,,526.4000000000306,752.0000000000437,70.0,True,7.520000000000437,12.784000000000741,24400.0,PE,OTM,2,50,22607.709230915785,"{""delta"": -0.5, ""theta"": -0.05, ""vega"": 0.2, ""gamma"": 0.02}"
2026-04-03 13:19:00,ATR_BREAKOUT_LOSING,,-11.125094944332998,752.0000000000437,-1.479400923448451,False,7.520000000000437,7.408749050557107,24400.0,PE,OTM,2,50,22607.709230915785,"{""delta"": -0.5, ""theta"": -0.05, ""vega"": 0.2, ""gamma"": 0.02}"
2026-04-03 13:21:00,ATR_BREAKOUT_LOSING,,526.4000000000306,752.0000000000437,70.0,True,7.520000000000437,12.784000000000741,24400.0,PE,OTM,2,50,23694.513706866965,"{""delta"": -0.5, ""theta"": -0.05, ""vega"": 0.2, ""gamma"": 0.02}"
2026-04-03 13:21:00,DAY_HIGH_LOW_OPTIMIZED,,526.4000000000306,752.0000000000437,70.0,True,7.520000000000437,12.784000000000741,24400.0,PE,OTM,2,50,23694.513706866965,"{""delta"": -0.5, ""theta"": -0.05, ""vega"": 0.2, ""gamma"": 0.02}"
2026-04-03 13:21:00,BOLLINGER_SQUEEZE_LOSING,,526.4000000000306,752.0000000000437,70.0,True,7.520000000000437,12.784000000000741,24400.0,PE,OTM,2,50,23694.513706866965,"{""delta"": -0.5, ""theta"": -0.05, ""vega"": 0.2, ""gamma"": 0.02}"
2026-04-03 13:23:00,ATR_BREAKOUT_LOSING,,526.4000000000306,752.0000000000437,70.0,True,7.520000000000437,12.784000000000741,24400.0,CE,OTM,2,50,23170.04730136484,"{""delta"": 0.5, ""theta"": -0.05, ""vega"": 0.2, ""gamma"": 0.02}"
2026-04-03 13:25:00,AI_ENHANCED_LOSING,,526.4000000000306,752.0000000000437,70.0,True,7.520000000000437,12.784000000000741,24400.0,PE,OTM,2,50,23441.930322487882,"{""delta"": -0.5, ""theta"": -0.05, ""vega"": 0.2, ""gamma"": 0.02}"
2026-04-03 13:25:00,CCI_EXTREME_LOSING,,526.4000000000306,752.0000000000437,70.0,True,7.520000000000437,12.784000000000741,24400.0,PE,OTM,2,50,23441.930322487882,"{""delta"": -0.5, ""theta"": -0.05, ""vega"": 0.2, ""gamma"": 0.02}"
2026-04-03 13:25:00,ATR_BREAKOUT_LOSING,,526.4000000000306,752.0000000000437,70.0,True,7.520000000000437,12.784000000000741,24400.0,PE,OTM,2,50,23441.930322487882,"{""delta"": -0.5, ""theta"": -0.05, ""vega"": 0.2, ""gamma"": 0.02}"
2026-04-03 13:29:00,MULTI_TIMEFRAME_LOSING,,526.4000000000306,752.0000000000437,70.0,True,7.520000000000437,12.784000000000741,24400.0,CE,OTM,2,50,24125.966318696268,"{""delta"": 0.5, ""theta"": -0.05, ""vega"": 0.2, ""gamma"": 0.02}"
2026-04-03 13:29:00,TREND_FOLLOWING_OPTIMIZED,,526.4000000000306,752.0000000000437,70.0,True,7.520000000000437,12.784000000000741,24400.0,CE,OTM,2,50,24125.966318696268,"{""delta"": 0.5, ""theta"": -0.05, ""vega"": 0.2, ""gamma"": 0.02}"
2026-04-03 13:29:00,STRONG_MOMENTUM_LOSING,,-9.97772369143313,752.0000000000437,-1.3268249589670944,False,7.520000000000437,7.420222763086105,24400.0,CE,OTM,2,50,24125.966318696268,"{""delta"": 0.5, ""theta"": -0.05, ""vega"": 0.2, ""gamma"": 0.02}"
2026-04-03 13:29:00,CCI_EXTREME_LOSING,,526.4000000000306,752.0000000000437,70.0,True,7.520000000000437,12.784000000000741,24400.0,CE,OTM,2,50,24125.966318696268,"{""delta"": 0.5, ""theta"": -0.05, ""vega"": 0.2, ""gamma"": 0.02}"
2026-04-03 13:31:00,RSI_DIVERGENCE_LOSING,,3738.8000000000284,5752.000000000044,65.0,True,57.52000000000044,94.90800000000071,24300.0,PE,OTM,2,50,24239.77484598533,"{""delta"": -0.5, ""theta"": -0.05, ""vega"": 0.2, ""gamma"": 0.02}"
2026-04-03 13:31:00,ATR_BREAKOUT_LOSING,,3738.8000000000284,5752.000000000044,65.0,True,57.52000000000044,94.90800000000071,24300.0,PE,OTM,2,50,24239.77484598533,"{""delta"": -0.5, ""theta"": -0.05, ""vega"": 0.2, ""gamma"": 0.02}"
2026-04-03 13:33:00,AI_ENHANCED_LOSING,,526.4000000000306,752.0000000000437,70.0,True,7.520000000000437,12.784000000000741,24400.0,PE,OTM,2,50,22883.502473678654,"{""delta"": -0.5, ""theta"": -0.05, ""vega"": 0.2, ""gamma"": 0.02}"
2026-04-03 13:33:00,TREND_FOLLOWING_OPTIMIZED,,526.4000000000306,752.0000000000437,70.0,True,7.520000000000437,12.784000000000741,24400.0,PE,OTM,2,50,22883.502473678654,"{""delta"": -0.5, ""theta"": -0.05, ""vega"": 0.2, ""gamma"": 0.02}"
2026-04-03 13:33:00,HIGH_VOLUME_LOSING,,526.4000000000306,752.0000000000437,70.0,True,7.520000000000437,12.784000000000741,24400.0,PE,OTM,2,50,22883.502473678654,"{""delta"": -0.5, ""theta"": -0.05, ""vega"": 0.2, ""gamma"": 0.02}"
2026-04-03 13:33:00,STRONG_MOMENTUM_LOSING,,526.4000000000306,752.0000000000437,70.0,True,7.520000000000437,12.784000000000741,24400.0,PE,OTM,2,50,22883.502473678654,"{""delta"": -0.5, ""theta"": -0.05, ""vega"": 0.2, ""gamma"": 0.02}"
2026-04-03 13:33:00,DAY_HIGH_LOW_OPTIMIZED,,526.4000000000306,752.0000000000437,70.0,True,7.520000000000437,12.784000000000741,24400.0,PE,OTM,2,50,22883.502473678654,"{""delta"": -0.5, ""theta"": -0.05, ""vega"": 0.2, ""gamma"": 0.02}"
2026-04-03 13:33:00,BOLLINGER_SQUEEZE_LOSING,,-5.093899815299597,752.0000000000437,-0.6773802945876731,False,7.520000000000437,7.46906100184744,24400.0,PE,OTM,2,50,22883.502473678654,"{""delta"": -0.5, ""theta"": -0.05, ""vega"": 0.2, ""gamma"": 0.02}"
2026-04-03 13:35:00,ATR_BREAKOUT_LOSING,,-4.7744608956074694,752.0000000000437,-0.6349017148413819,False,7.520000000000437,7.472255391044362,24400.0,PE,OTM,2,50,23644.06131198069,"{""delta"": -0.5, ""theta"": -0.05, ""vega"": 0.2, ""gamma"": 0.02}"
2026-04-03 13:37:00,STOCHASTIC_OVERSOLD_LOSING,,526.4000000000306,752.0000000000437,70.0,True,7.520000000000437,12.784000000000741,24400.0,CE,OTM,2,50,23378.44831045482,"{""delta"": 0.5, ""theta"": -0.05, ""vega"": 0.2, ""gamma"": 0.02}"
2026-04-03 13:41:00,CCI_EXTREME_LOSING,,526.4000000000306,752.0000000000437,70.0,True,7.520000000000437,12.784000000000741,24400.0,PE,OTM,2,50,24016.12849814223,"{""delta"": -0.5, ""theta"": -0.05, ""vega"": 0.2, ""gamma"": 0.02}"
2026-04-03 13:43:00,AI_ENHANCED_LOSING,,526.4000000000306,752.0000000000437,70.0,True,7.520000000000437,12.784000000000741,24400.0,CE,OTM,2,50,24085.20899134395,"{""delta"": 0.5, ""theta"": -0.05, ""vega"": 0.2, ""gamma"": 0.02}"
2026-04-03 13:43:00,MACD_DIVERGENCE_LOSING,,-6.535211441300204,752.0000000000437,-0.8690440746409341,False,7.520000000000437,7.454647885587434,24400.0,CE,OTM,2,50,24085.20899134395,"{""delta"": 0.5, ""theta"": -0.05, ""vega"": 0.2, ""gamma"": 0.02}"
2026-04-03 13:43:00,BOLLINGER_SQUEEZE_LOSING,,526.4000000000306,752.0000000000437,70.0,True,7.520000000000437,12.784000000000741,24400.0,CE,OTM,2,50,24085.20899134395,"{""delta"": 0.5, ""theta"": -0.05, ""vega"": 0.2, ""gamma"": 0.02}"
2026-04-03 13:45:00,CCI_EXTREME_LOSING,,526.4000000000306,752.0000000000437,70.0,True,7.520000000000437,12.784000000000741,24400.0,CE,OTM,2,50,23860.688592447088,"{""delta"": 0.5, ""theta"": -0.05, ""vega"": 0.2, ""gamma"": 0.02}"
2026-04-03 13:45:00,ATR_BREAKOUT_LOSING,,526.4000000000306,752.0000000000437,70.0,True,7.520000000000437,12.784000000000741,24400.0,CE,OTM,2,50,23860.688592447088,"{""delta"": 0.5, ""theta"": -0.05, ""vega"": 0.2, ""gamma"": 0.02}"
2026-04-03 13:47:00,STOCHASTIC_OVERSOLD_LOSING,,526.4000000000306,752.0000000000437,70.0,True,7.520000000000437,12.784000000000741,24400.0,PE,OTM,2,50,23323.268519214493,"{""delta"": -0.5, ""theta"": -0.05, ""vega"": 0.2, ""gamma"": 0.02}"
2026-04-03 13:47:00,CCI_EXTREME_LOSING,,526.4000000000306,752.0000000000437,70.0,True,7.520000000000437,12.784000000000741,24400.0,PE,OTM,2,50,23323.268519214493,"{""delta"": -0.5, ""theta"": -0.05, ""vega"": 0.2, ""gamma"": 0.02}"
2026-04-03 13:49:00,STRONG_MOMENTUM_LOSING,,526.4000000000306,752.0000000000437,70.0,True,7.520000000000437,12.784000000000741,24400.0,CE,OTM,2,50,23961.27572734006,"{""delta"": 0.5, ""theta"": -0.05, ""vega"": 0.2, ""gamma"": 0.02}"
2026-04-03 13:49:00,MACD_DIVERGENCE_LOSING,,526.4000000000306,752.0000000000437,70.0,True,7.520000000000437,12.784000000000741,24400.0,CE,OTM,2,50,23961.27572734006,"{""delta"": 0.5, ""theta"": -0.05, ""vega"": 0.2, ""gamma"": 0.02}"
2026-04-03 13:49:00,BOLLINGER_SQUEEZE_LOSING,,-9.053114736160174,752.0000000000437,-1.2038716404467618,False,7.520000000000437,7.429468852638835,24400.0,CE,OTM,2,50,23961.27572734006,"{""delta"": 0.5, ""theta"": -0.05, ""vega"": 0.2, ""gamma"": 0.02}"
2026-04-03 13:51:00,CCI_EXTREME_LOSING,,-5.267479231700578,752.0000000000437,-0.7004626637899297,False,7.520000000000437,7.467325207683431,24400.0,PE,OTM,2,50,24338.786570313754,"{""delta"": -0.5, ""theta"": -0.05, ""vega"": 0.2, ""gamma"": 0.02}"
2026-04-03 13:55:00,TREND_FOLLOWING_OPTIMIZED,,-6.447157215499414,752.0000000000437,-0.8573347361035957,False,7.520000000000437,7.455528427845442,24400.0,CE,ATM,2,50,24366.071751959586,"{""delta"": 0.5, ""theta"": -0.05, ""vega"": 0.2, ""gamma"": 0.02}"
2026-04-03 13:55:00,CCI_EXTREME_LOSING,,526.4000000000306,752.0000000000437,70.0,True,7.520000000000437,12.784000000000741,24400.0,CE,ATM,2,50,24366.071751959586,"{""delta"": 0.5, ""theta"": -0.05, ""vega"": 0.2, ""gamma"": 0.02}"
2026-04-03 13:55:00,ATR_BREAKOUT_LOSING,,526.4000000000306,752.0000000000437,70.0,True,7.520000000000437,12.784000000000741,24400.0,CE,ATM,2,50,24366.071751959586,"{""delta"": 0.5, ""theta"": -0.05, ""vega"": 0.2, ""gamma"": 0.02}"
2026-04-03 13:57:00,CCI_EXTREME_LOSING,,526.4000000000306,752.0000000000437,70.0,True,7.520000000000437,12.784000000000741,24400.0,PE,OTM,2,50,24137.759537868104,"{""delta"": -0.5, ""theta"": -0.05, ""vega"": 0.2, ""gamma"": 0.02}"
2026-04-03 13:57:00,ATR_BREAKOUT_LOSING,,526.4000000000306,752.0000000000437,70.0,True,7.520000000000437,12.784000000000741,24400.0,PE,OTM,2,50,24137.759537868104,"{""delta"": -0.5, ""theta"": -0.05, ""vega"": 0.2, ""gamma"": 0.02}"
2026-04-03 13:59:00,CCI_EXTREME_LOSING,,526.4000000000306,752.0000000000437,70.0,True,7.520000000000437,12.784000000000741,24400.0,PE,OTM,2,50,23282.87882521147,"{""delta"": -0.5, ""theta"": -0.05, ""vega"": 0.2, ""gamma"": 0.02}"
2026-04-03 14:01:00,MULTI_TIMEFRAME_LOSING,,526.4000000000306,752.0000000000437,70.0,True,7.520000000000437,12.784000000000741,24400.0,PE,OTM,2,50,23891.875067011933,"{""delta"": -0.5, ""theta"": -0.05, ""vega"": 0.2, ""gamma"": 0.02}"
2026-04-03 14:01:00,CCI_EXTREME_LOSING,,526.4000000000306,752.0000000000437,70.0,True,7.520000000000437,12.784000000000741,24400.0,PE,OTM,2,50,23891.875067011933,"{""delta"": -0.5, ""theta"": -0.05, ""vega"": 0.2, ""gamma"": 0.02}"
2026-04-03 14:03:00,RSI_DIVERGENCE_LOSING,,-8.461351349153214,752.0000000000437,-1.1251797006852025,False,7.520000000000437,7.4353864865089045,24400.0,PE,OTM,2,50,23550.301317948382,"{""delta"": -0.5, ""theta"": -0.05, ""vega"": 0.2, ""gamma"": 0.02}"
2026-04-03 14:03:00,CCI_EXTREME_LOSING,,-5.746368898187766,752.0000000000437,-0.764144800290882,False,7.520000000000437,7.462536311018559,24400.0,PE,OTM,2,50,23550.301317948382,"{""delta"": -0.5, ""theta"": -0.05, ""vega"": 0.2, ""gamma"": 0.02}"
2026-04-03 14:03:00,ATR_BREAKOUT_LOSING,,526.4000000000306,752.0000000000437,70.0,True,7.520000000000437,12.784000000000741,24400.0,PE,OTM,2,50,23550.301317948382,"{""delta"": -0.5, ""theta"": -0.05, ""vega"": 0.2, ""gamma"": 0.02}"
2026-04-03 14:05:00,TREND_FOLLOWING_OPTIMIZED,,-8.300828105019034,752.0000000000437,-1.103833524603531,False,7.520000000000437,7.436991718950247,24400.0,PE,OTM,2,50,22555.774896063733,"{""delta"": -0.5, ""theta"": -0.05, ""vega"": 0.2, ""gamma"": 0.02}"
2026-04-03 14:07:00,CCI_EXTREME_LOSING,,526.4000000000306,752.0000000000437,70.0,True,7.520000000000437,12.784000000000741,24400.0,PE,OTM,2,50,23940.9851835148,"{""delta"": -0.5, ""theta"": -0.05, ""vega"": 0.2, ""gamma"": 0.02}"
2026-04-03 14:09:00,ATR_BREAKOUT_LOSING,,526.4000000000306,752.0000000000437,70.0,True,7.520000000000437,12.784000000000741,24400.0,PE,OTM,2,50,23684.72476235593,"{""delta"": -0.5, ""theta"": -0.05, ""vega"": 0.2, ""gamma"": 0.02}"
2026-04-03 14:11:00,AI_ENHANCED_LOSING,,526.4000000000306,752.0000000000437,70.0,True,7.520000000000437,12.784000000000741,24400.0,PE,OTM,2,50,23934.074224331547,"{""delta"": -0.5, ""theta"": -0.05, ""vega"": 0.2, ""gamma"": 0.02}"
2026-04-03 14:11:00,RSI_DIVERGENCE_LOSING,,526.4000000000306,752.0000000000437,70.0,True,7.520000000000437,12.784000000000741,24400.0,PE,OTM,2,50,23934.074224331547,"{""delta"": -0.5, ""theta"": -0.05, ""vega"": 0.2, ""gamma"": 0.02}"
2026-04-03 14:11:00,TREND_FOLLOWING_OPTIMIZED,,526.4000000000306,752.0000000000437,70.0,True,7.520000000000437,12.784000000000741,24400.0,PE,OTM,2,50,23934.074224331547,"{""delta"": -0.5, ""theta"": -0.05, ""vega"": 0.2, ""gamma"": 0.02}"
2026-04-03 14:13:00,STOCHASTIC_OVERSOLD_LOSING,,526.4000000000306,752.0000000000437,70.0,True,7.520000000000437,12.784000000000741,24400.0,CE,OTM,2,50,23022.78077092782,"{""delta"": 0.5, ""theta"": -0.05, ""vega"": 0.2, ""gamma"": 0.02}"
2026-04-03 14:13:00,TREND_FOLLOWING_OPTIMIZED,,526.4000000000306,752.0000000000437,70.0,True,7.520000000000437,12.784000000000741,24400.0,CE,OTM,2,50,23022.78077092782,"{""delta"": 0.5, ""theta"": -0.05, ""vega"": 0.2, ""gamma"": 0.02}"
2026-04-03 14:13:00,CCI_EXTREME_LOSING,,526.4000000000306,752.0000000000437,70.0,True,7.520000000000437,12.784000000000741,24400.0,CE,OTM,2,50,23022.78077092782,"{""delta"": 0.5, ""theta"": -0.05, ""vega"": 0.2, ""gamma"": 0.02}"
2026-04-03 14:15:00,CCI_EXTREME_LOSING,,-6.648497416499889,752.0000000000437,-0.8841086990025935,False,7.520000000000437,7.453515025835437,24400.0,CE,OTM,2,50,23230.51669600107,"{""delta"": 0.5, ""theta"": -0.05, ""vega"": 0.2, ""gamma"": 0.02}"
2026-04-03 14:17:00,MULTI_TIMEFRAME_LOSING,,2973.5999999999694,4247.999999999956,70.0,True,42.47999999999956,72.21599999999926,24500.0,CE,ITM,2,50,24552.909221128564,"{""delta"": 0.5, ""theta"": -0.05, ""vega"": 0.2, ""gamma"": 0.02}"
2026-04-03 14:17:00,TREND_FOLLOWING_OPTIMIZED,,2973.5999999999694,4247.999999999956,70.0,True,42.47999999999956,72.21599999999926,24500.0,CE,ITM,2,50,24552.909221128564,"{""delta"": 0.5, ""theta"": -0.05, ""vega"": 0.2, ""gamma"": 0.02}"
2026-04-03 14:17:00,BOLLINGER_SQUEEZE_LOSING,,2973.5999999999694,4247.999999999956,70.0,True,42.47999999999956,72.21599999999926,24500.0,CE,ITM,2,50,24552.909221128564,"{""delta"": 0.5, ""theta"": -0.05, ""vega"": 0.2, ""gamma"": 0.02}"
2026-04-03 14:19:00,MULTI_TIMEFRAME_LOSING,,526.4000000000306,752.0000000000437,70.0,True,7.520000000000437,12.784000000000741,24400.0,PE,OTM,2,50,23648.366408980513,"{""delta"": -0.5, ""theta"": -0.05, ""vega"": 0.2, ""gamma"": 0.02}"
2026-04-03 14:19:00,VOLUME_SPIKE_LOSING,,526.4000000000306,752.0000000000437,70.0,True,7.520000000000437,12.784000000000741,24400.0,PE,OTM,2,50,23648.366408980513,"{""delta"": -0.5, ""theta"": -0.05, ""vega"": 0.2, ""gamma"": 0.02}"
2026-04-03 14:19:00,HIGH_VOLUME_LOSING,,526.4000000000306,752.0000000000437,70.0,True,7.520000000000437,12.784000000000741,24400.0,PE,OTM,2,50,23648.366408980513,"{""delta"": -0.5, ""theta"": -0.05, ""vega"": 0.2, ""gamma"": 0.02}"
2026-04-03 14:19:00,CCI_EXTREME_LOSING,,526.4000000000306,752.0000000000437,70.0,True,7.520000000000437,12.784000000000741,24400.0,PE,OTM,2,50,23648.366408980513,"{""delta"": -0.5, ""theta"": -0.05, ""vega"": 0.2, ""gamma"": 0.02}"
2026-04-03 14:19:00,ATR_BREAKOUT_LOSING,,526.4000000000306,752.0000000000437,70.0,True,7.520000000000437,12.784000000000741,24400.0,PE,OTM,2,50,23648.366408980513,"{""delta"": -0.5, ""theta"": -0.05, ""vega"": 0.2, ""gamma"": 0.02}"
2026-04-03 14:19:00,BOLLINGER_SQUEEZE_LOSING,,-10.518901054487639,752.0000000000437,-1.3987900338413601,False,7.520000000000437,7.41481098945556,24400.0,PE,OTM,2,50,23648.366408980513,"{""delta"": -0.5, ""theta"": -0.05, ""vega"": 0.2, ""gamma"": 0.02}"
2026-04-03 14:21:00,MACD_DIVERGENCE_LOSING,,-4.615912012896248,752.0000000000437,-0.6138180868212739,False,7.520000000000437,7.473840879871474,24400.0,CE,ATM,2,50,24358.080067970346,"{""delta"": 0.5, ""theta"": -0.05, ""vega"": 0.2, ""gamma"": 0.02}"
2026-04-03 14:21:00,DAY_HIGH_LOW_OPTIMIZED,,526.4000000000306,752.0000000000437,70.0,True,7.520000000000437,12.784000000000741,24400.0,CE,ATM,2,50,24358.080067970346,"{""delta"": 0.5, ""theta"": -0.05, ""vega"": 0.2, ""gamma"": 0.02}"
2026-04-03 14:21:00,BREAKOUT_REVERSAL_LOSING,,526.4000000000306,752.0000000000437,70.0,True,7.520000000000437,12.784000000000741,24400.0,CE,ATM,2,50,24358.080067970346,"{""delta"": 0.5, ""theta"": -0.05, ""vega"": 0.2, ""gamma"": 0.02}"
2026-04-03 14:23:00,HIGH_VOLUME_LOSING,,526.4000000000306,752.0000000000437,70.0,True,7.520000000000437,12.784000000000741,24400.0,PE,OTM,2,50,23871.818427221213,"{""delta"": -0.5, ""theta"": -0.05, ""vega"": 0.2, ""gamma"": 0.02}"
2026-04-03 14:23:00,STRONG_MOMENTUM_LOSING,,-5.524870213432955,752.0000000000437,-0.7346901879564673,False,7.520000000000437,7.4647512978661075,24400.0,PE,OTM,2,50,23871.818427221213,"{""delta"": -0.5, ""theta"": -0.05, ""vega"": 0.2, ""gamma"": 0.02}"
2026-04-03 14:23:00,CCI_EXTREME_LOSING,,-9.169196824772044,752.0000000000437,-1.219308088400467,False,7.520000000000437,7.4283080317527155,24400.0,PE,OTM,2,50,23871.818427221213,"{""delta"": -0.5, ""theta"": -0.05, ""vega"": 0.2, ""gamma"": 0.02}"
2026-04-03 14:25:00,AI_ENHANCED_LOSING,,2973.5999999999694,4247.999999999956,70.0,True,42.47999999999956,72.21599999999926,24500.0,CE,ATM,2,50,24523.17048506976,"{""delta"": 0.5, ""theta"": -0.05, ""vega"": 0.2, ""gamma"": 0.02}"
2026-04-03 14:25:00,STOCHASTIC_OVERSOLD_LOSING,,-37.54005583589563,4247.999999999956,-0.8837112955719401,False,42.47999999999956,42.10459944164061,24500.0,CE,ATM,2,50,24523.17048506976,"{""delta"": 0.5, ""theta"": -0.05, ""vega"": 0.2, ""gamma"": 0.02}"
2026-04-03 14:25:00,TREND_FOLLOWING_OPTIMIZED,,-26.987279979214797,4247.999999999956,-0.6352937848214472,False,42.47999999999956,42.21012720020742,24500.0,CE,ATM,2,50,24523.17048506976,"{""delta"": 0.5, ""theta"": -0.05, ""vega"": 0.2, ""gamma"": 0.02}"
2026-04-03 14:27:00,AI_ENHANCED_LOSING,,526.4000000000306,752.0000000000437,70.0,True,7.520000000000437,12.784000000000741,24400.0,CE,OTM,2,50,23021.572745237096,"{""delta"": 0.5, ""theta"": -0.05, ""vega"": 0.2, ""gamma"": 0.02}"
2026-04-03 14:27:00,CCI_EXTREME_LOSING,,526.4000000000306,752.0000000000437,70.0,True,7.520000000000437,12.784000000000741,24400.0,CE,OTM,2,50,23021.572745237096,"{""delta"": 0.5, ""theta"": -0.05, ""vega"": 0.2, ""gamma"": 0.02}"
2026-04-03 14:31:00,CCI_EXTREME_LOSING,,526.4000000000306,752.0000000000437,70.0,True,7.520000000000437,12.784000000000741,24400.0,CE,OTM,2,50,23976.190033550363,"{""delta"": 0.5, ""theta"": -0.05, ""vega"": 0.2, ""gamma"": 0.02}"
2026-04-03 14:31:00,ATR_BREAKOUT_LOSING,,-4.070104487224195,752.0000000000437,-0.5412372988329732,False,7.520000000000437,7.479298955128194,24400.0,CE,OTM,2,50,23976.190033550363,"{""delta"": 0.5, ""theta"": -0.05, ""vega"": 0.2, ""gamma"": 0.02}"
2026-04-03 14:33:00,AI_ENHANCED_LOSING,,526.4000000000306,752.0000000000437,70.0,True,7.520000000000437,12.784000000000741,24400.0,CE,OTM,2,50,23496.275448352666,"{""delta"": 0.5, ""theta"": -0.05, ""vega"": 0.2, ""gamma"": 0.02}"
2026-04-03 14:33:00,STRONG_MOMENTUM_LOSING,,526.4000000000306,752.0000000000437,70.0,True,7.520000000000437,12.784000000000741,24400.0,CE,OTM,2,50,23496.275448352666,"{""delta"": 0.5, ""theta"": -0.05, ""vega"": 0.2, ""gamma"": 0.02}"
2026-04-03 14:33:00,MOMENTUM_REVERSAL_LOSING,,526.4000000000306,752.0000000000437,70.0,True,7.520000000000437,12.784000000000741,24400.0,CE,OTM,2,50,23496.275448352666,"{""delta"": 0.5, ""theta"": -0.05, ""vega"": 0.2, ""gamma"": 0.02}"
2026-04-03 14:33:00,BREAKOUT_REVERSAL_LOSING,,526.4000000000306,752.0000000000437,70.0,True,7.520000000000437,12.784000000000741,24400.0,CE,OTM,2,50,23496.275448352666,"{""delta"": 0.5, ""theta"": -0.05, ""vega"": 0.2, ""gamma"": 0.02}"
2026-04-03 14:35:00,RSI_DIVERGENCE_LOSING,,526.4000000000306,752.0000000000437,70.0,True,7.520000000000437,12.784000000000741,24400.0,CE,OTM,2,50,23008.012215872426,"{""delta"": 0.5, ""theta"": -0.05, ""vega"": 0.2, ""gamma"": 0.02}"
2026-04-03 14:35:00,TREND_FOLLOWING_OPTIMIZED,,526.4000000000306,752.0000000000437,70.0,True,7.520000000000437,12.784000000000741,24400.0,CE,OTM,2,50,23008.012215872426,"{""delta"": 0.5, ""theta"": -0.05, ""vega"": 0.2, ""gamma"": 0.02}"
2026-04-03 14:37:00,RSI_DIVERGENCE_LOSING,,526.4000000000306,752.0000000000437,70.0,True,7.520000000000437,12.784000000000741,24400.0,PE,OTM,2,50,23888.77241808084,"{""delta"": -0.5, ""theta"": -0.05, ""vega"": 0.2, ""gamma"": 0.02}"
2026-04-03 14:37:00,TREND_FOLLOWING_OPTIMIZED,,-3.786309376416862,752.0000000000437,-0.5034985872894471,False,7.520000000000437,7.482136906236268,24400.0,PE,OTM,2,50,23888.77241808084,"{""delta"": -0.5, ""theta"": -0.05, ""vega"": 0.2, ""gamma"": 0.02}"
2026-04-03 14:37:00,MACD_DIVERGENCE_LOSING,,526.4000000000306,752.0000000000437,70.0,True,7.520000000000437,12.784000000000741,24400.0,PE,OTM,2,50,23888.77241808084,"{""delta"": -0.5, ""theta"": -0.05, ""vega"": 0.2, ""gamma"": 0.02}"
2026-04-03 14:37:00,CCI_EXTREME_LOSING,,526.4000000000306,752.0000000000437,70.0,True,7.520000000000437,12.784000000000741,24400.0,PE,OTM,2,50,23888.77241808084,"{""delta"": -0.5, ""theta"": -0.05, ""vega"": 0.2, ""gamma"": 0.02}"
2026-04-03 14:39:00,STOCHASTIC_OVERSOLD_LOSING,,-7.850876908260162,752.0000000000437,-1.0439995888643225,False,7.520000000000437,7.441491230917835,24400.0,CE,OTM,2,50,23966.2129544285,"{""delta"": 0.5, ""theta"": -0.05, ""vega"": 0.2, ""gamma"": 0.02}"
2026-04-03 14:43:00,ATR_BREAKOUT_LOSING,,526.4000000000306,752.0000000000437,70.0,True,7.520000000000437,12.784000000000741,24400.0,CE,OTM,2,50,23068.56719830641,"{""delta"": 0.5, ""theta"": -0.05, ""vega"": 0.2, ""gamma"": 0.02}"
2026-04-03 14:45:00,STOCHASTIC_OVERSOLD_LOSING,,526.4000000000306,752.0000000000437,70.0,True,7.520000000000437,12.784000000000741,24400.0,PE,OTM,2,50,24123.394449287214,"{""delta"": -0.5, ""theta"": -0.05, ""vega"": 0.2, ""gamma"": 0.02}"
2026-04-03 14:45:00,MOMENTUM_REVERSAL_LOSING,,-5.979039321251379,752.0000000000437,-0.7950850161238074,False,7.520000000000437,7.460209606787923,24400.0,PE,OTM,2,50,24123.394449287214,"{""delta"": -0.5, ""theta"": -0.05, ""vega"": 0.2, ""gamma"": 0.02}"
2026-04-03 14:47:00,MULTI_TIMEFRAME_LOSING,,-84.75171475764449,9247.999999999956,-0.9164329017911428,False,92.47999999999956,91.63248285242312,24600.0,PE,ITM,2,50,24666.133787061044,"{""delta"": -0.5, ""theta"": -0.05, ""vega"": 0.2, ""gamma"": 0.02}"
2026-04-03 14:47:00,MOMENTUM_REVERSAL_LOSING,,6011.199999999972,9247.999999999956,65.0,True,92.47999999999956,152.59199999999927,24600.0,PE,ITM,2,50,24666.133787061044,"{""delta"": -0.5, ""theta"": -0.05, ""vega"": 0.2, ""gamma"": 0.02}"
2026-04-03 14:47:00,DAY_HIGH_LOW_OPTIMIZED,,6011.199999999972,9247.999999999956,65.0,True,92.47999999999956,152.59199999999927,24600.0,PE,ITM,2,50,24666.133787061044,"{""delta"": -0.5, ""theta"": -0.05, ""vega"": 0.2, ""gamma"": 0.02}"
2026-04-03 14:47:00,BOLLINGER_SQUEEZE_LOSING,,6011.199999999972,9247.999999999956,65.0,True,92.47999999999956,152.59199999999927,24600.0,PE,ITM,2,50,24666.133787061044,"{""delta"": -0.5, ""theta"": -0.05, ""vega"": 0.2, ""gamma"": 0.02}"
2026-04-03 14:47:00,BREAKOUT_REVERSAL_LOSING,,6011.199999999972,9247.999999999956,65.0,True,92.47999999999956,152.59199999999927,24600.0,PE,ITM,2,50,24666.133787061044,"{""delta"": -0.5, ""theta"": -0.05, ""vega"": 0.2, ""gamma"": 0.02}"
2026-04-03 14:49:00,RSI_DIVERGENCE_LOSING,,526.4000000000306,752.0000000000437,70.0,True,7.520000000000437,12.784000000000741,24400.0,PE,OTM,2,50,22794.080765703136,"{""delta"": -0.5, ""theta"": -0.05, ""vega"": 0.2, ""gamma"": 0.02}"
2026-04-03 14:49:00,STOCHASTIC_OVERSOLD_LOSING,,-4.240489338233802,752.0000000000437,-0.5638948588076537,False,7.520000000000437,7.477595106618098,24400.0,PE,OTM,2,50,22794.080765703136,"{""delta"": -0.5, ""theta"": -0.05, ""vega"": 0.2, ""gamma"": 0.02}"
2026-04-03 14:49:00,CCI_EXTREME_LOSING,,-5.005806021353813,752.0000000000437,-0.6656656943289257,False,7.520000000000437,7.4699419397868985,24400.0,PE,OTM,2,50,22794.080765703136,"{""delta"": -0.5, ""theta"": -0.05, ""vega"": 0.2, ""gamma"": 0.02}"
2026-04-03 14:51:00,AI_ENHANCED_LOSING,,526.4000000000306,752.0000000000437,70.0,True,7.520000000000437,12.784000000000741,24400.0,PE,OTM,2,50,23680.473878932055,"{""delta"": -0.5, ""theta"": -0.05, ""vega"": 0.2, ""gamma"": 0.02}"
2026-04-03 14:51:00,ATR_BREAKOUT_LOSING,,-6.128849327703965,752.0000000000437,-0.8150065595350544,False,7.520000000000437,7.458711506723397,24400.0,PE,OTM,2,50,23680.473878932055,"{""delta"": -0.5, ""theta"": -0.05, ""vega"": 0.2, ""gamma"": 0.02}"
2026-04-03 14:53:00,ATR_BREAKOUT_LOSING,,526.4000000000306,752.0000000000437,70.0,True,7.520000000000437,12.784000000000741,24400.0,PE,OTM,2,50,23600.813108734314,"{""delta"": -0.5, ""theta"": -0.05, ""vega"": 0.2, ""gamma"": 0.02}"
2026-04-03 14:55:00,MULTI_TIMEFRAME_LOSING,,526.4000000000306,752.0000000000437,70.0,True,7.520000000000437,12.784000000000741,24400.0,PE,OTM,2,50,22583.53460261198,"{""delta"": -0.5, ""theta"": -0.05, ""vega"": 0.2, ""gamma"": 0.02}"
2026-04-03 14:55:00,AI_ENHANCED_LOSING,,-7.069147169655243,752.0000000000437,-0.9400461661775044,False,7.520000000000437,7.4493085283038845,24400.0,PE,OTM,2,50,22583.53460261198,"{""delta"": -0.5, ""theta"": -0.05, ""vega"": 0.2, ""gamma"": 0.02}"
2026-04-03 14:55:00,STRONG_MOMENTUM_LOSING,,526.4000000000306,752.0000000000437,70.0,True,7.520000000000437,12.784000000000741,24400.0,PE,OTM,2,50,22583.53460261198,"{""delta"": -0.5, ""theta"": -0.05, ""vega"": 0.2, ""gamma"": 0.02}"
2026-04-03 14:55:00,CCI_EXTREME_LOSING,,526.4000000000306,752.0000000000437,70.0,True,7.520000000000437,12.784000000000741,24400.0,PE,OTM,2,50,22583.53460261198,"{""delta"": -0.5, ""theta"": -0.05, ""vega"": 0.2, ""gamma"": 0.02}"
2026-04-03 14:55:00,MOMENTUM_REVERSAL_LOSING,,526.4000000000306,752.0000000000437,70.0,True,7.520000000000437,12.784000000000741,24400.0,PE,OTM,2,50,22583.53460261198,"{""delta"": -0.5, ""theta"": -0.05, ""vega"": 0.2, ""gamma"": 0.02}"
2026-04-03 14:55:00,DAY_HIGH_LOW_OPTIMIZED,,526.4000000000306,752.0000000000437,70.0,True,7.520000000000437,12.784000000000741,24400.0,PE,OTM,2,50,22583.53460261198,"{""delta"": -0.5, ""theta"": -0.05, ""vega"": 0.2, ""gamma"": 0.02}"
2026-04-03 14:55:00,BOLLINGER_SQUEEZE_LOSING,,526.4000000000306,752.0000000000437,70.0,True,7.520000000000437,12.784000000000741,24400.0,PE,OTM,2,50,22583.53460261198,"{""delta"": -0.5, ""theta"": -0.05, ""vega"": 0.2, ""gamma"": 0.02}"
2026-04-03 14:57:00,TREND_FOLLOWING_OPTIMIZED,,-4.900091426709107,752.0000000000437,-0.6516079024878753,False,7.520000000000437,7.470999085733346,24400.0,CE,OTM,2,50,24204.935028794313,"{""delta"": 0.5, ""theta"": -0.05, ""vega"": 0.2, ""gamma"": 0.02}"
2026-04-03 14:59:00,CCI_EXTREME_LOSING,,-9.487619279368586,752.0000000000437,-1.261651499915962,False,7.520000000000437,7.4251238072067505,24400.0,PE,OTM,2,50,23950.781827325533,"{""delta"": -0.5, ""theta"": -0.05, ""vega"": 0.2, ""gamma"": 0.02}"
2026-04-03 15:01:00,AI_ENHANCED_LOSING,,526.4000000000306,752.0000000000437,70.0,True,7.520000000000437,12.784000000000741,24400.0,CE,OTM,2,50,23241.60728202994,"{""delta"": 0.5, ""theta"": -0.05, ""vega"": 0.2, ""gamma"": 0.02}"
2026-04-03 15:01:00,TREND_FOLLOWING_OPTIMIZED,,526.4000000000306,752.0000000000437,70.0,True,7.520000000000437,12.784000000000741,24400.0,CE,OTM,2,50,23241.60728202994,"{""delta"": 0.5, ""theta"": -0.05, ""vega"": 0.2, ""gamma"": 0.02}"
2026-04-03 15:01:00,CCI_EXTREME_LOSING,,526.4000000000306,752.0000000000437,70.0,True,7.520000000000437,12.784000000000741,24400.0,CE,OTM,2,50,23241.60728202994,"{""delta"": 0.5, ""theta"": -0.05, ""vega"": 0.2, ""gamma"": 0.02}"
2026-04-03 15:03:00,AI_ENHANCED_LOSING,,-60.339939857516555,4247.999999999956,-1.420431729225922,False,42.47999999999956,41.8766006014244,24500.0,CE,ATM,2,50,24481.987439249227,"{""delta"": 0.5, ""theta"": -0.05, ""vega"": 0.2, ""gamma"": 0.02}"
2026-04-03 15:03:00,STOCHASTIC_OVERSOLD_LOSING,,2973.5999999999694,4247.999999999956,70.0,True,42.47999999999956,72.21599999999926,24500.0,CE,ATM,2,50,24481.987439249227,"{""delta"": 0.5, ""theta"": -0.05, ""vega"": 0.2, ""gamma"": 0.02}"
2026-04-03 15:03:00,TREND_FOLLOWING_OPTIMIZED,,-48.33661948149507,4247.999999999956,-1.1378676902423626,False,42.47999999999956,41.99663380518461,24500.0,CE,ATM,2,50,24481.987439249227,"{""delta"": 0.5, ""theta"": -0.05, ""vega"": 0.2, ""gamma"": 0.02}"
2026-04-03 15:03:00,ATR_BREAKOUT_LOSING,,2973.5999999999694,4247.999999999956,70.0,True,42.47999999999956,72.21599999999926,24500.0,CE,ATM,2,50,24481.987439249227,"{""delta"": 0.5, ""theta"": -0.05, ""vega"": 0.2, ""gamma"": 0.02}"
2026-04-03 15:05:00,VOLUME_SPIKE_LOSING,,526.4000000000306,752.0000000000437,70.0,True,7.520000000000437,12.784000000000741,24400.0,PE,OTM,2,50,23211.477254505015,"{""delta"": -0.5, ""theta"": -0.05, ""vega"": 0.2, ""gamma"": 0.02}"
2026-04-03 15:07:00,STOCHASTIC_OVERSOLD_LOSING,,526.4000000000306,752.0000000000437,70.0,True,7.520000000000437,12.784000000000741,24400.0,PE,OTM,2,50,23239.571458657232,"{""delta"": -0.5, ""theta"": -0.05, ""vega"": 0.2, ""gamma"": 0.02}"
2026-04-03 15:07:00,STRONG_MOMENTUM_LOSING,,526.4000000000306,752.0000000000437,70.0,True,7.520000000000437,12.784000000000741,24400.0,PE,OTM,2,50,23239.571458657232,"{""delta"": -0.5, ""theta"": -0.05, ""vega"": 0.2, ""gamma"": 0.02}"
2026-04-03 15:07:00,ATR_BREAKOUT_LOSING,,-6.178573219389994,752.0000000000437,-0.8216187791741537,False,7.520000000000437,7.458214267806537,24400.0,PE,OTM,2,50,23239.571458657232,"{""delta"": -0.5, ""theta"": -0.05, ""vega"": 0.2, ""gamma"": 0.02}"
2026-04-03 15:07:00,MOMENTUM_REVERSAL_LOSING,,526.4000000000306,752.0000000000437,70.0,True,7.520000000000437,12.784000000000741,24400.0,PE,OTM,2,50,23239.571458657232,"{""delta"": -0.5, ""theta"": -0.05, ""vega"": 0.2, ""gamma"": 0.02}"
2026-04-03 15:07:00,DAY_HIGH_LOW_OPTIMIZED,,526.4000000000306,752.0000000000437,70.0,True,7.520000000000437,12.784000000000741,24400.0,PE,OTM,2,50,23239.571458657232,"{""delta"": -0.5, ""theta"": -0.05, ""vega"": 0.2, ""gamma"": 0.02}"
2026-04-03 15:07:00,BREAKOUT_REVERSAL_LOSING,,526.4000000000306,752.0000000000437,70.0,True,7.520000000000437,12.784000000000741,24400.0,PE,OTM,2,50,23239.571458657232,"{""delta"": -0.5, ""theta"": -0.05, ""vega"": 0.2, ""gamma"": 0.02}"
2026-04-03 15:09:00,AI_ENHANCED_LOSING,,526.4000000000306,752.0000000000437,70.0,True,7.520000000000437,12.784000000000741,24400.0,CE,OTM,2,50,24116.631689039452,"{""delta"": 0.5, ""theta"": -0.05, ""vega"": 0.2, ""gamma"": 0.02}"
2026-04-03 15:09:00,STOCHASTIC_OVERSOLD_LOSING,,-5.192465328699288,752.0000000000437,-0.6904874107312482,False,7.520000000000437,7.468075346713444,24400.0,CE,OTM,2,50,24116.631689039452,"{""delta"": 0.5, ""theta"": -0.05, ""vega"": 0.2, ""gamma"": 0.02}"
2026-04-03 15:09:00,TREND_FOLLOWING_OPTIMIZED,,526.4000000000306,752.0000000000437,70.0,True,7.520000000000437,12.784000000000741,24400.0,CE,OTM,2,50,24116.631689039452,"{""delta"": 0.5, ""theta"": -0.05, ""vega"": 0.2, ""gamma"": 0.02}"
2026-04-03 15:11:00,HIGH_VOLUME_LOSING,,526.4000000000306,752.0000000000437,70.0,True,7.520000000000437,12.784000000000741,24400.0,CE,OTM,2,50,24176.1046836518,"{""delta"": 0.5, ""theta"": -0.05, ""vega"": 0.2, ""gamma"": 0.02}"
2026-04-03 15:11:00,CCI_EXTREME_LOSING,,-7.324363646292371,752.0000000000437,-0.9739845274324396,False,7.520000000000437,7.446756363537513,24400.0,CE,OTM,2,50,24176.1046836518,"{""delta"": 0.5, ""theta"": -0.05, ""vega"": 0.2, ""gamma"": 0.02}"
2026-04-03 15:13:00,RSI_DIVERGENCE_LOSING,,-5.624449468446048,752.0000000000437,-0.7479321101656545,False,7.520000000000437,7.4637555053159765,24400.0,PE,OTM,2,50,23326.48392031513,"{""delta"": -0.5, ""theta"": -0.05, ""vega"": 0.2, ""gamma"": 0.02}"
2026-04-03 15:13:00,CCI_EXTREME_LOSING,,526.4000000000306,752.0000000000437,70.0,True,7.520000000000437,12.784000000000741,24400.0,PE,OTM,2,50,23326.48392031513,"{""delta"": -0.5, ""theta"": -0.05, ""vega"": 0.2, ""gamma"": 0.02}"
2026-04-03 15:17:00,CCI_EXTREME_LOSING,,526.4000000000306,752.0000000000437,70.0,True,7.520000000000437,12.784000000000741,24400.0,CE,OTM,2,50,23338.554684371196,"{""delta"": 0.5, ""theta"": -0.05, ""vega"": 0.2, ""gamma"": 0.02}"
2026-04-03 15:19:00,AI_ENHANCED_LOSING,,526.4000000000306,752.0000000000437,70.0,True,7.520000000000437,12.784000000000741,24400.0,PE,OTM,2,50,22866.816485317082,"{""delta"": -0.5, ""theta"": -0.05, ""vega"": 0.2, ""gamma"": 0.02}"
2026-04-03 15:19:00,HIGH_VOLUME_LOSING,,-4.479315069141628,752.0000000000437,-0.5956535996198628,False,7.520000000000437,7.4752068493090205,24400.0,PE,OTM,2,50,22866.816485317082,"{""delta"": -0.5, ""theta"": -0.05, ""vega"": 0.2, ""gamma"": 0.02}"
2026-04-03 15:19:00,STRONG_MOMENTUM_LOSING,,-7.630450094802879,752.0000000000437,-1.014687512606707,False,7.520000000000437,7.443695499052408,24400.0,PE,OTM,2,50,22866.816485317082,"{""delta"": -0.5, ""theta"": -0.05, ""vega"": 0.2, ""gamma"": 0.02}"
2026-04-03 15:19:00,ATR_BREAKOUT_LOSING,,-10.542743618743271,752.0000000000437,-1.401960587598758,False,7.520000000000437,7.414572563813004,24400.0,PE,OTM,2,50,22866.816485317082,"{""delta"": -0.5, ""theta"": -0.05, ""vega"": 0.2, ""gamma"": 0.02}"
2026-04-03 15:19:00,MOMENTUM_REVERSAL_LOSING,,526.4000000000306,752.0000000000437,70.0,True,7.520000000000437,12.784000000000741,24400.0,PE,OTM,2,50,22866.816485317082,"{""delta"": -0.5, ""theta"": -0.05, ""vega"": 0.2, ""gamma"": 0.02}"
2026-04-03 15:19:00,BOLLINGER_SQUEEZE_LOSING,,-9.135577125216338,752.0000000000437,-1.214837383672315,False,7.520000000000437,7.428644228748273,24400.0,PE,OTM,2,50,22866.816485317082,"{""delta"": -0.5, ""theta"": -0.05, ""vega"": 0.2, ""gamma"": 0.02}"
2026-04-03 15:23:00,AI_ENHANCED_LOSING,,-71.28658047900105,5752.000000000044,-1.2393355437934719,False,57.52000000000044,56.80713419521042,24300.0,CE,OTM,2,50,24248.99695037157,"{""delta"": 0.5, ""theta"": -0.05, ""vega"": 0.2, ""gamma"": 0.02}"
2026-04-03 15:23:00,STOCHASTIC_OVERSOLD_LOSING,,3738.8000000000284,5752.000000000044,65.0,True,57.52000000000044,94.90800000000071,24300.0,CE,OTM,2,50,24248.99695037157,"{""delta"": 0.5, ""theta"": -0.05, ""vega"": 0.2, ""gamma"": 0.02}"
2026-04-03 15:23:00,CCI_EXTREME_LOSING,,3738.8000000000284,5752.000000000044,65.0,True,57.52000000000044,94.90800000000071,24300.0,CE,OTM,2,50,24248.99695037157,"{""delta"": 0.5, ""theta"": -0.05, ""vega"": 0.2, ""gamma"": 0.02}"
2026-04-03 15:25:00,TREND_FOLLOWING_OPTIMIZED,,526.4000000000306,752.0000000000437,70.0,True,7.520000000000437,12.784000000000741,24400.0,PE,OTM,2,50,23026.02940475918,"{""delta"": -0.5, ""theta"": -0.05, ""vega"": 0.2, ""gamma"": 0.02}"
2026-04-03 15:25:00,BOLLINGER_SQUEEZE_LOSING,,-5.835080767010087,752.0000000000437,-0.7759415913576793,False,7.520000000000437,7.461649192330336,24400.0,PE,OTM,2,50,23026.02940475918,"{""delta"": -0.5, ""theta"": -0.05, ""vega"": 0.2, ""gamma"": 0.02}"
2026-04-03 15:25:00,BREAKOUT_REVERSAL_LOSING,,526.4000000000306,752.0000000000437,70.0,True,7.520000000000437,12.784000000000741,24400.0,PE,OTM,2,50,23026.02940475918,"{""delta"": -0.5, ""theta"": -0.05, ""vega"": 0.2, ""gamma"": 0.02}"
2026-04-03 15:27:00,CCI_EXTREME_LOSING,,526.4000000000306,752.0000000000437,70.0,True,7.520000000000437,12.784000000000741,24400.0,PE,OTM,2,50,23065.685266990014,"{""delta"": -0.5, ""theta"": -0.05, ""vega"": 0.2, ""gamma"": 0.02}"
2026-04-03 15:27:00,ATR_BREAKOUT_LOSING,,-11.012174239238409,752.0000000000437,-1.464384872239065,False,7.520000000000437,7.409878257608052,24400.0,PE,OTM,2,50,23065.685266990014,"{""delta"": -0.5, ""theta"": -0.05, ""vega"": 0.2, ""gamma"": 0.02}"
2026-04-03 15:29:00,RSI_DIVERGENCE_LOSING,,-8.046832298676957,752.0000000000437,-1.070057486526129,False,7.520000000000437,7.439531677013667,24400.0,PE,OTM,2,50,22542.44938367498,"{""delta"": -0.5, ""theta"": -0.05, ""vega"": 0.2, ""gamma"": 0.02}"
2026-04-03 15:29:00,STOCHASTIC_OVERSOLD_LOSING,,526.4000000000306,752.0000000000437,70.0,True,7.520000000000437,12.784000000000741,24400.0,PE,OTM,2,50,22542.44938367498,"{""delta"": -0.5, ""theta"": -0.05, ""vega"": 0.2, ""gamma"": 0.02}"
2026-04-03 15:29:00,STRONG_MOMENTUM_LOSING,,-7.607262844726202,752.0000000000437,-1.0116041016922555,False,7.520000000000437,7.443927371553174,24400.0,PE,OTM,2,50,22542.44938367498,"{""delta"": -0.5, ""theta"": -0.05, ""vega"": 0.2, ""gamma"": 0.02}"
