timestamp,strategy,strategy_type,pnl,investment,roi,is_win,entry_price,exit_price,strike_price,option_type,strike_type,lots,lot_size,spot_price,greeks
2026-04-03 09:15:00,VOLUME_SPIKE_LOSING,,-8.618023903421602,752.0000000000437,-1.1460138169442955,False,7.520000000000437,7.43381976096622,24400.0,CE,ATM,2,50,24415.224831119027,"{""delta"": 0.5, ""theta"": -0.05, ""vega"": 0.2, ""gamma"": 0.02}"
2026-04-03 09:17:00,ATR_BREAKOUT_LOSING,,-6.831253603376348,752.0000000000437,-0.9084113834276532,False,7.520000000000437,7.451687463966673,24400.0,CE,OTM,2,50,22702.62932431181,"{""delta"": 0.5, ""theta"": -0.05, ""vega"": 0.2, ""gamma"": 0.02}"
2026-04-03 09:19:00,MULTI_TIMEFRAME_LOSING,,526.4000000000306,752.0000000000437,70.0,True,7.520000000000437,12.784000000000741,24400.0,CE,OTM,2,50,23209.14900203163,"{""delta"": 0.5, ""theta"": -0.05, ""vega"": 0.2, ""gamma"": 0.02}"
2026-04-03 09:19:00,STOCHASTIC_OVERSOLD_LOSING,,526.4000000000306,752.0000000000437,70.0,True,7.520000000000437,12.784000000000741,24400.0,CE,OTM,2,50,23209.14900203163,"{""delta"": 0.5, ""theta"": -0.05, ""vega"": 0.2, ""gamma"": 0.02}"
2026-04-03 09:19:00,CCI_EXTREME_LOSING,,-4.067128461058609,752.0000000000437,-0.5408415506726559,False,7.520000000000437,7.47932871538985,24400.0,CE,OTM,2,50,23209.14900203163,"{""delta"": 0.5, ""theta"": -0.05, ""vega"": 0.2, ""gamma"": 0.02}"
2026-04-03 09:19:00,DAY_HIGH_LOW_OPTIMIZED,,526.4000000000306,752.0000000000437,70.0,True,7.520000000000437,12.784000000000741,24400.0,CE,OTM,2,50,23209.14900203163,"{""delta"": 0.5, ""theta"": -0.05, ""vega"": 0.2, ""gamma"": 0.02}"
2026-04-03 09:19:00,BREAKOUT_REVERSAL_LOSING,,526.4000000000306,752.0000000000437,70.0,True,7.520000000000437,12.784000000000741,24400.0,CE,OTM,2,50,23209.14900203163,"{""delta"": 0.5, ""theta"": -0.05, ""vega"": 0.2, ""gamma"": 0.02}"
2026-04-03 09:21:00,MULTI_TIMEFRAME_LOSING,,526.4000000000306,752.0000000000437,70.0,True,7.520000000000437,12.784000000000741,24400.0,PE,OTM,2,50,22621.335877884645,"{""delta"": -0.5, ""theta"": -0.05, ""vega"": 0.2, ""gamma"": 0.02}"
2026-04-03 09:21:00,STRONG_MOMENTUM_LOSING,,-9.313363167931156,752.0000000000437,-1.2384791446716243,False,7.520000000000437,7.426866368321125,24400.0,PE,OTM,2,50,22621.335877884645,"{""delta"": -0.5, ""theta"": -0.05, ""vega"": 0.2, ""gamma"": 0.02}"
2026-04-03 09:21:00,MOMENTUM_REVERSAL_LOSING,,526.4000000000306,752.0000000000437,70.0,True,7.520000000000437,12.784000000000741,24400.0,PE,OTM,2,50,22621.335877884645,"{""delta"": -0.5, ""theta"": -0.05, ""vega"": 0.2, ""gamma"": 0.02}"
2026-04-03 09:21:00,BOLLINGER_SQUEEZE_LOSING,,526.4000000000306,752.0000000000437,70.0,True,7.520000000000437,12.784000000000741,24400.0,PE,OTM,2,50,22621.335877884645,"{""delta"": -0.5, ""theta"": -0.05, ""vega"": 0.2, ""gamma"": 0.02}"
2026-04-03 09:21:00,BREAKOUT_REVERSAL_LOSING,,-9.142854842983857,752.0000000000437,-1.2158051652903359,False,7.520000000000437,7.428571451570598,24400.0,PE,OTM,2,50,22621.335877884645,"{""delta"": -0.5, ""theta"": -0.05, ""vega"": 0.2, ""gamma"": 0.02}"
2026-04-03 09:23:00,STRONG_MOMENTUM_LOSING,,526.4000000000306,752.0000000000437,70.0,True,7.520000000000437,12.784000000000741,24400.0,CE,OTM,2,50,24195.20421634488,"{""delta"": 0.5, ""theta"": -0.05, ""vega"": 0.2, ""gamma"": 0.02}"
2026-04-03 09:23:00,MOMENTUM_REVERSAL_LOSING,,526.4000000000306,752.0000000000437,70.0,True,7.520000000000437,12.784000000000741,24400.0,CE,OTM,2,50,24195.20421634488,"{""delta"": 0.5, ""theta"": -0.05, ""vega"": 0.2, ""gamma"": 0.02}"
2026-04-03 09:25:00,RSI_DIVERGENCE_LOSING,,526.4000000000306,752.0000000000437,70.0,True,7.520000000000437,12.784000000000741,24400.0,CE,OTM,2,50,23841.754531068047,"{""delta"": 0.5, ""theta"": -0.05, ""vega"": 0.2, ""gamma"": 0.02}"
2026-04-03 09:27:00,CCI_EXTREME_LOSING,,526.4000000000306,752.0000000000437,70.0,True,7.520000000000437,12.784000000000741,24400.0,PE,OTM,2,50,22829.198229655045,"{""delta"": -0.5, ""theta"": -0.05, ""vega"": 0.2, ""gamma"": 0.02}"
2026-04-03 09:27:00,ATR_BREAKOUT_LOSING,,-7.149108172943478,752.0000000000437,-0.9506792783168967,False,7.520000000000437,7.448508918271002,24400.0,PE,OTM,2,50,22829.198229655045,"{""delta"": -0.5, ""theta"": -0.05, ""vega"": 0.2, ""gamma"": 0.02}"
2026-04-03 09:29:00,MULTI_TIMEFRAME_LOSING,,-9.654247520412708,752.0000000000437,-1.283809510693105,False,7.520000000000437,7.4234575247963095,24400.0,CE,OTM,2,50,24027.41266510436,"{""delta"": 0.5, ""theta"": -0.05, ""vega"": 0.2, ""gamma"": 0.02}"
2026-04-03 09:29:00,AI_ENHANCED_LOSING,,526.4000000000306,752.0000000000437,70.0,True,7.520000000000437,12.784000000000741,24400.0,CE,OTM,2,50,24027.41266510436,"{""delta"": 0.5, ""theta"": -0.05, ""vega"": 0.2, ""gamma"": 0.02}"
2026-04-03 09:29:00,MACD_DIVERGENCE_LOSING,,526.4000000000306,752.0000000000437,70.0,True,7.520000000000437,12.784000000000741,24400.0,CE,OTM,2,50,24027.41266510436,"{""delta"": 0.5, ""theta"": -0.05, ""vega"": 0.2, ""gamma"": 0.02}"
2026-04-03 09:29:00,ATR_BREAKOUT_LOSING,,526.4000000000306,752.0000000000437,70.0,True,7.520000000000437,12.784000000000741,24400.0,CE,OTM,2,50,24027.41266510436,"{""delta"": 0.5, ""theta"": -0.05, ""vega"": 0.2, ""gamma"": 0.02}"
2026-04-03 09:29:00,MOMENTUM_REVERSAL_LOSING,,526.4000000000306,752.0000000000437,70.0,True,7.520000000000437,12.784000000000741,24400.0,CE,OTM,2,50,24027.41266510436,"{""delta"": 0.5, ""theta"": -0.05, ""vega"": 0.2, ""gamma"": 0.02}"
2026-04-03 09:29:00,DAY_HIGH_LOW_OPTIMIZED,,526.4000000000306,752.0000000000437,70.0,True,7.520000000000437,12.784000000000741,24400.0,CE,OTM,2,50,24027.41266510436,"{""delta"": 0.5, ""theta"": -0.05, ""vega"": 0.2, ""gamma"": 0.02}"
2026-04-03 09:29:00,BREAKOUT_REVERSAL_LOSING,,526.4000000000306,752.0000000000437,70.0,True,7.520000000000437,12.784000000000741,24400.0,CE,OTM,2,50,24027.41266510436,"{""delta"": 0.5, ""theta"": -0.05, ""vega"": 0.2, ""gamma"": 0.02}"
2026-04-03 09:31:00,CCI_EXTREME_LOSING,,526.4000000000306,752.0000000000437,70.0,True,7.520000000000437,12.784000000000741,24400.0,PE,OTM,2,50,24085.5124400703,"{""delta"": -0.5, ""theta"": -0.05, ""vega"": 0.2, ""gamma"": 0.02}"
2026-04-03 09:31:00,ATR_BREAKOUT_LOSING,,526.4000000000306,752.0000000000437,70.0,True,7.520000000000437,12.784000000000741,24400.0,PE,OTM,2,50,24085.5124400703,"{""delta"": -0.5, ""theta"": -0.05, ""vega"": 0.2, ""gamma"": 0.02}"
2026-04-03 09:33:00,AI_ENHANCED_LOSING,,-4.734929482068404,752.0000000000437,-0.6296448779345917,False,7.520000000000437,7.472650705179753,24400.0,PE,ATM,2,50,24392.897300340224,"{""delta"": -0.5, ""theta"": -0.05, ""vega"": 0.2, ""gamma"": 0.02}"
2026-04-03 09:33:00,CCI_EXTREME_LOSING,,-11.191880802079247,752.0000000000437,-1.488282021553005,False,7.520000000000437,7.408081191979645,24400.0,PE,ATM,2,50,24392.897300340224,"{""delta"": -0.5, ""theta"": -0.05, ""vega"": 0.2, ""gamma"": 0.02}"
2026-04-03 09:35:00,VOLUME_SPIKE_LOSING,,526.4000000000306,752.0000000000437,70.0,True,7.520000000000437,12.784000000000741,24400.0,CE,OTM,2,50,23608.237046787173,"{""delta"": 0.5, ""theta"": -0.05, ""vega"": 0.2, ""gamma"": 0.02}"
2026-04-03 09:35:00,HIGH_VOLUME_LOSING,,526.4000000000306,752.0000000000437,70.0,True,7.520000000000437,12.784000000000741,24400.0,CE,OTM,2,50,23608.237046787173,"{""delta"": 0.5, ""theta"": -0.05, ""vega"": 0.2, ""gamma"": 0.02}"
2026-04-03 09:35:00,ATR_BREAKOUT_LOSING,,-4.378108559848669,752.0000000000437,-0.5821952872138849,False,7.520000000000437,7.47621891440195,24400.0,CE,OTM,2,50,23608.237046787173,"{""delta"": 0.5, ""theta"": -0.05, ""vega"": 0.2, ""gamma"": 0.02}"
2026-04-03 09:37:00,CCI_EXTREME_LOSING,,-6.310286475536268,752.0000000000437,-0.8391338398319018,False,7.520000000000437,7.4568971352450735,24400.0,PE,OTM,2,50,24104.51415580634,"{""delta"": -0.5, ""theta"": -0.05, ""vega"": 0.2, ""gamma"": 0.02}"
2026-04-03 09:37:00,ATR_BREAKOUT_LOSING,,526.4000000000306,752.0000000000437,70.0,True,7.520000000000437,12.784000000000741,24400.0,PE,OTM,2,50,24104.51415580634,"{""delta"": -0.5, ""theta"": -0.05, ""vega"": 0.2, ""gamma"": 0.02}"
2026-04-03 09:39:00,MULTI_TIMEFRAME_LOSING,,2973.5999999999694,4247.999999999956,70.0,True,42.47999999999956,72.21599999999926,24500.0,CE,ITM,2,50,24571.03280424384,"{""delta"": 0.5, ""theta"": -0.05, ""vega"": 0.2, ""gamma"": 0.02}"
2026-04-03 09:39:00,AI_ENHANCED_LOSING,,-28.57059439089123,4247.999999999956,-0.6725657813298381,False,42.47999999999956,42.194294056090655,24500.0,CE,ITM,2,50,24571.03280424384,"{""delta"": 0.5, ""theta"": -0.05, ""vega"": 0.2, ""gamma"": 0.02}"
2026-04-03 09:39:00,STOCHASTIC_OVERSOLD_LOSING,,2973.5999999999694,4247.999999999956,70.0,True,42.47999999999956,72.21599999999926,24500.0,CE,ITM,2,50,24571.03280424384,"{""delta"": 0.5, ""theta"": -0.05, ""vega"": 0.2, ""gamma"": 0.02}"
2026-04-03 09:39:00,TREND_FOLLOWING_OPTIMIZED,,2973.5999999999694,4247.999999999956,70.0,True,42.47999999999956,72.21599999999926,24500.0,CE,ITM,2,50,24571.03280424384,"{""delta"": 0.5, ""theta"": -0.05, ""vega"": 0.2, ""gamma"": 0.02}"
2026-04-03 09:39:00,STRONG_MOMENTUM_LOSING,,2973.5999999999694,4247.999999999956,70.0,True,42.47999999999956,72.21599999999926,24500.0,CE,ITM,2,50,24571.03280424384,"{""delta"": 0.5, ""theta"": -0.05, ""vega"": 0.2, ""gamma"": 0.02}"
2026-04-03 09:39:00,CCI_EXTREME_LOSING,,2973.5999999999694,4247.999999999956,70.0,True,42.47999999999956,72.21599999999926,24500.0,CE,ITM,2,50,24571.03280424384,"{""delta"": 0.5, ""theta"": -0.05, ""vega"": 0.2, ""gamma"": 0.02}"
2026-04-03 09:39:00,MOMENTUM_REVERSAL_LOSING,,2973.5999999999694,4247.999999999956,70.0,True,42.47999999999956,72.21599999999926,24500.0,CE,ITM,2,50,24571.03280424384,"{""delta"": 0.5, ""theta"": -0.05, ""vega"": 0.2, ""gamma"": 0.02}"
2026-04-03 09:39:00,BOLLINGER_SQUEEZE_LOSING,,-47.862043596861476,4247.999999999956,-1.1266959415457147,False,42.47999999999956,42.00137956403095,24500.0,CE,ITM,2,50,24571.03280424384,"{""delta"": 0.5, ""theta"": -0.05, ""vega"": 0.2, ""gamma"": 0.02}"
2026-04-03 09:41:00,RSI_DIVERGENCE_LOSING,,526.4000000000306,752.0000000000437,70.0,True,7.520000000000437,12.784000000000741,24400.0,CE,OTM,2,50,23471.579906263752,"{""delta"": 0.5, ""theta"": -0.05, ""vega"": 0.2, ""gamma"": 0.02}"
2026-04-03 09:43:00,AI_ENHANCED_LOSING,,526.4000000000306,752.0000000000437,70.0,True,7.520000000000437,12.784000000000741,24400.0,PE,OTM,2,50,23296.15975325568,"{""delta"": -0.5, ""theta"": -0.05, ""vega"": 0.2, ""gamma"": 0.02}"
2026-04-03 09:43:00,TREND_FOLLOWING_OPTIMIZED,,-5.475657594733246,752.0000000000437,-0.7281459567464,False,7.520000000000437,7.465243424053105,24400.0,PE,OTM,2,50,23296.15975325568,"{""delta"": -0.5, ""theta"": -0.05, ""vega"": 0.2, ""gamma"": 0.02}"
2026-04-03 09:43:00,VOLUME_SPIKE_LOSING,,-10.018932608850001,752.0000000000437,-1.3323048681980612,False,7.520000000000437,7.419810673911936,24400.0,PE,OTM,2,50,23296.15975325568,"{""delta"": -0.5, ""theta"": -0.05, ""vega"": 0.2, ""gamma"": 0.02}"
2026-04-03 09:43:00,STRONG_MOMENTUM_LOSING,,526.4000000000306,752.0000000000437,70.0,True,7.520000000000437,12.784000000000741,24400.0,PE,OTM,2,50,23296.15975325568,"{""delta"": -0.5, ""theta"": -0.05, ""vega"": 0.2, ""gamma"": 0.02}"
2026-04-03 09:43:00,ATR_BREAKOUT_LOSING,,526.4000000000306,752.0000000000437,70.0,True,7.520000000000437,12.784000000000741,24400.0,PE,OTM,2,50,23296.15975325568,"{""delta"": -0.5, ""theta"": -0.05, ""vega"": 0.2, ""gamma"": 0.02}"
2026-04-03 09:43:00,BREAKOUT_REVERSAL_LOSING,,526.4000000000306,752.0000000000437,70.0,True,7.520000000000437,12.784000000000741,24400.0,PE,OTM,2,50,23296.15975325568,"{""delta"": -0.5, ""theta"": -0.05, ""vega"": 0.2, ""gamma"": 0.02}"
2026-04-03 09:45:00,CCI_EXTREME_LOSING,,526.4000000000306,752.0000000000437,70.0,True,7.520000000000437,12.784000000000741,24400.0,PE,OTM,2,50,23247.109416052845,"{""delta"": -0.5, ""theta"": -0.05, ""vega"": 0.2, ""gamma"": 0.02}"
2026-04-03 09:45:00,ATR_BREAKOUT_LOSING,,-5.36460129468927,752.0000000000437,-0.713377831740553,False,7.520000000000437,7.466353987053544,24400.0,PE,OTM,2,50,23247.109416052845,"{""delta"": -0.5, ""theta"": -0.05, ""vega"": 0.2, ""gamma"": 0.02}"
2026-04-03 09:47:00,STOCHASTIC_OVERSOLD_LOSING,,526.4000000000306,752.0000000000437,70.0,True,7.520000000000437,12.784000000000741,24400.0,PE,OTM,2,50,23968.66614195538,"{""delta"": -0.5, ""theta"": -0.05, ""vega"": 0.2, ""gamma"": 0.02}"
2026-04-03 09:47:00,TREND_FOLLOWING_OPTIMIZED,,526.4000000000306,752.0000000000437,70.0,True,7.520000000000437,12.784000000000741,24400.0,PE,OTM,2,50,23968.66614195538,"{""delta"": -0.5, ""theta"": -0.05, ""vega"": 0.2, ""gamma"": 0.02}"
2026-04-03 09:47:00,MOMENTUM_REVERSAL_LOSING,,526.4000000000306,752.0000000000437,70.0,True,7.520000000000437,12.784000000000741,24400.0,PE,OTM,2,50,23968.66614195538,"{""delta"": -0.5, ""theta"": -0.05, ""vega"": 0.2, ""gamma"": 0.02}"
2026-04-03 09:47:00,DAY_HIGH_LOW_OPTIMIZED,,526.4000000000306,752.0000000000437,70.0,True,7.520000000000437,12.784000000000741,24400.0,PE,OTM,2,50,23968.66614195538,"{""delta"": -0.5, ""theta"": -0.05, ""vega"": 0.2, ""gamma"": 0.02}"
2026-04-03 09:49:00,MACD_DIVERGENCE_LOSING,,526.4000000000306,752.0000000000437,70.0,True,7.520000000000437,12.784000000000741,24400.0,CE,OTM,2,50,24197.468821314655,"{""delta"": 0.5, ""theta"": -0.05, ""vega"": 0.2, ""gamma"": 0.02}"
2026-04-03 09:49:00,WILLIAMS_REVERSAL_LOSING,,-5.185413589299734,752.0000000000437,-0.6895496794281161,False,7.520000000000437,7.46814586410744,24400.0,CE,OTM,2,50,24197.468821314655,"{""delta"": 0.5, ""theta"": -0.05, ""vega"": 0.2, ""gamma"": 0.02}"
2026-04-03 09:49:00,CCI_EXTREME_LOSING,,526.4000000000306,752.0000000000437,70.0,True,7.520000000000437,12.784000000000741,24400.0,CE,OTM,2,50,24197.468821314655,"{""delta"": 0.5, ""theta"": -0.05, ""vega"": 0.2, ""gamma"": 0.02}"
2026-04-03 09:49:00,BREAKOUT_REVERSAL_LOSING,,526.4000000000306,752.0000000000437,70.0,True,7.520000000000437,12.784000000000741,24400.0,CE,OTM,2,50,24197.468821314655,"{""delta"": 0.5, ""theta"": -0.05, ""vega"": 0.2, ""gamma"": 0.02}"
2026-04-03 09:51:00,MULTI_TIMEFRAME_LOSING,,526.4000000000306,752.0000000000437,70.0,True,7.520000000000437,12.784000000000741,24400.0,PE,OTM,2,50,23153.320998456227,"{""delta"": -0.5, ""theta"": -0.05, ""vega"": 0.2, ""gamma"": 0.02}"
2026-04-03 09:51:00,MOMENTUM_REVERSAL_LOSING,,-8.891173212984075,752.0000000000437,-1.1823368634286648,False,7.520000000000437,7.431088267870596,24400.0,PE,OTM,2,50,23153.320998456227,"{""delta"": -0.5, ""theta"": -0.05, ""vega"": 0.2, ""gamma"": 0.02}"
2026-04-03 09:51:00,DAY_HIGH_LOW_OPTIMIZED,,-6.067165685160465,752.0000000000437,-0.806803947494696,False,7.520000000000437,7.459328343148832,24400.0,PE,OTM,2,50,23153.320998456227,"{""delta"": -0.5, ""theta"": -0.05, ""vega"": 0.2, ""gamma"": 0.02}"
2026-04-03 09:51:00,BOLLINGER_SQUEEZE_LOSING,,526.4000000000306,752.0000000000437,70.0,True,7.520000000000437,12.784000000000741,24400.0,PE,OTM,2,50,23153.320998456227,"{""delta"": -0.5, ""theta"": -0.05, ""vega"": 0.2, ""gamma"": 0.02}"
2026-04-03 09:53:00,AI_ENHANCED_LOSING,,-5.328916161762198,752.0000000000437,-0.7086324683194001,False,7.520000000000437,7.466710838382815,24400.0,PE,OTM,2,50,24308.620776220265,"{""delta"": -0.5, ""theta"": -0.05, ""vega"": 0.2, ""gamma"": 0.02}"
2026-04-03 09:53:00,STOCHASTIC_OVERSOLD_LOSING,,526.4000000000306,752.0000000000437,70.0,True,7.520000000000437,12.784000000000741,24400.0,PE,OTM,2,50,24308.620776220265,"{""delta"": -0.5, ""theta"": -0.05, ""vega"": 0.2, ""gamma"": 0.02}"
2026-04-03 09:55:00,AI_ENHANCED_LOSING,,526.4000000000306,752.0000000000437,70.0,True,7.520000000000437,12.784000000000741,24400.0,CE,OTM,2,50,23923.90853822484,"{""delta"": 0.5, ""theta"": -0.05, ""vega"": 0.2, ""gamma"": 0.02}"
2026-04-03 09:55:00,TREND_FOLLOWING_OPTIMIZED,,-9.187804658339191,752.0000000000437,-1.221782534353545,False,7.520000000000437,7.428121953417045,24400.0,CE,OTM,2,50,23923.90853822484,"{""delta"": 0.5, ""theta"": -0.05, ""vega"": 0.2, ""gamma"": 0.02}"
2026-04-03 09:55:00,VOLUME_SPIKE_LOSING,,526.4000000000306,752.0000000000437,70.0,True,7.520000000000437,12.784000000000741,24400.0,CE,OTM,2,50,23923.90853822484,"{""delta"": 0.5, ""theta"": -0.05, ""vega"": 0.2, ""gamma"": 0.02}"
2026-04-03 09:55:00,ATR_BREAKOUT_LOSING,,526.4000000000306,752.0000000000437,70.0,True,7.520000000000437,12.784000000000741,24400.0,CE,OTM,2,50,23923.90853822484,"{""delta"": 0.5, ""theta"": -0.05, ""vega"": 0.2, ""gamma"": 0.02}"
2026-04-03 09:55:00,MOMENTUM_REVERSAL_LOSING,,526.4000000000306,752.0000000000437,70.0,True,7.520000000000437,12.784000000000741,24400.0,CE,OTM,2,50,23923.90853822484,"{""delta"": 0.5, ""theta"": -0.05, ""vega"": 0.2, ""gamma"": 0.02}"
2026-04-03 09:55:00,BREAKOUT_REVERSAL_LOSING,,-10.155309064882688,752.0000000000437,-1.3504400352236834,False,7.520000000000437,7.418446909351609,24400.0,CE,OTM,2,50,23923.90853822484,"{""delta"": 0.5, ""theta"": -0.05, ""vega"": 0.2, ""gamma"": 0.02}"
2026-04-03 09:57:00,TREND_FOLLOWING_OPTIMIZED,,-10.557546431144473,752.0000000000437,-1.4039290466946623,False,7.520000000000437,7.414424535688992,24400.0,CE,OTM,2,50,23947.80023520461,"{""delta"": 0.5, ""theta"": -0.05, ""vega"": 0.2, ""gamma"": 0.02}"
2026-04-03 09:59:00,AI_ENHANCED_LOSING,,-5.188323378380516,752.0000000000437,-0.689936619465454,False,7.520000000000437,7.468116766216631,24400.0,CE,OTM,2,50,23228.157855753157,"{""delta"": 0.5, ""theta"": -0.05, ""vega"": 0.2, ""gamma"": 0.02}"
2026-04-03 09:59:00,STOCHASTIC_OVERSOLD_LOSING,,526.4000000000306,752.0000000000437,70.0,True,7.520000000000437,12.784000000000741,24400.0,CE,OTM,2,50,23228.157855753157,"{""delta"": 0.5, ""theta"": -0.05, ""vega"": 0.2, ""gamma"": 0.02}"
2026-04-03 10:01:00,MULTI_TIMEFRAME_LOSING,,526.4000000000306,752.0000000000437,70.0,True,7.520000000000437,12.784000000000741,24400.0,PE,OTM,2,50,23899.308353573248,"{""delta"": -0.5, ""theta"": -0.05, ""vega"": 0.2, ""gamma"": 0.02}"
2026-04-03 10:01:00,AI_ENHANCED_LOSING,,526.4000000000306,752.0000000000437,70.0,True,7.520000000000437,12.784000000000741,24400.0,PE,OTM,2,50,23899.308353573248,"{""delta"": -0.5, ""theta"": -0.05, ""vega"": 0.2, ""gamma"": 0.02}"
2026-04-03 10:01:00,RSI_DIVERGENCE_LOSING,,526.4000000000306,752.0000000000437,70.0,True,7.520000000000437,12.784000000000741,24400.0,PE,OTM,2,50,23899.308353573248,"{""delta"": -0.5, ""theta"": -0.05, ""vega"": 0.2, ""gamma"": 0.02}"
2026-04-03 10:01:00,STOCHASTIC_OVERSOLD_LOSING,,526.4000000000306,752.0000000000437,70.0,True,7.520000000000437,12.784000000000741,24400.0,PE,OTM,2,50,23899.308353573248,"{""delta"": -0.5, ""theta"": -0.05, ""vega"": 0.2, ""gamma"": 0.02}"
2026-04-03 10:01:00,TREND_FOLLOWING_OPTIMIZED,,526.4000000000306,752.0000000000437,70.0,True,7.520000000000437,12.784000000000741,24400.0,PE,OTM,2,50,23899.308353573248,"{""delta"": -0.5, ""theta"": -0.05, ""vega"": 0.2, ""gamma"": 0.02}"
2026-04-03 10:01:00,CCI_EXTREME_LOSING,,526.4000000000306,752.0000000000437,70.0,True,7.520000000000437,12.784000000000741,24400.0,PE,OTM,2,50,23899.308353573248,"{""delta"": -0.5, ""theta"": -0.05, ""vega"": 0.2, ""gamma"": 0.02}"
2026-04-03 10:01:00,MOMENTUM_REVERSAL_LOSING,,526.4000000000306,752.0000000000437,70.0,True,7.520000000000437,12.784000000000741,24400.0,PE,OTM,2,50,23899.308353573248,"{""delta"": -0.5, ""theta"": -0.05, ""vega"": 0.2, ""gamma"": 0.02}"
2026-04-03 10:01:00,BREAKOUT_REVERSAL_LOSING,,-7.253035923738385,752.0000000000437,-0.9644994579438783,False,7.520000000000437,7.447469640763052,24400.0,PE,OTM,2,50,23899.308353573248,"{""delta"": -0.5, ""theta"": -0.05, ""vega"": 0.2, ""gamma"": 0.02}"
2026-04-03 10:03:00,MULTI_TIMEFRAME_LOSING,,2973.5999999999694,4247.999999999956,70.0,True,42.47999999999956,72.21599999999926,24500.0,CE,ITM,2,50,24608.605654722753,"{""delta"": 0.5, ""theta"": -0.05, ""vega"": 0.2, ""gamma"": 0.02}"
2026-04-03 10:03:00,MACD_DIVERGENCE_LOSING,,2973.5999999999694,4247.999999999956,70.0,True,42.47999999999956,72.21599999999926,24500.0,CE,ITM,2,50,24608.605654722753,"{""delta"": 0.5, ""theta"": -0.05, ""vega"": 0.2, ""gamma"": 0.02}"
2026-04-03 10:03:00,WILLIAMS_REVERSAL_LOSING,,-29.414564479789576,4247.999999999956,-0.6924332504658635,False,42.47999999999956,42.18585435520167,24500.0,CE,ITM,2,50,24608.605654722753,"{""delta"": 0.5, ""theta"": -0.05, ""vega"": 0.2, ""gamma"": 0.02}"
2026-04-03 10:03:00,ATR_BREAKOUT_LOSING,,2973.5999999999694,4247.999999999956,70.0,True,42.47999999999956,72.21599999999926,24500.0,CE,ITM,2,50,24608.605654722753,"{""delta"": 0.5, ""theta"": -0.05, ""vega"": 0.2, ""gamma"": 0.02}"
2026-04-03 10:05:00,AI_ENHANCED_LOSING,,526.4000000000306,752.0000000000437,70.0,True,7.520000000000437,12.784000000000741,24400.0,CE,OTM,2,50,23719.14596826536,"{""delta"": 0.5, ""theta"": -0.05, ""vega"": 0.2, ""gamma"": 0.02}"
2026-04-03 10:05:00,TREND_FOLLOWING_OPTIMIZED,,-7.0593886846030465,752.0000000000437,-0.9387484952929037,False,7.520000000000437,7.449406113154406,24400.0,CE,OTM,2,50,23719.14596826536,"{""delta"": 0.5, ""theta"": -0.05, ""vega"": 0.2, ""gamma"": 0.02}"
2026-04-03 10:05:00,STRONG_MOMENTUM_LOSING,,526.4000000000306,752.0000000000437,70.0,True,7.520000000000437,12.784000000000741,24400.0,CE,OTM,2,50,23719.14596826536,"{""delta"": 0.5, ""theta"": -0.05, ""vega"": 0.2, ""gamma"": 0.02}"
2026-04-03 10:07:00,STRONG_MOMENTUM_LOSING,,526.4000000000306,752.0000000000437,70.0,True,7.520000000000437,12.784000000000741,24400.0,PE,OTM,2,50,22595.15357080627,"{""delta"": -0.5, ""theta"": -0.05, ""vega"": 0.2, ""gamma"": 0.02}"
2026-04-03 10:07:00,WILLIAMS_REVERSAL_LOSING,,-5.255816955330852,752.0000000000437,-0.6989118291662961,False,7.520000000000437,7.467441830447128,24400.0,PE,OTM,2,50,22595.15357080627,"{""delta"": -0.5, ""theta"": -0.05, ""vega"": 0.2, ""gamma"": 0.02}"
2026-04-03 10:07:00,DAY_HIGH_LOW_OPTIMIZED,,-9.631956658290445,752.0000000000437,-1.2808453003045062,False,7.520000000000437,7.423680433417532,24400.0,PE,OTM,2,50,22595.15357080627,"{""delta"": -0.5, ""theta"": -0.05, ""vega"": 0.2, ""gamma"": 0.02}"
2026-04-03 10:07:00,BREAKOUT_REVERSAL_LOSING,,526.4000000000306,752.0000000000437,70.0,True,7.520000000000437,12.784000000000741,24400.0,PE,OTM,2,50,22595.15357080627,"{""delta"": -0.5, ""theta"": -0.05, ""vega"": 0.2, ""gamma"": 0.02}"
2026-04-03 10:09:00,AI_ENHANCED_LOSING,,-4.551102007446623,752.0000000000437,-0.6051997350327605,False,7.520000000000437,7.474488979925971,24400.0,CE,OTM,2,50,22717.375907992096,"{""delta"": 0.5, ""theta"": -0.05, ""vega"": 0.2, ""gamma"": 0.02}"
2026-04-03 10:09:00,RSI_DIVERGENCE_LOSING,,526.4000000000306,752.0000000000437,70.0,True,7.520000000000437,12.784000000000741,24400.0,CE,OTM,2,50,22717.375907992096,"{""delta"": 0.5, ""theta"": -0.05, ""vega"": 0.2, ""gamma"": 0.02}"
2026-04-03 10:11:00,AI_ENHANCED_LOSING,,-5.9141787085995,752.0000000000437,-0.7864599346541431,False,7.520000000000437,7.460858212914442,24400.0,CE,OTM,2,50,23387.949442663426,"{""delta"": 0.5, ""theta"": -0.05, ""vega"": 0.2, ""gamma"": 0.02}"
2026-04-03 10:11:00,RSI_DIVERGENCE_LOSING,,526.4000000000306,752.0000000000437,70.0,True,7.520000000000437,12.784000000000741,24400.0,CE,OTM,2,50,23387.949442663426,"{""delta"": 0.5, ""theta"": -0.05, ""vega"": 0.2, ""gamma"": 0.02}"
2026-04-03 10:11:00,STOCHASTIC_OVERSOLD_LOSING,,526.4000000000306,752.0000000000437,70.0,True,7.520000000000437,12.784000000000741,24400.0,CE,OTM,2,50,23387.949442663426,"{""delta"": 0.5, ""theta"": -0.05, ""vega"": 0.2, ""gamma"": 0.02}"
2026-04-03 10:11:00,STRONG_MOMENTUM_LOSING,,526.4000000000306,752.0000000000437,70.0,True,7.520000000000437,12.784000000000741,24400.0,CE,OTM,2,50,23387.949442663426,"{""delta"": 0.5, ""theta"": -0.05, ""vega"": 0.2, ""gamma"": 0.02}"
2026-04-03 10:11:00,ATR_BREAKOUT_LOSING,,-4.796181952101475,752.0000000000437,-0.6377901532049464,False,7.520000000000437,7.472038180479422,24400.0,CE,OTM,2,50,23387.949442663426,"{""delta"": 0.5, ""theta"": -0.05, ""vega"": 0.2, ""gamma"": 0.02}"
2026-04-03 10:11:00,MOMENTUM_REVERSAL_LOSING,,526.4000000000306,752.0000000000437,70.0,True,7.520000000000437,12.784000000000741,24400.0,CE,OTM,2,50,23387.949442663426,"{""delta"": 0.5, ""theta"": -0.05, ""vega"": 0.2, ""gamma"": 0.02}"
2026-04-03 10:11:00,DAY_HIGH_LOW_OPTIMIZED,,526.4000000000306,752.0000000000437,70.0,True,7.520000000000437,12.784000000000741,24400.0,CE,OTM,2,50,23387.949442663426,"{""delta"": 0.5, ""theta"": -0.05, ""vega"": 0.2, ""gamma"": 0.02}"
2026-04-03 10:13:00,STOCHASTIC_OVERSOLD_LOSING,,526.4000000000306,752.0000000000437,70.0,True,7.520000000000437,12.784000000000741,24400.0,CE,ITM,2,50,24699.712451656593,"{""delta"": 0.5, ""theta"": -0.05, ""vega"": 0.2, ""gamma"": 0.02}"
2026-04-03 10:13:00,TREND_FOLLOWING_OPTIMIZED,,526.4000000000306,752.0000000000437,70.0,True,7.520000000000437,12.784000000000741,24400.0,CE,ITM,2,50,24699.712451656593,"{""delta"": 0.5, ""theta"": -0.05, ""vega"": 0.2, ""gamma"": 0.02}"
2026-04-03 10:13:00,STRONG_MOMENTUM_LOSING,,526.4000000000306,752.0000000000437,70.0,True,7.520000000000437,12.784000000000741,24400.0,CE,ITM,2,50,24699.712451656593,"{""delta"": 0.5, ""theta"": -0.05, ""vega"": 0.2, ""gamma"": 0.02}"
2026-04-03 10:13:00,CCI_EXTREME_LOSING,,-5.084941894656706,752.0000000000437,-0.6761890817362248,False,7.520000000000437,7.46915058105387,24400.0,CE,ITM,2,50,24699.712451656593,"{""delta"": 0.5, ""theta"": -0.05, ""vega"": 0.2, ""gamma"": 0.02}"
2026-04-03 10:15:00,AI_ENHANCED_LOSING,,526.4000000000306,752.0000000000437,70.0,True,7.520000000000437,12.784000000000741,24400.0,PE,ATM,2,50,24359.1112246312,"{""delta"": -0.5, ""theta"": -0.05, ""vega"": 0.2, ""gamma"": 0.02}"
2026-04-03 10:15:00,TREND_FOLLOWING_OPTIMIZED,,-7.7851641621425625,752.0000000000437,-1.0352611917742167,False,7.520000000000437,7.442148358379011,24400.0,PE,ATM,2,50,24359.1112246312,"{""delta"": -0.5, ""theta"": -0.05, ""vega"": 0.2, ""gamma"": 0.02}"
2026-04-03 10:15:00,CCI_EXTREME_LOSING,,526.4000000000306,752.0000000000437,70.0,True,7.520000000000437,12.784000000000741,24400.0,PE,ATM,2,50,24359.1112246312,"{""delta"": -0.5, ""theta"": -0.05, ""vega"": 0.2, ""gamma"": 0.02}"
2026-04-03 10:17:00,STOCHASTIC_OVERSOLD_LOSING,,526.4000000000306,752.0000000000437,70.0,True,7.520000000000437,12.784000000000741,24400.0,PE,OTM,2,50,24138.773952943757,"{""delta"": -0.5, ""theta"": -0.05, ""vega"": 0.2, ""gamma"": 0.02}"
2026-04-03 10:17:00,MOMENTUM_REVERSAL_LOSING,,-7.529606922898571,752.0000000000437,-1.001277516342837,False,7.520000000000437,7.444703930771451,24400.0,PE,OTM,2,50,24138.773952943757,"{""delta"": -0.5, ""theta"": -0.05, ""vega"": 0.2, ""gamma"": 0.02}"
2026-04-03 10:17:00,DAY_HIGH_LOW_OPTIMIZED,,526.4000000000306,752.0000000000437,70.0,True,7.520000000000437,12.784000000000741,24400.0,PE,OTM,2,50,24138.773952943757,"{""delta"": -0.5, ""theta"": -0.05, ""vega"": 0.2, ""gamma"": 0.02}"
2026-04-03 10:19:00,AI_ENHANCED_LOSING,,526.4000000000306,752.0000000000437,70.0,True,7.520000000000437,12.784000000000741,24400.0,CE,OTM,2,50,24316.493737207486,"{""delta"": 0.5, ""theta"": -0.05, ""vega"": 0.2, ""gamma"": 0.02}"
2026-04-03 10:19:00,RSI_DIVERGENCE_LOSING,,526.4000000000306,752.0000000000437,70.0,True,7.520000000000437,12.784000000000741,24400.0,CE,OTM,2,50,24316.493737207486,"{""delta"": 0.5, ""theta"": -0.05, ""vega"": 0.2, ""gamma"": 0.02}"
2026-04-03 10:19:00,TREND_FOLLOWING_OPTIMIZED,,526.4000000000306,752.0000000000437,70.0,True,7.520000000000437,12.784000000000741,24400.0,CE,OTM,2,50,24316.493737207486,"{""delta"": 0.5, ""theta"": -0.05, ""vega"": 0.2, ""gamma"": 0.02}"
2026-04-03 10:19:00,CCI_EXTREME_LOSING,,-10.146829960966633,752.0000000000437,-1.3493124948093143,False,7.520000000000437,7.41853170039077,24400.0,CE,OTM,2,50,24316.493737207486,"{""delta"": 0.5, ""theta"": -0.05, ""vega"": 0.2, ""gamma"": 0.02}"
2026-04-03 10:21:00,STOCHASTIC_OVERSOLD_LOSING,,526.4000000000306,752.0000000000437,70.0,True,7.520000000000437,12.784000000000741,24400.0,CE,OTM,2,50,23618.15157381844,"{""delta"": 0.5, ""theta"": -0.05, ""vega"": 0.2, ""gamma"": 0.02}"
2026-04-03 10:21:00,CCI_EXTREME_LOSING,,526.4000000000306,752.0000000000437,70.0,True,7.520000000000437,12.784000000000741,24400.0,CE,OTM,2,50,23618.15157381844,"{""delta"": 0.5, ""theta"": -0.05, ""vega"": 0.2, ""gamma"": 0.02}"
2026-04-03 10:21:00,ATR_BREAKOUT_LOSING,,526.4000000000306,752.0000000000437,70.0,True,7.520000000000437,12.784000000000741,24400.0,CE,OTM,2,50,23618.15157381844,"{""delta"": 0.5, ""theta"": -0.05, ""vega"": 0.2, ""gamma"": 0.02}"
2026-04-03 10:21:00,MOMENTUM_REVERSAL_LOSING,,-5.00256576962472,752.0000000000437,-0.6652348097904827,False,7.520000000000437,7.469974342304189,24400.0,CE,OTM,2,50,23618.15157381844,"{""delta"": 0.5, ""theta"": -0.05, ""vega"": 0.2, ""gamma"": 0.02}"
2026-04-03 10:25:00,STOCHASTIC_OVERSOLD_LOSING,,3738.8000000000284,5752.000000000044,65.0,True,57.52000000000044,94.90800000000071,24300.0,PE,OTM,2,50,24233.358090671525,"{""delta"": -0.5, ""theta"": -0.05, ""vega"": 0.2, ""gamma"": 0.02}"
2026-04-03 10:25:00,TREND_FOLLOWING_OPTIMIZED,,3738.8000000000284,5752.000000000044,65.0,True,57.52000000000044,94.90800000000071,24300.0,PE,OTM,2,50,24233.358090671525,"{""delta"": -0.5, ""theta"": -0.05, ""vega"": 0.2, ""gamma"": 0.02}"
2026-04-03 10:25:00,STRONG_MOMENTUM_LOSING,,3738.8000000000284,5752.000000000044,65.0,True,57.52000000000044,94.90800000000071,24300.0,PE,OTM,2,50,24233.358090671525,"{""delta"": -0.5, ""theta"": -0.05, ""vega"": 0.2, ""gamma"": 0.02}"
2026-04-03 10:27:00,RSI_DIVERGENCE_LOSING,,526.4000000000306,752.0000000000437,70.0,True,7.520000000000437,12.784000000000741,24400.0,PE,OTM,2,50,24015.1407719103,"{""delta"": -0.5, ""theta"": -0.05, ""vega"": 0.2, ""gamma"": 0.02}"
2026-04-03 10:27:00,HIGH_VOLUME_LOSING,,526.4000000000306,752.0000000000437,70.0,True,7.520000000000437,12.784000000000741,24400.0,PE,OTM,2,50,24015.1407719103,"{""delta"": -0.5, ""theta"": -0.05, ""vega"": 0.2, ""gamma"": 0.02}"
2026-04-03 10:27:00,ATR_BREAKOUT_LOSING,,-8.095407296192299,752.0000000000437,-1.0765169276850837,False,7.520000000000437,7.439045927038514,24400.0,PE,OTM,2,50,24015.1407719103,"{""delta"": -0.5, ""theta"": -0.05, ""vega"": 0.2, ""gamma"": 0.02}"
2026-04-03 10:29:00,MULTI_TIMEFRAME_LOSING,,526.4000000000306,752.0000000000437,70.0,True,7.520000000000437,12.784000000000741,24400.0,PE,OTM,2,50,22610.500010619413,"{""delta"": -0.5, ""theta"": -0.05, ""vega"": 0.2, ""gamma"": 0.02}"
2026-04-03 10:29:00,RSI_DIVERGENCE_LOSING,,526.4000000000306,752.0000000000437,70.0,True,7.520000000000437,12.784000000000741,24400.0,PE,OTM,2,50,22610.500010619413,"{""delta"": -0.5, ""theta"": -0.05, ""vega"": 0.2, ""gamma"": 0.02}"
2026-04-03 10:29:00,HIGH_VOLUME_LOSING,,526.4000000000306,752.0000000000437,70.0,True,7.520000000000437,12.784000000000741,24400.0,PE,OTM,2,50,22610.500010619413,"{""delta"": -0.5, ""theta"": -0.05, ""vega"": 0.2, ""gamma"": 0.02}"
2026-04-03 10:29:00,CCI_EXTREME_LOSING,,526.4000000000306,752.0000000000437,70.0,True,7.520000000000437,12.784000000000741,24400.0,PE,OTM,2,50,22610.500010619413,"{""delta"": -0.5, ""theta"": -0.05, ""vega"": 0.2, ""gamma"": 0.02}"
2026-04-03 10:29:00,BREAKOUT_REVERSAL_LOSING,,526.4000000000306,752.0000000000437,70.0,True,7.520000000000437,12.784000000000741,24400.0,PE,OTM,2,50,22610.500010619413,"{""delta"": -0.5, ""theta"": -0.05, ""vega"": 0.2, ""gamma"": 0.02}"
2026-04-03 10:35:00,AI_ENHANCED_LOSING,,526.4000000000306,752.0000000000437,70.0,True,7.520000000000437,12.784000000000741,24400.0,CE,OTM,2,50,23924.373969062493,"{""delta"": 0.5, ""theta"": -0.05, ""vega"": 0.2, ""gamma"": 0.02}"
2026-04-03 10:35:00,STOCHASTIC_OVERSOLD_LOSING,,526.4000000000306,752.0000000000437,70.0,True,7.520000000000437,12.784000000000741,24400.0,CE,OTM,2,50,23924.373969062493,"{""delta"": 0.5, ""theta"": -0.05, ""vega"": 0.2, ""gamma"": 0.02}"
2026-04-03 10:35:00,TREND_FOLLOWING_OPTIMIZED,,526.4000000000306,752.0000000000437,70.0,True,7.520000000000437,12.784000000000741,24400.0,CE,OTM,2,50,23924.373969062493,"{""delta"": 0.5, ""theta"": -0.05, ""vega"": 0.2, ""gamma"": 0.02}"
2026-04-03 10:35:00,VOLUME_SPIKE_LOSING,,-5.102481533946433,752.0000000000437,-0.6785214805779437,False,7.520000000000437,7.468975184660972,24400.0,CE,OTM,2,50,23924.373969062493,"{""delta"": 0.5, ""theta"": -0.05, ""vega"": 0.2, ""gamma"": 0.02}"
2026-04-03 10:37:00,STOCHASTIC_OVERSOLD_LOSING,,-5.096961567437101,752.0000000000437,-0.6777874424782986,False,7.520000000000437,7.469030384326066,24400.0,PE,ATM,2,50,24388.194755942266,"{""delta"": -0.5, ""theta"": -0.05, ""vega"": 0.2, ""gamma"": 0.02}"
2026-04-03 10:39:00,MULTI_TIMEFRAME_LOSING,,526.4000000000306,752.0000000000437,70.0,True,7.520000000000437,12.784000000000741,24400.0,CE,OTM,2,50,23262.178752145726,"{""delta"": 0.5, ""theta"": -0.05, ""vega"": 0.2, ""gamma"": 0.02}"
2026-04-03 10:39:00,BREAKOUT_REVERSAL_LOSING,,526.4000000000306,752.0000000000437,70.0,True,7.520000000000437,12.784000000000741,24400.0,CE,OTM,2,50,23262.178752145726,"{""delta"": 0.5, ""theta"": -0.05, ""vega"": 0.2, ""gamma"": 0.02}"
2026-04-03 10:41:00,VOLUME_SPIKE_LOSING,,526.4000000000306,752.0000000000437,70.0,True,7.520000000000437,12.784000000000741,24400.0,PE,OTM,2,50,23619.01746382124,"{""delta"": -0.5, ""theta"": -0.05, ""vega"": 0.2, ""gamma"": 0.02}"
2026-04-03 10:41:00,CCI_EXTREME_LOSING,,526.4000000000306,752.0000000000437,70.0,True,7.520000000000437,12.784000000000741,24400.0,PE,OTM,2,50,23619.01746382124,"{""delta"": -0.5, ""theta"": -0.05, ""vega"": 0.2, ""gamma"": 0.02}"
2026-04-03 10:41:00,BOLLINGER_SQUEEZE_LOSING,,-7.137881745393503,752.0000000000437,-0.9491864023129107,False,7.520000000000437,7.448621182546502,24400.0,PE,OTM,2,50,23619.01746382124,"{""delta"": -0.5, ""theta"": -0.05, ""vega"": 0.2, ""gamma"": 0.02}"
2026-04-03 10:43:00,STRONG_MOMENTUM_LOSING,,-9.124961768207916,752.0000000000437,-1.2134257670488546,False,7.520000000000437,7.428750382318357,24400.0,PE,OTM,2,50,24001.199726445924,"{""delta"": -0.5, ""theta"": -0.05, ""vega"": 0.2, ""gamma"": 0.02}"
2026-04-03 10:43:00,MACD_DIVERGENCE_LOSING,,526.4000000000306,752.0000000000437,70.0,True,7.520000000000437,12.784000000000741,24400.0,PE,OTM,2,50,24001.199726445924,"{""delta"": -0.5, ""theta"": -0.05, ""vega"": 0.2, ""gamma"": 0.02}"
2026-04-03 10:43:00,CCI_EXTREME_LOSING,,526.4000000000306,752.0000000000437,70.0,True,7.520000000000437,12.784000000000741,24400.0,PE,OTM,2,50,24001.199726445924,"{""delta"": -0.5, ""theta"": -0.05, ""vega"": 0.2, ""gamma"": 0.02}"
2026-04-03 10:43:00,MOMENTUM_REVERSAL_LOSING,,526.4000000000306,752.0000000000437,70.0,True,7.520000000000437,12.784000000000741,24400.0,PE,OTM,2,50,24001.199726445924,"{""delta"": -0.5, ""theta"": -0.05, ""vega"": 0.2, ""gamma"": 0.02}"
2026-04-03 10:43:00,DAY_HIGH_LOW_OPTIMIZED,,526.4000000000306,752.0000000000437,70.0,True,7.520000000000437,12.784000000000741,24400.0,PE,OTM,2,50,24001.199726445924,"{""delta"": -0.5, ""theta"": -0.05, ""vega"": 0.2, ""gamma"": 0.02}"
2026-04-03 10:43:00,BOLLINGER_SQUEEZE_LOSING,,-6.462034099896174,752.0000000000437,-0.8593130451989095,False,7.520000000000437,7.455379659001475,24400.0,PE,OTM,2,50,24001.199726445924,"{""delta"": -0.5, ""theta"": -0.05, ""vega"": 0.2, ""gamma"": 0.02}"
2026-04-03 10:43:00,BREAKOUT_REVERSAL_LOSING,,-4.586047584279268,752.0000000000437,-0.6098467532285907,False,7.520000000000437,7.474139524157644,24400.0,PE,OTM,2,50,24001.199726445924,"{""delta"": -0.5, ""theta"": -0.05, ""vega"": 0.2, ""gamma"": 0.02}"
2026-04-03 10:45:00,TREND_FOLLOWING_OPTIMIZED,,526.4000000000306,752.0000000000437,70.0,True,7.520000000000437,12.784000000000741,24400.0,PE,OTM,2,50,24002.03270346509,"{""delta"": -0.5, ""theta"": -0.05, ""vega"": 0.2, ""gamma"": 0.02}"
2026-04-03 10:47:00,MULTI_TIMEFRAME_LOSING,,526.4000000000306,752.0000000000437,70.0,True,7.520000000000437,12.784000000000741,24400.0,CE,OTM,2,50,23050.964455017252,"{""delta"": 0.5, ""theta"": -0.05, ""vega"": 0.2, ""gamma"": 0.02}"
2026-04-03 10:47:00,STOCHASTIC_OVERSOLD_LOSING,,526.4000000000306,752.0000000000437,70.0,True,7.520000000000437,12.784000000000741,24400.0,CE,OTM,2,50,23050.964455017252,"{""delta"": 0.5, ""theta"": -0.05, ""vega"": 0.2, ""gamma"": 0.02}"
2026-04-03 10:47:00,WILLIAMS_REVERSAL_LOSING,,-5.509941791631977,752.0000000000437,-0.7327050254829331,False,7.520000000000437,7.464900582084116,24400.0,CE,OTM,2,50,23050.964455017252,"{""delta"": 0.5, ""theta"": -0.05, ""vega"": 0.2, ""gamma"": 0.02}"
2026-04-03 10:47:00,CCI_EXTREME_LOSING,,526.4000000000306,752.0000000000437,70.0,True,7.520000000000437,12.784000000000741,24400.0,CE,OTM,2,50,23050.964455017252,"{""delta"": 0.5, ""theta"": -0.05, ""vega"": 0.2, ""gamma"": 0.02}"
2026-04-03 10:47:00,ATR_BREAKOUT_LOSING,,526.4000000000306,752.0000000000437,70.0,True,7.520000000000437,12.784000000000741,24400.0,CE,OTM,2,50,23050.964455017252,"{""delta"": 0.5, ""theta"": -0.05, ""vega"": 0.2, ""gamma"": 0.02}"
2026-04-03 10:47:00,DAY_HIGH_LOW_OPTIMIZED,,-10.199858831253396,752.0000000000437,-1.3563642062836174,False,7.520000000000437,7.418001411687902,24400.0,CE,OTM,2,50,23050.964455017252,"{""delta"": 0.5, ""theta"": -0.05, ""vega"": 0.2, ""gamma"": 0.02}"
2026-04-03 10:47:00,BOLLINGER_SQUEEZE_LOSING,,526.4000000000306,752.0000000000437,70.0,True,7.520000000000437,12.784000000000741,24400.0,CE,OTM,2,50,23050.964455017252,"{""delta"": 0.5, ""theta"": -0.05, ""vega"": 0.2, ""gamma"": 0.02}"
2026-04-03 10:49:00,MULTI_TIMEFRAME_LOSING,,-5.003074694080509,752.0000000000437,-0.6653024859149227,False,7.520000000000437,7.469969253059632,24400.0,CE,OTM,2,50,23099.239411017992,"{""delta"": 0.5, ""theta"": -0.05, ""vega"": 0.2, ""gamma"": 0.02}"
2026-04-03 10:49:00,CCI_EXTREME_LOSING,,526.4000000000306,752.0000000000437,70.0,True,7.520000000000437,12.784000000000741,24400.0,CE,OTM,2,50,23099.239411017992,"{""delta"": 0.5, ""theta"": -0.05, ""vega"": 0.2, ""gamma"": 0.02}"
2026-04-03 10:49:00,BREAKOUT_REVERSAL_LOSING,,526.4000000000306,752.0000000000437,70.0,True,7.520000000000437,12.784000000000741,24400.0,CE,OTM,2,50,23099.239411017992,"{""delta"": 0.5, ""theta"": -0.05, ""vega"": 0.2, ""gamma"": 0.02}"
2026-04-03 10:51:00,RSI_DIVERGENCE_LOSING,,526.4000000000306,752.0000000000437,70.0,True,7.520000000000437,12.784000000000741,24400.0,CE,ITM,2,50,24732.452199355055,"{""delta"": 0.5, ""theta"": -0.05, ""vega"": 0.2, ""gamma"": 0.02}"
2026-04-03 10:51:00,CCI_EXTREME_LOSING,,526.4000000000306,752.0000000000437,70.0,True,7.520000000000437,12.784000000000741,24400.0,CE,ITM,2,50,24732.452199355055,"{""delta"": 0.5, ""theta"": -0.05, ""vega"": 0.2, ""gamma"": 0.02}"
2026-04-03 10:53:00,RSI_DIVERGENCE_LOSING,,526.4000000000306,752.0000000000437,70.0,True,7.520000000000437,12.784000000000741,24400.0,PE,OTM,2,50,23114.447966903313,"{""delta"": -0.5, ""theta"": -0.05, ""vega"": 0.2, ""gamma"": 0.02}"
2026-04-03 10:53:00,STRONG_MOMENTUM_LOSING,,526.4000000000306,752.0000000000437,70.0,True,7.520000000000437,12.784000000000741,24400.0,PE,OTM,2,50,23114.447966903313,"{""delta"": -0.5, ""theta"": -0.05, ""vega"": 0.2, ""gamma"": 0.02}"
2026-04-03 10:55:00,AI_ENHANCED_LOSING,,-61.32710902619753,4247.999999999956,-1.443670174816341,False,42.47999999999956,41.86672890973759,24500.0,CE,ITM,2,50,24601.15605633263,"{""delta"": 0.5, ""theta"": -0.05, ""vega"": 0.2, ""gamma"": 0.02}"
2026-04-03 10:55:00,STOCHASTIC_OVERSOLD_LOSING,,2973.5999999999694,4247.999999999956,70.0,True,42.47999999999956,72.21599999999926,24500.0,CE,ITM,2,50,24601.15605633263,"{""delta"": 0.5, ""theta"": -0.05, ""vega"": 0.2, ""gamma"": 0.02}"
2026-04-03 10:55:00,TREND_FOLLOWING_OPTIMIZED,,2973.5999999999694,4247.999999999956,70.0,True,42.47999999999956,72.21599999999926,24500.0,CE,ITM,2,50,24601.15605633263,"{""delta"": 0.5, ""theta"": -0.05, ""vega"": 0.2, ""gamma"": 0.02}"
2026-04-03 10:55:00,ATR_BREAKOUT_LOSING,,-51.27979175161052,4247.999999999956,-1.207151406582181,False,42.47999999999956,41.96720208248345,24500.0,CE,ITM,2,50,24601.15605633263,"{""delta"": 0.5, ""theta"": -0.05, ""vega"": 0.2, ""gamma"": 0.02}"
2026-04-03 10:57:00,WILLIAMS_REVERSAL_LOSING,,-129.5157857422365,9247.999999999956,-1.4004734617456434,False,92.47999999999956,91.1848421425772,24600.0,CE,ATM,2,50,24645.466283277365,"{""delta"": 0.5, ""theta"": -0.05, ""vega"": 0.2, ""gamma"": 0.02}"
2026-04-03 10:57:00,ATR_BREAKOUT_LOSING,,-50.122366161415734,9247.999999999956,-0.5419806029564875,False,92.47999999999956,91.97877633838542,24600.0,CE,ATM,2,50,24645.466283277365,"{""delta"": 0.5, ""theta"": -0.05, ""vega"": 0.2, ""gamma"": 0.02}"
2026-04-03 10:57:00,MOMENTUM_REVERSAL_LOSING,,6011.199999999972,9247.999999999956,65.0,True,92.47999999999956,152.59199999999927,24600.0,CE,ATM,2,50,24645.466283277365,"{""delta"": 0.5, ""theta"": -0.05, ""vega"": 0.2, ""gamma"": 0.02}"
2026-04-03 10:57:00,BOLLINGER_SQUEEZE_LOSING,,6011.199999999972,9247.999999999956,65.0,True,92.47999999999956,152.59199999999927,24600.0,CE,ATM,2,50,24645.466283277365,"{""delta"": 0.5, ""theta"": -0.05, ""vega"": 0.2, ""gamma"": 0.02}"
2026-04-03 10:59:00,AI_ENHANCED_LOSING,,3738.8000000000284,5752.000000000044,65.0,True,57.52000000000044,94.90800000000071,24300.0,CE,OTM,2,50,24240.37624402033,"{""delta"": 0.5, ""theta"": -0.05, ""vega"": 0.2, ""gamma"": 0.02}"
2026-04-03 10:59:00,WILLIAMS_REVERSAL_LOSING,,3738.8000000000284,5752.000000000044,65.0,True,57.52000000000044,94.90800000000071,24300.0,CE,OTM,2,50,24240.37624402033,"{""delta"": 0.5, ""theta"": -0.05, ""vega"": 0.2, ""gamma"": 0.02}"
2026-04-03 10:59:00,CCI_EXTREME_LOSING,,3738.8000000000284,5752.000000000044,65.0,True,57.52000000000044,94.90800000000071,24300.0,CE,OTM,2,50,24240.37624402033,"{""delta"": 0.5, ""theta"": -0.05, ""vega"": 0.2, ""gamma"": 0.02}"
2026-04-03 10:59:00,MOMENTUM_REVERSAL_LOSING,,3738.8000000000284,5752.000000000044,65.0,True,57.52000000000044,94.90800000000071,24300.0,CE,OTM,2,50,24240.37624402033,"{""delta"": 0.5, ""theta"": -0.05, ""vega"": 0.2, ""gamma"": 0.02}"
2026-04-03 11:01:00,RSI_DIVERGENCE_LOSING,,526.4000000000306,752.0000000000437,70.0,True,7.520000000000437,12.784000000000741,24400.0,PE,ATM,2,50,24351.474295358315,"{""delta"": -0.5, ""theta"": -0.05, ""vega"": 0.2, ""gamma"": 0.02}"
2026-04-03 11:05:00,AI_ENHANCED_LOSING,,526.4000000000306,752.0000000000437,70.0,True,7.520000000000437,12.784000000000741,24400.0,PE,OTM,2,50,23363.013910824353,"{""delta"": -0.5, ""theta"": -0.05, ""vega"": 0.2, ""gamma"": 0.02}"
2026-04-03 11:05:00,TREND_FOLLOWING_OPTIMIZED,,526.4000000000306,752.0000000000437,70.0,True,7.520000000000437,12.784000000000741,24400.0,PE,OTM,2,50,23363.013910824353,"{""delta"": -0.5, ""theta"": -0.05, ""vega"": 0.2, ""gamma"": 0.02}"
2026-04-03 11:05:00,ATR_BREAKOUT_LOSING,,526.4000000000306,752.0000000000437,70.0,True,7.520000000000437,12.784000000000741,24400.0,PE,OTM,2,50,23363.013910824353,"{""delta"": -0.5, ""theta"": -0.05, ""vega"": 0.2, ""gamma"": 0.02}"
2026-04-03 11:07:00,TREND_FOLLOWING_OPTIMIZED,,-48.00835836228549,4247.999999999956,-1.1301402627656776,False,42.47999999999956,41.999916416376706,24500.0,PE,ITM,2,50,24589.813541640746,"{""delta"": -0.5, ""theta"": -0.05, ""vega"": 0.2, ""gamma"": 0.02}"
2026-04-03 11:09:00,CCI_EXTREME_LOSING,,-4.781878865730749,752.0000000000437,-0.6358881470386266,False,7.520000000000437,7.47218121134313,24400.0,CE,OTM,2,50,23541.1036320382,"{""delta"": 0.5, ""theta"": -0.05, ""vega"": 0.2, ""gamma"": 0.02}"
2026-04-03 11:11:00,AI_ENHANCED_LOSING,,2973.5999999999694,4247.999999999956,70.0,True,42.47999999999956,72.21599999999926,24500.0,CE,ITM,2,50,24602.540275361756,"{""delta"": 0.5, ""theta"": -0.05, ""vega"": 0.2, ""gamma"": 0.02}"
2026-04-03 11:11:00,VOLUME_SPIKE_LOSING,,-25.71892125310072,4247.999999999956,-0.605435999366784,False,42.47999999999956,42.22281078746855,24500.0,CE,ITM,2,50,24602.540275361756,"{""delta"": 0.5, ""theta"": -0.05, ""vega"": 0.2, ""gamma"": 0.02}"
2026-04-03 11:11:00,MOMENTUM_REVERSAL_LOSING,,-36.99349313956989,4247.999999999956,-0.8708449420802795,False,42.47999999999956,42.11006506860386,24500.0,CE,ITM,2,50,24602.540275361756,"{""delta"": 0.5, ""theta"": -0.05, ""vega"": 0.2, ""gamma"": 0.02}"
2026-04-03 11:11:00,BREAKOUT_REVERSAL_LOSING,,2973.5999999999694,4247.999999999956,70.0,True,42.47999999999956,72.21599999999926,24500.0,CE,ITM,2,50,24602.540275361756,"{""delta"": 0.5, ""theta"": -0.05, ""vega"": 0.2, ""gamma"": 0.02}"
2026-04-03 11:13:00,AI_ENHANCED_LOSING,,-5.905478974941202,752.0000000000437,-0.7853030551783057,False,7.520000000000437,7.460945210251024,24400.0,CE,OTM,2,50,23914.433954207685,"{""delta"": 0.5, ""theta"": -0.05, ""vega"": 0.2, ""gamma"": 0.02}"
2026-04-03 11:13:00,CCI_EXTREME_LOSING,,526.4000000000306,752.0000000000437,70.0,True,7.520000000000437,12.784000000000741,24400.0,CE,OTM,2,50,23914.433954207685,"{""delta"": 0.5, ""theta"": -0.05, ""vega"": 0.2, ""gamma"": 0.02}"
2026-04-03 11:17:00,RSI_DIVERGENCE_LOSING,,-53.108012236877634,4247.999999999956,-1.2501886119792416,False,42.47999999999956,41.948919877630786,24500.0,PE,ATM,2,50,24522.315301967734,"{""delta"": -0.5, ""theta"": -0.05, ""vega"": 0.2, ""gamma"": 0.02}"
2026-04-03 11:19:00,MULTI_TIMEFRAME_LOSING,,526.4000000000306,752.0000000000437,70.0,True,7.520000000000437,12.784000000000741,24400.0,CE,OTM,2,50,23131.316644023784,"{""delta"": 0.5, ""theta"": -0.05, ""vega"": 0.2, ""gamma"": 0.02}"
2026-04-03 11:19:00,MACD_DIVERGENCE_LOSING,,-8.290395543671242,752.0000000000437,-1.102446215913665,False,7.520000000000437,7.437096044563724,24400.0,CE,OTM,2,50,23131.316644023784,"{""delta"": 0.5, ""theta"": -0.05, ""vega"": 0.2, ""gamma"": 0.02}"
2026-04-03 11:19:00,ATR_BREAKOUT_LOSING,,526.4000000000306,752.0000000000437,70.0,True,7.520000000000437,12.784000000000741,24400.0,CE,OTM,2,50,23131.316644023784,"{""delta"": 0.5, ""theta"": -0.05, ""vega"": 0.2, ""gamma"": 0.02}"
2026-04-03 11:19:00,BOLLINGER_SQUEEZE_LOSING,,-5.7507111527993,752.0000000000437,-0.76472222776582,False,7.520000000000437,7.462492888472443,24400.0,CE,OTM,2,50,23131.316644023784,"{""delta"": 0.5, ""theta"": -0.05, ""vega"": 0.2, ""gamma"": 0.02}"
2026-04-03 11:21:00,RSI_DIVERGENCE_LOSING,,526.4000000000306,752.0000000000437,70.0,True,7.520000000000437,12.784000000000741,24400.0,CE,OTM,2,50,22712.62301760021,"{""delta"": 0.5, ""theta"": -0.05, ""vega"": 0.2, ""gamma"": 0.02}"
2026-04-03 11:21:00,ATR_BREAKOUT_LOSING,,526.4000000000306,752.0000000000437,70.0,True,7.520000000000437,12.784000000000741,24400.0,CE,OTM,2,50,22712.62301760021,"{""delta"": 0.5, ""theta"": -0.05, ""vega"": 0.2, ""gamma"": 0.02}"
2026-04-03 11:23:00,AI_ENHANCED_LOSING,,526.4000000000306,752.0000000000437,70.0,True,7.520000000000437,12.784000000000741,24400.0,PE,OTM,2,50,23035.94899072293,"{""delta"": -0.5, ""theta"": -0.05, ""vega"": 0.2, ""gamma"": 0.02}"
2026-04-03 11:23:00,STOCHASTIC_OVERSOLD_LOSING,,526.4000000000306,752.0000000000437,70.0,True,7.520000000000437,12.784000000000741,24400.0,PE,OTM,2,50,23035.94899072293,"{""delta"": -0.5, ""theta"": -0.05, ""vega"": 0.2, ""gamma"": 0.02}"
2026-04-03 11:23:00,HIGH_VOLUME_LOSING,,526.4000000000306,752.0000000000437,70.0,True,7.520000000000437,12.784000000000741,24400.0,PE,OTM,2,50,23035.94899072293,"{""delta"": -0.5, ""theta"": -0.05, ""vega"": 0.2, ""gamma"": 0.02}"
2026-04-03 11:23:00,MACD_DIVERGENCE_LOSING,,526.4000000000306,752.0000000000437,70.0,True,7.520000000000437,12.784000000000741,24400.0,PE,OTM,2,50,23035.94899072293,"{""delta"": -0.5, ""theta"": -0.05, ""vega"": 0.2, ""gamma"": 0.02}"
2026-04-03 11:23:00,WILLIAMS_REVERSAL_LOSING,,-10.58642895547083,752.0000000000437,-1.4077698079082732,False,7.520000000000437,7.414135710445728,24400.0,PE,OTM,2,50,23035.94899072293,"{""delta"": -0.5, ""theta"": -0.05, ""vega"": 0.2, ""gamma"": 0.02}"
2026-04-03 11:23:00,ATR_BREAKOUT_LOSING,,526.4000000000306,752.0000000000437,70.0,True,7.520000000000437,12.784000000000741,24400.0,PE,OTM,2,50,23035.94899072293,"{""delta"": -0.5, ""theta"": -0.05, ""vega"": 0.2, ""gamma"": 0.02}"
2026-04-03 11:23:00,DAY_HIGH_LOW_OPTIMIZED,,526.4000000000306,752.0000000000437,70.0,True,7.520000000000437,12.784000000000741,24400.0,PE,OTM,2,50,23035.94899072293,"{""delta"": -0.5, ""theta"": -0.05, ""vega"": 0.2, ""gamma"": 0.02}"
2026-04-03 11:25:00,STRONG_MOMENTUM_LOSING,,-9.4662091188013,752.0000000000437,-1.2588044040958444,False,7.520000000000437,7.425337908812423,24400.0,PE,OTM,2,50,24020.72034594746,"{""delta"": -0.5, ""theta"": -0.05, ""vega"": 0.2, ""gamma"": 0.02}"
2026-04-03 11:25:00,DAY_HIGH_LOW_OPTIMIZED,,526.4000000000306,752.0000000000437,70.0,True,7.520000000000437,12.784000000000741,24400.0,PE,OTM,2,50,24020.72034594746,"{""delta"": -0.5, ""theta"": -0.05, ""vega"": 0.2, ""gamma"": 0.02}"
2026-04-03 11:27:00,TREND_FOLLOWING_OPTIMIZED,,-7.499326965590661,752.0000000000437,-0.9972509262752959,False,7.520000000000437,7.44500673034453,24400.0,CE,ITM,2,50,25018.68166270713,"{""delta"": 0.5, ""theta"": -0.05, ""vega"": 0.2, ""gamma"": 0.02}"
2026-04-03 11:27:00,STRONG_MOMENTUM_LOSING,,526.4000000000306,752.0000000000437,70.0,True,7.520000000000437,12.784000000000741,24400.0,CE,ITM,2,50,25018.68166270713,"{""delta"": 0.5, ""theta"": -0.05, ""vega"": 0.2, ""gamma"": 0.02}"
2026-04-03 11:27:00,WILLIAMS_REVERSAL_LOSING,,-4.760215693342099,752.0000000000437,-0.6330074060294977,False,7.520000000000437,7.472397843067016,24400.0,CE,ITM,2,50,25018.68166270713,"{""delta"": 0.5, ""theta"": -0.05, ""vega"": 0.2, ""gamma"": 0.02}"
2026-04-03 11:27:00,ATR_BREAKOUT_LOSING,,526.4000000000306,752.0000000000437,70.0,True,7.520000000000437,12.784000000000741,24400.0,CE,ITM,2,50,25018.68166270713,"{""delta"": 0.5, ""theta"": -0.05, ""vega"": 0.2, ""gamma"": 0.02}"
2026-04-03 11:27:00,BOLLINGER_SQUEEZE_LOSING,,526.4000000000306,752.0000000000437,70.0,True,7.520000000000437,12.784000000000741,24400.0,CE,ITM,2,50,25018.68166270713,"{""delta"": 0.5, ""theta"": -0.05, ""vega"": 0.2, ""gamma"": 0.02}"
2026-04-03 11:27:00,BREAKOUT_REVERSAL_LOSING,,526.4000000000306,752.0000000000437,70.0,True,7.520000000000437,12.784000000000741,24400.0,CE,ITM,2,50,25018.68166270713,"{""delta"": 0.5, ""theta"": -0.05, ""vega"": 0.2, ""gamma"": 0.02}"
2026-04-03 11:29:00,MULTI_TIMEFRAME_LOSING,,526.4000000000306,752.0000000000437,70.0,True,7.520000000000437,12.784000000000741,24400.0,CE,OTM,2,50,23196.786285311493,"{""delta"": 0.5, ""theta"": -0.05, ""vega"": 0.2, ""gamma"": 0.02}"
2026-04-03 11:29:00,STOCHASTIC_OVERSOLD_LOSING,,526.4000000000306,752.0000000000437,70.0,True,7.520000000000437,12.784000000000741,24400.0,CE,OTM,2,50,23196.786285311493,"{""delta"": 0.5, ""theta"": -0.05, ""vega"": 0.2, ""gamma"": 0.02}"
2026-04-03 11:29:00,TREND_FOLLOWING_OPTIMIZED,,526.4000000000306,752.0000000000437,70.0,True,7.520000000000437,12.784000000000741,24400.0,CE,OTM,2,50,23196.786285311493,"{""delta"": 0.5, ""theta"": -0.05, ""vega"": 0.2, ""gamma"": 0.02}"
2026-04-03 11:29:00,MOMENTUM_REVERSAL_LOSING,,526.4000000000306,752.0000000000437,70.0,True,7.520000000000437,12.784000000000741,24400.0,CE,OTM,2,50,23196.786285311493,"{""delta"": 0.5, ""theta"": -0.05, ""vega"": 0.2, ""gamma"": 0.02}"
2026-04-03 11:29:00,DAY_HIGH_LOW_OPTIMIZED,,-7.76493384152593,752.0000000000437,-1.0325709895645585,False,7.520000000000437,7.442350661585177,24400.0,CE,OTM,2,50,23196.786285311493,"{""delta"": 0.5, ""theta"": -0.05, ""vega"": 0.2, ""gamma"": 0.02}"
2026-04-03 11:29:00,BOLLINGER_SQUEEZE_LOSING,,526.4000000000306,752.0000000000437,70.0,True,7.520000000000437,12.784000000000741,24400.0,CE,OTM,2,50,23196.786285311493,"{""delta"": 0.5, ""theta"": -0.05, ""vega"": 0.2, ""gamma"": 0.02}"
2026-04-03 11:31:00,STOCHASTIC_OVERSOLD_LOSING,,-9.036092902189692,752.0000000000437,-1.201608098695368,False,7.520000000000437,7.429639070978539,24400.0,PE,OTM,2,50,23219.22976012032,"{""delta"": -0.5, ""theta"": -0.05, ""vega"": 0.2, ""gamma"": 0.02}"
2026-04-03 11:31:00,STRONG_MOMENTUM_LOSING,,526.4000000000306,752.0000000000437,70.0,True,7.520000000000437,12.784000000000741,24400.0,PE,OTM,2,50,23219.22976012032,"{""delta"": -0.5, ""theta"": -0.05, ""vega"": 0.2, ""gamma"": 0.02}"
2026-04-03 11:31:00,CCI_EXTREME_LOSING,,526.4000000000306,752.0000000000437,70.0,True,7.520000000000437,12.784000000000741,24400.0,PE,OTM,2,50,23219.22976012032,"{""delta"": -0.5, ""theta"": -0.05, ""vega"": 0.2, ""gamma"": 0.02}"
2026-04-03 11:31:00,ATR_BREAKOUT_LOSING,,526.4000000000306,752.0000000000437,70.0,True,7.520000000000437,12.784000000000741,24400.0,PE,OTM,2,50,23219.22976012032,"{""delta"": -0.5, ""theta"": -0.05, ""vega"": 0.2, ""gamma"": 0.02}"
2026-04-03 11:33:00,CCI_EXTREME_LOSING,,526.4000000000306,752.0000000000437,70.0,True,7.520000000000437,12.784000000000741,24400.0,PE,OTM,2,50,23860.53544038106,"{""delta"": -0.5, ""theta"": -0.05, ""vega"": 0.2, ""gamma"": 0.02}"
2026-04-03 11:35:00,MULTI_TIMEFRAME_LOSING,,526.4000000000306,752.0000000000437,70.0,True,7.520000000000437,12.784000000000741,24400.0,CE,OTM,2,50,23489.343464918944,"{""delta"": 0.5, ""theta"": -0.05, ""vega"": 0.2, ""gamma"": 0.02}"
2026-04-03 11:35:00,STOCHASTIC_OVERSOLD_LOSING,,-7.366761783359864,752.0000000000437,-0.9796225775743931,False,7.520000000000437,7.446332382166838,24400.0,CE,OTM,2,50,23489.343464918944,"{""delta"": 0.5, ""theta"": -0.05, ""vega"": 0.2, ""gamma"": 0.02}"
2026-04-03 11:35:00,CCI_EXTREME_LOSING,,526.4000000000306,752.0000000000437,70.0,True,7.520000000000437,12.784000000000741,24400.0,CE,OTM,2,50,23489.343464918944,"{""delta"": 0.5, ""theta"": -0.05, ""vega"": 0.2, ""gamma"": 0.02}"
2026-04-03 11:35:00,ATR_BREAKOUT_LOSING,,-10.388856686451614,752.0000000000437,-1.3814968997940176,False,7.520000000000437,7.41611143313592,24400.0,CE,OTM,2,50,23489.343464918944,"{""delta"": 0.5, ""theta"": -0.05, ""vega"": 0.2, ""gamma"": 0.02}"
2026-04-03 11:37:00,STRONG_MOMENTUM_LOSING,,526.4000000000306,752.0000000000437,70.0,True,7.520000000000437,12.784000000000741,24400.0,CE,OTM,2,50,24112.872571660067,"{""delta"": 0.5, ""theta"": -0.05, ""vega"": 0.2, ""gamma"": 0.02}"
2026-04-03 11:39:00,AI_ENHANCED_LOSING,,526.4000000000306,752.0000000000437,70.0,True,7.520000000000437,12.784000000000741,24400.0,PE,OTM,2,50,23598.116230540203,"{""delta"": -0.5, ""theta"": -0.05, ""vega"": 0.2, ""gamma"": 0.02}"
2026-04-03 11:39:00,STOCHASTIC_OVERSOLD_LOSING,,526.4000000000306,752.0000000000437,70.0,True,7.520000000000437,12.784000000000741,24400.0,PE,OTM,2,50,23598.116230540203,"{""delta"": -0.5, ""theta"": -0.05, ""vega"": 0.2, ""gamma"": 0.02}"
2026-04-03 11:41:00,MULTI_TIMEFRAME_LOSING,,526.4000000000306,752.0000000000437,70.0,True,7.520000000000437,12.784000000000741,24400.0,PE,OTM,2,50,23984.06042177494,"{""delta"": -0.5, ""theta"": -0.05, ""vega"": 0.2, ""gamma"": 0.02}"
2026-04-03 11:41:00,RSI_DIVERGENCE_LOSING,,526.4000000000306,752.0000000000437,70.0,True,7.520000000000437,12.784000000000741,24400.0,PE,OTM,2,50,23984.06042177494,"{""delta"": -0.5, ""theta"": -0.05, ""vega"": 0.2, ""gamma"": 0.02}"
2026-04-03 11:41:00,STRONG_MOMENTUM_LOSING,,526.4000000000306,752.0000000000437,70.0,True,7.520000000000437,12.784000000000741,24400.0,PE,OTM,2,50,23984.06042177494,"{""delta"": -0.5, ""theta"": -0.05, ""vega"": 0.2, ""gamma"": 0.02}"
2026-04-03 11:41:00,MACD_DIVERGENCE_LOSING,,526.4000000000306,752.0000000000437,70.0,True,7.520000000000437,12.784000000000741,24400.0,PE,OTM,2,50,23984.06042177494,"{""delta"": -0.5, ""theta"": -0.05, ""vega"": 0.2, ""gamma"": 0.02}"
2026-04-03 11:41:00,DAY_HIGH_LOW_OPTIMIZED,,-11.120090329551822,752.0000000000437,-1.4787354161637203,False,7.520000000000437,7.408799096704918,24400.0,PE,OTM,2,50,23984.06042177494,"{""delta"": -0.5, ""theta"": -0.05, ""vega"": 0.2, ""gamma"": 0.02}"
2026-04-03 11:41:00,BOLLINGER_SQUEEZE_LOSING,,526.4000000000306,752.0000000000437,70.0,True,7.520000000000437,12.784000000000741,24400.0,PE,OTM,2,50,23984.06042177494,"{""delta"": -0.5, ""theta"": -0.05, ""vega"": 0.2, ""gamma"": 0.02}"
2026-04-03 11:43:00,RSI_DIVERGENCE_LOSING,,526.4000000000306,752.0000000000437,70.0,True,7.520000000000437,12.784000000000741,24400.0,CE,OTM,2,50,23486.652729102465,"{""delta"": 0.5, ""theta"": -0.05, ""vega"": 0.2, ""gamma"": 0.02}"
2026-04-03 11:43:00,STOCHASTIC_OVERSOLD_LOSING,,526.4000000000306,752.0000000000437,70.0,True,7.520000000000437,12.784000000000741,24400.0,CE,OTM,2,50,23486.652729102465,"{""delta"": 0.5, ""theta"": -0.05, ""vega"": 0.2, ""gamma"": 0.02}"
2026-04-03 11:43:00,CCI_EXTREME_LOSING,,-6.62859846352929,752.0000000000437,-0.881462561639482,False,7.520000000000437,7.4537140153651436,24400.0,CE,OTM,2,50,23486.652729102465,"{""delta"": 0.5, ""theta"": -0.05, ""vega"": 0.2, ""gamma"": 0.02}"
2026-04-03 11:43:00,ATR_BREAKOUT_LOSING,,526.4000000000306,752.0000000000437,70.0,True,7.520000000000437,12.784000000000741,24400.0,CE,OTM,2,50,23486.652729102465,"{""delta"": 0.5, ""theta"": -0.05, ""vega"": 0.2, ""gamma"": 0.02}"
2026-04-03 11:45:00,TREND_FOLLOWING_OPTIMIZED,,526.4000000000306,752.0000000000437,70.0,True,7.520000000000437,12.784000000000741,24400.0,CE,OTM,2,50,23598.857315541532,"{""delta"": 0.5, ""theta"": -0.05, ""vega"": 0.2, ""gamma"": 0.02}"
2026-04-03 11:45:00,CCI_EXTREME_LOSING,,-5.690215832193001,752.0000000000437,-0.7566776372596636,False,7.520000000000437,7.463097841678507,24400.0,CE,OTM,2,50,23598.857315541532,"{""delta"": 0.5, ""theta"": -0.05, ""vega"": 0.2, ""gamma"": 0.02}"
2026-04-03 11:47:00,TREND_FOLLOWING_OPTIMIZED,,526.4000000000306,752.0000000000437,70.0,True,7.520000000000437,12.784000000000741,24400.0,PE,OTM,2,50,23323.50214110377,"{""delta"": -0.5, ""theta"": -0.05, ""vega"": 0.2, ""gamma"": 0.02}"
2026-04-03 11:47:00,VOLUME_SPIKE_LOSING,,-7.02788177955622,752.0000000000437,-0.934558747281358,False,7.520000000000437,7.449721182204875,24400.0,PE,OTM,2,50,23323.50214110377,"{""delta"": -0.5, ""theta"": -0.05, ""vega"": 0.2, ""gamma"": 0.02}"
2026-04-03 11:47:00,STRONG_MOMENTUM_LOSING,,526.4000000000306,752.0000000000437,70.0,True,7.520000000000437,12.784000000000741,24400.0,PE,OTM,2,50,23323.50214110377,"{""delta"": -0.5, ""theta"": -0.05, ""vega"": 0.2, ""gamma"": 0.02}"
2026-04-03 11:47:00,CCI_EXTREME_LOSING,,-4.772235641267966,752.0000000000437,-0.634605803360065,False,7.520000000000437,7.4722776435877565,24400.0,PE,OTM,2,50,23323.50214110377,"{""delta"": -0.5, ""theta"": -0.05, ""vega"": 0.2, ""gamma"": 0.02}"
2026-04-03 11:47:00,ATR_BREAKOUT_LOSING,,526.4000000000306,752.0000000000437,70.0,True,7.520000000000437,12.784000000000741,24400.0,PE,OTM,2,50,23323.50214110377,"{""delta"": -0.5, ""theta"": -0.05, ""vega"": 0.2, ""gamma"": 0.02}"
2026-04-03 11:49:00,STOCHASTIC_OVERSOLD_LOSING,,526.4000000000306,752.0000000000437,70.0,True,7.520000000000437,12.784000000000741,24400.0,CE,OTM,2,50,23949.656272398468,"{""delta"": 0.5, ""theta"": -0.05, ""vega"": 0.2, ""gamma"": 0.02}"
2026-04-03 11:49:00,STRONG_MOMENTUM_LOSING,,526.4000000000306,752.0000000000437,70.0,True,7.520000000000437,12.784000000000741,24400.0,CE,OTM,2,50,23949.656272398468,"{""delta"": 0.5, ""theta"": -0.05, ""vega"": 0.2, ""gamma"": 0.02}"
2026-04-03 11:49:00,CCI_EXTREME_LOSING,,526.4000000000306,752.0000000000437,70.0,True,7.520000000000437,12.784000000000741,24400.0,CE,OTM,2,50,23949.656272398468,"{""delta"": 0.5, ""theta"": -0.05, ""vega"": 0.2, ""gamma"": 0.02}"
2026-04-03 11:51:00,TREND_FOLLOWING_OPTIMIZED,,-5.7540020458163585,752.0000000000437,-0.7651598465180883,False,7.520000000000437,7.462459979542273,24400.0,CE,OTM,2,50,23385.438071422217,"{""delta"": 0.5, ""theta"": -0.05, ""vega"": 0.2, ""gamma"": 0.02}"
2026-04-03 11:51:00,HIGH_VOLUME_LOSING,,526.4000000000306,752.0000000000437,70.0,True,7.520000000000437,12.784000000000741,24400.0,CE,OTM,2,50,23385.438071422217,"{""delta"": 0.5, ""theta"": -0.05, ""vega"": 0.2, ""gamma"": 0.02}"
2026-04-03 11:51:00,ATR_BREAKOUT_LOSING,,526.4000000000306,752.0000000000437,70.0,True,7.520000000000437,12.784000000000741,24400.0,CE,OTM,2,50,23385.438071422217,"{""delta"": 0.5, ""theta"": -0.05, ""vega"": 0.2, ""gamma"": 0.02}"
2026-04-03 11:53:00,WILLIAMS_REVERSAL_LOSING,,2973.5999999999694,4247.999999999956,70.0,True,42.47999999999956,72.21599999999926,24500.0,CE,ITM,2,50,24602.521574913433,"{""delta"": 0.5, ""theta"": -0.05, ""vega"": 0.2, ""gamma"": 0.02}"
2026-04-03 11:57:00,STOCHASTIC_OVERSOLD_LOSING,,2973.5999999999694,4247.999999999956,70.0,True,42.47999999999956,72.21599999999926,24500.0,CE,ATM,2,50,24504.699786479585,"{""delta"": 0.5, ""theta"": -0.05, ""vega"": 0.2, ""gamma"": 0.02}"
2026-04-03 11:57:00,TREND_FOLLOWING_OPTIMIZED,,-29.735552914856495,4247.999999999956,-0.6999894753968173,False,42.47999999999956,42.182644470850995,24500.0,CE,ATM,2,50,24504.699786479585,"{""delta"": 0.5, ""theta"": -0.05, ""vega"": 0.2, ""gamma"": 0.02}"
2026-04-03 11:57:00,DAY_HIGH_LOW_OPTIMIZED,,2973.5999999999694,4247.999999999956,70.0,True,42.47999999999956,72.21599999999926,24500.0,CE,ATM,2,50,24504.699786479585,"{""delta"": 0.5, ""theta"": -0.05, ""vega"": 0.2, ""gamma"": 0.02}"
2026-04-03 11:59:00,STOCHASTIC_OVERSOLD_LOSING,,526.4000000000306,752.0000000000437,70.0,True,7.520000000000437,12.784000000000741,24400.0,PE,OTM,2,50,23467.62550398226,"{""delta"": -0.5, ""theta"": -0.05, ""vega"": 0.2, ""gamma"": 0.02}"
2026-04-03 12:01:00,RSI_DIVERGENCE_LOSING,,526.4000000000306,752.0000000000437,70.0,True,7.520000000000437,12.784000000000741,24400.0,PE,OTM,2,50,24148.873036823046,"{""delta"": -0.5, ""theta"": -0.05, ""vega"": 0.2, ""gamma"": 0.02}"
2026-04-03 12:03:00,AI_ENHANCED_LOSING,,526.4000000000306,752.0000000000437,70.0,True,7.520000000000437,12.784000000000741,24400.0,PE,ATM,2,50,24436.879220636576,"{""delta"": -0.5, ""theta"": -0.05, ""vega"": 0.2, ""gamma"": 0.02}"
2026-04-03 12:03:00,TREND_FOLLOWING_OPTIMIZED,,526.4000000000306,752.0000000000437,70.0,True,7.520000000000437,12.784000000000741,24400.0,PE,ATM,2,50,24436.879220636576,"{""delta"": -0.5, ""theta"": -0.05, ""vega"": 0.2, ""gamma"": 0.02}"
2026-04-03 12:03:00,STRONG_MOMENTUM_LOSING,,526.4000000000306,752.0000000000437,70.0,True,7.520000000000437,12.784000000000741,24400.0,PE,ATM,2,50,24436.879220636576,"{""delta"": -0.5, ""theta"": -0.05, ""vega"": 0.2, ""gamma"": 0.02}"
2026-04-03 12:03:00,CCI_EXTREME_LOSING,,-4.39471334276976,752.0000000000437,-0.5844033700491362,False,7.520000000000437,7.476052866572739,24400.0,PE,ATM,2,50,24436.879220636576,"{""delta"": -0.5, ""theta"": -0.05, ""vega"": 0.2, ""gamma"": 0.02}"
2026-04-03 12:05:00,VOLUME_SPIKE_LOSING,,526.4000000000306,752.0000000000437,70.0,True,7.520000000000437,12.784000000000741,24400.0,CE,OTM,2,50,22820.34373487574,"{""delta"": 0.5, ""theta"": -0.05, ""vega"": 0.2, ""gamma"": 0.02}"
2026-04-03 12:05:00,CCI_EXTREME_LOSING,,526.4000000000306,752.0000000000437,70.0,True,7.520000000000437,12.784000000000741,24400.0,CE,OTM,2,50,22820.34373487574,"{""delta"": 0.5, ""theta"": -0.05, ""vega"": 0.2, ""gamma"": 0.02}"
2026-04-03 12:05:00,ATR_BREAKOUT_LOSING,,-3.977760534118059,752.0000000000437,-0.5289575178348176,False,7.520000000000437,7.480222394659256,24400.0,CE,OTM,2,50,22820.34373487574,"{""delta"": 0.5, ""theta"": -0.05, ""vega"": 0.2, ""gamma"": 0.02}"
2026-04-03 12:05:00,MOMENTUM_REVERSAL_LOSING,,526.4000000000306,752.0000000000437,70.0,True,7.520000000000437,12.784000000000741,24400.0,CE,OTM,2,50,22820.34373487574,"{""delta"": 0.5, ""theta"": -0.05, ""vega"": 0.2, ""gamma"": 0.02}"
2026-04-03 12:09:00,STRONG_MOMENTUM_LOSING,,-5.545909009551261,752.0000000000437,-0.7374879002062419,False,7.520000000000437,7.464540909904923,24400.0,CE,ITM,2,50,24702.66209743854,"{""delta"": 0.5, ""theta"": -0.05, ""vega"": 0.2, ""gamma"": 0.02}"
2026-04-03 12:09:00,WILLIAMS_REVERSAL_LOSING,,526.4000000000306,752.0000000000437,70.0,True,7.520000000000437,12.784000000000741,24400.0,CE,ITM,2,50,24702.66209743854,"{""delta"": 0.5, ""theta"": -0.05, ""vega"": 0.2, ""gamma"": 0.02}"
2026-04-03 12:09:00,CCI_EXTREME_LOSING,,526.4000000000306,752.0000000000437,70.0,True,7.520000000000437,12.784000000000741,24400.0,CE,ITM,2,50,24702.66209743854,"{""delta"": 0.5, ""theta"": -0.05, ""vega"": 0.2, ""gamma"": 0.02}"
2026-04-03 12:09:00,MOMENTUM_REVERSAL_LOSING,,526.4000000000306,752.0000000000437,70.0,True,7.520000000000437,12.784000000000741,24400.0,CE,ITM,2,50,24702.66209743854,"{""delta"": 0.5, ""theta"": -0.05, ""vega"": 0.2, ""gamma"": 0.02}"
2026-04-03 12:09:00,DAY_HIGH_LOW_OPTIMIZED,,526.4000000000306,752.0000000000437,70.0,True,7.520000000000437,12.784000000000741,24400.0,CE,ITM,2,50,24702.66209743854,"{""delta"": 0.5, ""theta"": -0.05, ""vega"": 0.2, ""gamma"": 0.02}"
2026-04-03 12:11:00,RSI_DIVERGENCE_LOSING,,526.4000000000306,752.0000000000437,70.0,True,7.520000000000437,12.784000000000741,24400.0,CE,OTM,2,50,24195.229859434876,"{""delta"": 0.5, ""theta"": -0.05, ""vega"": 0.2, ""gamma"": 0.02}"
2026-04-03 12:11:00,STOCHASTIC_OVERSOLD_LOSING,,-6.436510612937325,752.0000000000437,-0.8559189644862967,False,7.520000000000437,7.455634893871063,24400.0,CE,OTM,2,50,24195.229859434876,"{""delta"": 0.5, ""theta"": -0.05, ""vega"": 0.2, ""gamma"": 0.02}"
2026-04-03 12:11:00,CCI_EXTREME_LOSING,,526.4000000000306,752.0000000000437,70.0,True,7.520000000000437,12.784000000000741,24400.0,CE,OTM,2,50,24195.229859434876,"{""delta"": 0.5, ""theta"": -0.05, ""vega"": 0.2, ""gamma"": 0.02}"
2026-04-03 12:11:00,DAY_HIGH_LOW_OPTIMIZED,,526.4000000000306,752.0000000000437,70.0,True,7.520000000000437,12.784000000000741,24400.0,CE,OTM,2,50,24195.229859434876,"{""delta"": 0.5, ""theta"": -0.05, ""vega"": 0.2, ""gamma"": 0.02}"
2026-04-03 12:11:00,BREAKOUT_REVERSAL_LOSING,,526.4000000000306,752.0000000000437,70.0,True,7.520000000000437,12.784000000000741,24400.0,CE,OTM,2,50,24195.229859434876,"{""delta"": 0.5, ""theta"": -0.05, ""vega"": 0.2, ""gamma"": 0.02}"
2026-04-03 12:13:00,MULTI_TIMEFRAME_LOSING,,-4.2332199454041985,752.0000000000437,-0.5629281842292491,False,7.520000000000437,7.477667800546395,24400.0,CE,OTM,2,50,23749.51682872207,"{""delta"": 0.5, ""theta"": -0.05, ""vega"": 0.2, ""gamma"": 0.02}"
2026-04-03 12:13:00,TREND_FOLLOWING_OPTIMIZED,,526.4000000000306,752.0000000000437,70.0,True,7.520000000000437,12.784000000000741,24400.0,CE,OTM,2,50,23749.51682872207,"{""delta"": 0.5, ""theta"": -0.05, ""vega"": 0.2, ""gamma"": 0.02}"
2026-04-03 12:13:00,CCI_EXTREME_LOSING,,526.4000000000306,752.0000000000437,70.0,True,7.520000000000437,12.784000000000741,24400.0,CE,OTM,2,50,23749.51682872207,"{""delta"": 0.5, ""theta"": -0.05, ""vega"": 0.2, ""gamma"": 0.02}"
2026-04-03 12:13:00,DAY_HIGH_LOW_OPTIMIZED,,526.4000000000306,752.0000000000437,70.0,True,7.520000000000437,12.784000000000741,24400.0,CE,OTM,2,50,23749.51682872207,"{""delta"": 0.5, ""theta"": -0.05, ""vega"": 0.2, ""gamma"": 0.02}"
2026-04-03 12:13:00,BOLLINGER_SQUEEZE_LOSING,,-8.699931680564264,752.0000000000437,-1.156905808585606,False,7.520000000000437,7.433000683194794,24400.0,CE,OTM,2,50,23749.51682872207,"{""delta"": 0.5, ""theta"": -0.05, ""vega"": 0.2, ""gamma"": 0.02}"
2026-04-03 12:13:00,BREAKOUT_REVERSAL_LOSING,,526.4000000000306,752.0000000000437,70.0,True,7.520000000000437,12.784000000000741,24400.0,CE,OTM,2,50,23749.51682872207,"{""delta"": 0.5, ""theta"": -0.05, ""vega"": 0.2, ""gamma"": 0.02}"
2026-04-03 12:15:00,CCI_EXTREME_LOSING,,526.4000000000306,752.0000000000437,70.0,True,7.520000000000437,12.784000000000741,24400.0,PE,OTM,2,50,23874.175230684592,"{""delta"": -0.5, ""theta"": -0.05, ""vega"": 0.2, ""gamma"": 0.02}"
2026-04-03 12:17:00,MULTI_TIMEFRAME_LOSING,,3738.8000000000284,5752.000000000044,65.0,True,57.52000000000044,94.90800000000071,24300.0,CE,ATM,2,50,24271.041177099596,"{""delta"": 0.5, ""theta"": -0.05, ""vega"": 0.2, ""gamma"": 0.02}"
2026-04-03 12:17:00,MACD_DIVERGENCE_LOSING,,3738.8000000000284,5752.000000000044,65.0,True,57.52000000000044,94.90800000000071,24300.0,CE,ATM,2,50,24271.041177099596,"{""delta"": 0.5, ""theta"": -0.05, ""vega"": 0.2, ""gamma"": 0.02}"
2026-04-03 12:17:00,DAY_HIGH_LOW_OPTIMIZED,,-36.70298748040352,5752.000000000044,-0.6380908810918505,False,57.52000000000044,57.152970125196404,24300.0,CE,ATM,2,50,24271.041177099596,"{""delta"": 0.5, ""theta"": -0.05, ""vega"": 0.2, ""gamma"": 0.02}"
2026-04-03 12:17:00,BOLLINGER_SQUEEZE_LOSING,,3738.8000000000284,5752.000000000044,65.0,True,57.52000000000044,94.90800000000071,24300.0,CE,ATM,2,50,24271.041177099596,"{""delta"": 0.5, ""theta"": -0.05, ""vega"": 0.2, ""gamma"": 0.02}"
2026-04-03 12:17:00,BREAKOUT_REVERSAL_LOSING,,3738.8000000000284,5752.000000000044,65.0,True,57.52000000000044,94.90800000000071,24300.0,CE,ATM,2,50,24271.041177099596,"{""delta"": 0.5, ""theta"": -0.05, ""vega"": 0.2, ""gamma"": 0.02}"
2026-04-03 12:19:00,HIGH_VOLUME_LOSING,,526.4000000000306,752.0000000000437,70.0,True,7.520000000000437,12.784000000000741,24400.0,CE,OTM,2,50,23562.506590634985,"{""delta"": 0.5, ""theta"": -0.05, ""vega"": 0.2, ""gamma"": 0.02}"
2026-04-03 12:23:00,RSI_DIVERGENCE_LOSING,,526.4000000000306,752.0000000000437,70.0,True,7.520000000000437,12.784000000000741,24400.0,PE,OTM,2,50,22956.480965906783,"{""delta"": -0.5, ""theta"": -0.05, ""vega"": 0.2, ""gamma"": 0.02}"
2026-04-03 12:27:00,CCI_EXTREME_LOSING,,-5.8543656212065205,752.0000000000437,-0.7785060666497581,False,7.520000000000437,7.461456343788372,24400.0,PE,OTM,2,50,23808.143353974727,"{""delta"": -0.5, ""theta"": -0.05, ""vega"": 0.2, ""gamma"": 0.02}"
2026-04-03 12:29:00,STRONG_MOMENTUM_LOSING,,526.4000000000306,752.0000000000437,70.0,True,7.520000000000437,12.784000000000741,24400.0,CE,OTM,2,50,23452.92922103623,"{""delta"": 0.5, ""theta"": -0.05, ""vega"": 0.2, ""gamma"": 0.02}"
2026-04-03 12:29:00,ATR_BREAKOUT_LOSING,,526.4000000000306,752.0000000000437,70.0,True,7.520000000000437,12.784000000000741,24400.0,CE,OTM,2,50,23452.92922103623,"{""delta"": 0.5, ""theta"": -0.05, ""vega"": 0.2, ""gamma"": 0.02}"
2026-04-03 12:31:00,STOCHASTIC_OVERSOLD_LOSING,,526.4000000000306,752.0000000000437,70.0,True,7.520000000000437,12.784000000000741,24400.0,CE,OTM,2,50,23761.717775144836,"{""delta"": 0.5, ""theta"": -0.05, ""vega"": 0.2, ""gamma"": 0.02}"
2026-04-03 12:31:00,TREND_FOLLOWING_OPTIMIZED,,526.4000000000306,752.0000000000437,70.0,True,7.520000000000437,12.784000000000741,24400.0,CE,OTM,2,50,23761.717775144836,"{""delta"": 0.5, ""theta"": -0.05, ""vega"": 0.2, ""gamma"": 0.02}"
2026-04-03 12:31:00,VOLUME_SPIKE_LOSING,,526.4000000000306,752.0000000000437,70.0,True,7.520000000000437,12.784000000000741,24400.0,CE,OTM,2,50,23761.717775144836,"{""delta"": 0.5, ""theta"": -0.05, ""vega"": 0.2, ""gamma"": 0.02}"
2026-04-03 12:31:00,WILLIAMS_REVERSAL_LOSING,,526.4000000000306,752.0000000000437,70.0,True,7.520000000000437,12.784000000000741,24400.0,CE,OTM,2,50,23761.717775144836,"{""delta"": 0.5, ""theta"": -0.05, ""vega"": 0.2, ""gamma"": 0.02}"
2026-04-03 12:31:00,MOMENTUM_REVERSAL_LOSING,,526.4000000000306,752.0000000000437,70.0,True,7.520000000000437,12.784000000000741,24400.0,CE,OTM,2,50,23761.717775144836,"{""delta"": 0.5, ""theta"": -0.05, ""vega"": 0.2, ""gamma"": 0.02}"
2026-04-03 12:33:00,STRONG_MOMENTUM_LOSING,,526.4000000000306,752.0000000000437,70.0,True,7.520000000000437,12.784000000000741,24400.0,CE,OTM,2,50,23144.51920397398,"{""delta"": 0.5, ""theta"": -0.05, ""vega"": 0.2, ""gamma"": 0.02}"
2026-04-03 12:39:00,RSI_DIVERGENCE_LOSING,,6011.199999999972,9247.999999999956,65.0,True,92.47999999999956,152.59199999999927,24600.0,CE,ITM,2,50,24658.580390889198,"{""delta"": 0.5, ""theta"": -0.05, ""vega"": 0.2, ""gamma"": 0.02}"
2026-04-03 12:39:00,VOLUME_SPIKE_LOSING,,-89.90893297932662,9247.999999999956,-0.9721986697591593,False,92.47999999999956,91.5809106702063,24600.0,CE,ITM,2,50,24658.580390889198,"{""delta"": 0.5, ""theta"": -0.05, ""vega"": 0.2, ""gamma"": 0.02}"
2026-04-03 12:39:00,HIGH_VOLUME_LOSING,,6011.199999999972,9247.999999999956,65.0,True,92.47999999999956,152.59199999999927,24600.0,CE,ITM,2,50,24658.580390889198,"{""delta"": 0.5, ""theta"": -0.05, ""vega"": 0.2, ""gamma"": 0.02}"
2026-04-03 12:39:00,STRONG_MOMENTUM_LOSING,,-51.177822873255145,9247.999999999956,-0.5533934134218792,False,92.47999999999956,91.96822177126701,24600.0,CE,ITM,2,50,24658.580390889198,"{""delta"": 0.5, ""theta"": -0.05, ""vega"": 0.2, ""gamma"": 0.02}"
2026-04-03 12:39:00,MOMENTUM_REVERSAL_LOSING,,6011.199999999972,9247.999999999956,65.0,True,92.47999999999956,152.59199999999927,24600.0,CE,ITM,2,50,24658.580390889198,"{""delta"": 0.5, ""theta"": -0.05, ""vega"": 0.2, ""gamma"": 0.02}"
2026-04-03 12:39:00,BOLLINGER_SQUEEZE_LOSING,,-71.63382199692003,9247.999999999956,-0.7745871755722359,False,92.47999999999956,91.76366178003036,24600.0,CE,ITM,2,50,24658.580390889198,"{""delta"": 0.5, ""theta"": -0.05, ""vega"": 0.2, ""gamma"": 0.02}"
2026-04-03 12:39:00,BREAKOUT_REVERSAL_LOSING,,6011.199999999972,9247.999999999956,65.0,True,92.47999999999956,152.59199999999927,24600.0,CE,ITM,2,50,24658.580390889198,"{""delta"": 0.5, ""theta"": -0.05, ""vega"": 0.2, ""gamma"": 0.02}"
2026-04-03 12:41:00,ATR_BREAKOUT_LOSING,,526.4000000000306,752.0000000000437,70.0,True,7.520000000000437,12.784000000000741,24400.0,CE,OTM,2,50,23971.312749571767,"{""delta"": 0.5, ""theta"": -0.05, ""vega"": 0.2, ""gamma"": 0.02}"
2026-04-03 12:43:00,STOCHASTIC_OVERSOLD_LOSING,,-8.937163654213428,752.0000000000437,-1.1884526135921423,False,7.520000000000437,7.430628363458302,24400.0,PE,OTM,2,50,24011.14697849808,"{""delta"": -0.5, ""theta"": -0.05, ""vega"": 0.2, ""gamma"": 0.02}"
2026-04-03 12:43:00,MACD_DIVERGENCE_LOSING,,526.4000000000306,752.0000000000437,70.0,True,7.520000000000437,12.784000000000741,24400.0,PE,OTM,2,50,24011.14697849808,"{""delta"": -0.5, ""theta"": -0.05, ""vega"": 0.2, ""gamma"": 0.02}"
2026-04-03 12:43:00,WILLIAMS_REVERSAL_LOSING,,-3.8773217609960033,752.0000000000437,-0.5156012980047577,False,7.520000000000437,7.481226782390477,24400.0,PE,OTM,2,50,24011.14697849808,"{""delta"": -0.5, ""theta"": -0.05, ""vega"": 0.2, ""gamma"": 0.02}"
2026-04-03 12:43:00,DAY_HIGH_LOW_OPTIMIZED,,526.4000000000306,752.0000000000437,70.0,True,7.520000000000437,12.784000000000741,24400.0,PE,OTM,2,50,24011.14697849808,"{""delta"": -0.5, ""theta"": -0.05, ""vega"": 0.2, ""gamma"": 0.02}"
2026-04-03 12:43:00,BOLLINGER_SQUEEZE_LOSING,,-10.709529341690445,752.0000000000437,-1.4241395401183274,False,7.520000000000437,7.412904706583532,24400.0,PE,OTM,2,50,24011.14697849808,"{""delta"": -0.5, ""theta"": -0.05, ""vega"": 0.2, ""gamma"": 0.02}"
2026-04-03 12:47:00,STOCHASTIC_OVERSOLD_LOSING,,526.4000000000306,752.0000000000437,70.0,True,7.520000000000437,12.784000000000741,24400.0,PE,OTM,2,50,23154.088411793924,"{""delta"": -0.5, ""theta"": -0.05, ""vega"": 0.2, ""gamma"": 0.02}"
2026-04-03 12:49:00,MULTI_TIMEFRAME_LOSING,,526.4000000000306,752.0000000000437,70.0,True,7.520000000000437,12.784000000000741,24400.0,CE,OTM,2,50,23306.979620175265,"{""delta"": 0.5, ""theta"": -0.05, ""vega"": 0.2, ""gamma"": 0.02}"
2026-04-03 12:49:00,MACD_DIVERGENCE_LOSING,,-9.614476500196766,752.0000000000437,-1.2785208111963042,False,7.520000000000437,7.423855234998469,24400.0,CE,OTM,2,50,23306.979620175265,"{""delta"": 0.5, ""theta"": -0.05, ""vega"": 0.2, ""gamma"": 0.02}"
2026-04-03 12:49:00,WILLIAMS_REVERSAL_LOSING,,526.4000000000306,752.0000000000437,70.0,True,7.520000000000437,12.784000000000741,24400.0,CE,OTM,2,50,23306.979620175265,"{""delta"": 0.5, ""theta"": -0.05, ""vega"": 0.2, ""gamma"": 0.02}"
2026-04-03 12:49:00,ATR_BREAKOUT_LOSING,,-5.099346719511409,752.0000000000437,-0.6781046169562651,False,7.520000000000437,7.469006532805323,24400.0,CE,OTM,2,50,23306.979620175265,"{""delta"": 0.5, ""theta"": -0.05, ""vega"": 0.2, ""gamma"": 0.02}"
2026-04-03 12:49:00,MOMENTUM_REVERSAL_LOSING,,-4.820733441519547,752.0000000000437,-0.6410549789254345,False,7.520000000000437,7.471792665585241,24400.0,CE,OTM,2,50,23306.979620175265,"{""delta"": 0.5, ""theta"": -0.05, ""vega"": 0.2, ""gamma"": 0.02}"
2026-04-03 12:51:00,RSI_DIVERGENCE_LOSING,,526.4000000000306,752.0000000000437,70.0,True,7.520000000000437,12.784000000000741,24400.0,CE,OTM,2,50,24188.78591407591,"{""delta"": 0.5, ""theta"": -0.05, ""vega"": 0.2, ""gamma"": 0.02}"
2026-04-03 12:51:00,TREND_FOLLOWING_OPTIMIZED,,-9.86761724762783,752.0000000000437,-1.3121831446312844,False,7.520000000000437,7.421323827524159,24400.0,CE,OTM,2,50,24188.78591407591,"{""delta"": 0.5, ""theta"": -0.05, ""vega"": 0.2, ""gamma"": 0.02}"
2026-04-03 12:51:00,MACD_DIVERGENCE_LOSING,,526.4000000000306,752.0000000000437,70.0,True,7.520000000000437,12.784000000000741,24400.0,CE,OTM,2,50,24188.78591407591,"{""delta"": 0.5, ""theta"": -0.05, ""vega"": 0.2, ""gamma"": 0.02}"
2026-04-03 12:51:00,MOMENTUM_REVERSAL_LOSING,,526.4000000000306,752.0000000000437,70.0,True,7.520000000000437,12.784000000000741,24400.0,CE,OTM,2,50,24188.78591407591,"{""delta"": 0.5, ""theta"": -0.05, ""vega"": 0.2, ""gamma"": 0.02}"
2026-04-03 12:51:00,DAY_HIGH_LOW_OPTIMIZED,,-6.059317402784535,752.0000000000437,-0.8057602929234285,False,7.520000000000437,7.459406825972591,24400.0,CE,OTM,2,50,24188.78591407591,"{""delta"": 0.5, ""theta"": -0.05, ""vega"": 0.2, ""gamma"": 0.02}"
2026-04-03 12:55:00,STOCHASTIC_OVERSOLD_LOSING,,-10.250347874827446,752.0000000000437,-1.3630781748439962,False,7.520000000000437,7.417496521252161,24400.0,CE,OTM,2,50,23135.741857971963,"{""delta"": 0.5, ""theta"": -0.05, ""vega"": 0.2, ""gamma"": 0.02}"
2026-04-03 12:55:00,TREND_FOLLOWING_OPTIMIZED,,526.4000000000306,752.0000000000437,70.0,True,7.520000000000437,12.784000000000741,24400.0,CE,OTM,2,50,23135.741857971963,"{""delta"": 0.5, ""theta"": -0.05, ""vega"": 0.2, ""gamma"": 0.02}"
2026-04-03 12:55:00,CCI_EXTREME_LOSING,,526.4000000000306,752.0000000000437,70.0,True,7.520000000000437,12.784000000000741,24400.0,CE,OTM,2,50,23135.741857971963,"{""delta"": 0.5, ""theta"": -0.05, ""vega"": 0.2, ""gamma"": 0.02}"
2026-04-03 12:57:00,ATR_BREAKOUT_LOSING,,-6.40452290705024,752.0000000000437,-0.8516652801928016,False,7.520000000000437,7.455954770929934,24400.0,CE,OTM,2,50,23278.794686960515,"{""delta"": 0.5, ""theta"": -0.05, ""vega"": 0.2, ""gamma"": 0.02}"
2026-04-03 12:59:00,VOLUME_SPIKE_LOSING,,526.4000000000306,752.0000000000437,70.0,True,7.520000000000437,12.784000000000741,24400.0,CE,OTM,2,50,23345.97196323188,"{""delta"": 0.5, ""theta"": -0.05, ""vega"": 0.2, ""gamma"": 0.02}"
2026-04-03 12:59:00,CCI_EXTREME_LOSING,,-6.3947248181938345,752.0000000000437,-0.8503623428448754,False,7.520000000000437,7.456052751818498,24400.0,CE,OTM,2,50,23345.97196323188,"{""delta"": 0.5, ""theta"": -0.05, ""vega"": 0.2, ""gamma"": 0.02}"
2026-04-03 12:59:00,ATR_BREAKOUT_LOSING,,526.4000000000306,752.0000000000437,70.0,True,7.520000000000437,12.784000000000741,24400.0,CE,OTM,2,50,23345.97196323188,"{""delta"": 0.5, ""theta"": -0.05, ""vega"": 0.2, ""gamma"": 0.02}"
2026-04-03 13:01:00,TREND_FOLLOWING_OPTIMIZED,,526.4000000000306,752.0000000000437,70.0,True,7.520000000000437,12.784000000000741,24400.0,PE,OTM,2,50,23487.62505439392,"{""delta"": -0.5, ""theta"": -0.05, ""vega"": 0.2, ""gamma"": 0.02}"
2026-04-03 13:03:00,AI_ENHANCED_LOSING,,-8.686142306991016,752.0000000000437,-1.1550721152912915,False,7.520000000000437,7.433138576930527,24400.0,CE,OTM,2,50,23557.067629993464,"{""delta"": 0.5, ""theta"": -0.05, ""vega"": 0.2, ""gamma"": 0.02}"
2026-04-03 13:03:00,STRONG_MOMENTUM_LOSING,,526.4000000000306,752.0000000000437,70.0,True,7.520000000000437,12.784000000000741,24400.0,CE,OTM,2,50,23557.067629993464,"{""delta"": 0.5, ""theta"": -0.05, ""vega"": 0.2, ""gamma"": 0.02}"
2026-04-03 13:03:00,MOMENTUM_REVERSAL_LOSING,,526.4000000000306,752.0000000000437,70.0,True,7.520000000000437,12.784000000000741,24400.0,CE,OTM,2,50,23557.067629993464,"{""delta"": 0.5, ""theta"": -0.05, ""vega"": 0.2, ""gamma"": 0.02}"
2026-04-03 13:03:00,BOLLINGER_SQUEEZE_LOSING,,526.4000000000306,752.0000000000437,70.0,True,7.520000000000437,12.784000000000741,24400.0,CE,OTM,2,50,23557.067629993464,"{""delta"": 0.5, ""theta"": -0.05, ""vega"": 0.2, ""gamma"": 0.02}"
2026-04-03 13:03:00,BREAKOUT_REVERSAL_LOSING,,526.4000000000306,752.0000000000437,70.0,True,7.520000000000437,12.784000000000741,24400.0,CE,OTM,2,50,23557.067629993464,"{""delta"": 0.5, ""theta"": -0.05, ""vega"": 0.2, ""gamma"": 0.02}"
2026-04-03 13:05:00,RSI_DIVERGENCE_LOSING,,526.4000000000306,752.0000000000437,70.0,True,7.520000000000437,12.784000000000741,24400.0,CE,ITM,2,50,24830.90431025313,"{""delta"": 0.5, ""theta"": -0.05, ""vega"": 0.2, ""gamma"": 0.02}"
2026-04-03 13:05:00,TREND_FOLLOWING_OPTIMIZED,,-6.6473196023784835,752.0000000000437,-0.8839520747843215,False,7.520000000000437,7.453526803976652,24400.0,CE,ITM,2,50,24830.90431025313,"{""delta"": 0.5, ""theta"": -0.05, ""vega"": 0.2, ""gamma"": 0.02}"
2026-04-03 13:05:00,STRONG_MOMENTUM_LOSING,,526.4000000000306,752.0000000000437,70.0,True,7.520000000000437,12.784000000000741,24400.0,CE,ITM,2,50,24830.90431025313,"{""delta"": 0.5, ""theta"": -0.05, ""vega"": 0.2, ""gamma"": 0.02}"
2026-04-03 13:05:00,CCI_EXTREME_LOSING,,-10.611707428750151,752.0000000000437,-1.411131307014566,False,7.520000000000437,7.413882925712935,24400.0,CE,ITM,2,50,24830.90431025313,"{""delta"": 0.5, ""theta"": -0.05, ""vega"": 0.2, ""gamma"": 0.02}"
2026-04-03 13:09:00,CCI_EXTREME_LOSING,,526.4000000000306,752.0000000000437,70.0,True,7.520000000000437,12.784000000000741,24400.0,PE,OTM,2,50,23724.643287565417,"{""delta"": -0.5, ""theta"": -0.05, ""vega"": 0.2, ""gamma"": 0.02}"
2026-04-03 13:13:00,MULTI_TIMEFRAME_LOSING,,526.4000000000306,752.0000000000437,70.0,True,7.520000000000437,12.784000000000741,24400.0,CE,OTM,2,50,24156.76118313734,"{""delta"": 0.5, ""theta"": -0.05, ""vega"": 0.2, ""gamma"": 0.02}"
2026-04-03 13:13:00,TREND_FOLLOWING_OPTIMIZED,,-8.662967451853428,752.0000000000437,-1.1519903526400166,False,7.520000000000437,7.433370325481902,24400.0,CE,OTM,2,50,24156.76118313734,"{""delta"": 0.5, ""theta"": -0.05, ""vega"": 0.2, ""gamma"": 0.02}"
2026-04-03 13:13:00,STRONG_MOMENTUM_LOSING,,526.4000000000306,752.0000000000437,70.0,True,7.520000000000437,12.784000000000741,24400.0,CE,OTM,2,50,24156.76118313734,"{""delta"": 0.5, ""theta"": -0.05, ""vega"": 0.2, ""gamma"": 0.02}"
2026-04-03 13:13:00,MOMENTUM_REVERSAL_LOSING,,526.4000000000306,752.0000000000437,70.0,True,7.520000000000437,12.784000000000741,24400.0,CE,OTM,2,50,24156.76118313734,"{""delta"": 0.5, ""theta"": -0.05, ""vega"": 0.2, ""gamma"": 0.02}"
2026-04-03 13:13:00,DAY_HIGH_LOW_OPTIMIZED,,-3.944721882015819,752.0000000000437,-0.5245640800552646,False,7.520000000000437,7.480552781180278,24400.0,CE,OTM,2,50,24156.76118313734,"{""delta"": 0.5, ""theta"": -0.05, ""vega"": 0.2, ""gamma"": 0.02}"
2026-04-03 13:13:00,BOLLINGER_SQUEEZE_LOSING,,526.4000000000306,752.0000000000437,70.0,True,7.520000000000437,12.784000000000741,24400.0,CE,OTM,2,50,24156.76118313734,"{""delta"": 0.5, ""theta"": -0.05, ""vega"": 0.2, ""gamma"": 0.02}"
2026-04-03 13:13:00,BREAKOUT_REVERSAL_LOSING,,526.4000000000306,752.0000000000437,70.0,True,7.520000000000437,12.784000000000741,24400.0,CE,OTM,2,50,24156.76118313734,"{""delta"": 0.5, ""theta"": -0.05, ""vega"": 0.2, ""gamma"": 0.02}"
2026-04-03 13:15:00,CCI_EXTREME_LOSING,,-10.562326938839904,752.0000000000437,-1.4045647525052247,False,7.520000000000437,7.414376730612037,24400.0,CE,OTM,2,50,24134.297034057006,"{""delta"": 0.5, ""theta"": -0.05, ""vega"": 0.2, ""gamma"": 0.02}"
2026-04-03 13:17:00,AI_ENHANCED_LOSING,,526.4000000000306,752.0000000000437,70.0,True,7.520000000000437,12.784000000000741,24400.0,CE,OTM,2,50,23633.970224634835,"{""delta"": 0.5, ""theta"": -0.05, ""vega"": 0.2, ""gamma"": 0.02}"
2026-04-03 13:19:00,MULTI_TIMEFRAME_LOSING,,526.4000000000306,752.0000000000437,70.0,True,7.520000000000437,12.784000000000741,24400.0,CE,OTM,2,50,23871.052821261303,"{""delta"": 0.5, ""theta"": -0.05, ""vega"": 0.2, ""gamma"": 0.02}"
2026-04-03 13:19:00,RSI_DIVERGENCE_LOSING,,526.4000000000306,752.0000000000437,70.0,True,7.520000000000437,12.784000000000741,24400.0,CE,OTM,2,50,23871.052821261303,"{""delta"": 0.5, ""theta"": -0.05, ""vega"": 0.2, ""gamma"": 0.02}"
2026-04-03 13:19:00,STRONG_MOMENTUM_LOSING,,526.4000000000306,752.0000000000437,70.0,True,7.520000000000437,12.784000000000741,24400.0,CE,OTM,2,50,23871.052821261303,"{""delta"": 0.5, ""theta"": -0.05, ""vega"": 0.2, ""gamma"": 0.02}"
2026-04-03 13:19:00,DAY_HIGH_LOW_OPTIMIZED,,526.4000000000306,752.0000000000437,70.0,True,7.520000000000437,12.784000000000741,24400.0,CE,OTM,2,50,23871.052821261303,"{""delta"": 0.5, ""theta"": -0.05, ""vega"": 0.2, ""gamma"": 0.02}"
2026-04-03 13:21:00,RSI_DIVERGENCE_LOSING,,526.4000000000306,752.0000000000437,70.0,True,7.520000000000437,12.784000000000741,24400.0,PE,OTM,2,50,23299.26539435092,"{""delta"": -0.5, ""theta"": -0.05, ""vega"": 0.2, ""gamma"": 0.02}"
2026-04-03 13:21:00,STOCHASTIC_OVERSOLD_LOSING,,526.4000000000306,752.0000000000437,70.0,True,7.520000000000437,12.784000000000741,24400.0,PE,OTM,2,50,23299.26539435092,"{""delta"": -0.5, ""theta"": -0.05, ""vega"": 0.2, ""gamma"": 0.02}"
2026-04-03 13:21:00,TREND_FOLLOWING_OPTIMIZED,,526.4000000000306,752.0000000000437,70.0,True,7.520000000000437,12.784000000000741,24400.0,PE,OTM,2,50,23299.26539435092,"{""delta"": -0.5, ""theta"": -0.05, ""vega"": 0.2, ""gamma"": 0.02}"
2026-04-03 13:21:00,ATR_BREAKOUT_LOSING,,526.4000000000306,752.0000000000437,70.0,True,7.520000000000437,12.784000000000741,24400.0,PE,OTM,2,50,23299.26539435092,"{""delta"": -0.5, ""theta"": -0.05, ""vega"": 0.2, ""gamma"": 0.02}"
2026-04-03 13:25:00,ATR_BREAKOUT_LOSING,,526.4000000000306,752.0000000000437,70.0,True,7.520000000000437,12.784000000000741,24400.0,CE,OTM,2,50,23993.221840245016,"{""delta"": 0.5, ""theta"": -0.05, ""vega"": 0.2, ""gamma"": 0.02}"
2026-04-03 13:27:00,CCI_EXTREME_LOSING,,526.4000000000306,752.0000000000437,70.0,True,7.520000000000437,12.784000000000741,24400.0,CE,OTM,2,50,23651.306769831983,"{""delta"": 0.5, ""theta"": -0.05, ""vega"": 0.2, ""gamma"": 0.02}"
2026-04-03 13:27:00,DAY_HIGH_LOW_OPTIMIZED,,526.4000000000306,752.0000000000437,70.0,True,7.520000000000437,12.784000000000741,24400.0,CE,OTM,2,50,23651.306769831983,"{""delta"": 0.5, ""theta"": -0.05, ""vega"": 0.2, ""gamma"": 0.02}"
2026-04-03 13:29:00,AI_ENHANCED_LOSING,,-5.879523720151803,752.0000000000437,-0.7818515585307795,False,7.520000000000437,7.461204762798919,24400.0,PE,OTM,2,50,23050.26484287428,"{""delta"": -0.5, ""theta"": -0.05, ""vega"": 0.2, ""gamma"": 0.02}"
2026-04-03 13:29:00,ATR_BREAKOUT_LOSING,,526.4000000000306,752.0000000000437,70.0,True,7.520000000000437,12.784000000000741,24400.0,PE,OTM,2,50,23050.26484287428,"{""delta"": -0.5, ""theta"": -0.05, ""vega"": 0.2, ""gamma"": 0.02}"
2026-04-03 13:31:00,VOLUME_SPIKE_LOSING,,526.4000000000306,752.0000000000437,70.0,True,7.520000000000437,12.784000000000741,24400.0,CE,OTM,2,50,23205.694893063923,"{""delta"": 0.5, ""theta"": -0.05, ""vega"": 0.2, ""gamma"": 0.02}"
2026-04-03 13:33:00,CCI_EXTREME_LOSING,,-10.001020263042246,752.0000000000437,-1.3299229073193704,False,7.520000000000437,7.419989797370014,24400.0,PE,OTM,2,50,23324.50245522053,"{""delta"": -0.5, ""theta"": -0.05, ""vega"": 0.2, ""gamma"": 0.02}"
2026-04-03 13:35:00,RSI_DIVERGENCE_LOSING,,526.4000000000306,752.0000000000437,70.0,True,7.520000000000437,12.784000000000741,24400.0,PE,OTM,2,50,24002.4812018369,"{""delta"": -0.5, ""theta"": -0.05, ""vega"": 0.2, ""gamma"": 0.02}"
2026-04-03 13:37:00,STOCHASTIC_OVERSOLD_LOSING,,526.4000000000306,752.0000000000437,70.0,True,7.520000000000437,12.784000000000741,24400.0,PE,OTM,2,50,22865.34232245745,"{""delta"": -0.5, ""theta"": -0.05, ""vega"": 0.2, ""gamma"": 0.02}"
2026-04-03 13:37:00,CCI_EXTREME_LOSING,,526.4000000000306,752.0000000000437,70.0,True,7.520000000000437,12.784000000000741,24400.0,PE,OTM,2,50,22865.34232245745,"{""delta"": -0.5, ""theta"": -0.05, ""vega"": 0.2, ""gamma"": 0.02}"
2026-04-03 13:39:00,CCI_EXTREME_LOSING,,-6.203606134114436,752.0000000000437,-0.8249476242172973,False,7.520000000000437,7.457963938659292,24400.0,PE,OTM,2,50,23098.97540231423,"{""delta"": -0.5, ""theta"": -0.05, ""vega"": 0.2, ""gamma"": 0.02}"
2026-04-03 13:39:00,ATR_BREAKOUT_LOSING,,-9.606393303202532,752.0000000000437,-1.277445917978986,False,7.520000000000437,7.423936066968412,24400.0,PE,OTM,2,50,23098.97540231423,"{""delta"": -0.5, ""theta"": -0.05, ""vega"": 0.2, ""gamma"": 0.02}"
2026-04-03 13:41:00,ATR_BREAKOUT_LOSING,,2973.5999999999694,4247.999999999956,70.0,True,42.47999999999956,72.21599999999926,24500.0,PE,ITM,2,50,24574.97521414993,"{""delta"": -0.5, ""theta"": -0.05, ""vega"": 0.2, ""gamma"": 0.02}"
2026-04-03 13:43:00,MULTI_TIMEFRAME_LOSING,,2973.5999999999694,4247.999999999956,70.0,True,42.47999999999956,72.21599999999926,24500.0,CE,ATM,2,50,24519.768449933676,"{""delta"": 0.5, ""theta"": -0.05, ""vega"": 0.2, ""gamma"": 0.02}"
2026-04-03 13:43:00,AI_ENHANCED_LOSING,,2973.5999999999694,4247.999999999956,70.0,True,42.47999999999956,72.21599999999926,24500.0,CE,ATM,2,50,24519.768449933676,"{""delta"": 0.5, ""theta"": -0.05, ""vega"": 0.2, ""gamma"": 0.02}"
2026-04-03 13:43:00,RSI_DIVERGENCE_LOSING,,2973.5999999999694,4247.999999999956,70.0,True,42.47999999999956,72.21599999999926,24500.0,CE,ATM,2,50,24519.768449933676,"{""delta"": 0.5, ""theta"": -0.05, ""vega"": 0.2, ""gamma"": 0.02}"
2026-04-03 13:43:00,STRONG_MOMENTUM_LOSING,,2973.5999999999694,4247.999999999956,70.0,True,42.47999999999956,72.21599999999926,24500.0,CE,ATM,2,50,24519.768449933676,"{""delta"": 0.5, ""theta"": -0.05, ""vega"": 0.2, ""gamma"": 0.02}"
2026-04-03 13:43:00,ATR_BREAKOUT_LOSING,,-52.93493599983991,4247.999999999956,-1.2461143126139467,False,42.47999999999956,41.950650640001165,24500.0,CE,ATM,2,50,24519.768449933676,"{""delta"": 0.5, ""theta"": -0.05, ""vega"": 0.2, ""gamma"": 0.02}"
2026-04-03 13:43:00,MOMENTUM_REVERSAL_LOSING,,-31.497180530088606,4247.999999999956,-0.7414590520265756,False,42.47999999999956,42.16502819469868,24500.0,CE,ATM,2,50,24519.768449933676,"{""delta"": 0.5, ""theta"": -0.05, ""vega"": 0.2, ""gamma"": 0.02}"
2026-04-03 13:43:00,BREAKOUT_REVERSAL_LOSING,,2973.5999999999694,4247.999999999956,70.0,True,42.47999999999956,72.21599999999926,24500.0,CE,ATM,2,50,24519.768449933676,"{""delta"": 0.5, ""theta"": -0.05, ""vega"": 0.2, ""gamma"": 0.02}"
2026-04-03 13:45:00,MULTI_TIMEFRAME_LOSING,,-8.767617110724828,752.0000000000437,-1.1659065306814254,False,7.520000000000437,7.432323828893188,24400.0,PE,OTM,2,50,23570.125511050137,"{""delta"": -0.5, ""theta"": -0.05, ""vega"": 0.2, ""gamma"": 0.02}"
2026-04-03 13:45:00,TREND_FOLLOWING_OPTIMIZED,,526.4000000000306,752.0000000000437,70.0,True,7.520000000000437,12.784000000000741,24400.0,PE,OTM,2,50,23570.125511050137,"{""delta"": -0.5, ""theta"": -0.05, ""vega"": 0.2, ""gamma"": 0.02}"
2026-04-03 13:45:00,STRONG_MOMENTUM_LOSING,,-6.461051012648918,752.0000000000437,-0.8591823155117744,False,7.520000000000437,7.455389489873947,24400.0,PE,OTM,2,50,23570.125511050137,"{""delta"": -0.5, ""theta"": -0.05, ""vega"": 0.2, ""gamma"": 0.02}"
2026-04-03 13:45:00,MACD_DIVERGENCE_LOSING,,526.4000000000306,752.0000000000437,70.0,True,7.520000000000437,12.784000000000741,24400.0,PE,OTM,2,50,23570.125511050137,"{""delta"": -0.5, ""theta"": -0.05, ""vega"": 0.2, ""gamma"": 0.02}"
2026-04-03 13:45:00,ATR_BREAKOUT_LOSING,,526.4000000000306,752.0000000000437,70.0,True,7.520000000000437,12.784000000000741,24400.0,PE,OTM,2,50,23570.125511050137,"{""delta"": -0.5, ""theta"": -0.05, ""vega"": 0.2, ""gamma"": 0.02}"
2026-04-03 13:45:00,MOMENTUM_REVERSAL_LOSING,,526.4000000000306,752.0000000000437,70.0,True,7.520000000000437,12.784000000000741,24400.0,PE,OTM,2,50,23570.125511050137,"{""delta"": -0.5, ""theta"": -0.05, ""vega"": 0.2, ""gamma"": 0.02}"
2026-04-03 13:45:00,BREAKOUT_REVERSAL_LOSING,,-10.818094727874326,752.0000000000437,-1.4385764265789494,False,7.520000000000437,7.411819052721693,24400.0,PE,OTM,2,50,23570.125511050137,"{""delta"": -0.5, ""theta"": -0.05, ""vega"": 0.2, ""gamma"": 0.02}"
2026-04-03 13:47:00,STOCHASTIC_OVERSOLD_LOSING,,526.4000000000306,752.0000000000437,70.0,True,7.520000000000437,12.784000000000741,24400.0,PE,ATM,2,50,24411.95388890581,"{""delta"": -0.5, ""theta"": -0.05, ""vega"": 0.2, ""gamma"": 0.02}"
2026-04-03 13:47:00,TREND_FOLLOWING_OPTIMIZED,,526.4000000000306,752.0000000000437,70.0,True,7.520000000000437,12.784000000000741,24400.0,PE,ATM,2,50,24411.95388890581,"{""delta"": -0.5, ""theta"": -0.05, ""vega"": 0.2, ""gamma"": 0.02}"
2026-04-03 13:51:00,MULTI_TIMEFRAME_LOSING,,526.4000000000306,752.0000000000437,70.0,True,7.520000000000437,12.784000000000741,24400.0,PE,OTM,2,50,23608.28975283284,"{""delta"": -0.5, ""theta"": -0.05, ""vega"": 0.2, ""gamma"": 0.02}"
2026-04-03 13:51:00,AI_ENHANCED_LOSING,,526.4000000000306,752.0000000000437,70.0,True,7.520000000000437,12.784000000000741,24400.0,PE,OTM,2,50,23608.28975283284,"{""delta"": -0.5, ""theta"": -0.05, ""vega"": 0.2, ""gamma"": 0.02}"
2026-04-03 13:51:00,MOMENTUM_REVERSAL_LOSING,,526.4000000000306,752.0000000000437,70.0,True,7.520000000000437,12.784000000000741,24400.0,PE,OTM,2,50,23608.28975283284,"{""delta"": -0.5, ""theta"": -0.05, ""vega"": 0.2, ""gamma"": 0.02}"
2026-04-03 13:51:00,DAY_HIGH_LOW_OPTIMIZED,,526.4000000000306,752.0000000000437,70.0,True,7.520000000000437,12.784000000000741,24400.0,PE,OTM,2,50,23608.28975283284,"{""delta"": -0.5, ""theta"": -0.05, ""vega"": 0.2, ""gamma"": 0.02}"
2026-04-03 13:53:00,HIGH_VOLUME_LOSING,,-5.375543927256449,752.0000000000437,-0.7148329690500183,False,7.520000000000437,7.466244560727872,24400.0,CE,OTM,2,50,23202.53372367901,"{""delta"": 0.5, ""theta"": -0.05, ""vega"": 0.2, ""gamma"": 0.02}"
2026-04-03 13:53:00,CCI_EXTREME_LOSING,,526.4000000000306,752.0000000000437,70.0,True,7.520000000000437,12.784000000000741,24400.0,CE,OTM,2,50,23202.53372367901,"{""delta"": 0.5, ""theta"": -0.05, ""vega"": 0.2, ""gamma"": 0.02}"
2026-04-03 13:55:00,AI_ENHANCED_LOSING,,526.4000000000306,752.0000000000437,70.0,True,7.520000000000437,12.784000000000741,24400.0,CE,OTM,2,50,23647.791443567094,"{""delta"": 0.5, ""theta"": -0.05, ""vega"": 0.2, ""gamma"": 0.02}"
2026-04-03 13:55:00,TREND_FOLLOWING_OPTIMIZED,,-11.113652671447124,752.0000000000437,-1.4778793446072445,False,7.520000000000437,7.408863473285965,24400.0,CE,OTM,2,50,23647.791443567094,"{""delta"": 0.5, ""theta"": -0.05, ""vega"": 0.2, ""gamma"": 0.02}"
2026-04-03 13:55:00,ATR_BREAKOUT_LOSING,,-10.336621796765364,752.0000000000437,-1.3745507708463782,False,7.520000000000437,7.416633782032783,24400.0,CE,OTM,2,50,23647.791443567094,"{""delta"": 0.5, ""theta"": -0.05, ""vega"": 0.2, ""gamma"": 0.02}"
2026-04-03 13:57:00,VOLUME_SPIKE_LOSING,,526.4000000000306,752.0000000000437,70.0,True,7.520000000000437,12.784000000000741,24400.0,CE,OTM,2,50,23880.921060031003,"{""delta"": 0.5, ""theta"": -0.05, ""vega"": 0.2, ""gamma"": 0.02}"
2026-04-03 13:57:00,MOMENTUM_REVERSAL_LOSING,,526.4000000000306,752.0000000000437,70.0,True,7.520000000000437,12.784000000000741,24400.0,CE,OTM,2,50,23880.921060031003,"{""delta"": 0.5, ""theta"": -0.05, ""vega"": 0.2, ""gamma"": 0.02}"
2026-04-03 13:57:00,BREAKOUT_REVERSAL_LOSING,,526.4000000000306,752.0000000000437,70.0,True,7.520000000000437,12.784000000000741,24400.0,CE,OTM,2,50,23880.921060031003,"{""delta"": 0.5, ""theta"": -0.05, ""vega"": 0.2, ""gamma"": 0.02}"
2026-04-03 13:59:00,CCI_EXTREME_LOSING,,-7.133939007557416,752.0000000000437,-0.9486621020687502,False,7.520000000000437,7.448660609924862,24400.0,PE,OTM,2,50,22850.239633975107,"{""delta"": -0.5, ""theta"": -0.05, ""vega"": 0.2, ""gamma"": 0.02}"
2026-04-03 14:07:00,AI_ENHANCED_LOSING,,526.4000000000306,752.0000000000437,70.0,True,7.520000000000437,12.784000000000741,24400.0,PE,OTM,2,50,23511.733590852116,"{""delta"": -0.5, ""theta"": -0.05, ""vega"": 0.2, ""gamma"": 0.02}"
2026-04-03 14:07:00,STOCHASTIC_OVERSOLD_LOSING,,526.4000000000306,752.0000000000437,70.0,True,7.520000000000437,12.784000000000741,24400.0,PE,OTM,2,50,23511.733590852116,"{""delta"": -0.5, ""theta"": -0.05, ""vega"": 0.2, ""gamma"": 0.02}"
2026-04-03 14:07:00,TREND_FOLLOWING_OPTIMIZED,,-8.236400951859784,752.0000000000437,-1.0952660840238437,False,7.520000000000437,7.437635990481838,24400.0,PE,OTM,2,50,23511.733590852116,"{""delta"": -0.5, ""theta"": -0.05, ""vega"": 0.2, ""gamma"": 0.02}"
2026-04-03 14:07:00,CCI_EXTREME_LOSING,,526.4000000000306,752.0000000000437,70.0,True,7.520000000000437,12.784000000000741,24400.0,PE,OTM,2,50,23511.733590852116,"{""delta"": -0.5, ""theta"": -0.05, ""vega"": 0.2, ""gamma"": 0.02}"
2026-04-03 14:07:00,ATR_BREAKOUT_LOSING,,-5.597870595766433,752.0000000000437,-0.7443976856071952,False,7.520000000000437,7.464021294042773,24400.0,PE,OTM,2,50,23511.733590852116,"{""delta"": -0.5, ""theta"": -0.05, ""vega"": 0.2, ""gamma"": 0.02}"
2026-04-03 14:09:00,MULTI_TIMEFRAME_LOSING,,526.4000000000306,752.0000000000437,70.0,True,7.520000000000437,12.784000000000741,24400.0,CE,ITM,2,50,24929.21151856028,"{""delta"": 0.5, ""theta"": -0.05, ""vega"": 0.2, ""gamma"": 0.02}"
2026-04-03 14:09:00,WILLIAMS_REVERSAL_LOSING,,-6.002879836195449,752.0000000000437,-0.7982552973663697,False,7.520000000000437,7.459971201638482,24400.0,CE,ITM,2,50,24929.21151856028,"{""delta"": 0.5, ""theta"": -0.05, ""vega"": 0.2, ""gamma"": 0.02}"
2026-04-03 14:09:00,ATR_BREAKOUT_LOSING,,526.4000000000306,752.0000000000437,70.0,True,7.520000000000437,12.784000000000741,24400.0,CE,ITM,2,50,24929.21151856028,"{""delta"": 0.5, ""theta"": -0.05, ""vega"": 0.2, ""gamma"": 0.02}"
2026-04-03 14:11:00,RSI_DIVERGENCE_LOSING,,526.4000000000306,752.0000000000437,70.0,True,7.520000000000437,12.784000000000741,24400.0,PE,OTM,2,50,23769.376069509755,"{""delta"": -0.5, ""theta"": -0.05, ""vega"": 0.2, ""gamma"": 0.02}"
2026-04-03 14:11:00,STOCHASTIC_OVERSOLD_LOSING,,-5.18921771259345,752.0000000000437,-0.6900555468873869,False,7.520000000000437,7.468107822874502,24400.0,PE,OTM,2,50,23769.376069509755,"{""delta"": -0.5, ""theta"": -0.05, ""vega"": 0.2, ""gamma"": 0.02}"
2026-04-03 14:11:00,TREND_FOLLOWING_OPTIMIZED,,526.4000000000306,752.0000000000437,70.0,True,7.520000000000437,12.784000000000741,24400.0,PE,OTM,2,50,23769.376069509755,"{""delta"": -0.5, ""theta"": -0.05, ""vega"": 0.2, ""gamma"": 0.02}"
2026-04-03 14:15:00,CCI_EXTREME_LOSING,,-5.521999979801426,752.0000000000437,-0.7343085079522746,False,7.520000000000437,7.464780000202422,24400.0,CE,OTM,2,50,23395.72084407149,"{""delta"": 0.5, ""theta"": -0.05, ""vega"": 0.2, ""gamma"": 0.02}"
2026-04-03 14:15:00,ATR_BREAKOUT_LOSING,,526.4000000000306,752.0000000000437,70.0,True,7.520000000000437,12.784000000000741,24400.0,CE,OTM,2,50,23395.72084407149,"{""delta"": 0.5, ""theta"": -0.05, ""vega"": 0.2, ""gamma"": 0.02}"
2026-04-03 14:17:00,AI_ENHANCED_LOSING,,-4.28137689208707,752.0000000000437,-0.5693320335221838,False,7.520000000000437,7.477186231079566,24400.0,PE,OTM,2,50,23300.272592343375,"{""delta"": -0.5, ""theta"": -0.05, ""vega"": 0.2, ""gamma"": 0.02}"
2026-04-03 14:17:00,TREND_FOLLOWING_OPTIMIZED,,-9.853399675142963,752.0000000000437,-1.3102925099923393,False,7.520000000000437,7.421466003249007,24400.0,PE,OTM,2,50,23300.272592343375,"{""delta"": -0.5, ""theta"": -0.05, ""vega"": 0.2, ""gamma"": 0.02}"
2026-04-03 14:17:00,MOMENTUM_REVERSAL_LOSING,,-9.795872696879497,752.0000000000437,-1.3026426458615596,False,7.520000000000437,7.422041273031641,24400.0,PE,OTM,2,50,23300.272592343375,"{""delta"": -0.5, ""theta"": -0.05, ""vega"": 0.2, ""gamma"": 0.02}"
2026-04-03 14:19:00,STRONG_MOMENTUM_LOSING,,526.4000000000306,752.0000000000437,70.0,True,7.520000000000437,12.784000000000741,24400.0,PE,OTM,2,50,24092.004595933846,"{""delta"": -0.5, ""theta"": -0.05, ""vega"": 0.2, ""gamma"": 0.02}"
2026-04-03 14:21:00,MULTI_TIMEFRAME_LOSING,,-5.573232132149865,752.0000000000437,-0.741121294168822,False,7.520000000000437,7.4642676786789375,24400.0,CE,OTM,2,50,23534.74393048167,"{""delta"": 0.5, ""theta"": -0.05, ""vega"": 0.2, ""gamma"": 0.02}"
2026-04-03 14:21:00,RSI_DIVERGENCE_LOSING,,526.4000000000306,752.0000000000437,70.0,True,7.520000000000437,12.784000000000741,24400.0,CE,OTM,2,50,23534.74393048167,"{""delta"": 0.5, ""theta"": -0.05, ""vega"": 0.2, ""gamma"": 0.02}"
2026-04-03 14:21:00,STRONG_MOMENTUM_LOSING,,-10.466467113649424,752.0000000000437,-1.3918174353256405,False,7.520000000000437,7.415335328863943,24400.0,CE,OTM,2,50,23534.74393048167,"{""delta"": 0.5, ""theta"": -0.05, ""vega"": 0.2, ""gamma"": 0.02}"
2026-04-03 14:21:00,WILLIAMS_REVERSAL_LOSING,,526.4000000000306,752.0000000000437,70.0,True,7.520000000000437,12.784000000000741,24400.0,CE,OTM,2,50,23534.74393048167,"{""delta"": 0.5, ""theta"": -0.05, ""vega"": 0.2, ""gamma"": 0.02}"
2026-04-03 14:21:00,MOMENTUM_REVERSAL_LOSING,,526.4000000000306,752.0000000000437,70.0,True,7.520000000000437,12.784000000000741,24400.0,CE,OTM,2,50,23534.74393048167,"{""delta"": 0.5, ""theta"": -0.05, ""vega"": 0.2, ""gamma"": 0.02}"
2026-04-03 14:21:00,DAY_HIGH_LOW_OPTIMIZED,,526.4000000000306,752.0000000000437,70.0,True,7.520000000000437,12.784000000000741,24400.0,CE,OTM,2,50,23534.74393048167,"{""delta"": 0.5, ""theta"": -0.05, ""vega"": 0.2, ""gamma"": 0.02}"
2026-04-03 14:23:00,AI_ENHANCED_LOSING,,526.4000000000306,752.0000000000437,70.0,True,7.520000000000437,12.784000000000741,24400.0,PE,OTM,2,50,23033.60943324338,"{""delta"": -0.5, ""theta"": -0.05, ""vega"": 0.2, ""gamma"": 0.02}"
2026-04-03 14:23:00,STRONG_MOMENTUM_LOSING,,526.4000000000306,752.0000000000437,70.0,True,7.520000000000437,12.784000000000741,24400.0,PE,OTM,2,50,23033.60943324338,"{""delta"": -0.5, ""theta"": -0.05, ""vega"": 0.2, ""gamma"": 0.02}"
2026-04-03 14:23:00,ATR_BREAKOUT_LOSING,,526.4000000000306,752.0000000000437,70.0,True,7.520000000000437,12.784000000000741,24400.0,PE,OTM,2,50,23033.60943324338,"{""delta"": -0.5, ""theta"": -0.05, ""vega"": 0.2, ""gamma"": 0.02}"
2026-04-03 14:23:00,MOMENTUM_REVERSAL_LOSING,,526.4000000000306,752.0000000000437,70.0,True,7.520000000000437,12.784000000000741,24400.0,PE,OTM,2,50,23033.60943324338,"{""delta"": -0.5, ""theta"": -0.05, ""vega"": 0.2, ""gamma"": 0.02}"
2026-04-03 14:23:00,DAY_HIGH_LOW_OPTIMIZED,,526.4000000000306,752.0000000000437,70.0,True,7.520000000000437,12.784000000000741,24400.0,PE,OTM,2,50,23033.60943324338,"{""delta"": -0.5, ""theta"": -0.05, ""vega"": 0.2, ""gamma"": 0.02}"
2026-04-03 14:23:00,BOLLINGER_SQUEEZE_LOSING,,526.4000000000306,752.0000000000437,70.0,True,7.520000000000437,12.784000000000741,24400.0,PE,OTM,2,50,23033.60943324338,"{""delta"": -0.5, ""theta"": -0.05, ""vega"": 0.2, ""gamma"": 0.02}"
2026-04-03 14:23:00,BREAKOUT_REVERSAL_LOSING,,526.4000000000306,752.0000000000437,70.0,True,7.520000000000437,12.784000000000741,24400.0,PE,OTM,2,50,23033.60943324338,"{""delta"": -0.5, ""theta"": -0.05, ""vega"": 0.2, ""gamma"": 0.02}"
2026-04-03 14:25:00,HIGH_VOLUME_LOSING,,526.4000000000306,752.0000000000437,70.0,True,7.520000000000437,12.784000000000741,24400.0,CE,OTM,2,50,23901.58916305737,"{""delta"": 0.5, ""theta"": -0.05, ""vega"": 0.2, ""gamma"": 0.02}"
2026-04-03 14:27:00,MULTI_TIMEFRAME_LOSING,,526.4000000000306,752.0000000000437,70.0,True,7.520000000000437,12.784000000000741,24400.0,PE,OTM,2,50,24314.70704023495,"{""delta"": -0.5, ""theta"": -0.05, ""vega"": 0.2, ""gamma"": 0.02}"
2026-04-03 14:27:00,RSI_DIVERGENCE_LOSING,,526.4000000000306,752.0000000000437,70.0,True,7.520000000000437,12.784000000000741,24400.0,PE,OTM,2,50,24314.70704023495,"{""delta"": -0.5, ""theta"": -0.05, ""vega"": 0.2, ""gamma"": 0.02}"
2026-04-03 14:27:00,STOCHASTIC_OVERSOLD_LOSING,,526.4000000000306,752.0000000000437,70.0,True,7.520000000000437,12.784000000000741,24400.0,PE,OTM,2,50,24314.70704023495,"{""delta"": -0.5, ""theta"": -0.05, ""vega"": 0.2, ""gamma"": 0.02}"
2026-04-03 14:27:00,TREND_FOLLOWING_OPTIMIZED,,526.4000000000306,752.0000000000437,70.0,True,7.520000000000437,12.784000000000741,24400.0,PE,OTM,2,50,24314.70704023495,"{""delta"": -0.5, ""theta"": -0.05, ""vega"": 0.2, ""gamma"": 0.02}"
2026-04-03 14:27:00,CCI_EXTREME_LOSING,,526.4000000000306,752.0000000000437,70.0,True,7.520000000000437,12.784000000000741,24400.0,PE,OTM,2,50,24314.70704023495,"{""delta"": -0.5, ""theta"": -0.05, ""vega"": 0.2, ""gamma"": 0.02}"
2026-04-03 14:27:00,ATR_BREAKOUT_LOSING,,526.4000000000306,752.0000000000437,70.0,True,7.520000000000437,12.784000000000741,24400.0,PE,OTM,2,50,24314.70704023495,"{""delta"": -0.5, ""theta"": -0.05, ""vega"": 0.2, ""gamma"": 0.02}"
2026-04-03 14:27:00,BREAKOUT_REVERSAL_LOSING,,526.4000000000306,752.0000000000437,70.0,True,7.520000000000437,12.784000000000741,24400.0,PE,OTM,2,50,24314.70704023495,"{""delta"": -0.5, ""theta"": -0.05, ""vega"": 0.2, ""gamma"": 0.02}"
2026-04-03 14:29:00,TREND_FOLLOWING_OPTIMIZED,,526.4000000000306,752.0000000000437,70.0,True,7.520000000000437,12.784000000000741,24400.0,CE,ITM,2,50,24923.095982512015,"{""delta"": 0.5, ""theta"": -0.05, ""vega"": 0.2, ""gamma"": 0.02}"
2026-04-03 14:29:00,WILLIAMS_REVERSAL_LOSING,,526.4000000000306,752.0000000000437,70.0,True,7.520000000000437,12.784000000000741,24400.0,CE,ITM,2,50,24923.095982512015,"{""delta"": 0.5, ""theta"": -0.05, ""vega"": 0.2, ""gamma"": 0.02}"
2026-04-03 14:29:00,CCI_EXTREME_LOSING,,526.4000000000306,752.0000000000437,70.0,True,7.520000000000437,12.784000000000741,24400.0,CE,ITM,2,50,24923.095982512015,"{""delta"": 0.5, ""theta"": -0.05, ""vega"": 0.2, ""gamma"": 0.02}"
2026-04-03 14:29:00,MOMENTUM_REVERSAL_LOSING,,-10.37434097917865,752.0000000000437,-1.3795666195715488,False,7.520000000000437,7.41625659020865,24400.0,CE,ITM,2,50,24923.095982512015,"{""delta"": 0.5, ""theta"": -0.05, ""vega"": 0.2, ""gamma"": 0.02}"
2026-04-03 14:29:00,BREAKOUT_REVERSAL_LOSING,,526.4000000000306,752.0000000000437,70.0,True,7.520000000000437,12.784000000000741,24400.0,CE,ITM,2,50,24923.095982512015,"{""delta"": 0.5, ""theta"": -0.05, ""vega"": 0.2, ""gamma"": 0.02}"
2026-04-03 14:31:00,TREND_FOLLOWING_OPTIMIZED,,-7.0251924711373475,752.0000000000437,-0.934201126480976,False,7.520000000000437,7.4497480752890635,24400.0,PE,OTM,2,50,23880.979060425943,"{""delta"": -0.5, ""theta"": -0.05, ""vega"": 0.2, ""gamma"": 0.02}"
2026-04-03 14:31:00,HIGH_VOLUME_LOSING,,526.4000000000306,752.0000000000437,70.0,True,7.520000000000437,12.784000000000741,24400.0,PE,OTM,2,50,23880.979060425943,"{""delta"": -0.5, ""theta"": -0.05, ""vega"": 0.2, ""gamma"": 0.02}"
2026-04-03 14:33:00,CCI_EXTREME_LOSING,,-6.637465115467783,752.0000000000437,-0.8826416376951326,False,7.520000000000437,7.453625348845758,24400.0,PE,OTM,2,50,23163.764255859212,"{""delta"": -0.5, ""theta"": -0.05, ""vega"": 0.2, ""gamma"": 0.02}"
2026-04-03 14:35:00,AI_ENHANCED_LOSING,,-9.989225681117777,752.0000000000437,-1.3283544788719677,False,7.520000000000437,7.420107743189259,24400.0,PE,OTM,2,50,23358.70203784401,"{""delta"": -0.5, ""theta"": -0.05, ""vega"": 0.2, ""gamma"": 0.02}"
2026-04-03 14:35:00,TREND_FOLLOWING_OPTIMIZED,,526.4000000000306,752.0000000000437,70.0,True,7.520000000000437,12.784000000000741,24400.0,PE,OTM,2,50,23358.70203784401,"{""delta"": -0.5, ""theta"": -0.05, ""vega"": 0.2, ""gamma"": 0.02}"
2026-04-03 14:37:00,STOCHASTIC_OVERSOLD_LOSING,,526.4000000000306,752.0000000000437,70.0,True,7.520000000000437,12.784000000000741,24400.0,CE,OTM,2,50,23578.003518878315,"{""delta"": 0.5, ""theta"": -0.05, ""vega"": 0.2, ""gamma"": 0.02}"
2026-04-03 14:37:00,CCI_EXTREME_LOSING,,526.4000000000306,752.0000000000437,70.0,True,7.520000000000437,12.784000000000741,24400.0,CE,OTM,2,50,23578.003518878315,"{""delta"": 0.5, ""theta"": -0.05, ""vega"": 0.2, ""gamma"": 0.02}"
2026-04-03 14:39:00,STOCHASTIC_OVERSOLD_LOSING,,-9.402938989045206,752.0000000000437,-1.250390823011258,False,7.520000000000437,7.425970610109984,24400.0,CE,OTM,2,50,23112.943093513913,"{""delta"": 0.5, ""theta"": -0.05, ""vega"": 0.2, ""gamma"": 0.02}"
2026-04-03 14:39:00,HIGH_VOLUME_LOSING,,526.4000000000306,752.0000000000437,70.0,True,7.520000000000437,12.784000000000741,24400.0,CE,OTM,2,50,23112.943093513913,"{""delta"": 0.5, ""theta"": -0.05, ""vega"": 0.2, ""gamma"": 0.02}"
2026-04-03 14:39:00,DAY_HIGH_LOW_OPTIMIZED,,526.4000000000306,752.0000000000437,70.0,True,7.520000000000437,12.784000000000741,24400.0,CE,OTM,2,50,23112.943093513913,"{""delta"": 0.5, ""theta"": -0.05, ""vega"": 0.2, ""gamma"": 0.02}"
2026-04-03 14:39:00,BOLLINGER_SQUEEZE_LOSING,,526.4000000000306,752.0000000000437,70.0,True,7.520000000000437,12.784000000000741,24400.0,CE,OTM,2,50,23112.943093513913,"{""delta"": 0.5, ""theta"": -0.05, ""vega"": 0.2, ""gamma"": 0.02}"
2026-04-03 14:39:00,BREAKOUT_REVERSAL_LOSING,,-6.10831231675438,752.0000000000437,-0.8122755740364396,False,7.520000000000437,7.458916876832893,24400.0,CE,OTM,2,50,23112.943093513913,"{""delta"": 0.5, ""theta"": -0.05, ""vega"": 0.2, ""gamma"": 0.02}"
2026-04-03 14:41:00,ATR_BREAKOUT_LOSING,,6011.199999999972,9247.999999999956,65.0,True,92.47999999999956,152.59199999999927,24600.0,PE,ITM,2,50,24656.46957765259,"{""delta"": -0.5, ""theta"": -0.05, ""vega"": 0.2, ""gamma"": 0.02}"
2026-04-03 14:43:00,RSI_DIVERGENCE_LOSING,,526.4000000000306,752.0000000000437,70.0,True,7.520000000000437,12.784000000000741,24400.0,CE,OTM,2,50,23603.056862280417,"{""delta"": 0.5, ""theta"": -0.05, ""vega"": 0.2, ""gamma"": 0.02}"
2026-04-03 14:43:00,ATR_BREAKOUT_LOSING,,-5.381702540337806,752.0000000000437,-0.7156519335555178,False,7.520000000000437,7.466182974597059,24400.0,CE,OTM,2,50,23603.056862280417,"{""delta"": 0.5, ""theta"": -0.05, ""vega"": 0.2, ""gamma"": 0.02}"
2026-04-03 14:45:00,RSI_DIVERGENCE_LOSING,,526.4000000000306,752.0000000000437,70.0,True,7.520000000000437,12.784000000000741,24400.0,PE,OTM,2,50,23477.38773804632,"{""delta"": -0.5, ""theta"": -0.05, ""vega"": 0.2, ""gamma"": 0.02}"
2026-04-03 14:45:00,CCI_EXTREME_LOSING,,-7.623960090574549,752.0000000000437,-1.0138244801295353,False,7.520000000000437,7.443760399094692,24400.0,PE,OTM,2,50,23477.38773804632,"{""delta"": -0.5, ""theta"": -0.05, ""vega"": 0.2, ""gamma"": 0.02}"
2026-04-03 14:47:00,STOCHASTIC_OVERSOLD_LOSING,,526.4000000000306,752.0000000000437,70.0,True,7.520000000000437,12.784000000000741,24400.0,CE,OTM,2,50,23062.44982164052,"{""delta"": 0.5, ""theta"": -0.05, ""vega"": 0.2, ""gamma"": 0.02}"
2026-04-03 14:47:00,TREND_FOLLOWING_OPTIMIZED,,526.4000000000306,752.0000000000437,70.0,True,7.520000000000437,12.784000000000741,24400.0,CE,OTM,2,50,23062.44982164052,"{""delta"": 0.5, ""theta"": -0.05, ""vega"": 0.2, ""gamma"": 0.02}"
2026-04-03 14:47:00,ATR_BREAKOUT_LOSING,,-9.55858054006675,752.0000000000437,-1.2710878377747599,False,7.520000000000437,7.424414194599769,24400.0,CE,OTM,2,50,23062.44982164052,"{""delta"": 0.5, ""theta"": -0.05, ""vega"": 0.2, ""gamma"": 0.02}"
2026-04-03 14:49:00,AI_ENHANCED_LOSING,,-9.689532756711094,752.0000000000437,-1.2885016963710814,False,7.520000000000437,7.423104672433325,24400.0,PE,OTM,2,50,22834.11206584567,"{""delta"": -0.5, ""theta"": -0.05, ""vega"": 0.2, ""gamma"": 0.02}"
2026-04-03 14:49:00,VOLUME_SPIKE_LOSING,,-3.9240612052842647,752.0000000000437,-0.5218166496388347,False,7.520000000000437,7.480759387947593,24400.0,PE,OTM,2,50,22834.11206584567,"{""delta"": -0.5, ""theta"": -0.05, ""vega"": 0.2, ""gamma"": 0.02}"
2026-04-03 14:49:00,HIGH_VOLUME_LOSING,,526.4000000000306,752.0000000000437,70.0,True,7.520000000000437,12.784000000000741,24400.0,PE,OTM,2,50,22834.11206584567,"{""delta"": -0.5, ""theta"": -0.05, ""vega"": 0.2, ""gamma"": 0.02}"
2026-04-03 14:49:00,ATR_BREAKOUT_LOSING,,526.4000000000306,752.0000000000437,70.0,True,7.520000000000437,12.784000000000741,24400.0,PE,OTM,2,50,22834.11206584567,"{""delta"": -0.5, ""theta"": -0.05, ""vega"": 0.2, ""gamma"": 0.02}"
2026-04-03 14:51:00,STRONG_MOMENTUM_LOSING,,2973.5999999999694,4247.999999999956,70.0,True,42.47999999999956,72.21599999999926,24500.0,CE,ITM,2,50,24559.439809514468,"{""delta"": 0.5, ""theta"": -0.05, ""vega"": 0.2, ""gamma"": 0.02}"
2026-04-03 14:51:00,CCI_EXTREME_LOSING,,-35.34257132672567,4247.999999999956,-0.8319814342449631,False,42.47999999999956,42.12657428673231,24500.0,CE,ITM,2,50,24559.439809514468,"{""delta"": 0.5, ""theta"": -0.05, ""vega"": 0.2, ""gamma"": 0.02}"
2026-04-03 14:53:00,AI_ENHANCED_LOSING,,526.4000000000306,752.0000000000437,70.0,True,7.520000000000437,12.784000000000741,24400.0,CE,OTM,2,50,23334.92866571554,"{""delta"": 0.5, ""theta"": -0.05, ""vega"": 0.2, ""gamma"": 0.02}"
2026-04-03 14:53:00,MOMENTUM_REVERSAL_LOSING,,526.4000000000306,752.0000000000437,70.0,True,7.520000000000437,12.784000000000741,24400.0,CE,OTM,2,50,23334.92866571554,"{""delta"": 0.5, ""theta"": -0.05, ""vega"": 0.2, ""gamma"": 0.02}"
2026-04-03 14:55:00,AI_ENHANCED_LOSING,,526.4000000000306,752.0000000000437,70.0,True,7.520000000000437,12.784000000000741,24400.0,CE,OTM,2,50,23089.021724315982,"{""delta"": 0.5, ""theta"": -0.05, ""vega"": 0.2, ""gamma"": 0.02}"
2026-04-03 14:55:00,CCI_EXTREME_LOSING,,526.4000000000306,752.0000000000437,70.0,True,7.520000000000437,12.784000000000741,24400.0,CE,OTM,2,50,23089.021724315982,"{""delta"": 0.5, ""theta"": -0.05, ""vega"": 0.2, ""gamma"": 0.02}"
2026-04-03 14:55:00,ATR_BREAKOUT_LOSING,,526.4000000000306,752.0000000000437,70.0,True,7.520000000000437,12.784000000000741,24400.0,CE,OTM,2,50,23089.021724315982,"{""delta"": 0.5, ""theta"": -0.05, ""vega"": 0.2, ""gamma"": 0.02}"
2026-04-03 14:57:00,AI_ENHANCED_LOSING,,526.4000000000306,752.0000000000437,70.0,True,7.520000000000437,12.784000000000741,24400.0,CE,OTM,2,50,23130.792813769134,"{""delta"": 0.5, ""theta"": -0.05, ""vega"": 0.2, ""gamma"": 0.02}"
2026-04-03 14:57:00,VOLUME_SPIKE_LOSING,,526.4000000000306,752.0000000000437,70.0,True,7.520000000000437,12.784000000000741,24400.0,CE,OTM,2,50,23130.792813769134,"{""delta"": 0.5, ""theta"": -0.05, ""vega"": 0.2, ""gamma"": 0.02}"
2026-04-03 14:57:00,HIGH_VOLUME_LOSING,,526.4000000000306,752.0000000000437,70.0,True,7.520000000000437,12.784000000000741,24400.0,CE,OTM,2,50,23130.792813769134,"{""delta"": 0.5, ""theta"": -0.05, ""vega"": 0.2, ""gamma"": 0.02}"
2026-04-03 14:57:00,STRONG_MOMENTUM_LOSING,,-4.060756650976084,752.0000000000437,-0.5399942355021075,False,7.520000000000437,7.479392433490676,24400.0,CE,OTM,2,50,23130.792813769134,"{""delta"": 0.5, ""theta"": -0.05, ""vega"": 0.2, ""gamma"": 0.02}"
2026-04-03 14:57:00,MACD_DIVERGENCE_LOSING,,-7.3819304685695855,752.0000000000437,-0.9816396899693028,False,7.520000000000437,7.446180695314741,24400.0,CE,OTM,2,50,23130.792813769134,"{""delta"": 0.5, ""theta"": -0.05, ""vega"": 0.2, ""gamma"": 0.02}"
2026-04-03 14:57:00,ATR_BREAKOUT_LOSING,,526.4000000000306,752.0000000000437,70.0,True,7.520000000000437,12.784000000000741,24400.0,CE,OTM,2,50,23130.792813769134,"{""delta"": 0.5, ""theta"": -0.05, ""vega"": 0.2, ""gamma"": 0.02}"
2026-04-03 14:57:00,MOMENTUM_REVERSAL_LOSING,,526.4000000000306,752.0000000000437,70.0,True,7.520000000000437,12.784000000000741,24400.0,CE,OTM,2,50,23130.792813769134,"{""delta"": 0.5, ""theta"": -0.05, ""vega"": 0.2, ""gamma"": 0.02}"
2026-04-03 14:59:00,AI_ENHANCED_LOSING,,526.4000000000306,752.0000000000437,70.0,True,7.520000000000437,12.784000000000741,24400.0,PE,OTM,2,50,23057.5080619481,"{""delta"": -0.5, ""theta"": -0.05, ""vega"": 0.2, ""gamma"": 0.02}"
2026-04-03 14:59:00,CCI_EXTREME_LOSING,,526.4000000000306,752.0000000000437,70.0,True,7.520000000000437,12.784000000000741,24400.0,PE,OTM,2,50,23057.5080619481,"{""delta"": -0.5, ""theta"": -0.05, ""vega"": 0.2, ""gamma"": 0.02}"
2026-04-03 15:01:00,CCI_EXTREME_LOSING,,526.4000000000306,752.0000000000437,70.0,True,7.520000000000437,12.784000000000741,24400.0,CE,OTM,2,50,23500.14332043494,"{""delta"": 0.5, ""theta"": -0.05, ""vega"": 0.2, ""gamma"": 0.02}"
2026-04-03 15:03:00,ATR_BREAKOUT_LOSING,,-6.702994269150595,752.0000000000437,-0.8913556208976338,False,7.520000000000437,7.452970057308931,24400.0,CE,OTM,2,50,23368.606752327538,"{""delta"": 0.5, ""theta"": -0.05, ""vega"": 0.2, ""gamma"": 0.02}"
2026-04-03 15:05:00,RSI_DIVERGENCE_LOSING,,526.4000000000306,752.0000000000437,70.0,True,7.520000000000437,12.784000000000741,24400.0,CE,OTM,2,50,23136.625534817795,"{""delta"": 0.5, ""theta"": -0.05, ""vega"": 0.2, ""gamma"": 0.02}"
2026-04-03 15:07:00,ATR_BREAKOUT_LOSING,,526.4000000000306,752.0000000000437,70.0,True,7.520000000000437,12.784000000000741,24400.0,PE,OTM,2,50,24046.659898385915,"{""delta"": -0.5, ""theta"": -0.05, ""vega"": 0.2, ""gamma"": 0.02}"
2026-04-03 15:09:00,MULTI_TIMEFRAME_LOSING,,526.4000000000306,752.0000000000437,70.0,True,7.520000000000437,12.784000000000741,24400.0,PE,OTM,2,50,23913.665668114918,"{""delta"": -0.5, ""theta"": -0.05, ""vega"": 0.2, ""gamma"": 0.02}"
2026-04-03 15:09:00,AI_ENHANCED_LOSING,,526.4000000000306,752.0000000000437,70.0,True,7.520000000000437,12.784000000000741,24400.0,PE,OTM,2,50,23913.665668114918,"{""delta"": -0.5, ""theta"": -0.05, ""vega"": 0.2, ""gamma"": 0.02}"
2026-04-03 15:09:00,RSI_DIVERGENCE_LOSING,,526.4000000000306,752.0000000000437,70.0,True,7.520000000000437,12.784000000000741,24400.0,PE,OTM,2,50,23913.665668114918,"{""delta"": -0.5, ""theta"": -0.05, ""vega"": 0.2, ""gamma"": 0.02}"
2026-04-03 15:09:00,STOCHASTIC_OVERSOLD_LOSING,,-6.23065076302499,752.0000000000437,-0.8285439844447644,False,7.520000000000437,7.457693492370187,24400.0,PE,OTM,2,50,23913.665668114918,"{""delta"": -0.5, ""theta"": -0.05, ""vega"": 0.2, ""gamma"": 0.02}"
2026-04-03 15:09:00,MACD_DIVERGENCE_LOSING,,526.4000000000306,752.0000000000437,70.0,True,7.520000000000437,12.784000000000741,24400.0,PE,OTM,2,50,23913.665668114918,"{""delta"": -0.5, ""theta"": -0.05, ""vega"": 0.2, ""gamma"": 0.02}"
2026-04-03 15:09:00,WILLIAMS_REVERSAL_LOSING,,526.4000000000306,752.0000000000437,70.0,True,7.520000000000437,12.784000000000741,24400.0,PE,OTM,2,50,23913.665668114918,"{""delta"": -0.5, ""theta"": -0.05, ""vega"": 0.2, ""gamma"": 0.02}"
2026-04-03 15:09:00,ATR_BREAKOUT_LOSING,,526.4000000000306,752.0000000000437,70.0,True,7.520000000000437,12.784000000000741,24400.0,PE,OTM,2,50,23913.665668114918,"{""delta"": -0.5, ""theta"": -0.05, ""vega"": 0.2, ""gamma"": 0.02}"
2026-04-03 15:09:00,DAY_HIGH_LOW_OPTIMIZED,,526.4000000000306,752.0000000000437,70.0,True,7.520000000000437,12.784000000000741,24400.0,PE,OTM,2,50,23913.665668114918,"{""delta"": -0.5, ""theta"": -0.05, ""vega"": 0.2, ""gamma"": 0.02}"
2026-04-03 15:09:00,BOLLINGER_SQUEEZE_LOSING,,-5.19081849651168,752.0000000000437,-0.690268417089279,False,7.520000000000437,7.4680918150353195,24400.0,PE,OTM,2,50,23913.665668114918,"{""delta"": -0.5, ""theta"": -0.05, ""vega"": 0.2, ""gamma"": 0.02}"
2026-04-03 15:09:00,BREAKOUT_REVERSAL_LOSING,,526.4000000000306,752.0000000000437,70.0,True,7.520000000000437,12.784000000000741,24400.0,PE,OTM,2,50,23913.665668114918,"{""delta"": -0.5, ""theta"": -0.05, ""vega"": 0.2, ""gamma"": 0.02}"
2026-04-03 15:11:00,ATR_BREAKOUT_LOSING,,526.4000000000306,752.0000000000437,70.0,True,7.520000000000437,12.784000000000741,24400.0,PE,OTM,2,50,23799.638269212017,"{""delta"": -0.5, ""theta"": -0.05, ""vega"": 0.2, ""gamma"": 0.02}"
2026-04-03 15:13:00,TREND_FOLLOWING_OPTIMIZED,,526.4000000000306,752.0000000000437,70.0,True,7.520000000000437,12.784000000000741,24400.0,CE,OTM,2,50,23940.590901544667,"{""delta"": 0.5, ""theta"": -0.05, ""vega"": 0.2, ""gamma"": 0.02}"
2026-04-03 15:15:00,MULTI_TIMEFRAME_LOSING,,2973.5999999999694,4247.999999999956,70.0,True,42.47999999999956,72.21599999999926,24500.0,PE,ITM,2,50,24567.370615659995,"{""delta"": -0.5, ""theta"": -0.05, ""vega"": 0.2, ""gamma"": 0.02}"
2026-04-03 15:15:00,RSI_DIVERGENCE_LOSING,,-27.440797800717863,4247.999999999956,-0.6459698164010863,False,42.47999999999956,42.20559202199239,24500.0,PE,ITM,2,50,24567.370615659995,"{""delta"": -0.5, ""theta"": -0.05, ""vega"": 0.2, ""gamma"": 0.02}"
2026-04-03 15:15:00,STRONG_MOMENTUM_LOSING,,-61.17066239813021,4247.999999999956,-1.4399873445887674,False,42.47999999999956,41.868293376018265,24500.0,PE,ITM,2,50,24567.370615659995,"{""delta"": -0.5, ""theta"": -0.05, ""vega"": 0.2, ""gamma"": 0.02}"
2026-04-03 15:15:00,DAY_HIGH_LOW_OPTIMIZED,,-62.74909248982119,4247.999999999956,-1.4771443618131315,False,42.47999999999956,41.85250907510135,24500.0,PE,ITM,2,50,24567.370615659995,"{""delta"": -0.5, ""theta"": -0.05, ""vega"": 0.2, ""gamma"": 0.02}"
2026-04-03 15:17:00,AI_ENHANCED_LOSING,,526.4000000000306,752.0000000000437,70.0,True,7.520000000000437,12.784000000000741,24400.0,PE,OTM,2,50,23778.20355535996,"{""delta"": -0.5, ""theta"": -0.05, ""vega"": 0.2, ""gamma"": 0.02}"
2026-04-03 15:17:00,ATR_BREAKOUT_LOSING,,526.4000000000306,752.0000000000437,70.0,True,7.520000000000437,12.784000000000741,24400.0,PE,OTM,2,50,23778.20355535996,"{""delta"": -0.5, ""theta"": -0.05, ""vega"": 0.2, ""gamma"": 0.02}"
2026-04-03 15:19:00,ATR_BREAKOUT_LOSING,,-10.164054802982394,752.0000000000437,-1.3516030323114099,False,7.520000000000437,7.418359451970613,24400.0,CE,OTM,2,50,23546.252547211843,"{""delta"": 0.5, ""theta"": -0.05, ""vega"": 0.2, ""gamma"": 0.02}"
2026-04-03 15:21:00,CCI_EXTREME_LOSING,,-9.079797985923047,752.0000000000437,-1.2074199449365053,False,7.520000000000437,7.429202020141206,24400.0,PE,OTM,2,50,24199.945972583144,"{""delta"": -0.5, ""theta"": -0.05, ""vega"": 0.2, ""gamma"": 0.02}"
2026-04-03 15:23:00,CCI_EXTREME_LOSING,,526.4000000000306,752.0000000000437,70.0,True,7.520000000000437,12.784000000000741,24400.0,PE,OTM,2,50,22861.470537704157,"{""delta"": -0.5, ""theta"": -0.05, ""vega"": 0.2, ""gamma"": 0.02}"
2026-04-03 15:23:00,ATR_BREAKOUT_LOSING,,526.4000000000306,752.0000000000437,70.0,True,7.520000000000437,12.784000000000741,24400.0,PE,OTM,2,50,22861.470537704157,"{""delta"": -0.5, ""theta"": -0.05, ""vega"": 0.2, ""gamma"": 0.02}"
2026-04-03 15:25:00,AI_ENHANCED_LOSING,,-4.683705503102962,752.0000000000437,-0.622833178604081,False,7.520000000000437,7.473162944969407,24400.0,PE,OTM,2,50,23559.575831845876,"{""delta"": -0.5, ""theta"": -0.05, ""vega"": 0.2, ""gamma"": 0.02}"
2026-04-03 15:25:00,BREAKOUT_REVERSAL_LOSING,,526.4000000000306,752.0000000000437,70.0,True,7.520000000000437,12.784000000000741,24400.0,PE,OTM,2,50,23559.575831845876,"{""delta"": -0.5, ""theta"": -0.05, ""vega"": 0.2, ""gamma"": 0.02}"
2026-04-03 15:27:00,RSI_DIVERGENCE_LOSING,,526.4000000000306,752.0000000000437,70.0,True,7.520000000000437,12.784000000000741,24400.0,CE,OTM,2,50,23204.700792524683,"{""delta"": 0.5, ""theta"": -0.05, ""vega"": 0.2, ""gamma"": 0.02}"
2026-04-03 15:29:00,AI_ENHANCED_LOSING,,-7.764448018634012,752.0000000000437,-1.0325063854565906,False,7.520000000000437,7.442355519814097,24400.0,CE,OTM,2,50,23719.481182180505,"{""delta"": 0.5, ""theta"": -0.05, ""vega"": 0.2, ""gamma"": 0.02}"
2026-04-03 15:29:00,STOCHASTIC_OVERSOLD_LOSING,,-8.503126237303677,752.0000000000437,-1.1307348719818062,False,7.520000000000437,7.4349687376274,24400.0,CE,OTM,2,50,23719.481182180505,"{""delta"": 0.5, ""theta"": -0.05, ""vega"": 0.2, ""gamma"": 0.02}"
2026-04-03 15:29:00,TREND_FOLLOWING_OPTIMIZED,,526.4000000000306,752.0000000000437,70.0,True,7.520000000000437,12.784000000000741,24400.0,CE,OTM,2,50,23719.481182180505,"{""delta"": 0.5, ""theta"": -0.05, ""vega"": 0.2, ""gamma"": 0.02}"
2026-04-03 15:29:00,DAY_HIGH_LOW_OPTIMIZED,,-7.551229220414201,752.0000000000437,-1.0041528218635323,False,7.520000000000437,7.444487707796294,24400.0,CE,OTM,2,50,23719.481182180505,"{""delta"": 0.5, ""theta"": -0.05, ""vega"": 0.2, ""gamma"": 0.02}"
2026-04-03 15:29:00,BREAKOUT_REVERSAL_LOSING,,526.4000000000306,752.0000000000437,70.0,True,7.520000000000437,12.784000000000741,24400.0,CE,OTM,2,50,23719.481182180505,"{""delta"": 0.5, ""theta"": -0.05, ""vega"": 0.2, ""gamma"": 0.02}"
